2 0.480055 0.320421 0.473893 0.319759 0.472031 0.319843 0.468156 0.321088 0.467826 0.326481 0.468852 0.333699 0.473333 0.332704 0.474266 0.329963 0.481552 0.329051 0.481552 0.327310 0.480799 0.323824
5 0.427508 0.211005 0.422224 0.191287 0.423555 0.189995 0.422990 0.186051 0.426096 0.184546 0.427385 0.188130 0.435776 0.183181 0.443359 0.175940 0.448643 0.173144 0.452557 0.169699 0.460365 0.162981 0.463331 0.160250 0.466919 0.156412 0.468768 0.155727 0.471974 0.164588 0.475464 0.172088 0.475917 0.176056 0.475984 0.181940 0.475219 0.183435 0.470201 0.187523 0.456909 0.196949 0.452237 0.200606 0.450055 0.201806 0.447917 0.201269 0.446833 0.202718 0.439568 0.207856 0.432578 0.210051 0.432456 0.209301 0.433992 0.208014 0.434055 0.205019 0.433271 0.203736 0.431734 0.203736 0.428875 0.207644
1 0.473906 0.168861 0.468680 0.133597 0.469659 0.133514 0.475464 0.172088
5 0.452685 0.200213 0.453779 0.205769 0.455992 0.205861 0.472555 0.192065 0.471201 0.189704 0.470201 0.187523 0.456909 0.196949
7 0.492240 0.211000 0.482089 0.207255 0.489810 0.198903 0.493049 0.200343 0.493086 0.203139 0.492807 0.204625 0.492424 0.207042
17 0.393341 0.209477 0.393443 0.206505 0.393977 0.199546 0.396385 0.193722 0.399562 0.188667 0.402422 0.184722 0.405339 0.182176 0.407682 0.182176 0.409479 0.182685 0.411849 0.185602 0.414401 0.190093 0.416693 0.194676 0.418411 0.199583 0.420052 0.205370 0.420286 0.208472 0.419164 0.206671 0.417990 0.205921 0.415339 0.206250 0.412760 0.208472 0.409531 0.208472 0.406172 0.208472 0.404479 0.208981 0.404193 0.210787 0.404818 0.214120 0.405417 0.216296 0.394036 0.210417
10 0.556758 0.564495 0.561758 0.564588 0.564180 0.563569 0.564310 0.563338 0.564727 0.564866 0.566185 0.566532 0.566445 0.570329 0.566654 0.572458 0.565768 0.575745 0.564570 0.578106 0.563216 0.579958 0.562070 0.580792 0.559180 0.580884 0.557747 0.580514 0.556576 0.579032 0.556021 0.576963 0.557893 0.569588 0.558557 0.569588 0.557615 0.565995
2 0.570260 0.499352 0.574453 0.502963 0.576117 0.515287 0.570625 0.506667
2 0.575932 0.504171 0.585339 0.511435 0.586927 0.513287 0.590383 0.517069 0.593091 0.520681 0.593430 0.521514 0.592570 0.523968 0.591789 0.527440 0.592883 0.530032 0.593560 0.530449 0.594654 0.529847 0.596581 0.528366 0.598221 0.526051 0.600214 0.526759 0.601909 0.530204 0.602635 0.532213 0.602029 0.532856 0.599932 0.533144 0.597995 0.534579 0.596664 0.535440 0.599406 0.541963 0.601102 0.543898 0.601182 0.545477 0.600740 0.550639 0.600133 0.552505 0.598036 0.554009 0.597068 0.554514 0.588435 0.544903 0.584159 0.530417 0.584724 0.528556 0.584604 0.526759 0.584159 0.525329 0.582305 0.524755 0.580286 0.524250 0.580932 0.522241 0.577464 0.516648
1 0.589419 0.502486 0.590878 0.515079 0.592232 0.518134 0.590487 0.501468
7 0.455664 0.355926 0.478065 0.332278 0.483479 0.326968 0.484411 0.330069 0.486401 0.335907 0.486510 0.340509 0.485346 0.349620 0.481591 0.350245 0.465823 0.351875 0.464258 0.352838 0.459414 0.355611 0.458406 0.356972
2 0.591138 0.443741 0.592310 0.440870 0.593638 0.439759 0.593846 0.439574 0.598247 0.445745 0.598242 0.447125 0.597979 0.448333 0.597617 0.452259 0.596781 0.455968 0.594776 0.461477 0.592727 0.457722 0.595641 0.452245 0.592049 0.445866
1 0.522156 0.326968 0.527073 0.319843 0.537112 0.303602 0.537531 0.304481 0.529094 0.318417 0.522839 0.328139
7 0.525568 0.330449 0.533797 0.318042 0.538172 0.311144 0.539917 0.311190 0.541375 0.300630 0.543146 0.295630 0.544240 0.292296 0.546531 0.289306 0.549182 0.287426 0.550479 0.287319 0.550599 0.282069 0.550961 0.281537 0.551865 0.281324 0.551956 0.283519 0.551443 0.288231 0.550898 0.294926 0.551924 0.296106 0.552557 0.297500 0.551956 0.300657 0.550297 0.305106 0.549333 0.309819 0.548937 0.314250 0.547279 0.326412 0.546768 0.334556 0.545862 0.340213 0.545500 0.344500 0.546435 0.349750 0.546674 0.351782 0.546224 0.352106 0.545021 0.345718 0.544396 0.341273 0.543135 0.340824 0.543013 0.339431 0.545172 0.330028 0.542974 0.332014 0.538792 0.337778 0.529904 0.333972 0.528716 0.333190 0.531122 0.330278 0.532690 0.324574 0.533807 0.321167 0.535062 0.317880 0.535201 0.317324 0.526102 0.330958
2 0.551201 0.290824 0.553490 0.295162 0.553461 0.298486 0.556141 0.302611 0.555026 0.308824 0.551695 0.301204 0.551956 0.300657 0.552557 0.297500 0.551924 0.296106 0.550898 0.294926
2 0.533091 0.262264 0.542583 0.279301 0.543698 0.278662 0.544391 0.278875 0.544602 0.280213 0.543909 0.281870 0.542823 0.284282 0.544641 0.289463 0.544190 0.290431 0.543677 0.290963 0.543557 0.291713 0.544039 0.292838 0.544240 0.292296 0.546531 0.289306 0.549182 0.287426 0.549974 0.287481 0.542380 0.272218 0.536836 0.261718 0.536385 0.263912
1 0.493943 0.312005 0.499758 0.314148 0.504549 0.314792 0.509039 0.313505 0.513529 0.310560 0.517628 0.306005 0.522807 0.298454 0.527068 0.290306 0.527401 0.284949 0.528424 0.285000 0.528305 0.290306 0.523573 0.299412 0.518490 0.307468 0.513922 0.312296 0.509372 0.315241 0.505305 0.316634 0.503135 0.316792 0.499279 0.315935 0.495513 0.314810 0.493073 0.313741
5 0.507430 0.314042 0.505685 0.311449 0.505346 0.308995 0.505659 0.304644 0.506232 0.302699 0.507664 0.301588 0.508576 0.301125 0.508680 0.294458 0.509018 0.291032 0.509982 0.288532 0.512456 0.283995 0.514826 0.281866 0.517247 0.281125 0.521831 0.280523 0.524357 0.280523 0.525451 0.281495 0.527188 0.282745 0.527792 0.280977 0.527732 0.277171 0.528003 0.276157 0.532581 0.277120 0.535745 0.277014 0.539404 0.278069 0.538151 0.279000 0.534875 0.280546 0.533026 0.283028 0.533026 0.285444 0.533724 0.289412 0.532708 0.291333 0.527445 0.298519 0.529227 0.301000 0.531245 0.306019 0.527911 0.310546 0.520862 0.317185 0.518721 0.318792 0.517339 0.318273 0.517276 0.316116 0.516161 0.312310 0.515740 0.310384 0.518490 0.307468 0.523573 0.299412 0.528305 0.290306 0.528424 0.285000 0.527401 0.284949 0.527068 0.290306 0.522807 0.298454 0.517628 0.306005 0.513529 0.310560 0.509039 0.313505
1 0.501422 0.398819 0.499638 0.393250 0.497695 0.383843 0.496831 0.376741 0.496940 0.368676 0.497917 0.364028 0.499714 0.355370 0.502943 0.344491 0.504271 0.340556 0.504273 0.339014 0.504677 0.337370 0.505643 0.337005 0.506690 0.337005 0.506854 0.339157 0.507820 0.352565 0.507982 0.364037 0.508424 0.374079 0.507807 0.378796 0.507354 0.389023 0.507633 0.393731 0.506846 0.393838 0.506503 0.389134 0.507026 0.378898 0.507307 0.374560 0.506784 0.362542 0.506844 0.353199 0.506357 0.345667 0.505753 0.341366 0.504867 0.341366 0.503289 0.346884 0.500669 0.356926 0.498812 0.364097 0.498414 0.369838 0.498169 0.378370 0.499013 0.384144 0.500648 0.392935 0.502328 0.398319
5 0.453909 0.391440 0.458510 0.387718 0.460638 0.384991 0.460883 0.380468 0.461336 0.375509 0.462695 0.372347 0.465448 0.370241 0.466599 0.368755 0.469945 0.378421 0.471638 0.386815 0.465617 0.398431 0.460766 0.403741 0.458151 0.404657 0.456284 0.408972 0.452719 0.400356 0.453122 0.395981
1 0.485388 0.395801 0.487680 0.396079 0.492003 0.398023 0.496786 0.401028 0.500099 0.403185 0.500391 0.401343 0.498589 0.400255 0.495281 0.397963 0.491893 0.396528 0.488060 0.394949 0.484401 0.394505
5 0.500313 0.417153 0.501826 0.416630 0.503833 0.417375 0.507174 0.420634 0.507362 0.434241 0.499276 0.445782 0.498789 0.444542 0.498893 0.441750 0.498333 0.437352 0.496766 0.430102
5 0.420414 0.445194 0.421380 0.421250 0.422464 0.408819 0.423065 0.407162 0.427523 0.409301 0.430570 0.410106 0.433763 0.407375 0.433313 0.418838 0.432346 0.425370 0.432198 0.431532 0.430703 0.430227 0.426690 0.428403 0.425896 0.429315 0.424169 0.433296 0.422956 0.436866 0.421464 0.442009
1 0.414216 0.439634 0.411221 0.442458 0.409112 0.443523 0.407367 0.443523 0.405883 0.442921 0.403930 0.440190 0.402966 0.437412 0.394190 0.412458 0.390029 0.397866 0.389169 0.394532 0.389508 0.392125 0.389794 0.389625 0.390315 0.387773 0.391771 0.385926 0.394714 0.388009 0.392815 0.389625 0.391904 0.391338 0.391487 0.393606 0.395029 0.405782 0.398128 0.415597 0.397737 0.417866 0.397997 0.419625 0.398570 0.421569 0.400419 0.423329 0.403763 0.433778 0.405529 0.437829 0.407193 0.439866 0.408313 0.439912 0.410216 0.438523 0.412531 0.436764 0.414302 0.435653 0.415604 0.434620
2 0.392607 0.385069 0.396174 0.382616 0.398753 0.381366 0.400237 0.381366 0.400810 0.384977 0.398727 0.385440 0.396878 0.386505 0.395654 0.387384
2 0.401279 0.381134 0.404352 0.381458 0.404898 0.383866 0.405289 0.385023 0.402398 0.384838 0.401747 0.383171
7 0.450286 0.361991 0.447906 0.364481 0.447719 0.363815 0.447253 0.363486 0.446552 0.363486 0.446552 0.365644 0.446039 0.366722 0.439133 0.373440 0.433508 0.379306 0.426732 0.385903 0.425961 0.386769 0.423987 0.387620 0.424188 0.388769 0.426609 0.387769 0.434031 0.380593 0.436943 0.389921 0.436924 0.391528 0.435357 0.396366 0.434451 0.399278 0.435951 0.399708 0.438461 0.400028 0.439680 0.400333 0.440130 0.400704 0.442922 0.398847 0.445326 0.397977 0.447513 0.399250 0.447146 0.392532 0.443122 0.378037 0.444378 0.376551 0.445320 0.376056 0.447112 0.381856 0.447474 0.374685 0.448604 0.371815 0.450135 0.369593 0.450661 0.367014 0.450539 0.362995
1 0.384021 0.348556 0.394583 0.302259 0.401547 0.273565 0.414995 0.217963 0.417990 0.205921 0.419164 0.206671 0.419375 0.209884 0.410677 0.244278 0.404513 0.271051 0.396240 0.307782 0.390479 0.329838 0.385401 0.350532
2 0.559615 0.594829 0.560344 0.593532 0.560370 0.591819 0.561047 0.589736 0.561385 0.588671 0.561177 0.586681 0.560474 0.586032 0.557714 0.585708 0.555318 0.585477 0.553990 0.585153 0.548990 0.580384 0.547453 0.578995 0.546516 0.577236 0.546594 0.574782 0.547505 0.572560 0.554729 0.580620 0.556021 0.576963 0.556576 0.579032 0.557747 0.580514 0.559180 0.580884 0.562070 0.580792 0.563216 0.579958 0.562245 0.582190 0.562193 0.583347 0.562609 0.584458 0.563911 0.584458 0.565883 0.582537 0.566044 0.585407 0.564023 0.593028 0.562474 0.594162 0.561281 0.596958
2 0.564570 0.578106 0.570232 0.574014 0.573612 0.570542 0.577099 0.567940 0.579576 0.565954 0.580445 0.566204 0.580411 0.568435 0.578216 0.571907 0.572740 0.576296 0.565883 0.582537 0.563911 0.584458 0.562609 0.584458 0.562193 0.583347 0.562245 0.582190 0.563216 0.579958
2 0.579258 0.581125 0.580443 0.580833 0.581589 0.581898 0.586068 0.582269 0.587474 0.582639 0.588203 0.584491 0.588099 0.593056 0.580646 0.583755 0.577852 0.581171
2 0.520927 0.583958 0.524469 0.583171 0.527776 0.584977 0.531240 0.587477 0.534130 0.588912 0.537594 0.589282 0.538401 0.589653 0.538792 0.591366 0.539130 0.592801 0.542333 0.592847 0.545406 0.592431 0.548615 0.593685 0.552245 0.594333 0.553052 0.595694 0.557932 0.595551 0.560430 0.599023 0.559987 0.600241 0.559341 0.601032 0.558815 0.601319 0.557042 0.601532 0.554987 0.601718 0.553576 0.600139 0.551802 0.599426 0.549180 0.599278 0.547607 0.600069 0.545711 0.602435 0.545185 0.603727 0.541315 0.604083 0.539687 0.601667 0.538255 0.597824 0.536354 0.593750 0.534687 0.593009 0.531146 0.593009 0.529583 0.594352 0.523388 0.586787
1 0.436951 0.468926 0.439310 0.463611 0.442875 0.456986 0.443630 0.460731 0.440661 0.467356 0.437576 0.474157
5 0.438693 0.507023 0.438906 0.502315 0.438721 0.494722 0.437648 0.477023 0.439680 0.476852 0.443841 0.475477 0.446005 0.473125 0.450380 0.482722 0.455781 0.492130 0.458534 0.497894 0.458750 0.512486 0.459021 0.524102 0.458318 0.531588 0.455872 0.539083 0.453773 0.538333 0.450411 0.535097 0.448638 0.534764 0.445839 0.536093 0.445839 0.537338 0.443576 0.535333 0.440875 0.532454 0.439635 0.530435 0.439635 0.527940 0.439635 0.526403 0.439255 0.524676 0.436594 0.522125 0.437526 0.516481
1 0.475417 0.582949 0.472917 0.578088 0.471641 0.579106 0.470990 0.579204 0.470365 0.578463 0.470365 0.577208 0.471224 0.575731 0.465104 0.563134 0.461885 0.553940 0.457969 0.547407 0.454380 0.543727 0.453680 0.541986 0.452885 0.541403 0.452279 0.542648 0.451018 0.542648 0.450505 0.540991 0.451531 0.539662 0.450831 0.538500 0.450039 0.537505 0.448266 0.537755 0.446352 0.538083 0.445839 0.537338 0.445839 0.536093 0.448638 0.534764 0.450411 0.535097 0.453773 0.538333 0.455872 0.539083 0.457599 0.540079 0.460307 0.542481 0.462781 0.545306 0.464786 0.549370 0.467448 0.558245 0.470807 0.565963 0.474505 0.568894 0.476805 0.568458 0.478201 0.569139 0.479805 0.569824 0.483753 0.574755 0.484013 0.576236 0.484117 0.578644 0.483648 0.580634 0.482581 0.582718 0.482138 0.583042 0.481513 0.583088
5 0.456510 0.578194 0.455159 0.563986 0.465096 0.563412 0.466336 0.569366 0.467451 0.585759 0.472888 0.602417 0.471591 0.603125 0.469818 0.604532 0.469818 0.604532 0.460091 0.582343 0.459573 0.580745 0.458818 0.581014 0.458247 0.582301
1 0.468581 0.605602 0.458247 0.582301 0.458818 0.581014 0.459573 0.580745 0.469818 0.604532
1 0.474638 0.619852 0.486810 0.650329 0.487984 0.648722 0.474969 0.617009
5 0.464737 0.516657 0.469055 0.516370 0.473289 0.516370 0.476273 0.517088 0.483151 0.529907 0.481214 0.530435 0.479271 0.534662 0.480513 0.539940 0.482510 0.543106 0.488073 0.545509 0.490352 0.546130 0.487167 0.549356 0.485198 0.552671 0.483583 0.553389 0.483341 0.555824 0.481326 0.558551 0.479672 0.559986 0.472089 0.550704 0.472484 0.548495 0.472042 0.543833 0.467685 0.529560 0.465750 0.523181
2 0.497229 0.480574 0.488195 0.471681 0.484039 0.467236 0.484766 0.465046 0.491622 0.470389 0.497432 0.476630 0.498802 0.477778
2 0.491622 0.470389 0.489836 0.467736 0.488221 0.465440 0.486891 0.462144 0.486729 0.460278 0.487578 0.459991 0.493062 0.463292 0.501867 0.472519 0.498802 0.477778 0.498802 0.477778 0.497432 0.476630
2 0.538672 0.468801 0.538813 0.467389 0.538672 0.465315 0.529859 0.452296 0.528734 0.455171 0.526737 0.461986 0.524359 0.469477 0.523443 0.471875 0.520065 0.472574 0.526471 0.478968 0.529820 0.474708 0.535758 0.474407 0.533648 0.472162 0.532190 0.470338 0.533000 0.466884 0.534458 0.466500 0.537969 0.468324
2 0.565154 0.557074 0.570849 0.561653 0.571872 0.562134 0.577305 0.565759 0.578029 0.565065 0.581404 0.563722 0.580349 0.561634 0.572026 0.555597
1 0.502659 0.514676 0.507216 0.515824 0.509919 0.513889 0.513349 0.511380 0.515445 0.510662 0.518109 0.513889 0.520125 0.517116 0.521948 0.518046 0.525573 0.522509 0.527352 0.524245 0.525086 0.526870 0.522302 0.529954 0.519750 0.527903 0.508672 0.524398
2 0.602635 0.532213 0.601102 0.543898 0.601182 0.545477 0.600740 0.550639 0.600133 0.552505 0.599745 0.557218 0.600878 0.558565 0.605143 0.559718 0.604812 0.558190 0.606628 0.555824 0.609370 0.555250 0.609734 0.559269 0.609250 0.561060 0.611786 0.561829 0.608758 0.551324 0.606315 0.545829 0.604518 0.539394 0.603555 0.532032 0.603362 0.528324 0.602768 0.528995
2 0.615724 0.531583 0.615518 0.537319 0.614159 0.539616 0.613565 0.541102 0.614646 0.543583 0.613669 0.551454 0.607294 0.528861
10 0.433031 0.336250 0.430375 0.334074 0.426208 0.327731 0.422094 0.319444 0.420010 0.314491 0.419219 0.302495 0.420104 0.292125 0.421016 0.284116 0.424870 0.275875 0.431641 0.269903 0.437883 0.264903 0.443112 0.264282 0.449875 0.266144 0.454094 0.270792 0.457195 0.275500 0.458940 0.278722 0.461974 0.288361 0.462758 0.299986 0.459865 0.314074 0.457333 0.322694 0.454260 0.327625 0.449982 0.332926 0.446758 0.334963 0.444378 0.335764 0.434133 0.331694
2 0.515099 0.495375 0.537346 0.547718 0.543120 0.542958 0.544875 0.543556 0.553909 0.531213 0.553406 0.528833 0.555414 0.525560 0.556503 0.522736 0.556503 0.518722 0.549057 0.502065 0.535758 0.474407 0.529820 0.474708 0.520451 0.486602
2 0.555448 0.473815 0.558961 0.485412 0.559880 0.520653 0.561906 0.557917 0.572026 0.555597 0.569859 0.516014 0.567617 0.492759 0.562625 0.470616
2 0.480620 0.473884 0.486297 0.475778 0.492599 0.479250 0.497312 0.481657 0.500125 0.482769 0.500958 0.483185 0.500880 0.485458 0.500776 0.486287 0.499839 0.486102 0.498953 0.486384 0.498693 0.488236 0.498563 0.490731 0.498771 0.492866 0.500307 0.493509 0.500099 0.499810 0.499005 0.502213 0.497911 0.502954 0.492318 0.499722 0.483906 0.494583 0.481583 0.493972 0.479109 0.492491 0.477208 0.490269 0.476505 0.488046 0.478224 0.480963 0.479005 0.476750
1 0.513203 0.672264 0.519062 0.669625 0.528359 0.663190 0.534492 0.658630 0.539625 0.653565 0.543828 0.649250 0.547932 0.642366 0.549284 0.644356 0.548120 0.647264 0.543638 0.652986 0.537570 0.659458 0.534195 0.661741 0.532708 0.663329 0.524922 0.669440 0.519401 0.672634 0.513255 0.675088
1 0.527987 0.663329 0.526320 0.658051 0.525643 0.654486 0.525982 0.650921 0.526997 0.647588 0.528664 0.644255 0.530799 0.641708 0.533768 0.640736 0.535383 0.641014 0.538898 0.642356 0.538169 0.644810 0.535279 0.643884 0.533195 0.643792 0.531737 0.644671 0.529940 0.645782 0.528768 0.647819 0.527935 0.650597 0.527336 0.652958 0.527232 0.655042 0.527674 0.657218 0.529341 0.662495
1 0.607068 0.649944 0.605049 0.640264 0.604969 0.635171 0.604930 0.628574 0.605414 0.625634 0.606289 0.623560 0.612258 0.612736 0.615135 0.609213 0.616224 0.609787 0.616828 0.611579 0.616344 0.613370 0.613359 0.617389 0.607833 0.626208 0.607310 0.629579 0.607672 0.640051 0.609932 0.649370
1 0.612313 0.619037 0.624654 0.644639 0.625503 0.645069 0.625984 0.643491 0.613924 0.616671
2 0.607268 0.630440 0.613844 0.642056 0.614732 0.642199 0.615497 0.641412 0.615701 0.641125 0.615135 0.639477 0.607833 0.626208
2 0.590771 0.596375 0.604172 0.593218 0.608979 0.595333 0.610221 0.600324 0.612258 0.612736 0.611089 0.611588 0.609193 0.611588 0.607701 0.614097 0.605320 0.618398 0.602013 0.626431 0.597531 0.634310 0.589862 0.635269 0.589273 0.631264 0.587596 0.629278 0.584237 0.626870 0.583839 0.623176 0.583560 0.617407 0.583385 0.613755 0.580211 0.611644 0.576201 0.609292 0.578086 0.608301 0.579690 0.607801 0.581576 0.607801 0.583141 0.607986 0.587185 0.608667 0.587883 0.608667 0.589242 0.609042 0.590776 0.609412 0.590984 0.608921 0.597708 0.610935 0.598477 0.610144 0.599281 0.607565 0.596943 0.604481
7 0.599063 0.442037 0.610161 0.438106 0.615687 0.437171 0.615807 0.438824 0.615003 0.439111 0.615526 0.448856 0.617018 0.450583 0.617141 0.454019 0.617987 0.455532 0.618794 0.458606 0.617784 0.462056 0.617503 0.462694 0.618268 0.467005 0.619680 0.468222 0.619680 0.470731 0.619076 0.473102 0.619036 0.475963 0.617987 0.477898 0.619518 0.478542 0.620206 0.479625 0.620529 0.482130 0.619922 0.484278 0.617987 0.485426 0.618383 0.489528 0.620193 0.489903 0.621273 0.491384 0.621206 0.494306 0.620508 0.495977 0.619185 0.497028 0.618766 0.497028 0.618937 0.500931 0.620471 0.500995 0.621206 0.501736 0.621693 0.503468 0.621763 0.505204 0.621344 0.506940 0.620854 0.507935 0.619914 0.508556 0.619495 0.508620 0.619531 0.512977 0.621102 0.512792 0.622182 0.513968 0.622354 0.516699 0.622182 0.518435 0.621799 0.519236 0.613151 0.511616 0.612000 0.505111 0.611302 0.503806 0.610602 0.499352 0.610008 0.498588 0.608656 0.499731 0.608656 0.501940 0.607901 0.501560 0.606120 0.498486 0.604174 0.492051 0.605583 0.487968 0.611094 0.474528 0.616812 0.460417 0.616672 0.455667 0.614719 0.455116 0.613570 0.454986 0.612594 0.453625 0.612070 0.453250 0.610815 0.454120 0.609911 0.455236 0.605445 0.470361 0.604784 0.468505 0.605167 0.465153 0.603424 0.465838 0.601714 0.465838 0.600219 0.466023 0.599484 0.467505 0.598964 0.464782 0.599031 0.460694 0.599799 0.454986 0.599904 0.450282 0.599380 0.444944
2 0.495703 0.359491 0.494987 0.362630 0.494503 0.364352 0.492365 0.365931 0.490833 0.365644 0.487922 0.360375 0.486937 0.349477 0.485346 0.349620 0.486510 0.340509 0.487318 0.342176 0.488177 0.343194 0.489870 0.347778
10 0.416156 0.265528 0.417789 0.268847 0.418255 0.271505 0.424781 0.274310 0.424870 0.275875 0.428852 0.272333 0.428245 0.267356 0.429036 0.266361 0.429924 0.265694 0.429365 0.263208 0.422339 0.259273 0.421026 0.258500 0.419609 0.260907
2 0.488734 0.368079 0.490833 0.365644 0.492365 0.365931 0.494503 0.364352 0.494987 0.362630 0.496398 0.362773 0.497206 0.362773 0.497917 0.364028 0.496940 0.368676 0.496763 0.375181 0.490146 0.382421
5 0.526102 0.330958 0.535201 0.317324 0.535062 0.317880 0.533807 0.321167 0.532690 0.324574 0.531122 0.330278 0.528716 0.333190
5 0.522839 0.328139 0.529094 0.318417 0.537531 0.304481 0.540034 0.309181 0.539917 0.311190 0.538172 0.311144 0.533797 0.318042 0.525568 0.330449 0.523365 0.328829
5 0.517339 0.318273 0.518721 0.318792 0.520862 0.317185 0.527911 0.310546 0.531245 0.306019 0.538008 0.298333 0.537112 0.303602 0.527073 0.319843 0.522156 0.326968 0.518305 0.321329 0.518062 0.319620
7 0.495268 0.254968 0.496232 0.254639 0.500268 0.253528 0.505112 0.252926 0.504208 0.253792 0.503557 0.255366 0.503557 0.256199 0.504521 0.257773 0.504703 0.259949 0.504885 0.262032 0.504729 0.264394 0.503583 0.266292 0.502125 0.267542 0.501344 0.269810 0.500849 0.270458 0.498031 0.270384 0.498938 0.269083 0.499714 0.263519 0.500260 0.260139 0.500365 0.258426
2 0.524758 0.253477 0.521529 0.246764 0.521529 0.245699 0.522648 0.244727 0.523430 0.244310 0.524237 0.245792 0.525357 0.248384 0.525878 0.249032 0.527362 0.248755 0.531867 0.255792
10 0.384714 0.228977 0.387341 0.221065 0.388508 0.220153 0.390365 0.221722 0.393909 0.223921 0.392784 0.228005 0.388945 0.234199 0.384693 0.241884 0.383299 0.245231 0.383721 0.245852 0.386297 0.247958 0.388180 0.246782 0.393339 0.242880 0.394854 0.245292 0.397609 0.248611 0.400456 0.250602 0.403195 0.252528 0.403909 0.255995 0.401062 0.264375 0.397667 0.262796 0.398151 0.261935 0.398961 0.260204 0.398638 0.259727 0.397341 0.259056 0.395398 0.259819 0.394263 0.261356 0.392966 0.260111 0.391510 0.258671 0.390536 0.259819 0.386758 0.264815 0.387190 0.272301 0.383896 0.283532 0.383570 0.282583 0.382971 0.282259 0.382503 0.283185 0.382422 0.284241 0.378839 0.268880 0.378346 0.268259 0.377479 0.268259 0.376727 0.268829 0.376727 0.269602 0.378411 0.276991 0.376943 0.276926 0.374711 0.267319 0.376315 0.267134 0.376768 0.266269 0.377013 0.264903 0.376315 0.262426 0.374956 0.261310 0.372831 0.260565 0.371992 0.258954 0.370599 0.256477 0.369065 0.256167 0.370536 0.255458 0.372044 0.253157 0.374122 0.252139 0.376789 0.251389 0.383677 0.240866 0.386552 0.235218 0.385885 0.230819
1 0.393013 0.362741 0.396094 0.360185 0.399453 0.357181 0.400000 0.358611 0.393820 0.364037
1 0.416615 0.399398 0.419740 0.409907 0.421797 0.416852 0.421380 0.421250 0.420865 0.430690 0.418521 0.429148 0.415604 0.434620 0.414302 0.435653 0.412531 0.436764 0.410216 0.438523 0.408313 0.439912 0.407193 0.439866 0.405529 0.437829 0.403763 0.433778 0.400419 0.423329 0.401779 0.423616 0.403503 0.429074 0.404068 0.428431 0.402680 0.423875 0.403513 0.423731 0.404112 0.423181 0.404659 0.422023 0.405596 0.420171 0.405648 0.418921 0.405284 0.417440 0.404607 0.415495 0.403044 0.413875 0.401221 0.412903 0.399398 0.413181 0.399120 0.412241 0.395318 0.401407 0.395422 0.398722 0.396672 0.391500 0.396906 0.389264 0.398417 0.390097 0.400654 0.391532 0.401932 0.392273 0.405370 0.393755 0.405578 0.392690 0.398581 0.388296 0.402130 0.390519 0.405578 0.392690 0.407414 0.394532 0.409875 0.398907 0.411609 0.406009 0.413505 0.414972 0.414516 0.423292 0.414797 0.425870 0.415120 0.425801 0.415120 0.422574 0.414151 0.415116 0.412578 0.406870 0.410289 0.397829 0.408495 0.394125 0.406359 0.392227 0.403672 0.390185 0.402398 0.384838 0.405289 0.385023 0.404898 0.383866 0.404352 0.381458 0.401279 0.381134 0.403672 0.379120 0.406172 0.380833 0.408151 0.381343 0.412187 0.392824 0.414818 0.400972
7 0.465292 0.310898 0.466518 0.307352 0.468411 0.307639 0.468828 0.306444 0.473169 0.310176 0.476763 0.314157 0.480055 0.320421 0.473893 0.319759 0.472031 0.319843 0.468156 0.321088 0.467826 0.326481 0.468852 0.333699 0.473333 0.332704 0.474266 0.329963 0.481552 0.329051 0.478065 0.332278 0.468896 0.341972 0.468958 0.337972 0.468044 0.333963 0.466831 0.323509 0.466599 0.310898
10 0.454432 0.343421 0.457167 0.334162 0.454747 0.334903 0.453474 0.334736 0.452682 0.333991 0.452542 0.333074 0.453474 0.331333 0.454688 0.330588 0.456122 0.330810 0.458201 0.331347 0.462419 0.318866 0.465292 0.310898 0.465104 0.323093 0.466411 0.334130 0.468044 0.333963 0.468958 0.337972 0.468896 0.341972 0.463562 0.347421 0.464164 0.344421 0.464104 0.341852 0.463711 0.341102 0.462508 0.340458 0.461151 0.340782 0.460187 0.341852 0.458440 0.342495 0.455365 0.343352
10 0.480531 0.287861 0.480357 0.291333 0.480357 0.294120 0.481367 0.298954 0.482307 0.302981 0.482586 0.305028 0.483109 0.305898 0.482995 0.308157 0.483479 0.311375 0.484383 0.314426 0.488484 0.314833 0.489526 0.315486 0.489979 0.317796 0.489909 0.319532 0.489768 0.320398 0.486823 0.320213 0.482393 0.320157 0.482318 0.317810 0.480964 0.313829 0.476763 0.310176 0.471536 0.306194 0.467896 0.300384 0.467195 0.298394 0.468177 0.294412 0.471302 0.290514 0.473357 0.286611 0.473357 0.284208 0.472003 0.282213 0.469857 0.280972 0.471362 0.280787 0.472411 0.281292 0.473177 0.282509 0.475073 0.283296 0.474987 0.282407 0.478263 0.284019 0.479344 0.285380 0.478648 0.287116 0.478753 0.288046
7 0.508115 0.231046 0.519792 0.251944 0.515500 0.250935 0.505643 0.247370 0.495984 0.243648 0.496227 0.238505 0.498698 0.237500 0.499792 0.236852 0.500156 0.235185 0.501120 0.231944 0.503490 0.226852 0.504885 0.225769
1 0.445341 0.367199 0.442273 0.363602 0.441784 0.362241 0.440146 0.356167 0.437880 0.346931 0.438508 0.345880 0.440424 0.345194 0.441401 0.348111 0.444435 0.361065 0.446552 0.363486 0.446552 0.365644 0.446039 0.366722
1 0.390479 0.329838 0.391354 0.331250 0.393802 0.334491 0.395833 0.336898 0.398281 0.338657 0.400781 0.340093 0.404740 0.341389 0.409062 0.342454 0.412943 0.343750 0.416745 0.345602 0.420573 0.348241 0.423385 0.351759 0.423724 0.351250 0.422995 0.349583 0.420703 0.347176 0.416953 0.344769 0.412995 0.342917 0.409297 0.341713 0.404896 0.340463 0.401172 0.339352 0.398438 0.337870 0.396068 0.336019 0.394115 0.333981 0.392318 0.331389 0.390755 0.328889
10 0.420146 0.363551 0.420146 0.356190 0.422307 0.352347 0.423385 0.351759 0.423724 0.351250 0.423724 0.351250 0.422995 0.349583 0.419505 0.339444 0.418456 0.337083 0.420474 0.332801 0.423276 0.327495 0.423276 0.327495 0.423789 0.325352 0.423607 0.323213 0.422885 0.321444 0.426208 0.327731 0.430375 0.334074 0.429484 0.334139 0.428430 0.334458 0.427193 0.335477 0.425815 0.336856 0.425971 0.337755 0.427714 0.337194 0.427435 0.339116 0.426737 0.341222 0.426807 0.343269 0.426146 0.345685 0.432708 0.347315 0.433102 0.347958 0.434547 0.350218 0.434312 0.352255 0.438404 0.349440 0.440146 0.356167 0.440383 0.357218 0.435044 0.361847 0.431633 0.363977 0.429497 0.366014 0.429107 0.368977 0.428872 0.370458 0.427987 0.371847 0.426945 0.372310 0.424336 0.372009
7 0.414568 0.338602 0.407818 0.320120 0.404612 0.322843 0.402987 0.319199 0.401117 0.317968 0.399461 0.317755 0.396117 0.320056 0.394398 0.322787 0.393164 0.319574 0.396240 0.307782 0.399112 0.295468 0.405833 0.299699 0.408167 0.301023 0.408167 0.302519 0.407927 0.304199 0.408349 0.305861 0.409734 0.309181 0.411122 0.311755 0.408831 0.319681 0.411229 0.326843 0.411284 0.328097 0.414435 0.332125 0.414253 0.332773 0.414146 0.333093 0.412273 0.330921 0.414565 0.336384 0.414953 0.336426 0.415161 0.336981 0.415190 0.338884
5 0.497831 0.448000 0.510427 0.429444 0.516909 0.419458 0.526844 0.414278 0.528573 0.418310 0.529435 0.420806 0.530841 0.422532 0.532029 0.418884 0.533000 0.419940 0.534245 0.421713 0.532299 0.427620 0.533000 0.428194 0.534945 0.423778 0.538940 0.426565 0.538854 0.427685 0.536617 0.431940 0.537591 0.433093 0.539245 0.430278 0.541695 0.433477 0.542505 0.434435 0.536888 0.436838 0.535268 0.439523 0.528734 0.455171 0.526737 0.461986 0.524359 0.469477 0.523443 0.471875 0.520065 0.472574 0.515919 0.473727 0.515880 0.476093 0.514831 0.478028 0.511927 0.478389 0.509023 0.477023 0.505271 0.472940 0.502529 0.467991 0.501357 0.469282 0.500268 0.469282 0.500229 0.467130 0.498049 0.463116 0.494904 0.459097 0.492846 0.457736 0.493130 0.456301 0.494419 0.452644
1 0.578216 0.571907 0.582005 0.576903 0.584385 0.579528 0.587474 0.582639 0.588203 0.584491 0.588214 0.586972 0.589448 0.589222 0.591107 0.592597 0.592070 0.596079 0.596680 0.595005 0.596589 0.592810 0.597161 0.592116 0.599065 0.590398 0.596305 0.587157 0.603466 0.585634 0.611799 0.591745 0.610812 0.588310 0.609435 0.586917 0.606635 0.584431 0.609529 0.582769 0.608128 0.579120 0.601969 0.580444 0.579354 0.555903 0.579688 0.558421 0.580349 0.561634 0.581404 0.563722 0.578029 0.565065 0.574987 0.566991 0.574354 0.567579 0.575437 0.569079 0.577099 0.567940 0.579576 0.565954 0.580445 0.566204 0.580411 0.568435
2 0.539260 0.450602 0.544503 0.449801 0.545919 0.448782 0.546763 0.447657 0.548117 0.442727 0.549534 0.437370 0.550648 0.436032 0.557852 0.430088 0.561331 0.427324 0.565849 0.420574 0.567326 0.418968 0.575313 0.417468 0.580372 0.417787 0.581409 0.419713 0.582076 0.421139 0.582354 0.423616 0.586461 0.429356 0.587573 0.435824 0.586443 0.437259 0.581169 0.446917 0.580313 0.442963 0.580854 0.432574 0.580706 0.428769 0.580464 0.426894 0.578052 0.426468 0.575492 0.426468 0.574964 0.424736 0.573216 0.426347 0.567128 0.433417 0.560727 0.440819 0.558909 0.443056 0.556089 0.445694 0.553708 0.449125 0.551810 0.451694 0.549219 0.451426 0.547078 0.451106 0.544698 0.452981 0.543070 0.454269 0.541927 0.453356 0.541745 0.453032 0.540451 0.454000 0.539878 0.454269
5 0.579812 0.382778 0.584854 0.397130 0.585833 0.399204 0.587094 0.400944 0.587747 0.408329 0.581409 0.419713 0.580372 0.417787 0.575313 0.417468 0.573885 0.417708 0.566419 0.409407 0.568099 0.405926 0.572018 0.400782 0.574167 0.395634 0.576172 0.389329 0.578693 0.384102
5 0.550331 0.379676 0.554578 0.364731 0.557922 0.364356 0.566359 0.368000 0.567685 0.369069 0.568198 0.371106 0.562956 0.384444 0.559719 0.393130 0.553250 0.410574 0.552549 0.411569 0.548542 0.411444 0.545859 0.410514 0.545091 0.405370 0.551297 0.399542 0.549487 0.388986 0.552385 0.384708
7 0.562771 0.405602 0.560958 0.410204 0.558482 0.415227 0.551964 0.426630 0.549315 0.431278 0.544365 0.434560 0.542690 0.435491 0.542505 0.434435 0.542167 0.433944 0.543039 0.431713 0.542586 0.425639 0.544120 0.423778 0.544711 0.425824 0.547849 0.426009 0.549383 0.423407 0.548904 0.421977 0.553294 0.415903 0.555388 0.413361 0.556536 0.411380 0.560164 0.405986 0.562979 0.404116
7 0.553250 0.410574 0.559719 0.393130 0.561771 0.387736 0.561771 0.387736 0.567174 0.389889 0.570807 0.391037 0.569320 0.396042 0.568521 0.397727 0.561542 0.401796 0.557896 0.405269
5 0.507633 0.393731 0.507354 0.389023 0.507807 0.378796 0.510909 0.376380 0.516698 0.372162 0.518789 0.370116 0.519904 0.369125 0.522589 0.370181 0.524227 0.372227 0.524995 0.375139 0.523383 0.375745 0.523740 0.389208 0.521648 0.387968 0.521021 0.387718 0.520635 0.389519 0.518544 0.391685 0.517255 0.391935 0.516453 0.393731 0.517742 0.394477 0.515721 0.399495 0.514674 0.398194 0.513628 0.398380 0.512820 0.392843
5 0.515247 0.422046 0.515247 0.410264 0.513927 0.401213 0.521089 0.404731 0.521531 0.403759 0.523990 0.395755 0.525763 0.400986 0.528185 0.403213 0.532299 0.408662 0.535365 0.411889 0.534922 0.414306 0.533880 0.416019 0.533177 0.416528 0.532344 0.416528 0.531484 0.418657 0.532029 0.418884 0.530841 0.422532 0.529435 0.420806 0.528573 0.418310 0.526844 0.414278 0.516909 0.419458
2 0.536070 0.410546 0.536315 0.417241 0.536315 0.419718 0.536487 0.422134 0.537081 0.423435 0.537917 0.425977 0.538940 0.426565 0.538854 0.427685 0.539940 0.425171 0.541086 0.424019 0.542177 0.422537 0.542023 0.416843 0.538747 0.405981 0.537542 0.408519
2 0.539245 0.430278 0.540677 0.427546 0.542586 0.425639 0.543039 0.431713 0.542167 0.433944 0.541695 0.433477
5 0.566302 0.414815 0.565849 0.420574 0.561331 0.427324 0.557852 0.430088 0.553846 0.433653 0.554648 0.429065 0.555240 0.420759 0.558482 0.415227 0.560958 0.410204 0.561378 0.409106
5 0.543719 0.434963 0.545438 0.438019 0.546661 0.439361 0.547911 0.440148 0.548719 0.440519 0.549534 0.437370 0.550648 0.436032 0.553849 0.433296 0.554648 0.429065 0.555240 0.420759 0.551964 0.426630 0.549315 0.431278 0.544365 0.434560
2 0.536581 0.437449 0.545695 0.441384 0.545956 0.442310 0.545956 0.445458 0.545919 0.448782 0.545409 0.449255 0.541034 0.447079 0.538117 0.445458 0.536008 0.438375
2 0.558156 0.461616 0.558273 0.458542 0.558378 0.457204 0.558951 0.456782 0.562997 0.457269 0.565141 0.456449 0.570503 0.456074 0.572974 0.456769 0.574302 0.458556 0.585354 0.470606 0.587083 0.472407 0.586672 0.473866 0.586354 0.476944 0.581641 0.477500 0.581172 0.475694 0.572943 0.467731 0.570984 0.467319 0.569937 0.465023 0.568544 0.463662
2 0.558253 0.463282 0.557820 0.467347 0.561482 0.466231 0.568542 0.465366 0.561352 0.463792
1 0.539878 0.454269 0.541458 0.457222 0.542813 0.458611 0.545365 0.461157 0.545703 0.459352 0.546953 0.459630 0.547708 0.460278 0.548620 0.461574 0.548828 0.463009 0.550312 0.463889 0.551927 0.465093 0.553307 0.466389 0.554490 0.469162 0.554177 0.472171 0.554125 0.473931 0.555448 0.473815 0.558961 0.485412 0.559115 0.489398 0.553464 0.481852 0.552734 0.483611 0.552292 0.484907 0.552500 0.486435 0.553594 0.490000 0.551927 0.491759 0.550495 0.492824 0.550729 0.496111 0.558125 0.514306 0.550536 0.505296 0.549057 0.502065 0.535758 0.474407 0.537698 0.475236 0.539427 0.475620 0.544719 0.476389 0.545990 0.476296 0.548828 0.481574 0.549896 0.480509 0.551328 0.478796 0.551432 0.477963 0.549870 0.475926 0.551589 0.475556 0.552169 0.473125 0.552440 0.470338 0.551307 0.470338 0.546797 0.471111 0.541667 0.463593
1 0.567766 0.486227 0.567617 0.492759 0.569859 0.516014 0.571260 0.526801 0.573370 0.528838 0.572901 0.523468 0.571182 0.512218 0.570625 0.506667 0.570260 0.499352 0.569375 0.487412
1 0.563990 0.476917 0.571776 0.482380 0.572740 0.489602 0.569375 0.487412 0.567766 0.486227 0.565758 0.484833
1 0.573049 0.483306 0.584276 0.490019 0.584214 0.490792 0.583857 0.496685 0.574016 0.490806
2 0.578443 0.477056 0.575865 0.478352 0.574667 0.480389 0.573049 0.483306 0.576177 0.485111 0.578885 0.483352 0.582479 0.486269 0.584979 0.485852 0.585906 0.479889 0.580260 0.480648 0.579818 0.479352 0.579635 0.477963
2 0.573102 0.524597 0.577703 0.523852 0.578302 0.525727 0.579591 0.529569 0.581370 0.537500 0.573370 0.528838
2 0.579404 0.524301 0.580286 0.524250 0.582305 0.524755 0.584159 0.525329 0.584604 0.526759 0.584724 0.528556 0.584159 0.530417 0.582526 0.533472 0.586380 0.537731 0.588435 0.544903 0.582904 0.539111 0.582102 0.536074 0.581578 0.533037 0.580464 0.527648
1 0.488635 0.631500 0.487758 0.636468 0.487396 0.640218 0.487424 0.643000 0.487997 0.646218 0.487984 0.648722 0.490919 0.652588 0.492456 0.653449 0.494867 0.655912 0.495620 0.657037 0.494776 0.666356 0.497641 0.664213 0.497164 0.656634 0.495672 0.652690 0.493857 0.643227 0.496318 0.644588 0.497771 0.646741 0.498417 0.645736 0.499586 0.647315 0.501924 0.653051 0.502893 0.656060 0.502794 0.660565 0.504422 0.658421 0.505143 0.657296 0.504904 0.654509 0.496711 0.629259 0.494984 0.630917 0.493117 0.632162 0.490690 0.631995
10 0.483151 0.529907 0.481214 0.530435 0.479271 0.534662 0.480513 0.539940 0.482510 0.543106 0.488073 0.545509 0.493148 0.546852 0.494089 0.546296 0.496536 0.544444 0.497240 0.543009 0.497292 0.541759 0.496198 0.538935 0.495417 0.536806 0.494922 0.536065 0.496745 0.529815 0.497943 0.522593 0.498828 0.520880 0.499661 0.518565 0.499245 0.514676 0.497995 0.512870 0.495990 0.511620 0.493203 0.511713 0.490677 0.513056 0.487630 0.514444 0.485521 0.516620 0.484870 0.520278 0.484844 0.522731 0.484453 0.525046 0.485286 0.527315 0.484453 0.530463
1 0.511609 0.578708 0.515505 0.582370 0.516432 0.582269 0.517604 0.582963 0.518464 0.584074 0.518958 0.584537 0.518776 0.585278 0.520417 0.587593 0.523932 0.591250 0.527604 0.595694 0.529740 0.600278 0.531406 0.603889 0.532083 0.606065 0.533073 0.605648 0.533385 0.604907 0.529583 0.594352 0.523388 0.586787 0.519177 0.582370 0.512372 0.576995 0.510638 0.575611
10 0.508734 0.618245 0.506648 0.620389 0.506971 0.624421 0.508591 0.627204 0.510427 0.628259 0.509888 0.630662 0.512318 0.632292 0.513831 0.632963 0.514612 0.636375 0.518281 0.635231 0.519935 0.635588 0.520984 0.637884 0.521336 0.639972 0.526143 0.639491 0.526089 0.626722 0.524609 0.627222 0.522240 0.627222 0.519115 0.626065 0.517708 0.624907 0.515885 0.622546 0.513932 0.619449 0.513174 0.620745 0.511440 0.618083
10 0.529341 0.662495 0.527674 0.657218 0.527232 0.655042 0.527336 0.652958 0.527935 0.650597 0.528768 0.647819 0.529940 0.645782 0.531737 0.644671 0.533195 0.643792 0.533469 0.647787 0.534357 0.652102 0.535523 0.655417 0.534492 0.658630
10 0.516490 0.673838 0.517703 0.678153 0.520224 0.679894 0.523958 0.680889 0.527365 0.681056 0.529372 0.680134 0.531797 0.680806 0.532984 0.682894 0.533146 0.679310 0.533146 0.676583 0.533427 0.675509 0.534357 0.675509 0.534760 0.674866 0.534276 0.672426 0.534073 0.667477 0.534195 0.661741 0.532708 0.663329 0.524922 0.669440 0.519401 0.672634
10 0.515578 0.671014 0.513159 0.664560 0.510417 0.653588 0.510094 0.647204 0.510039 0.644963 0.510508 0.641231 0.512188 0.637745 0.514612 0.636375 0.518281 0.635231 0.519935 0.635588 0.520984 0.637884 0.521630 0.640894 0.521872 0.643259 0.523242 0.646704 0.524534 0.649287 0.525982 0.650921 0.525643 0.654486 0.526320 0.658051 0.527987 0.663329 0.519062 0.669625
10 0.512586 0.583421 0.516432 0.582269 0.517604 0.582963 0.518464 0.584074 0.518958 0.584537 0.518776 0.585278 0.520417 0.587593 0.523932 0.591250 0.527604 0.595694 0.529740 0.600278 0.531406 0.603889 0.532083 0.606065 0.533073 0.605648 0.533385 0.604907 0.529583 0.594352 0.531146 0.593009 0.534687 0.593009 0.536354 0.593750 0.538255 0.597824 0.539687 0.601667 0.542344 0.605556 0.544297 0.610093 0.546328 0.615185 0.544940 0.615875 0.541875 0.617380 0.540036 0.623097 0.539464 0.624898 0.539018 0.624708 0.538599 0.623648 0.537167 0.622815 0.535969 0.621796 0.534643 0.620407 0.533471 0.620778 0.532898 0.622120 0.532479 0.623097 0.531596 0.623370 0.530503 0.624481 0.529617 0.625500 0.527682 0.625880 0.524609 0.627222 0.522240 0.627222 0.519115 0.626065 0.517708 0.624907 0.515885 0.622546 0.513932 0.619449 0.513698 0.617324 0.512628 0.614310 0.510641 0.603130 0.509633 0.596963 0.509026 0.590079 0.509352 0.586565 0.510159 0.585056
5 0.496971 0.596843 0.498232 0.592773 0.498745 0.590120 0.500052 0.588296 0.502198 0.586718 0.503320 0.588708 0.503927 0.592694 0.506026 0.599662 0.509060 0.609704 0.511440 0.618083 0.508734 0.618245 0.508734 0.618245 0.506648 0.620389 0.506971 0.624421 0.508591 0.627204 0.510427 0.628259 0.509888 0.630662 0.512318 0.632292 0.513831 0.632963 0.514612 0.636375 0.512141 0.637681 0.510508 0.641231 0.510039 0.644963 0.508919 0.647454 0.506680 0.648116 0.506214 0.644963 0.500193 0.623806 0.496271 0.611444 0.495992 0.605884 0.496458 0.599829
1 0.433313 0.418838 0.434375 0.417593 0.434661 0.415741 0.434896 0.413889 0.435286 0.412963 0.435807 0.413426 0.435469 0.416019 0.435469 0.416991 0.435807 0.417500 0.436250 0.415741 0.436693 0.414630 0.437760 0.413241 0.438411 0.413704 0.438542 0.414722 0.438542 0.416204 0.440521 0.416250 0.432805 0.431884 0.432198 0.431532 0.432346 0.425370
2 0.399398 0.413181 0.401221 0.412903 0.403044 0.413875 0.404607 0.415495 0.405284 0.417440 0.405648 0.418921 0.405596 0.420171 0.404659 0.422023 0.404112 0.423181 0.403513 0.423731 0.402680 0.423875 0.401951 0.421838 0.403383 0.420588 0.404112 0.419662 0.404112 0.418551 0.403826 0.417069 0.402029 0.415356 0.400857 0.415356 0.400128 0.415356
2 0.398680 0.413713 0.398128 0.415597 0.397737 0.417866 0.397997 0.419625 0.398570 0.421569 0.400419 0.423329 0.401779 0.423616 0.401076 0.421301 0.399878 0.420194 0.399279 0.418852 0.399174 0.417231 0.399232 0.415694
1 0.400237 0.381366 0.399245 0.377963 0.398854 0.375370 0.400234 0.376250 0.400755 0.379259 0.401279 0.381134 0.401747 0.383171 0.402398 0.384838 0.403672 0.390185 0.401984 0.388894 0.401589 0.388565 0.400810 0.384977
1 0.398591 0.373884 0.398617 0.368509 0.399424 0.361102 0.399922 0.358519 0.400596 0.360227 0.400049 0.365407 0.399659 0.369852 0.399740 0.372324 0.399659 0.374481
1 0.398674 0.369972 0.396565 0.372102 0.398591 0.373884 0.398591 0.373884
1 0.395940 0.372796 0.391799 0.376269 0.390732 0.377472 0.390706 0.378722 0.391383 0.379324 0.392581 0.379880 0.394091 0.378537 0.398154 0.374787
2 0.392539 0.375574 0.377747 0.352981 0.371875 0.342736 0.361591 0.327273 0.356383 0.318569 0.357424 0.315884 0.365315 0.326764 0.373440 0.335977 0.370865 0.337380 0.384786 0.358537 0.394664 0.373819
1 0.383930 0.297454 0.390773 0.319333 0.391612 0.314917 0.384531 0.292102 0.383346 0.289634 0.382190 0.287477 0.381294 0.286968 0.382497 0.291667
1 0.380948 0.285630 0.376727 0.269602 0.376727 0.268829 0.377479 0.268259 0.378346 0.268259 0.378839 0.268880 0.382422 0.284241
2 0.380948 0.285630 0.381294 0.286968 0.382190 0.287477 0.383346 0.289634 0.384531 0.292102 0.387190 0.300731 0.388362 0.299435 0.388987 0.298602 0.389065 0.296889 0.389690 0.296333 0.390419 0.297444 0.390992 0.298972 0.391487 0.298185 0.390940 0.296102 0.390966 0.295037 0.391357 0.294852 0.392451 0.296657 0.392841 0.297398 0.393023 0.295269 0.392841 0.292676 0.392737 0.291565 0.388484 0.289005 0.387406 0.292847 0.385570 0.292079 0.385029 0.290731 0.385029 0.287852 0.383896 0.285935 0.383896 0.283532 0.383570 0.282583 0.382971 0.282259 0.382503 0.283185 0.382422 0.284241
7 0.366698 0.299611 0.366729 0.288889 0.367042 0.274199 0.367987 0.270606 0.368370 0.268500 0.368648 0.265278 0.369622 0.261931 0.369622 0.261185 0.368995 0.257468 0.369065 0.256167 0.370599 0.256477 0.371992 0.258954 0.372831 0.260565 0.374956 0.261310 0.376315 0.262426 0.377013 0.264903 0.376768 0.266269 0.376315 0.267134 0.374711 0.267319 0.376943 0.276926 0.378411 0.276991 0.378755 0.278972 0.378969 0.280398 0.377990 0.280708 0.380151 0.288704 0.381792 0.288889 0.382497 0.291667 0.378982 0.292639 0.379104 0.289019 0.378479 0.286843 0.378464 0.292963 0.372734 0.295463
1 0.339375 0.228194 0.353234 0.240875 0.352948 0.242125 0.339224 0.229810
1 0.354349 0.243241 0.364534 0.252745 0.362182 0.249421 0.354500 0.241870
1 0.364479 0.234653 0.364453 0.232481 0.363854 0.230718 0.363568 0.228032 0.363568 0.226181 0.363932 0.224097 0.364557 0.222847 0.365495 0.222477 0.366146 0.222477 0.366458 0.223958 0.366354 0.228588 0.366276 0.231690 0.365938 0.232250 0.365833 0.236505
5 0.366000 0.236782 0.369211 0.224889 0.370383 0.223227 0.371620 0.222097 0.372388 0.220194 0.373357 0.215616 0.374193 0.212111 0.375198 0.210690 0.371620 0.246528 0.370536 0.243782 0.368354 0.239917
2 0.375198 0.210690 0.375919 0.204065 0.378628 0.205551 0.379096 0.207690 0.376823 0.219463 0.375385 0.225884 0.374716 0.232778 0.373279 0.244255 0.372542 0.248532 0.371620 0.246528
7 0.378628 0.205551 0.380802 0.201630 0.381536 0.201153 0.382406 0.199310 0.382807 0.197468 0.383578 0.197468 0.383310 0.200736 0.382406 0.204481 0.382273 0.205792 0.383042 0.206681 0.383409 0.206977 0.385617 0.207157 0.387021 0.207218 0.388125 0.208583 0.388693 0.209296 0.389161 0.214292 0.385984 0.211259 0.384747 0.212625 0.383443 0.214468 0.381570 0.219343 0.381437 0.223329 0.382372 0.226833 0.384714 0.228977 0.385885 0.230819 0.386552 0.235218 0.383677 0.240866 0.376789 0.251389 0.374122 0.252139 0.372542 0.248532 0.373279 0.244255 0.374716 0.232778 0.375385 0.225884 0.376823 0.219463 0.379096 0.207690
1 0.393174 0.211319 0.402839 0.216343 0.405417 0.216296 0.394036 0.210417 0.393341 0.209477 0.391971 0.208167 0.391336 0.207931 0.391268 0.209000 0.391771 0.209773
17 0.394411 0.221958 0.393609 0.217796 0.393174 0.211319 0.402839 0.216343 0.395883 0.216755
1 0.480055 0.320421 0.476763 0.314157 0.473169 0.310176 0.468828 0.306444 0.466263 0.303125 0.465656 0.299722 0.466216 0.294412 0.470977 0.286282 0.471117 0.285204 0.469391 0.284292 0.468737 0.286116 0.465656 0.291176 0.465190 0.291093 0.465096 0.289185 0.467008 0.284620 0.468922 0.281218 0.469857 0.280972 0.472003 0.282213 0.473357 0.284208 0.473357 0.286611 0.471302 0.290514 0.468177 0.294412 0.467195 0.298394 0.467896 0.300384 0.471536 0.306194 0.476763 0.310176 0.480964 0.313829 0.482318 0.317810 0.482393 0.320157 0.483479 0.326968 0.481552 0.329051 0.481552 0.327310 0.480799 0.323824
2 0.456122 0.330810 0.461154 0.315653 0.461336 0.316509 0.462721 0.316509 0.462750 0.311315 0.464799 0.305958 0.466518 0.307352 0.462419 0.318866 0.458201 0.331347
2 0.454747 0.334903 0.452453 0.342032 0.453951 0.343352 0.454432 0.343421 0.457167 0.334162
2 0.466411 0.334130 0.465104 0.323093 0.465292 0.310898 0.466599 0.310898 0.466831 0.323509 0.468044 0.333963
1 0.633990 0.544343 0.633599 0.550269 0.631875 0.554310 0.629104 0.557204 0.626453 0.558597 0.625036 0.558278 0.624122 0.558722 0.621891 0.558167 0.620951 0.557977 0.614714 0.555083 0.611586 0.551764 0.609487 0.548611 0.607667 0.544546 0.606174 0.539319 0.605380 0.534171 0.605146 0.531019 0.605146 0.528532 0.605328 0.523778 0.606201 0.517954 0.607490 0.513245 0.609305 0.508532 0.611302 0.503806 0.610602 0.499352 0.610008 0.498588 0.608656 0.499731 0.608656 0.501940 0.609104 0.503421 0.608091 0.505343 0.606716 0.509537 0.606229 0.510532 0.604320 0.519352 0.603484 0.525546 0.603555 0.532032 0.604518 0.539394 0.606315 0.545829 0.608758 0.551324 0.611430 0.554912 0.615234 0.558472 0.619417 0.560829 0.623607 0.561579 0.628758 0.560403 0.632333 0.557130 0.633690 0.554708 0.635154 0.550676 0.635573 0.545528
1 0.606201 0.501912 0.601500 0.489208 0.597620 0.477954 0.587435 0.479667 0.587646 0.476426 0.599310 0.474856 0.601081 0.480917 0.601727 0.482894 0.604174 0.492051 0.606120 0.498486 0.607901 0.501560 0.608656 0.501940 0.609104 0.503421 0.608091 0.505343
1 0.586229 0.511444 0.586956 0.505995 0.588448 0.501190 0.588448 0.496384 0.588448 0.492370 0.588568 0.490361 0.588125 0.486917 0.587964 0.486204 0.586995 0.486204 0.586471 0.486847 0.585060 0.498394 0.585060 0.500398 0.583607 0.500616 0.584214 0.490792 0.585906 0.479889 0.586672 0.473866 0.587318 0.471287 0.589578 0.469352 0.590747 0.468204 0.591878 0.466838 0.592039 0.466481 0.590221 0.464833 0.589417 0.463829 0.589456 0.462750 0.590667 0.463111 0.592352 0.464509 0.593078 0.465255 0.593260 0.464611 0.592836 0.461935 0.593591 0.461718 0.593799 0.462579 0.593862 0.463491 0.594776 0.461477 0.596781 0.455968 0.597617 0.452259 0.597979 0.448333 0.598242 0.447125 0.598247 0.445745 0.598286 0.442708 0.599063 0.442037 0.599380 0.444944 0.599904 0.450282 0.599799 0.454986 0.599031 0.460694 0.598964 0.464782 0.599484 0.467505 0.600219 0.466023 0.601714 0.465838 0.603424 0.465838 0.605167 0.465153 0.604784 0.468505 0.605445 0.470361 0.606987 0.472218 0.607794 0.475014 0.608318 0.477884 0.608318 0.480537 0.608279 0.481398 0.607245 0.484009 0.606437 0.484278 0.604982 0.483634 0.603885 0.481037 0.603159 0.479560 0.602661 0.479375 0.602063 0.480301 0.601727 0.482106 0.601727 0.482894 0.601081 0.480917 0.599310 0.474856 0.587646 0.476426 0.587435 0.479667 0.597620 0.477954 0.601500 0.489208 0.606201 0.501912 0.600203 0.488898 0.598698 0.489056 0.597310 0.489056 0.596438 0.488625 0.597281 0.490231 0.598969 0.492051 0.600021 0.494463 0.600383 0.495912 0.601044 0.498269 0.602013 0.500463 0.602734 0.501963 0.604120 0.504537 0.606716 0.509537 0.606229 0.510532 0.601211 0.500671 0.598839 0.494852 0.596849 0.491380 0.595701 0.489764 0.594865 0.489764 0.593224 0.490884 0.591555 0.491838 0.589911 0.493315 0.589883 0.496931 0.589831 0.500958 0.588669 0.505657 0.587799 0.509315 0.586927 0.513287
10 0.460753 0.265227 0.460833 0.272222 0.461901 0.273426 0.463620 0.274028 0.465391 0.274977 0.466240 0.275051 0.467409 0.275551 0.466724 0.276412 0.466521 0.278204 0.467086 0.279495 0.468922 0.281218 0.467008 0.284620 0.465096 0.289185 0.465190 0.291093 0.465656 0.291176 0.468737 0.286116 0.469391 0.284292 0.471117 0.285204 0.470977 0.286282 0.466216 0.294412 0.465656 0.299722 0.466263 0.303125 0.468828 0.306444 0.468411 0.307639 0.466518 0.307352 0.464799 0.305958 0.462750 0.311315 0.462109 0.306852 0.461589 0.306019 0.462758 0.299986 0.461974 0.288361 0.458940 0.278722 0.457195 0.275500 0.454094 0.270792 0.449875 0.266144 0.459531 0.261250 0.459945 0.263005
5 0.351924 0.301185 0.354346 0.293639 0.356508 0.280306 0.358232 0.267167 0.357208 0.265935 0.356667 0.265023 0.356846 0.259292 0.357961 0.256616 0.359529 0.253935 0.360221 0.251954 0.360523 0.250884 0.361487 0.251148 0.362573 0.252435 0.365885 0.261755 0.367453 0.268454 0.367393 0.272685 0.367042 0.274199 0.366729 0.288889 0.366698 0.299611 0.365599 0.300417 0.358047 0.305046 0.356354 0.305509 0.354974 0.302546 0.353880 0.302546 0.353542 0.303843
1 0.337628 0.228125 0.321273 0.213269 0.312922 0.205227 0.313130 0.204162 0.313755 0.204347 0.337760 0.226944
2 0.503135 0.316792 0.499539 0.319139 0.496404 0.320801 0.493422 0.320426 0.486823 0.320213 0.482393 0.320157 0.483073 0.325093 0.484411 0.330069 0.486401 0.335907 0.487396 0.322194 0.488299 0.323852 0.490919 0.324176 0.493904 0.327977 0.497128 0.325352 0.498362 0.326639 0.499328 0.327227 0.501797 0.326370 0.505172 0.323852 0.508276 0.322676 0.509271 0.323264 0.510505 0.323213 0.512099 0.321495 0.512789 0.319935 0.515471 0.318009 0.517339 0.318273 0.517276 0.316116 0.516161 0.312310 0.515740 0.310384 0.513922 0.312296 0.509372 0.315241 0.505305 0.316634
5 0.494953 0.288199 0.498208 0.291069 0.501490 0.295606 0.503286 0.292273 0.503781 0.289866 0.505865 0.286162 0.506724 0.285144 0.506958 0.283847 0.506099 0.282273 0.505578 0.281532 0.506411 0.277875 0.506932 0.275884 0.510042 0.267912 0.512750 0.261384 0.514208 0.257727 0.514487 0.256537 0.510190 0.254315 0.505112 0.252926 0.504208 0.253792 0.503557 0.255366 0.503557 0.256199 0.504521 0.257773 0.504703 0.259949 0.504885 0.262032 0.504729 0.264394 0.503583 0.266292 0.502125 0.267542 0.501344 0.269810 0.500849 0.270458 0.498031 0.270384 0.495870 0.273236 0.495312 0.277139 0.496289 0.278194 0.498971 0.278690 0.499320 0.279616 0.496289 0.286185
2 0.510997 0.272361 0.513286 0.269306 0.514372 0.260792 0.514208 0.257727 0.514487 0.256537 0.515500 0.250935 0.517083 0.251259 0.515698 0.263898 0.515427 0.267815 0.514794 0.270759 0.514070 0.273653 0.513828 0.276218 0.513768 0.277028 0.512805 0.275736 0.511479 0.274181
7 0.516406 0.257338 0.515698 0.263898 0.515427 0.267815 0.514794 0.270759 0.514070 0.273653 0.513828 0.276218 0.513768 0.277028 0.524388 0.277694 0.524357 0.280523 0.525451 0.281495 0.527188 0.282745 0.527792 0.280977 0.527732 0.277171 0.528003 0.276157 0.529302 0.276579 0.529339 0.276083 0.535438 0.274657 0.535745 0.277014 0.539404 0.278069 0.540417 0.278255 0.540661 0.279000 0.542583 0.279301 0.533091 0.262264 0.530677 0.261875
7 0.484870 0.305657 0.492576 0.298630 0.499271 0.294042 0.500401 0.294042 0.501490 0.295606 0.502388 0.294005 0.505201 0.298731 0.506323 0.301829 0.506232 0.302699 0.505776 0.304185 0.498794 0.309005 0.495568 0.311685 0.493943 0.312005 0.493073 0.313741 0.494370 0.314565 0.493953 0.315343 0.493406 0.315718 0.491870 0.315718 0.490513 0.315486 0.489526 0.315486 0.488484 0.314833 0.485281 0.308352
10 0.548292 0.538931 0.553253 0.543162 0.556198 0.545019 0.559547 0.544444 0.561159 0.544167 0.561906 0.557917 0.565154 0.557074 0.564310 0.563338 0.561758 0.564588 0.556758 0.564495 0.545555 0.542940
2 0.467932 0.606097 0.471591 0.603125 0.481318 0.597111 0.485570 0.595065 0.487664 0.595130 0.489721 0.597546 0.494286 0.612972 0.505669 0.649032 0.508336 0.655153 0.508641 0.658477 0.508219 0.662704 0.505987 0.665653 0.494839 0.673361 0.492487 0.667903 0.502794 0.660565 0.504422 0.658421 0.505143 0.657296 0.504904 0.654509 0.488667 0.603991 0.487365 0.603407 0.486990 0.609551 0.486523 0.613616 0.484932 0.616931 0.482974 0.617843 0.479430 0.618009 0.477237 0.617181 0.475695 0.615606 0.475120 0.615315 0.474362 0.622722
1 0.389396 0.325069 0.387745 0.319560 0.386440 0.311426 0.385703 0.303102 0.384792 0.300194 0.385867 0.312014 0.387138 0.320509 0.388974 0.327019
2 0.385703 0.303102 0.386440 0.311426 0.387745 0.319560 0.389396 0.325069 0.390773 0.319333
2 0.384792 0.300194 0.385867 0.312014 0.387138 0.320509 0.388974 0.327019 0.387901 0.331481 0.383919 0.329852 0.383745 0.328134 0.383745 0.325079 0.384203 0.315032 0.383513 0.307639 0.383930 0.297454
1 0.391596 0.305519 0.391612 0.314917 0.390917 0.312426 0.390547 0.305079 0.389313 0.304639 0.389870 0.299375 0.390992 0.298972 0.392583 0.299269 0.392828 0.299597 0.392458 0.305519
2 0.392737 0.291565 0.392841 0.292676 0.393023 0.295269 0.392841 0.297398 0.392451 0.296657 0.391357 0.294852 0.390966 0.295037 0.390940 0.296102 0.391487 0.298185 0.390992 0.298972 0.392583 0.299269 0.392909 0.299606 0.392458 0.305519 0.391596 0.305519 0.391612 0.314917 0.394583 0.302259 0.396477 0.293903
1 0.394398 0.322787 0.395500 0.325815 0.393711 0.327569 0.392169 0.323181 0.393164 0.319574
5 0.395500 0.325815 0.394398 0.322787 0.396117 0.320056 0.399461 0.317755 0.401117 0.317968 0.402987 0.319199 0.404612 0.322843 0.407818 0.320120 0.404896 0.327713 0.403560 0.324431 0.401346 0.320079 0.399471 0.320171 0.399185 0.320958 0.399628 0.322023
2 0.396594 0.376306 0.399865 0.381218 0.398753 0.381366 0.397331 0.382037 0.394091 0.378537
10 0.388698 0.369750 0.382031 0.374889 0.382578 0.376620 0.384141 0.379213 0.385885 0.381157 0.388932 0.382824 0.392607 0.385069 0.396174 0.382616 0.397331 0.382037 0.397331 0.382037 0.394091 0.378537 0.392581 0.379880 0.391383 0.379324 0.390706 0.378722 0.390732 0.377472 0.391799 0.376269 0.392539 0.375574
10 0.383828 0.362296 0.380937 0.371481 0.381615 0.373685 0.387995 0.368685
5 0.397214 0.361991 0.398307 0.362639 0.399237 0.363222 0.399424 0.361102 0.399919 0.358648 0.396552 0.361569
5 0.400596 0.360227 0.400049 0.365407 0.399659 0.369852 0.399740 0.372324 0.401094 0.370657 0.402135 0.368852 0.402526 0.367741 0.402891 0.366208
1 0.534128 0.415593 0.536315 0.417241 0.536315 0.419718 0.534945 0.423778 0.533000 0.428194 0.532299 0.427620 0.534115 0.422083 0.535482 0.417954 0.533177 0.416528 0.533880 0.416019
1 0.542177 0.422537 0.541086 0.424019 0.539940 0.425171 0.538854 0.427685 0.536617 0.431940 0.537591 0.433093 0.539245 0.430278 0.540677 0.427546 0.542586 0.425639 0.544120 0.423778 0.544120 0.423778 0.543375 0.421199
5 0.615518 0.537319 0.614159 0.539616 0.613565 0.541102 0.614646 0.543583 0.613669 0.551454 0.614714 0.555083 0.620951 0.557977 0.623005 0.551347 0.620776 0.536347 0.621089 0.533685 0.620393 0.533083 0.619135 0.532769
1 0.548292 0.538931 0.550221 0.536204 0.552596 0.534870 0.554721 0.533875 0.556346 0.533764 0.557469 0.534431 0.559156 0.534653 0.560740 0.536384 0.561159 0.544167 0.559547 0.544444 0.556198 0.545019 0.554909 0.544204 0.554971 0.543648 0.554909 0.542981 0.550659 0.538204 0.549971 0.538981 0.549284 0.539759
2 0.612313 0.619037 0.613388 0.627620 0.613388 0.630954 0.612641 0.632843 0.611578 0.632954 0.607833 0.626208
2 0.605078 0.634306 0.600643 0.634417 0.603708 0.629014 0.605414 0.625634 0.604930 0.628574
2 0.595914 0.634500 0.589862 0.635269 0.590346 0.637741 0.589836 0.641884 0.590602 0.646468 0.593979 0.640593 0.594180 0.639088 0.594745 0.637509 0.595591 0.635431
2 0.594831 0.644380 0.596992 0.648986 0.598341 0.655227 0.598396 0.656861 0.591214 0.654556 0.590997 0.651292
10 0.556115 0.602750 0.554987 0.601718 0.553576 0.600139 0.551802 0.599426 0.549180 0.599278 0.547607 0.600069 0.545711 0.602435 0.545185 0.603727 0.544474 0.604519 0.544099 0.605741 0.543974 0.607292 0.544297 0.610093 0.546328 0.615185 0.549336 0.613435 0.550750 0.612861 0.554016 0.606264
2 0.527682 0.625880 0.528406 0.641917 0.528115 0.643120 0.527922 0.645704 0.526997 0.647588 0.526276 0.649829 0.525599 0.649144 0.525503 0.639338 0.526143 0.639491 0.526089 0.626722
2 0.492487 0.667903 0.489247 0.659810 0.486810 0.650329 0.487984 0.648722 0.490919 0.652588 0.492456 0.653449 0.494867 0.655912 0.495620 0.657037 0.494776 0.666356
2 0.487984 0.648722 0.487997 0.646218 0.487424 0.643000 0.487396 0.640218 0.487758 0.636468 0.488635 0.631500 0.485229 0.627931 0.483549 0.624278 0.481917 0.617972 0.479430 0.618009 0.477237 0.617181 0.475695 0.615606 0.475120 0.615315 0.474969 0.617009
1 0.466336 0.569366 0.469276 0.575694 0.470365 0.577208 0.470365 0.578463 0.470990 0.579204 0.471641 0.579106 0.472917 0.578088 0.475417 0.582949 0.474219 0.583287 0.473385 0.583981 0.473646 0.586204 0.474766 0.589028 0.476120 0.589769 0.478073 0.588565 0.480208 0.588935 0.481563 0.590972 0.483438 0.591944 0.484891 0.595486 0.481318 0.597111 0.472888 0.602417 0.467451 0.585759
10 0.441401 0.348111 0.442560 0.347102 0.444188 0.346139 0.445633 0.346458 0.446747 0.347852 0.447591 0.350315 0.448104 0.351815 0.450544 0.351870 0.457836 0.351546 0.461753 0.349671 0.455664 0.355926 0.451185 0.353819 0.449570 0.354176 0.448927 0.355611 0.449490 0.357046 0.449732 0.358477 0.450286 0.361991 0.447906 0.364481 0.447719 0.363815 0.447253 0.363486 0.446552 0.363486 0.444435 0.361065
2 0.648643 0.590764 0.651747 0.588611 0.653474 0.587653 0.655581 0.588611 0.657201 0.593894 0.659469 0.601861 0.662115 0.607810 0.664273 0.612324 0.666596 0.616069 0.668109 0.619523 0.668000 0.621060 0.667245 0.620866 0.662763 0.612324 0.664490 0.621926 0.665083 0.630662 0.665193 0.636611 0.664490 0.640259 0.663411 0.642662 0.661466 0.644676 0.659685 0.646213 0.657323 0.646699 0.658021 0.643333 0.660062 0.641602 0.661411 0.639972 0.662763 0.637954 0.663086 0.635843 0.663195 0.631426 0.662513 0.622912 0.661919 0.618449 0.661919 0.618449 0.660818 0.609250 0.658875 0.604931 0.656661 0.597634 0.655203 0.593412 0.654661 0.591685 0.654284 0.591014 0.653690 0.590148 0.652826 0.590245 0.650557 0.592356 0.648831 0.593796 0.646508 0.595333 0.641682 0.595454 0.646247 0.591782 0.647211 0.591593
1 0.518234 0.680889 0.521646 0.687556 0.528521 0.698019 0.529411 0.702556 0.520297 0.689315
1 0.515086 0.674236 0.519544 0.694431 0.521292 0.701125 0.522258 0.700644 0.521477 0.694699 0.517703 0.678153 0.516490 0.673838
1 0.612023 0.666292 0.613651 0.670356 0.616573 0.669185 0.615339 0.665866
1 0.611307 0.653454 0.613859 0.661509 0.611932 0.661972 0.610461 0.662690 0.608117 0.654356
2 0.637872 0.615995 0.637839 0.613657 0.638177 0.612917 0.639115 0.613287 0.640547 0.613657 0.646901 0.611852 0.653724 0.610139 0.659922 0.607407 0.660818 0.609250 0.660885 0.610093 0.649297 0.613657 0.640443 0.615509 0.642526 0.620000 0.647109 0.619079 0.644286 0.622093 0.641786 0.624389 0.640576 0.624963
2 0.647109 0.619079 0.655990 0.618426 0.655859 0.620463 0.649036 0.621157 0.648805 0.619940
1 0.661130 0.612593 0.660219 0.614722 0.659776 0.616389 0.659542 0.617130 0.658422 0.617269 0.657693 0.617963 0.657146 0.619167 0.656625 0.620602 0.656130 0.621667 0.655714 0.622083 0.655010 0.622130 0.654333 0.622315 0.653187 0.623241 0.651990 0.625231 0.651365 0.626528 0.651104 0.627037 0.650505 0.627454 0.650781 0.628903 0.651547 0.628194 0.652510 0.627083 0.653526 0.625648 0.653604 0.624352 0.654385 0.623935 0.655609 0.623796 0.656547 0.623519 0.657172 0.622639 0.657615 0.621296 0.657667 0.620370 0.658604 0.619352 0.659854 0.618565 0.660271 0.618009 0.660687 0.617083 0.660948 0.616019 0.661208 0.614861 0.661443 0.614074
1 0.655990 0.618426 0.656068 0.615231 0.657005 0.615093 0.657214 0.615972 0.657146 0.619167 0.656625 0.620602 0.656130 0.621667 0.655714 0.622083 0.655859 0.620463
1 0.655833 0.623704 0.654766 0.644074 0.655859 0.645185 0.657172 0.622639 0.656547 0.623519
1 0.654203 0.650926 0.654073 0.655880 0.655141 0.653657 0.655427 0.649028
1 0.653880 0.659676 0.653760 0.664537 0.654776 0.664537 0.654906 0.657870
2 0.657068 0.650278 0.655141 0.653657 0.654073 0.655880 0.650167 0.663148 0.651000 0.665231 0.653880 0.659676 0.654906 0.657870 0.658422 0.651759
2 0.664490 0.640259 0.666719 0.655370 0.668776 0.657130 0.665896 0.637870 0.665193 0.636611
2 0.665083 0.630662 0.672161 0.646343 0.677969 0.660741 0.684688 0.676806 0.684688 0.678102 0.684063 0.679398 0.681667 0.680509 0.671380 0.686157 0.670078 0.684213 0.682786 0.676898 0.674583 0.657222 0.665896 0.637870 0.665193 0.636611
2 0.664901 0.628440 0.676161 0.642944 0.677661 0.648398 0.666922 0.634824 0.665083 0.630662
2 0.678432 0.646009 0.686323 0.656287 0.691766 0.663880 0.691297 0.664574 0.690047 0.663787 0.682156 0.654204 0.679266 0.650130 0.678880 0.648708
2 0.661409 0.606329 0.665003 0.605495 0.665784 0.603782 0.666409 0.603273 0.667581 0.603088 0.668701 0.604750 0.678107 0.628694 0.677875 0.629278 0.677128 0.629356 0.668120 0.608116 0.665786 0.609778 0.664854 0.613181 0.664273 0.612324 0.662115 0.607810
2 0.664807 0.625824 0.674443 0.622954 0.675458 0.625361 0.673547 0.625528 0.672151 0.625838 0.664901 0.628440
1 0.673367 0.616491 0.672224 0.606167 0.673266 0.606028 0.674531 0.616269 0.674974 0.616343 0.676328 0.615759 0.677682 0.616269 0.678646 0.617657 0.678854 0.618861 0.678854 0.621546 0.678750 0.624648 0.678750 0.627241 0.678906 0.631639 0.679427 0.632380 0.681198 0.634833 0.681198 0.636130 0.681224 0.637935 0.681406 0.641546 0.682240 0.644093 0.683229 0.645713 0.683281 0.646731 0.682552 0.647380 0.682031 0.645991 0.680833 0.643213 0.680495 0.641546 0.680391 0.637981 0.680286 0.636130 0.679635 0.634880 0.679271 0.634139 0.678698 0.634231 0.678490 0.636083 0.677969 0.637981 0.677188 0.640019 0.676719 0.637981 0.677344 0.635157 0.677969 0.633537 0.678229 0.631824 0.677875 0.629278 0.678107 0.628694
1 0.656693 0.592278 0.660701 0.586921 0.662779 0.584514 0.665039 0.582532 0.666997 0.581352 0.668414 0.581083 0.669286 0.581083 0.670372 0.582639 0.671427 0.584083 0.673505 0.587782 0.674440 0.590458 0.674951 0.592653 0.676276 0.594153 0.677156 0.595579 0.678000 0.599648 0.678060 0.600991 0.679026 0.603347 0.679688 0.604792 0.679810 0.606347 0.679930 0.610792 0.680411 0.612829 0.681372 0.615727 0.681685 0.619292 0.682414 0.621657 0.682987 0.623458 0.684003 0.625218 0.684211 0.627579 0.684750 0.633056 0.685664 0.636574 0.685714 0.640231 0.685505 0.643426 0.685456 0.643843 0.686167 0.647806 0.686893 0.651370 0.688169 0.657718 0.688091 0.658736 0.686633 0.656880 0.684917 0.648546 0.684523 0.644935 0.684552 0.639843 0.684732 0.637528 0.684344 0.636000 0.683690 0.633778 0.683380 0.630866 0.682857 0.626556 0.681646 0.624542 0.680552 0.619819 0.680451 0.617736 0.679956 0.616255 0.679435 0.614403 0.678836 0.611671 0.678497 0.608431 0.678680 0.606306 0.677177 0.603801 0.676242 0.599176 0.675693 0.597000 0.674469 0.595287 0.673404 0.592412 0.672854 0.590380 0.672776 0.589171 0.671422 0.588245 0.670589 0.587185 0.669964 0.585704 0.669234 0.583898 0.668534 0.583338 0.667542 0.583338 0.666083 0.583986 0.664576 0.585282 0.661500 0.588620 0.659341 0.591116 0.657201 0.593894
1 0.659469 0.601861 0.663854 0.600417 0.667083 0.601250 0.670911 0.602685 0.673620 0.604722 0.675000 0.606713 0.675807 0.608287 0.675443 0.609028 0.674818 0.608657 0.673266 0.606028 0.672224 0.606167 0.671172 0.605278 0.670391 0.604120 0.669401 0.603843 0.668438 0.603750 0.667581 0.603088 0.666536 0.602824 0.665000 0.602546 0.663724 0.602269 0.662474 0.602269 0.661068 0.602269 0.659896 0.603009
2 0.674823 0.644685 0.673469 0.649685 0.674380 0.651722 0.675917 0.646167
2 0.672661 0.652787 0.671620 0.657648 0.668156 0.652972 0.668776 0.657130 0.671359 0.659477 0.673682 0.661731 0.674224 0.664412 0.673622 0.665912 0.682208 0.675444 0.678146 0.665722 0.673172 0.659704 0.673771 0.655352
2 0.580505 0.802769 0.581328 0.806944 0.582656 0.810694 0.583411 0.812361 0.583229 0.813981 0.582760 0.818657 0.580591 0.824847 0.579586 0.819046 0.579503 0.816222 0.579062 0.813287 0.579062 0.807546 0.580063 0.801472
17 0.582143 0.792935 0.586094 0.795833 0.591849 0.797083 0.590677 0.806435 0.590573 0.813287 0.591146 0.815324 0.593125 0.815556 0.595391 0.814213 0.596042 0.814722 0.593854 0.818796 0.595156 0.820463 0.597604 0.820509 0.598437 0.822130 0.600208 0.825556 0.600781 0.827315 0.600260 0.829444 0.595234 0.831157 0.591094 0.826852 0.586354 0.823009 0.582760 0.818657 0.583229 0.813981 0.583411 0.812361 0.582656 0.810694 0.581328 0.806944 0.580505 0.802769 0.581755 0.803093 0.581094 0.799028 0.581417 0.795514
2 0.600615 0.797380 0.594130 0.807296 0.594201 0.809093 0.595490 0.810333 0.595523 0.811509 0.595734 0.813000 0.596430 0.813681 0.596919 0.813495 0.599255 0.809838 0.606891 0.798185 0.605810 0.796574 0.603753 0.795954
1 0.499729 0.477917 0.508766 0.485231 0.514253 0.489968 0.516633 0.492690 0.518253 0.490231 0.511508 0.483801 0.504693 0.478347 0.501305 0.475194
2 0.554930 0.829486 0.552698 0.843181 0.564935 0.861898 0.566872 0.859343 0.556419 0.837042
2 0.557753 0.827171 0.559836 0.826801 0.561034 0.827032 0.563172 0.832310 0.564604 0.836199 0.565826 0.838884 0.566346 0.841477 0.567794 0.853398 0.566396 0.852889 0.560190 0.839644
2 0.548055 0.791093 0.556419 0.837042 0.566872 0.859343 0.570638 0.856963 0.580591 0.824847 0.579586 0.819046 0.579503 0.816222 0.573229 0.835852 0.567794 0.853398 0.566396 0.852889 0.560190 0.839644 0.552896 0.802005 0.550521 0.797870 0.551492 0.794139 0.550846 0.789917
2 0.629797 0.684019 0.637750 0.678491 0.640714 0.683634 0.641076 0.687231 0.647727 0.699699 0.638471 0.705606 0.635219 0.700213
2 0.673469 0.690079 0.677427 0.690218 0.680630 0.693227 0.680474 0.696236 0.675318 0.696236
2 0.675055 0.699435 0.683130 0.698468 0.683852 0.712931
2 0.667615 0.660148 0.668240 0.664037 0.662771 0.663713 0.657615 0.663481 0.656417 0.663806 0.654620 0.665565 0.652219 0.668338 0.653242 0.671019 0.652219 0.672032 0.657719 0.670889 0.660948 0.669917 0.665557 0.669037 0.668135 0.668528 0.669516 0.668435 0.669919 0.665606 0.670930 0.664185 0.668385 0.660898
10 0.575336 0.842051 0.578669 0.845569 0.582081 0.846588 0.583539 0.845847 0.591482 0.838532 0.593747 0.836079 0.595234 0.831157 0.591094 0.826852 0.586354 0.823009 0.583721 0.824829 0.582107 0.825569 0.580076 0.826634
10 0.570594 0.832000 0.568651 0.825759 0.568164 0.820662 0.568867 0.813366 0.568867 0.808759 0.569083 0.807704 0.571352 0.805880 0.573997 0.805398 0.573727 0.813463 0.572917 0.823935 0.572323 0.827968 0.572216 0.830847
2 0.569083 0.807704 0.564924 0.794810 0.570138 0.788042 0.571104 0.784806 0.574776 0.791009 0.576966 0.794394 0.573885 0.801778 0.573997 0.805398 0.571352 0.805880
1 0.455156 0.413241 0.448667 0.398056 0.443122 0.378037 0.444378 0.376551 0.445320 0.376056 0.449294 0.390000 0.452221 0.398861 0.456284 0.408972 0.460430 0.416389 0.462135 0.420537 0.464609 0.427787 0.464914 0.429856 0.465440 0.433296 0.467737 0.440884 0.469375 0.446588 0.469617 0.447329 0.470560 0.448694 0.473802 0.453713 0.471570 0.453343 0.468432 0.448694 0.463698 0.432870 0.461956 0.427495 0.457865 0.418333
1 0.560253 0.702116 0.556219 0.699676 0.553557 0.697954 0.551781 0.697093 0.551055 0.697597 0.551177 0.699389 0.551177 0.701611 0.550008 0.703116 0.548878 0.704694 0.547747 0.704407 0.545651 0.703116 0.544240 0.701611 0.542786 0.699676 0.541818 0.699245 0.540849 0.700250 0.540810 0.701829 0.541333 0.703690 0.541979 0.704407 0.543917 0.706560 0.544924 0.707421 0.546536 0.708208 0.548271 0.708208 0.547789 0.709569 0.546456 0.709856 0.544521 0.709000 0.541656 0.706199 0.540406 0.703403 0.540003 0.701685 0.540195 0.699750 0.539909 0.698611 0.538982 0.696199 0.538240 0.695273 0.536341 0.693917 0.535646 0.695944 0.535365 0.698958 0.534115 0.699532 0.533104 0.698815 0.531008 0.697523 0.530161 0.696662 0.529878 0.694370 0.530404 0.693796 0.531492 0.694657 0.532258 0.695088 0.533388 0.696806 0.534115 0.695944 0.535203 0.693940 0.535849 0.691931 0.536372 0.690139 0.535484 0.687486 0.534919 0.685477 0.534719 0.684690 0.533549 0.683542 0.532984 0.682894 0.533146 0.679310 0.533146 0.676583 0.533427 0.675509 0.534357 0.675509 0.534760 0.674866 0.534276 0.672426 0.534073 0.667477 0.534195 0.661741 0.537570 0.659458 0.543638 0.652986 0.548120 0.647264 0.549284 0.644356 0.547932 0.642366 0.543828 0.649250 0.539625 0.653565 0.534492 0.658630 0.535984 0.653898 0.536406 0.650167 0.537664 0.646519 0.538898 0.642356 0.538776 0.638019 0.538354 0.636306 0.537086 0.635875 0.536547 0.637324 0.535279 0.638606 0.533896 0.638931 0.532630 0.638667 0.532568 0.637106 0.532961 0.635824 0.533896 0.636736 0.534557 0.637000 0.536005 0.635662 0.535893 0.634852 0.534305 0.633926 0.532042 0.633560 0.530708 0.631606 0.529930 0.629852 0.529510 0.627264 0.529617 0.625500 0.530503 0.624481 0.531596 0.623370 0.532479 0.623097 0.532898 0.622120 0.533471 0.620778 0.534643 0.620407 0.535969 0.621796 0.537167 0.622815 0.538599 0.623648 0.539018 0.624708 0.539464 0.624898 0.540036 0.623097 0.541875 0.617380 0.544940 0.615875 0.549336 0.613435 0.550750 0.612861 0.554016 0.606264 0.556115 0.602750 0.557042 0.601532 0.558815 0.601319 0.559341 0.601032 0.559987 0.600241 0.560430 0.599023 0.562474 0.594162 0.564023 0.593028 0.566641 0.591801 0.570771 0.593671 0.571555 0.594907 0.572398 0.596838 0.574930 0.598384 0.577971 0.599403 0.579146 0.601176 0.579177 0.603319 0.579659 0.605190 0.584633 0.606903 0.588544 0.606810 0.590948 0.607306 0.590984 0.608921 0.590776 0.609412 0.589242 0.609042 0.587883 0.608667 0.587185 0.608667 0.583141 0.607986 0.581576 0.607801 0.579690 0.607801 0.578086 0.608301 0.576201 0.609292 0.580211 0.611644 0.583385 0.613755 0.583560 0.617407 0.583839 0.623176 0.584237 0.626870 0.587596 0.629278 0.589273 0.631264 0.590346 0.637741 0.589836 0.641884 0.590602 0.646468 0.587521 0.652023 0.588354 0.653796 0.588872 0.656616 0.584995 0.665579 0.587003 0.665986 0.587799 0.666741 0.587281 0.668310 0.582708 0.673292 0.577948 0.676694 0.575846 0.678852 0.572607 0.682565 0.564779 0.694083
1 0.430987 0.383546 0.432966 0.385352 0.432523 0.382852 0.431924 0.382620
1 0.430086 0.382782 0.424461 0.378292 0.424747 0.376486 0.431128 0.381625
5 0.531414 0.371537 0.532156 0.370796 0.534805 0.370185 0.538221 0.370185 0.540490 0.371106 0.542339 0.373028 0.543383 0.375074 0.542422 0.378333 0.536292 0.386718 0.532096 0.393458 0.530766 0.381481 0.529635 0.375819
2 0.657323 0.646699 0.671359 0.659477 0.673682 0.661731 0.674224 0.664412 0.673622 0.665912 0.672289 0.667653 0.671174 0.671870 0.670477 0.675708 0.668839 0.683769 0.667372 0.685875 0.666677 0.686185 0.669185 0.671125 0.669919 0.665606 0.670930 0.664185 0.668385 0.660898 0.661690 0.655134 0.656130 0.649667 0.655427 0.649028 0.654203 0.650926 0.654273 0.651949 0.647922 0.657403 0.646138 0.654356 0.651563 0.649602 0.653526 0.647551 0.647708 0.640278 0.649208 0.638120 0.654766 0.644074 0.655859 0.645185 0.661919 0.618449 0.662513 0.622912 0.662266 0.626194 0.660198 0.635708 0.658021 0.643333
2 0.551177 0.701611 0.548271 0.708208 0.547789 0.709569 0.545299 0.717361 0.545177 0.718435 0.547557 0.721306 0.549656 0.719583 0.556219 0.699676 0.553557 0.697954 0.552398 0.697352
2 0.534115 0.699532 0.534328 0.729120 0.539854 0.726468 0.538240 0.695273 0.536372 0.693940 0.535646 0.695944 0.535365 0.698958
7 0.507346 0.681440 0.505714 0.699444 0.520276 0.725079 0.526901 0.735537 0.528443 0.733625 0.529609 0.727236 0.530076 0.710477 0.520229 0.700440 0.512620 0.689236
2 0.535758 0.474407 0.533648 0.472162 0.532190 0.470338 0.533000 0.466884 0.534458 0.466500 0.537969 0.468324 0.544177 0.471491 0.551307 0.470338 0.552440 0.470338 0.552169 0.473125 0.551589 0.475556 0.547958 0.476389 0.544719 0.476389 0.539427 0.475620 0.537698 0.475236
2 0.554490 0.469162 0.557820 0.467347 0.561482 0.466231 0.568542 0.465366 0.569529 0.466981 0.569982 0.468903 0.570219 0.470597 0.566365 0.470597 0.563812 0.470505 0.562625 0.470616 0.555448 0.473815 0.554125 0.473931 0.554177 0.472171
1 0.581641 0.477500 0.579635 0.477963 0.579818 0.479352 0.580260 0.480648 0.585906 0.479889 0.586354 0.476944
2 0.571526 0.471815 0.579635 0.477963 0.581641 0.477500 0.581172 0.475694 0.572943 0.467731 0.570984 0.467319
1 0.497693 0.558088 0.498990 0.564032 0.503086 0.574319 0.506161 0.582032 0.506695 0.580014 0.506943 0.579407 0.504534 0.572606 0.500737 0.563176 0.498958 0.557407
1 0.433031 0.336250 0.438260 0.338634 0.441013 0.340130 0.444607 0.340625 0.447315 0.340625 0.450346 0.340875 0.451513 0.341208 0.453474 0.334736 0.452682 0.333991 0.452542 0.333074 0.453474 0.331333 0.454688 0.330588 0.456414 0.324116 0.454260 0.327625 0.449982 0.332926 0.448714 0.336894 0.446474 0.336894 0.444378 0.335764 0.434133 0.331694
10 0.527180 0.549713 0.527833 0.553431 0.530576 0.561750 0.532997 0.568347 0.536870 0.573940 0.541224 0.581972 0.550099 0.586486 0.553326 0.586486 0.555318 0.585477 0.553990 0.585153 0.548990 0.580384 0.547453 0.578995 0.546516 0.577236 0.546594 0.574782 0.547505 0.572560
2 0.514276 0.568940 0.515729 0.571736 0.515971 0.573028 0.519156 0.573815 0.526578 0.573889 0.523352 0.583282 0.520648 0.584069 0.519177 0.582370 0.510638 0.575611 0.509487 0.574000 0.508995 0.574000 0.508367 0.574866 0.507742 0.576398 0.506573 0.572597 0.506531 0.569014 0.506747 0.568250 0.511768 0.574074 0.513057 0.571407
1 0.644349 0.648769 0.652396 0.646176 0.653526 0.647551 0.651563 0.649602 0.645365 0.651407
1 0.456672 0.443014 0.455047 0.440569 0.454672 0.440681 0.453484 0.440792 0.452672 0.441347 0.452109 0.441125 0.451859 0.440458 0.453422 0.437236 0.452234 0.433463 0.452422 0.431685 0.454109 0.435903 0.458172 0.429574 0.458922 0.430796 0.454859 0.437903 0.456484 0.441236
10 0.463919 0.469139 0.469211 0.467190 0.469661 0.471250 0.469714 0.473565 0.469714 0.478796 0.469375 0.487315 0.469529 0.491042 0.469849 0.494153 0.469091 0.496491 0.467497 0.497551 0.464792 0.497338 0.463039 0.496843 0.462760 0.498542 0.462122 0.499463 0.461482 0.499153 0.460677 0.493056 0.460232 0.487463 0.459990 0.484880 0.460354 0.481366 0.460354 0.479431 0.459909 0.476991 0.459062 0.475630 0.458977 0.474120 0.459773 0.473130 0.461247 0.473273 0.461685 0.473343 0.465247 0.489139 0.466344 0.490343 0.467565 0.489324 0.468531 0.488120 0.468297 0.486778
2 0.497807 0.481847 0.499729 0.477917 0.503336 0.480847 0.503297 0.481199 0.503255 0.482829 0.504091 0.484528 0.507039 0.488208 0.507836 0.487713 0.508313 0.487074 0.508591 0.486440 0.508766 0.485231 0.514253 0.489968 0.516633 0.492690 0.515099 0.495375 0.515997 0.498472 0.515401 0.500241 0.514406 0.499532 0.513409 0.498542 0.512693 0.499111 0.512612 0.499250 0.508107 0.494495 0.500776 0.486287 0.500880 0.485458 0.500958 0.483185 0.500125 0.482769
2 0.501380 0.494597 0.501487 0.496963 0.501648 0.499995 0.501648 0.501704 0.501115 0.501796 0.500581 0.501704 0.499570 0.500755 0.499005 0.502213 0.497911 0.502954 0.492318 0.499722 0.501094 0.511944 0.502659 0.514676 0.502659 0.514676 0.504526 0.515352 0.504846 0.513926 0.505539 0.509759 0.505805 0.506630 0.506339 0.503977 0.507245 0.502935 0.507672 0.502463
10 0.523352 0.583282 0.524469 0.583171 0.527776 0.584977 0.531240 0.587477 0.534130 0.588912 0.537594 0.589282 0.538401 0.589653 0.538792 0.591366 0.539130 0.592801 0.542333 0.592847 0.545406 0.592431 0.548615 0.593685 0.549344 0.593856 0.549130 0.591824 0.546203 0.589037 0.540208 0.584468 0.537641 0.581296 0.535500 0.579269 0.535927 0.572037 0.532997 0.568347 0.530576 0.561750 0.527833 0.553431 0.527180 0.549713 0.526758 0.551204 0.526339 0.551579 0.527594 0.556347 0.528154 0.559074 0.520414 0.565954 0.519437 0.561991 0.518599 0.560315 0.517414 0.563477 0.517159 0.565944 0.517229 0.569625 0.517229 0.573306 0.519156 0.573815 0.526578 0.573889
1 0.494646 0.554727 0.488107 0.551546 0.488107 0.554394 0.494219 0.557963 0.494089 0.555880
1 0.503672 0.554440 0.506406 0.556852 0.506313 0.559514 0.502526 0.556019
2 0.666214 0.651694 0.659685 0.646213 0.657323 0.646699 0.666719 0.655370
10 0.552896 0.802005 0.555156 0.804468 0.556370 0.807120 0.563604 0.796171 0.564924 0.794810 0.569083 0.807704 0.568867 0.808759 0.568867 0.813366 0.568164 0.820662 0.568651 0.825759 0.570594 0.832000 0.572216 0.830847 0.572323 0.827968 0.572917 0.823935 0.573727 0.813463 0.573997 0.805398 0.573885 0.801778 0.576966 0.794394 0.579151 0.797769 0.580063 0.801472 0.579062 0.807546 0.579062 0.813287 0.579503 0.816222 0.573229 0.835852 0.567794 0.853398 0.566346 0.841477 0.565826 0.838884 0.564604 0.836199 0.563172 0.832310 0.561034 0.827032 0.559836 0.826801 0.557753 0.827171
1 0.557932 0.595551 0.556151 0.593671 0.555656 0.592606 0.555943 0.591681 0.556359 0.591403 0.557036 0.591403 0.561281 0.596958 0.560430 0.599023
1 0.513159 0.664560 0.514505 0.671713 0.515578 0.671014
1 0.529784 0.700097 0.532318 0.703519 0.532552 0.706250 0.531919 0.705699 0.530409 0.703801
2 0.572740 0.576296 0.580646 0.583755 0.590771 0.596375 0.596943 0.604481 0.599281 0.607565 0.598477 0.610144 0.597708 0.610935 0.590984 0.608921 0.590948 0.607306 0.588544 0.606810 0.584633 0.606903 0.579659 0.605190 0.579177 0.603319 0.579146 0.601176 0.577971 0.599403 0.574930 0.598384 0.572398 0.596838 0.571555 0.594907 0.570771 0.593671 0.566641 0.591801 0.564023 0.593028 0.566044 0.585407 0.565883 0.582537
2 0.566302 0.414815 0.569380 0.418542 0.573885 0.417708 0.566419 0.409407 0.562771 0.405602 0.561378 0.409106 0.561378 0.409106
1 0.531641 0.697778 0.533193 0.711782 0.534117 0.711454 0.532969 0.698796
2 0.530930 0.680458 0.527799 0.687435 0.529589 0.689148 0.532789 0.682356 0.531797 0.680806
2 0.508474 0.656981 0.511062 0.659204 0.512638 0.664755 0.513159 0.664560 0.514505 0.671713 0.513203 0.672264 0.513255 0.675088 0.515086 0.674236 0.517461 0.684894 0.512326 0.677745 0.508104 0.670597 0.507427 0.670667 0.504818 0.666537 0.505987 0.665653 0.508219 0.662704 0.508641 0.658477
1 0.560419 0.592944 0.555318 0.585477 0.554430 0.585898 0.559958 0.594255 0.560344 0.593532
1 0.687370 0.660565 0.687609 0.662829 0.688445 0.665380 0.689560 0.666866 0.690276 0.668421 0.692547 0.669481 0.693383 0.670051 0.693901 0.671394 0.694536 0.672741 0.696250 0.674083 0.697562 0.674579 0.698120 0.675218 0.698120 0.677764 0.699195 0.677907 0.698758 0.674509 0.697643 0.673662 0.696846 0.673167 0.695971 0.672245 0.695253 0.670972 0.693859 0.669981 0.693341 0.668491 0.692667 0.667218 0.691870 0.666935 0.690635 0.666509 0.689161 0.664245 0.688086 0.661343
1 0.684781 0.657519 0.683029 0.662972 0.682672 0.663398 0.682273 0.664176 0.682193 0.665593 0.682115 0.666866 0.681318 0.668704 0.680839 0.667644 0.681078 0.666583 0.681159 0.664954 0.681437 0.663750 0.681875 0.662194 0.682432 0.660917 0.682870 0.660352 0.683466 0.659431 0.684143 0.656602
7 0.405417 0.216296 0.404818 0.214120 0.404193 0.210787 0.404479 0.208981 0.406172 0.208472 0.409531 0.208472 0.412760 0.208472 0.415339 0.206250 0.417990 0.205921 0.414995 0.217963 0.414323 0.221148 0.412997 0.218792 0.411578 0.216972 0.408930 0.216060
7 0.420286 0.208472 0.426229 0.214472 0.425245 0.217106 0.428016 0.220537 0.430367 0.214213 0.437086 0.221875 0.433268 0.225204 0.438016 0.230648 0.441836 0.227329 0.443523 0.229472 0.440047 0.233037 0.439505 0.236398 0.422711 0.234940 0.410630 0.244245 0.419375 0.209884 0.419164 0.206671
2 0.418948 0.201889 0.425560 0.203310 0.427104 0.209662 0.420286 0.208472 0.420052 0.205370
2 0.419271 0.202083 0.421635 0.199782 0.423893 0.197468 0.424344 0.199056 0.422638 0.200667 0.423383 0.202847
2 0.407682 0.182176 0.405763 0.178500 0.406049 0.176343 0.405906 0.173551 0.406977 0.171773 0.410331 0.170125 0.411615 0.173148 0.413859 0.179833 0.421635 0.199782 0.419271 0.202083 0.418411 0.199583 0.416693 0.194676 0.414401 0.190093 0.411849 0.185602 0.409479 0.182685
2 0.636401 0.605361 0.638177 0.612917 0.637839 0.613657 0.637872 0.615995 0.633234 0.619940 0.627589 0.600796 0.629542 0.601815 0.633500 0.604593
2 0.634727 0.595481 0.633193 0.595361 0.625641 0.594065 0.622250 0.582523 0.631029 0.576500
1 0.672151 0.625838 0.676161 0.642944 0.677661 0.648398 0.679263 0.654657 0.680414 0.654162 0.678880 0.648708 0.678044 0.643440 0.673547 0.625528
1 0.676365 0.646750 0.677969 0.660741 0.679385 0.664111 0.678187 0.650454 0.677661 0.648398
1 0.675841 0.625981 0.676521 0.637185 0.673917 0.626954 0.673966 0.625611 0.675458 0.625361
10 0.654979 0.678005 0.656359 0.675412 0.659695 0.671755 0.660948 0.669917 0.662685 0.669708 0.662685 0.669708 0.663060 0.672593 0.662997 0.678481 0.662872 0.683704 0.662560 0.686144 0.660922 0.684486 0.658839 0.683329 0.657813 0.683333
15 0.603466 0.585634 0.611799 0.591745 0.613388 0.598227 0.608979 0.595333 0.604013 0.593366 0.604013 0.593366 0.599065 0.590398 0.596305 0.587157
15 0.625641 0.594065 0.633193 0.595361 0.641682 0.595454 0.650589 0.595500 0.654625 0.594898 0.654568 0.598111 0.653917 0.600241 0.654255 0.602463 0.654385 0.604731 0.654333 0.605843 0.654333 0.606352 0.645635 0.606537 0.638318 0.606074 0.633500 0.604593 0.629542 0.601815 0.627589 0.600796
2 0.670234 0.647023 0.667648 0.650065 0.667169 0.646741 0.668961 0.644685
2 0.670633 0.643060 0.671630 0.642421 0.672625 0.644546 0.671828 0.645394
2 0.662471 0.655588 0.656776 0.662454 0.655661 0.660190 0.660719 0.654102
10 0.548055 0.791093 0.554930 0.829486 0.554930 0.829486 0.553750 0.836435 0.547943 0.828333 0.540859 0.817824 0.540859 0.815556 0.540599 0.812315 0.540234 0.808380 0.539609 0.804444 0.538698 0.801343 0.537448 0.799907
1 0.656779 0.628986 0.657586 0.627764 0.658352 0.626833 0.660128 0.626333 0.659724 0.628338 0.658997 0.628912 0.658352 0.629273 0.658029 0.629847 0.657466 0.630491 0.656659 0.630847
2 0.545682 0.845963 0.556310 0.858296 0.565099 0.868213 0.566211 0.867222 0.566664 0.865921 0.566633 0.864310 0.564935 0.861898 0.552698 0.843181 0.553003 0.841255 0.551016 0.838528 0.547385 0.836236 0.544875 0.835986 0.543310 0.835986
5 0.562997 0.457269 0.558909 0.443056 0.567128 0.433417 0.573216 0.426347 0.574964 0.424736 0.578820 0.437648 0.581169 0.446917 0.577826 0.453019 0.576862 0.450773 0.572734 0.455593 0.572974 0.456769 0.570503 0.456074 0.571107 0.454574 0.569750 0.450986 0.565141 0.456449
2 0.600609 0.514750 0.596146 0.509500 0.595302 0.508963 0.591357 0.510088 0.590487 0.501468 0.592526 0.499815 0.596508 0.500977 0.598721 0.501532 0.600570 0.502829 0.602565 0.503176 0.606229 0.510532 0.604320 0.519352 0.602896 0.517588 0.601477 0.513644
15 0.605893 0.520213 0.621089 0.533685 0.622174 0.534546 0.629044 0.539634 0.633990 0.544343 0.635573 0.545528 0.639305 0.548505 0.639336 0.547019 0.642706 0.550389 0.668419 0.565694 0.676073 0.561625 0.674956 0.556903 0.639922 0.533292 0.634273 0.528583 0.627448 0.523009 0.624505 0.521343 0.621799 0.519236 0.613151 0.511616 0.609305 0.508532 0.607490 0.513245 0.606201 0.517954
17 0.489721 0.597546 0.491557 0.596176 0.494591 0.595931 0.496971 0.596843 0.496458 0.599829 0.495992 0.605884 0.496271 0.611444 0.500193 0.623806 0.498607 0.626708 0.494286 0.612972
17 0.481917 0.617972 0.483549 0.624278 0.485229 0.627931 0.488635 0.631500 0.490690 0.631995 0.493117 0.632162 0.494984 0.630917 0.496711 0.629259 0.488667 0.603991 0.487365 0.603407 0.486990 0.609551 0.486523 0.613616 0.484932 0.616931 0.482974 0.617843
1 0.650906 0.631995 0.652820 0.630333 0.653427 0.630417 0.653846 0.630917 0.654779 0.630833 0.655526 0.630417 0.655432 0.631995 0.654919 0.632574 0.654128 0.632657 0.653240 0.632074 0.651979 0.632741 0.651000 0.633736
2 0.678867 0.686255 0.686552 0.701139 0.696299 0.722801 0.695737 0.723134 0.693237 0.719468 0.692615 0.720245 0.691427 0.718134 0.692115 0.717023 0.684492 0.699144 0.680180 0.691366 0.677492 0.687810
5 0.601576 0.653597 0.599867 0.645787 0.601961 0.643495 0.602203 0.642194 0.601542 0.639838 0.604992 0.637236 0.605049 0.640264 0.607068 0.649944 0.604227 0.651676
2 0.602961 0.657597 0.607362 0.658245 0.607492 0.660190 0.607232 0.660838 0.600409 0.660421
5 0.602987 0.660560 0.604029 0.664727 0.606711 0.663616 0.609055 0.662968 0.610461 0.662690 0.608117 0.654356 0.605669 0.654866 0.604237 0.655977 0.602961 0.657597 0.607362 0.658245 0.607492 0.660190 0.607232 0.660838
5 0.611307 0.653454 0.614167 0.653426 0.617526 0.653935 0.621198 0.656528 0.622344 0.657685 0.622812 0.659861 0.622604 0.661620 0.618854 0.661713 0.616510 0.661528 0.613859 0.661509
5 0.605331 0.669130 0.605591 0.671074 0.608430 0.670287 0.610826 0.670889 0.611424 0.670704 0.613651 0.670356 0.612023 0.666292
1 0.518188 0.680148 0.524802 0.683065 0.526573 0.684181 0.527458 0.685755 0.528135 0.689176 0.529099 0.696259 0.530167 0.702005 0.530635 0.704968 0.531495 0.707370 0.532094 0.708991 0.531703 0.709597 0.531182 0.709454 0.530870 0.708852 0.529646 0.704782 0.529411 0.702556 0.528521 0.698019 0.526938 0.687926 0.526495 0.686583 0.525687 0.685472 0.524958 0.684778 0.518917 0.682139 0.518234 0.680889
1 0.521328 0.693977 0.526641 0.702356 0.526745 0.703792 0.526406 0.704162 0.525391 0.703574 0.521719 0.696954
1 0.504818 0.666537 0.512422 0.678898 0.517474 0.687417 0.518411 0.689083 0.518984 0.692046 0.513484 0.683255 0.503497 0.667324
5 0.420250 0.473787 0.413901 0.465574 0.413247 0.463250 0.413810 0.459514 0.414742 0.457523 0.416703 0.454787 0.418102 0.452213 0.419549 0.448481 0.420529 0.444995 0.421464 0.442009 0.422956 0.436866 0.424169 0.433296 0.425896 0.429315 0.426690 0.428403 0.430703 0.430227 0.432805 0.431884 0.433690 0.435954 0.435232 0.452463 0.437659 0.474782 0.438721 0.494722 0.438693 0.507023 0.437526 0.516481 0.436594 0.522125 0.436081 0.523120 0.435146 0.523704 0.431599 0.519718 0.429685 0.517148 0.428846 0.514491 0.428940 0.513000 0.428987 0.511505 0.425578 0.507773 0.424458 0.506361 0.422826 0.506444 0.421146 0.505032 0.418018 0.500222 0.416432 0.497398 0.416617 0.492838
5 0.444495 0.474745 0.440661 0.467356 0.443630 0.460731 0.442875 0.456986 0.439310 0.463611 0.434839 0.449287 0.433690 0.435954 0.432805 0.431884 0.441120 0.414977 0.444440 0.409208 0.445195 0.406847 0.445898 0.404204 0.446260 0.402171 0.446839 0.400597 0.447513 0.399250 0.448398 0.411616 0.448214 0.426528 0.448214 0.433648 0.447784 0.440185 0.448005 0.444620 0.449284 0.451014 0.451055 0.460185 0.451638 0.463389 0.453070 0.467181 0.454786 0.471579 0.455099 0.472741 0.456224 0.482398 0.456557 0.485986 0.457885 0.491412 0.458615 0.494463 0.458534 0.497894 0.455781 0.492130 0.450380 0.482722 0.446005 0.473125
5 0.447146 0.392532 0.447513 0.399250 0.448398 0.411616 0.448214 0.426528 0.448214 0.433648 0.447784 0.440185 0.448005 0.444620 0.449284 0.451014 0.451055 0.460185 0.451638 0.463389 0.453070 0.467181 0.454786 0.471579 0.455099 0.472741 0.456224 0.482398 0.456557 0.485986 0.457885 0.491412 0.458615 0.494463 0.458534 0.497894 0.458750 0.512486 0.459021 0.524102 0.458812 0.526731 0.460375 0.534000 0.463875 0.547505 0.464786 0.549370 0.467448 0.558245 0.470807 0.565963 0.474505 0.568894 0.476805 0.568458 0.478201 0.569139 0.479805 0.569824 0.469708 0.557301 0.469708 0.554218 0.470031 0.552639 0.471159 0.551352 0.472089 0.550704 0.472484 0.548495 0.472042 0.543833 0.467685 0.529560 0.465750 0.523181 0.464065 0.512991 0.462289 0.508690 0.461523 0.504671 0.461482 0.499153 0.460677 0.493056 0.460232 0.487463 0.459990 0.484880 0.460354 0.481366 0.460354 0.479431 0.459909 0.476991 0.459062 0.475630 0.458378 0.474194 0.457448 0.469894 0.456120 0.467208 0.454487 0.456505 0.451872 0.454181 0.451128 0.453019 0.450940 0.449532 0.450940 0.446296 0.452060 0.436259 0.453003 0.428028 0.453276 0.423718 0.452891 0.420431 0.453188 0.415000 0.453026 0.408412 0.448667 0.398056
1 0.567023 0.576222 0.569193 0.568981 0.570247 0.564167 0.570849 0.561653 0.571872 0.562134 0.570969 0.566148 0.569945 0.570056 0.568318 0.575523
5 0.566299 0.567593 0.568859 0.564699 0.569523 0.565241 0.569885 0.565935 0.569193 0.568981 0.567023 0.576222 0.564570 0.578106 0.565768 0.575745 0.566654 0.572458 0.566445 0.570329
5 0.570690 0.567097 0.573216 0.571125 0.570232 0.574014 0.568318 0.575523 0.569945 0.570056
5 0.575456 0.574134 0.579258 0.581125 0.577852 0.581171 0.572740 0.576296
5 0.581169 0.446917 0.586443 0.437259 0.587573 0.435824 0.589346 0.439125 0.592049 0.445866 0.595641 0.452245 0.590880 0.461352 0.589417 0.463829 0.585354 0.470606 0.574302 0.458556 0.577826 0.453019
5 0.523383 0.375745 0.523990 0.395755 0.525763 0.400986 0.528185 0.403213 0.532299 0.408662 0.535365 0.411889 0.537542 0.408519 0.540125 0.403356 0.544560 0.396759 0.552385 0.384708 0.549362 0.377681 0.546820 0.372231 0.536292 0.386718 0.532096 0.393458 0.530766 0.381481 0.529635 0.375819 0.527216 0.374884 0.525682 0.374884
5 0.542422 0.378333 0.544109 0.372292 0.547352 0.362625 0.549409 0.357727 0.551570 0.357356 0.553802 0.358347 0.556937 0.358162 0.558333 0.358657 0.561435 0.356736 0.562552 0.354380 0.561750 0.352958 0.557914 0.351963 0.552128 0.348741 0.555753 0.339259 0.556591 0.337088 0.559727 0.335542 0.568721 0.339755 0.573602 0.342481 0.580018 0.343597 0.587198 0.346199 0.587758 0.346449 0.586852 0.349796 0.586503 0.354134 0.585177 0.358657 0.580227 0.371861 0.578549 0.373824 0.575242 0.381069 0.570807 0.391037 0.567174 0.389889 0.561771 0.387736 0.562956 0.384444 0.568198 0.371106 0.567685 0.369069 0.566359 0.368000 0.557922 0.364356 0.554578 0.364731 0.550331 0.379676 0.549362 0.377681 0.546820 0.372231
5 0.547453 0.417352 0.552549 0.411569 0.553250 0.410574 0.557896 0.405269 0.561542 0.401796 0.568521 0.397727 0.569320 0.396042 0.570807 0.391037 0.575242 0.381069 0.578549 0.373824 0.580227 0.371861 0.579979 0.377190 0.580607 0.379486 0.580747 0.380662 0.579812 0.382778 0.578693 0.384102 0.576172 0.389329 0.574167 0.395634 0.572018 0.400782 0.568099 0.405926 0.566419 0.409407 0.562771 0.405602 0.562979 0.404116 0.560164 0.405986 0.556536 0.411380 0.555388 0.413361 0.553294 0.415903 0.548904 0.421977
6 0.538747 0.405981 0.544120 0.423778 0.544711 0.425824 0.547849 0.426009 0.549383 0.423407 0.548904 0.421977 0.547453 0.417352 0.545859 0.410514 0.545091 0.405370 0.542836 0.399407 0.540125 0.403356
5 0.542836 0.399407 0.544560 0.396759 0.549487 0.388986 0.551297 0.399542 0.545091 0.405370
5 0.513927 0.401213 0.521089 0.404731 0.521531 0.403759 0.523990 0.395755 0.523740 0.389208 0.521648 0.387968 0.521021 0.387718 0.520635 0.389519 0.518544 0.391685 0.517255 0.391935 0.516453 0.393731 0.517742 0.394477 0.515721 0.399495 0.514674 0.398194 0.513628 0.398380
1 0.540703 0.462222 0.538724 0.452574 0.535268 0.439523 0.536008 0.438375 0.538117 0.445458 0.539260 0.450602 0.539878 0.454269 0.541667 0.463593
1 0.539089 0.454565 0.532969 0.444843 0.533490 0.443824 0.538724 0.452574
1 0.540451 0.454000 0.541529 0.455579 0.542987 0.455764 0.545719 0.453912 0.547440 0.452755 0.551031 0.453264 0.553534 0.453495 0.555669 0.455718 0.558273 0.458542 0.558378 0.457204 0.558951 0.456782 0.554833 0.453454 0.554211 0.452019 0.551810 0.451694 0.549219 0.451426 0.547078 0.451106 0.544698 0.452981 0.543070 0.454269 0.541927 0.453356 0.541745 0.453032
6 0.529859 0.452296 0.542151 0.470444 0.544177 0.471491 0.546797 0.471111 0.540703 0.462222 0.531604 0.448315
6 0.545990 0.476296 0.548828 0.481574 0.549896 0.480509 0.551328 0.478796 0.551432 0.477963 0.549870 0.475926 0.547958 0.476389
6 0.552292 0.484907 0.559193 0.495046 0.559115 0.489398 0.553464 0.481852 0.552734 0.483611
6 0.571242 0.513463 0.577221 0.522194 0.576117 0.515287 0.570625 0.506667
6 0.579404 0.524301 0.580286 0.524250 0.580932 0.522241 0.577464 0.516648 0.578372 0.521634
5 0.571526 0.471815 0.573049 0.483306 0.574667 0.480389 0.575865 0.478352 0.578443 0.477056
5 0.475417 0.582949 0.474219 0.583287 0.473385 0.583981 0.473646 0.586204 0.474766 0.589028 0.476120 0.589769 0.478073 0.588565 0.480208 0.588935 0.481563 0.590972 0.483438 0.591944 0.489583 0.593426 0.489740 0.591157 0.489687 0.589907 0.488385 0.587130 0.486690 0.587190 0.485609 0.586199 0.484599 0.583903 0.482138 0.583042 0.481513 0.583088
8 0.460924 0.470111 0.465247 0.489139 0.466344 0.490343 0.467565 0.489324 0.468531 0.488120 0.468297 0.486778 0.463919 0.469139
1 0.496893 0.481454 0.501867 0.472519 0.502417 0.473144 0.497807 0.481847
6 0.553594 0.490000 0.554750 0.489810 0.559464 0.504662 0.559729 0.516176 0.558125 0.514306 0.550729 0.496111 0.550495 0.492824 0.551927 0.491759
1 0.547708 0.460278 0.549661 0.458704 0.551250 0.458287 0.552734 0.458287 0.553437 0.458194 0.553854 0.457778 0.553984 0.456296 0.554557 0.454583 0.555443 0.455417 0.555000 0.457407 0.554583 0.458935 0.553958 0.459815 0.551432 0.460139 0.550104 0.460370 0.548620 0.461574
1 0.554833 0.453454 0.555495 0.452546 0.556328 0.451296 0.557526 0.450556 0.558464 0.450185 0.558646 0.451343 0.557526 0.452037 0.556589 0.453009 0.555938 0.454398
1 0.560698 0.456963 0.558646 0.451343 0.558464 0.450185 0.558328 0.448815 0.558927 0.448074 0.559161 0.448259 0.559135 0.450111 0.559865 0.451870 0.561557 0.457148
5 0.526839 0.369931 0.528526 0.335718 0.530086 0.335495 0.534898 0.338051 0.544396 0.341273 0.545021 0.345718 0.544109 0.372292 0.543383 0.375074 0.542339 0.373028 0.540490 0.371106 0.538221 0.370185 0.534805 0.370185 0.532156 0.370796 0.530625 0.367884 0.529992 0.366208
5 0.527052 0.364796 0.523130 0.360315 0.512396 0.347370 0.511091 0.345134 0.511133 0.332287 0.512099 0.321495 0.512789 0.319935 0.515471 0.318009 0.517339 0.318273 0.518062 0.319620 0.518305 0.321329 0.523365 0.328829 0.529904 0.333972 0.543013 0.339431 0.543135 0.340824 0.534898 0.338051 0.530086 0.335495 0.528526 0.335718
5 0.545862 0.340213 0.545500 0.344500 0.546435 0.349750 0.546674 0.351782 0.546224 0.352106 0.545021 0.345718 0.544109 0.372292 0.547352 0.362625 0.549409 0.357727 0.551570 0.357356 0.553802 0.358347 0.556937 0.358162 0.558333 0.358657 0.561435 0.356736 0.562552 0.354380 0.561750 0.352958 0.557914 0.351963 0.552128 0.348741 0.553771 0.344315 0.547594 0.339926
1 0.546299 0.337292 0.553930 0.336319 0.561690 0.333356 0.569190 0.330255 0.572237 0.329051 0.573070 0.329282 0.573721 0.332014 0.574112 0.334606 0.574242 0.336829 0.573602 0.342481 0.572445 0.341736 0.572862 0.338681 0.573148 0.335949 0.565779 0.336134 0.565753 0.338356 0.559727 0.335542 0.556591 0.337088 0.553357 0.337986 0.547594 0.339926 0.545862 0.340213
5 0.551695 0.301204 0.562219 0.325324 0.563466 0.329625 0.562945 0.330875 0.560445 0.333838 0.553930 0.336319 0.546299 0.337292 0.546768 0.334556 0.547279 0.326412 0.548937 0.314250 0.549333 0.309819 0.550297 0.305106
5 0.547594 0.339926 0.553357 0.337986 0.556591 0.337088 0.555753 0.339259 0.554375 0.342870 0.552734 0.343611
5 0.527445 0.298519 0.532708 0.291333 0.533724 0.289412 0.533026 0.285444 0.533026 0.283028 0.534875 0.280546 0.538151 0.279000 0.539404 0.278069 0.540417 0.278255 0.540661 0.279000 0.542583 0.279301 0.543698 0.278662 0.544391 0.278875 0.544602 0.280213 0.543909 0.281870 0.542823 0.284282 0.544641 0.289463 0.544190 0.290431 0.543677 0.290963 0.543557 0.291713 0.544039 0.292838 0.543656 0.293875 0.542404 0.293685 0.542404 0.297528 0.541375 0.300630 0.540034 0.309181 0.537531 0.304481 0.537112 0.303602 0.538008 0.298333 0.531245 0.306019 0.529227 0.301000
5 0.486401 0.335907 0.486510 0.340509 0.487318 0.342176 0.488177 0.343194 0.489870 0.347778 0.495703 0.359491 0.497917 0.364028 0.499714 0.355370 0.502943 0.344491 0.504271 0.340556 0.498362 0.326639 0.497128 0.325352 0.493904 0.327977 0.490919 0.324176 0.488299 0.323852 0.487396 0.322194
5 0.498406 0.367704 0.500359 0.370574 0.504276 0.366384 0.503997 0.363968 0.507065 0.369856 0.506784 0.362542 0.506844 0.353199 0.506357 0.345667 0.504867 0.341366 0.503289 0.346884 0.500669 0.356926 0.498812 0.364097
5 0.507427 0.348361 0.508031 0.349005 0.510492 0.346713 0.514365 0.354741 0.508594 0.361389 0.511940 0.367630 0.508323 0.372241 0.507982 0.364037 0.507820 0.352565
5 0.447112 0.381856 0.447474 0.374685 0.448604 0.371815 0.450135 0.369593 0.450661 0.367014 0.450539 0.362995 0.449732 0.358477 0.449490 0.357046 0.448927 0.355611 0.449570 0.354176 0.451185 0.353819 0.458406 0.356972 0.459414 0.355611 0.460141 0.356329 0.459656 0.361273 0.456591 0.372245 0.455018 0.386806 0.453122 0.395981 0.452719 0.400356 0.452221 0.398861 0.449294 0.390000
5 0.459414 0.355611 0.464258 0.352838 0.465823 0.351875 0.481591 0.350245 0.486937 0.349477 0.490286 0.383556 0.490826 0.388069 0.484401 0.394505 0.480297 0.392676 0.476732 0.392676 0.471638 0.386815 0.469945 0.378421 0.466599 0.368755 0.465448 0.370241 0.462695 0.372347 0.461336 0.375509 0.460883 0.380468 0.460638 0.384991 0.459615 0.386148 0.455023 0.385477 0.456591 0.372245 0.459656 0.361273 0.460141 0.356329
5 0.490826 0.388069 0.493427 0.386417 0.495523 0.386130 0.497695 0.383843 0.499638 0.393250 0.501422 0.398819 0.498589 0.400255 0.495281 0.397963 0.491893 0.396528 0.488060 0.394949 0.484401 0.394505
5 0.493982 0.410681 0.493284 0.403852 0.496786 0.401028 0.500099 0.403185 0.500391 0.401343 0.498589 0.400255 0.501422 0.398819 0.502328 0.398319 0.506773 0.396051 0.507174 0.420634 0.503833 0.417375 0.501826 0.416630 0.500313 0.417153 0.500313 0.414329 0.499940 0.412505 0.494573 0.408852
5 0.485388 0.395801 0.487680 0.396079 0.492003 0.398023 0.496786 0.401028 0.493284 0.403852 0.493982 0.410681 0.493591 0.410356 0.492958 0.409824 0.492174 0.409181 0.491570 0.408218 0.490456 0.405912 0.488799 0.402856 0.485484 0.399269 0.486208 0.398681 0.486268 0.397125
5 0.487714 0.420269 0.489594 0.426134 0.493500 0.412556 0.491060 0.414324 0.489401 0.417431
5 0.495372 0.435306 0.497115 0.438838 0.497219 0.442991 0.496906 0.444417 0.497831 0.448000 0.499276 0.445782 0.498789 0.444542 0.498893 0.441750 0.498333 0.437352 0.496766 0.430102
5 0.475169 0.443972 0.473802 0.453713 0.470560 0.448694 0.469617 0.447329 0.469375 0.446588 0.467737 0.440884 0.467883 0.435792
5 0.410042 0.458426 0.412797 0.444986 0.415604 0.434620 0.418521 0.429148 0.420865 0.430690 0.418352 0.435588 0.418563 0.438130 0.418984 0.439370 0.419542 0.440236 0.416333 0.452639 0.415565 0.456412 0.414742 0.457523 0.413810 0.459514 0.413247 0.463250 0.413901 0.465574 0.417404 0.470102 0.418445 0.473708 0.419336 0.478741 0.418849 0.481560
1 0.403503 0.429074 0.399232 0.415694 0.394508 0.401065 0.394380 0.399463 0.394979 0.395296 0.396255 0.389185 0.396620 0.386685 0.397036 0.386546 0.397401 0.386130 0.396672 0.391500 0.395422 0.398722 0.395318 0.401407 0.399120 0.412241 0.404068 0.428431
1 0.397138 0.388060 0.398938 0.389449 0.401695 0.391023 0.404299 0.392458 0.405578 0.392690 0.405370 0.393755 0.401932 0.392273 0.400654 0.391532 0.398417 0.390097 0.396906 0.389264
1 0.397557 0.386162 0.401984 0.388894 0.406359 0.392227 0.408495 0.394125 0.410289 0.397829 0.412578 0.406870 0.414151 0.415116 0.415120 0.422574 0.415120 0.425801 0.414797 0.425870 0.414516 0.423292 0.413505 0.414972 0.411609 0.406009 0.409875 0.398907 0.407414 0.394532 0.405578 0.392690 0.402130 0.390519 0.398581 0.388296 0.397130 0.387435
1 0.396255 0.389185 0.394505 0.387824 0.391589 0.385880 0.388099 0.383796 0.385964 0.382731 0.383906 0.380231 0.382344 0.377870 0.381432 0.375324 0.380469 0.372130 0.380156 0.369907 0.379844 0.367407 0.380286 0.364630 0.381016 0.362593 0.381615 0.362593 0.381719 0.363380 0.381146 0.364583 0.380781 0.366250 0.380521 0.367963 0.380937 0.371481 0.382578 0.376620 0.384141 0.379213 0.385885 0.381157 0.388932 0.382824 0.392607 0.385069 0.395654 0.387384 0.396406 0.388009
2 0.435474 0.266829 0.422339 0.259273 0.409956 0.251722 0.410677 0.244278 0.422711 0.234940 0.439505 0.236398 0.440047 0.233037 0.448523 0.224301 0.460820 0.210986 0.438016 0.230648 0.433268 0.225204 0.453448 0.207986 0.463195 0.199657 0.479010 0.186903 0.492727 0.192662 0.493049 0.200343 0.489810 0.198903 0.482089 0.207255 0.492240 0.211000 0.492240 0.212343 0.501906 0.204565 0.500286 0.203704 0.496182 0.194102 0.508062 0.198903 0.509521 0.206773 0.473224 0.239102 0.452115 0.258250 0.443802 0.264421 0.443112 0.264282 0.437883 0.264903
5 0.421635 0.199782 0.413859 0.179833 0.419753 0.176856 0.433310 0.166509 0.438021 0.162296 0.441367 0.164588 0.449036 0.161736 0.452323 0.160213 0.457432 0.155125 0.459151 0.152389 0.462141 0.161421 0.460365 0.162981 0.452557 0.169699 0.448643 0.173144 0.443359 0.175940 0.435776 0.183181 0.427385 0.188130 0.426096 0.184546 0.422990 0.186051 0.423555 0.189995 0.422224 0.191287 0.423893 0.197468
5 0.413859 0.179833 0.411615 0.173148 0.417604 0.169491 0.419753 0.176856
5 0.441367 0.164588 0.447500 0.154398 0.451406 0.155556 0.450547 0.154028 0.451484 0.152500 0.452240 0.151944 0.453672 0.152963 0.456172 0.156389 0.452323 0.160213 0.449036 0.161736
5 0.425245 0.217106 0.427508 0.211005 0.428875 0.207644 0.431734 0.203736 0.433271 0.203736 0.434055 0.205019 0.433992 0.208014 0.432456 0.209301 0.432578 0.210051 0.439568 0.207856 0.446833 0.202718 0.447917 0.201269 0.450055 0.201806 0.451823 0.209306 0.437086 0.221875 0.430367 0.214213 0.428016 0.220537
5 0.405693 0.266509 0.424781 0.274310 0.424870 0.275875 0.421016 0.284116 0.420104 0.292125 0.419508 0.299116 0.416099 0.304176 0.414094 0.304676 0.411479 0.303431 0.410034 0.304009 0.408167 0.302519 0.408167 0.301023 0.405833 0.299699 0.399112 0.295468 0.404513 0.271051
5 0.396477 0.293903 0.388484 0.289005 0.387406 0.292847 0.385570 0.292079 0.385029 0.290731 0.385029 0.287852 0.383896 0.285935 0.383896 0.283532 0.387190 0.272301 0.386758 0.264815 0.390536 0.259819 0.391510 0.258671 0.392966 0.260111 0.394263 0.261356 0.395398 0.259819 0.397341 0.259056 0.398638 0.259727 0.398961 0.260204 0.398151 0.261935 0.397667 0.262796 0.403497 0.265389
5 0.399544 0.238352 0.393339 0.242880 0.388180 0.246782 0.386297 0.247958 0.383721 0.245852 0.383299 0.245231 0.384693 0.241884 0.388945 0.234199 0.392784 0.228005 0.395883 0.216755 0.408930 0.216060 0.411578 0.216972 0.412997 0.218792 0.414323 0.221148 0.404763 0.260458 0.403195 0.252528
5 0.405870 0.265088 0.406172 0.266694 0.413552 0.269639 0.415932 0.265838 0.419609 0.260907 0.421026 0.258500 0.411654 0.252713 0.409966 0.256569 0.409956 0.251722 0.409695 0.248588
5 0.476034 0.178667 0.478794 0.181676 0.483768 0.184639 0.484497 0.186722 0.485227 0.188204 0.491034 0.188574 0.492021 0.188537 0.491734 0.187102 0.490979 0.186685 0.490120 0.185806 0.489078 0.178074 0.490563 0.178167 0.493089 0.180111 0.496891 0.185389 0.499495 0.188954 0.502880 0.189278 0.503161 0.191644 0.503370 0.193773 0.503474 0.194838 0.503474 0.196134 0.503578 0.197199 0.496182 0.194102 0.500286 0.203704 0.500826 0.205616 0.492240 0.212343 0.492240 0.211000 0.492424 0.207042 0.492807 0.204625 0.493086 0.203139 0.493049 0.200343 0.492727 0.192662 0.479010 0.186903 0.472555 0.192065 0.471201 0.189704 0.470201 0.187523 0.475219 0.183435 0.475984 0.181940
5 0.507513 0.208454 0.510768 0.217111 0.511289 0.219009 0.511549 0.220259 0.510719 0.222713 0.509388 0.226324 0.508451 0.230259 0.508115 0.231046 0.504885 0.225769 0.504208 0.222343 0.502802 0.212667
5 0.499901 0.215255 0.501047 0.223264 0.500370 0.227384 0.497479 0.233773 0.495734 0.236088 0.496227 0.238505 0.495984 0.243648 0.491307 0.244560 0.486448 0.244852 0.480617 0.245523 0.479331 0.246218 0.479471 0.241444 0.486268 0.233759 0.489057 0.235120 0.490591 0.235370 0.492195 0.231898 0.494594 0.220005
1 0.478240 0.246944 0.478771 0.234000 0.479555 0.233519 0.479471 0.241444 0.479331 0.246218
8 0.479495 0.237912 0.484135 0.232769 0.485310 0.233787 0.486268 0.233759 0.479471 0.241444
8 0.478591 0.238449 0.472443 0.245949 0.474341 0.247125 0.478349 0.242843
5 0.467333 0.244227 0.472443 0.245949 0.474341 0.247125 0.476766 0.247870 0.478240 0.246944 0.479331 0.246218 0.480617 0.245523 0.486448 0.244852 0.491307 0.244560 0.495984 0.243648 0.505643 0.247370 0.515500 0.250935 0.514487 0.256537 0.510190 0.254315 0.505112 0.252926 0.500268 0.253528 0.496232 0.254639 0.495268 0.254968 0.487922 0.252417 0.485674 0.252787 0.482060 0.254616 0.479740 0.255412 0.478203 0.255787 0.472326 0.254500 0.471000 0.250537 0.464245 0.247083
5 0.472326 0.254500 0.473802 0.260528 0.473557 0.263319 0.473104 0.265796 0.474987 0.282407 0.478263 0.284019 0.479344 0.285380 0.478648 0.287116 0.478753 0.288046 0.480531 0.287861 0.481505 0.286745 0.483005 0.282282 0.483458 0.279310 0.483703 0.278130 0.492523 0.292014 0.496289 0.286185 0.499320 0.279616 0.498971 0.278690 0.496289 0.278194 0.495312 0.277139 0.495870 0.273236 0.498031 0.270384 0.498938 0.269083 0.498938 0.267347 0.490221 0.260403 0.482727 0.256995 0.480914 0.258606 0.482060 0.254616 0.479740 0.255412 0.478203 0.255787
5 0.495268 0.254968 0.500365 0.258426 0.500260 0.260139 0.499714 0.263519 0.498938 0.269083 0.498938 0.267347 0.490221 0.260403 0.482727 0.256995 0.480914 0.258606 0.482060 0.254616 0.485674 0.252787 0.487922 0.252417
5 0.516406 0.257338 0.530677 0.261875 0.533091 0.262264 0.536385 0.263912 0.536836 0.261718 0.537135 0.260347 0.537161 0.259560 0.537135 0.258079 0.536823 0.257616 0.525859 0.253727 0.519792 0.251944 0.517083 0.251259
1 0.503531 0.291028 0.505536 0.289546 0.506891 0.287880 0.508635 0.285796 0.509911 0.284917 0.510589 0.283991 0.510589 0.282370 0.510589 0.281630 0.509964 0.279546 0.509182 0.276954 0.509182 0.275287 0.509547 0.273481 0.508557 0.271537 0.509260 0.269963 0.510997 0.272361 0.511479 0.274181 0.512805 0.275736 0.513768 0.277028 0.515849 0.279407 0.517247 0.281125 0.516005 0.281537 0.512073 0.277880 0.511786 0.278296 0.511786 0.279731 0.511995 0.281444 0.512456 0.283995 0.511656 0.285333 0.511161 0.283944 0.510068 0.286167 0.509182 0.287185 0.508818 0.287926 0.509260 0.288389 0.509573 0.289130 0.509573 0.289593 0.509018 0.291032 0.508844 0.293065 0.508115 0.291815 0.507698 0.290889 0.507359 0.290519 0.504755 0.292648 0.503193 0.293250 0.502776 0.293111 0.503286 0.292273
5 0.481505 0.286745 0.482513 0.301569 0.483026 0.303926 0.482995 0.308157 0.483479 0.311375 0.484383 0.314426 0.488484 0.314833 0.485281 0.308352 0.484870 0.305657 0.492576 0.298630 0.498362 0.294662 0.498208 0.291069 0.494953 0.288199 0.492523 0.292014 0.483703 0.278130 0.483458 0.279310 0.483005 0.282282
5 0.499906 0.308199 0.500349 0.314171 0.499758 0.314148 0.493943 0.312005 0.495568 0.311685 0.498794 0.309005
5 0.391346 0.329801 0.399628 0.322023 0.399185 0.320958 0.399471 0.320171 0.401346 0.320079 0.403560 0.324431 0.408690 0.336375 0.411190 0.342394 0.409297 0.341713 0.404896 0.340463 0.401172 0.339352 0.398438 0.337870 0.396068 0.336019 0.394115 0.333981 0.392318 0.331389
5 0.411492 0.343194 0.418680 0.358935 0.420503 0.364449 0.424336 0.372009 0.424302 0.373250 0.423570 0.374426 0.422872 0.375171 0.423221 0.376597 0.423779 0.378144 0.424128 0.379444 0.423570 0.380870 0.418862 0.383352 0.414273 0.384815 0.412594 0.382986 0.410914 0.380995 0.409888 0.379671 0.409047 0.379171 0.407508 0.379171 0.406060 0.379171 0.404349 0.377370 0.402969 0.373806 0.401172 0.374685 0.400026 0.373296 0.399740 0.372324 0.401094 0.370657 0.402135 0.368852 0.402526 0.367741 0.402891 0.366208 0.399453 0.357181 0.397393 0.351181 0.396490 0.349356 0.395193 0.348824 0.394109 0.349144 0.392633 0.351181 0.391578 0.352088 0.390615 0.352144 0.389922 0.349894 0.389982 0.349037 0.389047 0.348019 0.388354 0.347537 0.387031 0.347338 0.386406 0.346273 0.386667 0.345347 0.387760 0.344514 0.389010 0.343125 0.389688 0.341597 0.391042 0.340255 0.391719 0.339236 0.391646 0.337949 0.390786 0.335773 0.389849 0.334014 0.389563 0.333366 0.390479 0.329838 0.391354 0.331250 0.393802 0.334491 0.395833 0.336898 0.398281 0.338657 0.400781 0.340093 0.404740 0.341389 0.409062 0.342454
5 0.407508 0.379171 0.412187 0.392824 0.414818 0.400972 0.416615 0.399398 0.418464 0.398194 0.423880 0.395417 0.426641 0.393611 0.428307 0.392870 0.427839 0.389954 0.426849 0.387500 0.426609 0.387769 0.424188 0.388769 0.423987 0.387620 0.425961 0.386769 0.426510 0.386343 0.423984 0.379907 0.423570 0.380870 0.418862 0.383352 0.414273 0.384815 0.412594 0.382986 0.410914 0.380995 0.409888 0.379671 0.409047 0.379171
5 0.411122 0.311755 0.411766 0.311106 0.413003 0.311375 0.416346 0.314694 0.419599 0.307944 0.419219 0.302495 0.419508 0.299116 0.416099 0.304176 0.414094 0.304676 0.411479 0.303431 0.410034 0.304009 0.408167 0.302519 0.407927 0.304199 0.408349 0.305861 0.409734 0.309181
5 0.416346 0.314694 0.420716 0.319356 0.422885 0.321444 0.423607 0.323213 0.423789 0.325352 0.423276 0.327495 0.420474 0.332801 0.418456 0.337083 0.415714 0.340245 0.413935 0.341852 0.413935 0.343514 0.412995 0.342917 0.411190 0.342394 0.408690 0.336375 0.404896 0.327713 0.407818 0.320120 0.414568 0.338602 0.415190 0.338884 0.415161 0.336981 0.414953 0.336426 0.414565 0.336384 0.412273 0.330921 0.414146 0.333093 0.414253 0.332773 0.414435 0.332125 0.411284 0.328097 0.411229 0.326843 0.408831 0.319681 0.411122 0.311755 0.411766 0.311106 0.413003 0.311375
5 0.418456 0.337083 0.419505 0.339444 0.422995 0.349583 0.420703 0.347176 0.416953 0.344769 0.413935 0.343514 0.413935 0.341852 0.415714 0.340245
5 0.414135 0.344241 0.416271 0.348500 0.418563 0.353824 0.419578 0.356556 0.419969 0.356741 0.420177 0.356741 0.420146 0.356190 0.422307 0.352347 0.423385 0.351759 0.420573 0.348241 0.416745 0.345602
5 0.451513 0.341208 0.453951 0.343352 0.455365 0.343352 0.458440 0.342495 0.460187 0.341852 0.461151 0.340782 0.462508 0.340458 0.463711 0.341102 0.464104 0.341852 0.464164 0.344421 0.463562 0.347421 0.462958 0.348282 0.461753 0.349671 0.457836 0.351546 0.450544 0.351870 0.448104 0.351815 0.447591 0.350315 0.446747 0.347852 0.445633 0.346458 0.444188 0.346139 0.442560 0.347102 0.441401 0.348111 0.440424 0.345194 0.438508 0.345880 0.437880 0.346931 0.438404 0.349440 0.434312 0.352255 0.434547 0.350218 0.433141 0.348042 0.432708 0.347315 0.426146 0.345685 0.426807 0.343269 0.426737 0.341222 0.427435 0.339116 0.427714 0.337194 0.425971 0.337755 0.425839 0.336926 0.427193 0.335477 0.428430 0.334458 0.429484 0.334139 0.430375 0.334074 0.433031 0.336250 0.438260 0.338634 0.441013 0.340130 0.444607 0.340625 0.447315 0.340625 0.450346 0.340875
5 0.423880 0.395417 0.422865 0.398843 0.421797 0.399583 0.420547 0.401065 0.419922 0.403565 0.419505 0.407454 0.419740 0.408472 0.420599 0.408935 0.421484 0.407824 0.422266 0.406759 0.423065 0.407162 0.427523 0.409301 0.430570 0.410106 0.433763 0.407375 0.432839 0.403426 0.432682 0.401296 0.432839 0.400278 0.433438 0.399444 0.434451 0.399278 0.435357 0.396366 0.434479 0.395185 0.430391 0.393009 0.428307 0.392870 0.426641 0.393611
5 0.433763 0.407375 0.434870 0.407963 0.434974 0.410231 0.435339 0.410972 0.437266 0.413009 0.440443 0.414954 0.441120 0.414977 0.444440 0.409208 0.445195 0.406847 0.445898 0.404204 0.446260 0.402171 0.446839 0.400597 0.447513 0.399250 0.445326 0.397977 0.442922 0.398847 0.440130 0.400704 0.439680 0.400333 0.438461 0.400028 0.435951 0.399708 0.434451 0.399278 0.433438 0.399444 0.432839 0.400278 0.432682 0.401296 0.432839 0.403426
1 0.395940 0.372796 0.395495 0.372222 0.395495 0.371713 0.396016 0.371574 0.396565 0.372102 0.398591 0.373884 0.399659 0.374481 0.403984 0.377963 0.406060 0.379171 0.407508 0.379171 0.408151 0.381343 0.406172 0.380833 0.403672 0.379120 0.400234 0.376250 0.398854 0.375370 0.398154 0.374787
6 0.373440 0.335977 0.373958 0.335185 0.374557 0.335370 0.384021 0.348556 0.385401 0.350532 0.394141 0.364491 0.390391 0.367222 0.384786 0.358537 0.370865 0.337380
6 0.394742 0.365384 0.398049 0.370755 0.396565 0.372102 0.396016 0.371574 0.395495 0.371713 0.395495 0.372222 0.395940 0.372796 0.394664 0.373819 0.391096 0.368301
1 0.394141 0.364491 0.397214 0.361991 0.398307 0.362639 0.394742 0.365384 0.391096 0.368301 0.390391 0.367222
1 0.387995 0.368685 0.381615 0.373685 0.382031 0.374889 0.388698 0.369750
1 0.383307 0.361509 0.380755 0.370352 0.380937 0.371481 0.383828 0.362296
1 0.380443 0.371648 0.379505 0.374241 0.379323 0.375861 0.379818 0.376278 0.381432 0.375324
5 0.380201 0.365310 0.375487 0.357949 0.372180 0.352949 0.368617 0.348319 0.366456 0.343227 0.361591 0.327273 0.371875 0.342736 0.377747 0.352981 0.383307 0.361509 0.381492 0.367699 0.380781 0.366250 0.381146 0.364583 0.381719 0.363380 0.381615 0.362593 0.381016 0.362593 0.380286 0.364630
5 0.357424 0.315884 0.354479 0.307731 0.353542 0.303843 0.353880 0.302546 0.354974 0.302546 0.356354 0.305509 0.358047 0.305046 0.365599 0.300417 0.372734 0.295463 0.378464 0.292963 0.379271 0.302639 0.380052 0.313565 0.381068 0.324259 0.381953 0.330231 0.383385 0.335602 0.384141 0.337454 0.384062 0.344028 0.384766 0.345463 0.384021 0.348556 0.374557 0.335370 0.373958 0.335185 0.373440 0.335977 0.365315 0.326764
5 0.378982 0.292639 0.382497 0.291667 0.383930 0.297454 0.383513 0.307639 0.384203 0.315032 0.383745 0.325079 0.383745 0.328134 0.384135 0.331005 0.384240 0.332579 0.384214 0.336005 0.383328 0.333042 0.382599 0.329523 0.381740 0.324153 0.380672 0.313736 0.379865 0.302764
1 0.385680 0.341032 0.384141 0.337454 0.383385 0.335602 0.381953 0.330231 0.381068 0.324259 0.380052 0.313565 0.379271 0.302639 0.378464 0.292963 0.378479 0.286843 0.379104 0.289019 0.378982 0.292639 0.379865 0.302764 0.380672 0.313736 0.381740 0.324153 0.382599 0.329523 0.383328 0.333042 0.384214 0.336005 0.385958 0.340125
5 0.356833 0.277667 0.348891 0.281509 0.347469 0.281435 0.346562 0.280134 0.343633 0.275796 0.343284 0.276292 0.351924 0.301185 0.354346 0.293639 0.356508 0.280306
5 0.348440 0.276815 0.350148 0.267394 0.356771 0.261940 0.356667 0.265023 0.357208 0.265935 0.358232 0.267167 0.357190 0.275019 0.349312 0.278241
2 0.335076 0.252898 0.337628 0.228125 0.337760 0.226944 0.338464 0.217634 0.332526 0.210616 0.333250 0.209065 0.334727 0.209708 0.337227 0.211741 0.339216 0.213616 0.347471 0.224815 0.355578 0.234671 0.355909 0.234991 0.361573 0.230759 0.363141 0.232685 0.368354 0.239917 0.370536 0.243782 0.374122 0.252139 0.372044 0.253157 0.370536 0.255458 0.369065 0.256167 0.364844 0.258940 0.365414 0.252940 0.364534 0.252745 0.362182 0.249421 0.355352 0.239282 0.354990 0.239389 0.354500 0.241870 0.354349 0.243241 0.350148 0.267394 0.348440 0.276815 0.349312 0.278241 0.357190 0.275019 0.356833 0.277667 0.348891 0.281509 0.347469 0.281435 0.346562 0.280134 0.343633 0.275796 0.343284 0.276292 0.340263 0.267917 0.344888 0.273806 0.347013 0.272583 0.352948 0.242125 0.353234 0.240875 0.353573 0.237153 0.341109 0.219727 0.340464 0.219370 0.339576 0.222236 0.339375 0.228194 0.339224 0.229810 0.336268 0.256870
5 0.383310 0.200736 0.385383 0.198773 0.386185 0.199727 0.390198 0.195148 0.394479 0.190630 0.397521 0.189023 0.399562 0.188667 0.396385 0.193722 0.393977 0.199546 0.393443 0.206505 0.393341 0.209477 0.391971 0.208167 0.391336 0.207931 0.391268 0.209000 0.391771 0.209773 0.393174 0.211319 0.393609 0.217796 0.394411 0.221958 0.393909 0.223921 0.390365 0.221722 0.389161 0.214292 0.388693 0.209296 0.388125 0.208583 0.387021 0.207218 0.385617 0.207157 0.383409 0.206977 0.383042 0.206681 0.382273 0.205792 0.382406 0.204481
1 0.468922 0.281218 0.467086 0.279495 0.466521 0.278204 0.466724 0.276412 0.467409 0.275551 0.466763 0.273042 0.466036 0.271537 0.462852 0.267880 0.464786 0.271537 0.466240 0.275051 0.465391 0.274977 0.464464 0.272972 0.462690 0.269241 0.460753 0.265227 0.459945 0.263005 0.459461 0.260639 0.459622 0.258699 0.460471 0.256551 0.461036 0.255690 0.461721 0.254542 0.462326 0.255259 0.461599 0.256907 0.460753 0.258269 0.460430 0.260065 0.460391 0.262144 0.461518 0.264579 0.463172 0.266875 0.465755 0.269889 0.467005 0.271250 0.469143 0.272398 0.471281 0.273546 0.474023 0.276056 0.474469 0.277778 0.474987 0.282407 0.475073 0.283296 0.473177 0.282509 0.472411 0.281292 0.471362 0.280787 0.469857 0.280972
5 0.460862 0.263088 0.461096 0.257671 0.461599 0.256907 0.462326 0.255259 0.461721 0.254542 0.461036 0.255690 0.461227 0.249755 0.464245 0.247083 0.471000 0.250537 0.472326 0.254500 0.473802 0.260528 0.473557 0.263319 0.473104 0.265796 0.473102 0.275310 0.471281 0.273546 0.469143 0.272398 0.467005 0.271250 0.465755 0.269889 0.463172 0.266875 0.461518 0.264579
5 0.460753 0.265227 0.460833 0.272222 0.461901 0.273426 0.463620 0.274028 0.465391 0.274977 0.464464 0.272972 0.462690 0.269241
5 0.498763 0.383167 0.503604 0.379079 0.507307 0.374560 0.507026 0.378898 0.506503 0.389134 0.506846 0.393838 0.506773 0.396051 0.502328 0.398319 0.500648 0.392935
5 0.508323 0.372241 0.511940 0.367630 0.515289 0.364546 0.516781 0.362824 0.517547 0.361676 0.520573 0.361676 0.523922 0.361245 0.523357 0.363685 0.522872 0.366981 0.522589 0.370181 0.519904 0.369125 0.518789 0.370116 0.516698 0.372162 0.510909 0.376380 0.507807 0.378796 0.508424 0.374079
5 0.510492 0.346713 0.506737 0.338241 0.506690 0.337005 0.505643 0.337005 0.503628 0.331819 0.506034 0.329560 0.507872 0.326412 0.509745 0.330750 0.509513 0.331880 0.511117 0.335449 0.511091 0.345134 0.512396 0.347370 0.523130 0.360315 0.523922 0.361245 0.520573 0.361676 0.517547 0.361676 0.514365 0.354741
5 0.523922 0.361245 0.527049 0.366602 0.526839 0.369931 0.528958 0.367426 0.531414 0.371537 0.529635 0.375819 0.527216 0.374884 0.525682 0.374884 0.524995 0.375139 0.524227 0.372227 0.522589 0.370181 0.522872 0.366981 0.523357 0.363685
5 0.428872 0.370458 0.430310 0.375745 0.431859 0.380977 0.433508 0.379306 0.439133 0.373440 0.445341 0.367199 0.442273 0.363602 0.441784 0.362241 0.440383 0.357218 0.435044 0.361847 0.431633 0.363977 0.429497 0.366014 0.429107 0.368977
5 0.432354 0.382083 0.433167 0.386208 0.433862 0.387931 0.435333 0.389236 0.436943 0.389921 0.434031 0.380593
5 0.390615 0.352144 0.389740 0.353009 0.392995 0.356991 0.396094 0.360185 0.399453 0.357181 0.397393 0.351181 0.396490 0.349356 0.395193 0.348824 0.394109 0.349144 0.392633 0.351181 0.391578 0.352088
1 0.460956 0.308690 0.461346 0.312227 0.461154 0.315653 0.461336 0.316509 0.462721 0.316509 0.462750 0.311315 0.462109 0.306852 0.461589 0.306019
5 0.482789 0.230815 0.484135 0.232769 0.485310 0.233787 0.486268 0.233759 0.489057 0.235120 0.490591 0.235370 0.492195 0.231898 0.494594 0.220005
5 0.499901 0.215255 0.501047 0.223264 0.500370 0.227384 0.497479 0.233773 0.495734 0.236088 0.496227 0.238505 0.498698 0.237500 0.499792 0.236852 0.500156 0.235185 0.501120 0.231944 0.503490 0.226852 0.504885 0.225769 0.504208 0.222343 0.502802 0.212667
5 0.543310 0.835986 0.541615 0.832037 0.540703 0.826759 0.539661 0.824306 0.534219 0.801667 0.535911 0.800185 0.537448 0.799907 0.538698 0.801343 0.539609 0.804444 0.540234 0.808380 0.540599 0.812315 0.540859 0.815556 0.540859 0.817824 0.547943 0.828333 0.553750 0.836435 0.553003 0.841255 0.551016 0.838528 0.547385 0.836236 0.544875 0.835986
5 0.553758 0.788037 0.551492 0.794139 0.550521 0.797870 0.552896 0.802005 0.555156 0.804468 0.556370 0.807120 0.563604 0.796171 0.570138 0.788042 0.572331 0.781236 0.569719 0.779907 0.566219 0.781898
5 0.571104 0.784806 0.574776 0.791009 0.577302 0.794898 0.579151 0.797769 0.580063 0.801472 0.580505 0.802769 0.581755 0.803093 0.581094 0.799028 0.581417 0.795514 0.582143 0.792935 0.580971 0.790926 0.578352 0.787412 0.577383 0.785690 0.572331 0.781236
5 0.604023 0.826028 0.604836 0.804755 0.610651 0.805023 0.614961 0.805398 0.620346 0.794315 0.630927 0.796431 0.630279 0.799310 0.621260 0.808431
6 0.570279 0.525519 0.614383 0.572815 0.609435 0.586917 0.606635 0.584431 0.609529 0.582769 0.608128 0.579120 0.601969 0.580444 0.571586 0.547588
6 0.550536 0.505296 0.559729 0.516176 0.559880 0.520653 0.560740 0.536384 0.553682 0.528282 0.555414 0.525560 0.556503 0.522736 0.556503 0.518722
6 0.520065 0.472574 0.526471 0.478968 0.520451 0.486602 0.518253 0.490231 0.465440 0.433296 0.464914 0.429856 0.468867 0.419028 0.471289 0.419028 0.497831 0.448000 0.494419 0.452644 0.493130 0.456301 0.492846 0.457736 0.494904 0.459097 0.498049 0.463116 0.500229 0.467130 0.500268 0.469282 0.501357 0.469282 0.502529 0.467991 0.505271 0.472940 0.509023 0.477023 0.511927 0.478389 0.514831 0.478028 0.515880 0.476093 0.515919 0.473727
5 0.507362 0.434241 0.507174 0.420634 0.506846 0.393838 0.512820 0.392843 0.515247 0.410264 0.515247 0.422046
6 0.486685 0.435819 0.494573 0.408852 0.499940 0.412505 0.500313 0.414329 0.500313 0.417153 0.493219 0.443120
10 0.493500 0.412556 0.491060 0.414324 0.489401 0.417431 0.487714 0.420269 0.485727 0.421931 0.485667 0.422838 0.484339 0.423426 0.483195 0.423694 0.481266 0.422894 0.479638 0.422037 0.477409 0.419250 0.475904 0.415769 0.475151 0.414537 0.474518 0.413037 0.474667 0.410356 0.476807 0.404843 0.479247 0.400500 0.481388 0.397931 0.481417 0.396218 0.484401 0.394505 0.486268 0.397125 0.486208 0.398681 0.485484 0.399269 0.488799 0.402856 0.490456 0.405912 0.491570 0.408218 0.492174 0.409181 0.492958 0.409824 0.493591 0.410356 0.493982 0.410681
5 0.456284 0.408972 0.458151 0.404657 0.460766 0.403741 0.465617 0.398431 0.471638 0.386815 0.478826 0.395032 0.474667 0.410356 0.474518 0.413037 0.471289 0.419028 0.468867 0.419028 0.464914 0.429856 0.464609 0.427787 0.462135 0.420537 0.460430 0.416389
5 0.455156 0.413241 0.452891 0.420431 0.453276 0.423718 0.459898 0.431093 0.462060 0.433139 0.463698 0.432870 0.461956 0.427495 0.457865 0.418333
5 0.469211 0.467190 0.460458 0.470273 0.458849 0.469986 0.458284 0.469630 0.456188 0.437792 0.457432 0.437792 0.460216 0.437861 0.463568 0.436713 0.464656 0.436139 0.468432 0.448694
5 0.468432 0.448694 0.471570 0.453343 0.473802 0.453713 0.478516 0.454583 0.483203 0.457454 0.485260 0.459954 0.484766 0.465046 0.483932 0.468102 0.477891 0.478843 0.474219 0.484398 0.474401 0.485648 0.476615 0.491806 0.478698 0.495417 0.480391 0.496528 0.482161 0.495648 0.483906 0.494583 0.492318 0.499722 0.501094 0.511944 0.508672 0.524398 0.502682 0.521806 0.501901 0.522222 0.500599 0.524444 0.498594 0.542963 0.498594 0.546296 0.498828 0.548333 0.507031 0.549444 0.504271 0.553981 0.501589 0.557083 0.498958 0.557407 0.497526 0.558426 0.495964 0.558981 0.494766 0.559213 0.494219 0.557963 0.494089 0.555880 0.495703 0.552731 0.495573 0.551296 0.494089 0.546296 0.496536 0.544444 0.497240 0.543009 0.497292 0.541759 0.496198 0.538935 0.495417 0.536806 0.494922 0.536065 0.496745 0.529815 0.497943 0.522593 0.498828 0.520880 0.499661 0.518565 0.499245 0.514676 0.497995 0.512870 0.495990 0.511620 0.493203 0.511713 0.490677 0.513056 0.487630 0.514444 0.485521 0.516620 0.484870 0.520278 0.484844 0.522731 0.484453 0.525046 0.485286 0.527315 0.484453 0.530463 0.483151 0.529907 0.472969 0.511157 0.469375 0.487315 0.469714 0.478796 0.469714 0.473565 0.469661 0.471250 0.469211 0.467190
6 0.500307 0.493509 0.508701 0.503667 0.512742 0.508625 0.516823 0.510361 0.519055 0.513148 0.521948 0.518046 0.525573 0.522509 0.527352 0.524245 0.519961 0.506704 0.508107 0.494495 0.500776 0.486287 0.499839 0.486102 0.498953 0.486384 0.498693 0.488236 0.498563 0.490731 0.498771 0.492866
5 0.527180 0.549713 0.554729 0.580620 0.556021 0.576963 0.557893 0.569588 0.558557 0.569588 0.557615 0.565995 0.545555 0.542940 0.544875 0.543556 0.543120 0.542958 0.537346 0.547718 0.535026 0.542315 0.530281 0.536866 0.527427 0.546903
5 0.508672 0.524398 0.519750 0.527903 0.524562 0.532116 0.527560 0.532611 0.529862 0.533356 0.530557 0.534593 0.530281 0.536866 0.527427 0.546903 0.527180 0.549713 0.526758 0.551204 0.525190 0.552940 0.507031 0.549444 0.498828 0.548333 0.498594 0.546296 0.498594 0.542963 0.500599 0.524444 0.501901 0.522222 0.502682 0.521806
5 0.507031 0.549444 0.505805 0.563662 0.505911 0.566449 0.506747 0.568250 0.511768 0.574074 0.513057 0.571407 0.517414 0.563477 0.518599 0.560315 0.519437 0.561991 0.520414 0.565954 0.528154 0.559074 0.527594 0.556347 0.526339 0.551579 0.525190 0.552940
2 0.590602 0.646468 0.602013 0.626431 0.605320 0.618398 0.607701 0.614097 0.609193 0.611588 0.611089 0.611588 0.612258 0.612736 0.606289 0.623560 0.603708 0.629014 0.598948 0.637403 0.589669 0.653968 0.598867 0.656838 0.596206 0.659847 0.590599 0.658699 0.593703 0.663218 0.590276 0.665514 0.587128 0.660852 0.588872 0.656616 0.588354 0.653796 0.587521 0.652023
6 0.610062 0.585028 0.616224 0.609787 0.616828 0.611579 0.624474 0.640278 0.626078 0.640343 0.629180 0.640588 0.629633 0.637861 0.613398 0.575991
6 0.605781 0.563569 0.604812 0.558190 0.606628 0.555824 0.609370 0.555250 0.609734 0.559269 0.609250 0.561060 0.611792 0.570023
6 0.608758 0.551324 0.629935 0.627616 0.633872 0.624287 0.633625 0.621398 0.615234 0.558472 0.611430 0.554912
6 0.607294 0.528861 0.614714 0.555083 0.611586 0.551764 0.609487 0.548611 0.607667 0.544546 0.606174 0.539319 0.605380 0.534171 0.605146 0.531019 0.605146 0.528532 0.605706 0.527620 0.607013 0.527287
5 0.632333 0.557130 0.633323 0.563287 0.633661 0.565000 0.635690 0.568972 0.634573 0.573259 0.634091 0.574384 0.622250 0.582523 0.615234 0.558472 0.619419 0.560884 0.623607 0.561579 0.628758 0.560403
5 0.629044 0.539634 0.629979 0.542847 0.630943 0.550241 0.631875 0.554310 0.629104 0.557204 0.626453 0.558597 0.625036 0.558278 0.622266 0.541028 0.621510 0.536472 0.622174 0.534546
1 0.621089 0.533685 0.620776 0.536347 0.623005 0.551347 0.620951 0.557977 0.621891 0.558167 0.623424 0.554444 0.624122 0.558722 0.625036 0.558278 0.622266 0.541028 0.621510 0.536472 0.622174 0.534546
5 0.618268 0.467005 0.623099 0.467361 0.626276 0.468287 0.627422 0.469907 0.627917 0.478796 0.627708 0.506296 0.628151 0.514074 0.628542 0.519306 0.628568 0.523009 0.627448 0.523009 0.624505 0.521343 0.621799 0.519236 0.622182 0.518435 0.622354 0.516699 0.622182 0.513968 0.621102 0.512792 0.619531 0.512977 0.619495 0.508620 0.619914 0.508556 0.620854 0.507935 0.621344 0.506940 0.621763 0.505204 0.621693 0.503468 0.621206 0.501736 0.620471 0.500995 0.618937 0.500931 0.618766 0.497028 0.619185 0.497028 0.620508 0.495977 0.621206 0.494306 0.621273 0.491384 0.620193 0.489903 0.618383 0.489528 0.617987 0.485426 0.619922 0.484278 0.620529 0.482130 0.620206 0.479625 0.619518 0.478542 0.617987 0.477898 0.619036 0.475963 0.619076 0.473102 0.619680 0.470731 0.619680 0.468222
5 0.617987 0.455532 0.623099 0.467361 0.618268 0.467005 0.617503 0.462694 0.617784 0.462056 0.618794 0.458606
5 0.597448 0.444750 0.582354 0.423616 0.582076 0.421139 0.581409 0.419713 0.590198 0.403782 0.590477 0.401120 0.590826 0.399319 0.591383 0.399259 0.610161 0.438106 0.599063 0.442037 0.598286 0.442708 0.598247 0.445745
5 0.627917 0.478796 0.631135 0.483338 0.632951 0.488051 0.633437 0.492944 0.639922 0.533292 0.634273 0.528583 0.634378 0.526412 0.633961 0.525051 0.631521 0.524431 0.628568 0.523009 0.628591 0.519718 0.628151 0.514074 0.627708 0.506296
5 0.642706 0.550389 0.643513 0.556699 0.644802 0.556199 0.646742 0.574231 0.647367 0.578866 0.648099 0.581130 0.648643 0.584745 0.648643 0.588912 0.648643 0.590764 0.647211 0.591593 0.646247 0.591782 0.641682 0.595454 0.634727 0.595481 0.631029 0.576500 0.634091 0.574384 0.634573 0.573259 0.635690 0.568972 0.633661 0.565000 0.633323 0.563287 0.632333 0.557130 0.633690 0.554708 0.635154 0.550676 0.635573 0.545528 0.639305 0.548505 0.639336 0.547019
6 0.627448 0.523009 0.628568 0.523009 0.631521 0.524431 0.633961 0.525051 0.634378 0.526412 0.634273 0.528583
6 0.607294 0.528861 0.615724 0.531583 0.620393 0.533083 0.605893 0.520213 0.605328 0.523778 0.605146 0.528532 0.605706 0.527620 0.607013 0.527287
5 0.605445 0.470361 0.609911 0.455236 0.610815 0.454120 0.612070 0.453250 0.612594 0.453625 0.613570 0.454986 0.614719 0.455116 0.616672 0.455667 0.616812 0.460417 0.611094 0.474528 0.608279 0.481398 0.608318 0.480537 0.608318 0.477884 0.607794 0.475014 0.606987 0.472218
5 0.601854 0.483551 0.603159 0.479560 0.603885 0.481037 0.604982 0.483634 0.606437 0.484278 0.607245 0.484009 0.605583 0.487968 0.604174 0.492051
5 0.598969 0.492051 0.600203 0.488898 0.602917 0.494815 0.601536 0.499352 0.601044 0.498269 0.600383 0.495912 0.600021 0.494463
5 0.598565 0.494403 0.596508 0.500977 0.598721 0.501532 0.600570 0.502829 0.601211 0.500671
5 0.590487 0.501468 0.592526 0.499815 0.594505 0.497778 0.594870 0.496759 0.595990 0.495741 0.597474 0.494907 0.598565 0.494403 0.596849 0.491380 0.595701 0.489764 0.594865 0.489764 0.593224 0.490884 0.591555 0.491838 0.589911 0.493315 0.589883 0.496931 0.589831 0.500958 0.589419 0.502486
5 0.588448 0.496384 0.585885 0.499861 0.585060 0.500398 0.585339 0.511435 0.586927 0.513287 0.586229 0.511444 0.586956 0.505995 0.588448 0.501190
5 0.588065 0.508366 0.590878 0.515079 0.592232 0.518134 0.593091 0.520681 0.590383 0.517069 0.586927 0.513287 0.587799 0.509315
5 0.593430 0.521514 0.594081 0.522347 0.594263 0.523088 0.597258 0.519523 0.598872 0.517532 0.598846 0.517069 0.601477 0.513644 0.603716 0.520125 0.600539 0.523968 0.598221 0.526051 0.596581 0.528366 0.594654 0.529847 0.593560 0.530449 0.592883 0.530032 0.591789 0.527440 0.592570 0.523968
1 0.558156 0.461616 0.568544 0.463662 0.569937 0.465023 0.570984 0.467319 0.574542 0.494898 0.575932 0.504171 0.577464 0.516648 0.578372 0.521634 0.580464 0.527648 0.581578 0.533037 0.582102 0.536074 0.582904 0.539111 0.581370 0.537500 0.579591 0.529569 0.578302 0.525727 0.577221 0.522194 0.576117 0.515287 0.574453 0.502963 0.569982 0.468903 0.569529 0.466981 0.568542 0.465366 0.561352 0.463792 0.558253 0.463282 0.557654 0.463097 0.557497 0.462403 0.557602 0.461657
5 0.503661 0.591602 0.506695 0.580014 0.508367 0.574866 0.508995 0.574000 0.509487 0.574000 0.510638 0.575611 0.511609 0.578708 0.512341 0.582245 0.512586 0.583421 0.510159 0.585056 0.509352 0.586565 0.509026 0.590079 0.509633 0.596963 0.510641 0.603130 0.512628 0.614310 0.513698 0.617324 0.513932 0.619449 0.513174 0.620745 0.511440 0.618083 0.509060 0.609704 0.506026 0.599662 0.503927 0.592694
8 0.498232 0.592773 0.469708 0.557301 0.469708 0.554218 0.470031 0.552639 0.471159 0.551352 0.472089 0.550704 0.501331 0.587060 0.500052 0.588296 0.498745 0.590120
5 0.485198 0.552671 0.497781 0.571745 0.501573 0.577125 0.500203 0.580921 0.498711 0.582931 0.498346 0.583505 0.479672 0.559986 0.481326 0.558551 0.483341 0.555824 0.483583 0.553389
5 0.484669 0.575847 0.484599 0.583903 0.485609 0.586199 0.486690 0.587190 0.493453 0.586880
5 0.498224 0.670977 0.498549 0.682593 0.505714 0.699444 0.507346 0.681440 0.512083 0.688231 0.512971 0.686074 0.513763 0.684917 0.513484 0.683255 0.503497 0.667324
5 0.497648 0.663949 0.497164 0.656634 0.495672 0.652690 0.493857 0.643227 0.496318 0.644588 0.497771 0.646741 0.498417 0.645736 0.499586 0.647315 0.501924 0.653051 0.502893 0.656060 0.502794 0.660565
5 0.628474 0.633278 0.634685 0.629407 0.635169 0.628690 0.634927 0.627542 0.633625 0.621398 0.633234 0.619940 0.637872 0.615995 0.640576 0.624963 0.641786 0.624389 0.644286 0.622093 0.647109 0.619079 0.648805 0.619940 0.649651 0.623528 0.650781 0.628903 0.651104 0.634931 0.645779 0.644181 0.642302 0.648745 0.638872 0.650829 0.635807 0.653264 0.634396 0.657639 0.633227 0.659861 0.626490 0.664167 0.625521 0.663593 0.625198 0.659000 0.623141 0.653120 0.618786 0.649606 0.616003 0.649032 0.611685 0.649032 0.609932 0.649370 0.609104 0.646093 0.614510 0.642435 0.621448 0.637773 0.624654 0.644639 0.625503 0.645069 0.625984 0.643491 0.624474 0.640278 0.626078 0.640343 0.629180 0.640588 0.629633 0.637861
5 0.643690 0.646806 0.646552 0.655056 0.649023 0.660088 0.652219 0.668338 0.653242 0.671019 0.652219 0.672032 0.647758 0.664269 0.646432 0.660944 0.644865 0.658481 0.644263 0.655162 0.642727 0.654088 0.640466 0.654250 0.638237 0.655912 0.636128 0.657838 0.634500 0.661750 0.632995 0.663676 0.629831 0.665125 0.633227 0.659861 0.634396 0.657639 0.635807 0.653264 0.638872 0.650829 0.642302 0.648745
