8 0.655797 0.506426 0.655471 0.508500 0.653977 0.507088 0.654630 0.504764
8 0.655096 0.511736 0.654490 0.513060 0.654490 0.514222 0.660232 0.519370 0.664711 0.524926 0.666531 0.527250 0.669005 0.527417 0.659672 0.516440
8 0.654604 0.516139 0.655917 0.517917 0.657229 0.518806 0.661477 0.523806 0.664727 0.527250 0.663505 0.526926 0.661852 0.527250 0.657979 0.523361 0.654667 0.520139 0.653729 0.518583 0.653604 0.517361 0.653729 0.516472
8 0.653547 0.506778 0.657672 0.510556 0.659734 0.513440 0.660633 0.515009 0.663883 0.518005 0.669607 0.524551 0.672628 0.528185 0.669857 0.527435 0.659672 0.516440 0.653299 0.509778
8 0.653724 0.502972 0.660633 0.515009 0.663883 0.518005 0.663508 0.516009 0.659258 0.508676 0.656760 0.503343 0.656448 0.504157 0.655096 0.501657 0.653258 0.497495
8 0.647768 0.469162 0.647013 0.474542 0.648094 0.478190 0.648526 0.473773 0.649065 0.470699 0.649659 0.470125 0.649659 0.469162 0.649010 0.468014
8 0.623000 0.450056 0.632224 0.463634 0.641839 0.479310 0.645734 0.486417 0.647615 0.488602 0.650802 0.493963 0.651391 0.496171 0.651742 0.500005 0.649284 0.496403 0.646964 0.492204 0.645661 0.490273 0.634609 0.471986 0.623549 0.453736 0.613862 0.439986 0.610898 0.436384 0.609523 0.433815 0.611982 0.434972 0.617477 0.441782 0.619987 0.445000
8 0.646023 0.482565 0.645734 0.486417 0.647615 0.488602 0.647542 0.485134
8 0.645661 0.490273 0.645302 0.497213 0.646747 0.498755 0.646964 0.492204
8 0.645445 0.475236 0.643784 0.478319 0.649565 0.488861 0.647424 0.480486
8 0.648482 0.478838 0.656867 0.493486 0.655495 0.499398 0.652531 0.494130 0.650599 0.485384
8 0.658385 0.496056 0.670820 0.517648 0.675518 0.526000 0.675120 0.526269 0.673727 0.528005 0.672628 0.528185 0.666339 0.518292 0.657086 0.501968 0.658229 0.497148
8 0.633940 0.510023 0.636964 0.515875 0.634641 0.514630 0.632266 0.510213
8 0.629727 0.499653 0.633615 0.508773 0.631888 0.508773 0.629081 0.501190
8 0.630268 0.511750 0.634641 0.514630 0.639393 0.517222 0.641229 0.521060 0.639880 0.520773 0.634966 0.517319 0.631990 0.514370 0.630268 0.512611 0.630268 0.512611
8 0.629891 0.508773 0.634208 0.508583 0.634424 0.509926 0.630052 0.510500
8 0.628432 0.496583 0.630268 0.512611 0.628000 0.510407 0.627081 0.493315
8 0.627081 0.493315 0.628000 0.510407 0.626703 0.509157 0.625839 0.492069
8 0.625732 0.493699 0.625839 0.508199 0.624435 0.506565 0.624586 0.500199 0.624544 0.496199 0.624490 0.493509
8 0.613797 0.478148 0.615190 0.483495 0.621951 0.495620 0.617956 0.484870 0.615310 0.479111 0.614284 0.476708 0.613203 0.475079 0.611693 0.473829 0.610018 0.473347 0.611693 0.476806
8 0.606263 0.469287 0.606388 0.467755 0.607146 0.467755 0.615190 0.483495 0.624586 0.500199 0.624596 0.504167 0.622654 0.500324 0.617201 0.491111 0.611638 0.481125 0.606987 0.469287
8 0.622654 0.500324 0.624596 0.504167 0.624435 0.506565 0.623680 0.505222 0.622005 0.500611
8 0.610883 0.480935 0.616497 0.494759 0.618172 0.499269 0.621089 0.503111 0.620763 0.500806 0.618820 0.495144 0.617201 0.491111 0.611638 0.481125
8 0.636802 0.512231 0.632753 0.494662 0.627458 0.476231 0.625029 0.468741 0.622276 0.462407 0.619737 0.456935 0.623193 0.460292 0.626432 0.466630 0.630807 0.479398 0.634641 0.493412 0.634966 0.495718 0.636208 0.500806 0.639122 0.511556 0.637935 0.512231
8 0.634966 0.495718 0.640852 0.504741 0.645820 0.515398 0.647008 0.519144 0.647708 0.522213 0.648141 0.525861 0.646089 0.525093 0.645227 0.519907 0.641661 0.511556 0.637667 0.503204 0.636208 0.500806
8 0.650737 0.526620 0.645539 0.524778 0.643164 0.523625 0.641326 0.522375 0.640354 0.522375 0.644945 0.527176 0.647482 0.528426 0.650615 0.529287
8 0.674802 0.532620 0.679703 0.535773 0.679747 0.537514 0.676388 0.535190 0.671974 0.533009 0.671599 0.531847 0.671974 0.531264
8 0.678628 0.531787 0.682315 0.537931 0.680029 0.541912 0.676388 0.535190 0.679747 0.537514 0.679703 0.535773 0.674802 0.532620 0.673961 0.531375 0.677964 0.531810
8 0.658607 0.484954 0.655096 0.501657 0.656448 0.504157 0.658229 0.497148 0.660604 0.485630
8 0.682635 0.531773 0.683482 0.537079 0.684612 0.535505 0.684047 0.531847
8 0.669794 0.533222 0.678469 0.543889 0.676870 0.545560 0.675029 0.543264 0.672977 0.540866 0.670865 0.537546 0.669784 0.537162 0.666034 0.532324
8 0.652365 0.526671 0.663505 0.526926 0.677529 0.528343 0.682227 0.528403 0.683906 0.529199 0.690245 0.528856 0.687497 0.531810 0.677964 0.531810 0.665529 0.530398 0.663419 0.530500 0.662284 0.530500 0.661151 0.530787 0.659961 0.530500 0.654563 0.529634 0.652349 0.529250
8 0.598208 0.480273 0.596432 0.472884 0.594409 0.467102 0.587901 0.449366 0.587115 0.443583 0.588258 0.446273 0.594471 0.461833 0.600922 0.482269 0.602508 0.494023 0.601068 0.491519 0.599883 0.487185
8 0.587901 0.449366 0.594409 0.467102 0.596432 0.472884 0.595854 0.473912 0.589854 0.459005 0.587982 0.451810
8 0.606263 0.469287 0.606987 0.469287 0.611542 0.484579 0.615628 0.496227 0.616385 0.501505 0.617378 0.503981 0.619711 0.511699 0.619349 0.513755 0.618409 0.514398 0.617180 0.512856 0.616542 0.509514 0.615487 0.505509 0.614677 0.502255 0.612760 0.496648 0.610331 0.489931 0.608070 0.481495 0.606458 0.474889
8 0.623135 0.512833 0.629128 0.520995 0.629344 0.522722 0.628643 0.524065 0.627669 0.522435 0.624971 0.518019
8 0.615628 0.496227 0.622161 0.504481 0.631990 0.514370 0.646354 0.528579 0.650297 0.532324 0.650081 0.535875 0.649211 0.534958 0.647044 0.532389 0.639604 0.525699 0.627563 0.513505 0.620023 0.506000 0.616385 0.501505
8 0.661151 0.530787 0.660664 0.534912 0.659422 0.534722 0.659961 0.530500
8 0.663419 0.530500 0.663094 0.532324 0.662932 0.536065 0.662555 0.537505 0.662013 0.538176 0.660880 0.537602 0.660826 0.536931 0.661367 0.536065 0.661690 0.534435 0.661799 0.532417 0.662284 0.530500
8 0.654563 0.529634 0.660880 0.537602 0.663466 0.540616 0.660664 0.541440 0.653753 0.533185 0.652294 0.531074 0.652349 0.529250
8 0.670115 0.553440 0.664276 0.545606 0.662117 0.542824 0.663359 0.542727 0.664602 0.542537 0.665685 0.543269 0.666333 0.544801 0.670648 0.550218 0.671896 0.551236
8 0.665685 0.543269 0.668927 0.542116 0.672977 0.540866 0.675029 0.543264 0.671411 0.544417 0.670331 0.544611 0.666333 0.544801
8 0.670331 0.544611 0.673461 0.549602 0.671896 0.551236 0.668495 0.545185
8 0.659583 0.541634 0.663466 0.540616 0.666221 0.539847 0.667841 0.539370 0.669784 0.537162 0.670865 0.537546 0.670378 0.539370 0.668542 0.540519 0.665789 0.542056 0.663359 0.542727 0.660714 0.542921
8 0.652023 0.533764 0.659583 0.541634 0.665956 0.548644 0.670115 0.553440 0.668927 0.555171 0.664120 0.550468 0.662932 0.548546 0.659422 0.544417 0.655156 0.540963 0.651755 0.536931
8 0.641331 0.528676 0.642789 0.533856 0.644734 0.535778 0.646893 0.536736 0.646841 0.539139 0.644734 0.538176 0.641656 0.536065 0.639604 0.528769
8 0.634042 0.522722 0.637661 0.535106 0.641495 0.546722 0.641763 0.548546 0.642573 0.547681 0.643547 0.549218 0.642466 0.544324 0.641549 0.541537 0.639927 0.535204 0.637065 0.525986 0.635661 0.521954 0.635068 0.521954
8 0.642143 0.540000 0.646354 0.546528 0.646031 0.548546 0.641549 0.541537
8 0.641763 0.552579 0.643594 0.561065 0.641391 0.558500 0.640193 0.552713
8 0.631396 0.524449 0.632206 0.524736 0.634690 0.529634 0.638849 0.540194 0.641495 0.546722 0.641763 0.548546 0.645057 0.555171 0.644680 0.558241 0.641763 0.552579 0.640737 0.550083 0.636310 0.539139 0.631667 0.527523
8 0.642573 0.547681 0.641763 0.548546 0.645057 0.555171 0.645490 0.552963 0.644357 0.551523 0.643547 0.549218
8 0.656937 0.545472 0.659422 0.544417 0.660177 0.545856 0.660557 0.546912 0.655479 0.548352 0.656073 0.547296
8 0.656398 0.542787 0.654995 0.545282 0.651862 0.551907 0.652510 0.552292 0.653482 0.552292 0.656073 0.547296 0.657531 0.544032
8 0.660177 0.545856 0.661474 0.549792 0.662284 0.551329 0.664984 0.559106 0.666875 0.557569 0.664120 0.550468 0.662932 0.548546
8 0.661096 0.553634 0.663904 0.560259 0.664984 0.559106 0.662122 0.552866
8 0.661474 0.549792 0.659044 0.553921 0.655263 0.560065 0.656344 0.560833 0.662284 0.551329
8 0.643547 0.549218 0.646031 0.548546 0.645792 0.550009 0.644357 0.551523
8 0.638469 0.550273 0.640737 0.550083 0.641763 0.552579 0.639281 0.552676
8 0.552107 0.341523 0.563232 0.353329 0.563286 0.354292 0.562531 0.354769 0.559992 0.353236 0.553242 0.345745
8 0.536273 0.370569 0.537159 0.370653 0.537766 0.371565 0.539258 0.372060 0.543740 0.384671 0.548495 0.396454 0.546581 0.386583 0.541779 0.374218 0.539305 0.369574 0.537766 0.368245 0.534961 0.366667
8 0.530831 0.350838 0.534893 0.355838 0.537456 0.360500 0.538206 0.362056 0.540141 0.365611 0.540078 0.367944 0.534081 0.357727 0.531643 0.353727
8 0.533268 0.358060 0.531643 0.353727 0.529896 0.348394 0.528583 0.343620 0.528396 0.341954 0.532893 0.343954 0.535956 0.344287 0.535021 0.342208 0.531354 0.340755 0.529393 0.340009 0.529039 0.338681 0.526810 0.338620 0.526286 0.338556 0.526146 0.342273 0.532477 0.360255
8 0.532906 0.359426 0.536500 0.365481 0.539305 0.369574 0.539909 0.370583 0.540094 0.369051 0.537854 0.365315 0.534542 0.360588 0.533268 0.358060
8 0.544482 0.364486 0.548169 0.367889 0.548396 0.369407 0.548823 0.372120 0.544716 0.367222 0.544445 0.365644
8 0.549948 0.385852 0.549703 0.388866 0.548190 0.385829 0.547750 0.382963
8 0.544995 0.368801 0.546161 0.374856 0.550315 0.383486 0.549383 0.376435 0.547328 0.372532 0.546396 0.370296
8 0.519992 0.377269 0.520081 0.379630 0.520198 0.382750 0.520841 0.377991 0.520057 0.376773
8 0.519849 0.371009 0.519896 0.372667 0.521411 0.374625 0.521435 0.370759
8 0.521250 0.359477 0.521203 0.363042 0.519430 0.361468 0.519477 0.359111 0.520609 0.358819
8 0.526216 0.359370 0.529672 0.362343 0.532896 0.364903 0.534260 0.368968 0.529888 0.365991 0.528862 0.365032 0.527596 0.362116 0.526237 0.362903 0.526250 0.361190
8 0.526396 0.350505 0.528646 0.353727 0.530521 0.358727 0.527271 0.354505 0.526021 0.352394 0.525833 0.350282
8 0.526208 0.358060 0.532896 0.364903 0.531581 0.361278 0.526021 0.354282
8 0.534456 0.347505 0.537081 0.353060 0.540078 0.359171 0.540081 0.360074 0.541529 0.362644 0.542578 0.364167 0.543953 0.372056 0.538206 0.362056 0.533206 0.352171 0.532268 0.350727 0.532456 0.347838 0.533206 0.346949 0.533643 0.346838
8 0.585422 0.367565 0.591732 0.370787 0.602289 0.378565 0.605352 0.381338 0.606789 0.384449 0.614036 0.415995 0.615411 0.422880 0.613474 0.422218 0.605914 0.387782 0.604727 0.383671 0.592857 0.374009 0.585669 0.370231 0.585505 0.368727
8 0.579562 0.366759 0.583096 0.367056 0.583409 0.370278 0.580096 0.368833
8 0.576596 0.362519 0.577786 0.374940 0.581596 0.404486 0.583846 0.407597 0.580471 0.381273 0.579201 0.371773 0.578044 0.362778
8 0.526146 0.342273 0.525214 0.339782 0.523773 0.336296 0.522891 0.334222 0.522042 0.335398 0.522786 0.338176 0.523638 0.340329 0.524120 0.340903 0.525669 0.344861 0.527562 0.351083 0.532896 0.364903 0.536346 0.374880 0.539693 0.384468 0.544156 0.396699 0.548687 0.409343 0.551826 0.417273 0.557927 0.434690 0.563714 0.450741 0.570443 0.468963 0.576440 0.485944 0.578260 0.486926 0.571271 0.466042 0.558799 0.432333 0.554568 0.420625 0.552068 0.413630 0.542971 0.388269 0.532477 0.360255
8 0.520448 0.395088 0.520154 0.396819 0.522706 0.400750 0.523271 0.398745
8 0.520891 0.392866 0.520529 0.394227 0.523271 0.398745 0.523797 0.396736
8 0.521336 0.391144 0.524281 0.393796 0.524219 0.395273 0.523878 0.396093 0.520971 0.392292
8 0.506875 0.401801 0.509461 0.406532 0.509880 0.410398 0.507286 0.406231
8 0.529680 0.440551 0.532716 0.443250 0.533576 0.443505 0.535898 0.445329 0.537862 0.450472 0.530924 0.445694 0.529602 0.445194 0.527177 0.439366
8 0.525766 0.396819 0.521992 0.407657 0.523208 0.410167 0.524893 0.405130 0.525833 0.403333 0.528198 0.396417 0.529497 0.393333 0.532391 0.383954 0.533112 0.382060 0.534081 0.380338 0.536872 0.383954 0.540487 0.388449 0.539693 0.384468 0.535065 0.378556 0.533547 0.377912 0.532029 0.379838
8 0.525833 0.403333 0.538628 0.426593 0.542966 0.435074 0.544122 0.438162 0.545135 0.438162 0.554893 0.456407 0.553448 0.457051 0.546146 0.444713 0.532557 0.420296 0.524893 0.405130
8 0.534081 0.380338 0.541047 0.397370 0.545596 0.412856 0.555565 0.440384 0.564370 0.466532 0.570177 0.483394 0.567951 0.483222 0.558370 0.455866 0.545112 0.418361 0.540177 0.402875 0.539596 0.399435 0.536305 0.391176 0.533982 0.385843 0.533112 0.382060
8 0.581430 0.520870 0.592284 0.532199 0.595307 0.534597 0.595201 0.535750 0.592393 0.535463 0.586128 0.529412 0.582727 0.525764
8 0.557547 0.494991 0.554510 0.491264 0.547357 0.482569 0.543641 0.478986 0.540969 0.475861 0.540195 0.476375 0.548326 0.487560 0.558391 0.498912 0.579391 0.521796 0.578518 0.516977 0.567294 0.504764
8 0.521695 0.414894 0.525799 0.423153 0.530984 0.432847 0.532896 0.437542 0.535898 0.445329 0.533576 0.443505 0.530979 0.439009 0.522161 0.422815 0.520760 0.420231 0.520055 0.418866
8 0.522161 0.422815 0.530979 0.439009 0.532716 0.443250 0.529680 0.440551 0.523245 0.427185 0.521247 0.422921
8 0.508203 0.408745 0.510224 0.412032 0.510539 0.415069 0.507924 0.410792 0.507505 0.409861 0.507609 0.408995 0.507854 0.408435
8 0.519380 0.430463 0.520427 0.432468 0.520992 0.434190 0.520104 0.434120 0.519581 0.432972 0.516919 0.428023 0.516635 0.427593 0.517026 0.426468
8 0.516919 0.428023 0.519581 0.432972 0.518815 0.432972 0.518128 0.433616 0.515870 0.429889 0.516049 0.429287 0.516635 0.427593
8 0.522922 0.434250 0.521247 0.432426 0.517026 0.426468 0.516049 0.425551 0.514875 0.424407 0.513094 0.422106 0.508448 0.417111 0.508055 0.416394 0.507622 0.411208 0.510695 0.415977 0.512563 0.417722 0.515297 0.421079 0.516745 0.422574 0.518052 0.424153 0.520544 0.427144 0.522219 0.429162 0.524633 0.433097 0.529602 0.445194 0.536729 0.457958 0.537430 0.459690 0.537161 0.460843 0.538997 0.462185 0.539266 0.464778 0.539698 0.467847 0.543370 0.475144 0.544505 0.478218 0.544344 0.478889 0.543641 0.478986 0.542237 0.476778 0.538802 0.469639 0.536865 0.465190 0.530034 0.451144 0.526740 0.443079 0.525714 0.440199
8 0.511583 0.377324 0.519992 0.377269 0.520081 0.379630 0.513031 0.379681
8 0.516198 0.365991 0.520518 0.366185 0.522396 0.366620 0.522138 0.369065 0.517763 0.368968
8 0.517169 0.371560 0.520841 0.377991 0.521411 0.374625 0.518505 0.371042
8 0.513180 0.365889 0.511172 0.366468 0.507896 0.366819 0.506010 0.367065 0.507208 0.369616 0.515721 0.368685 0.514349 0.365815
8 0.505328 0.388917 0.505977 0.394773 0.507974 0.396981 0.507617 0.393991 0.507164 0.389972
8 0.504518 0.382005 0.506354 0.384787 0.506589 0.386023 0.507164 0.389972 0.505112 0.386611
8 0.507432 0.383194 0.509172 0.385671 0.510188 0.387222 0.510846 0.388153 0.510458 0.388620 0.509755 0.388995 0.509487 0.389954 0.508443 0.387282 0.508094 0.387097
8 0.510458 0.388620 0.509755 0.388995 0.509487 0.389954 0.511753 0.394083 0.516810 0.402870 0.518023 0.403032 0.518023 0.404361 0.517068 0.404315 0.519854 0.408894 0.520432 0.407144 0.516539 0.399208
8 0.512938 0.406023 0.516018 0.410708 0.517893 0.415486 0.518544 0.413144 0.513784 0.404681
8 0.516062 0.404389 0.519331 0.410269 0.518891 0.411787 0.518646 0.412634 0.514732 0.405537 0.514151 0.404361
8 0.512938 0.406023 0.514151 0.404361 0.516716 0.404361 0.518023 0.404361 0.518023 0.403032 0.516810 0.402870 0.515365 0.403032 0.514242 0.403032 0.513682 0.403532 0.513245 0.403324 0.512451 0.404403 0.512219 0.404986
8 0.509391 0.395565 0.513245 0.403324 0.512451 0.404403 0.512219 0.404986 0.511458 0.403708 0.510070 0.400421
8 0.509622 0.391833 0.515365 0.403032 0.514242 0.403032 0.513682 0.403532 0.509250 0.394074 0.508875 0.391667
8 0.504815 0.375157 0.505609 0.379968 0.506589 0.386023 0.507617 0.393991 0.508549 0.400713 0.510417 0.402870 0.509391 0.395565 0.507242 0.381875 0.506823 0.379472 0.506169 0.376815
8 0.509297 0.404944 0.510695 0.415977 0.512563 0.417722 0.511271 0.406597
8 0.517010 0.417370 0.515297 0.421079 0.516745 0.422574 0.518385 0.418310 0.519250 0.416778 0.519307 0.415880 0.521268 0.410319 0.521594 0.409986 0.520896 0.408500 0.520432 0.407144 0.518891 0.411787 0.517893 0.415486
8 0.521268 0.410319 0.519307 0.415880 0.519250 0.416778 0.520055 0.418866 0.522341 0.412310 0.521594 0.409986
8 0.518385 0.418310 0.516745 0.422574 0.518052 0.424153 0.519466 0.421481
8 0.519250 0.416778 0.520760 0.420231 0.521247 0.422921 0.522003 0.425898 0.522219 0.429162 0.520544 0.427144 0.519466 0.421481 0.518385 0.418310
8 0.521247 0.432426 0.521841 0.437319 0.522466 0.442458 0.522680 0.445796 0.522367 0.448352 0.521786 0.449417 0.522922 0.451722 0.523385 0.450005 0.523667 0.448926 0.523836 0.447333 0.524078 0.445542 0.523732 0.440199 0.522922 0.434250
8 0.527807 0.330301 0.527852 0.332958 0.529393 0.340009 0.531354 0.340755 0.530188 0.336019 0.529719 0.332708 0.529237 0.332185
8 0.530953 0.331523 0.534406 0.334620 0.537404 0.337287 0.538031 0.340634 0.535102 0.337718 0.533500 0.335861
8 0.529174 0.325741 0.530745 0.325931 0.536031 0.333421 0.536086 0.334569 0.535924 0.334954 0.535115 0.334861 0.531719 0.330542 0.529229 0.326894
8 0.524628 0.318458 0.526872 0.323426 0.529456 0.329227 0.524755 0.322801
8 0.519255 0.313940 0.520844 0.319417 0.522708 0.321324 0.521870 0.318005 0.521263 0.315764
8 0.512526 0.309083 0.516372 0.314963 0.520292 0.319028 0.518799 0.315792 0.517445 0.313218 0.515578 0.310894 0.513984 0.308412 0.513336 0.309278
8 0.494112 0.335037 0.494516 0.338338 0.496922 0.340019 0.496583 0.337935
8 0.496810 0.343213 0.499070 0.345792 0.499312 0.348588 0.497380 0.346296 0.495721 0.344287
8 0.497094 0.340917 0.495117 0.342926 0.495721 0.344287 0.497904 0.342208 0.497898 0.340801 0.497409 0.341148
8 0.501857 0.344718 0.501932 0.347157 0.505372 0.348838 0.503104 0.345505
8 0.511917 0.357671 0.510026 0.354023 0.508135 0.351144 0.505219 0.345477 0.502435 0.339843 0.501737 0.340167 0.501747 0.343287 0.505372 0.348838 0.506029 0.350949 0.508297 0.355079 0.509138 0.355949 0.509885 0.357856 0.511779 0.361241 0.513180 0.363815 0.516555 0.370167 0.518411 0.369880
8 0.513180 0.365889 0.511172 0.366468 0.507458 0.363912 0.506104 0.362505 0.504685 0.361241 0.503844 0.360079 0.503005 0.354106 0.503937 0.354685 0.504638 0.355764 0.505385 0.357009 0.505898 0.359667 0.506505 0.360995 0.509818 0.362986
8 0.511779 0.361241 0.509044 0.360347 0.507596 0.359681 0.505898 0.359667 0.506505 0.360995 0.509818 0.362986 0.513180 0.363815
8 0.505219 0.345477 0.508135 0.351144 0.516560 0.357287 0.519477 0.359111 0.520609 0.358819 0.516831 0.353829 0.512078 0.350949
8 0.506029 0.350949 0.503331 0.348551 0.502034 0.347782 0.502034 0.350662 0.508297 0.355079
8 0.510026 0.354023 0.518503 0.360551 0.522661 0.364389 0.522396 0.366620 0.517315 0.362759 0.511917 0.357671
8 0.509138 0.355949 0.507596 0.359681 0.509044 0.360347 0.509885 0.357856
8 0.507458 0.363912 0.506010 0.367065 0.505078 0.365491 0.506104 0.362505
8 0.507677 0.370458 0.518411 0.369880 0.518505 0.371042 0.514630 0.371954 0.508471 0.372370
8 0.519456 0.340148 0.524055 0.347319 0.524055 0.350690 0.521232 0.346315 0.518857 0.340231
8 0.511635 0.338931 0.518979 0.346963 0.519102 0.350690 0.513130 0.343519 0.510706 0.341009 0.509461 0.340222 0.508852 0.338787 0.510701 0.338537 0.510701 0.338537
8 0.518859 0.345815 0.519258 0.352699 0.521078 0.354921 0.520956 0.351120 0.519581 0.347685
8 0.504328 0.339403 0.515885 0.352264 0.523013 0.362056 0.523266 0.359894 0.522581 0.356968 0.517018 0.349671 0.510107 0.342088 0.507083 0.339019
8 0.514523 0.329644 0.515810 0.329644 0.521661 0.334306 0.522042 0.335398 0.522065 0.337532 0.519323 0.336171 0.515687 0.332440
8 0.515180 0.337065 0.512198 0.336315 0.509315 0.336315 0.508583 0.336486 0.506091 0.337009 0.503411 0.337481 0.501682 0.338343 0.501737 0.340167 0.504328 0.339403 0.510701 0.338537 0.516208 0.339403
8 0.523729 0.333176 0.522104 0.328847 0.520292 0.325292 0.519479 0.321181 0.518773 0.320134 0.517917 0.319403 0.517042 0.320514 0.517370 0.321093 0.518883 0.327431 0.522042 0.335398
8 0.524755 0.322801 0.529456 0.329227 0.536466 0.340796 0.538708 0.345681 0.540443 0.351079 0.541456 0.357630 0.541529 0.362644 0.540081 0.360074 0.539938 0.355704 0.538635 0.349792 0.535021 0.342208 0.529237 0.332185 0.524901 0.326528
8 0.525669 0.344861 0.526250 0.361190 0.526734 0.374782 0.526927 0.384259 0.526831 0.390264 0.525766 0.396819 0.521992 0.407657 0.521219 0.406264 0.524219 0.395273 0.524896 0.384588 0.524701 0.364972 0.524799 0.358454 0.524023 0.353981 0.524120 0.340903
8 0.524023 0.353981 0.521411 0.374625 0.518315 0.396630 0.520154 0.396819 0.522573 0.379616 0.524799 0.358454
8 0.568125 0.328111 0.572930 0.341838 0.579562 0.366759 0.583029 0.381412 0.580208 0.376523 0.579201 0.371773 0.578044 0.362778 0.576596 0.362519 0.573992 0.352412 0.573992 0.350977 0.573271 0.350375 0.571133 0.343847 0.568427 0.334236
8 0.569109 0.347319 0.573992 0.350977 0.573992 0.352412 0.573870 0.352986 0.573346 0.353630 0.572661 0.352986 0.569312 0.350190
8 0.566297 0.319500 0.566357 0.325083 0.566451 0.330144 0.567286 0.346259 0.567284 0.349329 0.567492 0.351968 0.567708 0.355903 0.569878 0.383333 0.571620 0.385741 0.570167 0.366296 0.569760 0.360125 0.569815 0.356384 0.568909 0.346167 0.568039 0.326384 0.568232 0.318986 0.567458 0.318468
8 0.547076 0.328750 0.553596 0.333546 0.556581 0.335481 0.556380 0.336773 0.555977 0.337778 0.555695 0.337921 0.552146 0.335194 0.552435 0.334315 0.545901 0.330583
8 0.545901 0.330583 0.552435 0.334315 0.551789 0.336463 0.545536 0.331986 0.545453 0.331019
8 0.547076 0.328750 0.546143 0.326843 0.546049 0.326097 0.545260 0.324426 0.544721 0.324519 0.545453 0.331019
8 0.546937 0.321116 0.546469 0.323856 0.552911 0.328667 0.552396 0.327259 0.550716 0.324106
8 0.546424 0.324769 0.546049 0.326097 0.546143 0.326843 0.547076 0.328750 0.552258 0.331819 0.552865 0.331653 0.553190 0.331157 0.553237 0.330245 0.552911 0.328667
8 0.567286 0.346259 0.567284 0.349329 0.565818 0.348509 0.563443 0.347454 0.553378 0.340866 0.547591 0.336634 0.545956 0.335222 0.545536 0.331986 0.554404 0.338125 0.559583 0.341278 0.560336 0.342356 0.563742 0.343769
8 0.569815 0.356384 0.574620 0.365407 0.573865 0.367329 0.570841 0.362815 0.569760 0.360125
8 0.565818 0.348509 0.567492 0.351968 0.567708 0.355903 0.565008 0.351005 0.563443 0.347454
8 0.560336 0.342356 0.554409 0.330907 0.549135 0.321366 0.546568 0.317218 0.547628 0.317194 0.548232 0.316907 0.550161 0.320435 0.553521 0.325417 0.558703 0.334310 0.563742 0.343769
8 0.539326 0.313546 0.542565 0.320366 0.542945 0.324301 0.540406 0.319500 0.538516 0.315657 0.538299 0.313741
8 0.535875 0.329014 0.540060 0.336565 0.545870 0.347338 0.545432 0.343009 0.541997 0.336676 0.540122 0.333009 0.538435 0.329792 0.536938 0.328681
8 0.524628 0.315796 0.529563 0.319903 0.531852 0.322227 0.535578 0.325491 0.543492 0.330935 0.544016 0.331519 0.544372 0.334343 0.536938 0.328681 0.529128 0.322347 0.524628 0.318458
8 0.532401 0.311000 0.536513 0.318681 0.540266 0.325986 0.539258 0.326282 0.537036 0.324051 0.531719 0.314019 0.528451 0.307278 0.527401 0.304838 0.528208 0.304625 0.530023 0.307278
8 0.519589 0.300481 0.521437 0.303444 0.522990 0.306426 0.522914 0.301130 0.520005 0.299139
8 0.524456 0.303505 0.537036 0.324051 0.535578 0.325491 0.531852 0.322227 0.526938 0.314065 0.524508 0.309940
8 0.505000 0.308894 0.508229 0.312190 0.509648 0.313125 0.512057 0.316773 0.510383 0.316676 0.506854 0.313407 0.505643 0.311977 0.504659 0.309764 0.504641 0.309319
8 0.506771 0.400602 0.511271 0.406597 0.517010 0.417370 0.517893 0.415486 0.516018 0.410708 0.511458 0.403708 0.506646 0.398713
8 0.510490 0.322343 0.508979 0.318884 0.508060 0.317444 0.506872 0.314662 0.504659 0.309764 0.503956 0.309861 0.503956 0.311301 0.505013 0.313218 0.505307 0.315218 0.506289 0.316606 0.506971 0.318778 0.509031 0.323685
8 0.506872 0.314662 0.510383 0.316676 0.512057 0.316773 0.511193 0.319269 0.508060 0.317444
8 0.497552 0.322343 0.503247 0.328181 0.512198 0.336315 0.515180 0.337065 0.513516 0.334083 0.504560 0.325069 0.496625 0.316852
8 0.523836 0.447333 0.523667 0.448926 0.523385 0.450005 0.527581 0.456528 0.534437 0.467500 0.537945 0.472231 0.538875 0.470944 0.537953 0.469995
8 0.524078 0.445542 0.528716 0.452713 0.536865 0.465190 0.538802 0.469639 0.537953 0.469995 0.523836 0.447333
8 0.515044 0.430699 0.522466 0.442458 0.522680 0.445796 0.514432 0.432690
8 0.514432 0.432690 0.522680 0.445796 0.522367 0.448352 0.517555 0.441574 0.513745 0.434356
8 0.508289 0.423681 0.509120 0.426981 0.512445 0.432472 0.512862 0.430218
8 0.508289 0.420296 0.513310 0.427866 0.512862 0.430218 0.508289 0.423681 0.508289 0.421685
8 0.508448 0.417111 0.513094 0.422106 0.514875 0.424407 0.514010 0.426519 0.512174 0.423546 0.510122 0.420472 0.508286 0.418361
8 0.512174 0.423546 0.514010 0.426519 0.513310 0.427866 0.510987 0.423931
8 0.504130 0.414231 0.502240 0.410681 0.495813 0.403769 0.495544 0.404921 0.499539 0.411352 0.504076 0.419704 0.504307 0.417407
8 0.491437 0.400505 0.497703 0.412889 0.499810 0.417019 0.504005 0.423861 0.504005 0.421713 0.504021 0.420472 0.499971 0.412889 0.496299 0.407417 0.492518 0.400310
8 0.495039 0.350523 0.496305 0.352375 0.496227 0.353616 0.499159 0.359519 0.501039 0.363449 0.500599 0.358148 0.500052 0.359074 0.498229 0.354213 0.496299 0.349773
8 0.490151 0.346472 0.491958 0.347773 0.494107 0.350116 0.496305 0.352375 0.496258 0.353940 0.494451 0.352463 0.491422 0.348903 0.489273 0.346384
8 0.536513 0.318681 0.539049 0.319722 0.540888 0.320681 0.542237 0.322792 0.541211 0.323463 0.537862 0.321162
8 0.499922 0.335375 0.500526 0.334778 0.501013 0.334602 0.501648 0.335384 0.502089 0.352574 0.504091 0.378102 0.506875 0.401801 0.508289 0.420296 0.508289 0.421685 0.508289 0.423681 0.509120 0.426981 0.509656 0.429412 0.509852 0.430801 0.508633 0.430019 0.507753 0.428806 0.507216 0.427153 0.506630 0.423681 0.506435 0.419338 0.506190 0.416042 0.506125 0.415523 0.506289 0.416301 0.504232 0.392394 0.501661 0.359449 0.500073 0.339815
8 0.499240 0.334704 0.499922 0.335375 0.500073 0.339815 0.501661 0.359449 0.504232 0.392394 0.506125 0.415523 0.505518 0.420769 0.505518 0.423995 0.505216 0.425208 0.504005 0.423861 0.504005 0.421713 0.504307 0.417407 0.504112 0.412361 0.504328 0.409481 0.503930 0.404162 0.503115 0.396153 0.502984 0.392782 0.502802 0.392222 0.502693 0.388458 0.502474 0.387616 0.502401 0.383921 0.502000 0.379769 0.501854 0.376333 0.501711 0.373574 0.501523 0.372241 0.501435 0.371500 0.501279 0.367106 0.501039 0.363449 0.500599 0.358148 0.499896 0.353889 0.499747 0.353704 0.498914 0.344491 0.498529 0.338843 0.499495 0.338278
8 0.493508 0.329255 0.495260 0.331944 0.497214 0.335505 0.497703 0.336634 0.498091 0.339139 0.497898 0.340801 0.497409 0.341148 0.496922 0.340019 0.496583 0.337935 0.493849 0.332903
8 0.579016 0.333046 0.582880 0.365333 0.586630 0.396995 0.592185 0.428324 0.598664 0.463611 0.602508 0.494023 0.604534 0.520667 0.605448 0.548579 0.606760 0.544264 0.605143 0.505731 0.604430 0.505190 0.604125 0.503565 0.604336 0.496190 0.601594 0.472611 0.596333 0.442176 0.589068 0.398454 0.586794 0.380708 0.585505 0.368727 0.582109 0.341440 0.580826 0.335620 0.580104 0.334630
8 0.556888 0.320639 0.556104 0.323894 0.551266 0.320176 0.548232 0.316907 0.548945 0.315690 0.550198 0.316551
8 0.615352 0.268769 0.614565 0.268301 0.613323 0.269347 0.614240 0.285389 0.616135 0.304565 0.616396 0.313051 0.617049 0.340829 0.617901 0.381625 0.618292 0.404407 0.620122 0.408009 0.619273 0.372093 0.618945 0.327579 0.618685 0.310843 0.617836 0.305727 0.616594 0.290968
8 0.519484 0.305472 0.517750 0.302148 0.516508 0.299537 0.514701 0.295620 0.513953 0.294824 0.513456 0.295417 0.513966 0.297731 0.516208 0.303065 0.517565 0.306477 0.519841 0.311389 0.523232 0.314505 0.521310 0.309583 0.520049 0.307083
8 0.519484 0.305472 0.522536 0.306579 0.522367 0.307481 0.521294 0.307884 0.520049 0.307083
8 0.512310 0.299144 0.516208 0.303065 0.517565 0.306477 0.512365 0.301690 0.512026 0.298944
8 0.513984 0.306014 0.523232 0.314505 0.523289 0.317921 0.513984 0.308412
8 0.498279 0.328500 0.498669 0.331801 0.504628 0.336139 0.506091 0.337009 0.508583 0.336486 0.505062 0.333102
8 0.497789 0.324940 0.502375 0.328065 0.512198 0.336315 0.509315 0.336315 0.501893 0.329977 0.498180 0.327370
8 0.508633 0.325116 0.512245 0.329222 0.513516 0.334083 0.505068 0.324444 0.497547 0.316458 0.496227 0.312375 0.496276 0.311074 0.497497 0.313218 0.500526 0.316023 0.504432 0.320278
8 0.497497 0.305403 0.501549 0.308532 0.501940 0.308009 0.501745 0.307403 0.500964 0.306361 0.498229 0.304102
8 0.497253 0.307750 0.505013 0.313218 0.505307 0.315218 0.503065 0.313912 0.498229 0.310787 0.496807 0.310093 0.496466 0.308356
8 0.503797 0.318773 0.508633 0.325116 0.509169 0.324417 0.507557 0.321292 0.506484 0.319903 0.505159 0.318167
8 0.497937 0.311046 0.506289 0.316606 0.506971 0.318778 0.505159 0.318167 0.499206 0.314000 0.497497 0.313218
8 0.492990 0.371597 0.494229 0.373282 0.492625 0.373801 0.492232 0.373389
8 0.494083 0.369329 0.496089 0.373023 0.494521 0.373412 0.493354 0.370949 0.493669 0.370389 0.493281 0.369718
8 0.498753 0.374125 0.500393 0.376593 0.502000 0.379769 0.502401 0.383921 0.498060 0.375815 0.497404 0.374384
8 0.500685 0.373866 0.501854 0.376333 0.502000 0.379769 0.500393 0.376593 0.499227 0.373995
8 0.496930 0.374519 0.502401 0.383921 0.502474 0.387616 0.497477 0.378602 0.495505 0.375167
8 0.494922 0.374773 0.502693 0.388458 0.502802 0.392222 0.499044 0.385412 0.494339 0.377176 0.493245 0.374972
8 0.494797 0.387319 0.503930 0.404162 0.504328 0.409481 0.502388 0.405861 0.490742 0.384542 0.490255 0.382634 0.492195 0.384532
8 0.490443 0.384324 0.502388 0.405861 0.501247 0.405787 0.497448 0.399481 0.488880 0.383648 0.486685 0.379449 0.487867 0.380347
8 0.488794 0.386278 0.493945 0.394005 0.498336 0.401282 0.497659 0.402333 0.494029 0.396782 0.491961 0.393486
8 0.483633 0.376046 0.486740 0.381847 0.493198 0.396329 0.494422 0.398806 0.492664 0.397000 0.486148 0.384398 0.483026 0.377648 0.482096 0.375472
8 0.490867 0.380329 0.486602 0.376343 0.484526 0.374181 0.482258 0.372259 0.478464 0.368403 0.477060 0.367440 0.478859 0.371398 0.483633 0.376046 0.492195 0.384532 0.498604 0.391157 0.503115 0.396153 0.502984 0.392782 0.502214 0.392458 0.495674 0.385481
8 0.479266 0.354449 0.478544 0.354681 0.478284 0.356426 0.491883 0.380019 0.495674 0.385481 0.502214 0.392458 0.497047 0.383157 0.492732 0.375139 0.491589 0.375352 0.490628 0.374056 0.482630 0.360060
8 0.471781 0.356412 0.473878 0.359880 0.477060 0.367440 0.479906 0.373282 0.484750 0.382282 0.492664 0.397000 0.491979 0.396417 0.482510 0.380741 0.473833 0.366343 0.471378 0.361333 0.470365 0.358634 0.470076 0.353106
8 0.476987 0.364120 0.473878 0.359880 0.471781 0.356412 0.472359 0.355255 0.473227 0.355125 0.476617 0.358903
8 0.479073 0.365639 0.482258 0.372259 0.484526 0.374181 0.483068 0.371204 0.479396 0.364583
8 0.477997 0.357449 0.490867 0.380329 0.486602 0.376343 0.479227 0.363491 0.478143 0.360407
8 0.472271 0.346625 0.476286 0.354255 0.476617 0.358903 0.472831 0.352347 0.470638 0.348449 0.471156 0.346963
8 0.477544 0.348051 0.477755 0.351727 0.482630 0.360060 0.490628 0.374056 0.491214 0.373907 0.492232 0.373389 0.480987 0.353838
8 0.477174 0.342731 0.481974 0.350639 0.486609 0.358616 0.493669 0.370389 0.492232 0.373389 0.480987 0.353838 0.477544 0.348051
8 0.476734 0.338667 0.479208 0.338750 0.480935 0.341819 0.480141 0.342231 0.477760 0.341074 0.477060 0.340907
8 0.482604 0.345153 0.481974 0.350639 0.483049 0.351468 0.483422 0.349144 0.483370 0.345833 0.483091 0.344671
8 0.476385 0.333843 0.481448 0.342708 0.482604 0.345153 0.483091 0.344671 0.483815 0.344287 0.481013 0.338597 0.477398 0.332815
8 0.471768 0.337380 0.471026 0.336343 0.470625 0.335481 0.470302 0.335051 0.469776 0.335838 0.469737 0.336343 0.469776 0.337560 0.473206 0.343657 0.475948 0.348606 0.475641 0.342759 0.473245 0.341148 0.472560 0.339352
8 0.475641 0.342759 0.473503 0.339963 0.471768 0.337380 0.471568 0.336523 0.471729 0.335375 0.472052 0.334870 0.472495 0.334801 0.473021 0.335375 0.472940 0.336093 0.474310 0.337523 0.475240 0.337380 0.475547 0.341426
8 0.472940 0.336093 0.475036 0.335231 0.475240 0.337380 0.474310 0.337523
8 0.501523 0.372241 0.501435 0.371500 0.496500 0.365167 0.500224 0.372458
8 0.496500 0.365167 0.500224 0.372458 0.498492 0.372718 0.489815 0.355505
8 0.483370 0.345833 0.490792 0.361597 0.496906 0.373130 0.498492 0.372718 0.493357 0.363176 0.489815 0.355505 0.483815 0.344287 0.483091 0.344671
8 0.491214 0.373907 0.501523 0.372241 0.501711 0.373574 0.491589 0.375352
8 0.501279 0.367106 0.501435 0.371500 0.496500 0.365167 0.489815 0.355505 0.483815 0.344287 0.483815 0.341792 0.495000 0.359949 0.499247 0.365611
8 0.494375 0.340972 0.493125 0.337824 0.492813 0.337824 0.492630 0.337824 0.492057 0.338704 0.492057 0.339722 0.492471 0.341894 0.495318 0.348116 0.496299 0.349773 0.498229 0.354213 0.500052 0.359074 0.500599 0.358148 0.499896 0.353889
8 0.492763 0.322296 0.494076 0.324176 0.494151 0.325028 0.494513 0.326056 0.496594 0.329495 0.496688 0.330500 0.497250 0.333708 0.496630 0.333838 0.494987 0.330208 0.493456 0.328005
8 0.486870 0.330194 0.487122 0.329458 0.487888 0.330245 0.490510 0.333759 0.492445 0.335912 0.492203 0.333546 0.490953 0.331681 0.489219 0.329384 0.487284 0.327667 0.485227 0.326731
8 0.487690 0.324958 0.486677 0.324727 0.484216 0.324296 0.485227 0.326731 0.487284 0.327667 0.490065 0.327880
8 0.483995 0.337338 0.486174 0.340352 0.487021 0.341282 0.487263 0.342644 0.487625 0.343505 0.488271 0.344583 0.490531 0.345727 0.492466 0.345727 0.491677 0.343060 0.490596 0.343347 0.489320 0.342574 0.488917 0.341426 0.488232 0.340352 0.487786 0.339634 0.486659 0.338630 0.485932 0.337986 0.485469 0.337130 0.485469 0.337130
8 0.495318 0.348116 0.492471 0.341894 0.486870 0.330194 0.482437 0.320486 0.481818 0.318736 0.477862 0.314926 0.480104 0.319407 0.484211 0.327458 0.491677 0.343060 0.492750 0.346620 0.495039 0.350523 0.496299 0.349773
8 0.484786 0.334370 0.481331 0.331588 0.479336 0.329815 0.478609 0.329745 0.478247 0.330032 0.478047 0.330676 0.480466 0.333329 0.485469 0.337130 0.488008 0.338565 0.486115 0.335088
8 0.476990 0.314546 0.483091 0.325778 0.491677 0.343060 0.490596 0.343347 0.486115 0.335088 0.480250 0.324769 0.479656 0.322273 0.476417 0.316898 0.475747 0.315505
8 0.470904 0.365444 0.472091 0.368870 0.473495 0.372935 0.475224 0.378310 0.480893 0.387782 0.490828 0.398824 0.504112 0.412361 0.504328 0.409481 0.492664 0.397000 0.491979 0.396417 0.485836 0.389606 0.480677 0.384134 0.476573 0.376264 0.474992 0.372000
8 0.471172 0.370435 0.473495 0.372935 0.475224 0.378310 0.474628 0.378694 0.471227 0.373509
8 0.470904 0.365444 0.471281 0.375620 0.469445 0.372935 0.469714 0.371301 0.469714 0.368324 0.469013 0.363236
8 0.467716 0.365829 0.469714 0.368324 0.469714 0.371301 0.467393 0.367750 0.466367 0.366597 0.467016 0.365731
8 0.462565 0.347750 0.468635 0.357130 0.468971 0.359694 0.470680 0.361606 0.474411 0.367889 0.482510 0.380741 0.491979 0.396417 0.485836 0.389606 0.474992 0.372000 0.468708 0.362657 0.466612 0.358417 0.461255 0.351181 0.460534 0.349894 0.461336 0.349032
8 0.476417 0.316898 0.479656 0.322273 0.477766 0.322273 0.475336 0.318148
8 0.475823 0.321699 0.479656 0.322273 0.480250 0.324769 0.479927 0.325824 0.479224 0.325250 0.475984 0.324676
8 0.479927 0.325824 0.484786 0.334370 0.481331 0.331588 0.479063 0.328801 0.478198 0.327940 0.478143 0.326690 0.478414 0.325731 0.479224 0.325250
8 0.467688 0.310843 0.467023 0.310843 0.466661 0.311111 0.466362 0.311861 0.466362 0.312236 0.466693 0.312880 0.470307 0.318769 0.474359 0.325384 0.474076 0.321287
8 0.456000 0.311657 0.460211 0.317704 0.461076 0.317898 0.465396 0.322407 0.470633 0.326537 0.474359 0.328468 0.473810 0.327523 0.471766 0.324519 0.468203 0.321736 0.466745 0.320583 0.463469 0.317542 0.461896 0.316250
8 0.463469 0.317542 0.468310 0.319722 0.468742 0.320870 0.466745 0.320583
8 0.464638 0.317324 0.460562 0.311801 0.454417 0.305505 0.452497 0.303199 0.452133 0.304204 0.456128 0.310296 0.461896 0.316250 0.463469 0.317542
8 0.463990 0.323403 0.467599 0.326727 0.467562 0.328028 0.466872 0.329222
8 0.452904 0.341028 0.456807 0.345676 0.457089 0.345120 0.457122 0.344440 0.457052 0.343819 0.452253 0.338264 0.453062 0.340375
8 0.459383 0.342222 0.462565 0.347750 0.461336 0.349032 0.457648 0.342736 0.455552 0.338625
8 0.464299 0.344792 0.468203 0.351731 0.468635 0.357130 0.462854 0.346204
8 0.456854 0.351218 0.466612 0.358417 0.468708 0.362657 0.466180 0.361116 0.457286 0.353917
8 0.474828 0.306051 0.475867 0.309093 0.479055 0.312389 0.479417 0.311245
8 0.460055 0.296208 0.461177 0.297995 0.461357 0.299148 0.467620 0.307500 0.473831 0.316907 0.473495 0.312329 0.469445 0.306282 0.467068 0.303111 0.462323 0.297523 0.460156 0.295431
8 0.461357 0.299148 0.467620 0.307500 0.473831 0.316907 0.474099 0.320074 0.469133 0.311917 0.463414 0.303278 0.461674 0.301329
8 0.476086 0.327782 0.474359 0.325384 0.466026 0.313106 0.460378 0.305005 0.455536 0.298407 0.453279 0.294894 0.452128 0.293963 0.451706 0.293532 0.451424 0.294319 0.451263 0.295468 0.451464 0.296185 0.458482 0.305505 0.460247 0.308190 0.464839 0.314625 0.473810 0.327523 0.474359 0.328468 0.476195 0.331250 0.483815 0.341792 0.494906 0.358431 0.501279 0.367106 0.501039 0.363449 0.487000 0.343153
8 0.473383 0.310407 0.474359 0.325384 0.476086 0.327782 0.475008 0.311847
8 0.476195 0.331250 0.477544 0.348051 0.478464 0.368403 0.477060 0.367440 0.475547 0.341426 0.474359 0.328468
8 0.431836 0.312009 0.432630 0.314662 0.433003 0.314995 0.433656 0.315407 0.433982 0.315407 0.434310 0.314329 0.434122 0.313333 0.433891 0.311759 0.432224 0.311477
8 0.434823 0.312338 0.437016 0.315407 0.437297 0.316653 0.437016 0.317398 0.436549 0.317481 0.436036 0.316986 0.434310 0.314329 0.434122 0.313333
8 0.449401 0.325116 0.446701 0.321907 0.445253 0.320218 0.445948 0.319412 0.448773 0.322759 0.450516 0.324681
8 0.446005 0.322157 0.445904 0.327000 0.447029 0.326444 0.446701 0.321907
8 0.449526 0.328046 0.449247 0.328356 0.449177 0.329222 0.449177 0.329968 0.454094 0.334306 0.454128 0.333931 0.452000 0.330958 0.450815 0.328972 0.450258 0.328046
8 0.451359 0.316454 0.459073 0.325847 0.455901 0.324116 0.453013 0.321625 0.449078 0.317407 0.447891 0.315519
8 0.445279 0.315227 0.451151 0.320227 0.455901 0.324116 0.462336 0.328000 0.463211 0.328778 0.463273 0.329333 0.462211 0.330889 0.461898 0.331111 0.457586 0.327889 0.454339 0.325560 0.453526 0.325227 0.453089 0.324005 0.449151 0.322005 0.444279 0.318005 0.439031 0.314338 0.437906 0.312449 0.443190 0.314046
8 0.450964 0.324671 0.449401 0.325116 0.448216 0.325671 0.447029 0.326444 0.445904 0.327000 0.447591 0.328778 0.450401 0.327000 0.452589 0.326005 0.453526 0.325227 0.453089 0.324005
8 0.452589 0.326005 0.458523 0.332556 0.458023 0.334222 0.457523 0.334556 0.456901 0.334556 0.450401 0.327000
8 0.491510 0.304171 0.492068 0.303986 0.492732 0.304417 0.493010 0.305287 0.493568 0.305722 0.493846 0.307519 0.493289 0.307644 0.492312 0.306773 0.491997 0.305907 0.491510 0.305472
8 0.491372 0.306838 0.492138 0.307519 0.493253 0.308819 0.493951 0.309005 0.493917 0.311111 0.493393 0.311236 0.492870 0.311236 0.492417 0.310681 0.492138 0.310060 0.491651 0.309995
8 0.493177 0.302565 0.493328 0.303792 0.492630 0.303856 0.491201 0.302491 0.491445 0.301190
8 0.493719 0.300454 0.492612 0.299370 0.492612 0.299370 0.491758 0.299269 0.491445 0.301190 0.493221 0.301440 0.493232 0.300644
8 0.495013 0.294694 0.495052 0.298426 0.496276 0.299120 0.496198 0.296065
8 0.493273 0.292694 0.493482 0.297509 0.494862 0.298250 0.494758 0.294361
8 0.493044 0.297255 0.496714 0.299370 0.499740 0.302056 0.503573 0.305222 0.507299 0.310023 0.501953 0.306569 0.497740 0.303306 0.495339 0.301028 0.493719 0.300454 0.492612 0.299370 0.492232 0.298120 0.492396 0.296394
8 0.508674 0.308519 0.514831 0.313509 0.523365 0.321861 0.523526 0.325894 0.518773 0.320134 0.513427 0.315236
8 0.517370 0.321093 0.518883 0.327431 0.517099 0.324838 0.509648 0.313125 0.501872 0.302949 0.495013 0.294694 0.491482 0.290745 0.489818 0.289444 0.489542 0.285139 0.496742 0.293255 0.507651 0.306981 0.513427 0.315236
8 0.492831 0.293338 0.490997 0.303421 0.490401 0.296699 0.491482 0.290745
8 0.483523 0.305954 0.482930 0.306625 0.482766 0.307394 0.483091 0.308833 0.486924 0.315843 0.487518 0.316995 0.489841 0.321505 0.491299 0.324481 0.490922 0.319296
8 0.487518 0.316995 0.484047 0.313532 0.482112 0.311023 0.477906 0.306435 0.477297 0.306407 0.475893 0.303907 0.474667 0.301440 0.474828 0.306051 0.480445 0.312292 0.487141 0.319296 0.489841 0.321505
8 0.477755 0.300838 0.479328 0.305713 0.482112 0.311023 0.484047 0.313532 0.484612 0.312454 0.482635 0.308653 0.481104 0.304569 0.479773 0.301912 0.478643 0.299977 0.477458 0.297287 0.477352 0.299907
8 0.474367 0.294889 0.475940 0.299333 0.476055 0.295366 0.474273 0.293444
8 0.484076 0.290616 0.485008 0.292546 0.484044 0.292491 0.480427 0.290852 0.477620 0.288935 0.477687 0.288315 0.479766 0.289866 0.482568 0.290028
8 0.473255 0.306759 0.468852 0.301287 0.461487 0.293296 0.460180 0.291699 0.451953 0.284324 0.451138 0.283972 0.450328 0.284083 0.450266 0.284750 0.450328 0.285972 0.462323 0.297523 0.473383 0.310407 0.481818 0.318736 0.487690 0.324958 0.491875 0.330069 0.491437 0.325958 0.482443 0.316074 0.474914 0.308106
8 0.474273 0.290181 0.477242 0.293157 0.480753 0.297287 0.486099 0.304199 0.485128 0.306500 0.479023 0.299588 0.477458 0.297287 0.476055 0.295366 0.474273 0.293444
8 0.477458 0.297287 0.477297 0.306407 0.475893 0.303907 0.476055 0.295366
8 0.474109 0.286435 0.476055 0.288167 0.477620 0.288935 0.480427 0.290852 0.483505 0.292870 0.485612 0.293829 0.487125 0.297190 0.481401 0.294500 0.476971 0.290759 0.474159 0.288338
8 0.477620 0.278278 0.477620 0.288935 0.476055 0.288167 0.476161 0.278759
8 0.468510 0.281681 0.472477 0.285167 0.472477 0.283176 0.470656 0.280769 0.469724 0.280269 0.468370 0.280435
8 0.470232 0.289278 0.472253 0.292065 0.472044 0.293676 0.470789 0.292370 0.469393 0.290704 0.468836 0.289644
8 0.472992 0.298648 0.467755 0.288856 0.465648 0.285306 0.464568 0.282713 0.463516 0.281389 0.461740 0.281755 0.462859 0.285120 0.463544 0.286125 0.464310 0.287556 0.468404 0.294810 0.468404 0.294810 0.471156 0.298745 0.471427 0.300667 0.473117 0.302921
8 0.464568 0.282713 0.472508 0.286167 0.472560 0.288472 0.465648 0.285306
8 0.464516 0.289144 0.468404 0.294810 0.471156 0.298745 0.471427 0.300667 0.468349 0.296921 0.465378 0.292889 0.463758 0.290009 0.463706 0.288417
8 0.462698 0.293583 0.469714 0.299463 0.473117 0.302921 0.473279 0.305606 0.468852 0.301287 0.464799 0.297162 0.461932 0.294083
8 0.460458 0.288662 0.458987 0.287486 0.456445 0.285477 0.453766 0.283208 0.451987 0.283398 0.451953 0.284324 0.460180 0.291699 0.460878 0.291764 0.461331 0.290523 0.461747 0.289843 0.461680 0.289162
8 0.447430 0.283981 0.455313 0.291657 0.460055 0.296208 0.461177 0.297995 0.461674 0.301329 0.457526 0.297130 0.450237 0.290315 0.444870 0.284556 0.446958 0.283972
8 0.444190 0.285421 0.450237 0.290315 0.457526 0.297130 0.463414 0.303278 0.463305 0.304907 0.455529 0.297037 0.452128 0.293963 0.450021 0.292426 0.445862 0.289259 0.443216 0.287338 0.442029 0.286764 0.440586 0.284972 0.443164 0.284556
8 0.443346 0.289472 0.456576 0.304542 0.460247 0.308190 0.464839 0.314625 0.463490 0.314333 0.454417 0.305505 0.448216 0.298310
8 0.537185 0.290167 0.536763 0.290917 0.536279 0.291079 0.535180 0.290139 0.532570 0.285546
8 0.525570 0.283815 0.529911 0.286468 0.530331 0.287218 0.530237 0.287880 0.529490 0.288875 0.528495 0.288602 0.526120 0.285495 0.525435 0.285495 0.524310 0.285495 0.524297 0.283412
8 0.524378 0.294611 0.524471 0.298843 0.535974 0.306903 0.541698 0.310264 0.541372 0.306759 0.538372 0.304722 0.537872 0.305611
8 0.524471 0.298843 0.535974 0.306903 0.541698 0.310264 0.541859 0.311759 0.542021 0.313241 0.533435 0.307866 0.524417 0.301912
8 0.548826 0.314542 0.548945 0.315690 0.548232 0.316907 0.547628 0.317194 0.543674 0.313898 0.543299 0.311171 0.543703 0.311245
8 0.543016 0.309093 0.547049 0.311315 0.548997 0.312963 0.553961 0.316264 0.557740 0.318199 0.563266 0.322074 0.564354 0.324583 0.563388 0.325014 0.561651 0.323935 0.550198 0.316551 0.548945 0.315690 0.548826 0.314542 0.543703 0.311245 0.543299 0.311171
8 0.543422 0.304352 0.544607 0.305528 0.545378 0.306398 0.546492 0.307324 0.551620 0.312894 0.554122 0.315833 0.553961 0.316264 0.548997 0.312963 0.544078 0.307801 0.542867 0.306653 0.542383 0.303069
8 0.544885 0.298523 0.545029 0.304597 0.545341 0.305157 0.545378 0.306398 0.546492 0.307324 0.546563 0.305528 0.546247 0.303481 0.545865 0.301810 0.545865 0.298463
8 0.543560 0.298213 0.543422 0.304352 0.544607 0.305528 0.544885 0.298523
8 0.530682 0.294463 0.535318 0.298741 0.538685 0.302500 0.541141 0.304755 0.540758 0.301097 0.539990 0.300727 0.537062 0.297194 0.535039 0.295458 0.534055 0.294157 0.531938 0.293472
8 0.535388 0.294653 0.537062 0.297194 0.539990 0.300727 0.540547 0.299796 0.540409 0.297935 0.537760 0.295519
8 0.530620 0.286338 0.526828 0.283042 0.524451 0.280745 0.524531 0.278093 0.529047 0.283398 0.531388 0.284833 0.532570 0.285546 0.535180 0.290139 0.536107 0.292074 0.533404 0.291000 0.532357 0.288847 0.531630 0.287056
8 0.524310 0.285495 0.525435 0.285495 0.526120 0.285495 0.528495 0.288602 0.530807 0.289380 0.532807 0.290713 0.536930 0.292269 0.539914 0.292843 0.540305 0.296157 0.534055 0.294157 0.530057 0.292491 0.527870 0.290491 0.525060 0.289380 0.524247 0.289269
8 0.527870 0.290491 0.530870 0.296269 0.527495 0.293713 0.525060 0.289380
8 0.509240 0.272171 0.514307 0.277083 0.519930 0.282528 0.521828 0.284750 0.522794 0.284690 0.522802 0.282528 0.516180 0.276528 0.511042 0.271514 0.509185 0.269722
8 0.524378 0.291282 0.534812 0.299611 0.538685 0.302500 0.538372 0.304722 0.537872 0.305611 0.526440 0.295722 0.524378 0.294611
8 0.521828 0.284750 0.520734 0.285074 0.519849 0.286046 0.518911 0.287532 0.520365 0.288611 0.521406 0.287037 0.522865 0.287176 0.522794 0.284690
8 0.520487 0.284037 0.519089 0.285366 0.518000 0.286884 0.518911 0.287532 0.519849 0.286046 0.520734 0.285074 0.521828 0.284750
8 0.509240 0.272171 0.508867 0.273005 0.509799 0.274912 0.512367 0.279060 0.515029 0.280468 0.513393 0.277565 0.511247 0.274329
8 0.509521 0.277565 0.509753 0.280056 0.515029 0.283954 0.519089 0.285366 0.520487 0.284037 0.519695 0.283125 0.516242 0.281134
8 0.509846 0.280884 0.522867 0.290426 0.522867 0.294491 0.517781 0.291171 0.510174 0.284120
8 0.510312 0.285778 0.510581 0.288060 0.515401 0.292417 0.518576 0.294991 0.522914 0.298144 0.522867 0.294491 0.517781 0.291171
8 0.510828 0.289514 0.518576 0.294991 0.522914 0.298144 0.522914 0.301130 0.513953 0.294824 0.511107 0.292088
8 0.537969 0.270630 0.538247 0.274782 0.537026 0.273292 0.536818 0.272486 0.537167 0.270940
8 0.518271 0.273694 0.523185 0.276463 0.523021 0.279977 0.515841 0.274958 0.511042 0.271514 0.509185 0.269722 0.508380 0.268935 0.508016 0.266426 0.511484 0.269005 0.513563 0.270787
8 0.492438 0.285500 0.490630 0.283060 0.489260 0.281699 0.489542 0.285139 0.495956 0.291810 0.508703 0.304792 0.511878 0.307931 0.511284 0.305819 0.510797 0.304667 0.510638 0.303644 0.509771 0.302843 0.507234 0.300157 0.501279 0.294106 0.496737 0.289366 0.495383 0.288370 0.493729 0.286574
8 0.481638 0.277074 0.488034 0.288361 0.487799 0.289935 0.486940 0.291403 0.480185 0.277667
8 0.488617 0.275676 0.488802 0.278745 0.489036 0.279120 0.489818 0.289444 0.491094 0.304815 0.492578 0.319676 0.494740 0.340880 0.494375 0.340972 0.493125 0.337824 0.492813 0.337824 0.492630 0.337824 0.490312 0.313889 0.489208 0.300329 0.488669 0.295144 0.487734 0.284815 0.487135 0.277222
8 0.495523 0.283889 0.495383 0.288370 0.496737 0.289366 0.497391 0.284551 0.496276 0.283889
8 0.503276 0.288120 0.505333 0.292389 0.505615 0.293819 0.509555 0.300542 0.510529 0.302681 0.509966 0.298148 0.507456 0.292264 0.505539 0.288551 0.503417 0.286958
8 0.500159 0.287963 0.505776 0.297370 0.507234 0.300157 0.509771 0.302843 0.509555 0.300542 0.505615 0.293819 0.503185 0.289787 0.501565 0.287963
8 0.513984 0.306014 0.512904 0.303995 0.512365 0.301690 0.510581 0.288060 0.509125 0.274718 0.507719 0.263676 0.502945 0.257444 0.504911 0.261852 0.506208 0.264444 0.506352 0.265731 0.506352 0.268278 0.507018 0.270491 0.507737 0.275718 0.508156 0.280778 0.508268 0.283306 0.508779 0.284884 0.509016 0.287620 0.509185 0.291315 0.510797 0.304667 0.511284 0.305819 0.511878 0.307931 0.512526 0.309083 0.513336 0.309278 0.513984 0.308412
8 0.494570 0.240384 0.498026 0.244866 0.499602 0.246671 0.503266 0.253704 0.502651 0.253977 0.495583 0.245333 0.493219 0.242213 0.493831 0.240292
8 0.491758 0.244218 0.491109 0.244310 0.491974 0.246042 0.492568 0.247769 0.493185 0.251065 0.496823 0.251560 0.494339 0.248106 0.493422 0.245991
8 0.490138 0.245273 0.491380 0.250648 0.493185 0.251065 0.492568 0.247769 0.491974 0.246042 0.491109 0.244310 0.490570 0.244407
8 0.488031 0.247958 0.492622 0.253046 0.502854 0.263389 0.493755 0.256602 0.488193 0.250745 0.486466 0.249306 0.486482 0.248264 0.487789 0.248495
8 0.484737 0.241625 0.489596 0.241625 0.491758 0.244218 0.490570 0.244407 0.486521 0.243931
8 0.494839 0.253144 0.495888 0.255296 0.502906 0.258810 0.502945 0.257444 0.500969 0.255296
8 0.493185 0.251065 0.498669 0.252139 0.500161 0.254361 0.493951 0.252644
8 0.509016 0.287620 0.509185 0.291315 0.503417 0.286958 0.498003 0.282810 0.493469 0.279074 0.488836 0.275051 0.490349 0.274583 0.493802 0.276421
8 0.488617 0.275676 0.493469 0.279074 0.498003 0.282810 0.503417 0.286958 0.503276 0.288120 0.496276 0.283889 0.488802 0.278745
8 0.500336 0.275921 0.508156 0.280778 0.508268 0.283306 0.498747 0.276338 0.499354 0.274759
8 0.508779 0.284884 0.499029 0.277667 0.490716 0.271690 0.488617 0.269370 0.488135 0.269162 0.488135 0.269162 0.488388 0.271773 0.490268 0.272292 0.490349 0.273583 0.493802 0.276421 0.509016 0.287620
8 0.499776 0.273681 0.501997 0.275796 0.508156 0.280778 0.507737 0.275718 0.505451 0.274139 0.500456 0.272231 0.497937 0.271565 0.497716 0.271940
8 0.499776 0.273681 0.498747 0.276338 0.490115 0.270449 0.488617 0.269370 0.488948 0.268125 0.493224 0.269991 0.497716 0.271940
8 0.488195 0.264556 0.488276 0.267667 0.493224 0.269991 0.500456 0.272231 0.506383 0.274139 0.506805 0.271981 0.505357 0.271648 0.500503 0.269574 0.495154 0.267708 0.492865 0.267458
8 0.466802 0.226958 0.468990 0.228069 0.474911 0.233736 0.480549 0.240843 0.478424 0.240741 0.473052 0.234620 0.467927 0.230634 0.466802 0.229523
8 0.576828 0.301583 0.580224 0.325616 0.581021 0.331787 0.580310 0.330394 0.578779 0.327801 0.575021 0.302097
8 0.544813 0.279282 0.543055 0.277199 0.543068 0.276213 0.539615 0.272565 0.539779 0.274671 0.540081 0.277208 0.542833 0.280194 0.543583 0.281194 0.544945 0.282403 0.549508 0.289324 0.554643 0.295958 0.556070 0.297421 0.556042 0.298366 0.561922 0.306333 0.571396 0.321019 0.580826 0.335620 0.590812 0.353292 0.602013 0.374204 0.609620 0.390296 0.617695 0.408801 0.626609 0.428963 0.633982 0.445472 0.641870 0.465884 0.647424 0.480486 0.651391 0.496171 0.651951 0.506125 0.650737 0.526620 0.649432 0.545204 0.648732 0.557153 0.647190 0.579472 0.648357 0.578477 0.650599 0.554912 0.653117 0.516662 0.653724 0.502972 0.653258 0.497495 0.650599 0.485384 0.640703 0.456093 0.628336 0.426806 0.615362 0.397602 0.604299 0.373042 0.592492 0.351218 0.580310 0.330394 0.571956 0.316620 0.560990 0.300111 0.551701 0.287495
8 0.475487 0.243287 0.484797 0.249838 0.502854 0.263389 0.506352 0.265731 0.506352 0.268278 0.492294 0.258611 0.483922 0.252394 0.476424 0.247171 0.473052 0.244616 0.472427 0.243407
8 0.468115 0.239176 0.472677 0.239509 0.476487 0.240407 0.478424 0.240741 0.480549 0.240843 0.482984 0.243741 0.476674 0.243287 0.469990 0.242407 0.469052 0.240769
8 0.459680 0.235519 0.462992 0.236519 0.464617 0.239741 0.461117 0.238843
8 0.456370 0.228968 0.460055 0.231509 0.462992 0.236519 0.458055 0.232412
8 0.466615 0.233176 0.474112 0.238630 0.476487 0.240407 0.478424 0.240741 0.473052 0.234620 0.468865 0.232079 0.466721 0.231046
8 0.473943 0.260815 0.473219 0.261319 0.474143 0.262986 0.480380 0.268255 0.485888 0.272861 0.486729 0.272935 0.486799 0.270801 0.479578 0.265292
8 0.481802 0.264361 0.486799 0.267718 0.486799 0.270801 0.480495 0.265639
8 0.474924 0.264032 0.480380 0.268255 0.485888 0.272861 0.485078 0.273824 0.479732 0.269889 0.476383 0.267486
8 0.477518 0.269694 0.481674 0.271903 0.485078 0.273824 0.483654 0.274227 0.481568 0.274685 0.478760 0.272574
8 0.473854 0.263861 0.474143 0.262986 0.480138 0.274889 0.478867 0.275069 0.473846 0.265375
8 0.473846 0.265375 0.478867 0.275069 0.476815 0.276032 0.473901 0.269505
8 0.480185 0.277667 0.486940 0.291403 0.488669 0.295144 0.489208 0.300329 0.488453 0.299755 0.482352 0.286986 0.478138 0.278153
8 0.474013 0.276093 0.483654 0.274227 0.490268 0.272292 0.490349 0.273583 0.490349 0.274583 0.488292 0.275519 0.480185 0.277667 0.474094 0.279102
8 0.486099 0.304199 0.488648 0.307162 0.489068 0.305171 0.488344 0.303690 0.486563 0.303306
8 0.485685 0.305204 0.488440 0.308597 0.488065 0.310097 0.487740 0.312171 0.484799 0.307111 0.485128 0.306500
8 0.489326 0.304208 0.488065 0.310097 0.487740 0.312171 0.488393 0.313250 0.489372 0.313667 0.490026 0.310097
8 0.481401 0.294500 0.486563 0.303306 0.488344 0.303690 0.486076 0.299176 0.484133 0.295912
8 0.479023 0.264616 0.472190 0.259037 0.469924 0.256310 0.468599 0.253648 0.468911 0.253273 0.475362 0.258296
8 0.467971 0.252222 0.475362 0.258296 0.472747 0.253833 0.472195 0.252648 0.467576 0.249634 0.467706 0.250681 0.467505 0.251412
8 0.492438 0.285500 0.492964 0.281625 0.494052 0.282560 0.493729 0.286574
8 0.484799 0.276505 0.487344 0.279977 0.487518 0.282968 0.482667 0.277241
8 0.482667 0.277241 0.487518 0.282968 0.487734 0.284815 0.487893 0.287199 0.485701 0.284046 0.481638 0.277074
8 0.468615 0.247060 0.472195 0.252648 0.467576 0.249634 0.463948 0.245097 0.463198 0.242542 0.466698 0.245319
8 0.462305 0.240843 0.468615 0.247060 0.466831 0.243671 0.464617 0.239741 0.464617 0.239741 0.462180 0.239065
8 0.556070 0.297421 0.556070 0.299662 0.549862 0.299079 0.549320 0.298366 0.546362 0.295264 0.551635 0.296426 0.554438 0.296838
8 0.545474 0.294505 0.544263 0.292759 0.541206 0.290324 0.541482 0.293968 0.544982 0.297287 0.550628 0.303264 0.555901 0.309486 0.560383 0.316454 0.562391 0.319773 0.566451 0.330144 0.566357 0.325083 0.565469 0.322181 0.561130 0.312722 0.554362 0.303181 0.549320 0.298366
8 0.525161 0.275014 0.528833 0.278083 0.534138 0.283528 0.539430 0.288231 0.539914 0.292843 0.532570 0.285546 0.527440 0.280458 0.525227 0.278537 0.524578 0.277097 0.524633 0.274407
8 0.525107 0.270310 0.528833 0.278083 0.525161 0.275014 0.524729 0.272903 0.524839 0.270023
8 0.509510 0.261694 0.512685 0.262856 0.519826 0.268995 0.523362 0.272231 0.523185 0.276463 0.517633 0.271069 0.512779 0.266755 0.507878 0.260782
8 0.505471 0.254778 0.508250 0.259037 0.513664 0.261194 0.513570 0.263185 0.509510 0.261694 0.507878 0.260782 0.506893 0.259398 0.502651 0.253977 0.503266 0.253704 0.504503 0.253579
8 0.378484 0.150296 0.379812 0.156819 0.380839 0.161880 0.381398 0.166028 0.381083 0.167236 0.381771 0.168102 0.381958 0.171255 0.381641 0.171083 0.381172 0.171352 0.381102 0.172218 0.381242 0.173454 0.381516 0.173829 0.382461 0.175194 0.383161 0.182440 0.382135 0.182440 0.380458 0.169079
8 0.374945 0.145759 0.377044 0.151815 0.376518 0.144875 0.375737 0.144931
8 0.444289 0.262037 0.451193 0.268167 0.455242 0.272583 0.457078 0.274694 0.459477 0.279222 0.458646 0.279495 0.453813 0.273931 0.447411 0.266898 0.444479 0.264468 0.443904 0.263657
8 0.457737 0.282681 0.459591 0.285264 0.461568 0.285120 0.460841 0.283972 0.460117 0.283255 0.459187 0.282250
8 0.456688 0.284616 0.459591 0.285264 0.461568 0.285120 0.462859 0.285120 0.463544 0.286125 0.464310 0.287556 0.463706 0.288417 0.462456 0.288060 0.458987 0.287486 0.456445 0.285477
8 0.463706 0.288417 0.462698 0.293583 0.461932 0.294083 0.461487 0.293296 0.461771 0.291213 0.462456 0.288060
8 0.438755 0.282106 0.442062 0.282301 0.445042 0.281606 0.446576 0.281657 0.449773 0.281255 0.450466 0.280602 0.451688 0.280255 0.455521 0.279574 0.457672 0.279227 0.459477 0.279222 0.462026 0.278759 0.464268 0.278269 0.465534 0.278343 0.466411 0.277718 0.472177 0.276731 0.472307 0.279875 0.455594 0.282972 0.446958 0.283972 0.444099 0.284472 0.440586 0.284972 0.439669 0.283380
8 0.428719 0.294444 0.428177 0.295403 0.436927 0.305676 0.441091 0.310977 0.444487 0.312106
8 0.436773 0.302236 0.443201 0.309736 0.446365 0.312556 0.449195 0.313287 0.442768 0.307241
8 0.437518 0.309963 0.436518 0.309963 0.433870 0.309727 0.431495 0.309537 0.430846 0.310111 0.430404 0.311727 0.430823 0.312472 0.432224 0.311477 0.436003 0.312056 0.443190 0.314046 0.451359 0.316454 0.458219 0.318528 0.456115 0.315218 0.451031 0.313852 0.446365 0.312556 0.441091 0.310977
8 0.441818 0.329157 0.446440 0.330935 0.451378 0.335375 0.452875 0.336486 0.452625 0.336819 0.446190 0.334046 0.442880 0.332157
8 0.433133 0.315829 0.444628 0.326157 0.457562 0.337153 0.462310 0.340153 0.466872 0.340708 0.467604 0.345801 0.462935 0.344042 0.451378 0.335375 0.438943 0.324269 0.436195 0.321491
8 0.424047 0.286102 0.426253 0.285773 0.427383 0.287352 0.432596 0.293380 0.433328 0.294185 0.433781 0.295861 0.429773 0.292056
8 0.424047 0.286102 0.429773 0.292056 0.439617 0.301231 0.448935 0.308833 0.450898 0.309796 0.452594 0.311157 0.453937 0.311917 0.456115 0.315218 0.451031 0.313852 0.436773 0.302236 0.424354 0.289370 0.421763 0.286111
8 0.427065 0.302241 0.433208 0.306630 0.436518 0.309963 0.433870 0.309727 0.430953 0.307903
8 0.417615 0.290046 0.430953 0.307903 0.431495 0.309537 0.430846 0.310111 0.429766 0.310208 0.428633 0.308861 0.416211 0.290431
8 0.419927 0.286116 0.438143 0.307630 0.438081 0.308852 0.437518 0.309963 0.436518 0.309963 0.433208 0.306630 0.420398 0.291301 0.418214 0.288528
8 0.428391 0.285630 0.434240 0.291079 0.438943 0.295708 0.441286 0.297704 0.443346 0.300111 0.445740 0.301671 0.447995 0.304204 0.450656 0.306426 0.452836 0.309866 0.452594 0.311157 0.450898 0.309796 0.434966 0.295093 0.427383 0.287352 0.426253 0.285773
8 0.424359 0.281583 0.425682 0.283204 0.423365 0.283389 0.423156 0.282926
8 0.421516 0.281704 0.419466 0.280315 0.417659 0.278750 0.417659 0.277620 0.418880 0.277449 0.422786 0.280343
8 0.436656 0.287259 0.438943 0.295708 0.441286 0.297704 0.439089 0.290583
8 0.442565 0.292903 0.445740 0.301671 0.443346 0.300111 0.441148 0.292991
8 0.563534 0.481579 0.560945 0.476356 0.559932 0.478153 0.559268 0.478120 0.559214 0.480134
8 0.441148 0.292991 0.436656 0.287259 0.434948 0.285264 0.438112 0.284917 0.441771 0.290671 0.442125 0.291255
8 0.430685 0.276968 0.433674 0.280407 0.435365 0.282444 0.432763 0.282741 0.429992 0.279565 0.428823 0.278204 0.428211 0.277028 0.427872 0.276023
8 0.408753 0.274023 0.407961 0.275931 0.407904 0.277037 0.414573 0.284370 0.418154 0.283856 0.412143 0.277134 0.409826 0.275329
8 0.413458 0.264750 0.419279 0.271681 0.421318 0.275519 0.419568 0.274412 0.414927 0.269069 0.412555 0.265556
8 0.429049 0.262495 0.428500 0.264745 0.427573 0.264218 0.428203 0.261546
8 0.427615 0.252366 0.429302 0.259343 0.427404 0.257241 0.426391 0.253264 0.426437 0.250917
8 0.465250 0.229644 0.465154 0.232162 0.462711 0.229472 0.461148 0.226694
8 0.459437 0.223222 0.465396 0.226347 0.465250 0.228949 0.460464 0.225477
8 0.454849 0.215060 0.458292 0.217056 0.459992 0.217523 0.465510 0.221361 0.465349 0.224958 0.457484 0.219921
8 0.458422 0.212639 0.458292 0.217056 0.459992 0.217523 0.459924 0.214032
8 0.446667 0.243713 0.451695 0.245019 0.451297 0.243593 0.447232 0.242310 0.445424 0.241806 0.444125 0.241306 0.443672 0.242208 0.444771 0.244676 0.455156 0.253069 0.455589 0.252907 0.450956 0.248236
8 0.442482 0.255875 0.441648 0.256829 0.445560 0.260477 0.447753 0.262472 0.452201 0.265426 0.450333 0.262306 0.450333 0.262306 0.448945 0.262111 0.443711 0.256889
8 0.438526 0.254833 0.439674 0.258981 0.444289 0.262037 0.450146 0.266292 0.453911 0.268981 0.452201 0.265426 0.445021 0.260648 0.441359 0.257352
8 0.442922 0.261778 0.444479 0.264468 0.447411 0.266898 0.453813 0.273931 0.457672 0.279227 0.455521 0.279574 0.452786 0.276278 0.446487 0.268287 0.444529 0.266551 0.443654 0.265685 0.441115 0.261602
8 0.446487 0.268287 0.452786 0.276278 0.454448 0.278968 0.452445 0.279144 0.450193 0.275931 0.446437 0.269852 0.445414 0.268463
8 0.445042 0.281606 0.442062 0.282301 0.435128 0.275880 0.432052 0.272005 0.426927 0.265319 0.426927 0.265319 0.433276 0.271139 0.440896 0.277995 0.441482 0.277648
8 0.423701 0.261153 0.426245 0.262889 0.432349 0.267838 0.436500 0.271051 0.438992 0.273519 0.441677 0.276435 0.441482 0.277648 0.440896 0.277995 0.433276 0.271139 0.426927 0.265319
8 0.426896 0.256667 0.434089 0.264801 0.439383 0.270616 0.444810 0.276773 0.448250 0.279347 0.449773 0.281255 0.446576 0.281657 0.438992 0.273519 0.432128 0.266546 0.428203 0.261546 0.426112 0.259690 0.425719 0.258412
8 0.426112 0.259690 0.426242 0.262361 0.423701 0.261153 0.423021 0.257097 0.423021 0.257097 0.421117 0.250241 0.420234 0.245838 0.420466 0.244759 0.420654 0.243681 0.422646 0.245972 0.424216 0.253181
8 0.419253 0.249486 0.422341 0.257532 0.423701 0.261153 0.420578 0.257769 0.418740 0.252722
8 0.420432 0.251282 0.422341 0.257532 0.423021 0.257097 0.421117 0.250241 0.420234 0.245838 0.419651 0.248069
8 0.413932 0.256032 0.413987 0.257505 0.416380 0.260546 0.417404 0.260111 0.418305 0.260977 0.420990 0.263236 0.424945 0.267056 0.430609 0.274088 0.431547 0.274412 0.426385 0.267403 0.418914 0.258634 0.415839 0.256116
8 0.417815 0.262019 0.423187 0.267579 0.427044 0.271833 0.427930 0.273509 0.430609 0.274088 0.424945 0.267056 0.420990 0.263236 0.418305 0.260977
8 0.410526 0.258542 0.417477 0.263463 0.424086 0.269593 0.427930 0.273509 0.431547 0.274412 0.433016 0.277125 0.431378 0.277028 0.427872 0.276023 0.426857 0.276023 0.421602 0.270093 0.419453 0.268889 0.417362 0.266176 0.414651 0.264269 0.412052 0.262560 0.410073 0.261255 0.409112 0.260750 0.408659 0.259588
8 0.409677 0.262157 0.413633 0.267583 0.415951 0.271704 0.413068 0.269491 0.411487 0.267380 0.408831 0.263060 0.407419 0.260250 0.408659 0.259588
8 0.421602 0.270093 0.424031 0.277727 0.421318 0.275519 0.419792 0.271301 0.419453 0.268889
8 0.426857 0.276023 0.424823 0.278333 0.422786 0.280343 0.419398 0.283755 0.422563 0.283454 0.427195 0.278532 0.428211 0.277028
8 0.419115 0.281847 0.414029 0.275218 0.411372 0.271398 0.408831 0.269491 0.407078 0.266380 0.406797 0.268486 0.406174 0.269292 0.412367 0.276032 0.418154 0.283856
8 0.406062 0.261755 0.412279 0.268889 0.419568 0.274412 0.424823 0.278333 0.422786 0.280343 0.412729 0.272505 0.408831 0.269491 0.407078 0.266380 0.404253 0.263667
8 0.401938 0.264972 0.406174 0.269292 0.412367 0.276032 0.412143 0.277134 0.409826 0.275329 0.408753 0.274023 0.407961 0.275931 0.402310 0.268597 0.400992 0.265843
8 0.404253 0.263667 0.407078 0.266380 0.406797 0.268486 0.406174 0.269292 0.401938 0.264972
8 0.419927 0.286116 0.414404 0.286787 0.412815 0.284231 0.427794 0.283023 0.435365 0.282444 0.436591 0.282361 0.438112 0.284917 0.430812 0.285523
8 0.526109 0.257421 0.526391 0.254120 0.527240 0.250171 0.527370 0.248889 0.526586 0.248194 0.525802 0.247847 0.524560 0.254352 0.524604 0.256375 0.524146 0.259745 0.523508 0.267370 0.523362 0.272231 0.522794 0.284690 0.522990 0.306426 0.523773 0.336296 0.525214 0.339782 0.524560 0.314792 0.524297 0.283412 0.524951 0.266560 0.525716 0.261144
8 0.445083 0.256889 0.442797 0.253866 0.441141 0.251671 0.441437 0.250588 0.441687 0.249662 0.442234 0.249792 0.445810 0.254782 0.447122 0.256204 0.450333 0.262306 0.448945 0.262111
8 0.457388 0.270315 0.458359 0.270014 0.464268 0.278269 0.462026 0.278759
8 0.462370 0.275116 0.465534 0.278343 0.466411 0.277718 0.465484 0.276764 0.462799 0.274333
8 0.462555 0.267472 0.467341 0.277199 0.466411 0.277718 0.465484 0.276764 0.464313 0.274764 0.463531 0.272769 0.460552 0.267384 0.460307 0.266083
8 0.455083 0.264523 0.458404 0.267648 0.460797 0.271208 0.462799 0.274333 0.463531 0.273986 0.463531 0.272769 0.461383 0.269556 0.459721 0.266954 0.456500 0.264088
8 0.452055 0.259051 0.452005 0.260963 0.460307 0.266083 0.469391 0.271380 0.472128 0.272769 0.472029 0.270167 0.465094 0.266431
8 0.456177 0.251852 0.459893 0.254894 0.466096 0.258884 0.469904 0.260972 0.472195 0.265477 0.465706 0.261319 0.464016 0.260227 0.455156 0.253069
8 0.467505 0.251412 0.473854 0.263861 0.474159 0.288338 0.474914 0.308106 0.473255 0.306759 0.472117 0.274079 0.472076 0.269560 0.472201 0.266671 0.472195 0.265477 0.468641 0.258755 0.465763 0.252833 0.466529 0.252426
8 0.452682 0.254005 0.449411 0.253426 0.447909 0.250981 0.445208 0.247454 0.444044 0.247606 0.448693 0.255282 0.454250 0.256796 0.456643 0.256565
8 0.460505 0.243606 0.457023 0.239940 0.451138 0.234245 0.447477 0.232736 0.449242 0.234829 0.454539 0.239824 0.461487 0.246176
8 0.422557 0.229005 0.425586 0.232130 0.427979 0.233866 0.428906 0.234213 0.432667 0.238204 0.431641 0.238204 0.428320 0.236120 0.426659 0.235426 0.425219 0.233806
8 0.428271 0.239245 0.434130 0.240292 0.434865 0.240375 0.436661 0.242495 0.437013 0.243153 0.435206 0.243069 0.431544 0.242111 0.429784 0.241852
8 0.420786 0.240773 0.425023 0.242921 0.430055 0.246394 0.431813 0.249259 0.430102 0.249083 0.427466 0.247088 0.424911 0.245491
8 0.421357 0.237917 0.420555 0.237917 0.420154 0.237981 0.418729 0.237981 0.418086 0.238037 0.419260 0.239273 0.423266 0.240403 0.427367 0.241532 0.425904 0.239014
8 0.504503 0.253579 0.505471 0.254778 0.510326 0.255829 0.515255 0.256343 0.517794 0.256431 0.518305 0.256505 0.518219 0.255306 0.514464 0.254181 0.509188 0.253505 0.505810 0.253505
8 0.502812 0.251551 0.508596 0.251852 0.513510 0.252727 0.516060 0.253190 0.518346 0.254255 0.518219 0.255306 0.514464 0.254181 0.509188 0.253505 0.505810 0.253505 0.503266 0.253704
8 0.517794 0.256431 0.523508 0.267370 0.523362 0.272231 0.519406 0.265023 0.515255 0.256343
8 0.543109 0.289282 0.540914 0.287718 0.541206 0.290324 0.544263 0.292759 0.544039 0.289630
8 0.543583 0.281194 0.542622 0.280773 0.542232 0.281296 0.543109 0.289282 0.544039 0.289630
8 0.545323 0.290472 0.550315 0.293296 0.549862 0.294773 0.549484 0.295315 0.545549 0.292759
8 0.544945 0.282403 0.545474 0.294505 0.544263 0.292759 0.543583 0.281194
8 0.539307 0.183046 0.541531 0.226167 0.544813 0.279282 0.543055 0.277199 0.540008 0.228458 0.537857 0.190056 0.537549 0.182630
8 0.536367 0.189486 0.536104 0.203435 0.536039 0.219241 0.535974 0.234352 0.536693 0.252366 0.538786 0.281889 0.541859 0.311759 0.543492 0.330935 0.544016 0.331519 0.546240 0.350463 0.548396 0.369407 0.552451 0.398583 0.555378 0.412935 0.562466 0.436880 0.571271 0.466042 0.578260 0.486926 0.580086 0.487472 0.568539 0.450921 0.557706 0.416181 0.553758 0.394931 0.549201 0.361634 0.545453 0.331019 0.542008 0.299519 0.539779 0.274671 0.538060 0.241009 0.537549 0.213463 0.537857 0.190056
8 0.499578 0.242616 0.507096 0.242616 0.508849 0.242315 0.511070 0.241847 0.511070 0.241847 0.515857 0.241569 0.521414 0.241338 0.521742 0.242148 0.521544 0.243662 0.520891 0.244472 0.513818 0.244639 0.509974 0.244593 0.505331 0.245639 0.500427 0.244708
8 0.511594 0.245333 0.516060 0.253190 0.513510 0.252727 0.509195 0.245519
8 0.507096 0.242616 0.501669 0.236806 0.490620 0.226343 0.482971 0.219255 0.477872 0.214486 0.467711 0.203606 0.467758 0.201375 0.473870 0.207097 0.492438 0.224644 0.508849 0.242315
8 0.480414 0.228713 0.490091 0.238593 0.495583 0.245333 0.506893 0.259398 0.518271 0.273694 0.513563 0.270787 0.496630 0.249866 0.485971 0.237662 0.480414 0.231389 0.479430 0.230278
8 0.499602 0.246671 0.496573 0.240074 0.489883 0.232000 0.477724 0.217847 0.470349 0.209597 0.467516 0.206125 0.467711 0.203606 0.481531 0.219060 0.495206 0.235037 0.498138 0.239116 0.501995 0.248579 0.503266 0.253704
8 0.526109 0.257421 0.534870 0.266722 0.534740 0.268000 0.534216 0.269046 0.533628 0.269394 0.532646 0.269046 0.525716 0.261144
8 0.433708 0.248287 0.442797 0.253866 0.445083 0.256889 0.443711 0.256889 0.435997 0.252356
8 0.513818 0.244639 0.524604 0.256375 0.524146 0.259745 0.511594 0.245333
8 0.467922 0.199074 0.479755 0.209421 0.495904 0.224995 0.511070 0.241847 0.508849 0.242315 0.492438 0.224644 0.473870 0.207097 0.467758 0.201375
8 0.488052 0.246403 0.487789 0.248495 0.486482 0.248264 0.474911 0.233736 0.466948 0.222977 0.465510 0.221361 0.454865 0.207792 0.444771 0.196657 0.443573 0.194505 0.452651 0.203921 0.461198 0.214278 0.480141 0.235944 0.487268 0.244778
8 0.440135 0.215222 0.445245 0.221514 0.451872 0.228505 0.453740 0.231884 0.447049 0.225458 0.439224 0.216389 0.437766 0.214056 0.439240 0.214718
8 0.444404 0.219699 0.450607 0.226444 0.448380 0.222032 0.445573 0.218856
8 0.434888 0.214259 0.446659 0.229551 0.449930 0.230940 0.442654 0.223028
8 0.431372 0.210528 0.430151 0.209843 0.435133 0.216875 0.443385 0.227727 0.446659 0.229551 0.434888 0.214259
8 0.435523 0.212958 0.447049 0.225458 0.453740 0.231884 0.454784 0.233468 0.451396 0.231625 0.442654 0.223028 0.434888 0.214259 0.431372 0.210528
8 0.428982 0.209199 0.440000 0.224468 0.441643 0.227079 0.439378 0.225773 0.430109 0.214722 0.426870 0.208208
8 0.430109 0.214722 0.439378 0.225773 0.435591 0.223866 0.432036 0.219245
8 0.439659 0.228889 0.443451 0.233708 0.452091 0.241644 0.454760 0.243241 0.458935 0.245162 0.455878 0.242449 0.447854 0.234815 0.444951 0.231583
8 0.433901 0.222968 0.430776 0.221060 0.429914 0.220245 0.424451 0.216926 0.420781 0.214685 0.424070 0.219213 0.433549 0.225597 0.435979 0.226542 0.444951 0.231583 0.456305 0.236472 0.454784 0.233468
8 0.435979 0.226542 0.438323 0.232458 0.435448 0.230440 0.433549 0.225597
8 0.429393 0.225926 0.441357 0.234759 0.454760 0.243241 0.461487 0.246176 0.464008 0.248444 0.466109 0.248755 0.467576 0.249634 0.467706 0.250681 0.467247 0.251843 0.466529 0.252426 0.451297 0.243593 0.442992 0.239292 0.438940 0.236037 0.434026 0.231681
8 0.417854 0.228250 0.417016 0.228574 0.418320 0.235134 0.418729 0.237981 0.420154 0.237981
8 0.418437 0.228574 0.420555 0.237917 0.421357 0.237917 0.419313 0.228574
8 0.418086 0.238037 0.416919 0.236546 0.416271 0.236792 0.415898 0.237616 0.418604 0.242023 0.420654 0.243681 0.426437 0.250917 0.435479 0.261366 0.440734 0.269500 0.448250 0.279347 0.449773 0.281255 0.450466 0.280602 0.442995 0.267926 0.432823 0.254736 0.424911 0.245491 0.420786 0.240773
8 0.396052 0.238792 0.400591 0.242954 0.402534 0.245431 0.405320 0.248056 0.408570 0.250981 0.412273 0.254727 0.411156 0.255282 0.407260 0.252560 0.401562 0.247907 0.399326 0.245431 0.395286 0.241176
8 0.395286 0.241176 0.398875 0.245755 0.403263 0.250782 0.407654 0.253556 0.411156 0.255282 0.410172 0.255856 0.408794 0.257009 0.404698 0.255282 0.401617 0.252505 0.400310 0.250630 0.398156 0.248306 0.396258 0.246204 0.394357 0.243875 0.394747 0.242778
8 0.398297 0.250069 0.399516 0.250699 0.404221 0.259519 0.404549 0.260296 0.402841 0.261708 0.399078 0.256468 0.397547 0.253421 0.398070 0.251977
8 0.400112 0.263843 0.405289 0.259588 0.410172 0.255856 0.412273 0.254727 0.413786 0.253685 0.414633 0.254384 0.416034 0.254551 0.417341 0.255130 0.418367 0.255796 0.418792 0.255796 0.423701 0.261153 0.432052 0.272005 0.439669 0.283380 0.448216 0.298310 0.454857 0.309944 0.463990 0.323403 0.466872 0.329222 0.468435 0.335731 0.469703 0.347366 0.470680 0.361606 0.468971 0.359694 0.467604 0.345801 0.465602 0.332259 0.459203 0.319931 0.449193 0.304042 0.441771 0.290671 0.434346 0.278778 0.426385 0.267403 0.418914 0.258634 0.415839 0.256116 0.413932 0.256032 0.408659 0.259588 0.400992 0.265843
8 0.398891 0.230245 0.401625 0.235454 0.402549 0.236875 0.403573 0.239523 0.405924 0.243269 0.406326 0.244500 0.407820 0.247000 0.409453 0.249074 0.411880 0.251977 0.413190 0.253389 0.413786 0.253685 0.412273 0.254727 0.405971 0.246565 0.402164 0.240574 0.400953 0.238630 0.399602 0.236056 0.398060 0.232847 0.398620 0.230829
8 0.433404 0.176199 0.439852 0.181319 0.447177 0.187486 0.447859 0.188005 0.447216 0.185199 0.443031 0.181593 0.435253 0.175204 0.433745 0.173505
8 0.420276 0.207167 0.422083 0.207343 0.425747 0.212639 0.427357 0.214375 0.423792 0.206819 0.420471 0.204995 0.420341 0.205958
8 0.426870 0.208208 0.433901 0.222968 0.430776 0.221060 0.430294 0.220023 0.428690 0.216944 0.423792 0.206819 0.425445 0.207514
8 0.412315 0.202236 0.417378 0.205838 0.415987 0.207343 0.412357 0.204116 0.411089 0.202616
8 0.419362 0.207190 0.424344 0.212218 0.428690 0.216944 0.430294 0.220023 0.429914 0.220245 0.424724 0.215671 0.420039 0.210718 0.418518 0.208991
8 0.406526 0.191824 0.411234 0.196949 0.413495 0.199412 0.411062 0.198097 0.408898 0.196755 0.405250 0.193315 0.404193 0.192667 0.403974 0.192148
8 0.416510 0.200991 0.420714 0.202819 0.422128 0.203847 0.425021 0.204852 0.425937 0.205125 0.430419 0.206852 0.431422 0.207523 0.435758 0.209847 0.437049 0.210829 0.441862 0.213704 0.444339 0.214954 0.445479 0.217139 0.446628 0.219019 0.439240 0.214718 0.425445 0.207514 0.418906 0.204458 0.415245 0.202866 0.411911 0.201005 0.407073 0.198565 0.405302 0.196356 0.403477 0.193681 0.411062 0.198097
8 0.435099 0.147898 0.440875 0.152407 0.444026 0.155676 0.449542 0.163611 0.445776 0.162833 0.442714 0.158009 0.440174 0.154278 0.437464 0.152097 0.434224 0.149921 0.434750 0.147588
8 0.453138 0.168394 0.466862 0.186269 0.466687 0.189537 0.465198 0.188444 0.453909 0.173509 0.450758 0.169463
8 0.414518 0.171824 0.417156 0.175903 0.417839 0.177032 0.418284 0.179630 0.414714 0.175903 0.413250 0.172866
8 0.443464 0.185139 0.445294 0.190255 0.448039 0.193625 0.453990 0.199903 0.455036 0.202806 0.446995 0.194671 0.443724 0.190139 0.442745 0.186069 0.442547 0.185139
8 0.466404 0.200458 0.457646 0.191921 0.451815 0.186125 0.448701 0.183310 0.448888 0.181375 0.449339 0.181171 0.458437 0.190111 0.466461 0.197648
8 0.432464 0.250532 0.432823 0.254736 0.434953 0.257435 0.436305 0.259310 0.435208 0.255259
8 0.594076 0.581417 0.589810 0.556616 0.585474 0.535653 0.583956 0.528981 0.582727 0.525764 0.581430 0.520870 0.580195 0.515875 0.577305 0.512394 0.578518 0.516977 0.579391 0.521796 0.586125 0.549801 0.588581 0.561500 0.589883 0.567269 0.590388 0.571125 0.589810 0.571394 0.589810 0.572681 0.590677 0.575505 0.592414 0.581417
8 0.571357 0.486815 0.575792 0.501810 0.579167 0.510810 0.575229 0.506588 0.571732 0.495259 0.570107 0.490037 0.569044 0.485815
8 0.451815 0.186125 0.465375 0.201861 0.466281 0.202671 0.466206 0.206032 0.458482 0.195870 0.458313 0.194060
8 0.477766 0.226917 0.467039 0.217417 0.465732 0.216139 0.458247 0.208222 0.455763 0.205213 0.445161 0.193431 0.438203 0.185495 0.443573 0.194505 0.452651 0.203921 0.461198 0.214278 0.476630 0.231083 0.477917 0.232699 0.478370 0.232296 0.479354 0.231356 0.479430 0.230278 0.478974 0.228398
8 0.472990 0.247060 0.479737 0.252282 0.486922 0.257616 0.486734 0.260278 0.475862 0.252181
8 0.480391 0.259981 0.486602 0.264106 0.486547 0.266602 0.481794 0.263338 0.481802 0.262153
8 0.477583 0.255083 0.483956 0.259116 0.486602 0.261324 0.486602 0.264106 0.480391 0.259981 0.479383 0.258319
8 0.488573 0.255843 0.490909 0.260407 0.493521 0.262481 0.491560 0.258000
8 0.488573 0.255843 0.488276 0.258792 0.488135 0.263519 0.488135 0.269162 0.488417 0.272894 0.486729 0.272935 0.486799 0.267718 0.486547 0.266602 0.486602 0.264106 0.486602 0.261324 0.486734 0.260278 0.486922 0.257616 0.486922 0.254639
8 0.488276 0.258792 0.490909 0.260407 0.493521 0.262481 0.499570 0.266588 0.505497 0.270157 0.505357 0.271648 0.500503 0.269574 0.491635 0.263769 0.488276 0.261194
8 0.488154 0.262731 0.488135 0.263519 0.488195 0.264556 0.492865 0.267458 0.495154 0.267708
8 0.445255 0.181102 0.438781 0.175898 0.432115 0.169389 0.427602 0.165556 0.425576 0.163926 0.427930 0.167995 0.435253 0.175204 0.443031 0.181593 0.447216 0.185199
8 0.428081 0.157444 0.427492 0.158255 0.432872 0.164782 0.438927 0.172074 0.442247 0.177458 0.442987 0.176852 0.440396 0.171958 0.435479 0.163722 0.432935 0.161514 0.429997 0.158296
8 0.468117 0.194032 0.474263 0.195657 0.482500 0.198796 0.487339 0.200889 0.487469 0.202051 0.487143 0.203444 0.485836 0.203560 0.477729 0.200306 0.471190 0.197634 0.467987 0.196472
8 0.466549 0.193565 0.464326 0.191708 0.458573 0.183685 0.454128 0.177759 0.449091 0.171597 0.444190 0.167296 0.441214 0.164648 0.438586 0.163926 0.440919 0.166949 0.444005 0.170218 0.446674 0.172296 0.454781 0.181713 0.462365 0.191824 0.466516 0.196843
8 0.465732 0.216139 0.466516 0.196843 0.466844 0.181968 0.466844 0.177782 0.466122 0.176037 0.465404 0.174528 0.462659 0.172667 0.457297 0.169880 0.453138 0.168394 0.451089 0.167005 0.444352 0.165579 0.441214 0.164648 0.438586 0.163926 0.437292 0.161977 0.443242 0.162093 0.450826 0.163833 0.455240 0.165269 0.457924 0.166829 0.461677 0.168486 0.466255 0.171273 0.467758 0.173597 0.468674 0.176037 0.468674 0.178829 0.467758 0.201375 0.467039 0.217417
8 0.444005 0.170218 0.443372 0.170218 0.442201 0.170824 0.443224 0.172741 0.444982 0.171440
8 0.551266 0.320176 0.559076 0.328736 0.558234 0.331056 0.553521 0.325417 0.550161 0.320435
8 0.517664 0.337389 0.522786 0.338176 0.523638 0.340329 0.523357 0.340472 0.518857 0.340231
8 0.521544 0.324000 0.523651 0.331972 0.523526 0.325894
8 0.525107 0.329579 0.526513 0.336097 0.525214 0.339782
8 0.529039 0.338681 0.526810 0.338620 0.526286 0.338556 0.526146 0.342273 0.525214 0.339782 0.526513 0.336097 0.528760 0.337130
8 0.533013 0.326991 0.536031 0.333421 0.537404 0.337287 0.538031 0.340634 0.539448 0.346542 0.540443 0.351079 0.541456 0.357630 0.546320 0.385083 0.549508 0.401190 0.552068 0.413630 0.554568 0.420625 0.549320 0.392301 0.544445 0.365644 0.541698 0.348759 0.539823 0.341431 0.537948 0.333213 0.536823 0.330657 0.535875 0.329014 0.534451 0.326880
8 0.503844 0.360079 0.505078 0.365491 0.507677 0.370458 0.508471 0.372370 0.519234 0.389861 0.518727 0.393718 0.512148 0.382667 0.508318 0.375213 0.505714 0.368528 0.502823 0.361333 0.502099 0.353366 0.503005 0.354106
8 0.502823 0.361333 0.503112 0.365444 0.505859 0.372255 0.514969 0.395389 0.520896 0.408500 0.532896 0.437542 0.538680 0.452194 0.554510 0.491264 0.557547 0.494991 0.549523 0.474815 0.531883 0.431759 0.523208 0.410167 0.521992 0.407657 0.521219 0.406264 0.514750 0.390505 0.508318 0.375213 0.505714 0.368528
8 0.516049 0.425551 0.514505 0.430778 0.513745 0.434356 0.513151 0.436921 0.511755 0.435009 0.512445 0.432472 0.512862 0.430218 0.513310 0.427866 0.513310 0.427866 0.514010 0.426519 0.514010 0.426519 0.514875 0.424407
8 0.517026 0.426468 0.516049 0.429287 0.515443 0.431111 0.515044 0.430699 0.514432 0.432690 0.513745 0.434356 0.514505 0.430778 0.516049 0.425551
8 0.526922 0.384718 0.528898 0.388440 0.527935 0.391023 0.526841 0.388440
8 0.522849 0.377833 0.524826 0.381708 0.524896 0.384588 0.522323 0.380847 0.522573 0.379616
8 0.522849 0.376616 0.524870 0.376616 0.524870 0.379699 0.523701 0.379481 0.522849 0.377833
8 0.526745 0.376528 0.530875 0.376685 0.531844 0.377833 0.532049 0.379125 0.526841 0.379556
8 0.527596 0.362116 0.532187 0.374500 0.533547 0.377912 0.532029 0.379838 0.532049 0.379125 0.531844 0.377833 0.530875 0.376685 0.527284 0.366847 0.526237 0.362903
8 0.401625 0.182819 0.406214 0.185824 0.403633 0.186889 0.399615 0.184231 0.399198 0.184065 0.401201 0.182407
8 0.441203 0.237856 0.444771 0.244676 0.442211 0.244347 0.438859 0.237338 0.437443 0.234819 0.438940 0.236037
8 0.386234 0.222167 0.391560 0.225894 0.391437 0.227972 0.390995 0.227185 0.389987 0.227042 0.389583 0.227685 0.386154 0.223458
8 0.367206 0.184463 0.368852 0.199769 0.370581 0.198870 0.369094 0.187042 0.367586 0.184162
8 0.396117 0.224676 0.397286 0.227329 0.395875 0.229120 0.392526 0.222810 0.393091 0.221806
8 0.345531 0.126097 0.333240 0.127597 0.322036 0.130287 0.322951 0.132995 0.337247 0.130287 0.352151 0.129079 0.361677 0.128954 0.374846 0.139847 0.385508 0.149657 0.392690 0.156657 0.394284 0.157199 0.385437 0.147639 0.376206 0.138097 0.365542 0.128954 0.361911 0.126264 0.356461 0.126264
8 0.356081 0.111463 0.358049 0.126394 0.359940 0.125991 0.358049 0.111463
8 0.358427 0.129486 0.358729 0.133653 0.358276 0.142935 0.357594 0.153556 0.357367 0.160954 0.358654 0.166333 0.362435 0.174806 0.369094 0.187042 0.375703 0.195880 0.377318 0.195370 0.366747 0.179782 0.360393 0.166602 0.358729 0.160819 0.359563 0.147236 0.360393 0.134463 0.359940 0.129352
8 0.354867 0.155032 0.354190 0.157042 0.354133 0.157745 0.357367 0.160954 0.357523 0.158250
8 0.358823 0.159532 0.377914 0.181037 0.386544 0.189755 0.384583 0.191495 0.365622 0.170694 0.359411 0.163486 0.358729 0.160819
8 0.353464 0.180106 0.359609 0.196389 0.363203 0.203005 0.363271 0.202319 0.360523 0.194403 0.356078 0.183375 0.354576 0.178597
8 0.340966 0.069829 0.340346 0.071245 0.340854 0.072852 0.343792 0.074861 0.366677 0.092741 0.380521 0.105389 0.392953 0.116037 0.401089 0.123884 0.407474 0.131315 0.411883 0.140657 0.414198 0.142769 0.412844 0.138046 0.409227 0.130815 0.404932 0.124282 0.390862 0.110625 0.375549 0.097060 0.358372 0.082796 0.344133 0.071546
8 0.411927 0.136167 0.412510 0.135454 0.412984 0.135324 0.413641 0.135583 0.413568 0.137204 0.413969 0.139731 0.414443 0.141032 0.415648 0.143236 0.416305 0.144727 0.416487 0.145440 0.416305 0.145764 0.414198 0.142769 0.412844 0.138046
8 0.399813 0.126074 0.403062 0.131403 0.406479 0.134630 0.403187 0.128625 0.401247 0.124949 0.399896 0.124949
8 0.392630 0.119546 0.392044 0.119810 0.391945 0.121023 0.392190 0.121806 0.393948 0.123454 0.400932 0.131792 0.409089 0.140560 0.420076 0.153148 0.431260 0.165648 0.438977 0.173722 0.441857 0.177977 0.442247 0.177458 0.438927 0.172074 0.432872 0.164782 0.421297 0.151065 0.416305 0.145764 0.414198 0.142769 0.411883 0.140657 0.407672 0.135870 0.406479 0.134630 0.403062 0.131403 0.401763 0.129444
8 0.382846 0.219796 0.390471 0.219083 0.391721 0.221375 0.383208 0.222454 0.382362 0.221880 0.382161 0.220875 0.382120 0.220301
8 0.378792 0.125894 0.388680 0.133727 0.407667 0.148796 0.417159 0.156731 0.418742 0.160347 0.408570 0.152514 0.385685 0.134028 0.379753 0.129407 0.378622 0.128806 0.378057 0.127097
8 0.401357 0.134773 0.402635 0.139245 0.404458 0.139699 0.403729 0.136847 0.402818 0.134449 0.402271 0.133866 0.401943 0.133736
8 0.405479 0.143593 0.406685 0.148000 0.404531 0.146380 0.403583 0.143204
8 0.407951 0.151731 0.414104 0.169792 0.412784 0.170833 0.408732 0.159718 0.406240 0.153120 0.405557 0.149907
8 0.402773 0.157287 0.408292 0.158417 0.408732 0.159718 0.409464 0.161630 0.404435 0.159546
8 0.410635 0.159370 0.415521 0.160588 0.415763 0.163366 0.411271 0.161542
8 0.417180 0.161194 0.419427 0.161889 0.420990 0.164843 0.417620 0.163625
8 0.415763 0.163366 0.415521 0.160588 0.415060 0.157491 0.417013 0.159051 0.417180 0.161194 0.417620 0.163625 0.419260 0.173639 0.420286 0.181449 0.418284 0.179630
8 0.409089 0.140560 0.406417 0.137606 0.407779 0.140458 0.409758 0.144477 0.413693 0.151236 0.417159 0.156731 0.418742 0.160347 0.419427 0.161889 0.420990 0.164843 0.426977 0.175546 0.432885 0.185792 0.436940 0.192912 0.439479 0.198380 0.449294 0.218870 0.450224 0.216875 0.444362 0.204634 0.435669 0.187356 0.427466 0.171986 0.418479 0.156014 0.413888 0.147329
8 0.450792 0.217949 0.466109 0.248755 0.464008 0.248444 0.450443 0.220981 0.449813 0.219769
1 0.454081 0.207907 0.452969 0.211745 0.451792 0.213954 0.450878 0.215810 0.450224 0.216875 0.449294 0.218870 0.449813 0.219769 0.450792 0.217949 0.452839 0.213722 0.454276 0.210116 0.454865 0.207792
8 0.453362 0.212407 0.464542 0.232981 0.469052 0.240769 0.479383 0.258319 0.481802 0.262153 0.481802 0.264361 0.480495 0.265639 0.479578 0.265292 0.466831 0.243671 0.451661 0.216125 0.452839 0.213722
8 0.413888 0.147329 0.418479 0.156014 0.427466 0.171986 0.435669 0.187356 0.448130 0.209782 0.451125 0.215306 0.451792 0.213954 0.452969 0.211745 0.447339 0.200843 0.430896 0.173315 0.422195 0.157745 0.420076 0.153148 0.415245 0.147602
8 0.438599 0.098130 0.434750 0.131796 0.431612 0.156639 0.433333 0.157542 0.435055 0.143681 0.440422 0.100111 0.440422 0.098310 0.440219 0.097412
8 0.373214 0.158301 0.378771 0.166671 0.379031 0.170972 0.374326 0.163764 0.372167 0.159347 0.372299 0.157954
8 0.376286 0.142264 0.377724 0.158653 0.378771 0.166671 0.379031 0.170972 0.380836 0.183944 0.382826 0.186009 0.382826 0.185292 0.382255 0.184222 0.380458 0.169079 0.378484 0.150296 0.377974 0.145074 0.377802 0.142356 0.376161 0.140949
8 0.383161 0.182440 0.386969 0.184352 0.389997 0.186259 0.391464 0.187477 0.390242 0.188866 0.385016 0.185306 0.383161 0.184264 0.382255 0.184222 0.382135 0.182440
8 0.382255 0.184222 0.383161 0.184264 0.385016 0.185306 0.390242 0.188866 0.387810 0.189611 0.382826 0.186009 0.382826 0.185292
8 0.388029 0.194472 0.378263 0.197773 0.370208 0.200727 0.364784 0.202199 0.363271 0.202319 0.363203 0.203005 0.364250 0.204458 0.379875 0.199769 0.387151 0.196731
8 0.376781 0.186602 0.377510 0.194968 0.379263 0.194060 0.378568 0.187963
8 0.368609 0.176810 0.368062 0.178495 0.368245 0.180051 0.372841 0.183037 0.376781 0.186602 0.378568 0.187963 0.381779 0.191273 0.381487 0.189005 0.381159 0.187833 0.374995 0.181870
8 0.381779 0.191273 0.382107 0.192546 0.383714 0.191986 0.383177 0.190023 0.381159 0.187833 0.381487 0.189005
8 0.384195 0.194306 0.384523 0.195713 0.382341 0.196343 0.382372 0.195083
8 0.370581 0.198870 0.368852 0.199769 0.363271 0.202319 0.364784 0.202199 0.370208 0.200727 0.379195 0.196806 0.382372 0.195083 0.384195 0.194306 0.389120 0.191356 0.392109 0.189477 0.392693 0.187403 0.391464 0.187477 0.390242 0.188866 0.387810 0.189611 0.386544 0.189755 0.384583 0.191495 0.383714 0.191986 0.382107 0.192546 0.379263 0.194060 0.377510 0.194968 0.377318 0.195370 0.375703 0.195880
8 0.375174 0.170329 0.375768 0.178634 0.377685 0.180620 0.377091 0.176032 0.376221 0.172190 0.375732 0.170269
8 0.377370 0.169153 0.375906 0.169648 0.375732 0.170269 0.376221 0.172190 0.377091 0.176032 0.378417 0.181611 0.380836 0.183944
8 0.381641 0.171083 0.386232 0.177037 0.391362 0.183949 0.393229 0.186903 0.392693 0.187403 0.391464 0.187477 0.385458 0.179713 0.382461 0.175194 0.381516 0.173829 0.381242 0.173454 0.381102 0.172218 0.381172 0.171352
8 0.384271 0.167236 0.381729 0.165370 0.381083 0.167236 0.383745 0.170255 0.384271 0.169394 0.383615 0.167856
8 0.388063 0.169935 0.395669 0.175329 0.401505 0.179477 0.399497 0.181301 0.389836 0.173671
8 0.396885 0.173171 0.395857 0.173255 0.395669 0.173917 0.395669 0.175329 0.402018 0.179144 0.403604 0.177653 0.401552 0.176157
8 0.392458 0.160551 0.391539 0.161319 0.391654 0.162667 0.397263 0.169958 0.401552 0.176157 0.403604 0.177653 0.405154 0.176491 0.400724 0.170727 0.396836 0.165449
8 0.399927 0.167398 0.406516 0.174898 0.405154 0.176491 0.400724 0.170727 0.397836 0.166718 0.398531 0.166282
8 0.397521 0.163185 0.396997 0.164236 0.398531 0.166282 0.399927 0.167398 0.406516 0.174898 0.408154 0.173722
8 0.376286 0.142264 0.376518 0.144875 0.374500 0.142509 0.374299 0.141579 0.374299 0.140644 0.374846 0.139847 0.376161 0.140949
8 0.377802 0.142356 0.377974 0.145074 0.381073 0.148356 0.388445 0.155241 0.393021 0.159060 0.397521 0.163185 0.408747 0.173412 0.421909 0.185690 0.432878 0.197144 0.437497 0.202620 0.445479 0.217139 0.451872 0.228505 0.456305 0.236472 0.460505 0.243606 0.461487 0.246176 0.462701 0.245681 0.450443 0.220981 0.449813 0.219769 0.449294 0.218870 0.439643 0.202287 0.435443 0.196065 0.423310 0.183866 0.420286 0.181449 0.418284 0.179630 0.409029 0.170093 0.396568 0.159389 0.394284 0.157199 0.392690 0.156657 0.385508 0.149657
8 0.386154 0.223458 0.387969 0.226324 0.389299 0.228403 0.390753 0.230912 0.392003 0.233282 0.390872 0.235074 0.388576 0.230556 0.386396 0.226681 0.385711 0.225176 0.384380 0.222810
8 0.390995 0.227185 0.393495 0.230912 0.392448 0.232778 0.390026 0.229194 0.389583 0.227685 0.389987 0.227042
8 0.374232 0.220736 0.379482 0.209407 0.385792 0.198634 0.387151 0.196731 0.388029 0.194472 0.390664 0.190968 0.392109 0.189477 0.393229 0.186903 0.393750 0.187847 0.393750 0.187847 0.395646 0.185523 0.395307 0.184806 0.399497 0.181301 0.401505 0.179477 0.402018 0.179144 0.403604 0.177653 0.405154 0.176491 0.406516 0.174898 0.408154 0.173722 0.408154 0.173722 0.408747 0.173412 0.410008 0.174519 0.408234 0.176282 0.401792 0.181694 0.395740 0.187356 0.391141 0.193301 0.385979 0.201843 0.377508 0.218403 0.375414 0.222704
8 0.370599 0.212958 0.378505 0.211667 0.377135 0.214537 0.370802 0.215324 0.370036 0.213745
8 0.366768 0.207509 0.368987 0.207722 0.372779 0.209157 0.369995 0.210231 0.367253 0.209801
8 0.371932 0.209657 0.372174 0.212884 0.370599 0.212958 0.370560 0.210019
8 0.371367 0.203565 0.371609 0.206505 0.369672 0.206287 0.369672 0.204495
8 0.364250 0.204458 0.365385 0.206477 0.369672 0.204495 0.371367 0.203565 0.371477 0.202315
8 0.378034 0.200611 0.378466 0.207907 0.380141 0.207907 0.379492 0.199940
8 0.369685 0.205380 0.368518 0.205051 0.367258 0.205963 0.367630 0.206708 0.368987 0.207722 0.372779 0.209157 0.378693 0.210773 0.379482 0.209407 0.380141 0.207907 0.378466 0.207907 0.371609 0.206505 0.369672 0.206287
8 0.383385 0.198565 0.384010 0.201574 0.385130 0.199676 0.384688 0.197731 0.383333 0.198287
8 0.381042 0.199352 0.383516 0.200417 0.383776 0.200463 0.384010 0.201574 0.383281 0.202870 0.382786 0.202222 0.381302 0.201343 0.380443 0.201111 0.380417 0.200417 0.380391 0.199583
8 0.381799 0.209912 0.387680 0.212236 0.402521 0.218042 0.405182 0.218870 0.403216 0.219949 0.391648 0.215718 0.383573 0.212898 0.380867 0.211736
8 0.383526 0.210407 0.394448 0.208667 0.403549 0.207009 0.403503 0.208088 0.403456 0.209495 0.402008 0.209995 0.395521 0.210991 0.388427 0.211653 0.386188 0.211819
8 0.387495 0.202856 0.397622 0.208167 0.394448 0.208667 0.389221 0.206093 0.386979 0.204519 0.386701 0.203856
8 0.384740 0.204269 0.385253 0.207755 0.387542 0.207838 0.385979 0.201843
8 0.385253 0.207755 0.387542 0.207838 0.390266 0.207926 0.394448 0.208667 0.383526 0.210407 0.383526 0.210407 0.381799 0.209912 0.383031 0.207514
8 0.393766 0.211065 0.402680 0.212069 0.406089 0.212319 0.405995 0.213644 0.405760 0.214889 0.405013 0.215472 0.397219 0.213810 0.392180 0.212898 0.388427 0.211653
8 0.388427 0.211653 0.386188 0.211819 0.386188 0.211819 0.387680 0.212236 0.402521 0.218042 0.405182 0.218870 0.407393 0.216806 0.405013 0.215472 0.397219 0.213810 0.392180 0.212898
8 0.380789 0.214421 0.381435 0.223884 0.379781 0.222454 0.379297 0.214565 0.379820 0.214060
8 0.380305 0.227111 0.380750 0.232634 0.382484 0.234856 0.382120 0.228333
8 0.375469 0.217949 0.373089 0.214866 0.371234 0.215366 0.374380 0.220102
8 0.376958 0.219514 0.379781 0.222454 0.381435 0.223884 0.386438 0.230699 0.387930 0.232995 0.387284 0.235074 0.383773 0.229481 0.381555 0.226324 0.379096 0.224602 0.376716 0.222167 0.375909 0.221162
8 0.390953 0.216644 0.396964 0.222454 0.399747 0.224389 0.398536 0.226111 0.396117 0.224676 0.393091 0.221806 0.390471 0.219083 0.389664 0.218435 0.386276 0.216787 0.386234 0.215782 0.387042 0.214852
8 0.382487 0.235588 0.388781 0.235588 0.390112 0.235588 0.388497 0.238097 0.383818 0.237523
8 0.388333 0.240523 0.391883 0.245255 0.390995 0.248481 0.387284 0.242315
8 0.384661 0.237940 0.386034 0.240667 0.387323 0.238875 0.386154 0.237796
8 0.386034 0.240667 0.387323 0.238875 0.388497 0.238097 0.390112 0.235588 0.390872 0.235074 0.392003 0.233282 0.392448 0.232778 0.393495 0.230912 0.395875 0.229120 0.397286 0.227329 0.398536 0.226111 0.399747 0.224389 0.401164 0.222611 0.402091 0.221319 0.403216 0.219949 0.405182 0.218870 0.407133 0.217519 0.410359 0.217157 0.413023 0.217519 0.414919 0.221032 0.410844 0.220245 0.408424 0.219671 0.405844 0.220602 0.402695 0.223759 0.396646 0.231213 0.392008 0.236162 0.388333 0.240523 0.387284 0.242315 0.386602 0.241972
8 0.391883 0.245255 0.390995 0.248481 0.390779 0.249250 0.391898 0.250824 0.394747 0.242778 0.397174 0.235722 0.398620 0.230829 0.400393 0.226514 0.397594 0.230000 0.394279 0.238875
8 0.392609 0.235542 0.395310 0.235875 0.394279 0.238875 0.390508 0.238111 0.392008 0.236162
8 0.397174 0.235722 0.399602 0.236056 0.400953 0.238630 0.396052 0.238792
8 0.402549 0.236875 0.408193 0.236875 0.407964 0.239690 0.403573 0.239523
8 0.401068 0.225602 0.408315 0.231157 0.410250 0.232398 0.409638 0.233468 0.409065 0.234153 0.402443 0.229380 0.399818 0.227935 0.400393 0.226514
8 0.403438 0.233218 0.404648 0.237009 0.406706 0.236731 0.404406 0.232426
8 0.405737 0.239741 0.407229 0.243898 0.408523 0.243181 0.407471 0.239593
8 0.405052 0.232644 0.406344 0.232204 0.408570 0.234639 0.408193 0.236875 0.407229 0.236944
8 0.407380 0.223171 0.410648 0.231551 0.409760 0.232130 0.407615 0.227236 0.406401 0.223500
8 0.404953 0.222338 0.405000 0.224662 0.405000 0.226491 0.405372 0.228231 0.406016 0.229491 0.407214 0.230370 0.407193 0.229394 0.406307 0.228065 0.405979 0.226491 0.405560 0.222176
8 0.403940 0.223884 0.402495 0.226616 0.403880 0.227792 0.405000 0.224662 0.404953 0.222338
8 0.409646 0.223542 0.412469 0.231500 0.412872 0.232505 0.412065 0.232481 0.410857 0.232435 0.410648 0.231551 0.407750 0.223972
8 0.412464 0.224477 0.415003 0.231958 0.413167 0.232352 0.410250 0.224093
8 0.407805 0.220051 0.412518 0.222208 0.416393 0.223949 0.416112 0.225856 0.412464 0.224477 0.408646 0.222787 0.406591 0.222292 0.405560 0.222176 0.405844 0.220602 0.405844 0.220602
8 0.392083 0.195167 0.395708 0.199833 0.401081 0.205940 0.399893 0.207384 0.393083 0.200056 0.390271 0.196944 0.390208 0.196167
8 0.391646 0.199722 0.389083 0.203167 0.390333 0.204384 0.393083 0.200056 0.392026 0.198968
8 0.389581 0.197162 0.388044 0.199523 0.390362 0.201514 0.391646 0.199722 0.391820 0.199477
8 0.391638 0.202116 0.398383 0.207995 0.399893 0.207384 0.393083 0.200056
8 0.395708 0.199833 0.398164 0.200491 0.403510 0.204426 0.407992 0.207111 0.411286 0.211046 0.409560 0.211815 0.408424 0.209801 0.406427 0.208648 0.403549 0.207009 0.401081 0.205940
8 0.391141 0.193301 0.394560 0.191583 0.395401 0.193657 0.392083 0.195167 0.390208 0.196167 0.389333 0.196065
8 0.381841 0.151718 0.381883 0.153940 0.388445 0.155241 0.385109 0.152074
8 0.391643 0.154014 0.397776 0.155588 0.399510 0.158602 0.396122 0.157810 0.394284 0.157199
8 0.396669 0.149847 0.395966 0.149847 0.395534 0.150903 0.396021 0.152250 0.397776 0.155588 0.399510 0.158602 0.404617 0.166361 0.409029 0.170093 0.410995 0.172065 0.411206 0.171940 0.404862 0.162769 0.399003 0.153968
8 0.398557 0.149380 0.397669 0.148949 0.397227 0.149380 0.397307 0.150815 0.399003 0.153968 0.404862 0.162769 0.411206 0.171940 0.411870 0.171394 0.406141 0.162500 0.404435 0.159546 0.402773 0.157287 0.402391 0.155833
8 0.408174 0.161176 0.411870 0.171394 0.412784 0.170833 0.409464 0.161630
8 0.405839 0.154667 0.406852 0.158139 0.408292 0.158417 0.406711 0.154356
8 0.414104 0.169792 0.412784 0.170833 0.411870 0.171394 0.411206 0.171940 0.410995 0.172065 0.412266 0.173565 0.416823 0.170046 0.416458 0.168056
8 0.411729 0.162657 0.414049 0.165977 0.415911 0.168463 0.414557 0.169435 0.412370 0.164806
8 0.399456 0.187838 0.405302 0.196356 0.420781 0.214685 0.434026 0.231681 0.439086 0.238565 0.441273 0.243125 0.442211 0.244347 0.444771 0.244676 0.450643 0.249449 0.464016 0.260227 0.472201 0.266671 0.472076 0.269560 0.456643 0.256565 0.445208 0.247454 0.442339 0.246458 0.440211 0.244347 0.434464 0.235792 0.422406 0.220241 0.410284 0.205579 0.403724 0.196565 0.400536 0.192264 0.398602 0.189750 0.398440 0.188389 0.398641 0.187963
8 0.400234 0.195551 0.403187 0.198282 0.407669 0.203560 0.414797 0.211722 0.419872 0.217097 0.422406 0.220241 0.426138 0.225162 0.419008 0.219208 0.411286 0.211046 0.407992 0.207111 0.401513 0.199815 0.398219 0.195977 0.397154 0.194056 0.398555 0.194801
8 0.399841 0.188259 0.406214 0.185824 0.407141 0.187903 0.400768 0.189694
8 0.401172 0.190417 0.407544 0.188333 0.408633 0.190125 0.402302 0.191991
8 0.404427 0.180167 0.408299 0.186222 0.412547 0.191949 0.418102 0.199745 0.420714 0.202819 0.416510 0.200991 0.410862 0.193606 0.408633 0.190125 0.407544 0.188333 0.407141 0.187903 0.406214 0.185824 0.404706 0.183736 0.403958 0.182241 0.403115 0.180662
8 0.406227 0.177870 0.413948 0.187949 0.416326 0.191213 0.419187 0.197648 0.413031 0.190449 0.407146 0.183343 0.404427 0.180167 0.404500 0.179505
8 0.408148 0.176852 0.411807 0.181745 0.414526 0.187324 0.414284 0.187574 0.411599 0.184472 0.408042 0.179454 0.406682 0.177718
8 0.411299 0.176806 0.416435 0.186514 0.421336 0.196884 0.425021 0.204852 0.422128 0.203847 0.419187 0.197648 0.416326 0.191213 0.414526 0.187324 0.411807 0.181745 0.410367 0.178630 0.408966 0.175389 0.410008 0.174519
8 0.419836 0.191491 0.430419 0.206852 0.425937 0.205125 0.422643 0.200231 0.421336 0.196884 0.418755 0.191398
8 0.415974 0.180806 0.422927 0.191343 0.435758 0.209847 0.431422 0.207523 0.418401 0.189185 0.416435 0.186514 0.411299 0.176806 0.410008 0.174519 0.415474 0.179829
8 0.431578 0.200509 0.441862 0.213704 0.437049 0.210829 0.429977 0.201519
8 0.429057 0.194796 0.434674 0.201708 0.440188 0.207755 0.443104 0.212653 0.442073 0.212653 0.434620 0.204014 0.427768 0.195852 0.421065 0.186634 0.421909 0.185690
8 0.426206 0.184630 0.433125 0.190486 0.435555 0.192597 0.436940 0.192912 0.438523 0.195958 0.433172 0.193750 0.426563 0.187116
8 0.522227 0.382819 0.522516 0.392458 0.521336 0.391144 0.521336 0.391144 0.520997 0.390662
8 0.429268 0.164241 0.427440 0.163662 0.425576 0.163926 0.427602 0.165556 0.432115 0.169389 0.438781 0.175898 0.441857 0.177977 0.438977 0.173722 0.431260 0.165648
8 0.451815 0.186125 0.458313 0.194060 0.458482 0.195870 0.458201 0.196773 0.457070 0.196972 0.455771 0.194259 0.451135 0.188838
8 0.466948 0.222977 0.466721 0.231046 0.466721 0.234676 0.466039 0.235079 0.465133 0.233870 0.465510 0.221361
8 0.393492 0.246528 0.395266 0.249148 0.394815 0.252245 0.392641 0.248829
8 0.391898 0.250824 0.394370 0.255324 0.394815 0.252245 0.392448 0.249440
8 0.397128 0.255259 0.402021 0.260694 0.402841 0.261708 0.401172 0.262995 0.398299 0.259181 0.396820 0.257495 0.396992 0.256292
8 0.431523 0.244074 0.435284 0.246852 0.441437 0.250588 0.440997 0.252148 0.434258 0.247894 0.432208 0.246069
8 0.410305 0.213565 0.408253 0.215565 0.407393 0.216806 0.407133 0.217519 0.409523 0.217213 0.411135 0.214782
8 0.409560 0.211815 0.410305 0.213565 0.411135 0.214782 0.413023 0.217519 0.414919 0.221032 0.424047 0.235801 0.429516 0.245440 0.436794 0.257769 0.442995 0.267926 0.450466 0.280602 0.451688 0.280255 0.439674 0.258981 0.425219 0.233806 0.414964 0.216787 0.411286 0.211046
8 0.420341 0.205958 0.416797 0.210014 0.415276 0.208060 0.418906 0.204458
8 0.416323 0.219245 0.420563 0.220954 0.422143 0.221653 0.426138 0.225162 0.427286 0.226778 0.421521 0.224269 0.418810 0.223162
8 0.423383 0.225329 0.429828 0.231667 0.433102 0.234880 0.438229 0.241296 0.440211 0.244347 0.442339 0.246458 0.444044 0.247606 0.453852 0.264227 0.462026 0.278759 0.459477 0.279222 0.447122 0.256204 0.442672 0.249468 0.436661 0.242495 0.427177 0.232380 0.423060 0.228898 0.418810 0.223162 0.421521 0.224269
8 0.431612 0.156639 0.429547 0.155185 0.427625 0.154282 0.425815 0.153977 0.423443 0.153676 0.425760 0.156491 0.429997 0.158296 0.432935 0.161514 0.435479 0.163722 0.440396 0.171958 0.445255 0.181102 0.449039 0.188935 0.453279 0.198181 0.455763 0.205213 0.456893 0.204306 0.457404 0.203704 0.455651 0.198884 0.448701 0.183310 0.441865 0.170153 0.438586 0.163926 0.436609 0.160708 0.435365 0.158500 0.433333 0.157542
8 0.453138 0.168394 0.448156 0.170477 0.446937 0.168653 0.451089 0.167005
8 0.455240 0.165269 0.461049 0.163009 0.461734 0.163968 0.461979 0.165787 0.461440 0.166310 0.460513 0.166134 0.457924 0.166829
8 0.581737 0.455972 0.583141 0.459153 0.582763 0.463366 0.581305 0.459153 0.580602 0.455546
8 0.585625 0.458759 0.587029 0.461361 0.587677 0.466639 0.585193 0.462417
8 0.578174 0.435537 0.583357 0.445125 0.583250 0.447245 0.578607 0.439366 0.577849 0.437935
8 0.583357 0.445125 0.583357 0.448398 0.584977 0.451759 0.585357 0.449157
8 0.581096 0.444491 0.586247 0.453995 0.583438 0.453065 0.580146 0.448167 0.581096 0.447991
8 0.589677 0.463088 0.598208 0.480273 0.599883 0.487185 0.597938 0.483630 0.590378 0.467972 0.589138 0.463889
8 0.607784 0.485106 0.610331 0.489931 0.612760 0.496648 0.611547 0.495907 0.607576 0.489736
8 0.609656 0.493903 0.611547 0.500241 0.613383 0.501574 0.611547 0.495907
8 0.615487 0.505509 0.616542 0.509514 0.612276 0.505194 0.609521 0.503273 0.609440 0.501389
8 0.609169 0.498597 0.614677 0.502255 0.615487 0.505509 0.609440 0.501389
8 0.622734 0.530995 0.622589 0.533898 0.623885 0.535144 0.624154 0.533319
8 0.623750 0.519718 0.623479 0.527023 0.624667 0.529329 0.624971 0.522241
8 0.620023 0.506000 0.627638 0.524324 0.629997 0.529606 0.632049 0.534213 0.638060 0.549296 0.641391 0.558500 0.642094 0.561671 0.643839 0.566287 0.643841 0.567231 0.645143 0.569931 0.645891 0.571079 0.645404 0.577519 0.644404 0.571722 0.641508 0.563986 0.639070 0.557829 0.638529 0.555523 0.631581 0.539023 0.627398 0.528296 0.626091 0.524560 0.624971 0.522241 0.621482 0.514542 0.617378 0.503981
8 0.681362 0.522921 0.675120 0.526269 0.673727 0.528005 0.676620 0.528250 0.678643 0.526704 0.681711 0.525028
8 0.538781 0.437116 0.542734 0.438838 0.543255 0.439949 0.542411 0.440773 0.539911 0.439556
8 0.571833 0.473185 0.572266 0.477412 0.571461 0.477120 0.566867 0.468866 0.561953 0.458593 0.560284 0.454403 0.560755 0.454139 0.565716 0.462440 0.570385 0.470806
8 0.567784 0.471556 0.568055 0.476546 0.569193 0.478468 0.569193 0.474241
8 0.572266 0.477412 0.574911 0.482593 0.574911 0.483843 0.574211 0.484227 0.571083 0.477699
8 0.572055 0.461954 0.574323 0.463588 0.575992 0.467713 0.572969 0.464833
8 0.613932 0.521588 0.620195 0.530519 0.622000 0.533106 0.621102 0.532574 0.620557 0.532718 0.616362 0.527829
8 0.612042 0.505940 0.622951 0.526005 0.628404 0.536278 0.629404 0.539829 0.630620 0.545301 0.629378 0.543477 0.627042 0.538338 0.622734 0.530995 0.614471 0.514870 0.610531 0.507574 0.609937 0.505940 0.610099 0.504597
8 0.628805 0.559491 0.631883 0.564292 0.632987 0.566454 0.632148 0.567347 0.629831 0.563907 0.628516 0.560144
8 0.626049 0.553537 0.627346 0.553537 0.628643 0.554884 0.628372 0.555648 0.626859 0.555648
8 0.629818 0.556486 0.632740 0.559722 0.632625 0.558083 0.630547 0.553523
8 0.632409 0.544157 0.635883 0.551588 0.635182 0.552741 0.639070 0.557829 0.641508 0.563986 0.644404 0.571722 0.643023 0.569431 0.642018 0.568093 0.639031 0.563181 0.635997 0.556796 0.634115 0.551778 0.632687 0.547875 0.632253 0.545472 0.632023 0.544403
8 0.641391 0.558500 0.644201 0.561764 0.644091 0.564741 0.642094 0.561671
8 0.635883 0.551588 0.635182 0.552741 0.639070 0.557829 0.638529 0.555523
8 0.628917 0.518662 0.629997 0.529606 0.632049 0.534213 0.631294 0.522981 0.631023 0.520583 0.629458 0.518083
8 0.634258 0.557750 0.638464 0.562963 0.642018 0.568093 0.640096 0.567051 0.639536 0.566861 0.637669 0.564287 0.636456 0.562463
8 0.624971 0.522241 0.627211 0.531199 0.629404 0.539829 0.630810 0.546718 0.632206 0.553435 0.633336 0.555787 0.634258 0.557750 0.633557 0.553102 0.632253 0.545472 0.630010 0.535681 0.627398 0.528296 0.626091 0.524560
8 0.632625 0.558083 0.632987 0.566454 0.634156 0.565264 0.634724 0.564801 0.634492 0.561815 0.633909 0.560394
8 0.605318 0.588583 0.606802 0.590574 0.606750 0.588167 0.605469 0.587537
8 0.603990 0.596824 0.606516 0.601037 0.604484 0.600389 0.603625 0.598769
8 0.605023 0.594065 0.607122 0.598380 0.607362 0.601019 0.604370 0.595727 0.604227 0.595204 0.604589 0.593306
8 0.622531 0.553542 0.623932 0.556389 0.624583 0.557778 0.625443 0.558426 0.623755 0.553542
8 0.621906 0.551782 0.623156 0.551736 0.623755 0.553542 0.622531 0.553542 0.622427 0.553097
8 0.622573 0.539852 0.622552 0.541898 0.622188 0.542829 0.622161 0.543106 0.621250 0.540694 0.621484 0.539444
8 0.622188 0.542829 0.625521 0.547181 0.630104 0.552366 0.629609 0.552505 0.629089 0.554356 0.623698 0.547273 0.622161 0.543106
8 0.618893 0.534463 0.620557 0.532718 0.621102 0.532574 0.622000 0.533106 0.625516 0.536644 0.627042 0.538338 0.626797 0.539310 0.625706 0.538870 0.622245 0.535338 0.621292 0.534319 0.620802 0.534463 0.619583 0.536343
8 0.620203 0.543958 0.619247 0.545556 0.620148 0.547495 0.620883 0.545366
8 0.613409 0.532250 0.617930 0.537875 0.619794 0.542597 0.615557 0.537676 0.613312 0.535319
8 0.583112 0.401977 0.588339 0.406380 0.589258 0.411588 0.583487 0.404894
8 0.588664 0.508819 0.594849 0.513597 0.595042 0.515819 0.590036 0.512042
8 0.595042 0.515819 0.595341 0.519782 0.591906 0.515454 0.591099 0.514917 0.590036 0.512042
8 0.567615 0.501046 0.571612 0.509486 0.575792 0.513931 0.571482 0.505486
8 0.607482 0.530023 0.607633 0.522088 0.607633 0.516574 0.607708 0.506352 0.607576 0.498569 0.607576 0.489736 0.607784 0.485106 0.606422 0.484972 0.605953 0.498153 0.605737 0.503935 0.605742 0.508907 0.606120 0.529079
8 0.608313 0.516843 0.609576 0.528231 0.608995 0.531769 0.607935 0.527602 0.607633 0.522088 0.607633 0.516574
8 0.613229 0.520204 0.619583 0.536343 0.627753 0.558130 0.630896 0.566755 0.628635 0.567792 0.622232 0.548981 0.615953 0.532713 0.613380 0.525181 0.613458 0.523625
8 0.619583 0.536343 0.620174 0.536264 0.621047 0.537088 0.621729 0.538060 0.622055 0.538444 0.622956 0.538250 0.624344 0.539171 0.626852 0.542227 0.633336 0.555787 0.637997 0.565769 0.638487 0.567079 0.637669 0.567199 0.636852 0.566542 0.633909 0.560394 0.627859 0.547843 0.623990 0.541208 0.622573 0.539852 0.620638 0.539171
8 0.629609 0.552505 0.628724 0.555792 0.627753 0.558130 0.628516 0.560144 0.629818 0.556486 0.630547 0.553523 0.630104 0.552366
8 0.646878 0.555148 0.646104 0.568889 0.645237 0.581227 0.647190 0.579472 0.648732 0.557153 0.649432 0.545204 0.649211 0.534958 0.647044 0.532389 0.647167 0.542685
8 0.647167 0.542685 0.645792 0.550009 0.644346 0.560417 0.643841 0.567231 0.645143 0.569931 0.646516 0.557204 0.646878 0.555148
8 0.643023 0.569431 0.644404 0.571722 0.644187 0.576134 0.643758 0.578056 0.643216 0.581801 0.641922 0.584681 0.638513 0.588231 0.639427 0.586681 0.640430 0.584301 0.640932 0.581773 0.642104 0.577606 0.642437 0.574338 0.642773 0.571361
8 0.458523 0.332556 0.458198 0.333657 0.461182 0.337514 0.463667 0.340264 0.464104 0.339815 0.460971 0.335426 0.459615 0.333282
8 0.460148 0.331815 0.465299 0.335403 0.465482 0.332833 0.462211 0.330889 0.461898 0.331111 0.460237 0.329991
8 0.452875 0.336486 0.455552 0.338625 0.457648 0.342736 0.457052 0.343819 0.453352 0.338727 0.452490 0.337384 0.452625 0.336819
8 0.458023 0.334222 0.463667 0.340264 0.462310 0.340153 0.459130 0.337958 0.456901 0.334556 0.457523 0.334556
8 0.609206 0.539569 0.610792 0.542394 0.610326 0.545713 0.608740 0.542806 0.608927 0.541287
8 0.608505 0.543556 0.610232 0.546458 0.609987 0.548301 0.609484 0.550856 0.607805 0.546875
8 0.622914 0.442769 0.623250 0.446634 0.621159 0.445296 0.621492 0.441727
8 0.619987 0.445000 0.627013 0.448866 0.637357 0.454278 0.639143 0.458528 0.632784 0.455556 0.629440 0.453324 0.623000 0.450056
8 0.632784 0.455556 0.641148 0.471764 0.640063 0.473699 0.633956 0.462546 0.629440 0.453324
8 0.603812 0.422403 0.611909 0.430630 0.616161 0.434519 0.617721 0.435792 0.620719 0.438264 0.622685 0.440014 0.622685 0.440014 0.629260 0.445153 0.635911 0.450551 0.637357 0.454278 0.630201 0.448880 0.618922 0.439755 0.609812 0.431528 0.606128 0.427287
8 0.639779 0.453907 0.645682 0.458208 0.648586 0.463713 0.641328 0.458380 0.640703 0.456093
8 0.554979 0.458694 0.554573 0.459042 0.554904 0.460111 0.556969 0.464949 0.556695 0.460343 0.556245 0.459218 0.555914 0.458787
8 0.554904 0.460111 0.553156 0.462843 0.552885 0.460431 0.554044 0.459250 0.554573 0.459042
8 0.627716 0.570023 0.626315 0.564329 0.622427 0.553097 0.618917 0.544745 0.616758 0.540713 0.613138 0.536296 0.612870 0.538889 0.615568 0.542440 0.618862 0.549255 0.623076 0.560778 0.626143 0.570949 0.626714 0.573593 0.627549 0.572403
8 0.612586 0.540810 0.613878 0.543894 0.618878 0.553287 0.623115 0.562537 0.621474 0.559583 0.617089 0.552532 0.613497 0.546167 0.612367 0.543009
8 0.612786 0.539593 0.615893 0.543819 0.620169 0.553361 0.624323 0.564894 0.623115 0.562537 0.618878 0.553287 0.613878 0.543894 0.612586 0.540810
8 0.627383 0.575528 0.628552 0.576565 0.629148 0.579514 0.629388 0.581324 0.628971 0.582704 0.628055 0.581241
8 0.612888 0.546972 0.617089 0.552532 0.621474 0.559583 0.624323 0.564894 0.626143 0.570949 0.626714 0.573593 0.627383 0.575528 0.628055 0.581241 0.626841 0.579579 0.626143 0.575431 0.623016 0.568046 0.620495 0.562157 0.616667 0.555352 0.614534 0.551708 0.613089 0.548060
8 0.649289 0.568356 0.650542 0.568231 0.651938 0.568231 0.652565 0.569227 0.653576 0.570713 0.653542 0.571769 0.652531 0.572944 0.652042 0.572574 0.651484 0.570958 0.650159 0.570838 0.649115 0.570588
8 0.601833 0.445204 0.603279 0.453940 0.604219 0.462296 0.604940 0.472579 0.604870 0.479130 0.604362 0.486972 0.604146 0.493912 0.604336 0.496190 0.604125 0.503565 0.604430 0.505190 0.605737 0.503935 0.605953 0.498153 0.606458 0.480931 0.606458 0.474889 0.606242 0.465380 0.605159 0.455097 0.604362 0.449699
8 0.661169 0.562926 0.660229 0.564722 0.655313 0.563181 0.650326 0.557912
8 0.650036 0.560097 0.652638 0.563824 0.657628 0.568194 0.658711 0.566653 0.655313 0.563181 0.650326 0.557912
8 0.650987 0.461519 0.672711 0.477241 0.675958 0.480227 0.676854 0.482218 0.681107 0.510287 0.683906 0.529199 0.682227 0.528403 0.676966 0.494361 0.675734 0.484806 0.671143 0.479231 0.656698 0.469079 0.653227 0.466093
8 0.591234 0.477898 0.594031 0.487130 0.597091 0.495125 0.600909 0.497315 0.593786 0.480764 0.590474 0.472764
8 0.589724 0.466991 0.595849 0.479875 0.600096 0.489426 0.602508 0.494023 0.602815 0.498306 0.600909 0.497315 0.593786 0.480764 0.590474 0.472764
8 0.614534 0.551708 0.620135 0.564569 0.623635 0.572949 0.624802 0.575940 0.620151 0.568694 0.615609 0.558931 0.613927 0.554032 0.613089 0.548060
8 0.618036 0.571042 0.618148 0.574648 0.618120 0.575556 0.617818 0.575611 0.617477 0.577931 0.617086 0.579870 0.618344 0.580134 0.618849 0.578593 0.619294 0.576685 0.619388 0.574444 0.619203 0.571954
8 0.615677 0.567361 0.616070 0.567255 0.616581 0.568699 0.617276 0.571380 0.617758 0.573468 0.618148 0.574648 0.618120 0.575556 0.617818 0.575611 0.617185 0.575343 0.616943 0.574324
8 0.607732 0.578398 0.609971 0.581352 0.615898 0.594574 0.615466 0.594977 0.610956 0.588199 0.610844 0.585412 0.607948 0.581995
8 0.613661 0.579556 0.615068 0.582435 0.615930 0.584736 0.616734 0.590264 0.614203 0.584259 0.612422 0.579745 0.611935 0.578593 0.612096 0.578116 0.612422 0.578116
8 0.610938 0.554338 0.612750 0.557560 0.613125 0.561671 0.610375 0.556894
8 0.598638 0.502199 0.602982 0.517620 0.604203 0.515954 0.603922 0.512222 0.602542 0.508241 0.602107 0.505542 0.598357 0.500273
8 0.598357 0.500273 0.602107 0.505542 0.603625 0.508111 0.603344 0.504384 0.601456 0.501171 0.599721 0.499375 0.597344 0.498218
8 0.595958 0.497264 0.595284 0.494861 0.594271 0.495245 0.594625 0.496931 0.597958 0.507972 0.599839 0.515037 0.602000 0.522120 0.604745 0.529190 0.604753 0.526222 0.601935 0.516454 0.598826 0.505912
8 0.585633 0.445338 0.585719 0.450005 0.586247 0.453995 0.586536 0.457847 0.587982 0.468903 0.589716 0.479310 0.592536 0.489079 0.593547 0.487153 0.591234 0.477898 0.589138 0.463889 0.587982 0.451810 0.587115 0.443583 0.585281 0.439894
8 0.605448 0.548579 0.604336 0.551079 0.605794 0.554597 0.606732 0.550509 0.607607 0.548509 0.608927 0.541287 0.610492 0.533606 0.611357 0.526120 0.610924 0.514986 0.610276 0.508972 0.608818 0.496361 0.607576 0.489736 0.607576 0.498569 0.609305 0.519403 0.609576 0.528231 0.608495 0.535528 0.607362 0.541287 0.606760 0.544264
8 0.467599 0.326727 0.474560 0.331620 0.474560 0.333282 0.474258 0.333977 0.469740 0.330227 0.467961 0.329102 0.467357 0.328352 0.467562 0.328028
8 0.606732 0.550509 0.607339 0.552106 0.607339 0.558551 0.606026 0.555329 0.605794 0.554597
8 0.607607 0.548509 0.609357 0.552171 0.608794 0.554838 0.606732 0.550509
8 0.603609 0.554727 0.602609 0.557727 0.604172 0.558949 0.604422 0.556949
8 0.609120 0.565907 0.612461 0.571880 0.615365 0.578241 0.611898 0.574875 0.609714 0.569769
8 0.609669 0.562616 0.611857 0.565833 0.614292 0.570611 0.614854 0.574500 0.610794 0.568056 0.609120 0.565907
8 0.571414 0.450139 0.572432 0.452463 0.579010 0.455292 0.580602 0.455546 0.583276 0.456704 0.585010 0.457477 0.586536 0.457847 0.586247 0.453995 0.580240 0.452463 0.577708 0.451565 0.574680 0.450139
8 0.579372 0.448352 0.580240 0.452463 0.577708 0.451565 0.577388 0.449065
8 0.572432 0.452463 0.579010 0.455292 0.579661 0.459273 0.573661 0.456319
8 0.580602 0.455546 0.582698 0.465699 0.580391 0.466074 0.579010 0.455292
8 0.583276 0.456704 0.582698 0.465699 0.584078 0.465431 0.584578 0.465315 0.585010 0.457477
8 0.584802 0.467745 0.583781 0.474185 0.582055 0.472370 0.583065 0.468389
8 0.579805 0.469171 0.583781 0.474185 0.588120 0.480222 0.589492 0.486005 0.584578 0.478167 0.581612 0.474185 0.579083 0.471097 0.577862 0.469801
8 0.584578 0.478167 0.586167 0.483949 0.587901 0.491148 0.587323 0.490889 0.584432 0.483565 0.583060 0.477782
8 0.580086 0.487472 0.582771 0.488833 0.576914 0.477398
8 0.575831 0.473926 0.578576 0.478296 0.581469 0.483051 0.584578 0.489477 0.582771 0.488833 0.576914 0.477398
8 0.579083 0.471097 0.582625 0.478810 0.587323 0.490889 0.584578 0.489477 0.579083 0.477139 0.576409 0.472255 0.576047 0.470972 0.577862 0.469801
8 0.588771 0.494745 0.593396 0.504514 0.594336 0.510426 0.588552 0.498731 0.586529 0.494616
8 0.582698 0.492690 0.585372 0.496162 0.588841 0.503102 0.590432 0.506056 0.594849 0.513597 0.594336 0.510426 0.588552 0.498731 0.585372 0.492560
8 0.594193 0.497315 0.594625 0.496931 0.597807 0.509398 0.602000 0.522120 0.604745 0.529190 0.604964 0.535102 0.602721 0.528676 0.598167 0.517236 0.596289 0.511194 0.594560 0.499616
8 0.597010 0.515051 0.602721 0.528676 0.604964 0.535102 0.605253 0.540884 0.602216 0.532657 0.597589 0.520708 0.597453 0.518125
8 0.597154 0.534667 0.596779 0.530894 0.596161 0.529468 0.595786 0.524694 0.595341 0.519782 0.595042 0.515819 0.594849 0.513597 0.592969 0.502574 0.591344 0.495412 0.591219 0.492639 0.587331 0.477000 0.585307 0.468514 0.584802 0.467745 0.581693 0.468773 0.577862 0.469801 0.575187 0.471986 0.574318 0.469287 0.576331 0.468565 0.577844 0.467491 0.580391 0.466074 0.584078 0.465431 0.585958 0.466329 0.588922 0.476097 0.592536 0.489079 0.594560 0.499616 0.597453 0.518125 0.598174 0.528917 0.599042 0.533162 0.597771 0.534421
8 0.649776 0.563833 0.651938 0.568231 0.650542 0.568231 0.649846 0.568231 0.649427 0.567056
8 0.546286 0.461991 0.548732 0.459583 0.550294 0.461468 0.547857 0.464690
8 0.560510 0.473245 0.563695 0.479130 0.565820 0.482352 0.567951 0.483222 0.564883 0.478574 0.560698 0.470579 0.559948 0.469356 0.560078 0.470444
8 0.560198 0.465690 0.564008 0.472690 0.566008 0.477463 0.567951 0.483222 0.564883 0.478574 0.560698 0.470579 0.559948 0.469356 0.559573 0.465801
8 0.581667 0.491037 0.591099 0.514917 0.595786 0.524694 0.596161 0.529468 0.591786 0.520806 0.588852 0.514250 0.579854 0.490259
8 0.579854 0.490259 0.591599 0.521694 0.587227 0.514250 0.578417 0.489815
8 0.578417 0.489815 0.587227 0.514250 0.583602 0.508032 0.580167 0.497926 0.577104 0.489037
8 0.591099 0.525361 0.593099 0.531023 0.594161 0.533912 0.595307 0.534597 0.595201 0.535750 0.596583 0.535690 0.594849 0.531801 0.594036 0.530023
8 0.586164 0.516806 0.588039 0.523139 0.588727 0.525583 0.589664 0.529579 0.592284 0.532199 0.592849 0.532690 0.591224 0.527583 0.589227 0.521472
8 0.585102 0.519028 0.588727 0.525583 0.589664 0.529579 0.585352 0.523361 0.583727 0.520028
8 0.571357 0.486815 0.572161 0.487241 0.582221 0.505565 0.593219 0.525005 0.596779 0.530894 0.597154 0.534667 0.584346 0.513231 0.576286 0.498569 0.572661 0.491458
8 0.562797 0.485264 0.566732 0.492704 0.571482 0.499921 0.574229 0.503699 0.575229 0.506588 0.568732 0.497926 0.564672 0.491370 0.563234 0.488815 0.561672 0.484486
8 0.562609 0.484042 0.568794 0.494148 0.574229 0.503699 0.571732 0.495259 0.568982 0.490815 0.565797 0.484931
8 0.556799 0.481931 0.556174 0.482264 0.556362 0.483486 0.557799 0.486037 0.562359 0.491481 0.560359 0.486815 0.558297 0.482931
8 0.561359 0.483375 0.565109 0.494370 0.562359 0.491481 0.559047 0.482597 0.560542 0.483083
8 0.556299 0.488259 0.559672 0.494704 0.558922 0.495148 0.555487 0.488926
8 0.554362 0.481042 0.557799 0.486037 0.567794 0.497815 0.581167 0.513255 0.585164 0.518028 0.583727 0.520028 0.580195 0.515875 0.573607 0.508032 0.562984 0.495481 0.554487 0.484931 0.552862 0.483042 0.551607 0.480083
8 0.547927 0.479153 0.552924 0.489148 0.548677 0.484264 0.547357 0.482569 0.545802 0.479153
8 0.600633 0.534866 0.601875 0.536977 0.603169 0.539856 0.605331 0.545329 0.605448 0.548579 0.603656 0.546384 0.600201 0.540051 0.598781 0.537634 0.598492 0.536731 0.600471 0.534097
8 0.600661 0.530565 0.601167 0.533134 0.598492 0.536731 0.597263 0.538403 0.594807 0.539176 0.592276 0.539301 0.588372 0.539301 0.587070 0.537759 0.590911 0.537227 0.596313 0.537324 0.596583 0.535690 0.597771 0.534421
8 0.597193 0.542773 0.601313 0.554338 0.603047 0.553440 0.602396 0.552153 0.599070 0.543801 0.598492 0.541616
8 0.594589 0.541231 0.600589 0.555625 0.597664 0.552792 0.596961 0.552778 0.595826 0.549806 0.593180 0.545481 0.591482 0.540333
8 0.598781 0.537634 0.602396 0.545986 0.605794 0.554597 0.607964 0.560250 0.609120 0.565907 0.610068 0.572981 0.611323 0.576255 0.611216 0.578630 0.609875 0.575838 0.608758 0.571944 0.607167 0.563977 0.606195 0.560968 0.602396 0.552153 0.599070 0.543801 0.597263 0.538403
8 0.611432 0.537505 0.609987 0.548301 0.607964 0.560250 0.609120 0.565907 0.610349 0.557681 0.611854 0.549153 0.612117 0.545310 0.613312 0.535319 0.613458 0.523625 0.612734 0.517199 0.611216 0.510773 0.610276 0.508972 0.611578 0.519125 0.612010 0.529537
8 0.612117 0.545310 0.611854 0.549153 0.613253 0.562593 0.615365 0.578241 0.617086 0.579870 0.615286 0.564028 0.614656 0.559056 0.612659 0.545310
8 0.614656 0.559056 0.620151 0.568694 0.628971 0.582704 0.632716 0.588514 0.633091 0.589259 0.633453 0.589773 0.632195 0.591736 0.629044 0.586301 0.627815 0.584505 0.621214 0.574634 0.616362 0.565894 0.615286 0.564028
8 0.633018 0.582574 0.633091 0.589259 0.633453 0.589773 0.632802 0.591444 0.633380 0.592986 0.634536 0.591569 0.634826 0.587588 0.634247 0.583861 0.632948 0.579875
8 0.634971 0.578718 0.638513 0.588231 0.636417 0.590287 0.632948 0.579875
8 0.629044 0.586301 0.630201 0.589000 0.631211 0.595296 0.629549 0.596968 0.628393 0.588870 0.628320 0.586431
8 0.626729 0.583731 0.627091 0.591958 0.627164 0.594912 0.627164 0.599347 0.628971 0.598255 0.627815 0.584505
8 0.627164 0.594912 0.627164 0.599347 0.626224 0.598833 0.622609 0.590736 0.619594 0.585028 0.620013 0.582796 0.621091 0.586431
8 0.618849 0.578593 0.623839 0.586944 0.627091 0.591958 0.627164 0.594912 0.621091 0.586431 0.620013 0.582796 0.618344 0.580134
8 0.618924 0.585324 0.625573 0.601532 0.624271 0.603074 0.617911 0.587139 0.617344 0.583241
8 0.617398 0.597171 0.617555 0.601787 0.617724 0.603412 0.619451 0.603602 0.619289 0.600051
8 0.617344 0.583241 0.618674 0.593653 0.616734 0.590264 0.615589 0.581755
8 0.610068 0.572981 0.620013 0.582796 0.619594 0.585028 0.618924 0.585324 0.611323 0.576255
8 0.582727 0.525764 0.587112 0.532551 0.588406 0.535144 0.586138 0.535241 0.583956 0.528981
8 0.585297 0.534926 0.592393 0.535463 0.595201 0.535750 0.596583 0.535690 0.596313 0.537324 0.590911 0.537227 0.586107 0.536750 0.585620 0.536843 0.585474 0.535653
8 0.586107 0.536750 0.593180 0.545481 0.595826 0.549806 0.596961 0.552778 0.596576 0.554130 0.590911 0.546347 0.586430 0.540106 0.585620 0.536843
8 0.597664 0.552792 0.606195 0.560968 0.606362 0.564093 0.602349 0.559481 0.599253 0.556657 0.596576 0.554130
8 0.602349 0.559481 0.609875 0.575838 0.616734 0.590264 0.621419 0.599037 0.622924 0.604093 0.622003 0.604685 0.615898 0.594574 0.607435 0.575829 0.605844 0.573130 0.602518 0.565806 0.601940 0.563875 0.599253 0.556657
8 0.576177 0.538769 0.581591 0.545819 0.586865 0.553287 0.586125 0.549801 0.585747 0.548069 0.580036 0.540741 0.574760 0.535343
8 0.570451 0.520546 0.578818 0.531574 0.581328 0.534671 0.578737 0.534315
8 0.578737 0.534315 0.582495 0.534958 0.582854 0.536583 0.580169 0.536394
8 0.568109 0.517097 0.578737 0.534315 0.584518 0.543056 0.585747 0.548069 0.580182 0.539972 0.576568 0.534060 0.569411 0.523134
8 0.570857 0.526991 0.576568 0.534060 0.580182 0.539972 0.580036 0.540741 0.574760 0.535343 0.572549 0.531870 0.571508 0.530718
8 0.556036 0.497431 0.558422 0.501287 0.559578 0.504500 0.563120 0.509644 0.559724 0.500519 0.558391 0.498912
8 0.565073 0.506171 0.571578 0.515810 0.581555 0.530718 0.582495 0.534958 0.577073 0.527764 0.566953 0.513111 0.563409 0.507199 0.559724 0.500519
8 0.601797 0.570046 0.605331 0.575569 0.604898 0.578653 0.600995 0.572356
8 0.607435 0.575829 0.608294 0.584824 0.606706 0.584440 0.606706 0.580583
8 0.605844 0.573130 0.603893 0.583926 0.604398 0.583926 0.605917 0.584310 0.607435 0.575829
8 0.599555 0.577884 0.604398 0.583926 0.602445 0.583426 0.601508 0.583412 0.598760 0.580324
8 0.608591 0.589833 0.617555 0.601787 0.617266 0.603458 0.615531 0.602560 0.608880 0.593306
8 0.608518 0.588292 0.609242 0.601657 0.607362 0.601019 0.606714 0.587653
8 0.584229 0.550380 0.589073 0.563875 0.589883 0.567269 0.590388 0.571125 0.589810 0.571394 0.589810 0.572681 0.582206 0.551796
8 0.595219 0.572870 0.597958 0.575958 0.597604 0.577625 0.597234 0.578653 0.594344 0.574287 0.592326 0.571199 0.591740 0.567861
8 0.592326 0.571199 0.596375 0.581995 0.595219 0.581611 0.593193 0.576472
8 0.591820 0.562847 0.596302 0.571713 0.595219 0.572870 0.591385 0.565806 0.591026 0.563106
8 0.588857 0.552181 0.597242 0.567088 0.599484 0.570685 0.599628 0.569273 0.600206 0.567602 0.594784 0.558093 0.588352 0.549611
8 0.597893 0.582509 0.600133 0.575699 0.601797 0.570046 0.602518 0.565806 0.601940 0.563875 0.600930 0.562593 0.599339 0.562718 0.598904 0.560532 0.593917 0.554106 0.587771 0.546782 0.588352 0.549611 0.594784 0.558093 0.599411 0.564648 0.600930 0.565032 0.599628 0.569273 0.597604 0.577625 0.596375 0.581995
8 0.579172 0.561083 0.585294 0.570523 0.585482 0.572745 0.580109 0.564412
8 0.581922 0.572856 0.582984 0.576190 0.585047 0.578074 0.584234 0.575523
8 0.580234 0.566523 0.586732 0.574968 0.588419 0.577074 0.590044 0.580963 0.588607 0.580519 0.581672 0.570968
8 0.575174 0.544977 0.575549 0.548417 0.581172 0.561417 0.581797 0.560861 0.575737 0.545199
8 0.572549 0.531870 0.581172 0.553861 0.584922 0.563968 0.589607 0.575301 0.592414 0.581417 0.590044 0.580963 0.581797 0.560861 0.575737 0.545199 0.572612 0.535644 0.571737 0.533093
8 0.591169 0.583741 0.593469 0.590236 0.593729 0.590736 0.594479 0.588407 0.593107 0.584519
8 0.596042 0.590630 0.598792 0.599292 0.596917 0.598736 0.595042 0.593069
8 0.597445 0.585866 0.602341 0.594315 0.601716 0.597204 0.596529 0.588426
8 0.610844 0.585412 0.610956 0.588199 0.605469 0.587537 0.597445 0.585866 0.595565 0.584708 0.587612 0.582907 0.584721 0.582778 0.583187 0.579046 0.592414 0.581417 0.594076 0.581417 0.602445 0.583426
8 0.584721 0.582778 0.593180 0.592546 0.593469 0.590236 0.590938 0.586509 0.587612 0.582907
8 0.597445 0.585866 0.593685 0.598204 0.591734 0.597815 0.595565 0.584708
8 0.605469 0.587537 0.603299 0.600514 0.601349 0.599875 0.603445 0.587921
8 0.600122 0.607352 0.598164 0.602787 0.600870 0.603120
8 0.596156 0.602870 0.595784 0.604861 0.596016 0.605856 0.598536 0.608431 0.599609 0.609343 0.600122 0.607352 0.598164 0.602787
8 0.600870 0.603120 0.599609 0.609343 0.601586 0.610926 0.601990 0.609259 0.601990 0.609259 0.602362 0.606023 0.602549 0.604449 0.602596 0.603699
8 0.602362 0.606023 0.604091 0.609593 0.604510 0.611167 0.602362 0.610917 0.601990 0.609259
8 0.602549 0.604449 0.605211 0.611167 0.607404 0.611333 0.605258 0.606356 0.603612 0.603986
8 0.610044 0.606301 0.612633 0.609176 0.615539 0.611954 0.612445 0.611671 0.609552 0.608431 0.609393 0.605144
8 0.607659 0.604630 0.608021 0.611440 0.609466 0.611694 0.609393 0.605144
8 0.608237 0.614523 0.608094 0.618380 0.609682 0.618380 0.609971 0.614523
8 0.601586 0.610926 0.615539 0.611954 0.612865 0.614653 0.604260 0.614009
8 0.587924 0.596662 0.606938 0.601028 0.637732 0.607713 0.641562 0.608356 0.642359 0.610282 0.641273 0.612727 0.633177 0.610542 0.603612 0.603986 0.588141 0.599875
8 0.595958 0.495037 0.602815 0.498306 0.603151 0.501134 0.595958 0.497264
8 0.550419 0.477310 0.551513 0.477477 0.552930 0.477833 0.555628 0.478694 0.557547 0.479440 0.557547 0.479440 0.564352 0.481639 0.567951 0.483222 0.570177 0.483394 0.574599 0.485306 0.576440 0.485944 0.578260 0.486926 0.580086 0.487472 0.591219 0.492639 0.591344 0.495412 0.576224 0.488528 0.560542 0.483083 0.551607 0.480083
8 0.551513 0.477477 0.552930 0.477833 0.546612 0.466218 0.550003 0.474213
8 0.539547 0.450472 0.546286 0.461991 0.552120 0.471880 0.555628 0.478694 0.552930 0.477833 0.546612 0.466218 0.542292 0.457384
8 0.583846 0.407597 0.583690 0.406426 0.588781 0.412005 0.589443 0.412690 0.590070 0.416407 0.587107 0.412995
8 0.552557 0.458671 0.554617 0.472222 0.554180 0.473111 0.553367 0.473222 0.552807 0.472222 0.550120 0.457894 0.551669 0.458694
8 0.538260 0.447333 0.539427 0.448412 0.542172 0.450139 0.544318 0.451296 0.547932 0.453866 0.551669 0.455917 0.553448 0.457051 0.554893 0.456407 0.555917 0.454472 0.555669 0.452144 0.555482 0.449324 0.555109 0.446505 0.556479 0.450250 0.556542 0.453583 0.556417 0.455361 0.555854 0.457139 0.554979 0.458694 0.554044 0.459250 0.551669 0.458694 0.549669 0.457361 0.544109 0.454028 0.539547 0.450472
8 0.525565 0.443866 0.524409 0.446051 0.528716 0.452713 0.536865 0.465190 0.533083 0.457745 0.529542 0.451449
8 0.530924 0.445694 0.537060 0.456718 0.537495 0.456463 0.538143 0.456847 0.539156 0.456977 0.537956 0.453995 0.535643 0.448981
8 0.540096 0.455819 0.539156 0.456977 0.538143 0.456847 0.537495 0.456463 0.537060 0.456718 0.536729 0.457958 0.537430 0.459690 0.537161 0.460843 0.538997 0.462185 0.540169 0.460574 0.541326 0.458519
8 0.540169 0.460574 0.540747 0.466741 0.542193 0.465583 0.541469 0.460574
8 0.540747 0.466741 0.543711 0.464685 0.545013 0.467514 0.542987 0.469185
8 0.539266 0.464778 0.547716 0.474685 0.548727 0.476611 0.546341 0.476097 0.539698 0.467847
8 0.543370 0.475144 0.548727 0.476611 0.549885 0.479569 0.544505 0.478218
8 0.560445 0.421495 0.568388 0.442343 0.568388 0.442343 0.570430 0.447856 0.572714 0.446750 0.570219 0.440431 0.565940 0.430750 0.560763 0.420528
8 0.581096 0.444491 0.581096 0.447991 0.577388 0.449065 0.571414 0.450139 0.570430 0.447856 0.574302 0.446019 0.575375 0.445718 0.577206 0.445495 0.579073 0.444940
8 0.560445 0.421495 0.568388 0.442343 0.576557 0.463588 0.577844 0.467491 0.576331 0.468565 0.568539 0.448394 0.562185 0.430370 0.557706 0.416181 0.557294 0.414176 0.559836 0.418796
8 0.552503 0.409528 0.555906 0.421227 0.562185 0.440458 0.564758 0.449199 0.565891 0.448394 0.562466 0.436880 0.557518 0.420236 0.557518 0.420236 0.556052 0.417194 0.552927 0.407560
8 0.555146 0.401819 0.561927 0.412972 0.564245 0.416384 0.569669 0.427134 0.576674 0.441801 0.577206 0.445495 0.572268 0.436676 0.562719 0.418597 0.558536 0.410662 0.557294 0.409352 0.555768 0.406139
8 0.557971 0.412468 0.564922 0.424824 0.570799 0.435574 0.575771 0.444412 0.575375 0.445718 0.574302 0.446019 0.565940 0.430750 0.559836 0.418796 0.557294 0.414176 0.556956 0.412065
8 0.555203 0.392880 0.553904 0.394083 0.557576 0.400917 0.560063 0.404634 0.562435 0.409958 0.564073 0.413472 0.566786 0.417491 0.573794 0.430449 0.575659 0.434769 0.574635 0.427616 0.565589 0.411106
8 0.566786 0.417491 0.573794 0.430449 0.575659 0.434769 0.576674 0.441801 0.569669 0.427134 0.564245 0.416384 0.563284 0.414074 0.564073 0.413472
8 0.555146 0.398505 0.560063 0.404634 0.562435 0.409958 0.559159 0.405435 0.554919 0.400111
8 0.561737 0.398657 0.568505 0.406046 0.572448 0.410194 0.572982 0.414903 0.568664 0.409523 0.567591 0.408231
8 0.555997 0.387755 0.565680 0.398111 0.570219 0.402546 0.571721 0.407273 0.563646 0.399347 0.558940 0.393579 0.555724 0.387741
8 0.616328 0.427088 0.616497 0.429190 0.614622 0.426847 0.614471 0.425588
8 0.615654 0.431065 0.616161 0.434519 0.617721 0.435792 0.617299 0.433019
8 0.596888 0.410296 0.593563 0.407727 0.591323 0.405065 0.590417 0.403986 0.590188 0.404255 0.590719 0.407889 0.602518 0.418241 0.613185 0.428463 0.617875 0.433708 0.620719 0.438264 0.620523 0.434111 0.614622 0.426847 0.609471 0.421213 0.601604 0.414222
8 0.602208 0.413681 0.607732 0.417181 0.612268 0.420542 0.613474 0.422218 0.615411 0.422880 0.619578 0.426264 0.621570 0.427722 0.628760 0.433856 0.631560 0.440310 0.622081 0.431944 0.620341 0.430602 0.609471 0.421213 0.601604 0.414222
8 0.633125 0.437593 0.639479 0.444588 0.646740 0.454671 0.663458 0.484394 0.662628 0.485870 0.661492 0.486681 0.653323 0.471347 0.643185 0.453866 0.636302 0.444051 0.634638 0.441898
8 0.622081 0.431944 0.622685 0.440014 0.620719 0.438264 0.620341 0.430602
8 0.618523 0.410639 0.619578 0.426264 0.621570 0.427722 0.620281 0.414597
8 0.583615 0.423620 0.583841 0.426532 0.581297 0.422815 0.579885 0.420606 0.579206 0.418796 0.581523 0.421106
8 0.578586 0.415181 0.578698 0.417292 0.583388 0.422213 0.583276 0.419602
8 0.577229 0.410759 0.577172 0.412870 0.583104 0.418495 0.582958 0.415764
8 0.584932 0.413144 0.586857 0.438509 0.585018 0.435870 0.584367 0.432273 0.582958 0.415764 0.582557 0.412366 0.582331 0.409255
8 0.573854 0.402120 0.573638 0.403843 0.574482 0.406319 0.582958 0.415764 0.582557 0.412366
8 0.573854 0.402120 0.582557 0.412366 0.582331 0.409255 0.576510 0.402523 0.574138 0.399708
8 0.572612 0.395088 0.573070 0.398384 0.576799 0.402204 0.580982 0.406722 0.578630 0.402287 0.576630 0.398583 0.575664 0.397199
8 0.572104 0.391676 0.572612 0.395088 0.575664 0.397199 0.573065 0.392176
8 0.567810 0.387856 0.570521 0.390468 0.570690 0.393380 0.569052 0.392176
8 0.580471 0.381273 0.581242 0.387088 0.585034 0.397199 0.587102 0.401977 0.587518 0.402079 0.586630 0.396995 0.586341 0.394176 0.583987 0.388597 0.581591 0.381593 0.580299 0.380083
8 0.582393 0.392097 0.587102 0.401977 0.584747 0.400000 0.582393 0.396046 0.581870 0.392676
8 0.554628 0.384755 0.560453 0.391079 0.568094 0.399551 0.569128 0.399403 0.568245 0.397130 0.561815 0.389731 0.557352 0.385162 0.555383 0.383546
8 0.553190 0.376685 0.551383 0.376417 0.551979 0.379509 0.553643 0.379514 0.559628 0.380588 0.562049 0.380588 0.561292 0.377898 0.559091 0.377093
8 0.550620 0.369963 0.559091 0.377093 0.553190 0.376685 0.550922 0.373727
8 0.553643 0.379514 0.558107 0.382472 0.561661 0.385296 0.562344 0.387713 0.558409 0.385162 0.553872 0.382199 0.551979 0.380991 0.551979 0.379509
8 0.547120 0.446454 0.548620 0.454338 0.551669 0.455917 0.550682 0.452338
8 0.571214 0.379662 0.572849 0.379894 0.576706 0.382565 0.576576 0.383727 0.575266 0.383843 0.571279 0.381634
8 0.552372 0.385745 0.552984 0.389009 0.565589 0.411106 0.574635 0.427616 0.576518 0.429944 0.582393 0.442694 0.585719 0.450005 0.585633 0.445338 0.580906 0.436000 0.578367 0.429935 0.576529 0.426509 0.568302 0.413287
8 0.551979 0.380991 0.561737 0.398657 0.570490 0.412972 0.573029 0.416398 0.573393 0.418394 0.575573 0.420727 0.578456 0.425264 0.581620 0.430861 0.585018 0.435870 0.587646 0.440361 0.599109 0.467898 0.600161 0.475523 0.594471 0.461833 0.588258 0.446273 0.585281 0.439894 0.568302 0.413287 0.552372 0.385745
8 0.551414 0.398875 0.553172 0.404259 0.553805 0.405560 0.555378 0.412935 0.557518 0.420236 0.556052 0.417194 0.552927 0.407560 0.551023 0.401917 0.550339 0.397921
8 0.549703 0.388866 0.550044 0.392426 0.549021 0.390690 0.548630 0.388431
8 0.542802 0.376847 0.544807 0.376352 0.545276 0.378759 0.543549 0.378921
8 0.559385 0.367634 0.559896 0.370120 0.564484 0.383847 0.572747 0.407370 0.573768 0.409287 0.577427 0.419935 0.581620 0.430861 0.585018 0.435870 0.584367 0.432273 0.574896 0.407856 0.573638 0.403843 0.571076 0.398514 0.566367 0.383435 0.562318 0.372769
8 0.576518 0.429944 0.579073 0.444940 0.577206 0.445495 0.574635 0.427616
8 0.573768 0.409287 0.575573 0.420727 0.573393 0.418394 0.572076 0.407287 0.572747 0.407370
8 0.571951 0.389958 0.573638 0.403843 0.571076 0.398514 0.570326 0.387625
8 0.547076 0.344861 0.548016 0.351593 0.552497 0.360134 0.556008 0.366759 0.558357 0.371139 0.560445 0.376148 0.569128 0.399403 0.571721 0.407273 0.572747 0.407370 0.564484 0.383847 0.559896 0.370120 0.557573 0.365319 0.550326 0.351750
8 0.541745 0.382565 0.545315 0.389801 0.548495 0.396454 0.549508 0.401190 0.549508 0.401190 0.552068 0.413630 0.548716 0.404394 0.547312 0.397769 0.542971 0.388269 0.540010 0.381023
8 0.540141 0.365611 0.540078 0.367944 0.539909 0.370583 0.541779 0.374218 0.541789 0.368144
8 0.540010 0.374722 0.540010 0.381023 0.541745 0.382565 0.541599 0.378449
8 0.541167 0.389505 0.541047 0.397370 0.539359 0.392972 0.539432 0.387319 0.540487 0.388449
8 0.538997 0.398500 0.538852 0.402097 0.540227 0.405569 0.540177 0.402875 0.539596 0.399435
8 0.539445 0.339296 0.543133 0.343111 0.545870 0.347338 0.541034 0.343444 0.539823 0.341431
8 0.540719 0.344023 0.545870 0.347338 0.546141 0.349292 0.541224 0.346593
8 0.549177 0.360856 0.558357 0.371139 0.560445 0.376148 0.555177 0.371269 0.549609 0.364843
8 0.542526 0.354046 0.547224 0.359056 0.547586 0.362782 0.543247 0.358028
8 0.538635 0.349792 0.533979 0.345653 0.532893 0.343954 0.528396 0.341954 0.528583 0.343620 0.532456 0.347838 0.533206 0.346949 0.533643 0.346838 0.534456 0.347505 0.535932 0.350921 0.539693 0.354394
8 0.511672 0.410102 0.516245 0.418898 0.515297 0.421079 0.512138 0.414500
8 0.535497 0.429213 0.538904 0.431866 0.541612 0.436431 0.538719 0.434440 0.536057 0.432532 0.533398 0.428051
8 0.524135 0.407532 0.530495 0.420898 0.529846 0.421671 0.523208 0.410167
8 0.528198 0.396417 0.532172 0.399630 0.533474 0.400787 0.534292 0.402306 0.533706 0.403894 0.532786 0.402741 0.529065 0.399759 0.527474 0.398731
8 0.530047 0.367194 0.535180 0.374389 0.536987 0.376704 0.539693 0.384468 0.535065 0.378556 0.532187 0.374500 0.529398 0.366935
8 0.532391 0.383954 0.538174 0.400144 0.545112 0.418361 0.545714 0.420426 0.539568 0.408472 0.533620 0.395519 0.531234 0.387551
8 0.530172 0.390866 0.539568 0.408472 0.545714 0.420426 0.551302 0.436116 0.542750 0.418111 0.534292 0.402306 0.531039 0.396519 0.529497 0.393333
8 0.533706 0.403894 0.541427 0.418389 0.548122 0.430005 0.551302 0.436116 0.544651 0.426347 0.534622 0.409366 0.531544 0.404949 0.531490 0.403894 0.532031 0.403028 0.532786 0.402741
8 0.536323 0.417727 0.543010 0.431944 0.545016 0.436324 0.544883 0.436722 0.544122 0.438162 0.542966 0.435074 0.538628 0.426593 0.531932 0.413542 0.530771 0.410167
8 0.546008 0.435944 0.548445 0.437833 0.551570 0.440167 0.551383 0.441944 0.550021 0.441194 0.546945 0.439500 0.545135 0.438162 0.544883 0.436722 0.545070 0.435833
8 0.546148 0.439866 0.550021 0.441194 0.553615 0.442542 0.555109 0.446505 0.553943 0.445921 0.547594 0.442935
8 0.548388 0.444181 0.555482 0.449324 0.555669 0.452144 0.550302 0.447912
8 0.543255 0.439949 0.541247 0.442023 0.542880 0.444676 0.544281 0.441440
8 0.541294 0.445921 0.539427 0.448412 0.538260 0.447333 0.538026 0.445921 0.539987 0.443931
8 0.523208 0.410167 0.537451 0.435231 0.547932 0.453866 0.544318 0.451296 0.534487 0.434074 0.527331 0.420579
8 0.526794 0.400519 0.544651 0.426347 0.551302 0.436116 0.553615 0.442542 0.546458 0.433287 0.537495 0.419407 0.530771 0.410167 0.525833 0.403333
8 0.593563 0.407727 0.596888 0.410296 0.594865 0.405287 0.591669 0.398009 0.588969 0.393977 0.588576 0.394106 0.588935 0.397444
8 0.589401 0.392343 0.597500 0.402616 0.604682 0.410199 0.608409 0.413657 0.608625 0.415000 0.608409 0.415671 0.607977 0.416153 0.606302 0.415000 0.596635 0.404537 0.591669 0.398009 0.588969 0.393977
8 0.580208 0.376523 0.583029 0.381412 0.585180 0.385032 0.585745 0.389907 0.584010 0.386755 0.581591 0.381593 0.580299 0.380083 0.579734 0.376144
8 0.577917 0.377301 0.573560 0.370560 0.572956 0.369162 0.571263 0.366847 0.570130 0.365542 0.569969 0.362389 0.570841 0.362815 0.573865 0.367329 0.575299 0.369185 0.577391 0.371495 0.577786 0.374940
8 0.573865 0.367329 0.576992 0.366819 0.577234 0.369759 0.575299 0.369185
8 0.571263 0.366847 0.572956 0.369162 0.572542 0.369347 0.570380 0.369398 0.570224 0.366986
8 0.554917 0.350292 0.557763 0.351866 0.559992 0.353236 0.562531 0.354769 0.565185 0.357009 0.568031 0.359917 0.568359 0.363981 0.564578 0.359995 0.559865 0.355602 0.556271 0.353690
8 0.564859 0.366551 0.568591 0.366884 0.568779 0.369125 0.565557 0.368542
8 0.553242 0.345745 0.558518 0.360005 0.561260 0.367301 0.554000 0.353694 0.549724 0.342722 0.547591 0.336634 0.550451 0.338782
8 0.546328 0.338310 0.551576 0.349083 0.561260 0.367301 0.569878 0.383333 0.571620 0.385741 0.580003 0.400954 0.581315 0.402731 0.581596 0.404486 0.583846 0.407597 0.590313 0.418282 0.591313 0.423616 0.586315 0.416505 0.578630 0.402287 0.569633 0.386181 0.559385 0.367634 0.550326 0.351750 0.547076 0.344861
8 0.582786 0.398606 0.587102 0.401977 0.587362 0.405000 0.583112 0.401977
8 0.580849 0.398245 0.581112 0.400917 0.578365 0.398245 0.574771 0.391505 0.577255 0.394176
8 0.571620 0.385741 0.577646 0.392319 0.580523 0.395921 0.580849 0.398245 0.577255 0.394176 0.574771 0.391505
8 0.578273 0.383264 0.577620 0.387912 0.577122 0.387435 0.576247 0.386403 0.576576 0.383727 0.576706 0.382565 0.575789 0.380356 0.575659 0.378731 0.577229 0.380125 0.577948 0.381171
8 0.573044 0.371755 0.574482 0.379778 0.574612 0.380940 0.576117 0.382218 0.575464 0.376986 0.574547 0.371755
8 0.570953 0.374894 0.574482 0.379778 0.574612 0.380940 0.572849 0.379894 0.571083 0.377685
8 0.571279 0.381634 0.577122 0.387435 0.579805 0.390111 0.580260 0.394176 0.575424 0.388250 0.571620 0.385741
8 0.548435 0.380125 0.550315 0.383486 0.549948 0.385852 0.547458 0.382292 0.547505 0.381079 0.547799 0.380384
8 0.562943 0.451736 0.566081 0.457185 0.568560 0.463866 0.562432 0.452968 0.562214 0.452449
8 0.560755 0.454139 0.565716 0.462440 0.570385 0.470806 0.571734 0.472685 0.570443 0.468963 0.568560 0.463866 0.562432 0.452968 0.561958 0.452514 0.561195 0.453625
8 0.562068 0.449079 0.560792 0.450245 0.559331 0.451671 0.559846 0.453042 0.563312 0.449472 0.562839 0.448176
8 0.563714 0.450741 0.561195 0.453625 0.560284 0.454403 0.559846 0.453042 0.563312 0.449472
2 0.453990 0.199903 0.453279 0.198181 0.449039 0.188935 0.447859 0.188005 0.447177 0.187486 0.439852 0.181319 0.433404 0.176199 0.433159 0.177176 0.438203 0.185495 0.445161 0.193431 0.455763 0.205213 0.455036 0.202806 0.446995 0.194671 0.443724 0.190139 0.442745 0.186069 0.442547 0.185139 0.443464 0.185139 0.445294 0.190255 0.448039 0.193625
2 0.395266 0.249148 0.394284 0.255958 0.396617 0.259111 0.396992 0.256292 0.397323 0.254384 0.398070 0.251977 0.398297 0.250069
8 0.562068 0.449079 0.560792 0.450245 0.557727 0.444991 0.557544 0.441037 0.560755 0.447069
8 0.557727 0.444991 0.560792 0.450245 0.559331 0.451671 0.557870 0.447306
8 0.540122 0.333009 0.541997 0.336676 0.545432 0.343009 0.544484 0.335954 0.542172 0.332509 0.540297 0.331514
8 0.557216 0.436625 0.560865 0.444019 0.560354 0.444796 0.559878 0.444926 0.557362 0.439472
8 0.556005 0.438167 0.555497 0.432940 0.554536 0.427819 0.553292 0.421389 0.556628 0.430833 0.557362 0.439472 0.557870 0.447306 0.556286 0.442583
8 0.550836 0.417111 0.552107 0.423898 0.553237 0.429324 0.553857 0.432037 0.554029 0.436255 0.555565 0.440384 0.556005 0.438167 0.555497 0.432940 0.554536 0.427819 0.553292 0.421389 0.551826 0.417273 0.550214 0.413190
8 0.544789 0.409574 0.546542 0.410380 0.548799 0.412287 0.550214 0.413190 0.550836 0.417111 0.548461 0.416005 0.545596 0.412856
8 0.542586 0.402241 0.543320 0.402042 0.548518 0.410079 0.548971 0.411685 0.548799 0.412287 0.546542 0.410380 0.543659 0.405958
8 0.541286 0.394505 0.544167 0.398324 0.545523 0.400231 0.547727 0.406764 0.544789 0.403546 0.542133 0.399028 0.541047 0.397370
8 0.527443 0.381546 0.529758 0.383861 0.529307 0.386171 0.528401 0.386171 0.526927 0.384259
8 0.529081 0.380042 0.529758 0.383861 0.530945 0.382551 0.530492 0.379440
8 0.558258 0.358935 0.564461 0.367005 0.565557 0.368542 0.569076 0.372921 0.569302 0.376148 0.563023 0.367676 0.559544 0.362838 0.558518 0.360005
8 0.559628 0.380588 0.563487 0.384620 0.565906 0.390537 0.562344 0.387713 0.561661 0.385296 0.558107 0.382472 0.557284 0.380588
8 0.601594 0.472611 0.603776 0.477241 0.604870 0.479130 0.604607 0.483690 0.602177 0.477833
8 0.512839 0.386014 0.513893 0.385639 0.518021 0.395389 0.518315 0.396630 0.519164 0.396778 0.518112 0.398653 0.514750 0.390505
8 0.612724 0.454171 0.618719 0.461204 0.622117 0.471356 0.622534 0.473130 0.618792 0.468144 0.615029 0.463144 0.609307 0.450653 0.609466 0.449704
8 0.603812 0.422403 0.606128 0.427287 0.609523 0.433815 0.610898 0.436384 0.617042 0.447824 0.621555 0.455894 0.616174 0.449958 0.612771 0.442375 0.607862 0.432736 0.602578 0.424898 0.596513 0.413380 0.600560 0.416338
8 0.591812 0.410245 0.602578 0.424898 0.607862 0.432736 0.612771 0.442375 0.616174 0.449958 0.612299 0.445616 0.610682 0.443843 0.610682 0.443843 0.609307 0.439472 0.602505 0.429009 0.597518 0.422968 0.593612 0.419116 0.592576 0.414449 0.591951 0.414782 0.591010 0.410116
2 0.511411 0.321981 0.510490 0.322343 0.509031 0.323685 0.509169 0.324417 0.510906 0.328019 0.512245 0.329222 0.513516 0.334083 0.515180 0.337065 0.519581 0.347685 0.521531 0.352824 0.523266 0.359894 0.524023 0.353981 0.522833 0.350255 0.518857 0.340231
2 0.498091 0.339139 0.496688 0.330500 0.495607 0.322819 0.495068 0.322630 0.495068 0.325796 0.494151 0.325028 0.493826 0.318787 0.493935 0.308324 0.493177 0.302565 0.493232 0.300644 0.493719 0.300454 0.495339 0.301028 0.496255 0.302468 0.496148 0.307653 0.496365 0.314949 0.497552 0.322343 0.499495 0.338278
2 0.450315 0.336264 0.452253 0.338264 0.453062 0.340375 0.452687 0.341931 0.452437 0.345597 0.445815 0.336264 0.442880 0.332157 0.446190 0.334046
2 0.467516 0.206125 0.467039 0.217417 0.477766 0.226917 0.478974 0.228398 0.479430 0.230278 0.480414 0.228713 0.490091 0.238593 0.493831 0.240292 0.496573 0.240074 0.489883 0.232000 0.477724 0.217847 0.470349 0.209597
2 0.394388 0.137444 0.402073 0.139153 0.407779 0.140458 0.409758 0.144477 0.401734 0.142870 0.397721 0.141162 0.393534 0.137532
2 0.386229 0.166227 0.383615 0.167856 0.388453 0.178199 0.393750 0.187847 0.395646 0.185523
2 0.412065 0.232481 0.410250 0.232398 0.409638 0.233468 0.408570 0.234639 0.408193 0.236875 0.407964 0.239690 0.408523 0.243181 0.406326 0.244500 0.407820 0.247000 0.409453 0.249074 0.411880 0.251977 0.413190 0.253389 0.414633 0.254384 0.416034 0.254551 0.417341 0.255130 0.418367 0.255796 0.418792 0.255796 0.418740 0.252722 0.419253 0.249486 0.420234 0.245838 0.420466 0.244759 0.420654 0.243681 0.418604 0.242023 0.415898 0.237616 0.416271 0.236792 0.416919 0.236546 0.418086 0.238037 0.418320 0.236713 0.418320 0.235134 0.417438 0.233634 0.416458 0.232644 0.415612 0.232148
2 0.396315 0.186671 0.397622 0.189741 0.398789 0.191565 0.400794 0.193889 0.402242 0.195051 0.402383 0.196213 0.400234 0.195551 0.398555 0.194801 0.397154 0.194056 0.395401 0.193657 0.394560 0.191583 0.394029 0.189574 0.395740 0.187356
2 0.424349 0.174731 0.420786 0.179435 0.420677 0.180778 0.421055 0.181931 0.423310 0.183866 0.426563 0.187116 0.425862 0.180685 0.425159 0.174926
2 0.628635 0.567792 0.627716 0.570023 0.627549 0.572403 0.626714 0.573593 0.627383 0.575528 0.628552 0.576565 0.629474 0.577903 0.630057 0.578500 0.629807 0.580134 0.629388 0.581324 0.628971 0.582704 0.630896 0.585639 0.631898 0.584597 0.632651 0.583704 0.633018 0.582574 0.632948 0.579875 0.634971 0.578718 0.638513 0.588231 0.639427 0.586681 0.640430 0.584301 0.640932 0.581773 0.642104 0.577606 0.642437 0.574338 0.642773 0.571361 0.643023 0.569431 0.642018 0.568093 0.640096 0.567051 0.637669 0.567199 0.636331 0.566009 0.635495 0.564819 0.634156 0.565264 0.632987 0.566454 0.632148 0.567347 0.630896 0.566755
2 0.556417 0.455361 0.557185 0.468773 0.556102 0.467875 0.554872 0.464917 0.553211 0.463116 0.554294 0.469931 0.554617 0.472222 0.554180 0.473111 0.553367 0.473222 0.552807 0.472222 0.555018 0.476227 0.557547 0.479440 0.559932 0.478153 0.560945 0.476356 0.560078 0.470444 0.558992 0.461833 0.558370 0.455866 0.556479 0.450250 0.556542 0.453583
8 0.627112 0.475125 0.625484 0.469981 0.623768 0.468431 0.623378 0.468481 0.624719 0.472514
8 0.624719 0.472514 0.627112 0.475125 0.627458 0.476231 0.628922 0.481231 0.626630 0.478500 0.625547 0.476944
8 0.627005 0.512847 0.627471 0.518986 0.629128 0.520995 0.628917 0.518662 0.628591 0.514505 0.627563 0.513505
8 0.612398 0.515255 0.616365 0.521644 0.617997 0.525042 0.618419 0.526704 0.618557 0.528032 0.620195 0.530519 0.622000 0.533106 0.622292 0.531931 0.621031 0.527949 0.614471 0.514870 0.610531 0.507574 0.610276 0.508972 0.611216 0.510773
8 0.593823 0.446287 0.595604 0.449838 0.595982 0.453005 0.592310 0.447153 0.586857 0.438509 0.586768 0.436787 0.586768 0.436787 0.591612 0.443597
8 0.596078 0.424176 0.603018 0.431759 0.609307 0.439472 0.610682 0.443843 0.601964 0.434435 0.600938 0.434727
8 0.627268 0.452407 0.632518 0.459958 0.633956 0.462546 0.633956 0.462546 0.633081 0.465069 0.632224 0.463634 0.624521 0.450852
8 0.587997 0.424060 0.592185 0.428324 0.592839 0.432028 0.587057 0.425861
8 0.585971 0.425602 0.591031 0.431773 0.593490 0.435370 0.594286 0.439741 0.589443 0.433185 0.586117 0.428690
8 0.586911 0.432157 0.592768 0.439870 0.595154 0.444241 0.593419 0.443468 0.591104 0.440384 0.591104 0.440384 0.586622 0.434602 0.586479 0.432287
8 0.586768 0.436787 0.591612 0.443597 0.593635 0.445782 0.595516 0.446551 0.595154 0.444241 0.593419 0.443468 0.591104 0.440384 0.586622 0.434602
8 0.602664 0.439620 0.609307 0.450653 0.616464 0.466074 0.622263 0.477782 0.624576 0.482407 0.624938 0.485366 0.614630 0.466213 0.606195 0.449106 0.601508 0.440444 0.595698 0.428338 0.594487 0.422894 0.596078 0.424176 0.600938 0.434727
8 0.604984 0.453491 0.609466 0.460819 0.610443 0.461880 0.618878 0.479653 0.621159 0.484273 0.615349 0.475500 0.608727 0.464167 0.605563 0.458120 0.605159 0.455097
8 0.618792 0.468144 0.617924 0.468528 0.622263 0.477782 0.624576 0.482407 0.624286 0.479454 0.622333 0.474185
8 0.626961 0.483565 0.631516 0.490250 0.632753 0.494662 0.633323 0.497444 0.628552 0.490250 0.627685 0.488579 0.627177 0.485236
8 0.624938 0.485366 0.624286 0.479454 0.622117 0.471356 0.618719 0.461204 0.614224 0.451838 0.612286 0.448481 0.617708 0.454519 0.621034 0.461847 0.624719 0.472514 0.627177 0.485236 0.627901 0.490764 0.627000 0.489315
8 0.601964 0.434435 0.612299 0.445616 0.621555 0.455894 0.625818 0.460009 0.628565 0.463477 0.631602 0.466949 0.634609 0.471986 0.645661 0.490273 0.645469 0.492949 0.630310 0.468634 0.627070 0.465083 0.623193 0.460292 0.619737 0.456935 0.612286 0.448481 0.608164 0.443731 0.602914 0.438620 0.600938 0.434727
8 0.647521 0.504796 0.651716 0.510176 0.651857 0.508074 0.648185 0.503847
8 0.640987 0.513546 0.643690 0.518421 0.644779 0.520144 0.645227 0.519907 0.646089 0.525093 0.643568 0.522009 0.642495 0.519750 0.640018 0.513833
8 0.605727 0.460171 0.608727 0.464167 0.615349 0.475500 0.621159 0.484273 0.620284 0.486162 0.614284 0.476708 0.613203 0.475079 0.609536 0.469056 0.605914 0.462944
8 0.603602 0.466833 0.604940 0.472579 0.604870 0.479130 0.603776 0.477241 0.601404 0.465356 0.598591 0.449694 0.595716 0.435699 0.594385 0.429778 0.597260 0.436000 0.600229 0.450949
8 0.600229 0.450949 0.603602 0.466833 0.604414 0.466389 0.604219 0.462296 0.602789 0.456171 0.600917 0.450616
8 0.602914 0.438620 0.608164 0.443731 0.614224 0.451838 0.612724 0.454171 0.607289 0.445509 0.602664 0.439620
8 0.595698 0.428338 0.601508 0.440444 0.606195 0.449106 0.614630 0.466213 0.627000 0.489315 0.631500 0.496648 0.634685 0.502755 0.636802 0.512231 0.637935 0.512231 0.639122 0.511556 0.642495 0.519750 0.641229 0.521060 0.639393 0.517222 0.637872 0.515639 0.634208 0.508583 0.629727 0.499653 0.628432 0.496583 0.627081 0.493315 0.625839 0.492069 0.618878 0.479653 0.610443 0.461880 0.604362 0.449699 0.601833 0.445204 0.597260 0.436000 0.594385 0.429778 0.593698 0.425560 0.591951 0.414782 0.592576 0.414449
8 0.627396 0.469500 0.627990 0.469500 0.631607 0.477755 0.633820 0.481213 0.636682 0.484954 0.636628 0.485917 0.634792 0.484935 0.630807 0.479398
8 0.643216 0.494653 0.645302 0.497213 0.644674 0.497991 0.645161 0.498667 0.648888 0.503657 0.648185 0.503847 0.646888 0.505671 0.641435 0.498778 0.638357 0.494074 0.632633 0.486088 0.630807 0.479398 0.634792 0.484935 0.640680 0.492634 0.642893 0.494653
8 0.646747 0.498755 0.651911 0.504616 0.651951 0.506125 0.651857 0.508074 0.648185 0.503847 0.648888 0.503657 0.645161 0.498667 0.644674 0.497991 0.645302 0.497213
8 0.647646 0.506269 0.651586 0.511546 0.651263 0.516347 0.646836 0.509722 0.646188 0.508190
8 0.626531 0.466042 0.632526 0.477278 0.639383 0.489565 0.640680 0.492634 0.642893 0.494653 0.643216 0.494653 0.643378 0.492731 0.641112 0.488986 0.636250 0.479389 0.631661 0.471421 0.630310 0.468634 0.627070 0.465083
8 0.637440 0.495037 0.639870 0.499644 0.644568 0.509532 0.650885 0.523259 0.651208 0.519324 0.646188 0.508190 0.643164 0.502042 0.641435 0.498778 0.638357 0.494074
8 0.654536 0.511069 0.654490 0.513060 0.654490 0.514222 0.654164 0.516463 0.653729 0.516472 0.653604 0.517361 0.653729 0.518583 0.652669 0.524097 0.653117 0.516662 0.653299 0.509778
