0 0.345935 0.470657 0.333073 0.460343 0.327271 0.456157 0.323034 0.455880 0.319898 0.456157 0.312367 0.472333 0.310956 0.496870 0.310799 0.504958 0.311583 0.511093 0.309544 0.514162 0.308917 0.526153 0.308448 0.548181 0.308448 0.558778 0.313779 0.576069 0.321151 0.591125 0.326016 0.592801 0.332760 0.593917 0.336523 0.591407 0.343112 0.597259 0.345779 0.598935 0.346719 0.610366 0.348602 0.610648 0.352523 0.610648 0.357544 0.610648 0.361464 0.609810 0.363346 0.608139 0.363503 0.601444 0.369307 0.599213 0.373701 0.595310 0.376523 0.593634 0.382326 0.592519 0.388130 0.591407 0.392523 0.588338 0.396443 0.578019 0.400208 0.569653 0.402875 0.564079 0.403263 0.560917 0.403594 0.558509 0.403805 0.557972 0.403346 0.546648 0.402122 0.534241 0.401823 0.529750 0.401620 0.527574 0.402232 0.522361 0.403440 0.518398 0.404208 0.514995 0.404284 0.504704 0.404284 0.499306 0.403547 0.496366 0.402919 0.493648 0.401547 0.484528 0.399766 0.472500 0.397997 0.469921 0.393982 0.459440 0.389844 0.456852 0.386563 0.457454 0.383516 0.458750 0.383359 0.458472 0.381771 0.459213 0.381771 0.459398 0.380937 0.460417 0.380859 0.460324 0.379036 0.461111 0.376297 0.463380 0.365167 0.470463
14 0.409042 0.235602 0.407693 0.242417 0.404831 0.250574 0.408552 0.266750 0.410891 0.274338 0.412062 0.276708 0.413568 0.276861 0.414070 0.274037 0.414740 0.270014 0.415745 0.267194 0.416247 0.264074 0.415659 0.260505 0.415156 0.256634 0.414740 0.252477 0.411812 0.244894
14 0.414503 0.212713 0.412612 0.219435 0.411953 0.222037 0.414880 0.232491 0.418930 0.244778 0.421253 0.248907 0.422979 0.251403 0.424115 0.251593 0.426005 0.251495 0.427193 0.250634 0.427841 0.249384 0.428919 0.247273 0.429568 0.244875 0.430432 0.243435 0.431294 0.242352 0.427943 0.236944 0.423281 0.228380 0.417578 0.217176
14 0.418471 0.194935 0.419279 0.190491 0.419964 0.187977 0.421052 0.185829 0.423232 0.183819 0.425370 0.182602 0.428273 0.182032 0.430224 0.182449 0.431609 0.184093 0.437747 0.194889 0.440190 0.202278 0.440388 0.205801 0.440784 0.209083 0.440898 0.210065 0.440656 0.211500 0.440333 0.212218 0.439398 0.213898 0.432672 0.215421 0.432031 0.220926 0.432857 0.222824 0.434880 0.227139 0.434357 0.228218 0.432057 0.223750 0.428411 0.216019 0.424010 0.206713
1 0.397164 0.165495 0.399513 0.177829 0.399555 0.179032 0.399190 0.179847 0.396599 0.167463 0.395703 0.162963
2 0.471596 0.263023 0.476549 0.273273 0.477609 0.274940 0.478234 0.277051 0.479404 0.279218 0.479333 0.282815 0.476906 0.277731 0.470776 0.266935 0.468594 0.267593 0.466927 0.267593 0.464805 0.266509 0.463555 0.265926 0.462344 0.263708 0.462708 0.261991 0.463516 0.261343 0.464320 0.261130 0.465089 0.260843 0.467023 0.259769 0.468706 0.259810 0.469719 0.261481
10 0.502208 0.674866 0.504242 0.680370 0.506177 0.683981 0.507628 0.688111 0.508016 0.691380 0.507531 0.694306 0.505305 0.693616 0.502005 0.687083 0.498628 0.681917 0.498531 0.677102 0.500273 0.675208
6 0.400315 0.393662 0.400479 0.402782 0.401674 0.403634 0.402846 0.393523
6 0.411036 0.408843 0.411951 0.427255 0.410703 0.429398 0.409036 0.434282 0.409086 0.430269 0.408951 0.422736 0.408930 0.408648
6 0.408951 0.422736 0.409086 0.430269 0.406016 0.430093 0.406451 0.420389
6 0.406451 0.420389 0.406016 0.430093 0.404453 0.430139 0.403951 0.417833
6 0.403951 0.417833 0.404453 0.429954 0.401391 0.429968 0.400266 0.413278
6 0.402115 0.443940 0.401901 0.450370 0.401477 0.451134 0.396823 0.453750 0.397417 0.445569 0.399846 0.443745
6 0.402125 0.454657 0.402190 0.467995 0.399766 0.472500 0.397997 0.469921 0.397781 0.461699 0.399297 0.460046 0.400521 0.457454
6 0.456505 0.590019 0.465336 0.589185 0.470013 0.588611 0.473534 0.591685 0.469943 0.592431 0.456055 0.593713 0.456807 0.590657
8 0.583135 0.699231 0.586417 0.701500 0.585922 0.702333 0.583813 0.702889 0.582500 0.703056 0.580557 0.701361
8 0.586823 0.696620 0.593555 0.701273 0.598526 0.704977 0.596146 0.707602 0.595242 0.707273 0.591716 0.704708 0.590781 0.699935 0.587708 0.700958
8 0.566172 0.683889 0.572133 0.686991 0.583828 0.694630 0.580229 0.697495 0.570487 0.691426 0.562023 0.685315
8 0.561667 0.686407 0.570487 0.691426 0.580229 0.697495 0.576987 0.700097 0.567677 0.694403 0.555930 0.688074 0.557497 0.687083
8 0.636719 0.758241 0.636034 0.763477 0.635427 0.765125 0.633896 0.765843 0.631919 0.764407 0.631555 0.762472 0.632500 0.759167 0.633245 0.757421 0.633781 0.756157 0.636211 0.757639
8 0.515661 0.620421 0.514870 0.638093 0.513469 0.661491 0.512815 0.681403 0.512443 0.698662 0.512021 0.704468 0.509781 0.701065 0.510156 0.680324 0.511276 0.659417 0.512536 0.635602 0.513422 0.614861 0.514635 0.592292 0.516690 0.593370 0.515966 0.606222 0.515687 0.608829 0.515333 0.611019 0.515865 0.613542 0.515771 0.616042 0.515703 0.618102
10 0.522695 0.681472 0.524729 0.670116 0.529568 0.673042 0.533888 0.675764 0.533888 0.678130 0.534315 0.680435
14 0.442870 0.306269 0.444766 0.311000 0.447789 0.312722 0.450211 0.313366 0.451177 0.312292 0.454164 0.307273 0.453518 0.306556 0.450773 0.305481 0.448516 0.304833 0.446581 0.305194
14 0.434805 0.280361 0.434805 0.282356 0.442094 0.304407 0.444865 0.304130 0.447740 0.303796 0.449115 0.303796 0.452862 0.304796 0.454424 0.305574 0.455362 0.303019 0.456049 0.299907 0.456625 0.298542 0.444167 0.271852 0.441857 0.273509 0.439935 0.274699 0.438680 0.275889 0.436253 0.278417
1 0.442870 0.306269 0.440651 0.307866 0.439964 0.308657 0.439078 0.309231 0.438875 0.308870 0.438734 0.307394 0.439880 0.306583 0.440945 0.305764 0.442102 0.304856 0.444865 0.304130 0.447740 0.303796 0.449115 0.303796 0.452862 0.304796 0.454424 0.305574 0.454164 0.307273 0.453518 0.306556 0.450773 0.305481 0.448516 0.304833 0.446581 0.305194
2 0.393698 0.229120 0.392294 0.231023 0.390992 0.233463 0.389763 0.235778 0.389042 0.237833 0.388117 0.239579 0.388284 0.236903 0.387448 0.234375 0.386294 0.233722 0.387523 0.230639 0.388823 0.227810 0.389547 0.226139 0.390414 0.224727 0.391932 0.224852 0.392510 0.225366
1 0.427638 0.442833 0.423203 0.453241 0.414672 0.473315 0.405430 0.498148 0.404284 0.499306 0.403547 0.496366 0.409234 0.483130 0.418938 0.460380 0.425930 0.443500
6 0.432057 0.496667 0.429318 0.508458 0.428263 0.511940 0.425734 0.508940 0.429271 0.496343 0.429792 0.492361
10 0.602047 0.786463 0.607047 0.788963 0.615484 0.792713 0.621500 0.795120 0.624182 0.796556 0.625023 0.796907 0.623016 0.798315 0.620924 0.799981 0.616807 0.798083 0.609021 0.794611 0.604594 0.792713
2 0.594872 0.769662 0.597883 0.776625 0.596742 0.777134 0.594635 0.772338 0.593701 0.769662
6 0.387414 0.426148 0.391896 0.426917 0.392188 0.429583 0.389232 0.428847 0.388237 0.426866
6 0.379010 0.422500 0.386404 0.425574 0.387414 0.426148 0.385680 0.427653 0.380073 0.425787
6 0.387414 0.426148 0.388237 0.426866 0.392424 0.435222 0.391159 0.437472 0.390255 0.437259 0.385826 0.429222 0.385674 0.428204 0.385680 0.427653
6 0.365305 0.426440 0.362023 0.420671 0.361086 0.417782 0.361836 0.415227 0.362398 0.415005 0.362961 0.415449 0.369049 0.428556 0.367872 0.432083
8 0.424961 0.128903 0.429310 0.133065 0.432573 0.136338 0.437833 0.141778 0.444393 0.148662 0.446893 0.151565 0.447956 0.153005 0.449143 0.154778 0.449771 0.156560 0.450146 0.158894 0.450581 0.184097 0.450797 0.200227 0.450995 0.209134 0.451083 0.211759 0.451083 0.212648 0.450305 0.214588 0.448982 0.207417 0.448539 0.196907 0.448331 0.177111 0.448206 0.161440 0.448138 0.158449 0.447203 0.156560 0.437833 0.145778 0.426711 0.134671 0.424461 0.133005 0.424026 0.132116 0.423841 0.130792
2 0.383250 0.257347 0.385255 0.258537 0.387180 0.262255 0.391273 0.266181 0.389977 0.268486 0.389021 0.268944 0.387599 0.266120 0.382747 0.261065 0.381576 0.259727 0.381576 0.258537 0.382581 0.257347
2 0.393036 0.249171 0.394122 0.251398 0.395378 0.254523 0.394958 0.257796 0.394372 0.261810 0.393182 0.264819 0.391273 0.266181 0.387180 0.262255 0.385255 0.258537 0.385508 0.256306 0.387516 0.254079 0.389940 0.251699 0.390945 0.249023 0.391865 0.248130
2 0.372833 0.263856 0.373396 0.267981 0.373982 0.270657 0.374398 0.272588 0.374484 0.273185 0.375404 0.276157 0.375206 0.277944 0.373904 0.277685 0.372240 0.278074 0.371372 0.278972 0.370867 0.280514 0.370000 0.282699 0.365914 0.274681 0.361622 0.264375 0.369214 0.263731
1 0.375599 0.251157 0.374844 0.249769 0.374526 0.245394 0.372846 0.225051 0.373536 0.225148 0.374031 0.233380 0.375409 0.247750
1 0.493435 0.414176 0.496635 0.417981 0.498581 0.420190 0.501065 0.422588 0.502576 0.423259 0.503927 0.423644 0.503659 0.424699 0.502253 0.424699 0.500091 0.423259 0.497555 0.420861 0.495773 0.418750 0.494693 0.417213 0.493310 0.414954
8 0.452784 0.429153 0.459591 0.426236 0.473471 0.420764 0.480706 0.418463 0.482109 0.418556 0.482109 0.419421 0.482057 0.420958 0.481893 0.421051 0.471742 0.424796 0.462076 0.428255
14 0.332555 0.156250 0.351023 0.140699 0.372846 0.123421 0.375586 0.126560 0.377883 0.131903 0.380094 0.139755 0.381682 0.150282 0.381419 0.153736 0.380182 0.155778 0.358445 0.174315 0.339979 0.188454 0.338828 0.184213 0.337680 0.182954 0.335206 0.182324 0.333969 0.178398 0.331938 0.172903 0.330966 0.169602 0.331318 0.163634 0.331318 0.159551 0.331406 0.156880
1 0.307870 0.204509 0.305674 0.206319 0.302937 0.208977 0.300039 0.211579 0.299594 0.211977 0.300391 0.212597 0.301568 0.211523 0.304305 0.208639 0.306820 0.206546 0.307615 0.205528
1 0.309112 0.204394 0.311404 0.202699 0.315096 0.200491 0.317195 0.199810 0.318724 0.199019 0.318948 0.198681 0.319130 0.198130 0.317482 0.198111 0.315763 0.198963 0.313440 0.200208 0.310513 0.202130 0.309378 0.203199
1 0.316294 0.218782 0.317518 0.216528 0.318568 0.215000 0.319109 0.214546 0.319299 0.215676 0.319219 0.216389 0.316849 0.219366 0.314682 0.223486 0.313703 0.222722
1 0.312052 0.197088 0.309378 0.203199 0.308156 0.207829 0.305688 0.216602 0.305404 0.217606 0.305203 0.218968 0.305122 0.222412 0.305484 0.224204 0.306573 0.225852 0.307703 0.227356 0.310042 0.230801 0.313471 0.233954 0.314844 0.235676 0.317143 0.238977 0.318474 0.241486 0.319534 0.243519 0.320604 0.245556 0.321443 0.246778 0.322667 0.248949 0.322664 0.250815 0.320503 0.247356 0.318094 0.243093 0.317589 0.241935 0.314552 0.237565 0.313180 0.235380 0.310286 0.232551 0.308914 0.230241 0.305951 0.227028 0.304938 0.225356 0.304432 0.223815 0.304214 0.220986 0.304214 0.218417 0.304609 0.215833 0.306857 0.207949 0.308461 0.202926 0.310294 0.198991 0.311836 0.195366
6 0.434552 0.487639 0.436659 0.479769 0.439089 0.469972 0.443516 0.461046 0.446432 0.455477 0.445135 0.455000 0.443948 0.455574 0.442760 0.457014 0.438737 0.463435 0.437646 0.463870 0.436760 0.465009 0.434060 0.472037 0.434099 0.475551 0.432646 0.482514
6 0.437589 0.564667 0.444151 0.569111 0.448083 0.571940 0.441451 0.571222 0.434919 0.567884 0.436495 0.567023 0.437422 0.565806
6 0.457698 0.581157 0.457971 0.584588 0.455815 0.584639 0.451221 0.583620 0.449776 0.582657 0.449898 0.581560 0.448083 0.579481 0.448237 0.578593 0.450859 0.578912 0.454354 0.579824
6 0.455815 0.584639 0.463198 0.584421 0.465229 0.585417 0.468805 0.587361 0.468682 0.588796 0.465336 0.589185 0.456505 0.590019 0.455372 0.589009 0.455292 0.586787 0.455615 0.585213
6 0.368938 0.418204 0.373107 0.429065 0.383359 0.458472 0.381771 0.459213 0.376807 0.446370 0.369833 0.426366 0.367818 0.420394 0.368154 0.419597
6 0.368938 0.433824 0.373852 0.444361 0.380937 0.460417 0.379036 0.461111 0.367448 0.437306
6 0.370169 0.431014 0.376807 0.446370 0.381771 0.459398 0.380859 0.460324 0.373852 0.444361 0.368938 0.433824
1 0.367448 0.437306 0.368938 0.433824 0.370169 0.431014 0.370388 0.429949 0.370469 0.428870 0.370388 0.428083 0.369833 0.426366 0.369049 0.428556 0.367872 0.432083 0.366659 0.435981
14 0.319031 0.276009 0.320711 0.273917 0.321552 0.273241 0.324070 0.273509 0.325674 0.273917 0.327813 0.275005 0.329341 0.276361 0.331096 0.277991 0.332471 0.279755 0.333693 0.282472 0.334151 0.284778 0.329187 0.298218 0.327661 0.300528 0.325292 0.301343 0.323232 0.302426 0.320711 0.303241 0.319182 0.304602 0.318344 0.309759 0.319641 0.313560 0.322620 0.318583 0.322466 0.324556 0.323078 0.329037 0.323232 0.332431 0.322620 0.337185 0.322008 0.344921 0.315672 0.331347 0.308034 0.313833 0.309714 0.305417 0.312164 0.296903 0.312630 0.295259 0.313227 0.291852 0.316656 0.280352
14 0.308461 0.251435 0.311906 0.256296 0.314083 0.260764 0.315404 0.263694 0.316328 0.265444 0.317846 0.268500 0.319161 0.271079 0.319359 0.273657 0.319031 0.276009 0.316656 0.280352 0.313227 0.291852 0.312630 0.295259 0.312164 0.296903 0.310914 0.297366 0.309263 0.297255 0.306958 0.296657 0.305039 0.295366 0.303063 0.293495 0.301414 0.290440 0.288409 0.263218 0.285367 0.253009 0.285635 0.248787 0.285635 0.245273 0.286560 0.242690 0.287086 0.240926 0.288737 0.240574 0.290654 0.241866 0.292104 0.244213 0.293096 0.246440 0.295534 0.246792 0.298641 0.246912 0.302664 0.247620
6 0.448979 0.450995 0.451523 0.446472 0.453651 0.442444 0.454451 0.441264 0.457135 0.440708 0.460240 0.439468 0.464945 0.438662 0.466792 0.438537 0.468445 0.437833 0.470867 0.436829 0.472883 0.436116 0.473208 0.434106 0.469617 0.434611 0.466271 0.434894 0.458763 0.435898 0.453844 0.436759 0.452354 0.438333 0.447430 0.446801 0.444852 0.451463
1 0.621745 0.621259 0.624740 0.627361 0.627708 0.631296 0.631484 0.635417 0.633714 0.637602 0.636833 0.638218 0.638307 0.638287 0.640130 0.643153 0.642036 0.646546 0.644120 0.648704 0.647935 0.648704 0.656432 0.650306 0.660440 0.650088 0.664326 0.650306 0.667188 0.651014 0.667396 0.654120 0.667448 0.665046 0.666823 0.668593 0.667430 0.670500 0.667568 0.672167 0.667898 0.674231 0.673016 0.666495 0.675182 0.661745 0.676016 0.661745 0.676448 0.662176 0.676448 0.663069 0.672096 0.671551 0.669841 0.674972 0.671089 0.675125 0.672510 0.676023 0.675260 0.679722 0.676380 0.682500 0.677500 0.686759 0.678672 0.695324 0.680859 0.698472 0.683255 0.702083 0.684688 0.704491 0.687578 0.710370 0.692266 0.719583 0.694844 0.723796 0.696953 0.726806 0.697812 0.727778 0.698333 0.728611 0.697943 0.729444 0.696979 0.728657 0.695885 0.727546 0.694089 0.724676 0.692656 0.722361 0.691094 0.719722 0.687995 0.713935 0.685208 0.708056 0.683672 0.704444 0.682370 0.702546 0.680990 0.700880 0.679664 0.699111 0.678594 0.698843 0.678177 0.700139 0.672424 0.721657 0.667065 0.742190 0.663388 0.753477 0.659294 0.762852 0.658203 0.764329 0.656365 0.764792 0.655732 0.765440 0.655794 0.766593 0.655505 0.774046 0.655208 0.785833 0.655289 0.791009 0.654565 0.791653 0.653698 0.791523 0.653914 0.785611 0.654060 0.776616 0.654492 0.766208 0.654648 0.764630 0.649349 0.764074 0.642891 0.761806 0.644089 0.764769 0.646307 0.769301 0.648620 0.774213 0.649271 0.775926 0.649870 0.777361 0.649323 0.778056 0.644844 0.769398 0.641562 0.763287 0.643823 0.771032 0.645174 0.776505 0.650737 0.792917 0.650953 0.794356 0.649927 0.795319 0.649224 0.793685 0.642797 0.772278 0.640581 0.766065 0.638846 0.768935 0.637232 0.771875 0.636385 0.771375 0.636143 0.770440 0.636385 0.769509 0.636747 0.768792 0.637758 0.767287 0.640135 0.763556 0.638969 0.760046 0.636211 0.757639 0.633781 0.756157 0.632445 0.757639 0.630227 0.762204 0.626307 0.766676 0.622284 0.768463 0.620677 0.768935 0.620365 0.771435 0.620130 0.773796 0.621458 0.776343 0.622656 0.777731 0.623490 0.778796 0.623906 0.779167 0.624740 0.779949 0.625828 0.780236 0.627924 0.781236 0.629417 0.781810 0.630346 0.781954 0.631151 0.781954 0.631919 0.781810 0.632404 0.781167 0.632766 0.781093 0.632805 0.781667 0.632523 0.782602 0.631435 0.783245 0.630305 0.783032 0.627482 0.782315 0.624294 0.780880 0.623490 0.779907 0.622865 0.779537 0.621849 0.778241 0.619818 0.775556 0.619786 0.776046 0.619526 0.777435 0.619404 0.777745 0.619010 0.777593 0.618594 0.776898 0.618659 0.776111 0.618867 0.774968 0.618711 0.774074 0.617688 0.773116 0.617029 0.772255 0.616276 0.770926 0.612708 0.771204 0.606016 0.771296 0.605208 0.773380 0.604089 0.775000 0.601810 0.777032 0.600362 0.777639 0.598750 0.778426 0.597292 0.778889 0.596742 0.777134 0.597883 0.776625 0.600625 0.775370 0.603151 0.773426 0.604750 0.771431 0.607344 0.766852 0.605938 0.764769 0.607263 0.758810 0.607956 0.755079 0.605885 0.751806 0.603385 0.747731 0.600521 0.742407 0.599505 0.739120 0.602083 0.738565 0.602969 0.740370 0.604010 0.743241 0.606250 0.747778 0.607888 0.752519 0.608984 0.751852 0.609557 0.750231 0.609714 0.746944 0.609609 0.744954 0.609844 0.742963 0.612344 0.743889 0.616563 0.746898 0.618359 0.746852 0.623411 0.749259 0.627091 0.747352 0.625148 0.741301 0.622987 0.735736 0.623148 0.734968 0.623763 0.734194 0.625201 0.737944 0.627253 0.743125 0.628711 0.745528 0.634203 0.738208 0.635039 0.736278 0.635122 0.733898 0.634956 0.732111 0.634203 0.728690 0.632615 0.721259 0.631693 0.718282 0.629685 0.716204 0.628333 0.716481 0.627958 0.717528 0.627258 0.720347 0.626727 0.722884 0.625424 0.727509 0.623430 0.734204 0.622682 0.734866 0.621469 0.736861 0.621003 0.737523 0.619742 0.738102 0.618109 0.737940 0.618310 0.736519 0.618669 0.736111 0.619742 0.735366 0.621469 0.734204 0.622091 0.732509 0.622810 0.729782 0.624086 0.725972 0.625073 0.721940 0.625904 0.719685 0.626138 0.717856 0.626185 0.717028 0.625904 0.714870 0.623497 0.715398 0.621000 0.715704 0.619578 0.716755 0.617826 0.717032 0.615812 0.717648 0.613471 0.718389 0.611964 0.718231 0.611633 0.717185 0.612794 0.716139 0.615812 0.715551 0.617826 0.714657 0.619161 0.713917 0.617982 0.711111 0.616057 0.696958 0.618570 0.697421 0.621146 0.695046 0.621641 0.695185 0.622091 0.694583 0.622247 0.692796 0.617031 0.674537 0.618901 0.672569 0.618987 0.669606 0.619578 0.666648 0.620669 0.665875 0.621242 0.664704 0.620982 0.661222 0.619526 0.657954 0.618172 0.655454 0.617911 0.652556 0.617755 0.645250 0.616490 0.641241 0.616333 0.637231 0.617755 0.634394 0.618849 0.633657 0.620755 0.633963 0.621016 0.632606 0.621521 0.626069
10 0.581589 0.774727 0.588716 0.779333 0.597622 0.784769 0.600260 0.786019 0.602513 0.791801 0.598641 0.790009 0.590130 0.784917 0.588154 0.784199 0.585693 0.782773 0.583635 0.779898 0.581174 0.777028 0.580753 0.776463 0.581341 0.774546
10 0.380523 0.123731 0.384997 0.132593 0.384487 0.133500 0.381930 0.137139 0.380094 0.139755 0.377883 0.131903 0.378521 0.130019 0.379076 0.127898 0.379372 0.125852 0.379500 0.124792
1 0.389177 0.116653 0.391432 0.132037 0.391042 0.131991 0.390339 0.131898 0.388247 0.117009
6 0.570070 0.831931 0.575039 0.849597 0.572284 0.848444 0.567695 0.828477 0.568667 0.829343
6 0.563023 0.777236 0.562917 0.781356 0.563109 0.795167 0.563109 0.804764 0.564513 0.809181 0.565755 0.815134 0.563164 0.810333 0.561383 0.804764 0.561167 0.785375 0.561490 0.774236
6 0.564549 0.780079 0.573086 0.794431 0.574315 0.797644 0.571432 0.811481 0.568672 0.799296
6 0.579375 0.806162 0.584581 0.826338 0.576773 0.832894 0.572365 0.812847 0.575471 0.799352
1 0.628424 0.428972 0.630615 0.457764 0.629826 0.457681 0.629073 0.456269 0.628565 0.452537 0.627630 0.441833 0.627112 0.429551
8 0.634753 0.480977 0.638464 0.482454 0.644505 0.485417 0.644766 0.485880 0.644740 0.486852 0.644401 0.487824 0.643828 0.488241 0.643307 0.488333 0.635911 0.484491
8 0.617161 0.472870 0.620216 0.474431 0.625992 0.476731 0.633068 0.479995 0.634417 0.484412 0.632474 0.483454 0.625940 0.480477 0.621997 0.478940 0.619945 0.477500 0.616974 0.475102
2 0.663474 0.585287 0.666937 0.590106 0.671940 0.597606 0.672453 0.598625 0.672026 0.599028 0.669224 0.597454 0.666786 0.596000 0.662341 0.588681
8 0.477177 0.550366 0.483339 0.556093 0.493466 0.565718 0.493680 0.566546 0.494680 0.567213 0.496172 0.568037 0.498086 0.570194 0.498177 0.576097 0.497385 0.577829 0.487305 0.568620 0.474891 0.557255 0.474891 0.555181 0.475357 0.553106 0.475776 0.552028
8 0.503516 0.575185 0.509844 0.580593 0.511245 0.581829 0.515396 0.584824 0.519831 0.588796 0.522070 0.593032 0.522352 0.597759 0.520997 0.597352 0.516690 0.593370 0.514635 0.592292 0.510698 0.589417 0.508927 0.587333 0.505409 0.584565 0.503854 0.583241
8 0.552326 0.526514 0.556435 0.520347 0.560495 0.515037 0.561380 0.516032 0.561987 0.517194 0.561943 0.518356 0.557273 0.525079 0.553857 0.530648 0.553398 0.528620 0.552828 0.527028
8 0.532638 0.554352 0.538047 0.546398 0.540052 0.543662 0.540443 0.544491 0.542013 0.546398 0.540380 0.548889 0.538979 0.551130 0.537812 0.550634 0.536411 0.551130 0.536086 0.552458 0.535805 0.554282 0.535385 0.556023 0.534513 0.557681
8 0.524875 0.565361 0.530323 0.557690 0.531385 0.556009 0.532372 0.557236 0.533062 0.558986 0.530685 0.563139 0.527458 0.567801 0.526901 0.567403
8 0.479081 0.629181 0.472596 0.636806 0.470958 0.633829 0.478490 0.625338
8 0.504344 0.597981 0.507469 0.593861 0.510698 0.589417 0.508927 0.587333 0.504174 0.594204
8 0.504396 0.598690 0.508339 0.605218 0.513359 0.612801 0.513422 0.614861 0.513036 0.621634 0.508393 0.614819 0.504990 0.608963
8 0.520865 0.635352 0.528258 0.648097 0.529703 0.650241 0.532909 0.646259 0.523667 0.630644 0.515703 0.618102 0.515661 0.620421 0.515422 0.626620 0.518203 0.631065
8 0.514901 0.637204 0.518203 0.631065 0.520865 0.635352 0.516698 0.644380 0.514276 0.649519
8 0.504581 0.655236 0.508799 0.647861 0.512180 0.641667 0.511589 0.653056 0.509635 0.657366
8 0.507411 0.660481 0.503961 0.666431 0.497271 0.679134 0.494203 0.674176 0.502526 0.658889
8 0.501060 0.654005 0.511372 0.657944 0.511276 0.659417 0.511102 0.661685 0.501544 0.658519 0.501167 0.656505
8 0.513594 0.658750 0.517680 0.660486 0.527763 0.666079 0.532727 0.669093 0.532727 0.669949 0.532484 0.671602 0.532281 0.673176 0.525344 0.668949 0.513849 0.662565 0.513513 0.662176 0.513469 0.661491
2 0.667432 0.657051 0.669112 0.655972 0.671214 0.654560 0.672987 0.653069 0.674945 0.652569 0.676953 0.653398 0.678539 0.654231 0.680081 0.654560 0.681797 0.653380 0.682786 0.650745 0.683021 0.648338 0.682664 0.645449 0.679745 0.634944 0.679885 0.636690 0.679654 0.638347 0.679370 0.639755 0.675776 0.643653 0.669849 0.648796 0.667188 0.651014 0.667396 0.654120
8 0.583135 0.699231 0.585565 0.696843 0.584904 0.693898 0.583828 0.694630 0.580229 0.697495 0.576987 0.700097 0.574219 0.701806 0.576198 0.703750 0.577521 0.703324 0.580557 0.701361
10 0.566411 0.662764 0.566169 0.667644 0.565969 0.671083 0.563831 0.671139 0.563911 0.666995 0.564393 0.662620 0.564839 0.660042 0.565255 0.660884
8 0.585901 0.692755 0.592378 0.687722 0.597440 0.685204 0.598164 0.685148 0.599370 0.686810 0.599128 0.688204 0.595693 0.689273 0.586823 0.696620
8 0.608570 0.716894 0.608310 0.718097 0.608023 0.718977 0.607815 0.721338 0.607555 0.721801 0.606591 0.721153 0.606070 0.720597 0.606042 0.719537 0.606310 0.716963 0.606651 0.715792
8 0.607906 0.711736 0.610875 0.713773 0.611604 0.714514 0.611995 0.715394 0.611500 0.715764 0.610224 0.715069 0.609703 0.715301 0.608427 0.716921 0.606651 0.715792
8 0.602474 0.712699 0.601971 0.715222 0.601505 0.716546 0.597109 0.713333 0.595443 0.712083 0.598047 0.710139 0.598805 0.709343
8 0.600974 0.706769 0.603128 0.708551 0.602474 0.712699 0.598805 0.709343
2 0.599128 0.688204 0.605065 0.694755 0.604365 0.696495 0.603292 0.698236 0.594755 0.690949 0.595693 0.689273
8 0.446539 0.437116 0.443138 0.442778 0.432987 0.456028 0.429044 0.457083 0.437792 0.444986 0.444057 0.435963
8 0.449661 0.429583 0.457151 0.419264 0.459714 0.415093 0.475206 0.397509 0.478672 0.398102 0.473940 0.403440 0.462951 0.415523 0.461594 0.417708 0.458846 0.421042 0.454221 0.426931 0.452784 0.429153
6 0.510461 0.463241 0.511896 0.469903 0.512083 0.471458 0.511771 0.478236 0.511271 0.485787 0.510836 0.487343 0.509836 0.481898 0.509336 0.478458 0.509648 0.475569 0.509773 0.471125 0.507836 0.462574 0.508148 0.462241
10 0.568612 0.503352 0.569964 0.504792 0.571042 0.505083 0.572555 0.502875 0.574068 0.501338 0.576281 0.497977 0.577927 0.500157 0.580854 0.504023 0.583029 0.507144 0.589888 0.517551 0.591779 0.519676 0.592914 0.521690 0.587292 0.521319 0.580279 0.522602 0.577469 0.520634 0.575794 0.519097 0.573990 0.518361 0.572979 0.515407 0.571461 0.514778 0.570880 0.513435 0.569964 0.511417 0.569227 0.509551 0.568219 0.505389
2 0.601870 0.758926 0.606823 0.760602 0.606508 0.762083 0.603000 0.760792 0.602458 0.759884
6 0.371005 0.444833 0.369745 0.445500 0.375260 0.458889 0.376589 0.456898
6 0.371146 0.413796 0.381979 0.444861 0.386563 0.457361 0.383516 0.458750 0.373107 0.429065 0.368938 0.418204 0.368602 0.415815 0.369161 0.414620 0.370057 0.413227
6 0.375177 0.409375 0.380781 0.428241 0.389010 0.453796 0.389844 0.456852 0.386563 0.457454 0.380531 0.438074 0.372333 0.410417 0.373505 0.408931
6 0.374539 0.420157 0.378063 0.429745 0.379391 0.434088 0.378307 0.434259 0.373958 0.421852
6 0.382120 0.432394 0.387682 0.434218 0.388763 0.434505 0.390255 0.437259 0.389836 0.437866 0.383177 0.435787
6 0.483612 0.432917 0.492547 0.442023 0.504232 0.453352 0.508229 0.457685 0.508792 0.459130 0.507292 0.459019 0.506042 0.457685 0.504667 0.456796 0.502482 0.455907 0.486362 0.439690 0.480625 0.433648
1 0.515128 0.522185 0.518497 0.523963 0.518909 0.524611 0.518984 0.525556 0.518490 0.525787 0.517083 0.525093 0.515156 0.523426
6 0.438604 0.494648 0.446195 0.499792 0.450315 0.503005 0.451182 0.504676 0.449013 0.514185 0.441857 0.509815 0.440266 0.503903 0.437518 0.494907
6 0.465625 0.457264 0.470813 0.458222 0.470328 0.471569 0.467578 0.511727 0.464760 0.543856 0.463021 0.564037 0.456805 0.559148 0.457383 0.547333 0.461219 0.504148 0.464479 0.470032
2 0.694021 0.696407 0.693943 0.705620 0.693682 0.721130 0.693682 0.721824 0.694844 0.723796 0.695245 0.724236 0.695375 0.712477 0.695349 0.704694
2 0.360266 0.205903 0.363005 0.205120 0.372997 0.221847 0.380648 0.224440 0.381648 0.225176 0.381841 0.235625 0.381914 0.245472 0.376893 0.253454 0.376427 0.252699 0.375599 0.251157 0.375409 0.247750 0.374031 0.233380 0.373536 0.225148 0.372846 0.225051 0.374526 0.245394 0.374844 0.249769 0.361846 0.225838 0.359143 0.220671 0.358948 0.217435 0.359240 0.212343 0.359091 0.209972 0.359294 0.208227
7 0.343706 0.234616 0.342732 0.239125 0.343003 0.242005 0.343380 0.244597 0.343813 0.246421 0.353263 0.257366 0.354451 0.258616 0.355638 0.256889 0.356612 0.254005 0.357474 0.253528 0.359148 0.254773 0.359635 0.257750 0.361622 0.264375 0.369214 0.263731 0.372833 0.263856 0.371036 0.260866 0.351232 0.226398 0.350510 0.227551 0.349354 0.228324 0.347763 0.229611 0.345521 0.231792 0.344292 0.233593
10 0.341523 0.207616 0.340388 0.209431 0.339378 0.211231 0.338872 0.212644 0.338292 0.222542 0.339232 0.225241 0.341112 0.230250 0.341979 0.233208 0.342557 0.234880 0.342919 0.235394 0.344292 0.233593 0.345521 0.231792 0.347763 0.229611 0.349354 0.228324 0.350510 0.227551 0.351232 0.226398 0.349211 0.222852 0.344352 0.216255 0.343292 0.211542
2 0.492953 0.411551 0.495328 0.408093 0.497867 0.404255 0.499487 0.400222 0.500029 0.399259 0.501810 0.399454 0.503159 0.399259 0.505104 0.398352 0.504958 0.402722 0.505682 0.406579 0.507055 0.412875 0.505914 0.413375 0.503969 0.415199 0.502294 0.416255 0.500297 0.418079 0.499109 0.418463 0.497219 0.418463 0.496635 0.417981 0.493435 0.414176
10 0.354870 0.187069 0.356747 0.190153 0.358490 0.193319 0.361573 0.201912 0.361591 0.204292 0.360266 0.205903 0.359294 0.208227 0.359091 0.209972 0.359240 0.212343 0.358948 0.217435 0.359143 0.220671 0.354159 0.212014 0.352922 0.206671 0.354247 0.204472 0.354159 0.201806 0.352570 0.200546 0.350625 0.200074 0.349654 0.198032 0.350536 0.193949 0.351685 0.189551 0.353807 0.187667
2 0.319219 0.216389 0.316849 0.219366 0.314682 0.223486 0.319240 0.226782 0.320167 0.227213
2 0.311219 0.220704 0.316294 0.218782 0.313703 0.222722
2 0.411836 0.207116 0.409674 0.212491 0.408669 0.212685 0.405625 0.203852 0.407734 0.199583
2 0.414018 0.184616 0.415839 0.181296 0.418964 0.185694 0.419964 0.187977 0.418917 0.190838 0.417943 0.193472
2 0.290654 0.241866 0.290354 0.240602 0.290557 0.239741 0.291081 0.238884 0.302664 0.247620 0.298641 0.246912 0.295534 0.246792 0.293096 0.246440 0.292104 0.244213
10 0.604594 0.792713 0.609021 0.794611 0.616807 0.798083 0.620924 0.799981 0.614755 0.804458 0.612797 0.803685 0.608240 0.801463 0.607568 0.799810
10 0.623799 0.801153 0.625648 0.802727 0.627055 0.803560 0.628461 0.803745 0.633826 0.803560 0.637523 0.802218 0.640883 0.801153 0.642211 0.801245 0.643357 0.801940 0.643799 0.802681 0.643721 0.803606 0.637055 0.811014 0.633065 0.813014 0.617448 0.805634
2 0.554958 0.782111 0.557760 0.789829 0.560234 0.795968 0.560560 0.797796 0.560794 0.799620 0.560794 0.800782 0.560419 0.802028 0.559534 0.802106 0.558786 0.801528 0.557760 0.799954 0.555659 0.795056 0.553839 0.789662 0.552953 0.785597
4 0.401323 0.175380 0.400526 0.176597 0.399555 0.179032 0.399099 0.180551 0.398643 0.182481 0.398471 0.183796 0.398643 0.186130 0.403378 0.193227 0.404404 0.195157 0.405659 0.196981 0.406971 0.197690 0.407734 0.199583 0.414141 0.211620 0.417578 0.217176 0.423281 0.228380 0.427943 0.236944 0.431849 0.243611 0.413419 0.200838 0.401945 0.175889
8 0.665443 0.580602 0.668398 0.585384 0.672917 0.591764 0.672794 0.593255 0.672544 0.597569 0.671940 0.597606 0.666937 0.590106 0.663560 0.584838
8 0.641667 0.547130 0.649497 0.557269 0.662612 0.576102 0.664292 0.578843 0.663911 0.580431 0.662844 0.583074 0.659018 0.576685 0.656917 0.573449 0.645810 0.555611 0.641240 0.550051 0.641615 0.548102
2 0.623872 0.615454 0.624919 0.618056 0.627568 0.623014 0.629555 0.626176 0.632867 0.628282 0.634297 0.630019 0.635482 0.631074 0.636354 0.630699 0.636771 0.629213 0.637714 0.627852 0.638794 0.627167 0.639734 0.629028 0.640503 0.630699 0.642003 0.632620 0.642698 0.634542 0.643258 0.636958 0.643990 0.639500 0.644617 0.640801 0.646185 0.640991 0.647685 0.641671 0.649148 0.642042 0.654935 0.642042 0.658497 0.642528 0.660451 0.642648 0.659578 0.637134 0.659208 0.629218 0.659443 0.628139 0.662615 0.627644 0.664112 0.627398 0.664904 0.628556 0.665648 0.630130 0.667656 0.635856 0.668914 0.637269 0.670456 0.637185 0.675031 0.631542 0.676104 0.630051 0.677411 0.628806 0.678812 0.629968 0.679276 0.631792 0.679745 0.634944 0.679885 0.636690 0.679654 0.638347 0.679370 0.639755 0.675776 0.643653 0.669849 0.648796 0.667188 0.651014 0.664326 0.650306 0.660440 0.650088 0.656432 0.650306 0.647935 0.648704 0.644120 0.648704 0.642036 0.646546 0.640130 0.643153 0.638307 0.638287 0.636833 0.638218 0.633714 0.637602 0.631484 0.635417 0.627708 0.631296 0.624740 0.627361 0.621745 0.621259 0.622083 0.615278 0.622969 0.611806
2 0.375260 0.458889 0.374482 0.459292 0.376297 0.463380 0.379036 0.461111 0.376781 0.457000 0.376589 0.456898
13 0.641615 0.548102 0.641201 0.549995 0.645810 0.555611 0.645315 0.556593 0.644503 0.557519 0.643943 0.557435 0.642870 0.559926 0.641281 0.561583 0.639708 0.563833 0.639224 0.568139 0.639141 0.570648 0.637813 0.575093 0.635286 0.580324 0.634375 0.584630 0.632865 0.587593 0.630703 0.590972 0.626979 0.595093 0.625781 0.597037 0.625677 0.602361 0.624010 0.607222 0.622969 0.611806 0.622083 0.615278 0.621745 0.621259 0.621521 0.626069 0.621016 0.632606 0.620755 0.633963 0.618849 0.633657 0.617755 0.634394 0.616333 0.637231 0.616490 0.641241 0.617755 0.645250 0.617911 0.652556 0.618172 0.655454 0.619526 0.657954 0.620982 0.661222 0.621242 0.664704 0.620669 0.665875 0.619578 0.666648 0.618987 0.669606 0.618846 0.672491 0.617031 0.674537 0.615859 0.670389 0.615547 0.671065 0.615984 0.691514 0.616294 0.695829 0.616057 0.696958 0.617982 0.711111 0.613359 0.708750 0.609219 0.705694 0.610026 0.701713 0.611268 0.697046 0.612109 0.692963 0.607396 0.690185 0.605979 0.673042 0.604609 0.661981 0.602245 0.658111 0.594904 0.658662 0.592727 0.659218 0.592104 0.663639 0.591862 0.665523 0.592109 0.669435 0.589458 0.671167 0.588133 0.671792 0.586013 0.671481 0.573633 0.671481 0.572867 0.667324 0.573284 0.664505 0.574367 0.661838 0.573534 0.658731 0.570951 0.653995 0.569867 0.654282 0.562034 0.663023 0.553576 0.671949 0.550750 0.676190 0.550396 0.677764 0.550042 0.680903 0.549247 0.683417 0.547656 0.684833 0.546065 0.685931 0.543591 0.685458 0.542177 0.684204 0.540057 0.682319 0.538466 0.681847 0.536435 0.681532 0.534315 0.680435 0.533888 0.678130 0.533888 0.675764 0.535966 0.673542 0.537802 0.671616 0.541107 0.669116 0.545385 0.666176 0.539794 0.656949 0.539297 0.648981 0.536536 0.644676 0.535365 0.643194 0.532909 0.646259 0.523667 0.630644 0.515703 0.618102 0.515771 0.616042 0.515865 0.613542 0.515333 0.611019 0.515687 0.608829 0.516398 0.607106 0.517643 0.604245 0.518807 0.603347 0.519727 0.603505 0.521057 0.603648 0.521974 0.603347 0.522391 0.602319 0.522930 0.596764 0.523083 0.595134 0.523083 0.593773 0.523083 0.592690 0.522471 0.591060 0.521250 0.588750 0.519799 0.587394 0.515938 0.582144 0.514221 0.580616 0.512391 0.581556 0.511245 0.581829 0.511245 0.580741 0.512174 0.578806 0.514701 0.578329 0.517768 0.580616 0.521474 0.585398 0.524648 0.587884 0.527932 0.589222 0.530565 0.582245 0.531586 0.578606 0.528547 0.573259 0.526076 0.571681 0.524771 0.570741 0.522190 0.570167 0.519448 0.571019 0.519961 0.569773 0.521128 0.569278 0.522201 0.569028 0.524302 0.568861 0.522630 0.567593 0.520594 0.568671 0.518794 0.568926 0.517930 0.570463 0.516490 0.571486 0.515469 0.571944 0.514635 0.571065 0.514583 0.569583 0.515521 0.564306 0.517065 0.561889 0.518216 0.560991 0.520880 0.561889 0.524385 0.565037 0.526901 0.567403 0.528698 0.569398 0.530945 0.567852 0.532312 0.567597 0.533104 0.566699 0.533536 0.565292 0.533969 0.564653 0.534112 0.562222 0.533062 0.558986 0.532372 0.557236 0.531385 0.556009 0.525474 0.552236 0.523529 0.552236 0.522682 0.551250 0.521667 0.549444 0.521901 0.547778 0.526482 0.548653 0.529289 0.549681 0.530656 0.551088 0.532638 0.554352 0.534513 0.557681 0.535768 0.558380 0.535984 0.557995 0.536776 0.559148 0.537641 0.561454 0.538719 0.559403 0.539583 0.557486 0.539943 0.555310 0.540807 0.554287 0.543542 0.554926 0.544609 0.553657 0.543385 0.549167 0.542357 0.546991 0.540443 0.544491 0.539089 0.542269 0.536919 0.539440 0.534471 0.539954 0.533320 0.541745 0.533177 0.543278 0.532961 0.544306 0.532096 0.543662 0.531448 0.542384 0.531016 0.540338 0.530872 0.537903 0.531664 0.535727 0.534544 0.534833 0.536128 0.535218 0.537135 0.535856 0.538359 0.536111 0.540518 0.536370 0.543758 0.540463 0.546854 0.537134 0.548221 0.535472 0.548365 0.532657 0.547430 0.529843 0.546495 0.528051 0.540016 0.522801 0.537495 0.520245 0.535911 0.516852 0.536406 0.515509 0.538719 0.517556 0.542534 0.520755 0.545414 0.523315 0.548438 0.526769 0.550380 0.526898 0.552326 0.526514 0.552828 0.527028 0.553398 0.528620 0.553857 0.530648 0.554141 0.531560 0.555055 0.531662 0.557365 0.532301 0.562021 0.539903 0.566510 0.546065 0.568203 0.540046 0.568422 0.539606 0.570911 0.538796 0.575195 0.547347 0.575844 0.543625 0.576815 0.540667 0.578318 0.538690 0.578255 0.536741 0.580208 0.536611 0.582852 0.538116 0.588630 0.542917 0.592247 0.546565 0.593167 0.547810 0.594732 0.549157 0.600133 0.542532 0.601549 0.531287 0.607260 0.523523 0.609276 0.525116 0.614313 0.521532 0.616539 0.518139 0.616701 0.516898 0.617294 0.513625 0.617943 0.509796 0.618969 0.508644 0.619940 0.508741 0.620750 0.510657 0.621021 0.512773 0.621130 0.517134 0.621992 0.518532 0.623255 0.523704 0.627161 0.524630 0.629719 0.528852 0.633174 0.529713 0.633607 0.529620 0.634526 0.530097 0.635714 0.531250 0.636414 0.532500 0.637440 0.533940 0.638143 0.536051 0.638792 0.538356 0.639492 0.540755 0.639763 0.543250 0.639924 0.544981 0.641667 0.547130
10 0.534320 0.407903 0.537070 0.400014 0.545755 0.400014 0.545505 0.403347 0.544734 0.405894 0.542635 0.406394 0.541023 0.406898 0.541130 0.404903 0.539943 0.404347 0.537320 0.410014 0.535383 0.412458 0.533320 0.411347
2 0.587797 0.499412 0.588633 0.505954 0.589135 0.512648 0.589888 0.517551 0.583029 0.507144 0.580854 0.504023 0.577927 0.500157 0.576505 0.497181 0.580727 0.497194
2 0.614740 0.509347 0.617458 0.512014 0.617294 0.513625 0.616701 0.516898 0.616539 0.518139 0.615505 0.519884 0.611044 0.515176 0.612448 0.513333
2 0.427771 0.411519 0.427370 0.416019 0.427951 0.418769 0.429888 0.422384 0.432112 0.425481 0.434531 0.428060 0.436177 0.428579 0.438211 0.427199 0.440049 0.425134 0.441792 0.422037 0.443242 0.418574 0.442854 0.413093
2 0.381841 0.235625 0.384219 0.234264 0.386294 0.233722 0.387448 0.234375 0.388284 0.236903 0.388117 0.239579 0.387206 0.242144 0.387719 0.244468 0.388326 0.246458 0.383005 0.251273 0.379146 0.255852 0.376893 0.253454 0.381914 0.245472
2 0.404424 0.302106 0.402471 0.305704 0.403484 0.308019 0.405148 0.307505 0.407320 0.304375 0.405966 0.303130
10 0.413568 0.276861 0.416763 0.278162 0.418352 0.280542 0.420779 0.284556 0.421865 0.286639 0.422870 0.290208 0.422870 0.292588 0.420945 0.294519 0.417516 0.295560 0.416818 0.296120 0.414336 0.283352 0.413255 0.279606 0.412062 0.276708
2 0.372508 0.392824 0.374604 0.395269 0.376557 0.396810 0.377786 0.398222 0.379375 0.399250 0.381182 0.398736 0.383063 0.398866 0.386893 0.399380 0.388701 0.399250 0.389424 0.400921 0.388049 0.402722 0.385159 0.403491 0.382557 0.404134 0.379953 0.404778 0.376773 0.404778 0.374604 0.402722 0.372219 0.399380 0.370484 0.396551 0.369688 0.394366 0.369977 0.392954
2 0.396497 0.408861 0.394659 0.437074 0.393982 0.446023 0.393497 0.442926 0.392424 0.435222 0.392188 0.429583 0.391896 0.426917 0.390693 0.414880 0.390693 0.412301 0.392339 0.409546
7 0.365008 0.394495 0.367716 0.396384 0.370039 0.400514 0.370716 0.403782 0.371008 0.407398 0.371146 0.413796 0.370057 0.413227 0.369161 0.414620 0.368602 0.415815 0.368938 0.418204 0.368154 0.419597 0.367818 0.420394 0.369833 0.426366 0.369049 0.428556 0.362961 0.415449 0.361716 0.410926 0.361096 0.408583 0.360411 0.405042 0.359781 0.400704 0.359849 0.397713 0.360469 0.395699
2 0.547081 0.473676 0.549276 0.473097 0.550396 0.472745 0.553464 0.478380 0.557818 0.486102 0.561208 0.489398 0.560924 0.490662 0.559299 0.489778 0.557240 0.489222 0.555552 0.488667 0.553802 0.488667 0.552615 0.490551 0.551990 0.492551 0.550990 0.496551 0.549109 0.495079 0.553922 0.481574 0.553479 0.480213 0.552148 0.478995 0.550818 0.478204 0.546542 0.477199 0.546852 0.475509
2 0.550990 0.496551 0.551990 0.492551 0.552615 0.490551 0.553802 0.488667 0.555552 0.488667 0.557240 0.489222 0.559299 0.489778 0.560924 0.490662 0.562737 0.491662 0.563424 0.494218 0.563487 0.498884 0.563424 0.503773 0.563237 0.505769 0.562799 0.507769 0.562612 0.509213 0.560810 0.506565 0.554745 0.500343
10 0.529010 0.431005 0.530169 0.426236 0.530763 0.423069 0.531198 0.420676 0.532695 0.419565 0.533695 0.418676 0.534732 0.418083 0.537109 0.416463 0.539953 0.416167 0.539120 0.417944 0.532677 0.429699 0.530448 0.435782 0.530573 0.433894 0.530260 0.432671
2 0.470310 0.570319 0.477177 0.571991 0.483974 0.574046 0.487010 0.574292 0.486937 0.576218 0.487227 0.578403 0.487661 0.581361 0.487708 0.585880 0.487516 0.587787 0.487049 0.589093 0.485544 0.588051 0.469984 0.582995 0.469948 0.581116 0.470383 0.577134
2 0.469984 0.582995 0.485544 0.588051 0.487049 0.589093 0.486503 0.590616 0.486380 0.592546 0.486641 0.594537 0.482786 0.592213 0.474471 0.588875 0.468396 0.585398 0.468562 0.584185
2 0.599380 0.522241 0.604818 0.520245 0.608315 0.518245 0.612448 0.513333 0.614938 0.508912 0.617000 0.503917 0.619005 0.497583 0.619943 0.489144 0.620005 0.483921 0.619505 0.478481 0.618755 0.476926 0.617068 0.476704 0.617443 0.481255 0.617568 0.486699 0.616687 0.495694 0.615875 0.499806 0.614719 0.503648 0.610815 0.510801 0.607315 0.514356 0.601505 0.518245 0.596383 0.520245 0.594320 0.521574 0.598352 0.521958
2 0.569724 0.515407 0.571461 0.514778 0.572979 0.515407 0.573990 0.518361 0.575870 0.525431 0.576810 0.527616 0.580208 0.536611 0.578255 0.536741 0.578370 0.538750 0.576815 0.540667 0.574641 0.534685 0.573411 0.532500 0.572107 0.530630 0.571826 0.527060 0.571034 0.523991 0.568930 0.518620 0.568495 0.516690 0.569227 0.515644
2 0.576810 0.527616 0.578039 0.523889 0.580279 0.522602 0.587292 0.521319 0.598352 0.521958 0.600883 0.522986 0.600737 0.525046 0.599943 0.527616 0.599292 0.529412 0.598424 0.532111 0.598062 0.534810 0.596182 0.535968 0.593438 0.533269 0.590328 0.531472 0.586857 0.530315 0.584833 0.530829 0.581943 0.529671 0.578617 0.529412
2 0.654406 0.548870 0.654549 0.550954 0.654299 0.551843 0.652177 0.552176 0.649615 0.551843 0.648740 0.551954 0.648177 0.552065 0.646677 0.553731 0.646552 0.550843 0.646115 0.547403 0.645990 0.544292 0.646490 0.543736 0.648052 0.544796 0.650531 0.545093 0.651219 0.546764 0.651971 0.548870 0.652469 0.550093 0.653474 0.550542
2 0.639492 0.540755 0.640242 0.539625 0.641492 0.538069 0.642555 0.535185 0.645052 0.534644 0.645536 0.536713 0.645865 0.538181 0.645927 0.540625 0.645927 0.542292 0.645990 0.544292 0.646115 0.547403 0.646552 0.550843 0.646677 0.553731 0.641667 0.547130 0.639924 0.544981 0.639763 0.543250
2 0.623451 0.479370 0.624391 0.483995 0.625982 0.487468 0.627138 0.489394 0.628729 0.492093 0.631164 0.503056 0.631708 0.505935 0.632677 0.508903 0.634461 0.511884 0.635763 0.513824 0.633638 0.517782 0.634122 0.523630 0.635185 0.527935 0.636052 0.531380 0.638083 0.533102 0.639638 0.532588 0.642443 0.534644 0.645052 0.534644 0.645536 0.536713 0.646701 0.539810 0.646607 0.542394 0.648052 0.544796 0.650531 0.545093 0.651219 0.546764 0.651971 0.548870 0.652469 0.550093 0.653474 0.550542 0.654406 0.548870 0.653844 0.545657 0.650682 0.538671 0.646904 0.528593 0.645117 0.522259 0.640799 0.504977 0.637508 0.493551 0.634417 0.484412 0.632474 0.483454 0.625940 0.480477
2 0.603354 0.432514 0.606896 0.433796 0.614133 0.449477 0.620711 0.457958 0.623747 0.462972 0.629740 0.471454 0.632484 0.478384 0.633068 0.479995 0.625992 0.476731 0.620216 0.474431 0.618680 0.469398 0.618174 0.468477 0.618281 0.466171 0.618281 0.463486 0.617094 0.462046 0.614664 0.459838 0.611089 0.454745 0.608055 0.446907 0.606174 0.442667 0.604151 0.439708 0.602755 0.437435 0.603130 0.433551
2 0.503206 0.451241 0.508060 0.445269 0.513846 0.436972 0.514872 0.439625 0.514966 0.441782 0.510674 0.448833 0.509250 0.447523 0.508362 0.447690 0.508224 0.448852 0.508549 0.449931 0.509250 0.450509 0.506005 0.455065 0.504232 0.453352 0.503206 0.451903
2 0.492404 0.432398 0.491646 0.441134 0.488677 0.437968 0.489432 0.432495
10 0.538125 0.663231 0.537487 0.667537 0.537802 0.671616 0.535966 0.673542 0.533888 0.675764 0.532281 0.673176 0.532484 0.671602 0.532727 0.669949 0.532727 0.669093 0.533036 0.666556 0.532026 0.663213 0.532242 0.659745 0.532966 0.656917 0.535062 0.655500 0.536940 0.656657 0.538096 0.657944 0.539339 0.657505
2 0.529703 0.650241 0.527833 0.652162 0.526458 0.654088 0.525302 0.655500 0.524940 0.656657 0.524797 0.658972 0.525375 0.661157 0.527763 0.666079 0.532727 0.669093 0.533036 0.666556 0.532026 0.663213 0.532242 0.659745 0.532966 0.656917 0.535062 0.655500 0.536940 0.656657 0.538096 0.657944 0.539339 0.657505 0.539794 0.656949 0.539297 0.648981 0.536536 0.644676 0.535365 0.643194 0.532909 0.646259
2 0.543021 0.426792 0.548854 0.424713 0.549648 0.424880 0.549789 0.426042 0.549323 0.428366 0.548854 0.429361 0.547922 0.430773 0.540641 0.431352
1 0.570034 0.514856 0.569227 0.509551 0.568219 0.505389 0.568339 0.501949 0.570799 0.498435 0.574083 0.495741 0.577271 0.492968 0.578784 0.490949 0.579159 0.486245 0.578674 0.483560 0.577755 0.483750 0.576464 0.486051 0.575812 0.488352 0.575276 0.490667 0.574359 0.492671 0.572740 0.494019 0.571453 0.495278 0.568339 0.498792 0.567531 0.499509 0.567130 0.501301 0.566927 0.503597 0.566888 0.506181 0.567161 0.508611 0.568703 0.514139 0.569227 0.515644
8 0.585565 0.696843 0.586417 0.701500 0.583135 0.699231
7 0.320380 0.179579 0.332315 0.182134 0.335206 0.182324 0.337680 0.182954 0.338828 0.184213 0.339055 0.186468 0.338992 0.187023 0.338292 0.187056 0.337141 0.185639 0.335552 0.184384 0.334667 0.184856 0.333872 0.185954 0.332901 0.188782 0.332193 0.191139 0.333341 0.192708 0.332901 0.192866 0.331398 0.192551 0.329807 0.191921 0.327953 0.191296 0.326096 0.190667 0.323445 0.190194 0.320531 0.189097 0.320437 0.185690
4 0.305688 0.216602 0.314682 0.223486 0.319240 0.226782 0.320167 0.227213 0.320505 0.232565 0.318474 0.241486 0.317143 0.238977 0.314844 0.235676 0.313471 0.233954 0.310042 0.230801 0.307703 0.227356 0.306573 0.225852 0.305484 0.224204 0.305122 0.222412 0.305203 0.218968 0.305404 0.217606
4 0.376716 0.221472 0.382151 0.220472 0.383401 0.219144 0.387151 0.209810 0.387773 0.202815 0.386214 0.196593 0.380214 0.186375 0.373841 0.175269 0.372029 0.173602 0.364281 0.174380 0.363346 0.176046 0.361471 0.178264 0.360846 0.178708 0.358784 0.177375 0.356471 0.176819 0.350724 0.180486 0.345914 0.185486 0.344977 0.188375 0.344227 0.190931 0.343164 0.191593 0.341664 0.190931 0.339979 0.188454 0.338292 0.187056 0.337141 0.185639 0.335552 0.184384 0.334667 0.184856 0.333872 0.185954 0.332901 0.188782 0.332193 0.191139 0.333341 0.192708 0.332901 0.192866 0.331398 0.192551 0.329807 0.191921 0.327953 0.191296 0.326096 0.190667 0.323445 0.190194 0.320531 0.189097 0.316359 0.189486 0.313612 0.189486 0.311424 0.189486 0.310362 0.190042 0.310549 0.191926 0.311049 0.193704 0.311836 0.195366 0.312052 0.197088 0.312862 0.198704 0.314424 0.198037 0.317482 0.198111 0.319130 0.198130 0.323234 0.198347 0.331010 0.203060 0.335161 0.204005 0.338375 0.205241 0.341523 0.207616 0.343292 0.211542 0.344352 0.216255 0.349211 0.222852 0.351232 0.226398 0.364844 0.248796 0.376003 0.267583 0.386206 0.286907 0.396240 0.304005 0.398914 0.302815 0.403352 0.300736 0.399753 0.298806 0.395198 0.293116 0.390643 0.285532 0.387750 0.279755 0.383414 0.271657 0.379940 0.267292 0.378060 0.263426 0.377484 0.260995 0.378352 0.257773 0.379146 0.255852 0.376893 0.253454 0.376427 0.252699 0.375599 0.251157 0.374844 0.249769 0.361846 0.225838 0.359143 0.220671 0.354159 0.212014 0.352922 0.206671 0.354247 0.204472 0.354159 0.201806 0.352570 0.200546 0.350625 0.200074 0.349654 0.198032 0.350536 0.193949 0.351685 0.189551 0.353807 0.187667 0.354870 0.187069 0.357677 0.186194 0.358328 0.188250 0.358542 0.190819 0.358490 0.193319 0.361573 0.201912 0.368737 0.213699 0.372997 0.221847
4 0.294529 0.208134 0.304609 0.215833 0.304214 0.218417 0.304214 0.220986 0.304432 0.223815 0.304938 0.225356 0.305951 0.227028 0.308914 0.230241 0.310286 0.232551 0.313180 0.235380 0.314552 0.237565 0.317589 0.241935 0.318094 0.243093 0.315419 0.253884 0.314190 0.254912 0.311010 0.253116 0.308461 0.251435 0.302664 0.247620 0.288094 0.236667 0.289250 0.229468 0.292721 0.214176 0.293227 0.209935
4 0.418047 0.137181 0.418904 0.138940 0.418773 0.140819 0.430784 0.163935 0.448078 0.195380 0.448539 0.196907 0.448982 0.207417 0.445503 0.197236 0.442031 0.197787 0.440190 0.202278 0.437747 0.194889 0.431609 0.184093 0.430224 0.182449 0.418310 0.159616 0.412891 0.151074 0.410846 0.148352 0.410339 0.145806 0.410542 0.143259 0.411359 0.140171 0.412792 0.138352 0.414937 0.136898
4 0.440190 0.202278 0.440388 0.205801 0.440784 0.209083 0.443203 0.212417 0.445112 0.215537 0.447328 0.219750 0.448625 0.223412 0.450305 0.214588 0.448982 0.207417 0.445503 0.197236 0.442031 0.197787
7 0.462951 0.415523 0.479794 0.418093 0.483047 0.418736 0.483120 0.421176 0.483698 0.422204 0.485362 0.423231 0.487242 0.423361 0.487747 0.419764 0.488398 0.398042 0.478672 0.398102 0.473940 0.403440
4 0.465018 0.289370 0.466898 0.293481 0.467766 0.295153 0.469068 0.296565 0.470513 0.298750 0.471164 0.301065 0.472031 0.304532 0.472753 0.306593 0.473693 0.307875 0.473766 0.309032 0.474055 0.312375 0.474560 0.313787 0.474922 0.315972 0.473477 0.317259 0.472104 0.317773 0.470802 0.317130 0.469284 0.316356 0.467260 0.315588 0.467042 0.314815 0.466320 0.313403 0.465307 0.312245 0.463719 0.310574 0.462201 0.307875 0.461911 0.305565 0.462271 0.303380 0.462922 0.301194 0.463284 0.298880 0.463935 0.297079
4 0.387734 0.132731 0.389219 0.131991 0.390156 0.131944 0.391120 0.131991 0.392031 0.132639 0.392917 0.133750 0.393333 0.135694 0.393490 0.137130 0.394245 0.138083 0.399323 0.150972 0.417943 0.193472 0.424010 0.206713 0.428411 0.216019 0.432057 0.223750 0.448323 0.256292 0.460604 0.283148 0.460604 0.284097 0.456625 0.298542 0.440990 0.264926 0.431294 0.242352 0.430326 0.240324 0.413419 0.200838 0.397164 0.165495 0.387883 0.148528 0.384297 0.142500 0.384141 0.139167 0.385313 0.135602
4 0.381930 0.137139 0.385104 0.144583 0.390771 0.160491 0.397164 0.179278 0.398471 0.183796 0.398643 0.186130 0.404065 0.199657 0.408669 0.212685 0.410857 0.219708 0.411953 0.222037 0.414880 0.232491 0.418930 0.244778 0.421253 0.248907 0.422979 0.251403 0.424115 0.251593 0.427753 0.262856 0.434805 0.280361 0.434805 0.282356 0.439393 0.296657 0.433143 0.293213 0.428271 0.292769 0.425456 0.292769 0.416247 0.264074 0.415659 0.260505 0.415156 0.256634 0.414740 0.252477 0.411812 0.244894 0.409042 0.235602 0.404464 0.221903 0.398484 0.206324 0.388003 0.174051 0.381419 0.153736 0.381682 0.150282 0.380094 0.139755
5 0.352086 0.306630 0.354508 0.307005 0.362339 0.307102 0.365740 0.306718 0.365961 0.305912 0.362615 0.300856 0.360104 0.296546 0.357930 0.293569 0.357010 0.292829 0.355122 0.294292 0.354617 0.296606 0.353604 0.300458
5 0.351656 0.284500 0.353161 0.286134 0.355422 0.289852 0.353414 0.293870 0.353078 0.290894 0.351490 0.286134
7 0.319130 0.198130 0.318880 0.210569 0.320505 0.232565 0.323505 0.257111 0.324880 0.273773 0.325674 0.273917 0.327813 0.275005 0.329341 0.276361 0.331096 0.277991 0.332471 0.279755 0.333693 0.282472 0.334151 0.284778 0.335000 0.283546 0.336375 0.281213 0.338188 0.277662 0.340687 0.274773 0.343810 0.272440 0.345372 0.271106 0.346685 0.268329 0.346677 0.258333 0.345805 0.254778 0.344180 0.252000 0.343742 0.249449 0.343813 0.246421 0.343380 0.244597 0.343003 0.242005 0.342732 0.239125 0.341771 0.235509 0.341112 0.230250 0.339232 0.225241 0.338292 0.222542 0.338872 0.212644 0.338242 0.206907 0.338375 0.205241 0.335161 0.204005 0.331010 0.203060 0.323234 0.198347
4 0.378896 0.157120 0.382102 0.175856 0.386659 0.196620 0.391224 0.217782 0.393698 0.229120 0.396302 0.242407 0.398513 0.241398 0.399378 0.242838 0.398729 0.243606 0.397216 0.244565 0.397703 0.250037 0.403750 0.277593 0.403589 0.283542 0.403049 0.286519 0.403643 0.291704 0.406234 0.300148 0.409096 0.295736 0.410500 0.294583 0.411690 0.294486 0.413362 0.297269 0.416818 0.296120 0.414336 0.283352 0.413255 0.279606 0.412062 0.276708 0.410891 0.274338 0.408552 0.266750 0.404831 0.250574 0.402562 0.236792 0.399701 0.224407 0.396841 0.212514 0.388003 0.174051 0.381419 0.153736 0.380182 0.155778
4 0.450797 0.200227 0.458388 0.213014 0.471852 0.236366 0.483073 0.257134 0.489245 0.268519 0.487786 0.272870 0.486172 0.277037 0.485581 0.276250 0.480036 0.266861 0.472313 0.251153 0.471917 0.248454 0.470794 0.244699 0.468484 0.239532 0.467760 0.237421 0.467495 0.235065 0.466768 0.232144 0.462612 0.225569 0.457464 0.215819 0.455021 0.210657 0.453635 0.210190 0.452250 0.210306 0.450995 0.209134
5 0.349453 0.263931 0.351469 0.260745 0.354451 0.258616 0.355638 0.256889 0.356612 0.254005 0.357474 0.253528 0.359148 0.254773 0.359635 0.257750 0.361622 0.264375 0.365914 0.274681 0.370000 0.282699 0.372674 0.286810 0.376073 0.292597 0.381349 0.300690 0.383831 0.301750 0.387750 0.304935 0.387109 0.305741 0.385521 0.305278 0.382578 0.305417 0.379740 0.305694 0.374740 0.306528 0.369305 0.300264 0.366464 0.293269 0.363862 0.285028 0.362922 0.283361 0.361615 0.282088 0.360242 0.282343 0.359102 0.284352 0.353078 0.275875 0.350987 0.278699 0.350904 0.280634 0.350318 0.283606 0.349734 0.286435 0.349984 0.288815 0.349148 0.291190 0.348479 0.293718 0.350068 0.300412 0.348958 0.306481 0.346927 0.306852 0.343776 0.306389 0.341927 0.306667 0.339635 0.306250 0.337552 0.305139 0.334193 0.305000 0.330885 0.305509 0.328984 0.306991 0.327656 0.315556 0.323497 0.316236 0.319641 0.313560 0.318344 0.309759 0.319182 0.304602 0.320711 0.303241 0.323232 0.302426 0.325292 0.301343 0.327661 0.300528 0.329187 0.298218 0.334151 0.284778 0.335000 0.283546 0.336375 0.281213 0.338188 0.277662 0.340687 0.274773 0.343810 0.272440 0.345372 0.271106 0.346685 0.268329
4 0.379966 0.257852 0.384201 0.265023 0.386419 0.268037 0.388151 0.270884 0.387964 0.271796 0.386750 0.274204 0.386083 0.272847 0.383891 0.269856 0.380810 0.266787 0.379411 0.264301 0.378805 0.261977 0.378711 0.259986
4 0.493167 0.274713 0.494734 0.276412 0.496182 0.287699 0.497628 0.295412 0.497255 0.296574 0.494221 0.295912 0.492776 0.294250 0.488151 0.287056 0.489271 0.284537 0.490365 0.281111 0.491562 0.278472
4 0.494221 0.295912 0.493807 0.296069 0.488385 0.296250 0.488370 0.295412 0.488151 0.287056 0.492776 0.294250
4 0.495914 0.298324 0.497831 0.301301 0.489393 0.304463 0.488440 0.304921 0.488151 0.302477 0.488299 0.298157 0.491586 0.297944
8 0.591716 0.704708 0.592138 0.708194 0.592698 0.708690 0.593677 0.708856 0.594844 0.708773 0.596146 0.707602 0.595242 0.707273
5 0.632865 0.587593 0.633255 0.589380 0.633674 0.591037 0.635495 0.595602 0.636755 0.598176 0.637690 0.599500 0.638388 0.601329 0.639276 0.603486 0.640208 0.604977 0.644596 0.610704 0.648049 0.617671 0.650664 0.622981 0.653510 0.628458 0.654771 0.630616 0.655424 0.631199 0.655891 0.631778 0.656685 0.632273 0.657945 0.632690 0.659344 0.632773 0.659208 0.629218 0.659443 0.628139 0.662615 0.627644 0.664112 0.627398 0.664904 0.628556 0.665648 0.630130 0.667656 0.635856 0.668914 0.637269 0.670456 0.637185 0.675031 0.631542 0.676104 0.630051 0.677411 0.628806 0.676659 0.623731 0.675911 0.618667 0.675492 0.615019 0.674979 0.610120 0.674000 0.604148 0.673018 0.602407 0.671060 0.602903 0.666206 0.604727 0.665039 0.604315 0.662844 0.602324 0.660651 0.599833 0.659531 0.598009 0.658831 0.595352 0.658177 0.591620 0.657292 0.588796 0.653370 0.580833 0.651036 0.572787 0.647302 0.564486 0.645669 0.560588 0.644503 0.557519 0.643943 0.557435 0.642870 0.559926 0.641281 0.561583 0.639742 0.563491 0.639305 0.568560 0.639141 0.570648 0.637813 0.575093 0.635286 0.580324 0.634375 0.584630
10 0.484365 0.483648 0.484729 0.492685 0.486583 0.509472 0.488560 0.525389 0.489742 0.536440 0.490427 0.541333 0.492305 0.547440 0.492805 0.552440 0.491992 0.556880 0.491867 0.558551 0.493680 0.566546 0.494680 0.567213 0.494365 0.561102 0.497992 0.561431 0.498177 0.576097 0.496992 0.579315 0.492620 0.595315 0.491826 0.598509 0.491534 0.600056 0.488742 0.610088 0.488242 0.612088 0.488182 0.613750 0.488307 0.614861 0.489182 0.615861 0.494490 0.620856 0.496680 0.622306 0.498117 0.623639 0.499802 0.624417 0.501365 0.621194 0.502799 0.617755 0.504174 0.614972 0.505115 0.613199 0.504174 0.594204 0.503424 0.575324 0.504674 0.572431 0.507112 0.565769 0.508672 0.560773 0.508987 0.557324 0.511299 0.556662 0.512984 0.556213 0.514172 0.555329 0.515547 0.554769 0.516112 0.552546 0.516732 0.549773 0.517357 0.547324 0.517922 0.544000 0.516297 0.531889 0.513794 0.512667 0.510836 0.487343 0.509836 0.481898 0.509336 0.478458 0.509648 0.475569 0.509773 0.471125 0.507836 0.462574 0.508148 0.462241 0.504924 0.461023 0.501990 0.459690 0.500677 0.458917 0.499487 0.458694 0.497177 0.459583 0.493990 0.462134 0.493680 0.464912 0.484745 0.480685
10 0.535547 0.399639 0.534742 0.402338 0.531497 0.406065 0.523250 0.415829 0.521008 0.418787 0.518549 0.420458 0.515224 0.422255 0.510091 0.422769 0.509370 0.424315 0.503659 0.424699 0.505104 0.420713 0.508214 0.416343 0.507055 0.412875 0.505682 0.406579 0.504958 0.402722 0.505104 0.398352 0.525635 0.399380
1 0.566469 0.762370 0.569331 0.769759 0.575573 0.786620 0.574615 0.785389 0.571268 0.779509 0.565823 0.763731
6 0.681875 0.703032 0.679271 0.708403 0.677474 0.711088 0.675833 0.709190 0.678177 0.700139 0.678594 0.698843 0.679664 0.699111 0.680990 0.700880
5 0.553201 0.453139 0.561875 0.456222 0.572719 0.460338 0.583852 0.463421 0.593320 0.465731 0.608214 0.469074 0.617240 0.470509 0.616164 0.489380 0.614865 0.502875 0.614719 0.503648 0.599320 0.501718 0.580727 0.497194 0.574083 0.495741 0.577271 0.492968 0.578784 0.490949 0.579159 0.486245 0.578674 0.483560 0.577755 0.483750 0.576464 0.486051 0.575812 0.488352 0.575276 0.490667 0.574359 0.492671 0.572740 0.494019 0.566740 0.491144 0.560833 0.486796 0.556063 0.480245 0.552013 0.474074 0.551146 0.471245 0.551870 0.460065
1 0.469169 0.544185 0.473109 0.558843 0.475484 0.566838 0.477177 0.571991 0.475109 0.571838 0.470984 0.557509 0.469589 0.553227 0.468747 0.549245 0.467534 0.545514 0.467581 0.544764 0.468516 0.544352
2 0.528104 0.443157 0.527417 0.446824 0.526354 0.448602 0.525479 0.451375 0.526466 0.468301 0.529693 0.470454 0.535703 0.473537 0.538284 0.474755 0.540302 0.476046 0.541995 0.477194 0.542398 0.477481 0.543029 0.476565 0.543120 0.473736 0.542701 0.472245 0.542375 0.470505 0.542523 0.468519 0.542474 0.465028 0.543286 0.465139 0.544599 0.464917 0.540391 0.458361 0.536695 0.452903 0.532547 0.447329 0.529234 0.443671
7 0.424753 0.393315 0.426107 0.401745 0.427771 0.411519 0.442854 0.413093 0.459714 0.415093 0.475206 0.397509 0.460464 0.397444 0.458529 0.400370 0.454656 0.400713 0.451271 0.400713 0.449625 0.400713 0.448367 0.401745 0.447786 0.402778 0.446625 0.402949 0.445852 0.400713 0.445076 0.398819 0.445076 0.396069 0.444786 0.394866 0.442753 0.393144
7 0.417883 0.394347 0.419430 0.403120 0.419914 0.406907 0.419914 0.409662 0.411036 0.408843 0.408930 0.408648 0.405687 0.406907 0.405687 0.402949 0.406076 0.395898 0.405979 0.393486
8 0.477216 0.645319 0.480911 0.646019 0.481458 0.650741 0.479307 0.648421
8 0.515938 0.582144 0.514740 0.584213 0.512396 0.582685 0.514221 0.580616
1 0.517922 0.544000 0.520388 0.547171 0.521667 0.549444 0.522682 0.551250 0.523529 0.552236 0.525117 0.554509 0.528161 0.560241 0.528281 0.560616 0.527469 0.561898 0.525057 0.556866 0.521682 0.551185 0.518669 0.546685 0.517615 0.545296
1 0.523385 0.532593 0.523924 0.535611 0.525740 0.542778 0.526870 0.547153 0.527393 0.549019 0.528643 0.549162 0.528362 0.546435 0.527635 0.544213 0.526594 0.540394 0.524922 0.533852 0.523836 0.531759
1 0.525607 0.571681 0.526432 0.575000 0.526719 0.576343 0.528828 0.582134 0.529714 0.584491 0.529193 0.585694 0.527008 0.580972 0.525563 0.577241 0.524862 0.574421 0.524534 0.572676 0.524932 0.571241
3 0.416180 0.434824 0.418526 0.433356 0.420810 0.430537 0.422320 0.429407 0.422271 0.433694 0.418018 0.437417 0.416307 0.439444
2 0.422320 0.429407 0.422383 0.441023 0.425810 0.439333 0.425430 0.432116 0.425049 0.427602
2 0.415786 0.428505 0.416484 0.443843 0.413607 0.445199 0.411615 0.446171 0.411299 0.430852 0.411951 0.427255 0.412677 0.426815
2 0.489341 0.453343 0.490154 0.455898 0.491216 0.458120 0.493990 0.462134 0.493680 0.464912 0.484745 0.480685 0.477346 0.493106 0.474471 0.497662 0.469724 0.503440 0.469036 0.491106 0.470349 0.472671 0.474409 0.459454 0.474784 0.457898 0.476159 0.461009 0.476909 0.461782 0.477721 0.460787 0.477409 0.458343 0.475659 0.456231 0.475159 0.454343 0.475034 0.451898 0.475096 0.449676 0.475784 0.448454 0.478099 0.448769 0.481398 0.449634 0.485016 0.451648
2 0.411094 0.298981 0.414521 0.305972 0.416029 0.310875 0.415190 0.314000 0.410924 0.319352 0.408583 0.322625 0.410758 0.324111 0.413435 0.321731 0.417617 0.315782 0.419206 0.313106 0.418286 0.305972 0.416865 0.302403 0.413362 0.297269 0.411690 0.294486 0.410500 0.294583 0.409096 0.295736 0.405406 0.300972 0.408206 0.303630
2 0.352086 0.306630 0.353604 0.300458 0.354617 0.296606 0.355122 0.294292 0.357010 0.292829 0.361609 0.287921 0.365039 0.293569 0.369297 0.304491 0.369427 0.305556 0.369898 0.306667 0.371951 0.306477 0.373461 0.305796 0.373086 0.304546 0.369305 0.300264 0.366464 0.293269 0.363862 0.285028 0.362922 0.283361 0.361615 0.282088 0.360242 0.282343 0.359102 0.284352 0.355422 0.289852 0.353414 0.293870 0.350068 0.300412 0.348958 0.306481 0.349000 0.306282
2 0.361609 0.287921 0.365039 0.293569 0.369297 0.304491 0.369427 0.305556 0.367266 0.306111 0.365961 0.305912 0.362615 0.300856 0.360104 0.296546 0.357930 0.293569 0.357010 0.292829
2 0.350987 0.278699 0.353078 0.275875 0.359102 0.284352 0.355422 0.289852 0.353161 0.286134 0.351656 0.284500 0.351490 0.286134 0.353078 0.290894 0.353414 0.293870 0.350068 0.300412 0.348479 0.293718 0.349148 0.291190 0.349984 0.288815 0.349734 0.286435 0.350318 0.283606 0.350904 0.280634
2 0.562375 0.511704 0.556432 0.514491 0.552440 0.514588 0.552357 0.513477 0.551771 0.509912 0.549846 0.504407 0.546586 0.497718 0.546068 0.496486 0.547318 0.495931 0.555445 0.503579 0.561745 0.510463
2 0.561701 0.538718 0.563159 0.537472 0.564888 0.536801 0.565318 0.535648 0.564346 0.531810 0.563698 0.529407 0.563375 0.527583 0.563753 0.525662 0.564995 0.524991 0.566615 0.525954 0.569099 0.528736 0.571313 0.531625 0.571872 0.532116 0.572826 0.533153 0.574013 0.534111 0.574500 0.535458 0.574013 0.537472 0.571799 0.537954 0.568422 0.539606 0.568281 0.540000 0.566458 0.546065 0.562021 0.539903
10 0.660737 0.760755 0.661174 0.780861 0.658039 0.779162 0.655354 0.778046 0.655505 0.774046 0.655794 0.766593 0.655732 0.765440 0.656365 0.764792 0.658203 0.764329 0.659294 0.762852
2 0.515422 0.626620 0.518203 0.631065 0.514901 0.637204
2 0.508393 0.614819 0.508305 0.615843 0.512253 0.631213 0.512656 0.632176 0.513036 0.621634
10 0.515156 0.523426 0.516297 0.531889 0.517005 0.536528 0.517943 0.537824 0.518750 0.538611 0.519661 0.539444 0.520547 0.540000 0.521953 0.540694 0.523333 0.541157 0.524167 0.541157 0.524948 0.541065 0.525156 0.540417 0.523924 0.535611 0.523385 0.532593 0.522896 0.533046 0.520802 0.533046 0.519284 0.532537 0.518984 0.525556 0.518490 0.525787 0.517083 0.525093
6 0.430818 0.544773 0.439690 0.553375 0.442635 0.555815 0.441917 0.559319 0.441568 0.558829 0.433490 0.550912 0.427187 0.545190 0.426622 0.543694
8 0.489516 0.616306 0.487484 0.619454 0.487120 0.615148 0.488182 0.613750 0.488307 0.614861 0.489182 0.615861
5 0.448625 0.223412 0.446513 0.232435 0.445935 0.235523 0.446078 0.237963 0.446513 0.237963 0.449188 0.237704 0.451935 0.243361 0.455909 0.254157 0.460609 0.257241 0.464151 0.259556 0.468706 0.259810 0.469719 0.261481 0.471596 0.263023 0.474271 0.265468 0.474245 0.268009 0.475052 0.269352 0.477380 0.270606 0.478490 0.272917 0.478880 0.275231 0.478802 0.277037 0.479404 0.279218 0.479333 0.282815 0.477453 0.290269 0.475357 0.296051 0.473766 0.298106 0.472753 0.300167 0.472104 0.301708 0.472031 0.304532 0.472753 0.306593 0.473693 0.307875 0.473766 0.309032 0.474055 0.312375 0.474560 0.313787 0.474922 0.315972 0.475935 0.318287 0.476659 0.320343 0.477453 0.321630 0.478776 0.322222 0.482865 0.321991 0.480703 0.316898 0.480286 0.312130 0.482969 0.309491 0.488151 0.306111 0.488440 0.304921 0.488151 0.302477 0.488370 0.295412 0.488151 0.287056 0.486779 0.282560 0.485839 0.279218 0.485659 0.277250 0.485581 0.276250 0.480036 0.266861 0.472313 0.251153 0.471917 0.248454 0.470794 0.244699 0.468484 0.239532 0.467760 0.237421 0.467495 0.235065 0.466768 0.232144 0.462612 0.225569 0.457464 0.215819 0.455021 0.210657 0.453635 0.210190 0.452250 0.210306 0.450305 0.214588
2 0.627958 0.717528 0.630174 0.725120 0.630734 0.727690 0.631154 0.729185 0.631716 0.730431 0.632135 0.731593 0.632695 0.732171 0.633349 0.732005 0.633674 0.731343 0.634141 0.731259 0.634052 0.729120 0.633391 0.725963 0.632169 0.722736 0.630602 0.717718 0.629685 0.716204 0.628333 0.716481
2 0.533992 0.444782 0.536164 0.443995 0.537352 0.443227 0.538271 0.442843 0.539836 0.442653 0.541023 0.441597 0.541888 0.440829 0.543779 0.442079 0.545128 0.444093 0.547234 0.446972 0.548044 0.448991 0.548703 0.450440 0.548380 0.451593 0.548380 0.452551 0.548919 0.453319 0.549458 0.453319 0.550690 0.456477 0.551393 0.458204 0.551870 0.460065 0.551146 0.471245 0.545031 0.462505 0.537690 0.452463 0.531758 0.444866
10 0.434552 0.487639 0.437518 0.494907 0.440266 0.503903 0.441857 0.509815 0.442240 0.511176 0.441734 0.513106 0.440867 0.517731 0.439203 0.516574 0.437542 0.511949 0.432057 0.496667 0.429792 0.492361 0.426997 0.486370 0.427846 0.484088 0.428714 0.482931 0.430378 0.482671 0.431318 0.481259 0.431542 0.481106 0.432646 0.482514
2 0.425490 0.467269 0.426740 0.467556 0.428354 0.467343 0.429885 0.466769 0.430815 0.462394 0.431380 0.460019 0.436237 0.458597 0.443948 0.455574 0.442760 0.457014 0.438737 0.463435 0.437646 0.463870 0.436760 0.465009 0.434060 0.472037 0.434099 0.475551 0.432646 0.482514 0.431177 0.480463 0.430740 0.479972 0.429510 0.478815 0.427773 0.475477 0.425896 0.468921
2 0.422208 0.455940 0.422792 0.459176 0.423331 0.461574 0.425896 0.468921 0.427773 0.475477 0.429510 0.478815 0.430740 0.479972 0.431318 0.481259 0.430378 0.482671 0.428714 0.482931 0.427846 0.484088 0.426997 0.486370 0.429753 0.492421 0.429229 0.496296 0.427159 0.503074 0.424839 0.502306 0.420896 0.499523 0.417763 0.498468 0.416036 0.498370 0.413174 0.500389 0.412039 0.500097 0.410961 0.500194 0.410042 0.501537 0.409609 0.501537 0.407857 0.502907 0.405430 0.498148 0.414672 0.473315
2 0.399766 0.472500 0.403221 0.466449 0.404247 0.464532 0.406193 0.462130 0.410565 0.458005 0.410943 0.456083 0.411862 0.453778 0.413049 0.452338 0.415102 0.451569 0.416128 0.450708 0.417208 0.450037 0.419477 0.450130 0.420771 0.451282 0.421419 0.453778 0.418938 0.460380 0.409234 0.483130 0.403547 0.496366 0.402919 0.493648 0.401547 0.484528
8 0.405430 0.498148 0.407857 0.502907 0.408943 0.506477 0.410365 0.512500 0.412958 0.518667 0.413292 0.521644 0.413628 0.525954 0.414966 0.529968 0.416888 0.531458 0.424250 0.533241 0.435206 0.536810 0.441063 0.538894 0.443320 0.541569 0.449174 0.548407 0.456805 0.559148 0.463479 0.564319 0.463479 0.567889 0.462641 0.570417 0.461388 0.571903 0.459128 0.571009 0.448758 0.558667 0.444156 0.552273 0.441479 0.548556 0.439641 0.546176 0.434536 0.546176 0.424701 0.542949 0.422286 0.541292 0.416279 0.539023 0.408844 0.525153 0.404208 0.514995 0.404284 0.504704 0.404284 0.499306
2 0.469977 0.508542 0.473909 0.508394 0.475581 0.508838 0.477255 0.510477 0.478508 0.511514 0.480768 0.513005 0.481938 0.514787 0.484948 0.517019 0.485451 0.520139 0.484781 0.522968 0.484365 0.528023 0.484365 0.531889 0.483862 0.536051 0.481435 0.539769 0.480432 0.537833 0.479177 0.534417 0.478008 0.536199 0.477839 0.539917 0.477422 0.543338 0.475331 0.547500 0.474242 0.547949 0.472151 0.546759 0.471148 0.544380 0.469448 0.541611 0.468935 0.540532 0.467115 0.539537 0.465208 0.539176 0.466174 0.529185 0.469359 0.529074 0.470734 0.527852 0.470859 0.524741
7 0.546542 0.477199 0.550818 0.478204 0.552148 0.478995 0.553479 0.480213 0.553922 0.481574 0.549109 0.495079 0.543531 0.490745 0.545065 0.483431
2 0.542523 0.468519 0.548010 0.469236 0.545065 0.483431 0.543531 0.490745 0.540693 0.488009 0.539151 0.486352 0.537984 0.485356 0.534953 0.485102 0.534719 0.484278 0.535372 0.481625 0.536630 0.477806 0.542440 0.481426 0.542964 0.481426 0.543367 0.480708 0.543326 0.479773 0.543245 0.478773 0.543164 0.477981 0.542398 0.477481 0.543029 0.476565 0.543120 0.473736 0.542701 0.472245 0.542375 0.470505
2 0.443198 0.466088 0.445349 0.462856 0.446721 0.461440 0.449180 0.460796 0.450552 0.460796 0.452143 0.460796 0.453878 0.462083 0.455253 0.463884 0.456120 0.465426 0.456625 0.468125 0.455570 0.480139 0.455727 0.483653 0.454484 0.480968 0.453404 0.479144 0.452055 0.476551 0.451081 0.475208 0.449948 0.473769 0.448599 0.472903 0.446924 0.472134 0.445628 0.471176 0.444872 0.469639 0.443953 0.467528
2 0.442227 0.464551 0.443198 0.466088 0.443953 0.467528 0.444872 0.469639 0.445628 0.471176 0.446924 0.472134 0.448599 0.472903 0.449948 0.473769 0.451081 0.475208 0.452055 0.476551 0.453404 0.479144 0.454484 0.480968 0.455727 0.483653 0.455643 0.484509 0.456148 0.486694 0.456583 0.488366 0.457232 0.490806 0.456872 0.494921 0.458102 0.496204 0.459547 0.498134 0.461497 0.499032 0.461219 0.504148 0.461018 0.508037 0.460203 0.506310 0.459505 0.504296 0.458857 0.502472 0.458479 0.500551 0.457779 0.498532 0.456859 0.496806 0.455721 0.494884 0.454917 0.492681 0.453404 0.490856 0.452266 0.489991 0.450055 0.489796 0.448052 0.489894 0.446708 0.489991 0.445516 0.489796 0.441307 0.485958 0.439094 0.483366 0.438500 0.481444 0.437961 0.479333 0.437852 0.477032 0.438013 0.474532 0.439089 0.469972
2 0.548703 0.450440 0.553130 0.446981 0.560151 0.441991 0.562831 0.442213 0.562742 0.444389 0.562148 0.444870 0.558315 0.446981 0.555669 0.447944 0.554266 0.449861 0.551620 0.451972 0.549458 0.453319 0.548919 0.453319 0.548380 0.452551 0.548380 0.451593
2 0.495122 0.399069 0.492396 0.408519 0.489935 0.399630 0.489372 0.397963
2 0.489935 0.399630 0.492935 0.410847 0.493435 0.414176 0.493310 0.414954 0.494060 0.418398 0.493219 0.425421 0.490372 0.425620 0.491372 0.416176 0.491313 0.414019 0.490633 0.411472 0.488281 0.402685 0.488435 0.400625 0.488398 0.398042 0.489372 0.397963
2 0.488281 0.402685 0.490633 0.411472 0.491313 0.414019 0.488828 0.422273 0.487242 0.423361 0.487747 0.419764
10 0.455570 0.480139 0.456872 0.466259 0.458534 0.451866 0.459258 0.450708 0.464372 0.449093 0.465690 0.450194 0.466198 0.451736 0.465625 0.457264 0.464479 0.470032 0.461497 0.499032 0.459547 0.498134 0.458102 0.496204 0.456872 0.494921 0.457232 0.490806 0.456583 0.488366 0.456148 0.486694 0.455643 0.484509
2 0.598503 0.420560 0.599568 0.420222 0.600318 0.424440 0.602568 0.424662 0.602568 0.426995 0.603130 0.433551 0.602755 0.437435 0.601818 0.439991 0.601505 0.442102 0.601818 0.444991 0.597115 0.444958 0.588010 0.444991 0.584823 0.445657 0.583448 0.447546 0.582885 0.450764 0.581635 0.453208 0.581885 0.459208 0.582635 0.462875 0.572719 0.460338 0.566391 0.457875 0.567453 0.456208 0.568453 0.454986 0.566578 0.447880 0.563018 0.447769 0.562831 0.442213 0.563143 0.438769 0.563393 0.435218 0.564456 0.432662 0.569445 0.428250 0.573039 0.426259 0.574701 0.425773 0.577576 0.425995 0.580893 0.425657 0.583326 0.426431 0.584349 0.426042 0.585130 0.424157 0.586792 0.424417
2 0.534732 0.418083 0.535336 0.416435 0.537674 0.413134 0.538724 0.410546 0.539773 0.408394 0.541023 0.406898 0.542635 0.406394 0.544734 0.405894 0.546750 0.406394 0.547961 0.407463 0.554648 0.407319 0.555419 0.407194 0.574432 0.406167 0.575732 0.404236 0.577755 0.404495 0.580503 0.406296 0.582818 0.407579 0.585346 0.409634 0.585781 0.411306 0.584914 0.413361 0.583685 0.415935 0.583396 0.419148 0.583539 0.421204 0.584047 0.422875 0.585130 0.424157 0.584349 0.426042 0.583326 0.426431 0.580893 0.425657 0.576951 0.424028 0.571779 0.423278 0.567578 0.421778 0.564732 0.421361 0.564500 0.422773 0.560102 0.422199 0.553839 0.420282 0.546646 0.416750 0.544523 0.417417 0.542523 0.420750 0.540648 0.423306 0.539026 0.428417 0.536401 0.433417 0.531758 0.444866 0.528495 0.441000 0.532677 0.429699 0.539120 0.417944 0.539953 0.416167 0.537109 0.416463
10 0.631354 0.590301 0.634596 0.593278 0.635495 0.595602 0.636755 0.598176 0.637690 0.599500 0.638388 0.601329 0.639276 0.603486 0.640208 0.604977 0.644596 0.610704 0.647203 0.616370 0.646719 0.616801 0.645266 0.617875 0.643169 0.618880 0.637966 0.622250 0.637339 0.620426 0.636635 0.620329 0.634919 0.618046 0.633451 0.616491 0.631992 0.616009 0.629401 0.614472 0.627672 0.613704 0.625674 0.613514 0.624378 0.614088 0.624010 0.607222 0.625677 0.602361 0.625781 0.597037 0.626979 0.595093 0.630703 0.590972
1 0.655932 0.641694 0.657333 0.639620 0.658359 0.638620 0.658966 0.638292 0.659526 0.638375 0.659573 0.639120 0.659385 0.639949 0.658453 0.640699 0.656633 0.642023
10 0.673018 0.602407 0.672544 0.597569 0.672794 0.593255 0.673128 0.591472 0.674635 0.590282 0.676641 0.589833 0.677979 0.589833 0.679151 0.591620 0.682831 0.603963 0.683919 0.606639 0.684672 0.608870 0.686344 0.609167 0.689104 0.624481 0.693872 0.651097 0.701401 0.695264 0.707005 0.726190 0.710099 0.743736 0.709766 0.756227 0.708594 0.775560 0.708427 0.781954 0.706669 0.784185 0.705583 0.782699 0.705583 0.776005 0.704914 0.770505 0.700982 0.746116 0.699057 0.733032 0.698333 0.728611 0.696966 0.715042 0.693622 0.693926 0.688518 0.670431 0.682664 0.645449 0.679745 0.634944 0.679276 0.631792 0.678812 0.629968 0.677411 0.628806 0.676659 0.623731 0.675911 0.618667 0.675492 0.615019 0.674979 0.610120 0.674000 0.604148
8 0.660125 0.594218 0.665724 0.595546 0.669224 0.597454 0.672026 0.599028 0.672445 0.599528 0.672164 0.600440 0.671557 0.601019 0.669224 0.600356 0.663672 0.598532 0.660591 0.597949 0.659797 0.597287 0.659424 0.596625 0.658831 0.595352 0.659484 0.595218
2 0.618109 0.737940 0.619742 0.738102 0.623417 0.739273 0.624302 0.739560 0.625148 0.741301 0.627091 0.747352 0.623411 0.749259 0.618359 0.746852 0.617195 0.745500
2 0.608393 0.709329 0.611620 0.711046 0.615573 0.713560 0.617826 0.714657 0.619161 0.713917 0.617982 0.711111 0.613359 0.708750 0.609219 0.705694
2 0.591768 0.692579 0.592680 0.694574 0.593852 0.696375 0.595544 0.697671 0.597549 0.698597 0.599685 0.700032 0.601299 0.700912 0.600073 0.702718 0.599513 0.703546 0.598747 0.703088 0.597159 0.701838 0.595258 0.700361 0.593643 0.699019 0.592289 0.697630 0.591299 0.696514 0.590466 0.695125 0.590102 0.693829
10 0.591417 0.713144 0.592344 0.713750 0.593117 0.714083 0.593211 0.712921 0.595732 0.711926 0.598047 0.710139 0.598805 0.709343 0.600974 0.706769 0.602872 0.704458 0.604365 0.703051 0.607120 0.691185 0.606185 0.690685 0.605766 0.692843 0.605065 0.694755 0.604365 0.696495 0.603292 0.698236 0.601938 0.700144 0.600073 0.702718 0.599513 0.703546 0.598526 0.704977 0.596146 0.707602 0.594844 0.708773 0.593677 0.708856 0.592698 0.708690 0.592138 0.708194 0.591716 0.704708 0.590781 0.699935 0.587708 0.700958 0.588956 0.704968
10 0.579758 0.705394 0.582500 0.703056 0.583813 0.702889 0.585922 0.702333 0.586562 0.702083 0.589521 0.711708 0.583750 0.707824
10 0.558596 0.715630 0.562969 0.713519 0.577206 0.722514 0.580682 0.724940 0.580034 0.725903 0.578500 0.725852 0.575315 0.726333 0.571049 0.727389 0.567917 0.727546 0.564635 0.723009 0.560807 0.718333
10 0.567917 0.727546 0.571049 0.727389 0.575315 0.726333 0.578500 0.725852 0.580984 0.726333 0.582982 0.727102 0.585789 0.728255 0.594143 0.733731 0.599831 0.736894 0.599505 0.739120 0.597885 0.739292 0.596104 0.737949 0.593349 0.736222 0.591568 0.736315 0.590164 0.736412 0.587625 0.735606 0.583396 0.733574 0.581523 0.733731 0.578997 0.733991 0.577474 0.733981 0.576104 0.735023 0.574875 0.735023 0.573432 0.736056 0.570607 0.737463 0.570172 0.741060 0.569958 0.742352 0.569599 0.743759 0.568797 0.745569 0.568438 0.744676 0.568281 0.742731 0.568438 0.740940 0.569401 0.736620 0.569740 0.734259 0.569688 0.731759 0.569167 0.729676
10 0.629427 0.798060 0.630646 0.798556 0.634133 0.798370 0.636086 0.797995 0.637305 0.797690 0.638664 0.797440 0.640094 0.797380 0.641385 0.797565 0.642326 0.797995 0.642641 0.798306 0.643198 0.798991 0.644138 0.800167 0.644974 0.801097 0.644906 0.802088 0.644630 0.802644 0.643799 0.802681 0.643357 0.801940 0.642211 0.801245 0.640883 0.801153 0.637523 0.802218 0.633826 0.803560 0.628461 0.803745 0.627055 0.803560 0.625648 0.802727 0.623799 0.801153 0.625255 0.800116
2 0.646318 0.783912 0.645034 0.784032 0.644547 0.784653 0.644859 0.795935 0.645174 0.800769 0.647125 0.799343 0.648833 0.796491 0.649224 0.793685
2 0.652703 0.779611 0.652945 0.781653 0.652320 0.783204 0.650542 0.784380 0.649810 0.786861 0.649214 0.788407 0.647964 0.784755 0.649008 0.778741 0.650052 0.778681
15 0.644617 0.773968 0.647789 0.775269 0.649323 0.778056 0.649870 0.777361 0.649271 0.775926 0.652216 0.777130 0.653995 0.777750 0.653924 0.780042 0.650052 0.778681 0.649008 0.778741 0.647964 0.784755 0.645174 0.776505
15 0.624719 0.767306 0.633792 0.770185 0.636143 0.770440 0.636385 0.771375 0.637232 0.771875 0.637732 0.771144 0.643307 0.773935 0.646318 0.783912 0.641784 0.782472 0.640055 0.781704 0.636518 0.779042 0.628289 0.771856 0.623721 0.767894
15 0.655354 0.778046 0.658039 0.779162 0.662047 0.781454 0.655289 0.791009 0.655208 0.785833
10 0.581174 0.777028 0.583635 0.779898 0.585693 0.782773 0.588154 0.784199 0.590130 0.784917 0.598641 0.790009 0.602513 0.791801 0.603320 0.793588 0.605901 0.800046 0.600698 0.798185 0.591904 0.793380 0.585008 0.789579 0.583271 0.788074 0.582224 0.787139 0.580958 0.783042 0.580052 0.779181
10 0.603365 0.813542 0.602701 0.812486 0.602352 0.811560 0.602352 0.810690 0.602284 0.809329 0.602563 0.808273 0.603294 0.807593 0.604130 0.807218 0.605245 0.806972 0.606326 0.807032 0.607443 0.807838 0.607755 0.808583 0.608174 0.809949 0.605560 0.812171
10 0.612190 0.809699 0.612997 0.810634 0.613117 0.811778 0.612997 0.812926 0.612370 0.814421 0.611482 0.814671 0.611482 0.816245 0.610698 0.816583 0.609849 0.816727 0.609052 0.817037 0.608034 0.815579 0.607268 0.814218 0.607148 0.813644 0.608628 0.812514
10 0.612370 0.814421 0.615122 0.818653 0.615964 0.820477 0.616943 0.819481 0.617878 0.819981 0.621424 0.828528 0.618857 0.832509 0.614424 0.824546 0.614424 0.823301 0.612977 0.820477 0.612276 0.818236 0.611482 0.816245 0.611482 0.814671
2 0.613557 0.828806 0.616206 0.832588 0.616974 0.833519 0.614792 0.837032
2 0.516281 0.466241 0.510461 0.463241 0.511896 0.469903 0.512083 0.471458 0.511771 0.478236 0.511271 0.485787 0.510836 0.487343 0.512891 0.504199 0.513036 0.503949 0.514927 0.509995 0.517734 0.518347 0.518750 0.520255 0.518273 0.508884 0.517258 0.480611
2 0.481435 0.539769 0.482940 0.539194 0.485758 0.539194 0.488000 0.539194 0.489445 0.539449 0.490096 0.539579 0.490427 0.541333 0.492305 0.547440 0.492805 0.552440 0.491992 0.556880 0.491867 0.558551 0.493466 0.565718 0.483339 0.556093 0.477177 0.550366 0.477302 0.547806 0.477302 0.545875 0.477422 0.543338 0.477839 0.539917 0.478008 0.536199 0.479177 0.534417 0.480432 0.537833
2 0.469724 0.503440 0.470859 0.524741 0.470734 0.527852 0.469359 0.529074 0.466174 0.529185 0.467578 0.511727 0.469036 0.491106
2 0.446195 0.499792 0.447086 0.499005 0.448385 0.498528 0.449247 0.497764 0.449786 0.497560 0.451193 0.499005 0.453404 0.501884 0.455672 0.503514 0.457940 0.504005 0.458857 0.502472 0.459505 0.504296 0.460203 0.506310 0.461018 0.508037 0.458651 0.533412 0.455974 0.528269 0.452794 0.523644 0.445276 0.516833 0.442674 0.513620 0.441734 0.513106 0.442240 0.511176 0.442583 0.510431 0.449013 0.514185 0.451182 0.504676 0.450315 0.503005
2 0.435385 0.485431 0.438195 0.487542 0.439195 0.489208 0.440570 0.489986 0.445516 0.489796 0.446708 0.489991 0.448052 0.489894 0.450055 0.489796 0.452266 0.489991 0.453404 0.490856 0.454917 0.492681 0.455721 0.494884 0.456859 0.496806 0.457779 0.498532 0.458479 0.500551 0.458857 0.502472 0.457940 0.504005 0.455672 0.503514 0.453404 0.501884 0.451193 0.499005 0.449786 0.497560 0.449247 0.497764 0.448385 0.498528 0.447086 0.499005 0.445469 0.498051 0.444607 0.496417 0.443469 0.494875 0.441365 0.493917 0.436883 0.493250 0.434552 0.487639
2 0.607604 0.821431 0.609927 0.824926 0.610576 0.826556 0.610591 0.827324 0.611758 0.839852 0.608401 0.844144 0.599706 0.828782 0.597383 0.824750 0.599578 0.824088 0.605971 0.821597
14 0.588781 0.842157 0.591773 0.840083 0.593029 0.838759 0.594294 0.836681 0.594294 0.834773 0.594570 0.832699 0.604404 0.849616 0.600891 0.853125 0.599661 0.846440 0.596768 0.847338 0.591406 0.853056 0.590797 0.850889
2 0.599578 0.824088 0.605971 0.821597 0.607604 0.821431 0.609284 0.821597 0.610544 0.822347 0.610591 0.827324 0.611758 0.839852 0.612552 0.839435 0.614792 0.837032 0.612971 0.824917 0.612271 0.820602 0.610966 0.817949 0.609052 0.817037 0.606951 0.817037 0.605083 0.817949 0.600745 0.818032 0.595344 0.821440 0.597383 0.824750
2 0.585802 0.796079 0.591904 0.802991 0.599732 0.811343 0.600812 0.812301 0.601138 0.812972 0.600706 0.814125 0.599409 0.815565 0.594711 0.810287 0.585547 0.800130 0.584953 0.797056 0.585154 0.795787
2 0.586284 0.818093 0.585586 0.819949 0.585273 0.820819 0.584958 0.821870 0.584924 0.822551 0.585240 0.822616 0.586076 0.822616 0.587052 0.822245 0.588445 0.821745 0.589677 0.823963 0.584581 0.826338 0.583599 0.822245 0.583810 0.820630 0.584159 0.818773 0.584576 0.817407 0.585029 0.815736
2 0.588828 0.810306 0.593870 0.812546 0.597182 0.814454 0.599190 0.816032 0.599284 0.816444 0.596576 0.818356 0.592096 0.815449 0.589932 0.812176
8 0.575245 0.786449 0.576979 0.788727 0.577852 0.790153 0.583615 0.801042 0.584682 0.805602 0.583711 0.810398 0.584521 0.811648 0.585331 0.811838 0.586044 0.805167 0.587070 0.806898 0.589932 0.812176 0.594594 0.819556 0.595344 0.821440 0.599706 0.828782 0.608401 0.844144 0.604404 0.849616 0.590651 0.825981 0.589677 0.823963 0.581185 0.809102 0.579375 0.806162 0.575471 0.799352 0.574315 0.797644 0.573086 0.794431 0.564549 0.780079 0.563023 0.777236 0.561490 0.774236 0.560935 0.772338 0.563219 0.767912 0.564659 0.766097 0.571268 0.779509 0.574615 0.785389
2 0.615615 0.671815 0.617107 0.676333 0.620172 0.685435 0.622247 0.692796 0.622091 0.694583 0.621641 0.695185 0.621146 0.695046 0.620698 0.695116 0.616703 0.683139 0.615734 0.678917
5 0.323034 0.335565 0.325609 0.340343 0.326393 0.343130 0.326505 0.347509 0.326169 0.353681 0.327849 0.358657 0.330201 0.364032 0.332216 0.369009 0.333000 0.374583 0.333784 0.379361 0.333112 0.380551 0.330872 0.376574 0.326505 0.371398 0.323146 0.366819 0.321578 0.362241 0.321578 0.354875 0.322008 0.344921 0.322620 0.337185
10 0.440867 0.517731 0.441083 0.519403 0.445536 0.530773 0.449531 0.541139 0.453203 0.548435 0.454177 0.550644 0.454456 0.552301 0.457203 0.552046 0.457383 0.547333 0.458651 0.533412 0.455974 0.528269 0.452794 0.523644 0.445276 0.516833 0.442674 0.513620 0.441734 0.513106
2 0.519687 0.638287 0.523466 0.654218 0.524797 0.658972 0.525375 0.661157 0.526214 0.665014 0.520503 0.662315 0.516091 0.645477 0.516698 0.644380 0.519323 0.639028
2 0.489286 0.570269 0.489391 0.571477 0.490104 0.572444 0.490341 0.572931 0.490547 0.574019 0.490852 0.574986 0.491294 0.576194 0.491500 0.576620 0.492385 0.576681 0.493406 0.576194 0.493917 0.575653 0.494221 0.575106
2 0.494680 0.567213 0.496172 0.568037 0.498086 0.570194 0.497992 0.561431 0.494365 0.561102
2 0.497875 0.443394 0.499148 0.444690 0.500060 0.444528 0.504617 0.439667 0.506940 0.437560 0.507896 0.436426 0.509492 0.437560 0.509492 0.439264 0.508216 0.440963 0.506893 0.442745 0.504344 0.444606 0.502339 0.445662 0.500563 0.446227 0.498875 0.446634 0.497510 0.445986 0.496643 0.444204
2 0.485961 0.597241 0.483750 0.595139 0.474471 0.590028 0.470203 0.587796 0.470013 0.588611 0.473534 0.591685 0.477370 0.594296 0.481659 0.596759 0.482784 0.597685 0.483953 0.597389
10 0.592109 0.669435 0.594445 0.667806 0.596695 0.667028 0.597755 0.666139 0.599630 0.666139 0.600943 0.668139 0.601505 0.671250 0.601943 0.673250 0.602380 0.675472 0.602318 0.678245 0.602505 0.681801 0.602568 0.683134 0.602193 0.683690 0.597755 0.684356 0.588448 0.685134 0.583549 0.685532 0.582380 0.685676 0.575951 0.684801 0.569766 0.684690 0.566172 0.683889 0.562023 0.685315 0.561667 0.686407 0.557497 0.687083 0.555930 0.688074 0.552924 0.688773 0.541786 0.692079 0.538305 0.686722 0.536750 0.686028 0.534677 0.685569 0.532992 0.685569 0.531307 0.686722 0.527716 0.692130 0.512659 0.693241 0.512784 0.684912 0.518156 0.683023 0.534315 0.680435 0.536435 0.681532 0.538466 0.681847 0.540057 0.682319 0.542177 0.684204 0.543591 0.685458 0.546065 0.685931 0.547656 0.684833 0.549247 0.683417 0.550042 0.680903 0.550396 0.677764 0.550750 0.676190 0.553576 0.671949 0.563831 0.671139 0.573633 0.671481 0.586013 0.671481 0.588133 0.671792 0.589458 0.671167
10 0.552924 0.688773 0.557776 0.691204 0.561125 0.693250 0.564505 0.695727 0.564958 0.695046 0.569318 0.697523 0.573466 0.700685 0.574219 0.701806 0.576198 0.703750 0.583750 0.707824 0.590260 0.712269 0.592344 0.713750 0.597266 0.716481 0.600703 0.718565 0.601505 0.716546 0.601971 0.715222 0.602474 0.712699 0.603128 0.708551 0.607396 0.690185 0.612109 0.692963 0.609219 0.705509 0.608185 0.709764 0.607760 0.711806 0.606651 0.715792 0.606310 0.716963 0.606042 0.719537 0.606094 0.721713 0.614401 0.725556 0.617490 0.727042 0.618469 0.729199 0.618646 0.730926 0.618310 0.736519 0.617195 0.745500 0.616576 0.746171 0.612443 0.744278 0.601885 0.737944 0.594143 0.733731 0.577206 0.722514 0.554656 0.708181 0.548346 0.703176 0.541786 0.692079
8 0.437260 0.430315 0.449661 0.429583 0.452784 0.429153 0.473990 0.427329 0.493219 0.425421 0.511885 0.424176 0.518794 0.423926 0.517953 0.430148 0.514872 0.430731 0.483612 0.432917 0.480625 0.433648 0.473208 0.434106 0.469617 0.434611 0.466271 0.434894 0.458763 0.435898 0.453844 0.436759 0.446539 0.437116 0.444057 0.435963 0.440154 0.437204 0.438753 0.437616 0.437586 0.437699 0.436419 0.437616 0.436141 0.436537 0.436000 0.434630 0.435906 0.432722 0.436094 0.431227
10 0.527599 0.486417 0.530107 0.485968 0.532198 0.485968 0.534875 0.486269 0.536130 0.486417 0.538555 0.487009 0.540313 0.488648 0.541901 0.491023 0.543826 0.493551 0.545164 0.495782 0.546586 0.497718 0.549846 0.504407 0.551771 0.509912 0.552357 0.513477 0.552693 0.518532 0.551854 0.522102 0.551771 0.524778 0.550380 0.526898 0.548438 0.526769 0.545414 0.523315 0.542534 0.520755 0.538719 0.517556 0.536406 0.515509 0.535911 0.516852 0.537495 0.520245 0.540016 0.522801 0.546495 0.528051 0.547430 0.529843 0.546753 0.533106 0.545667 0.535782 0.545331 0.536824 0.544328 0.537866 0.542570 0.538606 0.540518 0.536370 0.538359 0.536111 0.537135 0.535856 0.536128 0.535218 0.534544 0.534833 0.531664 0.535727 0.530872 0.537903 0.531016 0.540338 0.531448 0.542384 0.528185 0.541139 0.526594 0.540394 0.524922 0.533852 0.523836 0.531759 0.525284 0.531375 0.527161 0.531250 0.528031 0.529185 0.528971 0.525847 0.528826 0.502204
4 0.370000 0.282699 0.370867 0.280514 0.371372 0.278972 0.372240 0.278074 0.373904 0.277685 0.375206 0.277944 0.376143 0.279870 0.376432 0.282185 0.379904 0.293880 0.381349 0.300690 0.376073 0.292597 0.372674 0.286810
4 0.555016 0.420731 0.557443 0.425139 0.559823 0.429694 0.560661 0.431435 0.561831 0.432847 0.563323 0.433435 0.563557 0.433843 0.563393 0.435218 0.563143 0.438769 0.562831 0.442213 0.560151 0.441991 0.553130 0.446981 0.550068 0.442222 0.546802 0.436412 0.545589 0.433097 0.545167 0.431269 0.547922 0.430773 0.548854 0.429361 0.549323 0.428366 0.549789 0.426042 0.549648 0.424880 0.548854 0.424713 0.545214 0.425801 0.544956 0.421648 0.543875 0.420495 0.543768 0.418500 0.544523 0.417417 0.546646 0.416750 0.553839 0.420282
4 0.554695 0.449343 0.557258 0.454120 0.561875 0.456222 0.566391 0.457875 0.567453 0.456208 0.568453 0.454986 0.566578 0.447880 0.563018 0.447769 0.562742 0.444389 0.562148 0.444870 0.558315 0.446981 0.555669 0.447944
4 0.596562 0.457731 0.598372 0.460296 0.599156 0.461472 0.599667 0.462759 0.599638 0.463778 0.599096 0.464903 0.597768 0.466722 0.593320 0.465731 0.589815 0.465171 0.582885 0.450764 0.583448 0.447546 0.584299 0.446315 0.584385 0.447056 0.586573 0.449500 0.589073 0.451722 0.592508 0.454833
4 0.378854 0.273505 0.376568 0.274500 0.375633 0.274917 0.375404 0.276157 0.376099 0.277819 0.380953 0.288273 0.387393 0.299972 0.388794 0.299810 0.392201 0.300556 0.393836 0.299810 0.386206 0.286907
2 0.474609 0.616162 0.471146 0.625463 0.469479 0.631236 0.469750 0.632866 0.470958 0.633829 0.472341 0.630852 0.476122 0.624324 0.477526 0.619810 0.477417 0.618370 0.476174 0.616741
10 0.476198 0.599120 0.477214 0.597731 0.479375 0.597269 0.480000 0.597454 0.480943 0.598579 0.482784 0.597685 0.483953 0.597389 0.485961 0.597241 0.487049 0.597833 0.487216 0.599472 0.487133 0.601551 0.486547 0.602296 0.486211 0.605269 0.487802 0.622815 0.489474 0.628616 0.491732 0.629213 0.493070 0.629509 0.494409 0.629657 0.495831 0.631741 0.496500 0.636944 0.498591 0.639171 0.500013 0.643338 0.501060 0.654005 0.501167 0.656505 0.501544 0.658519 0.500096 0.661778 0.497336 0.665343 0.495078 0.665940 0.492568 0.669657 0.488135 0.663856 0.481779 0.653153 0.479081 0.629181 0.478490 0.625338 0.476760 0.608838 0.476174 0.602593
13 0.434536 0.546176 0.437690 0.549648 0.441078 0.553306 0.442531 0.554310 0.443091 0.553838 0.443823 0.553375 0.444156 0.552273 0.441479 0.548556 0.439641 0.546176
10 0.514753 0.433542 0.516643 0.433542 0.517615 0.433167 0.518102 0.431236 0.518372 0.429713 0.522529 0.429810 0.523339 0.431620 0.523826 0.434120 0.523826 0.435176 0.523286 0.435847 0.524958 0.445829 0.526661 0.469944 0.528826 0.502204 0.528971 0.525847 0.528031 0.529185 0.527161 0.531250 0.525284 0.531375 0.523836 0.531759 0.522896 0.533046 0.520802 0.533046 0.519284 0.532537 0.518273 0.508884 0.517258 0.480611 0.515234 0.448222
2 0.441917 0.559319 0.443091 0.553838 0.446159 0.555014 0.448758 0.558667 0.459128 0.571009 0.461388 0.571903 0.462641 0.570417 0.463479 0.567889 0.463589 0.568403 0.462544 0.575838 0.456904 0.572907 0.449016 0.570509 0.444151 0.569111 0.440997 0.566667 0.441172 0.564060 0.441464 0.562296
13 0.413513 0.523380 0.418375 0.510611 0.421237 0.503218 0.425734 0.508940 0.428263 0.511940 0.432359 0.515986 0.441323 0.526449 0.445536 0.530773 0.449531 0.541139 0.453203 0.548435 0.454177 0.550644 0.452880 0.553426 0.449174 0.548407 0.443320 0.541569 0.441063 0.538894 0.435206 0.536810 0.424250 0.533241 0.421182 0.531250 0.414648 0.525972 0.413677 0.524532
10 0.488211 0.253509 0.489336 0.252287 0.490086 0.251954 0.491211 0.252509 0.491958 0.254176 0.494583 0.258505 0.495833 0.260505 0.495958 0.261838 0.496333 0.263616 0.497771 0.266505 0.498958 0.268394 0.499208 0.269949 0.498958 0.271389 0.498396 0.273056 0.496833 0.273833 0.495708 0.264949 0.494708 0.263060 0.493646 0.263838 0.493333 0.264282 0.493208 0.267505 0.491211 0.264171 0.488961 0.260505 0.488336 0.258505 0.487961 0.256398
4 0.399573 0.258421 0.395378 0.254523 0.394122 0.251398 0.393036 0.249171 0.392500 0.246991 0.393924 0.246130 0.397216 0.244565 0.397703 0.250037
1 0.516112 0.552546 0.517977 0.552708 0.518771 0.553120 0.519797 0.554616 0.520685 0.556356 0.522458 0.562329 0.522737 0.563574 0.520880 0.561889 0.520310 0.558681 0.519143 0.556190 0.518398 0.555028 0.517232 0.554667 0.516359 0.554356
2 0.686104 0.723630 0.687396 0.722546 0.688255 0.722037 0.689115 0.721667 0.689714 0.721574 0.690312 0.721343 0.690865 0.721921 0.689714 0.722546 0.688411 0.723287 0.687188 0.723750 0.686615 0.724167
2 0.489245 0.268519 0.490854 0.269824 0.492854 0.271269 0.493352 0.271602 0.493167 0.274713 0.491562 0.278472 0.490365 0.281111 0.489271 0.284537 0.488151 0.287056 0.486779 0.282560 0.485839 0.279218 0.486172 0.277037 0.487786 0.272870
2 0.393182 0.264819 0.395000 0.264384 0.396352 0.264880 0.398732 0.267699 0.400367 0.270106 0.401253 0.271847 0.402607 0.273259 0.403750 0.277593 0.403589 0.283542 0.403049 0.286519 0.403643 0.291704 0.406234 0.300148 0.405406 0.300972 0.402047 0.296407 0.400971 0.294333 0.398547 0.292593 0.397333 0.291764 0.396305 0.289773 0.395372 0.287944 0.393971 0.287116 0.393458 0.287366 0.388839 0.278986 0.386750 0.274204 0.387964 0.271796 0.388151 0.270884 0.389977 0.268486 0.391273 0.266181
17 0.434805 0.280361 0.436253 0.278417 0.438680 0.275889 0.439935 0.274699 0.441857 0.273509 0.444167 0.271852 0.440990 0.264926 0.431849 0.243611 0.430432 0.243435 0.429568 0.244875 0.428919 0.247273 0.427841 0.249384 0.427193 0.250634 0.426005 0.251495 0.424599 0.252958 0.427753 0.262856
13 0.515760 0.711134 0.524440 0.697315 0.531307 0.686722 0.532992 0.685569 0.534677 0.685569 0.536750 0.686028 0.538305 0.686722 0.541786 0.692079 0.548346 0.703176 0.556198 0.712917 0.560807 0.718333 0.564635 0.723009 0.567917 0.727546 0.569167 0.729676 0.569688 0.731759 0.569740 0.734259 0.569401 0.736620 0.568438 0.740940 0.568281 0.742731 0.568438 0.744676 0.568797 0.745569 0.569599 0.743759 0.569958 0.742352 0.570172 0.741060 0.570607 0.737463 0.573432 0.736056 0.574875 0.735023 0.576104 0.735023 0.577474 0.733981 0.578997 0.733991 0.581523 0.733731 0.580344 0.735667 0.578893 0.737069 0.577779 0.738269 0.577547 0.741241 0.576654 0.743634 0.570836 0.753977 0.570383 0.755981 0.563219 0.767912 0.552464 0.786431 0.550182 0.778519 0.546563 0.765417 0.544245 0.757963 0.521432 0.722037 0.515747 0.712380
4 0.438581 0.306718 0.438734 0.307394 0.438875 0.308870 0.438841 0.309958 0.438466 0.311102 0.439073 0.312593 0.439586 0.313259 0.440195 0.314495 0.440143 0.315833 0.439698 0.318014 0.437607 0.319056 0.432672 0.318463 0.432339 0.315338 0.432505 0.312958 0.433341 0.311472 0.433591 0.310134 0.433760 0.307606 0.433924 0.303324 0.435372 0.302778 0.437435 0.302917 0.438044 0.303463 0.438352 0.305093
4 0.388326 0.246458 0.392479 0.243972 0.396302 0.242407 0.393698 0.229120 0.392294 0.231023 0.390992 0.233463 0.389763 0.235778 0.389042 0.237833 0.388117 0.239579 0.387206 0.242144 0.387719 0.244468
2 0.450169 0.254019 0.449794 0.255926 0.449328 0.258000 0.457635 0.276750 0.459737 0.277829 0.461602 0.278662 0.462680 0.277389 0.468391 0.269130 0.470807 0.266991 0.468594 0.267593 0.466927 0.267593 0.464805 0.266509 0.463555 0.265926 0.462344 0.263708 0.462708 0.261991 0.463516 0.261343 0.464320 0.261130 0.465089 0.260843 0.464151 0.259556 0.460609 0.257241 0.455909 0.254157 0.452865 0.253769 0.451354 0.253769
2 0.389612 0.210782 0.388896 0.210963 0.388182 0.211569 0.387398 0.213083 0.386651 0.215199 0.385971 0.216954 0.385833 0.218769 0.385935 0.219796 0.386651 0.222764 0.387875 0.224639 0.388352 0.226333 0.388823 0.227810 0.389547 0.226139 0.390414 0.224727 0.391932 0.224852 0.392510 0.225366 0.392911 0.225301 0.391224 0.217782
2 0.462680 0.277389 0.468391 0.269130 0.470807 0.266991 0.476906 0.277731 0.479333 0.282815 0.477453 0.290269 0.475357 0.296051 0.473766 0.298106 0.471776 0.298037 0.469552 0.296486 0.468391 0.293731 0.465003 0.287023 0.463552 0.283583
2 0.460604 0.283148 0.460753 0.281403 0.461404 0.280375 0.462922 0.281528 0.463552 0.283583 0.465003 0.287023 0.465018 0.289370 0.463935 0.297079 0.463284 0.298880 0.462922 0.301194 0.462271 0.303380 0.461911 0.305565 0.462201 0.307875 0.463719 0.310574 0.465307 0.312245 0.466320 0.313403 0.467042 0.314815 0.467260 0.315588 0.467469 0.317926 0.456698 0.314583 0.450211 0.313366 0.451177 0.312292 0.454164 0.307273 0.454424 0.305574 0.455362 0.303019 0.456049 0.299907 0.456625 0.298542 0.460604 0.284097
2 0.439398 0.213898 0.440987 0.214120 0.442984 0.214792 0.444604 0.214597 0.445112 0.215537 0.447328 0.219750 0.448625 0.223412 0.446513 0.232435 0.445935 0.235523 0.446078 0.237963 0.446513 0.237963 0.449188 0.237704 0.451935 0.243361 0.455909 0.254157 0.452865 0.253769 0.451354 0.253769 0.449141 0.254153 0.446440 0.252037 0.432857 0.222824 0.432031 0.220926 0.432672 0.215421
2 0.401823 0.214907 0.399138 0.221194 0.399701 0.224407 0.402003 0.223255 0.403466 0.223796 0.404443 0.224773 0.405542 0.225097 0.404464 0.221903
2 0.684594 0.726407 0.683865 0.728028 0.683083 0.729741 0.682250 0.732009 0.681573 0.733769 0.681130 0.735111 0.680974 0.735667 0.680688 0.736037 0.680297 0.735528 0.680323 0.735157 0.681495 0.731870 0.682760 0.728565 0.683646 0.726759 0.684036 0.725926
2 0.395023 0.204861 0.395771 0.203894 0.396214 0.203769 0.397336 0.204074 0.397779 0.204315 0.398484 0.206324 0.400128 0.210306 0.400297 0.215389 0.399854 0.217685 0.399138 0.221194 0.398971 0.221134 0.396841 0.212514
4 0.405542 0.225097 0.409042 0.235602 0.407693 0.242417 0.404831 0.250574 0.402562 0.236792 0.399701 0.224407 0.402003 0.223255 0.403466 0.223796 0.404443 0.224773
2 0.312977 0.253884 0.312615 0.255236 0.315102 0.260134 0.317365 0.263009 0.317638 0.265694 0.317846 0.268500 0.319161 0.271079 0.319359 0.273657 0.319852 0.274630 0.320711 0.273917 0.321552 0.273241 0.324070 0.273509 0.324880 0.273773 0.323505 0.257111 0.322664 0.250815 0.320503 0.247356 0.318094 0.243093 0.315419 0.253884 0.314190 0.254912
2 0.675922 0.711917 0.677589 0.715574 0.679151 0.717935 0.681208 0.720898 0.683917 0.724324 0.686990 0.727889 0.689281 0.730528 0.692068 0.733676 0.693135 0.734926 0.693578 0.734833 0.693630 0.733954 0.693448 0.731593 0.692667 0.731269 0.691130 0.730019 0.689490 0.728722 0.687615 0.726963 0.686182 0.725250 0.685323 0.724000 0.683445 0.720620 0.681026 0.715204 0.679646 0.712333 0.679359 0.711407 0.678812 0.709278 0.679271 0.708403 0.679750 0.709648 0.680245 0.712009 0.681833 0.715204 0.684698 0.720852 0.686104 0.723630 0.687745 0.725806 0.689359 0.727102 0.692068 0.729602 0.693109 0.730435 0.693526 0.730528 0.693682 0.724324 0.694089 0.724676 0.695141 0.726454 0.695141 0.731639 0.695167 0.733213 0.695167 0.734509 0.695115 0.735296 0.694854 0.735852 0.694437 0.736593 0.694151 0.737009 0.693526 0.737056 0.692224 0.735435 0.687589 0.729787 0.682927 0.724556 0.678214 0.717981 0.676339 0.714648 0.675661 0.713259 0.675453 0.712333
2 0.683177 0.703750 0.683281 0.705231 0.683935 0.707727 0.684779 0.711477 0.685654 0.714051 0.686586 0.715926 0.688094 0.718014 0.689659 0.719782 0.690773 0.720639 0.691799 0.721546 0.692656 0.722361 0.692672 0.722889 0.692312 0.723157 0.690865 0.721921 0.688846 0.720102 0.687099 0.718014 0.686104 0.716514 0.684930 0.713940 0.683958 0.710972 0.682820 0.706227 0.682448 0.703981 0.682370 0.702546
2 0.668010 0.656847 0.669307 0.660380 0.671987 0.667829 0.671445 0.668792 0.667432 0.657051
2 0.672685 0.670454 0.675031 0.676824 0.676180 0.680199 0.675969 0.681218 0.675260 0.679722 0.672096 0.671551
2 0.681797 0.653380 0.681326 0.665630 0.680299 0.687287 0.679927 0.691681 0.681141 0.697324 0.681279 0.698319 0.680859 0.698472 0.679273 0.693426 0.677500 0.686759 0.677266 0.685542 0.677826 0.685292 0.679458 0.690685 0.680234 0.671759 0.680906 0.654181
1 0.565818 0.658889 0.568099 0.661713 0.569974 0.665139 0.572003 0.668218 0.572815 0.670440 0.572190 0.670995 0.570815 0.669106 0.569690 0.666995 0.568128 0.664551 0.566755 0.662662 0.565255 0.660884
1 0.592109 0.669435 0.594445 0.667806 0.596695 0.667028 0.597755 0.666139 0.599630 0.666139 0.600943 0.668139 0.601505 0.671250 0.601943 0.673250 0.602380 0.675472 0.602318 0.678245 0.602505 0.681801 0.602568 0.683134 0.602193 0.683690 0.603286 0.685000 0.603370 0.686639 0.602201 0.688569 0.601531 0.689907 0.601615 0.690949 0.605065 0.694755 0.605766 0.692843 0.606185 0.690685 0.607120 0.691185 0.607396 0.690185 0.605979 0.673042 0.604609 0.661981 0.602245 0.658111 0.594904 0.658662 0.592727 0.659218 0.592104 0.663639 0.591862 0.665523
8 0.396823 0.453750 0.401477 0.451134 0.399583 0.456065 0.396576 0.457106
6 0.400914 0.435546 0.400893 0.440926 0.401273 0.442366 0.405539 0.443037 0.406745 0.440750 0.408315 0.436319 0.404141 0.436111
6 0.401391 0.429968 0.409086 0.430269 0.408841 0.435097 0.408315 0.436319 0.404141 0.436111 0.400914 0.435546 0.400805 0.430741
6 0.411529 0.450426 0.411862 0.453778 0.410943 0.456083 0.410565 0.458005 0.409383 0.459222 0.409453 0.451343
6 0.411299 0.430852 0.411615 0.446171 0.409419 0.447667 0.409281 0.437208
1 0.403107 0.451343 0.404938 0.446917 0.408409 0.439852 0.411299 0.430852 0.411951 0.427255 0.410703 0.429398 0.408841 0.435097 0.406745 0.440750 0.401901 0.450370 0.399583 0.456065 0.397924 0.459514 0.396987 0.461315 0.397552 0.461620 0.399297 0.460046 0.400521 0.457454 0.402125 0.454657
6 0.400078 0.411958 0.396208 0.460991 0.393982 0.459440 0.393982 0.446023 0.394659 0.437074 0.396497 0.408861
11 0.422375 0.306000 0.423893 0.304972 0.425990 0.304843 0.428880 0.305741 0.431049 0.306255 0.433760 0.307606 0.433591 0.310134 0.433341 0.311472 0.432505 0.312958 0.432339 0.315338 0.432672 0.318463 0.429893 0.318722 0.421318 0.317676 0.416323 0.317838 0.417617 0.315782 0.419206 0.313106 0.418286 0.305972 0.417583 0.303569 0.419357 0.303653 0.420896 0.304315
6 0.365305 0.426440 0.367872 0.432083 0.366659 0.435981 0.365938 0.431528 0.365781 0.428935
5 0.521406 0.230185 0.523958 0.235102 0.525896 0.238370 0.526573 0.240259 0.527250 0.242495 0.528604 0.244046 0.529281 0.247315 0.530542 0.249722 0.531896 0.253681 0.532089 0.255574 0.533260 0.258481 0.533443 0.260134 0.533753 0.262250 0.533073 0.265231 0.533594 0.267593 0.534557 0.269398 0.534271 0.271157 0.533229 0.270694 0.532005 0.269630 0.530130 0.269537 0.527786 0.269213 0.525885 0.269769 0.522396 0.271806 0.520469 0.274537 0.517031 0.279352 0.513073 0.285509 0.511224 0.290046 0.511719 0.301343 0.512201 0.302579 0.515260 0.309236 0.519271 0.316574 0.506094 0.320750 0.505208 0.321204 0.504870 0.313611 0.505130 0.308889 0.504870 0.295648 0.504635 0.287222 0.504245 0.273102 0.505052 0.260556 0.506094 0.253843 0.507943 0.246806 0.510911 0.240833 0.513880 0.235694 0.514922 0.233981 0.519276 0.232245
1 0.539943 0.404347 0.537320 0.410014 0.535383 0.412458 0.533758 0.415454 0.533195 0.416454 0.531510 0.417231 0.530010 0.418676 0.528635 0.420343 0.527260 0.422009 0.526448 0.423565 0.526260 0.426120 0.526698 0.428782 0.527198 0.430671 0.527823 0.432449 0.529010 0.433449 0.529385 0.434338 0.529698 0.437116 0.530448 0.435782 0.530573 0.433894 0.530260 0.432671 0.529010 0.431005 0.527948 0.429338 0.527198 0.426898 0.527573 0.424231 0.528948 0.422009 0.531198 0.420676 0.532695 0.419565 0.533695 0.418676 0.535336 0.416435 0.537674 0.413134 0.538724 0.410546 0.539773 0.408394 0.541023 0.406898 0.541130 0.404903
8 0.517232 0.554667 0.517065 0.561889 0.515521 0.564306 0.515104 0.563963 0.515385 0.555782 0.515943 0.554852 0.516359 0.554356
8 0.516919 0.571338 0.516883 0.576917 0.515695 0.578917 0.514701 0.578329 0.514826 0.571523 0.515469 0.571944 0.516490 0.571486
8 0.621755 0.515356 0.628128 0.509356 0.631708 0.505935 0.632677 0.508903 0.633688 0.511356 0.633313 0.512245 0.625753 0.519579 0.622755 0.521574 0.621995 0.518565 0.621130 0.517134
1 0.585385 0.446056 0.589135 0.448833 0.592508 0.451833 0.595070 0.454611 0.597380 0.456273 0.599880 0.457718 0.601568 0.458606 0.602380 0.460273 0.603005 0.461384 0.602380 0.461718 0.596562 0.457731 0.592508 0.454833 0.589073 0.451722 0.586573 0.449500 0.584385 0.447056 0.584823 0.445657
1 0.467956 0.439287 0.469328 0.442370 0.470596 0.444449 0.471516 0.447616 0.473240 0.450759 0.475659 0.456231 0.477409 0.458343 0.477721 0.460787 0.476909 0.461782 0.476159 0.461009 0.474784 0.457898 0.471547 0.450616 0.470417 0.448889 0.469393 0.446597 0.467875 0.443306 0.466909 0.441509 0.466464 0.440222 0.466424 0.439574 0.466948 0.438787
8 0.538125 0.663231 0.541107 0.669116 0.545385 0.666176 0.539794 0.656949 0.539339 0.657505
1 0.466211 0.604875 0.467885 0.605991 0.470185 0.607727 0.473148 0.610019 0.475414 0.612500 0.476542 0.614333 0.476878 0.614935 0.476854 0.615630 0.476359 0.616134 0.475578 0.614426 0.473622 0.611694 0.471669 0.610023 0.467737 0.607204 0.466229 0.605995 0.465891 0.605394 0.465914 0.604981
8 0.543875 0.420495 0.544956 0.421648 0.538367 0.436144 0.534534 0.444208 0.533992 0.444782 0.531758 0.444866 0.536641 0.433657 0.539036 0.428935 0.542742 0.421551
6 0.413443 0.502884 0.413281 0.514403 0.411391 0.514787 0.410365 0.512500 0.410042 0.501537 0.410961 0.500194 0.412039 0.500097 0.413174 0.500389
8 0.430057 0.459986 0.426792 0.464551 0.425068 0.466542 0.424182 0.463556 0.426276 0.461389 0.427974 0.460616
1 0.403805 0.557972 0.416773 0.561417 0.426258 0.564167 0.431388 0.566231 0.441451 0.571222 0.453161 0.577069 0.461969 0.581546 0.468396 0.585398 0.474471 0.588875 0.482786 0.592213 0.486641 0.594537 0.486380 0.592546 0.486503 0.590616 0.487516 0.587787 0.487805 0.585343 0.487661 0.581361 0.487227 0.578403 0.486937 0.576218 0.487010 0.574292 0.488529 0.575963 0.489177 0.580204 0.488818 0.584704 0.488240 0.589843 0.487589 0.593056 0.487516 0.595292 0.490016 0.597093 0.491826 0.598509 0.491534 0.600056 0.488930 0.598509 0.483221 0.594653 0.474471 0.590028 0.465229 0.585417 0.458060 0.581185 0.454023 0.579324 0.445188 0.575745 0.436438 0.570931 0.427583 0.567556 0.417034 0.563995 0.405596 0.561500 0.403263 0.560917 0.403594 0.558509
1 0.509250 0.447523 0.511536 0.449597 0.515318 0.453579 0.515643 0.454495 0.515690 0.456319 0.514570 0.454907 0.512190 0.452667 0.510604 0.451505 0.509250 0.450509 0.508549 0.449931 0.508224 0.448852 0.508362 0.447690
1 0.513036 0.503949 0.514927 0.509995 0.517734 0.518347 0.518815 0.520269 0.518760 0.522958 0.517841 0.521995 0.516115 0.517486 0.514250 0.512625 0.513242 0.508162 0.512891 0.504199
1 0.523448 0.436736 0.525680 0.439153 0.529234 0.443671 0.532547 0.447329 0.536695 0.452903 0.540391 0.458361 0.545865 0.466236 0.548010 0.469236 0.550396 0.472745 0.553464 0.478380 0.557818 0.486102 0.561208 0.489398 0.566776 0.493412 0.571453 0.495278 0.571453 0.494343 0.571695 0.493556 0.566740 0.491144 0.560833 0.486796 0.556063 0.480245 0.552013 0.474074 0.551146 0.471245 0.545031 0.462505 0.537690 0.452463 0.531758 0.444866 0.528495 0.441000 0.526195 0.438056 0.523826 0.435176 0.523286 0.435847
1 0.527143 0.477000 0.528227 0.479250 0.529643 0.481125 0.531451 0.483162 0.532354 0.484343 0.533078 0.484824 0.533922 0.485412 0.534953 0.485102 0.537984 0.485356 0.539151 0.486352 0.540693 0.488009 0.543531 0.490745 0.549109 0.495079 0.554745 0.500343 0.560810 0.506565 0.565010 0.512370 0.568885 0.519759 0.571034 0.523991 0.571826 0.527060 0.572107 0.530630 0.571872 0.532116 0.571313 0.531625 0.571497 0.529046 0.567391 0.519926 0.561745 0.510463 0.555445 0.503579 0.544224 0.492782 0.541901 0.491023 0.540313 0.488648 0.538555 0.487009 0.536130 0.486417 0.534875 0.486269 0.532198 0.485968 0.528815 0.481454 0.527284 0.479444
5 0.564500 0.422773 0.566833 0.426343 0.568279 0.427759 0.569445 0.428250 0.573039 0.426259 0.573414 0.424597 0.571779 0.423278 0.567578 0.421778 0.564732 0.421361
5 0.557016 0.410935 0.557865 0.413657 0.577549 0.419468 0.581661 0.420685 0.581865 0.419611 0.581945 0.417532 0.581904 0.415449 0.581945 0.413731 0.582349 0.410505 0.581703 0.409644 0.580492 0.409426 0.574401 0.408852 0.567586 0.409713
8 0.422792 0.459176 0.429044 0.457083 0.432987 0.456028 0.438721 0.453796 0.444852 0.451463 0.448979 0.450995 0.462104 0.446310 0.465938 0.446111 0.469393 0.446597 0.470417 0.448889 0.464372 0.449093 0.454003 0.453319 0.446432 0.455477 0.445135 0.455000 0.443948 0.455574 0.436237 0.458597 0.427974 0.460616 0.423331 0.461574
5 0.601901 0.403338 0.600745 0.410921 0.599878 0.415935 0.598503 0.420560 0.586792 0.424417 0.585130 0.424157 0.584047 0.422875 0.583539 0.421204 0.583396 0.419148 0.583685 0.415935 0.584914 0.413361 0.585781 0.411306 0.585346 0.409634 0.582818 0.407579 0.580503 0.406296 0.577755 0.404495 0.575732 0.404236 0.574432 0.406167 0.555419 0.407194 0.554552 0.406167 0.554263 0.404111 0.554622 0.399995 0.583323 0.400898 0.598143 0.401926
1 0.660388 0.593574 0.662341 0.588681 0.663560 0.584838 0.666174 0.578889 0.667674 0.573495 0.668161 0.571574 0.668336 0.567481 0.668023 0.563394 0.667221 0.560296 0.666664 0.559181 0.662724 0.553602 0.658227 0.547528 0.654497 0.541269 0.650034 0.532898 0.646362 0.521014 0.643932 0.511028 0.641070 0.501236 0.637560 0.489523 0.634753 0.480977 0.632917 0.472718 0.632000 0.471565 0.630919 0.471565 0.632484 0.478384 0.637508 0.493551 0.640799 0.504977 0.645117 0.522259 0.646904 0.528593 0.650682 0.538671 0.654786 0.545486 0.658997 0.551829 0.662831 0.557009 0.666503 0.561139 0.666992 0.568625 0.663911 0.580431 0.658888 0.591954 0.658513 0.593296 0.658831 0.595352 0.659484 0.595218
1 0.647047 0.628144 0.646802 0.635208 0.645945 0.636667 0.645581 0.636634 0.645687 0.633657 0.645826 0.629565 0.646070 0.628699
1 0.647917 0.637500 0.649383 0.639296 0.650044 0.640352 0.650742 0.641653 0.650531 0.642023 0.649557 0.641898 0.648685 0.640972 0.647081 0.638616
1 0.643990 0.639500 0.645945 0.636667 0.647836 0.634269 0.650807 0.632255 0.653021 0.631389 0.655424 0.631199 0.655891 0.631778 0.656044 0.632542 0.655396 0.632926 0.652589 0.633500 0.650591 0.634463 0.648161 0.637051 0.646594 0.639259 0.645406 0.640509 0.644617 0.640801
1 0.637966 0.622250 0.643169 0.618880 0.645266 0.617875 0.646719 0.616801 0.647203 0.616370 0.648049 0.617671 0.646919 0.618662 0.642120 0.622394 0.639174 0.623898 0.637643 0.623755 0.637643 0.622824
1 0.629401 0.614472 0.629508 0.623116 0.631992 0.623019 0.631992 0.616009 0.633451 0.616491 0.632964 0.623208 0.636151 0.623593 0.636635 0.620329 0.637339 0.620426 0.637232 0.623593 0.639930 0.624074 0.641930 0.624074 0.642198 0.624940 0.645169 0.634921 0.644953 0.636745 0.644359 0.636264 0.643982 0.635306 0.642003 0.632620 0.640503 0.630699 0.639734 0.629028 0.638794 0.627167 0.637714 0.627852 0.636771 0.629213 0.636354 0.630699 0.635482 0.631074 0.634297 0.630019 0.632867 0.628282 0.629555 0.626176 0.627568 0.623014 0.624919 0.618056 0.623872 0.615454 0.624378 0.614088 0.625674 0.613514 0.627672 0.613704
2 0.656198 0.575370 0.662328 0.584194 0.660997 0.587134 0.658375 0.583477 0.655591 0.578097 0.655271 0.576449 0.655510 0.575514
1 0.593513 0.766833 0.595573 0.767176 0.599766 0.768241 0.601823 0.768611 0.603151 0.770741 0.601641 0.770880 0.594872 0.769662 0.593701 0.769662 0.591432 0.769028 0.586875 0.767361 0.584010 0.765046 0.583641 0.764556 0.582875 0.764181 0.582214 0.763241 0.579896 0.758796 0.578021 0.752731 0.577031 0.747546 0.577109 0.746528 0.577708 0.746343 0.578229 0.746991 0.578464 0.748056 0.578781 0.750171 0.579320 0.751560 0.581172 0.756574 0.583047 0.760648 0.583479 0.761634 0.584320 0.762171 0.585156 0.763056 0.589089 0.765648 0.592401 0.766940
2 0.594594 0.819556 0.605560 0.812171 0.609482 0.808856 0.603320 0.793588 0.597292 0.778981 0.597812 0.778704 0.598750 0.778426 0.600706 0.783630 0.607568 0.799810 0.610555 0.808106 0.614755 0.804458 0.623016 0.798315 0.625023 0.796907 0.618396 0.782468 0.613354 0.771102 0.615828 0.770852 0.617602 0.775417 0.622315 0.785375 0.626656 0.795412 0.628708 0.794667 0.631370 0.793921 0.636549 0.792676 0.638977 0.792259 0.639490 0.791431 0.640331 0.788940 0.635195 0.784625 0.632956 0.782468 0.632805 0.781667 0.632766 0.781093 0.632404 0.781167 0.631919 0.781810 0.627174 0.777750 0.620365 0.771435 0.620677 0.768935 0.622284 0.768463 0.623721 0.767894 0.628289 0.771856 0.636518 0.779042 0.642687 0.784310 0.643383 0.785241 0.643630 0.786046 0.643661 0.787042 0.643594 0.788593 0.643070 0.790884 0.642789 0.792310 0.642445 0.793546 0.641674 0.793796 0.640839 0.794722 0.639411 0.795903 0.630729 0.797329 0.625255 0.800116 0.617448 0.805634 0.608628 0.812514 0.595344 0.821440
1 0.583549 0.685532 0.584922 0.689190 0.585901 0.692755 0.586823 0.696620 0.587708 0.700958 0.588956 0.704968 0.591120 0.712269 0.591417 0.713144 0.590260 0.712269 0.589521 0.711708 0.586417 0.701500 0.585565 0.696843 0.584904 0.693898 0.584034 0.691125 0.583349 0.688690 0.582745 0.686968 0.582380 0.685676
6 0.591406 0.853056 0.596768 0.847338 0.599661 0.846440 0.600891 0.853125 0.592938 0.859935
8 0.573234 0.754144 0.576745 0.767681 0.579419 0.778005 0.580052 0.779181 0.580958 0.783042 0.583388 0.791394 0.584953 0.797056 0.585547 0.800130 0.586250 0.802912 0.585331 0.811838 0.584521 0.811648 0.583711 0.810398 0.584682 0.805602 0.584576 0.802241 0.579349 0.781991 0.578500 0.779921 0.575190 0.767421 0.572359 0.756801 0.572279 0.754796
2 0.579349 0.781991 0.577852 0.790153 0.576979 0.788727 0.578854 0.780926
2 0.583641 0.764556 0.580052 0.779181 0.579419 0.778005 0.582875 0.764181
2 0.579711 0.736903 0.579979 0.738245 0.581924 0.739301 0.583867 0.744968 0.586372 0.752097 0.581130 0.750546 0.578781 0.750171 0.579320 0.751560 0.581880 0.752097 0.585497 0.752954 0.585346 0.754347 0.583510 0.761153 0.583479 0.761634 0.584320 0.762171 0.586010 0.755421 0.586523 0.753278 0.587031 0.753491 0.590078 0.761528 0.592401 0.766940 0.593513 0.766833 0.588393 0.754296 0.593755 0.756171 0.593122 0.754565 0.588992 0.752639 0.589898 0.749583 0.589294 0.748296 0.587820 0.751995 0.584018 0.740907 0.584716 0.741116 0.582578 0.737528
2 0.592057 0.742500 0.597768 0.746750 0.607956 0.755079 0.607263 0.758810 0.606753 0.760403 0.598323 0.752588 0.593841 0.745375
2 0.609247 0.756440 0.613448 0.759676 0.617555 0.763245 0.618490 0.767144 0.618443 0.767727 0.616529 0.768056 0.608359 0.760343
2 0.558786 0.801528 0.563164 0.810333 0.565755 0.815134 0.568833 0.821375 0.570052 0.816574 0.571432 0.811667 0.574315 0.797644 0.575471 0.799352 0.572365 0.812847 0.571951 0.814009 0.570708 0.818329 0.569211 0.823005 0.572721 0.829819 0.574323 0.833102 0.575190 0.834264 0.576216 0.833787 0.576773 0.832894 0.584581 0.826338 0.589677 0.823963 0.590651 0.825981 0.585664 0.829296 0.582846 0.831222 0.578292 0.835079 0.576745 0.836991 0.576086 0.837259 0.575602 0.838509 0.575583 0.839995 0.573802 0.839324 0.572560 0.837787 0.570070 0.831931 0.568667 0.829343 0.567695 0.828477 0.561922 0.815903 0.555388 0.796222 0.557760 0.799954
6 0.585664 0.829296 0.590797 0.850889 0.593255 0.861681 0.588773 0.859884 0.582049 0.854616 0.579737 0.844463 0.580565 0.839009 0.580716 0.836704 0.580474 0.835634 0.579510 0.835472 0.578758 0.836171 0.578292 0.835079 0.582846 0.831222
6 0.626727 0.722884 0.630174 0.725120 0.630734 0.727690 0.631154 0.729185 0.631716 0.730431 0.632135 0.731593 0.632695 0.732171 0.633349 0.732005 0.633674 0.731343 0.634141 0.731259 0.634956 0.732111 0.635122 0.733898 0.635039 0.736278 0.634203 0.738208 0.632789 0.740222 0.630828 0.739060 0.623763 0.734194 0.623430 0.734204 0.625424 0.727509
6 0.617826 0.717032 0.623969 0.720958 0.625073 0.721940 0.624086 0.725972 0.622810 0.729782 0.622091 0.732509 0.618703 0.730944 0.618469 0.729199 0.617490 0.727042 0.614401 0.725556 0.615599 0.719903 0.615812 0.717648
8 0.404039 0.450505 0.413607 0.445199 0.426956 0.438968 0.435961 0.435403 0.436141 0.436537 0.436419 0.437616 0.437586 0.437699 0.437690 0.438722 0.433490 0.440713 0.423174 0.444611 0.412021 0.450097 0.402125 0.454657 0.403107 0.451343
8 0.526466 0.468301 0.529693 0.470454 0.535703 0.473537 0.538284 0.474755 0.540302 0.476046 0.541995 0.477194 0.542398 0.477481 0.543164 0.477981 0.543245 0.478773 0.543326 0.479773 0.543367 0.480708 0.542964 0.481426 0.542440 0.481426 0.534734 0.476690 0.532638 0.475042 0.530701 0.473750 0.526747 0.471602 0.526661 0.469944
8 0.470596 0.444449 0.474484 0.444352 0.480961 0.445694 0.486792 0.448384 0.491820 0.450977 0.496781 0.452606 0.500406 0.454912 0.502482 0.455907 0.504667 0.456796 0.506042 0.457685 0.507292 0.459019 0.508792 0.459130 0.511422 0.460287 0.513906 0.461343 0.516065 0.463074 0.516281 0.466241 0.510461 0.463241 0.508148 0.462241 0.504924 0.461023 0.501990 0.459690 0.500677 0.458917 0.494898 0.455968 0.485016 0.451648 0.481398 0.449634 0.478099 0.448769 0.475289 0.448384 0.471516 0.447616
8 0.445286 0.417616 0.445286 0.429810 0.443187 0.430000 0.443242 0.418574 0.443721 0.417713 0.444370 0.417519
8 0.515695 0.578917 0.519687 0.573106 0.522190 0.570167 0.524771 0.570741 0.524932 0.571241 0.521786 0.576046 0.517768 0.580616
8 0.600247 0.446111 0.607104 0.452157 0.614664 0.459838 0.617094 0.462046 0.618281 0.463486 0.618281 0.466171 0.618174 0.468477 0.617526 0.469435 0.615690 0.469727 0.603487 0.457148 0.595117 0.446111 0.597115 0.444958
8 0.482331 0.487699 0.479716 0.504583 0.479589 0.506671 0.482596 0.508454 0.484354 0.494032 0.484521 0.489273 0.484102 0.486597 0.483016 0.486597
8 0.469589 0.553227 0.467255 0.574056 0.466135 0.583347 0.465813 0.584009 0.461969 0.581546 0.461831 0.581120 0.462354 0.578144 0.462544 0.575838 0.463589 0.568403 0.465440 0.553560 0.467115 0.539537 0.468935 0.540532 0.469448 0.541611 0.469169 0.544185 0.468516 0.544352 0.467581 0.544764 0.467534 0.545514 0.468747 0.549245
8 0.564549 0.780079 0.568672 0.799296 0.571432 0.811667 0.570052 0.816574 0.566266 0.797875 0.562917 0.781356 0.563023 0.777236
8 0.587625 0.735606 0.593841 0.745375 0.602458 0.759884 0.605938 0.764769 0.607344 0.766852 0.604750 0.771431 0.604135 0.772259 0.597435 0.761889 0.585823 0.742509 0.581023 0.735491 0.581523 0.733731 0.583396 0.733574
8 0.577526 0.840093 0.578758 0.836171 0.579510 0.835472 0.580474 0.835634 0.580716 0.836704 0.580565 0.839009 0.579203 0.845968 0.578771 0.846926 0.578122 0.848657 0.577943 0.851704 0.576315 0.850847 0.577167 0.844171 0.577604 0.842963
8 0.579203 0.845968 0.581091 0.854417 0.578393 0.852306 0.578122 0.848657 0.578771 0.846926
8 0.576745 0.836991 0.577526 0.840093 0.577604 0.842963 0.577167 0.844171 0.576354 0.843889 0.575703 0.841574 0.575602 0.838509 0.576086 0.837259
8 0.571951 0.814009 0.576216 0.833787 0.575190 0.834264 0.574323 0.833102 0.570708 0.818329
6 0.442193 0.582194 0.448039 0.585250 0.456505 0.590019 0.456807 0.590657 0.456055 0.593713 0.454396 0.593926 0.452891 0.592801 0.447016 0.589375 0.441682 0.582144
6 0.457107 0.574481 0.461659 0.577773 0.462354 0.578144 0.461831 0.581120 0.456393 0.578639 0.456984 0.576921
6 0.441451 0.571222 0.450008 0.572190 0.454727 0.572546 0.456904 0.572907 0.457107 0.574481 0.456984 0.576921 0.453161 0.577069
6 0.429055 0.552241 0.432581 0.557560 0.437422 0.565806 0.436495 0.567023 0.434919 0.567884 0.427888 0.555560
6 0.427187 0.545190 0.433490 0.550912 0.441568 0.558829 0.441917 0.559319 0.441464 0.562296 0.429297 0.551204 0.427422 0.549338 0.426404 0.547611 0.426753 0.545810
6 0.424013 0.543528 0.427422 0.549338 0.429055 0.552241 0.427888 0.555560 0.426302 0.555310 0.421495 0.545685 0.420747 0.542616 0.422286 0.541292
6 0.442193 0.574245 0.448083 0.579481 0.449898 0.581560 0.449534 0.585505 0.447638 0.584356 0.435094 0.572097 0.434286 0.570301 0.436438 0.570931 0.441427 0.573889
11 0.438841 0.309958 0.442203 0.310079 0.444766 0.311000 0.447789 0.312722 0.450211 0.313366 0.456698 0.314583 0.467469 0.317926 0.467693 0.321694 0.454138 0.322366 0.439698 0.318014 0.440143 0.315833 0.440195 0.314495 0.439586 0.313259 0.439073 0.312593 0.438466 0.311102
1 0.488385 0.296250 0.493807 0.296069 0.494221 0.295912 0.497255 0.296574 0.497849 0.296551 0.498031 0.298426 0.491586 0.297944 0.488299 0.298157
1 0.501094 0.280000 0.501560 0.292847 0.501651 0.298097 0.500779 0.298523 0.500294 0.287597 0.500286 0.281019 0.500289 0.277741 0.500383 0.276912 0.500755 0.276829 0.501083 0.277324
2 0.496833 0.273833 0.497581 0.280231 0.500289 0.275583 0.503789 0.269694 0.504490 0.269111 0.504245 0.273102 0.503417 0.276162 0.501094 0.280000 0.501083 0.277324 0.500755 0.276829 0.500383 0.276912 0.500289 0.277741 0.500286 0.281019 0.499076 0.283713 0.498328 0.284296 0.500008 0.296491 0.500242 0.300060 0.498516 0.300972 0.497628 0.295412 0.496182 0.287699 0.494734 0.276412 0.494174 0.271102 0.493190 0.267463 0.493333 0.264282 0.493646 0.263838 0.494708 0.263060 0.495708 0.264949
6 0.447016 0.589375 0.448411 0.590926 0.448437 0.592130 0.448229 0.593750 0.446693 0.592917 0.441224 0.582361 0.441682 0.582144
1 0.379146 0.255852 0.383005 0.251273 0.388326 0.246458 0.392479 0.243972 0.396302 0.242407 0.398513 0.241398 0.399378 0.242838 0.398729 0.243606 0.397216 0.244565 0.393924 0.246130 0.389771 0.248204 0.385945 0.251190 0.382818 0.253843 0.380625 0.256995 0.378711 0.259986 0.378805 0.261977 0.379411 0.264301 0.380810 0.266787 0.383891 0.269856 0.386083 0.272847 0.388839 0.278986 0.393458 0.287366 0.395419 0.290269 0.398172 0.294417 0.402654 0.298565 0.405406 0.300972 0.408206 0.303630 0.407320 0.304375 0.405966 0.303130 0.403352 0.300736 0.399753 0.298806 0.395198 0.293116 0.390643 0.285532 0.387750 0.279755 0.383414 0.271657 0.379940 0.267292 0.378060 0.263426 0.377484 0.260995 0.378352 0.257773
6 0.452544 0.602856 0.462427 0.599116 0.477370 0.594296 0.473534 0.591685 0.469943 0.592431 0.456055 0.593713 0.454396 0.593926 0.450557 0.594421 0.448156 0.594852
