0 0.155424 0.783426 0.156438 0.801162 0.160630 0.823907 0.162906 0.838829 0.165893 0.843981 0.171214 0.848792 0.179612 0.855509 0.181760 0.856926 0.184138 0.862375 0.187125 0.875778 0.189393 0.894926 0.188932 0.904051 0.186734 0.910361 0.180385 0.918162 0.175724 0.918329 0.173714 0.918241 0.169984 0.919231 0.164852 0.922134 0.161859 0.924551 0.157383 0.922801 0.150661 0.917995 0.146409 0.908370 0.140112 0.901981 0.135076 0.896083 0.131661 0.889787 0.129659 0.885134 0.125612 0.888347 0.123984 0.889875 0.122099 0.894106 0.121237 0.899477 0.111297 0.898704 0.101958 0.891125 0.095096 0.884019 0.090349 0.873361 0.087109 0.864148 0.086227 0.858236 0.082982 0.845912 0.080979 0.838468 0.080768 0.828602 0.083943 0.800634 0.086799 0.775162 0.088714 0.769685 0.098128 0.765444 0.096312 0.760227 0.074380 0.749560 0.076078 0.743676 0.078578 0.739009 0.078826 0.727236 0.076547 0.724412 0.074734 0.716315 0.074690 0.709787 0.075333 0.705199 0.076143 0.703181 0.077161 0.701611 0.078984 0.699708 0.080987 0.696060 0.082576 0.692074 0.089641 0.678014 0.092112 0.677440 0.094029 0.676769 0.144711 0.653394 0.145789 0.638329 0.162365 0.631315 0.177328 0.635157 0.180943 0.639384 0.186719 0.648407 0.190060 0.658213 0.192299 0.659241 0.196276 0.652171 0.198734 0.650500 0.202422 0.653329 0.212253 0.662454 0.219193 0.667208 0.225336 0.674148 0.229385 0.681472 0.232276 0.691111 0.233721 0.695481 0.237482 0.703579 0.239586 0.710736 0.241177 0.721662 0.241104 0.731940 0.239044 0.746736 0.234437 0.763236 0.228417 0.776921 0.225742 0.783912 0.229312 0.793838 0.231148 0.803435 0.231107 0.807884 0.223878 0.825620 0.220768 0.834616 0.219974 0.840782 0.216214 0.844125 0.213901 0.844125 0.210576 0.844380 0.206599 0.843481 0.204359 0.842968 0.200453 0.842583 0.197419 0.844125 0.195250 0.842324 0.193586 0.838856 0.193370 0.835255 0.194961 0.801329 0.175732 0.761102 0.171536 0.766389 0.164021 0.775625 0.158526 0.780639
6 0.373805 0.421681 0.375232 0.420162 0.378612 0.430667 0.379625 0.434458 0.378141 0.434764 0.375995 0.429505
14 0.332562 0.156097 0.349370 0.142231 0.369151 0.126546 0.372549 0.123704 0.373219 0.123704 0.374565 0.125093 0.376849 0.129352 0.378242 0.133843 0.380464 0.141736 0.381529 0.148769 0.381651 0.154597 0.378495 0.156907 0.363672 0.169634 0.348201 0.183852 0.346018 0.186148 0.344172 0.189287 0.343047 0.190431 0.342406 0.190144 0.339758 0.188574 0.338232 0.186292 0.336964 0.184019 0.335701 0.181356 0.334568 0.179542 0.332701 0.175282 0.331383 0.169306 0.330964 0.162273 0.330909 0.158542 0.331326 0.156727
14 0.415273 0.264810 0.415638 0.267111 0.415068 0.268588 0.413513 0.269968 0.413409 0.272181 0.413617 0.275403 0.414549 0.276875 0.416984 0.279917 0.418229 0.281481 0.421182 0.284338 0.422685 0.285815 0.422529 0.287931 0.422167 0.289958 0.421182 0.291616 0.420299 0.293093 0.419057 0.293273 0.417555 0.292264 0.415120 0.288301 0.415482 0.285815 0.414602 0.281023 0.412839 0.278537 0.411750 0.276968 0.410766 0.274296 0.409315 0.271259 0.409315 0.267755 0.409107 0.265454 0.409625 0.263981 0.410404 0.263241
14 0.408984 0.235861 0.405328 0.249500 0.405328 0.251847 0.405927 0.254727 0.407906 0.255153 0.409104 0.256111 0.411203 0.258667 0.413062 0.259736 0.414563 0.260694 0.416060 0.261120 0.416120 0.259417 0.415281 0.256431 0.414682 0.253657 0.414201 0.251741
14 0.414708 0.211935 0.411898 0.221782 0.418883 0.243611 0.421049 0.248606 0.422974 0.251176 0.423055 0.249750 0.423297 0.244755 0.424339 0.243898 0.425221 0.246324 0.425544 0.250463 0.426107 0.250463 0.426909 0.248894 0.428513 0.246894 0.429638 0.245181 0.431242 0.241472 0.422333 0.224921 0.415753 0.212079
14 0.419010 0.193519 0.420766 0.186630 0.423747 0.183176 0.426870 0.181944 0.430268 0.182806 0.431448 0.184532 0.438573 0.196042 0.439870 0.200667 0.440057 0.203796 0.440708 0.206278 0.440896 0.208088 0.440336 0.214194 0.433745 0.215194 0.432719 0.215847 0.432292 0.221065 0.426354 0.209306
14 0.319531 0.275093 0.323339 0.274343 0.325568 0.274509 0.328539 0.276324 0.330490 0.278801 0.332904 0.282269 0.333555 0.284579 0.333555 0.287880 0.332161 0.293495 0.329654 0.293824 0.327240 0.295639 0.326219 0.297954 0.324826 0.300926 0.323247 0.302245 0.320646 0.303236 0.318974 0.305875 0.318695 0.310333 0.320367 0.313144 0.322318 0.316773 0.323060 0.318921 0.322596 0.323046 0.322781 0.327009 0.323154 0.330477 0.323154 0.333616 0.323339 0.336093 0.323247 0.339060 0.322875 0.340880 0.321854 0.343852 0.309781 0.318259 0.308201 0.313639 0.312557 0.293759 0.313802 0.288329 0.316021 0.281176 0.318240 0.276606
14 0.308703 0.251394 0.313180 0.259713 0.315055 0.263412 0.316654 0.266500 0.317555 0.267972 0.318659 0.269838 0.319354 0.272046 0.319419 0.273782 0.318240 0.276606 0.316021 0.281176 0.313802 0.288329 0.312557 0.293759 0.311378 0.296352 0.310682 0.297574 0.308667 0.297574 0.306865 0.296713 0.304440 0.295111 0.302500 0.292884 0.300279 0.288824 0.288625 0.264273 0.285570 0.255028 0.285151 0.250963 0.285151 0.247995 0.285430 0.244046 0.285849 0.241338 0.286544 0.239986 0.288133 0.238745 0.290492 0.238500 0.290984 0.239241 0.293203 0.246394 0.302221 0.247745
6 0.466143 0.527870 0.463635 0.564523 0.460016 0.563861 0.456857 0.559241 0.460016 0.529208
6 0.448979 0.578819 0.457781 0.581491 0.457805 0.583500 0.457922 0.585014 0.456070 0.584898 0.455018 0.585292 0.450839 0.584394 0.449831 0.582815 0.449797 0.581259 0.448172 0.579264 0.447896 0.578477 0.448245 0.578134
6 0.456070 0.584898 0.462755 0.585083 0.463443 0.585407 0.468664 0.588583 0.469859 0.589819 0.466005 0.589819 0.456646 0.590056 0.456383 0.589046 0.456122 0.586833
6 0.456656 0.574019 0.459974 0.576875 0.462617 0.578532 0.462305 0.581667 0.456190 0.578995 0.456346 0.577727
6 0.456646 0.590056 0.466005 0.589819 0.469859 0.589819 0.471068 0.590694 0.473396 0.592444 0.463211 0.593588 0.456833 0.594148 0.456833 0.592949 0.456729 0.590926
6 0.448620 0.590204 0.448620 0.591574 0.448185 0.592472 0.446880 0.593481 0.440367 0.581083 0.441299 0.581449 0.442271 0.582815 0.443464 0.584657 0.446729 0.588991
6 0.449221 0.595611 0.454086 0.594426 0.455589 0.594611 0.456833 0.594148 0.463211 0.593588 0.474203 0.592389 0.477411 0.594690 0.472383 0.596718 0.458393 0.601046 0.452542 0.603259 0.450055 0.598653 0.449221 0.596810
6 0.446862 0.572014 0.453599 0.572912 0.456424 0.573116 0.456346 0.577727 0.451857 0.576764 0.450755 0.576000 0.443070 0.572153
6 0.437161 0.564741 0.443456 0.568986 0.446862 0.572014 0.443070 0.572153 0.438156 0.569574 0.436023 0.568060 0.436956 0.566310
6 0.442674 0.574231 0.448172 0.579264 0.449797 0.581259 0.449643 0.584829 0.448828 0.585106 0.446932 0.583389 0.434141 0.571356 0.433242 0.569546 0.437682 0.571574
6 0.442271 0.582815 0.449164 0.586412 0.456211 0.590370 0.456729 0.590926 0.456833 0.592949 0.456833 0.594148 0.455589 0.594611 0.454086 0.594426 0.446729 0.588991 0.443464 0.584657
6 0.426716 0.547037 0.427354 0.545111 0.440128 0.556875 0.442294 0.559148 0.441521 0.562384 0.428737 0.551273 0.426406 0.548694
6 0.429151 0.552750 0.434622 0.560875 0.437161 0.564741 0.436956 0.566310 0.436023 0.568060 0.434469 0.567046 0.427805 0.555694
6 0.423607 0.543259 0.426716 0.547037 0.426406 0.548694 0.428737 0.551273 0.429151 0.552750 0.427805 0.555694 0.426456 0.555051 0.421742 0.546208 0.421482 0.544366 0.422156 0.542245
4 0.567135 0.503194 0.569685 0.512565 0.578885 0.535912 0.579388 0.539185 0.581375 0.540056 0.587880 0.544338 0.593831 0.548537 0.594714 0.547963 0.605310 0.533407 0.617026 0.516282 0.619031 0.515000 0.620802 0.516005 0.626255 0.521426 0.631878 0.526991 0.637013 0.522852 0.638698 0.521426 0.639581 0.518278 0.640385 0.515287 0.641026 0.511005 0.633477 0.493722 0.626901 0.491019
1 0.557922 0.506134 0.563880 0.513963 0.566005 0.516819 0.568391 0.521519 0.572289 0.533593 0.570430 0.531995 0.568271 0.525361 0.564120 0.516912 0.561078 0.512509 0.556719 0.506991
1 0.516742 0.516671 0.520057 0.523398 0.522596 0.529755 0.523010 0.532889 0.522182 0.532148 0.519333 0.525241 0.515602 0.517412
8 0.553198 0.529194 0.560016 0.521880 0.561789 0.520370 0.562273 0.520083 0.563081 0.520444 0.563523 0.521088 0.563604 0.521880 0.563523 0.522597 0.561385 0.525463 0.555781 0.531852
8 0.503776 0.574361 0.512813 0.582972 0.519104 0.587986 0.521055 0.589657 0.522138 0.591329 0.522719 0.593384 0.522862 0.595310 0.522646 0.596208 0.520982 0.596852 0.516398 0.593060 0.514885 0.592292 0.504068 0.582718
8 0.478477 0.551616 0.489464 0.561255 0.498427 0.570894 0.498789 0.578602 0.497128 0.577060 0.475005 0.556370 0.475221 0.554958 0.475656 0.552644 0.476451 0.552000 0.477102 0.551486
2 0.594659 0.768792 0.597766 0.776329 0.597560 0.776597 0.597471 0.777556 0.597242 0.778264 0.593451 0.768792 0.594164 0.768713
1 0.577893 0.745222 0.580432 0.753972 0.582039 0.758116 0.583333 0.760880 0.584370 0.762264 0.585667 0.763278 0.588776 0.765028 0.591935 0.766227 0.594839 0.766685 0.596495 0.766870 0.602352 0.768713 0.603492 0.770370 0.603544 0.770829 0.601625 0.770463 0.596289 0.769171 0.594164 0.768713 0.592352 0.768528 0.588724 0.767699 0.586029 0.766500 0.584266 0.765120 0.583229 0.763551 0.582349 0.762630 0.580276 0.758116 0.578568 0.752500 0.577375 0.746787 0.577375 0.746236
2 0.583779 0.764296 0.581904 0.772028 0.580107 0.779435 0.579711 0.777981 0.579534 0.777352 0.583076 0.763370 0.583229 0.763551
8 0.573357 0.753574 0.575633 0.761671 0.579711 0.777981 0.583068 0.789171 0.586005 0.799981 0.586271 0.804278 0.586049 0.807625 0.585688 0.810245 0.585466 0.811278 0.584664 0.811685 0.583854 0.811204 0.583721 0.810727 0.584214 0.808731 0.584435 0.807306 0.584573 0.805556 0.584927 0.803241 0.584753 0.801889 0.580273 0.785889 0.573914 0.761440 0.572253 0.754278 0.572432 0.753634 0.572841 0.753241
6 0.579914 0.806009 0.585016 0.826528 0.576820 0.833667 0.571802 0.814185 0.575815 0.798426
6 0.565026 0.781472 0.571466 0.810769 0.574922 0.797815
1 0.684383 0.726444 0.683130 0.729593 0.682013 0.732370 0.681258 0.734407 0.681021 0.735241 0.680711 0.735380 0.680477 0.735009 0.680451 0.734500 0.682323 0.728944 0.683234 0.727231 0.683966 0.725843
2 0.668438 0.657185 0.670130 0.661477 0.672229 0.667144 0.671914 0.667875 0.671583 0.668361 0.669081 0.661190 0.667792 0.658176
2 0.672805 0.669755 0.675044 0.675727 0.675776 0.680356 0.674635 0.677486 0.673643 0.675148 0.672245 0.670417
1 0.654987 0.641833 0.657305 0.639389 0.658474 0.638171 0.659240 0.637884 0.659602 0.638028 0.660047 0.638574 0.659643 0.639319 0.658393 0.640181 0.656659 0.641611
1 0.643422 0.628255 0.644664 0.633917 0.645529 0.634208 0.645906 0.631421 0.646177 0.630273 0.647143 0.630778 0.646987 0.633056 0.646771 0.634495 0.646500 0.635648 0.647797 0.634782 0.648714 0.634111 0.650112 0.632894 0.653732 0.631162 0.655573 0.631329 0.659029 0.632861 0.660021 0.633134 0.659893 0.635069 0.659297 0.634782 0.657893 0.633537 0.655841 0.632958 0.654005 0.632958 0.651846 0.634111 0.649794 0.635167 0.648497 0.636894 0.649901 0.639389 0.651143 0.640736 0.651807 0.641440 0.649031 0.641440 0.646839 0.640644 0.644906 0.640481 0.644703 0.639481 0.644255 0.637731 0.643810 0.636134 0.642396 0.628449 0.642341 0.627773 0.642341 0.627296 0.643044 0.627389
1 0.639865 0.628648 0.639070 0.627630 0.640563 0.627056 0.641008 0.626269 0.641904 0.625500 0.646385 0.620602 0.647521 0.618875 0.647792 0.617148 0.647826 0.616801 0.644747 0.618579 0.642500 0.621722 0.639609 0.624287 0.636932 0.626843 0.634875 0.629134 0.634091 0.629931 0.634224 0.631125 0.634583 0.631995 0.635789 0.631356 0.637268 0.630005 0.639062 0.628491
1 0.639609 0.624287 0.637820 0.625477 0.629591 0.624759 0.628312 0.623875 0.627938 0.623255 0.628383 0.623111 0.628464 0.613000 0.629430 0.614148 0.629510 0.623255 0.632133 0.623111 0.632094 0.617301 0.633383 0.618380 0.633424 0.622968 0.638023 0.623685
2 0.576956 0.788560 0.578870 0.780759 0.579477 0.782500 0.577794 0.790134
8 0.504823 0.599412 0.513693 0.613296 0.513255 0.622917 0.505195 0.609190
1 0.525286 0.535741 0.527411 0.544787 0.528344 0.548472 0.527721 0.548935 0.526062 0.543958 0.524612 0.538157 0.524302 0.536037
8 0.517872 0.547093 0.517799 0.553875 0.516365 0.553796 0.516266 0.553565 0.516510 0.548542
8 0.517708 0.555972 0.517617 0.562421 0.516276 0.562931 0.515469 0.565741 0.515961 0.555495 0.516229 0.555551 0.516945 0.555551 0.517617 0.555495
1 0.565677 0.659097 0.568047 0.661083 0.569406 0.663315 0.572544 0.668769 0.573625 0.670565 0.572440 0.670625 0.569339 0.665296 0.567141 0.662199 0.566164 0.661329 0.565607 0.660278
1 0.591870 0.668704 0.593951 0.668458 0.595755 0.667838 0.596865 0.666852 0.598461 0.666731 0.600263 0.666977 0.601234 0.668458 0.601651 0.669690 0.601997 0.671787 0.603039 0.674130 0.603107 0.676227 0.602969 0.678694 0.603315 0.681157 0.603177 0.683380 0.602622 0.683995 0.598654 0.684176 0.598573 0.685491 0.599367 0.686486 0.599367 0.687486 0.598854 0.688727 0.604440 0.693144 0.606404 0.693995 0.606812 0.690181 0.608380 0.690796 0.603531 0.660074 0.600797 0.654991 0.598435 0.655875 0.597315 0.656315 0.595201 0.657421 0.592964 0.658306 0.592219 0.659852 0.592466 0.662727 0.592219 0.665819
8 0.636987 0.758014 0.635615 0.764440 0.634674 0.765338 0.633156 0.765083 0.632362 0.764056 0.631854 0.761741 0.632651 0.758269 0.633661 0.755569 0.635326 0.756213
6 0.626677 0.721972 0.629911 0.724083 0.631159 0.728116 0.631586 0.729940 0.631909 0.730801 0.632341 0.731472 0.633695 0.732051 0.634122 0.731282 0.634937 0.730514 0.635211 0.736130 0.632935 0.739440 0.624510 0.733778 0.624003 0.732181 0.624727 0.729046
6 0.615346 0.726435 0.615268 0.723676 0.615922 0.718532 0.616294 0.717037 0.618161 0.716375 0.625208 0.721269 0.624159 0.725907 0.622396 0.731755 0.620260 0.731227 0.618768 0.730315 0.618607 0.729028 0.617984 0.728171
8 0.609260 0.716421 0.608781 0.718199 0.608221 0.719111 0.607708 0.719861 0.607146 0.720273 0.606260 0.720106 0.606901 0.717130 0.607396 0.715093
8 0.608229 0.711065 0.611961 0.714310 0.611745 0.715940 0.610180 0.715940 0.609260 0.716421 0.607448 0.715046
2 0.609896 0.761852 0.612969 0.768954 0.615497 0.768657 0.613307 0.764167
2 0.591586 0.741407 0.602042 0.750194 0.608633 0.755106 0.608185 0.757333 0.607422 0.759963 0.599333 0.753403 0.596237 0.748514
2 0.609214 0.755181 0.616341 0.761509 0.617982 0.762588 0.619281 0.767444 0.618742 0.767921 0.608451 0.760759 0.609305 0.757097
2 0.624089 0.767731 0.627711 0.770931 0.638437 0.780051 0.643828 0.784750 0.643984 0.785764 0.643828 0.786778 0.643620 0.788620 0.643466 0.790370 0.643102 0.791935 0.642740 0.792856 0.641237 0.793134 0.640977 0.793870 0.640667 0.794606 0.629474 0.797185 0.627141 0.798106 0.612424 0.809532 0.595378 0.821139 0.594495 0.819574 0.609576 0.808796 0.597336 0.778676 0.598849 0.778579 0.602010 0.786593 0.609833 0.805569 0.610716 0.807505 0.613979 0.805019 0.624706 0.796542 0.613565 0.770838 0.614578 0.770551 0.616365 0.770838 0.618432 0.776046 0.625638 0.792398 0.626935 0.794792 0.633878 0.793042 0.639474 0.791014 0.640044 0.789634 0.640201 0.787977 0.633049 0.782264 0.631823 0.781542 0.620982 0.772083 0.620508 0.771722 0.620693 0.769148 0.623232 0.768106
6 0.601029 0.851722 0.593031 0.860116 0.591406 0.852606 0.596966 0.847500 0.599404 0.846500
6 0.585820 0.829972 0.593443 0.862074 0.582010 0.854519 0.577948 0.836745
8 0.579055 0.844764 0.581250 0.853759 0.578070 0.851611 0.578518 0.846833
8 0.577333 0.837060 0.577867 0.840565 0.576729 0.846755 0.575023 0.838843 0.575922 0.838440
8 0.577867 0.840565 0.578333 0.838704 0.579349 0.842824 0.579055 0.844764 0.578518 0.846833 0.578070 0.851611 0.576198 0.850278 0.576729 0.846755
8 0.570716 0.818282 0.573495 0.830620 0.575263 0.834495 0.576820 0.833667 0.571802 0.814185
8 0.563052 0.780556 0.570109 0.815722 0.571466 0.810769 0.565026 0.781472 0.562966 0.777449
6 0.571081 0.833681 0.575206 0.849565 0.572331 0.848343 0.567458 0.827352
6 0.562966 0.777449 0.563130 0.794153 0.563398 0.803657 0.563398 0.805481 0.564966 0.810375 0.565992 0.815560 0.562966 0.809606 0.561727 0.806153 0.561456 0.804426 0.561617 0.784458 0.561617 0.774282
2 0.560753 0.813282 0.565849 0.823514 0.567458 0.827352 0.571081 0.833681 0.572984 0.838440 0.574182 0.839079 0.574661 0.838972 0.575922 0.838440 0.577948 0.836745 0.585820 0.829972 0.587914 0.828741 0.590672 0.826394 0.589591 0.823625 0.585016 0.826528 0.576820 0.833667 0.575263 0.834495 0.569505 0.822769 0.571802 0.814185 0.575815 0.798426 0.574922 0.797815 0.571466 0.810769 0.568607 0.821384 0.565992 0.815560 0.562966 0.809606 0.556016 0.796019
8 0.602654 0.712000 0.602620 0.713472 0.602526 0.714301 0.601734 0.715958 0.596180 0.711894 0.597065 0.711065 0.597906 0.709986 0.598826 0.708931
8 0.600740 0.705944 0.603820 0.708019 0.602654 0.712000 0.598826 0.708931
8 0.587023 0.696375 0.598581 0.704153 0.595990 0.707514 0.592102 0.704153 0.591021 0.700407 0.590266 0.700218 0.588159 0.700407
8 0.582786 0.699352 0.586719 0.700843 0.586346 0.702171 0.585227 0.702500 0.582937 0.702917 0.582135 0.702593 0.580703 0.701528
8 0.586346 0.693042 0.591898 0.689144 0.597734 0.685907 0.598573 0.685491 0.599367 0.686486 0.599367 0.687486 0.598854 0.688727 0.597034 0.689972 0.587023 0.696375
1 0.583318 0.684431 0.584568 0.686796 0.585172 0.688519 0.586346 0.693042 0.587023 0.696375 0.588159 0.700407 0.591810 0.713606 0.590591 0.713009 0.586799 0.701958 0.586719 0.700843 0.585807 0.696435 0.585039 0.693954 0.584003 0.688949 0.583115 0.687157 0.581503 0.684574
8 0.573977 0.702333 0.577391 0.700167 0.580789 0.697597 0.584477 0.694130 0.585039 0.693954 0.585807 0.696435 0.585693 0.697523 0.582786 0.699352 0.580703 0.701528 0.576497 0.704079
8 0.561776 0.685903 0.580789 0.697597 0.577391 0.700167 0.561198 0.690014
8 0.566185 0.683847 0.584477 0.694130 0.580789 0.697597 0.561776 0.685903
8 0.541271 0.544806 0.532682 0.554347 0.534224 0.557417 0.541971 0.547380
8 0.532865 0.559079 0.526099 0.567375 0.524141 0.565231 0.531185 0.556505
1 0.518156 0.543139 0.521990 0.548606 0.522247 0.549889 0.524375 0.552815 0.526505 0.556407 0.527536 0.559171 0.528055 0.560551 0.527214 0.561444 0.524940 0.556398 0.521260 0.550269 0.518250 0.545509 0.517948 0.544560 0.517844 0.543787
1 0.516365 0.553796 0.518112 0.553880 0.519857 0.555389 0.520172 0.556667 0.522096 0.562236 0.522589 0.564227 0.520849 0.563185 0.520396 0.560727 0.519052 0.557463 0.517932 0.555551 0.516945 0.555551 0.516229 0.555551 0.515557 0.555310 0.515062 0.554796 0.515464 0.554083
1 0.525081 0.571819 0.528747 0.582264 0.529060 0.584014 0.528388 0.585685 0.527359 0.583694 0.525568 0.577884 0.524448 0.573981 0.524135 0.572310 0.524089 0.571514 0.524807 0.571690
8 0.510573 0.588519 0.504922 0.597838 0.504484 0.593505 0.508880 0.586991
8 0.514792 0.637269 0.518195 0.630954 0.521323 0.636102 0.514375 0.648056
8 0.511901 0.651264 0.508979 0.657528 0.503734 0.655546 0.512383 0.640764
8 0.515424 0.613028 0.515156 0.614565 0.515156 0.615907 0.515641 0.618981 0.513914 0.656806 0.513672 0.659551 0.513508 0.662718 0.513159 0.676870 0.512240 0.704903 0.509648 0.701157 0.511341 0.661856 0.511479 0.658509 0.512617 0.637125 0.514292 0.602565 0.514885 0.592292 0.516398 0.593060 0.516073 0.606981 0.515641 0.608324 0.515263 0.609093 0.514831 0.610056 0.514779 0.611398 0.514885 0.611972
8 0.506953 0.660556 0.502891 0.667829 0.496799 0.678588 0.493570 0.673708 0.501953 0.659120
8 0.569685 0.512565 0.578885 0.535912 0.579388 0.539185 0.577547 0.538889 0.576711 0.539333 0.576461 0.540227 0.575792 0.541861 0.566089 0.515542 0.566674 0.514352 0.567594 0.513310 0.568430 0.513014
8 0.539979 0.657208 0.545159 0.666167 0.540677 0.669403 0.538438 0.664593
8 0.513672 0.659551 0.521536 0.662685 0.533435 0.669343 0.532948 0.673278 0.513508 0.662718
8 0.501195 0.654667 0.511479 0.658509 0.511341 0.661856 0.501370 0.658819 0.501370 0.656463
1 0.466674 0.605065 0.469091 0.606421 0.472719 0.609523 0.474690 0.611593 0.476034 0.613583 0.476841 0.615097 0.477154 0.616611 0.476841 0.616056 0.475945 0.614699 0.473839 0.611833 0.469586 0.608171 0.467659 0.606898 0.466674 0.606181 0.466315 0.605704
8 0.515641 0.618981 0.520359 0.626023 0.532984 0.646481 0.529849 0.650125 0.521323 0.636102 0.518195 0.630954 0.515297 0.626074
5 0.584701 0.330440 0.585065 0.342995 0.584701 0.362838 0.583607 0.375472 0.580984 0.377056 0.578911 0.377514 0.577031 0.379676 0.574010 0.380417 0.579948 0.386500 0.586813 0.392028 0.592255 0.395940 0.604349 0.399907 0.602214 0.406435 0.600938 0.410509 0.599271 0.416296 0.591068 0.418102 0.586094 0.419028 0.583438 0.419815 0.584297 0.416481 0.585599 0.412500 0.585729 0.411157 0.577536 0.405338 0.574661 0.406574 0.572161 0.407361 0.558698 0.408102 0.556562 0.407778 0.555706 0.407111 0.554359 0.406329 0.553685 0.397370 0.553919 0.392185 0.554661 0.385139 0.556146 0.372639 0.557273 0.339833 0.559245 0.333981 0.563208 0.328088 0.565891 0.325898 0.570594 0.324519 0.573286 0.324907 0.578672 0.324444 0.581589 0.322546 0.582969 0.323009
1 0.335208 0.363241 0.332451 0.363898 0.330672 0.364542 0.330161 0.362560 0.331667 0.362074 0.332781 0.361755 0.333927 0.361755 0.334529 0.361917 0.334849 0.362130
1 0.333359 0.358796 0.332060 0.359454 0.330221 0.360042 0.329107 0.360468 0.328625 0.358810 0.329469 0.358380 0.331938 0.357792 0.332844 0.357685 0.333260 0.358384
1 0.325234 0.341199 0.323831 0.342843 0.323669 0.344185 0.323724 0.345519 0.324318 0.347250 0.325234 0.349458 0.327070 0.352537 0.329232 0.354556 0.332187 0.355926 0.332417 0.356472 0.332682 0.357130 0.330328 0.356606 0.328323 0.355449 0.326878 0.354208 0.325521 0.352875 0.322734 0.346153 0.322271 0.344745 0.322734 0.342671 0.323346 0.341181 0.324138 0.340681 0.325068 0.340759
2 0.585130 0.796389 0.589844 0.800972 0.601529 0.812634 0.602341 0.813745 0.600029 0.815630 0.587344 0.802079 0.586005 0.799981
10 0.660995 0.759440 0.661862 0.780773 0.655646 0.777560 0.655365 0.777454 0.655466 0.764361 0.657471 0.764940 0.658596 0.763801 0.659562 0.761935
15 0.655365 0.777454 0.655151 0.790199 0.662161 0.781111 0.661862 0.780773
2 0.645109 0.799810 0.644930 0.798741 0.645352 0.796653 0.645169 0.794560 0.645201 0.792796 0.645109 0.791190 0.644719 0.787653 0.644930 0.786796 0.645320 0.785565 0.645133 0.783523 0.646018 0.783523 0.646120 0.782269 0.649479 0.791940 0.649419 0.793171 0.649117 0.794185 0.648786 0.796009 0.648393 0.797185 0.647852 0.797991 0.645833 0.800454
2 0.652969 0.779111 0.653125 0.781241 0.653047 0.782120 0.652734 0.782630 0.652057 0.783278 0.651641 0.783833 0.650599 0.784944 0.650286 0.785593 0.649766 0.788093 0.649440 0.787245 0.648411 0.784167 0.649219 0.777912
15 0.645000 0.773935 0.648604 0.775292 0.649383 0.775718 0.649531 0.775306 0.653820 0.777227 0.653854 0.779523 0.649219 0.777912 0.648411 0.784167
15 0.626185 0.766347 0.637013 0.769833 0.638133 0.770000 0.639531 0.770829 0.642286 0.772653 0.643031 0.772986 0.643987 0.775935 0.646120 0.782269 0.646018 0.783523 0.645133 0.783523 0.643172 0.782361 0.639672 0.781032 0.638437 0.780051 0.627711 0.770931 0.624089 0.767731
10 0.674034 0.590389 0.675180 0.590255 0.676784 0.589981 0.678464 0.590120 0.679456 0.591884 0.681135 0.598806 0.682128 0.602199 0.683198 0.606005 0.683961 0.607495 0.685411 0.608583 0.687474 0.607088 0.689307 0.607088 0.691065 0.614963 0.691599 0.619852 0.692286 0.627727 0.692974 0.631662 0.694654 0.639264 0.695875 0.643472 0.696563 0.649176 0.697859 0.656370 0.704352 0.680403 0.706909 0.697847 0.707628 0.697847 0.709055 0.698023 0.709667 0.699843 0.708750 0.701662 0.707315 0.701662 0.710078 0.714014 0.707826 0.733102 0.708031 0.743829 0.708141 0.747278 0.707628 0.749463 0.704047 0.750917 0.702305 0.751648 0.701182 0.751093 0.699755 0.743463 0.698219 0.734190 0.697708 0.726560 0.697708 0.720384 0.693003 0.689852 0.683909 0.650412 0.681143 0.640417 0.680753 0.636644 0.680753 0.634282 0.680344 0.631736 0.679117 0.629375 0.676969 0.628287 0.677227 0.625500 0.677151 0.623056 0.675927 0.614231 0.674018 0.602556 0.672937 0.599060 0.672839 0.598009 0.672966 0.597435 0.672891 0.593444 0.673224 0.591083
2 0.618542 0.737894 0.620557 0.738042 0.625211 0.739944 0.625766 0.741611 0.626492 0.743741 0.628099 0.746463 0.627615 0.746894 0.625068 0.748940 0.617503 0.745917 0.617919 0.744449
10 0.566615 0.661815 0.566372 0.670778 0.563844 0.670676 0.563331 0.670634 0.565211 0.659069 0.565677 0.659097 0.565607 0.660278 0.566164 0.661329
10 0.578852 0.705551 0.582937 0.702917 0.585227 0.702500 0.586346 0.702171 0.586799 0.701958 0.590591 0.713009
2 0.630443 0.718194 0.632339 0.718829 0.632898 0.720412 0.633432 0.722949 0.632260 0.722810 0.630841 0.719417
2 0.615724 0.678556 0.619971 0.691440 0.623159 0.701769 0.623096 0.695106 0.622703 0.692722 0.616044 0.672037 0.615716 0.674662
2 0.602120 0.704361 0.604227 0.705727 0.604828 0.702278 0.604125 0.701801 0.602370 0.703981
2 0.598854 0.688727 0.604440 0.693144 0.606404 0.693995 0.605956 0.695755 0.604284 0.697579 0.601034 0.695630 0.595898 0.690903 0.597034 0.689972
2 0.588708 0.684435 0.590063 0.685870 0.593083 0.688370 0.596937 0.686333 0.595297 0.684528
2 0.592482 0.693111 0.592669 0.694519 0.593510 0.695431 0.594818 0.696097 0.598878 0.698917 0.602016 0.700167 0.600286 0.702185 0.599669 0.702981 0.595096 0.700162 0.592109 0.696759 0.590755 0.694106
2 0.609510 0.705014 0.612857 0.707593 0.617828 0.710690 0.618680 0.710713 0.619341 0.710898 0.620039 0.710898 0.620701 0.711208 0.621503 0.712079 0.620695 0.712273 0.617076 0.714185 0.608672 0.709167
2 0.624438 0.713838 0.626914 0.715204 0.625797 0.719167 0.619888 0.715704
2 0.628961 0.712847 0.630841 0.719417 0.633990 0.727019 0.634271 0.727880 0.634474 0.728884 0.634474 0.730245 0.634122 0.731282 0.633695 0.732051 0.632341 0.731472 0.631909 0.730801 0.631586 0.729940 0.631159 0.728116 0.629911 0.724083 0.628255 0.716630 0.628013 0.715060 0.627057 0.714500 0.626891 0.713394
6 0.675937 0.709074 0.677482 0.710699 0.677750 0.710940 0.678586 0.709630 0.680023 0.707310 0.681063 0.704991 0.681562 0.703264 0.681898 0.701838 0.681286 0.700847 0.679888 0.699005 0.678747 0.696884 0.677760 0.702222
6 0.669531 0.680782 0.674687 0.690162 0.677445 0.694745 0.676727 0.701037 0.674867 0.706685 0.674508 0.707111 0.669531 0.702208 0.666953 0.696773 0.663836 0.690269 0.663357 0.686856 0.666234 0.689843 0.667672 0.690269 0.668812 0.690056 0.669591 0.689204 0.670190 0.687069 0.670190 0.684514
2 0.615385 0.775324 0.616510 0.792750 0.622805 0.795352 0.623922 0.795968 0.624706 0.796542
10 0.628516 0.797657 0.629148 0.798139 0.629872 0.798407 0.635839 0.797819 0.637466 0.797500 0.638612 0.797282 0.639786 0.797231 0.640901 0.797231 0.641714 0.797389 0.642557 0.797926 0.643221 0.798620 0.644154 0.799370 0.644487 0.800014 0.644667 0.800389 0.644698 0.801356 0.644607 0.801995 0.644065 0.802213 0.643221 0.802157 0.642638 0.801755 0.641667 0.801278 0.640156 0.801278 0.638266 0.801565 0.629948 0.803676 0.628328 0.803773 0.627302 0.803481 0.625466 0.802139 0.623281 0.801157 0.627141 0.798106
10 0.623281 0.801157 0.625466 0.802139 0.627302 0.803481 0.628328 0.803773 0.629948 0.803676 0.638266 0.801565 0.640156 0.801278 0.641667 0.801278 0.642638 0.801755 0.642909 0.802718 0.642964 0.803866 0.642747 0.804634 0.635727 0.812699 0.633190 0.813755 0.616990 0.806074
10 0.604263 0.791912 0.620547 0.799815 0.614297 0.804606 0.608089 0.801204
10 0.602214 0.786852 0.610984 0.790505 0.622805 0.795352 0.623922 0.795968 0.624706 0.796542 0.620547 0.799815 0.604263 0.791912
10 0.583279 0.774662 0.585193 0.777398 0.586966 0.778644 0.588227 0.779472 0.589719 0.779722 0.591680 0.781051 0.595602 0.783125 0.597747 0.784537 0.599568 0.785366 0.600323 0.786056 0.602630 0.791495 0.590635 0.784778 0.588768 0.784611 0.586013 0.784194 0.584461 0.780852 0.583797 0.779671 0.582961 0.778560 0.582401 0.777750 0.581880 0.776884 0.581776 0.775889 0.581880 0.775398 0.582440 0.775153
10 0.586013 0.784194 0.588768 0.784611 0.590635 0.784778 0.602630 0.791495 0.606130 0.800292 0.584893 0.789088 0.584568 0.788176 0.584568 0.787014 0.584661 0.786019 0.584893 0.785273
10 0.611326 0.810236 0.611977 0.811995 0.612133 0.812921 0.612180 0.813981 0.611563 0.814736 0.611445 0.815565 0.611253 0.816181 0.610964 0.815829 0.609505 0.816597 0.608617 0.816440 0.607810 0.816069 0.606638 0.815329 0.606195 0.814958 0.605622 0.814171
10 0.608651 0.809375 0.607987 0.808083 0.607378 0.807472 0.606859 0.806745 0.606250 0.806495 0.605615 0.806444 0.605036 0.806444 0.604544 0.806699 0.604169 0.807009 0.603563 0.807106 0.603013 0.807218 0.602492 0.807884 0.602346 0.809065 0.602578 0.810713 0.602492 0.811532 0.602927 0.812769 0.603474 0.813074
10 0.612180 0.813981 0.614930 0.818042 0.616362 0.821204 0.617328 0.819347 0.618607 0.821551 0.621586 0.828361 0.618956 0.831870 0.614388 0.824440 0.615161 0.823338 0.612180 0.818176 0.612042 0.816694 0.611253 0.816181 0.611445 0.815565 0.611563 0.814736
2 0.613602 0.828926 0.617086 0.833468 0.614365 0.836852 0.613878 0.831861
2 0.601187 0.817269 0.603833 0.817463 0.609505 0.816597 0.610964 0.815829 0.612042 0.816694 0.612313 0.819380 0.613878 0.831861 0.614365 0.836852 0.612219 0.838880 0.611219 0.829884 0.610906 0.827329 0.610344 0.825551 0.609469 0.824218 0.608219 0.822551 0.607344 0.822106 0.606344 0.822218 0.604721 0.822662 0.603034 0.823551 0.597411 0.824440 0.595378 0.821139
2 0.597411 0.824440 0.603034 0.823551 0.604721 0.822662 0.606344 0.822218 0.607344 0.822106 0.608219 0.822551 0.609469 0.824218 0.610344 0.825551 0.610906 0.827329 0.611219 0.829884 0.612219 0.838880 0.608523 0.843519 0.602161 0.833116
2 0.589266 0.810329 0.596448 0.813593 0.599094 0.815898 0.596503 0.818199 0.592128 0.815032 0.590654 0.812861
2 0.586198 0.817870 0.585323 0.820370 0.585078 0.821231 0.585148 0.821917 0.585776 0.822227 0.586333 0.821977 0.587346 0.821542 0.588250 0.821111 0.589591 0.823625 0.585016 0.826528 0.583682 0.821356 0.584031 0.819065 0.584206 0.817204 0.584484 0.816088 0.584799 0.815468
14 0.594344 0.832838 0.593781 0.837060 0.593656 0.838500 0.592844 0.840389 0.591094 0.841389 0.588781 0.842056 0.591406 0.852606 0.596966 0.847500 0.599404 0.846500 0.601029 0.851722 0.604474 0.848662
2 0.554888 0.781741 0.558904 0.794528 0.560326 0.797949 0.560659 0.799583 0.560242 0.801815 0.559154 0.801963 0.556016 0.796019 0.552471 0.785579
10 0.568375 0.728843 0.568766 0.727569 0.579471 0.725639 0.582818 0.726977 0.587333 0.728759 0.592521 0.732032 0.597036 0.735898 0.598878 0.736491 0.598961 0.737236 0.598792 0.738574 0.597789 0.739019 0.595279 0.737236 0.593357 0.736046 0.591516 0.735898 0.589674 0.736046 0.587273 0.734894 0.582935 0.732838 0.582068 0.733866 0.579531 0.735546 0.579208 0.733264 0.577443 0.733833 0.574878 0.734551 0.572307 0.736269 0.571344 0.738116 0.570945 0.739259 0.569979 0.742116 0.569576 0.744403 0.568617 0.745394 0.568375 0.743546 0.568857 0.738403 0.569737 0.735264 0.569659 0.733125 0.569094 0.730704
10 0.557742 0.715782 0.563354 0.713370 0.570258 0.718051 0.577969 0.722833 0.578354 0.724556 0.568766 0.727569 0.567419 0.726963 0.562995 0.720282 0.561151 0.718282 0.559466 0.716856
10 0.588159 0.700407 0.590266 0.700218 0.591021 0.700407 0.592102 0.704153 0.591862 0.706694 0.592240 0.707847 0.593807 0.708042 0.595990 0.707514 0.598581 0.704153 0.600286 0.702185 0.602016 0.700167 0.604284 0.697579 0.605956 0.695755 0.605146 0.700745 0.602284 0.703815 0.600740 0.705944 0.598826 0.708931 0.597906 0.709986 0.597065 0.711065 0.596180 0.711894 0.593266 0.712074 0.593430 0.714569 0.591810 0.713606
10 0.553125 0.688875 0.573977 0.702333 0.576497 0.704079 0.596133 0.716333 0.601406 0.718431 0.601734 0.715958 0.602526 0.714301 0.602620 0.713472 0.602654 0.712000 0.603820 0.708019 0.606404 0.693995 0.606812 0.690181 0.608380 0.690796 0.611612 0.692565 0.609943 0.703125 0.608229 0.711065 0.606260 0.720106 0.605771 0.721005 0.606190 0.722130 0.609385 0.723481 0.615346 0.726435 0.617984 0.728171 0.618607 0.729028 0.618820 0.731736 0.618542 0.736324 0.618542 0.737894 0.617919 0.744449 0.617503 0.745917 0.609802 0.741727 0.594117 0.731986 0.570258 0.718051 0.551109 0.704972 0.545258 0.695593 0.542648 0.691421
10 0.522523 0.682440 0.524443 0.677463 0.525115 0.674426 0.525789 0.670833 0.527549 0.671106 0.531281 0.673505 0.531956 0.674056 0.533411 0.675102 0.534034 0.678199 0.535401 0.680407 0.534685 0.680389 0.532378 0.680565
13 0.515875 0.710949 0.525203 0.696579 0.532872 0.686352 0.534583 0.685250 0.536240 0.685343 0.537227 0.685801 0.538055 0.687000 0.545258 0.695593 0.553682 0.709727 0.557216 0.715005 0.559466 0.716856 0.561151 0.718282 0.562995 0.720282 0.568375 0.728843 0.569094 0.730704 0.569659 0.733125 0.569737 0.735264 0.568857 0.738403 0.568375 0.743546 0.568617 0.745394 0.569576 0.744403 0.569979 0.742116 0.570945 0.739259 0.571344 0.738116 0.572307 0.736269 0.574878 0.734551 0.577443 0.733833 0.579208 0.733264 0.579531 0.735546 0.577924 0.737546 0.577654 0.739704 0.576982 0.741639 0.576930 0.743204 0.575633 0.745597 0.570659 0.755361 0.559208 0.775722 0.552471 0.785579 0.548221 0.772681 0.545060 0.761259 0.532055 0.738690 0.515784 0.712065
10 0.554133 0.671417 0.563844 0.670676 0.569672 0.670676 0.574688 0.670463 0.581526 0.671569 0.590477 0.671569 0.591471 0.670019 0.591870 0.668704 0.593951 0.668458 0.595755 0.667838 0.596865 0.666852 0.598461 0.666731 0.600263 0.666977 0.601234 0.668458 0.601651 0.669690 0.601997 0.671787 0.603039 0.674130 0.603107 0.676227 0.602969 0.678694 0.603315 0.681157 0.603177 0.683380 0.602622 0.683995 0.596518 0.684491 0.574180 0.684611 0.566185 0.683847 0.561776 0.685903 0.555651 0.687278 0.553125 0.688875 0.542648 0.691421 0.542172 0.691690 0.538055 0.687000 0.537227 0.685801 0.536240 0.685343 0.534583 0.685250 0.532872 0.686352 0.528763 0.691125 0.512711 0.693690 0.512870 0.685278 0.521458 0.682847 0.532378 0.680565 0.534685 0.680389 0.535401 0.680407 0.537516 0.681292 0.538510 0.681736 0.540872 0.681954 0.542862 0.684389 0.545844 0.685269 0.548703 0.683282 0.550943 0.675769
13 0.637969 0.537185 0.639958 0.540500 0.641948 0.544699 0.642445 0.546912 0.641451 0.548458 0.640706 0.551551 0.639958 0.555750 0.639711 0.569898 0.638964 0.571667 0.638466 0.573213 0.637721 0.576750 0.635607 0.583157 0.634365 0.585148 0.632128 0.589347 0.626284 0.595093 0.623547 0.611009 0.623388 0.613588 0.622609 0.616051 0.622190 0.619144 0.622349 0.620870 0.621299 0.623431 0.621299 0.625546 0.620445 0.629935 0.618401 0.634708 0.616573 0.639097 0.616247 0.643310 0.617083 0.649912 0.619812 0.657343 0.620695 0.661190 0.620214 0.664324 0.619005 0.667611 0.617883 0.669759 0.616044 0.672037 0.615716 0.674662 0.615716 0.691903 0.617083 0.704500 0.617828 0.710690 0.612857 0.707593 0.611737 0.698088 0.611612 0.692565 0.608380 0.690796 0.603531 0.660074 0.600797 0.654991 0.598435 0.655875 0.597315 0.656315 0.595201 0.657421 0.592964 0.658306 0.592219 0.659852 0.592466 0.662727 0.592219 0.665819 0.591471 0.670019 0.590477 0.671569 0.581526 0.671569 0.574688 0.670463 0.573818 0.668694 0.573320 0.666926 0.573445 0.663389 0.573943 0.660736 0.573570 0.656981 0.572078 0.655213 0.570461 0.654106 0.565211 0.659069 0.563331 0.670634 0.554133 0.671417 0.550826 0.675519 0.548703 0.683282 0.545844 0.685269 0.542862 0.684389 0.540872 0.681954 0.538510 0.681736 0.537516 0.681292 0.535401 0.680407 0.534034 0.678199 0.533411 0.675102 0.536271 0.673333 0.540435 0.670120 0.540677 0.669403 0.545159 0.666167 0.539979 0.657208 0.539953 0.648005 0.539391 0.643722 0.538349 0.641014 0.537143 0.641014 0.532984 0.646481 0.520359 0.626023 0.515641 0.618981 0.515156 0.615907 0.515156 0.614565 0.515424 0.613028 0.514885 0.611972 0.514779 0.611398 0.514831 0.610056 0.515263 0.609093 0.515641 0.608324 0.516073 0.606981 0.517247 0.604255 0.520641 0.603269 0.521404 0.602398 0.522102 0.600060 0.520982 0.596852 0.522646 0.596208 0.522862 0.595310 0.522719 0.593384 0.522138 0.591329 0.521055 0.589657 0.519104 0.587986 0.516966 0.584278 0.515714 0.582421 0.514188 0.581194 0.513289 0.581194 0.512799 0.581194 0.512036 0.581194 0.511763 0.580569 0.513914 0.579213 0.516758 0.580454 0.521130 0.585375 0.524453 0.587972 0.527023 0.588829 0.529727 0.582296 0.531188 0.579097 0.530906 0.575644 0.528547 0.573176 0.527440 0.572306 0.526195 0.571935 0.525081 0.571819 0.524807 0.571690 0.523346 0.571079 0.524109 0.569111 0.523000 0.566884 0.522102 0.566514 0.519669 0.567014 0.518628 0.568611 0.516685 0.570093 0.516203 0.570838 0.515023 0.570708 0.514677 0.568736 0.516276 0.562931 0.518146 0.562315 0.519742 0.562315 0.520849 0.563185 0.524141 0.565231 0.526099 0.567375 0.527857 0.568981 0.529872 0.568481 0.531607 0.568241 0.533477 0.567755 0.531878 0.565657 0.530979 0.563060 0.531117 0.561574 0.532865 0.559079 0.531185 0.556505 0.527888 0.552472 0.524109 0.551273 0.522247 0.549889 0.521990 0.548606 0.522760 0.547676 0.525818 0.548505 0.528411 0.550074 0.531052 0.552102 0.532352 0.553671 0.532682 0.554347 0.534224 0.557417 0.535458 0.559005 0.537432 0.561046 0.537849 0.557468 0.537224 0.555125 0.537370 0.553769 0.539375 0.551671 0.540000 0.552171 0.541109 0.551301 0.542016 0.549833 0.541971 0.547380 0.541271 0.544806 0.539930 0.542426 0.537786 0.539713 0.534247 0.539472 0.533411 0.540199 0.532995 0.542667 0.532995 0.544153 0.531396 0.543653 0.531052 0.542556 0.530779 0.540569 0.530706 0.538972 0.531333 0.536134 0.532930 0.535648 0.535635 0.535148 0.537432 0.535764 0.538060 0.536389 0.539102 0.535519 0.541526 0.537745 0.543333 0.540329 0.546245 0.538843 0.547289 0.534407 0.547289 0.530468 0.545620 0.528370 0.539521 0.522208 0.537505 0.520222 0.536534 0.518255 0.536742 0.516157 0.537224 0.515912 0.538758 0.517139 0.541391 0.520222 0.546456 0.525287 0.547562 0.526884 0.549367 0.527384 0.551102 0.526759 0.553198 0.529194 0.555781 0.531852 0.564289 0.544694 0.566440 0.539343 0.567516 0.539157 0.571063 0.542597 0.573745 0.545653 0.575253 0.546792 0.575792 0.541861 0.576461 0.540227 0.576711 0.539333 0.577547 0.538889 0.579388 0.539185 0.581375 0.540056 0.587880 0.544338 0.593831 0.548537 0.594714 0.547963 0.605310 0.533407 0.617026 0.516282 0.619031 0.515000 0.620802 0.516005 0.626255 0.521426 0.631878 0.526991
10 0.475878 0.600153 0.477471 0.618523 0.479094 0.630713 0.479526 0.634167 0.481904 0.653644 0.493326 0.672301 0.493430 0.670153 0.493326 0.665199 0.493604 0.662889 0.494906 0.662231 0.496669 0.662065 0.497516 0.662065 0.499557 0.660412 0.501370 0.658819 0.501370 0.656463 0.501195 0.654667 0.500570 0.651829 0.500107 0.645222 0.499279 0.639940 0.498630 0.638454 0.497701 0.637630 0.496586 0.635977 0.496122 0.633667 0.495008 0.628880 0.493141 0.628218 0.490354 0.627889 0.489518 0.626731 0.488112 0.624185 0.487195 0.620343 0.486826 0.615671 0.486279 0.608736 0.485247 0.601144 0.484133 0.599162 0.482924 0.598829 0.481346 0.598333 0.478466 0.597347 0.477724 0.597347 0.476805 0.597676
2 0.420417 0.299815 0.414664 0.311361 0.408417 0.322694 0.404615 0.322389 0.407552 0.317699 0.414414 0.305477 0.415563 0.302361 0.417159 0.299894 0.418349 0.296699
2 0.393927 0.257167 0.385409 0.270245 0.375539 0.289856 0.369732 0.300009 0.365135 0.308333 0.363971 0.310042 0.360221 0.310968 0.357120 0.310273 0.350810 0.308546 0.346195 0.306287 0.342432 0.304361 0.339547 0.302810 0.337010 0.302037 0.329424 0.299731 0.326219 0.297954 0.327240 0.295639 0.329654 0.293824 0.332161 0.293495 0.336091 0.294690 0.338414 0.296069 0.341125 0.297444 0.344318 0.298477 0.348674 0.299509 0.352352 0.300370 0.356125 0.300199 0.358255 0.299509 0.360771 0.301917 0.363383 0.301231 0.369190 0.293833 0.371706 0.286435 0.371492 0.281102 0.374174 0.277486 0.376341 0.275301 0.376922 0.274546 0.379039 0.273833 0.384521 0.265417 0.388266 0.257324 0.390432 0.253968 0.391516 0.252042 0.392466 0.252435
2 0.389609 0.309963 0.392508 0.301315 0.395615 0.294245 0.396701 0.292574 0.397352 0.292574 0.399398 0.293500 0.398440 0.296380 0.394841 0.307468 0.392289 0.314551 0.390844 0.313394 0.389615 0.313139 0.388242 0.312625
2 0.391076 0.317185 0.388049 0.327458 0.386755 0.334014 0.385307 0.330801 0.384654 0.330801 0.382706 0.331699 0.381620 0.332593 0.385016 0.323213 0.387404 0.316407 0.388703 0.315764 0.389497 0.315764
2 0.406156 0.324551 0.403294 0.330213 0.401674 0.334917 0.398500 0.345120 0.393229 0.360148 0.385031 0.380519 0.382857 0.387352 0.381268 0.383194 0.379594 0.381111 0.377505 0.380065 0.377505 0.378134 0.389044 0.356278 0.393112 0.346074 0.395508 0.339241 0.398727 0.332250 0.403917 0.323917
2 0.421099 0.297477 0.422536 0.294810 0.423224 0.293926 0.423599 0.295255 0.424099 0.297588 0.424661 0.299699 0.425099 0.301921 0.425221 0.303144 0.428284 0.306921 0.429034 0.306588 0.428008 0.301569 0.426549 0.294417 0.426135 0.289116 0.425094 0.285167 0.422529 0.287931 0.422167 0.289958 0.421182 0.291616 0.420299 0.293093 0.419161 0.295144
2 0.346224 0.308102 0.346195 0.306287 0.349422 0.307741 0.349544 0.309079 0.349328 0.320903 0.350268 0.333880 0.351490 0.340181 0.354245 0.348403 0.354888 0.351616 0.351734 0.351694 0.350216 0.348352 0.349565 0.344755 0.347589 0.339630 0.347589 0.332750 0.346526 0.317606
2 0.337010 0.302037 0.336563 0.304537 0.335396 0.312273 0.335492 0.315199 0.335880 0.318468 0.336461 0.321736 0.337042 0.325005 0.337911 0.328102 0.339987 0.333731 0.343362 0.339065 0.343424 0.341176 0.341737 0.342176 0.339487 0.342731 0.338552 0.341176 0.337490 0.338731 0.336990 0.334843 0.335927 0.330847 0.334615 0.327736 0.333490 0.324736 0.333240 0.320292 0.332802 0.316296 0.332740 0.312741 0.332802 0.308963 0.333932 0.301204
2 0.372083 0.296241 0.381279 0.293486 0.388536 0.290218 0.394922 0.287468 0.397344 0.285917 0.398117 0.286435 0.399279 0.289185 0.400052 0.291769 0.399398 0.293500 0.397352 0.292574 0.396701 0.292574 0.395615 0.294245 0.390471 0.297958 0.383536 0.301611 0.379112 0.303819 0.377435 0.305208 0.366013 0.309384 0.365135 0.308333 0.369732 0.300009
2 0.367190 0.334190 0.369706 0.331889 0.367581 0.321134 0.366013 0.309384 0.365135 0.308333 0.363995 0.310106 0.366799 0.328509
2 0.312961 0.256028 0.316917 0.261454 0.317555 0.265278 0.317555 0.267972 0.318659 0.269838 0.319354 0.272046 0.319419 0.273782 0.319531 0.275093 0.323339 0.274343 0.325568 0.274509 0.325242 0.273074 0.324779 0.266963 0.324036 0.258875 0.323107 0.252597 0.320870 0.248231 0.318185 0.243769 0.315203 0.255870 0.313188 0.254514
7 0.359924 0.401727 0.369794 0.400079 0.372305 0.416880 0.371049 0.414204 0.369042 0.414500 0.369042 0.415838 0.369211 0.417639 0.369042 0.418815 0.368625 0.419852 0.368372 0.420449 0.368958 0.423125 0.370130 0.427602 0.369125 0.428329 0.364023 0.416301 0.363940 0.413324 0.363773 0.409889 0.362768 0.408852 0.361013 0.409014 0.359508 0.409014 0.359591 0.405579
2 0.386755 0.334014 0.390578 0.343380 0.389805 0.345792 0.378286 0.351125 0.378286 0.345444 0.376836 0.345444 0.373740 0.353704 0.363094 0.359898 0.358448 0.358176 0.361112 0.349819 0.362622 0.347375 0.364727 0.344935 0.365521 0.343907 0.370740 0.339426 0.381620 0.332593 0.382706 0.331699 0.384654 0.330801 0.385307 0.330801
2 0.387917 0.328829 0.396953 0.331917 0.395508 0.339241 0.387990 0.336542 0.386755 0.334014
2 0.362898 0.382250 0.368385 0.388421 0.369729 0.389815 0.372193 0.393194 0.373984 0.395782 0.374992 0.397176 0.375888 0.398569 0.377904 0.400361 0.379471 0.402352 0.380479 0.404144 0.382047 0.404343 0.383615 0.400162 0.384734 0.399167 0.388094 0.397574 0.389997 0.402352 0.388542 0.404343 0.386190 0.405537 0.383951 0.407130 0.380927 0.408324 0.379471 0.409917 0.377232 0.410315 0.376112 0.409120 0.370625 0.403347 0.369794 0.400079 0.367042 0.398569 0.363346 0.396380 0.362674 0.393991 0.362115 0.389616 0.362115 0.386231 0.361891 0.382847
2 0.378286 0.351125 0.376135 0.359245 0.373794 0.366681 0.373375 0.369505 0.375133 0.377981 0.376052 0.388389 0.375802 0.391662 0.373984 0.395782 0.372193 0.393194 0.369729 0.389815 0.369695 0.380657 0.370448 0.369208 0.372456 0.358944 0.373740 0.353704 0.376836 0.345444 0.378286 0.345444
2 0.393240 0.311731 0.398792 0.319532 0.399914 0.320694 0.401406 0.321028 0.403927 0.321356 0.399938 0.314713 0.394841 0.307468
2 0.388536 0.298861 0.391883 0.303319 0.390456 0.307352 0.388922 0.305491 0.387805 0.303694 0.387281 0.302764 0.387039 0.301708 0.387281 0.300472 0.387630 0.299417
2 0.384768 0.278407 0.386453 0.280519 0.385766 0.282852 0.384456 0.285847 0.383268 0.288736 0.382268 0.290847 0.381279 0.293486 0.372083 0.296241 0.372583 0.294847 0.374021 0.292403 0.376958 0.291514 0.379331 0.290514 0.380768 0.289514 0.382331 0.285514 0.383393 0.281074
2 0.384932 0.273125 0.386284 0.271218 0.387544 0.271218 0.388479 0.270722 0.389271 0.269727 0.390018 0.268315 0.391185 0.266903 0.392305 0.265991 0.393753 0.265329 0.394078 0.262671 0.394078 0.261014 0.394685 0.260597 0.395852 0.261676 0.399773 0.271051 0.403091 0.279630 0.404880 0.281273 0.404117 0.283370 0.403630 0.285463 0.403492 0.287440 0.406266 0.298662 0.407385 0.302912 0.406833 0.303949 0.406055 0.302347 0.402096 0.296380 0.399398 0.293500 0.400052 0.291769 0.399279 0.289185 0.398117 0.286435 0.397344 0.285917 0.396320 0.286685 0.391784 0.284185 0.387625 0.281407 0.386812 0.280153 0.384870 0.277565 0.384167 0.276130 0.384008 0.275458
2 0.362557 0.264546 0.367474 0.264162 0.371016 0.264162 0.373401 0.265190 0.373833 0.267889 0.374484 0.271870 0.374703 0.273671 0.374992 0.275213 0.375063 0.276111 0.374174 0.277486 0.371492 0.281102 0.371706 0.286435
7 0.343328 0.240384 0.345786 0.233060 0.347737 0.230491 0.351352 0.229847 0.354534 0.232032 0.358979 0.239829 0.373458 0.264394 0.373401 0.265190 0.371016 0.264162 0.367474 0.264162 0.362557 0.264546 0.360578 0.259250 0.357383 0.258218 0.354576 0.258731 0.351661 0.256153 0.343927 0.245870 0.343565 0.244074
2 0.359974 0.206319 0.359414 0.221759 0.367271 0.235593 0.374878 0.248838 0.373471 0.237222 0.373039 0.225412 0.373690 0.225602 0.374013 0.228491 0.375039 0.244907 0.375740 0.250181 0.377031 0.252583 0.379193 0.250569 0.381461 0.246630 0.382005 0.242884 0.382005 0.238375 0.381193 0.234153 0.380438 0.232134 0.379951 0.229069 0.378763 0.224546 0.376242 0.224667 0.373258 0.222079 0.364034 0.206051 0.362617 0.204773 0.360563 0.205065
10 0.354560 0.186736 0.356362 0.190148 0.357445 0.192718 0.358385 0.195287 0.360148 0.198153 0.361133 0.200685 0.361495 0.202227 0.361495 0.203384 0.361495 0.204028 0.360563 0.205065 0.359974 0.206319 0.359414 0.221759 0.357456 0.218356 0.350768 0.201546 0.349727 0.198264 0.350609 0.193556 0.351023 0.188644 0.353216 0.187611
2 0.290984 0.239241 0.293203 0.246394 0.302221 0.247745
2 0.310909 0.220639 0.316471 0.218750 0.314096 0.223412
2 0.319141 0.216806 0.319906 0.225190 0.319995 0.228032 0.315539 0.224731 0.314784 0.223824 0.317289 0.219069 0.318294 0.218028
2 0.351734 0.351694 0.349518 0.352227 0.349406 0.355213 0.352766 0.362778 0.352760 0.366190 0.357031 0.375269 0.360281 0.391778 0.360716 0.394829 0.361388 0.396023 0.363346 0.396380 0.362674 0.393991 0.362115 0.389616 0.362115 0.386231 0.361891 0.382847 0.362898 0.382250 0.365867 0.385671 0.365867 0.379699 0.366875 0.378106 0.368331 0.376315 0.369115 0.372532 0.368331 0.368551 0.365531 0.364171 0.362732 0.361583 0.360380 0.360389 0.358448 0.358176 0.360380 0.351431 0.357857 0.352000 0.354888 0.351616
2 0.373740 0.353704 0.372456 0.358944 0.370448 0.369208 0.369695 0.380657 0.369729 0.389815 0.368385 0.388421 0.365867 0.385671 0.365867 0.379699 0.366875 0.378106 0.368331 0.376315 0.369115 0.372532 0.368331 0.368551 0.365531 0.364171 0.362732 0.361583 0.363094 0.359898
2 0.381771 0.349583 0.379607 0.356269 0.378937 0.360287 0.377266 0.365491 0.377599 0.374116 0.378435 0.376194 0.377505 0.378134 0.377505 0.380065 0.378185 0.385269 0.377766 0.386755 0.377266 0.388389 0.376052 0.388389 0.375133 0.377981 0.373375 0.369505 0.373794 0.366681 0.376135 0.359245 0.378286 0.351125
2 0.391279 0.345009 0.391930 0.345139 0.392833 0.346157 0.389044 0.356278 0.378435 0.376194 0.377599 0.374116 0.377266 0.365491 0.378937 0.360287 0.379607 0.356269 0.381737 0.349509 0.389805 0.345792
10 0.413456 0.357301 0.417714 0.351106 0.420521 0.346977 0.422940 0.342505 0.424779 0.341130 0.428747 0.343880 0.432133 0.347148 0.435232 0.352653 0.442878 0.368139 0.442984 0.370361 0.434659 0.366662 0.420995 0.364565 0.416456 0.359537 0.414229 0.358162
17 0.434529 0.280606 0.436547 0.278005 0.438581 0.275769 0.440128 0.274218 0.442740 0.272324 0.443901 0.270778 0.444870 0.268194 0.442500 0.263102 0.431198 0.241412 0.429638 0.245181 0.428513 0.246894 0.426909 0.248894 0.426107 0.250463 0.425857 0.255569
10 0.468732 0.268968 0.464828 0.273593 0.463742 0.276162 0.462586 0.278606 0.460779 0.277833 0.458393 0.276037 0.457018 0.274366 0.450021 0.259796 0.449141 0.257917 0.450224 0.253671 0.451164 0.253157 0.453260 0.253546 0.457672 0.255282 0.462555 0.258667 0.464565 0.261097 0.467214 0.261944 0.469380 0.264856 0.470104 0.266653
10 0.546732 0.361532 0.548156 0.360213 0.548841 0.358898 0.550154 0.357273 0.551581 0.354435 0.552836 0.353523 0.555458 0.354028 0.556714 0.355755 0.556315 0.367009 0.554005 0.374796 0.551255 0.381449 0.549727 0.380222 0.546977 0.378602 0.543122 0.376157 0.546867 0.363579
2 0.540609 0.409157 0.542633 0.408282 0.544357 0.407319 0.546083 0.407231 0.548253 0.408282 0.550076 0.408981 0.552690 0.408722 0.555698 0.408634 0.558698 0.408102 0.572161 0.407361 0.574661 0.406574 0.577536 0.405338 0.585729 0.411157 0.585599 0.412500 0.584297 0.416481 0.583438 0.419815 0.582242 0.420278 0.581555 0.414440 0.581555 0.411727 0.580867 0.410639 0.577049 0.408875 0.574375 0.410366 0.563302 0.412134 0.558333 0.412546 0.550906 0.413759 0.555927 0.415079 0.559865 0.416884 0.570023 0.420009 0.574224 0.421366 0.572698 0.422583 0.569276 0.422685 0.565568 0.423801 0.563513 0.422991 0.562089 0.421875 0.559862 0.420046 0.552732 0.415787 0.550734 0.414773 0.549823 0.414574 0.547312 0.414875 0.545344 0.416032 0.543888 0.415083 0.541216 0.412227 0.540531 0.411139
2 0.534404 0.428569 0.537883 0.423093 0.539880 0.419745 0.541534 0.418222 0.547523 0.416602 0.548893 0.415787 0.550432 0.415889 0.553172 0.417208 0.558932 0.420454 0.560987 0.422380 0.561615 0.423093 0.561557 0.424611 0.560245 0.425019 0.554711 0.422889 0.550833 0.421569 0.547352 0.419745 0.546326 0.418833 0.542391 0.425421 0.541305 0.428060 0.539253 0.429583 0.537427 0.430394 0.536115 0.429884
2 0.540109 0.416093 0.537883 0.418528 0.536115 0.419338 0.534005 0.420657 0.533148 0.422278 0.532406 0.423699 0.531323 0.425523 0.531151 0.424407 0.533547 0.417718 0.534917 0.415486 0.536857 0.414875
8 0.416591 0.538157 0.424667 0.542699 0.432641 0.545606 0.436424 0.546153 0.440513 0.547426 0.443375 0.550880 0.447159 0.555241 0.451146 0.560329 0.457279 0.567963 0.460448 0.571963 0.462187 0.573231 0.462904 0.571963 0.463107 0.570144 0.463823 0.567417 0.460016 0.563861 0.456857 0.559241 0.453292 0.553421 0.447466 0.545787 0.442047 0.540884 0.439388 0.538519 0.436935 0.538519 0.434482 0.539792 0.433458 0.541245 0.432130 0.541972 0.431076 0.540699 0.430130 0.535741 0.423359 0.534352 0.418620 0.535185 0.417500 0.535833 0.416016 0.536250
2 0.442294 0.559148 0.443055 0.554028 0.447159 0.555241 0.451146 0.560329 0.457279 0.567963 0.460448 0.571963 0.462187 0.573231 0.462904 0.571963 0.463167 0.572889 0.462826 0.577741 0.456424 0.573116 0.447870 0.570542 0.443456 0.568986 0.440794 0.567208 0.441521 0.562384
2 0.470495 0.570597 0.477823 0.572120 0.483565 0.574000 0.485148 0.574819 0.486271 0.575759 0.486732 0.576463 0.487721 0.578106 0.488052 0.579750 0.487919 0.582097 0.487789 0.584444 0.487591 0.587611 0.486469 0.589722 0.470430 0.583972 0.470286 0.582824 0.470208 0.576759
2 0.488844 0.579162 0.495974 0.580463 0.496237 0.581403 0.495974 0.583046 0.495174 0.587505 0.493542 0.593796 0.489427 0.591065 0.488359 0.590556 0.489115 0.586806 0.489531 0.583843 0.489299 0.582097
2 0.469823 0.580713 0.469229 0.581940 0.469229 0.583255 0.468984 0.586500 0.478690 0.591833 0.485190 0.595681 0.486240 0.595880 0.486438 0.594653 0.486633 0.592898 0.486682 0.591671 0.486469 0.589722 0.470430 0.583972 0.470286 0.582824 0.470216 0.580625
2 0.487779 0.591148 0.486927 0.596528 0.488247 0.597208 0.491742 0.599630 0.492125 0.599699 0.492188 0.599032 0.493542 0.593796 0.489427 0.591065 0.488359 0.590556
10 0.355453 0.393431 0.355026 0.412310 0.355792 0.442583 0.356096 0.458060 0.351591 0.458468 0.348687 0.455616 0.347466 0.417194 0.348078 0.396833 0.348841 0.397241 0.349695 0.396403 0.352297 0.394421
8 0.469883 0.544528 0.473594 0.559097 0.476906 0.571954 0.475039 0.571458 0.469836 0.551745 0.468297 0.545769 0.468810 0.544690 0.469276 0.544528
2 0.504245 0.347236 0.504497 0.385745 0.502906 0.384556 0.502406 0.347681 0.502656 0.347236
10 0.520914 0.515199 0.522596 0.529755 0.523010 0.532889 0.523445 0.536278 0.524302 0.536037 0.525286 0.535741 0.525487 0.535602 0.526383 0.533611 0.527055 0.531028 0.529065 0.529435 0.531305 0.527838 0.531529 0.525847 0.531870 0.521671 0.531529 0.516491 0.531094 0.512176
2 0.411609 0.326333 0.408529 0.330694 0.407844 0.332014 0.407729 0.334245 0.407503 0.336981 0.406133 0.337995 0.404594 0.339616 0.401341 0.349250 0.399505 0.358148 0.397578 0.358102 0.400052 0.348611 0.401589 0.345727 0.403344 0.338144 0.404536 0.334648 0.405620 0.330898 0.407503 0.328769 0.409612 0.325824
2 0.398643 0.360639 0.397753 0.364500 0.396786 0.365565 0.395365 0.366699 0.396773 0.360866 0.397797 0.360486
2 0.395917 0.375259 0.395747 0.384120 0.393828 0.383741 0.394255 0.375713
2 0.474893 0.348514 0.477638 0.349981 0.479180 0.351097 0.480948 0.352722 0.481346 0.354139 0.481633 0.355458 0.481518 0.356880 0.481117 0.357690 0.479919 0.358602 0.477354 0.358602 0.475414 0.359514 0.474406 0.355681 0.471490 0.356148 0.469766 0.356509 0.473302 0.347245 0.474026 0.347616
2 0.413651 0.323898 0.417828 0.321093 0.424604 0.316171 0.429716 0.312458 0.428823 0.310718 0.428565 0.310338 0.428385 0.310611 0.423404 0.313278 0.418104 0.318144 0.414479 0.320505 0.411734 0.323366
10 0.436888 0.304532 0.437474 0.307935 0.437417 0.309986 0.437417 0.311986 0.438130 0.313440 0.439154 0.315259 0.439563 0.318167 0.440208 0.326162 0.439021 0.324384 0.434833 0.317833 0.432247 0.313542 0.431263 0.312051 0.431557 0.311792 0.432651 0.312009 0.432716 0.307903 0.432297 0.306968 0.432307 0.305764 0.432794 0.304282 0.433070 0.303296 0.435221 0.303296
10 0.430961 0.314278 0.430633 0.317227 0.430177 0.321588 0.429779 0.324528 0.430805 0.328380 0.431497 0.329208 0.436341 0.330495 0.438148 0.331523 0.440201 0.330329 0.440852 0.329944
10 0.424286 0.325194 0.429148 0.326116 0.430253 0.326310 0.430805 0.328380 0.431497 0.329208 0.423734 0.326833 0.423807 0.326181 0.423883 0.325787
2 0.419844 0.325648 0.422409 0.322120 0.424508 0.319699 0.425430 0.318648 0.427794 0.319810 0.426737 0.321681 0.421589 0.326259
2 0.386995 0.381106 0.388992 0.385468 0.389219 0.386583 0.388992 0.387394 0.387852 0.387903 0.387167 0.389014 0.386367 0.389727 0.384828 0.387190
2 0.384357 0.388699 0.386138 0.392778 0.388094 0.397574 0.389997 0.402352 0.391044 0.402921 0.392414 0.402819 0.393440 0.401907 0.393953 0.400792 0.394695 0.400181 0.396180 0.399269 0.396669 0.391088 0.393555 0.391056 0.393271 0.392574 0.391786 0.392880 0.390703 0.391866 0.390018 0.390954 0.389424 0.388634 0.388992 0.387394 0.387852 0.387903 0.387167 0.389014 0.386367 0.389727 0.384828 0.387190
2 0.424253 0.412843 0.425049 0.426667 0.421779 0.427921 0.421250 0.411741 0.422555 0.412037
2 0.475753 0.338523 0.473302 0.347245 0.469766 0.356509 0.467203 0.366093 0.463674 0.368347 0.463487 0.367125 0.463174 0.365569 0.462174 0.363463 0.463669 0.359810 0.465083 0.359181 0.466036 0.354630 0.468617 0.346301 0.469721 0.335616 0.471255 0.329981 0.476266 0.332343
2 0.474406 0.355681 0.477763 0.366676 0.479844 0.372130 0.474052 0.371546 0.471312 0.364319 0.469987 0.359764 0.469766 0.356509 0.471490 0.356148
2 0.461633 0.346991 0.463570 0.346481 0.464542 0.346079 0.465815 0.346111 0.466971 0.346111 0.468078 0.346282 0.468617 0.346301 0.466036 0.354630 0.464849 0.354287 0.463661 0.354731 0.458732 0.357620 0.458234 0.358074 0.457414 0.357074 0.455042 0.355519 0.453172 0.355074 0.451609 0.355074 0.451638 0.353259 0.451854 0.351139 0.452492 0.349477 0.453771 0.348949 0.455094 0.349171 0.456031 0.349852 0.457393 0.351218 0.458500 0.352051 0.459701 0.353597 0.460263 0.353597 0.460576 0.352931 0.460844 0.351523 0.460885 0.349546 0.460885 0.348106
2 0.480581 0.346014 0.482628 0.345542 0.483815 0.345190 0.485398 0.347069 0.485862 0.349181 0.485992 0.351292 0.485862 0.353759 0.485398 0.357042 0.485268 0.360093 0.484938 0.362556 0.484542 0.365375 0.481630 0.364551 0.478727 0.362907 0.478594 0.361736 0.479122 0.360681 0.479919 0.358602 0.481117 0.357690 0.481518 0.356880 0.481633 0.355458 0.481346 0.354139 0.480948 0.352722 0.479180 0.351097 0.477638 0.349981 0.478661 0.347889
2 0.467203 0.366093 0.469078 0.365870 0.470802 0.366481 0.471839 0.367361 0.473021 0.368676 0.474052 0.371546 0.469693 0.370856 0.456060 0.369199 0.456898 0.367532 0.457589 0.366306 0.458674 0.366218 0.459807 0.367185 0.461302 0.367792 0.462487 0.369125 0.463674 0.368347
2 0.460331 0.283574 0.461893 0.282241 0.462693 0.282542 0.463714 0.284222 0.464870 0.287176 0.465487 0.289338 0.465146 0.292583 0.463435 0.299278 0.462294 0.303838 0.461951 0.306477 0.462008 0.307898 0.465318 0.312458 0.466286 0.314588 0.466628 0.316111 0.466349 0.317986 0.450357 0.312954 0.452273 0.310398 0.453857 0.306931 0.454844 0.305417 0.455763 0.303778 0.456099 0.301551 0.456099 0.299912 0.456893 0.297606 0.459029 0.290343 0.460516 0.285556
2 0.440336 0.214194 0.441758 0.214981 0.441315 0.213097 0.443172 0.212468 0.444341 0.214361 0.445901 0.217449 0.447638 0.220861 0.448779 0.223208 0.448516 0.223963 0.447273 0.232528 0.445977 0.238426 0.447961 0.237898 0.449971 0.238019 0.452049 0.243324 0.454414 0.250843 0.457672 0.255282 0.453260 0.253546 0.451164 0.253157 0.450224 0.253671 0.449141 0.257917 0.441570 0.241472 0.432292 0.221065 0.432719 0.215847 0.433745 0.215194
2 0.487779 0.264708 0.487763 0.262963 0.491656 0.262843 0.492315 0.264606 0.492711 0.266833 0.492383 0.270352 0.490734 0.279560 0.488508 0.286824 0.486966 0.282977 0.485773 0.277815 0.486044 0.276671 0.486945 0.272727
10 0.488763 0.253273 0.488974 0.252843 0.489948 0.252468 0.490682 0.252282 0.491935 0.252657 0.492703 0.253833 0.495167 0.258301 0.496625 0.261185 0.497219 0.262815 0.497542 0.265213 0.498352 0.267519 0.498948 0.269056 0.499380 0.270398 0.499107 0.271644 0.498568 0.272699 0.496951 0.273375 0.495266 0.262940 0.493549 0.263995 0.493763 0.266750 0.493169 0.265787 0.492315 0.264606 0.491656 0.262843 0.490253 0.261185 0.489552 0.259931 0.489120 0.258495 0.488362 0.256671 0.488091 0.254458
2 0.501076 0.383574 0.498052 0.389718 0.495622 0.396245 0.494633 0.398648 0.491867 0.398204 0.491706 0.406681 0.490448 0.409657 0.487039 0.411042 0.488271 0.400287 0.495135 0.387500 0.499031 0.378199
2 0.479656 0.428028 0.478620 0.434704 0.456245 0.435856 0.455948 0.433463 0.470185 0.428394
2 0.494633 0.398648 0.494826 0.413954 0.494341 0.421352 0.494148 0.433565 0.489891 0.433912 0.491729 0.409134 0.491826 0.406213 0.491922 0.397954
2 0.498052 0.389718 0.501076 0.383574 0.502214 0.386042 0.507193 0.399954 0.506797 0.403944 0.505711 0.408366 0.505060 0.410162 0.503831 0.412218 0.502096 0.414532 0.499857 0.416718 0.498844 0.418130 0.495591 0.418644 0.494505 0.418644 0.494826 0.413954 0.494505 0.408366 0.498339 0.403222 0.499857 0.399495 0.499638 0.397440 0.498990 0.396282 0.496891 0.392815
10 0.551083 0.382787 0.549099 0.387852 0.548182 0.385819 0.546576 0.384861 0.542833 0.383514 0.540393 0.384458 0.542148 0.378412 0.545211 0.379681 0.546773 0.380898 0.548273 0.381676 0.549586 0.382120 0.549958 0.382454
10 0.548409 0.392472 0.545648 0.401338 0.544357 0.407319 0.542633 0.408282 0.540609 0.409157 0.540531 0.411139 0.541216 0.412227 0.543888 0.415083 0.541534 0.418222 0.539880 0.419745 0.537883 0.423093 0.534404 0.428569 0.531323 0.425523 0.532406 0.423699 0.533148 0.422278 0.534005 0.420657 0.536115 0.419338 0.537883 0.418528 0.540109 0.416093 0.536857 0.414875 0.534917 0.415486 0.533547 0.417718 0.535857 0.407333 0.538966 0.405153 0.543953 0.401037 0.543810 0.399880 0.541279 0.400139 0.541568 0.398213 0.541279 0.397056 0.539906 0.399625 0.538388 0.401551 0.537159 0.401551 0.536964 0.399338 0.538026 0.395005 0.538638 0.392875 0.540547 0.390981 0.543370 0.391111 0.546880 0.392060
2 0.499919 0.376102 0.501107 0.373769 0.502805 0.374306 0.502794 0.380880 0.502232 0.382213
2 0.505229 0.364662 0.507854 0.367218 0.505667 0.373657 0.504482 0.373278 0.504419 0.366218
2 0.497529 0.351190 0.501414 0.353241 0.502286 0.354352 0.502682 0.372222 0.498609 0.370935 0.498164 0.369588 0.496068 0.361236 0.494984 0.361620 0.495055 0.363162 0.495922 0.367532 0.496677 0.370037 0.495023 0.368963 0.493086 0.368171 0.491104 0.366125 0.489854 0.365130 0.488542 0.363796
2 0.485862 0.349875 0.489047 0.349986 0.490984 0.349986 0.492922 0.349875 0.494109 0.350319 0.493599 0.351634 0.486487 0.362491 0.485549 0.361208 0.485268 0.360093 0.485398 0.357042 0.485862 0.353759 0.485992 0.351292
2 0.492646 0.341958 0.493833 0.343958 0.495833 0.344847 0.498271 0.345403 0.502406 0.347681 0.502286 0.354352 0.501414 0.353241 0.497529 0.351190 0.495932 0.349106 0.494458 0.348954 0.492148 0.348065 0.490961 0.347287 0.490398 0.346065 0.490586 0.344069 0.491461 0.342958
2 0.504081 0.348731 0.507518 0.350176 0.508766 0.350843 0.509453 0.352065 0.509766 0.354176 0.509141 0.355176 0.507331 0.354509 0.505581 0.353398 0.506643 0.354954 0.508578 0.356287 0.510328 0.357176 0.511266 0.357954 0.511422 0.359398 0.512078 0.363949 0.510703 0.363949 0.509703 0.364727 0.509078 0.365394 0.508206 0.365505 0.507268 0.364394 0.505893 0.362838 0.504331 0.360060
10 0.495083 0.336736 0.491461 0.342958 0.490586 0.344069 0.488273 0.347843 0.486648 0.349843 0.485862 0.349875 0.485862 0.349181 0.485398 0.347069 0.485023 0.346287 0.488586 0.340181 0.493471 0.336944 0.495458 0.335625
2 0.415596 0.338060 0.422281 0.343157 0.420521 0.346977 0.415159 0.350722 0.411966 0.348676 0.412802 0.344028 0.413938 0.341579 0.415120 0.339032
2 0.418583 0.328704 0.413648 0.333370 0.409211 0.339037 0.407461 0.340926 0.406643 0.341241 0.404612 0.344069 0.404276 0.348699 0.401341 0.349250 0.404594 0.339616 0.406133 0.337995 0.407503 0.336981 0.409198 0.334954 0.411128 0.332236 0.414211 0.329704 0.417208 0.328153
2 0.379844 0.281481 0.382331 0.285514 0.380768 0.289514 0.378174 0.284319
2 0.437273 0.351014 0.442995 0.354130 0.447299 0.356852 0.445362 0.358852 0.444674 0.360074 0.442620 0.358907 0.440807 0.357574
10 0.445008 0.335227 0.446117 0.337134 0.446180 0.338134 0.445057 0.340134 0.444245 0.341245 0.441745 0.342912 0.440620 0.343468 0.438682 0.343912 0.437372 0.343801 0.438370 0.351463 0.437273 0.351014 0.436518 0.350722 0.436372 0.349690 0.436310 0.347468 0.435872 0.345023 0.434750 0.343875
10 0.427107 0.334653 0.425831 0.335750 0.425542 0.337421 0.425612 0.340380 0.426076 0.341829 0.437135 0.333065 0.428677 0.330750 0.427151 0.330796 0.427151 0.332894 0.427151 0.334046
2 0.440148 0.301694 0.440794 0.300921 0.441661 0.302208 0.443133 0.305116 0.441083 0.306579 0.438130 0.309079 0.437474 0.307935 0.436888 0.304532 0.437789 0.304162
2 0.414510 0.184486 0.415885 0.181500 0.419008 0.186495 0.420008 0.187931 0.420008 0.188597 0.418695 0.192606
2 0.411948 0.207157 0.408826 0.212931 0.407557 0.210556 0.405638 0.204824 0.408039 0.198921
2 0.401693 0.214676 0.399016 0.220917 0.399516 0.223486 0.405326 0.224264 0.403867 0.219681
2 0.392349 0.249741 0.395823 0.245944 0.398008 0.250167 0.395198 0.256051 0.394474 0.254519
2 0.386414 0.242301 0.386911 0.243745 0.387661 0.245190 0.388513 0.247944 0.388576 0.249833 0.388201 0.252162 0.387076 0.254718 0.385326 0.257162 0.381951 0.261162 0.378016 0.254199 0.379141 0.252755 0.381141 0.249866 0.383076 0.247199 0.383513 0.246199 0.383701 0.245088 0.384326 0.242977 0.385076 0.242310
2 0.501766 0.336190 0.504729 0.336190 0.505451 0.338116 0.506680 0.341343 0.506464 0.344296 0.505740 0.349681 0.504081 0.348731 0.504245 0.347236 0.502656 0.347236 0.502414 0.347769 0.498271 0.345403 0.499161 0.343644 0.500247 0.339144
2 0.483427 0.523111 0.484846 0.530051 0.484846 0.534676 0.484375 0.536991 0.483547 0.539093 0.480867 0.541481 0.480453 0.539731 0.480245 0.538074 0.479521 0.536139 0.478690 0.535032 0.477987 0.535569 0.477638 0.537171 0.477497 0.539759 0.477570 0.541977 0.477846 0.544079 0.476685 0.546537 0.475703 0.547907 0.473786 0.548306 0.472794 0.547759 0.470961 0.545194 0.470302 0.543116 0.469370 0.541620 0.467503 0.540875 0.465081 0.540292 0.466143 0.527870
10 0.448323 0.534329 0.450177 0.542181 0.452385 0.546736 0.455036 0.551764 0.457159 0.551435 0.459190 0.534625 0.456451 0.530699 0.452917 0.533056
2 0.456451 0.530699 0.457047 0.529861 0.460016 0.529208 0.459190 0.534625
2 0.563852 0.505000 0.563409 0.507829 0.563409 0.510185 0.562792 0.512542 0.557922 0.506134
2 0.645781 0.540181 0.645523 0.542764 0.645833 0.544514 0.646456 0.546722 0.646922 0.547921 0.647388 0.549671 0.647802 0.551236 0.648372 0.554370 0.648839 0.557227 0.649062 0.558750 0.641273 0.549764 0.641451 0.548458 0.642445 0.546912 0.641948 0.544699 0.640599 0.541657 0.640859 0.540551 0.641635 0.539079 0.642464 0.538250 0.643294 0.537972 0.644693 0.538338
10 0.647352 0.534634 0.645510 0.535431 0.644081 0.535986 0.642469 0.536227 0.641529 0.536227 0.640315 0.536944 0.639284 0.537657 0.638703 0.538139 0.637969 0.537185 0.637180 0.535509 0.635477 0.527310 0.635617 0.524602 0.635661 0.524046 0.637013 0.522852 0.638698 0.521426 0.639375 0.519759 0.640359 0.521435 0.641747 0.522069 0.642599 0.523106 0.643315 0.524301 0.644299 0.525653 0.645107 0.526370 0.645779 0.527722 0.646589 0.529139
2 0.562365 0.514426 0.564120 0.516912 0.565807 0.520343 0.565701 0.520963 0.565458 0.522204 0.564935 0.523255 0.564445 0.524495 0.563750 0.525486 0.563052 0.526727 0.561385 0.525463 0.563523 0.522597 0.563604 0.521880 0.563523 0.521088 0.563081 0.520444 0.562273 0.520083 0.561789 0.520370 0.560016 0.521880 0.553198 0.529194 0.551102 0.526759 0.551544 0.524301 0.551813 0.522708 0.552305 0.519361 0.552396 0.516338 0.555878 0.516083 0.560451 0.515917 0.561664 0.515255
2 0.646922 0.547921 0.650432 0.547708 0.653253 0.547944 0.654776 0.554792 0.654372 0.555588 0.653656 0.555671 0.649357 0.555352 0.648552 0.555032 0.648505 0.554634 0.648372 0.554370 0.647802 0.551236 0.647388 0.549671
2 0.478690 0.535032 0.479521 0.536139 0.480245 0.538074 0.480453 0.539731 0.480867 0.541481 0.481333 0.542032 0.482992 0.541574 0.484443 0.541389 0.486773 0.541204 0.488432 0.541204 0.489883 0.541023 0.490661 0.541528 0.492268 0.548806 0.492107 0.550801 0.491625 0.552940 0.491544 0.555509 0.491224 0.557366 0.491224 0.559361 0.491867 0.560361 0.492831 0.561361 0.493151 0.563074 0.493552 0.565213 0.493714 0.565926 0.489464 0.561255 0.478477 0.551616 0.477102 0.551486 0.476451 0.552000 0.476115 0.551356 0.477365 0.549755 0.478057 0.548639 0.478401 0.546051 0.477846 0.544079 0.477570 0.541977 0.477497 0.539759 0.477638 0.537171 0.477987 0.535569
2 0.639375 0.519759 0.640359 0.521435 0.641747 0.522069 0.642599 0.523106 0.643315 0.524301 0.644299 0.525653 0.645107 0.526370 0.645779 0.527722 0.646987 0.528759 0.647526 0.530588 0.649276 0.536815 0.650294 0.540120 0.651167 0.541546 0.652695 0.543306 0.653581 0.544532 0.655159 0.546889 0.656096 0.546023 0.655948 0.543657 0.655505 0.542343 0.654914 0.540764 0.653878 0.539537 0.653138 0.538046 0.651906 0.535505 0.650526 0.532088 0.648849 0.528931 0.647500 0.526417 0.642581 0.514370 0.641026 0.511005 0.640385 0.515287 0.639581 0.518278
2 0.623388 0.613588 0.624828 0.617319 0.626388 0.620625 0.628312 0.623875 0.630417 0.625944 0.633331 0.628009 0.633865 0.628574 0.634091 0.629931 0.634224 0.631125 0.634583 0.631995 0.635789 0.631356 0.637268 0.630005 0.639062 0.628491 0.639865 0.628648 0.640448 0.629931 0.640807 0.630644 0.642419 0.633352 0.643133 0.635097 0.643810 0.636134 0.644255 0.637731 0.644703 0.639481 0.644906 0.640481 0.646839 0.640644 0.649031 0.641440 0.651807 0.641440 0.654987 0.641833 0.659555 0.641514 0.660586 0.641514 0.660453 0.640162 0.660047 0.638574 0.660047 0.636579 0.659914 0.631093 0.659776 0.628620 0.660227 0.627352 0.662151 0.626389 0.663854 0.626069 0.664753 0.626157 0.665336 0.627352 0.665867 0.628861 0.666630 0.630847 0.667349 0.633551 0.668109 0.635384 0.668555 0.636259 0.669005 0.637218 0.670167 0.636421 0.671156 0.635227 0.671781 0.634907 0.672471 0.634463 0.674005 0.632468 0.675232 0.630468 0.676969 0.628287 0.679117 0.629375 0.680344 0.631736 0.680753 0.634282 0.680753 0.636644 0.679935 0.639370 0.677891 0.641736 0.674414 0.644097 0.673352 0.645255 0.670839 0.648444 0.666555 0.650755 0.665719 0.650755 0.663490 0.650588 0.656990 0.650259 0.648909 0.648444 0.647052 0.647616 0.644732 0.646792 0.643060 0.645306 0.641294 0.643491 0.640552 0.642500 0.639065 0.640352 0.638693 0.638042 0.637766 0.637875 0.636000 0.638370 0.634143 0.637875 0.631544 0.635069 0.628849 0.632593 0.625042 0.627144 0.622349 0.620870 0.622190 0.619144 0.622609 0.616051
5 0.640706 0.551551 0.646698 0.557935 0.649909 0.563644 0.651755 0.567495 0.654805 0.578486 0.657534 0.586190 0.660021 0.591185 0.659859 0.596319 0.661867 0.600315 0.665542 0.603505 0.667909 0.602690 0.669438 0.602148 0.672263 0.602282 0.674018 0.602556 0.675927 0.614231 0.677151 0.623056 0.677227 0.625500 0.676969 0.628287 0.675232 0.630468 0.674005 0.632468 0.672721 0.634731 0.671781 0.634907 0.671156 0.635227 0.670167 0.636421 0.669005 0.637218 0.668555 0.636259 0.668109 0.635384 0.667349 0.633551 0.666630 0.630847 0.665867 0.628861 0.665336 0.627352 0.664753 0.626157 0.663854 0.626069 0.662151 0.626389 0.660227 0.627352 0.659776 0.628620 0.659914 0.631093 0.660021 0.633134 0.657773 0.631282 0.655206 0.629713 0.653680 0.628144 0.648302 0.616440 0.641479 0.604310 0.640438 0.602315 0.639875 0.599458 0.639154 0.598032 0.637708 0.595750 0.635138 0.591755 0.634417 0.588616 0.634578 0.586759 0.635607 0.583157 0.636263 0.581481 0.638724 0.579815 0.640357 0.577486 0.639073 0.572778 0.638964 0.571667 0.639711 0.569898 0.639958 0.555750
2 0.390622 0.412167 0.391422 0.410750 0.393133 0.409838 0.394102 0.409023 0.395471 0.408921 0.395151 0.416343 0.394844 0.434806 0.393906 0.435370 0.393021 0.435046 0.392388 0.434792 0.392474 0.431912 0.392305 0.426991 0.391078 0.419472 0.390622 0.414806
1 0.659831 0.594463 0.663724 0.595278 0.665557 0.595819 0.668305 0.597042 0.670276 0.598269 0.670979 0.599352 0.670979 0.600574 0.669833 0.601116 0.667695 0.600708 0.662120 0.598671 0.660898 0.598398 0.659859 0.596319
2 0.692570 0.625412 0.693492 0.623051 0.694411 0.621231 0.695740 0.620505 0.695841 0.620505 0.698602 0.636500 0.699523 0.639588 0.699523 0.641769 0.698297 0.642500 0.697070 0.642861 0.695875 0.643472 0.694654 0.639264 0.692974 0.631662 0.692286 0.627727
2 0.667474 0.651444 0.669255 0.650972 0.671432 0.650620 0.673148 0.650856 0.674997 0.652616 0.676977 0.654144 0.678297 0.654259 0.680279 0.654495 0.681466 0.653204 0.682852 0.651208 0.683115 0.648509 0.681143 0.640417 0.680753 0.636644 0.679935 0.639370 0.677891 0.641736 0.674414 0.644097 0.673352 0.645255 0.670839 0.648444 0.667474 0.650505
10 0.462586 0.278606 0.463208 0.281907 0.463714 0.284222 0.464870 0.287176 0.468052 0.293088 0.469859 0.295787 0.470870 0.297204 0.472315 0.297843 0.473979 0.298361 0.477919 0.289782 0.479068 0.282301 0.470104 0.266653 0.468732 0.268968 0.464828 0.273593 0.463742 0.276162
10 0.525818 0.326120 0.527266 0.322306 0.528104 0.321477 0.528852 0.320231 0.529505 0.319398 0.530438 0.318653 0.530484 0.320148 0.530531 0.321972 0.530578 0.323551 0.531044 0.326037 0.531745 0.327449 0.532865 0.328111 0.533893 0.326537 0.534732 0.325208 0.535432 0.324546 0.536086 0.324792 0.536086 0.325870 0.536146 0.327269 0.536141 0.327875 0.536349 0.336676 0.536174 0.343991 0.535352 0.342491 0.535060 0.341264 0.535201 0.328620 0.533047 0.337870 0.529734 0.331884 0.527792 0.329171
2 0.407206 0.350120 0.409206 0.344912 0.411326 0.340347 0.413344 0.337282 0.415417 0.335440 0.417047 0.333870 0.419013 0.332106 0.421826 0.329306 0.427151 0.330796 0.427151 0.332894 0.427151 0.334046 0.427107 0.334653 0.424341 0.334653 0.421284 0.335088 0.418229 0.336051 0.416406 0.336579 0.415120 0.339032 0.413938 0.341579 0.412802 0.344028 0.411966 0.348676 0.410539 0.351306 0.409846 0.353065 0.408990 0.355486 0.406706 0.353907 0.406294 0.352889
10 0.641904 0.625500 0.647143 0.630778 0.650112 0.632894 0.653732 0.631162 0.654810 0.630875 0.655206 0.629713 0.653680 0.628144 0.648302 0.616440 0.647792 0.617148 0.647521 0.618875 0.646385 0.620602
10 0.624039 0.608023 0.631583 0.616583 0.636799 0.621861 0.639609 0.624287 0.642500 0.621722 0.644747 0.618579 0.648302 0.616440 0.641479 0.604310 0.640438 0.602315 0.639875 0.599458 0.639154 0.598032 0.630099 0.591125 0.626284 0.595093
2 0.561385 0.525463 0.568690 0.530824 0.570430 0.531995 0.572289 0.533593 0.572229 0.534981 0.571628 0.536366 0.570010 0.536685 0.568331 0.537005 0.567253 0.537963 0.566594 0.538708 0.566471 0.539245 0.564289 0.544694 0.560596 0.539352 0.562036 0.538708 0.562336 0.537111 0.561797 0.534231 0.561378 0.532421 0.560956 0.530292 0.560477 0.528157 0.560417 0.526880
10 0.501971 0.674440 0.503711 0.682222 0.505029 0.686060 0.507128 0.693625 0.507487 0.690537 0.508148 0.689148 0.509286 0.689898 0.509646 0.692560 0.509406 0.695014 0.508568 0.698102 0.496799 0.678588 0.499573 0.674972 0.500714 0.674866
10 0.538951 0.654926 0.539328 0.657394 0.539120 0.659491 0.538438 0.664593 0.538357 0.671329 0.536271 0.673333 0.533411 0.675102 0.532948 0.673278 0.533435 0.669343 0.533331 0.666199 0.532367 0.664343 0.531966 0.659921 0.531727 0.655352 0.533091 0.653500 0.534857 0.652644 0.537185 0.653500
2 0.529156 0.651074 0.526831 0.653782 0.525948 0.655352 0.524583 0.654639 0.524260 0.656352 0.524984 0.659491 0.525547 0.661630 0.526589 0.664199 0.527953 0.665486 0.530120 0.666912 0.533435 0.669343 0.533331 0.666199 0.532367 0.664343 0.531966 0.659921 0.531727 0.655352 0.533091 0.653500 0.534857 0.652644 0.537185 0.653500 0.538951 0.654926 0.539591 0.654495 0.539953 0.648005 0.539391 0.643722 0.538349 0.641014 0.537143 0.641014 0.532984 0.646481
2 0.519419 0.639801 0.523135 0.655042 0.524456 0.663782 0.519240 0.661755 0.515521 0.646301
10 0.376052 0.388389 0.377219 0.392144 0.379521 0.398278 0.380159 0.397977 0.380844 0.394648 0.381932 0.388852 0.381396 0.387370 0.380799 0.386083 0.379607 0.386083 0.378456 0.387444 0.377266 0.388389
10 0.492143 0.327880 0.493060 0.327472 0.493214 0.325977 0.493214 0.324213 0.493135 0.322718 0.493672 0.322310 0.495047 0.322310 0.495656 0.324486 0.495581 0.327065 0.496344 0.328829 0.496497 0.330324 0.496573 0.332630 0.494846 0.334250 0.492005 0.336241 0.490979 0.333449 0.491745 0.329505 0.491857 0.329046
10 0.407253 0.260958 0.409625 0.263981 0.410404 0.263241 0.415273 0.264810 0.416266 0.264884 0.416492 0.262847 0.416060 0.261120 0.414563 0.260694 0.413062 0.259736 0.411203 0.258667 0.409104 0.256111 0.407906 0.255153 0.405927 0.254727
2 0.391086 0.225125 0.392854 0.226644 0.393310 0.227861 0.393424 0.229079 0.392682 0.229889 0.392055 0.230801 0.390849 0.232861 0.386727 0.237079 0.386352 0.239079 0.386289 0.240856 0.385576 0.240532 0.383784 0.238204 0.383497 0.236278 0.385552 0.234556 0.387320 0.231917 0.388461 0.229384
2 0.556380 0.506898 0.561078 0.512509 0.562365 0.514426 0.561664 0.515255 0.560451 0.515917 0.555878 0.516083 0.552396 0.516338 0.551992 0.510606 0.551901 0.508148
10 0.531094 0.512176 0.551458 0.508333 0.552396 0.516338 0.552305 0.519361 0.551813 0.522708 0.551544 0.524301 0.551102 0.526759 0.549367 0.527384 0.547562 0.526884 0.546456 0.525287 0.541391 0.520222 0.538758 0.517139 0.537224 0.515912 0.536742 0.516157 0.536534 0.518255 0.537505 0.520222 0.539521 0.522208 0.545620 0.528370 0.547289 0.530468 0.547289 0.534407 0.546245 0.538843 0.543333 0.540329 0.541526 0.537745 0.539102 0.535519 0.538060 0.536389 0.537432 0.535764 0.535635 0.535148 0.532930 0.535648 0.531333 0.536134 0.530706 0.538972 0.530779 0.540569 0.528747 0.537995 0.525487 0.535602 0.526383 0.533611 0.527055 0.531028 0.529065 0.529435 0.531305 0.527838 0.531529 0.525847 0.531870 0.521671 0.531529 0.516491
2 0.344513 0.252912 0.345057 0.252912 0.346021 0.253125 0.346471 0.253338 0.347315 0.253931 0.348159 0.254681 0.348792 0.255319 0.348823 0.256338 0.348430 0.257625 0.348281 0.259069 0.348310 0.260194 0.349125 0.261694 0.349878 0.263301 0.350148 0.264588 0.346193 0.270319 0.346672 0.264139 0.346073 0.259981 0.345414 0.256037
6 0.393344 0.450593 0.393685 0.457870 0.396594 0.456662 0.396695 0.454278 0.396982 0.448574
6 0.388687 0.453069 0.390471 0.458657 0.386648 0.459259 0.385969 0.455787
6 0.376797 0.457602 0.378409 0.461375 0.374333 0.461977 0.373229 0.458204
6 0.379854 0.455787 0.381214 0.460319 0.378409 0.461375 0.377560 0.457296
10 0.342292 0.239125 0.344453 0.232454 0.347182 0.229019 0.349909 0.228005 0.354534 0.232032 0.347365 0.219028 0.344492 0.216713 0.342542 0.213417 0.340591 0.207796 0.338914 0.204657 0.338458 0.207005 0.339057 0.217769 0.338938 0.219051 0.338938 0.221074 0.340138 0.226083
4 0.380865 0.279306 0.382818 0.282648 0.383393 0.281074 0.384768 0.278407 0.384870 0.277565 0.384167 0.276130 0.384008 0.275458 0.383424 0.274347
6 0.399953 0.413218 0.398359 0.433056 0.395911 0.435046 0.397206 0.419449 0.397740 0.411727
6 0.369042 0.418815 0.372148 0.425644 0.378263 0.441333 0.378260 0.442528 0.376823 0.444954 0.373086 0.435375 0.370130 0.427602 0.368958 0.423125 0.368372 0.420449 0.368625 0.419852
6 0.370354 0.431176 0.374297 0.439241 0.377156 0.445907 0.376688 0.446213 0.375719 0.447162 0.375135 0.446088 0.369260 0.434005 0.369664 0.432579
6 0.372305 0.416880 0.375995 0.429505 0.380299 0.440565 0.378294 0.442528 0.378159 0.440787 0.372148 0.425644 0.369042 0.418815 0.369211 0.417639 0.369042 0.415838 0.369042 0.414500 0.371049 0.414204
6 0.373188 0.410167 0.375174 0.409481 0.378917 0.419801 0.379529 0.422519 0.378766 0.423199 0.379375 0.425505 0.381052 0.426593 0.383810 0.438417 0.383477 0.439079 0.381224 0.440278 0.378612 0.430667 0.373188 0.413014
1 0.316471 0.218750 0.317359 0.217194 0.318401 0.215620 0.319055 0.214796 0.319141 0.216806 0.318294 0.218028 0.317289 0.219069 0.314784 0.223824 0.314664 0.224042 0.314096 0.223412
14 0.453857 0.306931 0.452273 0.310398 0.450357 0.312954 0.448370 0.312231 0.444870 0.311185 0.443141 0.306931 0.443656 0.306079 0.445385 0.305426 0.447927 0.304833 0.449880 0.304833 0.451536 0.305620 0.452125 0.305815
14 0.434529 0.280606 0.439661 0.297995 0.443133 0.305116 0.445052 0.304306 0.447482 0.303778 0.450182 0.303750 0.453172 0.305116 0.454091 0.305417 0.454844 0.305417 0.455763 0.303778 0.456099 0.301551 0.456099 0.299912 0.455409 0.297606 0.451602 0.284565 0.444870 0.268194 0.443901 0.270778 0.442740 0.272324 0.440128 0.274218 0.438581 0.275769 0.436547 0.278005
1 0.373471 0.237222 0.373039 0.225412 0.373690 0.225602 0.374013 0.228491 0.375039 0.244907 0.375740 0.250181 0.374878 0.248838
1 0.686031 0.723745 0.687690 0.722241 0.688646 0.721583 0.690341 0.721389 0.690672 0.722241 0.689016 0.723157 0.686438 0.724468
2 0.694294 0.698157 0.693750 0.721944 0.695078 0.723935 0.695318 0.704972
8 0.636656 0.495157 0.640794 0.499347 0.643437 0.502509 0.643755 0.503421 0.643693 0.504611 0.643310 0.505338 0.642419 0.505060 0.641529 0.504264 0.638630 0.500361 0.636245 0.495097
1 0.635695 0.494046 0.639591 0.502551 0.642695 0.510435 0.646344 0.519028 0.648909 0.524639 0.652802 0.530949 0.656451 0.537870 0.658818 0.541463 0.661578 0.544708 0.665177 0.549880 0.667003 0.552509 0.667643 0.554611 0.668432 0.559782 0.668234 0.564255 0.667297 0.567236 0.663354 0.579431 0.662581 0.581134 0.661844 0.583106 0.660784 0.586824 0.659607 0.590162 0.658305 0.587847 0.659685 0.583940 0.660156 0.583056 0.660755 0.581667 0.661203 0.580653 0.661898 0.578060 0.662042 0.577412 0.663555 0.573019 0.665971 0.564472 0.666643 0.562556 0.666771 0.561083 0.666549 0.558023 0.665943 0.555255 0.662156 0.549028 0.658242 0.543991 0.655820 0.540991 0.649870 0.529903 0.647500 0.526417 0.642581 0.514370 0.639234 0.505574 0.633857 0.494250
2 0.661844 0.583106 0.665937 0.588542 0.670867 0.595028 0.672839 0.598009 0.672937 0.599060 0.672247 0.599324 0.670276 0.598269 0.668305 0.597042 0.667367 0.595903 0.661107 0.586611
1 0.622349 0.620870 0.625042 0.627144 0.628849 0.632593 0.631544 0.635069 0.634143 0.637875 0.636000 0.638370 0.637766 0.637875 0.638693 0.638042 0.639065 0.640352 0.640552 0.642500 0.641294 0.643491 0.643060 0.645306 0.644732 0.646792 0.647052 0.647616 0.648909 0.648444 0.656990 0.650259 0.663490 0.650588 0.665719 0.650755 0.666555 0.650755 0.667206 0.651579 0.667549 0.660611 0.667828 0.668370 0.668292 0.672167 0.669128 0.672333 0.671914 0.667875 0.674997 0.662347 0.675656 0.660843 0.676612 0.661486 0.676250 0.662560 0.670083 0.674597 0.671997 0.675139 0.673380 0.676097 0.674635 0.677486 0.675776 0.680356 0.677057 0.684602 0.678904 0.694847 0.680201 0.696884 0.681857 0.699454 0.683516 0.702495 0.686367 0.707477 0.690201 0.715759 0.691151 0.717852 0.693581 0.721773 0.695018 0.724009 0.696380 0.726431 0.697633 0.727870 0.697781 0.729440 0.697375 0.729310 0.696159 0.727870 0.694849 0.725884 0.692846 0.722472 0.690708 0.718833 0.689943 0.717611 0.688336 0.714287 0.687247 0.711347 0.685745 0.708583 0.684552 0.706097 0.681286 0.700847 0.679888 0.699005 0.678747 0.696884 0.677760 0.702222 0.674495 0.714417 0.670883 0.729542 0.665096 0.748528 0.661893 0.757079 0.659562 0.761935 0.658596 0.763801 0.657471 0.764940 0.655466 0.764361 0.655151 0.790199 0.653461 0.791769 0.654406 0.765333 0.649951 0.764343 0.645865 0.763352 0.643169 0.762032 0.645492 0.766657 0.649086 0.773704 0.649383 0.774546 0.649383 0.775718 0.648604 0.775292 0.647888 0.774019 0.642669 0.763782 0.641526 0.760796 0.641461 0.761866 0.643625 0.769926 0.649440 0.787245 0.651482 0.792889 0.651417 0.794060 0.650581 0.794162 0.650164 0.793847 0.643909 0.775875 0.640964 0.765333 0.639268 0.767773 0.638133 0.770000 0.637013 0.769833 0.637615 0.767917 0.638826 0.765264 0.640518 0.763111 0.639734 0.760167 0.639307 0.759324 0.638109 0.758500 0.636987 0.758014 0.635326 0.756213 0.633661 0.755569 0.631440 0.760000 0.630003 0.761917 0.628089 0.764375 0.623232 0.768106 0.620693 0.769148 0.620359 0.772894 0.620133 0.773977 0.620984 0.775407 0.622281 0.776921 0.623221 0.778032 0.624029 0.778750 0.625865 0.779787 0.628823 0.780662 0.631375 0.781296 0.631823 0.781542 0.631685 0.782176 0.631552 0.782574 0.629539 0.782176 0.625016 0.780898 0.622729 0.778991 0.621117 0.776843 0.620268 0.775324 0.619906 0.776204 0.619773 0.777005 0.619372 0.777157 0.618432 0.776046 0.618609 0.775009 0.618565 0.774051 0.618341 0.773495 0.617268 0.771981 0.616594 0.770389 0.614578 0.770551 0.612831 0.771032 0.608307 0.771185 0.606159 0.770949 0.605802 0.771745 0.605263 0.773255 0.604771 0.774773 0.601276 0.777477 0.599396 0.778514 0.597336 0.778676 0.597471 0.777556 0.597560 0.776597 0.598232 0.776120 0.600560 0.775407 0.602443 0.773977 0.603560 0.773019 0.604190 0.771519 0.605346 0.771134 0.606604 0.768481 0.609831 0.768639 0.612969 0.768954 0.618742 0.767921 0.619281 0.767444 0.617982 0.762588 0.616370 0.756856 0.613065 0.756699 0.609214 0.755181 0.609305 0.757097 0.608451 0.760759 0.607826 0.763866 0.607602 0.765296 0.607081 0.766125 0.606122 0.764500 0.607422 0.759963 0.608185 0.757333 0.608633 0.755106 0.608677 0.754069 0.606706 0.752236 0.603930 0.748810 0.601734 0.745069 0.600974 0.743324 0.599763 0.740296 0.599539 0.739500 0.600927 0.739185 0.601867 0.738894 0.602698 0.739903 0.604250 0.743222 0.606271 0.748468 0.606789 0.750037 0.607203 0.751231 0.608086 0.752426 0.608810 0.752894 0.610005 0.747454 0.609901 0.743681 0.610729 0.743866 0.611141 0.744505 0.613094 0.745773 0.612812 0.743366 0.617503 0.745917 0.625068 0.748940 0.627747 0.747181 0.628099 0.746463 0.626492 0.743741 0.625766 0.741611 0.624401 0.737185 0.623279 0.733898 0.622479 0.735185 0.620557 0.738042 0.618542 0.737894 0.618542 0.736324 0.620956 0.734477 0.622396 0.731755 0.624159 0.725907 0.627057 0.714500 0.628013 0.715060 0.628255 0.716630 0.624727 0.729046 0.624003 0.732181 0.625849 0.738472 0.628339 0.743458 0.628740 0.744319 0.631023 0.741875 0.635211 0.736130 0.635786 0.735583 0.634180 0.725824 0.632898 0.720412 0.631609 0.716269 0.630484 0.713278 0.628961 0.712847 0.625508 0.713412 0.619888 0.715704 0.612747 0.717981 0.612747 0.715407 0.616359 0.714551 0.620695 0.712273 0.621503 0.712079 0.620701 0.711208 0.620039 0.710898 0.619341 0.710898 0.618680 0.710713 0.617828 0.710690 0.617083 0.704500 0.616333 0.696606 0.619299 0.697380 0.620599 0.695194 0.623159 0.701769 0.623096 0.695106 0.622695 0.692625 0.616044 0.672037 0.617883 0.669759 0.619005 0.667611 0.620214 0.664324 0.620695 0.661190 0.619812 0.657343 0.617083 0.649912 0.616247 0.643310 0.616573 0.639097 0.618401 0.634708 0.620445 0.629935 0.621299 0.625546 0.621299 0.623431
2 0.654036 0.572148 0.660755 0.581667 0.660156 0.583056 0.659685 0.583940 0.658492 0.582468 0.654805 0.578486 0.653156 0.572333
2 0.681029 0.672213 0.680047 0.692625 0.681857 0.699454 0.680201 0.696884 0.677667 0.688181 0.677057 0.684602 0.677586 0.684884 0.679521 0.690546 0.680318 0.669986 0.681156 0.655074 0.681466 0.653204 0.682341 0.652273 0.682292 0.653324 0.681651 0.660597
2 0.675503 0.711370 0.677826 0.715843 0.680109 0.719833 0.685297 0.726097 0.692729 0.734838 0.693154 0.735111 0.693232 0.732773 0.693000 0.731741 0.691721 0.730435 0.687695 0.726856 0.685917 0.724861 0.684794 0.723412 0.681154 0.715431 0.679336 0.712130 0.679104 0.711167 0.679375 0.710685 0.679878 0.711097 0.681930 0.715639 0.685839 0.723412 0.687154 0.725477 0.692690 0.730366 0.693620 0.730648 0.693698 0.728843 0.693357 0.725884 0.693229 0.723912 0.691909 0.722778 0.688372 0.719593 0.685984 0.716718 0.684919 0.714366 0.682789 0.707097 0.682234 0.703157 0.682234 0.702472 0.683172 0.703838 0.683641 0.706944 0.684750 0.711111 0.685857 0.714519 0.687049 0.716866 0.689352 0.719519 0.691568 0.721792 0.692846 0.722472 0.694849 0.725884 0.695190 0.728912 0.694977 0.732778 0.694508 0.736412 0.694208 0.736565 0.693852 0.737315 0.693193 0.736903 0.688508 0.731532 0.682625 0.724171 0.678599 0.718806 0.675464 0.713296 0.675349 0.712333
1 0.455109 0.358630 0.450372 0.360125 0.444063 0.363565 0.445521 0.365787 0.447518 0.363569 0.451969 0.362356 0.453984 0.361616 0.456602 0.359630
1 0.478727 0.362907 0.478206 0.363162 0.477747 0.363704 0.477672 0.364926 0.480573 0.366963 0.482635 0.367370 0.484542 0.365375 0.481630 0.364551
1 0.489818 0.385972 0.494951 0.385051 0.495578 0.384958 0.495135 0.387500 0.494039 0.387787 0.489247 0.388500
8 0.450081 0.340824 0.446792 0.356491 0.444870 0.355440 0.448221 0.340625 0.448518 0.340190
1 0.485448 0.316671 0.488430 0.321384 0.490641 0.325579 0.491781 0.327736 0.491857 0.329046 0.491745 0.329505 0.489831 0.326102 0.486443 0.320273 0.485448 0.318375 0.485227 0.317722
1 0.481948 0.325551 0.485974 0.330241 0.489010 0.334000 0.490820 0.337009 0.489932 0.337519 0.487424 0.334352 0.483398 0.329306 0.481750 0.326838
1 0.485737 0.321370 0.488440 0.327500 0.490979 0.333449 0.492005 0.336241 0.490820 0.337009 0.488716 0.331727 0.485203 0.323954 0.484661 0.322319 0.484609 0.321745 0.484878 0.320884
1 0.498958 0.322815 0.502469 0.328671 0.504898 0.332704 0.506940 0.336264 0.508086 0.340866 0.507599 0.341440 0.506680 0.339329 0.504305 0.334625 0.501185 0.330384 0.499229 0.327139 0.498758 0.325741
1 0.488359 0.296236 0.493031 0.296347 0.494719 0.296565 0.497599 0.296894 0.497823 0.296880 0.497943 0.297472 0.497852 0.298167 0.497039 0.298435 0.496138 0.298694 0.489964 0.298588 0.488312 0.298083
1 0.439833 0.309227 0.441784 0.307556 0.443141 0.306931 0.443656 0.306079 0.445385 0.305426 0.447927 0.304833 0.449880 0.304833 0.451536 0.305620 0.452125 0.305815 0.453857 0.306931 0.454844 0.305417 0.454091 0.305417 0.453172 0.305116 0.450182 0.303750 0.447482 0.303778 0.445052 0.304306 0.443133 0.305116 0.441083 0.306579 0.438130 0.309079
4 0.502633 0.305991 0.503036 0.311463 0.503818 0.315935 0.505708 0.318907 0.505703 0.300139 0.504872 0.301347
4 0.501563 0.291250 0.505188 0.297616 0.501901 0.303194
4 0.465487 0.289338 0.468969 0.295421 0.469766 0.297653 0.470737 0.299681 0.471974 0.302194 0.472701 0.305903 0.473581 0.308477 0.474224 0.310898 0.474544 0.313037 0.475266 0.316324 0.474557 0.317630 0.473245 0.318343 0.471078 0.317935 0.467143 0.316921 0.466628 0.316111 0.466286 0.314588 0.465318 0.312458 0.462008 0.307898 0.461951 0.306477 0.462294 0.303838 0.463435 0.299278 0.465146 0.292583
4 0.399398 0.293500 0.402096 0.296380 0.406055 0.302347 0.406833 0.303949 0.406953 0.306505 0.407073 0.310236 0.407193 0.313222 0.407672 0.315671 0.407552 0.317699 0.404615 0.322389 0.399938 0.314713 0.394841 0.307468 0.398440 0.296380
1 0.505044 0.377991 0.514102 0.383208 0.514977 0.384208 0.515201 0.385917 0.513477 0.387319 0.510792 0.384764 0.504419 0.381102 0.504482 0.378102
1 0.542148 0.378412 0.545211 0.379681 0.546773 0.380898 0.548273 0.381676 0.549586 0.382120 0.549958 0.382454 0.551083 0.382787 0.551255 0.381449 0.549727 0.380222 0.546977 0.378602 0.543122 0.376157 0.542497 0.376037 0.537294 0.374065 0.535143 0.373324 0.533479 0.372954 0.531883 0.373324 0.530565 0.374556 0.528763 0.375792 0.529625 0.377537 0.531852 0.375713 0.532643 0.374421 0.533964 0.374185 0.537198 0.375361
1 0.503146 0.423116 0.508932 0.425023 0.511732 0.425769 0.515326 0.427431 0.517474 0.428671 0.518453 0.429171 0.518781 0.428509 0.518594 0.427014 0.518266 0.426764 0.515641 0.426000 0.511086 0.424477 0.508326 0.422949 0.504872 0.422037 0.503612 0.421870 0.503331 0.421870
6 0.437273 0.351014 0.444456 0.364356 0.445969 0.366852 0.445760 0.367898 0.442984 0.370361 0.442878 0.368139 0.435232 0.352653 0.434953 0.351491 0.435870 0.350917 0.436518 0.350722
6 0.482042 0.441171 0.481750 0.442546 0.473911 0.444958 0.463169 0.447194 0.462297 0.445472 0.462492 0.442718
1 0.491594 0.368227 0.493086 0.368171 0.495023 0.368963 0.496677 0.370037 0.497201 0.372116 0.494174 0.370681 0.492159 0.370111 0.491393 0.369894
1 0.498609 0.370935 0.502682 0.372222 0.502805 0.374306 0.499336 0.373227
1 0.512112 0.359634 0.513987 0.360620 0.516831 0.362718 0.517664 0.363579 0.517039 0.363949 0.512945 0.361236 0.512320 0.361361
1 0.496068 0.361236 0.498164 0.369588 0.499466 0.373958 0.502906 0.384556 0.506406 0.392981 0.508221 0.397856 0.510164 0.401940 0.510164 0.404292 0.509370 0.404292 0.507193 0.399954 0.502214 0.386042 0.499031 0.378199 0.497440 0.372676 0.495922 0.367532 0.495055 0.363162 0.494984 0.361620
4 0.471013 0.262444 0.472982 0.265944 0.475367 0.271032 0.476977 0.274213 0.477633 0.275699 0.478172 0.276653 0.479008 0.278681 0.479068 0.282301 0.470104 0.266653 0.469380 0.264856 0.467214 0.261944
4 0.380534 0.124069 0.385070 0.132505 0.384510 0.136583 0.383271 0.139370 0.382292 0.139028 0.381250 0.141245 0.380464 0.141736 0.378242 0.133843 0.377956 0.130028 0.378883 0.128472 0.379503 0.126912 0.379552 0.124255
4 0.311021 0.190144 0.318406 0.188574 0.320734 0.189005 0.321779 0.190287 0.327635 0.192144 0.329081 0.192144 0.330607 0.193144 0.332773 0.194000 0.334299 0.193713 0.332773 0.191713 0.332292 0.190287 0.333094 0.187292 0.333977 0.185292 0.335341 0.184722 0.338232 0.186292 0.339758 0.188574 0.342406 0.190144 0.343047 0.190431 0.344172 0.189287 0.346018 0.186148 0.348286 0.183843 0.357096 0.177190 0.359523 0.176694 0.361466 0.176819 0.363687 0.176199 0.364727 0.174352 0.372635 0.173977 0.375479 0.177810 0.386648 0.195931 0.388727 0.205801 0.389005 0.208264 0.389078 0.210861 0.385328 0.219241 0.384362 0.223194 0.383318 0.224546 0.376242 0.224667 0.373258 0.222079 0.364034 0.206051 0.360148 0.198153 0.358555 0.189028 0.359107 0.186806 0.358901 0.185569 0.356620 0.186019 0.354560 0.186736 0.353216 0.187611 0.351023 0.188644 0.350609 0.193556 0.349727 0.198264 0.350768 0.201546 0.357456 0.218356 0.367271 0.235593 0.384521 0.265417 0.379039 0.273833 0.358979 0.239829 0.347365 0.219028 0.344492 0.216713 0.342542 0.213417 0.340591 0.207796 0.338914 0.204657 0.336505 0.202847 0.334273 0.203829 0.330839 0.203500 0.326841 0.200861 0.322484 0.199551 0.315141 0.198551 0.313005 0.198551 0.311703 0.196236 0.310500 0.193597 0.310404 0.191787
8 0.663354 0.579431 0.668987 0.587352 0.672891 0.593444 0.672966 0.597435 0.666924 0.588861 0.662323 0.582509 0.662581 0.581134
8 0.649062 0.558750 0.651659 0.562148 0.657344 0.570926 0.658344 0.572241 0.662042 0.577412 0.661203 0.580653 0.659773 0.578375 0.653497 0.569167 0.649909 0.563644 0.646698 0.557935 0.640706 0.551551 0.641273 0.549764
4 0.488508 0.286824 0.493708 0.295079 0.494719 0.296565 0.493031 0.296347 0.488359 0.296236
4 0.384609 0.284833 0.388536 0.290218 0.394922 0.287468 0.396320 0.286685 0.391784 0.284185 0.387625 0.281407 0.386812 0.280153 0.386453 0.280519 0.385766 0.282852
4 0.378495 0.156907 0.383229 0.180847 0.392240 0.221625 0.393958 0.230417 0.400227 0.226745 0.394560 0.200495 0.387966 0.174574 0.381651 0.154597
4 0.400578 0.228384 0.405328 0.249500 0.405328 0.251847 0.405927 0.254727 0.409315 0.271259 0.410766 0.274296 0.411750 0.276968 0.412839 0.278537 0.414602 0.281023 0.415482 0.285815 0.415120 0.288301 0.415667 0.291505 0.405594 0.280417 0.403078 0.275190 0.398096 0.251106 0.394263 0.231815 0.397560 0.229681
4 0.404880 0.281273 0.404117 0.283370 0.403630 0.285463 0.403492 0.287440 0.406266 0.298662 0.407932 0.305815 0.409667 0.302236 0.411260 0.301620 0.413203 0.302486 0.414174 0.302606 0.415563 0.302361 0.417159 0.299894 0.416880 0.296194 0.416047 0.293972 0.410497 0.287685
4 0.440896 0.208088 0.442784 0.210949 0.444341 0.214361 0.445901 0.217449 0.447638 0.220861 0.448779 0.223208 0.451497 0.211185 0.450747 0.209606 0.449078 0.204556 0.447755 0.202245 0.445182 0.197440 0.443039 0.197306 0.441227 0.198546 0.439870 0.200667 0.440057 0.203796 0.440708 0.206278
4 0.383271 0.139370 0.388333 0.153676 0.398365 0.182657 0.400503 0.189926 0.407557 0.210556 0.409693 0.214514 0.410526 0.216662 0.411898 0.221782 0.418883 0.243611 0.421049 0.248606 0.422974 0.251176 0.425857 0.255569 0.434529 0.280606 0.439661 0.297995 0.440148 0.301694 0.437789 0.304162 0.436888 0.304532 0.435221 0.303296 0.433070 0.303296 0.432794 0.304282 0.432307 0.305764 0.431198 0.306380 0.429880 0.305639 0.428008 0.301569 0.426549 0.294417 0.426135 0.289116 0.425094 0.285167 0.422529 0.287931 0.422685 0.285815 0.417740 0.270000 0.416492 0.262847 0.416060 0.261120 0.416120 0.259417 0.415281 0.256431 0.414682 0.253657 0.414201 0.251741 0.408984 0.235861 0.406224 0.227454 0.411151 0.226343 0.411151 0.224741 0.410388 0.224370 0.407612 0.224741 0.405669 0.225231 0.403867 0.219681 0.400120 0.210801 0.389646 0.179602 0.387966 0.174574 0.381651 0.154597 0.381529 0.148769 0.381112 0.143838 0.381250 0.141245 0.382292 0.139028
4 0.398365 0.182657 0.400320 0.177458 0.401096 0.176074 0.402859 0.176815 0.413430 0.201963 0.417576 0.213204 0.422333 0.224921 0.415753 0.212079 0.414708 0.211935 0.408039 0.198921 0.404206 0.193213 0.401357 0.188699
4 0.392628 0.131185 0.393930 0.135972 0.395323 0.139606 0.402102 0.155949 0.414174 0.183523 0.419010 0.193519 0.426354 0.209306 0.432292 0.221065 0.441570 0.241472 0.450021 0.259796 0.460331 0.283574 0.460516 0.285556 0.459029 0.290343 0.456893 0.297606 0.455409 0.297606 0.451602 0.284565 0.442500 0.263102 0.431198 0.241412 0.422333 0.224921 0.417576 0.213204 0.413430 0.201963 0.402859 0.176815 0.400120 0.171611 0.387633 0.147190 0.384789 0.142380 0.384510 0.139546 0.384510 0.136583 0.386385 0.131773 0.389021 0.130296 0.390130 0.130171
4 0.417266 0.136898 0.418977 0.141009 0.431885 0.166435 0.447542 0.194352 0.449000 0.196449 0.447755 0.202245 0.445182 0.197440 0.443039 0.197306 0.441227 0.198546 0.439870 0.200667 0.438573 0.196042 0.431448 0.184532 0.430268 0.182806 0.412651 0.152417 0.410497 0.147231 0.410219 0.143287 0.411055 0.140083 0.412513 0.137870 0.413896 0.136995 0.416068 0.136806
4 0.450664 0.199718 0.457948 0.212667 0.472724 0.237579 0.487779 0.264708 0.486945 0.272727 0.486044 0.276671 0.484378 0.274204 0.476677 0.259407 0.472099 0.249292 0.468354 0.239796 0.467453 0.237329 0.467383 0.233259 0.466411 0.230176 0.463430 0.227463 0.460169 0.221421 0.457878 0.215750 0.454826 0.209583 0.451497 0.211185 0.450747 0.209606 0.450880 0.203315
4 0.491932 0.273120 0.494820 0.276421 0.497878 0.295907 0.497599 0.296894 0.494719 0.296565 0.493708 0.295079 0.488508 0.286824 0.490734 0.279560
4 0.496138 0.298694 0.498656 0.303597 0.498656 0.304769 0.497096 0.305514 0.496078 0.306366 0.495240 0.307755 0.494578 0.308500 0.494279 0.309671 0.493081 0.310204 0.491581 0.308606 0.489904 0.306259 0.487984 0.301250 0.487805 0.299120 0.489964 0.298588
5 0.363995 0.310106 0.366799 0.328509 0.367190 0.334190 0.365831 0.334884 0.359831 0.324898 0.354315 0.314926 0.351120 0.309759 0.351221 0.308731 0.357120 0.310273 0.360221 0.310968
4 0.294039 0.207611 0.304812 0.215866 0.304161 0.219991 0.304534 0.223130 0.305091 0.225440 0.306206 0.227588 0.307505 0.229236 0.309083 0.231056 0.309919 0.232542 0.311107 0.234190 0.312341 0.234639 0.315219 0.238389 0.318185 0.243769 0.315083 0.255745 0.313188 0.254514 0.308703 0.251394 0.302221 0.247745 0.290984 0.239241 0.290492 0.238500 0.288719 0.237296 0.288513 0.234472 0.293156 0.213505
4 0.305417 0.216389 0.315539 0.224731 0.319995 0.228032 0.318604 0.241736 0.316096 0.237444 0.314237 0.234634 0.311638 0.232162 0.309503 0.229519 0.307086 0.226546 0.306065 0.224731 0.305138 0.221759 0.304951 0.218458
7 0.338914 0.204657 0.338458 0.207005 0.339057 0.217769 0.338938 0.219051 0.338938 0.221074 0.340138 0.226083 0.343195 0.245486 0.343906 0.250602 0.344010 0.251759 0.345414 0.256037 0.346073 0.259981 0.346672 0.264139 0.346193 0.270319 0.338523 0.277861 0.333555 0.287880 0.333555 0.284579 0.332904 0.282269 0.330490 0.278801 0.328539 0.276324 0.325568 0.274509 0.325242 0.273074 0.324779 0.266963 0.324036 0.258875 0.323107 0.252597 0.322271 0.247648 0.321156 0.232125 0.319995 0.228032 0.318464 0.205694 0.320042 0.201912 0.320414 0.199273 0.322484 0.199551 0.326841 0.200861 0.330839 0.203500 0.334273 0.203829 0.336505 0.202847
7 0.320729 0.180051 0.329904 0.181542 0.334219 0.182287 0.336198 0.183139 0.336964 0.184019 0.338232 0.186292 0.335341 0.184722 0.333977 0.185292 0.333094 0.187292 0.332292 0.190287 0.332773 0.191713 0.334299 0.193713 0.332773 0.194000 0.330607 0.193144 0.329081 0.192144 0.327635 0.192144 0.321779 0.190287 0.320734 0.189005 0.320490 0.185699 0.320430 0.183884
5 0.346193 0.270319 0.352448 0.260796 0.354576 0.258731 0.357383 0.258218 0.360578 0.259250 0.371706 0.286435 0.369190 0.293833 0.363383 0.301231 0.360771 0.301917 0.358255 0.299509 0.356125 0.300199 0.352352 0.300370 0.348674 0.299509 0.344318 0.298477 0.341125 0.297444 0.338414 0.296069 0.336091 0.294690 0.332161 0.293495 0.333555 0.287880 0.338523 0.277861
5 0.383536 0.301611 0.386719 0.303657 0.388333 0.306667 0.389609 0.309963 0.387229 0.314708 0.383833 0.317407 0.373703 0.327815 0.369706 0.331889 0.367581 0.321134 0.366013 0.309384 0.377435 0.305208 0.379112 0.303819
5 0.363641 0.332597 0.361833 0.334653 0.360823 0.336579 0.361039 0.338764 0.361763 0.339667 0.363714 0.340435 0.365305 0.342106 0.365521 0.343907 0.364727 0.344935 0.362622 0.347375 0.361112 0.349819 0.357857 0.352000 0.354888 0.351616 0.354245 0.348403 0.351490 0.340181 0.350268 0.333880 0.349328 0.320903 0.349544 0.309079 0.350630 0.308435 0.351221 0.308731 0.351120 0.309759 0.354315 0.314926 0.359831 0.324898 0.364148 0.332208
5 0.336927 0.302037 0.346276 0.306435 0.346526 0.317606 0.347589 0.332750 0.347589 0.339630 0.345169 0.337736 0.343427 0.334644 0.340138 0.329653 0.337911 0.328102 0.337042 0.325005 0.336461 0.321736 0.335880 0.318468 0.335492 0.315199 0.335396 0.312273
5 0.370841 0.332764 0.374383 0.333921 0.376263 0.335074 0.376987 0.335204 0.381620 0.332593 0.385016 0.323213 0.387404 0.316407 0.384432 0.319139 0.376768 0.326468
5 0.391076 0.317185 0.391836 0.319556 0.394578 0.322306 0.397674 0.322306 0.399346 0.322903 0.401018 0.324093 0.399932 0.326324 0.398594 0.327958 0.396953 0.331917 0.387917 0.328829 0.388049 0.327458
5 0.395508 0.339241 0.393112 0.346074 0.392833 0.346157 0.390578 0.343380 0.387885 0.337116 0.387990 0.336542
5 0.402005 0.337847 0.403344 0.338144 0.401589 0.345727 0.397823 0.352718 0.392052 0.366097 0.384357 0.388699 0.381766 0.397028 0.382099 0.400894 0.382047 0.404343 0.380479 0.404144 0.379471 0.402352 0.380844 0.394648 0.381932 0.388852 0.382857 0.387352 0.385031 0.380519 0.393229 0.360148 0.398500 0.345120 0.400919 0.339333
5 0.322318 0.316773 0.323542 0.316352 0.325203 0.316606 0.326867 0.316736 0.328458 0.318407 0.329831 0.320463 0.332000 0.322264 0.333490 0.324736 0.333240 0.320292 0.332802 0.316296 0.332740 0.312741 0.332802 0.308963 0.333932 0.301204 0.329424 0.299731 0.326219 0.297954 0.324826 0.300926 0.323247 0.302245 0.320646 0.303236 0.318974 0.305875 0.318695 0.310333 0.320367 0.313144
4 0.352760 0.366190 0.357031 0.375269 0.360281 0.391778 0.356940 0.393759 0.355453 0.393431 0.352297 0.394421 0.349695 0.396403 0.340763 0.368417 0.339844 0.361282 0.337836 0.354889 0.336247 0.352657 0.332065 0.347306 0.330391 0.341801 0.333318 0.343884 0.331479 0.340759 0.329135 0.337491 0.326292 0.334815 0.324201 0.332731 0.323154 0.330477 0.322781 0.327009 0.322596 0.323046 0.323060 0.318921 0.323542 0.316352 0.325203 0.316606 0.326867 0.316736 0.328458 0.318407 0.329831 0.320463 0.332000 0.322264 0.333490 0.324736 0.334615 0.327736 0.335927 0.330847 0.336990 0.334843 0.337490 0.338731 0.338552 0.341176 0.339487 0.342731 0.341737 0.342176 0.343424 0.341176 0.343362 0.339065 0.345365 0.340759 0.345948 0.342546 0.346701 0.346412 0.347286 0.348343 0.349518 0.352227 0.349406 0.355213 0.352766 0.362778 0.352760 0.366190
6 0.369260 0.434005 0.375117 0.445907 0.374482 0.448352 0.374482 0.448889 0.373846 0.449361 0.372776 0.449838 0.367677 0.436819 0.368404 0.435412
8 0.566693 0.762361 0.569401 0.770042 0.575018 0.784347 0.576956 0.788560 0.573174 0.782718 0.567667 0.769426 0.565911 0.763843
8 0.586500 0.805560 0.590654 0.812861 0.594495 0.819574 0.595378 0.821139 0.602161 0.833116 0.608523 0.843519 0.604474 0.848662 0.590672 0.826394 0.589591 0.823625 0.581557 0.809727 0.579914 0.806009 0.575815 0.798426 0.574922 0.797815 0.565026 0.781472 0.562966 0.777449 0.561617 0.774282 0.561302 0.772602 0.564615 0.766829 0.566674 0.769606 0.573174 0.782718 0.579607 0.792824 0.584753 0.801889 0.584927 0.803241 0.584573 0.805556 0.584435 0.807306 0.584214 0.808731 0.583721 0.810727 0.583854 0.811204 0.584664 0.811685 0.585466 0.811278 0.585688 0.810245 0.586049 0.807625
7 0.408576 0.359509 0.411698 0.360620 0.411628 0.362472 0.418151 0.363208 0.420924 0.367528 0.425573 0.374681 0.433341 0.384301 0.437156 0.388986 0.437781 0.387875 0.436742 0.386273 0.435701 0.384792 0.426474 0.373199 0.420995 0.364565 0.434659 0.366662 0.442984 0.370361 0.445760 0.367898 0.469693 0.370856 0.479844 0.372130 0.461096 0.400481 0.453016 0.414514 0.452828 0.416833 0.422555 0.412037 0.404797 0.409681 0.404672 0.410963 0.404435 0.411602 0.403477 0.412023 0.402154 0.411815 0.401195 0.411282 0.400958 0.410755 0.400896 0.408296 0.406953 0.368426
7 0.483443 0.371972 0.486711 0.371972 0.487294 0.371889 0.487831 0.366944 0.488458 0.366796 0.490294 0.366944 0.491594 0.368227 0.488161 0.398625 0.487010 0.410991 0.486260 0.421208 0.485823 0.421875 0.483451 0.421986 0.482138 0.421986 0.482076 0.419653 0.482263 0.418319 0.469206 0.417875 0.455813 0.416319 0.459023 0.409472 0.464161 0.400625 0.478609 0.378366
10 0.515326 0.427431 0.514909 0.428329 0.514159 0.429106 0.512971 0.429440 0.511534 0.429884 0.509599 0.430773 0.507724 0.431551 0.506599 0.431662 0.506224 0.430551 0.506036 0.428106 0.506474 0.424106 0.517474 0.428671 0.518453 0.429171 0.518781 0.428509 0.518594 0.427014 0.518266 0.426764 0.515641 0.426000 0.511086 0.424477 0.508326 0.422949 0.504872 0.422037 0.503612 0.421870 0.503331 0.421870 0.503146 0.423116 0.508932 0.425023 0.511732 0.425769
10 0.487786 0.522778 0.490661 0.541528 0.492268 0.548806 0.492107 0.550801 0.491625 0.552940 0.491544 0.555509 0.491224 0.557366 0.491224 0.559361 0.491867 0.560361 0.492831 0.561361 0.493151 0.563074 0.493552 0.565213 0.493714 0.565926 0.494755 0.566356 0.494596 0.561648 0.498128 0.561505 0.498427 0.570894 0.498789 0.578602 0.497966 0.578199 0.492188 0.599032 0.489779 0.608593 0.489297 0.610306 0.488896 0.612157 0.488414 0.613588 0.488255 0.615440 0.488737 0.616153 0.489948 0.617176 0.491677 0.619384 0.492669 0.621005 0.493552 0.621861 0.494674 0.622718 0.495719 0.623148 0.497404 0.623861 0.497885 0.624287 0.499010 0.625000 0.499812 0.625431 0.500615 0.625287 0.501740 0.622861 0.502380 0.621861 0.502862 0.620292 0.503745 0.619009 0.504789 0.616727 0.505190 0.614014 0.505195 0.609190 0.504823 0.599412 0.504922 0.597838 0.504484 0.593505 0.504068 0.582718 0.503776 0.574361 0.504628 0.572065 0.508883 0.562931 0.509445 0.562074 0.509766 0.559648 0.510005 0.556509 0.511292 0.556509 0.512656 0.556509 0.512977 0.556083 0.513458 0.556083 0.513297 0.554227 0.513940 0.553227 0.514021 0.553514 0.514581 0.554796 0.515062 0.554796 0.515464 0.554083 0.515625 0.552227 0.515865 0.549944 0.516107 0.548944 0.517872 0.547093 0.517552 0.544236 0.516990 0.540528 0.514714 0.516713
10 0.507193 0.399954 0.511484 0.408403 0.515971 0.413565 0.519073 0.417435 0.519339 0.419782 0.519008 0.422130 0.518148 0.424241 0.517159 0.425417 0.515641 0.426000 0.511086 0.424477 0.511484 0.422014 0.509042 0.415440 0.508182 0.412741 0.507523 0.409810 0.506797 0.403944
10 0.515201 0.385917 0.519089 0.407440 0.518911 0.412935 0.515466 0.411523 0.513521 0.408065 0.510164 0.401940 0.508221 0.397856 0.508221 0.394713 0.511224 0.389375
10 0.519633 0.377116 0.521654 0.378694 0.524216 0.382986 0.526190 0.387019 0.531534 0.399528 0.532982 0.402514 0.534284 0.404690 0.535122 0.401569 0.536419 0.398167 0.537109 0.395458 0.538638 0.392875 0.540547 0.390981 0.543370 0.391111 0.546880 0.392060 0.548409 0.392472 0.548794 0.391657 0.549021 0.390296 0.549099 0.387852 0.548182 0.385819 0.546576 0.384861 0.542833 0.383514 0.540393 0.384458 0.537643 0.386088 0.535198 0.386903 0.532451 0.382287 0.529625 0.377537 0.528763 0.375792 0.526195 0.374926 0.523768 0.373940 0.521755 0.374435 0.520078 0.376019
1 0.337875 0.355472 0.337672 0.355472 0.337148 0.355472 0.336987 0.355977 0.338076 0.360278 0.338964 0.365583 0.339810 0.370819 0.340576 0.373185 0.345336 0.386023 0.348240 0.394556 0.348841 0.397241 0.349695 0.396403 0.340763 0.368417 0.339844 0.361282
1 0.324284 0.337769 0.326469 0.336657 0.327344 0.336657 0.328469 0.336769 0.329135 0.337491 0.330094 0.340880 0.330391 0.341801 0.332065 0.347306 0.332969 0.350764 0.333406 0.354653 0.334154 0.357208 0.334716 0.359097 0.335966 0.361875 0.336716 0.363315 0.337279 0.364981 0.337367 0.369505 0.337604 0.378556 0.336667 0.377801 0.336247 0.370338 0.335922 0.365361 0.334849 0.362130 0.333260 0.358384 0.332417 0.356472 0.330276 0.344944 0.329013 0.341134 0.327987 0.338148 0.326214 0.338481 0.325464 0.338801 0.324583 0.339134 0.323833 0.339134 0.323927 0.338394
2 0.500964 0.275324 0.502987 0.272005 0.505078 0.268778 0.505036 0.271454 0.504969 0.274843 0.503289 0.277778 0.501117 0.280856
2 0.493549 0.263995 0.495266 0.262940 0.498039 0.279602 0.500234 0.276667 0.500234 0.281991 0.498766 0.284060 0.499927 0.295398 0.501185 0.306074 0.500437 0.306574 0.499424 0.305181 0.497878 0.295907 0.494820 0.276421 0.494013 0.268231
11 0.416146 0.322407 0.420938 0.323981 0.424508 0.319699 0.425430 0.318648 0.427794 0.319810 0.426737 0.321681 0.424016 0.324324 0.424286 0.325194 0.429148 0.326116 0.430253 0.326310 0.429779 0.324528 0.430177 0.321588 0.430633 0.317227 0.430961 0.314278 0.429716 0.312458 0.424604 0.316171
11 0.429034 0.306588 0.432716 0.307903 0.432651 0.312009 0.430836 0.311389 0.428284 0.306921
11 0.418617 0.303338 0.426026 0.306056 0.428385 0.310611 0.423404 0.313278 0.418104 0.318144 0.414479 0.320505 0.412888 0.320199 0.410948 0.318463 0.414664 0.311361
11 0.415563 0.302361 0.414414 0.305477 0.407552 0.317699 0.407672 0.315671 0.407193 0.313222 0.407073 0.310236 0.406974 0.307667 0.407932 0.305815 0.409667 0.302236 0.411260 0.301620 0.413203 0.302486 0.414174 0.302606
11 0.450357 0.312954 0.466349 0.317986 0.466349 0.319259 0.467167 0.319801 0.469211 0.318894 0.475549 0.320167 0.476872 0.320597 0.477919 0.322310 0.478479 0.324310 0.478961 0.326597 0.479602 0.327875 0.478820 0.331435 0.478310 0.334162 0.477594 0.336523 0.476878 0.338523 0.475753 0.338523 0.476266 0.332343 0.471255 0.329981 0.469721 0.335616 0.457555 0.333435 0.457250 0.331616 0.455919 0.330708 0.455510 0.331435 0.454794 0.332708 0.452138 0.332162 0.452622 0.330144 0.452458 0.326782 0.451271 0.321981 0.450138 0.322366 0.441930 0.329278 0.440208 0.326162 0.439563 0.318167 0.439154 0.315259 0.438130 0.313440 0.437417 0.311986 0.437417 0.309986 0.438130 0.309079 0.444870 0.311185 0.448370 0.312231
8 0.448560 0.435995 0.483638 0.434111 0.517039 0.431440 0.518010 0.431440 0.517922 0.434583 0.493359 0.439764 0.457573 0.442750 0.442109 0.442593 0.437516 0.442907 0.437870 0.439292 0.439813 0.436940
8 0.396695 0.454278 0.402318 0.450644 0.408555 0.448463 0.422664 0.441556 0.427672 0.439741 0.435341 0.437556 0.435341 0.439556 0.430023 0.441921 0.423174 0.444829 0.413359 0.449370 0.406307 0.452278 0.402115 0.453917 0.399661 0.455731 0.396594 0.456662
1 0.500435 0.294523 0.499927 0.295398 0.501185 0.306074 0.501513 0.307153 0.502964 0.316602 0.505349 0.329454 0.506940 0.336264 0.509036 0.345134 0.511422 0.359398 0.512867 0.367236 0.513953 0.376361 0.504482 0.373278 0.504701 0.374949 0.509542 0.376750 0.513953 0.378292 0.515201 0.385917 0.519089 0.407440 0.518911 0.412935 0.519339 0.419782 0.519008 0.422130 0.518148 0.424241 0.519880 0.424685 0.522844 0.424815 0.524724 0.424815 0.526674 0.428796 0.525591 0.431625 0.526315 0.431884 0.531807 0.431370 0.536115 0.429884 0.534404 0.428569 0.531323 0.425523 0.531151 0.424407 0.533547 0.417718 0.535857 0.407333 0.538966 0.405153 0.543953 0.401037 0.543810 0.399880 0.541279 0.400139 0.541568 0.398213 0.541279 0.397056 0.539906 0.399625 0.538388 0.401551 0.537159 0.401551 0.535122 0.401569 0.534284 0.404690 0.532982 0.402514 0.531534 0.399528 0.526190 0.387019 0.524216 0.382986 0.521654 0.378694 0.519633 0.377116 0.515398 0.376361 0.512320 0.361361 0.512112 0.359634 0.509615 0.343356 0.508437 0.340394 0.506354 0.330157 0.505799 0.326583 0.503904 0.317630 0.503036 0.311463 0.502258 0.306074 0.502073 0.305162 0.501880 0.303389 0.501229 0.300819
1 0.502633 0.305991 0.504872 0.301347 0.505703 0.300139 0.514542 0.283296 0.515305 0.280583 0.514750 0.280458 0.511906 0.285639 0.507674 0.293037 0.505599 0.297130 0.501880 0.303389 0.502073 0.305162 0.502258 0.306074
1 0.498432 0.331463 0.498758 0.325741 0.499086 0.316778 0.499971 0.310889 0.500906 0.309144 0.501513 0.307153 0.501185 0.306074 0.500437 0.306574 0.499688 0.308380 0.498852 0.311134 0.498620 0.312361 0.497732 0.323750 0.497359 0.332130
1 0.500794 0.273319 0.501445 0.288741 0.501880 0.303389 0.501229 0.300819 0.500435 0.294523 0.500146 0.273190
1 0.396930 0.165148 0.399685 0.178681 0.399198 0.180505 0.395906 0.163514
1 0.389169 0.117148 0.391036 0.130343 0.390130 0.130171 0.388375 0.117731 0.388331 0.116986
1 0.386190 0.405537 0.386260 0.406366 0.386044 0.407134 0.382698 0.412606 0.380753 0.416444 0.378917 0.419801 0.378268 0.418366 0.378755 0.416444 0.381130 0.413181 0.383508 0.408671 0.384747 0.407037 0.385128 0.406653
1 0.369560 0.429546 0.370130 0.427602 0.370956 0.429218 0.370354 0.431176 0.369664 0.432579 0.369260 0.434005 0.368404 0.435412 0.367677 0.436819 0.365893 0.441324 0.364771 0.444880 0.364021 0.446102 0.363646 0.447657 0.362958 0.452653 0.361833 0.456097 0.360333 0.456542 0.361958 0.448769 0.362583 0.446435 0.363333 0.443991 0.364833 0.438991 0.366206 0.436769 0.366750 0.435245 0.368081 0.432000
1 0.406706 0.353907 0.408990 0.355486 0.412500 0.357500 0.414229 0.358162 0.416456 0.359537 0.420995 0.364565 0.426474 0.373199 0.435701 0.384792 0.436742 0.386273 0.437781 0.387875 0.437156 0.388986 0.433341 0.384301 0.425573 0.374681 0.420924 0.367528 0.418151 0.363208 0.414760 0.360907 0.412661 0.359134 0.407854 0.356731 0.406513 0.356019
1 0.362242 0.337704 0.365831 0.334884 0.367190 0.334190 0.369706 0.331889 0.373703 0.327815 0.383833 0.317407 0.387229 0.314708 0.389615 0.313139 0.390844 0.313394 0.392289 0.314551 0.393039 0.316755 0.393760 0.318301 0.394411 0.318940 0.396581 0.319843 0.397594 0.320097 0.399914 0.320694 0.401406 0.321028 0.404615 0.322389 0.408417 0.322694 0.422245 0.326394 0.431497 0.329208 0.436341 0.330495 0.438148 0.331523 0.437135 0.333065 0.428677 0.330750 0.420365 0.328824 0.416315 0.327681 0.406156 0.324551 0.403917 0.323917 0.401018 0.324093 0.399346 0.322903 0.397674 0.322306 0.394578 0.322306 0.391836 0.319556 0.391076 0.317185 0.389497 0.315764 0.388703 0.315764 0.387404 0.316407 0.384432 0.319139 0.376768 0.326468 0.370841 0.332764 0.367448 0.335778 0.364990 0.337833 0.363617 0.339375 0.362820 0.339889 0.361763 0.339667 0.361521 0.338347
1 0.459602 0.359407 0.461427 0.362019 0.462174 0.363463 0.463174 0.365569 0.463487 0.367125 0.463674 0.368347 0.462487 0.369125 0.461302 0.367792 0.459427 0.363463 0.458365 0.360463
1 0.445362 0.358852 0.447299 0.356852 0.448549 0.355741 0.449542 0.355296 0.451609 0.355074 0.453172 0.355074 0.455042 0.355519 0.457414 0.357074 0.458234 0.358074 0.456602 0.359630 0.455109 0.358630 0.453359 0.357741 0.451359 0.357630 0.450049 0.357630 0.448674 0.358185 0.447674 0.359296 0.447049 0.360519 0.446482 0.361519 0.445549 0.362185 0.444919 0.362296 0.444612 0.361741 0.444674 0.360074
1 0.466036 0.354630 0.459602 0.359407 0.452234 0.364394 0.447799 0.368282 0.445760 0.367898 0.447862 0.366171 0.453984 0.361616 0.458732 0.357620 0.463661 0.354731 0.464849 0.354287
1 0.474026 0.347616 0.481979 0.342472 0.494846 0.334250 0.497359 0.332130 0.500531 0.330139 0.501185 0.330384 0.501419 0.331463 0.500997 0.332458 0.500253 0.332875 0.498805 0.333537 0.497544 0.334037 0.493471 0.336944 0.485159 0.342218 0.480242 0.344917 0.476557 0.347870 0.474893 0.348514
1 0.446945 0.333644 0.451573 0.335569 0.454393 0.336343 0.455909 0.337630 0.466464 0.344569 0.467187 0.345208 0.466971 0.346111 0.465815 0.346111 0.462706 0.343667 0.456995 0.339815 0.454247 0.338144 0.451935 0.338269 0.449549 0.336986 0.448031 0.335699 0.447018 0.335444 0.446141 0.334269
1 0.383013 0.241310 0.385576 0.240532 0.386289 0.240856 0.386414 0.242301 0.385076 0.242310 0.384326 0.242977 0.383701 0.245088 0.383513 0.246199 0.383076 0.247199 0.381141 0.249866 0.379141 0.252755 0.378016 0.254199 0.377031 0.252583 0.379193 0.250569 0.381461 0.246630 0.382138 0.244310 0.382576 0.242977
1 0.386727 0.237079 0.390849 0.232861 0.393958 0.230417 0.400227 0.226745 0.402719 0.226306 0.403969 0.226083 0.405669 0.225231 0.407612 0.224741 0.410388 0.224370 0.411151 0.224741 0.411151 0.226343 0.406224 0.227454 0.400578 0.228384 0.397560 0.229681 0.394263 0.231815 0.391099 0.234634 0.389661 0.236190 0.388536 0.237523 0.387786 0.238634 0.387786 0.240190 0.387724 0.241968 0.389536 0.245745 0.392349 0.249741 0.394474 0.254519 0.397909 0.263292 0.401034 0.271625 0.403078 0.275190 0.405594 0.280417 0.415667 0.291505 0.419161 0.295144 0.421099 0.297477 0.422339 0.299394 0.424589 0.302394 0.425221 0.303144 0.428284 0.306921 0.430836 0.311389 0.434833 0.317833 0.439021 0.324384 0.440208 0.326162 0.441930 0.329278 0.446141 0.334269 0.449893 0.339269 0.457203 0.348157 0.460013 0.352042 0.460576 0.352931 0.460263 0.353597 0.459701 0.353597 0.455641 0.348269 0.450081 0.340824 0.445008 0.335227 0.440852 0.329944 0.430961 0.314278 0.426026 0.306056 0.420417 0.299815 0.418349 0.296699 0.416047 0.293972 0.410497 0.287685 0.404880 0.281273 0.403091 0.279630 0.399773 0.271051 0.395852 0.261676 0.393927 0.257167 0.392466 0.252435 0.390349 0.249519 0.388661 0.246412 0.387661 0.245190 0.386911 0.243745 0.386414 0.242301 0.386289 0.240856 0.386352 0.239079
8 0.517427 0.569824 0.517156 0.574051 0.516562 0.575139 0.515214 0.577218 0.515430 0.570977 0.516203 0.570838 0.516685 0.570093
8 0.497529 0.351190 0.485734 0.367546 0.483443 0.371972 0.478609 0.378366 0.464161 0.400625 0.459023 0.409472 0.455813 0.416319 0.453693 0.420931 0.449258 0.421968 0.452828 0.416833 0.453016 0.414514 0.461096 0.400481 0.479844 0.372130 0.486487 0.362491 0.493599 0.351634 0.495932 0.349106
8 0.425581 0.129940 0.431435 0.135593 0.438771 0.142847 0.442901 0.147236 0.446591 0.151472 0.448641 0.154282 0.449526 0.155694 0.449852 0.156690 0.450138 0.157778 0.450320 0.163667 0.450664 0.199718 0.450880 0.203315 0.450747 0.209606 0.449078 0.204556 0.448781 0.202745 0.449000 0.196449 0.448547 0.194935 0.448365 0.180333 0.448365 0.160588 0.448081 0.158431 0.447193 0.156199 0.436555 0.144588 0.425070 0.133792 0.424091 0.132722 0.423857 0.131546 0.423857 0.130565 0.424560 0.129644
8 0.391602 0.369694 0.396786 0.365565 0.400620 0.362014 0.400620 0.371616 0.396354 0.375069 0.393437 0.375935 0.393060 0.375551 0.391818 0.371519
8 0.406451 0.357694 0.407854 0.356731 0.412661 0.359134 0.411698 0.360620 0.408576 0.359509 0.407260 0.366333 0.406112 0.366532
8 0.408990 0.355486 0.420521 0.346977 0.417714 0.351106 0.413456 0.357301 0.412500 0.357500
8 0.441930 0.329278 0.450138 0.322366 0.451271 0.321981 0.452458 0.326782 0.452622 0.330144 0.446141 0.334269
8 0.426076 0.341829 0.440201 0.330329 0.440852 0.329944 0.445008 0.335227 0.434750 0.343875 0.431563 0.346560 0.428747 0.343880
8 0.467503 0.540875 0.464375 0.564606 0.463208 0.573981 0.462826 0.577741 0.462617 0.578532 0.462305 0.581667 0.462323 0.582611 0.463276 0.583560 0.465776 0.584269 0.466570 0.583690 0.466943 0.581116 0.469510 0.558301 0.469836 0.551745 0.468297 0.545769 0.468810 0.544690 0.469276 0.544528 0.469883 0.544528 0.470302 0.543116 0.469370 0.541620
6 0.390320 0.383060 0.400286 0.384852 0.400635 0.387125 0.400174 0.391023 0.398961 0.390954 0.396669 0.391088 0.390656 0.390426 0.389424 0.388634 0.389536 0.386046
6 0.411414 0.410532 0.411237 0.430625 0.409206 0.430625 0.408940 0.410218
6 0.408940 0.410218 0.408234 0.429852 0.406112 0.431880 0.405729 0.409954
6 0.405677 0.409861 0.406112 0.431880 0.403727 0.432681 0.403477 0.412023 0.404435 0.411602 0.404672 0.410963 0.404797 0.409681
6 0.406643 0.341241 0.406112 0.366532 0.406289 0.372032 0.402755 0.394667 0.403286 0.361505 0.404612 0.344069
6 0.402755 0.356968 0.402755 0.394667 0.400896 0.408296 0.400958 0.410755 0.401195 0.411282 0.402154 0.411815 0.403477 0.412023 0.403727 0.432681 0.399839 0.433468 0.400635 0.387125 0.400635 0.357125 0.401076 0.356653
6 0.398961 0.390954 0.397740 0.411727 0.397206 0.419449 0.395914 0.435213 0.394844 0.434806 0.395151 0.416343 0.396669 0.391088
6 0.361474 0.416398 0.365862 0.426829 0.368081 0.432000 0.369560 0.429546 0.369125 0.428329 0.364023 0.416301 0.363299 0.415347 0.362560 0.414907 0.362214 0.414995
6 0.365862 0.426829 0.368081 0.432000 0.366750 0.435245 0.363792 0.429282 0.364729 0.427532
5 0.522518 0.231495 0.523560 0.234333 0.524393 0.235815 0.526057 0.237417 0.526266 0.238773 0.526612 0.240375 0.527029 0.241731 0.527654 0.242843 0.528622 0.244079 0.529180 0.245926 0.529526 0.248269 0.530427 0.250241 0.531260 0.252588 0.532023 0.255176 0.532716 0.257764 0.533203 0.259491 0.533479 0.262329 0.533896 0.265287 0.535076 0.268250 0.535284 0.270838 0.535076 0.272194 0.532299 0.271333 0.530427 0.271333 0.528693 0.271454 0.526195 0.271208 0.524599 0.272069 0.523698 0.273060 0.518703 0.279102 0.512737 0.288843 0.511003 0.293653 0.510102 0.295134 0.509964 0.297477 0.514542 0.307218 0.517315 0.312894 0.520784 0.318444 0.524393 0.324241 0.527792 0.329171 0.529734 0.331884 0.532508 0.337190 0.533966 0.339653 0.535352 0.342491 0.540070 0.351370 0.543677 0.358153 0.545966 0.361731 0.546867 0.363579 0.543122 0.376157 0.542497 0.376037 0.537294 0.374065 0.535143 0.373324 0.533479 0.372954 0.531883 0.373324 0.530565 0.374556 0.528763 0.375792 0.526195 0.374926 0.523768 0.373940 0.521755 0.374435 0.520078 0.376019 0.513516 0.364306 0.512320 0.361361 0.512945 0.361236 0.517039 0.363949 0.517664 0.363579 0.516831 0.362718 0.513987 0.360620 0.512112 0.359634 0.516206 0.349153 0.517039 0.346806 0.516344 0.346190 0.513432 0.346685 0.511490 0.346685 0.509615 0.343356 0.508437 0.340394 0.506354 0.330157 0.505799 0.326583 0.505703 0.300139 0.514542 0.283296 0.515305 0.280583 0.514750 0.280458 0.511906 0.285639 0.507674 0.293037 0.505599 0.297130 0.504969 0.286625 0.505036 0.271454 0.505661 0.258630 0.507742 0.249505 0.512878 0.238528 0.517107 0.233718 0.520161 0.231745
8 0.522362 0.566856 0.516562 0.575139 0.513914 0.579213 0.516758 0.580454 0.518141 0.578139 0.521047 0.573667 0.523346 0.571079 0.524109 0.569111 0.523000 0.566884
8 0.490133 0.617435 0.487396 0.621236 0.487195 0.620343 0.486948 0.616991 0.488349 0.615801 0.488737 0.616153 0.489948 0.617176
8 0.471667 0.635324 0.474599 0.631708 0.478544 0.627153 0.479094 0.630713 0.478445 0.631796 0.476227 0.635125 0.472872 0.637843
5 0.558333 0.412546 0.559865 0.416884 0.570023 0.420009 0.574224 0.421366 0.582242 0.420278 0.581555 0.414440 0.581555 0.411727 0.580867 0.410639 0.577049 0.408875 0.574375 0.410366 0.563302 0.412134
5 0.542148 0.378412 0.540393 0.384458 0.537643 0.386088 0.535198 0.386903 0.532451 0.382287 0.529625 0.377537 0.531852 0.375713 0.532643 0.374421 0.533964 0.374185 0.537198 0.375361
1 0.384497 0.543194 0.389284 0.546523 0.395779 0.550741 0.402195 0.553875 0.410547 0.556870 0.424031 0.562148 0.432857 0.566574 0.438156 0.569574 0.450755 0.576000 0.463276 0.583560 0.467208 0.585556 0.478690 0.591833 0.485187 0.595625 0.486240 0.595880 0.486438 0.594653 0.486633 0.592898 0.486682 0.591671 0.487591 0.587611 0.487789 0.584444 0.487919 0.582097 0.488052 0.579750 0.487721 0.578106 0.486732 0.576463 0.486271 0.575759 0.485148 0.574819 0.485487 0.574412 0.486380 0.574338 0.487362 0.575245 0.487872 0.576079 0.488844 0.579162 0.489299 0.582097 0.489115 0.586806 0.487779 0.591148 0.486927 0.596528 0.488247 0.597208 0.491742 0.599630 0.491964 0.600019 0.491154 0.603046 0.488810 0.601231 0.486380 0.599792 0.483016 0.597139 0.471469 0.589833 0.463443 0.585407 0.457781 0.581491 0.448714 0.577435 0.442674 0.574231 0.437779 0.571819 0.427396 0.566574 0.412073 0.559583 0.401313 0.555870 0.389638 0.549398 0.384643 0.546190 0.382633 0.544218
8 0.474375 0.615556 0.472448 0.621389 0.470938 0.626389 0.469792 0.630370 0.469518 0.632273 0.471667 0.635324 0.472482 0.631500 0.473359 0.628565 0.475445 0.623917 0.476096 0.622505 0.477398 0.619935 0.477471 0.618523 0.476531 0.616977 0.475591 0.616338
8 0.587273 0.734894 0.596237 0.748514 0.602187 0.759213 0.607370 0.766764 0.605346 0.771134 0.604190 0.771519 0.590938 0.750972 0.581779 0.736565 0.581635 0.735278 0.582068 0.733866 0.582935 0.732838
2 0.582203 0.739944 0.586336 0.751755 0.579367 0.749968 0.579716 0.751412 0.585596 0.752653 0.585596 0.753546 0.583609 0.761269 0.584370 0.762264 0.585195 0.759000 0.586419 0.753259 0.587122 0.753120 0.591344 0.763954 0.592253 0.766222 0.593685 0.766500 0.588555 0.753861 0.594245 0.756111 0.593125 0.754676 0.589076 0.752889 0.589896 0.749213 0.589505 0.748704 0.587906 0.752102 0.585352 0.744880 0.584128 0.741037 0.583115 0.740394
2 0.602396 0.759306 0.607187 0.760787 0.606779 0.762028 0.603385 0.760741
6 0.387437 0.425593 0.392305 0.426991 0.392474 0.431912 0.390813 0.431537 0.390344 0.430704
6 0.387437 0.425593 0.390344 0.430704 0.392388 0.434792 0.389576 0.435931 0.386448 0.429347 0.386714 0.426648
1 0.309253 0.203792 0.311987 0.201708 0.315138 0.199625 0.316909 0.198838 0.318003 0.198884 0.318107 0.199347 0.314591 0.201153 0.310815 0.203606 0.308750 0.205213
1 0.299953 0.212060 0.303281 0.209167 0.306458 0.206296 0.308000 0.205023 0.307505 0.206690 0.305448 0.208819 0.302167 0.211736 0.300734 0.212755
1 0.312193 0.197301 0.310089 0.201407 0.308750 0.205213 0.305872 0.213838 0.304951 0.218458 0.305138 0.221759 0.306065 0.224731 0.307086 0.226546 0.309503 0.229519 0.311638 0.232162 0.314237 0.234634 0.316096 0.237444 0.318604 0.241736 0.322378 0.248917 0.322578 0.249333 0.323107 0.252597 0.320870 0.248231 0.318185 0.243769 0.315219 0.238389 0.312341 0.234639 0.311128 0.234190 0.309919 0.232542 0.309083 0.231056 0.307505 0.229236 0.306206 0.227588 0.305091 0.225440 0.304534 0.223130 0.304161 0.219991 0.304812 0.215866 0.308698 0.202870 0.311706 0.196694
6 0.379529 0.422519 0.387437 0.425593 0.386714 0.426648 0.386448 0.429347 0.381052 0.426593 0.379375 0.425505 0.378766 0.423199
6 0.382401 0.432310 0.387216 0.433745 0.388792 0.434278 0.389576 0.435931 0.387727 0.437384 0.383253 0.435866
5 0.445977 0.238426 0.447273 0.232528 0.448516 0.223963 0.448779 0.223208 0.451497 0.211185 0.454826 0.209583 0.457878 0.215750 0.460169 0.221421 0.463430 0.227463 0.466411 0.230176 0.467383 0.233259 0.467453 0.237329 0.468354 0.239796 0.472099 0.249292 0.476677 0.259407 0.484378 0.274204 0.485773 0.277815 0.486966 0.282977 0.488508 0.286824 0.488312 0.298083 0.487805 0.299120 0.487984 0.301250 0.489154 0.307620 0.489391 0.309616 0.489474 0.310898 0.489232 0.312324 0.488190 0.312898 0.486667 0.313319 0.485940 0.314042 0.483453 0.322028 0.480484 0.328023 0.479602 0.327875 0.478961 0.326597 0.478479 0.324310 0.477919 0.322310 0.476872 0.320597 0.475990 0.319319 0.475266 0.316324 0.474544 0.313037 0.474224 0.310898 0.473581 0.308477 0.472701 0.305903 0.471974 0.302194 0.477919 0.289782 0.479068 0.282301 0.479008 0.278681 0.479068 0.275264 0.478706 0.272069 0.477690 0.270153 0.476852 0.269616 0.475411 0.268870 0.474690 0.267056 0.474508 0.264505 0.471753 0.262588 0.469896 0.262366 0.467214 0.261944 0.464565 0.261097 0.462555 0.258667 0.457672 0.255282 0.454414 0.250843 0.452049 0.243324 0.449971 0.238019 0.447961 0.237898
