0 0.351938 0.045407 0.354849 0.048991 0.361901 0.042819 0.373771 0.032468 0.370971 0.025301 0.376346 0.022912 0.379594 0.021718 0.395831 0.034060 0.421091 0.053431 0.419859 0.058606 0.419859 0.062190 0.418516 0.060796 0.410677 0.061792 0.405750 0.061394 0.397578 0.055421 0.392987 0.051838 0.368799 0.065972 0.368799 0.078116 0.369919 0.080704 0.372943 0.074134 0.377086 0.078514 0.387948 0.089662 0.395562 0.098620 0.396122 0.096431 0.403961 0.094042 0.409669 0.106782 0.413701 0.119519 0.415492 0.128875 0.414419 0.130130 0.415482 0.141296 0.416836 0.151292 0.417057 0.158380 0.414557 0.164074 0.414531 0.167685 0.409219 0.177037 0.403177 0.170403 0.395729 0.162819 0.385854 0.151509 0.379336 0.144662 0.379156 0.131824 0.379448 0.126028 0.378005 0.119222 0.371497 0.114204 0.366078 0.110125 0.363268 0.101347 0.361174 0.095097 0.347156 0.075069 0.345867 0.075986 0.346505 0.099255 0.347669 0.111000 0.347940 0.123444 0.349104 0.125991 0.348117 0.129556 0.347333 0.145560 0.349664 0.149796 0.356102 0.158259 0.358286 0.164250 0.357187 0.170602 0.356135 0.183519 0.354826 0.194509 0.352497 0.203046 0.350482 0.210912 0.349620 0.216866 0.346753 0.221384 0.343159 0.222199 0.338589 0.222079 0.334906 0.222079 0.329216 0.211866 0.326349 0.206074 0.321536 0.193750 0.318388 0.178028 0.317716 0.162380 0.318099 0.159454 0.324492 0.152903 0.328669 0.148403 0.328893 0.143231 0.328958 0.132361 0.329896 0.116574 0.329974 0.107731 0.334937 0.106602 0.336305 0.088208 0.336977 0.079449 0.329250 0.097764 0.321076 0.103338 0.322307 0.104931 0.317492 0.108713 0.309430 0.114486 0.301268 0.119065 0.300182 0.126648 0.299667 0.140921 0.296779 0.145935 0.291000 0.153639 0.287081 0.157819 0.286958 0.160486 0.285143 0.162819 0.283464 0.162597 0.283331 0.166259 0.285893 0.172153 0.283206 0.172810 0.279333 0.170921 0.275279 0.159931 0.274898 0.155153 0.271214 0.145380 0.270219 0.135269 0.271841 0.123500 0.276836 0.105824 0.283107 0.091852 0.286622 0.093185 0.298167 0.080843 0.307529 0.072523 0.312724 0.078315 0.322039 0.073060 0.321289 0.069792 0.321872 0.065634 0.319284 0.062806 0.317695 0.064440 0.312253 0.062944 0.306229 0.054764 0.300474 0.048991 0.295099 0.052972 0.295435 0.071704 0.289948 0.066708 0.284237 0.062727 0.279198 0.056157 0.279422 0.039856 0.280036 0.032926 0.285859 0.021579 0.289904 0.012843 0.292992 0.011130 0.298995 0.011468 0.304604 0.011986 0.307315 0.011806 0.311289 0.020245 0.343258 0.000060 0.345755 0.000000 0.349880 0.000000 0.354096 0.002986 0.353516 0.017958
2 0.399562 0.180741 0.399273 0.179329 0.398406 0.178815 0.398479 0.176630 0.396167 0.166991 0.395805 0.165319 0.393635 0.165190 0.390961 0.165963 0.390237 0.167245 0.388286 0.171361 0.389443 0.180356 0.389805 0.174444 0.391466 0.175218 0.392044 0.185884
1 0.392578 0.220185 0.394159 0.218236 0.396469 0.215907 0.397469 0.214907 0.397185 0.218569 0.395096 0.221014 0.394193 0.221852
1 0.391648 0.221111 0.390760 0.222403 0.390776 0.223866 0.390922 0.225704 0.393544 0.222764 0.392891 0.222255
1 0.396745 0.184907 0.394948 0.187083 0.392956 0.189787 0.391984 0.192380 0.393388 0.192093 0.394792 0.190269 0.397005 0.187870
2 0.397005 0.187870 0.399982 0.186245 0.403005 0.184708 0.404086 0.184616 0.404625 0.185671 0.405273 0.190375 0.405219 0.191528 0.401417 0.191569 0.395240 0.191704 0.393388 0.192093 0.394792 0.190269
2 0.446076 0.211995 0.446831 0.208824 0.448237 0.205083 0.448831 0.204986 0.448828 0.200185 0.450557 0.198745 0.453906 0.209116 0.454872 0.214968 0.453099 0.214606 0.450911 0.214306 0.447331 0.212384
1 0.599375 0.723935 0.596042 0.711019 0.594253 0.703319 0.593385 0.699676 0.594253 0.699370 0.595961 0.706764 0.598354 0.716486 0.600062 0.724486
1 0.550766 0.433755 0.557669 0.434620 0.560781 0.434722 0.564570 0.435241 0.564570 0.436106 0.563143 0.436171 0.559036 0.435694 0.554391 0.435426 0.551638 0.435056 0.550766 0.434870
1 0.555052 0.374861 0.555253 0.374125 0.555357 0.371333 0.555810 0.370653 0.556263 0.369546 0.558424 0.369667 0.559583 0.369306 0.560586 0.367741 0.561005 0.366630 0.561214 0.363218 0.561703 0.362597 0.561737 0.361852 0.561245 0.361616 0.560643 0.362954 0.560432 0.365898 0.560070 0.367241 0.559349 0.368204 0.557391 0.368472 0.556424 0.368417 0.555581 0.368741 0.555068 0.370134 0.554617 0.371634 0.554617 0.373667
1 0.433750 0.255139 0.434154 0.256347 0.434878 0.256736 0.434878 0.255704 0.434516 0.255579 0.434083 0.254292
8 0.598297 0.517028 0.597174 0.506366 0.596174 0.497037 0.595174 0.488815 0.594427 0.483056 0.596615 0.482361 0.597922 0.490815 0.599172 0.500259 0.600172 0.507032 0.600797 0.513810 0.601172 0.516361 0.601172 0.519028 0.599672 0.519694
15 0.443695 0.154079 0.446107 0.159009 0.445805 0.161315 0.445646 0.165148 0.445833 0.167171 0.448773 0.174463 0.452086 0.182347 0.454701 0.188903 0.455513 0.192935 0.457411 0.198028 0.460135 0.210588 0.461823 0.216759 0.462789 0.222227 0.462268 0.222847 0.460135 0.222630 0.458630 0.221736 0.457375 0.222037 0.453906 0.209116 0.450557 0.198745 0.447255 0.185755 0.444701 0.177361 0.444419 0.174194 0.444544 0.169310 0.443917 0.165301 0.442919 0.159417 0.441292 0.153083 0.441557 0.149954
2 0.511161 0.367606 0.511560 0.366574 0.514206 0.360769 0.516411 0.356065 0.517294 0.354653 0.518000 0.352611 0.518000 0.351356 0.518354 0.348847 0.518794 0.347907 0.520029 0.349944 0.520734 0.351514 0.518000 0.357162 0.514737 0.364532 0.513029 0.367773 0.512237 0.368519 0.511396 0.368519
10 0.404818 0.096093 0.405961 0.094602 0.408776 0.091481 0.411380 0.091204 0.413044 0.095644 0.413044 0.098616 0.415112 0.105718 0.411909 0.106259 0.410536 0.108023
2 0.374375 0.201065 0.377083 0.199352 0.377091 0.201468 0.377396 0.204861 0.377672 0.207389 0.376688 0.208000 0.375456 0.208264 0.374570 0.207736 0.374174 0.204236
2 0.396969 0.224523 0.397185 0.218569 0.397833 0.212042 0.399354 0.204449 0.402060 0.204037 0.404161 0.204361 0.407008 0.207269 0.406914 0.220125 0.407104 0.225269 0.406727 0.226106 0.406727 0.227769 0.406484 0.232083 0.404831 0.231574 0.403138 0.230069 0.399589 0.226912
2 0.407008 0.207269 0.407341 0.206463 0.409328 0.206463 0.409885 0.207824 0.410026 0.223134 0.407104 0.225269 0.406914 0.220125
5 0.575104 0.667593 0.579068 0.667389 0.581753 0.667144 0.585969 0.668694 0.589979 0.669745 0.591094 0.670116 0.590083 0.673278 0.588445 0.676690 0.585901 0.679292 0.584018 0.679972 0.581367 0.679662 0.579974 0.679227 0.577323 0.676005 0.575789 0.672472 0.575268 0.670181
10 0.686417 0.627551 0.685018 0.629630 0.683430 0.629875 0.681797 0.629296 0.680630 0.627389 0.680518 0.623537 0.679599 0.622574 0.679706 0.619407 0.679219 0.618056 0.679167 0.614898 0.680354 0.612593 0.680247 0.605870 0.680604 0.603787 0.681091 0.603727 0.682521 0.600940 0.685755 0.595370 0.687396 0.595648 0.690018 0.597032 0.693125 0.598333 0.693852 0.597282 0.694398 0.595611 0.695659 0.596440 0.696313 0.597931 0.697620 0.603324 0.698180 0.607389 0.698542 0.611713
2 0.642760 0.571806 0.643581 0.570093 0.644174 0.565870 0.645146 0.564333 0.645904 0.562606 0.645904 0.560875 0.646443 0.560398 0.651628 0.561741 0.656326 0.562509 0.658539 0.563083 0.658539 0.564815 0.659188 0.566731 0.659133 0.568843 0.657406 0.569903 0.655948 0.570574 0.653828 0.568287 0.653680 0.574315 0.650979 0.573356 0.647630 0.572685 0.646120 0.572782 0.644500 0.572782
2 0.545474 0.404829 0.541146 0.409671 0.535435 0.415583 0.528206 0.423806 0.523435 0.429204 0.520831 0.432032 0.518083 0.435116 0.515544 0.437944 0.515583 0.439662 0.516917 0.442102 0.518247 0.442176 0.517763 0.443537 0.516352 0.444111 0.513810 0.444111 0.510461 0.443681 0.507638 0.443681 0.508469 0.448741 0.511578 0.454907 0.512302 0.458380 0.513602 0.455292 0.519458 0.451181 0.522568 0.448352 0.526253 0.446296 0.533339 0.435245 0.537747 0.429333 0.542880 0.424190 0.543544 0.421639 0.545318 0.419745 0.545422 0.416463 0.545354 0.410634
2 0.496878 0.453421 0.494169 0.454088 0.493750 0.455829 0.492862 0.456069 0.492630 0.457398 0.490857 0.458477 0.488102 0.463620 0.488055 0.464866 0.489549 0.469435 0.491135 0.474653 0.492208 0.474579 0.494151 0.473407 0.493779 0.472250 0.495599 0.468764 0.497279 0.464199 0.498492 0.461546 0.500125 0.458477 0.500807 0.457315 0.501992 0.455324 0.503112 0.454824 0.503206 0.453579 0.502487 0.451935
10 0.497659 0.451398 0.497182 0.448903 0.496479 0.446120 0.496208 0.444296 0.496258 0.442472 0.496258 0.441222 0.497148 0.438431 0.498034 0.437019 0.499667 0.437019 0.502328 0.436273 0.504417 0.437287 0.506146 0.439880 0.507638 0.443681 0.508469 0.448741 0.511578 0.454907 0.512302 0.458380 0.511107 0.460199 0.511107 0.458861 0.510714 0.457625 0.509932 0.456449 0.509401 0.456759 0.509750 0.457787 0.509026 0.458486 0.507401 0.460787 0.505773 0.461699 0.504997 0.462977 0.504997 0.461745 0.505208 0.459014 0.504513 0.456403 0.504839 0.455074 0.503812 0.453495 0.503206 0.453579 0.502487 0.451935 0.498443 0.453005 0.498352 0.451931
2 0.490547 0.292176 0.494323 0.292361 0.497987 0.292731 0.501117 0.292731 0.504682 0.292824 0.510893 0.293403 0.511443 0.295176 0.511320 0.297468 0.510271 0.297755 0.510193 0.300981 0.510568 0.302907 0.504573 0.302616 0.498688 0.302139 0.494422 0.301852 0.491615 0.301755 0.489453 0.299931 0.490859 0.296856
2 0.484258 0.345819 0.484362 0.341231 0.484362 0.340116 0.484852 0.338940 0.484956 0.335097 0.485828 0.332431 0.486875 0.331250 0.488896 0.332741 0.489034 0.335222 0.489312 0.337514 0.490185 0.339065 0.490164 0.341056 0.490812 0.345324 0.490417 0.350787 0.490151 0.353815 0.489349 0.353940 0.489281 0.356028 0.488555 0.357417 0.487724 0.357787 0.487128 0.359176 0.486477 0.358532 0.485487 0.354546 0.485091 0.352472 0.484906 0.351185 0.484495 0.348343
2 0.490849 0.315009 0.493068 0.310204 0.495206 0.306120 0.496982 0.302102 0.498688 0.302139 0.498352 0.304398 0.498555 0.309560 0.499240 0.311065 0.502305 0.311208 0.503154 0.311282 0.502750 0.312144 0.499240 0.311926 0.498917 0.313287 0.498271 0.316588 0.498674 0.321523 0.497740 0.322375 0.498461 0.324088 0.496792 0.327032 0.496396 0.328519 0.493854 0.322713
2 0.477656 0.296889 0.477237 0.301204 0.476677 0.306431 0.481531 0.309167 0.484891 0.310162 0.487646 0.311162 0.485706 0.306218 0.483367 0.300194 0.482117 0.297111 0.481229 0.293958 0.480411 0.294648 0.479339 0.295894
2 0.483167 0.296181 0.486805 0.298903 0.488766 0.300565 0.491615 0.301755 0.494786 0.303134 0.496094 0.303968 0.495206 0.306120 0.493068 0.310204 0.491799 0.313093 0.489513 0.312014 0.486232 0.304426
2 0.468620 0.321574 0.472586 0.321292 0.474078 0.320431 0.475609 0.320144 0.475182 0.322176 0.477682 0.322361 0.478393 0.323083 0.478677 0.322153 0.479604 0.322079 0.479885 0.320648 0.481216 0.322727 0.480734 0.324162 0.477909 0.326597 0.475490 0.329037 0.472812 0.326528 0.472031 0.326435 0.471719 0.327454 0.472318 0.328148 0.473187 0.328565 0.474036 0.329537 0.471214 0.329537 0.470690 0.329037
1 0.481672 0.335352 0.482865 0.335000 0.483099 0.335880 0.483438 0.336806 0.482474 0.336944
1 0.470755 0.337824 0.467948 0.338269 0.466776 0.338639 0.467089 0.340398 0.467448 0.341806 0.468880 0.341204 0.471641 0.340093
2 0.583932 0.474194 0.585852 0.476648 0.587229 0.478046 0.588068 0.477171 0.590578 0.468944 0.592844 0.461329 0.593599 0.459449 0.594401 0.457778 0.595846 0.452139 0.596190 0.450042 0.595354 0.449866 0.594714 0.451704 0.593039 0.451792 0.592891 0.449426 0.593385 0.448204 0.593083 0.444394 0.592247 0.444657 0.590771 0.449731 0.589490 0.455245 0.589016 0.457477 0.588620 0.458657 0.585747 0.466713 0.583187 0.470565 0.582599 0.472315
2 0.564911 0.481023 0.567487 0.478657 0.569362 0.475829 0.572279 0.471940 0.576469 0.466648 0.580143 0.461338 0.581294 0.458676 0.583141 0.455324 0.584747 0.453532 0.585510 0.452477 0.589766 0.452824 0.589138 0.455083 0.587326 0.457551 0.583419 0.465056 0.575109 0.476236 0.571656 0.479144 0.568417 0.482060 0.566503 0.485157 0.566359 0.483051 0.565073 0.482181
2 0.586380 0.450417 0.587216 0.448069 0.590240 0.446819 0.590924 0.446542 0.591164 0.445630 0.592010 0.445361 0.590771 0.449731 0.590531 0.450880
10 0.445799 0.252449 0.448320 0.253944 0.450654 0.253370 0.454620 0.250208 0.457281 0.247306 0.459055 0.243579 0.457648 0.240366 0.457159 0.236583 0.457091 0.231565 0.457474 0.227037 0.457052 0.224505 0.456445 0.222347 0.453987 0.221278 0.451284 0.219981 0.449831 0.219843 0.448057 0.221417 0.446523 0.221926 0.444021 0.225079 0.443013 0.227009 0.442370 0.229157 0.441440 0.233032 0.440917 0.235764 0.441240 0.239347 0.441763 0.242287
2 0.443740 0.217407 0.445112 0.211597 0.447331 0.212384 0.450911 0.214306 0.453099 0.214606 0.454872 0.214968 0.455802 0.218481 0.456487 0.220704 0.456203 0.221708 0.454375 0.220833 0.450859 0.219537 0.449831 0.219843
1 0.529453 0.554167 0.537260 0.547829 0.543510 0.542722 0.548695 0.538500 0.552320 0.535722 0.553505 0.534500 0.555130 0.532060 0.555443 0.529060 0.556193 0.529727 0.555755 0.533500 0.553255 0.536833 0.545945 0.543056 0.537578 0.550370 0.529888 0.556273 0.529451 0.555384
6 0.383073 0.226278 0.383635 0.223505 0.386573 0.219616 0.388052 0.217880 0.389664 0.219241 0.389807 0.223676 0.388464 0.224861 0.384563 0.228588
6 0.390591 0.213153 0.393339 0.209264 0.395089 0.207264 0.395964 0.212375 0.393839 0.216148 0.392341 0.218593 0.391404 0.218815 0.390633 0.218310 0.390581 0.214745 0.390581 0.214745
1 0.323776 0.143194 0.326232 0.128306 0.328617 0.116741 0.329846 0.111083 0.329846 0.116741 0.327750 0.126894 0.326086 0.135634 0.324714 0.143472
1 0.445130 0.275000 0.446057 0.277111 0.446568 0.277190 0.446695 0.276204 0.446094 0.274583 0.445625 0.274769
6 0.410536 0.108023 0.411909 0.106259 0.415112 0.105718 0.415372 0.105759 0.417964 0.117282 0.419654 0.124750 0.416266 0.126468 0.415523 0.127718 0.412245 0.114435
1 0.443737 0.265755 0.446531 0.263796 0.448297 0.262750 0.450440 0.261801 0.447813 0.264444 0.446302 0.265231 0.443958 0.267000 0.443628 0.266606
1 0.678896 0.613167 0.678734 0.596847 0.678682 0.591472 0.680193 0.593394 0.680247 0.605870 0.680354 0.612593 0.679167 0.614898
1 0.679219 0.618056 0.678951 0.622384 0.679167 0.624306 0.679167 0.635921 0.680518 0.635343 0.680680 0.629870 0.680518 0.623537 0.679599 0.622574 0.679706 0.619407
1 0.680500 0.603106 0.683148 0.598458 0.685495 0.593796 0.687865 0.594491 0.693852 0.597282 0.693125 0.598333 0.690018 0.597032 0.687396 0.595648 0.685755 0.595370 0.682521 0.600940 0.681091 0.603727 0.680604 0.603787
1 0.609984 0.506306 0.613888 0.510954 0.616990 0.514301 0.618490 0.515912 0.618245 0.516903 0.617654 0.516653 0.613620 0.512083 0.610990 0.509167 0.609635 0.507296
8 0.606979 0.520509 0.607471 0.521856 0.607633 0.524657 0.607148 0.526662 0.604406 0.527523 0.604323 0.523796 0.605260 0.523750 0.605234 0.520602
8 0.604896 0.518148 0.604568 0.512824 0.604193 0.509815 0.603398 0.499630 0.602995 0.494616 0.603437 0.493324 0.604729 0.493324 0.605333 0.498912 0.605990 0.504722 0.606383 0.511389 0.606706 0.517269 0.606786 0.518273
6 0.604906 0.468671 0.607797 0.465458 0.610508 0.462565 0.611151 0.463222 0.615547 0.471898 0.619422 0.478773 0.628443 0.495505 0.629188 0.496755 0.629052 0.497833 0.628820 0.503977 0.623732 0.509449 0.616125 0.495917 0.606742 0.479569 0.604667 0.475625
8 0.598333 0.468426 0.599422 0.467037 0.603172 0.473810 0.604792 0.476435 0.606823 0.480046 0.616432 0.496806 0.622977 0.509023 0.636005 0.532514 0.645727 0.550153 0.644151 0.552796 0.636286 0.538102 0.623609 0.515042 0.614042 0.498014 0.604453 0.479907 0.600953 0.473778
1 0.551008 0.416301 0.552630 0.416667 0.554195 0.417375 0.555245 0.417593 0.555849 0.416231 0.556695 0.414653 0.557544 0.413361 0.558188 0.414366 0.557260 0.416157 0.556130 0.418093 0.555365 0.419306 0.553792 0.418667 0.552057 0.418093 0.550323 0.417519 0.550201 0.416088
1 0.485312 0.493333 0.491893 0.487542 0.497398 0.481481 0.501133 0.478000 0.504633 0.474347 0.508180 0.471028 0.510888 0.468208 0.513128 0.466880 0.513687 0.468375 0.510141 0.471940 0.503979 0.478662 0.499312 0.483639 0.493898 0.488782 0.489044 0.493264 0.486432 0.495838
1 0.515339 0.463796 0.520112 0.458880 0.525930 0.452370 0.530107 0.447574 0.532109 0.445787 0.532914 0.444542 0.534115 0.442986 0.536242 0.440139 0.538857 0.437037 0.537984 0.440384 0.536034 0.443421 0.533836 0.446583 0.532687 0.448310 0.527508 0.453704 0.522466 0.459264 0.519484 0.462583 0.517109 0.464352 0.515755 0.465741
1 0.543984 0.431157 0.546055 0.427944 0.548021 0.424120 0.549125 0.422245 0.550240 0.420509 0.551076 0.420819 0.551495 0.422306 0.549542 0.425282 0.547068 0.429370 0.544948 0.432037 0.542987 0.434454
1 0.506406 0.465074 0.508503 0.465352 0.510461 0.465727 0.512872 0.465995 0.513128 0.466880 0.511997 0.467495 0.508685 0.466958 0.506365 0.466477
1 0.498437 0.411296 0.497984 0.409625 0.498404 0.408384 0.500234 0.404769 0.501503 0.402046 0.502633 0.400106 0.504643 0.396796 0.506839 0.392333 0.507815 0.390597 0.508339 0.389481 0.508461 0.387694 0.509279 0.387870 0.509104 0.390412 0.507607 0.393014 0.505096 0.397727 0.504635 0.399028 0.503411 0.401065 0.502237 0.402995 0.500878 0.406528 0.500260 0.408653
1 0.501760 0.379593 0.504484 0.378685 0.507266 0.378056 0.510276 0.377148 0.514148 0.376069 0.517276 0.374824 0.519424 0.372333 0.520451 0.369514 0.520729 0.367606 0.521500 0.362394 0.521628 0.358838 0.521969 0.357250 0.522479 0.358685 0.522307 0.362468 0.521883 0.365644 0.521648 0.367727 0.520773 0.370894 0.519479 0.373963 0.517156 0.376366 0.513430 0.377324 0.509542 0.378861 0.507435 0.379630 0.504792 0.379926 0.502281 0.380458
6 0.507607 0.393014 0.510872 0.392380 0.515487 0.392481 0.517500 0.392546 0.522125 0.392588 0.524609 0.392685 0.526065 0.394222 0.528227 0.394412 0.527956 0.402667 0.527901 0.405838 0.523367 0.405644 0.517805 0.405356 0.510052 0.405648 0.506089 0.405241 0.502635 0.404986 0.501646 0.404532 0.502237 0.402995 0.503411 0.401065 0.506768 0.399509 0.509810 0.397847 0.515234 0.395704 0.515505 0.394847 0.515182 0.393704 0.514297 0.393935 0.512070 0.395222 0.508755 0.396935 0.504635 0.399028 0.505096 0.397727
6 0.506839 0.392333 0.499094 0.392370 0.493031 0.392019 0.487034 0.392019 0.481893 0.391903 0.477081 0.391667 0.480513 0.398759 0.482289 0.402681 0.488411 0.402778 0.495089 0.402833 0.499893 0.400824 0.502633 0.400106 0.504643 0.396796
6 0.475453 0.392157 0.472094 0.392625 0.465701 0.394852 0.461417 0.395847 0.457771 0.397245 0.454029 0.399694 0.456591 0.400315 0.458266 0.400042 0.459445 0.398556 0.460031 0.398472 0.460328 0.400843 0.462102 0.401801 0.466385 0.402412 0.468896 0.402153 0.470326 0.401181 0.471065 0.402060 0.473654 0.402282 0.477589 0.402741 0.480310 0.402741 0.480057 0.402000
6 0.443880 0.388519 0.443581 0.396653 0.449391 0.395690 0.456185 0.394204 0.461206 0.393153 0.466620 0.391315 0.461305 0.390699 0.456086 0.389736 0.449784 0.388949
6 0.442695 0.388514 0.438854 0.388074 0.435211 0.387898 0.434818 0.391403 0.433833 0.393500 0.433490 0.396389 0.436591 0.396741 0.440135 0.397176 0.442604 0.396806
1 0.475677 0.389537 0.477266 0.389259 0.480859 0.388611 0.483906 0.387593 0.487292 0.386852 0.489271 0.386435 0.490260 0.386065 0.492083 0.386065 0.492760 0.388380 0.488620 0.388981 0.484141 0.389954 0.479531 0.390648 0.477760 0.390741 0.476583 0.390963
8 0.493620 0.435926 0.496258 0.441222 0.497148 0.438431 0.495747 0.434611 0.490141 0.420935 0.487406 0.414051 0.486539 0.412301 0.485609 0.410435 0.484331 0.406657 0.482917 0.404167 0.480513 0.398759 0.476583 0.390963 0.475677 0.389537 0.474930 0.390759 0.480057 0.402000 0.483307 0.410093 0.484422 0.412060 0.485016 0.413301 0.487576 0.419519 0.488724 0.422407 0.489271 0.423866 0.491047 0.429333 0.493216 0.435245
1 0.434482 0.398440 0.440339 0.397315 0.442604 0.396806 0.443581 0.396653 0.449391 0.395690 0.456185 0.394204 0.461206 0.393153 0.466620 0.391315 0.469010 0.390523 0.473219 0.389713 0.475599 0.389583 0.474930 0.390759 0.473266 0.391556 0.467164 0.393644 0.461201 0.395407 0.455604 0.396315 0.449312 0.397671 0.444409 0.398931 0.440859 0.399815 0.435641 0.400870 0.435167 0.399958
1 0.474401 0.387037 0.476862 0.386468 0.477344 0.386046 0.479482 0.385329 0.482318 0.384583 0.484081 0.384102 0.484323 0.384972 0.484161 0.385611 0.479885 0.386542 0.476693 0.387454 0.474763 0.388046
1 0.470859 0.387870 0.467625 0.388843 0.466010 0.389560 0.464557 0.390056 0.464880 0.390986 0.466938 0.390491 0.469398 0.389560 0.471328 0.389028
6 0.461969 0.364815 0.465104 0.373287 0.468286 0.380944 0.470555 0.386606 0.470859 0.387870 0.471328 0.389028 0.472065 0.389778 0.475599 0.389583 0.474763 0.388046 0.474401 0.387037 0.470555 0.377583 0.467799 0.370958 0.465695 0.365968 0.461427 0.362801
1 0.428586 0.387856 0.432042 0.382574 0.434740 0.378750 0.436146 0.376898 0.438305 0.374991 0.440964 0.373148 0.445271 0.370287 0.447865 0.368366 0.450940 0.365681 0.454451 0.363185 0.454560 0.364046 0.451482 0.367023 0.447971 0.370097 0.445164 0.371727 0.443828 0.372963 0.442909 0.373699 0.439385 0.376144 0.436307 0.379023 0.432906 0.383153 0.430151 0.387088 0.429115 0.388704
1 0.431719 0.368380 0.432891 0.367222 0.433151 0.368426 0.432448 0.369537
1 0.435312 0.365509 0.437818 0.363500 0.440482 0.361634 0.441852 0.360991 0.443125 0.360648 0.443789 0.360560 0.443651 0.361838 0.443586 0.362569 0.441380 0.363287 0.439029 0.365148 0.435964 0.367454
1 0.444555 0.360491 0.448146 0.359917 0.451250 0.358912 0.453750 0.358056 0.455313 0.357824 0.456224 0.357778 0.457867 0.359412 0.453672 0.360273 0.447701 0.361565 0.444435 0.362352
1 0.531242 0.359162 0.532542 0.358389 0.533870 0.358565 0.534797 0.358565 0.534839 0.357708 0.534151 0.357421 0.532336 0.357204 0.531208 0.357995 0.529513 0.359644 0.527940 0.360218 0.525964 0.360648 0.525237 0.362870 0.524714 0.364449 0.524148 0.365167 0.524302 0.365718 0.525385 0.364176 0.526253 0.361477 0.528802 0.360880
11 0.520495 0.290833 0.529826 0.303949 0.539188 0.318282 0.544969 0.326505 0.545477 0.329074 0.544680 0.332162 0.543380 0.332546 0.542367 0.331389 0.528487 0.310569 0.523570 0.302218 0.521258 0.298745
1 0.509987 0.255218 0.513177 0.264491 0.516349 0.274495 0.518013 0.278866 0.519385 0.284778 0.520495 0.290833 0.521258 0.298745 0.521648 0.303421 0.520437 0.304569 0.519831 0.300481 0.518229 0.287088 0.516857 0.281949 0.514326 0.273208 0.513602 0.271537 0.510917 0.260681
1 0.497242 0.273162 0.495615 0.276389 0.493779 0.279269 0.492375 0.282917 0.492375 0.285704 0.494049 0.289157 0.495615 0.291079 0.497128 0.292037 0.499503 0.291847 0.502365 0.291750 0.503932 0.291750 0.503771 0.290310 0.500477 0.290310 0.497398 0.289736 0.496589 0.289829 0.494698 0.287333 0.493724 0.285324 0.493617 0.282824 0.494536 0.279944 0.496208 0.277926 0.497721 0.274949
1 0.474427 0.358380 0.478411 0.358611 0.484609 0.359380 0.488859 0.359824 0.491857 0.360269 0.492232 0.361824 0.485797 0.361491 0.481849 0.361157 0.476799 0.360491
8 0.501234 0.351926 0.502391 0.353597 0.506583 0.355398 0.509331 0.356296 0.511065 0.356810 0.511398 0.357815 0.510703 0.359856 0.507760 0.358935 0.503872 0.357375 0.501500 0.355769 0.500172 0.353532 0.499823 0.351620 0.500763 0.351181
1 0.490417 0.350787 0.493708 0.350130 0.498354 0.348306 0.503052 0.346574 0.505859 0.345231 0.510612 0.344463 0.513581 0.344079 0.516443 0.344657 0.518927 0.345903 0.519737 0.347440 0.519359 0.348593 0.518794 0.347907 0.516552 0.346287 0.514122 0.345713 0.511583 0.345519 0.505859 0.347153 0.499542 0.349264 0.494518 0.351278 0.492995 0.352037 0.490443 0.352176
1 0.498255 0.337037 0.499688 0.340463 0.500695 0.342380 0.501430 0.342750 0.501393 0.341204 0.501016 0.339954 0.500443 0.338472 0.499268 0.335810
1 0.498188 0.335745 0.499922 0.333519 0.501323 0.332153 0.502422 0.331759 0.501255 0.333519 0.499964 0.334880 0.499268 0.335810 0.498570 0.336676
1 0.502682 0.330370 0.504602 0.328310 0.505891 0.327134 0.506693 0.325894 0.507107 0.326491 0.506406 0.328102 0.504391 0.330046 0.503672 0.330648
1 0.495719 0.330685 0.492656 0.323981 0.488974 0.314537 0.485706 0.306218 0.483367 0.300194 0.482117 0.297111 0.481229 0.293958 0.481594 0.293097 0.482318 0.293384 0.483167 0.296181 0.486232 0.304426 0.490143 0.313676 0.493854 0.322713 0.496396 0.328519
1 0.480469 0.291481 0.479135 0.287375 0.477643 0.282856 0.476997 0.279773 0.475828 0.276329 0.474578 0.273319 0.474740 0.272315 0.475385 0.272241 0.476555 0.274968 0.479339 0.283787 0.481193 0.289741 0.481234 0.290602
1 0.502031 0.330370 0.502682 0.330370 0.503672 0.330648 0.502289 0.331764 0.501323 0.332153 0.499089 0.332685 0.500260 0.330694
1 0.484906 0.351185 0.480589 0.350704 0.478589 0.350130 0.476320 0.349935 0.473352 0.348306 0.470867 0.347949 0.468216 0.347019 0.466589 0.346435 0.466250 0.347593 0.467169 0.347889 0.472747 0.349745 0.477245 0.351551 0.482018 0.352472 0.485091 0.352472
1 0.495078 0.332222 0.492500 0.332824 0.490807 0.333194 0.488958 0.333565 0.489034 0.335222 0.490365 0.335231 0.492474 0.334769 0.494401 0.334491 0.495112 0.334000 0.494924 0.332593
1 0.481120 0.335648 0.476745 0.336435 0.473703 0.337065 0.472036 0.337574 0.472734 0.339630 0.476901 0.338704 0.480474 0.337806 0.481620 0.337296
1 0.445990 0.339676 0.450969 0.341458 0.454562 0.342616 0.458495 0.344699 0.462245 0.346273 0.466250 0.347593 0.467169 0.347889 0.473682 0.350843 0.477833 0.352699 0.480313 0.352963 0.482833 0.353625 0.485487 0.354546 0.485909 0.356241 0.481875 0.355972 0.475779 0.354157 0.470596 0.351981 0.463602 0.349162 0.461987 0.348463 0.459237 0.347352 0.455250 0.344741 0.452620 0.343907 0.447672 0.342287 0.445859 0.341759
1 0.467727 0.350787 0.469523 0.353657 0.470435 0.355648 0.467922 0.353792 0.465669 0.351713 0.464523 0.349537
1 0.465773 0.347454 0.463393 0.344444 0.462339 0.342838 0.459810 0.338519 0.457109 0.334398 0.456953 0.335398 0.456667 0.337481 0.458828 0.340556 0.461953 0.345352 0.462578 0.346417
1 0.455234 0.331250 0.456641 0.333380 0.456615 0.334889 0.456432 0.336343 0.456120 0.336509 0.454661 0.334426 0.454688 0.333083
1 0.453437 0.331852 0.452422 0.330352 0.452630 0.329426 0.453594 0.328981 0.454141 0.329935
1 0.460646 0.339912 0.462695 0.339426 0.462669 0.340963 0.461490 0.341356
1 0.458802 0.340537 0.456484 0.340833 0.456432 0.342269 0.456901 0.343102 0.459974 0.342315
1 0.479786 0.285106 0.483219 0.286958 0.486297 0.289014 0.488852 0.290676 0.488797 0.291556 0.488203 0.292176 0.486214 0.290968 0.482971 0.288917 0.481490 0.287991 0.480391 0.287204
1 0.478203 0.284491 0.475500 0.283588 0.473906 0.282639 0.472945 0.282375 0.472534 0.283250 0.472786 0.284306 0.475391 0.285106 0.478083 0.286037 0.478828 0.286481
1 0.471490 0.282079 0.469375 0.281444 0.467260 0.280514 0.466326 0.281204 0.466409 0.282324 0.468880 0.282718 0.471297 0.283787
1 0.443594 0.270602 0.444695 0.273481 0.445758 0.273181 0.444401 0.269907
1 0.447333 0.281347 0.450141 0.288005 0.453799 0.296023 0.457794 0.305472 0.460323 0.312333 0.464458 0.322671 0.468914 0.333421 0.470755 0.337824 0.471641 0.340093 0.472372 0.342037 0.474115 0.346759 0.475469 0.349491 0.476320 0.349935 0.475461 0.347120 0.473750 0.342454 0.472734 0.339630 0.472031 0.337963 0.469391 0.332468 0.465430 0.321356 0.458578 0.304486 0.455156 0.296435 0.450893 0.287060 0.448255 0.281296
1 0.447102 0.351144 0.448294 0.347514 0.449784 0.342977 0.450891 0.343352 0.450177 0.345241 0.448552 0.347907 0.448125 0.352051 0.447443 0.351903
1 0.450336 0.341162 0.452633 0.334880 0.453437 0.331852 0.454141 0.329935 0.456591 0.322477 0.458706 0.316037 0.460323 0.312333 0.460833 0.313620 0.459344 0.318912 0.457685 0.324282 0.455234 0.331250 0.454688 0.333083 0.452792 0.338204 0.451771 0.341759 0.450969 0.341458
1 0.460875 0.310213 0.461768 0.306509 0.463258 0.302273 0.463940 0.299171 0.464578 0.298718 0.465089 0.300759 0.463471 0.305148 0.462323 0.308852 0.461432 0.311806
1 0.441961 0.318296 0.446922 0.319227 0.449747 0.319801 0.452367 0.320519 0.454708 0.320662 0.457089 0.320875 0.456591 0.322477 0.453203 0.321898 0.448932 0.321019 0.445591 0.320301 0.443177 0.319491 0.441953 0.319444 0.441406 0.319491 0.441234 0.318653
1 0.458750 0.320880 0.461042 0.321250 0.461081 0.322241 0.460919 0.323315 0.458177 0.322597
1 0.466672 0.315921 0.467232 0.310282 0.468630 0.299662 0.470172 0.290037 0.471297 0.283787 0.471490 0.282079 0.472836 0.273384 0.473766 0.269000 0.474349 0.268023 0.474185 0.266588 0.475076 0.258773 0.477008 0.247870 0.477802 0.243806 0.477990 0.240736 0.478643 0.239366 0.479557 0.239745 0.478964 0.246468 0.476154 0.261824 0.474805 0.268838 0.474068 0.274713 0.472945 0.282375 0.472534 0.283250 0.472422 0.285093 0.471911 0.288949 0.469677 0.301542 0.468112 0.309134 0.467578 0.315278 0.467109 0.317269
6 0.448479 0.351861 0.448552 0.347907 0.450125 0.345222 0.450891 0.343352 0.452620 0.343907 0.455250 0.344741 0.459237 0.347352 0.459237 0.347352 0.461987 0.348463 0.467922 0.353792 0.481536 0.363796 0.494849 0.374120 0.499661 0.377676 0.501760 0.379593 0.502281 0.380458 0.501786 0.385449 0.499661 0.390671 0.497911 0.391227 0.493789 0.388227 0.492083 0.386065 0.484417 0.379787 0.479557 0.376204 0.477919 0.375231 0.477107 0.371787 0.475857 0.370898 0.473982 0.370898 0.465672 0.364903 0.458276 0.359546 0.456224 0.357778 0.451721 0.354278 0.450641 0.352917 0.449247 0.351736
1 0.439182 0.342606 0.441117 0.350778 0.442451 0.354866 0.442490 0.356157 0.441562 0.356528 0.440000 0.349769 0.439089 0.345833 0.438659 0.343176 0.438859 0.342606
1 0.445406 0.332005 0.444958 0.331037 0.445029 0.329861 0.445516 0.329981 0.448234 0.333764 0.449560 0.335625 0.451445 0.338278 0.450781 0.339838 0.448339 0.336181 0.446641 0.334074
1 0.450508 0.318000 0.450750 0.311546 0.451034 0.305593 0.451638 0.304662 0.452404 0.305667 0.452445 0.309968 0.452318 0.317917 0.452005 0.318704 0.450792 0.318574
1 0.454302 0.285384 0.455479 0.284926 0.457539 0.283227 0.458826 0.282310 0.459714 0.282176 0.460112 0.282833 0.460104 0.284398 0.457891 0.285324 0.455664 0.287019 0.454854 0.287213
1 0.463307 0.279444 0.465260 0.278454 0.466659 0.277537 0.468099 0.277222 0.472174 0.277343 0.471953 0.279042 0.470151 0.279565 0.467763 0.279565 0.466070 0.280218 0.464115 0.281389 0.463276 0.280935
1 0.465536 0.294481 0.466490 0.291315 0.467318 0.288657 0.468271 0.285213 0.469320 0.285102 0.469383 0.286287 0.467922 0.291204 0.467266 0.293009 0.466745 0.293579 0.466044 0.294593
1 0.468380 0.268278 0.470695 0.270435 0.472969 0.272315 0.472836 0.273384 0.472646 0.274491 0.471094 0.273194 0.468784 0.270435 0.467385 0.268347
1 0.474154 0.274097 0.475036 0.274949 0.475828 0.276329 0.475919 0.277171 0.475625 0.278019 0.474557 0.276454 0.473969 0.275602 0.474068 0.274713
1 0.477971 0.279264 0.478375 0.278218 0.478339 0.273773 0.478339 0.272005 0.476719 0.269523 0.475156 0.267593 0.474805 0.268838 0.474586 0.270370 0.475763 0.271681 0.477307 0.273639 0.477456 0.275796 0.477448 0.277824
1 0.474185 0.266588 0.470826 0.260940 0.466643 0.254495 0.461971 0.246130 0.459427 0.241046 0.458484 0.239310 0.458451 0.233236 0.458310 0.229704 0.458521 0.228588 0.459042 0.228773 0.460089 0.230634 0.460961 0.231255 0.462529 0.232616 0.463505 0.232431 0.465352 0.231190 0.466573 0.231130 0.466573 0.229889 0.465562 0.229764 0.463958 0.230634 0.463297 0.230944 0.461448 0.230014 0.460193 0.229764 0.460055 0.228648 0.459253 0.227597 0.458521 0.226917 0.457474 0.227037 0.457091 0.231565 0.457159 0.236583 0.457648 0.240366 0.459669 0.245074 0.463151 0.252315 0.467474 0.259907 0.470268 0.264597 0.473161 0.268935 0.473766 0.269000 0.474349 0.268023
1 0.440781 0.274787 0.443529 0.273898 0.444695 0.273481 0.445758 0.273181 0.448779 0.272343 0.451964 0.271898 0.455151 0.273898 0.458711 0.277120 0.457964 0.278009 0.453964 0.274676 0.451964 0.273454 0.449904 0.273676 0.446779 0.274343 0.445625 0.274769 0.443341 0.275454 0.440844 0.275787
1 0.441211 0.286569 0.444526 0.287315 0.446068 0.287593 0.446112 0.288806 0.445880 0.289556 0.444732 0.290366 0.442714 0.290806 0.442193 0.290551 0.442706 0.289801 0.444945 0.288889 0.445130 0.288241 0.443406 0.288144 0.441120 0.287546
6 0.434716 0.264949 0.435052 0.251866 0.439818 0.243833 0.441667 0.246065 0.441323 0.261083 0.438565 0.263019
6 0.434549 0.269264 0.434130 0.285472 0.433378 0.301829 0.432943 0.314954 0.432807 0.322958 0.432807 0.326069 0.432258 0.333454 0.432198 0.341796 0.434010 0.356847 0.434607 0.359389 0.435477 0.358227 0.437208 0.358481 0.437786 0.360028 0.439810 0.356176 0.438362 0.352444 0.438659 0.343176 0.439336 0.327370 0.439398 0.325394 0.439490 0.321769 0.439391 0.317481 0.439292 0.315819 0.439953 0.304250 0.440279 0.292458 0.440695 0.293606 0.441581 0.293255 0.441336 0.291329 0.441091 0.290347 0.440346 0.289454 0.440844 0.275787 0.440781 0.274787 0.441047 0.266644 0.439753 0.266347
1 0.424818 0.300139 0.427266 0.293014 0.429349 0.286898 0.430328 0.284241 0.431016 0.285236 0.429141 0.290458 0.427078 0.296125 0.425703 0.301120
1 0.426203 0.299787 0.426516 0.300787 0.429703 0.292236 0.431828 0.287681 0.433951 0.281685 0.433263 0.281130 0.431391 0.286347 0.430078 0.289236 0.428453 0.293681 0.427187 0.296250
6 0.420755 0.272824 0.420906 0.265343 0.421284 0.261981 0.425010 0.261884 0.427279 0.261981 0.427927 0.263421 0.428411 0.268606
6 0.414789 0.323153 0.413776 0.336773 0.412185 0.348981 0.411680 0.354255 0.412359 0.355236 0.413047 0.353130 0.414294 0.347685 0.415107 0.346796 0.415169 0.348574 0.414792 0.354120 0.413419 0.357458 0.417240 0.365556 0.418682 0.363394 0.420232 0.362347 0.419544 0.361347 0.417232 0.358347 0.417232 0.357236 0.419232 0.357014 0.420250 0.357727 0.421000 0.352616 0.422161 0.345000 0.422740 0.337676 0.423029 0.330861
6 0.419719 0.277630 0.418693 0.288477 0.417451 0.300958 0.416526 0.309213 0.415781 0.316606 0.415362 0.321167 0.420870 0.326884 0.423685 0.329468 0.423685 0.327690 0.424367 0.318755 0.424901 0.315981 0.425078 0.311787 0.425078 0.311787 0.425703 0.303565 0.425703 0.301120 0.424818 0.300139 0.427266 0.293014 0.428570 0.282306 0.428906 0.278611 0.428893 0.272907 0.424734 0.275486 0.420583 0.277639 0.420141 0.276782
1 0.425935 0.331134 0.425622 0.332134 0.424167 0.331343 0.423029 0.330861 0.414789 0.323153 0.413802 0.320509 0.412057 0.316343 0.410938 0.313519 0.408672 0.307176 0.407240 0.302778 0.407214 0.301157 0.407396 0.300000 0.408620 0.297037 0.410365 0.292407 0.412292 0.287870 0.412682 0.288981 0.410833 0.293287 0.409297 0.297546 0.408333 0.300231 0.407969 0.302593 0.410599 0.309028 0.413854 0.317778 0.415362 0.321167 0.420870 0.326884 0.423685 0.329468
1 0.440807 0.276759 0.442221 0.276824 0.443862 0.276824 0.445451 0.277148 0.446057 0.277111 0.446568 0.277190 0.446596 0.278769 0.445964 0.278796 0.442352 0.278120 0.440763 0.278074
1 0.434346 0.276000 0.432086 0.278222 0.431172 0.279213 0.431885 0.279440 0.432943 0.278889 0.434375 0.277685
1 0.440922 0.270764 0.443057 0.268616 0.446206 0.266032 0.450440 0.261801 0.454203 0.257671 0.458049 0.253051 0.461674 0.249273 0.462081 0.250083 0.459992 0.252995 0.456042 0.257222 0.451615 0.262361 0.448464 0.266296 0.444401 0.269907 0.443594 0.270602 0.441979 0.272130 0.440888 0.272083
1 0.434346 0.276000 0.433646 0.275880 0.433203 0.275324 0.432344 0.275417 0.431094 0.275787 0.431094 0.276806 0.431667 0.277222 0.432370 0.276759 0.433359 0.276944
1 0.441641 0.248380 0.444432 0.252106 0.446979 0.254769 0.448544 0.256509 0.447604 0.257315 0.445052 0.254444 0.442969 0.251676 0.441573 0.250000
11 0.428750 0.120963 0.424169 0.107986 0.420237 0.096088 0.418565 0.091329 0.414549 0.090435 0.413044 0.095644 0.413044 0.098616 0.416055 0.108134 0.421076 0.123894 0.423523 0.122685
1 0.405755 0.342273 0.405979 0.339213 0.406549 0.338648 0.406964 0.339440 0.406589 0.344074
1 0.413982 0.333713 0.410172 0.326046 0.404362 0.313718 0.400987 0.306833 0.399799 0.303833 0.399010 0.301389 0.398229 0.299074 0.398099 0.297870 0.397292 0.293519 0.396927 0.288148 0.396615 0.284167 0.395417 0.283426 0.395464 0.286194 0.395781 0.291856 0.396508 0.298023 0.398362 0.304056 0.401232 0.310009 0.405185 0.318537 0.407135 0.323056 0.409349 0.327963 0.413776 0.336773
1 0.410859 0.299537 0.413935 0.302347 0.414609 0.303380 0.413289 0.303208 0.411745 0.301852 0.410385 0.300769
1 0.408289 0.297755 0.405344 0.295389 0.403891 0.293884 0.401956 0.292380 0.401310 0.292306 0.401268 0.293671 0.402318 0.294745 0.405464 0.297185 0.407763 0.299120
1 0.432984 0.253176 0.432766 0.250218 0.433346 0.246106 0.435224 0.242120 0.435875 0.239167 0.436815 0.239681 0.435586 0.244306 0.434646 0.245977 0.434068 0.249574 0.433852 0.251245
1 0.412659 0.294407 0.415365 0.296713 0.414583 0.297870 0.412130 0.295750
1 0.416302 0.297639 0.417651 0.298472 0.417560 0.300134 0.415599 0.298389
1 0.410365 0.292407 0.405130 0.288449 0.401023 0.285130 0.399576 0.283722 0.398643 0.283139 0.398036 0.282394 0.396927 0.282500 0.397523 0.284056 0.403591 0.289116 0.408023 0.292597 0.409797 0.293843
1 0.394156 0.279644 0.393464 0.278565 0.392378 0.277713 0.392016 0.277926 0.391956 0.278676 0.392917 0.280000 0.394185 0.280713
1 0.395286 0.280417 0.394643 0.276861 0.394224 0.272380 0.394831 0.272296 0.395669 0.273375 0.395755 0.276620 0.396224 0.278287 0.396458 0.280602
1 0.390521 0.287593 0.390286 0.292042 0.390690 0.295556 0.391576 0.297565 0.393271 0.300792 0.395529 0.305093 0.396578 0.306528 0.398193 0.309181 0.398755 0.309324 0.398917 0.308176 0.397870 0.306454 0.395813 0.303731 0.392828 0.298708 0.391536 0.296056 0.391094 0.293426 0.391042 0.288796
1 0.388604 0.281514 0.390424 0.285250 0.392474 0.289491 0.393784 0.292551 0.394635 0.293889 0.395833 0.296111 0.396508 0.298023 0.396771 0.299435 0.396305 0.299852 0.392292 0.291556 0.391042 0.288796 0.390521 0.287593 0.388930 0.284255 0.388185 0.282509
1 0.439427 0.238009 0.436453 0.244949 0.433852 0.251245 0.432117 0.255875 0.430091 0.260116 0.428141 0.265125 0.428284 0.267056 0.430380 0.263329 0.433563 0.255616 0.435052 0.251866 0.438260 0.243792 0.440495 0.239815 0.440214 0.238264
1 0.412482 0.239306 0.417344 0.235852 0.421380 0.232963 0.423021 0.231713 0.424107 0.231477 0.424177 0.232468 0.422742 0.233833 0.418260 0.236523 0.416247 0.238236 0.414352 0.239745 0.412430 0.240556
1 0.390495 0.206065 0.390581 0.214745 0.390776 0.223866 0.392034 0.238644 0.393292 0.247606 0.394161 0.255676 0.394646 0.258602 0.393776 0.257912 0.392518 0.251051 0.390581 0.235907 0.389807 0.223676 0.389419 0.209069 0.389227 0.204255 0.389904 0.204255
1 0.389664 0.217449 0.387122 0.215514 0.384542 0.213005 0.383292 0.211856 0.382565 0.210921 0.382484 0.212574 0.385026 0.214866 0.388052 0.217880 0.389664 0.219241
1 0.390633 0.218310 0.395555 0.223259 0.399589 0.226912 0.403138 0.230069 0.404831 0.231574 0.406242 0.232148 0.407615 0.229926 0.408380 0.230787 0.406768 0.233227 0.405839 0.233583 0.402089 0.230931 0.396198 0.225264 0.392891 0.222255 0.390672 0.220171
1 0.381294 0.266120 0.381052 0.265329 0.378430 0.260380 0.377302 0.257801 0.376172 0.255505 0.375526 0.254931 0.375122 0.255792 0.376857 0.259236 0.379237 0.264398 0.380529 0.266977 0.380971 0.266977
1 0.375833 0.250741 0.376771 0.251389 0.378732 0.254264 0.380419 0.256727 0.380419 0.258389 0.378823 0.255708 0.376802 0.253083 0.375839 0.251690
1 0.379661 0.269815 0.376568 0.264171 0.374849 0.260931 0.372844 0.258338 0.371125 0.255699 0.369693 0.253662 0.369094 0.252782 0.368339 0.252736 0.368469 0.253986 0.371802 0.258755 0.374953 0.264125 0.377219 0.268153 0.378755 0.271671 0.379667 0.271440 0.379615 0.270421
1 0.403255 0.333981 0.405807 0.334352 0.407344 0.333704 0.408427 0.330588 0.408164 0.327778 0.407135 0.323056 0.409349 0.327963 0.409482 0.331292 0.408560 0.334690 0.406250 0.336806 0.403815 0.336796 0.403286 0.335625
1 0.385911 0.268981 0.385495 0.265648 0.385003 0.262681 0.384505 0.259630 0.384089 0.257269 0.383258 0.257662 0.383922 0.260449 0.384583 0.265162 0.385419 0.269440 0.386849 0.274458 0.388000 0.277125 0.388349 0.276875 0.387826 0.275079 0.386328 0.270602
1 0.394138 0.260241 0.394427 0.263148 0.394802 0.264829 0.395393 0.264949 0.395708 0.264019 0.394977 0.261417
6 0.387815 0.228704 0.386081 0.239630 0.384924 0.239116 0.383333 0.238213 0.383776 0.233333 0.386878 0.229745
1 0.350182 0.226343 0.351167 0.226056 0.352914 0.225944 0.353872 0.226769 0.352198 0.227324 0.350807 0.227500
1 0.359115 0.223981 0.362693 0.223481 0.365169 0.223481 0.367734 0.223009 0.369630 0.222801 0.369948 0.224954 0.367240 0.225231 0.365057 0.225630 0.364453 0.225926 0.362005 0.226111 0.360547 0.226250 0.359602 0.224838
1 0.360299 0.222458 0.360938 0.221389 0.361747 0.220319 0.363164 0.219245 0.364128 0.218870 0.365633 0.218657 0.366146 0.219083 0.363586 0.220319 0.362440 0.221120 0.361589 0.222176 0.360753 0.223477 0.360422 0.223157
1 0.358221 0.222676 0.358612 0.221120 0.359789 0.219194 0.360633 0.217639 0.362169 0.215657 0.362680 0.216032 0.361294 0.218176 0.360151 0.220157 0.359307 0.221444 0.358984 0.222824 0.358885 0.223745
1 0.363021 0.214352 0.363703 0.213176 0.364458 0.211046 0.364641 0.211093 0.364583 0.212731 0.364063 0.214074 0.363521 0.214796
1 0.387604 0.190093 0.382107 0.187713 0.374602 0.184741 0.370281 0.183009 0.366719 0.181380 0.364883 0.180708 0.363531 0.180708 0.365206 0.182148 0.371523 0.184741 0.376708 0.186949 0.381352 0.188773 0.385401 0.190597 0.387724 0.191171
1 0.367943 0.190509 0.371823 0.193431 0.373599 0.194366 0.373276 0.195153 0.372549 0.195296 0.369888 0.193218 0.367750 0.191352
1 0.362247 0.201903 0.362005 0.199815 0.360352 0.195880 0.359667 0.196236 0.361068 0.199537 0.361602 0.200611 0.361682 0.201903
1 0.359401 0.199815 0.360521 0.200278 0.361036 0.200681 0.360552 0.201255 0.360070 0.200968 0.359297 0.200648
1 0.362247 0.201903 0.363042 0.203384 0.364253 0.205250 0.365461 0.206898 0.365784 0.207546 0.365547 0.209120 0.365104 0.208981 0.364818 0.206898 0.364453 0.206324 0.364172 0.207259 0.362922 0.204894 0.362234 0.203602 0.361133 0.201907 0.361628 0.201259 0.361682 0.201903
1 0.360938 0.212500 0.361966 0.211222 0.363740 0.209000 0.364344 0.209361 0.363724 0.210556 0.362734 0.211713 0.361406 0.212917
1 0.362604 0.204352 0.361914 0.205519 0.362331 0.206630 0.362591 0.206676 0.363216 0.205519 0.362922 0.204894
1 0.363099 0.203611 0.364427 0.201528 0.365807 0.198843 0.366849 0.197130 0.367422 0.196296 0.368307 0.196111 0.367188 0.198472 0.365052 0.202222 0.363698 0.204491
1 0.359219 0.202037 0.360216 0.201560 0.360552 0.201255 0.361036 0.200681 0.361414 0.200269 0.361602 0.200611 0.361628 0.201259 0.361133 0.201907 0.360034 0.202764 0.359201 0.203088
1 0.362005 0.199815 0.364583 0.197500 0.366953 0.195370 0.368646 0.194028 0.369888 0.193218 0.370495 0.193704 0.369531 0.194676 0.367422 0.196296 0.365312 0.198194 0.363854 0.199444 0.364687 0.200880 0.364427 0.201528 0.364036 0.201667 0.363177 0.200185 0.362109 0.201111
1 0.370755 0.192685 0.373516 0.189907 0.376708 0.186949 0.377370 0.187310 0.375130 0.189815 0.372690 0.192185 0.371440 0.193116
6 0.389445 0.192384 0.389443 0.180356 0.389805 0.174444 0.391466 0.175218 0.392044 0.185884 0.391581 0.192519 0.391732 0.194690 0.389979 0.194690
1 0.442943 0.371713 0.443273 0.364046 0.443651 0.361838 0.443922 0.359440 0.444622 0.359343 0.444299 0.364046 0.444190 0.369426 0.444083 0.371056
1 0.442604 0.396806 0.442695 0.388514 0.442909 0.378718 0.442909 0.373699 0.443958 0.372963 0.444039 0.373986 0.443958 0.384861 0.443880 0.388519 0.443581 0.396653
1 0.442135 0.404213 0.442281 0.400926 0.442482 0.399421 0.443612 0.399134 0.443646 0.401343 0.443570 0.404009
1 0.441797 0.412903 0.441849 0.408843 0.441901 0.407130 0.443370 0.407023 0.443411 0.409815 0.443370 0.413977 0.442482 0.414194
6 0.556750 0.631380 0.557591 0.621505 0.557591 0.611301 0.557552 0.605324 0.559831 0.605241 0.559831 0.615032 0.559599 0.625236 0.559036 0.635046 0.558292 0.634861
6 0.553268 0.618093 0.553234 0.615852 0.553000 0.608769 0.553099 0.594120 0.553148 0.574005 0.557245 0.573417 0.557083 0.598097 0.556766 0.615042 0.556812 0.626241 0.556432 0.625972 0.555318 0.622593
5 0.355677 0.157639 0.361521 0.154153 0.368044 0.145681 0.371917 0.140963 0.375029 0.133366 0.376719 0.125306 0.376583 0.118394 0.378526 0.120472 0.379529 0.126287 0.379453 0.132579 0.379237 0.141708 0.379596 0.145426 0.382565 0.148653 0.382346 0.156875 0.382055 0.160593 0.380596 0.162727 0.378003 0.169157 0.378112 0.170806 0.375406 0.173792 0.371812 0.177361 0.370599 0.179102 0.369115 0.182500 0.366719 0.181380 0.364883 0.180708 0.363531 0.180708 0.365206 0.182148 0.368219 0.183333 0.367797 0.186486 0.367943 0.190509 0.367750 0.191352 0.365359 0.193116 0.362172 0.195167 0.360352 0.195880 0.359667 0.196236 0.357706 0.194014 0.355078 0.193657 0.357187 0.176148 0.357841 0.162528
1 0.540971 0.362569 0.541318 0.362463 0.539076 0.355241 0.535529 0.344292 0.529276 0.325125 0.525776 0.315000 0.524049 0.309606 0.523674 0.308944 0.523115 0.309856 0.525961 0.318069 0.529508 0.328856 0.533477 0.340889 0.537443 0.354000 0.539122 0.359060 0.539836 0.361130 0.540263 0.362852
1 0.548151 0.384444 0.550956 0.391463 0.551438 0.390870 0.548846 0.384282 0.546276 0.377130 0.544615 0.372023 0.543677 0.369889 0.542948 0.370634 0.545078 0.376759 0.547974 0.383968
1 0.555172 0.400032 0.554328 0.398264 0.553365 0.396602 0.552703 0.395319 0.553203 0.394398 0.554750 0.397514 0.555927 0.399926
1 0.560703 0.408889 0.564055 0.414727 0.566320 0.418755 0.567786 0.420986 0.569042 0.423153 0.568901 0.424394 0.568203 0.423773 0.565589 0.419375 0.562766 0.414477 0.560289 0.409829 0.560396 0.409148
1 0.584641 0.449884 0.582974 0.447014 0.579641 0.441227 0.574518 0.432495 0.572096 0.428792 0.571094 0.426852 0.570729 0.428148 0.572878 0.431708 0.575638 0.436569 0.579180 0.442495 0.582201 0.447634 0.583581 0.449949
1 0.592760 0.463426 0.595461 0.468394 0.597901 0.472037 0.598474 0.473000 0.598534 0.474069 0.597839 0.474167 0.594586 0.468662 0.593411 0.466306 0.592539 0.464324
8 0.540328 0.442116 0.542344 0.438532 0.543203 0.437685 0.544714 0.436435 0.545964 0.437407 0.546823 0.439213 0.547120 0.441569 0.546096 0.443606 0.543682 0.444782 0.542471 0.445986 0.541742 0.447194 0.540070 0.448963 0.538201 0.451218 0.538760 0.449551 0.539602 0.444403
8 0.434414 0.374509 0.434951 0.374968 0.436542 0.374454 0.435964 0.367454 0.435312 0.365509 0.434010 0.356847 0.432500 0.344213 0.429602 0.327292 0.428299 0.318292 0.427865 0.315981 0.426781 0.315338 0.424901 0.315981 0.424901 0.319579 0.426492 0.328319 0.428589 0.342713 0.430107 0.351065 0.432419 0.363532 0.432891 0.367222 0.433151 0.368426
8 0.435117 0.386111 0.434721 0.384815 0.435044 0.382806 0.435044 0.380583 0.436307 0.379023 0.439385 0.376144 0.442909 0.373699 0.442909 0.378718 0.442786 0.384954 0.439724 0.386389 0.437906 0.387181 0.435971 0.387250
8 0.466667 0.434514 0.470229 0.434218 0.470951 0.432546 0.473409 0.432032 0.477385 0.431005 0.482951 0.429847 0.485482 0.429463 0.487940 0.428560 0.489891 0.428560 0.491047 0.429333 0.493216 0.435245 0.489185 0.439782 0.481940 0.441671 0.475578 0.443343 0.469794 0.444241 0.467771 0.444625 0.467417 0.439620
8 0.493620 0.435926 0.489185 0.439782 0.482919 0.444102 0.477789 0.448037 0.472661 0.452454 0.471094 0.452838 0.468557 0.455528 0.468880 0.459176 0.470393 0.462824 0.473740 0.460324 0.479734 0.455046 0.484109 0.452069 0.489346 0.447750 0.490479 0.444773 0.491182 0.446310 0.496258 0.442472 0.496258 0.441222
8 0.495747 0.434611 0.496633 0.433449 0.501909 0.429384 0.507276 0.425653 0.513901 0.420593 0.517076 0.417852 0.520482 0.415361 0.521229 0.416028 0.522536 0.415361 0.522164 0.418514 0.521695 0.422583 0.518943 0.425653 0.512596 0.429468 0.507974 0.433616 0.504055 0.435856 0.502328 0.436273 0.499667 0.437019 0.498034 0.437019 0.497148 0.438431
8 0.545995 0.400551 0.544333 0.399778 0.541461 0.401222 0.536648 0.404333 0.531776 0.408444 0.530464 0.409000 0.526029 0.412551 0.522904 0.414884 0.522591 0.418995 0.522279 0.422884 0.524654 0.421884 0.528964 0.418551 0.532964 0.415662 0.538932 0.411157 0.541146 0.409671 0.545474 0.404829
8 0.537167 0.443417 0.532687 0.448310 0.527508 0.453704 0.522466 0.459264 0.519484 0.462583 0.514766 0.468176 0.509805 0.474412 0.507544 0.477639 0.507708 0.480222 0.509440 0.482875 0.510776 0.483019 0.515294 0.477144 0.520940 0.471046 0.525781 0.465667 0.530820 0.459356 0.533724 0.455843 0.535216 0.454194 0.535083 0.453532 0.534898 0.450866 0.536458 0.446199
8 0.573125 0.405370 0.567901 0.399838 0.564648 0.394569 0.560672 0.389171 0.559430 0.387829 0.556510 0.384583 0.548547 0.372847 0.543221 0.365486 0.540971 0.362569 0.540263 0.362852 0.539836 0.361130 0.536865 0.356514 0.535138 0.354495 0.534250 0.353662 0.532956 0.355292 0.538354 0.361926 0.542995 0.368838 0.547586 0.374880 0.549315 0.377565 0.549813 0.376847 0.550060 0.377491 0.549727 0.378130 0.552133 0.381343 0.554974 0.385394 0.558161 0.389648 0.562398 0.395019 0.565781 0.399606 0.568602 0.402870 0.569693 0.403949 0.569773 0.404810 0.572672 0.407819
8 0.575990 0.408843 0.580333 0.414491 0.585901 0.421556 0.589010 0.426310 0.587708 0.428370 0.582648 0.421301 0.577734 0.415278 0.574841 0.411532 0.575057 0.409991
8 0.567057 0.409491 0.569521 0.412958 0.570872 0.414866 0.570495 0.416528 0.569240 0.415361 0.566206 0.411130 0.565740 0.409639 0.566346 0.409056
10 0.524148 0.365167 0.523302 0.361866 0.522479 0.358685 0.521607 0.354120 0.520115 0.347236 0.518339 0.337630 0.516727 0.331245 0.516161 0.328162 0.514589 0.325148 0.515596 0.324435 0.515596 0.322569 0.515193 0.319412 0.513823 0.318051 0.511078 0.306579 0.510193 0.300981 0.510271 0.297755 0.511320 0.297468 0.511443 0.295176 0.510232 0.291157 0.508698 0.285708 0.506964 0.281620 0.505190 0.279472 0.503294 0.278898 0.501760 0.279472 0.500391 0.281046 0.499341 0.281120 0.497242 0.273162 0.498977 0.268644 0.500229 0.261903 0.500633 0.253727 0.499219 0.244907 0.495227 0.226477 0.491232 0.209838 0.490992 0.208477 0.491596 0.206542 0.492281 0.202741 0.497042 0.202097 0.498776 0.199727 0.499057 0.200301 0.499057 0.202528 0.501680 0.214931 0.503172 0.217083 0.503294 0.219949 0.502849 0.221171 0.507409 0.241537 0.508255 0.241824 0.508456 0.243542 0.507932 0.244046 0.510917 0.260681 0.514951 0.276889 0.517695 0.289296 0.519831 0.300481 0.520437 0.304569 0.521648 0.303421 0.521807 0.305718 0.523099 0.305500 0.523622 0.307722 0.522737 0.308870 0.522656 0.310236 0.521969 0.311093 0.522792 0.312542 0.527255 0.336481 0.530844 0.351898 0.532164 0.352241 0.532813 0.354213 0.532255 0.355625 0.531490 0.355625 0.532336 0.357204 0.531208 0.357995 0.529513 0.359644 0.527940 0.360218 0.525964 0.360648 0.525237 0.362870 0.524714 0.364449
8 0.558802 0.391435 0.561461 0.400630 0.563234 0.400630 0.563047 0.399630 0.562917 0.398241 0.561086 0.393574
1 0.452565 0.434139 0.455320 0.433083 0.457133 0.432528 0.458891 0.431769 0.459974 0.431250 0.460286 0.432361 0.459052 0.433171 0.456612 0.434241 0.455286 0.434907 0.453451 0.435472
8 0.538117 0.339963 0.543365 0.350185 0.547526 0.358565 0.552612 0.368065 0.554299 0.372755 0.556188 0.378519 0.558568 0.385139 0.559430 0.387829 0.556510 0.384583 0.553870 0.376699 0.552518 0.371222 0.547333 0.362000 0.542042 0.351806 0.536979 0.341866 0.536818 0.340287 0.537469 0.339722
1 0.503323 0.410861 0.503745 0.415153 0.504115 0.418796 0.504258 0.421579 0.503323 0.421579 0.503052 0.417940 0.502750 0.413861 0.502760 0.412542
1 0.488724 0.422407 0.485273 0.420602 0.483602 0.419546 0.481495 0.418681 0.480901 0.418394 0.480359 0.419736 0.480359 0.419833 0.483331 0.421657 0.487273 0.423194 0.489271 0.423866
1 0.491641 0.423657 0.494844 0.424352 0.497370 0.425403 0.498760 0.426093 0.501096 0.426458 0.502716 0.427130 0.503419 0.428380 0.502716 0.428954 0.501198 0.427917 0.496016 0.426667 0.492240 0.425593
1 0.504635 0.399028 0.508755 0.396935 0.512070 0.395222 0.514297 0.393935 0.515182 0.393704 0.515505 0.394847 0.515234 0.395704 0.509810 0.397847 0.506768 0.399509 0.503411 0.401065
1 0.485609 0.410435 0.487708 0.408519 0.490411 0.405917 0.491984 0.404699 0.495089 0.402833 0.499893 0.400824 0.502633 0.400106 0.501503 0.402046 0.496953 0.404028 0.493516 0.405880 0.490979 0.407926 0.488594 0.410139 0.486539 0.412301
1 0.473021 0.424537 0.473091 0.423218 0.474138 0.423093 0.477310 0.419931 0.479367 0.417389 0.480797 0.415968 0.481180 0.415903 0.481250 0.415282 0.483307 0.412991 0.484422 0.412060 0.485016 0.413301 0.484284 0.414477 0.481641 0.417639 0.478984 0.420306 0.477172 0.422537 0.475208 0.424769
1 0.629057 0.498338 0.632807 0.504792 0.636922 0.512250 0.641807 0.521106 0.645776 0.527903 0.647453 0.530894 0.647453 0.532384 0.646240 0.531560 0.636349 0.513718 0.631167 0.504843 0.629021 0.500611
1 0.470182 0.415370 0.476010 0.414634 0.478484 0.414199 0.481120 0.413843 0.481250 0.415282 0.481180 0.415903 0.480797 0.415968 0.478672 0.416389 0.475104 0.416574 0.471164 0.416556
1 0.460938 0.430278 0.463544 0.429042 0.466167 0.428028 0.469451 0.425991 0.471172 0.424861 0.473729 0.425671 0.471620 0.426954 0.468724 0.428565 0.466276 0.429815 0.464323 0.430741 0.462099 0.431560 0.461172 0.431713
1 0.493750 0.451528 0.495701 0.451398 0.497659 0.451398 0.498352 0.451931 0.498443 0.453005 0.497031 0.453194 0.495096 0.453324 0.494044 0.453324 0.493888 0.452282
1 0.484242 0.455481 0.483638 0.455699 0.483672 0.457269 0.486513 0.457241 0.487320 0.455449
1 0.481380 0.454491 0.483799 0.454194 0.484242 0.455481 0.483620 0.455694 0.481510 0.456204 0.477909 0.456704 0.479734 0.455046
8 0.469349 0.464861 0.476693 0.462824 0.480529 0.462056 0.484042 0.461472 0.482904 0.463880 0.479401 0.464954 0.476250 0.466065 0.472526 0.467037 0.470365 0.466898
10 0.524823 0.367273 0.525495 0.368917 0.526747 0.370699 0.527167 0.373963 0.527919 0.381403 0.529724 0.381907 0.535289 0.380366 0.536086 0.373940 0.534927 0.367130 0.533193 0.360963 0.532542 0.358389 0.531242 0.359162 0.528802 0.360880 0.526253 0.361477 0.525385 0.364176 0.524302 0.365718
10 0.489549 0.451921 0.488888 0.449764 0.489346 0.447750 0.490479 0.444773 0.491182 0.446310 0.492323 0.448690 0.493589 0.450676 0.493888 0.452282 0.494169 0.454088 0.493750 0.455829 0.492862 0.456069 0.492630 0.457398 0.491797 0.456574 0.490529 0.454657
2 0.501292 0.465278 0.502227 0.464745 0.503552 0.463889 0.504997 0.462977 0.504997 0.461745 0.505208 0.459014 0.504513 0.456403 0.502086 0.462458
1 0.542471 0.445986 0.544792 0.445741 0.549815 0.445889 0.553432 0.446079 0.555701 0.446463 0.560398 0.446944 0.563641 0.447426 0.563682 0.449019 0.560078 0.449028 0.553229 0.448106 0.547482 0.448019 0.544089 0.447685 0.542211 0.447694 0.541742 0.447194
1 0.564714 0.447593 0.569656 0.448185 0.575302 0.448685 0.580484 0.449431 0.583581 0.449949 0.584641 0.449884 0.586380 0.450417 0.590531 0.450880 0.590042 0.452769 0.584367 0.451745 0.578430 0.451097 0.571477 0.450500 0.566589 0.449861 0.564674 0.449431
8 0.573125 0.417685 0.577875 0.423245 0.580990 0.427037 0.584297 0.431250 0.588724 0.436343 0.592292 0.440556 0.594245 0.443056 0.596458 0.446759 0.597812 0.448981 0.596969 0.450134 0.594062 0.446343 0.593083 0.444394 0.592049 0.443616 0.589789 0.441102 0.585469 0.435139 0.576396 0.424250 0.572680 0.419495
1 0.589542 0.430894 0.590872 0.433620 0.592568 0.437134 0.591693 0.438565 0.589826 0.434338 0.588656 0.431898 0.588938 0.430968
2 0.413836 0.192417 0.413542 0.191301 0.408661 0.191301 0.401417 0.191569 0.395240 0.191704 0.391581 0.192519 0.391732 0.194690 0.389979 0.194690 0.389445 0.192384 0.387310 0.192111 0.383953 0.193468 0.376940 0.194551 0.377091 0.197940 0.377245 0.199296 0.377091 0.201468 0.377292 0.204398 0.386167 0.202551 0.394326 0.201194 0.402255 0.201468 0.410109 0.200926 0.414534 0.200926 0.413672 0.197130
10 0.417240 0.365556 0.418682 0.363394 0.421385 0.361815 0.424612 0.361671 0.427154 0.362676 0.430341 0.366190 0.432115 0.368986 0.432448 0.369537 0.433284 0.371352 0.434414 0.374509 0.434857 0.376875 0.434740 0.378750 0.432042 0.382574 0.428586 0.387856
2 0.393659 0.287718 0.391901 0.286250 0.390703 0.284954 0.391380 0.283981 0.392526 0.283287 0.393177 0.281296 0.394115 0.281481 0.393802 0.283472 0.394896 0.285694 0.395464 0.286194 0.394667 0.287861
1 0.519458 0.451181 0.522130 0.449926 0.523906 0.449139 0.525964 0.448421 0.527375 0.448634 0.527536 0.450069 0.526083 0.451431 0.523151 0.452222 0.519953 0.453227
1 0.529456 0.442764 0.532602 0.441759 0.534219 0.440741 0.535831 0.440611 0.534578 0.442333 0.533328 0.443120 0.531380 0.444074 0.529141 0.443287
1 0.529141 0.443287 0.532914 0.444542 0.532109 0.445787 0.529727 0.444926 0.528755 0.443968
2 0.510052 0.405648 0.510477 0.410542 0.510260 0.416398 0.511016 0.418412 0.514365 0.417931 0.517076 0.417852 0.520482 0.415361 0.521229 0.416028 0.522536 0.415361 0.522857 0.413065 0.523060 0.409625 0.523664 0.409912 0.523260 0.412708 0.526029 0.412551 0.530464 0.409000 0.530943 0.408620 0.530294 0.399787 0.529807 0.395949 0.529268 0.393458 0.528948 0.390199 0.527919 0.381403 0.527167 0.373963 0.526747 0.370699 0.525495 0.368917 0.524823 0.367273 0.521648 0.367727 0.520773 0.370894 0.519479 0.373963 0.517156 0.376366 0.513430 0.377324 0.509542 0.378861 0.507435 0.379630 0.508461 0.387694 0.511810 0.388079 0.513539 0.389227 0.515807 0.390380 0.517263 0.391051 0.517500 0.392546 0.522125 0.392588 0.524609 0.392685 0.526065 0.394222 0.528227 0.394412 0.527956 0.402667 0.527901 0.405838 0.523367 0.405644 0.517805 0.405356
2 0.507188 0.377731 0.506448 0.373000 0.506870 0.371505 0.506870 0.368602 0.508036 0.367690 0.511161 0.367606 0.511396 0.368519 0.512237 0.368519 0.513029 0.367773 0.518211 0.367440 0.520729 0.367606 0.520451 0.369514 0.519424 0.372333 0.517276 0.374824 0.514148 0.376069 0.510276 0.377148
2 0.479635 0.378194 0.482693 0.382208 0.484081 0.384102 0.485878 0.386315 0.487292 0.386852 0.489271 0.386435 0.489065 0.385093 0.485503 0.381319 0.482568 0.378653 0.479557 0.376204
1 0.533862 0.352861 0.530365 0.340199 0.527552 0.328981 0.525115 0.319204 0.523297 0.311495 0.522792 0.312542 0.526471 0.329190 0.530570 0.344954 0.532164 0.352241 0.532813 0.354213
2 0.484367 0.361431 0.484247 0.362935 0.487674 0.366593 0.489693 0.368097 0.490982 0.368028 0.491789 0.369745 0.496469 0.373833 0.496792 0.373333 0.496792 0.371611 0.495057 0.367023 0.492516 0.365014 0.492112 0.362861 0.489167 0.362431
10 0.491857 0.360269 0.493151 0.362625 0.494646 0.365282 0.495057 0.367023 0.496792 0.371611 0.498706 0.372005 0.499826 0.373495 0.502953 0.375236 0.504961 0.375486 0.505799 0.374241 0.506448 0.373000 0.506870 0.371505 0.506870 0.368602 0.508036 0.367690 0.508555 0.364454 0.505474 0.362625 0.501740 0.360384 0.498893 0.357565 0.496326 0.355079 0.496513 0.352838 0.494458 0.353250 0.492500 0.357231 0.491471 0.359310
10 0.504193 0.347731 0.506729 0.350301 0.509753 0.351356 0.512508 0.352125 0.514396 0.351069 0.516016 0.348287 0.516552 0.346287 0.514122 0.345713 0.511583 0.345519 0.505859 0.347153
10 0.503542 0.346366 0.502247 0.343963 0.501490 0.340509 0.501654 0.335421 0.502570 0.332444 0.504893 0.330620 0.506568 0.328991 0.507107 0.326491 0.507971 0.325148 0.508888 0.322463 0.510292 0.320639 0.511372 0.320926 0.514589 0.325148 0.516161 0.328162 0.516727 0.331245 0.518339 0.337630 0.518016 0.340028 0.516990 0.341949 0.515693 0.343199 0.516443 0.344657 0.513581 0.344079 0.510612 0.344463 0.505859 0.345231
2 0.514589 0.325148 0.515596 0.324435 0.515596 0.322569 0.514427 0.318912 0.511523 0.318051 0.508982 0.316759 0.507044 0.316185 0.506078 0.316690 0.505677 0.320231 0.507490 0.320991 0.509263 0.321921 0.510292 0.320639 0.511372 0.320926
2 0.506078 0.316690 0.505193 0.316329 0.502206 0.318319 0.499732 0.322056 0.496792 0.327032 0.495719 0.330685 0.494924 0.332593 0.495112 0.334000 0.493758 0.334833 0.491099 0.338981 0.490164 0.341056 0.491005 0.344458 0.492872 0.346199 0.496372 0.339227 0.499089 0.332685 0.501599 0.328194 0.503560 0.324130 0.504961 0.324296 0.505427 0.322718 0.505677 0.320231
2 0.424107 0.231477 0.425956 0.227634 0.428185 0.223356 0.430453 0.220505 0.431987 0.218088 0.436099 0.217718 0.439727 0.217407 0.443740 0.217407 0.444396 0.217843 0.443352 0.223542 0.441852 0.229306 0.440737 0.234824 0.440143 0.235940 0.439865 0.235380 0.439690 0.234264 0.438609 0.233894 0.439133 0.232718 0.438471 0.230236 0.437982 0.228685 0.437354 0.228069 0.437284 0.230236 0.436518 0.229741 0.436901 0.227264 0.436203 0.227264 0.434078 0.228875 0.433310 0.232097 0.433125 0.234630 0.432055 0.235444 0.430453 0.235069 0.429581 0.236495 0.428745 0.237056 0.427036 0.236991 0.426617 0.234514 0.424839 0.234264 0.424177 0.232468
2 0.438076 0.217454 0.436659 0.212204 0.435906 0.208560 0.435544 0.205505 0.437109 0.203898 0.439552 0.204167 0.440846 0.209097 0.442383 0.214880 0.442987 0.217398 0.439727 0.217407
10 0.467034 0.227306 0.467844 0.223370 0.469896 0.219722 0.472487 0.217227 0.476104 0.217227 0.479505 0.218056 0.483935 0.220394 0.489930 0.224042 0.493979 0.226347 0.495815 0.228745 0.499219 0.244907 0.500633 0.253727 0.500229 0.261903 0.498977 0.268644 0.497242 0.273162 0.495615 0.276389 0.493779 0.279269 0.492966 0.281231 0.490352 0.280981 0.488724 0.280972 0.488135 0.280491 0.486424 0.280491 0.486083 0.279579 0.484945 0.279579 0.484318 0.278569 0.480208 0.275556 0.478339 0.273773 0.478339 0.272005 0.476719 0.269523 0.476154 0.261824 0.478964 0.246468 0.479557 0.239745 0.478643 0.239366 0.477990 0.240736 0.477802 0.243806 0.477008 0.247870 0.475076 0.258773 0.474185 0.266588 0.470826 0.260940 0.466643 0.254495 0.463443 0.248648 0.463992 0.247944 0.465036 0.242713 0.465828 0.235176 0.466320 0.231704 0.466573 0.231130 0.466573 0.229889
10 0.469896 0.219722 0.471388 0.211847 0.473081 0.205755 0.476026 0.203241 0.479214 0.205394 0.484255 0.210986 0.487924 0.215361 0.487440 0.219949 0.487039 0.222245 0.483935 0.220394 0.479505 0.218056 0.476104 0.217227 0.472487 0.217227
2 0.468794 0.221528 0.469003 0.215394 0.469247 0.211116 0.469318 0.208699 0.468477 0.206889 0.467500 0.207139 0.466281 0.208875 0.466664 0.212838 0.466315 0.216620 0.466141 0.221949 0.465792 0.226907 0.465828 0.229699 0.466573 0.229889 0.467034 0.227306 0.467844 0.223370
2 0.461823 0.216759 0.464883 0.220306 0.465573 0.220509 0.466141 0.221949 0.465885 0.225463 0.465125 0.225574 0.463453 0.224273 0.462268 0.222847 0.462789 0.222227
2 0.445833 0.167171 0.448773 0.174463 0.452086 0.182347 0.454701 0.188903 0.455513 0.192935 0.457411 0.198028 0.460799 0.204477 0.462773 0.208352 0.463622 0.208134 0.464427 0.210648 0.465961 0.209861 0.466281 0.208875 0.467500 0.207139 0.468477 0.206889 0.469318 0.208699 0.469872 0.207852 0.470479 0.208565 0.472130 0.203407 0.472818 0.203903 0.473948 0.198171 0.474354 0.196519 0.474674 0.192069 0.474109 0.190569 0.471810 0.188412 0.470195 0.186264 0.470357 0.184611 0.469307 0.183250 0.468258 0.183250 0.467888 0.181528 0.467120 0.179856 0.465341 0.178986 0.465065 0.176755 0.463703 0.175204 0.461961 0.174463 0.456161 0.167231 0.456115 0.164741 0.455091 0.164259 0.454008 0.164898 0.450148 0.159648 0.446659 0.153995 0.447596 0.153690 0.447177 0.152139 0.445216 0.148917 0.443247 0.146528 0.442070 0.145241 0.441076 0.144389 0.441346 0.146370 0.441557 0.149954 0.443695 0.154079 0.446107 0.159009 0.445805 0.161315 0.445646 0.165148
2 0.388464 0.306431 0.390104 0.309259 0.392109 0.311898 0.394206 0.315722 0.394625 0.316056 0.396305 0.314394 0.397612 0.311907 0.398172 0.311324 0.398313 0.310412 0.396865 0.308255 0.395044 0.305931 0.393458 0.301782 0.391870 0.299380 0.390703 0.297634 0.389677 0.297634 0.389211 0.298546 0.389398 0.305185
2 0.395664 0.275630 0.397227 0.277296 0.399599 0.277407 0.401974 0.279185 0.404036 0.280519 0.406411 0.281519 0.409221 0.283185 0.410846 0.284741 0.412406 0.286852 0.413096 0.286847 0.414557 0.285630 0.415352 0.284301 0.416198 0.285648 0.417469 0.282185 0.419094 0.278630 0.420141 0.276782 0.420125 0.274042 0.420755 0.272824 0.420906 0.267412 0.418781 0.266301 0.416844 0.264523 0.414721 0.261079 0.412721 0.255750 0.412159 0.252417 0.411096 0.251750 0.408846 0.255861 0.407159 0.255306 0.406411 0.257301 0.405911 0.260856 0.404099 0.266301 0.403349 0.269968 0.403224 0.273852 0.400781 0.275741 0.395914 0.274741
10 0.412159 0.252417 0.412456 0.246699 0.413099 0.242755 0.414352 0.239745 0.416247 0.238236 0.421451 0.237019 0.424234 0.236657 0.427461 0.238741 0.428992 0.240819 0.430323 0.245407 0.430768 0.251074 0.430484 0.256523 0.430365 0.258745 0.430091 0.260116 0.428141 0.265125 0.427927 0.263421 0.427279 0.261981 0.425010 0.261884 0.421284 0.261981 0.420906 0.265343 0.420906 0.267412 0.418781 0.266301 0.416844 0.264523 0.414721 0.261079 0.412721 0.255750
2 0.369021 0.268069 0.370352 0.266347 0.371482 0.265991 0.374870 0.271653 0.377612 0.277245 0.380435 0.282986 0.381242 0.284491 0.381042 0.285417 0.378339 0.287218
2 0.419875 0.214130 0.415813 0.218611 0.411419 0.222144 0.410026 0.223134 0.407104 0.225269 0.406727 0.226106 0.406727 0.227769 0.406484 0.232083 0.407615 0.229926 0.408380 0.230787 0.414977 0.227412 0.420911 0.223889 0.423125 0.221528 0.421609 0.218824
10 0.412128 0.228755 0.412302 0.232782 0.413661 0.238426 0.417344 0.235852 0.421380 0.232963 0.423021 0.231713 0.421432 0.223287 0.420911 0.223889 0.414977 0.227412
2 0.386151 0.268819 0.386500 0.262560 0.387057 0.258653 0.388383 0.255556 0.389208 0.256472 0.390055 0.257407 0.391146 0.257639 0.390823 0.262310 0.390021 0.267889 0.389846 0.270861 0.389500 0.272972 0.387198 0.273157 0.386328 0.270602
2 0.395781 0.239213 0.399721 0.239495 0.402315 0.240745 0.404203 0.241704 0.405979 0.241454 0.406719 0.233380 0.405839 0.233741 0.402089 0.230931 0.396797 0.225880
1 0.389807 0.223676 0.388464 0.224861 0.384563 0.228588 0.380732 0.232315 0.379070 0.234116 0.377841 0.235528 0.378273 0.236944 0.383117 0.233856 0.386878 0.229745 0.390052 0.226667
2 0.350104 0.213843 0.351604 0.213838 0.355914 0.218949 0.359602 0.224838 0.363411 0.230722 0.362161 0.233389 0.361099 0.234167 0.359914 0.234389 0.354352 0.227167 0.351104 0.224505 0.349542 0.222394 0.347542 0.220060
2 0.356727 0.240699 0.359289 0.239032 0.362109 0.238565 0.365099 0.238921 0.365036 0.240255 0.362917 0.242593 0.361094 0.244352 0.359602 0.243917 0.357977 0.242583
2 0.365745 0.229278 0.364872 0.230639 0.365047 0.234111 0.364594 0.235847 0.365099 0.238921 0.365831 0.241606 0.366766 0.242273 0.367141 0.243162 0.366581 0.244718 0.367453 0.246273 0.368891 0.247273 0.370141 0.246495 0.370578 0.248384 0.372078 0.247940 0.373891 0.249273 0.376763 0.249384 0.379451 0.248384 0.381888 0.242495 0.381201 0.239384 0.380576 0.235389 0.378273 0.236944 0.377841 0.235528 0.379070 0.234116 0.380732 0.232315 0.384563 0.228588 0.383073 0.226278 0.383635 0.223505 0.386573 0.219616 0.388052 0.217880 0.385026 0.214866 0.382484 0.212574 0.382565 0.210921 0.383292 0.211856 0.384542 0.213005 0.387122 0.215514 0.389664 0.217449 0.389419 0.209069 0.389227 0.204255 0.387885 0.203620 0.383948 0.206176 0.380263 0.209398 0.377763 0.212838 0.372674 0.217519 0.373234 0.221255 0.372682 0.221991 0.371810 0.223051 0.370589 0.223514 0.370625 0.225310 0.367836 0.228657
10 0.369115 0.182500 0.370599 0.179102 0.371812 0.177361 0.375406 0.173792 0.378112 0.170806 0.381099 0.169727 0.384086 0.168648 0.386701 0.168981 0.387820 0.171222 0.387633 0.175454 0.387492 0.184662 0.387604 0.190093 0.382107 0.187713 0.374602 0.184741 0.370281 0.183009
10 0.368219 0.183333 0.367797 0.186486 0.367943 0.190509 0.370755 0.192685 0.373516 0.189907 0.376708 0.186949 0.371523 0.184741
2 0.378125 0.187500 0.378307 0.190185 0.379253 0.194079 0.382182 0.193769 0.382042 0.192282 0.381352 0.188773
2 0.378112 0.170806 0.378003 0.169157 0.380596 0.162727 0.383620 0.158597 0.385346 0.155333 0.387453 0.153509 0.391018 0.158792 0.393826 0.161477 0.393880 0.162532 0.392477 0.164935 0.390961 0.165963 0.390237 0.167245 0.388286 0.171361 0.387820 0.171222 0.386701 0.168981 0.384086 0.168648 0.381099 0.169727
1 0.399531 0.182407 0.402344 0.180880 0.405313 0.179907 0.409102 0.179708 0.408346 0.181051 0.405539 0.182398 0.402839 0.182593 0.399714 0.183843
2 0.355078 0.193657 0.357706 0.194014 0.359667 0.196236 0.358956 0.200898 0.357706 0.209861 0.357286 0.211588 0.357234 0.214157 0.356510 0.217731 0.356573 0.220111 0.355914 0.218949 0.351604 0.213838 0.350104 0.213843 0.351341 0.206722 0.353781 0.198792
2 0.358049 0.231986 0.356044 0.233792 0.354948 0.235185 0.354352 0.235968 0.356461 0.240875 0.356727 0.240699 0.359289 0.239032 0.362109 0.238565 0.362846 0.237042 0.362607 0.236403 0.361526 0.235042 0.361099 0.234167 0.359914 0.234389
10 0.471044 0.379125 0.473276 0.374042 0.473974 0.373361 0.473982 0.370898 0.475857 0.370898 0.477107 0.371787 0.477919 0.375231 0.479557 0.376204 0.479635 0.378194 0.479935 0.382532 0.480039 0.385329 0.479482 0.385329 0.477344 0.386046 0.476862 0.386468 0.474401 0.387037
10 0.414549 0.090435 0.416440 0.085968 0.417430 0.081625 0.419336 0.082981 0.419414 0.085287 0.417583 0.091255
2 0.414453 0.130324 0.416266 0.126468 0.419654 0.124750 0.423523 0.122685 0.428750 0.120963 0.431266 0.120963 0.434365 0.122338 0.437654 0.126644 0.438042 0.131977 0.439299 0.140579 0.441346 0.146370 0.441557 0.149954 0.441292 0.153083 0.442919 0.159417 0.443917 0.165301 0.444544 0.169310 0.444419 0.174194 0.444701 0.177361 0.443674 0.179565 0.444003 0.181491 0.443404 0.184069 0.442328 0.185139 0.441195 0.184847 0.439792 0.188009 0.439086 0.190315 0.437789 0.192810 0.436328 0.195787 0.435865 0.202222 0.435544 0.205505 0.434789 0.207213 0.432622 0.208639 0.431219 0.209412 0.431219 0.213921 0.430570 0.215176 0.429708 0.215176 0.429815 0.217380 0.427599 0.221028 0.426419 0.223713 0.424367 0.223625 0.421609 0.218824 0.419875 0.214130 0.417021 0.210944 0.413672 0.197130 0.413836 0.192417 0.414620 0.188546 0.416992 0.187958 0.417698 0.187875 0.416344 0.185380 0.415482 0.186241 0.413867 0.184500 0.411698 0.180852 0.411380 0.178273 0.411969 0.176241 0.415589 0.177120 0.417591 0.179699 0.417747 0.179324 0.416130 0.175005 0.414708 0.169019 0.414659 0.164440 0.417003 0.158537 0.417117 0.154255 0.415948 0.143847 0.415443 0.139537 0.414714 0.133565
2 0.574229 0.403185 0.573620 0.403981 0.573125 0.405370 0.572672 0.407819 0.570872 0.414866 0.570495 0.416528 0.569042 0.423153 0.568901 0.424394 0.568656 0.426833 0.567544 0.430796 0.566253 0.435634 0.564477 0.441588 0.563326 0.445551 0.563641 0.447426 0.563682 0.449019 0.563375 0.454306 0.563336 0.456532 0.563828 0.457963 0.564667 0.457282 0.564674 0.449431 0.564714 0.447593 0.564740 0.444398 0.565885 0.443750 0.567068 0.443889 0.569516 0.433102 0.571388 0.425343 0.572680 0.419495 0.573125 0.417685 0.574672 0.410106 0.575023 0.407528 0.574747 0.405671
2 0.562865 0.456389 0.559859 0.458889 0.557026 0.461356 0.551362 0.466389 0.546604 0.470917 0.545250 0.472579 0.543477 0.468509 0.539276 0.459139 0.537687 0.455102 0.536474 0.453861 0.537453 0.453199 0.538760 0.449551 0.539602 0.444403 0.542445 0.436190 0.544365 0.430051 0.545206 0.425648 0.546214 0.422491 0.547422 0.420773 0.548109 0.419773 0.546716 0.419444 0.546247 0.416042 0.546435 0.409741 0.546763 0.404764 0.547969 0.396880 0.548138 0.395097 0.547695 0.391014 0.546766 0.388139 0.546151 0.386185 0.545464 0.386296 0.545091 0.387671 0.543802 0.388912 0.542826 0.389037 0.542094 0.390648 0.539513 0.390519 0.537385 0.390769 0.533870 0.390944 0.532128 0.390509 0.528948 0.390199 0.529268 0.393458 0.530833 0.394537 0.535049 0.394995 0.538826 0.395287 0.543148 0.392981 0.545578 0.391347 0.545901 0.393847 0.546604 0.396532 0.545995 0.400551 0.545474 0.404829 0.545354 0.410634 0.545422 0.416463 0.545318 0.419745 0.543544 0.421639 0.542133 0.426157 0.539023 0.436472 0.536458 0.446199 0.534898 0.450866 0.535083 0.453532 0.535771 0.457417 0.538896 0.464306 0.543518 0.474972 0.545456 0.475139 0.550312 0.472083 0.552638 0.471491 0.556909 0.466347 0.560922 0.462694 0.562604 0.460954 0.563911 0.458713
2 0.484901 0.336745 0.483854 0.332843 0.482948 0.329806 0.482008 0.326889 0.481552 0.326704 0.481448 0.325898 0.480471 0.325898 0.479531 0.328130 0.480646 0.330361 0.481135 0.329741 0.481310 0.329741 0.481901 0.333287 0.482682 0.334722 0.483177 0.336065 0.483958 0.338046 0.484362 0.340116 0.484852 0.338940
1 0.431245 0.392421 0.432615 0.388551 0.433833 0.386819 0.434721 0.384815 0.435117 0.386111 0.434219 0.389676 0.432938 0.395579
2 0.429115 0.388704 0.429961 0.390264 0.431898 0.388972 0.433833 0.386819 0.434721 0.384815 0.435044 0.382806 0.435044 0.380583 0.432906 0.383153 0.430151 0.387088
1 0.550964 0.396727 0.552786 0.393472 0.554349 0.391403 0.555547 0.389907 0.556432 0.389597 0.556326 0.390755 0.554633 0.392653 0.553490 0.393995 0.552703 0.395319 0.552159 0.396588 0.551406 0.397745 0.550987 0.397745
2 0.550521 0.612963 0.551307 0.611083 0.551932 0.610111 0.553000 0.608769 0.553234 0.615852 0.551906 0.615944 0.550812 0.614139
10 0.443281 0.309431 0.444781 0.309356 0.446750 0.309097 0.447737 0.308481 0.448818 0.309356 0.449557 0.308921 0.449656 0.307606 0.449607 0.306208 0.451576 0.303759 0.452552 0.301699 0.451990 0.299255 0.450677 0.298810 0.447990 0.291037 0.446865 0.289037 0.444732 0.290366 0.442714 0.290806 0.441336 0.291329 0.441581 0.293255 0.440695 0.293606 0.441534 0.299556 0.441484 0.305685 0.441797 0.306343 0.442641 0.307505
8 0.439292 0.315819 0.440474 0.309343 0.440818 0.307329 0.441458 0.307329 0.441797 0.306343 0.442641 0.307505 0.443281 0.309431 0.443331 0.311093 0.442839 0.313106 0.441706 0.317745 0.440672 0.317829 0.440867 0.320630 0.440279 0.322644 0.439490 0.321769 0.439833 0.319931 0.439391 0.317481
2 0.463349 0.301685 0.462203 0.300292 0.460909 0.298792 0.460396 0.298148 0.459794 0.298472 0.459948 0.299616 0.461727 0.303704 0.462216 0.305069 0.463258 0.302273
2 0.464357 0.302787 0.465646 0.303532 0.464844 0.307005 0.463307 0.305778 0.463471 0.305148
15 0.462909 0.306782 0.464609 0.310093 0.466672 0.315921 0.467109 0.317269 0.467982 0.319954 0.468620 0.321574 0.468901 0.324542 0.469659 0.326366 0.470620 0.330648 0.470690 0.332204 0.470133 0.333810 0.469391 0.332468 0.465430 0.321356 0.461432 0.311806 0.462323 0.308852
15 0.455732 0.297755 0.456846 0.296019 0.457719 0.294532 0.459948 0.299616 0.461727 0.303704 0.462216 0.305069 0.461768 0.306509 0.460875 0.310213 0.458578 0.304486
15 0.450893 0.287060 0.451198 0.286477 0.451896 0.282819 0.453396 0.282694 0.455242 0.288333 0.456393 0.290690 0.455104 0.291991 0.454930 0.293292 0.454302 0.294532
15 0.458706 0.316037 0.456737 0.312583 0.454677 0.307032 0.452552 0.301699 0.451990 0.299255 0.450677 0.298810 0.447990 0.291037 0.446865 0.289037 0.446865 0.286259 0.447615 0.285815 0.448740 0.286926 0.449490 0.286481 0.453490 0.295370 0.457862 0.305477 0.460299 0.312250
2 0.470073 0.290764 0.468156 0.292190 0.466745 0.293579 0.466044 0.294593 0.464870 0.294426 0.463758 0.295046 0.464578 0.298718 0.465089 0.300759 0.464357 0.302787 0.465646 0.303532 0.464844 0.307005 0.465958 0.308056 0.467458 0.308306 0.468630 0.299662
15 0.460833 0.313620 0.464458 0.322671 0.468914 0.333421 0.469297 0.334690 0.468422 0.334912 0.467224 0.335991 0.466234 0.334579 0.464609 0.330648 0.463544 0.327713 0.462310 0.325144 0.461081 0.322241 0.461042 0.321250 0.459674 0.317917
2 0.464609 0.310093 0.465401 0.308736 0.465958 0.308056 0.467458 0.308306 0.467232 0.310282 0.466672 0.315921
2 0.468156 0.310843 0.469760 0.311588 0.470492 0.312083 0.471362 0.311898 0.471641 0.312519 0.471362 0.313944 0.469411 0.318157 0.468643 0.319833 0.467982 0.319954 0.467109 0.317269 0.467578 0.315278
2 0.457367 0.325301 0.458604 0.324819 0.461013 0.325032 0.462310 0.325144 0.463544 0.327713 0.464609 0.330648 0.461432 0.330602 0.457487 0.330657 0.455500 0.330500
2 0.451445 0.338278 0.450299 0.335903 0.449167 0.333287 0.446487 0.329125 0.444607 0.324810 0.443234 0.322069 0.442227 0.321139 0.442227 0.319991 0.443922 0.320208 0.447107 0.321139 0.447813 0.322352 0.447471 0.323370 0.448437 0.325639 0.449763 0.325824 0.451352 0.329667 0.452474 0.331884 0.452810 0.334250 0.452633 0.334880
2 0.453766 0.335676 0.455036 0.338843 0.456211 0.341102 0.456432 0.342269 0.455958 0.343250 0.454562 0.342616 0.453096 0.342176 0.452367 0.339801 0.452792 0.338204
2 0.471911 0.288949 0.472534 0.288088 0.473893 0.288583 0.476997 0.290565 0.477729 0.291185 0.477398 0.292528 0.476758 0.293755 0.476807 0.296380 0.477240 0.296639 0.476961 0.301968 0.476677 0.306431 0.476404 0.310583 0.476185 0.310838 0.473922 0.310139 0.471245 0.308662 0.470234 0.308542 0.469536 0.309903 0.468805 0.309468 0.469677 0.301542
6 0.476680 0.310398 0.481159 0.315741 0.483276 0.318190 0.483326 0.322389 0.482341 0.323005 0.479732 0.319940 0.478643 0.318042 0.476927 0.316713 0.474766 0.313657 0.473922 0.310139 0.476185 0.310838
10 0.479563 0.288588 0.478776 0.288417 0.478086 0.289727 0.477398 0.292528 0.476758 0.293755 0.476807 0.296380 0.477656 0.296889 0.479339 0.295894 0.480411 0.294648 0.480745 0.293403 0.480469 0.291481
2 0.484318 0.278569 0.482495 0.278569 0.482893 0.280694 0.485057 0.284745 0.486313 0.285148 0.488724 0.280972 0.488135 0.280491 0.486424 0.280491 0.486083 0.279579 0.484945 0.279579
10 0.482971 0.288917 0.481633 0.289880 0.481560 0.290667 0.481927 0.290796 0.482036 0.292495 0.482883 0.293736 0.485677 0.296287 0.487224 0.296417 0.488805 0.293213 0.489281 0.294194 0.489945 0.293477 0.489797 0.292102 0.489281 0.290597 0.488510 0.288769 0.487224 0.287394 0.486120 0.287264 0.485346 0.288375 0.486297 0.289014 0.488852 0.290676 0.488797 0.291556 0.488203 0.292176 0.486214 0.290968
6 0.462669 0.340963 0.462763 0.337273 0.463185 0.335829 0.467224 0.335991 0.467344 0.338454 0.466776 0.338639 0.467089 0.340398 0.463906 0.340588
10 0.494141 0.281375 0.496474 0.279546 0.497036 0.279713 0.499341 0.281120 0.502029 0.282370 0.502682 0.283944 0.505391 0.284028 0.505810 0.287597 0.499930 0.288926 0.496008 0.288426 0.494698 0.287333 0.493724 0.285324 0.493617 0.282824
2 0.472372 0.342037 0.471409 0.341181 0.469964 0.340806 0.468880 0.341204 0.467448 0.341806 0.467089 0.340398 0.463906 0.340588 0.462669 0.340963 0.462339 0.342838 0.463393 0.344444 0.467370 0.344338 0.467612 0.345519 0.469630 0.347338 0.471771 0.347500 0.474115 0.346759
2 0.473750 0.342454 0.475747 0.342625 0.477526 0.342199 0.477526 0.343912 0.476833 0.345625 0.475260 0.346528
2 0.475182 0.322176 0.475609 0.320144 0.474078 0.320431 0.474997 0.319810 0.473521 0.318310 0.472919 0.318097 0.473190 0.316810 0.474878 0.316435 0.475781 0.317667 0.478643 0.318042 0.478945 0.320292 0.479885 0.320648 0.479604 0.322079 0.478677 0.322153 0.478393 0.323083 0.477682 0.322361
2 0.486031 0.313000 0.486992 0.314671 0.487458 0.316528 0.487487 0.320412 0.487305 0.322495 0.487021 0.324352 0.487383 0.324769 0.489073 0.324255 0.489909 0.324120 0.491052 0.323699 0.491000 0.322361 0.489987 0.321574 0.489880 0.318097 0.489049 0.316986 0.488344 0.315921 0.487646 0.313750 0.486549 0.311898 0.486315 0.311523 0.485974 0.312032
2 0.484302 0.346602 0.483065 0.344884 0.481589 0.343384 0.480445 0.341565 0.479992 0.341403 0.478969 0.342745 0.478997 0.343815 0.482370 0.347917 0.484784 0.350134 0.484495 0.348343
1 0.472812 0.326528 0.475870 0.329556 0.478346 0.331477 0.479984 0.333273 0.481273 0.334269 0.481672 0.335352 0.482474 0.336944 0.483193 0.337861 0.483505 0.337986 0.483750 0.339102 0.483505 0.342199 0.482807 0.343500 0.482320 0.343069 0.481518 0.341269 0.481414 0.339722 0.482391 0.339843 0.482495 0.338231 0.481620 0.337296 0.481120 0.335648 0.479427 0.334514 0.478068 0.333398 0.476115 0.331542 0.474721 0.330116 0.473187 0.328565 0.472318 0.328148 0.471719 0.327454 0.472031 0.326435
2 0.444083 0.371056 0.444190 0.369426 0.444299 0.364046 0.444435 0.362352 0.447701 0.361565 0.453672 0.360273 0.457867 0.359412 0.458276 0.359546 0.457857 0.361097 0.455242 0.364444 0.450745 0.369713 0.447398 0.372190 0.444039 0.373986 0.443958 0.372824 0.445164 0.371727 0.447971 0.370097 0.451482 0.367023 0.454560 0.364046 0.454451 0.363185 0.450940 0.365681 0.447865 0.368366 0.445271 0.370287
2 0.444555 0.360491 0.444622 0.359343 0.445029 0.357500 0.446284 0.354588 0.447469 0.353102 0.448479 0.351861 0.449247 0.351736 0.449768 0.352731 0.450641 0.352917 0.451721 0.354278 0.453185 0.356574 0.453750 0.358056 0.451250 0.358912 0.448146 0.359917
1 0.438125 0.405472 0.440784 0.404597 0.444724 0.403722 0.446849 0.402870 0.449497 0.402412 0.452008 0.401449 0.453880 0.401097 0.455750 0.400750 0.456591 0.400315 0.458266 0.400042 0.460034 0.399787 0.460328 0.400843 0.458411 0.402917 0.455555 0.403986 0.452422 0.404676 0.448120 0.405648 0.447214 0.405694 0.444922 0.406065 0.443802 0.406991 0.440833 0.407222 0.439013 0.407574
10 0.447708 0.425463 0.447021 0.422102 0.448672 0.420380 0.449867 0.423213 0.451576 0.427569 0.452146 0.430505 0.452831 0.431519 0.452500 0.433750 0.451406 0.432731
8 0.453984 0.408981 0.448833 0.406236 0.447214 0.405694 0.444922 0.406065 0.443802 0.406991 0.445339 0.409491 0.449219 0.411389 0.451599 0.412287
8 0.477310 0.419931 0.475865 0.418602 0.472122 0.417394 0.467909 0.415727 0.464714 0.414306 0.462161 0.418611 0.467867 0.420870 0.472122 0.422384 0.474138 0.423093
8 0.478669 0.420759 0.481690 0.421593 0.484414 0.422727 0.488201 0.424389 0.489563 0.424690 0.490711 0.428324 0.489891 0.428560 0.488229 0.428241 0.481862 0.426583 0.478883 0.425148 0.475862 0.424088 0.477172 0.422537
2 0.498203 0.411528 0.495701 0.414319 0.493576 0.416208 0.492076 0.417764 0.494326 0.420759 0.495513 0.423537 0.496638 0.424426 0.497763 0.423204 0.498698 0.424537 0.498760 0.426093 0.500010 0.424759 0.502573 0.421204 0.502885 0.419981 0.502760 0.415431 0.502760 0.412542 0.503760 0.409208 0.504073 0.405986 0.502635 0.404986 0.501260 0.406542 0.500260 0.408653
1 0.456224 0.432361 0.456148 0.430620 0.457357 0.429546 0.458406 0.429759 0.459333 0.430838 0.458891 0.431769 0.458044 0.431194
2 0.456719 0.434491 0.457117 0.435856 0.457437 0.435782 0.458406 0.437218 0.459044 0.437176 0.459617 0.436144 0.460021 0.435282 0.460344 0.435500 0.460667 0.434708 0.459536 0.433204
10 0.486018 0.455426 0.484766 0.454583 0.483799 0.452699 0.484109 0.452069 0.487995 0.449329 0.488888 0.449764 0.489549 0.451921 0.487984 0.454162 0.487320 0.455449
10 0.455107 0.438065 0.456794 0.437287 0.459044 0.437176 0.460979 0.436509 0.464167 0.435181 0.466667 0.434514 0.467417 0.439620 0.466542 0.440176 0.465156 0.440602 0.464115 0.441065 0.462479 0.441398 0.461792 0.439954 0.459729 0.440731 0.456794 0.441398
2 0.465917 0.458282 0.468727 0.458282 0.468557 0.455528 0.468102 0.450171 0.466229 0.444954 0.465167 0.442843 0.464115 0.441065 0.462479 0.441398 0.461792 0.439954 0.459729 0.440731 0.456794 0.441398
1 0.465156 0.440602 0.467542 0.445620 0.468602 0.449843 0.468102 0.450171 0.466229 0.444954 0.465167 0.442843 0.464115 0.441065
2 0.559870 0.611528 0.563799 0.614037 0.563193 0.617690 0.561792 0.621005 0.561044 0.621005 0.559737 0.619514 0.559831 0.615032
10 0.477089 0.478472 0.479794 0.470764 0.482221 0.465454 0.484042 0.461472 0.485721 0.458639 0.488008 0.454162 0.489549 0.451921 0.490529 0.454657 0.491797 0.456574 0.488102 0.463620 0.484042 0.472505 0.481336 0.478306 0.479141 0.482296
10 0.490883 0.481042 0.492474 0.476296 0.494151 0.473407 0.493779 0.472250 0.495599 0.468764 0.497279 0.464199 0.498492 0.461546 0.500125 0.458477 0.501992 0.455324 0.503112 0.454824 0.503206 0.453579 0.503812 0.453495 0.504839 0.455074 0.504513 0.456403 0.502086 0.462458 0.501292 0.465278 0.499099 0.469014 0.499378 0.470255 0.496672 0.475153 0.495971 0.475565 0.494057 0.478968 0.492049 0.483699 0.490698 0.482949
2 0.507617 0.443639 0.510240 0.442250 0.510099 0.440741 0.510180 0.439806 0.511148 0.439662 0.511896 0.439889 0.512047 0.438019 0.512529 0.437532 0.516354 0.437051 0.515544 0.437944 0.515583 0.439662 0.516917 0.442102 0.518247 0.442176 0.517763 0.443537 0.516352 0.444111 0.513810 0.444111 0.510461 0.443681
1 0.505784 0.438375 0.507073 0.438519 0.507234 0.439236 0.508284 0.438375 0.510906 0.438301 0.511148 0.439662 0.510180 0.439806 0.510099 0.440741 0.508073 0.440880 0.506750 0.440523
1 0.521695 0.422583 0.522164 0.418514 0.522536 0.415361 0.522857 0.413065 0.523060 0.409625 0.523664 0.409912 0.523260 0.412708 0.522904 0.414884 0.522591 0.418995 0.522279 0.422884 0.522292 0.422819 0.521768 0.425759 0.521245 0.427838 0.520841 0.431065 0.520034 0.432069 0.519549 0.433505 0.518380 0.433861 0.518461 0.432644 0.519953 0.428486 0.521003 0.424468
8 0.547604 0.399444 0.550948 0.399856 0.554094 0.399931 0.555172 0.400032 0.555927 0.399926 0.561461 0.400630 0.563234 0.400630 0.565674 0.400861 0.567076 0.401028 0.568602 0.402870 0.569693 0.403949 0.569773 0.404810 0.569411 0.407495 0.568615 0.409157 0.562174 0.408329 0.560703 0.408889 0.560396 0.409148 0.556995 0.408907 0.552474 0.408657 0.549294 0.408329 0.547518 0.405671 0.546763 0.404764
1 0.548388 0.397259 0.550062 0.393792 0.551016 0.391574 0.551589 0.390880 0.552839 0.388843 0.554974 0.385394 0.555849 0.386602 0.554375 0.389259 0.551693 0.393472 0.549643 0.397384 0.548568 0.398565
2 0.530286 0.445704 0.529661 0.446620 0.528151 0.449120 0.527375 0.448634 0.526253 0.446296 0.528464 0.442667 0.529141 0.443287 0.528755 0.443968 0.529727 0.444926
2 0.546763 0.404764 0.547805 0.407514 0.549484 0.411250 0.550185 0.413157 0.551164 0.412991 0.551724 0.413569 0.551630 0.415481 0.549997 0.414731 0.549438 0.414069 0.549250 0.416639 0.548596 0.418218 0.548109 0.419773 0.546716 0.419444 0.546247 0.416042 0.546435 0.409741
2 0.565865 0.532824 0.567646 0.531579 0.572669 0.526583 0.574505 0.528889 0.574609 0.530278 0.569211 0.535032 0.566674 0.535801 0.565810 0.534361
2 0.593599 0.459449 0.593411 0.462130 0.594156 0.462736 0.594958 0.462236 0.596422 0.462486 0.597328 0.462546 0.598758 0.462611 0.600779 0.462486 0.601547 0.461310 0.602766 0.461185 0.603568 0.460315 0.603359 0.458458 0.603010 0.457838 0.601023 0.458519 0.599003 0.459759 0.595935 0.459944 0.595411 0.459884 0.595307 0.458769 0.594401 0.457778
1 0.600948 0.484931 0.604956 0.481829 0.605409 0.482944 0.604167 0.484491 0.601719 0.486620 0.600878 0.486477 0.600703 0.485671
1 0.618177 0.518519 0.619339 0.518324 0.620188 0.519255 0.620349 0.522338 0.621438 0.524130 0.622727 0.524417 0.623695 0.524347 0.624341 0.523199 0.625107 0.522986 0.626237 0.523630 0.626760 0.524491 0.626237 0.525278 0.625591 0.524347 0.624745 0.524060 0.624060 0.525495 0.622526 0.525926 0.621154 0.525565 0.619865 0.523056 0.619784 0.521333 0.619823 0.520046 0.619339 0.519472 0.618250 0.519398
2 0.606823 0.514769 0.608250 0.516148 0.609141 0.514907 0.609370 0.509620 0.608724 0.507824 0.608875 0.505685 0.608276 0.503231 0.607492 0.502306 0.606927 0.502088 0.606966 0.505458 0.606078 0.506032 0.606685 0.512704
2 0.552734 0.607500 0.549656 0.605028 0.548971 0.606963 0.548406 0.609403 0.550021 0.612125 0.551352 0.609903
10 0.583727 0.603671 0.580297 0.603241 0.577190 0.601593 0.575294 0.599083 0.574852 0.595713 0.575052 0.590120 0.576667 0.585384 0.578281 0.582444 0.579854 0.581875 0.582638 0.581014 0.585945 0.581444 0.588565 0.582731 0.590422 0.584741 0.592117 0.587898 0.592964 0.592486 0.593690 0.595713 0.592964 0.599440 0.589297 0.600463 0.585823 0.602167
2 0.583484 0.608134 0.586133 0.614454 0.588854 0.620593 0.590182 0.624060 0.590526 0.625301 0.591885 0.626727 0.593107 0.625736 0.594737 0.625227 0.595094 0.623616 0.594818 0.620972 0.594557 0.615833 0.593698 0.608505 0.593289 0.604144 0.593263 0.603250 0.593263 0.601366 0.593341 0.599394 0.592964 0.599440 0.589297 0.600463 0.585823 0.602167 0.583727 0.603671 0.583849 0.606588
2 0.593357 0.630917 0.593586 0.629361 0.594193 0.629361 0.594737 0.625227 0.595094 0.623616 0.594818 0.620972 0.597578 0.621435 0.599104 0.622394 0.598953 0.623838 0.598443 0.625815 0.597682 0.632593 0.596849 0.636481 0.593333 0.634815
1 0.620086 0.536245 0.617786 0.538056 0.616284 0.539486 0.614617 0.539486 0.614018 0.540324 0.613732 0.541431 0.614305 0.542819 0.616206 0.542866 0.616492 0.542727 0.616388 0.541431 0.614852 0.541620 0.614669 0.540833 0.616102 0.540782 0.617615 0.539486 0.619557 0.537685 0.620167 0.536944
1 0.443776 0.413565 0.448052 0.415644 0.450885 0.416435 0.453417 0.419954 0.454771 0.422356 0.454974 0.425556 0.454870 0.429074 0.454922 0.430463 0.455141 0.431463 0.455167 0.431926 0.453682 0.432065 0.453760 0.430907 0.454151 0.430491 0.453995 0.425306 0.453474 0.422574 0.450948 0.418870 0.448682 0.417806 0.445661 0.416556 0.443474 0.415306 0.443370 0.413977
1 0.472357 0.414093 0.473529 0.412750 0.474622 0.411870 0.474844 0.412083 0.474961 0.412704 0.474297 0.413796 0.473815 0.414833 0.472318 0.415139
2 0.464714 0.414306 0.465547 0.412736 0.467271 0.411861 0.469141 0.411426 0.471602 0.412565 0.472474 0.412870 0.472318 0.415139 0.470182 0.415370 0.471164 0.416556 0.472122 0.417394 0.467909 0.415727
2 0.485859 0.415491 0.485016 0.415704 0.484714 0.416884 0.483992 0.417259 0.484112 0.418546 0.485617 0.419454 0.487125 0.421597 0.488089 0.422134 0.488359 0.421546 0.487576 0.419519
2 0.449940 0.414139 0.451599 0.412287 0.453984 0.408981 0.455159 0.407310 0.456833 0.406264 0.461068 0.405125 0.464169 0.403986 0.465990 0.403463 0.467763 0.403463 0.468896 0.402153 0.470326 0.401181 0.471065 0.402060 0.471898 0.403722 0.472490 0.407926 0.472982 0.411690 0.472865 0.412963 0.471602 0.412565 0.469141 0.411426 0.467271 0.411861 0.465547 0.412736 0.464714 0.414306 0.462161 0.418611 0.460724 0.420088 0.459393 0.423065 0.456982 0.425602 0.456490 0.425167 0.453437 0.418079 0.451615 0.415014 0.449990 0.414838
1 0.357891 0.210509 0.361380 0.212870 0.364427 0.215556 0.367146 0.217847 0.367734 0.217917 0.372214 0.222407 0.371810 0.223051 0.370094 0.222032 0.366406 0.219176 0.364271 0.217546 0.359698 0.213407 0.357286 0.211588
2 0.488724 0.280972 0.490352 0.280981 0.492966 0.281231 0.492375 0.282917 0.492375 0.285704 0.493021 0.286944 0.490539 0.286792 0.487924 0.286375 0.486313 0.285148
2 0.367734 0.217917 0.369641 0.214699 0.371695 0.216856 0.372674 0.217519 0.373234 0.221255 0.372682 0.221991 0.372214 0.222407
2 0.363302 0.223449 0.365010 0.221097 0.366406 0.219176 0.368638 0.221593 0.369630 0.222801 0.367734 0.223009 0.365169 0.223481
2 0.361036 0.226981 0.362005 0.226111 0.364453 0.225926 0.365057 0.225630 0.367240 0.225231 0.369948 0.224954 0.369630 0.222801 0.370589 0.223514 0.370625 0.225310 0.367836 0.228657 0.365745 0.229278 0.364872 0.230639 0.365047 0.234111 0.364594 0.235847 0.362607 0.236403 0.361526 0.235042 0.361099 0.234167 0.362161 0.233389 0.363411 0.230722
2 0.409417 0.203583 0.409328 0.206463 0.409885 0.207824 0.412602 0.207426 0.412602 0.203394 0.411792 0.202046 0.410440 0.202144
2 0.419193 0.283102 0.416823 0.287912 0.415492 0.291282 0.414523 0.293718 0.414766 0.294509 0.416057 0.296301 0.416581 0.296375 0.418115 0.294509 0.418693 0.288477
1 0.403456 0.306273 0.402568 0.302537 0.402242 0.299718 0.402760 0.299630 0.403362 0.302375 0.404161 0.305847
2 0.395464 0.286194 0.394667 0.287861 0.393659 0.287718 0.393094 0.288722 0.393174 0.290083 0.395781 0.291856
15 0.407422 0.333611 0.406953 0.331991 0.405521 0.328981 0.404271 0.326481 0.403698 0.325833 0.402943 0.325880 0.402422 0.325185 0.401536 0.325787 0.402786 0.328472 0.404089 0.331944 0.405182 0.333472 0.405807 0.334352
1 0.398802 0.269259 0.400018 0.265940 0.399776 0.265435 0.399292 0.265653 0.398607 0.263861 0.396268 0.260634 0.394646 0.258602 0.393776 0.257912 0.392354 0.256185 0.390500 0.255324 0.389531 0.254037 0.388523 0.253963 0.387596 0.251810 0.386628 0.250019 0.385578 0.249731 0.384813 0.250093 0.383724 0.249375 0.382794 0.249375 0.381948 0.249301 0.380536 0.251167 0.380365 0.254120 0.380456 0.259699 0.382068 0.264292 0.383805 0.267949 0.385013 0.272537 0.386143 0.275977 0.386305 0.273898 0.384974 0.269167 0.383724 0.265366 0.381786 0.260417 0.381221 0.258551 0.381141 0.256042 0.381625 0.251741 0.382513 0.250449 0.384206 0.251380 0.386263 0.252815 0.389208 0.256472 0.390055 0.257407 0.391469 0.257764 0.394292 0.260491 0.397076 0.264361 0.398326 0.267157
2 0.429396 0.242153 0.430365 0.241366 0.431372 0.241292 0.431818 0.240792 0.432341 0.241935 0.431172 0.244880 0.430323 0.245407
1 0.398635 0.281894 0.400797 0.281273 0.403237 0.281338 0.405294 0.281523 0.407734 0.283259 0.410107 0.284870 0.412406 0.286852 0.412023 0.287597 0.410839 0.287037 0.409656 0.285694 0.407961 0.284546 0.405622 0.282755 0.404615 0.282685 0.402437 0.282699 0.401380 0.283148 0.399576 0.283722 0.398643 0.283139
2 0.402112 0.285912 0.402516 0.284546 0.404615 0.282685 0.405622 0.282755 0.407961 0.284546 0.409656 0.285694 0.410383 0.289639 0.410865 0.291144 0.410365 0.292407 0.405130 0.288449
2 0.397292 0.293519 0.398135 0.294171 0.399951 0.293528 0.401281 0.293097 0.401310 0.292306 0.401956 0.292380 0.403461 0.292019 0.405839 0.290944 0.403591 0.289116 0.397523 0.284056 0.396724 0.285421 0.396927 0.288148
8 0.407969 0.302593 0.409378 0.302306 0.410385 0.300769 0.410859 0.299537 0.412130 0.295750 0.413391 0.292597 0.414557 0.290028 0.415398 0.287454 0.416198 0.285648 0.415352 0.284301 0.414557 0.285630 0.414138 0.287370 0.413250 0.287620 0.412682 0.288981 0.410833 0.293287 0.409297 0.297546 0.408333 0.300231
2 0.408438 0.303565 0.410737 0.303120 0.414609 0.303380 0.415052 0.303907 0.415133 0.307708 0.415375 0.310292 0.414690 0.311583 0.412107 0.313019 0.410599 0.309028
2 0.407591 0.304051 0.408672 0.307176 0.409607 0.310079 0.409122 0.311222 0.409526 0.311870 0.409406 0.312588 0.408518 0.312657 0.407672 0.315023 0.405938 0.313449 0.406339 0.312301 0.406138 0.311870 0.404081 0.313162 0.402831 0.310648 0.403031 0.306491 0.404161 0.305847 0.404203 0.303338 0.404646 0.302764 0.405331 0.303694 0.405372 0.305704 0.406180 0.305917 0.407026 0.304699
2 0.411615 0.315231 0.410766 0.315958 0.411703 0.320218 0.412771 0.322440 0.413474 0.324847 0.414125 0.327301 0.414464 0.327440 0.414789 0.323153 0.413802 0.320509 0.412057 0.316343
2 0.412719 0.314708 0.413578 0.314014 0.415245 0.312810 0.415781 0.316606 0.415362 0.321167 0.413854 0.317778
15 0.408411 0.334815 0.410049 0.338134 0.410763 0.339648 0.410680 0.340870 0.411695 0.343310 0.410352 0.344287 0.408648 0.341796 0.406615 0.336472
1 0.428854 0.279769 0.431555 0.279704 0.434237 0.279519 0.434237 0.281509 0.433508 0.281278 0.433263 0.281130 0.433091 0.281648 0.428664 0.281556
2 0.428904 0.274829 0.431005 0.273000 0.433573 0.271176 0.434086 0.272421 0.433984 0.273611 0.431612 0.275157 0.428904 0.277398
2 0.420755 0.272824 0.420125 0.274042 0.420141 0.276782 0.420583 0.277639 0.424734 0.275486 0.428893 0.272907 0.434549 0.269264 0.439753 0.266347 0.446117 0.262380 0.452990 0.257491 0.458049 0.253051 0.461674 0.249273 0.460674 0.247162 0.456362 0.250718 0.450115 0.255380 0.444930 0.259269 0.441323 0.261083 0.438565 0.263019 0.434716 0.264949 0.428411 0.268606
1 0.440755 0.278935 0.445964 0.278796 0.448404 0.278454 0.449841 0.278787 0.451214 0.280116 0.451214 0.282005 0.449216 0.281560 0.448255 0.280833 0.445716 0.280671 0.443716 0.280782 0.440677 0.281019
2 0.428844 0.294324 0.430245 0.296398 0.431318 0.297727 0.433185 0.295903 0.433745 0.293995 0.433932 0.288931 0.432951 0.288931 0.431411 0.288602 0.429703 0.292236
2 0.425703 0.303565 0.427828 0.302787 0.430453 0.303898 0.430891 0.304787 0.433013 0.304787 0.432763 0.315894 0.430141 0.315894 0.427266 0.314671 0.425953 0.313449 0.425078 0.311787
2 0.443461 0.318421 0.442294 0.315352 0.442578 0.314769 0.445888 0.314435 0.446922 0.319227
2 0.426492 0.328319 0.425935 0.325245 0.424372 0.326134 0.423685 0.327690 0.423685 0.329468 0.425935 0.331134 0.425622 0.332134 0.424497 0.332023 0.425185 0.334468 0.426810 0.334245 0.427247 0.333468
2 0.428747 0.321181 0.429435 0.319625 0.431057 0.317741 0.432182 0.316963 0.432995 0.317083 0.432807 0.322958 0.432807 0.326069 0.431620 0.329736 0.430372 0.331736 0.429602 0.327292
2 0.421000 0.352616 0.422438 0.349838 0.424185 0.347287 0.425677 0.344306 0.428122 0.340176 0.428589 0.342713 0.428247 0.345398 0.427685 0.346398 0.427935 0.347949 0.426747 0.348171 0.424935 0.351616 0.423935 0.351171 0.423747 0.352171 0.424185 0.352949 0.421875 0.357171 0.420687 0.359282 0.420250 0.357727
1 0.422417 0.361792 0.419982 0.358569 0.419232 0.357014 0.417232 0.357236 0.417232 0.358347 0.419544 0.361347 0.420232 0.362347 0.421385 0.361815
1 0.412359 0.355236 0.413047 0.353130 0.414294 0.347685 0.415107 0.346796 0.415169 0.348574 0.414792 0.354120 0.413419 0.357458
10 0.462370 0.261296 0.464542 0.263028 0.464576 0.264394 0.463180 0.267986 0.462206 0.270218 0.460112 0.274125 0.458893 0.272884 0.457742 0.276231 0.456411 0.274991 0.457185 0.272944 0.457742 0.271583 0.456521 0.270593 0.456557 0.269662 0.458823 0.265940 0.459172 0.266625 0.460427 0.265199 0.460391 0.264454
10 0.448013 0.274074 0.448620 0.276403 0.449786 0.277981 0.451932 0.279306 0.453612 0.278810 0.455339 0.277306 0.455852 0.276310 0.453964 0.274676 0.451964 0.273454 0.449904 0.273676
10 0.447786 0.272593 0.447826 0.270347 0.448711 0.267940 0.449646 0.266356 0.450859 0.265037 0.451651 0.265940 0.453052 0.265370 0.454779 0.267111 0.456039 0.269426 0.456411 0.272329 0.456411 0.274991 0.455151 0.273898 0.451964 0.271898 0.448779 0.272343
2 0.441586 0.284574 0.442578 0.282824 0.443266 0.281505 0.444385 0.281338 0.445133 0.282583 0.444432 0.284574 0.443266 0.286981 0.442240 0.286815
1 0.473818 0.280917 0.474805 0.281551 0.475354 0.281551 0.475849 0.280528 0.476701 0.279065 0.476997 0.279773 0.476620 0.280625 0.476289 0.281894 0.475547 0.282546 0.474583 0.282500 0.473734 0.281944 0.473432 0.280917
2 0.319367 0.146023 0.317206 0.148468 0.316221 0.150389 0.315828 0.151264 0.319956 0.157551 0.324492 0.152903 0.328669 0.148403 0.328893 0.143231 0.327719 0.142528 0.325458 0.143051 0.324714 0.143472 0.323776 0.143194
10 0.380971 0.266977 0.380417 0.270977 0.380799 0.276634 0.383870 0.277023 0.384089 0.272634 0.384255 0.269616 0.383805 0.267949
2 0.576003 0.624593 0.576172 0.632898 0.578211 0.632597 0.577786 0.624292
2 0.560289 0.626856 0.563943 0.626102 0.563773 0.628671 0.559951 0.628370
8 0.360297 0.134796 0.359867 0.154907 0.361521 0.154153 0.362315 0.136972 0.362388 0.135690 0.362245 0.134153 0.361523 0.134028 0.360732 0.134028
2 0.357992 0.146454 0.356190 0.147606 0.355182 0.148500 0.354245 0.150167 0.353669 0.151833 0.353164 0.153755 0.353164 0.154394 0.355677 0.157639 0.359867 0.154907 0.360010 0.147477
2 0.361883 0.147222 0.362893 0.147222 0.364477 0.147861 0.365125 0.149269 0.361521 0.154153
15 0.378958 0.273292 0.383628 0.283667 0.387630 0.293301 0.387464 0.294782 0.386464 0.295671 0.384794 0.294782 0.381242 0.284491 0.380435 0.282986 0.377612 0.277245 0.374870 0.271653 0.371482 0.265991 0.369120 0.262917 0.368953 0.261583 0.368953 0.260694 0.369789 0.260250 0.370206 0.259806 0.370622 0.258176 0.371802 0.258755 0.375708 0.265880
1 0.439391 0.326486 0.444414 0.333269 0.448742 0.339718 0.449531 0.340875 0.447763 0.340213 0.443763 0.334671 0.440135 0.329296 0.439250 0.328306 0.439336 0.327370
6 0.439250 0.328306 0.439070 0.334301 0.445862 0.347037 0.448047 0.344389 0.449490 0.342903 0.447672 0.342287 0.445859 0.341759 0.445990 0.339676 0.447763 0.340213 0.443763 0.334671 0.440135 0.329296
6 0.439391 0.326486 0.439398 0.325394 0.439487 0.324542 0.441443 0.324708 0.442372 0.325782 0.442977 0.327106 0.444234 0.329505 0.444958 0.331037 0.445406 0.332005 0.446641 0.334074 0.449862 0.339431 0.449956 0.340171 0.449531 0.340875 0.448742 0.339718 0.444414 0.333269
8 0.443958 0.384861 0.448638 0.382088 0.454930 0.378431 0.460687 0.374764 0.460909 0.371449 0.461346 0.369204 0.461951 0.367546 0.462388 0.368426 0.461674 0.371546 0.461510 0.373301 0.461401 0.374662 0.462992 0.374176 0.462917 0.369681 0.462432 0.367245 0.461464 0.363944 0.458398 0.364949 0.456625 0.365736 0.453396 0.367676 0.450745 0.369713 0.447398 0.372190 0.444039 0.373986
2 0.500891 0.466037 0.503362 0.464644 0.504930 0.463519 0.505773 0.461699 0.507401 0.460787 0.509026 0.458486 0.509750 0.457787 0.509401 0.456759 0.509932 0.456449 0.510714 0.457625 0.511107 0.458861 0.511107 0.460199 0.510203 0.460787 0.510203 0.459500 0.508273 0.461162 0.508034 0.462181 0.506406 0.465074 0.503242 0.466949 0.500591 0.468931 0.499898 0.469625 0.499203 0.469356 0.499099 0.469014
1 0.593404 0.685713 0.596935 0.688588 0.598424 0.689569 0.599766 0.690602 0.601870 0.690630 0.603656 0.690704 0.604125 0.692144 0.604763 0.692519 0.605956 0.694713 0.608294 0.696454 0.608130 0.697935 0.607401 0.697935 0.605367 0.696171 0.603857 0.694231 0.603729 0.692704 0.603232 0.692241 0.600836 0.692431 0.599352 0.692287 0.598701 0.691731 0.596828 0.690532 0.594198 0.688861 0.592766 0.686917
1 0.464927 0.376352 0.463607 0.376870 0.462505 0.376870 0.461844 0.375569 0.461401 0.374662 0.461510 0.373301 0.461674 0.371546 0.462388 0.368426 0.461951 0.367546 0.461346 0.369204 0.460909 0.371449 0.460687 0.374764 0.461185 0.376611 0.461552 0.377523 0.462578 0.378699 0.463753 0.378958 0.465221 0.378176 0.465810 0.377523
2 0.547057 0.432810 0.554102 0.439917 0.557716 0.442847 0.560445 0.445782 0.560398 0.446944 0.556576 0.446458 0.550992 0.441269 0.548708 0.438676 0.547440 0.437097 0.546677 0.435292 0.545917 0.434389
10 0.549549 0.465417 0.550214 0.464741 0.550401 0.463731 0.549740 0.462634 0.548839 0.462296 0.547273 0.462296 0.546659 0.462806 0.545995 0.463648 0.545758 0.464741 0.545758 0.466005 0.546089 0.467606 0.546990 0.468449 0.547844 0.468699 0.548602 0.468366 0.548979 0.467352 0.549076 0.466343 0.548411 0.465667 0.547654 0.465667 0.547320 0.465500 0.547273 0.464741 0.547510 0.464236 0.548031 0.463981 0.549266 0.464574
8 0.569576 0.499792 0.570669 0.497245 0.573198 0.495764 0.578477 0.494574 0.581302 0.493769 0.584333 0.493153 0.586078 0.493153 0.588938 0.493338 0.588938 0.494824 0.583148 0.495444 0.579664 0.495815 0.574792 0.497222 0.572029 0.499102 0.571086 0.499657 0.570568 0.500690 0.570648 0.503384 0.571427 0.506444 0.575440 0.514745 0.575974 0.517657 0.577039 0.518093 0.581625 0.526032 0.581586 0.527051 0.580930 0.527412 0.580521 0.527412 0.579906 0.526611 0.575195 0.519042 0.574581 0.516565 0.573924 0.514597 0.571510 0.510523 0.569953 0.506227 0.569461 0.503602 0.569380 0.501639
1 0.464414 0.435074 0.465560 0.428454 0.466784 0.424009 0.467878 0.421694 0.469336 0.421324 0.470638 0.421278 0.472201 0.422111 0.474935 0.426139 0.471029 0.423639 0.469336 0.423176 0.468138 0.424056 0.467409 0.426833 0.466393 0.431694 0.466003 0.434704
8 0.466336 0.159699 0.458182 0.154796 0.451971 0.151917 0.447706 0.149523 0.446518 0.147222 0.447057 0.145194 0.448083 0.143764 0.448893 0.143273 0.452727 0.145292 0.465417 0.152685
1 0.434018 0.099019 0.425279 0.072074 0.413240 0.033847 0.402667 0.000000 0.403693 0.000000 0.419404 0.049602 0.435052 0.099343
8 0.427836 0.076398 0.433122 0.043806 0.434659 0.044819 0.429086 0.080236
8 0.427328 0.078412 0.424904 0.095736 0.426831 0.095181 0.428549 0.082171
17 0.431839 0.092361 0.430354 0.094630 0.429469 0.097361 0.429000 0.100231 0.428922 0.104074 0.429052 0.107505 0.429755 0.112454 0.430250 0.115278 0.430641 0.116995 0.431526 0.118981 0.431969 0.119444 0.433294 0.098875 0.434018 0.099019
14 0.364581 0.220421 0.361456 0.207134 0.360492 0.196394 0.361534 0.191579 0.363951 0.186824 0.364190 0.181681 0.365776 0.181194 0.372026 0.178898 0.373411 0.182454 0.375674 0.183477 0.377185 0.184634 0.378591 0.186856 0.377081 0.187134 0.377315 0.189634 0.379503 0.189403 0.385961 0.217690 0.387083 0.220556 0.381953 0.222222 0.373229 0.221991 0.373411 0.226528 0.371406 0.223843 0.369635 0.221713 0.367266 0.219074 0.366562 0.220370 0.365521 0.223565
5 0.419615 0.177269 0.418573 0.177269 0.418260 0.176296 0.414354 0.176713 0.413052 0.177222 0.410786 0.176528 0.408391 0.174444 0.407271 0.172361 0.406620 0.169630 0.406620 0.165417 0.408182 0.160833 0.409146 0.158519 0.412349 0.154491 0.415057 0.151898 0.417036 0.151296 0.419354 0.151019 0.421906 0.151065 0.423599 0.151713 0.429849 0.162083 0.426932 0.166019 0.423807 0.169861 0.421854 0.173333 0.420396 0.176898
4 0.424904 0.095736 0.419867 0.099921 0.416320 0.105148 0.414081 0.111125 0.413380 0.114856 0.412961 0.117514 0.413055 0.120167 0.413521 0.124231 0.414828 0.127301 0.416648 0.129625 0.418888 0.131037 0.421081 0.131866 0.423555 0.132528 0.426495 0.138421 0.431349 0.148375 0.436622 0.160991 0.438776 0.166759 0.439505 0.163333 0.442266 0.150926 0.431693 0.140046 0.431404 0.137468 0.431888 0.120764 0.431969 0.119444 0.431526 0.118981 0.430641 0.116995 0.430250 0.115278 0.429755 0.112454 0.429052 0.107505 0.428922 0.104074 0.429000 0.100231 0.429469 0.097361 0.430354 0.094630 0.426831 0.095181
6 0.396745 0.147185 0.412552 0.133852 0.416797 0.140426 0.418880 0.144176 0.400729 0.160926 0.402130 0.154806 0.401094 0.154259 0.399813 0.160361 0.397677 0.154111
6 0.397188 0.150009 0.395521 0.148157 0.395651 0.142509 0.405911 0.131815 0.410807 0.135333 0.396745 0.147185
1 0.395560 0.128505 0.400326 0.126884 0.403216 0.127208 0.407409 0.130773 0.411654 0.134616 0.410807 0.135333 0.406966 0.131884 0.403294 0.128366 0.401133 0.128042 0.399414 0.128366 0.397643 0.129153 0.395560 0.129755
5 0.412552 0.133852 0.402266 0.116310 0.402615 0.113148 0.404461 0.109366 0.405646 0.108125 0.407633 0.107880 0.409307 0.107940 0.410875 0.107880 0.412201 0.106949 0.413073 0.105523 0.414083 0.102361 0.415060 0.099574 0.415758 0.097963 0.416490 0.096412 0.417221 0.095731 0.418685 0.095792 0.419802 0.096292 0.420497 0.096722 0.421510 0.098583 0.419867 0.099921 0.416320 0.105148 0.414081 0.111125 0.413380 0.114856 0.412961 0.117514 0.413055 0.120167 0.413521 0.124231 0.414828 0.127301 0.416648 0.129625 0.418888 0.131037 0.421081 0.131866 0.423555 0.132528 0.426495 0.138421 0.431349 0.148375 0.436622 0.160991 0.437266 0.162546 0.438802 0.166806 0.436849 0.173241 0.429849 0.162083 0.423599 0.151713 0.418880 0.144176 0.416797 0.140426
2 0.414401 0.101620 0.412076 0.079741 0.414831 0.080051 0.417305 0.080361 0.420128 0.080361 0.421836 0.079926 0.423615 0.079185 0.424732 0.078625 0.425951 0.078565 0.427172 0.079431 0.424904 0.095736 0.421510 0.098583 0.420497 0.096722 0.419802 0.096292 0.418685 0.095792 0.417221 0.095731 0.416490 0.096412 0.415758 0.097963 0.415060 0.099574
14 0.417305 0.080361 0.390062 0.070708 0.386229 0.069491 0.385099 0.068560 0.384172 0.066625 0.383768 0.064329 0.383365 0.054000 0.384576 0.043819 0.386510 0.037653 0.388167 0.034282 0.389094 0.034208 0.416443 0.044106 0.425279 0.072074 0.427328 0.078412 0.427172 0.079431 0.425951 0.078565 0.424732 0.078625 0.423615 0.079185 0.421836 0.079926 0.420128 0.080361
14 0.417651 0.044102 0.432294 0.048926 0.427836 0.076398
14 0.433349 0.053477 0.433651 0.058032 0.433651 0.063495 0.433620 0.067889 0.433018 0.070565 0.429794 0.075764
10 0.420271 0.044907 0.421115 0.030389 0.423164 0.032000 0.422591 0.045713
2 0.377672 0.126222 0.373471 0.117843 0.371513 0.115935 0.369552 0.112866 0.366984 0.106894 0.366237 0.103986 0.364885 0.100833 0.363766 0.098593 0.362643 0.094694 0.361852 0.092204 0.359703 0.086148 0.358398 0.081338 0.360172 0.079759 0.363344 0.077685 0.371745 0.055616 0.383740 0.063912 0.384172 0.066625 0.385099 0.068560 0.386229 0.069491 0.390062 0.070708 0.417305 0.080361 0.414831 0.080051 0.412076 0.079741 0.414401 0.101620 0.414083 0.102361 0.413073 0.105523 0.412201 0.106949 0.410875 0.107880 0.409307 0.107940 0.407633 0.107880 0.405646 0.108125 0.402615 0.113148 0.401443 0.113046 0.398922 0.110972 0.397521 0.109810 0.395187 0.110560 0.392995 0.112801 0.390242 0.115287 0.388469 0.118773 0.388094 0.120269
1 0.390242 0.115287 0.398177 0.113769 0.401443 0.113046 0.402615 0.113148 0.402529 0.114509 0.396018 0.115713 0.389378 0.117009
10 0.388094 0.120269 0.387526 0.124537 0.387526 0.128009 0.387526 0.129491 0.395560 0.129755 0.395560 0.128505 0.402109 0.122037 0.404479 0.119954 0.402266 0.116310 0.402529 0.114509 0.396018 0.115713 0.389378 0.117009 0.388469 0.118773
10 0.390242 0.115287 0.392995 0.112801 0.395187 0.110560 0.397521 0.109810 0.398922 0.110972 0.401443 0.113046 0.398177 0.113769
2 0.397487 0.127801 0.404727 0.121736 0.412552 0.133852 0.404479 0.119954 0.402109 0.122037 0.395560 0.128505
2 0.391003 0.131505 0.382070 0.142847 0.381341 0.143958 0.381289 0.145579 0.382253 0.146597 0.383112 0.146690 0.390716 0.136412 0.395091 0.131644
1 0.378060 0.128218 0.380742 0.129051 0.387526 0.129491 0.395560 0.129755 0.404380 0.129505 0.406966 0.131884 0.405911 0.131815 0.395091 0.131644 0.391003 0.131505 0.386711 0.131870 0.382987 0.131731 0.381138 0.131407 0.379706 0.130898 0.378664 0.130574 0.377883 0.129972
1 0.349206 0.206255 0.360534 0.196903 0.360716 0.198755 0.350586 0.207690
2 0.356833 0.212412 0.361391 0.206069 0.361456 0.207134 0.361651 0.207921 0.362305 0.210745 0.358945 0.214912 0.357404 0.212912
2 0.380781 0.194907 0.387880 0.189074 0.389703 0.191481 0.381667 0.199074
1 0.388633 0.197972 0.385195 0.203944 0.385560 0.205148 0.385951 0.205565 0.389414 0.199824
10 0.389424 0.160597 0.387003 0.158231 0.385995 0.156083 0.385229 0.155579 0.384706 0.154648 0.384706 0.152426 0.385229 0.150991 0.386318 0.150704 0.387406 0.148769 0.388617 0.146972 0.391359 0.146185 0.392852 0.146185 0.395521 0.148157 0.397188 0.150009 0.397682 0.154130 0.397208 0.157657 0.395878 0.159167 0.394266 0.160384 0.392490 0.161102 0.391602 0.161245 0.390956 0.163398 0.390232 0.163468 0.389667 0.162537
2 0.335430 0.178296 0.348336 0.175606 0.348227 0.207190
2 0.348331 0.194315 0.363956 0.186856 0.361534 0.191579 0.360492 0.196394 0.360534 0.196903 0.349206 0.206255 0.350586 0.207690 0.360716 0.198755 0.361391 0.206069 0.356833 0.212412 0.355172 0.210991 0.351896 0.209750 0.349385 0.209750 0.348227 0.207190
2 0.362305 0.210745 0.364581 0.220421 0.363714 0.219917 0.360297 0.216444 0.358945 0.214912
2 0.348237 0.187106 0.351128 0.185486 0.352977 0.188819 0.348263 0.193218
2 0.335971 0.172569 0.364148 0.167014 0.364669 0.168125 0.367612 0.164931 0.373393 0.163773 0.377065 0.170440 0.377651 0.171241 0.378250 0.170639 0.379057 0.166750 0.379734 0.162306 0.378536 0.159991 0.383198 0.152722 0.384706 0.154648 0.385229 0.155579 0.385995 0.156083 0.387003 0.158231 0.389424 0.160597 0.389667 0.162537 0.388536 0.165361 0.386766 0.168046 0.386560 0.170824 0.386089 0.172676 0.382182 0.176426 0.377104 0.177815 0.376740 0.173370 0.373302 0.173556 0.373484 0.178278 0.365776 0.181194 0.359422 0.183185 0.351128 0.185486 0.348237 0.187106 0.348336 0.175606 0.335430 0.178296
2 0.364148 0.167014 0.363281 0.163472 0.364766 0.161111 0.370130 0.156574 0.372083 0.160880 0.367612 0.164931 0.364669 0.168125
2 0.370130 0.156574 0.369948 0.155556 0.370000 0.153843 0.369427 0.152083 0.367891 0.147546 0.367240 0.145278 0.367604 0.141898 0.370078 0.138056 0.372604 0.134167 0.373698 0.133148 0.378021 0.135417 0.375599 0.137407 0.371250 0.142824 0.370755 0.144259 0.373620 0.150926 0.374479 0.153843 0.378536 0.159991 0.379734 0.162306 0.379057 0.166750 0.378250 0.170639 0.377651 0.171241 0.377065 0.170440 0.373393 0.163773 0.372083 0.160880
14 0.320477 0.140227 0.350953 0.133426 0.353615 0.136079 0.355526 0.139398 0.356786 0.141060 0.358141 0.142384 0.358141 0.144463 0.358047 0.145620 0.358375 0.147861 0.359026 0.146699 0.360240 0.145208 0.361453 0.144542 0.363508 0.145042 0.365841 0.148278 0.365982 0.158153 0.357161 0.161222 0.355620 0.168523 0.335971 0.172569 0.335784 0.169435 0.332471 0.169931
2 0.332471 0.169931 0.335430 0.178296 0.335971 0.172569 0.335784 0.169435
1 0.319875 0.138949 0.322526 0.126843 0.325057 0.119556 0.326323 0.116824 0.327167 0.115273 0.332404 0.108630 0.339305 0.100597 0.343281 0.096894 0.348711 0.092940 0.353591 0.090102 0.354164 0.089833 0.353893 0.091440 0.348919 0.094278 0.343589 0.098296 0.339792 0.101616 0.332953 0.109921 0.327620 0.116454 0.325958 0.119565 0.325268 0.122134 0.323250 0.127597 0.320477 0.140227
1 0.355846 0.089037 0.359854 0.086463 0.360245 0.087481 0.356448 0.090213
2 0.354164 0.089833 0.354375 0.089259 0.355026 0.088981 0.355846 0.089037 0.356448 0.090213 0.357214 0.091898 0.357187 0.093194 0.356979 0.095000 0.357604 0.095926 0.358438 0.096157 0.358411 0.098380 0.358255 0.100278 0.353464 0.107870 0.340625 0.125509 0.336797 0.131389 0.334297 0.134722 0.332135 0.135833 0.331224 0.134352 0.328281 0.136528 0.324010 0.139398 0.320477 0.140227 0.322318 0.131713 0.324375 0.130278 0.330339 0.123935 0.336797 0.118194 0.340417 0.115417 0.341536 0.114907 0.344818 0.110648 0.346771 0.108333 0.349531 0.102593 0.352865 0.096574 0.353893 0.091440
2 0.317448 0.133750 0.321388 0.131954 0.319875 0.138949
2 0.373698 0.133148 0.365451 0.128454 0.359557 0.124611 0.353492 0.121079 0.350216 0.119468 0.349763 0.118417 0.350112 0.116370 0.351193 0.113954 0.352586 0.112778 0.355620 0.114014 0.363602 0.119347 0.373818 0.127032 0.377883 0.129972 0.378664 0.130574 0.386961 0.136574 0.384695 0.139611 0.377896 0.135458
6 0.353760 0.107273 0.354255 0.108477 0.370349 0.114264 0.369552 0.112866 0.366984 0.106894 0.366651 0.105560 0.357198 0.101856
14 0.346044 0.134597 0.346135 0.129991 0.346888 0.124796 0.347672 0.122227 0.348755 0.119866 0.349763 0.118417 0.350216 0.119468 0.353492 0.121079 0.359557 0.124611 0.365451 0.128454 0.373698 0.133148 0.372604 0.134167 0.370078 0.138056 0.367604 0.141898 0.367240 0.145278 0.367891 0.147546 0.369427 0.152083 0.370000 0.153843 0.369948 0.155556 0.370130 0.156574 0.365948 0.154056 0.365841 0.148278 0.363508 0.145042 0.361453 0.144542 0.360240 0.145208 0.359026 0.146699 0.358375 0.147861 0.358047 0.145620 0.358141 0.144463 0.358141 0.142384 0.356786 0.141060 0.355526 0.139398 0.353615 0.136079 0.350953 0.133426
14 0.385716 0.143083 0.387406 0.148769 0.386318 0.150704 0.385229 0.150991 0.384706 0.152426 0.384706 0.154648 0.383198 0.152722 0.378536 0.159991 0.374479 0.153843 0.373620 0.150926 0.370755 0.144259 0.371250 0.142824 0.375599 0.137407 0.378021 0.135417 0.384695 0.139611 0.382070 0.142847 0.381341 0.143958 0.381289 0.145579 0.382253 0.146597 0.383112 0.146690
10 0.385716 0.143083 0.390716 0.136412 0.395091 0.131644 0.405911 0.131815 0.395651 0.142509 0.395521 0.148157 0.392852 0.146185 0.391359 0.146185 0.388617 0.146972 0.387406 0.148769
10 0.411654 0.134616 0.407409 0.130773 0.403216 0.127208 0.400326 0.126884 0.397487 0.127801 0.404727 0.121736 0.412552 0.133852
10 0.395560 0.129755 0.397643 0.129153 0.399414 0.128366 0.401133 0.128042 0.403294 0.128366 0.404380 0.129505
10 0.387638 0.131750 0.387690 0.135731 0.391003 0.131505
2 0.373464 0.182454 0.373484 0.178278 0.373302 0.173556 0.376740 0.173370 0.377104 0.177815 0.377224 0.181583 0.375073 0.183269
2 0.428549 0.082171 0.431839 0.092361 0.430354 0.094630 0.426831 0.095181
1 0.378591 0.186856 0.389914 0.184356 0.400852 0.182616 0.413055 0.180449 0.421875 0.179889 0.419922 0.182370 0.409604 0.183731 0.399919 0.185481 0.379503 0.189403 0.377315 0.189634 0.377081 0.187134
1 0.396341 0.168292 0.389477 0.176037 0.381013 0.186315 0.383802 0.185713 0.393922 0.173269 0.397943 0.168981 0.398802 0.165787 0.396333 0.168287
1 0.405784 0.158032 0.416484 0.146435 0.418880 0.144176 0.419583 0.145185 0.405208 0.160833
1 0.375049 0.183236 0.382891 0.177130 0.392318 0.168519 0.399479 0.161759 0.398906 0.164074 0.383406 0.178394 0.376378 0.183995
2 0.395495 0.186296 0.384909 0.188343 0.387880 0.189074 0.389703 0.191481 0.385872 0.195056 0.386654 0.201259 0.388633 0.197972 0.389414 0.199824 0.386940 0.203806 0.387122 0.209639 0.387456 0.210843 0.390755 0.210880 0.392995 0.211481 0.395417 0.209444 0.396432 0.208333 0.398307 0.205324 0.407268 0.190551 0.409112 0.192162 0.409742 0.193218 0.413086 0.190301 0.409635 0.183796 0.399919 0.185481
