0 0.371185 0.134819 0.367922 0.115523 0.366635 0.106574 0.364174 0.105319 0.361130 0.104704 0.357852 0.103227 0.355734 0.103227 0.355279 0.103449 0.322935 0.113435 0.319531 0.117810 0.312974 0.127403 0.307109 0.141153 0.304896 0.150102 0.307234 0.161981 0.302260 0.170991 0.294669 0.184681 0.289604 0.194750 0.287062 0.206458 0.286560 0.216528 0.289305 0.232310 0.291406 0.242574 0.294906 0.252556 0.297008 0.256125 0.299893 0.259556 0.301651 0.260644 0.304880 0.262509 0.306638 0.262343 0.307690 0.261255 0.310669 0.252694 0.304458 0.243213 0.304096 0.240870 0.306638 0.223306 0.309086 0.211144 0.310307 0.207884 0.322385 0.194495 0.322482 0.192324 0.325367 0.188444 0.327297 0.185630 0.328346 0.186273 0.328865 0.188278 0.328958 0.193718 0.329052 0.196671 0.329742 0.197315 0.330622 0.196227 0.332456 0.194051 0.333242 0.193579 0.335344 0.195894 0.335344 0.198236 0.332112 0.204315 0.331672 0.207574 0.330292 0.219792 0.328880 0.240148 0.319060 0.250213 0.319359 0.261926 0.321695 0.272718 0.327562 0.292713 0.332315 0.300630 0.340724 0.302250 0.344471 0.302250 0.346401 0.301162 0.350857 0.296671 0.353789 0.291986 0.356016 0.286407 0.356927 0.280833 0.358354 0.269847 0.358557 0.261926 0.358448 0.258329 0.349633 0.243745 0.348724 0.240676 0.350651 0.213852 0.351766 0.203060 0.352581 0.200718 0.355310 0.199991 0.358448 0.198375 0.361177 0.196227 0.363107 0.194579 0.364518 0.194778 0.366354 0.199097 0.368581 0.205931 0.374039 0.222856 0.374448 0.229157 0.374557 0.234931 0.369898 0.253644 0.368174 0.257968 0.367466 0.261032 0.369380 0.263375 0.371310 0.263907 0.376880 0.266611 0.380331 0.266778 0.382854 0.266611 0.385992 0.266417 0.387813 0.263736 0.389648 0.259583 0.392987 0.254898 0.395310 0.251495 0.397443 0.248431 0.397945 0.242657 0.397758 0.235491 0.397052 0.226731 0.392250 0.208190 0.386401 0.187778 0.380299 0.180917 0.378667 0.179245 0.376078 0.176537 0.374448 0.174449 0.375357 0.165912 0.375357 0.162287 0.377115 0.162037 0.378885 0.160366 0.380109 0.162287 0.380911 0.165412 0.382417 0.166139 0.383357 0.164685 0.391497 0.168565 0.394604 0.170741 0.397318 0.175787 0.402479 0.211704 0.404909 0.210727 0.407482 0.205681 0.409930 0.199880 0.411969 0.190981 0.412503 0.185657 0.412503 0.180833 0.412094 0.170486 0.410070 0.163014 0.409112 0.158440 0.407891 0.151190 0.406273 0.144444 0.404094 0.141569 0.394839 0.132366 0.388172 0.124949 0.382195 0.131000 0.378573 0.131616 0.374698 0.134542
10 0.427370 0.310833 0.428544 0.315194 0.429247 0.318944 0.429599 0.324986 0.428427 0.327903 0.425849 0.329153 0.424211 0.329569 0.422102 0.331028 0.422570 0.334153 0.421281 0.334986 0.419758 0.331861 0.418703 0.332903 0.418117 0.333528 0.416008 0.332903 0.410852 0.333736 0.407456 0.334361 0.403471 0.334361 0.401362 0.335611 0.399956 0.336444 0.399253 0.335611 0.397612 0.335611 0.396440 0.336444 0.395620 0.337486 0.393628 0.337069 0.392924 0.334986 0.389763 0.334778 0.387419 0.332069 0.385544 0.332069 0.384841 0.340398 0.380937 0.334954 0.377396 0.335231 0.376641 0.333273 0.368565 0.334588 0.368565 0.336671 0.359076 0.338963 0.358607 0.336046 0.353685 0.335213 0.352161 0.334588 0.349935 0.333546 0.348997 0.328130 0.350755 0.326463 0.352982 0.326671 0.355560 0.327088 0.365870 0.323130 0.388953 0.317509 0.390242 0.317718 0.392469 0.318759 0.401372 0.319384 0.409576 0.319176 0.420589 0.319384 0.422229 0.318551
1 0.453458 0.247810 0.456258 0.248477 0.457120 0.249111 0.456633 0.250134 0.453458 0.249056
2 0.447568 0.216231 0.442992 0.209838 0.440638 0.211000 0.445828 0.217384 0.445930 0.219005 0.447307 0.218324
1 0.453615 0.244787 0.453560 0.246296 0.457120 0.249111 0.457911 0.247903
10 0.639260 0.595593 0.638451 0.596676 0.636221 0.599736 0.635008 0.601894 0.633388 0.603875 0.632273 0.602074 0.629539 0.606218 0.627211 0.608194 0.622753 0.595954 0.635310 0.582630 0.654247 0.561389 0.659818 0.555449 0.660628 0.554005 0.661711 0.551944 0.661844 0.552745 0.661971 0.552991 0.662823 0.553458 0.664195 0.552991 0.665503 0.551829 0.666615 0.550898 0.667398 0.549852 0.668380 0.548926 0.668771 0.547995 0.669490 0.547528 0.670276 0.547880 0.670406 0.549273 0.670406 0.550319 0.670995 0.550782 0.672039 0.550551 0.673216 0.550667 0.673740 0.551134 0.673805 0.552644 0.673609 0.553574 0.673937 0.555667 0.674068 0.557875 0.674401 0.560847 0.674096 0.565889 0.672477 0.578130 0.670755 0.577231 0.668932 0.577231 0.667008 0.568051 0.664781 0.567870 0.661034 0.568949 0.653135 0.577593
10 0.639292 0.410917 0.638672 0.416708 0.639195 0.422778 0.639810 0.426042 0.647685 0.434912 0.648737 0.437403 0.653112 0.444250 0.656875 0.449227 0.661253 0.454051 0.663703 0.456542 0.664578 0.459185 0.667378 0.459653 0.670180 0.462921 0.671755 0.463699 0.673680 0.463699 0.677969 0.463699 0.679458 0.463856 0.681557 0.464167 0.682607 0.446116 0.681646 0.444870 0.680156 0.442227 0.679633 0.441602 0.678669 0.442847 0.678320 0.445181 0.678057 0.446894 0.674732 0.447981 0.672893 0.447981 0.671143 0.446426 0.669216 0.445338 0.665891 0.443782 0.662302 0.438338 0.652237 0.426042 0.652763 0.424486 0.652849 0.422000 0.653813 0.420907 0.654687 0.418731 0.652326 0.411264 0.651711 0.409708 0.650833 0.409861 0.649174 0.410949 0.648211 0.411574 0.647247 0.412662 0.646635 0.415463 0.644797 0.412042 0.643411 0.411667 0.641997 0.411574 0.640596 0.410019
10 0.498003 0.289903 0.495234 0.286389 0.492859 0.289500 0.492635 0.291111 0.492294 0.292917 0.492240 0.294523 0.493539 0.300250 0.495234 0.303565 0.504331 0.316222 0.516570 0.333380 0.528911 0.351120 0.535917 0.352829 0.537930 0.353602 0.538456 0.355472 0.537578 0.357338 0.537578 0.362782 0.540201 0.366681 0.542828 0.367306 0.544055 0.366519 0.545016 0.364190 0.545365 0.359681 0.544664 0.358273 0.543258 0.356181 0.541820 0.354431 0.542198 0.352144 0.540232 0.350532 0.540232 0.349319 0.540286 0.347454 0.539557 0.344583 0.534711 0.342731 0.529339 0.337352 0.528659 0.336681 0.515104 0.319861 0.513333 0.322801 0.512021 0.322801 0.510885 0.322181 0.509833 0.320463 0.509219 0.318903 0.508432 0.317972 0.507992 0.316412 0.507992 0.315329 0.505195 0.310819 0.502893 0.306759 0.498810 0.301245 0.498659 0.299630 0.499036 0.297611 0.499867 0.296806 0.500701 0.296000 0.500701 0.294384 0.500094 0.293176 0.498128 0.292370
10 0.643411 0.411667 0.644922 0.404056 0.646359 0.397898 0.646620 0.396384 0.647536 0.394991 0.650544 0.405569 0.651711 0.409708 0.652326 0.411264 0.654687 0.418731 0.655448 0.416259 0.656102 0.417074 0.655904 0.422537 0.660352 0.435671 0.662302 0.438338 0.665891 0.443782 0.669216 0.445338 0.671143 0.446426 0.672904 0.447991 0.672448 0.443981 0.671398 0.443806 0.670878 0.442528 0.670745 0.441250 0.669831 0.439972 0.669307 0.438810 0.668523 0.436949 0.672641 0.432069 0.671987 0.431255 0.668130 0.435440 0.661461 0.414167 0.660742 0.411958 0.662966 0.410912 0.662573 0.409519 0.661854 0.408704 0.660154 0.409634 0.653682 0.390806 0.652112 0.388366 0.650021 0.385810 0.647536 0.384296 0.646555 0.383949 0.645445 0.383134 0.644333 0.383366 0.643745 0.384412 0.643221 0.385694 0.643091 0.386856 0.644135 0.388366 0.643940 0.389528 0.643221 0.391968 0.642633 0.393944 0.642109 0.395338 0.641456 0.396153 0.641130 0.396153 0.639036 0.394528 0.638188 0.394292 0.637992 0.395338 0.639625 0.401500 0.640542 0.404171 0.640932 0.404755 0.641651 0.405917 0.642044 0.407662
10 0.480687 0.311995 0.481049 0.309551 0.482711 0.308398 0.484737 0.308398 0.487555 0.309426 0.491315 0.311097 0.495435 0.314824 0.501219 0.322278 0.507146 0.332042 0.514302 0.348106 0.517266 0.355560 0.517846 0.358005 0.517773 0.362375 0.517339 0.365713 0.516398 0.366356 0.513724 0.364944 0.511701 0.362889 0.510036 0.361218 0.508521 0.358519 0.507940 0.353764 0.507219 0.350935 0.501292 0.336796 0.496013 0.326644 0.490880 0.320477 0.486760 0.316491
2 0.531359 0.440204 0.531685 0.443343 0.531880 0.445435 0.531750 0.447528 0.531424 0.449153 0.531294 0.450782 0.530771 0.455199 0.533057 0.456245 0.532732 0.460310 0.530313 0.459032 0.529919 0.460894 0.530508 0.461940 0.530836 0.466356 0.533711 0.468565 0.534953 0.469144 0.537242 0.471120 0.537766 0.470074 0.538026 0.467403 0.538484 0.465889 0.540250 0.461940 0.541362 0.460194 0.542081 0.459032 0.542146 0.456824 0.541622 0.455662 0.541362 0.454384 0.540773 0.454037 0.539466 0.454731 0.538354 0.453917 0.537112 0.453917 0.536000 0.453569 0.535346 0.452407 0.535411 0.450667 0.536195 0.447060 0.536784 0.444620 0.536000 0.441833 0.534562 0.442065 0.532992 0.441713 0.531359 0.437532
1 0.529331 0.440204 0.530771 0.455199 0.529919 0.454731 0.528482 0.443343 0.528482 0.440787 0.527958 0.434856 0.528875 0.434741
2 0.531070 0.430778 0.531464 0.429153 0.531685 0.425208 0.531685 0.425208 0.532273 0.425560 0.533581 0.428579 0.533844 0.430208 0.533909 0.431139 0.535935 0.441366 0.536000 0.441833 0.534562 0.442065 0.532992 0.441713 0.531359 0.437532
2 0.526953 0.430194 0.528417 0.430440 0.531070 0.430778 0.531359 0.440204 0.529331 0.440204 0.528875 0.434741 0.527958 0.434856 0.528482 0.440787 0.528482 0.443343 0.527763 0.443343 0.526625 0.442866 0.525448 0.442634 0.524664 0.441356 0.524010 0.439495 0.524141 0.436125 0.523552 0.434148 0.522505 0.433449 0.521263 0.434032 0.520674 0.435310 0.519956 0.436009 0.519852 0.433810 0.520245 0.433116 0.522206 0.431718 0.526755 0.431940
1 0.502107 0.443097 0.505180 0.446005 0.504331 0.447630 0.501453 0.444843
2 0.495242 0.425662 0.494523 0.416829 0.497008 0.419153 0.497271 0.423454 0.499492 0.418806 0.500865 0.415667 0.502107 0.415551 0.503284 0.415204 0.504201 0.416134 0.505115 0.417181 0.505180 0.421597 0.504201 0.422523 0.503872 0.423921 0.504005 0.425778 0.504201 0.426944
2 0.506815 0.412644 0.507010 0.411833 0.507927 0.411602 0.508646 0.411833 0.509234 0.413111 0.509365 0.415435 0.513354 0.416019 0.513484 0.417296 0.513484 0.419505 0.513680 0.422407 0.511654 0.421713 0.511458 0.422407 0.511458 0.423454 0.514398 0.424852 0.514464 0.425778 0.513281 0.426944 0.513878 0.428222 0.504201 0.426944 0.504005 0.425778 0.503872 0.423921 0.504201 0.422523 0.505180 0.421597 0.505115 0.417181 0.504201 0.416134 0.503284 0.415204 0.503219 0.414157 0.503742 0.413926 0.504984 0.414019 0.505471 0.412454
2 0.507888 0.433694 0.508607 0.432417 0.508477 0.429394 0.499911 0.428000 0.499846 0.429625 0.499716 0.432880 0.506971 0.437880 0.507823 0.436718
2 0.515130 0.430185 0.515732 0.433926 0.515185 0.436241 0.514792 0.434963 0.514073 0.434963 0.513419 0.435657 0.513221 0.436472 0.511286 0.436949 0.509849 0.434042 0.508607 0.432417 0.508477 0.429394
9 0.482177 0.388847 0.482828 0.387949 0.484201 0.386792 0.486370 0.386278 0.487526 0.386662 0.488828 0.387819 0.489695 0.389106 0.490057 0.390648 0.490273 0.392060 0.490273 0.392319 0.482971 0.390648
1 0.518125 0.429032 0.526953 0.430194 0.526755 0.431940 0.518518 0.430778
1 0.513878 0.428222 0.496029 0.425662 0.496029 0.427639 0.515052 0.430315
2 0.513281 0.426944 0.518911 0.438102 0.516034 0.441120 0.516909 0.446597 0.521721 0.449722 0.521656 0.448097 0.522768 0.445653 0.524010 0.446935 0.525906 0.447861 0.526953 0.448097 0.527867 0.447745 0.528326 0.447167 0.528391 0.445889 0.526625 0.442866 0.525448 0.442634 0.524664 0.441356 0.524010 0.439495 0.524141 0.436125 0.523552 0.434148 0.522505 0.433449 0.521263 0.434032 0.520674 0.435310 0.519956 0.436009 0.516099 0.429032 0.514464 0.425778
2 0.512307 0.458440 0.510437 0.447176 0.509299 0.446120 0.505573 0.443565 0.505313 0.445074 0.505180 0.446005 0.504070 0.448097 0.503089 0.449838
2 0.489883 0.420551 0.490823 0.419745 0.491411 0.419167 0.491935 0.419167 0.498604 0.446130 0.484784 0.433685 0.484914 0.427523 0.485568 0.425778 0.485893 0.423806
2 0.682443 0.549657 0.678240 0.561065 0.677227 0.564125 0.676518 0.569523 0.672477 0.578130 0.674096 0.565889 0.674401 0.560847 0.674068 0.557875 0.674786 0.557991 0.675898 0.556014 0.681174 0.542880 0.681708 0.541148 0.684346 0.534810 0.686445 0.527171 0.688643 0.517708 0.689719 0.502949 0.690305 0.501037 0.690987 0.499565 0.691818 0.499477 0.692599 0.500431 0.692648 0.503384 0.692258 0.515449 0.690745 0.524565 0.687815 0.535505
10 0.623305 0.522352 0.624820 0.525477 0.621937 0.528778 0.623208 0.533292 0.632047 0.524088 0.633711 0.516912 0.632219 0.516019 0.631172 0.513463 0.629995 0.509394 0.629669 0.508583 0.621302 0.518708 0.621888 0.519921 0.625680 0.515556 0.626661 0.516718
10 0.630529 0.507204 0.635070 0.501995 0.635997 0.501125 0.636927 0.503556 0.636125 0.507333 0.634115 0.513810 0.632349 0.512417
9 0.655495 0.574907 0.658195 0.588065 0.658781 0.587028 0.659729 0.589102 0.659255 0.591505 0.659911 0.592995 0.661333 0.589949 0.660130 0.585731
2 0.659456 0.594662 0.659911 0.592995 0.661333 0.589949 0.661438 0.588755 0.661844 0.588394 0.663260 0.585333 0.664982 0.581370 0.666299 0.578852 0.667513 0.577593 0.668932 0.577231 0.670755 0.577231 0.671841 0.577796 0.659977 0.598690 0.649849 0.617968 0.649849 0.617968
9 0.626010 0.587741 0.626771 0.588287 0.625318 0.593190 0.622753 0.595954 0.621641 0.592713 0.621633 0.592606
9 0.621510 0.531065 0.618250 0.537583 0.615810 0.539750 0.612732 0.537236 0.612831 0.536019 0.613122 0.535671 0.614198 0.535583 0.615565 0.534801 0.616591 0.534023 0.620352 0.528032
2 0.621510 0.531065 0.622784 0.536995 0.623492 0.547074 0.623646 0.553935 0.622862 0.552435 0.621591 0.549569 0.619589 0.544449 0.617880 0.541843 0.615810 0.539750 0.618250 0.537583
8 0.638997 0.482310 0.639143 0.491167 0.638802 0.494986 0.637971 0.499241 0.636125 0.507333 0.634115 0.513810 0.636404 0.514278 0.638216 0.507213 0.640224 0.498898 0.640766 0.497097 0.640115 0.482458
2 0.481898 0.404509 0.483794 0.404509 0.486607 0.410671 0.485823 0.412528 0.486016 0.413472 0.483992 0.418227 0.481964 0.418343 0.477911 0.418343 0.476539 0.413227 0.476833 0.412194 0.479120 0.409870 0.481214 0.406148
2 0.477034 0.402583 0.479773 0.399176 0.483198 0.399778 0.482708 0.402963 0.481214 0.406148 0.479120 0.409870 0.476833 0.412194 0.476701 0.416611 0.474216 0.417190 0.472974 0.416843 0.470622 0.412773 0.467091 0.405454 0.468464 0.403940 0.472190 0.404287
2 0.460443 0.394505 0.459964 0.395106 0.459443 0.397315 0.460227 0.399060 0.459443 0.401616 0.459443 0.401616 0.458854 0.403824 0.461615 0.409690 0.464263 0.414532 0.476833 0.426491 0.476375 0.423815 0.475198 0.420912 0.470622 0.412773 0.467091 0.405454 0.466878 0.404060 0.466242 0.402412 0.465372 0.400907 0.464352 0.399866 0.463766 0.398306 0.463495 0.396852 0.462711 0.396153 0.461685 0.395431
2 0.602260 0.422931 0.603750 0.420444 0.604187 0.417019 0.604659 0.413630 0.605112 0.409866 0.605190 0.406907 0.604615 0.404565 0.604690 0.403222 0.605521 0.403222 0.605794 0.405157 0.606247 0.408250 0.607307 0.410806 0.606724 0.414218 0.606224 0.417167 0.605997 0.423352 0.605242 0.424968 0.603352 0.426981 0.602594 0.427657 0.603201 0.434514 0.603047 0.437472 0.603201 0.438954 0.603805 0.440431 0.604031 0.441912 0.592370 0.442227 0.585633 0.442847 0.580818 0.443782 0.581604 0.441917 0.582568 0.441292 0.587206 0.434912 0.591057 0.429468 0.592021 0.428690 0.597096 0.427444 0.599547 0.426977 0.601211 0.426667 0.602086 0.425111
2 0.471974 0.373403 0.472674 0.373407 0.473724 0.379940 0.476701 0.379319 0.479849 0.389431 0.475823 0.389741 0.475823 0.390986 0.468745 0.388111
2 0.431357 0.314907 0.432922 0.316306 0.432922 0.314690 0.433073 0.313079 0.433602 0.312542 0.436857 0.314556 0.435378 0.326616
6 0.509693 0.437056 0.513221 0.436472 0.513419 0.435657 0.514073 0.434963 0.514792 0.434963 0.515185 0.436241 0.517471 0.450884 0.519432 0.464718 0.512307 0.458440 0.510437 0.447176 0.510109 0.441949
8 0.522523 0.417398 0.531685 0.425208 0.539401 0.431023 0.539857 0.430324 0.539596 0.426491 0.533943 0.421009 0.527266 0.414986 0.523492 0.411718 0.522039 0.415333
8 0.533909 0.431139 0.538031 0.431963 0.537995 0.432741 0.537156 0.433454 0.534346 0.433454
8 0.549846 0.438736 0.552872 0.438736 0.553117 0.439778 0.553997 0.439602 0.554388 0.438648 0.556927 0.439431 0.558685 0.440907 0.559320 0.441690 0.559612 0.443426 0.559221 0.445509 0.558586 0.445769 0.556633 0.444468 0.554779 0.442644 0.552971 0.441690 0.550964 0.441250 0.549992 0.440819
8 0.536099 0.423037 0.540674 0.414319 0.539302 0.412810 0.535784 0.418083 0.533943 0.421009
8 0.641104 0.474676 0.641174 0.479875 0.639357 0.479833 0.639273 0.476421
8 0.590589 0.406634 0.588169 0.410329 0.585719 0.407995 0.584143 0.403639 0.585672 0.398167 0.587411 0.399509
8 0.681646 0.444870 0.684781 0.444292 0.686815 0.443185 0.689810 0.440574 0.689979 0.438264 0.690828 0.437060 0.695969 0.429727 0.695688 0.427116 0.687268 0.434847 0.683029 0.438264 0.674609 0.442787 0.672422 0.443935 0.672904 0.447991 0.674732 0.447981 0.678057 0.446894 0.678320 0.445181 0.678669 0.442847 0.679633 0.441602 0.680156 0.442227
2 0.424211 0.329569 0.429107 0.333042 0.429367 0.330602 0.429497 0.328625 0.430086 0.326648 0.430740 0.325718 0.431591 0.325602 0.433094 0.326301 0.434596 0.330435 0.434161 0.333588 0.432495 0.333389 0.432203 0.333736 0.432055 0.334514 0.432104 0.336167 0.432154 0.337556 0.432740 0.337727 0.431354 0.345546 0.423854 0.342685 0.423146 0.341426 0.421281 0.334986 0.422570 0.334153 0.422102 0.331028
2 0.442102 0.340199 0.442073 0.339144 0.445437 0.339898 0.447391 0.346843 0.448758 0.349537 0.450174 0.350579 0.452323 0.358046 0.451729 0.361361
2 0.423854 0.342685 0.431354 0.345546 0.429711 0.353181 0.430005 0.354222 0.430591 0.354486 0.431469 0.354486 0.431901 0.351204 0.434701 0.352171 0.436797 0.351991 0.439039 0.355991 0.440396 0.356597 0.441130 0.357602 0.441638 0.359611 0.442484 0.361218 0.442938 0.362625 0.442880 0.366139 0.442091 0.370861 0.441411 0.373972 0.434586 0.363778 0.433576 0.363931 0.427094 0.349167
8 0.635547 0.485000 0.635349 0.484139 0.637164 0.483060 0.637732 0.482810 0.639190 0.490269 0.639143 0.491167 0.638802 0.494986 0.638279 0.497662
2 0.417479 0.371069 0.419872 0.372370 0.423534 0.375671 0.425878 0.378361 0.426659 0.380009 0.427198 0.381662 0.427049 0.382440 0.426060 0.381315 0.424471 0.379028 0.421674 0.376875 0.420237 0.375667 0.418875 0.376472 0.417081 0.374083
1 0.401948 0.342245 0.402583 0.343546 0.403266 0.343894 0.403461 0.343111 0.403461 0.342069 0.400240 0.336167 0.399956 0.336444 0.399253 0.335611 0.397612 0.335611 0.396440 0.336444 0.395620 0.337486 0.393628 0.337069 0.396089 0.339032 0.398432 0.337032 0.399115 0.337120 0.401021 0.340245
1 0.477143 0.400995 0.471086 0.401343 0.469073 0.401630 0.466242 0.402412 0.466878 0.404060 0.477034 0.402583
1 0.477094 0.399606 0.463766 0.398306 0.464352 0.399866 0.465372 0.400907 0.471086 0.401343 0.477143 0.400995
10 0.420190 0.352204 0.423448 0.363208 0.426891 0.373829 0.429727 0.381931 0.434385 0.393273 0.437424 0.395074 0.438536 0.393815 0.439146 0.390935 0.438943 0.389315 0.438133 0.386611 0.439146 0.385894 0.439044 0.383194 0.437828 0.374912 0.436005 0.368972 0.433576 0.363931 0.427094 0.349167 0.423854 0.342685 0.423146 0.341426 0.421281 0.334986 0.419758 0.331861 0.418703 0.332903 0.418117 0.333528 0.417727 0.338843 0.420708 0.341838 0.421745 0.344370 0.421484 0.348056
1 0.472982 0.329694 0.474789 0.333713 0.476258 0.336125 0.479766 0.345278 0.480497 0.343856 0.477164 0.335421 0.475417 0.332500 0.473773 0.328792
2 0.498188 0.342440 0.498188 0.343949 0.500122 0.350366 0.500346 0.351574 0.501534 0.352375 0.501872 0.352977 0.502268 0.352977 0.502380 0.352579 0.504154 0.350935 0.502313 0.344750
2 0.503161 0.345454 0.495534 0.340935 0.495365 0.338222 0.495930 0.336917 0.496888 0.336917 0.503047 0.340833 0.504518 0.344551 0.503953 0.345755
2 0.483768 0.334356 0.484242 0.334093 0.489443 0.340019 0.493568 0.344542 0.499161 0.349565 0.500122 0.350366 0.500346 0.351574 0.501534 0.352375 0.501872 0.352977 0.502268 0.352977 0.502380 0.352579 0.503865 0.353764 0.501768 0.360315 0.498370 0.356194 0.493906 0.351773 0.491758 0.351171 0.490628 0.350667 0.489555 0.349662 0.489612 0.349162 0.489781 0.348259 0.489216 0.346347 0.486729 0.344440 0.483508 0.340120 0.482716 0.338815 0.483117 0.337440
9 0.494417 0.310236 0.494169 0.312301 0.493732 0.313079 0.491315 0.311097 0.487555 0.309426 0.487341 0.307792 0.488042 0.306231
2 0.505156 0.328843 0.506388 0.325713 0.512339 0.327583 0.516570 0.333380 0.517417 0.334426 0.514703 0.334116 0.507146 0.332042
2 0.548591 0.361208 0.548885 0.362565 0.551911 0.369829 0.553047 0.371037 0.556979 0.372384 0.571049 0.376148 0.572638 0.376148 0.572714 0.374134 0.566065 0.372236 0.562057 0.371162 0.555247 0.369278 0.551016 0.361481 0.549727 0.361745
2 0.549346 0.357444 0.551315 0.357579 0.553055 0.358787 0.553961 0.359597 0.559711 0.358921 0.565081 0.358653 0.566898 0.357981 0.568031 0.357579 0.568333 0.358787 0.567578 0.360806 0.568258 0.361074 0.568107 0.362690 0.567654 0.364167 0.566974 0.364569 0.565990 0.364569 0.565536 0.364569 0.565156 0.366319 0.565763 0.368069 0.566367 0.370620 0.566065 0.372236 0.562057 0.371162 0.555247 0.369278 0.551016 0.361481 0.549727 0.361745 0.548591 0.361208 0.548365 0.360134 0.548440 0.358921
2 0.543258 0.356181 0.543688 0.355792 0.547812 0.353884 0.551484 0.351273 0.556344 0.347454 0.558888 0.345949 0.559453 0.349060 0.552503 0.354384 0.550354 0.355792 0.544664 0.358273
1 0.549919 0.332028 0.547240 0.333773 0.546258 0.333542 0.545799 0.332028 0.545867 0.331102 0.546331 0.329204 0.546984 0.326880 0.548031 0.326417 0.550448 0.326301 0.550312 0.327611 0.548284 0.327847 0.547500 0.328079 0.546651 0.332495 0.547958 0.331681 0.549461 0.330519
9 0.544273 0.299190 0.548083 0.308394 0.549451 0.307352 0.545641 0.297278
2 0.539628 0.284824 0.538680 0.282597 0.537701 0.280852 0.536589 0.282713 0.536130 0.284921 0.535607 0.286315 0.534169 0.287014 0.534521 0.290829 0.534141 0.293454 0.534182 0.294954 0.530891 0.295556 0.529331 0.296431 0.532404 0.298523 0.534432 0.300264 0.535195 0.299227 0.536557 0.298019 0.537388 0.296806 0.537615 0.293847 0.537766 0.291963 0.538372 0.291292 0.539430 0.291426 0.539120 0.290454 0.539120 0.289551 0.539375 0.288653 0.539839 0.287528 0.539458 0.287000
9 0.546331 0.288875 0.545622 0.287676 0.543932 0.286625 0.542708 0.286477 0.541737 0.286926 0.541232 0.286176 0.539628 0.284824 0.539458 0.287000 0.539839 0.287528 0.539375 0.288653 0.539120 0.289551 0.539120 0.290454 0.539430 0.291426 0.539961 0.294250 0.540490 0.296134 0.542003 0.296940 0.543063 0.298153 0.543977 0.297477 0.544958 0.296315 0.545781 0.295046 0.546526 0.293176 0.546396 0.290852 0.546068 0.289222
2 0.538599 0.277843 0.547964 0.283759 0.549992 0.287014 0.549664 0.289454 0.545938 0.286898 0.539792 0.282829 0.538680 0.282597 0.537701 0.280852 0.536589 0.282713 0.536130 0.284921 0.535607 0.286315 0.534169 0.287014 0.532927 0.287944 0.531294 0.289222 0.525802 0.291199 0.523513 0.291315 0.523185 0.293639 0.522010 0.293176 0.520768 0.293407 0.518938 0.295731 0.517628 0.298171 0.516974 0.300264 0.515073 0.300708 0.515677 0.299630 0.517570 0.294519 0.518401 0.293310 0.520216 0.291963 0.520292 0.290486 0.523906 0.288060 0.530638 0.285852 0.532018 0.284032 0.538068 0.277708
2 0.442992 0.209838 0.447984 0.212926 0.448263 0.211069 0.454302 0.211380 0.456766 0.211620 0.457474 0.209282 0.459602 0.208741 0.465047 0.206977 0.464766 0.206042 0.463651 0.204602 0.462336 0.203699 0.461221 0.203343 0.448057 0.207843
1 0.426281 0.201074 0.410526 0.197472 0.409930 0.199880 0.409930 0.199880 0.421727 0.202440
2 0.348674 0.239319 0.351435 0.240954 0.351435 0.243630 0.354698 0.245713 0.355034 0.246644 0.355737 0.249769 0.357609 0.250810 0.359016 0.251435 0.360656 0.251644 0.360305 0.259560 0.358898 0.267472 0.358385 0.267222 0.358557 0.261926 0.358448 0.258329 0.349633 0.243745 0.348724 0.240676
2 0.328880 0.240148 0.323414 0.241699 0.316060 0.246519 0.311898 0.250130 0.310669 0.252676 0.307690 0.261255 0.306638 0.262343 0.304880 0.262509 0.301651 0.260644 0.299893 0.259556 0.295474 0.260764 0.293635 0.261106 0.292185 0.260593 0.291120 0.258356 0.287828 0.249755 0.286958 0.250269 0.287055 0.253880 0.288216 0.256977 0.288797 0.259560 0.289185 0.262486 0.290250 0.264204 0.293250 0.266787 0.295281 0.269023 0.298185 0.269366 0.299151 0.269366 0.300313 0.266611 0.302250 0.266611 0.303312 0.267130 0.304445 0.270125 0.311026 0.267838 0.313958 0.260245 0.319060 0.250213 0.319089 0.250097
2 0.534432 0.300264 0.535195 0.299227 0.536557 0.298019 0.537388 0.296806 0.537615 0.293847 0.537766 0.291963 0.538372 0.291292 0.539430 0.291426 0.539961 0.294250 0.540490 0.296134 0.542003 0.296940 0.543063 0.298153 0.541776 0.302722 0.542531 0.302856 0.543440 0.299495 0.544271 0.300435 0.544583 0.301944 0.543667 0.307833
10 0.358490 0.267315 0.360529 0.268264 0.362638 0.269306 0.365917 0.271389 0.366034 0.274722 0.366503 0.278472 0.366854 0.281597 0.366620 0.284097 0.366268 0.286806 0.366151 0.289514 0.366151 0.293676 0.368143 0.299718 0.371307 0.302843 0.374237 0.303259 0.376698 0.304509 0.377284 0.305968 0.377518 0.309718 0.377049 0.313051 0.375878 0.315968 0.373768 0.316801 0.371659 0.317843 0.370839 0.319093 0.369198 0.319718 0.366854 0.318468 0.364745 0.314718 0.361583 0.309718 0.359005 0.303884 0.359122 0.301801 0.358185 0.299093 0.353789 0.291986 0.356016 0.286407 0.356927 0.280833 0.358354 0.269847
2 0.328880 0.240148 0.327263 0.238935 0.324216 0.234144 0.321169 0.230185 0.319180 0.226231 0.318945 0.232477 0.318008 0.235810 0.316484 0.239144 0.314141 0.241435 0.312148 0.241644 0.309570 0.242060 0.307344 0.243102 0.304458 0.243213 0.304096 0.240870 0.306638 0.223306 0.309086 0.211144 0.310307 0.207884 0.322385 0.194495 0.322482 0.192324 0.325367 0.188444 0.327297 0.185630 0.328346 0.186273 0.328865 0.188278 0.328958 0.193718 0.329052 0.196671 0.329742 0.197315 0.330622 0.196227 0.332456 0.194051 0.333242 0.193579 0.335344 0.195894 0.335344 0.198236 0.332112 0.204315 0.331672 0.207574 0.330292 0.219792
1 0.551234 0.378120 0.559549 0.380144 0.559844 0.378981 0.551432 0.376444
8 0.530911 0.375694 0.532266 0.376759 0.526263 0.395921 0.525302 0.394986
1 0.517422 0.390463 0.518388 0.389231 0.530115 0.398875 0.529240 0.400120 0.519174 0.391565 0.520576 0.398255 0.518737 0.395921
1 0.493443 0.374134 0.496857 0.392185 0.497818 0.391875 0.494669 0.373981
1 0.478125 0.377713 0.489839 0.371241 0.491341 0.371648 0.478740 0.379116
1 0.475016 0.349375 0.472247 0.350176 0.470099 0.349986 0.467896 0.348569 0.468292 0.350579 0.470044 0.351380 0.471625 0.351685 0.473039 0.351685 0.474339 0.351181
1 0.475862 0.350579 0.479083 0.348569 0.483323 0.343347 0.483943 0.342139 0.483508 0.340120 0.480497 0.343856 0.479479 0.345370 0.476599 0.347667
9 0.472508 0.336426 0.471716 0.338134 0.473469 0.339537 0.475672 0.339236 0.477083 0.338134 0.476258 0.336125 0.476258 0.336125 0.474880 0.336625
1 0.477763 0.319750 0.476914 0.320250 0.478044 0.328588 0.478779 0.328389
10 0.466104 0.348579 0.463297 0.357181 0.461992 0.360588 0.461010 0.359657 0.460297 0.363375 0.458070 0.367676 0.457547 0.366606 0.456385 0.366093 0.457008 0.357685 0.457461 0.351634 0.458747 0.348676 0.460940 0.343699 0.460865 0.342759 0.460094 0.342792 0.460422 0.339389 0.460422 0.339389 0.460219 0.335792 0.460422 0.333449 0.461536 0.331829 0.462245 0.331829 0.462750 0.334352 0.462646 0.344431 0.463365 0.343852 0.465000 0.344778
10 0.452763 0.387366 0.452461 0.390324 0.452461 0.392477 0.449966 0.393417 0.447771 0.400005 0.446141 0.402773 0.441885 0.405361 0.440495 0.405556 0.438862 0.402574 0.436839 0.401019 0.431805 0.399296 0.428224 0.397921 0.423385 0.390181 0.414870 0.376241 0.416563 0.376389 0.417081 0.374083 0.418875 0.376472 0.420237 0.375667 0.421674 0.376875 0.424471 0.379028 0.426060 0.381315 0.428331 0.383736 0.430826 0.386292 0.431734 0.386829 0.434385 0.393273 0.437424 0.395074 0.438536 0.393815 0.439146 0.390935 0.438943 0.389315 0.438133 0.386611 0.439146 0.385894 0.440109 0.386773 0.442529 0.390944 0.444799 0.384755 0.444419 0.383815 0.444419 0.382741 0.444799 0.382333 0.445857 0.382333 0.446159 0.381662 0.450193 0.373380 0.450797 0.372440 0.450948 0.367060 0.451471 0.362458 0.452604 0.355870 0.453060 0.354120 0.453513 0.354255 0.453815 0.354255 0.454193 0.351833 0.454875 0.349282 0.455026 0.347935 0.457159 0.342222 0.460094 0.342792 0.460865 0.342759 0.460940 0.343699 0.458747 0.348676 0.457461 0.351634 0.457008 0.357685 0.456385 0.366093 0.454451 0.365060 0.454451 0.367639 0.453581 0.377963 0.454297 0.378056
10 0.392982 0.348519 0.390651 0.348519 0.388578 0.347829 0.386245 0.345065 0.385208 0.343222 0.384841 0.340398 0.385544 0.332069 0.387419 0.332069 0.389763 0.334778 0.392924 0.334986 0.393628 0.337069 0.401273 0.342759 0.405680 0.346676 0.407492 0.345292 0.407362 0.343222 0.409047 0.337463 0.410214 0.336542 0.413971 0.337921 0.417727 0.338843 0.420708 0.341838 0.421745 0.344370 0.421484 0.348056 0.420190 0.352204 0.418893 0.355889 0.417081 0.363718 0.417599 0.367176 0.417599 0.370398 0.417081 0.374083 0.416563 0.376389 0.414870 0.376241 0.411674 0.374352 0.407805 0.369875 0.406740 0.366093 0.403352 0.360588 0.401029 0.359037 0.398128 0.356801 0.396286 0.354565
2 0.436846 0.405361 0.439758 0.410139 0.442781 0.413125 0.446701 0.414120 0.450956 0.414120 0.453643 0.412926 0.454763 0.410935 0.454091 0.408546 0.452747 0.407153 0.451180 0.405958 0.449500 0.405560 0.446813 0.403569 0.446141 0.402773 0.441885 0.405361 0.440495 0.405556 0.437612 0.405491
9 0.460297 0.363375 0.461362 0.364407 0.462716 0.364921 0.463974 0.366815 0.465039 0.368880 0.464943 0.371458 0.464747 0.373694 0.463586 0.374213 0.462424 0.374042 0.462232 0.367847 0.458070 0.367676
2 0.463297 0.357181 0.466393 0.373870 0.467844 0.380750 0.471135 0.368537 0.466104 0.348579
2 0.518539 0.380750 0.509141 0.370472 0.505021 0.367000 0.503792 0.365843 0.503576 0.364046 0.503937 0.361088 0.505021 0.355819 0.506901 0.350292 0.507219 0.350935 0.507940 0.353764 0.508521 0.358519 0.510036 0.361218 0.511701 0.362889 0.513724 0.364944 0.516398 0.366356 0.514534 0.366472 0.514102 0.366856 0.513378 0.368144 0.513740 0.369431 0.515474 0.374440 0.519378 0.378810
2 0.517846 0.358005 0.524583 0.358634 0.524221 0.360560 0.522776 0.364417 0.520607 0.371356 0.520029 0.373671 0.519740 0.376241 0.518654 0.375083 0.515836 0.371741 0.513740 0.369431 0.513378 0.368144 0.514102 0.366856 0.514534 0.366472 0.516398 0.366356 0.517339 0.365713 0.517773 0.362375
2 0.528919 0.360431 0.531305 0.360306 0.532753 0.362875 0.533547 0.364417 0.533620 0.367500 0.533547 0.369556 0.532029 0.369685 0.530438 0.369685 0.530510 0.368014 0.529643 0.361977
2 0.505672 0.346954 0.504154 0.350935 0.503792 0.352606 0.503865 0.353764 0.502273 0.358519 0.501768 0.360315 0.501190 0.362630 0.500755 0.364431 0.502779 0.369185 0.504008 0.371370 0.510732 0.380106 0.516516 0.387565 0.517745 0.388463 0.519622 0.389745 0.524828 0.394505 0.525914 0.392190 0.526057 0.388718 0.525695 0.385894 0.524250 0.387306 0.523094 0.389231 0.521359 0.387051 0.519479 0.385380 0.518393 0.384477 0.518323 0.382935 0.518539 0.380750 0.509141 0.370472 0.505021 0.367000 0.503792 0.365843 0.503576 0.364046 0.503937 0.361088 0.505021 0.355819 0.506901 0.350292
9 0.483768 0.334356 0.483117 0.337440 0.482466 0.339241 0.481310 0.339111 0.480081 0.338468 0.478995 0.337185 0.478490 0.335255 0.478417 0.333329 0.478563 0.331787 0.478852 0.330370 0.479357 0.329856 0.480586 0.330759 0.481888 0.330759 0.482539 0.331657
1 0.644018 0.504250 0.646214 0.513028 0.649211 0.524361 0.650435 0.525412 0.649799 0.523009 0.646635 0.510926 0.645201 0.505227
1 0.623646 0.553935 0.623258 0.559954 0.622943 0.567222 0.622919 0.574708 0.623760 0.573796 0.623906 0.565884 0.624388 0.555787 0.624708 0.553917
1 0.628797 0.584523 0.629206 0.584620 0.627190 0.591306 0.625318 0.593190 0.626997 0.587718 0.627245 0.587769 0.628115 0.585537
9 0.604583 0.542870 0.605052 0.544394 0.607940 0.544394 0.608992 0.545324 0.610479 0.544394 0.609255 0.542681 0.608555 0.542370
1 0.604583 0.542870 0.604010 0.541148 0.608648 0.536634 0.609625 0.536287 0.610701 0.536287 0.611531 0.536375 0.612732 0.537236 0.615810 0.539750 0.617880 0.541843 0.619589 0.544449 0.621591 0.549569 0.622862 0.552435 0.620615 0.553218 0.619495 0.547194 0.618620 0.545171 0.614943 0.541278 0.611354 0.538324 0.609430 0.538324 0.606628 0.541125
9 0.655904 0.422537 0.655904 0.426139 0.655250 0.429625 0.652237 0.426042 0.652763 0.424486 0.652849 0.422000 0.653813 0.420907 0.654687 0.418731 0.655448 0.416259 0.656102 0.417074
2 0.424156 0.237106 0.416508 0.233505 0.416049 0.234667 0.412258 0.231644 0.411016 0.231644 0.410622 0.229782 0.412193 0.229551 0.412651 0.227806 0.412323 0.225713 0.411474 0.225481 0.410885 0.224903 0.409448 0.224903 0.405721 0.223042 0.402648 0.222227 0.400818 0.222810 0.398659 0.224088 0.399924 0.225921 0.402875 0.227806 0.404615 0.228477 0.407112 0.230898 0.409987 0.233856 0.410893 0.233856 0.418156 0.240713 0.422849 0.243380
9 0.484417 0.356847 0.484750 0.355162 0.485906 0.353366 0.487135 0.351565 0.488365 0.350796 0.489378 0.351435 0.489594 0.353491 0.489305 0.355421 0.488365 0.357347 0.487237 0.358648 0.485646 0.356847
2 0.424156 0.237106 0.425182 0.231458 0.426979 0.232361 0.430219 0.243894 0.428570 0.253111 0.426732 0.263847 0.424456 0.265718 0.421482 0.269449 0.419469 0.270852 0.419469 0.273324 0.419557 0.275370 0.418154 0.275519 0.418591 0.267741 0.420167 0.259801 0.419154 0.259690 0.419458 0.253370 0.419609 0.252157 0.420365 0.251218 0.421727 0.249468 0.422849 0.243380
2 0.454302 0.211380 0.456766 0.211620 0.457982 0.213241 0.459195 0.214144 0.459510 0.215519 0.461349 0.215366 0.461609 0.228588 0.460122 0.228435 0.459596 0.229056 0.457807 0.229366 0.453253 0.227718 0.453953 0.221806
2 0.418805 0.205361 0.421969 0.211588 0.415979 0.215407 0.413042 0.214602 0.411005 0.213500 0.409029 0.212093 0.408237 0.209880 0.408464 0.206065
9 0.437266 0.189569 0.438586 0.189542 0.439039 0.189241 0.441750 0.185620 0.443391 0.181806 0.443956 0.182306 0.444010 0.183514 0.441130 0.188634 0.439943 0.190847 0.439943 0.191949 0.440620 0.194463 0.440451 0.196171 0.439773 0.197074 0.439151 0.197273 0.438190 0.197273 0.436872 0.196657 0.436023 0.195148 0.435500 0.192824 0.436089 0.191079 0.437135 0.191079 0.437591 0.190847
2 0.453388 0.196903 0.454237 0.191671 0.454367 0.186907 0.462672 0.187954 0.462672 0.190046 0.461167 0.190278 0.460906 0.192370 0.461690 0.193764 0.460578 0.194694
2 0.482971 0.369569 0.484924 0.369569 0.487961 0.370343 0.489839 0.371241 0.492154 0.372014 0.494828 0.372139 0.495839 0.371755 0.496635 0.370083 0.496924 0.368028 0.496562 0.366486 0.494755 0.364046 0.493164 0.362245 0.491576 0.361472 0.490417 0.360958 0.488828 0.360060 0.487237 0.358648 0.485646 0.356847 0.484417 0.356847 0.483044 0.363273
2 0.474781 0.249894 0.474898 0.254269 0.473609 0.255519 0.473727 0.258227 0.474664 0.258227 0.474898 0.262597 0.474781 0.265514 0.471734 0.272389 0.470211 0.274681 0.466227 0.267806 0.466227 0.262181 0.472260 0.248528
2 0.440495 0.405556 0.437612 0.405491 0.434516 0.406009 0.430740 0.406009 0.428031 0.406009 0.425708 0.405662 0.420966 0.400500 0.400352 0.369019 0.395901 0.360412 0.394448 0.355940 0.393966 0.353361 0.396286 0.354565 0.398128 0.356801 0.401029 0.359037 0.403352 0.360588 0.406740 0.366093 0.407805 0.369875 0.411674 0.374352 0.414870 0.376241 0.423385 0.390181 0.428224 0.397921 0.431805 0.399296 0.436839 0.401019 0.438862 0.402574
2 0.462424 0.374042 0.462581 0.376241 0.462000 0.378995 0.461807 0.379856 0.456289 0.378481 0.453581 0.377963 0.454451 0.367639 0.454451 0.365060 0.456385 0.366093 0.457547 0.366606 0.458070 0.367676 0.462232 0.367847
2 0.474690 0.284894 0.474133 0.290745 0.474133 0.293634 0.475130 0.300523 0.475875 0.306065 0.475880 0.309296 0.476630 0.309185 0.477068 0.305296 0.477880 0.300301 0.478880 0.295301 0.479479 0.292718 0.479443 0.286306 0.478505 0.286306 0.478740 0.289037 0.478539 0.292995 0.477930 0.296236 0.477018 0.298218 0.476008 0.299116 0.474995 0.291194 0.475602 0.285255
1 0.471753 0.303954 0.466565 0.315060 0.465378 0.314171 0.470815 0.302620 0.471190 0.302509 0.471503 0.302620
2 0.452987 0.294884 0.456268 0.295093 0.457323 0.293426 0.461305 0.289056 0.463063 0.289056 0.464937 0.289681 0.466695 0.291134 0.467164 0.294676 0.467398 0.297801 0.467867 0.299884 0.469156 0.305509 0.468687 0.306759 0.467984 0.305093 0.465289 0.310093 0.464117 0.309884 0.462359 0.309259 0.461422 0.306343 0.456854 0.301343 0.454628 0.302801 0.452635 0.303843 0.450995 0.301343
2 0.466695 0.291134 0.468310 0.286875 0.471854 0.279134 0.474083 0.277875 0.474589 0.278236 0.474690 0.283273 0.474690 0.285074 0.472464 0.291194 0.471854 0.295699 0.471247 0.298037 0.469120 0.298940 0.467867 0.299884 0.467398 0.297801 0.467164 0.294676
2 0.436885 0.249569 0.437570 0.250005 0.437911 0.250699 0.438792 0.252264 0.439669 0.252611 0.440987 0.253477 0.441964 0.253218 0.441940 0.261630 0.441745 0.262444 0.441286 0.263139 0.440201 0.261644 0.433531 0.254782 0.434773 0.252810
1 0.488013 0.280014 0.486828 0.284167 0.485956 0.284352 0.487247 0.280074 0.487643 0.279977
1 0.487693 0.288403 0.487367 0.289106 0.485513 0.289037 0.484453 0.293472 0.483612 0.296972 0.482633 0.296481 0.485125 0.288153 0.485966 0.287653
9 0.482745 0.288653 0.481531 0.288815 0.480646 0.289315 0.480458 0.290310 0.480411 0.291306 0.479664 0.292134 0.479479 0.292718 0.479617 0.293463 0.480130 0.294125 0.480185 0.295204 0.481211 0.295106 0.482021 0.295296 0.482508 0.295778 0.482633 0.296481 0.485125 0.288153 0.485966 0.287653 0.487693 0.288403 0.491940 0.292301 0.491612 0.289398 0.491333 0.287157 0.490656 0.287000 0.489536 0.286171 0.488555 0.284343 0.487971 0.284088 0.487039 0.284088 0.485383 0.284676 0.483563 0.286667
9 0.481542 0.275657 0.479711 0.273301 0.478685 0.271889 0.477961 0.270986 0.477526 0.273194 0.477628 0.276972 0.478438 0.277514 0.478802 0.280444 0.482068 0.283764 0.483563 0.286667 0.485383 0.284676 0.486315 0.282519 0.484078 0.280648 0.481810 0.280361 0.480948 0.279782 0.480568 0.276426
2 0.466695 0.291134 0.464937 0.289681 0.463063 0.289056 0.461305 0.289056 0.457323 0.293426 0.456268 0.295093 0.452987 0.294884 0.454258 0.291454 0.461260 0.273713 0.466773 0.280093 0.468349 0.275894 0.462922 0.269667 0.466227 0.262181 0.466227 0.267806 0.470211 0.274681 0.471734 0.272389 0.474781 0.265514 0.474898 0.262597 0.475703 0.258431 0.476818 0.257352 0.477628 0.257889 0.479044 0.261310 0.479349 0.264912 0.478336 0.267792 0.478336 0.269051 0.477526 0.273194 0.477628 0.276972 0.478438 0.277514 0.478641 0.281116 0.478438 0.284537 0.478740 0.289037 0.478539 0.292995 0.477930 0.296236 0.477018 0.298218 0.476008 0.299116 0.474995 0.291194 0.475602 0.285255 0.474690 0.284894 0.474385 0.278056 0.471753 0.279315
2 0.514510 0.268097 0.511138 0.303667 0.511138 0.305144 0.510911 0.306894 0.511292 0.307162 0.512805 0.306491 0.514013 0.306625 0.515224 0.307565 0.515299 0.308773 0.515148 0.309449 0.514315 0.309181 0.513862 0.308639 0.512122 0.308907 0.511292 0.309449 0.510836 0.310926 0.509779 0.309986 0.508492 0.308102 0.502893 0.306759 0.498810 0.301245 0.498659 0.299630 0.499036 0.297611 0.499867 0.296806 0.500701 0.296000 0.500701 0.294384 0.500094 0.293176 0.498128 0.292370 0.497448 0.278250 0.497221 0.275287 0.496312 0.274347 0.495784 0.273005 0.495633 0.271523 0.496388 0.269505 0.497221 0.265741 0.505932 0.266074 0.512060 0.266231 0.513810 0.266384
2 0.514510 0.268097 0.513258 0.282417 0.514846 0.282551 0.516510 0.282551 0.516888 0.281343 0.517948 0.279861 0.519234 0.278519 0.520669 0.276366 0.522258 0.276097 0.524076 0.277171 0.524302 0.279324 0.524227 0.281880 0.524529 0.282819 0.532018 0.284032 0.538068 0.277708 0.538599 0.277843 0.539128 0.268162 0.538901 0.265741 0.537917 0.264532 0.536633 0.263856 0.535120 0.263319 0.532094 0.261574 0.530807 0.261167 0.528536 0.260227 0.526938 0.259384 0.525977 0.262028 0.523612 0.265764 0.522211 0.270588 0.521073 0.271208 0.520286 0.270120 0.519674 0.266694
9 0.524529 0.282819 0.523695 0.285106 0.522563 0.287125 0.521125 0.288870 0.519310 0.288870 0.517948 0.288736 0.516661 0.288199 0.516510 0.286449 0.516510 0.285106 0.516510 0.282551 0.516888 0.281343 0.517948 0.279861 0.519234 0.278519 0.520669 0.276366 0.522258 0.276097 0.524076 0.277171 0.524302 0.279324 0.524227 0.281880
2 0.516510 0.286449 0.512651 0.285778 0.511367 0.300301 0.514013 0.301380 0.515073 0.300708 0.515677 0.299630 0.517570 0.294519 0.518401 0.293310 0.520216 0.291963 0.520292 0.290486 0.521125 0.288870 0.519310 0.288870 0.517948 0.288736 0.516661 0.288199
2 0.496565 0.260773 0.496969 0.263287 0.499419 0.262509 0.504060 0.258620 0.503656 0.256426 0.506159 0.254574 0.506247 0.253019 0.506685 0.252241 0.506859 0.250218 0.506596 0.248194 0.505984 0.246639 0.505198 0.244773 0.504409 0.240259 0.500299 0.242028 0.498174 0.243111 0.496453 0.256250 0.496362 0.258611
2 0.506536 0.243333 0.511797 0.240088 0.517922 0.240866 0.518711 0.250204 0.517922 0.250671 0.517047 0.250514 0.513721 0.252069 0.512935 0.245690 0.506633 0.246157
1 0.636424 0.543833 0.633372 0.548556 0.630773 0.553676 0.628966 0.558597 0.628570 0.557694 0.629755 0.553074 0.632526 0.547148 0.635068 0.543329 0.635971 0.542625
2 0.518406 0.324000 0.519583 0.324347 0.524617 0.327370 0.528411 0.330972 0.532659 0.335968 0.534031 0.337944 0.535927 0.341551 0.536714 0.343759 0.534711 0.342731 0.529339 0.337352 0.528659 0.336681
2 0.389951 0.287972 0.385966 0.284014 0.384326 0.282894 0.383977 0.280093 0.389841 0.280870 0.393779 0.280870 0.395529 0.280403 0.395221 0.278931 0.397630 0.278227 0.397456 0.280403 0.397367 0.281806 0.397281 0.283051 0.397367 0.285074 0.397719 0.286782 0.398068 0.289273 0.398242 0.294718 0.397805 0.296120 0.397630 0.298296 0.396930 0.302032 0.397193 0.305144 0.397805 0.307324 0.397799 0.309134 0.395456 0.306009 0.395690 0.303593 0.396042 0.287764 0.395104 0.285472 0.393464 0.283806 0.391706 0.284222 0.391003 0.286722
2 0.406669 0.305903 0.405687 0.304741 0.404250 0.304157 0.402875 0.303579 0.402091 0.302880 0.401438 0.303227 0.400914 0.303579 0.400523 0.303227 0.400326 0.301602 0.399672 0.300556 0.398430 0.300440 0.397646 0.301486 0.397581 0.302532 0.397906 0.304273 0.398758 0.306949 0.399737 0.309273 0.406237 0.309134 0.406589 0.307259
2 0.434958 0.261981 0.436099 0.263319 0.437234 0.263991 0.441286 0.263139 0.441286 0.266745 0.440638 0.275153 0.434435 0.275560 0.434435 0.278921 0.423693 0.279324 0.423995 0.281880 0.423055 0.274431 0.423143 0.271782 0.433909 0.270537 0.433997 0.269759 0.434083 0.267255 0.434346 0.264162
1 0.439190 0.275236 0.440021 0.276449 0.435578 0.288778 0.434453 0.287912
2 0.423995 0.281880 0.418091 0.282861 0.417281 0.283222 0.417133 0.278306 0.417456 0.276282 0.418154 0.275519 0.419557 0.275370 0.423055 0.274431 0.423693 0.279324
2 0.565682 0.331296 0.568932 0.335000 0.577479 0.319935 0.563409 0.305278 0.562427 0.305546 0.559703 0.309181 0.560385 0.316306 0.572109 0.315634 0.571125 0.317245 0.568706 0.318861 0.566859 0.319560 0.567643 0.320838 0.568362 0.322694 0.568755 0.325023 0.568625 0.327463 0.566990 0.329787
2 0.560385 0.316306 0.554031 0.316171 0.553914 0.318278 0.554828 0.319440 0.555680 0.320954 0.556203 0.322347 0.558818 0.323509 0.560385 0.323278 0.560385 0.321884 0.561367 0.320954 0.563917 0.319560 0.565943 0.318861 0.566740 0.318593 0.567042 0.315903
2 0.567042 0.315903 0.572109 0.315634 0.571125 0.317245 0.568706 0.318861 0.566740 0.318593
2 0.557943 0.311343 0.554789 0.314500 0.555000 0.315630 0.555042 0.316227 0.558672 0.316301
2 0.565682 0.331296 0.570482 0.345907 0.570779 0.346880 0.573648 0.347931 0.574786 0.343431 0.575799 0.341477 0.577068 0.340204 0.578672 0.339903 0.581161 0.340426 0.583568 0.342306 0.585466 0.344856 0.587240 0.348606 0.587872 0.351009 0.588253 0.354009 0.590023 0.354458 0.591292 0.355509 0.592135 0.357912 0.592474 0.358736 0.593190 0.358588 0.595724 0.340579 0.595977 0.334875 0.595047 0.332625 0.578586 0.318968 0.577479 0.319935 0.568932 0.335000
5 0.588253 0.354009 0.588237 0.356171 0.584773 0.355125 0.583661 0.356750 0.582615 0.358148 0.581503 0.358264 0.573854 0.351986 0.573464 0.350708 0.573648 0.347931 0.574786 0.343431 0.575799 0.341477 0.577068 0.340204 0.578672 0.339903 0.581161 0.340426 0.583568 0.342306 0.585466 0.344856 0.587240 0.348606 0.587872 0.351009
2 0.593190 0.358588 0.613081 0.362912 0.612820 0.367329 0.615565 0.367676 0.615370 0.372208 0.605497 0.370468 0.592292 0.367329 0.590786 0.366167 0.592487 0.361403 0.592474 0.358736
4 0.601328 0.382639 0.602633 0.385713 0.602734 0.386972 0.602633 0.387694 0.601417 0.387694 0.600708 0.388773 0.600607 0.390032 0.601620 0.392736 0.603745 0.395255 0.605669 0.395796 0.606987 0.395796 0.616302 0.403356 0.620456 0.406056 0.622682 0.407856 0.626026 0.408935 0.629583 0.408565 0.632734 0.410185 0.636484 0.410324 0.639292 0.410917 0.641417 0.409116 0.642128 0.407856 0.641721 0.405875 0.639393 0.402634 0.637974 0.399935 0.637063 0.399037 0.636253 0.390935 0.635240 0.387875 0.633721 0.385352 0.630581 0.382111 0.626430 0.379231 0.622076 0.376894 0.618125 0.376171 0.614784 0.375991 0.612354 0.375810 0.610430 0.377611 0.609112 0.380310 0.608302 0.381750
2 0.459990 0.232417 0.457349 0.233199 0.453951 0.239014 0.453753 0.239130 0.453708 0.242801 0.454961 0.240574 0.458232 0.241009 0.458576 0.237972 0.461115 0.237190 0.460966 0.236324
1 0.432479 0.243194 0.441068 0.247912 0.441633 0.250727 0.433268 0.246407
2 0.695969 0.429727 0.699682 0.423421 0.700570 0.422069 0.701245 0.421468 0.701878 0.421394 0.708419 0.430699 0.719352 0.446981 0.719901 0.459588 0.713865 0.471144 0.711417 0.476319 0.700146 0.460486 0.697656 0.465741 0.697445 0.465815 0.697193 0.465741 0.696940 0.465139 0.696685 0.463866 0.696349 0.463037 0.695630 0.462815 0.695083 0.462889 0.694492 0.463491 0.694576 0.464241 0.694997 0.464690 0.695419 0.465292 0.695672 0.466565 0.696096 0.467394 0.696729 0.467917 0.697023 0.468218 0.695294 0.478273 0.692549 0.487125 0.679466 0.466866 0.679458 0.463856 0.681557 0.464167 0.681786 0.460190 0.689638 0.441806 0.689810 0.440574 0.689979 0.438264 0.690828 0.437060
1 0.673927 0.484958 0.680990 0.490380 0.680594 0.491889 0.673474 0.486963
1 0.678516 0.468389 0.675224 0.485949 0.673927 0.484958 0.677461 0.467190
1 0.665807 0.535093 0.664547 0.542500 0.665633 0.543810 0.671844 0.504060 0.671844 0.504060 0.674458 0.487634 0.673474 0.486963 0.671453 0.499296
2 0.585672 0.398167 0.587411 0.399509 0.590589 0.406634 0.592404 0.410671 0.593539 0.411745 0.597625 0.408384 0.598911 0.406366 0.603146 0.411745 0.604659 0.413630 0.605112 0.409866 0.605190 0.406907 0.604615 0.404565 0.602117 0.402954 0.599091 0.401472 0.592359 0.397708 0.585326 0.393403
2 0.611771 0.414704 0.609630 0.415551 0.606224 0.417167 0.605997 0.423352 0.605242 0.424968 0.603352 0.426981 0.602594 0.427657 0.603201 0.434514 0.609479 0.426176 0.613435 0.426944 0.611695 0.422639 0.612148 0.420755 0.612073 0.420218 0.610409 0.419144 0.611695 0.416722
2 0.614266 0.428019 0.618479 0.437875 0.613185 0.438685 0.608344 0.439491 0.605167 0.442315 0.604031 0.441912 0.603805 0.440431 0.603201 0.438954 0.603047 0.437472 0.603201 0.434514 0.609479 0.426176 0.613435 0.426944 0.613435 0.426944
9 0.627320 0.451236 0.626078 0.453093 0.624380 0.453792 0.621961 0.453792 0.620589 0.453560 0.619802 0.452630 0.618953 0.450653 0.618625 0.449144 0.618690 0.447861 0.619018 0.447051 0.619672 0.446352 0.626341 0.446352
2 0.621961 0.453792 0.622758 0.461356 0.623018 0.464148 0.623018 0.466935 0.621320 0.465773 0.619161 0.466356 0.618443 0.465542 0.617659 0.463917 0.617070 0.463218 0.616417 0.462870 0.616742 0.447759 0.618690 0.447861 0.618625 0.449144 0.618953 0.450653 0.619802 0.452630 0.620589 0.453560
2 0.621961 0.453792 0.624380 0.453792 0.626078 0.453093 0.627320 0.451236 0.632565 0.472167 0.631388 0.472750 0.629297 0.471935 0.622299 0.476352 0.617789 0.476352 0.615633 0.475421 0.614062 0.474375 0.618966 0.472750 0.619359 0.471819 0.619227 0.468681 0.620208 0.468796 0.620862 0.469843 0.622104 0.469259 0.622430 0.468333 0.622497 0.466704 0.623018 0.466935 0.623018 0.464148 0.622758 0.461356
1 0.408464 0.206065 0.408867 0.203343 0.417372 0.203343 0.421727 0.202440 0.426281 0.201074 0.429289 0.199796 0.430531 0.199097 0.432102 0.198051 0.432297 0.200495 0.427802 0.202981 0.423651 0.205319 0.418805 0.205361
1 0.431247 0.213782 0.431549 0.215042 0.445930 0.219005 0.445828 0.217384 0.432839 0.213426
1 0.446914 0.221579 0.434820 0.216579 0.434951 0.219255 0.446589 0.223671
1 0.461510 0.227847 0.462143 0.227847 0.465372 0.222065 0.467195 0.218102 0.466995 0.215944 0.461510 0.226287
1 0.424057 0.282917 0.423995 0.281880 0.423995 0.281880 0.424583 0.281991 0.425854 0.283292 0.427513 0.284421 0.429174 0.285722 0.431568 0.289889 0.432789 0.291972 0.433677 0.292278 0.434891 0.293898 0.436208 0.296958 0.436815 0.299296 0.438234 0.302537 0.438013 0.305690 0.437232 0.304824 0.435206 0.300144 0.433687 0.295644 0.432268 0.293662 0.428513 0.287597 0.424867 0.284894
1 0.420513 0.283815 0.425068 0.292278 0.425576 0.295338 0.424792 0.297593 0.423510 0.294667 0.424047 0.293972 0.422648 0.291324 0.419310 0.285028
8 0.424792 0.297593 0.425281 0.299065 0.427104 0.302306 0.427914 0.306444 0.431357 0.314907 0.435378 0.326616 0.434596 0.330435 0.427370 0.310833 0.425464 0.304833 0.423055 0.300324 0.423055 0.300324 0.421130 0.293120 0.422648 0.291324 0.423510 0.294667
10 0.477323 0.238088 0.476919 0.240069 0.475701 0.239639 0.473474 0.243847 0.472260 0.248528 0.462922 0.269667 0.468349 0.275894 0.466773 0.280093 0.461260 0.273713 0.454258 0.291454 0.450057 0.304056 0.448307 0.313236 0.446818 0.322106 0.444367 0.335954 0.442354 0.335796 0.442617 0.310903 0.441742 0.311056 0.441667 0.313704 0.437453 0.310278 0.439380 0.291917 0.440078 0.281958 0.440341 0.278069 0.441305 0.275736 0.442443 0.273870 0.443930 0.272778 0.444805 0.267958 0.457497 0.248662 0.464674 0.236528 0.465813 0.233259 0.466510 0.231704 0.467211 0.228278 0.468000 0.226412 0.469828 0.224583 0.470336 0.222963 0.471146 0.221884 0.473273 0.221162 0.475096 0.219185 0.476008 0.220444 0.476107 0.224046 0.475703 0.226926 0.475096 0.229986 0.474995 0.232866
2 0.427104 0.302306 0.427914 0.306444 0.433789 0.310944 0.438143 0.314546 0.441586 0.316708 0.441667 0.313704 0.437453 0.310278
2 0.400125 0.277213 0.400563 0.279083 0.401964 0.280653 0.404151 0.281588 0.407187 0.281898 0.408333 0.279722 0.409490 0.277852 0.411156 0.277472 0.417133 0.278306 0.417456 0.276282 0.418154 0.275519 0.418591 0.267741 0.420167 0.259801 0.418505 0.259801 0.417893 0.260579 0.415966 0.259801 0.414742 0.258245 0.410016 0.255431 0.406164 0.255134 0.401701 0.256519 0.398198 0.257935 0.395224 0.257935 0.395224 0.259648 0.396885 0.262292 0.399424 0.264301 0.399674 0.265806 0.402253 0.266222 0.403073 0.269556 0.403424 0.273931 0.401784 0.276431
8 0.419531 0.303519 0.420617 0.303755 0.421174 0.304833 0.421437 0.306389 0.421000 0.311833 0.421086 0.314014 0.419424 0.317593 0.418773 0.319551 0.418539 0.315593 0.419125 0.308301 0.419245 0.304861
9 0.403378 0.299981 0.403320 0.298773 0.403435 0.297366 0.403943 0.295759 0.405073 0.295259 0.406430 0.295861 0.407276 0.297065 0.407391 0.298671 0.407445 0.300370 0.406880 0.301787 0.406315 0.302792 0.405299 0.302593 0.404508 0.301685 0.403831 0.301185
1 0.399013 0.297407 0.400799 0.294579 0.401581 0.295796 0.398430 0.300440 0.397646 0.301486 0.397333 0.300569
2 0.596659 0.479412 0.594734 0.478171 0.593247 0.475056 0.592195 0.471324 0.591846 0.468366 0.592109 0.464944 0.593771 0.460741 0.595083 0.458875 0.596573 0.457477 0.597010 0.454986 0.597500 0.450046 0.605411 0.449227 0.605326 0.450630 0.607339 0.450319 0.608826 0.459185 0.609352 0.461208 0.597359 0.460431 0.596747 0.470699
1 0.641305 0.482662 0.639281 0.482255 0.637164 0.483060 0.635349 0.484139 0.634138 0.484139 0.630206 0.483329 0.630326 0.481542 0.631990 0.481810 0.633987 0.481852 0.637164 0.480236 0.639357 0.479833 0.641174 0.479875 0.644966 0.479991 0.649151 0.478477 0.653352 0.477815 0.653503 0.479699 0.648766 0.481046 0.646935 0.482093
1 0.641659 0.570472 0.641685 0.571491 0.643974 0.571005 0.645747 0.570181 0.646971 0.569648 0.648062 0.568292 0.644576 0.569699
2 0.589510 0.452634 0.594393 0.459667 0.595083 0.458875 0.596573 0.457477 0.597010 0.454986 0.597578 0.450093 0.595346 0.450319 0.589740 0.450000
1 0.592721 0.480505 0.589677 0.476815 0.589612 0.478329 0.591638 0.480769
9 0.481536 0.301634 0.480562 0.308644 0.478133 0.306435 0.479320 0.297315 0.479646 0.295394 0.480185 0.295204 0.481211 0.295106 0.482021 0.295296 0.482508 0.295778
1 0.436219 0.198750 0.440169 0.202028 0.443719 0.200523 0.439151 0.197273 0.438190 0.197273 0.436872 0.196657
1 0.437815 0.202977 0.430398 0.201574 0.426898 0.203565 0.433521 0.204727
2 0.479661 0.258287 0.477628 0.257889 0.479044 0.261310 0.479349 0.264912 0.483276 0.265741 0.487180 0.265741 0.487474 0.270556 0.488625 0.272296 0.490143 0.272681 0.490721 0.272940 0.491083 0.270366 0.491951 0.269468 0.493612 0.269213 0.495708 0.268056 0.497221 0.265741 0.496969 0.263287 0.496565 0.260773 0.494539 0.263292 0.491516 0.260856 0.490794 0.262398 0.489419 0.262273 0.488625 0.262787 0.488120 0.263426 0.485372 0.263301 0.482698 0.261884 0.481612 0.260727 0.480964 0.260213
2 0.469526 0.336796 0.477695 0.342324 0.475310 0.348106 0.467357 0.342324
9 0.490328 0.279532 0.488669 0.280361 0.487643 0.279977 0.486508 0.280458 0.484078 0.280648 0.481810 0.280361 0.480948 0.279782 0.480568 0.276426 0.481542 0.275657 0.482568 0.274310 0.484078 0.273255 0.485375 0.272199 0.486456 0.272394 0.487914 0.272681 0.488555 0.273227 0.489909 0.274139 0.489768 0.275551 0.489909 0.277542
9 0.478685 0.271889 0.479198 0.268653 0.480039 0.268074 0.480878 0.267741 0.481719 0.267574 0.482510 0.267907 0.483026 0.268491 0.483492 0.268986 0.483724 0.270231 0.483445 0.271889 0.483398 0.273218 0.483164 0.273718 0.482568 0.274310 0.479711 0.273301
8 0.639365 0.454616 0.640919 0.455769 0.641182 0.466343 0.639036 0.467634
6 0.584669 0.514421 0.584659 0.516306 0.584659 0.516306 0.583435 0.517861 0.582878 0.520750 0.584510 0.522144 0.595036 0.522727 0.595888 0.522028 0.597130 0.521681 0.597784 0.521796 0.597914 0.521912 0.600070 0.520403 0.601445 0.519356 0.602622 0.519472 0.603341 0.519472 0.603995 0.518889 0.605302 0.518889 0.606086 0.519935 0.606544 0.521333 0.606805 0.524352 0.610531 0.525051 0.610664 0.523426 0.610448 0.516833 0.608159 0.516255
6 0.606068 0.513463 0.611036 0.510671 0.615089 0.518111 0.610664 0.523426 0.610448 0.516833 0.608159 0.516255
2 0.437232 0.304824 0.435026 0.308333 0.427104 0.302306 0.432268 0.293662 0.433687 0.295644 0.435206 0.300144
1 0.630607 0.527769 0.624159 0.535759 0.623818 0.534282 0.630117 0.526727
1 0.565990 0.364569 0.572714 0.374134 0.573177 0.371833 0.567654 0.364167 0.566974 0.364569
1 0.568565 0.353079 0.569932 0.353514 0.572708 0.365139 0.574620 0.370528 0.574083 0.371222 0.573888 0.370269 0.572117 0.365917 0.570000 0.358787
2 0.452461 0.392477 0.456250 0.398380 0.461615 0.409690 0.464263 0.414532 0.463807 0.414801 0.447771 0.400005 0.449966 0.393417
10 0.442188 0.338472 0.441078 0.349653 0.439458 0.351454 0.436719 0.352037 0.434701 0.352171 0.431901 0.351204 0.432812 0.346574 0.434599 0.338130
2 0.547776 0.490565 0.537818 0.480981 0.537242 0.471120 0.538841 0.470065 0.540396 0.474111
1 0.511654 0.421713 0.511458 0.422407 0.511458 0.423454 0.531070 0.430778 0.531464 0.429153 0.522245 0.425199
6 0.611885 0.509861 0.615023 0.507884 0.616266 0.513000 0.615547 0.516255
2 0.471333 0.363787 0.472201 0.363014 0.473141 0.363273 0.482971 0.390648 0.480586 0.390648 0.471260 0.365074
2 0.537680 0.409403 0.538203 0.406847 0.538398 0.404639 0.538466 0.402431 0.538922 0.400801 0.539315 0.399870 0.537156 0.396968 0.536242 0.396269 0.535393 0.395690 0.534086 0.394528 0.531667 0.390227 0.531273 0.389065 0.530555 0.389065 0.529771 0.389296 0.528789 0.389412 0.528201 0.389875 0.527023 0.393713 0.530115 0.398875 0.530424 0.400454 0.532320 0.403593 0.532776 0.403593 0.534216 0.406731 0.534672 0.406556 0.534914 0.407764 0.536047 0.409870
2 0.518539 0.380750 0.519740 0.377398 0.520029 0.373671 0.520607 0.371356 0.522776 0.364417 0.524221 0.360560 0.524583 0.358634 0.525451 0.358505 0.526461 0.358764 0.527836 0.358889 0.528414 0.359532 0.528919 0.360431 0.529643 0.361977 0.530510 0.368014 0.529932 0.371870 0.529281 0.374440 0.528849 0.375083 0.528487 0.377009 0.528992 0.379069 0.528849 0.381509 0.528052 0.382921 0.525695 0.385894 0.524250 0.387306 0.523094 0.389231 0.521359 0.387051 0.519479 0.385380 0.518393 0.384477 0.518323 0.382935
1 0.627859 0.559991 0.624539 0.567384 0.625159 0.568356 0.628305 0.561514
1 0.642245 0.502898 0.643174 0.509954 0.643807 0.512954 0.645753 0.519972 0.646732 0.522181 0.646797 0.523343 0.648620 0.523986 0.645326 0.511903 0.643766 0.504102
1 0.640115 0.482458 0.641305 0.482662 0.642482 0.494634 0.641161 0.496398 0.640716 0.494255
2 0.642482 0.494634 0.641161 0.496398 0.640224 0.498898 0.641982 0.502648 0.647255 0.507023 0.648310 0.507440 0.649013 0.507440 0.652760 0.512019 0.655807 0.517019 0.657214 0.519310 0.658268 0.519102 0.659792 0.517019 0.661549 0.513894 0.663073 0.509935 0.664128 0.507856 0.664914 0.506037 0.665503 0.504060 0.665961 0.503014 0.666680 0.502199 0.666810 0.500343 0.667268 0.495690 0.667594 0.493597 0.668052 0.493250 0.669490 0.492671 0.670570 0.487440 0.665633 0.485347 0.664979 0.486856 0.663932 0.487671 0.661906 0.487903 0.659227 0.487787 0.657461 0.487787 0.656023 0.487324 0.653146 0.486856 0.650990 0.486046 0.649609 0.485102 0.648169 0.487894
3 0.649609 0.485102 0.648169 0.487894 0.642482 0.494634 0.641305 0.482662 0.647125 0.483125
3 0.641174 0.479875 0.641174 0.477898 0.646143 0.471968 0.649151 0.478477 0.644966 0.479991
3 0.625878 0.494750 0.635547 0.485000 0.638036 0.496495 0.634898 0.499866 0.632872 0.496843 0.628622 0.501722
3 0.617891 0.505000 0.616612 0.505060 0.610401 0.507847 0.611885 0.509861 0.615023 0.507884 0.616266 0.513000
3 0.619862 0.503236 0.620273 0.500528 0.624849 0.495995 0.627773 0.503120 0.626398 0.504977 0.626398 0.504977
3 0.624372 0.507069 0.622672 0.508931 0.616919 0.515903 0.619078 0.505444
2 0.564930 0.374389 0.563594 0.377083 0.557138 0.375731 0.556383 0.376944 0.554112 0.375731 0.551542 0.374926 0.551391 0.377079 0.551089 0.379903 0.549727 0.379227 0.548969 0.380306 0.547531 0.382861 0.544961 0.384069 0.542841 0.383935 0.541935 0.381782 0.540724 0.380171 0.540497 0.377616 0.540497 0.375194 0.541708 0.371162 0.542828 0.367306 0.544055 0.366519 0.545016 0.364190 0.545365 0.359681 0.544664 0.358273 0.548667 0.356634 0.549346 0.357444 0.548440 0.358921 0.548365 0.360134 0.548591 0.361208 0.550599 0.366019 0.551911 0.369829 0.553047 0.371037 0.556979 0.372384
2 0.357951 0.298255 0.356326 0.298588 0.355576 0.299255 0.358201 0.307255 0.360013 0.306366 0.359005 0.303884 0.359122 0.301801 0.358185 0.299093
2 0.406510 0.241806 0.405388 0.241532 0.402437 0.238847 0.400242 0.237231 0.399260 0.236829 0.397823 0.236694 0.397945 0.242657 0.397443 0.248431 0.395310 0.251495 0.392987 0.254898 0.389648 0.259583 0.388971 0.261574 0.390031 0.262245 0.390651 0.265597 0.399674 0.265806 0.399424 0.264301 0.396885 0.262292 0.395224 0.259648 0.395224 0.257935 0.398198 0.257935 0.401701 0.256519 0.406164 0.255134 0.410016 0.255431 0.411135 0.255519 0.412271 0.251889 0.411576 0.251472 0.411273 0.250532 0.410516 0.248782 0.409531 0.246361 0.408247 0.246093 0.408021 0.245556 0.407565 0.244884
2 0.407565 0.244884 0.408021 0.245556 0.408247 0.246093 0.409531 0.246361 0.410516 0.248782 0.411273 0.250532 0.411576 0.251472 0.416719 0.251069 0.416870 0.250130 0.417779 0.249722 0.418836 0.250398 0.419443 0.249588 0.419518 0.247440 0.419367 0.245690 0.416794 0.243940 0.410440 0.244074 0.406432 0.236278 0.404401 0.237083 0.406510 0.241806
2 0.425464 0.304833 0.421086 0.314014 0.419424 0.317593 0.418773 0.319551 0.420589 0.319384 0.422229 0.318551 0.427370 0.310833
2 0.423055 0.300324 0.425464 0.304833 0.421086 0.314014 0.421000 0.311833 0.421437 0.306389 0.421174 0.304833 0.422245 0.302125
2 0.406589 0.307259 0.406589 0.305176 0.407995 0.304134 0.409984 0.288097 0.410336 0.287056 0.410453 0.283722 0.410805 0.280389 0.411156 0.277472 0.417133 0.278306 0.417281 0.283222 0.416776 0.291324 0.416776 0.295102 0.417383 0.300505 0.418539 0.304134 0.419125 0.308301 0.418539 0.315593 0.416430 0.313301 0.416781 0.312259 0.417016 0.309134 0.416898 0.307884 0.410922 0.308509
2 0.401901 0.313509 0.397799 0.309134 0.395456 0.306009 0.395339 0.314218 0.395456 0.318801 0.401372 0.319384 0.402604 0.314759
2 0.409984 0.314968 0.406471 0.312051 0.403190 0.310801 0.401901 0.313509 0.402604 0.314759 0.401372 0.319384 0.409576 0.319176
2 0.409576 0.319176 0.409984 0.314968 0.406471 0.312051 0.406237 0.309134 0.406589 0.307259 0.408724 0.308056 0.416430 0.313301 0.418539 0.315593 0.418773 0.319551
2 0.389951 0.287972 0.391003 0.286722 0.391706 0.284222 0.393464 0.283806 0.395104 0.285472 0.396042 0.287764 0.395690 0.303593 0.395339 0.314218 0.395456 0.318801 0.392469 0.318759 0.390242 0.317718 0.388953 0.317509 0.365870 0.323130 0.364055 0.323796 0.361583 0.309718 0.364745 0.314718 0.366854 0.318468 0.369198 0.319718 0.370839 0.319093 0.371659 0.317843 0.373768 0.316801 0.375878 0.315968 0.377049 0.313051 0.377518 0.309718 0.377284 0.305968 0.376698 0.304509 0.374237 0.303259 0.371307 0.302843 0.368143 0.299718 0.366151 0.293676 0.371672 0.295676 0.372727 0.297343 0.374013 0.298801 0.375771 0.298384 0.375771 0.296926 0.375302 0.294218 0.373544 0.290889 0.377411 0.293801 0.380458 0.296509 0.382216 0.298593 0.384208 0.300051 0.386435 0.301926 0.388896 0.303384 0.389833 0.302134 0.391589 0.293384 0.391003 0.289222
2 0.373544 0.290889 0.375302 0.294218 0.375771 0.296926 0.375771 0.298384 0.374013 0.298801 0.372727 0.297343 0.371672 0.295676 0.366151 0.293676 0.366151 0.289514 0.366268 0.286806 0.371555 0.289639
10 0.366164 0.276722 0.374013 0.280472 0.379521 0.283806 0.381513 0.282556 0.383388 0.282556 0.385966 0.284014 0.391003 0.289222 0.391589 0.293384 0.389833 0.302134 0.388896 0.303384 0.386435 0.301926 0.384208 0.300051 0.382216 0.298593 0.380458 0.296509 0.377411 0.293801 0.371555 0.289639 0.366268 0.286806 0.366620 0.284097 0.366854 0.281597 0.366503 0.278472
1 0.527995 0.408843 0.534672 0.406556 0.534914 0.407764 0.529299 0.410194
2 0.503656 0.256426 0.507596 0.253472 0.509258 0.252847 0.511271 0.253157 0.517047 0.250514 0.517922 0.250671 0.520023 0.249269 0.521773 0.248023 0.522911 0.247403 0.523263 0.249894 0.526500 0.257671 0.526938 0.259384 0.525977 0.262028 0.523612 0.265764 0.522211 0.270588 0.521073 0.271208 0.520286 0.270120 0.519674 0.266694 0.514510 0.268097 0.513810 0.266384 0.512060 0.266231 0.505932 0.266074 0.504883 0.261870
1 0.400052 0.298102 0.403945 0.301838 0.403995 0.303574 0.399245 0.299259
1 0.399013 0.297407 0.397760 0.296806 0.397630 0.298296 0.398359 0.298611
2 0.573203 0.452963 0.569177 0.449537 0.572154 0.444560 0.572591 0.442537 0.573466 0.441139 0.574604 0.441292 0.575565 0.442227 0.575828 0.443782 0.575742 0.446583 0.574953 0.446894 0.573466 0.449694
2 0.573203 0.452963 0.572766 0.460588 0.571279 0.460120 0.569789 0.458875 0.568914 0.457009 0.567602 0.456231 0.566552 0.454051 0.565852 0.451250 0.565589 0.449537 0.564802 0.447204 0.563839 0.445495 0.561695 0.441366 0.564013 0.440514 0.562151 0.437417 0.562414 0.436833 0.564362 0.437560 0.565677 0.438958 0.566201 0.440204 0.567690 0.440514 0.568914 0.441292 0.569615 0.442847 0.569703 0.445181 0.570490 0.445338 0.570841 0.446741 0.569177 0.449537
1 0.631630 0.581565 0.633729 0.583505 0.634573 0.583069 0.634328 0.582440 0.632503 0.580597
1 0.636237 0.581616 0.636263 0.580648 0.636453 0.579921 0.639206 0.575366 0.639914 0.575560 0.639969 0.575995 0.637409 0.579727 0.636807 0.580935
1 0.477695 0.342324 0.475310 0.348106 0.475016 0.349375 0.474339 0.351181 0.473302 0.355819 0.472909 0.356866 0.472648 0.360120 0.472648 0.360704 0.472201 0.363014 0.473141 0.363273 0.473760 0.360005 0.474086 0.355704 0.475198 0.351755 0.475862 0.350579 0.476599 0.347667 0.478401 0.342569
1 0.478115 0.349315 0.477917 0.352917 0.477984 0.355356 0.478833 0.357796 0.481253 0.367676 0.482430 0.375000 0.483542 0.374417 0.481513 0.364653 0.479159 0.355819 0.479083 0.348569
2 0.365917 0.271389 0.378466 0.277889 0.391120 0.278931 0.395221 0.278931 0.401784 0.276431 0.403424 0.273931 0.403073 0.269556 0.402253 0.266222 0.399674 0.265806 0.390651 0.265597 0.389365 0.267681 0.388427 0.267264 0.385992 0.266417 0.382854 0.266611 0.380331 0.266778 0.376880 0.266611 0.371310 0.263907 0.369380 0.263375 0.366633 0.263306 0.360305 0.259560 0.358898 0.267472 0.360529 0.268264
2 0.419557 0.275370 0.419469 0.273324 0.419469 0.270852 0.421482 0.269449 0.424456 0.265718 0.426732 0.263847 0.428570 0.253111 0.432070 0.250778 0.434609 0.258093 0.434958 0.261981 0.434346 0.264162 0.434083 0.267255 0.433997 0.269759 0.433909 0.270537 0.423143 0.271782 0.423055 0.274431
5 0.418091 0.282861 0.417281 0.283222 0.416776 0.291324 0.416776 0.295102 0.417383 0.300505 0.420312 0.302269 0.421849 0.303102 0.423055 0.300324 0.421130 0.293120 0.422648 0.291324
1 0.489352 0.404208 0.504984 0.414019 0.505471 0.412454 0.489943 0.402644
5 0.432268 0.293662 0.428513 0.287597 0.424867 0.284894 0.424057 0.282917 0.420513 0.283815 0.425068 0.292278 0.425576 0.295338 0.425281 0.299065 0.427104 0.302306
10 0.438143 0.314546 0.441586 0.316708 0.441383 0.333810 0.435307 0.333449
2 0.433789 0.310944 0.431357 0.314907 0.427914 0.306444
2 0.440078 0.281958 0.433677 0.292278 0.434891 0.293898 0.436208 0.296958 0.436815 0.299296 0.438234 0.302537 0.439380 0.291917
1 0.388026 0.123903 0.396953 0.108708 0.397633 0.110051 0.388859 0.125787 0.388172 0.124949
2 0.386849 0.113241 0.396042 0.100417 0.399674 0.095208 0.401784 0.098125 0.405299 0.100417 0.408109 0.102292 0.411742 0.103750 0.413383 0.104792 0.401901 0.123120 0.395573 0.133329 0.394807 0.132352 0.388859 0.125787 0.397633 0.110051 0.396953 0.108708 0.388026 0.123903 0.387841 0.118537
2 0.441411 0.373972 0.446159 0.381662 0.445857 0.382333 0.444799 0.382333 0.444419 0.382741 0.444419 0.383815 0.444799 0.384755 0.442529 0.390944 0.440109 0.386773 0.439146 0.385894 0.439044 0.383194 0.437828 0.374912 0.436005 0.368972 0.433576 0.363931 0.434586 0.363778
1 0.556344 0.347454 0.547753 0.334324 0.547146 0.335134 0.555391 0.348042
1 0.562826 0.358625 0.563503 0.358023 0.559661 0.352796 0.559719 0.354407
2 0.371203 0.248310 0.370500 0.248727 0.369914 0.250810 0.367102 0.252060 0.367453 0.250185 0.358781 0.246644 0.357961 0.233519 0.360070 0.222481 0.361177 0.196227 0.363107 0.194579 0.364518 0.194778 0.366354 0.199097 0.368581 0.205931 0.374039 0.222856 0.374448 0.229157 0.374557 0.234931
2 0.439456 0.240361 0.442135 0.240708 0.445208 0.240009 0.445406 0.238500 0.449263 0.239199 0.449263 0.237921 0.450635 0.236991 0.453643 0.236991 0.453708 0.242801 0.453380 0.254773 0.444805 0.267958 0.443930 0.272778 0.442443 0.273870 0.441305 0.275736 0.440633 0.276972 0.441286 0.266745 0.441286 0.263139 0.441745 0.262444 0.441940 0.261630 0.441940 0.252449 0.440698 0.246056
1 0.564070 0.400708 0.563583 0.405051 0.564560 0.405051 0.564852 0.400884
2 0.490273 0.392319 0.494812 0.392551 0.494812 0.393366 0.493047 0.394991 0.488078 0.398944 0.483198 0.399778 0.479773 0.399176 0.479773 0.399176 0.479253 0.399176 0.480036 0.390574 0.480586 0.390648 0.482971 0.390648
2 0.586323 0.466514 0.584661 0.474444 0.584932 0.475991 0.585370 0.478171 0.586156 0.479880 0.587469 0.486106 0.588958 0.491241 0.585807 0.496843 0.587031 0.503222 0.585018 0.505866 0.585544 0.508667 0.584669 0.514421 0.597534 0.515514 0.615828 0.500264 0.628607 0.490148 0.630268 0.484236 0.630326 0.481542 0.629266 0.474417 0.631388 0.472750 0.629297 0.471935 0.622299 0.476352 0.612852 0.482991 0.600948 0.491394 0.592458 0.498088 0.590000 0.487519 0.589125 0.485032 0.587635 0.478343 0.585622 0.475074 0.588247 0.467602
2 0.563138 0.450940 0.565589 0.449537 0.565852 0.451250 0.564977 0.453898 0.564013 0.456852 0.563401 0.457477 0.562964 0.459495 0.562875 0.466968 0.562526 0.468366 0.561474 0.470231 0.559375 0.500574 0.552109 0.494194 0.554036 0.466653 0.554297 0.462921 0.556924 0.452185
2 0.388172 0.124949 0.387841 0.118537 0.384911 0.103958 0.382802 0.090417 0.381982 0.087083 0.381279 0.085000 0.379286 0.086667 0.377177 0.087083 0.374482 0.085833 0.372375 0.086042 0.371086 0.086875 0.368625 0.088958 0.367102 0.090625 0.365695 0.091250 0.365227 0.090417 0.364172 0.090625 0.364055 0.090833 0.365578 0.106037 0.366635 0.106574 0.367922 0.115523 0.371185 0.134819 0.374698 0.134542 0.378573 0.131616 0.382195 0.131000
2 0.402479 0.211704 0.402487 0.213940 0.401315 0.214981 0.399674 0.214981 0.398620 0.214356 0.398034 0.212690 0.398034 0.209981 0.397214 0.208315 0.396042 0.207690 0.392250 0.208190 0.386401 0.187778 0.380299 0.180917 0.378667 0.179245 0.377411 0.178319 0.375357 0.165912 0.375357 0.162287 0.377115 0.162037 0.378885 0.160366 0.380109 0.162287 0.380911 0.165412 0.382417 0.166139 0.383357 0.164685 0.391497 0.168565 0.394604 0.170741 0.397318 0.175787
2 0.446424 0.225074 0.448263 0.211069 0.454302 0.211380 0.453953 0.221806 0.453253 0.227718
2 0.421844 0.228213 0.414656 0.225644 0.413807 0.224597 0.422044 0.220764 0.425836 0.217394 0.457807 0.229366 0.457349 0.233199 0.453951 0.239014 0.453753 0.239130 0.453643 0.236991 0.450635 0.236991 0.449263 0.237921 0.442961 0.235769 0.442961 0.235769 0.429622 0.231935 0.428490 0.227727 0.426049 0.228681 0.426424 0.229829 0.424328 0.229028
8 0.442961 0.235769 0.449263 0.237921 0.449263 0.239199 0.445406 0.238500 0.445208 0.240009 0.442135 0.240708 0.439456 0.240361 0.439625 0.241000 0.431258 0.238324 0.429622 0.231935
8 0.424328 0.229028 0.425182 0.231458 0.424156 0.237106 0.421844 0.228213
2 0.414654 0.103060 0.415563 0.100102 0.409888 0.092838 0.406107 0.087324 0.405424 0.088403 0.404289 0.086787 0.401794 0.089611 0.401036 0.091093 0.400885 0.093106 0.405500 0.096741
2 0.355034 0.246644 0.358781 0.246644 0.367453 0.250185 0.366633 0.263306 0.360305 0.259560 0.360656 0.251644 0.359016 0.251435 0.357609 0.250810 0.355737 0.249769
1 0.633260 0.530370 0.631734 0.532583 0.630604 0.534690 0.629812 0.535694 0.628682 0.538306 0.627667 0.541421 0.627044 0.544333 0.626818 0.547250 0.627326 0.551065 0.627667 0.554583 0.629320 0.560106 0.631807 0.564926 0.630677 0.566134 0.628305 0.561514 0.626818 0.556588 0.625745 0.550565 0.625687 0.546343 0.626479 0.541824 0.627383 0.537505 0.628909 0.533588 0.633880 0.527356 0.635417 0.526130 0.638286 0.524028 0.642297 0.523056 0.645294 0.523037 0.646143 0.523111 0.646797 0.523343 0.648620 0.523986 0.649211 0.524361 0.650435 0.525412 0.650891 0.525449 0.653544 0.527458 0.655578 0.530171 0.657500 0.533986 0.658500 0.538343 0.659414 0.542125 0.659313 0.547167 0.658096 0.553287 0.656315 0.557995 0.655240 0.560306 0.654247 0.561389 0.653148 0.562519 0.653320 0.561713 0.655578 0.557593 0.656427 0.555083 0.656880 0.553287 0.657995 0.547347 0.658096 0.543745 0.658096 0.542125 0.657690 0.539426 0.656935 0.535394 0.655578 0.532782 0.653714 0.529968 0.651398 0.527356 0.650615 0.526755 0.648354 0.525329 0.647333 0.525199 0.646458 0.524907 0.644742 0.524713 0.643167 0.524569 0.641729 0.524722 0.639492 0.525245 0.637594 0.525995 0.635563 0.527560 0.634049 0.529648
1 0.647333 0.525199 0.647479 0.526236 0.647953 0.526690 0.648500 0.527565 0.650104 0.528731 0.651674 0.531032 0.653680 0.533370 0.654263 0.533694 0.654846 0.534472 0.655104 0.538361 0.656198 0.540273 0.656380 0.539398 0.656052 0.535056 0.655141 0.532657 0.653206 0.530060 0.652003 0.529153 0.651310 0.528634 0.650615 0.526755 0.648354 0.525329
6 0.617768 0.522644 0.614828 0.526713 0.616135 0.519505
5 0.496453 0.256250 0.496362 0.258611 0.496565 0.260773 0.494539 0.263292 0.489576 0.259509 0.487552 0.258431 0.486841 0.259329 0.485120 0.259329 0.483297 0.259153 0.481677 0.258611 0.480562 0.256449 0.479146 0.253389 0.477831 0.251407 0.473273 0.249250 0.472260 0.248528 0.473474 0.243847 0.477018 0.244750 0.477221 0.242046 0.476919 0.240069 0.477323 0.238088 0.474995 0.232866 0.475096 0.229986 0.475703 0.226926 0.476107 0.224046 0.476008 0.220444 0.475096 0.219185 0.473273 0.221162 0.471146 0.221884 0.470336 0.222963 0.469828 0.224583 0.467195 0.224403 0.465372 0.222065 0.467195 0.218102 0.466995 0.215944 0.464766 0.214505 0.462682 0.214028 0.459195 0.214144 0.457982 0.213241 0.456766 0.211620 0.457474 0.209282 0.459602 0.208741 0.467297 0.206403 0.471651 0.204421 0.471854 0.202981 0.473070 0.202079 0.473880 0.200819 0.475500 0.201000 0.476615 0.202259 0.478122 0.203144 0.477922 0.204764 0.483896 0.209625 0.488464 0.212685 0.488958 0.220417 0.489466 0.238250 0.491187 0.251394 0.493617 0.254273 0.495542 0.256250
8 0.437042 0.313704 0.435378 0.326616 0.434596 0.330435 0.434161 0.333588 0.435307 0.333449 0.438143 0.314546
8 0.434599 0.338130 0.432656 0.346574 0.431469 0.354486 0.430591 0.354486 0.430005 0.354222 0.429711 0.353181 0.432740 0.337727
8 0.442073 0.339144 0.460094 0.342792 0.460422 0.339389 0.458091 0.339213 0.444367 0.335954 0.442354 0.335796
8 0.441383 0.333810 0.441237 0.338338 0.434599 0.338130 0.432740 0.337727 0.432740 0.337727 0.432154 0.337556 0.432104 0.336167 0.432055 0.334514 0.432203 0.333736 0.432495 0.333389 0.434161 0.333588 0.435307 0.333449
8 0.585427 0.363347 0.586615 0.363046 0.586953 0.361940 0.587687 0.361537 0.588479 0.361741 0.591190 0.377509 0.588195 0.378616
8 0.351758 0.295514 0.357357 0.313032 0.359596 0.311440 0.353281 0.292963
8 0.467112 0.387528 0.460638 0.384856 0.459919 0.389157 0.478487 0.397875 0.479206 0.392528 0.468745 0.388111 0.468411 0.389852 0.468060 0.390787 0.467536 0.390787 0.466922 0.390162 0.466747 0.389231
8 0.619646 0.526551 0.615698 0.530167 0.611120 0.533185 0.602034 0.536907 0.601510 0.534000 0.613474 0.528653 0.614500 0.527875 0.618508 0.524352
10 0.515224 0.307565 0.515995 0.306773 0.517367 0.307472 0.519003 0.307819 0.520375 0.308519 0.522206 0.309681 0.524297 0.311537 0.533516 0.320838 0.539792 0.327347 0.540380 0.328157 0.541034 0.328741 0.542865 0.329319 0.544237 0.329319 0.545349 0.329319 0.546331 0.329204 0.546984 0.326880 0.548031 0.326417 0.550448 0.326301 0.552018 0.326880 0.552867 0.328042 0.554242 0.328972 0.556398 0.329556 0.560190 0.330366 0.561432 0.330486 0.562151 0.330366 0.562609 0.331764 0.564047 0.331648 0.565682 0.331296 0.566990 0.329787 0.568625 0.327463 0.568755 0.325023 0.568362 0.322694 0.567643 0.320838 0.566859 0.319560 0.565943 0.318861 0.563917 0.319560 0.561367 0.320954 0.560385 0.321884 0.560385 0.323278 0.558818 0.323509 0.556203 0.322347 0.555680 0.320954 0.554828 0.319440 0.553914 0.318278 0.552932 0.316769 0.551690 0.315491 0.541818 0.306426 0.534432 0.300264 0.532404 0.298523 0.529331 0.296431 0.527568 0.294917 0.525932 0.294338 0.523185 0.293639 0.522010 0.293176 0.520768 0.293407 0.518938 0.295731 0.517628 0.298171 0.516974 0.300264 0.515073 0.300708 0.514013 0.301380 0.513247 0.302241 0.512138 0.303403 0.511745 0.304102 0.511615 0.304912 0.511292 0.307162 0.512805 0.306491 0.514013 0.306625
5 0.450396 0.302843 0.469536 0.317245 0.469029 0.323190 0.462750 0.334352 0.462245 0.331829 0.461536 0.331829 0.460422 0.333449 0.460219 0.335792 0.460422 0.339389 0.458091 0.339213 0.445534 0.329310 0.446818 0.322106 0.448307 0.313236 0.450057 0.304056
10 0.412159 0.187940 0.425234 0.179574 0.427719 0.177597 0.429617 0.176667 0.430859 0.176898 0.431839 0.177829 0.432427 0.178412 0.438115 0.174806 0.438508 0.172597 0.439292 0.171088 0.439945 0.170042 0.440927 0.170042 0.441451 0.170741 0.442104 0.171667 0.442823 0.172829 0.443607 0.174227 0.444000 0.176083 0.444000 0.178060 0.443214 0.180384 0.442953 0.181898 0.442560 0.183407 0.441711 0.183755 0.440797 0.183407 0.440143 0.182130 0.436219 0.183755 0.436937 0.186431 0.437266 0.189569 0.437591 0.190847 0.437135 0.191079 0.436089 0.191079 0.435500 0.192824 0.436023 0.195148 0.436872 0.196657 0.436219 0.198750 0.434716 0.200727 0.433865 0.201421 0.432362 0.201421 0.432297 0.200495 0.432102 0.198051 0.430531 0.199097 0.429289 0.199796 0.426281 0.201074 0.410526 0.197472 0.411969 0.190981
8 0.559599 0.350153 0.559711 0.358921 0.558841 0.359032 0.558766 0.349884
8 0.626661 0.516718 0.624047 0.521134 0.620516 0.525551 0.619401 0.523148 0.625680 0.515556
8 0.616135 0.519505 0.614500 0.527875 0.613128 0.527528 0.615089 0.518111
8 0.639594 0.501644 0.641237 0.510204 0.642875 0.517764 0.645753 0.519972 0.643807 0.512954 0.643174 0.509954 0.642245 0.502898 0.641982 0.502648 0.640224 0.498898
8 0.561695 0.441366 0.564013 0.440514 0.562151 0.437417 0.558490 0.432880 0.557771 0.434972
8 0.630401 0.445634 0.630651 0.446574 0.635375 0.470190 0.632565 0.472167 0.627320 0.451236 0.626341 0.446352
5 0.423693 0.279324 0.432312 0.285917 0.434453 0.287912 0.435578 0.288778 0.433677 0.292278 0.432789 0.291972 0.431568 0.289889 0.429174 0.285722 0.427513 0.284421 0.425854 0.283292 0.424583 0.281991 0.423995 0.281880
1 0.488078 0.398944 0.493047 0.394991 0.494812 0.393366 0.496857 0.392185 0.497818 0.391875 0.500089 0.392037 0.502122 0.394051 0.503138 0.394912 0.504594 0.393579 0.505299 0.394444 0.505122 0.395935 0.503182 0.397190 0.501417 0.395227 0.498904 0.393190 0.496872 0.393657 0.491227 0.398130
1 0.566896 0.348972 0.569242 0.358921 0.571284 0.366185 0.573177 0.371833 0.574083 0.371296 0.572117 0.365917 0.570000 0.358787 0.567805 0.349241
2 0.418534 0.245690 0.418156 0.240713 0.410893 0.233856 0.409987 0.233856 0.407112 0.230898 0.404615 0.228477 0.402875 0.227806 0.399924 0.225921 0.397505 0.222157 0.395917 0.222023 0.397052 0.226731 0.397758 0.235491 0.397823 0.236694 0.399260 0.236829 0.400242 0.237231 0.402437 0.238847 0.405388 0.241532 0.406510 0.241806 0.404401 0.237083 0.406432 0.236278 0.410440 0.244074 0.416794 0.243940
2 0.416719 0.251069 0.415966 0.259801 0.417893 0.260579 0.418505 0.259801 0.419154 0.259690 0.419458 0.253370 0.419609 0.252157 0.420365 0.251218 0.421727 0.249468 0.419443 0.249588 0.418836 0.250398 0.417779 0.249722 0.416870 0.250130
1 0.441383 0.333810 0.441237 0.338338 0.442188 0.338472 0.442354 0.335796 0.442354 0.335796 0.442617 0.310903 0.442617 0.310903 0.441742 0.311056
2 0.635385 0.616463 0.640469 0.608829 0.642786 0.605509 0.644255 0.601796 0.646177 0.593056 0.644935 0.591546 0.644424 0.590241 0.644539 0.588634 0.646289 0.586125 0.657253 0.593458 0.659456 0.594662 0.649849 0.617968 0.646346 0.623491
8 0.644742 0.524713 0.644997 0.527176 0.645544 0.528861 0.646641 0.530157 0.647698 0.528991 0.647042 0.526981 0.646458 0.524907
2 0.647224 0.527565 0.648500 0.527565 0.650104 0.528731 0.656198 0.540273 0.654146 0.541583 0.652747 0.542880 0.645544 0.528861 0.646641 0.530157 0.647698 0.528991
1 0.619078 0.505444 0.616458 0.517546 0.615547 0.516255 0.617891 0.505000
1 0.621234 0.496843 0.619862 0.503236 0.618815 0.502537 0.619862 0.497190
1 0.626398 0.504977 0.618815 0.502537 0.614174 0.501375 0.611820 0.503236 0.624372 0.507069
1 0.623784 0.493704 0.628753 0.505907 0.629995 0.509394 0.631172 0.513463 0.632219 0.516019 0.634440 0.517181 0.641503 0.519505 0.642810 0.520088 0.644378 0.522412 0.646143 0.523111 0.646797 0.523343 0.646732 0.522181 0.645753 0.519972 0.642875 0.517764 0.636404 0.514278 0.634115 0.513810 0.632349 0.512417 0.629211 0.502769 0.625221 0.492889
1 0.608201 0.506569 0.615594 0.518810 0.617924 0.523671 0.619646 0.526551 0.621266 0.530514 0.622784 0.536995 0.623492 0.547074 0.623646 0.553935 0.624708 0.553917 0.624708 0.547074 0.624102 0.537171 0.622380 0.529611 0.619544 0.523491 0.614380 0.513769 0.609315 0.506028
9 0.622909 0.572630 0.621901 0.572662 0.620206 0.571958 0.619844 0.572046 0.618531 0.573926 0.617146 0.575486 0.617984 0.577560 0.619625 0.575810 0.621159 0.575810 0.622070 0.575745 0.622919 0.574708
2 0.502969 0.390880 0.501612 0.392037 0.500089 0.392037 0.499737 0.389745 0.497862 0.366833 0.500755 0.364431 0.502779 0.369185 0.504008 0.371370 0.510732 0.380106 0.516516 0.387565 0.517745 0.388463 0.517422 0.390463 0.518737 0.395921 0.507815 0.380921 0.506943 0.380921
8 0.632185 0.531778 0.629755 0.542227 0.627440 0.552472 0.627326 0.551065 0.626818 0.547250 0.628513 0.539514 0.629417 0.536296 0.629812 0.535694 0.630604 0.534690 0.631734 0.532583
8 0.632807 0.528565 0.635633 0.517713 0.634440 0.517181 0.633711 0.516912 0.629982 0.532282
8 0.622969 0.567315 0.621901 0.572662 0.620206 0.571958 0.623258 0.559954
2 0.669490 0.492671 0.671453 0.499296 0.668380 0.517894 0.665807 0.535093 0.663279 0.532769 0.662953 0.528699 0.663214 0.523935 0.663737 0.518819 0.664065 0.516611 0.664521 0.514639 0.664849 0.512662 0.665174 0.511731 0.665109 0.508708 0.664914 0.506037 0.665503 0.504060 0.665961 0.503014 0.666680 0.502199 0.666810 0.500343 0.667268 0.495690 0.667594 0.493597 0.668052 0.493250
6 0.426979 0.232361 0.426049 0.228681 0.428490 0.227727 0.432617 0.243741 0.434773 0.252810 0.433531 0.254782 0.432070 0.250778 0.432070 0.250778
14 0.412396 0.177144 0.413180 0.175981 0.414552 0.169819 0.414682 0.163546 0.414292 0.160639 0.412854 0.156454 0.411937 0.155292 0.412003 0.154361 0.412721 0.153431 0.413310 0.151574 0.413245 0.149366 0.412721 0.146806 0.412003 0.144481 0.411219 0.144019 0.410302 0.144481 0.410370 0.149014 0.409781 0.152620 0.407891 0.151190 0.409112 0.158440 0.410070 0.163014 0.412094 0.170486
5 0.500299 0.242028 0.499391 0.238250 0.498578 0.236449 0.498479 0.234287 0.498781 0.232486 0.497971 0.229069 0.496656 0.225106 0.495643 0.219528 0.494326 0.215565 0.492706 0.213046 0.491086 0.210704 0.489263 0.208185 0.486427 0.204403 0.483490 0.202602 0.480453 0.202065 0.478831 0.202241 0.478122 0.203144 0.477922 0.204764 0.483896 0.209625 0.488464 0.212685 0.488958 0.220417 0.489466 0.238250 0.491187 0.251394 0.493617 0.254273 0.495542 0.256250 0.496453 0.256250 0.498174 0.243111
8 0.406237 0.309134 0.399737 0.309273 0.399737 0.309273 0.397799 0.309134 0.400339 0.312005 0.403190 0.310801 0.406471 0.312051
8 0.408724 0.308056 0.410922 0.308509 0.416898 0.307884 0.417016 0.309134 0.416781 0.312259 0.414656 0.312120
8 0.458232 0.241009 0.461685 0.241537 0.459414 0.245458 0.453615 0.244787 0.453708 0.242801 0.454961 0.240574
5 0.711417 0.476319 0.712867 0.478463 0.715456 0.481764 0.715357 0.482718 0.714771 0.482634 0.713404 0.485843 0.712427 0.487755 0.712086 0.488449 0.710914 0.495829 0.709253 0.501472 0.707594 0.507551 0.698117 0.527347 0.683370 0.557560 0.682443 0.549657 0.687815 0.535505 0.690745 0.524565 0.692258 0.515449 0.692648 0.503384 0.692599 0.500431 0.691818 0.499477 0.690987 0.499565 0.690305 0.501037 0.689719 0.502949 0.688643 0.517708 0.686445 0.527171 0.684346 0.534810 0.681708 0.541148 0.679805 0.517449 0.681318 0.514407 0.682198 0.513019 0.686984 0.501731 0.691771 0.489144 0.692549 0.487125 0.695294 0.478273 0.697023 0.468218 0.696729 0.467917 0.696096 0.467394 0.695672 0.466565 0.695419 0.465292 0.694997 0.464690 0.694576 0.464241 0.694492 0.463491 0.695083 0.462889 0.695630 0.462815 0.696349 0.463037 0.696685 0.463866 0.696940 0.465139 0.697193 0.465741 0.697445 0.465815 0.697656 0.465741 0.700146 0.460486
8 0.663987 0.457606 0.644320 0.472398 0.631990 0.481810 0.630326 0.481542 0.629266 0.474417 0.644094 0.464194 0.659602 0.452227 0.663703 0.456542
5 0.625107 0.437028 0.635091 0.436894 0.643487 0.437838 0.649539 0.438778 0.648737 0.437403 0.647685 0.434912 0.639810 0.426042 0.635849 0.422773 0.635016 0.421699 0.633956 0.419278 0.632823 0.418065 0.631234 0.417662 0.630477 0.417259 0.629190 0.415648 0.627753 0.413361 0.626620 0.412148 0.624805 0.409190 0.624122 0.408116 0.622682 0.407856 0.620456 0.406056 0.616302 0.403356 0.606987 0.395796 0.605669 0.395796 0.603745 0.395255 0.601620 0.392736 0.601096 0.391801 0.592852 0.387366 0.585096 0.383454 0.585326 0.393403 0.592359 0.397708 0.599091 0.401472 0.602117 0.402954 0.604615 0.404565 0.604690 0.403222 0.605521 0.403222 0.605794 0.405157 0.606247 0.408250 0.607307 0.410806 0.608518 0.412690 0.610333 0.414032 0.611771 0.414704 0.611695 0.416722 0.610409 0.419144 0.612073 0.420218 0.612148 0.420755 0.611695 0.422639 0.613435 0.426944 0.614266 0.428019 0.621302 0.434069
5 0.648026 0.460968 0.637438 0.453032 0.636906 0.451819 0.632974 0.448861 0.630651 0.446574 0.630401 0.445634 0.636529 0.445500 0.655138 0.447250 0.656875 0.449227 0.659602 0.452227 0.659602 0.452227
8 0.626341 0.455301 0.627518 0.454954 0.628107 0.465065 0.628760 0.467972 0.627974 0.469713 0.627583 0.469829 0.626930 0.468435 0.626276 0.464602 0.626143 0.458787
8 0.421969 0.211588 0.432359 0.205139 0.445120 0.199921 0.453388 0.196903 0.460578 0.194694 0.461690 0.193764 0.460906 0.192370 0.461167 0.190278 0.462672 0.190046 0.465273 0.193079 0.466083 0.195597 0.466284 0.201722 0.466284 0.204602 0.465576 0.206042 0.464766 0.206042 0.463651 0.204602 0.462336 0.203699 0.461221 0.203343 0.448057 0.207843 0.432258 0.213782 0.431234 0.213718 0.431549 0.215042 0.429047 0.216051 0.425836 0.217394 0.422044 0.220764 0.413807 0.224597 0.412323 0.225713 0.411474 0.225481 0.410885 0.224903 0.409448 0.224903 0.405721 0.223042 0.402648 0.222227 0.400818 0.222810 0.398659 0.224088 0.397505 0.222157 0.395917 0.222023 0.392563 0.209282 0.396510 0.209282 0.398034 0.209981 0.398034 0.212690 0.398620 0.214356 0.399674 0.214981 0.401315 0.214981 0.402487 0.213940 0.402479 0.211704 0.404208 0.211264 0.404714 0.213602 0.406841 0.215583 0.409271 0.217565 0.410891 0.218282 0.412714 0.217745 0.415979 0.215407
6 0.397451 0.284213 0.407070 0.286903 0.407461 0.284301 0.407187 0.281852 0.406602 0.281898 0.404151 0.281588 0.401964 0.280653 0.400563 0.279083 0.400125 0.277213 0.397630 0.278227 0.397456 0.280403 0.397367 0.281806 0.397281 0.283051
6 0.407461 0.284301 0.409297 0.282509 0.410805 0.280389 0.411156 0.277472 0.409490 0.277852 0.407161 0.281806
8 0.495573 0.306380 0.494417 0.310236 0.481536 0.301111 0.482633 0.296481 0.493477 0.303681
8 0.461349 0.215366 0.463018 0.215657 0.464206 0.216426 0.465557 0.216713 0.466474 0.216903 0.466995 0.215944 0.464766 0.214505 0.464799 0.214505 0.462318 0.213931 0.459195 0.214144 0.459510 0.215519
10 0.635563 0.527560 0.637594 0.525995 0.639492 0.525245 0.641729 0.524722 0.643167 0.524569 0.652747 0.542880 0.646536 0.549167
10 0.635417 0.526130 0.634234 0.523278 0.634951 0.520352 0.635669 0.521181 0.636302 0.521403 0.637063 0.520880 0.637484 0.520130 0.637568 0.519153 0.637398 0.518250 0.640227 0.519227 0.642297 0.523056 0.638286 0.524028
8 0.462313 0.215685 0.462359 0.217926 0.461984 0.218671 0.461893 0.223069 0.462826 0.223819 0.466474 0.216903 0.465557 0.216713 0.464206 0.216426 0.463018 0.215657
1 0.487474 0.270556 0.487156 0.270486 0.487016 0.271153 0.488555 0.273227 0.489909 0.274139 0.489768 0.275551 0.489909 0.277542 0.490328 0.279532 0.490328 0.281856 0.489349 0.282602 0.488648 0.283681 0.488555 0.284343 0.489536 0.286171 0.490656 0.287000 0.492055 0.287083 0.492849 0.286750 0.493643 0.288162 0.494297 0.287250 0.495234 0.286389 0.496771 0.283102 0.497609 0.281440 0.497448 0.278250 0.496443 0.281273 0.496164 0.275551 0.495784 0.273005 0.495633 0.271523 0.496388 0.269505 0.497221 0.265741 0.495708 0.268056 0.493612 0.269213 0.491951 0.269468 0.491083 0.270366 0.490721 0.272940 0.490143 0.272681 0.488625 0.272296
6 0.485513 0.289037 0.484453 0.293472 0.493477 0.303681 0.494305 0.301727 0.493539 0.300250 0.492240 0.294523 0.492294 0.292917 0.491940 0.292301 0.487693 0.288403 0.487367 0.289106
8 0.474750 0.301843 0.471938 0.315505 0.470315 0.315505 0.473000 0.301731 0.473438 0.300954 0.474250 0.300954
8 0.475875 0.306065 0.472500 0.320171 0.465503 0.341940 0.463940 0.341162 0.470003 0.322505 0.471938 0.315505 0.475250 0.301731
1 0.481935 0.302509 0.480622 0.313727 0.481997 0.317060 0.481060 0.317505 0.477750 0.309065 0.477812 0.310954 0.477750 0.311838 0.476312 0.314838 0.475688 0.316838 0.475500 0.318616 0.474625 0.318505 0.475000 0.315838 0.475937 0.313727 0.476500 0.312505 0.476750 0.311398 0.476630 0.309185 0.477068 0.305296 0.477880 0.300301 0.478880 0.295301 0.479646 0.295394 0.479320 0.297315 0.478133 0.306435 0.480562 0.308644 0.481247 0.302398
6 0.502969 0.390880 0.506943 0.380921 0.507815 0.380921 0.520008 0.397440 0.525234 0.404319 0.524943 0.400366 0.525911 0.400190 0.526685 0.406731 0.527846 0.408796 0.532203 0.412921 0.535008 0.417051 0.535784 0.418083 0.533943 0.421009 0.527266 0.414986 0.523492 0.411718 0.522039 0.415333 0.522523 0.417398 0.521750 0.417741 0.517008 0.408968 0.510620 0.400537
8 0.465000 0.344778 0.466174 0.343037 0.471211 0.361403 0.471799 0.361519 0.472201 0.363014 0.471333 0.363787 0.471260 0.365074 0.472060 0.367444 0.471135 0.368537 0.466104 0.348579
8 0.468411 0.389852 0.471737 0.374292 0.472786 0.369000 0.472060 0.367444 0.471135 0.368537 0.467844 0.380750 0.466747 0.389231 0.466922 0.390162 0.467536 0.390787 0.468060 0.390787
8 0.556383 0.376944 0.562305 0.378361 0.568701 0.379491 0.572411 0.379662 0.572461 0.377926 0.563437 0.376991 0.557138 0.375731
8 0.553307 0.285389 0.555070 0.284458 0.559703 0.309181 0.560385 0.316306 0.558672 0.316301 0.557943 0.311343
8 0.430385 0.215616 0.431138 0.219333 0.428714 0.218292 0.428568 0.216250
8 0.506737 0.251069 0.513721 0.252069 0.511271 0.253157 0.509258 0.252847 0.506685 0.252241
8 0.543440 0.299495 0.544760 0.298639 0.546133 0.296546 0.547049 0.293870 0.547115 0.291778 0.546656 0.288991 0.546331 0.288875 0.546068 0.289222 0.546396 0.290852 0.546526 0.293176 0.545781 0.295046 0.544958 0.296315 0.543977 0.297477 0.543063 0.298153 0.541776 0.302722 0.542531 0.302856
8 0.544583 0.301944 0.546724 0.309079 0.545992 0.310120 0.544625 0.308991 0.544039 0.305083
8 0.546724 0.309079 0.546919 0.308731 0.554245 0.313940 0.554031 0.316171 0.552932 0.316769 0.545992 0.310120
8 0.550508 0.332264 0.549461 0.336329 0.563911 0.347255 0.570776 0.351324 0.568487 0.344931
8 0.581172 0.359810 0.572148 0.353065 0.570776 0.351324 0.568487 0.344931 0.564432 0.331449 0.565682 0.331296 0.570482 0.345907 0.570779 0.346880 0.572409 0.350278 0.573854 0.351986 0.581503 0.358264
8 0.488984 0.322593 0.488445 0.324935 0.487833 0.327269 0.486958 0.328046 0.477898 0.321449 0.477172 0.314218 0.477565 0.314218 0.481060 0.317505
1 0.559250 0.385042 0.559445 0.390157 0.559445 0.392130 0.555326 0.395620 0.555456 0.397130 0.559445 0.393991 0.559510 0.395269 0.555979 0.399685 0.556503 0.400616 0.559706 0.396667 0.559641 0.403292 0.560622 0.402824 0.560622 0.395620 0.561013 0.395384 0.561930 0.395500 0.563497 0.394806 0.561865 0.390968 0.560294 0.391435 0.559969 0.384810
8 0.573427 0.390477 0.561898 0.400824 0.561276 0.398718 0.572862 0.388370
8 0.483198 0.399778 0.492727 0.397782 0.492823 0.401343 0.492477 0.401083 0.490870 0.401431 0.482708 0.402963
8 0.463581 0.392528 0.461685 0.395431 0.460443 0.394505 0.462469 0.390551 0.463122 0.390667 0.463581 0.391366
8 0.448490 0.358560 0.449979 0.361519 0.449979 0.374120 0.448490 0.376921
8 0.462581 0.340199 0.465503 0.341940 0.466174 0.343037 0.466174 0.343037 0.465000 0.344778 0.463365 0.343852 0.462646 0.344431
8 0.441313 0.348292 0.445953 0.364787 0.448404 0.375676 0.447091 0.376764 0.444201 0.364787 0.440437 0.350625
8 0.441664 0.343778 0.451203 0.364009 0.451729 0.361361 0.442102 0.340199
8 0.462581 0.376241 0.464148 0.378431 0.465461 0.382477 0.467112 0.387528 0.463099 0.385898 0.462398 0.383412 0.461523 0.382167 0.460734 0.381074 0.460385 0.379366 0.461807 0.379856 0.462000 0.378995
8 0.459737 0.384171 0.457578 0.383241 0.456076 0.383241 0.453133 0.383935 0.452763 0.387366 0.454440 0.388935 0.456729 0.388588 0.458362 0.389167
8 0.457776 0.391722 0.454440 0.388935 0.452763 0.387366 0.452461 0.390324 0.452461 0.392477 0.456250 0.398380
8 0.460638 0.384856 0.459919 0.389157 0.458461 0.395690 0.458461 0.396269 0.460227 0.399060 0.459443 0.401616 0.456695 0.396384 0.457776 0.391722 0.459737 0.384171 0.459737 0.384171
6 0.495505 0.408111 0.489883 0.420551 0.485893 0.423806 0.485568 0.425778 0.484914 0.427523 0.484784 0.433685 0.479357 0.428801 0.487854 0.409042 0.489883 0.404509
8 0.495766 0.434148 0.497073 0.434148 0.500997 0.447745 0.498604 0.446130
8 0.508253 0.441120 0.507953 0.439273 0.507823 0.436718 0.507888 0.433694 0.509849 0.434042 0.509654 0.437995 0.510109 0.441949 0.510437 0.447176 0.509299 0.446120
2 0.679297 0.507662 0.682698 0.512546 0.679805 0.517449 0.679805 0.517449
10 0.663464 0.568051 0.667513 0.577593 0.666299 0.578852 0.664982 0.581370 0.663260 0.585333 0.661844 0.588394 0.661438 0.588755 0.657591 0.579750 0.655495 0.574907 0.661034 0.568949
10 0.637859 0.508546 0.639862 0.510981 0.640643 0.513065 0.640495 0.514537 0.639568 0.515319 0.639128 0.515931 0.636404 0.514278
1 0.646935 0.482093 0.647125 0.483125 0.649609 0.485102 0.650990 0.486046 0.653146 0.486856 0.656023 0.487324 0.657461 0.487787 0.657372 0.485134 0.656096 0.484954 0.652167 0.484319 0.650279 0.482866 0.648766 0.481046
2 0.653503 0.479699 0.650839 0.480509 0.650279 0.482866 0.652167 0.484319 0.656096 0.484954 0.657372 0.485134 0.657294 0.483176
10 0.671596 0.484023 0.673474 0.486963 0.673180 0.488741 0.670570 0.487440 0.665633 0.485347 0.664979 0.486856 0.663932 0.487671 0.661906 0.487903 0.659227 0.487787 0.657461 0.487787 0.657294 0.483176 0.653503 0.479699 0.653352 0.477815 0.651802 0.477926 0.652453 0.474565 0.646310 0.470889 0.651818 0.466815 0.652648 0.468028 0.654714 0.468806 0.659552 0.471398 0.660141 0.469773 0.660794 0.468259 0.661776 0.466866 0.663018 0.466519 0.664654 0.466866 0.665044 0.467796 0.665174 0.469542 0.664979 0.472329 0.664521 0.475120 0.664992 0.475884 0.665057 0.477977 0.664927 0.481583
2 0.483997 0.376190 0.487857 0.374171 0.493443 0.374134 0.494589 0.387755 0.496857 0.392185 0.494812 0.392551 0.490273 0.392319 0.490057 0.390648 0.489695 0.389106 0.488828 0.387819 0.487526 0.386662 0.486370 0.386278 0.484201 0.386792 0.482828 0.387949 0.482177 0.388847 0.478740 0.379116
2 0.530836 0.466356 0.530508 0.461940 0.529266 0.462861 0.518133 0.453903 0.519432 0.464718 0.529383 0.473486 0.529734 0.472653 0.534185 0.470986 0.534953 0.469144 0.533711 0.468565
2 0.537818 0.480981 0.529383 0.473486 0.529734 0.472653 0.534185 0.470986 0.533711 0.468565 0.534953 0.469144 0.537242 0.471120
9 0.548771 0.462440 0.548362 0.463069 0.548576 0.465995 0.554036 0.466653 0.554297 0.462921
2 0.564013 0.456852 0.567602 0.456231 0.568914 0.457009 0.569789 0.458875 0.571279 0.460120 0.572766 0.460588 0.572154 0.476458 0.568984 0.472653 0.562875 0.466968 0.562964 0.459495 0.563401 0.457477
2 0.596659 0.479412 0.597273 0.480037 0.598313 0.483009 0.599628 0.482074 0.604792 0.480361 0.609779 0.479120 0.612667 0.479583 0.615906 0.480829 0.622299 0.476352 0.617789 0.476352 0.615633 0.475421 0.614062 0.474375 0.618966 0.472750 0.619359 0.471819 0.619227 0.468681 0.620208 0.468796 0.620862 0.469843 0.622104 0.469259 0.622430 0.468333 0.622497 0.466704 0.621320 0.465773 0.619161 0.466356 0.618443 0.465542 0.617659 0.463917 0.617753 0.465565 0.610576 0.464787 0.609352 0.461208 0.597359 0.460431 0.596747 0.470699
9 0.598313 0.483009 0.597273 0.480037 0.596659 0.479412 0.592721 0.480505 0.589745 0.481125 0.589919 0.483926 0.594909 0.482681 0.595172 0.483616 0.596214 0.488301 0.597526 0.490634 0.598753 0.490167 0.599539 0.488921 0.599102 0.486278
2 0.590612 0.490167 0.593063 0.486898 0.595076 0.486898 0.596214 0.488301 0.597526 0.490634 0.598753 0.490167 0.599539 0.488921 0.599102 0.486278 0.598313 0.483009 0.599628 0.482074 0.604792 0.480361 0.609779 0.479120 0.612667 0.479583 0.615906 0.480829 0.612852 0.482991 0.600948 0.491394 0.592458 0.498088
2 0.587549 0.487519 0.586760 0.490634 0.586148 0.493588 0.585622 0.495921 0.585448 0.498569 0.585010 0.502458 0.585018 0.505866 0.585544 0.508667 0.584669 0.514421 0.584659 0.516306 0.583435 0.517861 0.579497 0.516463 0.578534 0.514750 0.577659 0.514282 0.576083 0.513662 0.574333 0.512259 0.573281 0.510704 0.572844 0.509306 0.573195 0.488144 0.574508 0.485653 0.575031 0.483009 0.575820 0.481296 0.577055 0.479412 0.577667 0.478949 0.578542 0.478014 0.580206 0.478634 0.582656 0.480972 0.583706 0.480972 0.584661 0.480972 0.586148 0.481921 0.586760 0.482231 0.587469 0.486106
2 0.584661 0.474444 0.586323 0.466514 0.584836 0.464491 0.582909 0.459981 0.580458 0.454380 0.578359 0.452199 0.575557 0.450486 0.574779 0.448917 0.574430 0.447829 0.573466 0.449694 0.573203 0.452963 0.572154 0.476458 0.573466 0.475991 0.573904 0.476301 0.574078 0.477704 0.577055 0.479412 0.577667 0.478949 0.578542 0.478014 0.580206 0.478634 0.582656 0.480972 0.583706 0.480972 0.584661 0.480972 0.584932 0.475991
2 0.589740 0.450000 0.589385 0.458736 0.589385 0.465583 0.589737 0.471648 0.589562 0.473981 0.590000 0.487519 0.589125 0.485032 0.587635 0.478343 0.585622 0.475074 0.588247 0.467602 0.586323 0.466514 0.584836 0.464491 0.582909 0.459981 0.580458 0.454380 0.578359 0.452199 0.575557 0.450486 0.574779 0.448917 0.578279 0.448917 0.587120 0.449852
2 0.605167 0.442315 0.605849 0.443782 0.605938 0.446273 0.605849 0.448449 0.605411 0.449227 0.595346 0.450319 0.587120 0.449852 0.578279 0.448917 0.574779 0.448917 0.574430 0.447829 0.574953 0.446894 0.580818 0.443782 0.585633 0.442847 0.592370 0.442227 0.604031 0.441912
2 0.593539 0.411745 0.593685 0.415153 0.594034 0.419352 0.593596 0.422463 0.592021 0.424801 0.589745 0.427602 0.588083 0.429000 0.586245 0.430245 0.585544 0.431958 0.585544 0.434759 0.587206 0.434912 0.591057 0.429468 0.592021 0.428690 0.597096 0.427444 0.599547 0.426977 0.601211 0.426667 0.602086 0.425111 0.602260 0.422931 0.602260 0.421375 0.601648 0.415773 0.601299 0.413130 0.599984 0.409394 0.598497 0.407218 0.597625 0.408384
2 0.572411 0.379662 0.572487 0.381931 0.572714 0.385431 0.572862 0.388370 0.573427 0.390477 0.574000 0.395245 0.575437 0.403181 0.574253 0.404259 0.575917 0.409551 0.580906 0.409861 0.584143 0.403639 0.585672 0.398167 0.585326 0.393403 0.585096 0.383454 0.584365 0.372921 0.583154 0.365255 0.581339 0.364852 0.580430 0.364718 0.579523 0.365662 0.578388 0.366736 0.577328 0.368213 0.576648 0.368620 0.576195 0.366870 0.575513 0.367005 0.575060 0.367944 0.574620 0.370528 0.574083 0.371222 0.573177 0.371833 0.572714 0.374134 0.572638 0.376148 0.572461 0.377926
2 0.572411 0.379662 0.572487 0.381931 0.572714 0.385431 0.572862 0.388370 0.570747 0.390000 0.569688 0.386907 0.569688 0.384083 0.569688 0.382065 0.567721 0.380991 0.568701 0.379491
2 0.562305 0.378361 0.560951 0.380727 0.558154 0.381810 0.555328 0.382611 0.553802 0.382713 0.551089 0.379903 0.551234 0.378120 0.559549 0.380144 0.559844 0.378981 0.561542 0.377894
1 0.555130 0.385847 0.558180 0.385144 0.559250 0.385042 0.559969 0.384810 0.561063 0.383338 0.561826 0.382389 0.562266 0.381954 0.562651 0.380324 0.562305 0.378361 0.560951 0.380727 0.559310 0.382833 0.557445 0.383537 0.555156 0.384181
2 0.542570 0.387356 0.543742 0.387236 0.545677 0.386505 0.547531 0.382861 0.544961 0.384069 0.542841 0.383935 0.541935 0.381782 0.540724 0.380171
2 0.539367 0.389097 0.537013 0.381194 0.536687 0.379218 0.537211 0.377593 0.537930 0.376079 0.538453 0.375616 0.541917 0.369222 0.542245 0.369690 0.541708 0.371162 0.540497 0.375194 0.540497 0.377616 0.540724 0.380171 0.542570 0.387356
9 0.541328 0.395259 0.539891 0.392699 0.538518 0.392468 0.537865 0.393051 0.537930 0.394329 0.538844 0.396537 0.539628 0.399208
2 0.671844 0.504060 0.672432 0.514403 0.673479 0.530213 0.665633 0.543810
2 0.630651 0.446574 0.635375 0.470190 0.639036 0.467634 0.639365 0.454616 0.637438 0.453032 0.636906 0.451819 0.632974 0.448861
2 0.640919 0.455769 0.641182 0.466343 0.644094 0.464194 0.648026 0.460968
9 0.532995 0.290185 0.532961 0.295245 0.530891 0.295556 0.529331 0.296431 0.528219 0.293755 0.530042 0.292199
9 0.606805 0.524352 0.606805 0.526560 0.605891 0.528653 0.603930 0.531093 0.602555 0.532139 0.602490 0.533769 0.600857 0.534000 0.600659 0.531907 0.597849 0.532023 0.596148 0.531444 0.594776 0.530051 0.593599 0.528074 0.592552 0.525750 0.593859 0.523773 0.595036 0.522727 0.595888 0.522028 0.597130 0.521681 0.597784 0.521796 0.597914 0.521912 0.600070 0.520403 0.601445 0.519356 0.602622 0.519472 0.603341 0.519472 0.603995 0.518889 0.605302 0.518889 0.606086 0.519935 0.606544 0.521333
9 0.629490 0.558801 0.630620 0.558801 0.632203 0.559602 0.633615 0.561213 0.634089 0.562361 0.631807 0.564926 0.629320 0.560106
9 0.628305 0.561514 0.625479 0.568847 0.628531 0.568343 0.630677 0.566134
9 0.632203 0.559602 0.641273 0.551074 0.642232 0.553287 0.634089 0.562361 0.633615 0.561213
8 0.595172 0.483616 0.592685 0.484370 0.593063 0.486898 0.595755 0.486116
5 0.651818 0.466815 0.652648 0.468028 0.654714 0.468806 0.659552 0.471398 0.660141 0.469773 0.660794 0.468259 0.661776 0.466866 0.663018 0.466519 0.664654 0.466866 0.665044 0.467796 0.665174 0.469542 0.664979 0.472329 0.664521 0.475120 0.664992 0.475884 0.667151 0.469375 0.667805 0.467403 0.668130 0.466588 0.667378 0.459653 0.664578 0.459185 0.663987 0.457606
10 0.673680 0.463699 0.675125 0.466356 0.675911 0.468796 0.676107 0.471468 0.676042 0.473912 0.674146 0.476120 0.673362 0.479491 0.672641 0.481231 0.671922 0.483208 0.671596 0.484023 0.664927 0.481583 0.665057 0.477977 0.664992 0.475884 0.667151 0.469375 0.667805 0.467403 0.668130 0.466588 0.667378 0.459653 0.670180 0.462921 0.671755 0.463699
7 0.558586 0.445769 0.555260 0.445648 0.553247 0.445648 0.552109 0.446116 0.550971 0.447519 0.549846 0.448458 0.549307 0.450977 0.549112 0.454713 0.548771 0.462440 0.554297 0.462921 0.556924 0.452185 0.563138 0.450940 0.561036 0.448759
10 0.610576 0.464787 0.609352 0.461208 0.608826 0.459185 0.607339 0.450319 0.605326 0.450630 0.605411 0.449227 0.605849 0.448449 0.605938 0.446273 0.605849 0.443782 0.605167 0.442315 0.608344 0.439491 0.613185 0.438685 0.618479 0.437875 0.625107 0.437028 0.635091 0.436894 0.643487 0.437838 0.649539 0.438778 0.653112 0.444250 0.655138 0.447250 0.636529 0.445500 0.630401 0.445634 0.626341 0.446352 0.619672 0.446352 0.619018 0.447051 0.618690 0.447861 0.616742 0.447759 0.616417 0.462870 0.617070 0.463218 0.617659 0.463917 0.617753 0.465565
2 0.601096 0.391801 0.592852 0.387366 0.592094 0.385616 0.592245 0.383736 0.593003 0.383602 0.595346 0.384542 0.596935 0.385616 0.601096 0.388171 0.600708 0.388773 0.600607 0.390032
2 0.588195 0.378616 0.586180 0.378569 0.585651 0.379375 0.585802 0.381259 0.586482 0.381931 0.592245 0.383736 0.593003 0.383602 0.599492 0.383144 0.600477 0.383681 0.601328 0.382639 0.608302 0.381750 0.609112 0.380310 0.610430 0.377611 0.612354 0.375810 0.612807 0.375343 0.610763 0.374000 0.606604 0.373727 0.602443 0.374671 0.601536 0.374134 0.600628 0.375074 0.600628 0.375477 0.591190 0.377509
1 0.440164 0.243292 0.431969 0.241185 0.431258 0.238324 0.439625 0.241000
9 0.633388 0.603875 0.632458 0.611046 0.631836 0.613657 0.629294 0.613157 0.627211 0.608194 0.629539 0.606218 0.632273 0.602074
2 0.517471 0.450884 0.532732 0.460310 0.533057 0.456245 0.516909 0.446597
2 0.497596 0.435894 0.498185 0.435194 0.508253 0.441120 0.509299 0.446120 0.505573 0.443565 0.498448 0.439028
2 0.658500 0.538343 0.663279 0.532769 0.665807 0.535093 0.664547 0.542500 0.665633 0.543810 0.664781 0.546625 0.661034 0.550764 0.658096 0.553287 0.659313 0.547167 0.659414 0.542125
1 0.490870 0.401431 0.492477 0.401083 0.509966 0.403338 0.509966 0.406551 0.491065 0.403426 0.490529 0.403079 0.490479 0.401690
1 0.550573 0.287644 0.555799 0.299102 0.556482 0.303097 0.553893 0.298231 0.549664 0.289454 0.549992 0.287014
1 0.547008 0.294500 0.557312 0.307264 0.556823 0.304486 0.547203 0.292764
2 0.651109 0.559949 0.621641 0.592713 0.617083 0.581190 0.641490 0.554185 0.654146 0.541583 0.657690 0.539426 0.658096 0.542125 0.658096 0.543745 0.657995 0.547347 0.656880 0.553287 0.655768 0.555269
9 0.547375 0.421144 0.546854 0.421606 0.546854 0.425676 0.544695 0.427769 0.543193 0.427884 0.541753 0.427417 0.540904 0.426491 0.540120 0.418884 0.542133 0.415773 0.545612 0.415449 0.546854 0.416259 0.546721 0.418236
8 0.589297 0.460440 0.592500 0.457407 0.593284 0.461602 0.592109 0.464944 0.589362 0.466250
10 0.515104 0.319861 0.516320 0.319560 0.516974 0.318162 0.516714 0.317116 0.516190 0.315722 0.515211 0.314560 0.514688 0.314097 0.515148 0.309449 0.514315 0.309181 0.513862 0.308639 0.512122 0.308907 0.511292 0.309449 0.510836 0.310926 0.510633 0.312583 0.510174 0.313398 0.509589 0.313630 0.509195 0.313630 0.508867 0.312935 0.508346 0.312935 0.508214 0.313861 0.507992 0.315329 0.507992 0.316412 0.508432 0.317972 0.509219 0.318903 0.509833 0.320463 0.510885 0.322181 0.512021 0.322801 0.513333 0.322801
2 0.572154 0.476458 0.573466 0.475991 0.574023 0.476194 0.574078 0.477704 0.574508 0.485653 0.573195 0.488144 0.572844 0.509306 0.573281 0.510704 0.570508 0.511394 0.562542 0.503690 0.559375 0.500574 0.561253 0.474528 0.563010 0.473278 0.568984 0.472653
2 0.623258 0.559954 0.616169 0.573176 0.611880 0.563532 0.610042 0.559019 0.605052 0.544394 0.607940 0.544394 0.608992 0.545324 0.610479 0.544394 0.609255 0.542681 0.608555 0.542370 0.604583 0.542870 0.606628 0.541125 0.609430 0.538324 0.611354 0.538324 0.614943 0.541278 0.618620 0.545171 0.619495 0.547194 0.619758 0.555593 0.620107 0.556995 0.621068 0.556991
2 0.548576 0.465995 0.548331 0.471208 0.545060 0.472250 0.542568 0.471727 0.543479 0.468819 0.540505 0.470065 0.538841 0.470065 0.540396 0.474111 0.547776 0.490565 0.552109 0.494194 0.554036 0.466653
2 0.543479 0.468819 0.540505 0.470065 0.538841 0.470065 0.537766 0.470074 0.538026 0.467403 0.538484 0.465889 0.540250 0.461940 0.541362 0.460194 0.542081 0.459032 0.542146 0.456824 0.541622 0.455662 0.541362 0.454384 0.541555 0.450926 0.542167 0.448278 0.543393 0.443144 0.543776 0.439611 0.543531 0.437704 0.543305 0.428986 0.544094 0.428829 0.544865 0.430315 0.544865 0.433181 0.544815 0.441861 0.544474 0.445769 0.543935 0.455838 0.545742 0.460093 0.544279 0.463912 0.543984 0.467560
2 0.549406 0.430574 0.549698 0.433440 0.549846 0.438736 0.549992 0.440819 0.550187 0.446028 0.549846 0.448458 0.549307 0.450977 0.549112 0.454713 0.548771 0.462440 0.548526 0.463046 0.548576 0.465995 0.548331 0.471208 0.545060 0.472250 0.542568 0.471727 0.543984 0.467560 0.544279 0.463912 0.545742 0.460093 0.543935 0.455838 0.544474 0.445769 0.544815 0.441861 0.544865 0.433181 0.544865 0.430315 0.545206 0.428838 0.546086 0.428838 0.546768 0.429444 0.547062 0.430403 0.547844 0.430486
1 0.543531 0.437704 0.537083 0.435880 0.536206 0.437282 0.543776 0.439611
1 0.540031 0.432269 0.538031 0.434685 0.536206 0.437282 0.535367 0.436764 0.537156 0.433454 0.537995 0.432741 0.539161 0.430861 0.539401 0.431023 0.539857 0.430324
1 0.533581 0.428579 0.537120 0.431250 0.536242 0.431769 0.533844 0.430208
1 0.531685 0.425208 0.531586 0.426370 0.520547 0.421426 0.519229 0.420296 0.518107 0.419949 0.517813 0.419167 0.517521 0.418384 0.516885 0.417778 0.516349 0.416477 0.516055 0.416130 0.515518 0.416130 0.514982 0.415694 0.514737 0.414824 0.516005 0.414306 0.516495 0.414477 0.517031 0.415259 0.518057 0.416477 0.518888 0.416824 0.519669 0.418384 0.520010 0.418819 0.529680 0.423593
1 0.531643 0.427343 0.526370 0.424046 0.526174 0.425694 0.531464 0.429153
1 0.539857 0.430324 0.539596 0.426491 0.538982 0.418106 0.541607 0.414528 0.542133 0.415773 0.540120 0.418884 0.541432 0.432269 0.540031 0.432269
8 0.644844 0.550787 0.634049 0.529648 0.635563 0.527560 0.646536 0.549167
6 0.567867 0.392944 0.565513 0.386787 0.561458 0.390042 0.564008 0.396315
5 0.673479 0.530213 0.675898 0.556014 0.674786 0.557991 0.674068 0.557875 0.673937 0.555667 0.673609 0.553574 0.673805 0.552644 0.673740 0.551134 0.673216 0.550667 0.672039 0.550551 0.670995 0.550782 0.670406 0.550319 0.670406 0.549273 0.670276 0.547880 0.669490 0.547528 0.668771 0.547995 0.668380 0.548926 0.667398 0.549852 0.666615 0.550898 0.665503 0.551829 0.664195 0.552991 0.662823 0.553458 0.661971 0.552991 0.661711 0.551944 0.666026 0.544972 0.665633 0.543810
6 0.634898 0.499866 0.635070 0.501995 0.630529 0.507204 0.629211 0.502769 0.628622 0.501722 0.628622 0.501722 0.632872 0.496843
8 0.649432 0.521921 0.651630 0.517491 0.652167 0.518792 0.650117 0.524264
6 0.682443 0.549657 0.683370 0.557560 0.676518 0.569523 0.677227 0.564125 0.678240 0.561065
6 0.681708 0.541148 0.679805 0.517449 0.679297 0.507662 0.678844 0.503375 0.678232 0.502287 0.671844 0.504060 0.672432 0.514403 0.673479 0.530213 0.675898 0.556014
5 0.539315 0.399870 0.542211 0.393366 0.545677 0.386505 0.547531 0.382861 0.548969 0.380306 0.549727 0.379227 0.551089 0.379903 0.555156 0.384181 0.555286 0.390806 0.555326 0.395620 0.555456 0.397130 0.555680 0.398824 0.555979 0.399685 0.556503 0.400616 0.557510 0.403940 0.558229 0.404755 0.559602 0.407194 0.561367 0.415329 0.561826 0.418005 0.561695 0.421144 0.561172 0.423699 0.560909 0.426370 0.560909 0.430907 0.561956 0.434509 0.562414 0.436833 0.562151 0.437417 0.558490 0.432880 0.557771 0.434972 0.561695 0.441366 0.559320 0.441690 0.558685 0.440907 0.556927 0.439431 0.554388 0.438648 0.553997 0.439602 0.553117 0.439778 0.552872 0.438736 0.551823 0.430556 0.551102 0.423931 0.549992 0.421375 0.548487 0.421606 0.547375 0.421144 0.546721 0.418236 0.546854 0.416259 0.541687 0.413005 0.538026 0.410681 0.537680 0.409403 0.538203 0.406847 0.538398 0.404639 0.538466 0.402431 0.538922 0.400801
5 0.558229 0.404755 0.559724 0.404569 0.563583 0.405051 0.564560 0.405051 0.565414 0.404727 0.570753 0.404259 0.574253 0.404259 0.575917 0.409551 0.580906 0.409861 0.584143 0.403639 0.585719 0.407995 0.588169 0.410329 0.589307 0.411574 0.591583 0.412662 0.592404 0.410671 0.593539 0.411745 0.593685 0.415153 0.594034 0.419352 0.593596 0.422463 0.592021 0.424801 0.589745 0.427602 0.588083 0.429000 0.586245 0.430245 0.585544 0.431958 0.585544 0.434759 0.587206 0.434912 0.582568 0.441292 0.581604 0.441917 0.575828 0.443782 0.575565 0.442227 0.574604 0.441292 0.573466 0.441139 0.572591 0.442537 0.572154 0.444560 0.569703 0.445181 0.569615 0.442847 0.568914 0.441292 0.567690 0.440514 0.566201 0.440204 0.565677 0.438958 0.564362 0.437560 0.562414 0.436833 0.561956 0.434509 0.560909 0.430907 0.560909 0.426370 0.561172 0.423699 0.561695 0.421144 0.561826 0.418005 0.561367 0.415329 0.559602 0.407194
6 0.461510 0.227847 0.462143 0.227847 0.466510 0.231704 0.465813 0.233259 0.464674 0.236528 0.463799 0.237796 0.460966 0.236324 0.459990 0.232417 0.459943 0.231894 0.459596 0.229056 0.460122 0.228435 0.461609 0.228588
8 0.626479 0.554079 0.624010 0.564954 0.624388 0.555787 0.625745 0.549958 0.625802 0.550463
6 0.615089 0.518111 0.610664 0.523426 0.610271 0.528653 0.606740 0.528190 0.605826 0.530514 0.605039 0.532491 0.610596 0.530167 0.613474 0.528653 0.613128 0.527528 0.613128 0.527528
6 0.618555 0.522065 0.629669 0.508583 0.628753 0.505907 0.627773 0.503120 0.622672 0.508931 0.616919 0.515903 0.616458 0.517546
2 0.663279 0.532769 0.658500 0.538343 0.657500 0.533986 0.655578 0.530171 0.653544 0.527458 0.650891 0.525449 0.650435 0.525412 0.650117 0.524264 0.652167 0.518792 0.651630 0.517491 0.649432 0.521921 0.646635 0.510926 0.645201 0.505227 0.647255 0.507023 0.648310 0.507440 0.649013 0.507440 0.652760 0.512019 0.655807 0.517019 0.657214 0.519310 0.658268 0.519102 0.659792 0.517019 0.661549 0.513894 0.663073 0.509935 0.664128 0.507856 0.664914 0.506037 0.665109 0.508708 0.665174 0.511731 0.664849 0.512662 0.664521 0.514639 0.664065 0.516611 0.663737 0.518819 0.663214 0.523935 0.662953 0.528699
5 0.297013 0.203889 0.288721 0.187306 0.294810 0.183389 0.308674 0.177398 0.311911 0.175097 0.316057 0.171644 0.321370 0.171644 0.331484 0.192037 0.343005 0.212407 0.357388 0.241662 0.371185 0.271329 0.373984 0.280079 0.374555 0.283259 0.376224 0.285444 0.376458 0.288046 0.372870 0.284847 0.369734 0.282472 0.366146 0.278491 0.361979 0.280648 0.359266 0.284731 0.335143 0.254995 0.306938 0.217222
5 0.357547 0.158755 0.356435 0.154731 0.355596 0.153046 0.355523 0.149398 0.359219 0.149204 0.362883 0.148806 0.362883 0.147792 0.358784 0.143718 0.358755 0.142060 0.361227 0.140282 0.364388 0.132481 0.363685 0.130005 0.362427 0.128514 0.362516 0.125519 0.365508 0.125852 0.372786 0.132907 0.378664 0.138218 0.384917 0.144190 0.389536 0.148009 0.395753 0.153481 0.403409 0.161954 0.415229 0.173750 0.423760 0.180292 0.433701 0.189894 0.442901 0.199713 0.447419 0.204171 0.447044 0.206278 0.448794 0.213167 0.449609 0.219051 0.456609 0.225056 0.455227 0.227278 0.454115 0.228287 0.453177 0.229907 0.451172 0.228051 0.449734 0.227046 0.447943 0.231296 0.446706 0.239412 0.439331 0.231185 0.439766 0.240181 0.440266 0.249509 0.434219 0.242505 0.424984 0.232806 0.411701 0.218213 0.396148 0.201894 0.379083 0.182597 0.362451 0.164551
5 0.384917 0.144190 0.377315 0.135782 0.371388 0.129644 0.368401 0.126907 0.368401 0.125662 0.370081 0.123171 0.374234 0.120435 0.375401 0.119190 0.376521 0.112801 0.377409 0.110560 0.381047 0.102597 0.383055 0.102264 0.383570 0.102500 0.384411 0.103250 0.410234 0.129417 0.441930 0.159255 0.468906 0.185454 0.466456 0.189551 0.466456 0.189551 0.465057 0.192620 0.463003 0.198014 0.461883 0.200171 0.461229 0.200088 0.460622 0.199009 0.459596 0.200333 0.460016 0.202412 0.458661 0.206560 0.456328 0.208051 0.456281 0.209546 0.454010 0.212546 0.447419 0.204171 0.442901 0.199713 0.433701 0.189894 0.423760 0.180292 0.415229 0.173750 0.403409 0.161954 0.395753 0.153481 0.389536 0.148009
5 0.464870 0.234852 0.462633 0.232213 0.459487 0.232356 0.457607 0.233384 0.456609 0.233602 0.453638 0.235727 0.452146 0.237019 0.450979 0.238903 0.451461 0.240102 0.462190 0.251861 0.474815 0.265917 0.494823 0.288435 0.498818 0.293671 0.507609 0.302417 0.525440 0.323931 0.533424 0.333111 0.534596 0.334616 0.535724 0.338417 0.535951 0.339593 0.531870 0.341514 0.530984 0.342181 0.531474 0.344005 0.539958 0.353324 0.541630 0.352431 0.541044 0.350500 0.541044 0.345296 0.543135 0.343958 0.546984 0.349014 0.548823 0.347676 0.548992 0.343065 0.552003 0.347676 0.554094 0.347227 0.554010 0.342917 0.556518 0.331167 0.559279 0.325815 0.562307 0.327806 0.563315 0.327157 0.562786 0.326019 0.559375 0.322639 0.557318 0.320694 0.553078 0.316412 0.551865 0.314755 0.550130 0.314398 0.547383 0.311681 0.544583 0.314171 0.542344 0.311602 0.540198 0.310602 0.538469 0.311185 0.536695 0.311269 0.514576 0.287454 0.489557 0.260986
5 0.451461 0.240102 0.449839 0.242657 0.446706 0.239412 0.439331 0.231185 0.439766 0.240181 0.440266 0.249509 0.440211 0.252102 0.437727 0.253926 0.434974 0.255463 0.433948 0.257000 0.436797 0.259120 0.445964 0.269815 0.464237 0.290875 0.480622 0.308231 0.488049 0.313931 0.500633 0.331287 0.511859 0.346162 0.517961 0.354032 0.521133 0.351491 0.526328 0.345542 0.531870 0.341514 0.535951 0.339593 0.535724 0.338417 0.534596 0.334616 0.533424 0.333111 0.525440 0.323931 0.507609 0.302417 0.498818 0.293671 0.494823 0.288435 0.474815 0.265917 0.462190 0.251861
