9 0.568294 0.771718 0.569154 0.771486 0.569753 0.771903 0.571419 0.774079 0.571185 0.775282 0.569935 0.774449 0.568893 0.773662
9 0.568893 0.773662 0.569935 0.774449 0.570781 0.775556 0.570937 0.776481 0.569844 0.776667
1 0.493815 0.679065 0.494445 0.678389 0.496826 0.679352 0.496865 0.680731 0.498948 0.680083 0.498948 0.681704 0.496810 0.683000 0.495977 0.682907 0.496083 0.680917 0.495693 0.679898 0.494544 0.679759 0.494130 0.680731 0.493740 0.680083
2 0.574219 0.748574 0.574948 0.748981 0.577161 0.748565 0.577708 0.749722 0.578542 0.750417 0.580104 0.749444 0.578177 0.748241 0.579479 0.739398 0.576130 0.740611 0.575531 0.739824 0.574792 0.740093 0.574922 0.742546 0.574271 0.743102
2 0.572161 0.738750 0.569792 0.739815 0.567422 0.743472 0.572193 0.747074
2 0.548839 0.786745 0.549865 0.786903 0.550526 0.787815 0.550172 0.784949 0.548893 0.783722 0.548086 0.785296 0.548060 0.787750
2 0.546057 0.782796 0.544857 0.786361 0.544440 0.788954 0.544935 0.791407 0.545117 0.793074 0.545977 0.793171 0.547424 0.788620 0.547490 0.786407 0.548167 0.784185 0.547591 0.782981 0.546628 0.782565
8 0.549396 0.751810 0.550034 0.756019 0.548674 0.759431 0.548125 0.753380
2 0.540701 0.737241 0.541794 0.737472 0.540883 0.742380 0.540049 0.745111 0.534789 0.751685 0.533826 0.748074 0.533565 0.743722 0.536013 0.741500 0.537419 0.743630 0.537784 0.741083 0.537966 0.739741
2 0.530857 0.748491 0.533018 0.748815 0.533409 0.749972 0.533253 0.753954 0.532792 0.755454
2 0.590370 0.886051 0.587430 0.888708 0.585380 0.889727 0.584297 0.891657 0.587159 0.893208 0.589359 0.892301 0.592461 0.889333
1 0.582469 0.855204 0.583398 0.871421 0.583536 0.874458 0.584297 0.891657 0.582979 0.890880 0.581474 0.856704
2 0.584026 0.877185 0.583724 0.879444 0.584297 0.891657 0.585380 0.889727 0.585953 0.879819
2 0.587198 0.881560 0.585510 0.887292 0.585380 0.889727 0.587430 0.888708 0.588766 0.883861
2 0.592461 0.889333 0.589359 0.892301 0.588695 0.893958 0.601805 0.900801
9 0.585185 0.842653 0.586276 0.841898 0.586901 0.842685 0.587214 0.844444 0.586120 0.844398 0.585156 0.844444
9 0.585044 0.848227 0.586016 0.848704 0.587292 0.848472 0.587760 0.847407 0.587474 0.845556 0.585885 0.845231 0.585104 0.845833
1 0.513927 0.868597 0.515047 0.868968 0.515880 0.870356 0.521654 0.884852 0.520307 0.884801 0.515724 0.873736
1 0.525464 0.853588 0.523224 0.855856 0.522651 0.858310 0.518771 0.862755 0.514917 0.866412 0.514161 0.859468 0.513667 0.856366 0.511401 0.854190 0.510411 0.852940 0.509760 0.853681 0.510646 0.856366 0.511792 0.856551 0.512911 0.858588 0.513380 0.862986 0.513667 0.866366 0.514005 0.867940 0.515437 0.868125 0.523536 0.859051 0.525776 0.855116
9 0.520008 0.872486 0.521258 0.874662 0.522326 0.879153 0.521693 0.879583 0.520573 0.878102 0.520607 0.875773 0.519513 0.875588 0.518914 0.873968 0.519122 0.872903
9 0.522745 0.875699 0.524836 0.876875 0.525208 0.878287 0.524635 0.878889 0.523411 0.879537 0.522422 0.877778 0.522135 0.876065
9 0.512930 0.754699 0.513255 0.753241 0.513958 0.752685 0.515130 0.752454 0.514219 0.755833 0.513385 0.755833
8 0.507341 0.749843 0.508201 0.749704 0.510466 0.751324 0.508193 0.752565 0.507211 0.752065
9 0.506979 0.754958 0.509042 0.756954 0.510286 0.758065 0.511953 0.757042 0.511341 0.755440 0.511240 0.754000 0.510328 0.754606 0.509427 0.754222 0.508958 0.754958 0.507995 0.753991 0.507211 0.752065 0.507115 0.753949
2 0.488596 0.406764 0.488909 0.408986 0.488099 0.411574 0.487031 0.414722 0.484143 0.414542 0.484664 0.411255 0.486044 0.410606 0.485914 0.408708 0.485081 0.408662 0.485391 0.406944
2 0.482161 0.420463 0.482500 0.424259 0.484133 0.425310 0.484602 0.427718 0.484367 0.431190 0.483456 0.431231 0.483570 0.432644 0.484443 0.434412 0.486794 0.431333 0.487469 0.431611 0.487677 0.432352 0.488510 0.432213 0.488617 0.428556 0.489292 0.425222 0.492318 0.430370 0.491146 0.427500 0.490964 0.425046 0.491461 0.424116 0.482500 0.419120
2 0.479065 0.418014 0.480599 0.420972 0.479635 0.425093 0.479427 0.428194 0.474039 0.418755 0.477112 0.417921
2 0.461872 0.579630 0.462396 0.581713 0.463255 0.584630 0.465917 0.580065 0.466151 0.579000 0.466932 0.578398 0.469841 0.574167 0.468721 0.573611 0.467654 0.574583 0.467055 0.576620 0.465596 0.576806 0.463852 0.577176
2 0.472266 0.570602 0.473099 0.571852 0.472812 0.573565 0.468156 0.580296 0.467818 0.581824 0.470492 0.589264 0.474245 0.587222 0.475313 0.585000 0.477865 0.585370 0.480266 0.584227 0.480526 0.575708 0.481151 0.572556 0.481750 0.571213 0.480651 0.569028 0.479323 0.570231 0.477135 0.568935 0.475956 0.567792 0.474143 0.566676 0.472445 0.569181
1 0.450990 0.535833 0.450833 0.538380 0.451094 0.541019 0.452031 0.543843 0.452943 0.545278 0.453568 0.544815 0.453359 0.545741 0.453646 0.547130 0.452344 0.547361 0.449779 0.551153 0.448503 0.551662 0.447721 0.554162 0.452174 0.567079 0.456547 0.580875 0.454138 0.586606 0.453021 0.586144 0.452083 0.583968 0.450651 0.581699 0.447862 0.578875 0.445599 0.578134 0.442891 0.577870 0.439479 0.576713 0.438677 0.576213 0.439523 0.571981 0.439115 0.570694 0.448508 0.535060
9 0.438659 0.572227 0.439115 0.570694 0.439523 0.571981 0.438906 0.575046 0.437995 0.575093 0.437526 0.574213
2 0.439547 0.558611 0.436138 0.571972 0.437120 0.573463 0.438659 0.572227 0.437526 0.574213 0.437995 0.575093 0.438906 0.575046 0.438677 0.576213 0.437656 0.575602 0.434792 0.575139 0.432240 0.574861 0.433932 0.571389 0.435117 0.571356 0.435221 0.570106 0.434688 0.570139
2 0.444763 0.580176 0.446771 0.580449 0.449060 0.581792 0.450911 0.585079 0.452185 0.587394 0.451849 0.588056 0.450852 0.586657 0.446784 0.581838
2 0.429062 0.577060 0.431224 0.577870 0.432490 0.577417 0.435807 0.582639 0.434680 0.585019 0.435044 0.586176 0.436503 0.584972 0.436659 0.583954 0.442305 0.592926 0.434948 0.596065 0.433490 0.590722 0.431049 0.580329
1 0.463464 0.553981 0.461172 0.553935 0.458620 0.553241 0.455573 0.550648 0.453984 0.548426 0.452500 0.549491 0.450469 0.553102 0.455638 0.567819 0.458680 0.576796 0.460078 0.577593 0.461406 0.577361 0.461872 0.579630 0.463852 0.577176 0.465596 0.576806 0.467055 0.576620 0.467654 0.574583 0.468383 0.573903 0.467057 0.569134 0.467841 0.567259 0.468503 0.564634 0.467479 0.562491 0.468052 0.559759 0.467297 0.558315 0.463443 0.559569 0.462974 0.560495 0.461750 0.560264 0.461750 0.557810 0.463260 0.558366 0.466544 0.557134 0.465911 0.553426
2 0.492117 0.458769 0.492292 0.460630 0.493854 0.461806 0.495495 0.461991 0.497292 0.461620 0.497578 0.460370 0.497057 0.458287 0.495260 0.458194
2 0.497057 0.458287 0.497578 0.460370 0.503490 0.465139 0.508724 0.469676 0.510328 0.470472 0.505286 0.458704
2 0.497677 0.450685 0.497547 0.454759 0.502474 0.455278
2 0.489424 0.488125 0.491039 0.486597 0.491898 0.489236 0.492445 0.492292 0.491482 0.493032 0.490961 0.492014 0.490076 0.491644
9 0.474547 0.504213 0.475276 0.503190 0.475068 0.502264 0.475719 0.499815 0.477203 0.501060 0.478401 0.504301 0.477307 0.505648 0.476630 0.504995 0.474990 0.506616
2 0.476930 0.406579 0.477060 0.408708 0.478031 0.411736 0.480966 0.413014 0.481904 0.412875 0.482812 0.406944
2 0.452471 0.383958 0.454529 0.387685 0.454977 0.390167 0.454508 0.394722 0.461557 0.397769 0.459440 0.401231 0.456909 0.399625 0.453836 0.399194 0.451979 0.399176 0.449609 0.401903 0.447503 0.399653 0.448768 0.394907 0.450878 0.390926 0.452492 0.387639 0.451596 0.384736
2 0.476956 0.388907 0.474174 0.390412 0.470987 0.394713 0.478755 0.395894 0.478755 0.392296 0.479172 0.389259
2 0.535906 0.436514 0.538044 0.435755 0.537411 0.430236 0.536570 0.428255 0.534609 0.427505
2 0.523516 0.426389 0.524544 0.425907 0.525086 0.424625 0.525898 0.425319 0.525990 0.427407 0.524966 0.428157 0.524242 0.428157
2 0.524479 0.440000 0.525992 0.439931 0.526115 0.442023 0.525495 0.443380 0.523854 0.442181 0.523763 0.440736
2 0.525990 0.427407 0.527591 0.428574 0.527620 0.425417 0.529292 0.426671 0.529578 0.428417 0.530271 0.428361 0.531930 0.429861 0.533013 0.436782 0.525443 0.437407 0.525195 0.435690 0.524336 0.434856 0.523794 0.434792 0.523620 0.433333 0.525104 0.430972 0.524766 0.429444 0.524242 0.428157 0.524966 0.428157
2 0.536094 0.390565 0.535078 0.391583 0.536448 0.395903 0.541849 0.395556 0.539349 0.393611 0.537214 0.392500 0.537031 0.391620
2 0.533427 0.393866 0.533919 0.396042 0.532214 0.396157
2 0.532461 0.392616 0.532672 0.393773 0.531198 0.396250 0.530286 0.396250 0.531510 0.393426
2 0.543042 0.453722 0.542865 0.454722 0.545703 0.456667 0.545305 0.455301
2 0.542396 0.456528 0.543042 0.460903 0.545542 0.460903 0.545599 0.458426 0.545599 0.458426
1 0.520747 0.449366 0.525130 0.450231 0.530651 0.451898 0.534328 0.453491 0.536076 0.453917 0.539141 0.455602 0.542396 0.456528 0.545599 0.458426 0.548438 0.459630 0.551536 0.462130 0.553568 0.464167 0.556146 0.469213 0.559505 0.475926 0.564010 0.486204 0.564453 0.489722 0.565260 0.490787 0.564766 0.485324 0.560417 0.475880 0.557057 0.468565 0.555573 0.465278 0.553021 0.461528 0.551354 0.460324 0.549635 0.458889 0.545703 0.456667 0.542865 0.454722 0.540807 0.453796 0.536557 0.452204 0.534599 0.451778 0.530495 0.450278 0.520807 0.447778
8 0.550130 0.459259 0.555948 0.455884 0.558370 0.454162 0.562362 0.454806 0.565227 0.455167 0.565023 0.456745 0.563089 0.456889 0.557805 0.456384 0.556917 0.457319 0.554094 0.458894 0.551354 0.460324
8 0.543042 0.460903 0.545542 0.460903 0.548438 0.459630 0.549740 0.460694 0.547437 0.462051 0.544492 0.462912
2 0.547031 0.431523 0.546563 0.436806 0.545781 0.439167 0.542865 0.454722 0.541940 0.454375 0.545312 0.433611
2 0.539630 0.440574 0.540828 0.440065 0.541398 0.440949 0.542154 0.442523 0.543612 0.444046 0.542911 0.448444 0.541479 0.448630 0.539289 0.448958 0.537622 0.448213
2 0.540828 0.440065 0.541398 0.440949 0.542154 0.442523 0.543612 0.444046 0.544063 0.441250 0.543724 0.437778 0.540807 0.438565
8 0.545781 0.439167 0.547682 0.447778 0.548698 0.447963 0.546563 0.436806
2 0.544661 0.445046 0.545620 0.445620 0.547102 0.447662 0.547682 0.447778 0.548698 0.447963 0.549292 0.449093 0.549422 0.450713 0.548698 0.453796 0.547648 0.456227 0.546841 0.456644 0.545305 0.455301 0.543042 0.453722 0.543326 0.452102 0.545070 0.451454 0.547128 0.451968 0.547703 0.451042 0.547023 0.449190 0.544029 0.448542
8 0.549422 0.450713 0.550937 0.458796 0.550130 0.459259 0.548698 0.453796
8 0.549917 0.453449 0.551896 0.452843 0.554914 0.452940 0.555305 0.454648 0.558370 0.454162 0.555948 0.455884 0.554419 0.455995 0.554289 0.454000 0.550227 0.454838
2 0.551896 0.452843 0.552396 0.451157 0.553073 0.449676 0.553802 0.449769 0.554167 0.450602 0.553828 0.452917
2 0.553828 0.452917 0.554167 0.450602 0.555651 0.448796 0.556094 0.449861 0.556432 0.454491 0.555305 0.454648 0.554914 0.452940
8 0.558370 0.454162 0.563021 0.453056 0.563021 0.454028 0.562362 0.454806
2 0.556917 0.457319 0.557500 0.461389 0.557917 0.463194 0.558073 0.468472 0.557057 0.468565 0.555573 0.465278 0.555755 0.462454 0.554297 0.461019 0.554094 0.458894
8 0.551536 0.462130 0.553229 0.470324 0.552370 0.470787 0.550365 0.461157
2 0.543326 0.452102 0.545070 0.451454 0.544687 0.448657 0.544029 0.448542
2 0.541479 0.448630 0.542911 0.448444 0.542083 0.453565
1 0.511599 0.564093 0.506849 0.570787 0.504479 0.572546 0.503854 0.575185 0.505052 0.575556 0.505026 0.574167 0.507734 0.572454 0.508255 0.571204 0.512563 0.564731
2 0.501589 0.564167 0.506190 0.569181 0.506849 0.570787 0.505078 0.572130 0.503854 0.570139 0.500703 0.567639
2 0.500083 0.570375 0.499396 0.573130 0.502339 0.574750 0.503854 0.575185 0.504479 0.572546
2 0.496302 0.567963 0.496169 0.570213 0.493984 0.567454 0.494583 0.566620 0.495599 0.566296 0.496458 0.566574
8 0.472445 0.569181 0.469661 0.567176 0.469427 0.565139 0.469870 0.563750 0.470807 0.563333 0.471641 0.563704 0.473880 0.567130
2 0.471641 0.563704 0.473880 0.567130 0.474143 0.566676 0.475417 0.556991 0.471406 0.557176 0.471510 0.560694
2 0.469870 0.563750 0.469427 0.565139 0.469661 0.567176 0.472445 0.569181 0.472266 0.570602 0.469841 0.574167 0.468721 0.573611 0.468383 0.573903 0.467057 0.569134 0.467841 0.567259 0.468503 0.564634 0.467917 0.563472
9 0.479031 0.563949 0.479604 0.562051 0.479682 0.559875 0.479057 0.558440 0.478224 0.558486 0.478229 0.564120
2 0.486042 0.537778 0.487031 0.538843 0.488281 0.542162 0.489141 0.544259 0.490573 0.545694 0.489635 0.546620 0.487526 0.544306 0.483932 0.537870 0.484870 0.538148
2 0.489609 0.542995 0.489870 0.541931 0.490440 0.541329 0.492109 0.540032 0.493750 0.542685 0.494870 0.546065 0.495154 0.548088 0.494375 0.548009 0.493802 0.548704 0.493490 0.549954 0.492508 0.550190 0.492143 0.548894 0.492589 0.547921 0.493133 0.548523 0.493109 0.545514 0.492849 0.544449 0.492221 0.543801 0.491120 0.545093
9 0.497883 0.545625 0.499185 0.547292 0.498977 0.548681 0.497622 0.548264 0.496737 0.546875 0.496893 0.545394
2 0.481875 0.609074 0.481458 0.610861 0.479289 0.612736 0.479453 0.616713 0.480737 0.615843 0.482187 0.610560 0.483513 0.610935 0.482966 0.614449 0.489565 0.608829 0.488586 0.607676 0.486581 0.605023 0.484661 0.607731
2 0.408854 0.458935 0.410336 0.458782 0.415128 0.461097 0.418643 0.462718 0.420388 0.462486 0.420987 0.464292 0.425779 0.464523 0.425753 0.465639 0.428164 0.464269 0.429776 0.457542 0.426859 0.455134 0.423969 0.452079 0.421536 0.448287 0.420081 0.449125 0.414469 0.452167 0.409586 0.455144 0.408854 0.456995
2 0.408854 0.458935 0.410336 0.458782 0.415128 0.461097 0.418643 0.462718 0.420388 0.462486 0.420987 0.464292 0.425779 0.464523 0.425753 0.465639 0.423802 0.466806 0.420961 0.466333 0.417159 0.464384 0.408750 0.460722
2 0.494419 0.540995 0.495286 0.542731 0.496060 0.546644 0.496893 0.545394 0.497883 0.545625 0.498143 0.544653 0.497297 0.544051 0.497115 0.542495 0.497266 0.540514 0.498273 0.541273 0.498266 0.540829 0.498161 0.539532 0.497935 0.538079 0.496737 0.537153 0.494836 0.538449
2 0.517682 0.578843 0.516849 0.579306 0.517005 0.580648 0.516276 0.581574 0.515651 0.579398 0.514974 0.578148 0.514089 0.579213 0.514245 0.572593 0.516250 0.573750 0.517474 0.576898
2 0.518151 0.580694 0.517969 0.582130 0.517292 0.583241 0.516198 0.583194 0.516641 0.585972 0.513958 0.587546 0.513917 0.589588 0.521432 0.591157 0.522057 0.583935 0.523464 0.582917 0.525781 0.582824 0.527474 0.581389 0.527214 0.580556 0.525898 0.581269 0.523995 0.581356 0.522773 0.582144 0.522292 0.581435 0.521458 0.581944 0.520677 0.582917 0.520286 0.584398 0.518958 0.584815 0.519401 0.579167
9 0.532885 0.554495 0.531974 0.555421 0.531974 0.557407 0.532365 0.558981 0.533771 0.558616 0.534344 0.556620
2 0.532365 0.558981 0.533771 0.558616 0.534344 0.556620 0.535339 0.558009 0.533880 0.564583 0.533516 0.567222 0.533724 0.568750 0.533151 0.575370 0.530833 0.576250 0.531042 0.574120 0.531380 0.570787 0.531719 0.568889 0.532057 0.563657
2 0.533229 0.574120 0.535885 0.574352 0.536693 0.574537 0.537654 0.574556 0.539685 0.573444 0.541482 0.572704 0.542523 0.571870 0.548799 0.568120 0.550466 0.568352 0.550568 0.570111 0.540411 0.577366 0.539500 0.576023 0.537964 0.577319 0.537029 0.577657 0.535729 0.580093 0.532760 0.583241 0.532760 0.583241 0.532836 0.582148 0.533773 0.579602 0.533151 0.575370
1 0.537370 0.568472 0.538307 0.568102 0.538958 0.569769 0.539687 0.570648 0.538516 0.570833 0.538177 0.571667 0.540651 0.571944 0.541482 0.572704 0.542523 0.571870 0.538359 0.566667 0.537438 0.567019 0.536979 0.567176
2 0.527992 0.569694 0.528070 0.571454 0.529854 0.574181 0.531042 0.574120 0.531380 0.570787 0.528721 0.569093
2 0.551141 0.560690 0.550828 0.561986 0.547937 0.564671 0.546609 0.562866 0.546141 0.564255 0.547365 0.566523 0.551010 0.567079 0.552443 0.564301 0.552208 0.563144 0.553224 0.563144 0.553672 0.562005 0.552208 0.560644
1 0.544922 0.552778 0.546010 0.552681 0.547547 0.555505 0.547260 0.557449 0.546375 0.558190 0.545073 0.557773 0.545151 0.556292 0.546531 0.556153 0.545802 0.554347 0.544635 0.554491
2 0.529516 0.483120 0.531859 0.482838 0.534010 0.481620 0.535651 0.479769 0.535599 0.483056 0.533578 0.484782 0.531234 0.485523 0.529516 0.485153
2 0.531875 0.470463 0.533177 0.471296 0.533578 0.474597 0.532406 0.474042 0.531286 0.472838
2 0.530245 0.468856 0.529047 0.467236 0.528161 0.467843 0.527849 0.469505 0.529672 0.471032
2 0.424172 0.446657 0.430734 0.453972 0.430833 0.452269 0.431276 0.451806 0.431901 0.451806 0.431979 0.453380 0.431695 0.455315 0.433854 0.458102 0.434271 0.456852 0.433542 0.452269 0.431667 0.446019 0.430156 0.443731 0.424753 0.446343
2 0.408750 0.460722 0.409688 0.464537 0.411344 0.464991 0.412021 0.463556 0.414557 0.465833 0.417159 0.464384
2 0.411448 0.507773 0.411526 0.510042 0.410641 0.510458 0.410458 0.511755 0.409443 0.511986 0.409547 0.513051 0.410693 0.514208 0.410589 0.515412 0.410745 0.516847 0.410484 0.518282 0.411359 0.518593 0.412760 0.518009 0.412917 0.520741 0.414932 0.519421 0.415120 0.517495 0.414391 0.516801 0.412750 0.516292 0.412281 0.512218 0.413271 0.508699 0.412776 0.507495 0.412229 0.507403
2 0.418617 0.519477 0.419529 0.522255 0.420388 0.521514 0.419242 0.519292
8 0.419529 0.522255 0.420521 0.525153 0.421518 0.523662 0.420388 0.521514
9 0.455820 0.520074 0.456992 0.520028 0.457693 0.521787 0.457562 0.523361 0.456156 0.524935 0.454464 0.524519
2 0.483576 0.613935 0.482966 0.614449 0.482672 0.616347 0.483182 0.617954 0.483815 0.620310 0.484388 0.620259 0.485443 0.622241 0.486227 0.621597 0.486167 0.620954 0.484268 0.616616
1 0.484060 0.647838 0.482604 0.649352 0.481901 0.651528 0.481510 0.654444 0.481953 0.657778 0.482995 0.659815 0.482760 0.656806 0.482448 0.653843 0.482839 0.651620 0.484505 0.649722
1 0.483815 0.620310 0.484388 0.620259 0.485333 0.623699 0.485750 0.625597 0.487214 0.631019 0.485990 0.629861 0.485260 0.626713 0.484661 0.624306
1 0.484682 0.617676 0.490995 0.614866 0.490880 0.616616 0.490021 0.617079 0.485255 0.618833
2 0.506180 0.687560 0.507073 0.688273 0.514599 0.692301 0.517620 0.692440 0.520302 0.694523 0.523583 0.696190 0.526240 0.694847 0.527385 0.692162 0.530964 0.699000 0.525906 0.707343 0.522924 0.701880 0.520992 0.700565 0.521685 0.696282 0.518521 0.694301 0.517195 0.700139 0.512831 0.699630 0.508221 0.700005 0.504969 0.696769
2 0.509766 0.701481 0.512799 0.701236 0.516685 0.701796 0.515841 0.706245 0.512016 0.702713
2 0.509714 0.704861 0.512138 0.706356 0.515177 0.708708 0.514214 0.713153 0.513641 0.712620 0.512737 0.709514 0.512224 0.709028 0.510719 0.711065 0.511018 0.713315 0.512315 0.713528 0.513461 0.717292 0.512977 0.720032 0.509510 0.717889
2 0.520510 0.702333 0.520240 0.705921 0.519125 0.708171 0.521328 0.708394 0.522953 0.711019 0.524461 0.709699 0.521568 0.702574
2 0.516719 0.717731 0.518161 0.711389 0.519792 0.714125 0.520995 0.714176 0.517828 0.720708
2 0.535096 0.706861 0.533047 0.707986 0.533750 0.710185 0.529115 0.716111 0.530599 0.718380 0.531128 0.715134 0.534453 0.717500 0.534523 0.714255 0.534615 0.712269
2 0.528297 0.688366 0.527385 0.692162 0.530964 0.699000 0.532344 0.695741
2 0.528297 0.688366 0.532344 0.695741 0.533685 0.692681 0.528885 0.684884
2 0.524302 0.689329 0.525708 0.689282 0.526594 0.688032 0.526594 0.686597 0.525057 0.684509 0.524146 0.683861 0.522948 0.683676 0.522609 0.684417
2 0.515417 0.681528 0.514740 0.683657 0.518234 0.685486 0.519042 0.687060 0.524302 0.689329 0.522609 0.684417 0.522948 0.683676 0.519245 0.681898
2 0.512396 0.680370 0.512708 0.682037 0.513281 0.682963 0.507500 0.679954 0.507969 0.677778
8 0.533789 0.664829 0.539206 0.670338 0.539831 0.671630 0.538044 0.672181 0.533034 0.668574 0.532383 0.666722 0.532435 0.664963
2 0.436677 0.665713 0.439729 0.662019 0.440089 0.655856 0.439698 0.655213
2 0.461844 0.507801 0.461771 0.506852 0.464974 0.498750 0.465729 0.497176 0.466224 0.495972 0.467214 0.493796 0.468438 0.491481 0.470260 0.488380 0.474141 0.480602 0.476224 0.476528 0.480026 0.469491 0.480052 0.465787 0.479167 0.465139 0.477839 0.465694 0.469141 0.482269 0.467240 0.486250 0.457135 0.507407
2 0.486484 0.632824 0.485307 0.633792 0.484891 0.635134 0.485622 0.637884 0.486456 0.638394 0.486378 0.640755 0.487260 0.640782 0.487182 0.639583 0.487911 0.634444
1 0.490880 0.635833 0.488927 0.635005 0.488224 0.638292 0.488224 0.640144 0.489656 0.643241 0.490021 0.646667 0.490260 0.648519 0.490990 0.648843 0.491120 0.651250 0.492854 0.650181 0.495919 0.640296
2 0.497385 0.680583 0.497508 0.679083 0.498201 0.677958 0.498229 0.675602 0.498833 0.674051 0.502841 0.675708 0.504167 0.676676 0.505023 0.678505 0.500839 0.680676 0.495547 0.684630 0.495977 0.682907 0.496810 0.683000 0.498948 0.681704 0.498948 0.680083
2 0.496615 0.686343 0.498099 0.688819 0.502578 0.687731 0.501737 0.686231 0.499930 0.685481
2 0.502656 0.689630 0.498411 0.690602 0.498646 0.691968 0.503154 0.695389
8 0.506625 0.764273 0.501422 0.765921 0.492305 0.771014 0.489240 0.775745 0.488070 0.778759 0.496299 0.774171 0.497750 0.770657 0.499565 0.769579 0.499888 0.772519 0.507794 0.768218
8 0.460107 0.650421 0.460734 0.654019 0.461432 0.653708 0.462268 0.652032 0.461992 0.647880
8 0.461396 0.661889 0.462094 0.666722 0.463214 0.666782 0.464049 0.665546 0.463141 0.657611 0.462375 0.658912
8 0.526797 0.774931 0.521745 0.781875 0.523385 0.784190 0.528698 0.776412
8 0.527161 0.778657 0.526771 0.789125 0.528937 0.791319 0.529120 0.777074 0.528698 0.776412
8 0.568302 0.795269 0.579643 0.815426 0.581096 0.818324 0.585680 0.825505 0.590497 0.834185 0.592701 0.838255 0.597359 0.845917 0.599984 0.850292 0.606367 0.861227 0.604385 0.862755 0.598969 0.853537 0.597430 0.850944 0.589594 0.836787 0.588628 0.835394 0.579271 0.818653 0.577823 0.816301 0.568573 0.800921 0.567818 0.798722 0.567367 0.796852 0.567487 0.795352
8 0.483148 0.768736 0.488721 0.777130 0.488070 0.778759 0.489112 0.778204 0.489414 0.779380 0.489234 0.780880 0.488208 0.781523 0.481128 0.769847
8 0.503089 0.846671 0.504768 0.848417 0.506357 0.848579 0.512940 0.865657 0.519599 0.884810 0.528349 0.909231 0.524201 0.906810 0.511161 0.870495
8 0.526029 0.768699 0.529328 0.771148 0.531378 0.772917 0.540948 0.780847 0.545167 0.784815 0.544331 0.787481 0.539068 0.783949 0.529120 0.777074 0.528698 0.776412 0.526797 0.774931 0.523831 0.771986
8 0.459005 0.797782 0.460932 0.799500 0.462318 0.802231 0.463284 0.805120 0.463555 0.807106 0.463917 0.809356 0.463344 0.811495 0.461807 0.813102 0.459786 0.813801 0.453159 0.816852 0.452797 0.818194 0.454424 0.820657 0.459638 0.829870 0.464307 0.837907 0.467984 0.844653 0.469820 0.845995 0.472112 0.844764 0.477474 0.838278 0.478771 0.835921 0.480789 0.832495 0.481302 0.831102 0.484164 0.824940 0.486573 0.817819 0.487570 0.814981 0.488690 0.811278 0.489263 0.807894 0.489263 0.806505 0.488534 0.806463 0.484263 0.810023 0.481724 0.811764 0.476510 0.814551 0.471508 0.816639 0.467049 0.818727 0.461203 0.819426 0.460872 0.827352 0.459849 0.826926 0.459547 0.823282 0.460240 0.816963 0.463203 0.817037 0.468013 0.815995 0.472141 0.814389 0.477354 0.811926 0.481724 0.809407 0.484315 0.807574 0.489289 0.803685 0.490190 0.804051 0.490802 0.805097 0.491063 0.809310 0.490073 0.815514 0.489008 0.819310 0.486573 0.825583 0.484706 0.829764 0.481362 0.835870 0.479555 0.839352 0.476932 0.843477 0.474581 0.846583 0.472654 0.848190 0.470875 0.848727 0.468737 0.848509 0.467352 0.847440 0.463464 0.841171 0.455719 0.828102 0.453099 0.823333 0.451292 0.820657 0.450930 0.818407 0.451742 0.816051 0.455388 0.814495 0.457466 0.812727 0.459276 0.812782 0.461323 0.811764 0.462560 0.810481 0.463073 0.808495 0.462229 0.806139 0.460813 0.802875 0.459786 0.802125
8 0.471648 0.642347 0.472995 0.640509 0.484661 0.624306 0.485260 0.626713 0.473958 0.642083 0.472635 0.644194
8 0.586406 0.624306 0.591263 0.639620 0.592169 0.638319 0.593042 0.635963 0.588091 0.621148
8 0.557643 0.756486 0.558052 0.754287 0.558919 0.752134 0.559883 0.752088 0.560456 0.752829 0.560065 0.755005 0.558763 0.758477
8 0.555625 0.760880 0.554297 0.763426 0.552995 0.766713 0.553687 0.767074 0.554453 0.767083 0.556615 0.762963
8 0.583063 0.604509 0.582164 0.640444 0.582245 0.642236 0.581458 0.642731 0.581961 0.644889 0.581437 0.667264 0.580469 0.667264 0.579177 0.666259 0.579904 0.646250 0.581073 0.645606 0.580065 0.644241 0.580065 0.640801 0.581133 0.604829
8 0.526563 0.639537 0.527164 0.641894 0.531083 0.655454 0.529966 0.657315 0.525784 0.642685
8 0.531555 0.657606 0.532599 0.662005 0.530820 0.661384 0.530438 0.658968
8 0.494219 0.690278 0.494870 0.689213 0.496589 0.688750 0.497214 0.689699 0.497318 0.690787 0.496354 0.691065
8 0.498099 0.688819 0.502578 0.687731 0.502656 0.689630 0.498411 0.690602
8 0.445143 0.721741 0.446000 0.719759 0.448437 0.730736 0.451695 0.746491 0.452719 0.750616 0.453195 0.752426 0.451221 0.752037 0.447154 0.733208 0.445617 0.726032
8 0.453672 0.760880 0.452781 0.759750 0.452391 0.755861 0.453966 0.755759 0.455268 0.757657 0.455234 0.759398
8 0.549563 0.645398 0.554141 0.650699 0.562427 0.658361 0.564477 0.658681 0.568214 0.660074 0.570562 0.660019 0.572612 0.662375 0.576286 0.669181 0.581380 0.678662 0.585086 0.687231 0.583880 0.688731 0.579602 0.679194 0.571016 0.662699 0.570292 0.662111 0.567310 0.662056 0.564656 0.661093 0.561885 0.660074 0.557909 0.656755 0.555828 0.655361 0.548596 0.648023 0.548385 0.646630 0.548719 0.645130
8 0.598969 0.853537 0.594323 0.870000 0.593958 0.871944 0.592044 0.883148 0.591049 0.883306 0.590146 0.882236 0.592497 0.870560 0.597740 0.851491
8 0.583008 0.641755 0.587646 0.658394 0.591349 0.673375 0.595435 0.687778 0.593760 0.688000 0.590081 0.675681 0.585833 0.660681 0.582974 0.649750 0.581458 0.642731
8 0.607870 0.864324 0.617833 0.881463 0.629612 0.901755 0.629331 0.903620 0.628362 0.904051 0.616383 0.882755 0.606096 0.865759
8 0.607815 0.853333 0.608503 0.858958 0.606367 0.861227 0.604385 0.862755 0.600161 0.866889 0.597659 0.870315 0.597870 0.871602 0.598924 0.872458 0.599734 0.871014 0.602599 0.868389 0.606096 0.865759 0.607870 0.864324 0.610763 0.861157 0.610523 0.858157 0.609289 0.855801
8 0.600161 0.866889 0.598203 0.867315 0.594323 0.870000 0.593958 0.871944 0.594740 0.873472 0.595833 0.873796 0.597870 0.871602 0.597659 0.870315
8 0.605469 0.825435 0.609896 0.852273 0.607385 0.848616 0.603966 0.826676 0.604563 0.825366
8 0.602911 0.826616 0.606437 0.846759 0.603875 0.842412 0.601044 0.825861
8 0.605068 0.849222 0.607815 0.853333 0.608503 0.858958 0.607099 0.860472
8 0.609276 0.823060 0.613703 0.837935 0.616945 0.847356 0.619211 0.854361 0.616596 0.855042 0.612937 0.844380 0.609695 0.833537 0.606661 0.824981 0.606906 0.823000 0.607951 0.822194
8 0.619781 0.856245 0.622372 0.864120 0.622583 0.865940 0.620052 0.872259 0.618065 0.868778 0.619271 0.866046 0.619570 0.864009 0.617732 0.859190 0.617250 0.857046
8 0.617453 0.872079 0.615857 0.878079 0.617833 0.881463 0.619260 0.875560
8 0.515177 0.708708 0.514214 0.713153 0.515448 0.714333 0.516719 0.717731 0.518161 0.711389
8 0.577862 0.799435 0.585388 0.811380 0.585805 0.813093 0.587029 0.813972 0.593878 0.825778 0.593878 0.827722 0.593357 0.828370 0.592159 0.827815 0.585833 0.816019 0.583880 0.812917 0.577992 0.803741 0.578096 0.802074
8 0.582185 0.680509 0.583539 0.680694 0.585831 0.682083 0.587758 0.684491 0.586690 0.685370 0.585284 0.683796 0.583044 0.682454
8 0.485026 0.663889 0.488411 0.665185 0.490495 0.666343 0.495286 0.671435 0.495234 0.672685 0.494870 0.673148 0.491641 0.669630 0.489349 0.668009 0.485885 0.666343
8 0.509995 0.759310 0.520404 0.751213 0.540573 0.733352 0.547513 0.727056 0.571297 0.705824 0.576320 0.701981 0.589818 0.689889 0.592680 0.688153 0.595435 0.687778 0.596411 0.693046 0.595247 0.694037 0.593122 0.708241 0.592354 0.710088 0.586154 0.715616 0.564503 0.733829 0.574063 0.721481 0.584404 0.714255 0.590367 0.707866 0.592492 0.704398 0.593750 0.693486 0.593997 0.692250 0.593815 0.690759 0.591451 0.691380 0.587094 0.695528 0.574607 0.706130 0.572346 0.707931 0.563734 0.715861 0.549125 0.729366 0.543328 0.734995 0.530336 0.746537 0.528602 0.747833 0.511497 0.763398
8 0.552664 0.741361 0.535562 0.755417 0.530479 0.762157 0.534474 0.759792 0.554240 0.742366
8 0.517745 0.775116 0.518031 0.773218 0.522305 0.769222 0.527909 0.762042 0.532792 0.755454 0.546622 0.736972 0.551383 0.730972 0.561266 0.718120 0.563734 0.715861 0.572346 0.707931 0.565784 0.716940 0.562711 0.720477 0.553310 0.732366 0.548458 0.738903 0.535562 0.755417 0.530479 0.762157 0.520859 0.776454 0.519745 0.777630 0.518237 0.776773
8 0.558070 0.736500 0.561477 0.733394 0.571719 0.720861 0.577625 0.713574 0.579253 0.711593 0.583289 0.705968 0.587328 0.699218 0.587862 0.694806 0.589763 0.692954 0.589708 0.698185 0.588901 0.700870 0.583846 0.709019 0.575047 0.720134 0.564503 0.733829 0.560518 0.738231
8 0.551596 0.744681 0.546984 0.750519 0.537615 0.761616 0.529328 0.771148 0.531378 0.772917 0.540146 0.763167 0.549396 0.751810 0.555422 0.743343 0.554240 0.742366
8 0.506268 0.774532 0.494669 0.783856 0.492560 0.785569 0.482174 0.794449 0.482628 0.797116 0.483883 0.796806 0.494727 0.787630 0.506927 0.777157
8 0.507984 0.765042 0.507503 0.759148 0.507109 0.757917 0.507742 0.756685 0.509042 0.756954 0.509995 0.759310 0.511497 0.763398 0.519047 0.787412 0.525443 0.806000 0.530531 0.820769 0.539487 0.847023 0.546021 0.866801 0.550560 0.879759 0.552068 0.882833 0.553258 0.889745 0.552503 0.894898 0.553833 0.900347 0.553187 0.901995 0.550526 0.901495 0.549760 0.899343 0.550242 0.897625 0.550242 0.896190 0.551453 0.893394 0.550362 0.884069 0.548750 0.878977 0.544112 0.866861 0.535156 0.840972 0.534471 0.838458 0.530557 0.826986 0.523984 0.807773 0.523427 0.805417 0.517674 0.788681 0.509831 0.763949 0.509307 0.763889 0.509375 0.766495
8 0.477177 0.755796 0.496453 0.751315 0.499901 0.754231 0.477690 0.760190 0.476758 0.758366
8 0.477690 0.760190 0.481961 0.765935 0.479698 0.767324 0.476518 0.763042 0.476909 0.761171
8 0.510919 0.782449 0.517135 0.793148 0.520648 0.799769 0.523427 0.805417 0.523984 0.807773 0.522784 0.807958 0.521273 0.803931 0.518487 0.798704 0.515234 0.792361 0.511430 0.786111 0.509867 0.783519
8 0.509867 0.783519 0.511430 0.786111 0.515234 0.792361 0.520729 0.804079 0.522367 0.808727 0.520904 0.809843 0.518813 0.803829 0.515464 0.796329 0.512674 0.790505 0.510549 0.785731
8 0.520604 0.745847 0.530216 0.740866 0.533201 0.739796 0.527687 0.744722 0.520818 0.749384
8 0.508193 0.752565 0.511500 0.750810 0.511656 0.752523 0.511240 0.754000 0.510328 0.754606 0.508687 0.754000
8 0.512695 0.749708 0.512643 0.753181 0.515378 0.751606 0.516094 0.749407 0.514964 0.748042
8 0.574607 0.706130 0.579253 0.711593 0.577625 0.713574 0.572346 0.707931
8 0.572013 0.703227 0.575320 0.699801 0.578263 0.695958 0.582742 0.690125 0.586336 0.685634 0.589279 0.683227 0.590320 0.683968 0.591180 0.685264 0.590451 0.689338 0.589070 0.689431 0.589279 0.686792 0.588862 0.686653 0.587039 0.688690 0.585737 0.690125 0.581544 0.695171 0.576320 0.701981 0.573073 0.704491
8 0.594656 0.827333 0.595958 0.828769 0.603875 0.842412 0.606437 0.846759 0.607385 0.848616 0.609896 0.852273 0.612417 0.856361 0.618065 0.868778 0.620052 0.872259 0.624604 0.881361 0.628641 0.889463 0.631685 0.895477 0.632469 0.896333 0.632318 0.898315 0.630690 0.898264 0.624484 0.885889 0.619260 0.875560 0.617453 0.872079 0.610523 0.858157 0.609289 0.855801 0.607815 0.853333 0.605068 0.849222 0.594052 0.830343
8 0.570883 0.787861 0.572029 0.790361 0.573487 0.791611 0.574841 0.793741 0.577341 0.798417 0.577211 0.802491 0.574398 0.797769 0.572940 0.794713 0.570570 0.792306 0.569372 0.789019 0.569815 0.787907
8 0.526195 0.821907 0.527172 0.826375 0.528339 0.829606 0.530250 0.833171 0.532995 0.840903 0.537911 0.854310 0.545891 0.877347 0.548951 0.885519 0.550000 0.888176 0.550242 0.896190 0.550242 0.897625 0.549760 0.899343 0.550526 0.901495 0.545927 0.920088 0.543990 0.919444 0.544396 0.917366 0.549076 0.899292 0.548875 0.888898 0.547339 0.886167 0.543789 0.876921 0.536568 0.856986 0.531164 0.840926 0.529914 0.837903 0.528258 0.833102 0.526245 0.829370 0.523966 0.820620 0.525109 0.820296
8 0.547578 0.886574 0.544794 0.897667 0.539568 0.916417 0.541620 0.918741 0.546708 0.898162 0.548875 0.888898
8 0.433740 0.577296 0.444826 0.594708 0.453750 0.610269 0.458005 0.617889 0.459380 0.620681 0.461310 0.623500 0.471648 0.642347 0.472635 0.644194 0.478625 0.655009 0.486169 0.668130 0.490781 0.676505 0.494167 0.682380 0.498099 0.688819 0.498646 0.691968 0.498047 0.691500 0.497396 0.691407 0.497214 0.689699 0.493281 0.683630 0.483810 0.667750 0.472878 0.647602 0.470617 0.643727 0.459633 0.624255 0.458398 0.621685 0.456711 0.618579 0.453065 0.611935 0.442909 0.594204 0.442305 0.592926 0.432490 0.577417
8 0.566419 0.781495 0.566245 0.787009 0.565549 0.788185 0.565508 0.824204 0.565409 0.859713 0.565409 0.862954 0.566492 0.864560 0.567156 0.864454 0.567094 0.858676 0.567260 0.844269 0.567125 0.805153 0.567036 0.782819
8 0.512943 0.767917 0.517745 0.775116 0.518237 0.776773 0.519745 0.777630 0.521745 0.781875 0.523385 0.784190 0.526771 0.789125 0.528937 0.791319 0.531784 0.795551 0.533682 0.798764 0.537633 0.806912 0.541552 0.817676 0.544117 0.827301 0.545799 0.837009 0.547760 0.847463 0.548693 0.860653 0.550560 0.879759 0.548414 0.873681 0.547307 0.862028 0.546289 0.857690 0.544195 0.845569 0.543008 0.841481 0.542693 0.841546 0.544578 0.851773 0.546073 0.859949 0.547049 0.866153 0.547156 0.870116 0.546021 0.866801 0.545411 0.862551 0.543497 0.851523 0.541536 0.841713 0.539714 0.834292 0.537060 0.825778 0.532000 0.814204 0.527904 0.806009 0.525219 0.801727 0.522901 0.798565 0.519047 0.787412
8 0.565156 0.767130 0.565391 0.776944 0.566276 0.778333 0.566927 0.778796 0.566771 0.770833
8 0.565286 0.763009 0.565104 0.752685 0.565495 0.751574 0.566120 0.751667 0.566797 0.752731 0.566797 0.766806
8 0.557604 0.765093 0.558229 0.767593 0.561013 0.771495 0.562820 0.773579 0.562773 0.776616 0.566419 0.781495 0.567036 0.782819 0.569815 0.787907 0.570883 0.787861 0.572029 0.790361 0.573487 0.791611 0.574841 0.793741 0.577341 0.798417 0.577862 0.799435 0.583021 0.805648 0.583646 0.803472 0.583177 0.801481 0.575911 0.791574 0.571667 0.785278 0.571719 0.786944 0.571302 0.787361 0.570625 0.786019 0.570391 0.784676 0.566927 0.778796 0.566276 0.778333 0.565391 0.776944 0.559115 0.764074
8 0.485333 0.623699 0.490021 0.617079 0.490880 0.616616 0.491245 0.618375 0.485750 0.625597
8 0.492372 0.615051 0.492578 0.616435 0.495026 0.612731 0.494844 0.611944 0.493984 0.611667 0.492083 0.614444
8 0.470617 0.643727 0.462708 0.653426 0.461000 0.655481 0.458711 0.658963 0.454612 0.664269 0.447802 0.673694 0.443344 0.679319 0.439607 0.683606 0.434305 0.690889 0.434245 0.692495 0.435599 0.692495 0.437768 0.689444 0.449401 0.674444 0.455034 0.666944 0.462898 0.656713 0.467292 0.650509 0.471456 0.645093
8 0.517195 0.700139 0.518521 0.694301 0.521685 0.696282 0.520992 0.700565 0.519094 0.700676
8 0.516685 0.701796 0.515841 0.706245 0.519125 0.708171 0.520240 0.705921 0.520510 0.702333
8 0.456693 0.796296 0.453464 0.793148 0.449687 0.790556 0.447943 0.790463 0.447865 0.793565 0.450260 0.794583 0.454089 0.796944 0.455495 0.797824
8 0.468906 0.736574 0.468750 0.738190 0.468992 0.742903 0.468758 0.747019 0.467461 0.747935 0.465745 0.747722 0.464802 0.747028 0.464953 0.741028 0.464922 0.735278
8 0.468695 0.792097 0.470466 0.786634 0.470831 0.784875 0.471846 0.784227 0.472706 0.784458 0.473331 0.786171 0.472992 0.788162 0.469828 0.797935
8 0.474443 0.779444 0.475365 0.789954 0.473620 0.788843 0.473331 0.786171 0.472500 0.777778 0.473255 0.777546
8 0.494727 0.787630 0.495047 0.811579 0.494812 0.816810 0.494422 0.823523 0.493435 0.827134 0.493031 0.830569 0.490167 0.835227 0.486536 0.838384 0.483552 0.839315 0.479555 0.839352 0.481362 0.835870 0.484195 0.835444 0.488190 0.833435 0.489964 0.830856 0.492339 0.824264 0.492914 0.822921 0.493068 0.808338 0.492628 0.789306
8 0.477474 0.838278 0.475286 0.838097 0.472062 0.835685 0.468568 0.831454 0.467534 0.829509 0.464982 0.825991 0.461203 0.819426 0.464440 0.818977 0.466701 0.823690 0.470828 0.830116 0.473510 0.833921 0.476312 0.835685 0.478771 0.835921
8 0.461807 0.813102 0.463203 0.817037 0.460240 0.816963 0.459786 0.813801
8 0.459276 0.812782 0.461323 0.811764 0.460339 0.806528 0.459786 0.802125 0.459005 0.797782 0.459948 0.795648 0.460339 0.794583 0.461563 0.789398 0.462526 0.788935 0.467422 0.781481 0.470833 0.777870 0.470052 0.775602 0.464271 0.782083 0.460156 0.787685 0.459010 0.788380 0.458073 0.792824 0.457500 0.796528 0.457500 0.799352 0.458125 0.806667
8 0.563576 0.622060 0.569591 0.626736 0.571909 0.628634 0.573318 0.628634 0.579568 0.632384 0.579201 0.635949 0.571258 0.631875 0.570242 0.629838 0.565766 0.629190 0.563812 0.626782 0.563422 0.625810 0.561232 0.625903 0.560867 0.621968
8 0.554141 0.650699 0.553966 0.647606 0.556154 0.647380 0.557122 0.647778 0.557305 0.649222 0.558268 0.650884 0.560263 0.650810 0.562398 0.653264 0.567581 0.657199 0.569794 0.660023 0.568214 0.660074 0.564477 0.658681 0.558987 0.654236 0.558023 0.652153 0.555784 0.652199
8 0.605313 0.707176 0.603956 0.694704 0.602247 0.695574 0.603922 0.708093
8 0.513461 0.717292 0.512133 0.724329 0.513568 0.726111 0.514789 0.721505
8 0.511430 0.727662 0.509737 0.734329 0.509737 0.735949 0.510284 0.737292 0.511560 0.736088 0.512940 0.729653
8 0.513214 0.729912 0.514633 0.727407 0.515841 0.724940 0.517828 0.720708 0.520995 0.714176 0.522021 0.712676 0.523932 0.714676 0.518854 0.723704 0.515495 0.730787 0.515026 0.733657 0.514021 0.734884 0.512698 0.734079 0.512661 0.731727
8 0.475289 0.869750 0.480138 0.867421 0.483284 0.865412 0.486471 0.863046 0.490747 0.862759 0.491997 0.865481 0.492279 0.862472 0.491232 0.861111 0.487479 0.859963 0.484776 0.861968 0.482437 0.863287 0.480984 0.863718 0.473846 0.867778 0.473966 0.869356
8 0.475854 0.869412 0.475221 0.878787 0.475219 0.886236 0.475760 0.886125 0.477448 0.868769
8 0.478201 0.861324 0.477841 0.865611 0.476365 0.866306 0.477146 0.860412
8 0.481469 0.858773 0.471310 0.849616 0.470224 0.850417 0.469682 0.852667 0.470044 0.855079 0.477146 0.860412 0.478201 0.861324 0.480503 0.863144
8 0.483326 0.859847 0.482437 0.863287 0.485078 0.861806
8 0.483284 0.865412 0.491315 0.872588 0.491859 0.867454 0.486471 0.863046
8 0.495068 0.875102 0.501169 0.879880 0.501742 0.878755 0.503099 0.878435 0.503247 0.876935 0.495474 0.870292
8 0.496016 0.864167 0.497169 0.861968 0.500904 0.849218 0.500302 0.848630 0.499518 0.848843 0.496326 0.860412
8 0.502339 0.840144 0.503510 0.844431 0.505003 0.846588 0.505625 0.846389 0.503047 0.839028
8 0.544841 0.675236 0.543185 0.674019 0.530279 0.669356 0.530156 0.672009 0.530964 0.674019 0.536745 0.676111 0.541693 0.677458 0.544375 0.678241 0.550609 0.685361 0.558909 0.692917 0.563682 0.698310 0.571297 0.705824 0.573073 0.704491 0.567172 0.697514 0.562367 0.692704 0.555411 0.685319
8 0.495547 0.684630 0.500839 0.680676 0.505023 0.678505 0.506313 0.678380 0.507448 0.681157 0.507151 0.682347 0.505057 0.681481 0.503036 0.682597 0.496615 0.686343
8 0.476523 0.777995 0.477667 0.776764 0.479685 0.776227 0.482487 0.776227 0.482609 0.779870 0.478510 0.779282 0.478630 0.783782
8 0.542474 0.677648 0.541354 0.679417 0.539161 0.682917 0.537383 0.686389 0.535430 0.689736 0.533685 0.692681 0.530964 0.699000 0.525906 0.707343 0.524461 0.709699 0.522953 0.711019 0.525703 0.714403 0.526958 0.712852 0.531979 0.706347 0.530969 0.704731 0.532607 0.702505 0.533130 0.700583 0.534070 0.700394 0.535500 0.697917 0.540068 0.688681 0.539771 0.686759 0.540422 0.686157 0.541466 0.686579 0.543992 0.682458 0.543469 0.678060
8 0.538417 0.703319 0.546464 0.711782 0.545557 0.714194 0.537151 0.704764
8 0.543849 0.719718 0.545854 0.720736 0.547932 0.721486 0.549846 0.722125 0.550508 0.724375 0.547904 0.724111 0.545070 0.722931 0.543096 0.721806
8 0.540055 0.719931 0.540807 0.718056 0.541982 0.718111 0.541651 0.720681
8 0.539872 0.717199 0.534615 0.712269 0.534523 0.714255 0.538292 0.718699 0.539315 0.718912
8 0.565922 0.702481 0.565792 0.703361 0.565299 0.704148 0.564284 0.703500 0.563737 0.703963 0.563112 0.704981 0.562227 0.705074 0.558594 0.708981 0.556042 0.711111 0.552109 0.714630 0.549453 0.714861 0.549505 0.716296 0.550388 0.717574 0.551875 0.717500 0.552188 0.716481 0.552865 0.716111 0.553516 0.716898 0.560625 0.710093 0.567005 0.704259 0.566667 0.703056
8 0.583195 0.689546 0.577388 0.679593 0.576112 0.680287 0.575930 0.681861 0.576529 0.683065 0.577206 0.683759 0.581510 0.690278 0.582742 0.690125
8 0.572612 0.662375 0.573776 0.662593 0.575755 0.664954 0.577786 0.667731 0.578984 0.669167 0.578880 0.670833 0.578411 0.671389 0.576286 0.669181
8 0.580417 0.674074 0.580443 0.672685 0.581122 0.672505 0.589279 0.683227 0.588180 0.684125 0.581721 0.675884
8 0.530336 0.746537 0.532792 0.755454 0.531615 0.757037 0.528984 0.747500
8 0.616383 0.882755 0.613229 0.893750 0.612057 0.895694 0.612474 0.892870 0.614870 0.880231
8 0.501016 0.755384 0.481961 0.765935 0.479698 0.767324 0.471857 0.771722 0.472414 0.774468 0.481193 0.769815 0.483148 0.768736 0.494214 0.762681 0.503151 0.757778
8 0.578096 0.769509 0.579201 0.773824 0.582135 0.782963 0.583958 0.789491 0.585521 0.796389 0.586245 0.799458 0.583594 0.794491 0.581328 0.785278 0.578255 0.774861 0.577474 0.772361 0.575156 0.764815 0.576719 0.764306
8 0.592568 0.778426 0.592906 0.780046 0.595875 0.786019 0.595927 0.787685 0.595042 0.787778 0.591292 0.779352 0.591760 0.778148
8 0.591396 0.784444 0.592333 0.783657 0.594807 0.788981 0.596604 0.793843 0.597047 0.795509 0.596404 0.795792 0.592203 0.787639
8 0.599911 0.796019 0.602438 0.794537 0.605068 0.790093 0.605771 0.790741 0.605927 0.792361 0.604625 0.794306 0.603115 0.796065 0.601214 0.797083 0.599781 0.797130
8 0.604052 0.810185 0.605667 0.812269 0.608245 0.799398 0.608974 0.799213 0.609677 0.799907 0.606992 0.814875 0.605797 0.815046 0.603245 0.811667 0.603531 0.810509
8 0.504859 0.686583 0.503112 0.686958 0.503414 0.689315 0.506005 0.689153 0.506180 0.687560
8 0.560000 0.635463 0.572966 0.634889 0.572862 0.636833 0.559997 0.637250
8 0.514711 0.480153 0.511427 0.484389 0.507872 0.489634 0.502508 0.496977 0.503474 0.500083 0.509167 0.492153 0.511849 0.487278 0.514411 0.484977 0.515766 0.482940
8 0.534328 0.453491 0.531193 0.464630 0.532880 0.466991 0.536076 0.453917
8 0.483599 0.457606 0.484992 0.472685 0.486492 0.481616 0.487784 0.482296 0.488513 0.481991 0.488966 0.479694 0.486039 0.457750
8 0.556979 0.613519 0.561484 0.606301 0.565573 0.599588 0.568906 0.593708 0.570000 0.594032 0.570755 0.595560 0.570078 0.597134 0.564375 0.606069 0.559010 0.614634
8 0.565339 0.599954 0.564505 0.598519 0.563542 0.595926 0.562656 0.596296 0.562656 0.597546 0.564349 0.601620
8 0.432135 0.427787 0.433620 0.427741 0.433672 0.430241 0.432786 0.430287 0.432109 0.429361
8 0.434401 0.427926 0.438854 0.427509 0.439010 0.429685 0.435859 0.430194
8 0.541586 0.410296 0.550216 0.434824 0.549370 0.436255 0.548766 0.436542 0.547031 0.431523 0.547836 0.430806 0.547917 0.429444 0.546344 0.429588 0.539286 0.410370
8 0.489063 0.537116 0.490206 0.537301 0.491406 0.538505 0.492109 0.540032 0.490440 0.541329 0.489870 0.541931 0.489609 0.542995 0.489034 0.542671 0.488281 0.542162 0.487943 0.540264 0.488122 0.538412
8 0.446081 0.534218 0.442628 0.546833 0.439547 0.558611 0.436138 0.571972 0.437120 0.573463 0.438659 0.572227 0.448508 0.535060
8 0.447216 0.530171 0.448240 0.526046 0.449294 0.521009 0.450591 0.520046 0.451404 0.520472 0.452068 0.521440 0.449836 0.530972
8 0.528826 0.384333 0.535026 0.386861 0.533958 0.389269 0.531898 0.387852 0.529320 0.387296 0.528565 0.385769
8 0.536380 0.387509 0.539245 0.389074 0.542161 0.391250 0.544948 0.394306 0.543315 0.395495 0.540755 0.393287 0.538151 0.391481 0.536094 0.390565
8 0.573336 0.565296 0.573266 0.578185 0.573161 0.580542 0.576044 0.590551 0.580286 0.602597 0.580557 0.603292 0.581354 0.603148 0.581250 0.602278 0.581310 0.598981 0.575560 0.580449 0.575138 0.566750
8 0.494289 0.517366 0.519076 0.498069 0.525125 0.493653 0.528651 0.490773 0.530703 0.488093 0.532294 0.489708 0.531544 0.492116 0.524271 0.498056 0.519661 0.501759 0.492250 0.523185
8 0.435812 0.391625 0.445372 0.400014 0.451383 0.406324 0.450823 0.408690 0.449286 0.408690 0.446622 0.405106 0.438036 0.396931 0.434563 0.394491 0.434281 0.392199
8 0.435680 0.367343 0.428096 0.386991 0.429549 0.389356 0.436930 0.368704
8 0.438779 0.359736 0.437529 0.363116 0.439039 0.363255 0.440237 0.359968
8 0.442016 0.412574 0.437581 0.412907 0.429180 0.414069 0.428901 0.415977 0.429927 0.418551 0.433755 0.417806 0.442576 0.416310
8 0.431461 0.427722 0.422510 0.427778 0.422240 0.429491 0.422753 0.430671 0.431609 0.430347
8 0.429776 0.437093 0.420643 0.434366 0.408057 0.431269 0.407151 0.432134 0.407672 0.434181 0.427299 0.439389 0.428034 0.438273 0.429219 0.439759 0.431867 0.440009 0.431169 0.438208
8 0.407318 0.432778 0.403604 0.431616 0.403031 0.433144 0.403630 0.435227 0.408422 0.436106 0.424099 0.440921 0.429281 0.441894 0.427299 0.439389 0.407672 0.434181
8 0.459440 0.401231 0.456909 0.399625 0.453836 0.399194 0.453987 0.402894 0.457331 0.404657
8 0.466883 0.405894 0.473177 0.409157 0.478031 0.411736 0.484000 0.415380 0.487766 0.418537 0.493065 0.421639 0.493031 0.423000 0.491461 0.424116 0.481281 0.418477 0.479398 0.415440 0.478388 0.415500 0.478388 0.416801 0.469883 0.411412
8 0.534599 0.451778 0.534990 0.450222 0.537883 0.438972 0.540112 0.438759 0.536557 0.452204
8 0.579518 0.497329 0.578331 0.498481 0.577279 0.506125 0.575906 0.511144 0.575706 0.513370 0.575544 0.526926 0.574859 0.541194 0.573406 0.560315 0.575635 0.560065 0.577063 0.538995 0.577380 0.531931 0.577969 0.512903 0.578773 0.510356 0.581354 0.500190 0.580896 0.497657
8 0.584781 0.610778 0.585745 0.613560 0.584964 0.615167 0.584268 0.615435
8 0.584500 0.617495 0.585893 0.622454 0.587568 0.619537 0.586417 0.615199
8 0.512049 0.477616 0.504198 0.483389 0.497578 0.488264 0.494583 0.490449 0.489474 0.494819 0.489917 0.497181 0.498336 0.490171 0.505365 0.484787 0.512271 0.479241
8 0.583063 0.604509 0.584505 0.604028 0.583620 0.618935 0.583333 0.620278 0.582708 0.620139
8 0.494271 0.681204 0.494544 0.679759 0.495693 0.679898 0.496083 0.680917 0.495977 0.682907 0.495547 0.684630 0.494167 0.682380
8 0.493609 0.684157 0.495195 0.686519 0.494219 0.690278 0.492109 0.689722
8 0.429219 0.439759 0.431867 0.440009 0.432188 0.440556 0.433307 0.440694 0.432344 0.442616 0.431276 0.442500
8 0.429323 0.435185 0.429776 0.437093 0.426510 0.436157 0.426693 0.434398
8 0.431898 0.436435 0.433411 0.438380 0.433724 0.439722 0.435023 0.437083
8 0.432513 0.570245 0.438138 0.558995 0.438711 0.557653 0.439547 0.558611 0.434688 0.570139
8 0.432279 0.571449 0.431172 0.573148 0.432240 0.574861 0.433932 0.571389
8 0.458104 0.533333 0.456667 0.532037 0.455547 0.530370 0.454479 0.530880 0.453263 0.531944 0.452505 0.533005 0.452141 0.534903 0.452141 0.536667 0.452188 0.538981 0.453203 0.542500 0.453568 0.544815 0.452943 0.545278 0.452031 0.543843 0.451094 0.541019 0.450833 0.538380 0.450990 0.535833 0.451198 0.533843 0.452083 0.531620 0.453229 0.529676 0.454688 0.528657 0.456016 0.528935 0.457656 0.531019 0.458802 0.532269 0.459323 0.533194
8 0.461076 0.535782 0.463828 0.539815 0.466458 0.543102 0.468857 0.544495 0.469794 0.544866 0.470547 0.546065 0.469766 0.547222 0.468880 0.546389 0.467995 0.545741 0.466458 0.545463 0.464349 0.543333 0.462187 0.539907 0.460919 0.538056
8 0.565154 0.524148 0.564323 0.530278 0.562083 0.532546 0.562995 0.526481
8 0.499812 0.602782 0.497786 0.605648 0.496753 0.609069 0.497474 0.609352 0.501875 0.602824
8 0.416099 0.540551 0.414870 0.538014 0.413875 0.538653 0.413242 0.540153 0.415633 0.547194
8 0.403708 0.463523 0.404919 0.463389 0.401854 0.422583 0.400326 0.403301 0.401060 0.400694 0.402701 0.398380 0.406997 0.397278 0.420500 0.396764 0.425023 0.398676 0.432703 0.400894 0.437846 0.403301 0.439208 0.404000 0.441576 0.404000 0.439880 0.401190 0.436719 0.399079 0.424964 0.395167 0.419602 0.394157 0.410956 0.393657 0.403828 0.394157 0.400273 0.397278 0.398859 0.402093
8 0.443198 0.409111 0.445096 0.422014 0.444271 0.422736 0.443490 0.421991 0.441424 0.408958
8 0.452883 0.332449 0.460336 0.356162 0.459039 0.357986 0.456284 0.350125 0.451318 0.334176 0.451857 0.332259
8 0.465156 0.333889 0.468466 0.349796 0.466893 0.350657 0.463263 0.334093 0.463953 0.333157
8 0.462456 0.329718 0.460156 0.318889 0.461125 0.317667 0.462052 0.317741 0.464190 0.328856
8 0.506404 0.339407 0.506195 0.337051 0.507310 0.335190 0.509089 0.333949 0.511633 0.333519 0.511458 0.336181 0.509052 0.337176 0.507763 0.337981 0.507833 0.339343
8 0.507414 0.345667 0.509508 0.358310 0.510693 0.355829 0.508599 0.343000
8 0.440474 0.355824 0.443909 0.346662 0.445146 0.346389 0.445385 0.348963 0.441711 0.357375
8 0.454977 0.390167 0.467669 0.397458 0.478031 0.411736 0.473177 0.409157 0.468044 0.402861 0.466271 0.399708 0.454508 0.394722
8 0.579745 0.560773 0.581766 0.571796 0.583544 0.579111 0.584591 0.583579 0.585281 0.587662 0.585539 0.589519 0.584706 0.602153 0.583247 0.603032 0.584263 0.589375 0.583352 0.585074 0.581737 0.579514 0.578544 0.564560 0.579057 0.563856 0.579057 0.561769
8 0.581737 0.579514 0.583352 0.585074 0.583247 0.603032 0.581354 0.603148 0.581279 0.602329 0.581310 0.598981
8 0.581766 0.571796 0.581734 0.560565 0.581917 0.556171 0.582430 0.555102 0.583333 0.555102 0.583693 0.555903 0.583544 0.579111
8 0.492651 0.519042 0.481982 0.527968 0.481948 0.530940 0.491430 0.523630 0.492716 0.520282
8 0.547122 0.546597 0.557339 0.553602 0.555630 0.556204 0.545799 0.549449
8 0.501695 0.543727 0.509167 0.548977 0.509047 0.551764 0.508354 0.551870 0.505130 0.549889 0.497297 0.544051 0.497115 0.542495 0.497266 0.540514 0.499044 0.541852 0.498802 0.543782 0.501333 0.545440
8 0.502523 0.540940 0.506299 0.541120 0.511378 0.539500 0.511404 0.542606 0.505935 0.544181 0.503253 0.544824 0.502341 0.543389
8 0.512240 0.539120 0.513435 0.539222 0.513773 0.540940 0.513565 0.542185 0.512836 0.542926 0.512263 0.542838
8 0.512000 0.535810 0.512938 0.535069 0.516844 0.533125 0.518458 0.532569 0.520961 0.532120 0.522654 0.531903 0.523219 0.532833 0.522990 0.534977 0.518302 0.534884 0.514734 0.537014 0.512130 0.538681
8 0.503917 0.538514 0.506026 0.538699 0.508526 0.536986 0.511365 0.535875 0.511391 0.538745 0.508318 0.539347 0.507510 0.540366 0.503760 0.540366
8 0.498812 0.538745 0.500323 0.538606 0.499542 0.540829 0.498266 0.540829 0.498161 0.539532
8 0.415898 0.536056 0.416099 0.540551 0.415633 0.547194 0.413906 0.581639 0.415279 0.593472 0.415477 0.587236 0.417172 0.550880 0.418625 0.536537 0.418182 0.534519 0.417211 0.533667 0.416245 0.534384
8 0.417172 0.550880 0.419240 0.556977 0.420776 0.559278 0.424120 0.569829 0.424573 0.573259 0.426711 0.579472 0.429362 0.582685 0.430870 0.589972 0.432195 0.589491 0.432557 0.590884 0.431352 0.591954 0.433219 0.597097 0.434576 0.603361 0.438042 0.615523 0.442862 0.630199 0.444188 0.628755 0.444307 0.626505 0.435479 0.597954 0.433490 0.590722 0.431049 0.580329 0.429062 0.577060 0.427797 0.574921 0.427073 0.573153 0.427526 0.571866 0.424661 0.564366 0.422974 0.560616 0.422974 0.559546 0.420294 0.552477 0.417612 0.546208
8 0.536271 0.476352 0.534633 0.475481 0.534005 0.473810 0.533969 0.471333 0.534771 0.470338 0.537177 0.470093 0.541292 0.471394 0.544672 0.473750 0.550771 0.478954 0.553107 0.480380 0.557672 0.487074 0.552620 0.483602 0.548961 0.480440 0.545052 0.476722 0.539404 0.473810 0.537034 0.473560
8 0.540034 0.541949 0.533029 0.537829 0.531023 0.536625 0.528680 0.536162 0.526336 0.536347 0.525997 0.537366 0.527299 0.539912 0.530945 0.539866 0.537534 0.542644 0.538628 0.542551 0.539513 0.544218 0.540034 0.543384
8 0.457042 0.626625 0.459898 0.648565 0.461711 0.646144 0.459375 0.628111 0.458573 0.625569
8 0.494445 0.678389 0.499810 0.653370 0.501315 0.653157 0.502310 0.654870 0.496826 0.679352
8 0.557891 0.532176 0.556484 0.541204 0.554792 0.546435 0.555469 0.547407 0.554792 0.551806 0.553490 0.551019 0.555729 0.533472
8 0.481750 0.571213 0.481151 0.572556 0.480526 0.575708 0.480266 0.584227 0.484536 0.584870 0.487089 0.585153 0.493443 0.586861 0.495760 0.587699 0.504927 0.589269 0.512896 0.590940 0.524406 0.593574 0.530318 0.594778 0.540161 0.596815 0.545526 0.597884 0.550786 0.599088 0.553312 0.599593 0.557661 0.600333 0.558495 0.599407 0.558573 0.597972 0.558495 0.593898 0.557297 0.593852 0.557401 0.598347 0.554094 0.597787 0.551438 0.597324 0.544505 0.595602 0.538729 0.594593 0.529328 0.592972 0.527714 0.592560 0.524510 0.591954 0.522167 0.591306 0.512974 0.589366 0.501411 0.586819 0.495917 0.585662 0.493573 0.585009 0.487479 0.583435 0.484901 0.583019 0.481047 0.582694 0.481333 0.576819 0.481984 0.573347 0.482271 0.572190
8 0.565289 0.497597 0.567320 0.499588 0.567216 0.504032 0.566383 0.512644 0.565414 0.520167 0.563591 0.521972 0.564612 0.508292
8 0.532719 0.525681 0.531964 0.518236 0.531904 0.510843 0.533266 0.502532 0.534242 0.495278 0.535323 0.486231 0.536271 0.476352 0.537034 0.473560 0.539404 0.473810 0.546862 0.480468 0.550070 0.482449 0.554008 0.485671 0.556763 0.488648 0.558609 0.488088 0.561573 0.492181 0.560703 0.511829 0.558409 0.527713 0.556195 0.529750 0.558646 0.512694 0.559133 0.496273 0.559586 0.493046 0.560143 0.491315 0.557948 0.491560 0.555508 0.490755 0.553487 0.488463 0.546479 0.483319 0.538703 0.476995 0.538042 0.477801 0.537414 0.484495 0.536786 0.492741 0.535219 0.503028 0.533057 0.519019
8 0.531391 0.522685 0.531667 0.526157 0.532057 0.526532 0.532406 0.526065 0.531023 0.536625 0.529490 0.536343
8 0.498156 0.439634 0.505268 0.441185 0.507987 0.441060 0.509521 0.441125 0.515656 0.446144 0.520747 0.449366 0.527648 0.454694 0.526813 0.457236 0.524875 0.456731 0.521721 0.453769 0.519107 0.450606 0.515651 0.448796 0.509380 0.444097 0.505510 0.443542 0.501013 0.441620 0.498086 0.442051
8 0.530620 0.467329 0.524531 0.491278 0.525255 0.492500 0.526068 0.492315 0.532234 0.469264 0.531630 0.467759
8 0.538523 0.435653 0.539068 0.433347 0.540052 0.432454 0.541326 0.433296 0.541177 0.435546
8 0.449286 0.370907 0.448958 0.371574 0.447552 0.371991 0.444661 0.373750 0.445591 0.376250 0.447057 0.374861 0.449583 0.374028 0.450456 0.372056
8 0.462565 0.353690 0.458919 0.345449 0.457956 0.342949 0.457151 0.342532 0.456654 0.344569 0.461003 0.355449
8 0.521146 0.439722 0.523099 0.441528 0.524479 0.440000 0.527813 0.439722 0.537883 0.438972 0.540112 0.438759 0.543724 0.437778 0.544661 0.436713 0.545312 0.433611 0.547031 0.431523 0.547836 0.430806 0.547917 0.429444 0.546344 0.429588 0.545182 0.431481 0.544297 0.431296 0.543464 0.433333 0.543021 0.435231 0.541177 0.435546 0.538523 0.435653 0.535906 0.436514 0.533013 0.436782 0.525443 0.437407 0.523177 0.438009
8 0.491646 0.536014 0.494586 0.534347 0.496250 0.533102 0.497896 0.531940 0.498589 0.531764 0.499143 0.533125 0.500865 0.534532 0.493544 0.539301
8 0.410479 0.490009 0.414141 0.503583 0.415466 0.508356 0.417279 0.515546 0.420521 0.525153 0.419823 0.526083 0.418883 0.525648 0.413253 0.506977 0.412286 0.503120 0.405146 0.478421 0.405005 0.472907 0.408596 0.483194
8 0.474497 0.452412 0.473938 0.455648 0.474638 0.456310 0.483599 0.457606 0.486039 0.457750 0.505286 0.458704 0.510495 0.458380 0.517813 0.459120 0.520521 0.460102 0.524391 0.459671 0.528586 0.461819 0.531193 0.464630 0.532500 0.460139 0.528344 0.457662 0.524875 0.456731 0.520521 0.456227 0.515961 0.455514 0.503901 0.455366 0.487766 0.454005
8 0.503622 0.555801 0.506096 0.560106 0.506122 0.561588 0.505862 0.562282 0.504794 0.562282 0.504482 0.561032 0.503206 0.558069
8 0.427073 0.573153 0.427797 0.574921 0.429062 0.577060 0.431224 0.577870 0.432490 0.577417 0.433740 0.577296 0.436026 0.577875 0.439852 0.579213 0.443201 0.579894 0.444763 0.580176 0.446771 0.580449 0.449060 0.581792 0.450911 0.585079 0.452185 0.587394 0.453617 0.588736 0.455570 0.588366 0.458385 0.586838 0.457669 0.584440 0.455440 0.586190 0.454138 0.586606 0.453021 0.586144 0.452083 0.583968 0.450651 0.581699 0.447862 0.578875 0.445599 0.578134 0.442891 0.577870 0.439479 0.576713 0.437656 0.575602 0.434792 0.575139 0.432240 0.574861 0.430391 0.574815
8 0.443656 0.412245 0.445674 0.411657 0.445766 0.414977 0.444167 0.415676
8 0.408500 0.426620 0.415768 0.426611 0.417172 0.428843 0.412953 0.428565 0.408552 0.428889 0.408188 0.427593
8 0.520266 0.418579 0.516878 0.417431 0.508891 0.417574 0.508891 0.418866 0.514820 0.419727 0.515781 0.419722 0.517917 0.419676 0.520182 0.421111 0.523190 0.422764 0.527268 0.425120 0.529292 0.426671 0.530302 0.423819 0.523784 0.420472
8 0.467818 0.581824 0.471016 0.590741 0.472292 0.594306 0.475990 0.600093 0.479505 0.604676 0.481979 0.608241 0.481875 0.609074 0.481146 0.609583 0.478776 0.605787 0.473620 0.599120 0.471302 0.595046 0.469870 0.590185 0.467266 0.583333 0.467161 0.582083
8 0.512320 0.562537 0.513224 0.563662 0.514279 0.570199 0.514039 0.581231 0.513917 0.589588 0.512974 0.589366 0.513164 0.582731 0.513195 0.581069 0.512833 0.575931 0.513346 0.570306 0.512563 0.564731 0.511599 0.564093 0.511568 0.562481
8 0.512896 0.590940 0.512589 0.594588 0.511867 0.596889 0.510208 0.599245 0.507828 0.601495 0.505388 0.601602 0.500508 0.601227 0.498427 0.601014 0.493003 0.600745 0.490112 0.600264 0.486375 0.599995 0.487549 0.601551 0.497523 0.602458 0.499812 0.602782 0.502628 0.602856 0.503984 0.603231 0.507466 0.603264 0.511263 0.599727 0.513102 0.596944 0.513776 0.593796 0.513826 0.591102
8 0.492755 0.584194 0.492339 0.577204 0.491612 0.573963 0.490620 0.570722 0.489682 0.568500 0.489682 0.566370 0.490281 0.564889 0.491401 0.564611 0.492443 0.565352 0.496169 0.570213 0.499396 0.573130 0.502339 0.574750 0.506297 0.575861 0.507990 0.576787 0.509682 0.578315 0.510594 0.579333 0.512026 0.580583 0.513195 0.581069 0.513164 0.582731 0.511948 0.582713 0.509841 0.580491 0.509005 0.579519 0.508198 0.578454 0.505464 0.577528 0.501974 0.576185 0.500206 0.575352 0.496792 0.572852 0.494477 0.569704 0.491844 0.566833 0.491141 0.566185 0.490854 0.567250 0.492156 0.571370 0.493094 0.574148 0.493276 0.584056
8 0.501930 0.599968 0.503490 0.599583 0.504141 0.598241 0.503727 0.597421 0.509039 0.591125 0.509820 0.590662 0.510341 0.591264 0.510315 0.592097 0.505992 0.597421 0.505029 0.598810 0.502997 0.601449 0.501201 0.601264
8 0.449779 0.551153 0.452344 0.547361 0.453646 0.547130 0.455182 0.547361 0.456354 0.549167 0.458724 0.551343 0.461563 0.552130 0.464531 0.551667 0.467318 0.549954 0.469766 0.547222 0.470547 0.546065 0.473362 0.541574 0.474247 0.540417 0.476096 0.538009 0.477812 0.535972 0.480286 0.534537 0.482344 0.534306 0.483411 0.534491 0.483932 0.535509 0.485417 0.535556 0.486094 0.534722 0.488333 0.534676 0.490208 0.535185 0.491646 0.536014 0.493544 0.539301 0.495286 0.542731 0.496273 0.547903 0.496875 0.549861 0.495104 0.549676 0.495154 0.548088 0.494870 0.546065 0.493750 0.542685 0.492109 0.540032 0.491406 0.538505 0.490206 0.537301 0.489063 0.537116 0.488333 0.536481 0.486667 0.536528 0.486042 0.537778 0.484870 0.538148 0.483932 0.537870 0.483052 0.537380 0.482378 0.536458 0.481776 0.536273 0.481010 0.536694 0.480208 0.536806 0.479161 0.537361 0.477906 0.538477 0.475000 0.542176 0.471667 0.547037 0.470469 0.548981 0.468411 0.551806 0.465911 0.553426 0.463464 0.553981 0.461172 0.553935 0.458620 0.553241 0.455573 0.550648 0.453984 0.548426 0.452500 0.549491 0.450469 0.553102
8 0.514039 0.581231 0.516276 0.581574 0.517005 0.580648 0.516849 0.579306 0.517682 0.578843 0.518255 0.579491 0.517969 0.582130 0.517292 0.583241 0.516198 0.583194 0.514010 0.583148
8 0.495443 0.551435 0.495651 0.553009 0.496250 0.555370 0.497005 0.557037 0.496823 0.564491 0.496302 0.567963 0.496169 0.570213 0.497266 0.571204 0.497943 0.565463 0.498307 0.559398 0.497839 0.555926 0.497240 0.554352 0.496953 0.551204
8 0.461750 0.557810 0.463260 0.558366 0.468208 0.556468 0.470656 0.554662 0.472687 0.551282 0.473677 0.551884 0.472740 0.554199 0.472062 0.555310 0.468547 0.557903 0.463443 0.559569 0.462974 0.560495 0.461750 0.560264
8 0.471667 0.547037 0.474115 0.548287 0.474792 0.549306 0.474766 0.550972 0.473750 0.551111 0.470469 0.548981
8 0.498867 0.513819 0.499701 0.510764 0.500612 0.508588 0.502044 0.506921 0.503815 0.505208 0.505846 0.504514 0.507409 0.504653 0.509232 0.505764 0.507383 0.507153 0.505951 0.506690 0.504466 0.506875 0.502201 0.509653 0.501315 0.511968
8 0.512096 0.507708 0.515721 0.510273 0.520747 0.514255 0.525641 0.517218 0.521932 0.518718 0.519237 0.516292 0.513690 0.512079 0.510091 0.509236
8 0.517682 0.578843 0.522344 0.572546 0.527266 0.565833 0.530573 0.561204 0.531250 0.560556 0.531771 0.561204 0.531745 0.562454 0.528177 0.566806 0.527292 0.568194 0.520234 0.578148 0.518151 0.580694 0.518255 0.579491
8 0.519273 0.560301 0.525044 0.564634 0.527266 0.565833 0.525992 0.567616 0.522190 0.564514 0.518206 0.562060 0.518518 0.560995
8 0.528177 0.566806 0.531719 0.568889 0.531380 0.570787 0.527292 0.568194
8 0.522344 0.572546 0.519036 0.564352 0.519401 0.563380 0.520078 0.563843 0.522995 0.571620
8 0.514919 0.568782 0.517393 0.573829 0.519242 0.576745 0.518565 0.577671 0.516250 0.573750 0.514531 0.569722
8 0.520234 0.578148 0.521211 0.579690 0.522292 0.581435 0.521458 0.581944 0.519401 0.579167
8 0.523464 0.582917 0.524010 0.584306 0.525000 0.585509 0.524141 0.587361 0.522370 0.583704
8 0.533513 0.570991 0.534529 0.571685 0.535362 0.572889 0.535544 0.574370 0.534089 0.574213 0.533331 0.573306
1 0.488318 0.675227 0.487443 0.676032 0.486750 0.679032 0.485063 0.679671 0.483677 0.682139 0.483177 0.683750 0.483070 0.687347 0.488805 0.688630 0.492109 0.689722 0.493609 0.684157 0.493281 0.683630
8 0.515393 0.525736 0.517693 0.525806 0.527091 0.531546 0.527495 0.532907 0.526607 0.534630 0.523219 0.532833 0.522654 0.531903 0.520961 0.532120 0.517008 0.530685 0.513055 0.530542 0.513297 0.526667
8 0.446971 0.630250 0.445945 0.633403 0.446253 0.634741 0.457042 0.626625 0.458573 0.625569 0.459633 0.624255 0.458398 0.621685
5 0.516479 0.520162 0.519237 0.516292 0.521932 0.518718
5 0.515393 0.525736 0.531302 0.521282 0.531391 0.522685 0.529490 0.536343 0.528680 0.536162 0.526336 0.536347 0.525997 0.537366 0.527299 0.539912 0.524531 0.545787 0.523542 0.544769 0.519557 0.543194 0.516146 0.541898 0.514479 0.541667 0.513333 0.537870 0.514734 0.537014 0.518302 0.534884 0.522990 0.534977 0.523219 0.532833 0.526607 0.534630 0.527495 0.532907 0.527091 0.531546 0.517693 0.525806
5 0.505188 0.536551 0.506563 0.533889 0.507891 0.531296 0.508906 0.530509 0.509896 0.531481 0.510026 0.532500 0.506026 0.538699 0.508526 0.536986 0.511365 0.535875 0.511138 0.532819 0.510539 0.530134 0.509888 0.528838 0.510721 0.528421 0.511763 0.531245 0.512206 0.533838 0.512000 0.535810 0.512938 0.535069 0.516844 0.533125 0.518458 0.532569 0.520961 0.532120 0.517008 0.530685 0.513055 0.530542 0.513297 0.526667 0.507990 0.527870 0.506724 0.532157
5 0.514896 0.542824 0.515990 0.543241 0.522214 0.545324 0.523359 0.545741 0.523828 0.546481 0.519427 0.549306 0.517370 0.550972
5 0.520747 0.514255 0.521953 0.511806 0.523047 0.511944 0.524167 0.511759 0.525234 0.510972 0.526042 0.509537 0.526276 0.507778 0.526146 0.506991 0.529870 0.501574 0.533266 0.502532 0.531904 0.510843 0.530911 0.510949 0.530880 0.515926 0.525641 0.517218
5 0.535219 0.503028 0.533057 0.519019 0.532719 0.525681 0.532406 0.526065 0.531813 0.530412 0.539284 0.511130 0.540401 0.508185 0.540461 0.505829 0.537930 0.503630
8 0.435737 0.613588 0.430313 0.614537 0.430781 0.618611 0.434453 0.618102 0.436310 0.618245
8 0.459380 0.620681 0.461310 0.623500 0.462089 0.622977 0.462633 0.618046
8 0.576844 0.906681 0.561560 0.911287 0.550112 0.914741 0.552057 0.917912 0.563667 0.915319 0.577005 0.911769
8 0.586451 0.904218 0.588266 0.903412 0.592589 0.905889 0.586279 0.908366
8 0.490112 0.600264 0.492786 0.598148 0.500885 0.593287 0.505026 0.590787 0.505990 0.592500 0.505677 0.593657 0.493003 0.600745
8 0.492133 0.592991 0.490911 0.597315 0.486901 0.597639 0.486172 0.596759 0.486120 0.599028 0.486375 0.599995 0.490112 0.600264 0.492786 0.598148 0.492786 0.598148 0.493984 0.595000 0.494141 0.592454
8 0.493443 0.586861 0.495760 0.587699 0.493073 0.589352
8 0.493573 0.585009 0.496792 0.572852 0.498906 0.574444 0.495917 0.585662
8 0.499396 0.573130 0.501589 0.564167 0.503206 0.558069 0.503622 0.555801 0.505130 0.549889 0.503203 0.548472 0.499714 0.562222 0.497500 0.571389
5 0.503253 0.544824 0.505935 0.544181 0.511404 0.542606 0.511581 0.551153 0.511789 0.554579 0.511398 0.555690 0.505521 0.559120 0.503622 0.555801 0.505130 0.549889 0.508354 0.551870 0.509047 0.551764 0.509167 0.548977
5 0.501589 0.564167 0.502083 0.562222 0.504482 0.561032 0.504794 0.562282 0.505862 0.562282 0.506122 0.561588 0.506096 0.560106 0.511458 0.556852 0.511711 0.561153 0.512310 0.561199 0.512336 0.558051 0.512102 0.556569 0.512161 0.555926 0.515365 0.553750 0.516302 0.556944 0.512320 0.562537 0.511568 0.562481 0.511599 0.564093 0.506849 0.570787 0.506190 0.569181
5 0.507734 0.572454 0.508255 0.571204 0.512563 0.564731 0.513346 0.570306 0.513036 0.573204 0.509682 0.578315 0.507990 0.576787
5 0.514279 0.570199 0.513224 0.563662 0.516693 0.558519 0.516823 0.559074 0.517839 0.559398 0.518646 0.558981 0.518958 0.557546 0.518544 0.556134 0.521617 0.551458 0.522685 0.550532 0.522544 0.551301 0.520721 0.555375 0.518518 0.560995 0.518206 0.562060
5 0.514609 0.551852 0.514479 0.553194 0.512284 0.554301 0.512263 0.542838
5 0.517786 0.551852 0.519219 0.550648 0.522422 0.548565 0.518125 0.554676 0.517682 0.553333 0.518021 0.552917
8 0.496299 0.431241 0.498068 0.429157 0.498253 0.430731 0.497630 0.432407 0.498568 0.432315 0.502839 0.429444 0.500984 0.425606 0.498122 0.419370 0.496380 0.418796 0.496510 0.419884 0.494453 0.421000 0.493802 0.421620
8 0.491461 0.424116 0.493031 0.423000 0.493802 0.421620 0.496299 0.431241 0.496039 0.432537 0.493956 0.433093 0.492318 0.430370 0.491146 0.427500 0.490964 0.425046
8 0.516654 0.486282 0.519076 0.498069 0.521849 0.496111
8 0.524271 0.498056 0.525885 0.505509 0.526276 0.507778 0.526042 0.509537 0.525234 0.510972 0.524167 0.511759 0.523047 0.511944 0.521953 0.511806 0.521146 0.510139 0.519661 0.501759
8 0.484609 0.509213 0.481987 0.498051 0.480766 0.496935 0.479477 0.496995 0.478570 0.498361 0.478672 0.501519 0.482401 0.519926
6 0.426299 0.504236 0.433490 0.505282 0.440391 0.505713 0.450667 0.506782 0.461844 0.507801 0.462779 0.509194 0.462146 0.512194 0.459615 0.511602 0.455885 0.511157 0.452714 0.510639 0.438583 0.509139 0.427276 0.507398
6 0.422193 0.504431 0.423651 0.504546 0.424453 0.506852 0.423438 0.506759
15 0.498122 0.419370 0.515346 0.413486 0.535594 0.406676 0.536320 0.413417 0.528052 0.416644 0.520266 0.418579 0.516878 0.417431 0.508891 0.417574 0.508891 0.418866 0.514820 0.419727 0.514701 0.420657 0.500984 0.425606
2 0.492424 0.408528 0.489128 0.390046 0.488065 0.382051 0.487878 0.377384 0.488815 0.373167 0.490690 0.370722 0.518305 0.357838 0.520867 0.357838 0.523240 0.359727 0.524615 0.362833 0.531612 0.408042 0.528740 0.409042 0.525802 0.387162 0.495346 0.400759 0.493812 0.401269 0.494313 0.403486
2 0.532802 0.414713 0.535906 0.436514 0.533013 0.436782 0.529789 0.415944
5 0.571719 0.720861 0.565474 0.719421 0.563456 0.720431 0.558852 0.733153 0.561477 0.733394
2 0.526245 0.829370 0.525958 0.881852 0.546208 0.883102 0.543789 0.876921 0.528443 0.874940 0.528549 0.840861 0.531164 0.840926 0.529914 0.837903 0.528281 0.837787 0.528258 0.833102
2 0.532995 0.840903 0.535156 0.840972 0.534471 0.838458 0.532057 0.838241
2 0.541536 0.841713 0.537474 0.841157 0.536484 0.838194 0.540729 0.838472
8 0.599984 0.850292 0.601797 0.843565 0.600885 0.842037 0.598776 0.848287
8 0.510495 0.458380 0.517651 0.476042 0.522055 0.485764 0.519609 0.469583 0.519583 0.471481 0.517578 0.471065 0.517630 0.461204 0.516354 0.458958
8 0.503159 0.442509 0.505510 0.443542 0.509380 0.444097 0.515026 0.455509 0.509062 0.455417
8 0.498359 0.434537 0.501719 0.440417 0.505268 0.441185 0.507987 0.441060 0.503490 0.430926 0.500000 0.433148
5 0.564503 0.733829 0.586154 0.715616 0.592021 0.714995 0.599589 0.710731 0.609549 0.704625 0.610906 0.717458 0.612104 0.723852 0.616961 0.736407 0.617560 0.740384 0.615445 0.742009 0.598232 0.738032 0.597065 0.739264 0.590727 0.737528 0.582909 0.736907 0.581995 0.740218 0.579479 0.739398 0.576130 0.740611 0.575531 0.739824 0.575531 0.737134 0.563771 0.734611
8 0.510495 0.458380 0.517651 0.476042 0.522055 0.485764 0.523878 0.490162 0.524531 0.491278 0.525255 0.492500 0.525125 0.493653 0.521849 0.496111 0.516654 0.486282 0.515766 0.482940 0.514711 0.480153 0.510328 0.470472 0.505286 0.458704
8 0.503901 0.455366 0.498086 0.442051 0.501013 0.441620 0.503159 0.442509 0.509062 0.455417
8 0.520953 0.467829 0.524763 0.489375 0.523878 0.490162 0.524531 0.491278 0.527047 0.481347
8 0.526068 0.492315 0.525255 0.492500 0.525125 0.493653 0.528651 0.490773 0.530703 0.488093 0.528349 0.483875
8 0.494669 0.783856 0.494570 0.782333 0.493969 0.781102 0.493154 0.781370 0.492552 0.782977 0.492560 0.785569
2 0.580302 0.858583 0.578107 0.861991 0.578997 0.866273 0.579419 0.868954 0.579359 0.870560 0.577852 0.871579 0.577995 0.874028 0.575937 0.874213 0.576773 0.899250 0.576844 0.906681 0.577005 0.911769 0.577052 0.915801 0.580294 0.915801 0.581411 0.913259 0.582841 0.909167 0.583120 0.915181 0.585107 0.916542 0.586745 0.913940 0.586221 0.910222 0.586570 0.902597 0.596854 0.908116 0.597344 0.916046 0.597518 0.917412 0.597552 0.923731 0.600026 0.924662 0.600885 0.922176 0.600938 0.920648 0.601107 0.910347 0.602469 0.910532 0.602956 0.921005 0.602922 0.926954 0.603443 0.929185 0.606023 0.930116 0.608326 0.923917 0.608185 0.921625 0.607174 0.906875 0.606651 0.906750 0.601805 0.900801 0.581133 0.889954
2 0.480529 0.680690 0.480633 0.682264 0.480112 0.684718 0.479461 0.686662 0.478633 0.686514 0.477820 0.686338 0.477143 0.683977 0.475060 0.683745 0.473107 0.682912 0.473187 0.680227 0.473654 0.678097 0.475026 0.678704 0.476703 0.679718 0.477820 0.681569 0.478526 0.680181 0.479607 0.680213
1 0.479409 0.663329 0.478966 0.659486 0.478159 0.659671 0.478680 0.663977
1 0.496810 0.620690 0.493740 0.623051 0.493453 0.624255 0.493919 0.626338 0.493479 0.627079 0.493714 0.628190 0.494885 0.629486 0.497669 0.629301 0.499154 0.629116 0.499232 0.627403 0.497852 0.627773 0.496367 0.625505 0.495768 0.625921 0.496604 0.628097 0.495247 0.628236 0.494260 0.624069 0.497435 0.621986
1 0.496146 0.619491 0.493516 0.621898 0.493740 0.623051 0.493453 0.624255 0.493479 0.627079 0.492813 0.627269 0.491771 0.627731 0.491823 0.629398 0.490260 0.630926 0.490391 0.633565 0.489318 0.633662 0.487214 0.631019 0.486276 0.627454 0.489661 0.624167 0.489714 0.622639 0.490703 0.621991 0.491542 0.622181 0.492503 0.621347 0.495729 0.618472
2 0.499185 0.547292 0.499948 0.548380 0.501276 0.548056 0.502526 0.548380 0.502943 0.549352 0.501406 0.555463 0.501536 0.550741 0.501016 0.550880 0.500833 0.552593 0.500026 0.553519 0.499115 0.552454 0.497891 0.552546 0.497682 0.551204 0.499974 0.551157 0.499766 0.549213 0.498984 0.549352 0.498977 0.548681
2 0.501096 0.556694 0.500810 0.555815 0.499846 0.555769 0.498466 0.556833 0.499378 0.558870 0.499508 0.560028 0.499039 0.561000 0.498909 0.562667 0.499143 0.564519 0.499714 0.562222
2 0.484661 0.556250 0.485737 0.555602 0.486727 0.556019 0.487143 0.557176 0.487604 0.558472 0.488203 0.556759 0.488724 0.556759 0.489297 0.557778 0.489193 0.559306 0.485104 0.561806
2 0.474141 0.480602 0.474141 0.482731 0.472969 0.484259 0.472812 0.485602 0.473203 0.486898 0.473487 0.486287 0.475443 0.482685 0.475547 0.479676 0.475339 0.478194
2 0.479159 0.471009 0.481086 0.472167 0.481424 0.473139 0.481138 0.474208 0.480617 0.474208 0.480122 0.473880 0.478560 0.472213
9 0.480052 0.465787 0.480729 0.466065 0.481276 0.467639 0.480859 0.468843 0.480052 0.467917
9 0.476096 0.460389 0.477242 0.459139 0.477893 0.458259 0.479013 0.458491 0.479404 0.459880 0.479091 0.461176 0.477398 0.461454 0.476695 0.462472 0.476253 0.461778
1 0.480156 0.451019 0.482000 0.452421 0.482839 0.453380 0.480419 0.453120 0.479427 0.451944
2 0.467344 0.472037 0.468802 0.471944 0.471302 0.472269 0.471250 0.470046 0.469349 0.469398 0.467187 0.470139
2 0.523620 0.461343 0.524193 0.463472 0.526667 0.463750 0.530620 0.467329 0.530245 0.468856 0.529047 0.467236 0.528161 0.467843 0.527849 0.469505 0.529672 0.471032 0.527047 0.481347 0.523724 0.473935 0.523177 0.469769 0.522266 0.464630
9 0.561224 0.619722 0.571982 0.619454 0.572346 0.618435 0.575836 0.616259 0.576539 0.614449 0.577815 0.613944 0.578961 0.614449 0.579430 0.615796 0.579378 0.617880 0.578701 0.618713 0.576904 0.618616 0.576174 0.618250 0.573076 0.620796 0.571904 0.622319 0.568206 0.625657 0.563576 0.622060 0.563518 0.620981 0.560555 0.621097
2 0.553698 0.633935 0.554323 0.634954 0.557333 0.634227 0.557526 0.630741 0.556302 0.631204 0.554922 0.630602
2 0.564534 0.648046 0.564354 0.649921 0.561372 0.650778 0.560263 0.650810 0.561536 0.652315 0.579904 0.646250 0.581073 0.645606 0.580065 0.644241 0.572396 0.645926 0.566745 0.647361
2 0.536505 0.498069 0.538250 0.498565 0.543375 0.500796 0.550815 0.505301 0.555052 0.507083 0.558802 0.508463 0.558646 0.512694 0.551721 0.508514 0.542680 0.503481 0.540995 0.504981 0.536052 0.501764
2 0.484357 0.553148 0.486466 0.550185 0.488940 0.554630 0.489427 0.556528 0.489193 0.559306 0.489818 0.560417 0.490896 0.558500 0.492510 0.556139 0.493370 0.554009 0.493229 0.551389 0.492432 0.551648 0.492354 0.553778 0.491469 0.554935 0.490469 0.554722 0.489724 0.553847 0.487586 0.548986 0.486901 0.547824 0.484219 0.551296
2 0.472031 0.489398 0.473482 0.486245 0.475443 0.482685 0.480122 0.473880 0.480617 0.474208 0.481138 0.474208 0.481424 0.473139 0.481086 0.472167 0.483430 0.467676 0.484620 0.468218 0.484992 0.472685 0.474583 0.490139
1 0.572396 0.645926 0.570052 0.643843 0.568698 0.643009 0.567031 0.643009 0.567135 0.644306 0.568490 0.644444 0.569948 0.645417 0.570937 0.646250
2 0.537674 0.492889 0.538612 0.491963 0.540227 0.491454 0.540617 0.489977 0.542857 0.488444 0.544315 0.486551 0.544992 0.487384 0.544107 0.489185 0.543169 0.491597 0.541841 0.492060 0.541424 0.491500 0.540591 0.492245 0.540643 0.493171
2 0.504089 0.411065 0.505755 0.410880 0.506927 0.413148 0.507552 0.413102 0.508594 0.413704 0.509714 0.413704 0.509818 0.411620 0.513672 0.411296 0.513654 0.412014 0.514529 0.411852 0.514505 0.411204 0.518854 0.410833 0.518828 0.412361 0.515346 0.413486 0.503828 0.417500 0.504036 0.414444 0.502917 0.412685
2 0.468021 0.455417 0.470417 0.453009 0.472760 0.450509 0.473646 0.452130 0.474497 0.452412 0.473938 0.455648 0.474638 0.456310 0.476641 0.456620 0.483599 0.457606 0.484375 0.465185 0.483430 0.467676 0.481276 0.467639 0.480729 0.466065 0.480052 0.465787 0.479167 0.465139 0.477839 0.465694 0.469141 0.482269 0.469583 0.478981 0.469635 0.472824 0.468802 0.471944 0.471302 0.472269 0.471250 0.470046 0.469349 0.469398 0.468776 0.461852
1 0.583693 0.555903 0.599539 0.608759 0.600099 0.611995 0.599784 0.630579 0.598185 0.630583 0.598701 0.612329 0.591185 0.586111 0.583625 0.559810
2 0.577063 0.538995 0.577940 0.537958 0.577940 0.533995 0.577336 0.533032
5 0.431758 0.377644 0.430443 0.376481 0.429688 0.374583 0.428164 0.374403 0.426471 0.375514 0.424987 0.377644 0.418138 0.376116 0.411602 0.374542 0.410404 0.374449 0.408346 0.375329 0.405378 0.376208 0.404388 0.379032 0.403945 0.382690 0.403828 0.394157 0.410956 0.393657 0.419602 0.394157 0.424964 0.395167 0.436719 0.399079 0.437846 0.399884 0.438036 0.396931 0.434563 0.394491 0.434281 0.392199 0.435812 0.391625 0.438872 0.394352 0.440174 0.392500 0.441372 0.392500 0.444003 0.389491 0.446477 0.389398 0.446815 0.395787 0.448768 0.394907 0.450878 0.390926 0.452492 0.387639 0.450539 0.380972 0.448768 0.378380 0.445591 0.376250 0.442883 0.373750 0.440930 0.370139 0.440878 0.362963 0.439914 0.363380 0.439758 0.371574 0.439315 0.377593 0.436424 0.378009 0.432987 0.379676 0.429549 0.389356 0.428096 0.386991
2 0.410404 0.374449 0.411581 0.374523 0.418138 0.376116 0.424987 0.377644 0.426471 0.375514 0.428164 0.374403 0.429688 0.374583 0.430443 0.376481 0.431477 0.372815 0.433638 0.369616 0.434107 0.367167 0.435680 0.367343 0.438768 0.367722 0.439810 0.364755 0.439914 0.363380 0.439039 0.363255 0.437529 0.363116 0.435859 0.362824 0.434792 0.362778 0.432807 0.363264 0.431505 0.363310 0.430891 0.363699 0.428138 0.363764 0.421831 0.366801 0.410026 0.373287
2 0.402732 0.367657 0.402672 0.363319 0.403273 0.359944 0.404690 0.357106 0.410474 0.355389 0.419388 0.354653 0.421831 0.366801 0.410026 0.373287 0.410404 0.374449 0.409169 0.374981 0.407161 0.370167 0.405133 0.366278
2 0.426719 0.355278 0.433013 0.355736 0.434852 0.357231 0.436479 0.359056 0.436448 0.360718 0.435859 0.362824 0.434792 0.362778 0.432807 0.363264 0.431714 0.360625 0.430958 0.359699 0.429031 0.359653 0.429214 0.360718 0.427318 0.357454
9 0.493224 0.559644 0.492938 0.561079 0.493406 0.562421 0.494526 0.562653 0.495573 0.558426 0.495073 0.559921 0.494370 0.559134
2 0.408521 0.503227 0.412286 0.503120 0.413253 0.506977 0.408641 0.506815
2 0.571370 0.528500 0.572172 0.530296 0.574333 0.534014 0.559682 0.555551 0.557339 0.553602 0.556224 0.552870 0.557396 0.547407 0.559531 0.545694 0.568073 0.533287
2 0.542214 0.601111 0.538229 0.604028 0.536664 0.608912 0.536690 0.609833 0.539555 0.612847 0.541016 0.610741 0.544870 0.605417
2 0.569591 0.549574 0.551414 0.576708 0.544505 0.595602 0.551438 0.597324 0.561297 0.573481
9 0.436659 0.583954 0.436503 0.584972 0.435044 0.586176 0.434680 0.585019 0.435807 0.582639
1 0.478677 0.825491 0.480292 0.828037 0.481302 0.831102 0.480789 0.832495 0.479409 0.828639 0.478133 0.826741
1 0.455234 0.759398 0.460885 0.770972 0.464531 0.778241 0.464531 0.779398 0.464115 0.779769 0.454479 0.760185
1 0.612417 0.856361 0.616596 0.855042 0.619211 0.854361 0.624828 0.853310 0.625008 0.857972 0.623380 0.855935 0.619781 0.856245 0.617250 0.857046 0.613076 0.857810
1 0.556904 0.902565 0.559281 0.906250 0.562146 0.909537 0.562354 0.911065 0.561560 0.911287 0.558370 0.908148 0.556495 0.905833 0.555211 0.902495
1 0.478805 0.666333 0.479818 0.675560 0.477242 0.671884 0.476737 0.672634 0.476823 0.674213 0.479734 0.677588 0.479607 0.680213 0.480529 0.680690 0.480451 0.673310 0.481802 0.672407 0.481971 0.674509 0.482628 0.674296 0.482477 0.671282 0.481802 0.670685 0.480240 0.671208 0.479607 0.665806
8 0.567562 0.491417 0.569516 0.493037 0.573344 0.495861 0.573214 0.498963 0.571469 0.498176 0.569698 0.496509 0.567615 0.492944
8 0.543602 0.544125 0.546023 0.545977 0.545841 0.547273 0.544904 0.548662 0.543862 0.548245 0.543237 0.545838
8 0.540711 0.542782 0.542586 0.543755 0.542664 0.547875 0.539982 0.546116
1 0.515130 0.400014 0.514529 0.411852 0.513654 0.412014 0.514227 0.399963
8 0.495346 0.400759 0.500313 0.398519 0.514227 0.399963 0.513724 0.410278 0.504089 0.411065 0.504844 0.410139 0.503833 0.408389 0.501823 0.411204 0.496380 0.411667 0.498148 0.406921 0.498208 0.404403
8 0.515130 0.400014 0.516797 0.400171 0.527529 0.399866 0.528646 0.408116 0.514573 0.410148
8 0.530357 0.400023 0.549810 0.401639 0.550612 0.403125 0.551625 0.402069 0.552635 0.402319 0.552669 0.406597 0.550612 0.406718 0.550544 0.410500 0.541586 0.410296 0.539286 0.410370 0.535995 0.410532 0.535594 0.406676 0.531612 0.408042
8 0.470987 0.394713 0.469979 0.396935 0.467669 0.397458 0.474245 0.406528 0.482812 0.406944 0.483333 0.403611 0.484477 0.398111 0.483695 0.398903 0.482500 0.396537
8 0.487187 0.396019 0.486432 0.400741 0.486961 0.400593 0.487401 0.401333 0.487401 0.402861 0.487323 0.403880 0.486516 0.404204 0.485891 0.403833 0.485391 0.406944 0.489141 0.406806 0.490052 0.403472 0.490234 0.399352 0.489401 0.396435
2 0.554581 0.532065 0.555128 0.530676 0.556195 0.529750 0.558409 0.527713 0.563591 0.521972 0.565414 0.520167 0.570102 0.515120 0.570779 0.516185 0.571039 0.519889 0.568591 0.520907 0.566247 0.521185 0.566143 0.523083 0.565154 0.524148 0.562995 0.526481 0.557891 0.532176 0.555729 0.533472
2 0.576120 0.630347 0.573307 0.623079 0.574922 0.620579 0.576667 0.621458 0.580339 0.631736 0.580286 0.633171 0.579427 0.633472 0.579568 0.632384
8 0.464953 0.741028 0.461638 0.745315 0.454557 0.752597 0.457120 0.755440 0.464802 0.747028
8 0.468992 0.742903 0.472456 0.739208 0.472427 0.737602 0.470107 0.736903 0.468750 0.738190
11 0.553687 0.767074 0.549490 0.772370 0.544458 0.777755 0.545094 0.779917 0.550172 0.784949 0.553542 0.810477 0.560477 0.856403 0.562529 0.859190 0.565409 0.859713 0.565508 0.824204 0.559159 0.780005 0.562773 0.776616 0.562820 0.773579 0.561013 0.771495 0.555789 0.767162
11 0.567260 0.844269 0.567094 0.858676 0.568318 0.857250 0.569456 0.853949 0.568273 0.844718
8 0.548750 0.878977 0.548440 0.884102 0.548951 0.885519 0.550000 0.888176 0.550362 0.884069
8 0.550362 0.884069 0.551453 0.893394 0.550242 0.896190 0.550000 0.888176
2 0.546219 0.807208 0.545583 0.826097 0.545799 0.837009 0.547760 0.847463 0.547846 0.808116
5 0.443383 0.424389 0.438919 0.430856 0.437750 0.430639 0.436740 0.431787 0.436419 0.434227 0.432344 0.442616 0.451263 0.479690 0.452633 0.478185 0.472156 0.447352 0.470906 0.446847 0.470018 0.445097
8 0.450958 0.756046 0.450594 0.757852 0.450750 0.759333 0.451531 0.760954 0.452026 0.760907 0.452781 0.759750 0.452391 0.755861
8 0.472549 0.757838 0.473279 0.763069 0.473852 0.770620 0.472185 0.771546 0.471977 0.764139 0.471693 0.760139
8 0.552344 0.620185 0.547849 0.627537 0.549307 0.630870 0.550818 0.627681 0.553083 0.624759 0.553682 0.621796
8 0.554297 0.616579 0.556380 0.619588 0.558672 0.615514 0.556094 0.614264
8 0.520128 0.463125 0.524763 0.489375 0.523878 0.490162 0.522055 0.485764 0.518930 0.465116 0.519268 0.463495
1 0.570182 0.604491 0.573047 0.605324 0.577396 0.605093 0.580286 0.603287 0.580557 0.603292 0.581354 0.603148 0.583247 0.603032 0.584706 0.602153 0.585677 0.602037 0.585547 0.603611 0.584505 0.604028 0.583063 0.604509 0.581133 0.604829 0.579896 0.606389 0.576953 0.606944 0.573359 0.606574 0.569740 0.606111 0.568906 0.604676
1 0.486974 0.457838 0.487078 0.463162 0.487625 0.465569 0.488385 0.463056 0.488281 0.457824
2 0.488307 0.460602 0.489503 0.460505 0.489990 0.459514 0.491211 0.458583 0.492117 0.458769 0.492292 0.460630 0.492148 0.461991 0.494070 0.463356 0.495326 0.464162 0.497482 0.467444 0.498951 0.467199 0.499125 0.469926 0.500206 0.469861 0.500135 0.471537 0.499086 0.471782 0.499159 0.474139 0.492641 0.471782 0.492466 0.470481 0.493198 0.468435 0.492148 0.468250 0.491872 0.469431 0.487341 0.467630 0.486714 0.463106 0.487078 0.463162 0.487625 0.465569 0.488385 0.463056
2 0.536076 0.453917 0.539141 0.455602 0.551354 0.472407 0.555234 0.477454 0.562526 0.487546 0.564453 0.489722 0.565260 0.490787 0.567615 0.492944 0.569661 0.496481 0.573464 0.501435 0.577279 0.506125 0.575906 0.511144 0.572047 0.506245 0.567320 0.499588 0.565289 0.497597 0.561573 0.492181 0.558609 0.488088 0.557672 0.487074 0.553107 0.480380 0.550885 0.477963 0.541667 0.465926 0.535312 0.457083
2 0.463036 0.478144 0.463193 0.482264 0.462542 0.482259 0.461578 0.483542 0.460635 0.483741 0.462146 0.477352
2 0.455745 0.480088 0.456875 0.481620 0.458568 0.482500 0.458880 0.481111 0.457682 0.480324 0.456380 0.478750
2 0.450130 0.480694 0.450398 0.482185 0.450971 0.482833 0.452247 0.482185 0.453635 0.480782 0.452464 0.479810 0.452021 0.478792 0.451263 0.479690
2 0.455667 0.475736 0.455250 0.478792 0.454208 0.478653 0.453602 0.477463
2 0.481052 0.431051 0.482500 0.424259 0.482161 0.420463 0.481281 0.418477 0.479398 0.415440 0.478388 0.415500 0.478388 0.416801 0.480599 0.420972 0.479635 0.425093 0.479427 0.428194
2 0.492148 0.468250 0.491177 0.472218 0.491977 0.473583 0.492148 0.478542 0.501565 0.481514 0.503169 0.476806 0.503307 0.469181 0.502401 0.470046 0.498951 0.467199 0.499125 0.469926 0.500206 0.469861 0.500135 0.471537 0.499086 0.471782 0.499159 0.474139 0.492641 0.471782 0.492466 0.470481 0.493198 0.468435
2 0.488966 0.479694 0.491875 0.481528 0.494245 0.480787 0.495703 0.479630 0.492148 0.478542 0.491977 0.473583 0.491177 0.472218 0.490000 0.471852 0.488073 0.473009
2 0.435885 0.475093 0.432721 0.490694 0.430143 0.504144 0.428016 0.503338 0.428086 0.501912 0.430562 0.490315 0.430875 0.488833 0.431266 0.486056 0.431656 0.484296 0.432966 0.477926 0.433174 0.475944 0.435057 0.467329
2 0.542161 0.391250 0.548724 0.390602 0.549323 0.397407 0.547656 0.397315 0.544948 0.394306
1 0.499500 0.835977 0.502339 0.840144 0.503510 0.844431 0.505003 0.846588 0.505982 0.846259 0.504443 0.841778 0.503695 0.837796 0.504677 0.835884 0.505503 0.838792 0.505703 0.840801 0.506188 0.842162 0.506823 0.845509 0.506917 0.847255 0.506357 0.848579 0.504768 0.848417 0.503089 0.846671 0.500990 0.841194
2 0.440992 0.747574 0.441956 0.759611 0.443648 0.759426 0.445888 0.757528 0.444586 0.744611
2 0.576773 0.899250 0.569456 0.877125 0.567448 0.880440 0.575802 0.906991 0.576844 0.906681
8 0.548693 0.860653 0.549807 0.860361 0.568849 0.887079 0.568242 0.890315 0.567216 0.891227 0.549154 0.865838
2 0.568849 0.887079 0.575802 0.906991 0.574029 0.907491 0.568242 0.890315
1 0.586745 0.913940 0.597552 0.919889 0.597518 0.917412 0.586430 0.911583
2 0.581411 0.913259 0.584758 0.923236 0.582143 0.924912 0.578828 0.915787 0.580294 0.915801
2 0.577005 0.911769 0.577052 0.915801 0.578828 0.915787 0.582143 0.924912 0.580086 0.926130 0.575065 0.912185
2 0.574688 0.838162 0.577029 0.839236 0.579328 0.839954 0.579625 0.848329 0.576292 0.849963 0.575260 0.849509
2 0.464982 0.825991 0.463055 0.831593 0.465034 0.833028 0.466753 0.831546 0.467534 0.829509
2 0.436555 0.488352 0.436997 0.492194 0.437440 0.493306 0.438195 0.494231 0.438664 0.498167 0.439549 0.501083 0.440391 0.505713 0.433490 0.505282 0.432857 0.497426 0.435122 0.496176 0.435044 0.490713 0.435721 0.488722
2 0.433742 0.508380 0.438583 0.509139 0.451008 0.510463 0.451268 0.511389 0.445930 0.517176 0.438560 0.523194 0.436867 0.524028 0.434159 0.524676 0.434109 0.523694 0.434419 0.521574
2 0.489258 0.350926 0.492117 0.347579 0.494453 0.346403 0.497346 0.347579 0.498531 0.349440 0.499195 0.352537 0.498289 0.352417 0.498078 0.350370 0.497312 0.348944 0.495219 0.347954 0.493826 0.348634
2 0.512883 0.819144 0.504812 0.829958 0.504734 0.832875 0.505750 0.834264 0.505503 0.838792 0.505703 0.840801 0.506188 0.842162 0.507802 0.842449 0.509940 0.844315 0.517320 0.823449 0.516917 0.820361
2 0.531966 0.875431 0.530586 0.869273 0.533789 0.866542 0.536078 0.866727 0.537591 0.876176
1 0.577211 0.802491 0.577341 0.798417 0.577862 0.799435 0.578096 0.802074 0.577992 0.803741 0.577578 0.811759 0.576797 0.810463
2 0.571380 0.808412 0.575414 0.817005 0.573776 0.818495 0.569271 0.810074 0.570747 0.809963
9 0.567945 0.801718 0.570839 0.807662 0.570417 0.808356 0.569393 0.808199 0.567495 0.803806 0.567404 0.802412
2 0.576635 0.819116 0.580651 0.828704 0.581302 0.831991 0.583385 0.837593 0.582555 0.837731 0.581560 0.837778 0.575443 0.822778 0.573635 0.821227 0.573951 0.819486
2 0.574164 0.835435 0.577271 0.835866 0.577159 0.827009 0.575443 0.822778 0.574146 0.821708
11 0.500299 0.524338 0.505000 0.523426 0.516479 0.520162 0.521932 0.518718 0.525641 0.517218 0.530880 0.515926 0.530911 0.510949 0.531904 0.510843 0.531964 0.518236 0.532719 0.525681 0.532057 0.526532 0.531667 0.526157 0.531302 0.521282 0.515393 0.525736 0.513297 0.526667 0.507990 0.527870 0.504253 0.528194 0.501263 0.529264
2 0.520747 0.449366 0.521146 0.439722 0.521380 0.436806 0.522396 0.425417 0.522448 0.423750 0.521484 0.422130 0.520182 0.421111 0.519323 0.422454 0.519219 0.428704 0.518073 0.446435 0.518125 0.447685
8 0.527714 0.592560 0.532760 0.583241 0.535729 0.580093 0.533464 0.583750 0.534089 0.585185 0.532214 0.587917 0.529328 0.592972
2 0.497422 0.417361 0.503833 0.408389 0.504844 0.410139 0.498599 0.418389
8 0.463698 0.655787 0.463141 0.657611 0.462375 0.658912 0.461396 0.661889 0.456682 0.670014 0.455326 0.672745 0.453487 0.671514 0.455596 0.667282 0.458701 0.662130 0.462898 0.656713
8 0.449586 0.675486 0.438987 0.691722 0.437279 0.693769 0.433409 0.699037 0.432956 0.700648 0.434281 0.702329 0.438604 0.697370 0.443344 0.691356 0.446250 0.686079 0.447388 0.681894 0.450268 0.681102 0.451503 0.678653 0.450875 0.675801
2 0.453065 0.611935 0.442734 0.619537 0.442995 0.621389 0.444896 0.627361 0.449352 0.624278 0.456711 0.618579
2 0.454279 0.611213 0.467742 0.600796 0.469357 0.607370 0.468370 0.606491 0.467560 0.606861 0.466622 0.608852 0.466753 0.611259 0.458005 0.617889
9 0.469357 0.607370 0.468370 0.606491 0.467560 0.606861 0.466622 0.608852 0.466753 0.611259 0.467057 0.612593 0.469089 0.612269 0.470938 0.610648 0.471224 0.608935
2 0.484536 0.584870 0.482448 0.600972 0.481875 0.609074 0.484661 0.607731 0.485391 0.601620 0.487089 0.585153
2 0.484901 0.583019 0.485964 0.577639 0.487839 0.578287 0.487865 0.579954 0.487479 0.583435
2 0.477906 0.538477 0.474143 0.566676 0.475956 0.567792 0.478359 0.549880 0.478359 0.547218 0.479023 0.546907 0.480208 0.536806 0.479161 0.537361
2 0.481010 0.536694 0.484148 0.573912 0.484148 0.576551 0.485529 0.575898 0.485161 0.570898 0.485815 0.570347 0.483052 0.537380 0.482378 0.536458 0.481776 0.536273
2 0.487586 0.548986 0.492221 0.543801 0.492849 0.544449 0.493109 0.545514 0.493133 0.548523 0.492589 0.547921 0.492143 0.548894 0.492508 0.550190 0.489724 0.553847
2 0.501055 0.616569 0.499935 0.622046 0.499234 0.626606 0.499094 0.630593 0.495919 0.640296 0.492854 0.650181 0.491281 0.658287 0.491240 0.663954 0.496685 0.667819 0.499810 0.653370 0.501315 0.653157 0.502310 0.654870 0.499018 0.669454 0.509174 0.676269 0.510630 0.677329 0.510112 0.673204 0.509773 0.662056 0.508862 0.660338 0.508026 0.660102 0.506076 0.661074 0.506258 0.668301 0.505656 0.668574 0.505086 0.667787 0.505008 0.660245 0.506724 0.658667 0.508549 0.658579 0.509510 0.660153 0.509198 0.653625 0.510424 0.652653 0.512273 0.653949 0.512820 0.663620 0.513810 0.662741 0.515164 0.660940 0.517505 0.654412 0.518312 0.655472 0.518352 0.657542 0.518818 0.660269 0.519573 0.666801 0.524651 0.648139 0.528193 0.631843 0.527698 0.630407 0.525062 0.629181 0.523315 0.627148 0.516909 0.623213 0.515997 0.624741 0.515190 0.623769 0.513344 0.619042 0.510135 0.616685 0.508573 0.616778 0.506854 0.613954 0.505844 0.613815 0.503471 0.616403
9 0.450005 0.625852 0.449352 0.624278 0.451068 0.622917 0.451276 0.624306 0.451146 0.625556
9 0.453654 0.621519 0.453445 0.622722 0.453732 0.623602 0.455268 0.623139 0.456544 0.621843 0.456622 0.620454 0.456128 0.620176 0.455372 0.620870 0.454852 0.621750 0.454305 0.621056
1 0.465219 0.638954 0.464464 0.640991 0.463370 0.642657 0.461711 0.646144 0.459898 0.648565 0.457875 0.650574 0.457094 0.651546 0.457094 0.653306 0.459073 0.655667 0.459828 0.654556 0.458917 0.653352 0.460107 0.650421 0.461992 0.647880 0.464047 0.644324 0.466260 0.639324
9 0.467328 0.672037 0.466003 0.673000 0.465859 0.675787 0.466823 0.676250 0.468594 0.675556 0.472031 0.670185 0.472448 0.667778 0.471901 0.666389 0.470677 0.665926 0.467995 0.669491
9 0.467807 0.675810 0.467885 0.676736 0.468484 0.676921 0.468510 0.678449 0.467547 0.678912 0.467651 0.682755 0.468641 0.683634 0.470333 0.684144 0.471479 0.679421 0.470729 0.672083 0.468594 0.675556
8 0.537044 0.516861 0.538190 0.519731 0.538997 0.521630 0.541055 0.525565 0.540664 0.527324 0.539076 0.527278 0.537201 0.521491 0.536263 0.518944
2 0.429031 0.359653 0.430958 0.359699 0.431714 0.360625 0.432807 0.363264 0.431505 0.363310 0.431245 0.362245 0.429995 0.362199 0.429214 0.360718
2 0.419466 0.481861 0.417932 0.481986 0.416992 0.483843 0.423651 0.504546 0.425776 0.510991 0.431320 0.525431 0.432089 0.525866 0.432716 0.528343 0.433831 0.528843 0.434284 0.526671 0.434109 0.523694 0.427276 0.507398 0.426299 0.504236
8 0.431320 0.525431 0.431383 0.529815 0.432437 0.545727 0.432948 0.554352 0.432375 0.554833 0.431984 0.554190 0.431531 0.546046 0.430206 0.522477
8 0.535406 0.566463 0.535495 0.571667 0.535885 0.574352 0.536693 0.574537 0.537969 0.572315 0.538958 0.569769 0.538307 0.568102 0.537370 0.568472 0.536510 0.571389 0.536656 0.566602
2 0.545146 0.551213 0.545799 0.549449 0.548672 0.551435 0.551484 0.554630 0.554688 0.559074 0.553672 0.562005 0.548776 0.555463
8 0.533029 0.537829 0.532578 0.536620 0.533672 0.535185 0.535990 0.533657 0.541172 0.532593 0.544818 0.531806 0.551745 0.530741 0.552031 0.529398 0.552630 0.529491 0.553047 0.530972 0.552188 0.531944 0.545477 0.533380 0.544513 0.533519 0.536406 0.535046 0.535417 0.535648
1 0.536406 0.535046 0.537448 0.538056 0.537318 0.539630 0.536667 0.539583 0.535417 0.535648
8 0.539284 0.511130 0.542109 0.512546 0.550104 0.515370 0.550078 0.517269 0.546484 0.515880 0.541042 0.514074 0.538646 0.512778
8 0.541042 0.514074 0.538997 0.521630 0.538190 0.519731 0.539661 0.513333
8 0.537201 0.521491 0.536198 0.525880 0.535755 0.528194 0.534609 0.529259 0.535260 0.531157 0.535859 0.531620 0.536641 0.530926 0.538073 0.524120
2 0.553729 0.509662 0.558646 0.512694 0.558445 0.514199 0.557193 0.513968 0.552630 0.511389
2 0.543651 0.505542 0.545581 0.505032 0.551721 0.508514 0.551414 0.509894 0.547794 0.508644 0.543677 0.507764
2 0.560789 0.509431 0.563104 0.509847 0.564406 0.511097 0.564094 0.515356 0.560443 0.513565 0.560703 0.511829
2 0.560443 0.513565 0.564094 0.515356 0.563932 0.517130 0.560182 0.515093
2 0.565656 0.518042 0.566909 0.518597 0.567792 0.517625 0.565943 0.516190
8 0.567141 0.509245 0.568964 0.509384 0.570891 0.510773 0.572557 0.512208 0.574357 0.515125 0.574901 0.516931 0.574536 0.518134 0.572143 0.513921 0.569799 0.511931 0.567065 0.510773
2 0.571039 0.519889 0.573148 0.521000 0.574229 0.522551 0.574401 0.523333 0.575573 0.523519 0.575625 0.521157 0.570937 0.519074
2 0.577779 0.518889 0.579620 0.517551 0.581576 0.525907 0.581279 0.527301 0.580341 0.528690 0.578411 0.528852 0.577568 0.525315
1 0.534573 0.565537 0.535458 0.565028 0.536943 0.564935 0.537750 0.565583 0.537438 0.567019 0.536656 0.566602 0.535406 0.566463 0.534495 0.567157
8 0.431320 0.525431 0.432089 0.525866 0.432716 0.528343 0.433831 0.528843 0.434284 0.526671 0.447216 0.530171 0.449836 0.530972 0.452083 0.531620 0.451198 0.533843 0.450990 0.535833 0.448508 0.535060 0.446081 0.534218 0.437786 0.531528 0.431383 0.529815
8 0.536039 0.558991 0.535573 0.562176 0.535458 0.565028 0.536943 0.564935 0.537188 0.562639 0.537474 0.561204
8 0.420659 0.525792 0.420945 0.527134 0.430607 0.529495 0.430398 0.525190 0.426362 0.524449 0.425815 0.526579 0.425034 0.527273 0.424044 0.526486 0.423081 0.523940 0.421518 0.523662
2 0.512935 0.487611 0.515169 0.488917 0.515089 0.490569 0.513018 0.501421 0.512172 0.500935 0.511953 0.499338 0.510646 0.498847 0.511872 0.492458
2 0.505365 0.484787 0.505370 0.486079 0.507872 0.489634 0.509568 0.487097 0.507224 0.483218
2 0.509167 0.492153 0.510086 0.492713 0.511872 0.492458 0.512346 0.490389 0.510794 0.489130
2 0.408151 0.440139 0.408698 0.439491 0.422891 0.440602 0.424099 0.440921 0.429281 0.441894 0.429792 0.443148 0.426615 0.443426 0.424245 0.441574 0.422630 0.441111 0.422370 0.442454 0.422682 0.443981 0.422292 0.444074 0.421172 0.442639 0.419870 0.442130 0.418724 0.443380 0.418672 0.444676 0.418698 0.445602 0.409062 0.443935 0.408281 0.442778
2 0.408422 0.436106 0.408698 0.439491 0.408151 0.440139 0.408281 0.442778 0.409062 0.443935 0.408542 0.444907 0.407604 0.445093 0.407057 0.444722 0.407005 0.443843 0.407422 0.443102 0.407057 0.435833
2 0.408057 0.431269 0.407344 0.419861 0.406536 0.418935 0.406224 0.419861 0.406823 0.432593 0.407318 0.432778 0.407151 0.432134
2 0.488508 0.418972 0.492424 0.408528 0.495346 0.400759 0.498208 0.404403 0.498148 0.406921 0.492815 0.421542
2 0.495677 0.413565 0.496510 0.419884 0.494453 0.421000 0.494070 0.418273
9 0.563451 0.777505 0.565794 0.780699 0.565482 0.781116 0.562479 0.780005 0.561810 0.780005
1 0.553021 0.614028 0.556094 0.614264 0.558672 0.615514 0.560495 0.616204 0.560469 0.615046 0.559010 0.614634 0.556979 0.613519 0.555703 0.612963 0.552109 0.612361
1 0.577391 0.549194 0.578745 0.548870 0.581948 0.550676 0.582000 0.552111 0.580776 0.551880 0.578432 0.550815 0.577810 0.550815
2 0.571797 0.755093 0.571706 0.761116 0.573346 0.763106 0.573112 0.763616 0.571628 0.763569 0.571654 0.768014 0.572227 0.769542 0.573867 0.769912 0.574102 0.756671
2 0.574219 0.748574 0.574323 0.738611 0.572161 0.738750 0.572193 0.747074
8 0.424573 0.573259 0.416893 0.585644 0.416797 0.587824 0.417279 0.590106 0.419195 0.591097 0.422229 0.586199 0.426711 0.579472
1 0.427526 0.571866 0.427073 0.573153 0.429062 0.572315 0.428333 0.571157
1 0.429635 0.570648 0.431549 0.570014 0.432513 0.570245 0.435221 0.570106 0.435117 0.571356 0.432279 0.571449 0.430378 0.571773
8 0.427135 0.568889 0.428333 0.571157 0.427526 0.571866 0.426706 0.569782
8 0.427073 0.573153 0.430391 0.574815 0.429062 0.572315
8 0.427878 0.567653 0.429635 0.570648 0.431549 0.570014 0.432513 0.570245 0.438138 0.558995 0.438711 0.557653 0.438711 0.554782 0.438503 0.552606 0.437513 0.552236
2 0.422193 0.504431 0.423438 0.506759 0.425122 0.508917 0.425776 0.510991 0.430206 0.522477 0.430398 0.525190 0.426362 0.524449 0.425815 0.526579 0.425034 0.527273 0.424044 0.526486 0.423081 0.523940 0.421518 0.523662 0.417279 0.515546 0.415466 0.508356 0.416859 0.506620 0.416651 0.505319 0.415570 0.503523 0.414141 0.503583 0.410479 0.490009 0.412536 0.486912 0.413721 0.487407 0.420135 0.500426
2 0.414141 0.503583 0.415570 0.503523 0.416651 0.505319 0.416859 0.506620 0.415466 0.508356
8 0.409622 0.470449 0.407948 0.463380 0.407565 0.460093 0.407635 0.456755 0.408891 0.453778 0.414469 0.450120 0.426615 0.443426 0.429792 0.443148 0.430156 0.443731 0.424753 0.446343 0.420081 0.449125 0.414469 0.452167 0.409586 0.455144 0.408854 0.456995 0.408750 0.460722 0.411401 0.471375 0.410529 0.471690 0.410284 0.470329
8 0.431656 0.484296 0.428453 0.480917 0.427177 0.479250 0.425328 0.476750 0.420094 0.470963 0.418740 0.469667 0.412021 0.463556 0.411344 0.464991 0.411891 0.469528 0.414729 0.472352 0.415458 0.471657 0.413219 0.469528 0.412438 0.468324 0.412177 0.466009 0.412438 0.465454 0.419078 0.471519 0.424964 0.478139 0.431266 0.486056
2 0.460573 0.807593 0.462604 0.807176 0.463073 0.808495 0.460904 0.809593
2 0.463917 0.809356 0.463555 0.807106 0.478125 0.803657 0.478023 0.806310
2 0.426615 0.443426 0.424245 0.441574 0.422630 0.441111 0.422370 0.442454 0.422682 0.443981 0.422292 0.444074 0.421172 0.442639 0.419870 0.442130 0.418724 0.443380 0.418672 0.444676 0.418698 0.445602 0.420052 0.447083
8 0.424172 0.446657 0.430734 0.453972 0.431695 0.455315 0.434406 0.458815 0.434854 0.461338 0.431443 0.456384 0.430323 0.454810 0.427276 0.451801 0.423266 0.447218
8 0.422604 0.447639 0.424464 0.450690 0.430010 0.456338 0.431156 0.457495 0.433161 0.460042 0.434516 0.462403 0.434724 0.464718 0.430974 0.458884 0.429776 0.457542 0.426859 0.455134 0.423969 0.452079 0.421536 0.448287
8 0.433255 0.462500 0.429880 0.463088 0.428164 0.464269 0.418740 0.469667 0.420094 0.470963 0.427771 0.466194 0.430724 0.464426 0.434724 0.464718
8 0.417784 0.470380 0.415458 0.471657 0.414729 0.472352 0.413591 0.474593 0.413956 0.476537 0.414919 0.477463 0.415518 0.475796 0.414841 0.475102 0.415076 0.474222 0.415901 0.473463 0.416448 0.473000 0.417333 0.472907 0.419078 0.471519
2 0.508604 0.807565 0.509594 0.801731 0.510401 0.797981 0.511755 0.795528 0.513214 0.796361 0.510609 0.809324 0.509437 0.809417
9 0.522156 0.814560 0.522547 0.815718 0.523146 0.815949 0.523849 0.815301 0.523589 0.813912 0.522781 0.813912
2 0.515828 0.812153 0.519630 0.813218 0.522156 0.814560 0.522547 0.815718 0.523146 0.815949 0.523849 0.815301 0.525698 0.816273 0.526609 0.818218 0.527026 0.822060 0.526195 0.821907 0.525109 0.820296 0.523966 0.820620 0.522182 0.819005 0.517990 0.816412 0.516505 0.814838 0.515229 0.813264
9 0.516917 0.820361 0.517320 0.823449 0.517943 0.823565 0.518672 0.822315 0.518568 0.821065 0.517786 0.819630
2 0.517469 0.817477 0.518667 0.817431 0.520880 0.819792 0.523016 0.822338 0.524734 0.825856 0.525516 0.828495 0.524917 0.829560 0.523302 0.826782 0.520828 0.822708 0.518927 0.820116 0.517417 0.818588
7 0.497969 0.817130 0.500203 0.809375 0.503042 0.812801 0.505724 0.809005 0.507469 0.810301 0.511953 0.820324 0.504812 0.829958
2 0.499870 0.788333 0.501859 0.792241 0.504570 0.800597 0.506076 0.801347 0.506620 0.803972 0.508604 0.807565 0.509437 0.809417 0.509451 0.812435 0.508518 0.812653 0.507469 0.810301 0.505724 0.809005 0.505534 0.807454 0.500924 0.801940 0.500320 0.797597 0.497971 0.792241
2 0.495047 0.811579 0.499706 0.811019 0.498557 0.815171 0.497091 0.815421
9 0.500924 0.801940 0.500078 0.802778 0.499792 0.807870 0.500203 0.809375 0.501823 0.809306 0.501901 0.807824 0.502057 0.805324 0.502995 0.804352
9 0.503604 0.788639 0.504203 0.787435 0.505375 0.789519 0.506000 0.790074 0.506833 0.792065 0.506469 0.793639 0.507172 0.795213 0.506703 0.795815 0.505557 0.793546 0.504411 0.792435
2 0.496299 0.774171 0.497750 0.770657 0.499565 0.769579 0.499888 0.772519 0.496458 0.777824 0.495156 0.776852
2 0.490193 0.764796 0.490635 0.766972 0.492305 0.771014 0.493292 0.770491 0.494214 0.762681
2 0.489870 0.761528 0.489750 0.758731 0.490141 0.757296 0.491052 0.757157 0.493057 0.759843
9 0.530531 0.820769 0.533411 0.822130 0.533203 0.816991 0.534766 0.820509 0.534818 0.825556 0.534245 0.831620
2 0.548674 0.759431 0.549721 0.762653 0.555625 0.756435 0.549490 0.772370 0.544458 0.777755 0.545094 0.779917 0.546305 0.781157 0.545167 0.784815 0.540948 0.780847
2 0.539068 0.783949 0.544331 0.787481 0.543424 0.789944 0.542214 0.789014 0.540641 0.789944 0.540760 0.797042 0.540365 0.797361 0.537344 0.791528 0.537396 0.789722
2 0.564656 0.661093 0.561885 0.660074 0.561065 0.660694 0.559805 0.662722 0.560589 0.664273 0.561943 0.664917 0.564112 0.664866 0.564987 0.663634
2 0.405378 0.376208 0.408346 0.375329 0.409169 0.374981 0.407161 0.370167 0.405133 0.366278 0.400549 0.368778 0.399714 0.372019 0.399557 0.377435 0.400078 0.380722 0.398151 0.389611 0.399143 0.390306 0.401878 0.386556 0.401771 0.383222 0.402734 0.378824 0.401747 0.371324
9 0.588880 0.807593 0.589167 0.810278 0.588203 0.811296 0.588125 0.810417 0.587083 0.809676 0.586693 0.807500
1 0.505729 0.606537 0.505911 0.603204 0.507466 0.603264 0.508411 0.605565 0.510781 0.614546 0.509714 0.614083 0.507292 0.604824 0.506797 0.604685 0.506354 0.608111
2 0.507708 0.613519 0.506354 0.608111 0.505729 0.606537 0.504844 0.604954 0.503893 0.605051 0.502596 0.605856 0.501536 0.607778 0.501432 0.610926 0.502604 0.610694 0.502526 0.609583 0.502682 0.608519 0.503958 0.609444 0.504505 0.611713 0.506198 0.612685
1 0.517266 0.601389 0.516773 0.611398 0.516016 0.610509 0.516260 0.602611
9 0.523315 0.627148 0.525062 0.629181 0.525885 0.628889 0.526536 0.627593 0.525495 0.625324 0.524297 0.625926
9 0.526563 0.639537 0.527164 0.641894 0.529117 0.644764 0.529352 0.644162 0.528857 0.641106 0.528727 0.639116 0.528206 0.637079 0.527216 0.636153
2 0.529427 0.657731 0.527544 0.656801 0.527232 0.658102 0.525698 0.656056 0.523221 0.655685 0.523255 0.657542 0.527266 0.659838 0.527091 0.663681 0.526951 0.665477 0.525836 0.667458 0.526307 0.668519 0.526951 0.669380 0.528346 0.666343 0.527859 0.662935 0.528138 0.660083
2 0.533471 0.662005 0.534586 0.661449 0.538214 0.660644 0.538875 0.662750 0.539154 0.666282 0.536224 0.664486
2 0.539740 0.656898 0.539193 0.658755 0.539167 0.661301 0.539583 0.663292 0.540677 0.663106 0.540755 0.659079
2 0.501135 0.353810 0.501966 0.358431 0.504224 0.364380 0.514505 0.359583 0.513229 0.357083 0.511745 0.355231 0.510693 0.355829 0.509508 0.358310 0.506198 0.356481
2 0.503917 0.538514 0.505188 0.536551 0.505188 0.536551 0.506563 0.533889 0.507891 0.531296 0.508906 0.530509 0.509896 0.531481 0.510026 0.532500 0.506026 0.538699
5 0.503760 0.540366 0.507510 0.540366 0.508318 0.539347 0.511391 0.538745 0.511378 0.539500 0.506299 0.541120 0.503471 0.540944
9 0.482099 0.549824 0.480979 0.552977 0.481161 0.554134 0.481734 0.554412 0.482411 0.553023
2 0.553310 0.732366 0.558070 0.736500 0.560518 0.738231 0.572193 0.747074 0.574219 0.748574 0.582406 0.753375 0.584094 0.756375 0.583336 0.763278 0.559318 0.746097 0.555422 0.743343 0.554240 0.742366 0.552664 0.741361 0.548458 0.738903
2 0.549125 0.729366 0.551383 0.730972 0.546622 0.736972 0.543328 0.734995
2 0.547513 0.727056 0.531128 0.715134 0.529862 0.723241 0.540573 0.733352
2 0.470729 0.749259 0.464870 0.752454 0.465182 0.754630 0.468932 0.752685
2 0.477914 0.740394 0.477966 0.743819 0.478695 0.750162 0.480544 0.749884 0.482211 0.746829 0.485518 0.744606 0.485573 0.743704
2 0.473904 0.754051 0.472940 0.742060 0.473591 0.741042 0.475102 0.741690 0.476221 0.757523
1 0.450724 0.770792 0.453328 0.773847 0.454813 0.776162 0.456870 0.779819 0.458172 0.785097 0.458172 0.788755 0.457599 0.792458 0.456297 0.795931 0.455385 0.795005 0.456974 0.790977 0.457286 0.787042 0.456792 0.783569 0.455568 0.780329 0.453820 0.776903 0.451979 0.774444 0.450023 0.772079
5 0.490802 0.805097 0.493068 0.808338 0.492914 0.822921 0.492339 0.824264 0.489008 0.819310 0.490073 0.815514 0.491063 0.809310
5 0.484263 0.810023 0.487570 0.814981 0.488690 0.811278 0.489263 0.807894 0.489263 0.806505 0.488534 0.806463
5 0.486086 0.798727 0.484029 0.807111 0.484315 0.807574 0.489289 0.803685
5 0.482628 0.797116 0.483883 0.796806 0.485383 0.798495 0.482883 0.807292 0.477805 0.798218 0.477753 0.795815 0.480253 0.797014 0.481034 0.798634
2 0.495510 0.830065 0.491315 0.872588 0.489219 0.893815 0.493049 0.896611 0.495068 0.875102 0.498617 0.834597
2 0.526195 0.821907 0.528490 0.822315 0.528339 0.829606 0.527172 0.826375
2 0.593495 0.823463 0.595526 0.823370 0.594656 0.827333 0.594052 0.830343 0.593573 0.835222 0.592701 0.838255 0.591620 0.836333 0.592401 0.831657 0.592159 0.827815 0.593357 0.828370 0.593878 0.827722 0.593878 0.825778 0.593284 0.824713
2 0.591852 0.840824 0.591331 0.843972 0.590370 0.846009 0.588677 0.847398 0.588076 0.845407 0.589458 0.843000 0.590839 0.838972
2 0.483958 0.628472 0.485021 0.628801 0.485990 0.629861 0.487214 0.631019 0.489318 0.633662 0.491063 0.633616 0.496453 0.638565 0.495919 0.640296 0.490880 0.635833 0.488927 0.635005 0.488224 0.638292 0.488224 0.640144 0.489656 0.643241 0.490021 0.646667 0.491271 0.654306 0.490542 0.654537 0.489500 0.648380 0.489057 0.645046 0.487286 0.641718 0.487182 0.639583 0.487911 0.634444 0.485724 0.631898 0.484917 0.632639 0.482786 0.630093
9 0.512500 0.677963 0.512396 0.680370 0.512708 0.682037 0.513281 0.682963 0.514740 0.683657 0.515417 0.681528 0.514922 0.679861 0.514583 0.677685 0.513932 0.677963
2 0.486466 0.550185 0.484357 0.553148 0.484661 0.556250 0.485737 0.555602 0.486727 0.556019 0.487143 0.557176 0.488940 0.554630
9 0.466151 0.579000 0.465917 0.580065 0.465917 0.581639 0.467167 0.582056 0.467818 0.581824 0.468156 0.580296 0.467818 0.578769 0.466932 0.578398
2 0.465917 0.580065 0.465917 0.581639 0.467167 0.582056 0.463385 0.587315 0.462708 0.586713 0.462682 0.585463
2 0.466932 0.578398 0.467818 0.578769 0.468156 0.580296 0.472812 0.573565 0.473099 0.571852 0.472266 0.570602
8 0.442305 0.592926 0.434948 0.596065 0.435479 0.597954 0.442909 0.594204
2 0.438503 0.552606 0.438711 0.554782 0.438711 0.557653 0.439547 0.558611 0.442628 0.546833 0.442500 0.539120 0.438776 0.538704
8 0.423687 0.588731 0.422672 0.591556 0.422411 0.592991 0.422958 0.594426 0.425380 0.594333 0.428245 0.593639 0.431352 0.591954 0.432557 0.590884 0.432195 0.589491 0.430870 0.589972 0.429599 0.590352 0.427021 0.592250 0.423714 0.592343 0.424469 0.590954 0.424521 0.588731
8 0.433219 0.597097 0.432161 0.597685 0.432188 0.599722 0.433672 0.599120
2 0.491138 0.496523 0.491685 0.496014 0.492625 0.497912 0.492935 0.496894 0.493716 0.496153 0.493872 0.497495 0.494029 0.499625 0.493378 0.502079 0.492625 0.502079 0.491870 0.500273 0.491789 0.498468
2 0.494688 0.493194 0.494578 0.494440 0.495305 0.494995 0.496060 0.493931 0.496190 0.493190 0.496271 0.491894
8 0.487987 0.505875 0.496667 0.508148 0.496948 0.509671 0.488560 0.507125 0.488198 0.512264 0.487492 0.511616
2 0.500253 0.497681 0.502508 0.496977 0.502846 0.498153 0.501815 0.498931
8 0.497690 0.508431 0.500320 0.509264 0.499701 0.510764 0.497951 0.510421
2 0.537510 0.526718 0.538526 0.528292 0.542641 0.528940 0.541172 0.532593 0.539411 0.532968 0.538083 0.531394 0.536641 0.530926
2 0.537232 0.492889 0.537232 0.497384 0.540201 0.497241 0.543091 0.495301 0.542909 0.493352
8 0.453568 0.544815 0.453385 0.543750 0.453984 0.543657 0.466458 0.545463 0.467448 0.546574 0.467604 0.548287 0.467318 0.549259 0.455182 0.547361 0.453646 0.547130 0.453359 0.545741
2 0.541927 0.479583 0.537414 0.484495 0.537917 0.479167 0.539271 0.477454
2 0.555052 0.507083 0.555990 0.505741 0.556953 0.505694 0.557786 0.506991 0.558828 0.506806 0.558802 0.508463
2 0.547794 0.508644 0.548047 0.514167 0.548594 0.514444 0.551414 0.509894
2 0.568271 0.525398 0.567526 0.524398 0.566745 0.524352 0.565901 0.525722 0.566656 0.527389
2 0.503169 0.476806 0.511224 0.474398 0.512292 0.476667 0.512049 0.477616 0.504245 0.479954 0.503620 0.482315 0.502396 0.483704 0.498516 0.484259 0.497578 0.488264 0.496406 0.489074 0.497839 0.482824 0.502057 0.482315 0.503255 0.481389 0.503516 0.478750 0.502448 0.478981
2 0.477404 0.487824 0.479018 0.487130 0.480867 0.485417 0.484565 0.484907 0.484826 0.486991 0.481622 0.487454 0.480216 0.488472 0.477664 0.489676
2 0.481622 0.487454 0.481589 0.488472 0.486120 0.491759 0.486146 0.493241 0.485234 0.494398 0.484974 0.492454 0.480216 0.488472
2 0.486190 0.479856 0.485122 0.479810 0.483612 0.480968 0.482284 0.481847 0.477961 0.485042 0.477622 0.486801 0.482414 0.483144 0.486375 0.480968
2 0.488966 0.479694 0.491875 0.481528 0.493255 0.482222 0.495130 0.482315 0.496172 0.480463 0.496615 0.480926 0.495651 0.483519 0.495260 0.488148 0.495599 0.489676 0.494583 0.490449 0.494323 0.488241 0.494714 0.483287 0.492474 0.483333 0.488513 0.481991
2 0.497208 0.491014 0.498120 0.494486 0.500253 0.497681 0.501815 0.498931 0.503198 0.499162 0.503474 0.500083 0.501841 0.500227 0.499161 0.499162 0.498039 0.498097 0.496867 0.494995 0.496271 0.491894
2 0.494159 0.495134 0.495305 0.494995 0.496060 0.493931 0.496607 0.495551 0.496841 0.498838 0.498039 0.498097 0.499161 0.499162 0.496922 0.500782 0.494995 0.500690 0.494784 0.498097 0.493872 0.497495 0.493716 0.496153
8 0.494995 0.500690 0.496120 0.501157 0.496979 0.502963 0.498464 0.514120 0.497786 0.514769 0.496667 0.508148 0.495964 0.503056 0.494974 0.502639
2 0.551286 0.636644 0.550635 0.639236 0.550583 0.641875 0.551495 0.646782 0.554828 0.645440 0.555635 0.645023 0.554125 0.635810
1 0.547312 0.538463 0.547737 0.541894 0.547122 0.546597 0.545799 0.549449 0.545146 0.551213 0.544057 0.558009 0.542909 0.561986 0.542698 0.563699 0.541398 0.566014 0.540773 0.565046 0.541060 0.561477 0.542440 0.560366 0.544904 0.548662 0.545841 0.547273 0.546023 0.545977
2 0.421740 0.603523 0.421219 0.605606 0.421245 0.614722 0.425906 0.615278 0.426479 0.613657 0.426427 0.604218
1 0.514758 0.893648 0.515755 0.898102 0.516068 0.901435 0.514453 0.900602 0.512891 0.891759
2 0.526958 0.712852 0.525703 0.714403 0.526810 0.715787 0.529734 0.719375 0.530245 0.720875 0.530599 0.718380
2 0.533047 0.707986 0.531979 0.706347 0.526958 0.712852 0.529115 0.716111 0.533750 0.710185
8 0.588018 0.687546 0.588862 0.686653 0.589279 0.686792 0.589112 0.688843
2 0.591180 0.685264 0.591589 0.685880 0.592214 0.682870 0.593760 0.688000 0.592680 0.688153 0.590451 0.689338 0.590451 0.689338
2 0.482599 0.451264 0.482839 0.453380 0.486531 0.453810 0.486406 0.452222 0.485411 0.450801
2 0.611044 0.902042 0.615031 0.916509 0.612198 0.916620 0.609516 0.906977 0.610242 0.906380
2 0.539289 0.448958 0.539635 0.450972 0.539661 0.453333 0.537344 0.452500 0.537622 0.448213
2 0.527813 0.439722 0.537883 0.438972 0.535807 0.447130 0.535521 0.446389 0.534167 0.446481 0.532474 0.446528 0.531901 0.446065
2 0.561536 0.652315 0.562398 0.653264 0.567581 0.657199 0.569766 0.656250 0.566875 0.650602
2 0.579789 0.649287 0.577602 0.649565 0.577237 0.648315 0.574581 0.650676 0.573227 0.650769 0.573331 0.652389 0.574503 0.652620 0.574659 0.653917 0.575362 0.654935 0.577445 0.655167 0.578096 0.657620 0.579451 0.658731
8 0.473104 0.326778 0.473146 0.324051 0.473789 0.322690 0.474641 0.323120 0.475000 0.324625 0.474883 0.326491
9 0.574190 0.655306 0.575206 0.655769 0.576299 0.656741 0.577107 0.659241 0.578070 0.659009 0.578852 0.659472 0.578826 0.661880 0.577185 0.661324 0.576716 0.659935 0.575284 0.659056
2 0.531083 0.655454 0.529966 0.657315 0.529427 0.657731 0.528138 0.660083 0.527859 0.662935 0.528346 0.666343 0.526951 0.669380 0.526380 0.673333 0.527458 0.675745 0.528573 0.677894 0.529094 0.672338 0.530000 0.666569 0.532383 0.666722 0.532435 0.664963 0.533789 0.664829 0.539206 0.670338 0.539831 0.671630 0.542786 0.670944 0.541737 0.668505 0.540891 0.667069 0.539154 0.666282 0.536224 0.664486 0.533471 0.662005 0.532599 0.662005 0.530820 0.661384 0.530438 0.658968 0.531555 0.657606
8 0.461724 0.598255 0.454341 0.608486 0.453750 0.610269 0.454279 0.611213 0.455065 0.609875 0.462148 0.599755
8 0.460940 0.593056 0.454737 0.599162 0.454224 0.601736 0.461573 0.595468
9 0.465609 0.592787 0.465732 0.594236 0.468984 0.595468 0.468984 0.593648 0.466427 0.592037
2 0.531286 0.472838 0.532406 0.474042 0.533578 0.474597 0.533698 0.475509 0.534010 0.481620 0.531859 0.482838 0.529516 0.483120 0.529193 0.480694
2 0.473958 0.642083 0.472635 0.644194 0.478625 0.655009 0.486169 0.668130 0.485885 0.666343 0.485026 0.663889 0.480469 0.654769
2 0.476552 0.665866 0.480224 0.662532 0.480875 0.663505 0.481031 0.664708 0.476786 0.667810
9 0.474833 0.668227 0.473297 0.671468 0.474104 0.673458 0.474599 0.671190 0.475667 0.669477 0.475562 0.668181
9 0.472031 0.670185 0.470729 0.672083 0.471354 0.678565 0.472891 0.677685 0.475026 0.678704 0.476536 0.676991 0.476849 0.675509 0.476823 0.674213 0.476302 0.673611 0.475234 0.674120 0.474104 0.673458 0.473297 0.671468
2 0.464049 0.665546 0.463141 0.657611 0.463698 0.655787 0.466589 0.653843
9 0.495365 0.666852 0.495966 0.668699 0.495966 0.669764 0.494924 0.671014 0.494247 0.670458 0.493570 0.667727 0.493805 0.665782
2 0.487359 0.668509 0.488555 0.668278 0.490430 0.669389 0.491641 0.669630 0.494870 0.673148 0.494805 0.674667 0.493945 0.678139 0.492411 0.679343 0.490781 0.676505 0.490039 0.674157
2 0.412286 0.503120 0.411354 0.499815 0.410807 0.499907 0.410156 0.498287 0.409271 0.497407 0.408464 0.498611 0.408542 0.500556 0.410052 0.503194
2 0.491570 0.603926 0.493378 0.605750 0.494432 0.605801 0.495391 0.604861 0.496589 0.602315 0.494766 0.602222 0.492448 0.602639
1 0.505992 0.597421 0.508255 0.599954 0.508281 0.601204 0.507828 0.601495 0.507083 0.600787 0.505029 0.598810
1 0.510315 0.592097 0.511589 0.592454 0.511432 0.593843 0.509453 0.593148
1 0.509039 0.591125 0.506823 0.590602 0.506719 0.591528 0.507161 0.592176 0.507969 0.592361
9 0.493984 0.595000 0.494609 0.594769 0.494948 0.593611 0.495495 0.592870 0.496120 0.592870 0.496224 0.594213 0.494818 0.596065 0.493542 0.596019
2 0.412917 0.520741 0.415740 0.521505 0.416495 0.525116 0.413839 0.527662 0.413346 0.526356 0.413240 0.524329 0.414385 0.523495 0.414281 0.522801 0.413109 0.522894
2 0.409062 0.528009 0.411052 0.526458 0.411750 0.526625 0.412224 0.526597 0.411313 0.529375 0.410063 0.531319 0.409333 0.531319
2 0.451526 0.658782 0.453815 0.660125 0.454568 0.658463 0.459073 0.655667 0.457094 0.653306 0.457094 0.651546 0.456315 0.649250 0.454357 0.646250 0.447484 0.651981
2 0.446250 0.686079 0.443273 0.703819 0.443974 0.710509 0.448437 0.730736 0.460516 0.734005 0.480383 0.740074 0.486948 0.743963 0.499901 0.754231 0.506266 0.761171 0.507115 0.753949 0.507953 0.739074 0.516094 0.749407 0.517057 0.746685 0.508523 0.735231 0.509091 0.724884 0.513214 0.729912 0.514633 0.727407 0.509432 0.721074 0.509766 0.701481 0.504969 0.696769 0.498073 0.691542 0.488805 0.688630 0.478633 0.686514 0.467333 0.684009 0.450268 0.681102 0.447388 0.681894
8 0.442245 0.420861 0.444271 0.422736 0.470143 0.442620 0.470018 0.445097 0.443383 0.424389 0.441315 0.422810 0.441357 0.420861
2 0.504253 0.528194 0.500323 0.538606 0.499542 0.540829 0.499044 0.541852 0.498802 0.543782 0.501333 0.545440 0.501695 0.543727 0.502341 0.543389 0.502523 0.540940 0.503471 0.540944 0.503760 0.540366 0.503917 0.538514 0.505188 0.536551 0.506724 0.532157 0.507990 0.527870
2 0.462456 0.329718 0.462299 0.331745 0.463263 0.334093 0.463953 0.333157 0.465156 0.333889 0.473385 0.337889 0.474919 0.338394 0.479487 0.339676 0.482938 0.342528 0.483669 0.345815 0.487539 0.345505 0.492003 0.342157 0.493432 0.346866 0.494453 0.346403 0.497346 0.347579 0.493362 0.336519 0.491409 0.332426 0.482799 0.324060 0.480427 0.324245 0.474883 0.326491 0.473104 0.326778 0.464190 0.328856
2 0.493362 0.336519 0.506404 0.339407 0.507833 0.339343 0.508318 0.340792 0.508599 0.343000 0.507414 0.345667 0.501135 0.353810 0.499195 0.352537 0.498531 0.349440 0.497346 0.347579
1 0.477313 0.358329 0.476229 0.360528 0.476740 0.362241 0.478820 0.363204 0.481081 0.365454 0.482797 0.366954 0.483250 0.369898 0.483409 0.388069 0.482419 0.389134 0.481378 0.391310 0.481977 0.393625 0.482500 0.396537 0.483695 0.398903 0.484477 0.398111 0.483799 0.394505 0.482810 0.392745 0.482419 0.391449 0.482654 0.390292 0.483594 0.389778 0.484190 0.388671 0.484112 0.386495 0.483958 0.369782 0.482992 0.365755 0.481898 0.364875 0.480677 0.362833 0.478591 0.361866 0.477031 0.361125 0.477862 0.358903
2 0.487969 0.379657 0.487042 0.382741 0.486563 0.383750 0.484477 0.398111 0.483333 0.403611 0.481745 0.414028 0.484000 0.415380 0.487187 0.396019 0.488490 0.385417 0.488065 0.382051
9 0.486432 0.400741 0.486961 0.400593 0.487401 0.401333 0.487401 0.402861 0.487323 0.403880 0.486516 0.404204 0.485891 0.403833
2 0.486279 0.385667 0.485315 0.386361 0.484482 0.387519 0.484190 0.388671 0.483594 0.389778 0.483799 0.394505 0.484477 0.398111 0.485445 0.391315 0.485133 0.390343 0.485393 0.389139 0.485888 0.388583
1 0.472156 0.447352 0.470906 0.446847 0.470018 0.445097 0.470143 0.442620 0.469984 0.440444 0.469021 0.437532 0.468997 0.436144 0.469701 0.435634 0.470430 0.435866 0.471393 0.437625 0.471758 0.437810 0.471836 0.436653 0.472536 0.436468 0.475846 0.440815 0.477214 0.443981 0.478151 0.447917 0.477474 0.449306 0.476927 0.445370 0.475370 0.441889 0.473260 0.438694 0.472792 0.439343 0.471359 0.439204 0.470448 0.437306 0.469979 0.437398 0.470995 0.441565 0.471932 0.441750 0.472922 0.443556 0.473339 0.444620 0.473542 0.447454 0.475052 0.449074 0.475391 0.450741 0.475391 0.451898 0.474497 0.452412 0.473646 0.452130 0.472760 0.450509
2 0.500313 0.398519 0.516797 0.400171 0.519380 0.394435 0.518896 0.390204
2 0.487766 0.418537 0.489245 0.415324 0.491641 0.408287 0.491536 0.405880 0.491250 0.403981 0.490599 0.403796 0.490026 0.405046 0.488099 0.411574 0.487031 0.414722 0.486146 0.417176
2 0.527734 0.382917 0.535815 0.369491 0.535745 0.365894 0.536651 0.338625 0.537453 0.309806 0.536615 0.309806 0.535815 0.310856 0.534768 0.340917 0.533792 0.367569 0.527099 0.378972
2 0.518896 0.390204 0.525802 0.387162 0.525802 0.387162 0.526198 0.390139 0.523047 0.391991 0.521068 0.392824 0.519193 0.393009
2 0.538044 0.672181 0.545076 0.670236 0.559424 0.668199 0.559320 0.670190 0.560440 0.671949 0.559607 0.672829 0.546820 0.674912 0.544841 0.675236 0.543185 0.674019
8 0.422974 0.559546 0.422974 0.560616 0.424661 0.564366 0.430391 0.574815 0.432240 0.574861
2 0.444188 0.628755 0.442862 0.630199 0.441698 0.630995 0.439083 0.635977 0.426109 0.660782 0.422797 0.663023 0.426156 0.668333 0.427510 0.673477 0.428443 0.675718 0.430823 0.678620 0.432924 0.677130 0.430404 0.669329 0.434510 0.657384 0.434557 0.654727 0.445945 0.633403 0.446971 0.630250 0.450005 0.625852 0.449352 0.624278 0.444193 0.627778
2 0.427510 0.673477 0.428443 0.675718 0.430823 0.678620 0.430971 0.681194 0.428995 0.687579 0.425164 0.684926 0.424156 0.682991 0.426253 0.677255
2 0.444492 0.663972 0.443396 0.663139 0.441992 0.664389 0.440896 0.664713 0.439880 0.666426 0.439128 0.666519 0.437380 0.666519 0.437435 0.668231 0.436445 0.670361 0.436940 0.671426 0.437982 0.670963 0.439258 0.671472 0.440065 0.673602 0.440690 0.675269 0.442068 0.674944 0.442018 0.670546
2 0.437982 0.670963 0.433474 0.685069 0.426010 0.708444 0.426617 0.713037 0.433716 0.692310 0.439565 0.672306 0.439258 0.671472
1 0.509510 0.660153 0.508549 0.658579 0.506724 0.658667 0.505008 0.660245 0.505086 0.667787 0.505656 0.668574 0.506258 0.668301 0.506076 0.661074 0.508026 0.660102 0.508862 0.660338 0.509773 0.662056 0.513021 0.665463 0.514323 0.664907 0.515573 0.662917 0.517396 0.657037 0.518516 0.668148 0.519453 0.672454 0.520729 0.672315 0.520208 0.670324 0.519573 0.666801 0.518818 0.660269 0.518352 0.657542 0.518312 0.655472 0.517505 0.654412 0.515164 0.660940 0.513810 0.662741 0.512820 0.663620
1 0.518516 0.668148 0.516146 0.668009 0.514583 0.672315 0.515677 0.674259 0.516042 0.677546 0.514583 0.677685 0.513698 0.672917 0.515547 0.666620 0.516172 0.666343 0.518359 0.666435
2 0.509510 0.660153 0.509198 0.653625 0.510424 0.652653 0.512273 0.653949 0.512820 0.663620
2 0.509773 0.662056 0.510112 0.673204 0.510630 0.677329 0.512500 0.677963 0.513932 0.677963 0.513359 0.673704 0.513021 0.665463
2 0.513620 0.675463 0.513359 0.673704 0.513021 0.665463 0.514323 0.664907 0.515573 0.662917 0.517396 0.657037 0.518359 0.666435 0.516172 0.666343 0.515547 0.666620 0.513698 0.672917 0.514164 0.675435
2 0.515677 0.674259 0.514583 0.672315 0.516146 0.668009 0.518516 0.668148 0.519453 0.672454 0.520729 0.672315 0.520729 0.674306 0.515755 0.675046
2 0.521589 0.659491 0.526307 0.668519 0.524589 0.671806 0.523599 0.671477 0.522766 0.668884 0.519974 0.665278
5 0.404490 0.397884 0.404430 0.410579 0.405635 0.415292 0.406536 0.418935 0.407344 0.419861 0.407443 0.420917 0.413628 0.422380 0.415768 0.426611 0.417664 0.429620 0.421010 0.431630 0.425299 0.433597 0.425870 0.432389 0.426029 0.430583 0.422753 0.430671 0.422240 0.429491 0.422510 0.427778 0.426312 0.427806 0.426312 0.424796 0.425422 0.417444 0.424979 0.410486 0.425302 0.404963 0.426682 0.399120 0.425023 0.398676 0.420500 0.396764 0.406997 0.397278
2 0.426682 0.399120 0.425302 0.404963 0.424979 0.410486 0.425422 0.417444 0.425867 0.421491 0.426984 0.422106 0.427820 0.420806 0.428901 0.415977 0.429180 0.414069 0.430818 0.413866 0.432422 0.409403 0.437846 0.403301 0.432703 0.400894
2 0.438036 0.396931 0.437846 0.399884 0.439880 0.401190 0.440964 0.402917 0.442409 0.402759 0.443706 0.402273
2 0.438872 0.394352 0.440174 0.392500 0.441372 0.392500 0.444003 0.389491 0.446477 0.389398 0.446815 0.395787 0.448768 0.394907 0.447503 0.399653 0.447443 0.402167 0.445372 0.400014
2 0.597065 0.739264 0.598232 0.738032 0.609635 0.740648 0.610773 0.752130 0.608326 0.755056 0.603430 0.750778 0.598154 0.743199
5 0.584781 0.737056 0.590727 0.737528 0.592221 0.737898 0.587146 0.758579 0.583362 0.775449 0.579201 0.773824 0.578096 0.769509 0.579674 0.760653 0.583336 0.763278 0.584094 0.756375 0.582406 0.753375 0.581250 0.752750 0.583206 0.743556
5 0.592221 0.737898 0.597065 0.739264 0.598154 0.743199 0.603430 0.750778 0.608326 0.755056 0.610773 0.752130 0.614357 0.752227 0.614867 0.762407 0.613953 0.772977 0.612786 0.783356 0.611328 0.786532 0.609612 0.787764 0.605052 0.785819 0.600456 0.780954 0.592469 0.777130 0.583362 0.775449 0.587146 0.758579
2 0.585388 0.811380 0.585805 0.813093 0.587029 0.813972 0.588281 0.812639 0.588125 0.810417 0.587083 0.809676
2 0.583880 0.812917 0.581823 0.814444 0.579643 0.815426 0.581096 0.818324 0.583359 0.817824 0.585833 0.816019 0.585833 0.816019
2 0.559159 0.780005 0.562479 0.780005 0.566419 0.781495 0.566245 0.787009 0.565549 0.788185 0.559865 0.785028
2 0.545857 0.797458 0.545977 0.793171 0.547424 0.788620 0.548839 0.786745 0.549865 0.786903 0.550526 0.787815 0.551430 0.794245 0.548961 0.793921 0.547846 0.793759 0.547906 0.801477
2 0.545977 0.793171 0.545857 0.797458 0.547906 0.801477 0.547846 0.793759 0.548961 0.793921 0.551430 0.794245 0.552695 0.804097 0.550016 0.803509 0.552273 0.807958 0.552635 0.809884 0.551370 0.810741 0.547846 0.808116 0.546219 0.807208 0.544771 0.806509 0.542875 0.802815 0.542753 0.798583 0.542904 0.793653 0.544320 0.792958
5 0.495047 0.811579 0.504812 0.829958 0.504734 0.832875 0.505750 0.834264 0.502339 0.840144 0.499500 0.835977 0.493435 0.827134 0.494422 0.823523 0.494812 0.816810
7 0.588677 0.847398 0.590370 0.846009 0.591331 0.843972 0.591852 0.840824 0.597430 0.850944 0.597740 0.851491 0.592497 0.870560 0.590146 0.882236 0.591049 0.883306 0.592044 0.883148 0.593958 0.871944 0.594740 0.873472 0.595833 0.873796 0.597870 0.871602 0.598924 0.872458 0.599734 0.871014 0.602599 0.868389 0.606096 0.865759 0.614870 0.880231 0.612474 0.892870 0.611044 0.902042 0.610242 0.906380 0.608917 0.907495 0.606651 0.906750 0.592461 0.889333 0.590370 0.886051 0.584026 0.877185 0.583536 0.874458 0.583398 0.871421
7 0.594323 0.870000 0.598203 0.867315 0.600161 0.866889 0.604385 0.862755 0.598969 0.853537
7 0.615857 0.878079 0.616693 0.870431 0.610523 0.858157 0.610763 0.861157 0.607870 0.864324
7 0.613076 0.857810 0.616563 0.857130 0.617031 0.866528
1 0.613474 0.845898 0.612406 0.849741 0.611573 0.852380 0.611625 0.855111 0.612417 0.856361 0.612953 0.852333 0.614099 0.847750
7 0.616596 0.855042 0.615599 0.852130 0.613255 0.850972 0.612953 0.852333 0.612417 0.856361
7 0.612406 0.849741 0.611573 0.852380 0.611625 0.855111 0.609896 0.852273 0.608724 0.845278 0.610964 0.847361
7 0.601797 0.843565 0.605068 0.849222 0.607099 0.860472 0.606367 0.861227 0.599984 0.850292
7 0.592701 0.838255 0.597359 0.845917 0.598776 0.848287 0.600885 0.842037 0.594922 0.831806 0.593573 0.835222
2 0.613703 0.837935 0.618516 0.841806 0.618750 0.843009 0.616945 0.847356
2 0.609695 0.833537 0.612937 0.844380 0.607839 0.839815 0.606406 0.831204
2 0.591393 0.817884 0.597539 0.818856 0.599023 0.816727 0.602982 0.815477 0.606992 0.814875 0.610560 0.815940 0.612409 0.817190 0.613112 0.822560 0.611576 0.823069 0.609518 0.823810 0.609276 0.823060 0.607951 0.822194 0.606906 0.823000 0.606661 0.824981 0.605469 0.825435 0.604563 0.825366 0.603966 0.826676 0.602911 0.826616 0.601044 0.825861 0.598451 0.826356 0.597201 0.822005 0.591992 0.821773
2 0.555789 0.767162 0.556953 0.763796 0.558932 0.758796 0.560547 0.758426 0.563073 0.758981 0.564401 0.760648 0.565286 0.763009 0.567370 0.768194 0.567187 0.769491 0.567839 0.770185 0.570885 0.780139 0.571667 0.785278 0.571719 0.786944 0.571302 0.787361 0.570625 0.786019 0.570391 0.784676 0.568906 0.778194 0.566771 0.770833 0.565156 0.767130 0.563177 0.763148 0.561406 0.762500 0.557604 0.765093 0.556615 0.767824
2 0.556953 0.763796 0.555625 0.760880 0.555234 0.758194 0.555625 0.756435 0.557109 0.755370 0.558932 0.758796
2 0.581995 0.740218 0.580104 0.749444 0.578177 0.748241 0.579479 0.739398
2 0.544505 0.595602 0.539089 0.585926 0.535729 0.580093 0.533464 0.583750 0.535182 0.587731 0.536563 0.589167 0.538047 0.591065 0.538729 0.594593
2 0.545526 0.597884 0.547214 0.603333 0.549167 0.605000 0.550182 0.606343 0.550495 0.608565 0.551094 0.610370 0.553021 0.614028 0.554297 0.616579 0.556380 0.619588 0.552344 0.620185 0.549167 0.615278 0.548385 0.611389 0.546589 0.609120 0.546146 0.607269 0.544870 0.605417 0.542214 0.601111 0.540161 0.596815
2 0.522544 0.551301 0.523846 0.551162 0.527388 0.557597 0.527492 0.560699 0.527336 0.563755 0.525044 0.564634 0.522831 0.561347 0.521060 0.558986 0.520721 0.556718 0.520721 0.555375
2 0.521211 0.579690 0.522773 0.582144 0.523995 0.581356 0.525898 0.581269 0.529674 0.575616 0.529854 0.574181 0.527539 0.570569
1 0.539513 0.544218 0.540034 0.543384 0.540034 0.541949 0.540937 0.541343 0.542188 0.541528 0.543125 0.542500 0.543602 0.544125 0.543237 0.545838 0.543862 0.548245 0.543203 0.549815 0.542057 0.550972 0.541641 0.549815 0.542664 0.547875 0.542586 0.543755 0.540711 0.542782 0.539982 0.546116 0.540104 0.547731 0.541510 0.550417 0.542656 0.552500 0.542891 0.554815 0.541849 0.555833 0.540729 0.551019 0.538958 0.547778
2 0.530945 0.539866 0.530521 0.541481 0.536745 0.544861 0.537266 0.546713 0.538151 0.546852 0.538438 0.545324 0.539297 0.545648 0.539513 0.544218 0.538628 0.542551 0.537534 0.542644
7 0.538471 0.541019 0.544513 0.533519 0.545477 0.533380 0.546596 0.535694 0.548419 0.533657 0.549253 0.533657 0.553810 0.542963 0.553680 0.544907 0.550346 0.548796 0.547122 0.546597 0.547737 0.541894 0.547312 0.538463 0.546023 0.545977 0.543602 0.544125 0.543125 0.542500 0.542188 0.541528 0.540937 0.541343 0.540034 0.541949
2 0.553487 0.488463 0.548745 0.491435 0.538250 0.498565 0.543375 0.500796 0.550906 0.493356 0.554557 0.489630
2 0.485930 0.436361 0.495357 0.438583 0.495982 0.443815 0.496320 0.449926 0.496398 0.454741 0.493872 0.454509 0.492727 0.446176 0.490669 0.443167 0.488898 0.441315 0.486216 0.439787 0.485539 0.438259
1 0.481276 0.443056 0.480490 0.445477 0.480568 0.448440 0.481036 0.449690 0.481922 0.450431 0.481479 0.451356 0.482000 0.452421 0.482599 0.451264 0.485411 0.450801 0.486010 0.448903 0.486531 0.453810 0.487469 0.453995 0.487339 0.450431 0.486740 0.447514 0.486271 0.446588 0.486141 0.444736 0.485516 0.443162 0.484656 0.442514 0.484161 0.441356 0.483224 0.441588 0.483484 0.442745 0.482651 0.442329
2 0.455885 0.511157 0.454167 0.514954 0.453047 0.517917 0.452068 0.521440 0.451589 0.523333 0.451745 0.525370 0.453620 0.527037 0.456797 0.517176 0.459615 0.511602
9 0.465695 0.524769 0.465799 0.523380 0.466867 0.522171 0.467883 0.522171 0.468560 0.523704 0.468951 0.526204 0.467727 0.527495 0.466398 0.527176
8 0.466398 0.527176 0.467727 0.527495 0.468951 0.526204 0.472086 0.526991 0.473831 0.529259 0.473622 0.531296 0.474534 0.531528 0.475602 0.533009 0.475367 0.533935 0.474326 0.534398 0.473674 0.534398 0.473674 0.535185 0.475029 0.535139 0.476018 0.535602 0.476174 0.536620 0.476096 0.538009 0.474221 0.538704 0.474247 0.540417 0.473362 0.541574 0.473492 0.538611 0.473857 0.537176 0.474664 0.536852 0.474638 0.536343 0.473648 0.536296 0.472711 0.535880 0.472294 0.534861 0.472424 0.533148 0.473440 0.533056 0.473388 0.532315 0.471852 0.532500 0.471461 0.531806 0.471513 0.530833 0.471956 0.530000 0.471539 0.528241 0.470055 0.528380 0.467581 0.528380 0.464977 0.529352 0.464977 0.527176
7 0.433740 0.577296 0.444826 0.594708 0.452146 0.607440 0.453411 0.605245 0.455461 0.596083 0.453865 0.590995 0.450852 0.586657 0.446784 0.581838 0.444763 0.580176 0.439852 0.579213 0.436026 0.577875
5 0.426253 0.677255 0.427510 0.673477 0.426156 0.668333 0.422797 0.663023 0.426109 0.660782 0.439083 0.635977 0.441698 0.630995 0.439990 0.628222 0.438695 0.629278 0.437505 0.627838 0.437669 0.625532 0.434266 0.622847 0.430487 0.622171 0.424870 0.623903 0.421685 0.626495 0.419794 0.629278 0.418552 0.632255 0.423034 0.675259
2 0.434557 0.654727 0.434510 0.657384 0.430404 0.669329 0.432430 0.675588 0.434995 0.670690 0.434904 0.668949 0.436677 0.665713 0.445945 0.633403
2 0.417612 0.546208 0.420294 0.552477 0.422974 0.559546 0.427878 0.567653 0.435232 0.555894 0.435826 0.548579 0.434500 0.545917 0.432437 0.545727 0.432948 0.554352 0.432375 0.554833 0.431984 0.554190 0.431531 0.546046 0.427562 0.544801 0.422682 0.544736
2 0.424661 0.564366 0.426706 0.569782 0.427135 0.568889
2 0.417172 0.550880 0.419240 0.556977 0.420776 0.559278 0.424120 0.569829 0.424573 0.573259 0.416893 0.585644 0.416797 0.587824 0.415477 0.587236
2 0.415633 0.547194 0.413906 0.581639 0.410516 0.547343 0.415326 0.546227
2 0.437786 0.531528 0.439531 0.535000 0.441146 0.535139 0.443516 0.533380
2 0.436159 0.527130 0.446365 0.529954 0.447852 0.527727 0.448240 0.526046 0.437331 0.524352 0.436625 0.525278
2 0.413242 0.540153 0.413875 0.538653 0.414870 0.538014 0.416099 0.540551 0.415898 0.536056 0.416245 0.534384 0.417211 0.533667 0.413021 0.531898 0.409792 0.533102 0.410391 0.540417
2 0.418625 0.536537 0.418021 0.542269 0.431510 0.545185 0.431042 0.536852 0.419844 0.534444 0.419740 0.536528
8 0.453263 0.531944 0.458104 0.533333 0.460008 0.533148 0.460815 0.534306 0.461076 0.535782 0.460919 0.538056 0.459823 0.538606 0.452141 0.536667 0.452141 0.534903 0.452505 0.533005
2 0.436555 0.488352 0.436997 0.492194 0.437440 0.493306 0.438195 0.494231 0.438664 0.498167 0.439549 0.501083 0.440391 0.505713 0.442607 0.505907 0.440263 0.494009 0.438625 0.491417 0.438648 0.488505 0.439091 0.486468 0.438737 0.485204 0.437172 0.486273
9 0.421094 0.487269 0.421505 0.486481 0.422703 0.486389 0.423667 0.487130 0.424294 0.488426 0.423953 0.489954 0.421870 0.489676
9 0.422703 0.486389 0.422917 0.484306 0.424036 0.483843 0.424922 0.483843 0.425339 0.485000 0.425339 0.487176 0.424792 0.488287 0.424294 0.488426 0.423667 0.487130
2 0.430891 0.363699 0.427318 0.357454 0.426719 0.355278 0.421271 0.348949 0.417747 0.347648 0.417365 0.348704 0.419388 0.354653 0.421831 0.366801 0.428138 0.363764
5 0.484112 0.386495 0.485711 0.385537 0.487042 0.382741 0.487969 0.379657 0.487878 0.377384 0.488815 0.373167 0.490690 0.370722 0.504224 0.364380 0.501966 0.358431 0.501135 0.353810 0.499195 0.352537 0.498289 0.352417 0.498078 0.350370 0.497312 0.348944 0.495219 0.347954 0.493826 0.348634 0.489258 0.350926 0.480385 0.355273 0.477240 0.356852 0.474818 0.357065 0.466268 0.362014 0.464089 0.360579 0.458482 0.359574 0.455026 0.358287 0.446703 0.357208 0.443034 0.356778 0.441711 0.357375 0.440474 0.355824 0.439484 0.354486 0.438154 0.353051 0.437143 0.354056 0.436901 0.357569 0.438273 0.361083 0.438779 0.359736 0.440237 0.359968 0.441096 0.360866 0.442831 0.365028 0.445615 0.367319 0.448156 0.368755 0.449286 0.370907 0.450456 0.372056 0.451221 0.377144 0.452471 0.383958 0.454529 0.387685 0.454977 0.390167 0.467669 0.397458 0.469979 0.396935 0.470987 0.394713 0.474174 0.390412 0.476956 0.388907 0.481596 0.389769 0.482320 0.387759 0.483411 0.386611 0.483250 0.369898 0.482797 0.366954 0.481081 0.365454 0.478820 0.363204 0.476740 0.362241 0.476229 0.360528 0.477313 0.358329 0.477862 0.358903 0.477031 0.361125 0.478591 0.361866 0.480677 0.362833 0.481898 0.364875 0.482992 0.365755 0.483958 0.369782
2 0.483669 0.345815 0.487539 0.345505 0.492003 0.342157 0.493432 0.346866 0.492117 0.347579 0.489258 0.350926 0.480385 0.355273 0.478630 0.353861 0.477240 0.356852 0.474818 0.357065 0.473057 0.353699 0.476523 0.350431 0.478781 0.348019 0.481133 0.346736 0.482096 0.344431 0.483302 0.344005
2 0.476523 0.350431 0.473057 0.353699 0.474818 0.357065 0.466268 0.362014 0.464089 0.360579 0.458482 0.359574 0.459039 0.357986 0.460336 0.356162 0.463477 0.352736 0.466893 0.350657 0.468466 0.349796 0.470948 0.348556 0.473346 0.348431 0.475081 0.349222
2 0.477240 0.356852 0.478630 0.353861 0.480385 0.355273
2 0.456284 0.350125 0.455026 0.358287 0.458482 0.359574 0.459039 0.357986
2 0.456654 0.344569 0.460336 0.356162 0.461003 0.355449
2 0.458919 0.345449 0.466578 0.349199 0.466893 0.350657 0.463477 0.352736 0.462565 0.353690
2 0.516797 0.400171 0.517995 0.397542 0.520435 0.395556 0.527026 0.396051 0.527529 0.399866 0.527529 0.399866
2 0.529755 0.396301 0.543315 0.395495 0.542341 0.398657 0.530208 0.398968
2 0.532891 0.375287 0.539427 0.378389 0.540859 0.378065 0.540729 0.380287 0.540313 0.382833 0.536380 0.387509 0.536094 0.390565 0.535078 0.391583 0.533958 0.389269 0.535026 0.386861 0.534948 0.384963 0.538594 0.380472 0.532422 0.378065 0.532292 0.376722
2 0.551065 0.414838 0.556169 0.416782 0.556820 0.417986 0.556065 0.418773 0.550154 0.416782
2 0.551846 0.417324 0.555432 0.445231 0.554497 0.445069 0.551818 0.443250 0.549227 0.417806
2 0.540052 0.432454 0.541326 0.433296 0.541177 0.435546 0.543021 0.435231 0.543464 0.433333 0.542839 0.421528 0.539609 0.421667
2 0.522396 0.425417 0.521380 0.436806 0.525104 0.430972 0.524766 0.429444 0.523021 0.425185
2 0.522656 0.434769 0.524336 0.434856 0.525195 0.435690 0.525443 0.437407 0.523177 0.438009 0.522747 0.436986 0.521380 0.436806
2 0.518055 0.450023 0.518081 0.455810 0.520521 0.456227 0.520659 0.452384 0.519107 0.450606
2 0.517813 0.459120 0.517630 0.461204 0.517578 0.471065 0.519583 0.471481 0.519609 0.469583 0.518930 0.465116 0.519268 0.463495 0.520128 0.463125 0.520521 0.460102
2 0.514820 0.419727 0.514701 0.420657 0.513542 0.422546 0.510833 0.425046 0.508776 0.425602 0.502839 0.429444 0.498568 0.432315 0.497630 0.432407 0.497969 0.434815 0.500000 0.433148 0.503490 0.430926 0.508542 0.427639 0.509896 0.427269 0.513568 0.425556 0.514635 0.425324 0.515651 0.422269 0.515781 0.419722
2 0.515781 0.419722 0.515651 0.422269 0.514635 0.425324 0.515130 0.433102 0.515729 0.437546 0.515656 0.446144 0.518125 0.447685 0.518073 0.446435 0.518698 0.436250 0.517995 0.430694 0.517943 0.422870 0.518672 0.422778 0.518724 0.421343 0.518021 0.420880 0.517917 0.419676
2 0.515651 0.448796 0.518055 0.450023 0.518081 0.455810 0.515961 0.455514
2 0.474135 0.448093 0.476638 0.444759 0.476927 0.445370 0.477474 0.449306 0.478151 0.447917 0.477214 0.443981 0.486794 0.431333 0.487469 0.431611 0.487677 0.432352 0.488510 0.432213 0.488617 0.428556 0.489292 0.425222 0.493956 0.433093 0.496039 0.432537 0.496299 0.431241 0.498068 0.429157 0.498253 0.430731 0.497630 0.432407 0.497969 0.434815 0.498156 0.439634 0.498086 0.442051 0.498615 0.443185 0.498122 0.447306 0.497677 0.450685 0.497547 0.454759 0.496398 0.454741 0.496320 0.449926 0.495982 0.443815 0.495357 0.438583 0.485930 0.436361 0.485539 0.438259 0.486216 0.439787 0.488898 0.441315 0.490669 0.443167 0.492727 0.446176 0.493872 0.454509 0.487766 0.454005 0.487469 0.453995 0.487339 0.450431 0.486740 0.447514 0.486271 0.446588 0.486141 0.444736 0.485516 0.443162 0.484656 0.442514 0.484161 0.441356 0.483224 0.441588 0.483484 0.442745 0.482651 0.442329 0.481276 0.443056 0.480490 0.445477 0.480568 0.448440 0.481036 0.449690 0.478745 0.452954 0.474497 0.452412 0.475391 0.451898 0.475391 0.450741 0.475052 0.449074
8 0.497969 0.434815 0.498359 0.434537 0.501719 0.440417 0.498156 0.439634
8 0.415365 0.513935 0.414932 0.519421 0.415740 0.521505 0.416495 0.525116 0.416833 0.529884 0.418182 0.534519 0.418625 0.536537 0.419740 0.536528 0.419844 0.534444 0.418500 0.527894 0.418839 0.527106 0.418883 0.525648
8 0.410063 0.531319 0.412526 0.529537 0.413839 0.527662 0.416495 0.525116 0.416719 0.527963 0.414036 0.530648 0.413021 0.531898 0.409792 0.533102
2 0.437677 0.460301 0.445503 0.482889 0.448971 0.492426 0.450141 0.498019 0.450667 0.506782 0.442607 0.505907 0.440263 0.494009 0.438625 0.491417 0.438648 0.488505 0.439091 0.486468 0.435885 0.475093 0.434724 0.464718 0.434516 0.462403 0.434516 0.462403 0.434854 0.461338 0.435604 0.460120
2 0.470260 0.488380 0.472031 0.489398 0.474583 0.490139 0.478359 0.493009 0.483438 0.497083 0.484349 0.497824 0.487187 0.497593 0.489635 0.498333 0.489766 0.499907 0.488698 0.502593 0.486823 0.501528 0.484479 0.501759 0.483125 0.502963 0.481987 0.498051 0.480766 0.496935 0.479477 0.496995 0.478570 0.498361 0.478672 0.501519 0.474401 0.495694 0.474349 0.493796 0.473854 0.493843 0.473568 0.494444 0.471016 0.493796 0.468438 0.491481
8 0.464974 0.498750 0.464870 0.502917 0.465443 0.510556 0.466354 0.520370 0.466867 0.522171 0.467500 0.522176 0.466771 0.513148 0.466536 0.510880 0.466068 0.504815 0.465729 0.497176
8 0.466224 0.495972 0.466406 0.502130 0.467266 0.510926 0.467578 0.513102 0.467786 0.518056 0.468560 0.523704 0.468951 0.526204 0.469766 0.526435 0.468854 0.516343 0.468438 0.512731 0.468151 0.509769 0.467474 0.501991 0.467266 0.496574 0.467214 0.493796
2 0.472086 0.526991 0.473385 0.509491 0.473932 0.502593 0.474349 0.498056 0.474401 0.495694 0.474349 0.493796 0.473854 0.493843 0.473568 0.494444 0.472266 0.496574 0.472005 0.503750 0.471458 0.507361 0.471094 0.512963 0.471458 0.513750 0.471172 0.517824 0.470391 0.519630 0.469766 0.526435
9 0.468539 0.530000 0.468799 0.529028 0.469451 0.528796 0.469919 0.529352 0.470208 0.530972 0.469583 0.531528 0.468904 0.531296
2 0.470208 0.530972 0.473492 0.538611 0.473385 0.540648 0.469583 0.531528
2 0.466409 0.534819 0.468883 0.535190 0.468935 0.537505 0.468049 0.538801 0.465888 0.538755 0.465680 0.537551 0.466279 0.536718
9 0.468539 0.530000 0.467370 0.529954 0.466484 0.531435 0.466536 0.533009 0.467422 0.534352 0.469271 0.534676 0.469583 0.531528 0.468904 0.531296
2 0.469919 0.529352 0.470208 0.530972 0.471875 0.534861 0.471852 0.532500 0.471461 0.531806 0.471513 0.530833 0.471956 0.530000 0.471539 0.528241 0.470055 0.528380
2 0.469401 0.533194 0.470185 0.533106 0.471070 0.535097 0.470992 0.539588 0.470680 0.541532 0.470628 0.544588 0.469794 0.544866 0.468857 0.544495 0.468909 0.541116 0.469716 0.540097 0.469690 0.536486 0.469326 0.536162 0.468883 0.535190 0.469271 0.534676
2 0.476836 0.524106 0.477617 0.523690 0.478346 0.524523 0.479857 0.524662 0.480378 0.525773 0.480299 0.526745 0.479909 0.527532 0.479180 0.527486 0.476602 0.526792 0.476081 0.525403
2 0.452714 0.510639 0.450591 0.520046 0.451404 0.520472 0.454167 0.510833
2 0.454880 0.507167 0.460635 0.483741 0.462146 0.477352 0.461339 0.475639 0.460063 0.475824 0.453083 0.507028
9 0.457914 0.498750 0.458245 0.499819 0.458125 0.501106 0.456076 0.505125 0.457039 0.499769
2 0.457914 0.498750 0.458245 0.499819 0.458125 0.501106 0.456076 0.505125 0.457419 0.506792 0.467240 0.486250 0.465435 0.483116 0.464078 0.482310 0.462542 0.482259 0.461578 0.483542
2 0.411359 0.518593 0.411750 0.526625 0.413346 0.526356 0.412760 0.518009
2 0.407849 0.518866 0.411443 0.520023 0.411599 0.522662 0.408161 0.521921
2 0.534990 0.450222 0.532474 0.446528 0.531354 0.450602 0.534599 0.451778
2 0.530495 0.450278 0.531901 0.446065 0.527813 0.439722 0.526979 0.439815 0.525495 0.443380
2 0.529599 0.458394 0.530953 0.457000 0.532813 0.452870 0.534328 0.453491 0.532448 0.460185
2 0.521146 0.439722 0.523099 0.441528 0.525495 0.443380 0.530495 0.450278 0.520807 0.447778
2 0.520747 0.449366 0.525130 0.450231 0.530651 0.451898 0.532813 0.452870 0.530953 0.457000 0.529599 0.458394 0.528344 0.457662 0.527135 0.456204 0.527648 0.454694
1 0.530495 0.450278 0.531901 0.446065 0.532474 0.446528 0.531354 0.450602
2 0.535312 0.457083 0.541667 0.465926 0.546120 0.471667 0.550885 0.477963 0.550771 0.478954 0.544667 0.473704 0.541292 0.471394 0.537177 0.470093 0.534948 0.468148 0.533177 0.465602
2 0.539404 0.473810 0.546862 0.480468 0.548674 0.481644 0.548961 0.480440 0.545052 0.476722
2 0.537414 0.484495 0.536786 0.492741 0.546479 0.483319 0.541927 0.479583
2 0.551354 0.472407 0.555234 0.477454 0.559505 0.475926 0.556146 0.469213
2 0.557057 0.468565 0.560417 0.475880 0.561190 0.475509 0.562034 0.479417 0.564766 0.485324 0.565260 0.490787 0.567615 0.492944 0.567562 0.491417 0.569516 0.493037 0.573031 0.490560 0.573031 0.488255 0.570591 0.485741 0.568753 0.481884 0.567669 0.475667 0.566854 0.471759 0.564745 0.471171 0.562305 0.471704 0.561461 0.469347 0.559865 0.468278
2 0.532294 0.489708 0.531544 0.492116 0.524271 0.498056 0.525885 0.505509 0.526146 0.506991 0.534242 0.495278 0.535323 0.486231
2 0.520201 0.504532 0.515721 0.510273 0.520747 0.514255 0.521953 0.511806 0.521146 0.510139
2 0.513690 0.512079 0.506346 0.523005 0.516479 0.520162 0.519237 0.516292
1 0.510721 0.528421 0.511763 0.531245 0.512206 0.533838 0.512000 0.535810 0.512130 0.538681 0.512240 0.539120 0.512263 0.542838 0.512284 0.554301 0.512102 0.556569 0.512336 0.558051 0.512310 0.561199 0.511711 0.561153 0.511398 0.555690 0.511789 0.554579 0.511581 0.551153 0.511404 0.542606 0.511378 0.539500 0.511391 0.538745 0.511365 0.535875 0.511138 0.532819 0.510539 0.530134 0.509888 0.528838
8 0.512130 0.538681 0.512240 0.539120 0.513435 0.539222 0.513773 0.540940 0.513565 0.542185 0.512836 0.542926 0.512263 0.542838 0.514609 0.551852 0.515495 0.550370 0.516224 0.550139 0.517370 0.550972 0.513333 0.537870
9 0.514609 0.551852 0.515495 0.550370 0.516224 0.550139 0.517370 0.550972 0.517786 0.551852 0.518021 0.552917 0.517682 0.553333 0.516615 0.553611 0.515365 0.553750 0.514479 0.553194
8 0.515365 0.553750 0.516615 0.553611 0.517682 0.553333 0.518958 0.557546 0.518646 0.558981 0.517839 0.559398 0.516823 0.559074 0.516302 0.556944
2 0.492503 0.621347 0.492688 0.619032 0.492688 0.616995 0.492372 0.615051 0.491568 0.613569 0.490995 0.614866 0.490880 0.616616 0.491245 0.618375 0.491542 0.622181
2 0.435315 0.605870 0.438042 0.615523 0.442862 0.630199 0.441698 0.630995 0.439990 0.628222 0.438695 0.629278 0.437505 0.627838 0.437669 0.625532 0.436760 0.621995 0.436310 0.618245 0.435737 0.613588 0.435164 0.608926
8 0.524510 0.591954 0.522167 0.591306 0.525000 0.585509 0.526958 0.586620 0.527036 0.588472 0.525839 0.590787
8 0.521073 0.592778 0.524406 0.593574 0.522479 0.596343 0.519198 0.599213 0.515240 0.603796 0.514536 0.603519 0.514042 0.602593 0.514302 0.599537 0.518234 0.595648
5 0.541016 0.610741 0.543453 0.616718 0.547849 0.627537 0.549307 0.630870 0.549693 0.633204 0.551286 0.636644 0.550635 0.639236 0.550583 0.641875 0.551495 0.646782 0.554828 0.645440 0.556154 0.647380 0.553966 0.647606 0.554141 0.650699 0.549563 0.645398 0.548719 0.645130 0.548385 0.646630 0.548596 0.648023 0.555828 0.655361 0.557909 0.656755 0.560203 0.658611 0.561065 0.660694 0.559190 0.663704 0.556924 0.664306 0.557810 0.667269 0.559346 0.667685 0.559424 0.668199 0.545076 0.670236 0.541740 0.662403 0.541375 0.660412 0.531576 0.639352 0.528193 0.631843 0.527698 0.630407 0.524065 0.621824 0.535128 0.607241 0.536664 0.608912 0.536690 0.609833 0.539555 0.612847
2 0.432924 0.677130 0.430823 0.678620 0.430971 0.681194 0.431445 0.682972 0.433104 0.681847 0.433474 0.685069 0.437049 0.673917
2 0.424156 0.682991 0.425164 0.684926 0.428177 0.687037 0.427083 0.688981 0.425677 0.690880 0.424505 0.691111
9 0.443625 0.647620 0.442542 0.647991 0.442148 0.650134 0.441576 0.651903 0.441698 0.653991 0.442240 0.655491 0.443836 0.653560
2 0.467292 0.650509 0.464049 0.665546 0.463214 0.666782 0.460156 0.678463 0.461393 0.678944 0.463471 0.683444 0.465521 0.683657 0.466003 0.673000 0.467328 0.672037 0.472661 0.651787 0.473385 0.648412 0.472878 0.647602 0.471456 0.645093
1 0.462268 0.652032 0.461432 0.653708 0.460734 0.654019 0.459828 0.654556 0.459073 0.655667 0.454568 0.658463 0.453815 0.660125 0.451419 0.665125 0.449523 0.669213 0.449039 0.672079 0.451177 0.669069 0.454604 0.660606 0.458680 0.657523 0.459115 0.658380 0.461000 0.655481 0.462714 0.653435
1 0.455034 0.666944 0.449401 0.674444 0.448417 0.675625 0.448833 0.676644 0.449586 0.675486 0.450875 0.675801 0.451503 0.678653 0.450943 0.679699 0.452766 0.681505 0.456672 0.682199 0.456307 0.678449 0.455865 0.676644 0.456516 0.676042 0.457948 0.677708 0.458729 0.682523 0.459901 0.682755 0.459719 0.681366 0.460005 0.680116 0.461021 0.680208 0.462479 0.683264 0.463471 0.683444 0.461393 0.678944 0.460156 0.678463 0.455578 0.673495 0.455326 0.672745 0.453487 0.671514 0.455596 0.667282
2 0.438604 0.697370 0.443344 0.691356 0.446250 0.686079 0.443273 0.703819 0.443974 0.710509 0.446000 0.719759 0.444698 0.722847 0.435372 0.727343 0.435734 0.732611 0.438409 0.731454 0.438336 0.742894 0.437758 0.747648 0.436602 0.747519 0.436240 0.745338 0.435445 0.744819 0.435010 0.748806 0.433419 0.750861 0.433060 0.752403 0.431974 0.754847 0.430094 0.754074 0.428432 0.736727 0.430023 0.733255 0.430602 0.727986 0.431542 0.727343 0.428143 0.716546 0.427854 0.712181 0.430818 0.708968 0.434578 0.709736 0.434938 0.707551 0.436023 0.706523 0.438409 0.707421
2 0.444698 0.722847 0.435372 0.727343 0.435734 0.732611 0.438409 0.731454 0.445328 0.728731
2 0.452057 0.731759 0.451755 0.736685 0.451695 0.746491 0.452719 0.750616 0.456693 0.750417 0.457500 0.749583 0.457786 0.733241
2 0.437279 0.693769 0.438987 0.691722 0.448833 0.676644 0.448417 0.675625 0.437768 0.689444 0.437031 0.691435
2 0.451526 0.658782 0.453815 0.660125 0.451419 0.665125 0.449523 0.669213 0.449039 0.672079 0.447802 0.673694 0.443344 0.679319 0.439607 0.683606 0.441542 0.678611 0.441333 0.675139 0.442068 0.674944 0.442018 0.670546 0.444492 0.663972 0.446039 0.660079 0.449036 0.658903
2 0.456682 0.670014 0.455326 0.672745 0.455578 0.673495 0.457760 0.675833
2 0.458729 0.682523 0.457948 0.677708 0.456516 0.676042 0.455865 0.676644 0.456307 0.678449 0.456672 0.682199
2 0.450268 0.681102 0.450943 0.679699 0.452766 0.681505
2 0.454604 0.660606 0.456745 0.661481 0.454612 0.664269 0.451177 0.669069
2 0.457552 0.668519 0.461396 0.661889 0.462094 0.666722 0.463214 0.666782 0.460156 0.678463 0.458852 0.677056
2 0.459901 0.682755 0.459719 0.681366 0.460005 0.680116 0.461021 0.680208 0.462479 0.683264
2 0.454604 0.660606 0.458680 0.657523 0.459115 0.658380 0.458711 0.658963 0.456745 0.661481
1 0.463081 0.613921 0.466753 0.611259 0.467057 0.612593 0.469089 0.612269 0.470938 0.610648 0.471224 0.608935 0.470010 0.607815 0.472271 0.607389 0.473789 0.608375 0.475036 0.608051 0.476263 0.605319 0.477458 0.605273 0.479089 0.606903 0.479453 0.616713 0.480680 0.618523 0.482971 0.618426 0.484013 0.625278 0.472995 0.640509 0.471648 0.642347 0.461904 0.624542
9 0.479802 0.637889 0.478656 0.638954 0.478240 0.640343 0.478708 0.641731 0.480089 0.642148 0.481026 0.641222 0.481885 0.639185 0.481703 0.638120 0.480766 0.637611
2 0.485622 0.637884 0.483930 0.638671 0.483044 0.639968 0.483357 0.643440 0.484164 0.644875 0.484112 0.646912 0.484060 0.647838 0.484919 0.651495 0.485518 0.656588 0.486586 0.658440 0.487133 0.658023 0.487211 0.653579 0.486091 0.649551 0.485987 0.646912 0.484372 0.643116 0.485310 0.640755 0.486378 0.640755 0.486456 0.638394
2 0.517828 0.720708 0.515448 0.714333 0.513641 0.712620 0.512737 0.709514 0.512224 0.709028 0.510719 0.711065 0.511018 0.713315 0.512315 0.713528 0.515841 0.724940
2 0.555422 0.743343 0.550034 0.756019 0.548674 0.759431 0.549721 0.762653 0.555625 0.756435 0.557109 0.755370 0.558052 0.754287 0.559318 0.746097
2 0.591349 0.673375 0.591865 0.671935 0.593883 0.671722 0.595148 0.674241 0.596354 0.676005 0.596172 0.677185 0.595539 0.677241 0.595268 0.680454 0.594635 0.682222 0.593701 0.681792
2 0.590081 0.675681 0.588852 0.676273 0.588641 0.678255 0.589573 0.679111 0.590237 0.681685 0.591953 0.681898
2 0.445057 0.831630 0.446469 0.833352 0.449576 0.834282 0.459216 0.838370 0.460547 0.837579 0.461839 0.838440 0.463464 0.841171 0.463531 0.843319 0.462320 0.859380 0.464229 0.870556 0.461487 0.877782 0.458385 0.876500 0.456755 0.870662 0.457510 0.857431 0.451935 0.858394 0.450971 0.854051 0.451815 0.848912 0.458232 0.844523 0.449466 0.841037 0.448469 0.839481 0.446932 0.839481 0.444250 0.837875 0.443589 0.835144 0.443979 0.832685
2 0.446932 0.839481 0.448469 0.839481 0.449466 0.841037 0.450690 0.872190 0.447797 0.870148
2 0.446469 0.833352 0.446484 0.830741 0.446458 0.828657 0.447760 0.828843 0.449349 0.829861 0.449576 0.834282
2 0.464307 0.837907 0.467984 0.844653 0.469820 0.845995 0.470755 0.843194 0.466198 0.833472
2 0.463464 0.841171 0.467352 0.847440 0.468737 0.848509 0.467266 0.851296 0.463531 0.843319
2 0.438344 0.835653 0.439568 0.832134 0.441234 0.829681 0.442693 0.828431 0.448240 0.825236 0.452875 0.823384 0.453318 0.826208 0.453422 0.828106 0.449349 0.829861 0.447760 0.828843 0.446458 0.828657 0.446484 0.830741 0.445057 0.831630 0.443979 0.832685 0.441964 0.835005 0.440948 0.837042 0.439984 0.840097 0.438839 0.840421
2 0.441964 0.835005 0.441849 0.842685 0.445417 0.843194 0.445807 0.845231 0.446615 0.845139 0.446932 0.839481 0.444250 0.837875 0.443589 0.835144 0.443979 0.832685
2 0.442344 0.828611 0.448240 0.825236 0.448255 0.822963 0.442396 0.823750
2 0.443539 0.802468 0.442844 0.817731 0.448901 0.817144 0.448810 0.806431 0.447516 0.802306
2 0.450409 0.834741 0.451216 0.832704 0.451711 0.830157 0.452466 0.828954 0.453378 0.829278 0.459888 0.837102 0.459216 0.838370
2 0.568273 0.844718 0.567260 0.844269 0.567146 0.835796 0.574164 0.835435 0.577271 0.835866 0.579206 0.837519 0.582555 0.837731 0.585701 0.837088 0.588628 0.835394 0.589594 0.836787 0.586589 0.838162 0.579328 0.839954 0.577029 0.839236 0.574688 0.838162 0.573802 0.838593 0.572792 0.841745
2 0.571594 0.816625 0.570865 0.818894 0.571073 0.827875 0.572948 0.827875 0.573052 0.818245 0.572349 0.816486
2 0.580990 0.839491 0.581523 0.842759 0.582518 0.845810 0.583271 0.847204 0.582456 0.848384 0.579625 0.848329 0.576292 0.849963 0.577167 0.857218 0.578107 0.861991 0.580302 0.858583 0.582883 0.854611 0.585044 0.848227 0.585185 0.842653 0.585948 0.840296 0.585846 0.838375
2 0.576292 0.849963 0.577167 0.857218 0.578107 0.861991 0.578997 0.866273 0.579419 0.868954 0.579359 0.870560 0.577852 0.871579 0.576286 0.868472 0.575714 0.861454 0.573755 0.853792 0.574237 0.851384 0.575260 0.849509
2 0.585701 0.837088 0.585365 0.834167 0.584401 0.831389 0.583750 0.828472 0.580651 0.828704 0.581302 0.831991 0.583385 0.837593
2 0.577823 0.816301 0.575414 0.817005 0.573776 0.818495 0.573951 0.819486 0.576635 0.819116 0.579271 0.818653
2 0.472414 0.774468 0.471852 0.775319 0.474443 0.779444 0.477547 0.789352 0.480253 0.797014 0.481034 0.798634 0.482628 0.797116 0.482174 0.794449 0.479747 0.786833 0.476523 0.777995 0.474745 0.773231
2 0.465547 0.759028 0.470729 0.749259 0.476758 0.758366 0.477690 0.760190 0.476909 0.761171 0.476518 0.763042 0.473099 0.756389 0.469167 0.766991 0.467422 0.768148 0.466406 0.768287 0.465807 0.764398 0.467109 0.764537 0.467005 0.762639 0.466198 0.760000
2 0.464229 0.870556 0.473336 0.869190 0.475289 0.869750 0.475219 0.886236 0.472188 0.884810 0.472151 0.873778 0.462135 0.876065
2 0.450474 0.867074 0.456755 0.870662 0.458385 0.876500 0.450690 0.872190
2 0.461487 0.877782 0.462135 0.876065 0.462135 0.876065 0.464766 0.875417 0.469219 0.877731 0.469010 0.882593
9 0.457500 0.796528 0.456693 0.796296 0.455495 0.797824 0.455104 0.800231 0.455417 0.803519 0.456172 0.804954 0.457396 0.805694 0.458073 0.805694 0.457500 0.799352
2 0.542904 0.793653 0.542753 0.798583 0.542875 0.802815 0.544771 0.806509 0.545641 0.816120 0.543102 0.817769 0.541849 0.806796 0.540883 0.799981 0.540760 0.797042 0.540641 0.789944 0.542214 0.789014 0.543424 0.789944 0.543516 0.793333
2 0.533682 0.798764 0.540883 0.799981 0.541849 0.806796 0.537633 0.806912
2 0.564112 0.664866 0.561943 0.664917 0.560589 0.664273 0.559805 0.662722 0.559190 0.663704 0.556924 0.664306 0.557810 0.667269 0.559346 0.667685 0.559424 0.668199 0.559320 0.670190 0.560440 0.671949 0.563510 0.671722 0.564896 0.670491 0.564716 0.666954
5 0.546820 0.674912 0.559607 0.672829 0.560440 0.671949 0.563510 0.671722 0.564896 0.670491 0.565443 0.673009 0.562396 0.673519 0.555411 0.685319 0.548125 0.678426
2 0.540161 0.596815 0.542214 0.601111 0.538229 0.604028 0.536664 0.608912 0.535128 0.607241 0.533359 0.604722 0.535885 0.599907 0.538229 0.596435
2 0.557339 0.553602 0.555630 0.556204 0.553672 0.562005 0.550568 0.570111 0.542005 0.591157 0.544505 0.595602 0.551414 0.576708 0.557948 0.558278 0.559682 0.555551
2 0.551414 0.576708 0.557948 0.558278 0.559682 0.555551 0.574333 0.534014 0.572172 0.530296 0.571370 0.528500 0.570846 0.526639 0.568964 0.524597 0.566174 0.524222 0.566143 0.523083 0.566247 0.521185 0.568591 0.520907 0.571039 0.519889 0.573148 0.521000 0.574229 0.522551 0.575544 0.526926 0.574859 0.541194 0.569591 0.549574
2 0.550568 0.570111 0.542005 0.591157 0.539089 0.585926
2 0.550786 0.599088 0.545526 0.597884 0.547214 0.603333 0.549167 0.605000
2 0.544870 0.605417 0.546146 0.607269 0.546589 0.609120 0.545651 0.609676 0.544193 0.608380 0.543490 0.607361
2 0.541302 0.611528 0.547055 0.609699 0.548385 0.611389 0.549167 0.615278 0.543453 0.616718
1 0.566023 0.605588 0.563680 0.611931 0.560529 0.618690 0.558862 0.622532 0.557508 0.622486 0.557378 0.623551 0.559539 0.623273 0.560555 0.621097 0.562664 0.616977 0.564643 0.611884 0.566232 0.608319 0.566805 0.605264
2 0.550495 0.608565 0.551094 0.610370 0.552109 0.612361 0.555703 0.612963 0.556979 0.613519 0.561120 0.606852
2 0.564375 0.606069 0.560208 0.612685 0.563680 0.611931 0.566023 0.605588
2 0.573406 0.560315 0.575635 0.560065 0.577193 0.559796 0.577367 0.558375 0.576565 0.557815 0.576042 0.553227 0.576599 0.546287 0.579633 0.557319 0.579745 0.560773 0.579057 0.561769 0.579057 0.563856 0.578544 0.564560 0.577401 0.566926 0.576250 0.567296 0.575138 0.566750 0.573336 0.565296 0.571440 0.564074 0.571997 0.560417
2 0.568964 0.524597 0.570846 0.526639 0.571370 0.528500 0.568073 0.533287 0.559531 0.545694 0.557396 0.547407 0.556667 0.550880 0.555130 0.549444 0.555469 0.547407 0.554792 0.546435 0.556484 0.541204 0.560130 0.535324 0.562083 0.532546 0.564323 0.530278
2 0.561271 0.578222 0.569888 0.587273 0.570260 0.592685 0.560096 0.581866
2 0.569591 0.549574 0.573214 0.543806 0.573815 0.554574 0.573406 0.560315 0.571997 0.560417 0.571440 0.564074 0.573336 0.565296 0.573266 0.578185 0.573161 0.580542 0.574779 0.586176 0.570755 0.595560 0.570000 0.594032 0.570260 0.592685 0.569888 0.587273 0.569349 0.581389 0.567669 0.555162
2 0.569349 0.581389 0.565312 0.573611 0.563958 0.573333 0.563437 0.575417 0.568125 0.585463 0.569888 0.587273
2 0.557943 0.623426 0.559539 0.623273 0.560555 0.621097 0.559622 0.648204 0.562125 0.643597 0.563391 0.644454 0.564534 0.648046 0.564354 0.649921 0.561372 0.650778 0.558268 0.650884 0.557305 0.649222 0.557122 0.647778 0.557333 0.634227
2 0.565039 0.628287 0.565766 0.629190 0.570242 0.629838 0.571258 0.631875 0.560104 0.634028 0.560221 0.630972 0.562435 0.629583
2 0.569591 0.626736 0.571909 0.628634 0.573318 0.628634 0.573490 0.625370
2 0.560495 0.616204 0.560529 0.618690 0.558862 0.622532 0.558125 0.622546 0.558672 0.615514
2 0.559010 0.614634 0.560469 0.615046 0.560599 0.612685 0.560208 0.612685
9 0.552344 0.620185 0.553682 0.621796 0.553083 0.624759 0.551823 0.628148 0.550130 0.629120 0.549307 0.630870 0.549693 0.633204 0.551286 0.636644 0.552292 0.636389 0.551927 0.634954 0.553125 0.635093 0.553698 0.633935 0.554922 0.630602 0.554505 0.628287 0.553229 0.628148 0.554375 0.623611 0.554922 0.622037 0.554661 0.619815
1 0.574779 0.586176 0.570755 0.595560 0.571432 0.595833 0.575182 0.587454
2 0.570078 0.597134 0.570755 0.595560 0.571432 0.595833 0.575833 0.598102 0.576250 0.600602 0.575443 0.603241 0.570182 0.604491
2 0.575182 0.587454 0.571432 0.595833 0.575833 0.598102
2 0.575833 0.598102 0.578620 0.600741 0.578620 0.602500 0.580286 0.603287 0.580286 0.602597 0.577500 0.594722 0.575521 0.593056
2 0.594615 0.698398 0.593122 0.708241 0.592354 0.710088 0.586154 0.715616 0.592021 0.714995 0.599589 0.710731 0.597839 0.703426 0.595638 0.704069 0.595638 0.702727 0.597617 0.701894 0.597344 0.700509
2 0.566805 0.605264 0.566232 0.608319 0.564643 0.611884 0.581068 0.607269 0.581133 0.604829 0.579896 0.606389 0.576953 0.606944 0.573359 0.606574 0.569740 0.606111 0.568906 0.604676
2 0.570182 0.604491 0.573047 0.605324 0.577396 0.605093 0.580286 0.603287 0.578620 0.602500 0.575443 0.603241
2 0.593042 0.635963 0.592169 0.638319 0.591263 0.639620 0.585560 0.651028 0.587646 0.658394 0.600341 0.632125 0.599784 0.630579 0.596156 0.630764
2 0.584505 0.604028 0.585547 0.603611 0.584781 0.610778 0.584268 0.615435 0.584500 0.617495 0.583776 0.625509 0.582526 0.625370 0.582708 0.620139 0.583333 0.620278 0.583620 0.618935
2 0.584706 0.602153 0.585677 0.602037 0.586172 0.591481 0.585539 0.589519
1 0.585745 0.613560 0.584964 0.615167 0.584268 0.615435 0.584500 0.617495 0.586417 0.615199 0.588646 0.612269 0.589661 0.608611 0.589740 0.607546 0.591536 0.607269 0.590495 0.603889 0.588620 0.604769 0.588203 0.609954
1 0.587568 0.619537 0.585893 0.622454 0.586406 0.624306 0.588091 0.621148 0.589297 0.618796 0.590990 0.617454 0.592083 0.613611 0.592500 0.612083 0.593021 0.612176 0.594115 0.612176 0.593333 0.609630 0.592292 0.609630 0.590547 0.611667 0.590651 0.615093 0.588646 0.617222
2 0.595268 0.680454 0.594635 0.682222 0.593701 0.681792 0.595435 0.687778 0.596411 0.693046 0.598146 0.694417 0.599294 0.692306
2 0.598146 0.694417 0.596411 0.693046 0.595247 0.694037 0.594615 0.698398 0.598771 0.701625 0.600948 0.700907 0.601956 0.702056 0.602279 0.700620
1 0.595638 0.702727 0.597617 0.701894 0.598771 0.701625 0.600948 0.700907 0.601956 0.702056 0.601159 0.703421 0.599805 0.702912 0.595638 0.704069
1 0.596354 0.676005 0.598672 0.676019 0.599870 0.677037 0.600312 0.681157 0.600521 0.684815 0.600000 0.690417 0.598932 0.690417 0.599271 0.686065 0.599141 0.681667 0.598672 0.677870 0.596172 0.677185
1 0.598146 0.694417 0.599294 0.692306 0.600312 0.690926 0.602187 0.690046 0.605130 0.691620 0.606745 0.695000 0.607318 0.697546 0.607578 0.701296 0.607187 0.705093 0.605885 0.705278 0.606484 0.700648 0.605938 0.695694 0.604792 0.693333 0.603490 0.692176 0.601406 0.691759 0.599948 0.693009 0.599010 0.695648
2 0.583846 0.709019 0.588901 0.700870 0.589708 0.698185 0.589763 0.692954 0.591451 0.691380 0.593815 0.690759 0.593997 0.692250 0.593750 0.693486 0.592492 0.704398 0.590367 0.707866 0.584404 0.714255 0.578245 0.718593 0.577974 0.717681 0.578516 0.716287 0.579812 0.715431 0.582341 0.712537 0.582161 0.711148
2 0.574607 0.706130 0.579253 0.711593 0.583289 0.705968 0.587328 0.699218 0.587862 0.694806 0.587094 0.695528
2 0.585737 0.690125 0.589070 0.689431 0.590451 0.689338 0.589818 0.689889 0.583969 0.695130 0.581544 0.695171
2 0.562367 0.692704 0.582742 0.690125 0.578263 0.695958 0.567172 0.697514
2 0.558909 0.692917 0.549375 0.694491 0.551302 0.699676 0.563682 0.698310
1 0.509766 0.701481 0.512016 0.702713 0.515841 0.706245 0.519125 0.708171 0.521328 0.708394 0.522953 0.711019 0.526810 0.715787 0.529734 0.719375 0.530245 0.720875 0.529862 0.723241 0.528799 0.719750 0.526823 0.717731 0.522021 0.712676 0.520995 0.714176 0.519792 0.714125 0.518161 0.711389 0.515177 0.708708 0.512138 0.706356 0.509714 0.704861
1 0.509766 0.701481 0.512799 0.701236 0.516685 0.701796 0.520510 0.702333 0.521568 0.702574 0.524461 0.709699 0.525906 0.707343 0.522924 0.701880 0.520992 0.700565 0.519094 0.700676 0.517195 0.700139 0.512831 0.699630 0.508221 0.700005
2 0.526823 0.717731 0.523750 0.719907 0.521484 0.724398 0.520911 0.727407 0.520573 0.733750 0.519766 0.734861 0.519818 0.736944 0.520495 0.737824 0.521302 0.745509 0.520604 0.745847 0.520818 0.749384 0.521745 0.748704 0.521927 0.749861 0.520404 0.751213 0.514089 0.756204 0.515378 0.751606 0.516094 0.749407 0.517057 0.746685 0.517188 0.740231 0.516406 0.737083 0.514401 0.743194 0.513568 0.741944 0.515026 0.733657 0.515495 0.730787 0.518854 0.723704 0.523932 0.714676
2 0.513451 0.745995 0.513477 0.747940 0.512695 0.749708 0.512643 0.753181 0.512930 0.754699 0.513633 0.756505 0.512201 0.757569 0.511341 0.755440 0.511240 0.754000 0.511656 0.752523 0.511500 0.750810 0.511810 0.747153 0.512565 0.744931
2 0.506268 0.774532 0.508333 0.772778 0.509948 0.772176 0.513620 0.775926 0.515026 0.780324 0.512474 0.779722 0.507708 0.775972 0.506927 0.777157
9 0.507984 0.765042 0.509375 0.766495 0.511771 0.770046 0.512500 0.772454 0.511484 0.771759 0.510521 0.770509 0.510495 0.771713 0.509948 0.772176 0.508333 0.772778 0.507943 0.770463 0.507794 0.768218 0.507005 0.765509
2 0.512474 0.779722 0.512448 0.782130 0.514427 0.787778 0.515755 0.788287 0.516953 0.790463 0.518906 0.792176 0.517674 0.788681 0.516224 0.786944 0.516146 0.785787 0.514271 0.780093
9 0.506927 0.777157 0.507370 0.779074 0.507969 0.780000 0.507865 0.781250 0.509271 0.783565 0.509867 0.783519 0.510919 0.782449 0.511068 0.781806 0.513568 0.785278 0.512448 0.782130 0.510208 0.777963 0.507708 0.775972
2 0.463026 0.799222 0.463781 0.789269 0.465083 0.789546 0.464536 0.798944
2 0.460932 0.799500 0.462318 0.802231 0.463284 0.805120 0.463555 0.807106 0.478125 0.803657 0.477805 0.798218 0.477753 0.795815 0.471875 0.796574 0.470417 0.797870 0.464536 0.798944 0.463026 0.799222
2 0.459786 0.802125 0.460813 0.802875 0.462229 0.806139 0.462604 0.807176 0.460573 0.807593 0.460339 0.806528
9 0.436068 0.816245 0.437135 0.814625 0.438385 0.814764 0.439427 0.818144 0.438255 0.820458 0.436979 0.821708
2 0.436237 0.763741 0.436891 0.788634 0.437734 0.814676 0.438385 0.814764 0.439427 0.818144 0.438255 0.820458 0.438331 0.822685 0.438451 0.824185 0.442396 0.823750 0.448255 0.822963 0.451984 0.821778 0.451286 0.820653 0.450930 0.818407 0.451396 0.817069 0.448901 0.817144 0.442844 0.817731 0.440768 0.817574 0.439596 0.795162 0.439182 0.781144 0.438581 0.766787
2 0.453159 0.816852 0.452797 0.818194 0.454424 0.820657 0.455023 0.821671 0.459815 0.821079 0.460240 0.816963 0.460086 0.815940
1 0.481724 0.811764 0.478357 0.823269 0.477031 0.826426 0.473510 0.833921 0.474732 0.834731 0.479018 0.824690 0.481740 0.816509 0.483237 0.810625
1 0.485383 0.798495 0.482883 0.807292 0.482266 0.808981 0.483828 0.807963 0.484029 0.807111 0.486086 0.798727 0.487057 0.795556 0.485885 0.795602
2 0.484214 0.847657 0.481469 0.858773 0.480503 0.863144 0.480984 0.863718 0.482437 0.863287 0.483326 0.859847 0.486672 0.847583
2 0.501169 0.879880 0.501742 0.878755 0.503099 0.878435 0.510872 0.886468 0.513643 0.889468 0.515753 0.891505 0.520724 0.897074 0.522049 0.900824 0.520875 0.900824 0.518917 0.899593 0.517289 0.896380 0.514758 0.893648 0.512378 0.891343
2 0.507693 0.860116 0.502250 0.859884 0.500010 0.861181 0.499385 0.863634 0.499570 0.867060 0.508685 0.867245 0.508630 0.862940
2 0.499385 0.863634 0.499570 0.867060 0.499479 0.868519 0.498359 0.867870 0.495677 0.868056 0.496016 0.864167 0.497865 0.863333
2 0.501169 0.879880 0.496693 0.893981 0.494792 0.896574 0.497344 0.898565 0.498932 0.894213 0.501849 0.884491 0.502630 0.881343
1 0.503247 0.876935 0.503099 0.878435 0.503646 0.879028 0.506094 0.875093 0.508854 0.870926 0.510703 0.869074 0.510156 0.867593 0.508125 0.868657 0.506745 0.870741 0.504193 0.875185
1 0.504193 0.875185 0.504245 0.869815 0.505286 0.869630 0.505391 0.873102
1 0.504422 0.877796 0.504526 0.879972 0.505542 0.880944 0.505411 0.876083
1 0.504448 0.883259 0.504604 0.889417 0.504109 0.891315 0.503589 0.892704 0.503641 0.894324 0.504656 0.894741 0.505359 0.889972 0.505906 0.887287 0.505776 0.884509
1 0.508398 0.875546 0.508474 0.877815 0.507279 0.877815 0.507643 0.879069 0.510974 0.883602 0.513422 0.884111 0.513969 0.885319 0.513643 0.889468 0.510872 0.886468 0.508060 0.882583 0.505951 0.879574 0.505766 0.877681 0.506107 0.876148 0.506911 0.875597
1 0.506917 0.847255 0.508130 0.847042 0.510510 0.844685 0.518315 0.832315 0.520935 0.829097 0.521750 0.830065 0.519128 0.833546 0.512951 0.843347 0.510750 0.847153 0.508852 0.848653 0.506357 0.848579
2 0.449339 0.748565 0.451221 0.752037 0.454557 0.752597 0.457120 0.755440 0.459273 0.755319 0.460388 0.757056 0.460841 0.758231 0.467005 0.762639 0.467109 0.764537 0.465807 0.764398 0.463966 0.762745 0.460323 0.760528 0.458289 0.760389 0.455268 0.757657 0.453966 0.755759 0.452391 0.755861 0.450958 0.756046 0.449174 0.753764 0.448055 0.751454 0.448240 0.749463
8 0.440992 0.747574 0.441956 0.759611 0.442839 0.759537 0.443464 0.773657 0.443099 0.776111 0.443714 0.777782 0.443755 0.782944 0.443109 0.783806 0.442021 0.783875 0.441333 0.782370 0.440729 0.762148 0.439922 0.747449
1 0.436836 0.753745 0.439648 0.762218 0.440729 0.762148 0.440898 0.768282 0.440195 0.767727 0.435846 0.755088 0.436081 0.753699
9 0.436891 0.788634 0.436094 0.784954 0.435391 0.785139 0.435104 0.787176 0.435599 0.793981 0.436224 0.797361 0.437240 0.798704
9 0.439596 0.795162 0.440260 0.795972 0.441094 0.800694 0.441354 0.803009 0.441875 0.803657 0.441745 0.804769 0.440052 0.804120
2 0.455495 0.797824 0.455104 0.800231 0.455417 0.803519 0.456172 0.804954 0.457396 0.805694 0.458073 0.805694 0.458125 0.806667 0.455182 0.807870 0.454036 0.798194
1 0.466849 0.782315 0.469828 0.797935 0.469008 0.798162 0.466299 0.783208
1 0.464766 0.795463 0.467602 0.790528 0.467341 0.788907 0.464867 0.792977
9 0.469974 0.788194 0.469268 0.787097 0.468487 0.786866 0.468201 0.787884 0.469008 0.791171
1 0.472992 0.788162 0.473620 0.788843 0.475365 0.789954 0.476042 0.790741 0.476380 0.792083 0.478125 0.794444 0.479687 0.795324 0.480253 0.797014 0.477753 0.795815 0.476693 0.794398 0.475443 0.791528 0.472552 0.789537
2 0.466299 0.783208 0.466302 0.786389 0.466589 0.790139 0.467341 0.788907
2 0.466745 0.791991 0.466977 0.795245 0.467393 0.797329 0.468435 0.795014 0.467602 0.790528
2 0.467422 0.781481 0.466849 0.782315 0.468695 0.792097 0.469008 0.791171 0.468201 0.787884 0.468487 0.786866 0.468021 0.782037
9 0.464531 0.779398 0.464531 0.778241 0.464479 0.776435 0.465052 0.775880 0.465599 0.776435 0.465807 0.780370 0.465000 0.781250
9 0.465599 0.776435 0.465547 0.775231 0.468151 0.775926 0.468542 0.776389 0.468620 0.777176 0.466302 0.779815 0.465807 0.778333
2 0.560880 0.861824 0.559583 0.863009 0.559193 0.865556 0.560417 0.867269 0.561146 0.869213 0.561432 0.871620 0.565495 0.870509 0.565411 0.867014
2 0.536745 0.676111 0.537693 0.678736 0.539750 0.679542 0.541354 0.679417 0.541693 0.677458
1 0.446372 0.793241 0.447753 0.795370 0.449523 0.796806 0.451294 0.798056 0.452779 0.798009 0.454089 0.796944 0.455495 0.797824 0.454036 0.798194 0.454141 0.799074 0.450669 0.799306 0.448820 0.798102 0.446398 0.795972 0.446190 0.794537
1 0.460797 0.762329 0.461214 0.764370 0.463063 0.767792 0.464625 0.768856 0.466500 0.769694 0.469781 0.772704 0.471214 0.772704 0.472414 0.774468 0.471852 0.775319 0.470302 0.774181 0.468870 0.773995 0.464911 0.770477 0.465068 0.771912 0.465667 0.772838 0.465547 0.775231 0.464937 0.775153 0.464859 0.773579 0.464130 0.771912 0.464078 0.770292 0.462828 0.769551 0.461943 0.768162 0.460641 0.765662 0.460276 0.763676 0.460146 0.762421
9 0.457802 0.772329 0.457854 0.774690 0.458505 0.776079 0.460172 0.774690 0.459990 0.771958 0.459339 0.771588
1 0.460885 0.770972 0.462828 0.769551 0.461943 0.768162 0.460130 0.769444
1 0.463063 0.767792 0.465000 0.764907 0.465469 0.766019 0.464625 0.768856
1 0.463193 0.758625 0.464547 0.757745 0.464859 0.758903 0.465547 0.759028 0.466198 0.760000 0.467005 0.762639 0.465849 0.761727 0.464313 0.759181 0.463323 0.759597
2 0.463531 0.758394 0.462776 0.752102 0.463141 0.751218 0.464599 0.749787 0.464870 0.752454 0.465182 0.754630 0.465547 0.759028 0.464859 0.758903 0.464547 0.757745
2 0.463687 0.759458 0.464313 0.759181 0.465849 0.761727 0.463661 0.760292
2 0.463966 0.762745 0.465807 0.764398 0.466406 0.768287 0.466500 0.769694 0.464625 0.768856 0.465469 0.766019 0.465000 0.764907 0.464271 0.765926
2 0.466500 0.769694 0.468828 0.768472 0.469844 0.769815 0.471536 0.768750 0.471771 0.770972 0.469781 0.772704
2 0.476042 0.790741 0.476380 0.792083 0.478125 0.794444 0.479687 0.795324 0.477547 0.789352 0.476354 0.785463 0.475599 0.786389
9 0.468151 0.775926 0.468542 0.776389 0.468620 0.777176 0.470052 0.775602 0.470833 0.777870 0.469141 0.779676 0.469557 0.780880 0.470599 0.780417 0.471250 0.783472 0.471771 0.783056 0.471302 0.779167 0.472135 0.777361 0.472240 0.775926 0.471852 0.775319 0.470302 0.774181 0.470302 0.774181 0.469089 0.774722
2 0.506865 0.679662 0.507448 0.681157 0.507151 0.682347 0.505057 0.681481 0.503036 0.682597 0.501135 0.683690 0.507073 0.688273 0.514599 0.692301 0.517620 0.692440 0.520302 0.694523 0.523583 0.696190 0.526240 0.694847 0.527385 0.692162 0.528297 0.688366 0.528885 0.684884 0.530109 0.679097 0.531047 0.677338 0.530964 0.674019 0.530156 0.672009 0.529094 0.672338 0.528573 0.677894 0.526594 0.686597 0.526594 0.688032 0.525708 0.689282 0.524302 0.689329 0.519042 0.687060 0.518234 0.685486
2 0.516042 0.677546 0.515755 0.675046 0.520729 0.674306 0.526380 0.673333 0.526094 0.678287 0.517031 0.679120 0.517083 0.677639
8 0.530109 0.679097 0.535914 0.681523 0.536648 0.686296 0.535602 0.687162 0.528885 0.684884
2 0.532607 0.702505 0.530969 0.704731 0.531979 0.706347 0.533047 0.707986 0.535096 0.706861 0.539315 0.702523 0.538802 0.701074 0.537206 0.701824 0.535789 0.703917 0.534495 0.704718 0.533591 0.703806
2 0.534070 0.700394 0.533130 0.700583 0.532607 0.702505 0.533591 0.703806 0.534495 0.704718 0.535789 0.703917
2 0.535500 0.697917 0.534070 0.700394 0.535789 0.703917 0.537206 0.701824
2 0.537206 0.701824 0.538802 0.701074 0.538802 0.701074 0.540641 0.699574 0.541305 0.697542 0.543625 0.695130 0.544859 0.693361 0.545854 0.689880 0.545734 0.687630 0.544469 0.684310 0.543625 0.685329 0.544047 0.688435 0.543323 0.691699 0.542659 0.693148 0.538953 0.697593 0.536362 0.699898
8 0.544375 0.678241 0.543469 0.678060 0.543992 0.682458 0.544469 0.684310 0.545734 0.687630 0.545854 0.689880 0.548203 0.695278 0.549193 0.695833 0.549792 0.696852 0.549740 0.698796 0.553047 0.708056 0.554115 0.707731 0.554245 0.706620 0.551302 0.699676 0.549375 0.694491 0.545911 0.684120
2 0.522987 0.724056 0.524315 0.721741 0.526581 0.721417 0.528247 0.722250 0.529185 0.723731 0.529628 0.725769 0.529211 0.728037 0.530513 0.729148 0.530721 0.730861 0.530279 0.732296 0.530435 0.733176 0.531451 0.733269 0.532440 0.734750 0.532753 0.736370 0.532648 0.737343 0.532128 0.737806 0.531086 0.737481 0.530174 0.737019 0.529810 0.735028 0.529029 0.733963 0.529029 0.732713 0.529341 0.731231 0.529081 0.730352 0.528195 0.730259 0.527987 0.729102 0.528221 0.727620 0.527701 0.726741 0.526893 0.726370 0.525956 0.727759 0.524237 0.727065
2 0.528221 0.727620 0.527987 0.729102 0.528195 0.730259 0.529081 0.730352 0.529341 0.731231 0.529029 0.732713 0.529029 0.733963 0.529531 0.734630 0.526302 0.737593 0.525104 0.734722 0.524062 0.731296
2 0.526302 0.737593 0.529531 0.734630 0.529810 0.735028 0.528516 0.740185 0.529219 0.741389 0.525234 0.743472 0.525495 0.740139
2 0.529628 0.725769 0.529211 0.728037 0.530513 0.729148 0.530721 0.730861 0.530990 0.729954 0.530911 0.727315 0.530469 0.725741
9 0.530911 0.727315 0.530990 0.729954 0.531641 0.730972 0.532865 0.730741 0.533464 0.729676 0.533646 0.727870 0.532786 0.726991 0.531615 0.726250
2 0.524576 0.719306 0.526823 0.717731 0.528799 0.719750 0.529862 0.723241 0.528719 0.722130 0.528172 0.720972 0.525333 0.720926 0.524552 0.720370
8 0.538969 0.719769 0.539872 0.717199 0.540716 0.716236 0.542615 0.716236 0.543398 0.714787 0.544904 0.715380 0.546471 0.714468 0.547917 0.714519 0.549122 0.715644 0.550388 0.717574 0.552286 0.722824 0.550508 0.724375 0.549846 0.722125 0.549305 0.719236 0.547979 0.717093 0.547104 0.716343 0.545990 0.716769 0.544904 0.717681 0.543849 0.719718 0.543096 0.721806 0.542224 0.723144 0.540987 0.722236 0.541651 0.720681 0.541982 0.718111 0.540807 0.718056 0.540055 0.719931
9 0.551875 0.717500 0.552188 0.716481 0.552865 0.716111 0.553516 0.716898 0.554063 0.718102 0.555208 0.718380 0.555339 0.720000 0.554922 0.720556 0.553646 0.719815 0.552813 0.721111 0.553021 0.722130 0.552286 0.722824 0.550859 0.718889 0.551380 0.718472 0.552318 0.719861
9 0.575320 0.699801 0.574922 0.696435 0.572318 0.696759 0.571484 0.699398 0.572057 0.700463 0.573359 0.700139 0.573490 0.701019 0.573854 0.701296
2 0.585833 0.660681 0.583669 0.667009 0.582404 0.667597 0.581437 0.667264 0.581648 0.657046 0.583828 0.652917
2 0.555411 0.685319 0.557966 0.684843 0.563992 0.685167 0.568844 0.686829 0.574057 0.687843 0.574659 0.688810 0.575260 0.688273 0.574961 0.686880 0.575930 0.681861 0.576529 0.683065 0.577206 0.683759 0.576919 0.686935 0.576888 0.690954 0.572971 0.691380 0.567458 0.690255 0.562667 0.688486 0.557576 0.687579
2 0.568992 0.673088 0.568260 0.676838 0.568000 0.679431 0.568000 0.681931 0.568211 0.686560 0.568844 0.686829 0.569799 0.686194 0.569302 0.680176 0.569979 0.673134
9 0.579177 0.666259 0.578880 0.670833 0.577891 0.672130 0.579557 0.675231 0.580417 0.674074 0.580417 0.671620 0.579714 0.669259 0.579792 0.666759
2 0.449779 0.551153 0.455638 0.567819 0.459622 0.579671 0.460612 0.585319 0.461732 0.588606 0.462799 0.589301 0.466628 0.601708 0.463737 0.603884 0.460273 0.590597 0.458919 0.588838 0.457669 0.584440 0.452174 0.567079 0.447721 0.554162 0.448503 0.551662
8 0.417333 0.472907 0.419365 0.474296 0.422958 0.478139 0.425078 0.480509 0.430875 0.488833 0.430562 0.490315 0.425302 0.482491 0.422568 0.479389 0.415901 0.473463 0.416448 0.473000
8 0.463174 0.511819 0.462992 0.514505 0.461065 0.518162 0.460258 0.520801 0.459633 0.523856 0.457706 0.525616 0.459008 0.527560 0.459997 0.527514 0.460648 0.524921 0.464034 0.515940 0.464945 0.514736 0.464841 0.511634 0.464164 0.511218
2 0.464346 0.523579 0.463930 0.524829 0.463669 0.530523 0.463435 0.535847 0.464372 0.538671 0.465622 0.541356 0.466458 0.543102 0.468201 0.544088 0.468305 0.542884 0.466846 0.541356 0.465961 0.539968 0.465049 0.537468 0.464737 0.534968 0.464977 0.529352 0.464977 0.527176 0.465102 0.523579
9 0.465102 0.523579 0.465729 0.521806 0.466354 0.520370 0.465990 0.518472 0.465234 0.517500 0.464427 0.517731 0.464010 0.518704 0.463385 0.518981 0.462969 0.519907 0.463307 0.520833 0.463620 0.523472 0.464346 0.523579
2 0.449549 0.513218 0.446164 0.520579 0.444445 0.524329 0.444732 0.525532 0.446242 0.525718 0.447883 0.522847 0.451112 0.514977 0.451581 0.512616 0.451268 0.511389
2 0.430695 0.507894 0.433742 0.508380 0.433794 0.509329 0.430669 0.511968 0.429289 0.509468
2 0.430669 0.511968 0.433794 0.509329 0.433932 0.511250 0.432318 0.514352 0.431120 0.514954 0.430339 0.513333
2 0.438099 0.483009 0.437010 0.483694 0.435943 0.484806 0.434536 0.488046 0.432844 0.493046 0.432216 0.496287 0.432297 0.498278 0.430393 0.502907 0.430143 0.504144 0.430109 0.504713 0.430914 0.504991 0.431984 0.501102 0.433078 0.500130 0.432857 0.497426 0.433885 0.496843 0.434094 0.493509 0.435044 0.490713 0.435721 0.488722 0.436672 0.486519 0.437453 0.485037 0.438573 0.484528
8 0.427771 0.466194 0.425328 0.476750 0.426409 0.478250 0.429435 0.465269
8 0.430974 0.458884 0.429880 0.463088 0.428164 0.464269 0.429776 0.457542
8 0.431443 0.456384 0.431156 0.457495 0.430010 0.456338 0.430323 0.454810
8 0.431695 0.455315 0.431979 0.453380 0.431901 0.451806 0.431276 0.451806 0.430833 0.452269 0.430734 0.453972
8 0.427177 0.479250 0.433174 0.475944 0.432966 0.477926 0.428453 0.480917
8 0.425078 0.480509 0.426354 0.479907 0.427578 0.481435 0.426146 0.481991
8 0.425313 0.482546 0.422969 0.483472 0.422422 0.484630 0.422474 0.485741 0.421458 0.485880 0.421406 0.484444 0.422214 0.482361 0.424219 0.481296
2 0.434406 0.458815 0.433854 0.458102 0.434271 0.456852 0.436172 0.456296 0.436745 0.458102 0.439609 0.458704 0.440339 0.459861 0.440156 0.464815 0.439505 0.464120 0.439036 0.460417 0.437677 0.460301 0.436406 0.459769 0.435990 0.458704
2 0.431461 0.427722 0.431609 0.430347 0.431745 0.431713 0.435417 0.436204 0.436419 0.434227 0.436740 0.431787 0.435859 0.430194 0.434401 0.427926 0.433594 0.426389 0.433620 0.427741 0.433672 0.430241 0.432786 0.430287 0.432109 0.429361 0.432135 0.427787
2 0.437846 0.403301 0.439208 0.404000 0.441576 0.404000 0.446622 0.405106 0.447708 0.407593 0.447552 0.409676 0.443198 0.409111 0.441424 0.408958 0.433099 0.408657
2 0.426312 0.424796 0.425867 0.421491 0.426984 0.422106 0.427820 0.420806 0.428901 0.415977 0.429927 0.418551 0.433203 0.417917 0.429349 0.421713 0.426302 0.426204
2 0.437581 0.412907 0.430818 0.413866 0.432422 0.409403 0.433099 0.408657 0.440651 0.408889 0.439531 0.411296
2 0.443490 0.421991 0.442576 0.416310 0.433755 0.417806 0.433203 0.417917 0.429349 0.421713 0.426302 0.426204 0.426312 0.427806 0.431461 0.427722 0.432135 0.427787 0.433555 0.425583 0.435966 0.422426 0.439099 0.423764 0.442263 0.426014 0.443383 0.424389 0.441315 0.422810 0.441357 0.420861 0.442245 0.420861
2 0.445674 0.411657 0.445789 0.410907 0.447898 0.411227 0.447628 0.414282 0.446813 0.419532 0.445096 0.422014 0.444167 0.415676 0.445766 0.414977
8 0.405453 0.432222 0.405896 0.420093 0.405141 0.420000 0.404464 0.431898
8 0.405271 0.435463 0.404750 0.447870 0.404047 0.448009 0.403969 0.442083 0.404401 0.435370
1 0.457297 0.488130 0.455833 0.488250 0.454125 0.489616 0.454055 0.494199 0.452974 0.499972 0.452417 0.501213 0.452870 0.505046 0.453323 0.506037 0.453810 0.503870 0.453357 0.503000 0.453846 0.501088 0.454578 0.497051 0.454820 0.493704 0.454786 0.490856 0.455727 0.489741 0.457018 0.489435
2 0.450141 0.498019 0.454055 0.494199 0.454089 0.491435 0.449609 0.495602
2 0.454820 0.493704 0.454786 0.490856 0.455727 0.489741 0.457018 0.489435 0.456458 0.492037
2 0.448971 0.492426 0.449609 0.495602 0.454089 0.491435 0.454125 0.489616 0.455833 0.488250 0.457297 0.488130 0.458385 0.483287 0.457526 0.483426 0.455365 0.485787 0.454948 0.487176 0.452005 0.489722
2 0.445503 0.482889 0.447917 0.489491 0.449818 0.484213 0.449818 0.481019 0.451263 0.479690 0.447813 0.472917
2 0.452021 0.478792 0.452464 0.479810 0.453635 0.480782 0.454286 0.482032 0.455146 0.481847 0.455745 0.480088 0.456630 0.478282 0.456630 0.475829 0.457542 0.474347 0.456630 0.473514 0.455667 0.475736 0.455250 0.478792 0.454208 0.478653 0.453375 0.477032 0.452633 0.478185
2 0.466682 0.485273 0.465435 0.483116 0.464078 0.482310 0.463193 0.482264 0.463036 0.478144 0.463453 0.476569 0.462984 0.471199 0.464339 0.468560 0.464964 0.469671 0.465068 0.472356 0.465589 0.474255 0.465849 0.476477 0.466656 0.477356 0.468010 0.478051 0.468687 0.480042 0.467917 0.484722 0.467240 0.486250
2 0.465589 0.474255 0.465849 0.476477 0.466656 0.477356 0.468594 0.474491 0.468542 0.476574 0.468010 0.478051 0.468687 0.480042 0.467917 0.484815 0.469141 0.482269 0.469583 0.478981 0.469635 0.472824 0.468802 0.471944 0.467344 0.472037
1 0.489286 0.457856 0.490589 0.459106 0.489990 0.459514 0.489703 0.460171 0.488323 0.459338 0.488281 0.457824
2 0.457542 0.474347 0.456630 0.475829 0.456630 0.478282 0.461510 0.473426 0.462187 0.473565 0.463099 0.472593 0.462984 0.471199 0.464339 0.468560 0.464740 0.467870 0.464297 0.459815 0.463542 0.460926 0.463854 0.467731 0.461797 0.470926
2 0.472156 0.447352 0.472760 0.450509 0.470417 0.453009 0.468021 0.455417 0.467500 0.454722
2 0.473339 0.444620 0.473542 0.447454 0.474135 0.448093 0.476638 0.444759 0.475370 0.441889
2 0.475846 0.440815 0.477214 0.443981 0.484443 0.434412 0.483570 0.432644 0.482154 0.434843 0.478839 0.436769
2 0.482753 0.425819 0.482596 0.427255 0.481398 0.430356 0.482154 0.434843 0.483570 0.432644 0.483456 0.431231 0.484367 0.431190 0.484602 0.427718 0.484133 0.425310 0.483352 0.425213
2 0.515130 0.433102 0.515729 0.437546 0.515656 0.446144 0.510339 0.441667
2 0.517995 0.430694 0.519219 0.428704 0.518698 0.436250
2 0.509896 0.427269 0.509635 0.428657 0.508854 0.429537 0.507760 0.434537 0.507865 0.437963 0.510156 0.438380 0.511849 0.429028 0.511901 0.426343
2 0.508776 0.425602 0.506745 0.423519 0.502969 0.424861 0.502396 0.426898 0.502839 0.429444
2 0.509896 0.427269 0.509635 0.428657 0.508854 0.429537 0.507760 0.434537 0.503932 0.430602 0.508542 0.427639
2 0.511849 0.429028 0.515130 0.433102 0.511250 0.440000 0.510156 0.438380
2 0.509380 0.444097 0.512708 0.450880 0.514349 0.447870
2 0.528482 0.416477 0.528430 0.418606 0.527388 0.420366 0.526372 0.421106 0.525357 0.421292 0.523784 0.420472 0.523846 0.418977 0.525201 0.418838 0.526216 0.418005 0.526919 0.416894 0.528052 0.416644
8 0.531898 0.387852 0.533958 0.389269 0.533151 0.392130 0.529557 0.394907 0.529271 0.392639
2 0.533151 0.392130 0.533958 0.389269 0.535078 0.391583 0.536448 0.395903 0.533919 0.396042 0.533427 0.393866 0.532672 0.393773 0.532461 0.392616
2 0.545331 0.484407 0.549810 0.489037 0.549940 0.490657 0.548745 0.491435 0.545799 0.488435 0.543820 0.485889
2 0.532294 0.489708 0.535323 0.486231 0.535599 0.483056 0.531380 0.488796
2 0.520521 0.460102 0.520128 0.463125 0.520953 0.467829 0.523724 0.473935 0.523177 0.469769 0.521458 0.460046
8 0.524391 0.459671 0.528586 0.461819 0.531193 0.464630 0.532880 0.466991 0.533984 0.468472 0.534771 0.470338 0.533969 0.471333 0.534005 0.473810 0.534633 0.475481 0.535443 0.475880 0.535651 0.479769 0.534010 0.481620 0.533698 0.475509 0.533177 0.471296 0.532234 0.469264 0.531630 0.467759 0.530620 0.467329 0.526667 0.463750 0.524193 0.463472 0.523620 0.461343
1 0.492292 0.460630 0.492148 0.461991 0.494070 0.463356 0.495326 0.464162 0.497482 0.467444 0.498951 0.467199 0.502401 0.470046 0.503307 0.469181 0.503073 0.468009
8 0.495026 0.612731 0.495182 0.616852 0.496146 0.619491 0.499375 0.625602 0.499935 0.622046 0.498177 0.619120 0.497057 0.616481 0.496633 0.611963
8 0.495365 0.607361 0.496042 0.605046 0.497523 0.602458 0.499812 0.602782 0.497786 0.605648 0.496753 0.609069
8 0.498427 0.601014 0.500625 0.597778 0.502135 0.596389 0.503177 0.596250 0.504141 0.598241 0.503490 0.599583 0.501068 0.600231 0.500508 0.601227
8 0.488315 0.602481 0.489701 0.602213 0.491570 0.603926 0.493378 0.605750 0.494432 0.605801 0.494948 0.606435 0.495365 0.607361 0.496753 0.609069 0.498440 0.609606 0.500247 0.607250 0.501633 0.603769 0.502628 0.602856 0.503984 0.603231 0.503893 0.605051 0.502596 0.605856 0.500188 0.610144 0.498862 0.611481 0.496633 0.611963 0.495026 0.612731 0.494844 0.611944 0.493984 0.611667 0.489883 0.609231 0.488586 0.607676 0.489823 0.606713 0.489852 0.604412
2 0.462682 0.585463 0.462708 0.586713 0.463385 0.587315 0.463984 0.586389 0.466224 0.588333 0.468047 0.589306 0.469870 0.590185 0.470651 0.592917 0.467891 0.592454 0.465521 0.590880 0.462891 0.588843 0.462109 0.587593 0.460781 0.582870 0.459714 0.578519 0.460078 0.577593 0.461406 0.577361 0.462396 0.581713 0.463255 0.584630
8 0.471016 0.590741 0.473776 0.591389 0.476589 0.593333 0.479974 0.595093 0.482995 0.596806 0.482552 0.600463 0.476849 0.596806 0.473932 0.595139 0.472292 0.594306
8 0.485648 0.599111 0.488315 0.602481 0.489852 0.604412 0.489823 0.606713 0.488586 0.607676 0.485206 0.603139 0.485391 0.601620
2 0.486458 0.591019 0.492469 0.589704 0.495760 0.587699 0.502130 0.588778 0.501638 0.589843 0.497471 0.590722 0.497081 0.591833 0.492133 0.592991 0.490906 0.593593 0.489919 0.595907 0.489083 0.595954 0.488458 0.594750 0.485932 0.596093
8 0.483070 0.687347 0.483555 0.674940 0.482628 0.674296 0.481135 0.674727 0.480893 0.687060
8 0.527023 0.594056 0.521372 0.603176 0.521763 0.605120 0.519732 0.609981 0.518534 0.611556 0.518378 0.612574 0.520174 0.614750 0.520930 0.610769 0.522682 0.607824 0.524237 0.606972 0.524602 0.605352 0.526503 0.599056 0.528820 0.594472
1 0.513273 0.609009 0.515669 0.610167 0.517128 0.611694 0.518378 0.612574 0.520174 0.614750 0.522023 0.618500 0.522180 0.620398 0.521424 0.620213 0.519680 0.616556 0.518091 0.614056 0.515122 0.611185 0.514237 0.610815
8 0.518091 0.614056 0.515130 0.621481 0.515190 0.623769 0.515997 0.624741 0.516909 0.623213 0.517995 0.623981 0.518437 0.622083 0.517813 0.621019 0.519680 0.616556
2 0.503471 0.616403 0.505844 0.613815 0.506854 0.613954 0.508573 0.616778 0.510135 0.616685 0.513344 0.619042 0.515469 0.620648 0.516641 0.617685 0.513203 0.615231 0.507708 0.613519 0.506198 0.612685 0.504505 0.611713 0.502604 0.610694 0.500443 0.611065 0.501927 0.614907
2 0.520930 0.610769 0.522500 0.617407 0.524609 0.621111 0.526276 0.618889 0.525000 0.613426 0.522682 0.607824
2 0.519198 0.599213 0.520651 0.603056 0.521763 0.605120 0.519732 0.609981 0.517266 0.601389
2 0.518234 0.595648 0.516823 0.591898 0.515208 0.591481 0.514479 0.592917 0.514974 0.595509 0.515885 0.597963
2 0.523094 0.608847 0.525279 0.605838 0.526115 0.603523 0.527570 0.602505 0.527857 0.600792 0.528563 0.600236 0.530331 0.600051 0.530201 0.598662 0.532599 0.597551 0.533846 0.597921 0.535490 0.597829 0.536086 0.596625 0.536635 0.596069 0.537443 0.596255 0.537156 0.598060 0.536271 0.599356 0.535464 0.599218 0.533977 0.599079 0.533326 0.599032 0.532570 0.602505 0.531453 0.603801 0.528719 0.605236 0.527961 0.606532 0.526089 0.607736 0.523820 0.610606
2 0.536563 0.589167 0.538047 0.591065 0.538151 0.592685 0.536875 0.594259 0.533021 0.593611 0.532813 0.591343 0.533516 0.588889
2 0.535464 0.599218 0.535521 0.600602 0.534271 0.602963 0.533977 0.599079
2 0.535490 0.597829 0.533846 0.597921 0.533698 0.595463 0.535677 0.595833
2 0.540146 0.763167 0.543484 0.764370 0.544320 0.765731 0.545297 0.765421 0.546305 0.765935 0.541982 0.777898 0.532568 0.773870 0.531378 0.772917
2 0.534474 0.759792 0.530479 0.762157 0.526029 0.768699 0.529328 0.771148 0.537615 0.761616
2 0.528948 0.760681 0.522982 0.765926 0.523703 0.767481 0.527909 0.762042
8 0.522258 0.753556 0.522289 0.757250 0.523102 0.759069 0.524458 0.759875 0.525724 0.759819 0.527078 0.760037 0.527771 0.761644 0.526568 0.762769 0.526023 0.761856 0.523523 0.761750 0.522047 0.760144 0.520753 0.757731 0.521023 0.754787
2 0.430607 0.529495 0.430911 0.535463 0.429948 0.534861 0.429688 0.532963 0.429922 0.529398
9 0.526927 0.755000 0.526596 0.756500 0.527229 0.757731 0.527953 0.757787 0.528495 0.757037 0.528193 0.754787
2 0.434159 0.524676 0.436867 0.524028 0.438560 0.523194 0.441354 0.523102 0.441510 0.523935 0.439714 0.524769 0.437331 0.524352 0.436625 0.525278 0.436159 0.527130 0.434284 0.526671
9 0.543484 0.764370 0.544076 0.761148 0.545331 0.760713 0.546482 0.762259 0.545297 0.765421 0.544320 0.765731
2 0.537964 0.577319 0.538484 0.578292 0.539760 0.580560 0.541164 0.581903 0.542391 0.581440 0.546010 0.576301 0.545099 0.575977 0.542674 0.578755 0.541893 0.578662 0.540411 0.577366 0.539500 0.576023
8 0.535990 0.580602 0.536581 0.579819 0.538484 0.578292 0.539760 0.580560 0.537156 0.582597
8 0.540411 0.577366 0.541893 0.578662 0.542674 0.578755 0.545099 0.575977 0.546010 0.576301 0.550568 0.570111
1 0.492508 0.550190 0.495104 0.549676 0.496875 0.549861 0.499766 0.549213 0.499974 0.551157 0.496953 0.551204 0.495443 0.551435 0.493229 0.551389 0.491016 0.552176
2 0.479023 0.546907 0.478359 0.547218 0.478359 0.549880 0.478802 0.554074 0.479661 0.558565 0.480130 0.563657 0.480208 0.566806 0.480651 0.569028 0.481750 0.571213 0.482271 0.572190 0.483490 0.574306 0.482812 0.582824 0.483828 0.582917 0.484148 0.576551 0.484148 0.573912 0.484063 0.572454 0.481693 0.568148 0.481354 0.566065 0.481094 0.562778 0.481094 0.559491 0.479401 0.550278 0.480365 0.550278 0.480365 0.547222
2 0.480714 0.584273 0.480687 0.585940 0.480896 0.587329 0.481130 0.590801 0.480453 0.592745 0.481469 0.594690 0.482979 0.594597 0.483344 0.594134 0.483682 0.591634 0.483630 0.588347 0.483865 0.584782
2 0.480130 0.563657 0.480208 0.566806 0.480651 0.569028 0.479323 0.570231 0.477135 0.568935 0.477474 0.564306
1 0.492651 0.519042 0.492716 0.520282 0.491430 0.523630 0.489063 0.529213 0.489531 0.529769 0.490885 0.526991 0.492250 0.523185 0.494289 0.517366
1 0.482130 0.531394 0.483953 0.529819 0.484839 0.529958 0.485073 0.530838 0.485099 0.532597 0.487312 0.531023 0.488589 0.530190 0.489531 0.529769 0.490594 0.529264 0.492339 0.529403 0.493927 0.527875 0.497130 0.530051 0.498693 0.530236 0.498589 0.531764 0.497896 0.531940 0.496870 0.531625 0.494448 0.529819 0.493328 0.530838 0.491844 0.531116 0.491089 0.530560 0.489839 0.530699 0.488432 0.531394 0.485698 0.534310 0.484422 0.534449 0.483823 0.533245 0.483667 0.532366 0.483042 0.533616 0.482182 0.533245
2 0.459823 0.538606 0.460234 0.540694 0.460391 0.543241 0.458724 0.543935 0.457760 0.541806 0.457448 0.538056
2 0.460083 0.544523 0.461880 0.542301 0.462505 0.542625 0.462531 0.543875 0.461281 0.544708
2 0.431383 0.529815 0.437786 0.531528 0.439531 0.535000 0.441146 0.535139 0.443516 0.533380 0.446081 0.534218 0.444922 0.538611 0.441536 0.537315 0.431745 0.535324
2 0.526596 0.756500 0.527229 0.757731 0.527953 0.757787 0.528495 0.757037 0.529130 0.757588 0.529130 0.759519 0.528438 0.760264 0.527414 0.759463 0.524672 0.758069 0.523497 0.757481 0.523227 0.756088 0.523737 0.755176
9 0.519094 0.758856 0.517617 0.758912 0.515388 0.761056 0.516172 0.764644 0.518521 0.771176 0.519336 0.771551 0.519758 0.771069 0.519698 0.769944 0.516745 0.761537 0.519125 0.760306
9 0.515810 0.766574 0.517708 0.769949 0.517951 0.771880 0.517318 0.772630 0.514305 0.767380 0.514604 0.766148
9 0.524156 0.764875 0.521396 0.763579 0.520198 0.764273 0.521969 0.766912 0.523349 0.766727 0.522982 0.765926
9 0.516745 0.761537 0.518516 0.761944 0.520198 0.764273 0.521969 0.766912 0.521927 0.768565 0.521302 0.769213 0.520599 0.769120 0.518542 0.765185 0.517500 0.763796
2 0.525964 0.750176 0.525859 0.751194 0.524740 0.752537 0.524531 0.754111 0.524792 0.755639 0.526596 0.756500 0.526927 0.755000 0.528193 0.754787 0.528495 0.757037 0.529130 0.757588 0.529130 0.759519 0.528438 0.760264 0.527414 0.759463 0.524672 0.758069 0.524458 0.759875 0.525724 0.759819 0.527078 0.760037 0.527771 0.761644 0.528948 0.760681 0.531615 0.757037 0.528984 0.747500 0.528602 0.747833
5 0.444271 0.422736 0.445096 0.422014 0.457331 0.404657 0.459440 0.401231 0.461557 0.397769 0.462914 0.398199 0.466883 0.405894 0.469883 0.411412 0.481052 0.431051 0.481367 0.433227 0.475846 0.440815 0.472536 0.436468 0.471836 0.436653 0.471758 0.437810 0.471393 0.437625 0.470430 0.435866 0.469701 0.435634 0.468997 0.436144 0.469021 0.437532 0.469984 0.440444 0.470143 0.442620
5 0.475370 0.441889 0.473260 0.438694 0.472792 0.439343 0.471359 0.439204 0.470448 0.437306 0.469979 0.437398 0.470995 0.441565 0.471932 0.441750 0.472922 0.443556 0.473339 0.444620
8 0.429776 0.437093 0.431169 0.438208 0.431867 0.440009 0.432188 0.440556 0.433307 0.440694 0.433724 0.439722 0.433411 0.438380 0.430104 0.434213 0.429323 0.435185
8 0.452781 0.759750 0.452026 0.760907 0.451531 0.760954 0.445000 0.771759 0.443464 0.773657 0.443099 0.776111 0.447943 0.790463 0.449687 0.790556 0.444661 0.775000 0.448125 0.769954 0.453672 0.760880
8 0.429219 0.439759 0.428034 0.438273 0.427299 0.439389 0.429281 0.441894 0.429792 0.443148 0.430156 0.443731 0.431667 0.446019 0.432708 0.444398
8 0.475443 0.791528 0.475703 0.796065 0.473776 0.796296 0.473464 0.790231
8 0.473385 0.337889 0.473346 0.348431 0.475081 0.349222 0.474919 0.338394
2 0.532107 0.732222 0.533852 0.731806 0.535414 0.730231 0.536794 0.730926 0.537497 0.733380 0.538565 0.733148 0.539893 0.732685 0.540573 0.733352 0.535362 0.737963 0.533956 0.735602 0.532862 0.734352 0.532003 0.733241
2 0.480896 0.587329 0.477865 0.585370 0.475313 0.585000 0.474245 0.587222 0.476979 0.588333 0.481130 0.590801
2 0.482271 0.572190 0.481984 0.573347 0.481333 0.576819 0.481047 0.582694 0.482812 0.582824 0.483490 0.574306
1 0.486927 0.586713 0.489536 0.587569 0.493154 0.588727 0.493073 0.589352 0.492469 0.589704 0.491359 0.589931 0.486773 0.588403
2 0.485529 0.575898 0.484148 0.576551 0.483828 0.582917 0.484901 0.583019 0.485964 0.577639 0.487839 0.578287 0.487865 0.579954 0.487479 0.583435 0.493573 0.585009 0.496792 0.572852 0.494477 0.569704 0.492156 0.571370 0.493094 0.574148 0.493276 0.584056 0.492755 0.584194 0.492339 0.577204 0.491612 0.573963 0.488516 0.574259 0.486432 0.575185
2 0.485815 0.570347 0.485161 0.570898 0.485529 0.575898 0.486432 0.575185 0.487865 0.574583 0.487682 0.573194 0.486536 0.572870 0.486432 0.570926
2 0.487458 0.570912 0.488682 0.569755 0.489307 0.568736 0.489594 0.569292 0.489802 0.571560 0.490531 0.572995 0.488516 0.574259 0.487797 0.572718
2 0.481094 0.562778 0.481354 0.566065 0.481693 0.568148 0.482734 0.567639 0.482734 0.565509 0.482917 0.564028 0.482786 0.562546 0.481979 0.561852
2 0.488432 0.531394 0.489839 0.530699 0.491089 0.530560 0.491844 0.531116 0.493328 0.530838 0.494448 0.529819 0.494586 0.534347 0.491646 0.536014 0.490208 0.535185 0.488333 0.534676
2 0.486823 0.501528 0.484609 0.509213 0.482401 0.519926 0.480378 0.525773 0.480299 0.526745 0.479909 0.527532 0.479180 0.527486 0.478299 0.530037 0.479115 0.530894 0.479505 0.532449 0.479807 0.534162 0.481013 0.533843 0.481948 0.530940 0.481982 0.527968 0.482518 0.525537 0.483302 0.524898 0.486766 0.510218 0.488182 0.502236
2 0.478971 0.512060 0.480716 0.511505 0.481159 0.513866 0.481315 0.518912 0.482401 0.519926 0.480378 0.525773 0.479857 0.524662 0.480039 0.522847 0.479388 0.520764
2 0.477409 0.527014 0.476263 0.529190 0.476003 0.530532 0.476289 0.531366 0.476966 0.531366 0.478346 0.527292
2 0.478346 0.524523 0.479036 0.522130 0.479635 0.521574 0.480039 0.522847 0.479857 0.524662
2 0.495586 0.510208 0.492461 0.517940 0.493138 0.518542 0.493919 0.517708 0.496315 0.510718
2 0.493927 0.527875 0.492339 0.529403 0.490594 0.529264 0.489531 0.529769 0.490885 0.526991
2 0.489063 0.529213 0.489531 0.529769 0.488589 0.530190 0.488724 0.526065 0.489609 0.525694 0.490312 0.526204
2 0.490885 0.526991 0.493927 0.527875 0.497130 0.530051 0.498674 0.530208 0.498589 0.531764 0.499143 0.533144 0.500865 0.534532 0.501357 0.535949 0.502242 0.533542 0.501224 0.529213 0.500299 0.524338 0.499818 0.521111 0.500182 0.516944 0.498802 0.518102 0.498099 0.521667 0.498151 0.524120 0.495443 0.524213 0.494635 0.525463 0.491745 0.524583
2 0.504706 0.498463 0.503234 0.502486 0.502008 0.505824 0.502044 0.506921 0.503815 0.505208 0.505846 0.504514 0.507409 0.504653 0.509232 0.505764 0.512581 0.503116 0.513018 0.501421 0.512172 0.500935 0.511953 0.499338 0.510646 0.498847 0.511872 0.492458 0.510086 0.492713 0.509167 0.492153
2 0.505797 0.486639 0.505768 0.489116 0.506406 0.491667 0.507872 0.489634
2 0.507224 0.483218 0.509568 0.487097 0.511427 0.484389 0.510440 0.480653
2 0.514411 0.484977 0.511849 0.487278 0.510794 0.489130 0.512346 0.490389 0.512935 0.487611 0.514091 0.488259
2 0.505305 0.489838 0.501654 0.489648 0.501844 0.493032 0.504461 0.492750 0.505414 0.491199
2 0.500299 0.524338 0.500711 0.521685 0.500383 0.520472 0.500437 0.518486 0.501747 0.517713 0.501583 0.520231 0.502682 0.521898 0.502565 0.523912
2 0.502682 0.521898 0.502565 0.523912 0.505000 0.523426 0.505260 0.515384 0.503435 0.514903 0.502810 0.518634
2 0.496820 0.519551 0.496641 0.521171 0.495990 0.522329 0.496094 0.524181 0.497107 0.524181 0.498099 0.521667 0.498802 0.518102
9 0.494997 0.521032 0.495339 0.521866 0.495990 0.522329 0.496094 0.524181 0.495443 0.524213 0.494635 0.525463 0.494688 0.523671 0.494216 0.521681
2 0.492250 0.523185 0.491745 0.524583 0.494141 0.525370 0.494193 0.523611 0.493724 0.522037
2 0.486198 0.518718 0.487656 0.517329 0.488617 0.517329 0.490026 0.516356 0.490495 0.517931 0.488958 0.518903 0.489349 0.519551 0.489505 0.521681 0.488594 0.522421 0.488333 0.520292 0.487760 0.518995 0.486430 0.520245
2 0.483302 0.524898 0.482518 0.525537 0.481982 0.527968 0.484661 0.525694
2 0.485909 0.527884 0.485883 0.528949 0.488617 0.528856 0.488724 0.527051 0.487992 0.526310
8 0.501224 0.529213 0.502242 0.533542 0.504253 0.528194
2 0.510516 0.509532 0.510516 0.516894 0.512911 0.513190 0.512859 0.511431
2 0.501315 0.511968 0.502201 0.509653 0.504466 0.506875 0.505951 0.506690 0.507383 0.507153
2 0.500182 0.516944 0.499818 0.521111 0.500299 0.524338 0.500711 0.521685 0.500383 0.520472 0.500437 0.518486 0.501747 0.517713 0.501583 0.520231 0.502682 0.521898 0.502810 0.518634 0.503435 0.514903 0.505260 0.515384 0.505000 0.523426 0.506346 0.523005 0.510516 0.516894 0.510516 0.509532 0.510091 0.509236
2 0.519878 0.502755 0.520201 0.504532 0.515721 0.510273 0.514721 0.509606 0.515112 0.507616 0.517273 0.504931
2 0.512096 0.507708 0.513099 0.508380 0.512943 0.507037
2 0.513315 0.506644 0.513464 0.508657 0.514721 0.509606 0.514357 0.505903
1 0.506096 0.560106 0.511458 0.556852 0.511398 0.555690 0.505521 0.559120
1 0.504482 0.561032 0.502083 0.562222 0.502552 0.560509 0.503984 0.559815
1 0.512284 0.554301 0.514479 0.553194 0.515365 0.553750 0.512161 0.555926
1 0.517370 0.550972 0.519427 0.549306 0.523828 0.546481 0.523359 0.545741 0.522214 0.545324 0.515990 0.543241 0.514896 0.542824 0.514479 0.541667 0.516146 0.541898 0.519557 0.543194 0.523542 0.544769 0.524531 0.545787 0.524505 0.546898 0.522422 0.548565 0.519219 0.550648 0.517786 0.551852
1 0.512320 0.562537 0.516302 0.556944 0.516693 0.558519 0.513224 0.563662
1 0.518125 0.554676 0.522422 0.548565 0.524505 0.546898 0.526565 0.543356 0.528935 0.542014 0.529065 0.543356 0.526826 0.545532 0.522685 0.550532 0.521617 0.551458 0.518544 0.556134
1 0.526354 0.546074 0.527315 0.546444 0.528516 0.546213 0.530130 0.547556 0.540831 0.564269 0.540773 0.565046 0.540076 0.565148 0.536039 0.558991 0.529893 0.550287 0.528852 0.548065 0.527995 0.547787 0.526432 0.547741 0.525495 0.547083
8 0.527995 0.547787 0.528852 0.548065 0.529893 0.550287 0.530208 0.561713 0.528750 0.563704
2 0.538151 0.546852 0.537266 0.546713 0.536823 0.548056 0.534870 0.548194 0.532943 0.550139 0.533776 0.553287 0.534870 0.554907 0.537422 0.553750 0.537448 0.549213 0.538958 0.547778
8 0.530521 0.541481 0.534479 0.548519 0.533281 0.549815 0.529297 0.542315
8 0.537005 0.553898 0.537526 0.555565 0.537526 0.559074 0.536430 0.557417 0.536094 0.555796 0.534870 0.554907
8 0.529854 0.574181 0.529674 0.575616 0.528698 0.577037 0.527682 0.583611 0.526958 0.586620 0.527036 0.588472 0.526146 0.590231 0.526745 0.591389 0.528151 0.591250 0.530026 0.583611 0.531042 0.574120
1 0.497081 0.591833 0.497471 0.590722 0.499193 0.591389 0.500885 0.593287 0.499948 0.593843
2 0.501638 0.589843 0.504453 0.591111 0.505026 0.590787 0.505625 0.591898 0.507005 0.589676 0.504927 0.589269 0.502130 0.588778
2 0.508008 0.588292 0.511948 0.582713 0.509841 0.580491 0.507589 0.584542 0.505794 0.587782
2 0.510594 0.579333 0.512026 0.580583 0.513195 0.581069 0.512891 0.577083 0.511927 0.576944
1 0.509005 0.579519 0.507682 0.583194 0.505234 0.587731 0.503932 0.587407 0.506953 0.582500 0.507474 0.578241 0.508198 0.578454
2 0.498906 0.574444 0.500206 0.575352 0.501974 0.576185 0.505464 0.577528 0.507474 0.578241 0.506953 0.582500 0.503932 0.587407 0.501411 0.586819 0.495917 0.585662
2 0.437966 0.598259 0.438302 0.605157 0.438458 0.607519 0.439109 0.609787 0.441221 0.608907 0.440516 0.605065 0.440255 0.602241 0.439529 0.598213
9 0.448536 0.615250 0.448823 0.613769 0.449370 0.611778 0.449109 0.610944 0.448276 0.611315 0.447130 0.612102 0.446844 0.614139 0.447081 0.615481 0.447443 0.616037
2 0.440430 0.597537 0.440169 0.598694 0.441263 0.600366 0.442487 0.603926 0.443685 0.601657 0.442643 0.599481 0.442982 0.598514 0.442904 0.597028 0.441680 0.596565
2 0.425607 0.581046 0.427846 0.580769 0.429362 0.582685 0.430659 0.588824 0.429591 0.589148 0.428917 0.587759 0.425034 0.588593 0.424359 0.586463 0.424122 0.583315
9 0.523198 0.868694 0.522466 0.870245 0.522745 0.875699 0.524836 0.876875 0.525219 0.875574 0.524591 0.872787 0.524974 0.869625 0.524312 0.868634
2 0.528435 0.873366 0.528443 0.874940 0.529919 0.875171 0.531716 0.874338 0.531195 0.871931
2 0.550932 0.848667 0.553734 0.857611 0.553253 0.860130 0.552859 0.862056 0.551349 0.862616 0.550331 0.861199 0.551745 0.857769 0.548794 0.847593 0.549607 0.847005
9 0.558073 0.868352 0.560651 0.870574 0.561146 0.869213 0.560417 0.867269 0.558802 0.867426
9 0.571409 0.866731 0.575208 0.866500 0.575339 0.868213 0.571383 0.868444
1 0.572708 0.873102 0.573672 0.873750 0.576016 0.876435 0.576042 0.878380 0.572995 0.875093 0.571641 0.874306
1 0.536078 0.866727 0.537591 0.876176 0.542474 0.876759 0.543359 0.875602 0.542682 0.873889 0.541250 0.875139 0.540755 0.873750 0.538542 0.874167 0.536536 0.866806 0.536510 0.864583 0.535625 0.862037 0.535937 0.861574 0.536771 0.863426 0.538255 0.863750 0.538099 0.862500 0.536120 0.859861 0.535339 0.859861 0.534661 0.861296 0.535443 0.866713
1 0.551349 0.862616 0.552859 0.862056 0.556557 0.858352 0.557469 0.859741 0.553719 0.863403 0.552469 0.864097
2 0.547812 0.840324 0.548589 0.840949 0.560385 0.855718 0.560477 0.856403 0.562529 0.859190 0.564448 0.861088 0.565409 0.862954 0.566492 0.864560 0.566193 0.866319 0.565411 0.867014 0.560880 0.861824 0.554656 0.853491 0.547755 0.844653
2 0.559479 0.874028 0.560339 0.871713 0.561432 0.871620 0.565495 0.870509 0.570625 0.869954 0.573750 0.870231 0.572708 0.873102 0.571641 0.874306 0.566979 0.874444 0.566693 0.875741 0.563542 0.876343 0.562109 0.877639
1 0.607174 0.906875 0.608917 0.907495 0.611354 0.919940 0.610602 0.919884 0.609487 0.915065 0.607799 0.916671 0.607734 0.914907 0.608883 0.913565 0.608643 0.910940 0.608099 0.908264 0.607227 0.908153
8 0.612057 0.895694 0.613945 0.896102 0.614398 0.897815 0.613945 0.899690 0.611234 0.900764
1 0.614875 0.887880 0.617016 0.888792 0.619578 0.891468 0.622198 0.894944 0.623253 0.900949 0.623555 0.908023 0.622922 0.917394 0.621414 0.923977 0.620000 0.929500 0.617979 0.934162 0.615901 0.934477 0.618070 0.929333 0.620422 0.922907 0.621536 0.916593 0.622318 0.910588 0.622349 0.904273 0.621508 0.896083 0.619763 0.893579 0.617318 0.891125 0.614451 0.889551
1 0.580086 0.926130 0.582143 0.924912 0.584758 0.923236 0.585990 0.922454 0.587500 0.922685 0.591536 0.943009 0.590339 0.943194 0.586901 0.925417 0.580443 0.927917
2 0.580443 0.927917 0.585065 0.926171 0.585169 0.928301 0.581393 0.930153 0.580221 0.929458
9 0.588971 0.930199 0.590742 0.929319 0.590742 0.927884 0.589701 0.926681 0.589596 0.925384 0.590143 0.923856 0.591133 0.923301 0.592096 0.924736 0.592122 0.926495 0.591914 0.928023 0.594857 0.925662 0.595820 0.925755 0.595846 0.927051 0.589466 0.932421
9 0.586430 0.911583 0.590482 0.913671 0.590247 0.910801 0.589023 0.907977 0.588112 0.907606 0.586279 0.908366 0.586221 0.910222
1 0.600938 0.920648 0.600885 0.922176 0.601745 0.922037 0.602956 0.921005 0.602891 0.919537
1 0.584745 0.938343 0.589432 0.943481 0.587948 0.943852 0.584927 0.940519 0.584615 0.939685
1 0.563885 0.920287 0.567557 0.921167 0.569406 0.921167 0.570995 0.922139 0.575344 0.926907 0.573885 0.927417 0.570161 0.922972 0.568859 0.922509 0.568234 0.922880 0.563286 0.921769 0.563156 0.920843
1 0.551073 0.922463 0.575917 0.914593 0.576490 0.916028 0.563885 0.920287 0.563156 0.920843 0.553104 0.923713
2 0.525958 0.881852 0.521654 0.884852 0.519599 0.884810 0.523130 0.894657 0.527891 0.890319 0.539521 0.885764 0.541029 0.882764
1 0.524714 0.893259 0.527906 0.900704 0.528901 0.901023 0.532878 0.899259 0.536042 0.898241 0.537578 0.897593 0.539656 0.896528 0.542008 0.896903 0.543424 0.898079 0.544146 0.899954 0.543604 0.901884 0.542398 0.899148 0.541195 0.898403 0.539055 0.898454 0.536102 0.899898 0.530888 0.902472 0.527875 0.904509 0.526490 0.904079 0.523130 0.894657
1 0.536102 0.899898 0.535424 0.912278 0.536570 0.913620 0.537474 0.901407 0.537562 0.899208
8 0.526490 0.904079 0.527875 0.904509 0.535424 0.912278 0.536570 0.913620 0.528349 0.909231
1 0.537578 0.897593 0.536086 0.891495 0.534883 0.892083 0.536042 0.898241
1 0.534115 0.887847 0.545081 0.896634 0.544794 0.897667 0.543875 0.897597 0.537849 0.892778 0.536086 0.891495 0.532698 0.888435
1 0.527891 0.890319 0.530031 0.895407 0.535424 0.898458 0.533888 0.898889 0.531174 0.897065 0.532169 0.899532 0.530060 0.900602 0.527891 0.896639 0.526052 0.896370 0.524714 0.893259
1 0.530888 0.902472 0.532503 0.903870 0.532141 0.905958 0.532531 0.909389 0.533495 0.910352 0.533766 0.909120 0.533195 0.905532 0.534521 0.904032 0.535937 0.902745 0.536102 0.899898
1 0.537474 0.901407 0.537562 0.899208 0.539055 0.898454 0.540547 0.898995 0.541208 0.900921 0.541089 0.902477 0.540456 0.904458 0.539070 0.905583 0.537714 0.905583 0.537685 0.904352 0.538708 0.903977 0.539401 0.903657 0.540185 0.902421 0.540276 0.901083 0.539612 0.900171 0.538589 0.900065
9 0.543026 0.893731 0.545682 0.888824 0.546177 0.889750 0.543469 0.894704
2 0.544984 0.869102 0.544594 0.873593 0.545891 0.877347 0.548440 0.884102 0.548750 0.878977
2 0.553833 0.900347 0.556018 0.896759 0.560818 0.890231 0.562109 0.892023 0.556904 0.902565 0.555211 0.902495 0.554042 0.905866 0.553073 0.904144 0.553187 0.901995
1 0.554844 0.898704 0.556018 0.896759 0.557122 0.895296 0.556773 0.889657 0.557646 0.888477 0.556844 0.887366 0.555622 0.888852 0.554995 0.894431
1 0.467049 0.818727 0.480013 0.817468 0.480495 0.815972 0.471508 0.816639
1 0.474120 0.819056 0.476385 0.821648 0.477896 0.824287 0.477474 0.825463 0.475969 0.822713 0.473549 0.820259
2 0.407849 0.518866 0.409635 0.519491 0.408229 0.508750 0.408641 0.506815 0.408521 0.503227 0.408542 0.500556 0.408464 0.498611 0.408073 0.496713 0.407344 0.495417 0.406250 0.495231
9 0.445542 0.641106 0.445047 0.642495 0.445464 0.645458 0.447755 0.645366 0.448094 0.643792 0.446870 0.640782
2 0.480201 0.617903 0.480680 0.618523 0.482339 0.618491 0.483513 0.610935 0.482187 0.610560
2 0.587195 0.777801 0.596404 0.795792 0.598831 0.794505 0.599813 0.799380 0.599938 0.802685 0.599555 0.803977 0.598073 0.803921 0.596727 0.814861 0.594901 0.816361 0.594003 0.815634 0.595719 0.804199 0.589724 0.811616 0.589167 0.810278 0.588880 0.807593 0.588591 0.804306 0.588055 0.803407 0.589693 0.797861 0.594328 0.796685 0.586068 0.780991
9 0.575154 0.779690 0.576586 0.785894 0.577393 0.786773 0.578513 0.785755 0.578695 0.784509 0.578487 0.784088 0.577836 0.784088 0.577107 0.781731 0.577758 0.781125 0.577419 0.779458
9 0.584029 0.799454 0.585076 0.800324 0.585570 0.802565 0.584969 0.804088 0.584010 0.803565 0.583568 0.802407 0.583568 0.800509
1 0.567370 0.768194 0.567187 0.769491 0.567839 0.770185 0.578255 0.774861 0.577474 0.772361
1 0.579201 0.773824 0.583362 0.775449 0.583362 0.775449 0.587195 0.777801 0.586667 0.779259 0.584635 0.777778 0.579714 0.775324
2 0.569844 0.776667 0.570885 0.780139 0.571268 0.782657 0.573674 0.783773 0.575766 0.787370 0.576568 0.790838 0.575911 0.791574 0.577370 0.793505 0.580646 0.793815 0.581937 0.796787 0.584029 0.799454 0.585076 0.800324 0.585570 0.802565 0.584969 0.804088 0.586221 0.805199 0.588055 0.803407 0.588279 0.802565 0.587263 0.801171 0.587237 0.799366 0.586245 0.799458 0.581766 0.791125 0.578747 0.786264 0.577393 0.786773 0.576586 0.785894 0.575154 0.779690 0.574398 0.775991
9 0.589167 0.810278 0.589724 0.811616 0.590052 0.813241 0.591172 0.813611 0.593021 0.816250 0.594167 0.818287 0.591393 0.817884 0.591992 0.821773 0.589922 0.817407 0.588880 0.812778 0.588594 0.810833
9 0.571297 0.793042 0.572940 0.794713 0.573641 0.796144 0.573299 0.797347 0.572362 0.797671 0.571060 0.796653
9 0.571268 0.782657 0.571667 0.785278 0.571667 0.785278 0.573516 0.788056 0.573776 0.786806 0.573568 0.784815 0.572839 0.784352 0.572891 0.783426
