0 0.038693 0.722310 0.021953 0.725245 0.016766 0.741593 0.013229 0.751653 0.010401 0.758356 0.011578 0.763384 0.015352 0.770093 0.016766 0.775120 0.018888 0.788537 0.026669 0.767579 0.038456 0.766319 0.045057 0.766319 0.042935 0.769255 0.042935 0.777218 0.045529 0.783926 0.043172 0.788954 0.035628 0.793565 0.031620 0.802366 0.020539 0.830870 0.015586 0.843023 0.015352 0.850986 0.016766 0.858532 0.022424 0.863981 0.025724 0.872782 0.027375 0.879491 0.030911 0.881583 0.037042 0.881583 0.044823 0.879491 0.046708 0.874458 0.044352 0.863560 0.043172 0.848889 0.045766 0.842185 0.056609 0.821648 0.057318 0.811588 0.059440 0.806977 0.062977 0.806977 0.069107 0.809912 0.072878 0.812847 0.074294 0.830449 0.078302 0.863981 0.075237 0.873620 0.069107 0.883259 0.067927 0.887032 0.068870 0.892481 0.072643 0.897931 0.079951 0.902542 0.082781 0.905056 0.083724 0.908407 0.091505 0.904639 0.100935 0.901704 0.102820 0.904639 0.104471 0.902120 0.104706 0.899190 0.108716 0.890384 0.112487 0.885356 0.114372 0.879491 0.115081 0.871944 0.110836 0.866912 0.100227 0.857694 0.095513 0.819551 0.092919 0.806977 0.098341 0.799852 0.101643 0.794824 0.128047 0.817454 0.129935 0.827514 0.130406 0.837574 0.131349 0.845120 0.134177 0.848472 0.137479 0.848472 0.141721 0.846375 0.147617 0.841347 0.149266 0.836736 0.149266 0.830449 0.151625 0.820810 0.154219 0.815361 0.155633 0.807815 0.154924 0.801949 0.149266 0.791468 0.148089 0.776801 0.141721 0.782250 0.122391 0.763384 0.107536 0.761708 0.106828 0.747042 0.109659 0.740333 0.110365 0.746204 0.116023 0.743685 0.119797 0.738657 0.133471 0.731111 0.146674 0.743685 0.145966 0.735306 0.143372 0.719375 0.111307 0.708898 0.097870 0.717699 0.095984 0.722310 0.061326 0.740333 0.046237 0.731949
8 0.487576 0.763806 0.487133 0.765935 0.487003 0.768616 0.487497 0.772231 0.488565 0.774685 0.489711 0.776306 0.491924 0.778713 0.495727 0.780102 0.498956 0.779639 0.508122 0.775056 0.507914 0.773477 0.506846 0.772088 0.504086 0.774269 0.500727 0.776074 0.498070 0.776861 0.494919 0.776861 0.492732 0.775843 0.490674 0.774222 0.489529 0.771954 0.488385 0.768333 0.488721 0.765606
8 0.516633 0.625676 0.521190 0.625676 0.521841 0.626648 0.521865 0.627898 0.516763 0.627898
8 0.488307 0.610093 0.495896 0.615361 0.495844 0.618417 0.492745 0.615639 0.488161 0.612954
8 0.481354 0.609444 0.482005 0.610324 0.486484 0.612176 0.486719 0.609167 0.483880 0.608380
8 0.566667 0.789167 0.564146 0.789819 0.563964 0.791912 0.564779 0.792606 0.566164 0.792019
8 0.477760 0.607037 0.475365 0.606481 0.471945 0.605986 0.471997 0.607884 0.472518 0.608625 0.475148 0.608625
8 0.461841 0.403111 0.435099 0.418745 0.434656 0.419819 0.435299 0.423046 0.461146 0.406852
8 0.467568 0.399435 0.488625 0.386606 0.489461 0.387287 0.489669 0.388838 0.489391 0.390139 0.466799 0.403588
8 0.513906 0.379491 0.513099 0.375093 0.511328 0.376481 0.512656 0.383519
8 0.514307 0.382616 0.515297 0.388634 0.514151 0.391227 0.513214 0.386273
8 0.515656 0.390213 0.516589 0.395889 0.516378 0.396963 0.515805 0.397120 0.515083 0.396532 0.514688 0.393426
8 0.507891 0.352500 0.508612 0.353333 0.511997 0.370370 0.510435 0.371343 0.507102 0.353750
8 0.546013 0.496903 0.553148 0.479264 0.553799 0.479449 0.554164 0.480421 0.554086 0.482088 0.547081 0.499449
8 0.549076 0.630181 0.557904 0.649088 0.557815 0.651176 0.556490 0.651282 0.547750 0.631519
8 0.557755 0.624875 0.559081 0.633500 0.559260 0.636981 0.559865 0.640625 0.558599 0.641000 0.557604 0.639394 0.556188 0.626806
8 0.558844 0.544361 0.557786 0.546921 0.557943 0.549931 0.560198 0.558852
8 0.558359 0.536551 0.558021 0.540162 0.556615 0.542963 0.556068 0.536250 0.557187 0.535509 0.557969 0.535648
8 0.542109 0.673440 0.536479 0.667000 0.533737 0.664375 0.533917 0.662981 0.534701 0.662556 0.544221 0.673213
8 0.544036 0.675741 0.548380 0.682532 0.549375 0.682000 0.549375 0.680125 0.545909 0.675569
8 0.550201 0.661532 0.566078 0.659333 0.569003 0.658852 0.584255 0.656519 0.584984 0.657255 0.585034 0.659111 0.565583 0.662069 0.550424 0.664435 0.549878 0.663000
8 0.581500 0.659704 0.589052 0.690213 0.592310 0.702782 0.591294 0.705745 0.590122 0.703384 0.583177 0.673287 0.579289 0.659958
8 0.572987 0.658236 0.577128 0.652028 0.578091 0.652449 0.578638 0.653606 0.578464 0.655370 0.576146 0.657731
2 0.491568 0.652565 0.491594 0.648213 0.492607 0.642736 0.495240 0.646454 0.495500 0.651917 0.495943 0.652843 0.498312 0.652241 0.499276 0.652704 0.499667 0.653352 0.499693 0.654278 0.495578 0.654463 0.495708 0.659139 0.494589 0.658815 0.494354 0.648630 0.493729 0.648352 0.492922 0.649185 0.492740 0.652889
1 0.517906 0.692579 0.507823 0.710764 0.506919 0.709532 0.516802 0.691481
1 0.519997 0.688366 0.523401 0.683069 0.522979 0.681944 0.519154 0.687514
1 0.495904 0.692236 0.514185 0.692977 0.514341 0.695292 0.495799 0.694644
2 0.490799 0.705384 0.490872 0.707514 0.489018 0.712176 0.486242 0.711773 0.486164 0.707931 0.486555 0.705014
2 0.492232 0.705477 0.492203 0.708162 0.493378 0.711958 0.498211 0.711514 0.495617 0.705431
2 0.497096 0.705245 0.500026 0.711667 0.510052 0.712037 0.510201 0.710856 0.509711 0.710162 0.509349 0.708824 0.512214 0.704954 0.510990 0.705000 0.507823 0.710764 0.506919 0.709532 0.509505 0.704861
2 0.514367 0.705014 0.510747 0.710116 0.511294 0.710208 0.512076 0.711458 0.525773 0.711403 0.525565 0.704782
2 0.530453 0.704722 0.530552 0.705921 0.533229 0.711481 0.537823 0.711111 0.539359 0.708426 0.537526 0.705463 0.536807 0.704491
2 0.561185 0.643194 0.563424 0.640648 0.565143 0.639769 0.567201 0.639676 0.567187 0.636898 0.559818 0.637454 0.560052 0.643056
1 0.580992 0.562741 0.581745 0.587056 0.582318 0.588986 0.582708 0.588343 0.581805 0.562148
1 0.498297 0.351162 0.491578 0.374912 0.490172 0.377227 0.487464 0.384032 0.488141 0.384634 0.490667 0.377829 0.492151 0.376347 0.492333 0.374079 0.498896 0.351532
1 0.499828 0.351514 0.501964 0.357995 0.503005 0.359801 0.502823 0.361236 0.500974 0.357671 0.499307 0.352162
2 0.478456 0.396579 0.475513 0.403569 0.474784 0.405005 0.473560 0.406162 0.473117 0.407597 0.473013 0.409356 0.473195 0.411116 0.474081 0.410931 0.474029 0.409495 0.474549 0.408292 0.475539 0.406718 0.476242 0.406579 0.476268 0.413477 0.476424 0.416394 0.476815 0.416208 0.476815 0.411023 0.476971 0.406162 0.477492 0.406394 0.478169 0.408940 0.478273 0.413847 0.478690 0.415838 0.479445 0.415468 0.479732 0.414310 0.480669 0.413431 0.480148 0.410745 0.480487 0.405838 0.479576 0.404171 0.480721 0.399681 0.480565 0.397921 0.481633 0.394773
2 0.541724 0.431759 0.540911 0.433042 0.538385 0.438148 0.537958 0.445310 0.538125 0.449444 0.538854 0.450185 0.536745 0.456481 0.541664 0.468074 0.542659 0.466093 0.545159 0.463417 0.544680 0.460995 0.543664 0.461134 0.543352 0.458958 0.542987 0.458032 0.543065 0.456458 0.542312 0.452616 0.543299 0.451412 0.542779 0.448037 0.541870 0.446736 0.541320 0.445625 0.540776 0.437569 0.541398 0.437199 0.542104 0.433125
2 0.529727 0.440903 0.532995 0.448241 0.536771 0.448009 0.537969 0.446898 0.537958 0.445310 0.538151 0.441806 0.532604 0.441435 0.531849 0.439769 0.532266 0.436898 0.533594 0.433102 0.533307 0.432083 0.533359 0.430602 0.534115 0.429769 0.534167 0.428796 0.533307 0.428426 0.531875 0.429583 0.531458 0.432269 0.530859 0.433148
2 0.520336 0.464764 0.520974 0.464375 0.523029 0.464935 0.523971 0.464440 0.524562 0.465491 0.525495 0.468796 0.525000 0.477963
2 0.534099 0.414917 0.534911 0.414380 0.535815 0.414380 0.536539 0.415023 0.543107 0.420968 0.546602 0.421718 0.546935 0.429755 0.545820 0.432810 0.543529 0.435806 0.541813 0.436449 0.541596 0.435972 0.542104 0.433125 0.541724 0.431759 0.540911 0.433042
2 0.533594 0.433102 0.532266 0.436898 0.531849 0.439769 0.532604 0.441435 0.538151 0.441806 0.538385 0.438148 0.535130 0.428241
2 0.541664 0.468074 0.542659 0.466093 0.545159 0.463417 0.544680 0.460995 0.543664 0.461134 0.543352 0.458958 0.542987 0.458032 0.543065 0.456458 0.542312 0.452616 0.543299 0.451412 0.550112 0.468931 0.542240 0.474907 0.543490 0.472361
2 0.548609 0.476981 0.540789 0.483005 0.546013 0.496903 0.547724 0.489806
2 0.535016 0.487537 0.539661 0.483935 0.544495 0.496657 0.542516 0.497074 0.540406 0.492954 0.538245 0.496194 0.538687 0.500407 0.538115 0.501380 0.537188 0.501759 0.535510 0.496796
2 0.564253 0.499949 0.561052 0.502204 0.565547 0.519028 0.566016 0.517639 0.567682 0.517269 0.567656 0.514907
2 0.556302 0.475602 0.558284 0.470551 0.557760 0.468565 0.558156 0.465963 0.558805 0.464481 0.558143 0.463657 0.558508 0.462361 0.559016 0.461750 0.559742 0.461657 0.560034 0.462681 0.562063 0.463046 0.562557 0.464806 0.565732 0.467769 0.566180 0.469662 0.565552 0.471981 0.563312 0.472769 0.563052 0.474065 0.563391 0.474620 0.559432 0.484162
2 0.559432 0.484162 0.560534 0.484778 0.561339 0.486542 0.561810 0.490611 0.563966 0.496431 0.564253 0.499949 0.565271 0.504412 0.565482 0.501634 0.562617 0.477560 0.562161 0.477593
2 0.549896 0.510602 0.550789 0.513102 0.551180 0.516019 0.543880 0.517685 0.543568 0.515185
2 0.551128 0.510000 0.560417 0.507917 0.561693 0.513333 0.553047 0.515046
17 0.540703 0.545671 0.553620 0.546134 0.555885 0.544468 0.558021 0.540162 0.558359 0.536551 0.562526 0.525579 0.564089 0.526829 0.564193 0.528403 0.560469 0.538079 0.559766 0.542060 0.557786 0.546921 0.557943 0.549931 0.562128 0.566208 0.561294 0.568014 0.560305 0.568755 0.560029 0.571398 0.558768 0.564773 0.554810 0.552782 0.553872 0.551625 0.539896 0.548889
1 0.575937 0.525602 0.574036 0.531204 0.572430 0.535458 0.571948 0.537065 0.570594 0.537009 0.570841 0.538769 0.571518 0.538074 0.572792 0.537333 0.576570 0.526454
1 0.567891 0.548144 0.565937 0.553606 0.565547 0.555597 0.565260 0.557032 0.564294 0.559023 0.563411 0.559162 0.562966 0.560458 0.563464 0.562310 0.562602 0.563097 0.562292 0.564718 0.562128 0.566208 0.561294 0.568014 0.560305 0.568755 0.560029 0.571398 0.559125 0.575042 0.558633 0.576315 0.556758 0.580481 0.554740 0.588884 0.555208 0.590366 0.556432 0.585181 0.557279 0.583306 0.558997 0.577472 0.559951 0.576069 0.561036 0.571810 0.561198 0.569718 0.562500 0.567449 0.563047 0.564810 0.564505 0.561801 0.564164 0.560875 0.565440 0.559486 0.565961 0.558236 0.566198 0.555319 0.568385 0.548884
17 0.562500 0.567449 0.563203 0.569769 0.561823 0.571759 0.561036 0.571810 0.561198 0.569718
1 0.495727 0.780102 0.495781 0.781481 0.497292 0.781157 0.498906 0.782546 0.501094 0.784120 0.504453 0.785185 0.505807 0.783657 0.502865 0.783102 0.498932 0.780741 0.497422 0.779907
2 0.490674 0.763069 0.495917 0.750060 0.496719 0.751806 0.496096 0.753588 0.497966 0.755731 0.498297 0.755088 0.498990 0.756269 0.493477 0.768380
2 0.545000 0.535037 0.542281 0.536713 0.538445 0.541051 0.530672 0.547806 0.519547 0.557597 0.519599 0.558894 0.520823 0.560194 0.539732 0.543759 0.545174 0.538713 0.546060 0.537231
2 0.531581 0.569889 0.531711 0.572435 0.532419 0.582310 0.534680 0.580014 0.534427 0.574583 0.534195 0.571458 0.534315 0.565815 0.532661 0.565889 0.531331 0.566602
3 0.535214 0.587755 0.516674 0.609833 0.522977 0.627560 0.524932 0.627139 0.525112 0.633667 0.528969 0.644597 0.529464 0.648505 0.528917 0.651639 0.529943 0.653782 0.532174 0.650884 0.534313 0.645801 0.543221 0.635843 0.542284 0.632889 0.550279 0.623787 0.555823 0.616718 0.559622 0.611764 0.560307 0.609509 0.560448 0.606412 0.560167 0.603125 0.555208 0.590366 0.554740 0.588884 0.551049 0.577722 0.548458 0.574829 0.546979 0.573921 0.545102 0.574569 0.543909 0.576088 0.542268 0.578218
1 0.551979 0.689681 0.555495 0.690190 0.561979 0.691486 0.565990 0.691903 0.568255 0.690792 0.569240 0.691009 0.570000 0.691486 0.569844 0.693014 0.568438 0.692644 0.565234 0.693477 0.559505 0.692366 0.551875 0.691301
1 0.547763 0.666565 0.551641 0.670926 0.552891 0.672361 0.554169 0.672306 0.548622 0.666333
2 0.477771 0.744875 0.479211 0.748144 0.480773 0.751292 0.487576 0.763806 0.488721 0.765606 0.490729 0.769917 0.491497 0.770597 0.491880 0.771773 0.494919 0.776861 0.498070 0.776861 0.489633 0.761208 0.488773 0.759454 0.479271 0.741157 0.478328 0.742644
2 0.478523 0.776634 0.490760 0.800685 0.499685 0.806444 0.499336 0.796593 0.511888 0.782644 0.513042 0.784116 0.513279 0.785833 0.515779 0.791944 0.516846 0.791708 0.517755 0.789347 0.517940 0.787593 0.510430 0.773106 0.509414 0.770699 0.495049 0.739722 0.494164 0.739486 0.493250 0.740227 0.492469 0.742634 0.492836 0.744162 0.495917 0.750060 0.496719 0.751806 0.498297 0.755088 0.498990 0.756269 0.506846 0.772088 0.507914 0.773477 0.508122 0.775056 0.509760 0.778884 0.505807 0.783657 0.504453 0.785185 0.499026 0.790468 0.498906 0.782546 0.497292 0.781157 0.495781 0.781481 0.496039 0.793431 0.492784 0.797222 0.480055 0.771500 0.478904 0.772120 0.478034 0.774352
1 0.478698 0.707963 0.488464 0.714815 0.488130 0.716477 0.478672 0.709907
3 0.453659 0.701625 0.452669 0.703755 0.453099 0.715167 0.454792 0.720537 0.456458 0.723824 0.460419 0.738167 0.458805 0.740898 0.452372 0.740435 0.447242 0.740481 0.446018 0.739556 0.444586 0.740111 0.446305 0.745898 0.449534 0.744694 0.458909 0.743676 0.460341 0.746500 0.457773 0.759463 0.459414 0.759926 0.461081 0.760991 0.461966 0.763028 0.462659 0.768431 0.463180 0.773106 0.464508 0.774866 0.466070 0.774866 0.467372 0.776301 0.468701 0.776301 0.466792 0.770949 0.467195 0.769157 0.468930 0.767079 0.463727 0.764356 0.463023 0.762134 0.463049 0.759171 0.464430 0.748153 0.471734 0.757620 0.473789 0.761338 0.475143 0.763792 0.477747 0.765458 0.483477 0.764856 0.484049 0.762681 0.483451 0.760597 0.482096 0.760412 0.480091 0.760319 0.477500 0.757968 0.476208 0.757037 0.474258 0.756199 0.473034 0.753745 0.465534 0.744810 0.465357 0.746046 0.464122 0.745296 0.464003 0.740852 0.464648 0.736523 0.462018 0.736106 0.459023 0.726245 0.458607 0.721616 0.457581 0.716444 0.457164 0.713944 0.456992 0.710690 0.456133 0.706199 0.455352 0.703005 0.454544 0.701616
1 0.447404 0.689690 0.448367 0.690106 0.448576 0.688995 0.450099 0.689991 0.463539 0.699282 0.469818 0.703819 0.471719 0.705394 0.475081 0.707551 0.475211 0.705838 0.472682 0.703819 0.470677 0.702569 0.463258 0.697088 0.451878 0.689681 0.448857 0.687458 0.448310 0.686255 0.447529 0.687273
1 0.476234 0.708190 0.477370 0.708843 0.477422 0.706852 0.476406 0.706528
1 0.489979 0.715852 0.504120 0.725852 0.504693 0.726870 0.504536 0.728213 0.503547 0.730667 0.502398 0.730296 0.503440 0.728167 0.503391 0.727194 0.489536 0.717472
2 0.491974 0.719194 0.494688 0.727593 0.499188 0.729273 0.496841 0.722620
2 0.496281 0.732356 0.498073 0.738009 0.501432 0.737315 0.501461 0.736329 0.500315 0.735958 0.500133 0.734569 0.500914 0.733597
2 0.499792 0.743426 0.508789 0.769435 0.511341 0.767537 0.510375 0.763699 0.503464 0.742639
1 0.540784 0.759653 0.540633 0.757403 0.542622 0.753866 0.544099 0.751134 0.554211 0.740273 0.556555 0.738838 0.559680 0.734532 0.561797 0.732037 0.563307 0.730880 0.566758 0.726903 0.572331 0.721116 0.577148 0.716861 0.579232 0.715097 0.582187 0.712222 0.585352 0.709083 0.588974 0.707417 0.591549 0.708481 0.594180 0.717829 0.593555 0.721167 0.577367 0.754162 0.576284 0.756144 0.560461 0.788065 0.558445 0.789861 0.556385 0.791796 0.539203 0.806926 0.537190 0.806713 0.534482 0.805185 0.532893 0.802824 0.532164 0.800417 0.533880 0.798236 0.535211 0.802639 0.535940 0.803699 0.536982 0.803889 0.538362 0.803889 0.552164 0.791894 0.559005 0.785500 0.575076 0.753949 0.576253 0.752125 0.586755 0.731204 0.592109 0.720051 0.592760 0.717319 0.591354 0.711583 0.589372 0.710421 0.587266 0.710699 0.582044 0.716204 0.579336 0.718338 0.568776 0.727968 0.564771 0.732310 0.563203 0.733981 0.560677 0.736995 0.559375 0.737134 0.559482 0.738157 0.554737 0.743616 0.552914 0.743616 0.553357 0.745009 0.544453 0.753986 0.544089 0.755931 0.542839 0.757602 0.542711 0.759727
1 0.534154 0.770722 0.532846 0.774204 0.528133 0.780829 0.527318 0.784361 0.527318 0.787685 0.529849 0.794218 0.531477 0.792398 0.529128 0.786292 0.529128 0.784097 0.529880 0.782060 0.534581 0.773866 0.536690 0.768185 0.536570 0.766042
1 0.509195 0.785606 0.510888 0.785977 0.513279 0.785833 0.513042 0.784116 0.510758 0.783847
1 0.515758 0.783384 0.518776 0.782917 0.518359 0.785417 0.516773 0.785329
2 0.452794 0.748454 0.447500 0.749769 0.448083 0.751829 0.447070 0.752204 0.458125 0.757778 0.459661 0.749954 0.452656 0.746574
2 0.475143 0.763792 0.473789 0.761338 0.471734 0.757620 0.464430 0.748153 0.463049 0.759171 0.463023 0.762134 0.463727 0.764356 0.466268 0.765699
1 0.468469 0.702889 0.468646 0.705162 0.468802 0.709005 0.468935 0.716083 0.468469 0.716593 0.468023 0.716130 0.467813 0.709514 0.467656 0.705810 0.467583 0.702194
1 0.466766 0.682616 0.468620 0.701019 0.467365 0.700116 0.465698 0.681829
1 0.572500 0.687954 0.577443 0.692509 0.577021 0.693741 0.575935 0.693634 0.571898 0.689722
2 0.570102 0.672514 0.571401 0.672037 0.572062 0.671125 0.571792 0.669519 0.572214 0.668287 0.574083 0.666731 0.575557 0.666037 0.576583 0.664481 0.577969 0.663944 0.578362 0.665181 0.577909 0.666306 0.577789 0.668662 0.578904 0.668875 0.579294 0.667426 0.580531 0.666519 0.580680 0.670269 0.580409 0.672463 0.579445 0.674125 0.571763 0.684782 0.569924 0.681889 0.569865 0.680551 0.567755 0.679856 0.567003 0.678144 0.568237 0.677282 0.567966 0.675144 0.569654 0.674713 0.569531 0.673106
2 0.557143 0.652731 0.557815 0.651176 0.560521 0.649213 0.561328 0.649491 0.564089 0.652731 0.563776 0.657778 0.560052 0.658009 0.558529 0.656153 0.558648 0.653796
2 0.567201 0.639676 0.565143 0.639769 0.563424 0.640648 0.561185 0.643194 0.558633 0.646343 0.559154 0.647963 0.560521 0.649213 0.561328 0.649491 0.562513 0.647824 0.564284 0.646991 0.565872 0.647037 0.566862 0.647593 0.567539 0.646481 0.567643 0.640370
2 0.567083 0.618102 0.566987 0.624032 0.567201 0.639676 0.567643 0.640370 0.567539 0.646481 0.566862 0.647593 0.566362 0.650282 0.566078 0.659333 0.569003 0.658852 0.568966 0.657736 0.569669 0.657505 0.569982 0.650792 0.570607 0.644588 0.570893 0.625097 0.569721 0.622921 0.567977 0.622690 0.568081 0.617968
2 0.480755 0.742824 0.481927 0.743009 0.482552 0.741481 0.498073 0.738009 0.501432 0.737315 0.503073 0.736991 0.526378 0.730819 0.527143 0.731500 0.527388 0.735653 0.521565 0.737204 0.520810 0.733083 0.519456 0.733361 0.518622 0.733917 0.518102 0.735444 0.518706 0.738875 0.517448 0.739259 0.515276 0.739653 0.512656 0.740292 0.508154 0.741046 0.506565 0.741509 0.503464 0.742639 0.499792 0.743426 0.496901 0.743796 0.495049 0.739722 0.494164 0.739486 0.493250 0.740227 0.492469 0.742634 0.492836 0.744162 0.493258 0.744949 0.488724 0.745755 0.487714 0.744829 0.487227 0.745074 0.487086 0.746500 0.482484 0.747306 0.480638 0.743773
2 0.492203 0.708162 0.495833 0.719954 0.490885 0.716481 0.490339 0.714537
15 0.525417 0.699583 0.526378 0.730819 0.527143 0.731500 0.527352 0.734912 0.532742 0.733472 0.532656 0.729352 0.531406 0.712269
15 0.529016 0.685782 0.530552 0.705921 0.524953 0.695736 0.524875 0.691472
2 0.570154 0.583866 0.570755 0.589028 0.570937 0.593981 0.570964 0.598009 0.572240 0.600093 0.573698 0.600278 0.574479 0.598426 0.574948 0.592593 0.573307 0.585185 0.571432 0.579954
2 0.568370 0.575694 0.570805 0.575579 0.569089 0.580509
2 0.567589 0.572037 0.571221 0.572153 0.571313 0.570694 0.570427 0.567917 0.570297 0.565417 0.568760 0.558935 0.566677 0.560185 0.565495 0.563009
2 0.560469 0.538079 0.563320 0.544065 0.564648 0.543648 0.566680 0.538787 0.563164 0.531102
1 0.533060 0.385292 0.531945 0.386597 0.531563 0.399861 0.531247 0.406986 0.531281 0.410519 0.530828 0.412500 0.529393 0.413889 0.526557 0.416806 0.524854 0.418259 0.526122 0.418264 0.531456 0.413245 0.532115 0.409273 0.532536 0.388394
1 0.498297 0.351162 0.495339 0.353102 0.491172 0.354907 0.489401 0.355139 0.488073 0.356528 0.487526 0.358981 0.487943 0.360926 0.489115 0.361620 0.489896 0.361019 0.494297 0.365278 0.494505 0.364491 0.490156 0.359861 0.489401 0.360324 0.488698 0.359769 0.488672 0.358704 0.489219 0.357130 0.490703 0.356528 0.493177 0.355463 0.497812 0.352917
2 0.556232 0.523333 0.556518 0.524861 0.556076 0.526111 0.555292 0.525972 0.559167 0.534444 0.561823 0.527407 0.555911 0.514907 0.555234 0.515185 0.553880 0.517130
2 0.551180 0.516019 0.555292 0.525972 0.556615 0.542963 0.555885 0.544468 0.553620 0.546134 0.551172 0.546111 0.550130 0.516250
2 0.553047 0.515046 0.553880 0.517130 0.554583 0.516111 0.554453 0.514769
2 0.547333 0.402921 0.533932 0.412685 0.536539 0.412292 0.543651 0.416417 0.544854 0.418292 0.546180 0.418829 0.547174 0.420486 0.547867 0.429810 0.546391 0.433611 0.543018 0.439505 0.546617 0.449509 0.550130 0.449583 0.548031 0.439750 0.548031 0.437741 0.549240 0.434727 0.549846 0.429278 0.549120 0.411708
2 0.534414 0.409296 0.546557 0.400389 0.546091 0.398782 0.543755 0.397847 0.539073 0.397778 0.535888 0.398495
2 0.537635 0.384986 0.535888 0.398495 0.539073 0.397778 0.538346 0.381597
2 0.534844 0.390588 0.535438 0.385264 0.538333 0.372301 0.537786 0.354755 0.534427 0.354940 0.534010 0.356051
1 0.503974 0.352194 0.501833 0.368963 0.502526 0.368639 0.504667 0.351875
1 0.495130 0.364630 0.500922 0.370634 0.500453 0.371653 0.499146 0.370032 0.494766 0.365741
2 0.532724 0.387227 0.532536 0.388394 0.532318 0.399352 0.533724 0.398565 0.534677 0.392014
2 0.511227 0.355454 0.512013 0.358028 0.516953 0.366759 0.531615 0.397731 0.531945 0.386597 0.532380 0.386046 0.515234 0.352514
2 0.481633 0.394773 0.480565 0.397921 0.480721 0.399681 0.479576 0.404171 0.480487 0.405838 0.481404 0.406056 0.481195 0.409528 0.481195 0.412440 0.481508 0.415417 0.483755 0.414838 0.493182 0.411088 0.493521 0.412708 0.492633 0.414329 0.483729 0.417199 0.483260 0.418690 0.484068 0.420403 0.485518 0.422977 0.487854 0.426509 0.488969 0.426139 0.494372 0.415042 0.496151 0.413185 0.497057 0.413245 0.498661 0.410394 0.498625 0.408537 0.486495 0.391926
2 0.481169 0.381574 0.480846 0.383806 0.479312 0.388329 0.472185 0.395093 0.472445 0.396435 0.484216 0.389306 0.484008 0.387778 0.484346 0.386296
2 0.488141 0.384634 0.487464 0.384032 0.490172 0.377227 0.491172 0.375616 0.489375 0.374181 0.488984 0.375880 0.487708 0.375880 0.487760 0.379815 0.486641 0.382454 0.485911 0.380602 0.482917 0.378148 0.482656 0.376806 0.482812 0.376111 0.483958 0.374861 0.483984 0.373889 0.480672 0.374569 0.481578 0.378787 0.481169 0.381574 0.484346 0.386296 0.484008 0.387778 0.485495 0.388519 0.488625 0.386606 0.489687 0.385880 0.489687 0.382269 0.490365 0.380000 0.490667 0.377829
1 0.500109 0.460718 0.518542 0.462917 0.519786 0.463324 0.520904 0.463074 0.522786 0.463449 0.523727 0.462208 0.525622 0.463657 0.527891 0.463519 0.532164 0.463944 0.532547 0.464935 0.531641 0.466051 0.527786 0.465787 0.525625 0.465880 0.524562 0.465491 0.523971 0.464440 0.523029 0.464935 0.520974 0.464375 0.519648 0.465120 0.518602 0.464375 0.500195 0.462704
3 0.517695 0.445741 0.524271 0.443611 0.526146 0.449537 0.525622 0.463657 0.523727 0.462208
3 0.528438 0.454954 0.532164 0.463944 0.527891 0.463519
3 0.527786 0.465787 0.527500 0.473148 0.530542 0.482690 0.537344 0.477824 0.532547 0.464935 0.531641 0.466051
3 0.506333 0.463306 0.518602 0.464375 0.519648 0.465120 0.520336 0.464764 0.525000 0.477963 0.524487 0.487389 0.525875 0.488060 0.526917 0.487051 0.527005 0.484361 0.530737 0.495861 0.527026 0.499375 0.526326 0.495468 0.524372 0.491810 0.522211 0.490319 0.519596 0.490009 0.512263 0.492708 0.509932 0.482528 0.509021 0.479472 0.506656 0.472056 0.507302 0.467968
3 0.512625 0.495014 0.520466 0.492431 0.521758 0.492676 0.523396 0.494287 0.524685 0.496273 0.525516 0.501310 0.518432 0.505708 0.514786 0.506542
3 0.505755 0.461343 0.518542 0.462917 0.519786 0.463324 0.514133 0.446736 0.506057 0.448074 0.504703 0.452199 0.504763 0.456324
1 0.487708 0.684731 0.490859 0.692046 0.490781 0.694685 0.486589 0.686074
1 0.492396 0.694398 0.497096 0.705245 0.500563 0.712907 0.501797 0.714782 0.503034 0.714995 0.503818 0.713065 0.504810 0.713815 0.504359 0.715907 0.503544 0.716764 0.502130 0.716870 0.500622 0.715852 0.498211 0.711514 0.492336 0.697852
1 0.420185 0.566162 0.420523 0.566116 0.421904 0.569495 0.422138 0.571903 0.422839 0.574491 0.423284 0.577792 0.422292 0.578472 0.421276 0.571806 0.420312 0.568843
6 0.473203 0.609630 0.475148 0.608625 0.477760 0.607037 0.479651 0.605986 0.480526 0.605505 0.487609 0.601310 0.489276 0.600431 0.499568 0.594671 0.500505 0.595505 0.500974 0.596894 0.500818 0.599255 0.488516 0.605667 0.486927 0.606500 0.483880 0.608380 0.481354 0.609444 0.480443 0.610046 0.480443 0.610046 0.475297 0.612634
6 0.454536 0.619648 0.458711 0.617486 0.459779 0.616884 0.463086 0.615306 0.464154 0.614704 0.471201 0.610653 0.473490 0.614120 0.471063 0.615093 0.469995 0.615463 0.464922 0.618426 0.463828 0.618981 0.461549 0.620495 0.460430 0.621097 0.457500 0.622282 0.456380 0.622606 0.455573 0.623718 0.452977 0.624421
1 0.424091 0.572699 0.424534 0.573810 0.424195 0.576125 0.423284 0.577792 0.420784 0.579685 0.420862 0.581509 0.423909 0.578852 0.424924 0.577694 0.425419 0.575477 0.425419 0.573713 0.425081 0.572556
1 0.419089 0.564468 0.418542 0.563333 0.417526 0.563380 0.416953 0.565417 0.416849 0.569074 0.417266 0.572731 0.418229 0.577361 0.419609 0.581458 0.419401 0.575370 0.418724 0.570972 0.418490 0.566111 0.419115 0.566481
1 0.514070 0.607366 0.514685 0.616977 0.515633 0.629356 0.516258 0.630653 0.517742 0.630375 0.517742 0.629125 0.516753 0.628801 0.516763 0.627898 0.516633 0.625676 0.514956 0.606579
1 0.556258 0.561009 0.541201 0.574792 0.539247 0.576366 0.534680 0.580014 0.532419 0.582310 0.530216 0.584870 0.532586 0.584435 0.540341 0.577199 0.542320 0.575486 0.557128 0.562741
1 0.510042 0.562486 0.511484 0.574213 0.511328 0.577454 0.512240 0.577731 0.512943 0.575602 0.513594 0.575278 0.514714 0.575231 0.513411 0.577500 0.511927 0.579722 0.512135 0.582407 0.512552 0.583333 0.512474 0.585185 0.514089 0.598426 0.512760 0.599074 0.511263 0.583995 0.510690 0.580940 0.509885 0.582051 0.503724 0.587222 0.503568 0.586065 0.504115 0.585046 0.509052 0.581144 0.510354 0.579894 0.510781 0.579120 0.509401 0.564028
2 0.538214 0.583773 0.532586 0.584435 0.530216 0.584870 0.525318 0.585597 0.524896 0.586505 0.525227 0.587468 0.525922 0.587685 0.525799 0.589185 0.533935 0.589292 0.535214 0.587755
2 0.521029 0.594319 0.526203 0.577759 0.527169 0.577116 0.527922 0.577653 0.528013 0.579685 0.527620 0.581722 0.526685 0.582528 0.526747 0.583653 0.527440 0.584079 0.527380 0.585259 0.525318 0.585597 0.524896 0.586505 0.525227 0.587468 0.525922 0.587685 0.525799 0.589185 0.525120 0.599185 0.518792 0.606579 0.518039 0.605560 0.519755 0.599773 0.520208 0.601329 0.521474 0.600579 0.521745 0.600042 0.522589 0.599773 0.523010 0.598435 0.522951 0.597310 0.522529 0.596560 0.520539 0.596935 0.520677 0.595833 0.521224 0.595509
2 0.517357 0.585014 0.518870 0.587931 0.519651 0.590014 0.522786 0.587917 0.522135 0.581296 0.519115 0.582870
2 0.541299 0.557644 0.540362 0.560977 0.539372 0.566532 0.539763 0.568292 0.539607 0.569264 0.538826 0.569403 0.540727 0.573384 0.541716 0.573153 0.542784 0.570977 0.544398 0.560097
6 0.431797 0.632500 0.427526 0.634491 0.427786 0.637731 0.428880 0.638287 0.433177 0.635602
1 0.423250 0.579417 0.423250 0.581269 0.423042 0.583167 0.422156 0.584139 0.421016 0.584352 0.420911 0.582778 0.421948 0.582426 0.422495 0.581824 0.422417 0.580157
2 0.494940 0.642134 0.518333 0.639472 0.520008 0.639472 0.521750 0.641579 0.522583 0.644769 0.523107 0.664477 0.521958 0.665190 0.521505 0.644926 0.520740 0.642569 0.520112 0.642014 0.520878 0.665935 0.519763 0.666616 0.519435 0.662222 0.519383 0.657778 0.519031 0.642509 0.518753 0.641639 0.496406 0.644306
2 0.523271 0.667769 0.523505 0.675454 0.522437 0.675597 0.522073 0.668833
2 0.520901 0.669528 0.521083 0.675685 0.520078 0.675880 0.519781 0.670315
2 0.505930 0.600097 0.504281 0.608894 0.503456 0.613856 0.502885 0.619611 0.504414 0.619657 0.505297 0.619838 0.506628 0.606417 0.507833 0.600324
3 0.430979 0.332880 0.433594 0.341120 0.432208 0.342903 0.446398 0.381630 0.446974 0.381148 0.448870 0.386181 0.447924 0.369079 0.449510 0.369079 0.450948 0.391218 0.453654 0.396764 0.455060 0.399681 0.456612 0.402042 0.458453 0.403162 0.461841 0.403111 0.470971 0.358991 0.472344 0.354546 0.470740 0.350801 0.469534 0.350269 0.460552 0.334537 0.459484 0.332546 0.455643 0.326218 0.453956 0.327718 0.453984 0.329491 0.462875 0.343625 0.440940 0.355787 0.432172 0.330287 0.431115 0.330875
2 0.524513 0.342870 0.525990 0.346940 0.524906 0.348440 0.523096 0.347796 0.519927 0.349718 0.521008 0.350773 0.532268 0.348292 0.532164 0.341227
2 0.533013 0.340722 0.533221 0.347944 0.536346 0.347806 0.536893 0.345954 0.536451 0.340259
1 0.463615 0.665278 0.463797 0.667731 0.464344 0.670139 0.465521 0.676852 0.463802 0.674167 0.462578 0.666528 0.463333 0.665278
2 0.554169 0.672306 0.567208 0.670898 0.572839 0.666898 0.572214 0.664306 0.573516 0.662731 0.568620 0.663102 0.553385 0.671481
2 0.453758 0.730843 0.456904 0.732769 0.458180 0.734338 0.458279 0.736088 0.457297 0.737657 0.456117 0.739056 0.454445 0.738708 0.452971 0.737134 0.452240 0.737731 0.451380 0.736806 0.448078 0.734218 0.449846 0.733167 0.450732 0.731245 0.452547 0.729676
2 0.540747 0.638440 0.544146 0.637986 0.547966 0.638287 0.549667 0.638440 0.550940 0.640250 0.551620 0.642667 0.551872 0.644931 0.551872 0.648708 0.551414 0.653380 0.550867 0.652889 0.550260 0.646292 0.548221 0.645537 0.546013 0.647347 0.543721 0.647954 0.542107 0.648102 0.541003 0.648102 0.540747 0.645384 0.540409 0.644477 0.537812 0.643495 0.537044 0.642810
8 0.498508 0.633259 0.497174 0.635060 0.500792 0.635060 0.503711 0.634384 0.508659 0.632468 0.508089 0.630778 0.506247 0.631454 0.501427 0.633259
1 0.423464 0.570394 0.420521 0.564144 0.419661 0.563634 0.419089 0.564468 0.419609 0.581458 0.421383 0.618454 0.421721 0.631782 0.422216 0.632801 0.423049 0.631597 0.422242 0.608370 0.420862 0.581509 0.420185 0.566162 0.420523 0.566116 0.421904 0.569495 0.422138 0.571903 0.422893 0.571671
3 0.425539 0.609782 0.424010 0.609847 0.424974 0.621833 0.426680 0.623662 0.431914 0.632778 0.435497 0.640843 0.436401 0.642343 0.436927 0.643056 0.443201 0.657065 0.451031 0.674153 0.453299 0.679912 0.455188 0.680106 0.458104 0.674537 0.457888 0.671370 0.454542 0.662250 0.457727 0.668009 0.459562 0.668778 0.461560 0.668394 0.465016 0.662153 0.464964 0.659370 0.459315 0.643306 0.458339 0.640644 0.456268 0.633931 0.447359 0.608394 0.441852 0.593130 0.441474 0.594759 0.440177 0.595431 0.439096 0.595241 0.438180 0.594472 0.437586 0.591782 0.438396 0.589384 0.439906 0.587560 0.438383 0.583833 0.437914 0.583139 0.435932 0.583875 0.432672 0.585352 0.431807 0.588329 0.433102 0.616264 0.426677 0.609736
1 0.520469 0.417185 0.521102 0.416917 0.521927 0.416852 0.522112 0.418259 0.521448 0.419718 0.519216 0.423389 0.515417 0.435241 0.515521 0.438296 0.516719 0.437324 0.516693 0.435287 0.519974 0.424769 0.522292 0.420509 0.522711 0.418764 0.522552 0.416019 0.521690 0.415426 0.520648 0.416074
2 0.547081 0.499449 0.548880 0.504120 0.550729 0.502870 0.554792 0.489722 0.551693 0.488148
2 0.546534 0.501532 0.544737 0.506764 0.547865 0.504861
1 0.518646 0.428889 0.523417 0.440773 0.523938 0.441699 0.523911 0.442676 0.526146 0.449537 0.528438 0.454954 0.532164 0.463944 0.532547 0.464935 0.545440 0.499218 0.546534 0.501532 0.547865 0.504861 0.550789 0.513102 0.551180 0.516019 0.555292 0.525972 0.556076 0.526111 0.556518 0.524861 0.556232 0.523333 0.548880 0.504120 0.547081 0.499449 0.546013 0.496903 0.534917 0.467412 0.519229 0.427222
6 0.519974 0.424769 0.522292 0.420509 0.528164 0.436995 0.529727 0.440903 0.536297 0.455681 0.535094 0.457986 0.535094 0.459431 0.534026 0.460764 0.527438 0.445144
1 0.534026 0.460764 0.535094 0.459431 0.535094 0.457986 0.536297 0.455681 0.538125 0.449444 0.538854 0.450185 0.536745 0.456481 0.535755 0.458056 0.535651 0.460093 0.534453 0.461852
6 0.536745 0.456481 0.535755 0.458056 0.535651 0.460093 0.534453 0.461852 0.540495 0.475509 0.542240 0.474907 0.543490 0.472361
1 0.518951 0.377569 0.515297 0.388634 0.514151 0.391227 0.506701 0.414833 0.505940 0.417144 0.505651 0.419269 0.504635 0.420523 0.501411 0.431611 0.501411 0.432810 0.500917 0.433782 0.500214 0.434755 0.498753 0.439176 0.497380 0.442532 0.496732 0.445074 0.495380 0.448088 0.496471 0.448551 0.500049 0.436824 0.500807 0.435648 0.501745 0.433796 0.504297 0.426278 0.504581 0.424032 0.505365 0.422606 0.505732 0.420657 0.506641 0.419963 0.506669 0.417417 0.507451 0.416537 0.514688 0.393426 0.515656 0.390213 0.519557 0.377931
6 0.519216 0.423389 0.521448 0.419718 0.518542 0.421157
6 0.517917 0.418259 0.520469 0.417185 0.520648 0.416074 0.521120 0.415741 0.513984 0.395741 0.512135 0.401620
6 0.511828 0.390718 0.513255 0.394074 0.511328 0.400185 0.510026 0.396991
6 0.501737 0.371671 0.509427 0.393935 0.511089 0.388380 0.504185 0.368847 0.502362 0.370144
10 0.547333 0.402921 0.549818 0.401157 0.550286 0.399769 0.551432 0.399028 0.552526 0.399398 0.556849 0.395694 0.557438 0.397690 0.558401 0.396903 0.559495 0.396995 0.560146 0.398894 0.560224 0.402273 0.559495 0.401995 0.558870 0.398986 0.557750 0.399866 0.560641 0.410560 0.560276 0.411856 0.558714 0.412968 0.557438 0.411995 0.553818 0.414634 0.552698 0.417273 0.550536 0.418616
10 0.546557 0.400389 0.545229 0.395759 0.547909 0.392796 0.548875 0.393537 0.549602 0.396361 0.552310 0.394417 0.551740 0.391083 0.552547 0.388583 0.555982 0.387796 0.556901 0.394306 0.555911 0.393426
2 0.545393 0.371787 0.542581 0.374704 0.542060 0.376231 0.545836 0.393685 0.546799 0.393130 0.547867 0.388454 0.545654 0.378639 0.547112 0.378685 0.547997 0.377204 0.547529 0.375722 0.548232 0.373778 0.547841 0.372667 0.546122 0.372852
3 0.475268 0.363144 0.467568 0.399435 0.479312 0.388329 0.480846 0.383806 0.481578 0.378787 0.480672 0.374569
2 0.475268 0.363144 0.480672 0.374569 0.483984 0.373889 0.483958 0.374861 0.482812 0.376111 0.482656 0.376806 0.482917 0.378148 0.485911 0.380602 0.486641 0.382454 0.487760 0.379815 0.487708 0.375880 0.488984 0.375880 0.489974 0.371250 0.489818 0.368750 0.487995 0.368241 0.487865 0.364213 0.484844 0.359120 0.483828 0.359074 0.482187 0.363287
1 0.506628 0.748278 0.515016 0.752884 0.521240 0.756019 0.522427 0.756569 0.522208 0.757644 0.521497 0.757491 0.517302 0.755741 0.506938 0.750120 0.506005 0.749755 0.506005 0.749106 0.506005 0.748926
2 0.457331 0.611653 0.458906 0.614907 0.460312 0.612639 0.461380 0.613472 0.462708 0.613241 0.461432 0.605880 0.460391 0.604954 0.459844 0.604815
9 0.454609 0.613009 0.454023 0.611787 0.453281 0.612042 0.452982 0.613042 0.451315 0.612995 0.450612 0.613829 0.450169 0.616375 0.451615 0.620606
9 0.463094 0.600472 0.465445 0.601546 0.465990 0.602454 0.465833 0.603426 0.463750 0.603611 0.464688 0.605370 0.465807 0.607361 0.465729 0.608981 0.464719 0.609667 0.464172 0.611287 0.463672 0.611435 0.463646 0.609676 0.464193 0.609398 0.463411 0.607546 0.462682 0.605741 0.462187 0.603056 0.462526 0.601620
1 0.520346 0.687880 0.521883 0.690505 0.524953 0.695736 0.524557 0.697037 0.519997 0.688366
2 0.572716 0.711782 0.569130 0.714269 0.568148 0.714356 0.565638 0.716468 0.563721 0.716468 0.563206 0.716319 0.562372 0.716782 0.557372 0.720139 0.555576 0.721343 0.545034 0.726829 0.542560 0.729375 0.542482 0.731319 0.543654 0.732847 0.557510 0.724648 0.559258 0.723204 0.573029 0.715440
2 0.555078 0.726111 0.554932 0.727741 0.560297 0.729454 0.557510 0.724648
2 0.560245 0.725056 0.560870 0.725148 0.562224 0.725704 0.566758 0.726903 0.563307 0.730880
2 0.568776 0.727968 0.574807 0.729407 0.574206 0.732144 0.572760 0.734231 0.565703 0.731343
2 0.467883 0.693894 0.470852 0.694819 0.471641 0.692269 0.472500 0.692037 0.473073 0.694028 0.473594 0.694931 0.473438 0.697199 0.472474 0.698310 0.469133 0.699958 0.468620 0.701019
1 0.459654 0.703986 0.462727 0.701532 0.465435 0.700699 0.466242 0.701255 0.463221 0.702968 0.460695 0.705144
2 0.448745 0.695782 0.449057 0.705185 0.450307 0.712315 0.450815 0.717356 0.451510 0.718162 0.451388 0.723838 0.452547 0.729676 0.455490 0.729259 0.455203 0.725366 0.454422 0.725093 0.454214 0.723426 0.454682 0.722731 0.454292 0.719074 0.453099 0.715167 0.451297 0.697500 0.449680 0.696046
2 0.447766 0.696708 0.448073 0.698796 0.447526 0.716667 0.446326 0.716394 0.446302 0.719444 0.443724 0.718426 0.444312 0.703681
9 0.527779 0.556583 0.527648 0.555194 0.526372 0.555333 0.525826 0.555843 0.526268 0.558343
8 0.516849 0.533704 0.522937 0.527690 0.523872 0.528546 0.523661 0.530852 0.522667 0.531977 0.518146 0.535352
2 0.502180 0.533819 0.502292 0.532824 0.505286 0.531157 0.506328 0.531296 0.507005 0.532870 0.507135 0.535602 0.506146 0.535370 0.504714 0.534213 0.503812 0.533241
2 0.508281 0.531898 0.516589 0.528750 0.517240 0.528704 0.516536 0.529722 0.508646 0.535185
2 0.514427 0.524954 0.512682 0.524907 0.510469 0.528194 0.510599 0.529259 0.516328 0.526944 0.516336 0.525148 0.515443 0.523657
2 0.510000 0.520000 0.508932 0.520463 0.508125 0.522222 0.507865 0.525231 0.511849 0.522731 0.511094 0.520278
2 0.504885 0.545685 0.503953 0.551907 0.502490 0.567968 0.503315 0.568977 0.504609 0.569241 0.505758 0.568685 0.508419 0.548319 0.507935 0.544444 0.506523 0.544014 0.505635 0.544444
2 0.516021 0.534199 0.514302 0.535032 0.514224 0.536560 0.515760 0.539384 0.517401 0.541560 0.519771 0.541606 0.519979 0.537069 0.518859 0.536005 0.517323 0.535681
1 0.508646 0.535185 0.515339 0.532176 0.516484 0.530602 0.517995 0.530231 0.518255 0.531620 0.516849 0.533704 0.516021 0.534199 0.514302 0.535032 0.508932 0.537593
1 0.504909 0.534981 0.504336 0.536278 0.504596 0.537806 0.505273 0.537667 0.506055 0.538269 0.507305 0.538222 0.507227 0.536278 0.506185 0.536694 0.505534 0.535722
9 0.521875 0.532500 0.525602 0.536995 0.524924 0.537181 0.520628 0.534866 0.520055 0.533940
1 0.530336 0.553514 0.523070 0.562264 0.523826 0.562866 0.530805 0.554255
9 0.503932 0.577019 0.503802 0.579722 0.503542 0.582037 0.504401 0.582176 0.505547 0.581713 0.505599 0.579815 0.505130 0.575972
9 0.546089 0.518616 0.546635 0.517787 0.548354 0.517324 0.550021 0.518616 0.550151 0.520287 0.550047 0.521120 0.548458 0.521074 0.546875 0.519907 0.546745 0.518815
9 0.546875 0.519907 0.548458 0.521074 0.550078 0.524074 0.550104 0.525417 0.549401 0.526574 0.548333 0.526204 0.547370 0.524815
2 0.532995 0.448241 0.536771 0.448009 0.537969 0.446898 0.538099 0.448241 0.537370 0.449259 0.537161 0.451389 0.536250 0.452407 0.535026 0.452778
9 0.489818 0.372037 0.491953 0.373532 0.491578 0.374912 0.491172 0.375616 0.489375 0.374181
9 0.492333 0.374079 0.492151 0.376347 0.493151 0.377037 0.493828 0.375556 0.493724 0.374630
9 0.495823 0.381653 0.496474 0.375125 0.497229 0.375310 0.496786 0.381097
2 0.553638 0.460602 0.553099 0.462639 0.552969 0.465787 0.555260 0.467500 0.555859 0.466667 0.556250 0.462407
1 0.467044 0.720176 0.464003 0.740852 0.464122 0.745296 0.465357 0.746046 0.468703 0.722370
3 0.437789 0.736204 0.438779 0.735972 0.440029 0.738426 0.441695 0.740231 0.443492 0.740463 0.445159 0.746065 0.442815 0.746296 0.440367 0.744491 0.437867 0.740509 0.437424 0.738009
2 0.446326 0.716394 0.446297 0.722287 0.448646 0.723463 0.451026 0.725176 0.451388 0.723838 0.451510 0.718162 0.450815 0.717356
2 0.437760 0.705139 0.438411 0.707685 0.438385 0.709630 0.439083 0.714963 0.439971 0.715958 0.442352 0.714713 0.442023 0.711398 0.442492 0.708991 0.444312 0.703681 0.447766 0.696708 0.448138 0.695630 0.449680 0.696046 0.452667 0.698704 0.453227 0.697292 0.454719 0.697375 0.463539 0.699282 0.450099 0.689991 0.448372 0.690486 0.447719 0.692727 0.447299 0.693144 0.447065 0.690819 0.446599 0.690569 0.446130 0.691398 0.446177 0.694389 0.440904 0.706005 0.440578 0.703264 0.440065 0.702102 0.437964 0.703264
1 0.506565 0.741509 0.508154 0.741046 0.510549 0.744333 0.513076 0.746880 0.515237 0.749657 0.516513 0.749565 0.517424 0.748361 0.520393 0.748037 0.520654 0.749287 0.517216 0.750491 0.515419 0.751648 0.511409 0.748361 0.506982 0.743037
1 0.523000 0.745199 0.527065 0.743769 0.535109 0.739921 0.537378 0.737699 0.538339 0.737931 0.538885 0.738856 0.539276 0.742792 0.539956 0.743074 0.540477 0.743769 0.540112 0.745569 0.539250 0.745940 0.537612 0.743023 0.537612 0.740338 0.535995 0.741958 0.532924 0.743903 0.523549 0.748347
6 0.544948 0.774616 0.531477 0.792398 0.529849 0.794218 0.527805 0.795611 0.527049 0.797648 0.529792 0.804236 0.530846 0.802843 0.532164 0.800417 0.533880 0.798236 0.547630 0.780829
2 0.516846 0.791708 0.517755 0.789347 0.517940 0.787593 0.519078 0.781259 0.524727 0.766324 0.527432 0.766241 0.526919 0.764000 0.525099 0.760931 0.525565 0.757944 0.527292 0.756449 0.529242 0.755144 0.531221 0.753431 0.537141 0.755454 0.540633 0.757403 0.540784 0.759653 0.542711 0.759727 0.542839 0.757602 0.547081 0.759769 0.547594 0.762093 0.547315 0.764495 0.546521 0.764829 0.537794 0.763833 0.534154 0.770722 0.532846 0.774204 0.525424 0.784579 0.525940 0.786236 0.525846 0.791630 0.523560 0.800259 0.525380 0.806148 0.524911 0.808639 0.525753 0.811125 0.525333 0.811708 0.520664 0.811625 0.516279 0.800426 0.515813 0.796028
2 0.523560 0.800259 0.525380 0.806148 0.524911 0.808639 0.525753 0.811125 0.525333 0.811708 0.522891 0.811630 0.522047 0.815162 0.519846 0.820412 0.523102 0.822611 0.526234 0.812861 0.526716 0.808792 0.526747 0.803806 0.525964 0.800167 0.524578 0.799468
2 0.438333 0.741250 0.440049 0.759625 0.444422 0.759394 0.443594 0.746250 0.442815 0.746296 0.440367 0.744491
2 0.437789 0.736204 0.438779 0.735972 0.440029 0.738426 0.441695 0.740231 0.443492 0.740463 0.442747 0.738009 0.438646 0.726435 0.438099 0.727824
2 0.447031 0.745648 0.446935 0.747898 0.447500 0.749769 0.452794 0.748454 0.452534 0.744380 0.449534 0.744694
2 0.447242 0.740481 0.452372 0.740435 0.452240 0.737731 0.451380 0.736806 0.447344 0.737917
1 0.467760 0.728889 0.474393 0.748236 0.475253 0.751431 0.475664 0.752880 0.475612 0.755380 0.475221 0.756583 0.474258 0.756199 0.473034 0.753745 0.472201 0.748852 0.467227 0.732926
1 0.461305 0.711583 0.461823 0.711111 0.466302 0.725046 0.465703 0.729306 0.460469 0.712778
1 0.452667 0.698704 0.453227 0.697292 0.454167 0.697315 0.462372 0.707231 0.463125 0.708125 0.464818 0.710440 0.465781 0.711759 0.465443 0.713796 0.456302 0.703380
2 0.451878 0.689681 0.466745 0.693380 0.467057 0.696667 0.459115 0.694398
1 0.457727 0.668009 0.465698 0.681829 0.466766 0.682616 0.471641 0.692269 0.472500 0.692037 0.473073 0.694028 0.473594 0.694931 0.474844 0.695208 0.475391 0.696088 0.478229 0.694398 0.478802 0.694306 0.479328 0.691690 0.478271 0.692662 0.477659 0.692106 0.475672 0.692648 0.474534 0.692505 0.473674 0.691440 0.471268 0.687111 0.469456 0.683769 0.466276 0.678194 0.463802 0.674167 0.460573 0.668657 0.459562 0.668778
2 0.583599 0.590245 0.581823 0.592222 0.579089 0.595000 0.564560 0.610181 0.564831 0.611653 0.564443 0.612764 0.555484 0.624338 0.555924 0.625866 0.580047 0.598194 0.582292 0.596065 0.585156 0.593009 0.584781 0.590542
2 0.577367 0.754162 0.591818 0.724764 0.593951 0.726338 0.595307 0.728606 0.595698 0.731148 0.595359 0.737028 0.594732 0.739713 0.589174 0.747097 0.581510 0.761250
2 0.582732 0.718162 0.584841 0.720306 0.585354 0.719125 0.586831 0.718162 0.589602 0.721153 0.590773 0.722866 0.586755 0.731204 0.576253 0.752125 0.569203 0.739963 0.569987 0.739051 0.571284 0.738625 0.572760 0.734231 0.574206 0.732144 0.574807 0.729407 0.575411 0.728551 0.577430 0.727801 0.579336 0.725005 0.581474 0.725005 0.581865 0.723060 0.582281 0.719769
2 0.576284 0.756144 0.578958 0.760787 0.579089 0.765139 0.579714 0.770787 0.579375 0.772454 0.577995 0.774491 0.576771 0.775000 0.575156 0.775509 0.573542 0.774861 0.572318 0.773287 0.574479 0.761157 0.573984 0.760741
2 0.559482 0.738157 0.559375 0.737134 0.560677 0.736995 0.561758 0.740065 0.562029 0.742796 0.561729 0.744671 0.566068 0.760472 0.566852 0.763741 0.567182 0.766634 0.566518 0.768935 0.564560 0.767972 0.563385 0.765241 0.562000 0.756509 0.562391 0.753079 0.561518 0.750296 0.560102 0.743384 0.560253 0.740653
2 0.561729 0.744671 0.563880 0.743241 0.566510 0.739583 0.575076 0.753949 0.568932 0.766019 0.567734 0.764630 0.566852 0.763741 0.566068 0.760472
2 0.541589 0.764292 0.542703 0.770347 0.544948 0.774616 0.547630 0.780829 0.552164 0.791894 0.555117 0.789148 0.544451 0.764611
2 0.556385 0.791796 0.559193 0.797083 0.559245 0.798519 0.558177 0.802731 0.557109 0.801944 0.553229 0.794583
2 0.533516 0.750097 0.531221 0.753431 0.537141 0.755454 0.536042 0.750880 0.535391 0.750231
2 0.523549 0.748347 0.523958 0.750463 0.529870 0.752227 0.532083 0.749171 0.527057 0.746667
2 0.519557 0.743440 0.518542 0.743241 0.517437 0.743634 0.516927 0.742745 0.514922 0.741912 0.512656 0.740292 0.508154 0.741046 0.510729 0.743856 0.513307 0.745384 0.516016 0.746588 0.518177 0.747236 0.520393 0.748037
1 0.524953 0.695736 0.530552 0.705921 0.533229 0.711481 0.536563 0.718009 0.536354 0.719444 0.535417 0.719537 0.531406 0.712269 0.525417 0.699583 0.524766 0.699074 0.524557 0.697037
2 0.554010 0.450741 0.556633 0.451620 0.556503 0.454491 0.556068 0.454444 0.556354 0.456796 0.557839 0.459898 0.558951 0.460741 0.558508 0.462361 0.559016 0.461750 0.559742 0.461657 0.560034 0.462681 0.561458 0.461611 0.561510 0.460315 0.560286 0.459667 0.559922 0.460315 0.558307 0.458139 0.559948 0.457259 0.560000 0.455731 0.559349 0.452398 0.558854 0.452398 0.558438 0.453278 0.558125 0.447769 0.557865 0.446889 0.557135 0.447074 0.557031 0.448648 0.556276 0.448694 0.556094 0.447676 0.553906 0.448324
2 0.551070 0.419153 0.550966 0.422116 0.551953 0.433782 0.552630 0.433935 0.552943 0.432130 0.553255 0.429060 0.552448 0.419662
9 0.532164 0.341227 0.532268 0.348292 0.532370 0.350556 0.533047 0.350602 0.533221 0.347944 0.533013 0.340722
2 0.536451 0.340259 0.536893 0.345954 0.536346 0.347806 0.533221 0.347944 0.533099 0.349954 0.535573 0.349722 0.536380 0.348704 0.536406 0.351111 0.534297 0.352269 0.533542 0.353565 0.533984 0.354722 0.535286 0.353565 0.537057 0.353333 0.537891 0.352222 0.537240 0.340046 0.537839 0.338750 0.537474 0.337685 0.536276 0.337269
2 0.466792 0.770949 0.474336 0.791889 0.477198 0.791745 0.477198 0.789306 0.468930 0.767079 0.467195 0.769157
2 0.532115 0.409273 0.533724 0.398565 0.532318 0.399352
2 0.531563 0.399861 0.531247 0.406986 0.529557 0.402130
2 0.494297 0.365278 0.489896 0.361019 0.489115 0.361620 0.488047 0.366944 0.488437 0.367870 0.491042 0.367963 0.491172 0.373009 0.491953 0.373532
2 0.492333 0.374079 0.494766 0.365741 0.497969 0.368889 0.494479 0.373611 0.493724 0.374630
2 0.494505 0.364491 0.490156 0.359861 0.489401 0.360324 0.488698 0.359769 0.488672 0.358704 0.489219 0.357130 0.490703 0.356528 0.493177 0.355463 0.497812 0.352917
2 0.491172 0.354907 0.495339 0.353102 0.498297 0.351162 0.498896 0.351532 0.495130 0.364630 0.498568 0.368241 0.502552 0.363194 0.502823 0.361236 0.500974 0.357671 0.499307 0.352162 0.499828 0.351514 0.501964 0.357995 0.503005 0.359801 0.503724 0.353981 0.500078 0.349537 0.497943 0.349907 0.497396 0.347593 0.496927 0.344259 0.495104 0.342500 0.494193 0.343148
2 0.504349 0.354444 0.506221 0.356491 0.506247 0.357880 0.503383 0.362000
2 0.474432 0.399088 0.478456 0.396579 0.475513 0.403569 0.474562 0.401171
9 0.494479 0.373611 0.497969 0.368889 0.499146 0.370032 0.498130 0.370958 0.498385 0.371944 0.497396 0.373657 0.495729 0.374676
2 0.426320 0.523056 0.426867 0.529495 0.430081 0.529551 0.431659 0.526111 0.431477 0.523843
1 0.450195 0.478051 0.448664 0.474088 0.447966 0.475444 0.450021 0.480463 0.451932 0.485519 0.452687 0.487602 0.457115 0.496713 0.460339 0.502231 0.460578 0.504532 0.461120 0.505551 0.461302 0.522264 0.461784 0.523120 0.462297 0.522051 0.461589 0.504537 0.461146 0.503102 0.461120 0.501856 0.458951 0.497889 0.454250 0.489051 0.453052 0.485894 0.452349 0.484083
1 0.442708 0.421157 0.443211 0.425495 0.444859 0.432556 0.446802 0.433551 0.446102 0.428505 0.444953 0.423968 0.444505 0.420139
6 0.446531 0.547162 0.455349 0.546681 0.456208 0.546495 0.461091 0.546181 0.462367 0.546042 0.476977 0.544444 0.477055 0.548611 0.475286 0.548653 0.473906 0.548653 0.461901 0.550370 0.460687 0.550449 0.445570 0.552125
2 0.449536 0.490843 0.451099 0.490889 0.452292 0.492222 0.452292 0.493519 0.457115 0.496713 0.460339 0.502231 0.452214 0.496296 0.451693 0.496435 0.451380 0.499306 0.450260 0.499306 0.448594 0.498241 0.449036 0.495000 0.448828 0.491944
2 0.458951 0.497889 0.461120 0.501856 0.461146 0.503102 0.462917 0.503981 0.463385 0.505509 0.473776 0.516389 0.478151 0.520324 0.478490 0.522130 0.479083 0.522829 0.479891 0.523060 0.480490 0.523847 0.480516 0.525097 0.482083 0.527037 0.483646 0.531528 0.485625 0.539491 0.490286 0.557778 0.490990 0.558009 0.491005 0.560222 0.492177 0.564250 0.492865 0.566713 0.493365 0.566125 0.493703 0.567884 0.493026 0.568301 0.493307 0.569167 0.495182 0.569398 0.495495 0.567593 0.492292 0.553611 0.488568 0.538750 0.485677 0.526713 0.481281 0.519014 0.480214 0.518963 0.479745 0.518037 0.473750 0.511250 0.464401 0.501065
9 0.461010 0.429403 0.462526 0.428565 0.465417 0.430417 0.465417 0.432083 0.464740 0.432593 0.466302 0.439444 0.466589 0.441065 0.465781 0.444306 0.464271 0.444306 0.463411 0.442315 0.462656 0.434167 0.461250 0.437130 0.459427 0.436481
2 0.466799 0.403588 0.469167 0.402222 0.469661 0.403611 0.469792 0.405278 0.470703 0.407731 0.470625 0.408935 0.464688 0.411806
2 0.435299 0.423046 0.461146 0.406852 0.459297 0.415556 0.444953 0.423968 0.444505 0.420139 0.442708 0.421157 0.443211 0.425495 0.437760 0.428972 0.435219 0.427731 0.435482 0.426431 0.434896 0.423148
1 0.464688 0.411806 0.466302 0.412917 0.467161 0.414167 0.467786 0.411852 0.468724 0.409815 0.469766 0.409352 0.468698 0.414306 0.467969 0.415602 0.466484 0.415787 0.464922 0.414630 0.464271 0.413426
1 0.469792 0.405278 0.469661 0.403611 0.470391 0.401435 0.471693 0.400741 0.471458 0.403565 0.470417 0.406944
2 0.423719 0.486847 0.436464 0.489685 0.436073 0.492204 0.423630 0.489630 0.423117 0.488829
2 0.424117 0.515995 0.424221 0.518819 0.424331 0.537958 0.426349 0.538440 0.427435 0.536190 0.426044 0.519838 0.425966 0.517060 0.424995 0.502389 0.424120 0.502444 0.422703 0.503838
9 0.426964 0.506782 0.426469 0.509977 0.427953 0.511319 0.427094 0.512894 0.427120 0.515208 0.428161 0.515347 0.429646 0.511042 0.429073 0.509514 0.429646 0.509005 0.430167 0.510671 0.431885 0.510394 0.431651 0.509051 0.430844 0.506412 0.428161 0.505903
1 0.446388 0.585176 0.444227 0.590685 0.442872 0.595870 0.443471 0.597537 0.445086 0.591981 0.447326 0.585454
1 0.428102 0.545366 0.431995 0.545042 0.437076 0.545477 0.437924 0.544620 0.440289 0.544764 0.441435 0.544995 0.442112 0.547634 0.440289 0.556292 0.438596 0.556153 0.440211 0.548884 0.440966 0.548144 0.440706 0.546894 0.438753 0.547218 0.436852 0.548889 0.436461 0.547222 0.431930 0.547269 0.428346 0.547403
9 0.456268 0.633931 0.457997 0.631773 0.459349 0.630060 0.460443 0.629028 0.461484 0.630741 0.460026 0.632005 0.458516 0.634398 0.456953 0.636065
2 0.464510 0.622847 0.458990 0.624556 0.458417 0.625856 0.459141 0.629167 0.465266 0.627333
2 0.465708 0.622519 0.469474 0.621389 0.470672 0.621157 0.477245 0.620069 0.480344 0.624699 0.473833 0.624421 0.470133 0.625801 0.468906 0.626019 0.466536 0.626898
2 0.480357 0.620245 0.482346 0.620324 0.483440 0.620231 0.485911 0.619648 0.487839 0.619741 0.497859 0.620014 0.498716 0.621310 0.498771 0.624319 0.483120 0.624319
2 0.450750 0.589069 0.452677 0.587866 0.454578 0.587588 0.455255 0.586801 0.456563 0.586852 0.457833 0.592171 0.458328 0.593190 0.459083 0.598838 0.460151 0.598977 0.460339 0.600000 0.458906 0.601856 0.458589 0.602773 0.457651 0.602403 0.457104 0.601523 0.453927 0.600597 0.453276 0.598190 0.454578 0.597958 0.454552 0.595875 0.455125 0.594023 0.454969 0.589949 0.450672 0.591060
2 0.463487 0.587653 0.463409 0.588718 0.465677 0.594213 0.466745 0.599306 0.466432 0.599593 0.469294 0.603856 0.466143 0.589551 0.464633 0.587792
2 0.475365 0.606481 0.473568 0.598704 0.473698 0.597454 0.475130 0.596852 0.475807 0.598102 0.477760 0.607037
2 0.497859 0.620014 0.498659 0.619935 0.502005 0.619769 0.500286 0.611389 0.496562 0.612083
2 0.428346 0.547403 0.427906 0.551616 0.429661 0.554306 0.429245 0.555972 0.428802 0.559306 0.429141 0.560231 0.430073 0.555708 0.430906 0.558023 0.432391 0.558069 0.433771 0.558949 0.433854 0.555926 0.434323 0.556620 0.438385 0.577639 0.439453 0.576944 0.438594 0.570694 0.435469 0.556944 0.435784 0.554954 0.435315 0.554120 0.434794 0.554074 0.433831 0.549074 0.431565 0.548889 0.430677 0.549398 0.429766 0.547407
9 0.431008 0.511514 0.431346 0.513227 0.437229 0.513750 0.437336 0.512778 0.433664 0.511245 0.431841 0.511157
9 0.431620 0.531398 0.433000 0.531352 0.433703 0.531028 0.433990 0.529917 0.435005 0.530102 0.435005 0.531213 0.434484 0.533713 0.433469 0.534454 0.432531 0.534083 0.431125 0.533065
1 0.433102 0.521782 0.433154 0.522801 0.435367 0.518023 0.437604 0.513657 0.438232 0.513255 0.438388 0.514042 0.440062 0.506898 0.439518 0.506407 0.437336 0.512778 0.437229 0.513750 0.435268 0.516426 0.434154 0.518032 0.432586 0.521407
9 0.439763 0.493972 0.438852 0.494111 0.438253 0.495824 0.438331 0.497769 0.438773 0.498556 0.439971 0.498417 0.441091 0.498093 0.440909 0.495315 0.440128 0.494806
2 0.439607 0.490176 0.443070 0.490917 0.442602 0.493880 0.439451 0.493046 0.439294 0.491519
9 0.445026 0.508287 0.446065 0.507097 0.446352 0.508255 0.445544 0.510292 0.444190 0.512606
2 0.514760 0.325931 0.519359 0.311731 0.521901 0.309866 0.523029 0.312449 0.521456 0.315389 0.520490 0.317755 0.521094 0.320694 0.517464 0.332023 0.516388 0.330301
2 0.523029 0.312449 0.521456 0.315389 0.520490 0.317755 0.521094 0.320694 0.522336 0.321139 0.523505 0.321569 0.526247 0.317412 0.526693 0.314903 0.527096 0.312894 0.525078 0.310958
2 0.532266 0.307171 0.531276 0.307356 0.530521 0.309023 0.530313 0.309903 0.529010 0.310690 0.527500 0.311616 0.527292 0.314208 0.528177 0.318144 0.528932 0.318421 0.529062 0.319347 0.532135 0.316338 0.533255 0.314532 0.533438 0.312218 0.533750 0.309671 0.533464 0.308653
2 0.528177 0.318144 0.528932 0.318421 0.529062 0.319347 0.529375 0.319815 0.530365 0.319444 0.530781 0.318472 0.531510 0.317963 0.532630 0.318611 0.532578 0.319861 0.533229 0.319769 0.534687 0.322593 0.535234 0.324630 0.535234 0.330324 0.533932 0.332222 0.533125 0.332593 0.531250 0.331111 0.530990 0.326620 0.528411 0.323843 0.527526 0.322176 0.527760 0.319213
2 0.524271 0.331611 0.522995 0.338000 0.524271 0.337907 0.525417 0.339157 0.526823 0.342398 0.529740 0.341750 0.529479 0.334574 0.530000 0.332167 0.529271 0.331796 0.528385 0.332676 0.527656 0.331426 0.526432 0.331750 0.526224 0.332491
9 0.488396 0.557986 0.490286 0.557778 0.490990 0.558009 0.491005 0.560222 0.490331 0.561056 0.487880 0.560824
9 0.530365 0.332676 0.529974 0.334204 0.530391 0.335407 0.530911 0.335917 0.531224 0.337213 0.530807 0.338231 0.530911 0.340778 0.532187 0.340083 0.531823 0.338833 0.532396 0.337815 0.532318 0.335870 0.531354 0.334806 0.531432 0.332537
9 0.542010 0.305866 0.541125 0.306329 0.540370 0.307116 0.539953 0.309338 0.540266 0.311051 0.541591 0.312769 0.542948 0.312810 0.543964 0.312440 0.544456 0.311190 0.544797 0.308602 0.544094 0.306981 0.543674 0.305917 0.542818 0.305222
2 0.501297 0.522593 0.497651 0.528833 0.495349 0.528708 0.492003 0.530694 0.489841 0.534352 0.489701 0.537759 0.489109 0.538069 0.489177 0.539681 0.490258 0.539620 0.491724 0.540361 0.497266 0.534662 0.497719 0.533236 0.499219 0.533236 0.499219 0.532120 0.498521 0.530755 0.498625 0.528958 0.499672 0.528093 0.500961 0.526727 0.501206 0.525056 0.502565 0.523194 0.502648 0.521157
9 0.496070 0.535968 0.495940 0.536801 0.495992 0.538144 0.496435 0.538005 0.496357 0.538838 0.497216 0.539532 0.497893 0.539162 0.498437 0.537361 0.498128 0.535597 0.497266 0.534662
3 0.502648 0.521157 0.502565 0.523194 0.501206 0.525056 0.500961 0.526727 0.500599 0.532361 0.501250 0.533472 0.502180 0.533819 0.502292 0.532824 0.505286 0.531157 0.506328 0.531296 0.507005 0.532870 0.507448 0.540046 0.509729 0.559708 0.510042 0.562486 0.511484 0.574213 0.511328 0.577454 0.512240 0.577731 0.512943 0.575602 0.512760 0.572130 0.511495 0.560644 0.511286 0.558560 0.508281 0.531898 0.516589 0.528750 0.516328 0.526944 0.510599 0.529259 0.510469 0.528194 0.512682 0.524907 0.514427 0.524954 0.517656 0.520833 0.516797 0.519491 0.507865 0.525231 0.508125 0.522222 0.508932 0.520463 0.510000 0.520000 0.509839 0.518472 0.509057 0.518935 0.507734 0.519491 0.503568 0.522083
1 0.475755 0.579352 0.475859 0.580880 0.479635 0.577454 0.481234 0.575968 0.483099 0.575000 0.486198 0.571528 0.487760 0.576343 0.488333 0.575278 0.486589 0.570370 0.485781 0.570046 0.483333 0.572963 0.480958 0.574880 0.479422 0.576116
1 0.490844 0.571227 0.488333 0.575278 0.487760 0.576343 0.486937 0.577847 0.487641 0.578542 0.491417 0.572153 0.491365 0.571551
9 0.491266 0.565315 0.489471 0.564806 0.489271 0.566620 0.492115 0.567653 0.492865 0.566713 0.492474 0.565417
2 0.493307 0.569167 0.494349 0.569306 0.493594 0.575833 0.493229 0.577546 0.491641 0.579259 0.493026 0.568301
1 0.488854 0.576528 0.490344 0.581542 0.491047 0.583347 0.491771 0.584657 0.495690 0.595542 0.495638 0.596792 0.495143 0.597116 0.490865 0.584551 0.490031 0.583162 0.488242 0.577579
2 0.497695 0.574829 0.494857 0.577931 0.494909 0.578856 0.496159 0.578856 0.496237 0.579366 0.494701 0.580940 0.494622 0.581773 0.495586 0.581681 0.499128 0.577977 0.499753 0.578486 0.500951 0.577514 0.500638 0.576634 0.498555 0.574829
9 0.499315 0.569366 0.503013 0.571264 0.502807 0.572931 0.501635 0.572884 0.500148 0.572375 0.498690 0.570199
9 0.509885 0.582051 0.511016 0.583565 0.509193 0.591667 0.508073 0.591389 0.507135 0.590000 0.508099 0.586991 0.508854 0.587315 0.509323 0.585602 0.508516 0.585231 0.508359 0.584167 0.508698 0.583102
1 0.485247 0.524926 0.486849 0.524986 0.488206 0.525403 0.491628 0.525481 0.498008 0.528120 0.497651 0.528833 0.495349 0.528708 0.491367 0.527102 0.485677 0.526713
1 0.499151 0.528583 0.500792 0.529139 0.500714 0.530944 0.498568 0.530278 0.498625 0.528958
1 0.456979 0.550833 0.457240 0.552093 0.457997 0.553528 0.456435 0.556583 0.457451 0.557185 0.458932 0.554130 0.460576 0.551630 0.460687 0.550449 0.459924 0.550565 0.458594 0.552602 0.458047 0.551630 0.457969 0.550741
9 0.479828 0.554838 0.484021 0.558032 0.483109 0.560069 0.478734 0.557338 0.479073 0.555486
1 0.485120 0.583500 0.483216 0.583685 0.482044 0.584380 0.481641 0.585370 0.482870 0.587454 0.487099 0.592296 0.482956 0.592528 0.483068 0.593338 0.487799 0.593639 0.488477 0.592991 0.488164 0.591833 0.483242 0.585491 0.484935 0.585352 0.485352 0.584843
2 0.485612 0.576185 0.484310 0.576231 0.483398 0.578269 0.483763 0.581278 0.484729 0.581694 0.485120 0.583500 0.485352 0.584843 0.484935 0.585352 0.484729 0.587389 0.487305 0.590676 0.487880 0.589565 0.488010 0.587065 0.487305 0.585306 0.487539 0.583176 0.487073 0.582620 0.487148 0.579565 0.486602 0.577991 0.486969 0.575769 0.486318 0.575583 0.485977 0.576370
9 0.445302 0.602713 0.446187 0.598778 0.448401 0.599565 0.446422 0.605722
9 0.425542 0.589278 0.424839 0.595898 0.427000 0.595898 0.428016 0.594370 0.428120 0.592611 0.427469 0.592241 0.427651 0.589648
2 0.427901 0.578829 0.429255 0.578782 0.429620 0.580495 0.429802 0.586468 0.429776 0.603454 0.429594 0.611236 0.428344 0.610449 0.428422 0.608181 0.428917 0.607255 0.428240 0.589616 0.428995 0.588134 0.428682 0.586190 0.428057 0.586190
9 0.428057 0.586190 0.428682 0.586190 0.428995 0.588134 0.428240 0.589616 0.427651 0.589648 0.425542 0.589278 0.425391 0.587963 0.425521 0.585880 0.426380 0.585833 0.427526 0.586620
2 0.509617 0.511167 0.514786 0.506542 0.518432 0.505708 0.521544 0.503806 0.521883 0.505611 0.520737 0.512931 0.519982 0.517606 0.519409 0.525611 0.519357 0.528806 0.516589 0.528750 0.516328 0.526944 0.517664 0.526722 0.517664 0.525843 0.516336 0.525148 0.516388 0.523204 0.518055 0.523204 0.518081 0.520935 0.517656 0.520833 0.517742 0.518204 0.518576 0.515380 0.519201 0.511773 0.519799 0.506769 0.515503 0.509083 0.509435 0.512833
2 0.515503 0.509083 0.516276 0.510093 0.517318 0.510139 0.519201 0.511773 0.518576 0.515380 0.513776 0.510139
2 0.514245 0.507037 0.512901 0.505389 0.512016 0.505296 0.511234 0.506407 0.510349 0.506176 0.509646 0.507611 0.509880 0.508954 0.510453 0.508769 0.510661 0.508259 0.511208 0.508120 0.512432 0.508630
2 0.520737 0.512931 0.524323 0.516667 0.524401 0.518009 0.524141 0.519259 0.522969 0.520556 0.520208 0.521806 0.520234 0.518611 0.519982 0.517606
1 0.529401 0.524583 0.523596 0.523389 0.523570 0.525380 0.529690 0.526630
1 0.416042 0.483074 0.429781 0.485269 0.430685 0.486449 0.432253 0.486824 0.432221 0.488755 0.423719 0.486847 0.415802 0.484630
1 0.433065 0.487787 0.433729 0.487306 0.443521 0.488755 0.443099 0.490926 0.439607 0.490176 0.436464 0.489685 0.433036 0.488912
1 0.441659 0.482213 0.444865 0.481981 0.444497 0.484111 0.440878 0.483556
2 0.531211 0.660171 0.526003 0.662995 0.525768 0.664241 0.523870 0.664134 0.523107 0.664477 0.521958 0.665190 0.520878 0.665935 0.519763 0.666616 0.515013 0.669106 0.515039 0.670681 0.512435 0.672486 0.511419 0.671745 0.509466 0.673690 0.508815 0.669060 0.507982 0.667995 0.507383 0.668319 0.507148 0.671421 0.507721 0.672903 0.504180 0.672069 0.503971 0.673458 0.504258 0.675773 0.503971 0.677532 0.496445 0.683968 0.492982 0.689014 0.493086 0.690681 0.505716 0.679801 0.505328 0.678398 0.506661 0.675704 0.510456 0.676468 0.519781 0.670315 0.520901 0.669528 0.522073 0.668833 0.523271 0.667769 0.526263 0.666699 0.532435 0.662486 0.532878 0.661375
1 0.573378 0.605912 0.573518 0.629338 0.572779 0.629255 0.572508 0.606903
2 0.573411 0.616343 0.574354 0.616384 0.575750 0.618181 0.576724 0.622333 0.575818 0.623449 0.574703 0.624565 0.574005 0.623944 0.573518 0.623509
8 0.573385 0.607593 0.574906 0.607782 0.579437 0.612875 0.579568 0.614495 0.578984 0.616296 0.577771 0.617736 0.576313 0.617088 0.573448 0.614032
8 0.578984 0.616296 0.580755 0.617870 0.582156 0.619491 0.582599 0.620509 0.583516 0.622454 0.583750 0.624028 0.583333 0.625093 0.582969 0.626111 0.581615 0.625787 0.579870 0.621111 0.577526 0.619259 0.577771 0.617736
2 0.577133 0.601505 0.577367 0.602940 0.578070 0.603032 0.578148 0.604653 0.577211 0.605440 0.577758 0.606736 0.579086 0.606968 0.580544 0.606875 0.580180 0.601597 0.580232 0.600394 0.579737 0.598634
2 0.574219 0.604861 0.574906 0.607782 0.578721 0.612014 0.578409 0.608403 0.577758 0.606736 0.577211 0.605440 0.575391 0.603611
2 0.580180 0.601597 0.580544 0.606875 0.579323 0.607731 0.578828 0.609028 0.578721 0.612014 0.579437 0.612875 0.579568 0.614495 0.581146 0.616204 0.581302 0.618472 0.582156 0.619491 0.581297 0.605093 0.580651 0.601481
2 0.485141 0.450579 0.487323 0.448569 0.490914 0.449500 0.491060 0.456861 0.489099 0.460546
1 0.476268 0.413477 0.474531 0.414259 0.472318 0.415463 0.469896 0.416759 0.463333 0.422778 0.462734 0.421852 0.469505 0.414907 0.476250 0.411481
1 0.474531 0.414259 0.475417 0.417500 0.475677 0.420370 0.476719 0.420324 0.476516 0.419514 0.476516 0.417384 0.475391 0.413843
1 0.474549 0.408292 0.474557 0.412315 0.475443 0.411852 0.475539 0.406718
1 0.478169 0.408940 0.476815 0.411023 0.476823 0.413241 0.478229 0.411991
1 0.450130 0.596255 0.452240 0.612088 0.453281 0.612042 0.453227 0.609495 0.450937 0.596023
9 0.450130 0.596255 0.449792 0.595046 0.448984 0.595046 0.448646 0.596065 0.448047 0.596435 0.448099 0.598056 0.449609 0.599630 0.450000 0.598750
2 0.458281 0.603565 0.456742 0.602505 0.454818 0.602042 0.454633 0.600792 0.453927 0.600597 0.452680 0.600329 0.451898 0.601486 0.452240 0.603940 0.456221 0.607134 0.456823 0.607319
2 0.480482 0.546588 0.478229 0.549861 0.477083 0.552361 0.473206 0.564190 0.470362 0.571671 0.468997 0.576704 0.468430 0.579532 0.468656 0.582769 0.470477 0.583981 0.470932 0.581759 0.470021 0.578745 0.472638 0.571046 0.476901 0.560833 0.478323 0.556088 0.480596 0.550426 0.482073 0.547616 0.481164 0.544787
10 0.494471 0.444824 0.494107 0.434731 0.493195 0.433250 0.492128 0.432833 0.491086 0.434454 0.490747 0.437370 0.491060 0.456861 0.492781 0.450449
2 0.481086 0.432944 0.479237 0.436093 0.481971 0.444148 0.484003 0.442898 0.485018 0.440815 0.485122 0.439426 0.486242 0.437157 0.484810 0.431880 0.482622 0.433269
2 0.522711 0.418764 0.524167 0.418519 0.528776 0.432639 0.528359 0.435880 0.522708 0.420231
2 0.515083 0.396532 0.515805 0.397120 0.516378 0.396963 0.516589 0.395889 0.517661 0.395954 0.518531 0.398185 0.523482 0.415477 0.522552 0.416019 0.521690 0.415426
9 0.503383 0.362000 0.502708 0.367361 0.504479 0.365278 0.505130 0.363843 0.504609 0.362176
9 0.498568 0.368241 0.502552 0.363194 0.501927 0.368208 0.500339 0.369968
2 0.452547 0.729676 0.450732 0.731245 0.449846 0.733167 0.448078 0.734218 0.445523 0.734741 0.443164 0.733866 0.441690 0.732120 0.440820 0.729954 0.441602 0.729028 0.441732 0.724861 0.441237 0.719630 0.445096 0.721019 0.446297 0.722287 0.448646 0.723463 0.451026 0.725176 0.451388 0.723838
2 0.536893 0.321667 0.545344 0.346995 0.542396 0.350838 0.540823 0.349269 0.537839 0.338750 0.537474 0.337685 0.535714 0.334769 0.535234 0.330324 0.535234 0.324630 0.534687 0.322593
2 0.432961 0.426676 0.429654 0.426889 0.426870 0.430116 0.424974 0.436282 0.424773 0.444532 0.423643 0.458083 0.423443 0.476657 0.422958 0.477949 0.423039 0.480889 0.423924 0.482250 0.426628 0.480889 0.429292 0.480745 0.431669 0.481963 0.434695 0.485694 0.439133 0.486269 0.446151 0.475296 0.452727 0.446824 0.450346 0.438653 0.448451 0.434421 0.444859 0.432556 0.437760 0.428972
2 0.426870 0.430116 0.424974 0.436282 0.424773 0.444532 0.421250 0.447921 0.411893 0.452801 0.411328 0.451435 0.414596 0.443407 0.414839 0.440324 0.417742 0.436667 0.419880 0.428634 0.419435 0.424616 0.419961 0.419815 0.421049 0.420458
1 0.455349 0.546681 0.454698 0.542792 0.454307 0.520384 0.454646 0.519829 0.454984 0.520245 0.455453 0.543856 0.456208 0.546495
2 0.491005 0.560222 0.490331 0.561056 0.487880 0.560824 0.487779 0.561981 0.487128 0.561889 0.486138 0.563370 0.486839 0.566565 0.487440 0.566796 0.487831 0.568000 0.489081 0.567722 0.489471 0.564806 0.491266 0.565315 0.492177 0.564250
2 0.482240 0.508889 0.489193 0.522949 0.489221 0.524204 0.488206 0.525403 0.486849 0.524986 0.481693 0.514398 0.481776 0.512208
2 0.465117 0.475495 0.464648 0.476097 0.464674 0.477162 0.465117 0.477671 0.471328 0.490880 0.480682 0.512116 0.481464 0.507671 0.476224 0.496250 0.475469 0.496019 0.477734 0.492037 0.478750 0.488750 0.477760 0.488056 0.476198 0.491296 0.473594 0.491065 0.474010 0.490093 0.473958 0.488704 0.473333 0.487778 0.473438 0.484722 0.471180 0.484606 0.470469 0.482829 0.469766 0.480931 0.468992 0.478218 0.467135 0.474676 0.466484 0.475694
3 0.498664 0.483630 0.505721 0.491222 0.507076 0.488213 0.508195 0.488907 0.504758 0.495528 0.503594 0.495898 0.495383 0.486546 0.495513 0.485157 0.496216 0.484509 0.504367 0.493954 0.504836 0.493491 0.504862 0.492519 0.497258 0.484463 0.497206 0.483769
9 0.439906 0.587560 0.438396 0.589384 0.437586 0.591782 0.438180 0.594472 0.439096 0.595241 0.440177 0.595431 0.441474 0.594759 0.441852 0.593130 0.442109 0.590000 0.440911 0.587361
9 0.446187 0.581269 0.445797 0.578815 0.446031 0.574972 0.448010 0.571546 0.450563 0.569602 0.451943 0.570204 0.453245 0.572287 0.453349 0.574370 0.452628 0.577148 0.449781 0.581824
9 0.446031 0.574972 0.444844 0.575370 0.444271 0.577037 0.444323 0.578333 0.444974 0.579167 0.445797 0.578815
2 0.443982 0.566602 0.443435 0.567898 0.443643 0.569472 0.444633 0.571000 0.445362 0.570583 0.450563 0.569602 0.451068 0.568843 0.450154 0.566278
2 0.459388 0.573625 0.460560 0.578023 0.460846 0.580338 0.461628 0.580940 0.461940 0.583718 0.464440 0.584134 0.464492 0.581912 0.463633 0.579134 0.462565 0.574736 0.461549 0.569968 0.460065 0.570245 0.459466 0.572190
1 0.534414 0.409296 0.555911 0.393426 0.556901 0.394306 0.556849 0.395694 0.552526 0.399398 0.551432 0.399028 0.550286 0.399769 0.549818 0.401157 0.533932 0.412685
2 0.533932 0.412685 0.536539 0.412292 0.543651 0.416417 0.544854 0.418292 0.546180 0.418829 0.547174 0.420486 0.547867 0.429810 0.546391 0.433611 0.543018 0.439505 0.541813 0.436449 0.543529 0.435806 0.545820 0.432810 0.546935 0.429755 0.546602 0.421718 0.543107 0.420968 0.536539 0.415023 0.535815 0.414380 0.534911 0.414380 0.534099 0.414917 0.533044 0.419097
1 0.553862 0.423894 0.554943 0.425380 0.554523 0.430222 0.551667 0.450000 0.550130 0.449583 0.552943 0.432130
2 0.546617 0.449509 0.550130 0.449583 0.551667 0.450000 0.556633 0.451620 0.556503 0.454491 0.552128 0.453889 0.549367 0.456944
2 0.549367 0.456944 0.553638 0.460602 0.558143 0.463657 0.558508 0.462361 0.558951 0.460741 0.554602 0.457500 0.551268 0.454815
2 0.546979 0.381065 0.548701 0.386972 0.548049 0.387250 0.547867 0.388454 0.547763 0.391000 0.548388 0.392528 0.549430 0.392620 0.550315 0.391926 0.550784 0.390676 0.550654 0.389148 0.551227 0.388083 0.549299 0.379426
2 0.512883 0.337190 0.510021 0.354977 0.511227 0.355454 0.515234 0.352514 0.523096 0.347796 0.524906 0.348440 0.525990 0.346940 0.524513 0.342870 0.520115 0.335102 0.519302 0.337676
2 0.424469 0.379593 0.430365 0.407130 0.431404 0.409870 0.427070 0.384241 0.427458 0.383514 0.428219 0.383606 0.433122 0.412681 0.435328 0.412153 0.435383 0.410551 0.428599 0.377028
2 0.406542 0.392329 0.407573 0.390148 0.414497 0.398431 0.414526 0.400565 0.414362 0.402065 0.412128 0.400130 0.407849 0.394750 0.407549 0.395523 0.406813 0.394847
1 0.419714 0.421991 0.416370 0.421315 0.416396 0.423264 0.419521 0.423630
1 0.423372 0.424370 0.428555 0.424977 0.433737 0.423861 0.433477 0.422338 0.428398 0.422935 0.422174 0.422338
1 0.415495 0.358287 0.419625 0.359435 0.421865 0.362259 0.422958 0.365269 0.424938 0.379343 0.424469 0.379593 0.425354 0.383648 0.425198 0.386009 0.424208 0.385824 0.424052 0.380130 0.423010 0.370407 0.422177 0.365685 0.421344 0.363556 0.419729 0.361704 0.418193 0.360546 0.415651 0.360185
1 0.431135 0.369019 0.431042 0.389120 0.433505 0.401241 0.433349 0.396750 0.431969 0.388463 0.432099 0.368185 0.431448 0.368139
3 0.433836 0.394819 0.436932 0.404403 0.435969 0.407088 0.435839 0.410421 0.436411 0.414588 0.437974 0.417042 0.455786 0.406671 0.456021 0.403199 0.455060 0.399681 0.453654 0.396764 0.451203 0.395560 0.449510 0.369079 0.447924 0.369079 0.449352 0.395060 0.446549 0.394954 0.444427 0.395926 0.441667 0.398435 0.441396 0.395167 0.438414 0.369296 0.437448 0.368597 0.436273 0.369991 0.440039 0.400042 0.438081 0.402347 0.435219 0.392435 0.434164 0.393241
2 0.450161 0.333148 0.449953 0.335463 0.455865 0.347088 0.458260 0.345046 0.458052 0.343616 0.453208 0.330602 0.451333 0.331250
2 0.459771 0.330833 0.465943 0.327917 0.468339 0.318472 0.469615 0.318287 0.470396 0.319213 0.470734 0.328380 0.470109 0.328704 0.470578 0.333102 0.471307 0.333565 0.471776 0.334861 0.472141 0.336208 0.473156 0.334954 0.473365 0.336574 0.472219 0.339167 0.471281 0.339537 0.470005 0.339722 0.468391 0.336389 0.467661 0.333750 0.460552 0.334537 0.459484 0.332546
2 0.468391 0.336389 0.467661 0.333750 0.465625 0.333935 0.463490 0.335926 0.463958 0.338611 0.465026 0.340185
2 0.470734 0.328380 0.470109 0.328704 0.470578 0.333102 0.471307 0.333565 0.471776 0.334861 0.477109 0.333287 0.477083 0.332083 0.475521 0.326667
3 0.480271 0.327944 0.479120 0.331852 0.478354 0.336560 0.478422 0.343810 0.479469 0.350319 0.480654 0.354162 0.482120 0.353171 0.480654 0.347532 0.485326 0.344991 0.488255 0.354597 0.489753 0.353667 0.482049 0.327574 0.483372 0.324847 0.485466 0.321625 0.487628 0.319208 0.490172 0.317162 0.492716 0.315551 0.495576 0.314620 0.498398 0.314310 0.501258 0.314495 0.510776 0.339907 0.511612 0.339227 0.511995 0.337491 0.508404 0.329000 0.512833 0.325403 0.514716 0.329931 0.515690 0.333463 0.516180 0.337426 0.517505 0.337491 0.516388 0.330301 0.513948 0.323792 0.510984 0.318403 0.507289 0.314745 0.502966 0.312264 0.498922 0.311583 0.494740 0.312264 0.488776 0.315486 0.484872 0.319519 0.481979 0.324167
9 0.481497 0.649273 0.485404 0.648630 0.485664 0.650662 0.482357 0.652005 0.482331 0.654042 0.481497 0.655199 0.480065 0.655199 0.479518 0.653394 0.479609 0.652176 0.481612 0.652023 0.481786 0.650287
2 0.471063 0.615093 0.470911 0.617315 0.475016 0.616611 0.473490 0.614120 0.473490 0.614120
2 0.469995 0.615463 0.469844 0.617500 0.469167 0.617407 0.468307 0.616435
9 0.470133 0.625801 0.472578 0.630694 0.473229 0.629398 0.470964 0.625417
9 0.475328 0.629565 0.480354 0.634792 0.480120 0.636278 0.478922 0.636227 0.478010 0.635352 0.477539 0.634569 0.476497 0.633875 0.476031 0.632708 0.475016 0.632523 0.474547 0.631231
2 0.500708 0.650574 0.506542 0.650204 0.507786 0.651250 0.503573 0.656690 0.502208 0.653417
2 0.510279 0.682671 0.512128 0.680194 0.519997 0.688366 0.520589 0.691278 0.520625 0.692829 0.519125 0.693139 0.517906 0.692579 0.515987 0.690657
1 0.535917 0.716616 0.536563 0.718009 0.538885 0.721847 0.539276 0.721060 0.536073 0.715968
2 0.543547 0.707403 0.544406 0.707681 0.544844 0.708611 0.543956 0.710606 0.539068 0.720690 0.537531 0.718282
2 0.537083 0.718843 0.534354 0.726245 0.536021 0.728190 0.538573 0.721292
2 0.543818 0.715338 0.542151 0.717190 0.539276 0.721060 0.538885 0.721847 0.538573 0.721292 0.536406 0.727176 0.537672 0.726912 0.539391 0.723949 0.545510 0.716542 0.545016 0.715616
9 0.541297 0.721690 0.541219 0.725023 0.541818 0.726181 0.542339 0.726134 0.542859 0.725023 0.542781 0.721227 0.541740 0.721181
9 0.549576 0.675093 0.549523 0.676204 0.553924 0.680648 0.555279 0.680833 0.555357 0.679120 0.550878 0.674907
9 0.560784 0.626847 0.559299 0.628699 0.559299 0.629995 0.560523 0.631616 0.560133 0.633236 0.561253 0.634625 0.562815 0.634069 0.564065 0.631384 0.563909 0.629116 0.562815 0.628097 0.562083 0.628565
9 0.562797 0.721120 0.560870 0.725148 0.562224 0.725704 0.565687 0.719593
2 0.536487 0.752718 0.537141 0.755454 0.538336 0.756097 0.538414 0.754616 0.540836 0.755356 0.541409 0.756005 0.542622 0.753866 0.539221 0.751977 0.539456 0.750634 0.539065 0.749662 0.537945 0.750264
9 0.543542 0.752222 0.539589 0.747653 0.538836 0.748245 0.539065 0.749662 0.542622 0.753866
2 0.545680 0.752759 0.544453 0.753986 0.544089 0.755931 0.542839 0.757602 0.545523 0.759009
9 0.545628 0.749472 0.545393 0.743824 0.544117 0.744380 0.544352 0.750861
9 0.554211 0.740273 0.556555 0.738838 0.559680 0.734532 0.557813 0.734440 0.555099 0.737815
9 0.466685 0.701486 0.466096 0.702139 0.466174 0.704269 0.466555 0.705236 0.467258 0.705282 0.467622 0.704079 0.467583 0.702194
9 0.454682 0.722731 0.454214 0.723426 0.454422 0.725093 0.455203 0.725366 0.455990 0.725278 0.455885 0.723750 0.455208 0.722824
9 0.450307 0.712315 0.450815 0.717356 0.448620 0.716852 0.449089 0.713843
2 0.438997 0.718796 0.438789 0.724028 0.440029 0.727907 0.440820 0.729954 0.441602 0.729028 0.441732 0.724861 0.441237 0.719630
9 0.436229 0.723653 0.437609 0.723606 0.438156 0.725134 0.438208 0.726847 0.436411 0.727032
1 0.436568 0.708329 0.436672 0.716894 0.436828 0.718931 0.437344 0.722889 0.438182 0.722019 0.438495 0.722866 0.438703 0.721384 0.438104 0.718421 0.437620 0.718287 0.437544 0.716296 0.437948 0.714255 0.437474 0.709306 0.437219 0.708005
1 0.434977 0.695750 0.434818 0.697685 0.435573 0.707407 0.436276 0.707500 0.436198 0.705370 0.435417 0.697315 0.435495 0.695556
2 0.437500 0.690278 0.437396 0.702130 0.437760 0.705139 0.437964 0.703264 0.438932 0.702778 0.438958 0.699120 0.438281 0.692870
9 0.442682 0.679528 0.440234 0.683602 0.438932 0.685731 0.439193 0.687167 0.439974 0.687398 0.442526 0.682537 0.443359 0.679435
9 0.448766 0.684407 0.452099 0.684037 0.452333 0.683343 0.452958 0.683481 0.453089 0.684083 0.453974 0.684685 0.453750 0.690185 0.451878 0.689681 0.452073 0.687829 0.451318 0.687926 0.450927 0.686903 0.450927 0.685843 0.448844 0.686028
2 0.434953 0.671574 0.434138 0.672644 0.433687 0.674681 0.435260 0.686162 0.436253 0.692648 0.436302 0.688380 0.436849 0.687454 0.437057 0.686204 0.436641 0.685093 0.436042 0.684120 0.435977 0.678699
2 0.437135 0.663148 0.438646 0.660278 0.439375 0.660787 0.439271 0.663333 0.438333 0.666574 0.437318 0.667731
2 0.438445 0.646370 0.437951 0.646509 0.437612 0.648593 0.437013 0.650028 0.437091 0.656463 0.437977 0.657713 0.439201 0.657713 0.439174 0.652898 0.438862 0.647296
9 0.566680 0.538787 0.567396 0.539306 0.569141 0.545139 0.568542 0.547454 0.568698 0.547824 0.569245 0.546991 0.569792 0.546991 0.569922 0.548657 0.569141 0.549491 0.568385 0.548884 0.567891 0.548144 0.566745 0.547222 0.565937 0.540556
9 0.568089 0.535611 0.568089 0.538898 0.568427 0.542833 0.568948 0.544454 0.569870 0.544444 0.569104 0.535148
9 0.525477 0.593940 0.527117 0.592968 0.527846 0.591301 0.529227 0.591069 0.529253 0.592968 0.528005 0.593894 0.527094 0.596023 0.526388 0.595977 0.525190 0.597690
9 0.529253 0.592968 0.530599 0.591528 0.531094 0.592593 0.529115 0.595093 0.528464 0.593935
9 0.531740 0.583144 0.531427 0.581894 0.529242 0.582356 0.529633 0.584995 0.530216 0.584870
9 0.529917 0.589278 0.529708 0.591083 0.530776 0.591315 0.531271 0.592380 0.532417 0.591130 0.532260 0.589278
9 0.537294 0.566153 0.538310 0.565875 0.538828 0.565787 0.539372 0.566532 0.539763 0.568292 0.539607 0.569264 0.538826 0.569403 0.537760 0.568380
9 0.565552 0.471981 0.563312 0.472769 0.563052 0.474065 0.563391 0.474620 0.566927 0.473565 0.567370 0.471944 0.566927 0.471852
9 0.565615 0.505944 0.567203 0.512889 0.567776 0.504556 0.567151 0.504278 0.566057 0.504833
6 0.527755 0.641102 0.523779 0.661991 0.523870 0.664134 0.525768 0.664241 0.528969 0.644597
2 0.532174 0.650884 0.537578 0.660880 0.538203 0.661667 0.539323 0.661852 0.540990 0.660370 0.540495 0.658194 0.536302 0.651065 0.533125 0.648611
2 0.546146 0.662315 0.539323 0.661852 0.535729 0.661667 0.535521 0.662824 0.535781 0.663750 0.536667 0.664630 0.547240 0.664630
2 0.528375 0.652380 0.535562 0.660204 0.536578 0.660389 0.537307 0.660898 0.537516 0.661685 0.535729 0.661667 0.535521 0.662824 0.534701 0.662556 0.527516 0.656130
2 0.539716 0.709005 0.541456 0.704875 0.542383 0.702644 0.543385 0.700185 0.544440 0.698199 0.546096 0.695532 0.547398 0.694699 0.549195 0.694931 0.550680 0.695532 0.564352 0.713588 0.563206 0.716319 0.562372 0.716782 0.547815 0.696921 0.547060 0.697523 0.545286 0.700278 0.544320 0.702574 0.540836 0.710579
1 0.489529 0.771954 0.490729 0.769917 0.491497 0.770597 0.491880 0.771773 0.490674 0.774222
1 0.488565 0.774685 0.485703 0.779537 0.485260 0.782037 0.486172 0.783889 0.488021 0.781019 0.489711 0.776306
1 0.483151 0.785787 0.480284 0.792519 0.482081 0.793352 0.484320 0.788028
9 0.500914 0.733597 0.500133 0.734569 0.500315 0.735958 0.501461 0.736329 0.502242 0.734014
9 0.501461 0.736329 0.501432 0.737315 0.503073 0.736991 0.503255 0.735000 0.502995 0.734167 0.502242 0.734014
2 0.518102 0.735444 0.521747 0.755398 0.523258 0.755306 0.524508 0.753593 0.520810 0.733083 0.519456 0.733361 0.518622 0.733917
2 0.537378 0.737699 0.538339 0.737931 0.538885 0.738856 0.539115 0.741343 0.542292 0.739120 0.542318 0.737824 0.543984 0.738472 0.546120 0.737315 0.546641 0.735972 0.545755 0.735417 0.542734 0.735926 0.538620 0.736852
1 0.536484 0.795000 0.539867 0.802634 0.541612 0.801060 0.537888 0.793144
1 0.531143 0.782403 0.531378 0.781662 0.532576 0.781847 0.535154 0.787588 0.534115 0.788889
2 0.512458 0.807282 0.511885 0.815213 0.513844 0.816444 0.514688 0.816125 0.515049 0.805782 0.514146 0.805144 0.512820 0.805301
9 0.567966 0.675144 0.568237 0.677282 0.567003 0.678144 0.566667 0.681620 0.565677 0.683333 0.563906 0.683565 0.562240 0.682083 0.565312 0.681528 0.565469 0.677269 0.566094 0.675833
1 0.605411 0.749032 0.604604 0.768708 0.605021 0.769356 0.604682 0.771208 0.604109 0.771995 0.604344 0.773199 0.605750 0.772921 0.606453 0.770144 0.607104 0.749542
9 0.576789 0.778606 0.575174 0.783375 0.576607 0.784347 0.577102 0.783421 0.578299 0.783005 0.578924 0.781523 0.579185 0.779301 0.578612 0.778468 0.577622 0.778329
2 0.536570 0.766042 0.536690 0.768185 0.536510 0.772037 0.537526 0.773241 0.538359 0.771898 0.538698 0.771991 0.538620 0.776157 0.539375 0.776944 0.539922 0.776065 0.539740 0.771898 0.539219 0.768796 0.538880 0.765880
1 0.515276 0.739653 0.517437 0.743634 0.518542 0.743241 0.518698 0.742222 0.517448 0.739259
9 0.487086 0.746500 0.487227 0.745074 0.487714 0.744829 0.488724 0.745755 0.489661 0.746667 0.489635 0.748333 0.487943 0.748472 0.487187 0.748056
2 0.484357 0.746977 0.487086 0.746500 0.487187 0.748056 0.487943 0.748472 0.489635 0.748333 0.489661 0.746667 0.488724 0.745755 0.493258 0.744949 0.495581 0.749384 0.494372 0.749500 0.492576 0.749685 0.485034 0.750819 0.484070 0.749616 0.483862 0.748134
1 0.509628 0.723403 0.510174 0.723912 0.510911 0.724630 0.515208 0.733750 0.513203 0.734306 0.509505 0.725000
2 0.539716 0.709005 0.541456 0.704875 0.537891 0.696620 0.535104 0.700694 0.535026 0.702269 0.537526 0.705463
2 0.524242 0.737037 0.523930 0.738148 0.524607 0.739954 0.523409 0.741204 0.523174 0.742361 0.523695 0.743704 0.527133 0.742731 0.530648 0.741296 0.531013 0.739954 0.530701 0.736620 0.530258 0.735787 0.527159 0.736111 0.526898 0.736898
9 0.541547 0.743032 0.541237 0.746505 0.541732 0.747569 0.543656 0.747662 0.543971 0.746319 0.544102 0.742755 0.542695 0.741690
9 0.532521 0.727380 0.532656 0.729352 0.532729 0.731875 0.534109 0.735116 0.535411 0.733449 0.534370 0.730486 0.534190 0.728681 0.533432 0.727292
1 0.569570 0.711954 0.579826 0.704505 0.581154 0.703630 0.582378 0.702472 0.583529 0.700704 0.585456 0.698713 0.585586 0.700056 0.583737 0.702463 0.582305 0.704542 0.579349 0.707083 0.569130 0.714269 0.569104 0.713111
2 0.566651 0.553889 0.566198 0.555319 0.565961 0.558236 0.565440 0.559486 0.564164 0.560875 0.564505 0.561801 0.563760 0.563380 0.564490 0.563565 0.565495 0.563009 0.566677 0.560185 0.568760 0.558935 0.569802 0.558194 0.569141 0.554722 0.569974 0.553148 0.569776 0.551991
9 0.556302 0.475602 0.558284 0.470551 0.557708 0.469630 0.556458 0.468843 0.555130 0.468843 0.554271 0.470185
9 0.554602 0.457500 0.554792 0.455509 0.555625 0.454398 0.556068 0.454444 0.556016 0.458565
9 0.535417 0.453611 0.535995 0.452722 0.536594 0.452630 0.537005 0.453333 0.536589 0.454583 0.535891 0.454759
1 0.463193 0.654222 0.464964 0.659370 0.465604 0.661778 0.467552 0.665046 0.468438 0.663889 0.463977 0.654222
2 0.466667 0.669954 0.466969 0.676690 0.467411 0.678356 0.470555 0.677889 0.470841 0.676917 0.470815 0.672241 0.470875 0.669468
1 0.473281 0.669162 0.474089 0.670185 0.476198 0.670231 0.478542 0.668611 0.479740 0.668519 0.479792 0.670319 0.478203 0.672403 0.475521 0.673560 0.473255 0.672866 0.471510 0.671991 0.471224 0.669394
2 0.487154 0.660787 0.487292 0.660093 0.483385 0.659028 0.477865 0.658981 0.473880 0.662083 0.473880 0.663102 0.486172 0.662130
2 0.476612 0.611986 0.477315 0.615644 0.477810 0.616523 0.479268 0.616431 0.479294 0.614903 0.478357 0.611106
2 0.498659 0.619935 0.498716 0.621310 0.498997 0.622620 0.505221 0.622481 0.505169 0.623500 0.505560 0.623824 0.506055 0.622019 0.504414 0.619657
2 0.517742 0.630375 0.519635 0.629491 0.522135 0.629491 0.522292 0.633241 0.516693 0.633333 0.516458 0.631389
1 0.511286 0.558560 0.512042 0.558282 0.513240 0.558560 0.514281 0.559440 0.516781 0.563560 0.520073 0.566884 0.520565 0.567204 0.522753 0.568500 0.526737 0.569287 0.528898 0.569009 0.531581 0.569889 0.531711 0.572435 0.528612 0.570769 0.524992 0.570861 0.522128 0.570398 0.519680 0.568963 0.519057 0.568644 0.516313 0.565829 0.513422 0.560644 0.512823 0.560181 0.511495 0.560644
1 0.512760 0.572130 0.512943 0.575602 0.513594 0.575278 0.514714 0.575231 0.527214 0.576157 0.527161 0.573241
1 0.521029 0.594319 0.519701 0.595060 0.514089 0.598426 0.512760 0.599074 0.512604 0.600000 0.513229 0.600648 0.515625 0.598981 0.515703 0.600509 0.516562 0.600139 0.516719 0.598194 0.521224 0.595509
9 0.520539 0.596935 0.522529 0.596560 0.522951 0.597310 0.523010 0.598435 0.522589 0.599773 0.521745 0.600042 0.521474 0.600579 0.520208 0.601329 0.519755 0.599773 0.518854 0.599907 0.518411 0.599167 0.518464 0.597685 0.519115 0.597130
9 0.527620 0.581722 0.526685 0.582528 0.526747 0.583653 0.527440 0.584079 0.528984 0.583657 0.529062 0.582500 0.528594 0.581667
9 0.531872 0.574403 0.527185 0.574269 0.527214 0.576157 0.528852 0.577231 0.532005 0.576852
9 0.478982 0.590560 0.479604 0.590514 0.481661 0.593384 0.482156 0.593153 0.483068 0.593338 0.483279 0.594866 0.483432 0.596116 0.482807 0.597551 0.481089 0.596903 0.480750 0.595838 0.480935 0.594542 0.479995 0.592875 0.478797 0.592319 0.478693 0.591394
9 0.479740 0.601343 0.480099 0.600838 0.480438 0.598477 0.481479 0.598153 0.482026 0.599264 0.481948 0.600838 0.480594 0.602736 0.480073 0.602921
9 0.486297 0.624750 0.487781 0.624981 0.487807 0.626093 0.487208 0.626556 0.486349 0.626046
2 0.477810 0.616523 0.479268 0.616431 0.486250 0.615417 0.486042 0.617824 0.483021 0.618056 0.482057 0.618426 0.479219 0.618472 0.478734 0.617792
2 0.515495 0.642037 0.518753 0.641639 0.519031 0.642509 0.519141 0.647546 0.517648 0.647375 0.516190 0.646125 0.515201 0.644042
2 0.514419 0.647514 0.517648 0.647375 0.519115 0.647546 0.519289 0.652514 0.514471 0.652792
2 0.520122 0.643671 0.521505 0.644926 0.521539 0.646403 0.520966 0.647903 0.520305 0.647634
2 0.520305 0.647634 0.520966 0.647903 0.521563 0.648250 0.521654 0.651894 0.520448 0.652162
9 0.532435 0.662486 0.533917 0.662981 0.533737 0.664375 0.530521 0.664954 0.531224 0.663796 0.531146 0.663380
9 0.534313 0.645801 0.533125 0.648611 0.535826 0.650681 0.536047 0.649870 0.536680 0.646546 0.537812 0.643495 0.537044 0.642810
9 0.554737 0.743616 0.552914 0.743616 0.553357 0.745009 0.554766 0.748102 0.555781 0.748148 0.556172 0.746806
2 0.468755 0.612074 0.465891 0.609528 0.464719 0.609667 0.464172 0.611287 0.464328 0.613694 0.465474 0.613972
1 0.476497 0.633875 0.471315 0.644940 0.471003 0.647023 0.471706 0.647995 0.472695 0.646514 0.477539 0.634569
2 0.482156 0.627523 0.480703 0.629769 0.479948 0.630463 0.479974 0.633472 0.481380 0.635278 0.483307 0.634213 0.485078 0.631852
1 0.485208 0.631991 0.484969 0.633500 0.485333 0.635907 0.486922 0.644333 0.486922 0.647204 0.486661 0.648176 0.487000 0.649333 0.488042 0.647620 0.488120 0.643778 0.487573 0.641648 0.486531 0.635491 0.486792 0.634333
9 0.487807 0.626093 0.489865 0.625815 0.490047 0.630120 0.489187 0.630583 0.487859 0.630213 0.487703 0.627620
9 0.482888 0.610616 0.482474 0.615278 0.482471 0.615986 0.484633 0.615616 0.485076 0.611588
9 0.561523 0.791106 0.561344 0.792338 0.562065 0.793356 0.563573 0.793250 0.563331 0.790569 0.562458 0.790681
2 0.435948 0.666056 0.433266 0.671412 0.433687 0.674681 0.434138 0.672644 0.435945 0.670181
1 0.565536 0.807759 0.569651 0.821972 0.569469 0.824380 0.570250 0.825491 0.571344 0.828778 0.570875 0.830074 0.568870 0.829935 0.568036 0.826000 0.566682 0.824796 0.566552 0.820259 0.564573 0.813176
1 0.564070 0.803079 0.562068 0.795287 0.560414 0.794500 0.560133 0.798301 0.563073 0.807963
9 0.562458 0.790681 0.562000 0.789505 0.562482 0.788542 0.563505 0.788273 0.564146 0.789819 0.564049 0.791005 0.563331 0.790569
2 0.470938 0.617315 0.475016 0.616611 0.476266 0.618421 0.470797 0.619347
1 0.513661 0.583347 0.517357 0.585014 0.518870 0.587931 0.519651 0.590014 0.521029 0.594319 0.519701 0.595060 0.517227 0.587468 0.516240 0.586727 0.513896 0.585755
1 0.509729 0.559708 0.508036 0.563736 0.506224 0.569444 0.506318 0.573227 0.506682 0.575681 0.509052 0.581144 0.510354 0.579894 0.508776 0.577454 0.507385 0.573181 0.507307 0.570264 0.508583 0.566144 0.510042 0.562486
1 0.534195 0.571458 0.537997 0.573449 0.541201 0.574792 0.539247 0.576366 0.534427 0.574583
1 0.542320 0.575486 0.543909 0.576088 0.542268 0.578218 0.540341 0.577199
9 0.485747 0.667981 0.485383 0.670759 0.484888 0.671870 0.484081 0.672148 0.484081 0.674417 0.484784 0.675759 0.486034 0.674046 0.486789 0.674000 0.487076 0.672333 0.487779 0.665343
8 0.492576 0.749685 0.488773 0.759454 0.489633 0.761208 0.493409 0.751907 0.494372 0.749500
8 0.435497 0.640843 0.431943 0.654074 0.432484 0.655037 0.433479 0.654718 0.436401 0.642343
2 0.505771 0.411986 0.506701 0.414833 0.505940 0.417144 0.505651 0.419269 0.504635 0.420523 0.503932 0.418333
8 0.425651 0.337792 0.408146 0.361671 0.408346 0.363250 0.409357 0.363606 0.426661 0.339227 0.426539 0.338079
8 0.414221 0.509005 0.424117 0.515995 0.424221 0.518819 0.414482 0.512106
8 0.425966 0.517060 0.433102 0.521782 0.433154 0.522801 0.432555 0.524190 0.426044 0.519838
8 0.488385 0.470343 0.487708 0.475759 0.488958 0.475324 0.489870 0.469509 0.489505 0.468907
8 0.500049 0.436824 0.500109 0.460718 0.502310 0.458574 0.501719 0.436065 0.500807 0.435648
8 0.483260 0.418690 0.476620 0.422625 0.476750 0.424014 0.477453 0.424477 0.484068 0.420403
8 0.543461 0.665764 0.551641 0.670926 0.552891 0.672361 0.550052 0.672639 0.543724 0.668889 0.543703 0.667699
8 0.512258 0.631014 0.514211 0.633097 0.515021 0.633236 0.515411 0.634347 0.515201 0.635505 0.513820 0.635968 0.511896 0.633838
8 0.491414 0.636884 0.494669 0.633190 0.503664 0.622963 0.504628 0.622870 0.511526 0.630370 0.511086 0.632963 0.504367 0.626301 0.503583 0.626532 0.493247 0.639958
8 0.489781 0.657426 0.492607 0.642736 0.490831 0.640218 0.488148 0.654681 0.487154 0.660787
8 0.588909 0.660944 0.591292 0.674356 0.592841 0.677889 0.592841 0.672981 0.590628 0.659972
8 0.536479 0.667000 0.526813 0.668935 0.526409 0.671157 0.527016 0.673884 0.539802 0.670944
8 0.538516 0.666620 0.543461 0.665764 0.543703 0.667699 0.543661 0.670426 0.541969 0.670569
8 0.454042 0.479269 0.454219 0.465880 0.453047 0.466343 0.452578 0.476667 0.452734 0.482963
8 0.482039 0.451866 0.477609 0.479935 0.478693 0.479667 0.483333 0.451866 0.482701 0.451440
8 0.481536 0.454907 0.469766 0.480931 0.470469 0.482829 0.472214 0.481806 0.480234 0.463338
8 0.501414 0.385176 0.502297 0.389991 0.502271 0.393556 0.502065 0.397630 0.501414 0.400778 0.502065 0.402444 0.503182 0.397444 0.503523 0.391519 0.502716 0.384157
8 0.545440 0.499218 0.541560 0.507505 0.541901 0.508981 0.544737 0.506764 0.546534 0.501532
8 0.499146 0.370032 0.501359 0.377718 0.500182 0.378519 0.498130 0.370958
2 0.519786 0.463324 0.520904 0.463074 0.522786 0.463449 0.523727 0.462208 0.515682 0.440361 0.514948 0.438241 0.510266 0.424986 0.506919 0.426704 0.510625 0.436806 0.511458 0.438843
2 0.507451 0.416537 0.506669 0.417417 0.506641 0.419963 0.505732 0.420657 0.505365 0.422606 0.505781 0.423565 0.509216 0.422185
8 0.526146 0.449537 0.525622 0.463657 0.527891 0.463519 0.528438 0.454954
8 0.525625 0.465880 0.524487 0.487389 0.525875 0.488060 0.526917 0.487051 0.527786 0.465787
8 0.521102 0.416917 0.517917 0.418259 0.509216 0.422185 0.504581 0.424032 0.504297 0.426278 0.504865 0.427620 0.521448 0.419718 0.522112 0.418259 0.521927 0.416852
8 0.522552 0.416019 0.525359 0.414505 0.528922 0.411981 0.529393 0.413889 0.526557 0.416806 0.524854 0.418259 0.522711 0.418764
8 0.513906 0.379491 0.511089 0.388380 0.504703 0.410069 0.498036 0.432880 0.492781 0.450449 0.488865 0.465037 0.487904 0.466565 0.487984 0.467435 0.495742 0.472954 0.497331 0.472259 0.496159 0.470824 0.489961 0.466884 0.490510 0.464806 0.493763 0.452440 0.495013 0.453093 0.496159 0.452440 0.496500 0.450963 0.496471 0.448551 0.495380 0.448088 0.496732 0.445074 0.497380 0.442532 0.499596 0.433361 0.505771 0.411986 0.511828 0.390718 0.514633 0.381667 0.515417 0.380866 0.514932 0.379792
8 0.477396 0.567824 0.479422 0.576116 0.480958 0.574880 0.477917 0.561329
8 0.479635 0.577454 0.480479 0.580949 0.481565 0.580736 0.482047 0.579292 0.481234 0.575968
8 0.577367 0.754162 0.587250 0.771306 0.586078 0.773019 0.576284 0.756144
8 0.564771 0.732310 0.576253 0.752125 0.575076 0.753949 0.563203 0.733981
8 0.559258 0.723204 0.563307 0.730880 0.561797 0.732037 0.557510 0.724648
8 0.550859 0.712917 0.555576 0.721343 0.557372 0.720139 0.552555 0.711667 0.551461 0.711250
8 0.563721 0.716468 0.566964 0.711074 0.578643 0.699236 0.580003 0.699236 0.580419 0.700972 0.568984 0.712005 0.568148 0.714356 0.565638 0.716468
8 0.484503 0.727264 0.483776 0.730509 0.480417 0.741204 0.480755 0.742824 0.481927 0.743009 0.482552 0.741481 0.486328 0.728102
8 0.492862 0.677370 0.492836 0.661676 0.492055 0.660611 0.491482 0.661676 0.491404 0.677833
8 0.560500 0.675116 0.551156 0.685898 0.552901 0.689495 0.553807 0.689245 0.562836 0.675981 0.562000 0.674866
8 0.460687 0.550449 0.458336 0.571824 0.457734 0.580338 0.459240 0.579806 0.459505 0.570787 0.461901 0.550370
8 0.461091 0.546181 0.461221 0.542384 0.462914 0.528356 0.463409 0.527199 0.464138 0.527523 0.464190 0.528634 0.462602 0.542431 0.462367 0.546042
8 0.458339 0.640644 0.462766 0.635500 0.466602 0.634940 0.467333 0.638907 0.462732 0.639343 0.459315 0.643306
8 0.467995 0.634755 0.470367 0.633824 0.470958 0.635375 0.470958 0.638037 0.468659 0.638412
8 0.469456 0.683769 0.481380 0.668273 0.489781 0.657426 0.491630 0.653273 0.493510 0.655009 0.493581 0.657241 0.481938 0.673231 0.471268 0.687111
8 0.463828 0.618981 0.466602 0.634940 0.467333 0.638907 0.469271 0.648366 0.470318 0.650532 0.472305 0.652764 0.481612 0.652023 0.481786 0.650287 0.481299 0.648426 0.472305 0.649481 0.471049 0.648241 0.470247 0.646009 0.468659 0.638412 0.467995 0.634755 0.464922 0.618426
8 0.460768 0.602111 0.463086 0.615306 0.464154 0.614704 0.461862 0.600954 0.461315 0.601231
8 0.458211 0.587204 0.460339 0.600000 0.461510 0.598565 0.459432 0.586972
8 0.572414 0.630639 0.578091 0.652449 0.578638 0.653606 0.578464 0.655370 0.578638 0.657403 0.580930 0.656986 0.574393 0.629255 0.572779 0.629255
8 0.598359 0.665417 0.602474 0.644014 0.603625 0.644199 0.604078 0.645565 0.599406 0.667069 0.598745 0.667690
8 0.591766 0.621134 0.595320 0.598583 0.596586 0.598370 0.597281 0.600083 0.592398 0.623384
8 0.579336 0.718338 0.579336 0.725005 0.581474 0.725005 0.581865 0.723060 0.582044 0.716204
8 0.579349 0.707083 0.579232 0.715097 0.582187 0.712222 0.582305 0.704542
8 0.583177 0.673287 0.582378 0.702472 0.581154 0.703630 0.579826 0.704505 0.579747 0.701731 0.580419 0.700972 0.580003 0.699236 0.580997 0.665986
8 0.510201 0.710856 0.509159 0.722153 0.509628 0.723403 0.510174 0.723912 0.511060 0.722708 0.512076 0.711458 0.511294 0.710208 0.510747 0.710116
8 0.510430 0.773106 0.516523 0.768847 0.523294 0.762736 0.523008 0.760931 0.516523 0.766162 0.509414 0.770699
8 0.527396 0.754542 0.529870 0.752227 0.532083 0.749171 0.535102 0.743616 0.536273 0.743569 0.536430 0.744588 0.533516 0.750097 0.531221 0.753431 0.529242 0.755144
8 0.463125 0.708125 0.465573 0.707014 0.467656 0.705810 0.467813 0.709514 0.466042 0.710208 0.464818 0.710440
8 0.468646 0.705162 0.469818 0.703819 0.471719 0.705394 0.470339 0.707569 0.468802 0.709005
8 0.472474 0.698310 0.471693 0.700810 0.470677 0.702569 0.472682 0.703819 0.474427 0.699977 0.475391 0.696088 0.474844 0.695208 0.473594 0.694931 0.473438 0.697199
8 0.473180 0.684634 0.473674 0.691440 0.474534 0.692505 0.474560 0.690051 0.475419 0.688199 0.475211 0.684032 0.474820 0.682505
8 0.460055 0.710148 0.457164 0.713944 0.457581 0.716444 0.461305 0.711583
8 0.462372 0.707231 0.464612 0.703157 0.466096 0.702139 0.466174 0.704269 0.464820 0.705750 0.463883 0.707741 0.463125 0.708125
8 0.463177 0.465139 0.462969 0.492546 0.465180 0.492162 0.465117 0.477671 0.464674 0.477162 0.464648 0.476097 0.465117 0.475495 0.464883 0.463366 0.464336 0.462861 0.463424 0.463366
8 0.463073 0.473000 0.457839 0.478093 0.453464 0.483463 0.453464 0.484667 0.454089 0.485176 0.459635 0.479204 0.461484 0.477676 0.463099 0.475083
8 0.465026 0.471009 0.469583 0.466796 0.470260 0.466843 0.470521 0.467815 0.470104 0.469204 0.465078 0.473833
8 0.453052 0.485894 0.453464 0.484667 0.453464 0.483463 0.454979 0.481537 0.460917 0.466634 0.464198 0.457231 0.469875 0.443574 0.475005 0.436819 0.475344 0.434273 0.474328 0.433116 0.467453 0.443435 0.465161 0.447236 0.459693 0.463440 0.454042 0.479269 0.452349 0.484083
8 0.451932 0.485519 0.450370 0.488713 0.449797 0.489407 0.449536 0.490843 0.451099 0.490889 0.452687 0.487602
8 0.476516 0.417384 0.477167 0.416597 0.483755 0.414838 0.493182 0.411088 0.493521 0.412708 0.492633 0.414329 0.483729 0.417199 0.476932 0.420903 0.476516 0.419514
8 0.480182 0.474954 0.482932 0.457931 0.483565 0.457662 0.484229 0.458949 0.481516 0.474431
8 0.482198 0.482111 0.492797 0.481231 0.509021 0.479472 0.509932 0.482528 0.491234 0.484287 0.473995 0.486278 0.473943 0.485167
8 0.536747 0.292491 0.536505 0.320245 0.537878 0.320889 0.538000 0.291417 0.537112 0.291417
8 0.554349 0.416519 0.555779 0.425255 0.558674 0.445028 0.557766 0.446204 0.556339 0.446454 0.554523 0.430222 0.554943 0.425380 0.553862 0.423894 0.553060 0.417324
8 0.568122 0.523134 0.570594 0.537009 0.571948 0.537065 0.572430 0.535458 0.569508 0.522120 0.568513 0.521903
8 0.485370 0.485542 0.483000 0.493782 0.481464 0.507671 0.480682 0.512116 0.479745 0.518037 0.480214 0.518963 0.481281 0.519014 0.481776 0.512208 0.484341 0.493120 0.486677 0.486657 0.486260 0.485639
8 0.479083 0.522829 0.477781 0.534403 0.477104 0.536810 0.477547 0.538199 0.478432 0.539125 0.479422 0.538292 0.479526 0.536255 0.479266 0.533755 0.480516 0.525097 0.480490 0.523847 0.479891 0.523060
8 0.574294 0.559977 0.574060 0.563403 0.573513 0.565255 0.572185 0.566875 0.571404 0.569236 0.571221 0.572153 0.570805 0.575579 0.566872 0.586921 0.566664 0.590116 0.565258 0.594329 0.564659 0.596319 0.564685 0.599375 0.566352 0.599699 0.566846 0.596088 0.568669 0.589653 0.568617 0.587477 0.570154 0.583866 0.572758 0.575718 0.573799 0.571551 0.575232 0.567569 0.575076 0.563866 0.576039 0.560440 0.575883 0.559144 0.574919 0.559005
8 0.559951 0.576069 0.561904 0.599356 0.562633 0.601023 0.563883 0.601208 0.564352 0.600005 0.564299 0.598245 0.563518 0.596856 0.563570 0.593986 0.561747 0.575931
8 0.562102 0.605458 0.563128 0.603958 0.567315 0.599995 0.569513 0.598870 0.570086 0.600259 0.563427 0.607921 0.562464 0.607009
8 0.558997 0.577472 0.560898 0.587704 0.561904 0.599356 0.562633 0.601023 0.561393 0.601500 0.559883 0.601083 0.558529 0.592241 0.559544 0.592194 0.559206 0.588398 0.558294 0.588352 0.557409 0.584741 0.557279 0.583306
8 0.556367 0.575343 0.556758 0.580481 0.558633 0.576315 0.558555 0.575019
8 0.555898 0.571778 0.555612 0.570204 0.555273 0.566176 0.556133 0.565157 0.557565 0.565250 0.558320 0.571546
8 0.509885 0.582051 0.510690 0.580940 0.511263 0.583995
8 0.475286 0.548653 0.476276 0.553097 0.474687 0.553838 0.473672 0.549856 0.473906 0.548653
8 0.475549 0.700083 0.474984 0.709338 0.474419 0.715861 0.474823 0.720523 0.476719 0.723463 0.478453 0.724898 0.484503 0.727264 0.496281 0.732356 0.506609 0.735153 0.507133 0.733644 0.506367 0.731495 0.499188 0.729273 0.487448 0.724824 0.478516 0.721528 0.476518 0.720523 0.475953 0.718875 0.476234 0.708190 0.477242 0.699870 0.476477 0.698292
8 0.436401 0.642343 0.435703 0.645231 0.435911 0.665741 0.436042 0.684120 0.436641 0.685093 0.437057 0.686204 0.436849 0.687454 0.436302 0.688380 0.436302 0.698472 0.436250 0.702454 0.437474 0.709306 0.438385 0.709630 0.438411 0.707685 0.437760 0.705139 0.437396 0.702130 0.437500 0.690278 0.437318 0.667731 0.437135 0.663148 0.436927 0.643056
8 0.438182 0.722019 0.440029 0.727907 0.443760 0.737389 0.448083 0.751829 0.447070 0.752204 0.442747 0.738009 0.437344 0.722889
8 0.474393 0.748236 0.476242 0.749903 0.477596 0.750042 0.478404 0.748745 0.479211 0.748144 0.480773 0.751292 0.478951 0.751801 0.476112 0.751847 0.475253 0.751431
8 0.476112 0.751847 0.476208 0.757037 0.477500 0.757968 0.477604 0.751829
8 0.476242 0.749903 0.477596 0.750042 0.478073 0.737500 0.478453 0.724898 0.476979 0.723657
8 0.478516 0.721528 0.478698 0.707963 0.479063 0.702269 0.479193 0.695093 0.478802 0.694306 0.478203 0.694398 0.477656 0.695556 0.477422 0.706852 0.477135 0.720787
8 0.478078 0.683681 0.477659 0.692106 0.478286 0.692708 0.479328 0.691690 0.479328 0.685394
8 0.478073 0.678287 0.478026 0.681736 0.479510 0.682986 0.479479 0.676481
8 0.475568 0.681491 0.476378 0.684870 0.476479 0.686028 0.475419 0.688199 0.474560 0.690051 0.474534 0.692505 0.475672 0.692648 0.475646 0.691074 0.476768 0.688944 0.477443 0.687000 0.477469 0.684639 0.476193 0.680796
8 0.472443 0.673111 0.474500 0.677185 0.473667 0.678389 0.471792 0.674130
8 0.491437 0.671560 0.489276 0.673412 0.486229 0.677301 0.486383 0.678782 0.487375 0.679384 0.489745 0.675634 0.491385 0.673921
8 0.492844 0.669940 0.495495 0.666574 0.497115 0.666792 0.496698 0.667856 0.492870 0.673134
8 0.498250 0.660148 0.501141 0.659639 0.502182 0.657787 0.502052 0.656769 0.500958 0.655333
8 0.503573 0.656690 0.509250 0.649421 0.510135 0.650347 0.509953 0.651273 0.504172 0.658542
8 0.532339 0.682861 0.532945 0.682278 0.534195 0.683292 0.542383 0.702644 0.541456 0.704875 0.532904 0.684940
8 0.536576 0.684727 0.537141 0.684222 0.538875 0.685218 0.544440 0.698199 0.543385 0.700185
8 0.545286 0.700278 0.549927 0.711403 0.549685 0.713264 0.548878 0.713051 0.544320 0.702574
8 0.544844 0.708611 0.547547 0.714333 0.547062 0.715204 0.545893 0.715125 0.543956 0.710606
8 0.436258 0.579657 0.459823 0.583500 0.475810 0.585597 0.476956 0.585273 0.477164 0.586523 0.476591 0.587356 0.476219 0.588926 0.474839 0.589574 0.459432 0.586972 0.458211 0.587204 0.438383 0.583833 0.437914 0.583139 0.435932 0.583875 0.435388 0.582583 0.435388 0.580593
8 0.503594 0.495898 0.519596 0.490009 0.522211 0.490319 0.524372 0.491810 0.526326 0.495468 0.533542 0.538852 0.534307 0.539657 0.538003 0.537546 0.538214 0.540273 0.534518 0.541579 0.532810 0.540773 0.531659 0.538417 0.524685 0.496273 0.523396 0.494287 0.521758 0.492676 0.520466 0.492431 0.504445 0.497778 0.502935 0.499444 0.502026 0.501477 0.501503 0.503796 0.502648 0.521157 0.501297 0.522593 0.499964 0.509213 0.499865 0.503704 0.500279 0.501296 0.501164 0.498750 0.502258 0.496991
8 0.486927 0.606500 0.485911 0.619648 0.487839 0.619741 0.488516 0.605667
8 0.490031 0.583162 0.487609 0.601310 0.489276 0.600431 0.490865 0.584551
8 0.493365 0.566125 0.492115 0.567653 0.490344 0.581542 0.491047 0.583347 0.493026 0.568301 0.493703 0.567884
8 0.479797 0.424292 0.479042 0.426519 0.479094 0.428690 0.479849 0.429019 0.497505 0.434620 0.498036 0.432880 0.495396 0.431699 0.486802 0.428968 0.480188 0.427301 0.480214 0.426241 0.481151 0.425171 0.480734 0.424060
8 0.500161 0.431977 0.500214 0.434755 0.500917 0.433782 0.501411 0.432810 0.501411 0.431611
8 0.500807 0.435648 0.501719 0.436065 0.511458 0.438843 0.510625 0.436806 0.501745 0.433796
8 0.514948 0.438241 0.523417 0.440773 0.523938 0.441699 0.523911 0.442676 0.515682 0.440361
8 0.426628 0.544384 0.426208 0.547731 0.427122 0.565083 0.427721 0.564949 0.428404 0.563884 0.427906 0.551616 0.428346 0.547403 0.428008 0.544579 0.427255 0.544111
8 0.437604 0.513657 0.435367 0.518023 0.433154 0.522801 0.432555 0.524190 0.430081 0.529551 0.428674 0.532097 0.427841 0.535569 0.428232 0.537468 0.429039 0.537051 0.429456 0.535060 0.430471 0.533394 0.433049 0.525847 0.438388 0.514042 0.438232 0.513255
8 0.457966 0.572981 0.453617 0.574972 0.452628 0.577148 0.454451 0.581731 0.455518 0.582796 0.457003 0.582981 0.456326 0.580481 0.455076 0.579972 0.454008 0.577380 0.454034 0.576685 0.458122 0.574787 0.458201 0.573676
8 0.459432 0.586972 0.460260 0.587037 0.465677 0.594213 0.466745 0.599306 0.466146 0.599954 0.465599 0.599537 0.464974 0.595370 0.464219 0.594259 0.459740 0.588519
8 0.503315 0.568977 0.502013 0.578421 0.501102 0.579671 0.498576 0.581060 0.493154 0.582056 0.491146 0.582574 0.491047 0.583347 0.491771 0.584657 0.499635 0.582574 0.502500 0.580259 0.503932 0.577019 0.504609 0.569241
8 0.481641 0.585370 0.477164 0.586523 0.477448 0.588796 0.482870 0.587454
8 0.476219 0.588926 0.476591 0.587356 0.477164 0.586523 0.477448 0.588796 0.480526 0.605505 0.479651 0.605986
8 0.482057 0.618426 0.482346 0.620324 0.483440 0.620231 0.483021 0.618056
8 0.475810 0.585597 0.475052 0.583056 0.475182 0.581019 0.475859 0.580880 0.476172 0.582731 0.476956 0.585273
8 0.424974 0.621833 0.429211 0.667875 0.429573 0.659481 0.426680 0.623662
8 0.423206 0.597759 0.424010 0.609847 0.425539 0.609782 0.424846 0.597514
8 0.431930 0.547269 0.436461 0.547222 0.436852 0.548889 0.435784 0.554954 0.435315 0.554120 0.434794 0.554074 0.433831 0.549074 0.431565 0.548889
8 0.430073 0.555708 0.428404 0.563884 0.427990 0.566634 0.429161 0.567977 0.430229 0.568671 0.431427 0.568903 0.432443 0.567792 0.433771 0.558949 0.432391 0.558069 0.430906 0.558023
8 0.561052 0.502204 0.569312 0.533315 0.568789 0.534801 0.566490 0.534491 0.559411 0.503505
8 0.557247 0.498338 0.555763 0.494218 0.555893 0.492042 0.556674 0.491255 0.558107 0.491440 0.559695 0.496440
8 0.559951 0.576069 0.561747 0.575931 0.570805 0.575579 0.571221 0.572153 0.561036 0.571810
8 0.548458 0.574829 0.552315 0.572579 0.555898 0.571778 0.558320 0.571546 0.560029 0.571398 0.559125 0.575042 0.558555 0.575019 0.556367 0.575343 0.553341 0.576329 0.551049 0.577722
8 0.565258 0.594329 0.566664 0.590116 0.563464 0.578611 0.562135 0.579861 0.562604 0.584769
8 0.567661 0.593162 0.569513 0.598870 0.567315 0.599995 0.566562 0.598380 0.566846 0.596088
8 0.573799 0.571551 0.574557 0.572176 0.574974 0.574167 0.574557 0.575787 0.572758 0.575718
8 0.572185 0.566875 0.573513 0.565255 0.574060 0.563403 0.571224 0.553287 0.569974 0.553148 0.569141 0.554722 0.570651 0.562500
8 0.575232 0.567569 0.573799 0.571551 0.574557 0.572176 0.574974 0.574167 0.574557 0.575787 0.573750 0.575787 0.577891 0.592639 0.579089 0.595000 0.581823 0.592222 0.581328 0.590139
8 0.582292 0.596065 0.584344 0.619907 0.583693 0.620648 0.582599 0.620509 0.582156 0.619491 0.581297 0.605093 0.580047 0.598194
8 0.581500 0.659704 0.583445 0.667667 0.583586 0.659421
8 0.580930 0.656986 0.581146 0.650880 0.581849 0.650417 0.583203 0.650370 0.584063 0.651620 0.583724 0.656620
8 0.583586 0.659421 0.589052 0.690213 0.590385 0.695431 0.591534 0.695801 0.593000 0.695306 0.594219 0.694005 0.594846 0.692023 0.595333 0.687995 0.593906 0.680431 0.591292 0.674356 0.585328 0.641074 0.585714 0.648884 0.584701 0.649380 0.583656 0.648574 0.583378 0.628866 0.581495 0.628431 0.578740 0.631657 0.582292 0.650370 0.583203 0.650370 0.584063 0.651620 0.583724 0.656620 0.584255 0.656519 0.584984 0.657255 0.585034 0.659111
8 0.470815 0.672241 0.471792 0.674130 0.473667 0.678389 0.472794 0.679417 0.472169 0.678861 0.470737 0.678861 0.470555 0.677889 0.470841 0.676917
8 0.462732 0.639343 0.467370 0.648472 0.466927 0.650833 0.465599 0.652083 0.461016 0.641389
8 0.460026 0.632005 0.461693 0.636819 0.460000 0.638764 0.458516 0.634398
8 0.457997 0.631773 0.455573 0.623718 0.456380 0.622606 0.457500 0.622282 0.459349 0.630060
8 0.488023 0.583435 0.490031 0.583162 0.489716 0.585704 0.488284 0.586074 0.487919 0.584315
8 0.477547 0.538199 0.476979 0.542454 0.477083 0.552361 0.478229 0.549861 0.478432 0.539125
8 0.477917 0.561329 0.477396 0.567824 0.476797 0.573935 0.475755 0.579352 0.474740 0.579120 0.474896 0.577731 0.475729 0.572870 0.476667 0.566481 0.476901 0.560833 0.477240 0.560648
8 0.427089 0.384245 0.434336 0.427356 0.435219 0.427731 0.435482 0.426431 0.428219 0.383606 0.427458 0.383514
2 0.541596 0.435972 0.541398 0.437199 0.540776 0.437569 0.541320 0.445625 0.541870 0.446736 0.542779 0.448037 0.543299 0.451412 0.550112 0.468931 0.542240 0.474907 0.540495 0.475509 0.538549 0.476986 0.540789 0.483005 0.551570 0.474718 0.553148 0.479264 0.553799 0.479449 0.554164 0.480421 0.554086 0.482088 0.557326 0.491338 0.558107 0.491440 0.559695 0.496440 0.557247 0.498338 0.550729 0.502870 0.548880 0.504120 0.551128 0.510000 0.559411 0.503505 0.561052 0.502204 0.564253 0.499949 0.563966 0.496431 0.549367 0.456944 0.546617 0.449509 0.543018 0.439505 0.541813 0.436449
2 0.504703 0.410069 0.502065 0.402444 0.501414 0.400778 0.496562 0.386157 0.504661 0.380185 0.503385 0.376389 0.501359 0.377718 0.500182 0.378519 0.496786 0.381097 0.495823 0.381653 0.492760 0.383333 0.492474 0.384907 0.503151 0.415278
2 0.528922 0.411981 0.529393 0.413889 0.530828 0.412500 0.531281 0.410519 0.531247 0.406986 0.516953 0.366759 0.511997 0.370370 0.510435 0.371343 0.506198 0.374472 0.507812 0.379028 0.511328 0.376481 0.513099 0.375093 0.515536 0.373241 0.517969 0.380509 0.518951 0.377569 0.519557 0.377931 0.518401 0.381597
2 0.534099 0.414917 0.540911 0.433042 0.538385 0.438148 0.532734 0.420926 0.533044 0.419097
2 0.527005 0.484361 0.537604 0.517000 0.538958 0.518532 0.549896 0.510602 0.547865 0.504861 0.544737 0.506764 0.541901 0.508981 0.540052 0.510287 0.532937 0.489116 0.539661 0.483935 0.537344 0.477824 0.530542 0.482690 0.527500 0.473148
8 0.567924 0.475773 0.569932 0.488690 0.570086 0.491236 0.569672 0.495866 0.569096 0.497162 0.568133 0.497486 0.567404 0.496005 0.567719 0.494194 0.568393 0.491745 0.568654 0.489153 0.566492 0.475958
8 0.557143 0.652731 0.554219 0.653856 0.552021 0.656745 0.545482 0.659954 0.546146 0.662315 0.547500 0.665310 0.548164 0.665264 0.548977 0.661722 0.552622 0.660171 0.556661 0.657278 0.558529 0.656153 0.558648 0.653796
8 0.506661 0.675704 0.511724 0.676778 0.528094 0.674986 0.542109 0.673440 0.567208 0.670898 0.569844 0.670185 0.570102 0.672514 0.544036 0.675741 0.526107 0.677963 0.512128 0.680194 0.510279 0.682671 0.508779 0.682306 0.505992 0.680625 0.505328 0.678398
8 0.560021 0.680083 0.570099 0.688972 0.570177 0.690407 0.569240 0.691009 0.559214 0.681380
8 0.538643 0.371005 0.535438 0.385264 0.534677 0.392014 0.532115 0.409273 0.528164 0.436995 0.529727 0.440903 0.534414 0.409296 0.537635 0.384986 0.540323 0.371440 0.539453 0.370648
8 0.472344 0.354546 0.470971 0.358991 0.461841 0.403111 0.461146 0.406852 0.452727 0.446824 0.446151 0.475296 0.440062 0.506898 0.438388 0.514042 0.436919 0.522606 0.431995 0.545042 0.437076 0.545477 0.437924 0.544620 0.446609 0.499991 0.450021 0.480463 0.447966 0.475444 0.448664 0.474088 0.450195 0.478051 0.461010 0.429403 0.464271 0.413426 0.466799 0.403588 0.467568 0.399435 0.475268 0.363144 0.475974 0.357449 0.474857 0.355602
8 0.487448 0.724824 0.492203 0.708162 0.492396 0.694398 0.492768 0.681056 0.492164 0.679907 0.491156 0.680769 0.490630 0.699556 0.490872 0.707514 0.489018 0.712176 0.488130 0.716477 0.486477 0.720495 0.485711 0.724222
8 0.583378 0.628866 0.583656 0.648574 0.584701 0.649380 0.585714 0.648884 0.585328 0.641074 0.585052 0.624907 0.583333 0.625093
8 0.590536 0.629838 0.590643 0.633931 0.596115 0.669630 0.597195 0.670931 0.597997 0.670560 0.597859 0.667583 0.591828 0.629718
8 0.590922 0.626431 0.591164 0.629778 0.591828 0.629718 0.597859 0.667583 0.598745 0.667690 0.598359 0.665417 0.592734 0.626370 0.592281 0.625750
8 0.572318 0.773287 0.574479 0.761157 0.573984 0.760741 0.570698 0.767403 0.564070 0.803079 0.556602 0.839917 0.559263 0.840667 0.569245 0.788750
8 0.546500 0.837852 0.556602 0.839917 0.559263 0.840667 0.560927 0.841139 0.556865 0.845444
8 0.570526 0.843116 0.582685 0.845398 0.584995 0.845954 0.594419 0.848361 0.587521 0.851037 0.573208 0.848144
8 0.569245 0.788750 0.589208 0.781523 0.589388 0.784361 0.568750 0.791273
8 0.553615 0.766167 0.554318 0.773065 0.555255 0.775657 0.556922 0.776352 0.565255 0.773157 0.566323 0.771120 0.565125 0.771028 0.563458 0.771583 0.557625 0.773991 0.556297 0.773944 0.555854 0.772648 0.555125 0.765565
8 0.532628 0.806713 0.531302 0.828514 0.533714 0.830065 0.534979 0.807245 0.533953 0.806338
8 0.535078 0.805463 0.534979 0.807245 0.534857 0.817801 0.534917 0.831083 0.536815 0.832852 0.537148 0.830870 0.536576 0.806444
8 0.535211 0.802639 0.535940 0.803699 0.536982 0.803889 0.536797 0.797407 0.535417 0.797546
8 0.537781 0.806843 0.538896 0.833866 0.542487 0.836468 0.540604 0.805662 0.539203 0.806926
8 0.460063 0.865167 0.463802 0.886343 0.466924 0.885495 0.464451 0.867157
8 0.452977 0.624421 0.454536 0.619648 0.460768 0.602111 0.461315 0.601231 0.461862 0.600954 0.463094 0.600472 0.465445 0.601546 0.471201 0.610653 0.482156 0.627523 0.490831 0.640218 0.492607 0.642736 0.499953 0.653060 0.500958 0.655333 0.502052 0.656769 0.502182 0.657787 0.502878 0.659273 0.503117 0.662597 0.502305 0.665380 0.498990 0.669616 0.494771 0.674380 0.492862 0.677370 0.491404 0.677833 0.479766 0.690023 0.479328 0.691690 0.478802 0.694306 0.479193 0.695093 0.480549 0.695111 0.481935 0.692861 0.482146 0.691255 0.491156 0.680769 0.492164 0.679907 0.503026 0.669079 0.504414 0.665329 0.504503 0.661310 0.504172 0.658542 0.503573 0.656690 0.502208 0.653417 0.499435 0.648380 0.493247 0.639958 0.491414 0.636884 0.478734 0.617792 0.466432 0.599593 0.466146 0.599954 0.465599 0.599537 0.464531 0.598477 0.463151 0.597968 0.461510 0.598565 0.460339 0.600000 0.458906 0.601856 0.455182 0.611491 0.451615 0.620606
8 0.478026 0.681736 0.479510 0.682986 0.480990 0.685046 0.482083 0.687593 0.481172 0.688565 0.480026 0.685926 0.479328 0.685394 0.478078 0.683681
8 0.482146 0.691255 0.484896 0.698657 0.485938 0.698380 0.486042 0.696528 0.483125 0.690139
8 0.553682 0.674634 0.558932 0.676944 0.560500 0.675116 0.558708 0.673940
8 0.562380 0.676625 0.564490 0.677366 0.564490 0.678847 0.563812 0.680097 0.561286 0.678245
8 0.536680 0.646546 0.552021 0.656745 0.549065 0.658227 0.536047 0.649870
8 0.513435 0.617255 0.511526 0.630370 0.511086 0.632963 0.509893 0.638829 0.509997 0.640079 0.510701 0.640125 0.511195 0.639153 0.511896 0.633838 0.512258 0.631014 0.514685 0.616977 0.514294 0.616282 0.513669 0.616282
8 0.502180 0.533819 0.503953 0.551907 0.504885 0.545685 0.503812 0.533241
8 0.486839 0.488667 0.489417 0.492694 0.491396 0.494407 0.493633 0.494315 0.496497 0.487833 0.497646 0.489176 0.496497 0.492231 0.495016 0.495380 0.493138 0.496769 0.490979 0.496444 0.488997 0.494639 0.486081 0.490565 0.486292 0.489269
8 0.507302 0.467968 0.497331 0.472259 0.495742 0.472954 0.488958 0.475324 0.487708 0.475759 0.478693 0.479667 0.477609 0.479935 0.472214 0.481806 0.470469 0.482829 0.471180 0.484606 0.473438 0.484722 0.506656 0.472056
8 0.467865 0.483657 0.465995 0.484704 0.466065 0.486565 0.466867 0.487991 0.469307 0.486630
8 0.487122 0.479495 0.487148 0.481671 0.488320 0.481625 0.488271 0.479125
8 0.491234 0.484287 0.488148 0.490606 0.489417 0.492694 0.493573 0.484176
8 0.522060 0.625060 0.522977 0.627560 0.524932 0.627139 0.525112 0.633667 0.525755 0.651463 0.523779 0.661991 0.523870 0.664134 0.523107 0.664477 0.522583 0.644769
8 0.454250 0.489051 0.455940 0.492144 0.457294 0.491912 0.462969 0.490926 0.463021 0.487315
8 0.466065 0.486565 0.466867 0.487991 0.469307 0.486630 0.470625 0.489352 0.468958 0.489815 0.465234 0.490463 0.465104 0.486852
8 0.459427 0.436481 0.460104 0.436736 0.459693 0.463440 0.457732 0.468903 0.457557 0.444856
8 0.433750 0.686389 0.434977 0.695750 0.436279 0.695287 0.436253 0.692648 0.435260 0.686162 0.432698 0.667199 0.431432 0.667898
8 0.481354 0.609444 0.482474 0.615278 0.481565 0.615565 0.480443 0.610046
8 0.472969 0.589259 0.471250 0.603083 0.471172 0.606556 0.471997 0.607884 0.471945 0.605986 0.472240 0.606046 0.472708 0.600630 0.473932 0.589444
8 0.469995 0.615463 0.469474 0.621389 0.470672 0.621157 0.471063 0.615093
8 0.468906 0.626019 0.468023 0.632745 0.469065 0.633718 0.470133 0.625801
8 0.457331 0.611653 0.459779 0.616884 0.458711 0.617486 0.456810 0.613227
8 0.461549 0.620495 0.462148 0.622810 0.461185 0.623458 0.460430 0.621097
8 0.422464 0.544907 0.423464 0.570394 0.422893 0.571671 0.422922 0.572843 0.425888 0.572472 0.424536 0.544602
8 0.424331 0.537958 0.424271 0.528657 0.423698 0.519907 0.422630 0.519907 0.421667 0.527639 0.421979 0.536759
8 0.448135 0.667880 0.440661 0.668949 0.440391 0.671468 0.440661 0.673824 0.450003 0.671949
8 0.463615 0.665278 0.467552 0.665046 0.485411 0.663014 0.481380 0.668273 0.464344 0.670139 0.463797 0.667731
8 0.487779 0.665343 0.490443 0.661620 0.491482 0.661676 0.491458 0.666528 0.487552 0.667546
8 0.492836 0.661676 0.498250 0.660148 0.501141 0.659639 0.502878 0.659273 0.503117 0.662597 0.502604 0.664306 0.492839 0.666481
8 0.504172 0.658542 0.504503 0.661310 0.504479 0.663981 0.509740 0.663750 0.510885 0.660231 0.510885 0.658009
8 0.515086 0.657917 0.519383 0.657778 0.519435 0.662222 0.514409 0.662824 0.514409 0.660741
5 0.452318 0.492731 0.455234 0.492917 0.457115 0.496713 0.452292 0.493519
8 0.455940 0.492144 0.457294 0.491912 0.461719 0.491944 0.461721 0.494134 0.459378 0.494181 0.456878 0.493949
5 0.446609 0.499991 0.446138 0.523074 0.446906 0.526806 0.453320 0.546810 0.455349 0.546681 0.454698 0.542792 0.454307 0.520384 0.454646 0.519829 0.454984 0.520245 0.455453 0.543856 0.456208 0.546495 0.461091 0.546181 0.461221 0.542384 0.462914 0.528356 0.463409 0.527199 0.463464 0.524028 0.464010 0.524074 0.464138 0.527523 0.464190 0.528634 0.462602 0.542431 0.462367 0.546042 0.473529 0.544875 0.473729 0.534407 0.474214 0.532468 0.473690 0.530102 0.473776 0.516389 0.463385 0.505509 0.462917 0.503981 0.461146 0.503102 0.461589 0.504537 0.462297 0.522051 0.461784 0.523120 0.461302 0.522264 0.461120 0.505551 0.460578 0.504532 0.460339 0.502231 0.452214 0.496296 0.451693 0.496435 0.451380 0.499306 0.450260 0.499306 0.448563 0.498181 0.449036 0.495000 0.448828 0.491944 0.447971 0.492292 0.447057 0.497500
5 0.461721 0.494134 0.459378 0.494181 0.456878 0.493949 0.458951 0.497889 0.464401 0.501065 0.473750 0.511250 0.472708 0.493981 0.471328 0.490880 0.468984 0.490648 0.465180 0.492162 0.462969 0.492546 0.461693 0.492824
5 0.461901 0.550370 0.473047 0.551991 0.473672 0.549856 0.473906 0.548653
8 0.451099 0.490889 0.452292 0.492222 0.452318 0.492731 0.455234 0.492917 0.453594 0.489444 0.451719 0.489676
8 0.465547 0.453926 0.474219 0.451148 0.475130 0.452259 0.475755 0.454574 0.475104 0.456611 0.462969 0.460870 0.464198 0.457231
8 0.459297 0.415556 0.457344 0.424769 0.456901 0.416944
8 0.499964 0.509213 0.492995 0.512083 0.492448 0.511019 0.492526 0.509676 0.499922 0.505556
8 0.506250 0.497176 0.506393 0.501454 0.501628 0.505481 0.501812 0.508491 0.507331 0.503306 0.507802 0.501500 0.507617 0.496731
8 0.508664 0.496329 0.507023 0.515366 0.507286 0.517778 0.509057 0.518935 0.509839 0.518472 0.509656 0.516431 0.508195 0.515736 0.508742 0.511616 0.509966 0.495880
8 0.510896 0.486750 0.509099 0.490083 0.508813 0.491796 0.508760 0.493972 0.510260 0.493380 0.510427 0.491056 0.511469 0.489250
8 0.495471 0.538380 0.493391 0.558523 0.494055 0.561310 0.496435 0.538005
8 0.433568 0.636528 0.430927 0.655301 0.429211 0.667875 0.429880 0.671167 0.431943 0.654074 0.434378 0.638319
8 0.521914 0.692005 0.509349 0.708824 0.509711 0.710162 0.510201 0.710856 0.510747 0.710116 0.522667 0.693449
8 0.522318 0.691204 0.529326 0.682042 0.530201 0.682361 0.530349 0.684023 0.523229 0.692870
8 0.468151 0.685278 0.467419 0.686912 0.469216 0.689968 0.469867 0.688671
8 0.437544 0.716296 0.438638 0.716250 0.443724 0.718426 0.446302 0.719444 0.446320 0.721389 0.445096 0.721019 0.437620 0.718287
8 0.430250 0.669079 0.433586 0.705819 0.435122 0.722907 0.436719 0.722269 0.435302 0.707056 0.433750 0.686389 0.431432 0.667898
8 0.433099 0.654815 0.433185 0.664102 0.434122 0.664380 0.434695 0.662759 0.434487 0.650537 0.433479 0.654718
8 0.514427 0.572176 0.516766 0.569569 0.516687 0.568505 0.515750 0.568366 0.513203 0.572176
8 0.508776 0.577454 0.510495 0.576019 0.510625 0.577593 0.509635 0.578889
8 0.572792 0.537333 0.575294 0.554903 0.576107 0.557204 0.575896 0.558435 0.574268 0.558384 0.573576 0.555921 0.571068 0.538565 0.571518 0.538074
8 0.516406 0.547935 0.518047 0.551315 0.526172 0.549648 0.527135 0.550926 0.527708 0.550389 0.527057 0.548306 0.525990 0.548352 0.518359 0.549787 0.517240 0.546917 0.516589 0.547056
8 0.521628 0.555843 0.517177 0.550704 0.516240 0.550565 0.516005 0.552046 0.520042 0.557139
8 0.523201 0.558088 0.524971 0.559986 0.523565 0.561653 0.521820 0.559338
8 0.525466 0.560819 0.529633 0.566282 0.527445 0.566792 0.524242 0.562347
8 0.528411 0.564630 0.531195 0.561375 0.531664 0.559153 0.532576 0.559477 0.531977 0.562116 0.529271 0.565741
8 0.534221 0.556662 0.538674 0.564671 0.538310 0.565875 0.537294 0.566153 0.533102 0.557773
8 0.543880 0.517685 0.543568 0.515185 0.540703 0.517222 0.537812 0.523843 0.538151 0.525602 0.539818 0.525509
8 0.550807 0.566019 0.542099 0.555032 0.541266 0.555773 0.540927 0.557116 0.541299 0.557644 0.544398 0.560097 0.544234 0.561282 0.549219 0.567500
8 0.543581 0.520528 0.545359 0.534778 0.546203 0.536171 0.548099 0.535310 0.548221 0.533222 0.546745 0.518815 0.545659 0.518491 0.544182 0.518815
8 0.543794 0.522245 0.540227 0.526968 0.537622 0.532708 0.538299 0.533449 0.539289 0.533125 0.540070 0.530162 0.542232 0.526227 0.544081 0.524329
8 0.427552 0.568380 0.427654 0.575847 0.428331 0.577190 0.429424 0.576727 0.429737 0.575755 0.429555 0.574505 0.429034 0.574782 0.428747 0.573903 0.428617 0.568301
5 0.594581 0.673819 0.593906 0.680431 0.595333 0.687995 0.594846 0.692023 0.594219 0.694005 0.593000 0.695306 0.592310 0.702782 0.591294 0.705745 0.590966 0.708171 0.591549 0.708481 0.594180 0.717829 0.593555 0.721167 0.591818 0.724764 0.593951 0.726338 0.595307 0.728606 0.595698 0.731148 0.595359 0.737028 0.594708 0.739648 0.602477 0.769764 0.603570 0.770181 0.604604 0.768708 0.605411 0.749032 0.607104 0.749542 0.606620 0.765787 0.608779 0.754213 0.610917 0.751106 0.609638 0.748194 0.608102 0.746431 0.608224 0.745037 0.606372 0.744671 0.605620 0.743139 0.602701 0.733880 0.601193 0.727032 0.600773 0.725917 0.599969 0.725782 0.599917 0.724903 0.602521 0.720870 0.602492 0.719111 0.604419 0.713931 0.604786 0.711801 0.605591 0.701472 0.606372 0.700736 0.605883 0.688241 0.606695 0.679454 0.606273 0.677903 0.603615 0.678579 0.603638 0.677375 0.603195 0.676037 0.601815 0.675667 0.600930 0.676310 0.600878 0.678579 0.600021 0.676083 0.598302 0.673907 0.595878 0.672838
5 0.590130 0.710833 0.591354 0.711583 0.592760 0.717319 0.592109 0.720051 0.590773 0.722866 0.589602 0.721153 0.589341 0.713514
8 0.524331 0.755380 0.522716 0.755833 0.522208 0.757644 0.523008 0.760931 0.524727 0.766324 0.527432 0.766241 0.526919 0.764000 0.525099 0.760931 0.525180 0.759306
2 0.574188 0.790306 0.582685 0.845398 0.584995 0.845954 0.613612 0.834514 0.604427 0.779755 0.601552 0.780977 0.601802 0.785644 0.578122 0.793750 0.577247 0.789528
8 0.556661 0.657278 0.560648 0.660213 0.557578 0.660505 0.555000 0.658361
8 0.557776 0.663713 0.561065 0.666148 0.561779 0.666731 0.564190 0.665662 0.560406 0.663125
8 0.561557 0.662833 0.564299 0.664977 0.565122 0.664588 0.564135 0.662542
8 0.548508 0.651134 0.550867 0.652889 0.550482 0.655329 0.548727 0.654060 0.547685 0.652889
8 0.551414 0.653380 0.553333 0.654940 0.552021 0.656745 0.551086 0.655523
8 0.570112 0.649185 0.571594 0.649282 0.571594 0.656398 0.571482 0.657861 0.569669 0.657505 0.569982 0.650792
8 0.502823 0.634949 0.510625 0.635060 0.510182 0.637319 0.498953 0.636417 0.495906 0.636417 0.497174 0.635060
