0 0.410047 0.196306 0.405880 0.197856 0.402411 0.200815 0.399807 0.204542 0.397784 0.212380 0.396701 0.219833 0.396484 0.222278 0.395760 0.227778 0.395708 0.232935 0.396122 0.237829 0.398870 0.243481 0.402122 0.249653 0.403568 0.251963 0.405448 0.252222 0.407109 0.252477 0.407687 0.250037 0.407544 0.246051 0.405737 0.237699 0.406315 0.234741 0.407263 0.232750 0.409026 0.228514 0.413182 0.221505 0.415930 0.219579 0.426557 0.217264 0.429013 0.217264 0.429013 0.218551 0.427857 0.221375 0.426917 0.223306 0.424966 0.224074 0.422240 0.229435 0.421099 0.233120 0.416797 0.243097 0.413687 0.251579 0.412966 0.252736 0.412169 0.253634 0.411448 0.254921 0.410797 0.256204 0.409930 0.260958 0.409495 0.266870 0.409206 0.273556 0.409930 0.282037 0.411229 0.290648 0.413760 0.298616 0.415714 0.301958 0.416581 0.304144 0.417810 0.305815 0.418604 0.306968 0.419109 0.308125 0.419109 0.308255 0.419544 0.308898 0.421000 0.308736 0.422799 0.308625 0.424117 0.310014 0.424458 0.309449 0.424654 0.308417 0.424604 0.301315 0.425471 0.294759 0.430315 0.278056 0.432484 0.270472 0.431688 0.265718 0.430966 0.257745 0.432773 0.249653 0.434654 0.247208 0.437255 0.240528 0.439497 0.233074 0.443182 0.233713 0.445279 0.233199 0.447305 0.232944 0.449039 0.233713 0.452943 0.247722 0.452727 0.253380 0.452581 0.255435 0.451786 0.257875 0.450279 0.262579 0.449242 0.265528 0.448672 0.268106 0.450411 0.273940 0.454099 0.282037 0.460893 0.292319 0.462411 0.293477 0.464727 0.295019 0.467112 0.296944 0.468052 0.298875 0.472172 0.303241 0.475570 0.305426 0.476581 0.304269 0.477378 0.299903 0.478318 0.296176 0.478607 0.293477 0.478607 0.285120 0.479039 0.282421 0.479112 0.278440 0.478966 0.264560 0.477232 0.251579 0.475714 0.244255 0.474992 0.243227 0.473401 0.242838 0.470870 0.242713 0.466823 0.241940 0.465086 0.241296 0.463208 0.236287 0.462341 0.228833 0.459521 0.223435 0.458943 0.222532 0.461112 0.219449 0.461471 0.218421 0.462341 0.216106 0.463714 0.214181 0.466245 0.213153 0.468557 0.212255 0.471521 0.212380 0.473813 0.212468 0.477089 0.211352 0.479617 0.211611 0.481208 0.212509 0.481786 0.213407 0.483180 0.216782 0.483810 0.218935 0.484534 0.218935 0.485039 0.216495 0.484750 0.214051 0.483448 0.211097 0.482003 0.208009 0.475062 0.198245 0.470438 0.191431 0.468341 0.189764 0.460172 0.174852 0.456990 0.170611 0.454677 0.169972 0.453883 0.170870 0.452076 0.172542 0.439424 0.177810 0.432846 0.183208 0.432122 0.185523 0.432990 0.189764 0.437544 0.194259 0.437833 0.195032 0.437617 0.197218 0.435448 0.198370 0.429448 0.198630 0.426917 0.198116 0.425906 0.197343 0.424914 0.195347 0.423464 0.194435 0.422219 0.192500 0.420870 0.192125 0.416885 0.193144 0.414771 0.194032
1 0.499602 0.392199 0.502711 0.401310 0.502273 0.402532 0.501982 0.402569 0.501237 0.401157 0.498995 0.393856 0.499089 0.392944
5 0.453917 0.092444 0.452852 0.098810 0.450237 0.091241 0.448594 0.089690 0.446852 0.090551 0.447237 0.095023 0.451398 0.100699 0.453625 0.100875 0.455948 0.107412 0.458560 0.111370 0.461367 0.114639 0.463206 0.116704 0.463979 0.118079 0.464659 0.117736 0.464464 0.111542 0.464464 0.107583 0.464078 0.105005 0.462820 0.101389 0.461948 0.099495 0.457979 0.095542 0.456336 0.093477
8 0.380927 0.312264 0.381016 0.317042 0.380448 0.317926 0.379958 0.318287 0.379583 0.317597 0.380164 0.311389 0.380792 0.311389
8 0.423089 0.168505 0.422375 0.169514 0.421536 0.170509 0.420836 0.170759 0.420781 0.169806 0.420646 0.169829 0.420042 0.166032
8 0.394966 0.159648 0.396411 0.156565 0.397568 0.157079 0.398508 0.158495 0.396411 0.163250
1 0.447344 0.473102 0.446237 0.475556 0.447141 0.475981 0.448315 0.472713 0.448604 0.471620 0.448396 0.470074 0.448466 0.469074 0.448195 0.469074 0.447995 0.470509
1 0.427182 0.562838 0.427604 0.569144 0.429143 0.576940 0.429661 0.578287 0.430216 0.578019 0.430310 0.576856 0.429609 0.574769 0.428490 0.570046 0.428302 0.567981 0.428211 0.565162
8 0.415693 0.504333 0.416471 0.506153 0.416362 0.506921 0.415284 0.506727 0.411990 0.501736 0.410370 0.498667 0.409956 0.497333 0.410359 0.496685 0.411070 0.497514 0.412422 0.499338 0.413445 0.501514 0.414133 0.502657
1 0.504091 0.663972 0.508852 0.673181 0.507966 0.673676 0.503719 0.664884
8 0.498138 0.432218 0.496643 0.428565 0.496271 0.428148 0.495664 0.428148 0.495477 0.428815 0.495664 0.429727 0.497716 0.433792
8 0.423810 0.546375 0.427805 0.555495 0.428669 0.556745 0.428831 0.557130 0.428724 0.558472 0.428453 0.559046 0.427859 0.558954 0.426672 0.556551 0.424109 0.548639 0.423484 0.547046
8 0.401284 0.170606 0.403464 0.171157 0.406729 0.173259 0.405440 0.174120 0.403422 0.173259 0.401042 0.172398 0.400760 0.172042
8 0.400719 0.166157 0.397492 0.176486 0.399630 0.176056 0.402453 0.166231
8 0.491833 0.412750 0.489857 0.419417 0.488945 0.419218 0.488372 0.419079 0.488445 0.418986 0.488161 0.417125 0.488883 0.413611 0.490281 0.412866
1 0.499341 0.385042 0.500128 0.389167 0.500969 0.393292 0.502536 0.396880 0.503471 0.399829 0.503263 0.401005 0.502711 0.401310 0.499602 0.392199 0.499193 0.389810 0.499135 0.388472 0.498893 0.386167
8 0.517669 0.401148 0.517344 0.395560 0.518964 0.394889 0.520151 0.401704 0.520211 0.403296 0.519245 0.403565 0.518333 0.403565
8 0.513406 0.419625 0.513250 0.423190 0.513310 0.424722 0.514521 0.425917 0.514995 0.425597 0.515099 0.424856
8 0.513930 0.405292 0.513906 0.408519 0.515466 0.413111 0.515552 0.405935 0.515073 0.405185 0.514497 0.404968
1 0.515141 0.386093 0.515193 0.393389 0.515951 0.399056 0.516167 0.402417 0.516596 0.405296 0.516813 0.407505 0.516596 0.413069 0.516383 0.414417 0.515951 0.413935 0.515896 0.412685 0.515464 0.404625 0.514708 0.398477 0.514115 0.394829 0.514005 0.391278 0.514276 0.385134 0.514815 0.385134
1 0.505552 0.361676 0.507240 0.368319 0.506997 0.368856 0.506094 0.368588 0.504146 0.362213 0.504146 0.360435 0.504286 0.360231
8 0.471266 0.379435 0.474531 0.381440 0.475784 0.382014 0.476268 0.381440 0.476427 0.380292 0.475945 0.378931 0.474815 0.377782 0.473815 0.377366 0.472190 0.376509 0.470490 0.376199
8 0.461529 0.578921 0.463083 0.581870 0.463393 0.582880 0.463341 0.584171 0.461943 0.585000 0.460698 0.584542 0.460180 0.583894 0.459818 0.582144 0.460026 0.580394
1 0.502208 0.468519 0.502255 0.469690 0.501169 0.475194 0.500667 0.477880 0.500219 0.477801 0.499505 0.477532 0.500396 0.473681 0.500823 0.468796 0.500823 0.462463 0.501055 0.461431 0.501906 0.467236
1 0.500000 0.449296 0.500232 0.450481 0.500406 0.451560 0.500549 0.452431 0.501156 0.453458 0.501648 0.454181 0.501706 0.454796 0.501734 0.457111 0.501393 0.457593 0.500792 0.458023 0.500810 0.455056 0.500578 0.453769 0.500086 0.452741 0.499625 0.451454 0.499336 0.450324 0.499076 0.449144 0.499477 0.449185
15 0.426409 0.346921 0.430656 0.353560 0.426456 0.352065 0.425289 0.349495 0.425497 0.349130
1 0.424622 0.379801 0.425346 0.379852 0.426310 0.379958 0.426943 0.380176 0.427786 0.380870 0.428391 0.381620 0.430859 0.384727 0.430831 0.385157 0.430711 0.385477 0.429927 0.385046 0.427818 0.382157 0.427214 0.380977 0.426281 0.380977 0.425255 0.380870 0.424833 0.380764 0.424682 0.380551
8 0.425000 0.401389 0.424997 0.406736 0.424091 0.405190 0.423742 0.399486 0.423846 0.398495 0.424138 0.398921 0.424786 0.400843
8 0.462823 0.646477 0.460766 0.649718 0.459385 0.651523 0.459021 0.651481 0.458812 0.650875 0.458708 0.649861 0.458812 0.649074 0.461443 0.644722
8 0.462422 0.643380 0.466362 0.636644 0.466880 0.636458 0.467398 0.636736 0.467711 0.638120 0.467763 0.639042 0.463656 0.645023
8 0.454917 0.643000 0.455531 0.651569 0.455273 0.654519 0.455065 0.657190 0.454859 0.658847 0.454547 0.660134 0.453927 0.661796 0.454185 0.662625 0.455315 0.662852 0.455844 0.662347 0.456724 0.660227 0.457138 0.658662 0.457031 0.651435 0.456828 0.641986 0.456310 0.641986 0.455896 0.641986 0.455273 0.641986
1 0.445464 0.563745 0.446091 0.563745 0.447208 0.563870 0.447383 0.565231 0.447940 0.572546 0.448078 0.573968 0.448219 0.574833 0.448737 0.574884 0.448737 0.573644 0.448076 0.565093 0.447914 0.563829 0.447766 0.562968 0.447372 0.562648 0.446859 0.562537 0.446529 0.562537 0.445896 0.562537 0.445656 0.562593 0.445474 0.562755
1 0.447628 0.582046 0.449469 0.581889 0.450969 0.581514 0.451875 0.581514 0.452016 0.582444 0.451979 0.582880 0.451492 0.583190 0.450724 0.583560 0.449365 0.583435 0.447760 0.583375 0.446263 0.582940 0.445146 0.582694 0.444693 0.582259 0.444167 0.580750
1 0.420779 0.528241 0.423250 0.533972 0.424245 0.536866 0.424424 0.537560 0.424273 0.538204 0.423935 0.538190 0.423430 0.537347 0.422888 0.536278 0.422284 0.534935 0.420297 0.530653 0.419904 0.529472 0.419875 0.528671 0.420086 0.528296 0.420206 0.528241
1 0.432185 0.570106 0.433167 0.571597 0.433586 0.572421 0.434099 0.573838 0.434659 0.575579 0.435219 0.576741 0.435406 0.577736 0.433914 0.584958 0.433167 0.584292 0.433872 0.580176 0.434146 0.578653 0.433958 0.576245 0.433214 0.574421 0.432513 0.573343 0.431953 0.572421 0.431487 0.571597
1 0.403201 0.447421 0.404036 0.446306 0.404701 0.445995 0.406268 0.446306 0.407977 0.447171 0.408812 0.447667 0.409406 0.448162 0.409266 0.448968 0.408430 0.448657 0.407174 0.447792 0.406128 0.447421 0.404839 0.447667 0.403828 0.448102 0.403445 0.448102
1 0.401484 0.320477 0.403995 0.317315 0.404518 0.316884 0.404799 0.317750 0.404622 0.318431 0.403924 0.319176 0.402078 0.321222 0.400557 0.322880 0.400021 0.322458 0.400719 0.321282
1 0.402430 0.313412 0.401458 0.316759 0.400938 0.318472 0.400333 0.319731 0.400544 0.320537 0.401279 0.320417 0.401562 0.319537 0.403438 0.313074
1 0.383122 0.336019 0.385727 0.340139 0.387180 0.342565 0.388018 0.344259 0.387367 0.344167 0.385362 0.341528 0.382836 0.337407
1 0.387667 0.336606 0.391096 0.339116 0.394000 0.340912 0.395451 0.341843 0.396138 0.342630 0.396258 0.342991 0.395958 0.343861 0.395049 0.344282 0.393234 0.343278 0.391016 0.342130 0.389604 0.340694 0.388432 0.339833 0.387102 0.338185 0.386240 0.337176 0.386255 0.335389
1 0.432979 0.319866 0.431375 0.320361 0.430365 0.321227 0.430052 0.321787 0.429911 0.322778 0.429948 0.323273 0.430469 0.326185 0.430680 0.326370 0.431133 0.326245 0.431237 0.325815 0.431271 0.324634 0.431096 0.323273 0.431029 0.322282 0.431341 0.321787 0.433258 0.321287 0.433143 0.320458
8 0.455937 0.287819 0.454305 0.296616 0.453937 0.300250 0.454979 0.300250 0.456310 0.300838 0.456497 0.292634 0.457104 0.289639 0.457336 0.288403 0.456497 0.287819
8 0.445414 0.267014 0.443594 0.270310 0.443594 0.271315 0.444117 0.272245 0.444888 0.272532 0.445857 0.272102 0.448318 0.267944
8 0.448115 0.261847 0.451464 0.257546 0.451786 0.257875 0.450279 0.262579
1 0.449221 0.269981 0.447042 0.272491 0.446760 0.273352 0.446841 0.273926 0.447365 0.274069 0.448052 0.273495 0.449544 0.270986
1 0.452651 0.279116 0.447716 0.284782 0.446591 0.286782 0.446404 0.288005 0.447466 0.287227 0.449651 0.285338 0.453839 0.280894
8 0.391846 0.221481 0.396143 0.225093 0.395760 0.227778 0.395292 0.227315 0.391794 0.225556 0.391893 0.222551
1 0.404747 0.198505 0.389094 0.203773 0.389219 0.204676 0.390664 0.205074 0.402411 0.200815 0.404435 0.199065
1 0.370552 0.218338 0.371388 0.217657 0.373549 0.216787 0.374979 0.215856 0.379651 0.210838 0.386310 0.205259 0.387042 0.204889 0.387344 0.205370 0.383974 0.209042 0.380487 0.212574 0.376479 0.216477 0.375466 0.217347 0.374701 0.218088 0.373516 0.218708 0.372539 0.219579 0.370411 0.220444
1 0.360000 0.223306 0.361956 0.221606 0.363247 0.220671 0.364740 0.220102 0.365909 0.219741 0.366958 0.219384 0.369177 0.218736 0.368893 0.220815 0.367443 0.221606 0.366393 0.221963 0.364536 0.222181 0.362883 0.222968 0.361633 0.223829 0.360646 0.225097 0.359193 0.225958 0.356591 0.227986 0.355724 0.228468 0.355057 0.228634 0.355018 0.227269 0.357922 0.224977 0.358589 0.224236
1 0.356716 0.216667 0.357201 0.216093 0.358531 0.215949 0.360227 0.215806 0.362807 0.215088 0.364299 0.214657 0.367083 0.214153 0.368615 0.214014 0.369583 0.213940 0.369609 0.214769 0.369141 0.215588 0.366076 0.216523 0.363292 0.217023 0.361638 0.217597 0.359984 0.218315 0.357401 0.218171
8 0.429227 0.180051 0.428667 0.194319 0.427094 0.192819 0.427016 0.192755 0.427094 0.179917 0.427536 0.179625
8 0.423823 0.174241 0.424617 0.179884 0.426156 0.189593 0.426391 0.191083 0.426250 0.192829 0.425922 0.193324 0.425120 0.192037 0.423930 0.186694 0.423411 0.183931 0.422685 0.182824 0.421909 0.182361 0.421208 0.175069 0.422049 0.174324
8 0.398214 0.164250 0.404154 0.156569 0.405125 0.158199 0.405935 0.159639 0.406206 0.160986 0.402188 0.163056 0.398229 0.165315
1 0.360646 0.225097 0.365849 0.238579 0.367133 0.242616 0.369357 0.247042 0.368995 0.248046 0.367461 0.248116 0.365969 0.247829 0.365003 0.246681 0.361773 0.240801 0.358023 0.233847 0.355443 0.229829 0.355724 0.228468 0.356693 0.229546 0.358023 0.232343 0.361008 0.237144 0.363359 0.241343 0.360646 0.231694 0.359193 0.225958
1 0.609310 0.696588 0.610807 0.700741 0.610859 0.701389 0.610495 0.702083 0.609687 0.702222 0.609297 0.701019 0.608958 0.699815 0.609128 0.698949
2 0.598688 0.690287 0.602714 0.686208 0.604352 0.684630 0.605612 0.683352 0.606107 0.682792 0.606367 0.682755 0.608042 0.685634 0.608789 0.690060 0.609362 0.693625 0.609310 0.696588 0.609128 0.698949 0.608372 0.703116 0.607826 0.703856 0.607305 0.704227 0.607177 0.703625 0.607227 0.702329 0.607578 0.701051 0.607820 0.700250 0.607940 0.699069 0.607854 0.695153 0.607122 0.689181 0.606234 0.685759 0.604385 0.687444 0.601393 0.690245 0.599206 0.692468 0.600219 0.695662 0.603424 0.706588 0.602203 0.707375 0.599779 0.699088 0.598193 0.690481
8 0.449503 0.670579 0.453846 0.668907 0.454797 0.668750 0.456086 0.670259 0.458102 0.672968 0.459714 0.674398 0.460521 0.674796 0.461865 0.674875 0.463565 0.674958 0.465672 0.674398 0.469792 0.676468 0.468268 0.677662 0.464372 0.678458 0.463117 0.678856 0.461729 0.679019 0.459937 0.677106 0.458237 0.674560 0.455638 0.672088 0.453758 0.673204 0.449995 0.674162 0.449638 0.672806
8 0.417393 0.310338 0.416221 0.311171 0.415701 0.311218 0.414398 0.311079 0.413747 0.311866 0.414891 0.312792 0.415440 0.313069 0.416063 0.313208 0.416505 0.313069 0.416766 0.312745 0.417523 0.311958 0.417448 0.311481
1 0.412557 0.388370 0.413312 0.392907 0.411974 0.390755 0.410917 0.388278 0.410344 0.384296
8 0.467167 0.305889 0.469828 0.314278 0.470159 0.316329 0.469266 0.317505 0.466763 0.311838 0.465917 0.308685 0.465836 0.307537 0.465917 0.306389 0.466159 0.305745 0.466482 0.305384
1 0.448156 0.351329 0.448138 0.357690 0.448419 0.366319 0.449724 0.372625 0.449922 0.374449 0.449211 0.373704 0.448745 0.371796 0.447904 0.367898 0.447578 0.365407 0.447159 0.358685 0.446865 0.353051 0.446826 0.352190 0.446784 0.350829 0.447430 0.349463
1 0.442146 0.396722 0.438719 0.393120 0.439534 0.395644 0.441581 0.397583 0.442388 0.398514 0.443154 0.399088 0.443477 0.399088 0.443477 0.398514
1 0.408102 0.380287 0.409474 0.384731 0.411974 0.390755 0.415242 0.396491 0.414878 0.397139 0.414193 0.395921 0.411812 0.392977 0.411005 0.391259 0.409836 0.389250 0.407052 0.382009 0.406487 0.379856 0.406003 0.378495 0.405802 0.377060 0.406206 0.376630
8 0.527836 0.507500 0.526117 0.507130 0.525664 0.507625 0.525422 0.508245 0.525143 0.509296 0.525107 0.510597 0.525281 0.511468 0.525945 0.512333 0.526677 0.512829 0.527583 0.513139 0.528714 0.512968 0.529641 0.508491
1 0.410169 0.419454 0.417430 0.417264 0.423682 0.416102 0.427977 0.415606 0.428677 0.415690 0.428818 0.416435 0.428724 0.417181 0.428396 0.417597 0.424849 0.418009 0.418875 0.418843 0.411034 0.421329 0.410169 0.421185
8 0.405701 0.405699 0.407870 0.410731 0.408203 0.412231 0.408352 0.413306 0.408352 0.414375 0.407961 0.415287 0.407359 0.415181 0.406815 0.414588 0.405398 0.412500 0.403393 0.404819 0.403635 0.404907 0.405190 0.405463
8 0.403393 0.404819 0.405805 0.414194 0.406315 0.416338 0.406346 0.417194 0.406255 0.418319 0.405893 0.419282 0.405594 0.420032 0.404839 0.420657 0.404193 0.421088 0.403273 0.421597 0.402701 0.421366 0.403013 0.418954 0.403716 0.418125 0.404341 0.417338 0.404706 0.416505 0.404628 0.415065 0.404010 0.410648 0.403776 0.409134 0.403469 0.408935 0.402964 0.409069 0.402570 0.408676 0.402076 0.407708 0.401297 0.404653 0.401719 0.404634 0.402651 0.404634
1 0.402206 0.414810 0.401120 0.412505 0.399826 0.409616 0.399130 0.408088 0.398922 0.408435 0.398951 0.409130 0.399133 0.409991 0.399674 0.411273 0.400490 0.412829 0.400849 0.413954 0.401482 0.415185 0.402115 0.415880
8 0.396094 0.399954 0.398904 0.396472 0.399596 0.398356 0.396130 0.402588
8 0.418805 0.233144 0.420440 0.234801 0.418711 0.238287 0.414279 0.234222 0.414237 0.232972
8 0.423052 0.228167 0.419878 0.224764 0.419599 0.224764 0.419086 0.224847 0.418060 0.226171 0.417826 0.226921 0.417826 0.228083 0.418104 0.228662 0.418711 0.229079 0.422240 0.229435
8 0.398974 0.284718 0.398115 0.284856 0.398021 0.285324 0.397943 0.286296 0.397578 0.286806 0.397188 0.287222 0.396302 0.287500 0.395755 0.287454 0.395234 0.286944 0.394937 0.286431 0.393766 0.286755 0.393760 0.287454 0.393156 0.290028 0.393115 0.290968 0.397073 0.289579 0.400797 0.288792 0.401708 0.288111 0.401326 0.287556 0.400349 0.287556 0.399268 0.286565 0.398885 0.285449
8 0.405018 0.285657 0.410227 0.284083 0.409930 0.282037 0.409784 0.280981 0.406901 0.281667 0.405091 0.282782
1 0.380839 0.329005 0.377760 0.328519 0.378594 0.329769 0.381333 0.330306
1 0.383049 0.310977 0.383362 0.316903 0.383492 0.317644 0.383596 0.318060 0.383961 0.318060 0.384404 0.317921 0.384586 0.317366 0.384716 0.316579 0.383883 0.310190 0.383698 0.310370
8 0.384750 0.309241 0.386773 0.320954 0.387992 0.320894 0.388620 0.320148 0.386633 0.308185 0.385797 0.304653 0.385344 0.306019 0.385448 0.306824 0.385414 0.307505
8 0.379680 0.287009 0.381456 0.295944 0.382781 0.296481 0.383563 0.296806 0.381628 0.286130 0.380310 0.284912 0.380099 0.284912 0.379667 0.285218 0.379495 0.285713
1 0.379055 0.295574 0.379602 0.290898 0.379680 0.287009 0.379445 0.286546 0.379107 0.286454 0.378898 0.286593 0.378266 0.287704 0.377961 0.290713 0.377622 0.293583 0.377518 0.294648 0.377857 0.295065 0.378299 0.295667 0.378846 0.296083
8 0.395693 0.381130 0.395693 0.383111 0.398284 0.392750 0.400633 0.403250 0.401096 0.403065 0.402029 0.403157 0.402591 0.403088 0.397560 0.386537
6 0.392268 0.293843 0.391549 0.294819 0.391458 0.296319 0.391458 0.297606 0.394849 0.297269 0.396854 0.296667 0.406362 0.294111 0.406661 0.292611 0.411573 0.291861 0.411229 0.290648 0.410227 0.284083 0.405018 0.285657 0.405055 0.286750 0.404951 0.287616 0.404917 0.287991 0.402021 0.288421 0.400797 0.288792 0.397073 0.289579 0.393115 0.290968 0.392828 0.292352
1 0.368969 0.313972 0.371078 0.309042 0.372945 0.305778 0.374211 0.303847 0.376651 0.301116 0.377435 0.300634 0.377586 0.301278 0.377646 0.302134 0.374211 0.307167 0.372372 0.311509 0.370685 0.315417 0.370174 0.316222 0.369542 0.316380
8 0.393281 0.235741 0.391667 0.236528 0.391745 0.237454 0.391953 0.239028 0.392370 0.240556 0.392656 0.241574 0.392714 0.242343 0.396771 0.239352 0.396122 0.237829 0.395781 0.234120
8 0.392714 0.242343 0.396932 0.239750 0.398870 0.243481 0.392818 0.248407
8 0.390661 0.249468 0.381682 0.255843 0.377164 0.258625 0.375568 0.252468 0.390633 0.243898
8 0.382578 0.241667 0.374414 0.247426 0.375000 0.250468 0.375521 0.252315 0.390573 0.243611 0.390599 0.242546 0.389740 0.237500 0.385000 0.240417
8 0.375755 0.234769 0.385000 0.240417 0.382578 0.241667 0.375844 0.237935
8 0.391961 0.232194 0.394190 0.233866 0.395023 0.234560 0.393383 0.235764 0.391596 0.234468 0.391510 0.232199 0.391492 0.232292
8 0.382547 0.226968 0.388984 0.231019 0.389036 0.232870 0.389070 0.233690 0.380172 0.228278 0.381987 0.227171
2 0.372031 0.251778 0.372370 0.263120 0.373542 0.261542 0.374104 0.261324 0.374589 0.261611 0.374750 0.262472 0.374388 0.263694 0.372656 0.266269 0.372937 0.270000 0.374271 0.270431 0.375440 0.271218 0.375763 0.271718 0.375964 0.273514 0.375841 0.275088 0.375802 0.276597 0.376044 0.276954 0.379763 0.278028 0.379302 0.275981 0.374844 0.255532 0.373706 0.251208
8 0.417237 0.219537 0.416742 0.223796 0.416534 0.224903 0.416169 0.225509 0.415909 0.226060 0.415023 0.226157 0.414190 0.225694 0.413695 0.225046 0.413383 0.224120 0.413253 0.222407 0.413331 0.221389 0.415930 0.219579
2 0.413182 0.221505 0.413464 0.228796 0.409026 0.228514
2 0.394331 0.261977 0.399771 0.258815 0.403674 0.256213 0.406883 0.254477 0.410404 0.252495 0.409602 0.239167 0.409148 0.236565 0.408138 0.236565 0.408242 0.232662 0.414237 0.232972 0.414901 0.247412 0.414901 0.248218 0.413687 0.251579 0.412966 0.252736 0.412169 0.253634 0.411448 0.254921 0.410797 0.256204 0.409930 0.260958 0.409810 0.261852 0.407443 0.263347 0.396896 0.269454 0.394219 0.271389 0.393568 0.267269 0.393854 0.266713 0.394271 0.266343 0.394427 0.266204 0.394453 0.262731
2 0.379758 0.270778 0.390914 0.264083 0.391771 0.268333 0.392578 0.272361 0.385477 0.276667 0.381188 0.278588 0.380904 0.277569
8 0.408208 0.305972 0.407766 0.305926 0.407505 0.306296 0.407167 0.306852 0.407922 0.311296 0.408208 0.313102 0.408495 0.313565 0.408807 0.313611 0.409432 0.313380 0.409797 0.312685 0.409745 0.311759 0.409586 0.310769 0.409042 0.308944
8 0.396854 0.296667 0.397427 0.300509 0.397531 0.301718 0.397453 0.302269 0.397297 0.302644 0.396359 0.302917 0.395917 0.302500 0.395656 0.302037 0.395422 0.301111 0.394849 0.297269
1 0.418604 0.306968 0.418750 0.311898 0.418672 0.312361 0.418490 0.312639 0.417943 0.312685 0.417604 0.312269 0.417448 0.311481 0.417344 0.305278 0.417810 0.305815
2 0.375852 0.239875 0.375641 0.230764 0.381987 0.227171 0.389831 0.223329 0.390109 0.223204 0.389029 0.215889 0.384565 0.216509 0.375852 0.222088 0.372552 0.224306 0.370810 0.232847 0.372305 0.240315 0.372924 0.242125
1 0.443854 0.387991 0.445260 0.387315 0.446094 0.387130 0.446781 0.386843 0.450573 0.386620 0.451042 0.386667 0.451146 0.386898 0.451120 0.387269 0.450979 0.387472 0.449406 0.387759 0.447591 0.387903 0.444948 0.388843 0.443828 0.389120 0.443594 0.388380
5 0.442141 0.372634 0.447909 0.382532 0.450000 0.386528 0.446781 0.386843 0.445409 0.384181 0.445289 0.379167 0.443755 0.377222 0.443352 0.377153 0.442990 0.377727 0.443029 0.381676 0.443576 0.386259 0.443133 0.386681 0.442747 0.386806 0.442016 0.385255 0.441737 0.383523 0.441773 0.382157 0.441214 0.380671 0.440378 0.379120 0.439750 0.377694 0.439122 0.377819 0.438531 0.378440 0.437484 0.379120 0.437031 0.380111 0.435971 0.377796 0.435891 0.376866 0.436615 0.375861 0.437221 0.374856 0.437018 0.373352 0.436453 0.371630 0.435849 0.370912 0.435526 0.370699 0.434669 0.371639 0.434062 0.369148 0.433643 0.366991 0.433128 0.365083 0.433083 0.362106 0.432802 0.357366 0.438875 0.367111 0.439883 0.368907 0.440044 0.369981 0.438471 0.371065 0.437987 0.371782 0.437583 0.372995 0.438552 0.373565 0.440367 0.372995 0.441214 0.372921
5 0.489260 0.458773 0.493245 0.475722 0.485081 0.475176 0.483281 0.474829 0.488539 0.458361
1 0.442135 0.552407 0.442240 0.550694 0.442424 0.548606 0.443232 0.548319 0.443312 0.550111 0.443271 0.552977 0.443513 0.554773 0.443797 0.555991 0.443917 0.557782 0.443755 0.559287 0.443284 0.565319 0.442812 0.567593 0.442471 0.569259 0.441875 0.571065 0.441234 0.570315 0.441536 0.568796 0.442578 0.564861 0.442648 0.563861 0.442729 0.558699 0.442688 0.556546 0.442487 0.554968 0.442203 0.553319
1 0.507812 0.666898 0.507526 0.667593 0.507474 0.668241 0.507578 0.668750 0.508073 0.668796 0.508674 0.668231 0.510497 0.666380 0.514117 0.665315 0.515211 0.665407 0.516068 0.665741 0.516797 0.667361 0.517188 0.668333 0.517500 0.669398 0.517682 0.670463 0.518047 0.670370 0.518333 0.669769 0.517760 0.668056 0.516979 0.666157 0.516198 0.664954 0.515859 0.664491 0.515156 0.664167 0.514878 0.664269 0.512078 0.664847 0.509745 0.665597
8 0.515211 0.665407 0.516044 0.666889 0.513596 0.669898 0.512398 0.671796 0.511096 0.671657 0.509456 0.670222 0.508674 0.668231 0.510497 0.666380 0.514117 0.665315
1 0.524833 0.643995 0.523958 0.647634 0.523055 0.650958 0.522365 0.653690 0.522125 0.655241 0.521893 0.657588 0.521922 0.662676 0.521138 0.661338 0.521049 0.657694 0.521078 0.656463 0.521862 0.652338 0.522586 0.649551 0.524091 0.644194
1 0.519628 0.645241 0.517987 0.655750 0.516945 0.654176 0.518065 0.645611
1 0.537102 0.650356 0.535143 0.651912 0.533727 0.653519 0.533307 0.654861 0.532914 0.657375 0.531919 0.668731 0.532643 0.668250 0.532891 0.665630 0.532831 0.664986 0.533667 0.656676 0.534089 0.654963 0.537042 0.651801 0.537133 0.650894
1 0.535932 0.663218 0.533042 0.664662 0.532831 0.664986 0.532891 0.665630 0.533401 0.665787 0.536023 0.664449
1 0.540503 0.660042 0.537734 0.661620 0.537466 0.664185 0.538328 0.663500 0.543854 0.661204 0.545344 0.660537 0.545063 0.658815
1 0.543479 0.675463 0.543432 0.681097 0.544831 0.685991 0.545859 0.688653 0.547026 0.691639 0.547547 0.693167 0.546563 0.693579 0.545841 0.694505 0.545435 0.692569 0.544974 0.691079 0.544539 0.690157 0.543292 0.687079 0.542404 0.683093 0.542172 0.680514 0.541984 0.677694 0.541984 0.676458 0.541937 0.675463 0.541937 0.675287
1 0.475391 0.719403 0.474479 0.719819 0.472888 0.720514 0.471276 0.720190 0.470469 0.719449 0.469714 0.718894 0.469112 0.718940 0.468802 0.719403 0.468542 0.720514 0.468516 0.721764 0.468565 0.727829 0.468672 0.729125 0.468695 0.730745 0.468826 0.731810 0.469167 0.733245 0.469477 0.734681 0.469818 0.735097 0.470339 0.734403 0.470495 0.733338 0.470052 0.731810 0.469818 0.728569 0.469818 0.724495 0.470060 0.720931 0.471536 0.721407 0.474424 0.721301 0.476615 0.720884 0.476823 0.720653 0.477055 0.720190 0.477055 0.719866 0.476979 0.719356 0.476589 0.719310 0.475677 0.719449
8 0.437214 0.528102 0.443576 0.529560 0.449536 0.530551 0.450443 0.531111 0.451594 0.531606 0.451628 0.532532 0.451279 0.533403 0.450060 0.533528 0.448526 0.533278 0.438651 0.532269 0.435664 0.531106 0.435242 0.531106 0.434154 0.530463 0.434089 0.529032 0.434055 0.528083 0.434682 0.527574
10 0.470060 0.720931 0.469781 0.724477 0.469818 0.728569 0.470693 0.728597 0.474404 0.726343 0.477135 0.720769 0.474448 0.721245 0.471536 0.721407
10 0.453174 0.697667 0.463966 0.695750 0.463727 0.694681 0.463667 0.692551 0.464565 0.692019 0.465823 0.691806 0.467083 0.692231 0.467682 0.692977 0.468221 0.694787 0.474878 0.694255 0.478234 0.693722 0.479135 0.693296 0.479674 0.693296 0.481292 0.699796 0.481833 0.702889 0.485370 0.702676 0.483331 0.707685 0.482073 0.707472 0.482193 0.710352 0.478227 0.718662 0.475391 0.719403 0.474479 0.719819 0.472888 0.720514 0.471276 0.720190 0.470469 0.719449 0.469714 0.718894 0.469112 0.718940 0.468802 0.719403 0.468542 0.720514 0.468516 0.721764 0.468565 0.727829 0.468255 0.728616 0.458268 0.729431 0.455872 0.715042
8 0.501576 0.645269 0.503911 0.647921 0.506570 0.649750 0.514505 0.663190 0.514878 0.664269 0.512078 0.664847 0.509745 0.665597 0.507812 0.666898 0.500083 0.653648 0.496630 0.647426 0.496956 0.644440 0.497797 0.643028 0.498203 0.642616
1 0.605945 0.685958 0.607122 0.689181 0.607854 0.695153 0.607326 0.694847 0.605138 0.686699
1 0.450701 0.584963 0.449539 0.584963 0.448786 0.585630 0.448273 0.586708 0.447807 0.587870 0.447247 0.588782 0.447154 0.589694 0.447206 0.592764 0.447714 0.592764 0.447760 0.590773 0.447995 0.589694 0.448786 0.588199 0.449724 0.587037 0.450654 0.586542 0.451167 0.585713
6 0.525677 0.493384 0.523672 0.501588 0.521664 0.505162 0.520917 0.506731 0.519969 0.503519 0.520078 0.502843 0.520638 0.499181 0.521104 0.496694 0.521896 0.493088 0.523060 0.493088 0.525255 0.493329
1 0.531466 0.495870 0.528479 0.497861 0.526378 0.499606 0.524698 0.500685 0.523672 0.501588 0.523018 0.503171 0.521664 0.505162 0.520917 0.506731 0.521383 0.508731 0.522690 0.507394 0.523203 0.506157 0.524370 0.503329 0.527357 0.501014 0.528570 0.499847 0.530438 0.498519 0.531651 0.497366 0.531932 0.496111
8 0.492560 0.414162 0.495604 0.415981 0.496839 0.416894 0.497711 0.418019 0.498797 0.419250 0.499669 0.420213 0.500302 0.421444 0.500062 0.422412 0.499581 0.422625 0.498526 0.421931 0.495513 0.420431 0.494096 0.419199 0.491326 0.416681 0.491234 0.415931 0.491596 0.414806
8 0.498688 0.430736 0.494682 0.444620 0.494997 0.448273 0.495867 0.446417 0.499247 0.433880 0.499630 0.431481 0.499354 0.430981
6 0.405570 0.462269 0.408784 0.472231 0.406914 0.472824 0.402365 0.460500 0.399133 0.451046 0.399404 0.449810 0.399518 0.449051 0.400107 0.448824 0.400529 0.449468 0.404247 0.460227 0.403130 0.458676 0.403060 0.459481 0.403409 0.460347 0.403932 0.461032 0.404805 0.461898
6 0.412810 0.481537 0.416049 0.491620 0.414159 0.492097 0.413003 0.490181 0.412643 0.488606 0.410341 0.482866 0.410596 0.482403
6 0.460927 0.644051 0.458484 0.649444 0.458240 0.641468 0.458695 0.640764 0.460448 0.643477
8 0.490648 0.451366 0.491641 0.456759 0.488901 0.456861
1 0.507682 0.454486 0.507997 0.442773 0.507125 0.442463 0.506776 0.450583 0.507021 0.453185
6 0.459253 0.639648 0.460857 0.635931 0.464865 0.625148 0.466086 0.622111 0.466714 0.621801 0.467620 0.621926 0.468664 0.622546 0.468909 0.623352 0.468526 0.625583 0.464273 0.636736 0.461622 0.642440
1 0.528284 0.515907 0.528714 0.512968 0.529932 0.507019 0.530385 0.505282 0.530839 0.505097 0.531083 0.506088 0.530594 0.508940 0.529167 0.515694 0.527911 0.519662 0.526794 0.522019 0.526445 0.522699 0.526029 0.523444 0.525297 0.524250 0.524669 0.524250 0.524773 0.523690 0.525924 0.521894 0.526326 0.521102
1 0.364505 0.274880 0.368982 0.268282 0.373542 0.261542 0.374104 0.261324 0.374589 0.261611 0.374750 0.262472 0.374388 0.263694 0.369708 0.269861 0.365352 0.276745
8 0.383604 0.370560 0.387635 0.383755 0.392695 0.399884 0.392872 0.405833 0.388229 0.392296 0.382990 0.375111 0.382344 0.371463 0.382667 0.369833 0.382937 0.369639
8 0.396432 0.411991 0.398112 0.416727 0.398919 0.418625 0.399961 0.420106 0.400557 0.420338 0.401339 0.420523 0.401289 0.422097 0.400977 0.422792 0.400456 0.423116 0.399906 0.422884 0.398708 0.421356 0.397487 0.419551 0.396680 0.418394 0.396391 0.415245
8 0.401693 0.442472 0.406513 0.461838 0.405607 0.461218 0.404247 0.460227 0.400362 0.444407 0.400320 0.442472 0.400643 0.442042
1 0.447633 0.615495 0.449445 0.622069 0.451641 0.631241 0.452721 0.634713 0.453664 0.635829 0.453651 0.634426 0.453544 0.633560 0.452674 0.630713 0.451667 0.627412 0.450492 0.621324 0.449133 0.616736 0.448224 0.615190
1 0.446896 0.606986 0.448479 0.609773 0.451344 0.614935 0.452391 0.618162 0.452432 0.623685 0.453964 0.632620 0.453544 0.633560 0.452674 0.630713 0.451667 0.627412 0.451544 0.624977 0.451667 0.622250 0.451667 0.619454 0.450940 0.616801 0.448721 0.612787 0.446461 0.608625
1 0.387758 0.204194 0.393969 0.206116 0.398885 0.206796 0.398953 0.207542 0.398117 0.207481 0.395536 0.207481 0.393271 0.207542 0.391214 0.206736 0.388878 0.205681 0.387344 0.205370 0.387484 0.204630
1 0.360000 0.223306 0.358185 0.219292 0.356247 0.216065 0.350844 0.209319 0.348987 0.207171 0.348383 0.207458 0.348383 0.209106 0.350036 0.216347 0.354474 0.219074 0.356732 0.221083 0.358589 0.224236
1 0.436839 0.424273 0.443977 0.441722 0.447346 0.448171 0.454768 0.464884 0.456388 0.469778 0.458115 0.473329 0.458008 0.474194 0.457521 0.474384 0.456766 0.474292 0.450448 0.460852 0.445169 0.449935 0.444406 0.447958 0.442880 0.444755 0.436299 0.429843 0.435596 0.426097 0.435490 0.425042
1 0.474565 0.392204 0.475755 0.392731 0.477430 0.393102 0.478685 0.392856 0.480219 0.392856 0.481438 0.393352 0.483146 0.394218 0.484367 0.394898 0.484854 0.395769 0.484924 0.396634 0.484438 0.397625 0.483427 0.397565 0.481857 0.396389 0.479661 0.396079 0.478719 0.396079 0.477359 0.396014 0.475549 0.395116 0.472898 0.394468 0.472409 0.394093 0.471607 0.393412 0.471328 0.392481 0.471432 0.392171 0.471781 0.391986
8 0.493281 0.436991 0.492734 0.427870 0.492604 0.426296 0.491380 0.425787 0.490833 0.425926 0.490703 0.426435 0.491406 0.431856 0.491354 0.432227 0.492057 0.439306 0.492247 0.438074 0.492505 0.437153 0.492815 0.436968 0.493076 0.437153
8 0.493464 0.456671 0.492831 0.445583 0.492651 0.441514 0.492815 0.439917 0.493076 0.437153 0.493734 0.437227 0.494036 0.437708 0.494247 0.439370 0.495302 0.453727 0.495904 0.460046 0.495964 0.466153 0.494909 0.467972 0.493945 0.464333 0.493583 0.458384 0.494898 0.457875 0.494898 0.457287 0.494716 0.456750 0.494174 0.456644
1 0.491641 0.456759 0.493240 0.456806 0.494174 0.456644 0.494716 0.456750 0.494898 0.457287 0.494898 0.457875 0.492529 0.458694 0.489260 0.458773 0.488539 0.458361 0.488901 0.456861
1 0.495388 0.452472 0.498513 0.456685 0.500336 0.459046 0.500805 0.459648 0.500388 0.460019 0.499945 0.459648 0.498956 0.458907 0.498357 0.458259 0.497341 0.456685 0.496352 0.455157 0.495466 0.453861
1 0.495857 0.448769 0.496430 0.448352 0.497315 0.447981 0.498227 0.447796 0.499841 0.448213 0.501013 0.448398 0.501898 0.448491 0.502523 0.448676 0.503279 0.449093 0.503591 0.449648 0.503747 0.450019 0.503721 0.450620 0.503096 0.450528 0.502055 0.450157 0.500570 0.449509 0.499477 0.449185 0.498148 0.448954 0.497576 0.449324 0.496794 0.449648 0.496404 0.449880 0.495648 0.449787 0.495570 0.449093
1 0.509503 0.460745 0.507654 0.463157 0.507680 0.465194 0.509581 0.463019
1 0.509320 0.458019 0.507706 0.459315 0.507680 0.461537 0.509365 0.459481
1 0.507674 0.457259 0.507630 0.466250 0.507526 0.466528 0.507188 0.466806 0.506563 0.466667 0.506563 0.465787 0.506870 0.456231
1 0.521096 0.443903 0.520206 0.446032 0.521253 0.446958 0.521721 0.445523 0.521339 0.444495
1 0.524289 0.439981 0.528193 0.432731 0.528612 0.432731 0.528750 0.433597 0.528750 0.434903 0.528438 0.435769 0.524706 0.441532
1 0.509638 0.463514 0.504062 0.472778 0.500966 0.477856 0.502336 0.478644 0.506328 0.471852 0.509596 0.466310
1 0.493544 0.335412 0.497479 0.337852 0.498729 0.337407 0.499604 0.336968 0.500854 0.336190 0.502792 0.335634 0.503542 0.335634 0.504854 0.336190 0.505789 0.338630 0.506539 0.341296 0.506289 0.345741 0.504667 0.347630 0.501979 0.348519 0.500542 0.348741 0.499417 0.349852 0.498479 0.351407 0.497729 0.353958 0.495857 0.355403 0.493419 0.358403 0.494169 0.361292 0.493732 0.363292 0.492044 0.362292 0.491294 0.359958 0.490669 0.357292 0.489607 0.355514 0.491919 0.352736 0.491669 0.350963 0.489669 0.350185 0.490169 0.348519 0.491419 0.347185 0.490982 0.343519 0.491857 0.340852 0.492732 0.338074
1 0.464667 0.217741 0.467208 0.221611 0.469909 0.225056 0.471805 0.227208 0.474750 0.230218 0.476727 0.231435 0.478138 0.231940 0.478664 0.231940 0.478945 0.231940 0.479430 0.232153 0.479510 0.232227 0.479591 0.232870 0.479510 0.233088 0.478380 0.233519 0.476768 0.233157 0.475354 0.232009 0.472693 0.230148 0.469586 0.226634 0.467086 0.222977 0.464706 0.220106 0.464464 0.218958
2 0.415458 0.156745 0.415828 0.156597 0.416315 0.156597 0.416839 0.156597 0.417849 0.156968 0.418513 0.157338 0.418859 0.157898 0.419557 0.159384 0.419872 0.161801 0.419174 0.160935 0.417953 0.159569 0.417187 0.158579 0.415898 0.158394 0.414945 0.157574
2 0.398229 0.165315 0.402188 0.163056 0.411062 0.158759 0.411716 0.159421 0.411763 0.160833 0.410737 0.161495 0.411391 0.171037 0.409854 0.171796 0.408357 0.162824 0.403643 0.165894 0.399862 0.166394 0.398461 0.167056 0.398135 0.166394
1 0.427313 0.306551 0.424812 0.300019 0.424604 0.301315 0.424602 0.301944 0.426409 0.307144
1 0.427917 0.307778 0.431128 0.315310 0.431268 0.316051 0.431477 0.316796 0.431302 0.317417 0.430711 0.317231 0.430258 0.315991 0.427643 0.309731 0.427214 0.308426
1 0.453924 0.393176 0.455047 0.396995 0.456492 0.399491 0.460198 0.403782 0.464417 0.409565 0.467128 0.412884 0.467427 0.413481 0.467487 0.414060 0.467190 0.414278 0.466318 0.413481 0.462367 0.408444 0.458211 0.402870 0.456641 0.401019 0.454471 0.397722 0.453870 0.395319 0.453659 0.394296 0.453357 0.393333 0.453599 0.393014
1 0.407375 0.365014 0.409190 0.378421 0.411812 0.383370 0.409070 0.365583 0.408786 0.364727 0.408102 0.364727
1 0.403378 0.324120 0.400557 0.322880 0.398745 0.321954 0.397630 0.321644 0.397245 0.322449 0.397245 0.323380 0.398500 0.324431 0.403521 0.326602 0.404464 0.326972 0.405578 0.327407 0.406206 0.325546 0.404078 0.325111 0.403656 0.324681
1 0.370810 0.232847 0.372552 0.224306 0.373055 0.221148 0.372786 0.220528 0.372242 0.220389 0.372091 0.220458 0.371823 0.221296 0.371484 0.222917 0.370232 0.229130 0.370602 0.232463
1 0.367133 0.242616 0.369458 0.232778 0.369958 0.235597 0.368138 0.244269
1 0.364581 0.252731 0.361135 0.269042 0.361174 0.269662 0.362063 0.270829 0.365781 0.253009
1 0.371630 0.313454 0.374320 0.316435 0.375591 0.317722 0.376141 0.318185 0.377615 0.318750 0.379177 0.318648 0.379958 0.318287 0.380448 0.317926 0.381664 0.316588 0.382445 0.315356 0.382849 0.315356 0.382935 0.316023 0.382763 0.316435 0.381547 0.318338 0.380940 0.318954 0.380247 0.319676 0.379609 0.319931 0.378742 0.319981 0.376747 0.319569 0.374898 0.318852 0.373654 0.317620 0.371398 0.314583
1 0.372919 0.320991 0.376609 0.326681 0.381086 0.334009 0.381221 0.335042 0.381042 0.335361 0.380013 0.334407 0.376654 0.329949 0.375846 0.328356 0.373070 0.323338 0.371638 0.321745 0.370922 0.320792 0.370339 0.319833 0.370383 0.318481 0.370922 0.318324 0.371414 0.318880 0.372315 0.319981 0.372583 0.320634
1 0.392924 0.331458 0.398419 0.333116 0.401526 0.333903 0.402818 0.334551 0.402372 0.335981 0.396242 0.335125 0.391562 0.334477 0.389021 0.333977 0.385633 0.332685 0.383979 0.331824 0.383695 0.331287 0.383133 0.329384 0.384505 0.329458 0.387086 0.330463 0.389424 0.330894 0.391836 0.331551
1 0.407109 0.321394 0.403414 0.323565 0.403378 0.324120 0.403656 0.324681 0.404078 0.325111 0.404807 0.324866 0.407211 0.322912
1 0.416565 0.314171 0.420651 0.311111 0.420495 0.313009 0.417682 0.315417 0.417266 0.315463
1 0.434240 0.355116 0.438354 0.353394 0.441177 0.352102 0.443034 0.351532 0.443719 0.352532 0.443719 0.352894 0.442911 0.353324 0.439242 0.355046 0.436339 0.356046
8 0.425891 0.351727 0.432049 0.354130 0.441510 0.358204 0.446130 0.360204 0.446510 0.361208 0.446070 0.362319 0.443195 0.361542 0.433638 0.358097 0.432802 0.357366 0.431961 0.356870 0.426641 0.354431 0.425391 0.353542 0.425266 0.352546
8 0.468430 0.370579 0.469068 0.343912 0.469284 0.339593 0.470904 0.339977 0.470740 0.361671 0.470490 0.376199 0.470401 0.380495 0.470534 0.383282 0.469729 0.385273 0.468687 0.384903 0.468526 0.383847 0.468474 0.381736 0.468518 0.380611
10 0.411107 0.312782 0.411648 0.312037 0.412487 0.312037 0.414586 0.313319 0.416565 0.314171 0.417266 0.315463 0.420281 0.314704 0.421000 0.308736 0.422799 0.308625 0.424117 0.310014 0.424117 0.312569 0.423818 0.315875 0.423698 0.317898 0.424779 0.319287 0.426336 0.320139 0.428435 0.322375 0.430055 0.324829 0.430893 0.328241 0.430953 0.331222 0.427776 0.341032 0.425497 0.349130 0.423339 0.351690 0.421659 0.354565 0.413625 0.354245 0.407091 0.352329 0.405172 0.351157 0.403674 0.348917 0.402294 0.345829 0.402174 0.343056 0.401695 0.340815 0.402115 0.336875 0.407211 0.322912 0.406971 0.319606 0.408469 0.314384 0.410388 0.312889
1 0.398268 0.344282 0.400589 0.353926 0.403721 0.364426 0.404266 0.366727 0.407552 0.366352 0.407792 0.368120 0.404354 0.368176 0.403479 0.367801 0.403000 0.367102 0.402456 0.366032 0.401974 0.364588 0.398930 0.353389 0.398391 0.352375 0.396339 0.346000 0.395841 0.344759 0.397740 0.344343
1 0.511370 0.351514 0.508240 0.353630 0.504458 0.354301 0.499867 0.355931 0.497979 0.356699 0.495333 0.357370 0.494143 0.357565 0.494307 0.358333 0.496411 0.358333 0.500299 0.357083 0.504172 0.355588 0.506682 0.355097 0.509328 0.354597 0.510273 0.353810 0.511073 0.353481 0.511526 0.353111
1 0.500299 0.381208 0.502773 0.382523 0.506646 0.384889 0.506846 0.385394 0.506888 0.386037 0.506404 0.386468 0.499867 0.383028
1 0.497016 0.380042 0.491451 0.377532 0.487938 0.375954 0.487573 0.376889 0.487740 0.377676 0.488586 0.378032 0.493221 0.379468 0.496771 0.381116
8 0.411711 0.453208 0.411672 0.467046 0.411711 0.470778 0.412076 0.471708 0.412719 0.471926 0.413526 0.471852 0.413729 0.471065 0.413164 0.459662 0.413203 0.455861 0.413003 0.454139
1 0.403130 0.458676 0.404247 0.460227 0.405607 0.461218 0.406513 0.461838 0.407141 0.462579 0.407628 0.463324 0.409477 0.467167 0.410172 0.468282 0.411148 0.469028 0.411497 0.469458 0.411531 0.470264 0.411253 0.470759 0.410870 0.470639 0.410034 0.469458 0.409266 0.467912 0.408289 0.466361 0.407245 0.464190 0.406409 0.462954 0.405570 0.462269 0.404805 0.461898 0.403932 0.461032 0.403409 0.460347 0.403060 0.459481
8 0.413003 0.490181 0.416596 0.498069 0.416833 0.498718 0.416833 0.499148 0.416753 0.499935 0.416432 0.501083 0.415867 0.502014 0.415341 0.502519 0.414133 0.502657 0.413445 0.501514 0.412885 0.499505 0.412076 0.497208 0.411268 0.494199 0.412318 0.492833 0.412438 0.491690
8 0.410341 0.482866 0.412643 0.488606 0.412362 0.488819 0.411388 0.487889 0.410703 0.487028 0.409896 0.487028 0.408690 0.487671 0.408484 0.485667 0.408000 0.482796
8 0.406266 0.473259 0.401224 0.460852 0.404333 0.473546
1 0.433833 0.533940 0.433417 0.534005 0.433102 0.534625 0.432719 0.535741 0.432336 0.537227 0.431951 0.538468 0.431883 0.539458 0.431534 0.543301 0.432091 0.543361 0.432266 0.542741 0.432578 0.539148 0.433484 0.535741 0.433695 0.535366 0.434044 0.535366 0.434323 0.535551 0.434565 0.535551 0.434776 0.535181 0.434776 0.534625 0.434391 0.534190
8 0.547221 0.636602 0.551477 0.642819 0.551289 0.643153 0.549969 0.643819 0.548844 0.644264 0.548352 0.644264 0.547659 0.643819 0.547352 0.642819 0.547221 0.641713
1 0.605081 0.687338 0.607669 0.698051 0.607940 0.699069 0.607820 0.700250 0.607578 0.701051 0.607187 0.701588 0.606888 0.701426 0.603724 0.689856 0.603724 0.688301 0.604385 0.687444
1 0.602490 0.690394 0.604445 0.705125 0.604208 0.705657 0.603604 0.705657 0.603391 0.705014 0.603148 0.703944 0.601432 0.692000 0.601523 0.690394 0.601914 0.690069
1 0.598612 0.666208 0.604352 0.684630 0.602714 0.686208 0.598612 0.673181 0.597536 0.666958 0.597583 0.665630 0.598284 0.665296
1 0.592273 0.639648 0.595674 0.648866 0.604315 0.671713 0.609932 0.685440 0.609607 0.686208 0.608797 0.686403 0.608042 0.685634 0.606367 0.682755 0.595568 0.655106 0.593516 0.647907 0.592328 0.642806
1 0.488263 0.694384 0.488909 0.692306 0.489836 0.690009 0.490724 0.689079 0.492982 0.688074 0.495362 0.687431 0.497419 0.687431 0.502099 0.689435 0.507786 0.692162 0.513958 0.694815 0.516258 0.695602 0.521057 0.697685 0.523760 0.698903 0.525091 0.699690 0.526422 0.700912 0.528599 0.702847 0.530013 0.704852 0.531182 0.706574 0.531990 0.709588 0.532391 0.711593 0.532391 0.712310 0.532310 0.712384 0.532232 0.712528 0.531990 0.712097 0.531867 0.711523 0.531182 0.708940 0.530435 0.706819 0.528831 0.704218 0.526982 0.702171 0.524924 0.700500 0.522349 0.699074 0.517956 0.696968 0.513773 0.695417 0.507427 0.692750 0.502232 0.690213 0.500107 0.689278 0.497177 0.688167 0.495888 0.688037 0.494458 0.688352 0.492854 0.688718 0.491495 0.689343 0.489820 0.691079 0.488911 0.693245 0.488461 0.695602 0.488008 0.695481
1 0.523208 0.695736 0.524984 0.692884 0.530458 0.686995 0.533318 0.683773 0.533628 0.683694 0.533990 0.685505 0.533687 0.686569 0.533109 0.686315 0.531052 0.688236 0.525159 0.694431 0.523836 0.696231
8 0.456961 0.638519 0.457031 0.651435 0.457273 0.663986 0.458927 0.664704 0.458240 0.641468 0.458159 0.637954 0.457997 0.637167 0.457555 0.636736 0.457206 0.637153 0.457135 0.638208
1 0.453964 0.632620 0.457206 0.637153 0.457135 0.638208 0.456961 0.638519 0.456508 0.638083 0.454799 0.635852 0.454138 0.634921 0.453651 0.634426 0.453544 0.633560
1 0.458880 0.639074 0.463656 0.645023 0.470141 0.653755 0.470279 0.654319 0.469409 0.654694 0.467734 0.652583 0.460448 0.643477 0.458461 0.640190 0.458461 0.639259
8 0.530766 0.530176 0.532740 0.543333 0.534044 0.549755 0.536182 0.553042 0.535349 0.547616 0.534013 0.539704 0.533307 0.534120 0.531555 0.531227
8 0.532661 0.530894 0.530807 0.519491 0.530604 0.519491 0.530323 0.519778 0.530000 0.520852 0.529799 0.521856 0.529719 0.522431 0.530565 0.528384 0.531065 0.529060
1 0.526484 0.523495 0.531065 0.529060 0.535568 0.534287 0.538143 0.538745 0.538534 0.539255 0.538534 0.539759 0.538495 0.540116 0.537792 0.540241 0.535016 0.536671 0.531555 0.531227 0.529781 0.528856 0.525750 0.523981
1 0.428784 0.551639 0.427995 0.552944 0.427854 0.553380 0.427820 0.553810 0.427820 0.554060 0.428029 0.554120 0.428240 0.554120 0.429042 0.553810 0.429391 0.553736 0.431247 0.550870 0.432115 0.550741 0.433258 0.549102 0.433573 0.548356 0.433365 0.548111 0.432456 0.548356 0.432109 0.548977 0.431471 0.548639
8 0.553555 0.648444 0.557802 0.656245 0.555258 0.655593 0.553779 0.655037 0.553227 0.654588 0.553320 0.650519
1 0.487161 0.425190 0.488255 0.427181 0.490339 0.430421 0.491406 0.431856 0.491354 0.432227 0.490964 0.432412 0.490651 0.432181 0.488099 0.428662 0.486667 0.426116 0.486276 0.425005
1 0.467055 0.414722 0.467753 0.414657 0.468135 0.414722 0.468833 0.415218 0.471159 0.418079 0.475135 0.424722 0.477125 0.428796 0.478029 0.431472 0.478271 0.432329 0.478271 0.432708 0.478089 0.432755 0.477214 0.431796 0.474201 0.425847 0.470013 0.418829 0.468445 0.416532 0.467633 0.416046
1 0.429234 0.372583 0.429839 0.374880 0.431211 0.377032 0.431776 0.377102 0.432219 0.377463 0.432622 0.378250 0.433753 0.380403 0.435284 0.385778 0.435648 0.388648 0.434922 0.387356 0.433227 0.383708 0.432380 0.381116 0.431695 0.379542 0.431089 0.378394 0.430161 0.377676 0.429354 0.376528 0.428831 0.375523 0.428508 0.374736 0.428227 0.373875 0.428227 0.372727 0.428346 0.372009
1 0.436615 0.388704 0.438719 0.393120 0.441820 0.402356 0.444505 0.408616 0.446419 0.411593 0.447591 0.413741 0.449727 0.415106 0.452391 0.416685 0.453719 0.416611 0.455982 0.416185 0.460135 0.415463 0.463724 0.414602 0.465786 0.414380 0.465646 0.415292 0.464711 0.415292 0.461680 0.415875 0.459391 0.416449 0.456638 0.416954 0.454073 0.417366 0.452391 0.417528 0.450430 0.416616 0.448237 0.415620 0.446510 0.413463 0.444625 0.410079 0.441625 0.404750 0.438661 0.396815 0.437237 0.393458
1 0.432802 0.357366 0.433083 0.362106 0.433128 0.365083 0.433643 0.366991 0.434062 0.369148 0.434669 0.371639 0.434810 0.373880 0.436208 0.385421 0.437237 0.393458 0.437237 0.394287 0.437237 0.394537 0.436909 0.394620 0.436443 0.394454 0.436255 0.393542 0.434948 0.383088 0.434016 0.373306 0.432661 0.367074 0.432242 0.365083 0.431961 0.360435 0.431961 0.356870
1 0.404839 0.420657 0.405807 0.422810 0.407219 0.426181 0.408831 0.430625 0.409841 0.434282 0.410161 0.435144 0.410081 0.435935 0.409841 0.436005 0.409396 0.435505 0.409034 0.434426 0.406654 0.427111 0.404474 0.422454 0.404193 0.421088
1 0.402036 0.426343 0.403469 0.415259 0.404010 0.410648 0.403776 0.409134 0.403469 0.408935 0.402964 0.409069 0.400875 0.425106
1 0.400680 0.428676 0.398862 0.443472 0.398010 0.450495 0.398513 0.451736 0.399133 0.451046 0.399404 0.449810 0.399518 0.449051 0.401648 0.429782
1 0.392969 0.408796 0.390602 0.410657 0.389820 0.411069 0.389878 0.411273 0.390253 0.411685 0.391411 0.411273 0.392964 0.410394 0.396414 0.409120 0.397482 0.408856 0.399130 0.408088 0.400026 0.407880 0.401096 0.407727 0.401646 0.407625 0.401792 0.407162 0.401299 0.406750 0.400375 0.406852 0.399016 0.407264 0.397987 0.407306 0.396234 0.407847
1 0.405294 0.404231 0.409180 0.404171 0.412341 0.404634 0.413687 0.404907 0.414672 0.405185 0.415503 0.405463 0.415917 0.405648 0.416279 0.406477 0.416125 0.407764 0.415190 0.408778 0.413068 0.410620 0.412651 0.410713 0.411927 0.410435 0.411979 0.409792 0.412602 0.409514 0.414310 0.408319 0.415141 0.407671 0.415555 0.407306 0.415708 0.406569 0.415607 0.406199 0.413378 0.405829 0.410010 0.405741 0.406487 0.405741 0.405190 0.405463 0.403635 0.404907 0.402651 0.404634 0.401719 0.404634 0.400734 0.404542 0.399956 0.404634 0.398818 0.406106 0.397987 0.407306 0.397521 0.407398 0.397365 0.407306 0.397987 0.406014 0.399023 0.404171 0.399646 0.403528 0.401096 0.403065 0.402029 0.403157 0.403583 0.403528
1 0.391701 0.347167 0.393326 0.345583 0.394565 0.344551 0.395958 0.343861 0.397159 0.343449 0.398086 0.343037 0.399133 0.342486 0.399828 0.342213 0.400951 0.341796 0.401802 0.341593 0.402036 0.342347 0.401339 0.342556 0.399286 0.343449 0.398435 0.344139 0.397740 0.344343 0.395841 0.344759 0.394758 0.345926 0.392359 0.348130
1 0.371370 0.206634 0.371169 0.205148 0.371169 0.203306 0.371469 0.202352 0.372307 0.201222 0.373143 0.200745 0.375518 0.198250 0.377927 0.196106 0.378695 0.194681 0.379130 0.194620 0.379500 0.194917 0.379096 0.196287 0.377023 0.198190 0.373510 0.201759 0.372474 0.203065 0.371971 0.203662 0.371971 0.205681
1 0.354539 0.222681 0.356240 0.242500 0.356732 0.252620 0.356508 0.252931 0.356104 0.251347 0.354896 0.245375 0.353552 0.226583 0.353643 0.224583 0.353643 0.222764
1 0.359945 0.267532 0.366641 0.278750 0.367414 0.280745 0.367068 0.281093 0.366719 0.280815 0.361221 0.271593 0.359479 0.269185 0.359479 0.268495
1 0.390013 0.324144 0.388839 0.326898 0.388221 0.328551 0.387872 0.328620 0.387562 0.328347 0.387794 0.327315 0.389188 0.324148
1 0.390573 0.320556 0.392857 0.317384 0.398201 0.309889 0.398703 0.310088 0.398935 0.310639 0.398857 0.311329 0.395760 0.315731 0.390956 0.322523
1 0.389779 0.323014 0.386836 0.322421 0.382117 0.321704 0.376833 0.320218 0.374893 0.319801 0.372315 0.319505 0.372315 0.319981 0.372583 0.320634 0.372919 0.320991 0.375930 0.321407 0.378438 0.321884 0.380177 0.322718 0.381951 0.323074 0.385664 0.323370 0.388174 0.323968 0.390013 0.324144
1 0.391094 0.323333 0.394128 0.324264 0.396638 0.325097 0.396805 0.325333 0.396937 0.325810 0.397039 0.326463 0.397005 0.327000 0.396839 0.327176 0.396570 0.326347 0.396169 0.325630 0.394063 0.325157 0.391453 0.324620
1 0.373292 0.203116 0.371167 0.207074 0.370130 0.211019 0.369609 0.214769 0.368729 0.223106 0.368781 0.226514 0.369247 0.231671 0.370440 0.237843 0.374844 0.255532 0.379302 0.275981 0.379763 0.278028 0.381318 0.284477 0.385203 0.301338 0.389091 0.320130 0.391370 0.330537 0.391836 0.331551 0.392924 0.331458 0.392872 0.330722 0.390956 0.322523 0.387172 0.304009 0.383596 0.288069 0.380904 0.277569 0.378214 0.263361 0.375000 0.250468 0.372305 0.240315 0.370602 0.232463 0.370021 0.227583 0.370289 0.220699 0.371104 0.212648 0.373078 0.207000 0.374664 0.203843 0.374508 0.202949 0.374125 0.202736
1 0.436914 0.270625 0.437883 0.260782 0.438888 0.256102 0.439469 0.254588 0.440555 0.253560 0.447211 0.249565 0.447638 0.250394 0.447404 0.250806 0.442604 0.254245 0.440477 0.255898 0.438581 0.271588 0.438424 0.272759 0.438154 0.273653 0.437883 0.273926 0.437380 0.273856 0.437148 0.273032
1 0.438128 0.300153 0.444669 0.286134 0.448977 0.276574 0.449937 0.276148 0.450417 0.277431 0.449336 0.279347 0.444781 0.289685 0.439443 0.301093 0.436266 0.307912 0.436146 0.308343 0.434102 0.310199 0.436625 0.303759 0.437773 0.301671 0.438315 0.300505
1 0.440964 0.298176 0.443674 0.298106 0.449169 0.298935 0.451570 0.299486 0.452576 0.300037 0.451924 0.300495 0.450990 0.300861 0.448047 0.300449 0.444719 0.299968 0.442745 0.299829 0.440849 0.300037 0.440578 0.299829 0.440615 0.299278
1 0.424654 0.308417 0.428135 0.306009 0.433711 0.302292 0.437349 0.300505 0.438315 0.300505 0.437773 0.301671 0.435799 0.302634 0.426703 0.308690 0.425195 0.309722 0.424458 0.309449
1 0.449672 0.331310 0.446201 0.340134 0.444880 0.343014 0.444701 0.343972 0.445120 0.345144 0.445781 0.344611 0.447279 0.340560 0.451117 0.330968 0.451625 0.330153 0.452836 0.327366 0.454672 0.324181 0.458076 0.319167 0.460987 0.315185 0.462747 0.312315 0.463708 0.310292 0.466526 0.304106 0.466586 0.302935 0.466107 0.302829 0.465625 0.303361 0.465026 0.305389 0.463469 0.308477 0.461984 0.311014 0.457997 0.317685 0.451841 0.326148
1 0.501271 0.439583 0.504495 0.448102 0.507898 0.455028 0.508122 0.455588 0.508393 0.456394 0.508258 0.457102 0.507674 0.457259 0.506870 0.456231 0.503242 0.447236 0.501495 0.443486 0.500286 0.439426 0.500635 0.439296
1 0.439229 0.508894 0.439810 0.509032 0.440971 0.510611 0.442482 0.513296 0.442365 0.513778 0.442055 0.513847 0.440508 0.511644 0.439346 0.509995 0.439036 0.510477 0.437836 0.511440 0.437682 0.510819 0.437836 0.509995 0.438417 0.509375
1 0.420615 0.537810 0.424109 0.548639 0.430781 0.570532 0.433872 0.580176 0.433693 0.580653 0.433424 0.580653 0.433245 0.580495 0.429393 0.568944 0.423526 0.549125 0.420391 0.538935 0.420391 0.537972
1 0.440490 0.620829 0.445411 0.625801 0.451320 0.633264 0.454013 0.636213 0.454948 0.637500 0.455258 0.638514 0.454169 0.638329 0.452977 0.636764 0.451268 0.634736 0.445310 0.627644 0.440542 0.622208
1 0.513036 0.646722 0.516094 0.652528 0.522784 0.664227 0.523354 0.666069 0.522784 0.666620 0.522156 0.666069 0.515732 0.654000 0.511901 0.646630
1 0.447083 0.605926 0.449740 0.605880 0.454242 0.606745 0.459750 0.608977 0.462885 0.610088 0.466422 0.611523 0.466602 0.612398 0.466289 0.612796 0.462841 0.611204 0.459437 0.610088 0.456078 0.608736 0.452404 0.607306 0.449315 0.606986 0.446896 0.606986 0.446539 0.606028
1 0.488297 0.455824 0.485096 0.466356 0.482297 0.475199 0.483281 0.474829 0.488901 0.456861 0.490648 0.451366 0.491987 0.445810 0.492815 0.439917 0.493076 0.437153 0.492815 0.436968 0.492505 0.437153 0.492247 0.438074 0.491625 0.442310 0.490641 0.447009 0.490078 0.448935
8 0.380815 0.369069 0.383919 0.363648 0.385740 0.360921 0.387531 0.359588 0.388547 0.359431 0.389122 0.359481 0.390250 0.360097 0.391232 0.361130 0.393172 0.365903 0.397513 0.378704 0.402469 0.394875 0.405294 0.404231 0.402917 0.403333 0.394651 0.377602 0.390818 0.365833 0.389307 0.362741 0.387180 0.362532 0.386599 0.363704 0.381490 0.372167
10 0.451974 0.488375 0.449242 0.488056 0.448393 0.488616 0.447674 0.489810 0.447227 0.492116 0.447094 0.494426 0.447362 0.495861 0.447810 0.497292 0.448974 0.498884 0.449826 0.500000 0.450182 0.499602 0.450362 0.495463 0.451393 0.490685
10 0.558214 0.656546 0.555258 0.655593 0.553779 0.655037 0.552255 0.655833 0.550375 0.657264 0.546612 0.662759 0.546031 0.664111 0.545628 0.665866 0.545672 0.666741 0.548047 0.669843 0.550062 0.671037 0.550766 0.671421 0.551336 0.672250 0.555211 0.676375 0.557003 0.678282 0.557766 0.679477 0.557943 0.680116 0.560766 0.680356 0.559646 0.668889 0.559286 0.668810 0.558750 0.669685 0.558078 0.670560 0.551583 0.665227 0.550599 0.663875 0.552211 0.661486 0.553914 0.660847 0.555034 0.660769 0.558526 0.662917
10 0.482818 0.419884 0.485013 0.419370 0.487268 0.419218 0.488945 0.419218 0.495596 0.421171 0.500232 0.423208 0.501354 0.419231 0.501755 0.418514 0.502651 0.417875 0.504086 0.418435 0.513310 0.424722 0.514521 0.425917 0.515414 0.427028 0.516310 0.428546 0.517477 0.432764 0.517070 0.437625 0.514654 0.437463 0.513219 0.438894 0.512326 0.440167 0.511161 0.442241 0.510534 0.444069 0.501711 0.439611 0.500635 0.439296 0.499698 0.438579 0.499247 0.436745 0.499247 0.433880 0.499875 0.431491 0.500099 0.429736 0.498039 0.428144 0.490828 0.425519 0.487693 0.425282 0.483930 0.424403
10 0.460948 0.389412 0.467180 0.401593 0.473026 0.411843 0.475734 0.415352 0.477362 0.418037 0.478406 0.418796 0.480227 0.424917 0.479799 0.426088 0.478445 0.425949 0.476586 0.423819 0.469698 0.415079 0.470083 0.413634 0.469969 0.412190 0.469734 0.411227 0.469659 0.409505 0.469427 0.409231 0.468341 0.410194 0.467995 0.411019 0.466794 0.411431 0.458047 0.393403 0.458354 0.392028 0.459594 0.390579
10 0.407500 0.195995 0.388898 0.202903 0.388276 0.201245 0.387966 0.201338 0.387706 0.202352 0.387810 0.203361 0.387758 0.204194 0.381747 0.205759 0.381125 0.205296 0.380659 0.203546 0.380193 0.200324 0.380763 0.195718 0.380815 0.194153
10 0.382221 0.188755 0.382893 0.184778 0.383385 0.182704 0.384505 0.181273 0.386654 0.180477 0.394391 0.177606 0.396932 0.176958 0.404927 0.174347 0.408419 0.172194 0.409854 0.171796 0.411971 0.171074 0.415107 0.170755 0.417378 0.169884 0.418542 0.168852 0.420198 0.168852 0.420781 0.169806 0.420924 0.175269 0.421081 0.177019 0.421391 0.180245 0.421909 0.182361 0.422685 0.182824 0.423411 0.183931 0.423930 0.186694 0.425120 0.192037 0.425120 0.194153 0.424914 0.195347 0.423464 0.194435 0.422219 0.192500 0.420870 0.192125 0.416885 0.193144 0.414771 0.194032 0.413570 0.193278 0.410745 0.192245 0.406409 0.191278 0.388638 0.189185
10 0.461747 0.314389 0.462643 0.316699 0.463180 0.317894 0.463672 0.319565 0.463719 0.320917 0.463047 0.322750 0.462688 0.324102 0.461659 0.325856 0.461031 0.326412 0.452924 0.330153 0.451625 0.330153 0.452836 0.327366 0.454672 0.324181 0.458076 0.319167 0.460987 0.315185
10 0.432201 0.315199 0.433143 0.320458 0.434755 0.327144 0.431982 0.330282 0.431328 0.331931 0.430669 0.333792 0.430862 0.334954 0.431328 0.335574 0.431870 0.335574 0.432529 0.335574 0.433531 0.334407 0.434500 0.333171 0.435391 0.332829 0.436549 0.333722 0.438333 0.334954 0.439727 0.335440 0.442049 0.335782 0.443250 0.335028 0.449672 0.331310 0.451841 0.326148 0.457997 0.317685 0.461984 0.311014 0.461560 0.310051 0.458549 0.306060 0.457828 0.304144 0.456852 0.301236 0.454979 0.300250 0.453937 0.300250 0.451924 0.300495 0.443773 0.305028 0.436026 0.308449 0.434102 0.310199 0.433250 0.311477 0.432354 0.312750
8 0.424036 0.313843 0.427315 0.313370 0.428203 0.313648 0.428628 0.314199 0.428937 0.314954 0.429016 0.316194 0.428786 0.317157 0.428089 0.317292 0.423794 0.316606 0.423818 0.315875
8 0.536687 0.675486 0.534289 0.691259 0.532370 0.690194 0.533687 0.686569 0.533990 0.685505 0.533628 0.683694 0.535247 0.676870
8 0.540404 0.637968 0.537466 0.664185 0.536930 0.664514 0.536102 0.665435 0.535906 0.661843 0.538664 0.637755 0.538904 0.636685 0.539385 0.636792
8 0.437008 0.507491 0.437276 0.515532 0.436693 0.515694 0.435888 0.515375 0.435396 0.514815 0.435305 0.506218
8 0.436648 0.494671 0.436516 0.499690 0.434857 0.501120 0.434857 0.493958 0.435352 0.493477
8 0.431000 0.481681 0.427464 0.493144 0.427419 0.494736 0.427552 0.495375 0.427867 0.496171 0.428672 0.497125 0.430240 0.498162 0.431628 0.498639 0.432971 0.495690 0.433286 0.493620 0.432703 0.492426 0.432570 0.490519 0.432523 0.488130 0.433643 0.487093 0.433867 0.486773 0.435078 0.487093 0.436823 0.482634
8 0.443977 0.441722 0.446206 0.434074 0.447604 0.434815 0.448380 0.436380 0.448174 0.438222 0.447448 0.440250 0.447086 0.441537 0.447448 0.445130 0.447604 0.446329 0.447346 0.448171
8 0.442880 0.444755 0.437885 0.460046 0.433862 0.472870 0.439620 0.474106 0.442604 0.464116 0.443089 0.460542 0.444060 0.458074 0.444615 0.457208 0.445378 0.451907 0.445169 0.449935 0.444406 0.447958
8 0.450279 0.262579 0.444268 0.260829 0.443542 0.261106 0.443023 0.262306 0.442919 0.263685 0.443385 0.265528 0.443750 0.266542 0.448672 0.268106 0.449242 0.265528
8 0.414927 0.161676 0.414839 0.166056 0.415107 0.170755 0.411971 0.171074 0.411883 0.165657 0.411839 0.158810
8 0.473813 0.212468 0.483180 0.216782 0.483385 0.218634 0.483109 0.220236 0.481305 0.220977 0.476310 0.219495 0.471802 0.214810 0.471802 0.213699 0.472286 0.212963
8 0.535568 0.534287 0.538680 0.526199 0.539951 0.526435 0.541221 0.527148 0.541557 0.528042 0.541323 0.530181 0.538143 0.538745
8 0.532740 0.543333 0.531669 0.545889 0.534044 0.549755
8 0.537792 0.540241 0.535349 0.547616 0.534013 0.539704 0.535016 0.536671
8 0.483693 0.639903 0.481875 0.644926 0.477112 0.656347 0.472042 0.670736 0.469357 0.669815 0.476266 0.652542 0.482164 0.637843
8 0.455315 0.662852 0.466146 0.668750 0.480448 0.673542 0.490086 0.676671 0.505682 0.680727 0.518482 0.683764 0.519674 0.681829 0.521643 0.678884 0.524961 0.675565 0.536102 0.665435 0.536930 0.664514 0.538328 0.663500 0.542008 0.663500 0.544237 0.664694 0.546828 0.668935 0.547969 0.670958 0.548849 0.670958 0.550766 0.671421 0.551336 0.672250 0.551802 0.674093 0.551906 0.677227 0.551492 0.679069 0.550299 0.680449 0.549211 0.681741 0.548018 0.682106 0.547398 0.682292 0.545378 0.681093 0.544651 0.679986 0.544289 0.678792 0.544341 0.676764 0.544495 0.676213 0.544547 0.675565 0.541956 0.671514 0.541284 0.671699 0.533250 0.677870 0.525115 0.683583 0.521747 0.686162 0.519313 0.687727 0.516927 0.689292 0.512781 0.689477 0.505268 0.687912 0.499828 0.685606 0.489568 0.684963 0.477026 0.680079 0.460651 0.671792 0.454797 0.668750 0.454797 0.663681
8 0.593875 0.650056 0.600542 0.684343 0.599779 0.685699 0.598870 0.686560 0.598182 0.686685 0.597003 0.683106 0.592216 0.653264 0.590065 0.630449 0.589732 0.625662 0.590565 0.626032 0.591654 0.636069 0.592328 0.642806
8 0.437161 0.528194 0.434339 0.521435 0.433708 0.521310 0.433466 0.521560 0.433396 0.523292 0.433956 0.525218 0.434682 0.527574
8 0.438651 0.532269 0.441638 0.539819 0.441497 0.540731 0.441122 0.541148 0.439818 0.541644 0.438510 0.541727 0.434964 0.532435 0.435242 0.531106 0.435664 0.531106
8 0.432115 0.550741 0.436445 0.566472 0.438549 0.573667 0.437906 0.575880 0.437956 0.576546 0.439958 0.578667 0.445466 0.598435 0.442604 0.600454 0.441794 0.598921 0.435961 0.577792 0.429391 0.553736 0.431247 0.550870
8 0.426596 0.531315 0.431471 0.548639 0.428784 0.551639 0.421719 0.527315 0.422224 0.525093 0.423536 0.526648
8 0.510273 0.353810 0.512919 0.373875 0.514378 0.383185 0.515026 0.382898 0.515565 0.381745 0.515404 0.378194 0.515081 0.374833 0.514971 0.372435 0.513839 0.363602 0.512003 0.353523
8 0.416930 0.141560 0.420031 0.162509 0.423141 0.165185 0.421005 0.153148 0.419508 0.147199 0.419125 0.140630 0.418917 0.139699 0.418010 0.139699
8 0.411122 0.141889 0.411888 0.155028 0.410529 0.153727 0.409518 0.142444 0.409693 0.141949 0.409971 0.141704 0.410320 0.141519 0.410388 0.141519
8 0.413031 0.130856 0.413031 0.143301 0.412565 0.148528 0.412286 0.150685 0.412099 0.155167 0.413242 0.156069 0.414945 0.157574 0.415458 0.156745 0.415505 0.153176 0.416299 0.142972 0.417094 0.130690 0.416440 0.129361 0.415365 0.129199 0.414292 0.129032
8 0.393464 0.166847 0.396932 0.176958 0.394391 0.177606 0.391365 0.170722 0.391487 0.169574 0.391568 0.168926 0.391768 0.168060 0.392010 0.167421
8 0.381219 0.324843 0.383695 0.331287 0.386240 0.337176 0.390039 0.344116 0.395130 0.353472 0.402068 0.365870 0.407018 0.374111 0.412318 0.384403 0.420232 0.398657 0.427971 0.411921 0.426784 0.412352 0.425599 0.410991 0.415174 0.393324 0.404820 0.373866 0.396211 0.359176 0.387180 0.342565 0.382503 0.333384 0.380487 0.328000 0.379581 0.325148 0.380034 0.324532 0.380279 0.324407
8 0.382268 0.340005 0.383180 0.335329 0.382971 0.334356 0.382503 0.333384 0.382008 0.333060 0.381669 0.333060 0.381380 0.333704 0.380523 0.339819
8 0.382224 0.341509 0.378857 0.361120 0.377346 0.356440 0.380172 0.341028
8 0.392161 0.363412 0.395604 0.361718 0.396990 0.361204 0.397367 0.361356 0.397482 0.362537 0.397396 0.363773 0.397396 0.364852 0.393172 0.365903
8 0.390081 0.364389 0.384414 0.367319 0.383430 0.369222 0.383604 0.370560 0.391091 0.366602 0.390818 0.365833
8 0.392997 0.415870 0.389471 0.411347 0.390021 0.414069 0.390714 0.416745 0.392826 0.419005
8 0.396354 0.419815 0.400370 0.424301 0.405401 0.430620 0.412919 0.439722 0.413555 0.440852 0.413643 0.441676 0.413615 0.442394 0.413440 0.442755 0.412919 0.443060 0.411589 0.442394 0.400141 0.427898 0.396352 0.423014
8 0.396414 0.409120 0.396279 0.424329 0.396099 0.440889 0.393635 0.431417 0.392875 0.423454 0.392964 0.410394
8 0.392695 0.376000 0.392695 0.399884 0.392969 0.408796 0.396234 0.407847 0.395919 0.391208 0.395339 0.381014 0.393503 0.375125
8 0.499807 0.367352 0.499940 0.369264 0.497253 0.379296 0.492193 0.395616 0.491880 0.398245 0.492372 0.400315 0.493625 0.400472 0.494477 0.399440 0.495240 0.398565 0.500299 0.381208 0.502448 0.370537 0.501240 0.368069
8 0.492529 0.458694 0.497141 0.476764 0.493245 0.475722 0.489260 0.458773
8 0.475549 0.395116 0.480680 0.411884 0.488609 0.442190 0.490078 0.448935 0.488297 0.455824 0.481406 0.429477 0.472544 0.397602 0.471664 0.394565
8 0.470490 0.376199 0.474565 0.392204 0.471297 0.391806 0.469729 0.385273 0.470534 0.383282 0.470401 0.380495
8 0.459115 0.349954 0.464891 0.361259 0.467398 0.366833 0.468430 0.370579 0.468518 0.380611 0.468250 0.380847 0.467354 0.375593 0.466951 0.373046 0.465294 0.370338 0.456784 0.354014 0.456784 0.352264 0.456964 0.351310 0.457547 0.350273
8 0.507133 0.388134 0.512628 0.404810 0.520349 0.427745 0.526669 0.447829 0.533406 0.467921 0.535214 0.483713 0.521339 0.444495 0.507206 0.399759 0.503424 0.391102 0.503529 0.389903 0.504305 0.388889 0.505081 0.388245
8 0.395292 0.227315 0.390578 0.227778 0.389799 0.228051 0.389437 0.229157 0.389594 0.230171 0.390112 0.231185 0.390630 0.231736 0.391510 0.232199 0.395708 0.232935 0.395760 0.227778
8 0.409026 0.228514 0.422240 0.229435 0.421099 0.233120 0.407263 0.232750
8 0.376617 0.188264 0.388638 0.189185 0.406409 0.191278 0.410745 0.192245 0.413570 0.193278 0.414771 0.194032 0.410047 0.196306 0.400641 0.195065 0.375596 0.193755 0.375362 0.192935 0.375328 0.191486 0.375596 0.189287
8 0.371721 0.120037 0.373276 0.120222 0.382565 0.129167 0.401169 0.145565 0.413242 0.156069 0.423141 0.165185 0.425471 0.166940 0.425318 0.167861 0.424539 0.168227 0.423089 0.168505 0.410081 0.157542 0.389664 0.139023 0.374414 0.125287 0.372372 0.123972 0.371299 0.123435 0.371203 0.122370 0.371336 0.121477
5 0.478089 0.432755 0.481031 0.438958 0.486799 0.451940 0.488297 0.455824 0.485096 0.466356 0.485096 0.466356 0.482297 0.475199 0.474557 0.475810 0.470826 0.476394 0.468810 0.475532 0.465339 0.469148 0.464815 0.470083 0.464169 0.470440 0.462273 0.468287 0.461589 0.466782 0.462354 0.465491 0.462758 0.463486 0.456263 0.452727 0.452229 0.447995 0.449529 0.443120 0.449003 0.441542 0.448922 0.440181 0.448760 0.438889 0.448380 0.436380 0.447604 0.434815 0.444646 0.429352 0.442669 0.427125 0.440734 0.426125 0.438958 0.425694 0.431901 0.414292 0.428594 0.409273 0.429964 0.405185 0.432344 0.410491 0.436820 0.417875 0.438193 0.419097 0.439727 0.417301 0.439242 0.415440 0.436820 0.410491 0.437185 0.406903 0.437951 0.404106 0.439120 0.401241 0.439766 0.399736 0.441625 0.404750 0.444625 0.410079 0.446510 0.413463 0.448237 0.415620 0.450430 0.416616 0.452391 0.417528 0.454073 0.417366 0.456638 0.416954 0.459391 0.416449 0.461680 0.415875 0.464711 0.415292 0.465646 0.415292 0.465786 0.414380 0.463724 0.414602 0.460135 0.415463 0.455982 0.416185 0.453719 0.416611 0.452391 0.416685 0.449727 0.415106 0.447591 0.413741 0.446419 0.411593 0.444505 0.408616 0.441820 0.402356 0.440654 0.398944 0.441581 0.397583 0.442388 0.398514 0.443154 0.399088 0.443477 0.399088 0.443477 0.398514 0.442146 0.396722 0.443276 0.394500 0.445253 0.391273 0.446826 0.389051 0.447591 0.387903 0.449406 0.387759 0.450979 0.387472 0.453357 0.393333 0.453659 0.394296 0.453870 0.395319 0.454471 0.397722 0.456641 0.401019 0.458211 0.402870 0.462367 0.408444 0.466318 0.413481 0.467055 0.414722 0.467633 0.416046 0.472318 0.423898 0.477214 0.431796
2 0.446271 0.518407 0.446854 0.519412 0.447378 0.520653 0.447414 0.522514 0.447169 0.527162 0.446924 0.527532 0.446401 0.526977 0.445844 0.525671 0.444724 0.523889 0.443969 0.521759 0.445198 0.519731
9 0.445945 0.505130 0.447953 0.505722 0.450641 0.506944 0.450859 0.508088 0.447510 0.506940 0.447026 0.506727 0.446987 0.508088 0.448721 0.508019 0.448721 0.508806 0.447148 0.508875 0.446411 0.508782 0.446039 0.506954
9 0.425703 0.522014 0.426122 0.520769 0.427477 0.520023 0.428224 0.520440 0.428924 0.521931 0.429763 0.523176 0.430930 0.524421 0.431164 0.525750 0.429857 0.526245 0.429156 0.526662 0.427758 0.526495 0.426917 0.525083 0.426638 0.523426
9 0.429112 0.519028 0.433544 0.519690 0.433466 0.521560 0.432891 0.522014 0.429250 0.521435 0.428831 0.520356
2 0.439779 0.543347 0.442552 0.540329 0.443633 0.538986 0.444875 0.538505 0.445523 0.539463 0.442753 0.545667 0.442281 0.546019
2 0.456831 0.570509 0.460026 0.580394 0.459818 0.582144 0.459768 0.584185 0.459393 0.585171 0.458768 0.584296 0.458013 0.581653 0.455292 0.572282 0.455680 0.570435
9 0.554693 0.643042 0.553534 0.645356 0.553826 0.647667 0.554982 0.649852 0.556643 0.652940 0.558018 0.655380 0.556932 0.646769 0.555992 0.643556
2 0.466289 0.612796 0.466336 0.614306 0.466182 0.616333 0.465716 0.618356 0.465352 0.620019 0.459083 0.623519 0.458513 0.623699 0.457268 0.622963 0.457268 0.621583 0.458513 0.619278 0.460635 0.617898 0.462659 0.615963 0.464628 0.614306
9 0.433914 0.584958 0.437385 0.587102 0.438227 0.587954 0.438227 0.590194 0.436966 0.590088 0.434870 0.588167 0.434268 0.587528 0.433430 0.589662 0.433070 0.590301 0.432109 0.589338 0.431331 0.587528 0.430612 0.584542 0.430971 0.583796 0.431930 0.584009 0.433167 0.584292
2 0.441565 0.504157 0.442305 0.502889 0.443518 0.501977 0.444872 0.502394 0.445617 0.503556 0.445945 0.505130 0.446039 0.506954 0.446411 0.508782 0.446831 0.509694 0.447438 0.510690 0.447526 0.512310 0.447859 0.513426 0.447859 0.514505 0.447578 0.516000 0.447112 0.517329 0.446271 0.518407 0.445198 0.519731 0.443969 0.521759 0.442641 0.519537 0.441792 0.517907 0.442023 0.516829 0.442305 0.515088 0.442365 0.513778 0.442482 0.513296 0.440971 0.510611 0.439810 0.509032 0.440120 0.508231 0.441266 0.507532 0.441414 0.506889 0.441536 0.505926
2 0.471036 0.643097 0.469094 0.643773 0.468721 0.644106 0.468953 0.645519 0.469654 0.647259 0.470073 0.648005 0.470542 0.648171 0.472128 0.646843 0.473201 0.645931 0.474227 0.645269 0.475768 0.644606 0.476234 0.645185 0.476747 0.645269 0.477589 0.645185 0.478940 0.645185 0.479503 0.643444 0.479503 0.641949 0.477773 0.641370 0.475115 0.641370 0.473052 0.641231 0.472083 0.642810
2 0.464411 0.593329 0.464216 0.596514 0.465227 0.600296 0.465750 0.602713 0.466203 0.604259 0.467146 0.605870 0.468401 0.606986 0.469445 0.607546 0.470284 0.607606 0.470701 0.607361 0.468331 0.597949 0.466552 0.589014 0.466378 0.589014 0.465599 0.589106 0.464628 0.589588
2 0.451703 0.561764 0.454109 0.566042 0.454667 0.566407 0.456586 0.564671 0.457318 0.565352 0.457388 0.566838 0.457039 0.568329 0.456341 0.569630 0.455680 0.570435 0.454841 0.570866 0.453971 0.569574 0.452750 0.567838 0.451844 0.566282 0.450971 0.564736 0.450937 0.563375
9 0.418125 0.532597 0.421513 0.535968 0.423047 0.537333 0.423935 0.538190 0.424820 0.539051 0.425547 0.539986 0.425789 0.541060 0.425750 0.541778 0.425224 0.542134 0.424458 0.541491 0.423086 0.540199 0.421716 0.539051 0.420615 0.537810 0.420391 0.537972 0.419417 0.536398 0.417964 0.533315
2 0.411268 0.494199 0.411086 0.495755 0.410359 0.496685 0.409956 0.497333 0.407740 0.490593 0.406810 0.486792 0.406286 0.484782 0.406568 0.484426 0.407375 0.484139 0.407898 0.484426 0.408302 0.484852 0.408484 0.485667 0.408690 0.487671 0.409896 0.487028 0.410703 0.487028 0.411388 0.487889 0.412362 0.488819 0.413003 0.490181 0.412438 0.491690 0.412318 0.492833
9 0.416440 0.524708 0.418578 0.526634 0.419182 0.527440 0.419302 0.528190 0.419182 0.529847 0.418669 0.531028 0.418279 0.531778 0.417794 0.531991 0.417375 0.531296 0.416922 0.529153 0.416440 0.526796
9 0.397674 0.434486 0.398586 0.434579 0.399914 0.434255 0.400680 0.428676 0.400141 0.427898 0.396911 0.423838 0.397232 0.427866
2 0.396911 0.423838 0.397589 0.442681 0.397563 0.443421 0.397224 0.443792 0.396781 0.443097 0.396078 0.441199 0.396099 0.440889 0.396279 0.424329 0.396352 0.423014
9 0.403995 0.441894 0.403005 0.447403 0.402276 0.444532 0.403026 0.441718 0.403005 0.441708 0.404036 0.441532
9 0.405313 0.434444 0.404583 0.438194 0.404456 0.437380 0.403583 0.434903 0.403724 0.432421
9 0.401039 0.434593 0.402885 0.434343 0.403583 0.434903 0.404456 0.437380 0.404839 0.439426 0.404909 0.440602 0.404036 0.441532 0.403026 0.441718 0.401143 0.441968 0.400643 0.442042 0.400320 0.442472
9 0.409109 0.439370 0.409792 0.441528 0.410477 0.443023 0.410924 0.445032 0.411208 0.446898 0.411370 0.447398 0.411807 0.447829 0.412529 0.448046 0.413229 0.445889 0.412919 0.443060 0.411589 0.442394
2 0.490120 0.640940 0.492016 0.644861 0.492214 0.646032 0.491628 0.648028 0.490354 0.648787 0.488687 0.648921 0.486789 0.648991 0.484458 0.648722 0.481255 0.646583 0.481875 0.644926 0.483693 0.639903 0.486336 0.640944
9 0.419758 0.520264 0.418536 0.519954 0.417630 0.519954 0.416620 0.520139 0.415747 0.520509 0.415818 0.521380 0.416305 0.522806 0.416794 0.524106 0.417839 0.525037 0.418956 0.525653 0.420000 0.526153 0.421719 0.527315 0.422224 0.525093 0.422336 0.524787 0.421544 0.523468
9 0.421708 0.520389 0.422859 0.520079 0.424010 0.520014 0.424672 0.520884 0.424987 0.521625 0.425055 0.522495 0.425091 0.523236 0.424602 0.524787 0.423286 0.523023
9 0.422477 0.514435 0.420211 0.515861 0.420453 0.517042 0.421081 0.519208 0.423487 0.518713 0.424776 0.517968 0.425823 0.517042 0.425857 0.515986 0.425753 0.514745 0.424812 0.514125
2 0.458646 0.565231 0.457836 0.566394 0.457594 0.567014 0.457349 0.568500 0.457487 0.570171 0.458115 0.571787 0.459336 0.573519 0.461115 0.575009 0.463172 0.576185 0.463693 0.577921 0.463867 0.579472 0.464146 0.580398 0.465151 0.581704 0.464523 0.577324 0.463896 0.571671 0.463346 0.569926 0.461776 0.568250 0.460729 0.566704 0.460234 0.565093 0.459167 0.565093
2 0.458654 0.555032 0.459271 0.553565 0.459948 0.554213 0.460312 0.554861 0.460599 0.555694 0.460521 0.564398 0.460234 0.565093 0.459167 0.565093 0.458646 0.565231 0.458359 0.564676 0.457956 0.562032
2 0.435888 0.515375 0.435766 0.515787 0.435635 0.516481 0.435688 0.517731 0.436495 0.521574 0.438995 0.528009 0.439490 0.528102 0.439984 0.527870 0.440557 0.527639 0.440896 0.527407 0.441208 0.526806 0.439646 0.524583 0.439698 0.523843 0.440193 0.523519 0.441339 0.523750 0.441651 0.523704 0.441234 0.522269 0.437318 0.515417 0.436693 0.515694
2 0.450161 0.540014 0.452104 0.538477 0.453779 0.539917 0.455076 0.540972 0.455779 0.542218 0.455940 0.544042 0.455831 0.545676 0.456534 0.547690 0.456802 0.548843 0.456589 0.549898 0.455237 0.549806 0.454698 0.550667 0.453940 0.550861 0.452862 0.549806 0.452052 0.548556 0.450971 0.546634 0.450161 0.545005 0.449674 0.543565
2 0.442247 0.573921 0.444167 0.580750 0.445229 0.584583 0.443302 0.584796 0.441193 0.576977 0.442047 0.574972
2 0.436445 0.566472 0.437135 0.565866 0.437979 0.565704 0.438643 0.565384 0.439185 0.565921 0.440693 0.570204 0.440120 0.570259 0.438885 0.572884 0.436714 0.567421
2 0.438549 0.573667 0.440120 0.570259 0.441234 0.570315 0.442258 0.571704 0.442440 0.572241 0.442500 0.572935 0.442047 0.574972 0.440661 0.578028 0.440542 0.578509 0.439958 0.578667 0.437956 0.576546 0.437906 0.575880
2 0.448143 0.592356 0.449602 0.594347 0.453039 0.604023 0.453065 0.605181 0.452180 0.605875 0.447518 0.595042 0.446763 0.593329 0.447206 0.592764 0.447714 0.592764
9 0.494320 0.663130 0.496534 0.659606 0.499393 0.657190 0.499984 0.656755 0.500682 0.657750 0.500648 0.658801 0.499880 0.660722 0.497964 0.663139 0.496815 0.665407 0.493628 0.668060 0.493628 0.666120 0.493872 0.663972
2 0.540503 0.703741 0.541206 0.703505 0.542107 0.702731 0.542945 0.702435 0.543411 0.702792 0.543680 0.703861 0.543680 0.705227 0.543547 0.706301 0.542945 0.707250 0.541773 0.707491 0.540703 0.707963 0.540000 0.708560 0.539232 0.709454 0.538094 0.710227 0.536990 0.711116 0.536052 0.711472 0.535117 0.711116 0.534279 0.710759 0.534044 0.710167 0.534615 0.709394 0.534513 0.708560 0.533242 0.707546 0.532508 0.706597 0.532406 0.705171 0.532073 0.703324 0.532104 0.701662 0.533378 0.701245 0.534581 0.701778 0.535753 0.703625 0.536487 0.704931 0.537398 0.706222 0.539768 0.704477
2 0.418026 0.480852 0.419286 0.484421 0.419659 0.487657 0.419565 0.490227 0.418914 0.497532 0.417932 0.500519 0.417000 0.503338 0.416393 0.504417 0.415693 0.504333 0.414133 0.502657 0.415341 0.502519 0.415867 0.502014 0.416432 0.501083 0.416753 0.499935 0.416833 0.499148 0.416833 0.498718 0.416596 0.498069 0.414159 0.492097 0.416049 0.491620 0.412810 0.481537
2 0.448581 0.513810 0.447857 0.515310 0.447586 0.517241 0.447737 0.518685 0.448672 0.520292 0.449727 0.521310 0.450719 0.522167 0.451594 0.522380 0.452648 0.522380 0.452979 0.522060 0.452557 0.520292 0.451534 0.518255
2 0.435036 0.395884 0.435036 0.404509 0.437951 0.404106 0.437880 0.396773 0.437737 0.394796 0.437237 0.393458 0.437237 0.394287 0.437237 0.394537 0.436909 0.394620 0.436443 0.394454 0.436255 0.393542 0.435823 0.390083 0.434807 0.390514 0.435161 0.393250 0.435195 0.394796
2 0.429896 0.383495 0.430372 0.380370 0.430258 0.378921 0.429599 0.377824 0.428594 0.377343 0.427276 0.377546 0.426852 0.377894 0.426349 0.378648 0.425729 0.379819 0.426310 0.379958 0.426943 0.380176 0.427786 0.380870 0.428391 0.381620
9 0.446833 0.248398 0.449307 0.245481 0.450078 0.245065 0.451349 0.245662 0.452253 0.247028 0.451852 0.248338 0.451315 0.250838 0.451250 0.252500 0.450781 0.253514 0.449609 0.254759 0.448807 0.254759 0.448305 0.252500 0.448339 0.250954 0.447638 0.250394 0.447211 0.249565
9 0.494052 0.366042 0.497779 0.363736 0.499648 0.364880 0.499807 0.367352 0.499940 0.369264 0.499021 0.371991 0.496159 0.373338 0.494609 0.366954
9 0.509917 0.360847 0.509055 0.364208 0.508352 0.366222 0.507240 0.368319 0.506997 0.368856 0.506245 0.370065 0.506245 0.371023 0.506570 0.372944 0.507596 0.373037 0.510081 0.371310 0.512240 0.369005 0.510836 0.358829
9 0.445474 0.465787 0.447995 0.470509 0.447344 0.473102 0.444961 0.469519 0.444586 0.468856 0.441552 0.470185 0.441461 0.469185 0.442206 0.466032 0.442766 0.465287
9 0.448422 0.456931 0.448099 0.457648 0.447695 0.458366 0.447576 0.458944 0.447766 0.460037 0.448099 0.460463 0.448128 0.462125 0.448583 0.461880 0.449229 0.461097 0.449430 0.460514 0.449672 0.459153
9 0.448341 0.450190 0.451568 0.449185 0.452536 0.449185 0.452417 0.450620 0.450479 0.451056 0.450198 0.454347 0.449794 0.453417 0.449672 0.451486 0.448906 0.451273
2 0.454357 0.528120 0.453198 0.528528 0.451867 0.529384 0.450656 0.529958 0.449536 0.530551 0.450443 0.531111 0.451594 0.531606 0.451628 0.532532 0.451279 0.533403 0.450060 0.533528 0.450333 0.535269 0.450898 0.535912 0.452432 0.536125 0.454167 0.535338 0.455924 0.534491 0.456193 0.533139 0.456284 0.531944 0.455656 0.528681 0.455297 0.528199
2 0.455292 0.572282 0.458013 0.581653 0.455701 0.581653 0.453201 0.580653 0.451451 0.580653 0.450826 0.580653 0.450016 0.579097 0.449391 0.577542 0.449680 0.575069 0.450831 0.573829 0.451003 0.574449 0.452258 0.574324 0.453409 0.573458 0.454872 0.573148
9 0.497156 0.435366 0.494497 0.428148 0.493049 0.429644 0.493237 0.434537 0.496083 0.439681
9 0.502852 0.446736 0.497625 0.440347 0.498370 0.437606 0.500424 0.440264 0.501495 0.443486
9 0.507839 0.447083 0.509479 0.448065 0.509469 0.448944 0.509292 0.452792 0.507938 0.451051
9 0.501964 0.441009 0.507005 0.445657 0.506776 0.450583 0.504495 0.448102
2 0.468453 0.366662 0.467398 0.366833 0.464891 0.361259 0.464461 0.360352 0.464948 0.360565 0.465792 0.360852 0.466437 0.361213 0.467513 0.362287 0.467628 0.362954 0.467945 0.363417 0.468612 0.363417
2 0.458615 0.357699 0.458211 0.359347 0.457766 0.361356 0.457604 0.362787 0.457687 0.363935 0.457930 0.365444 0.458234 0.367241 0.459602 0.366495 0.460208 0.364917 0.459648 0.362273 0.459560 0.360935 0.459602 0.359699 0.459581 0.359347
2 0.457547 0.350273 0.457326 0.348949 0.457326 0.347301 0.457724 0.346940 0.458570 0.346153 0.458974 0.344792 0.459380 0.343954 0.459891 0.343736 0.460951 0.344574 0.461557 0.345505 0.461922 0.347370 0.463049 0.348875 0.464182 0.348875 0.464786 0.350023 0.465750 0.350028 0.466719 0.349954 0.467003 0.350384 0.467078 0.358176 0.467078 0.359255 0.467167 0.360181 0.466279 0.360565 0.464948 0.360565 0.464461 0.360352 0.459115 0.349954
9 0.407758 0.163282 0.407992 0.164194 0.406919 0.166685 0.406313 0.168426 0.406031 0.170917 0.405799 0.172824 0.403464 0.171157 0.401284 0.170606 0.402453 0.166231 0.403643 0.165894
9 0.451826 0.287264 0.452094 0.290708 0.452036 0.292727 0.452359 0.294741 0.452953 0.296958 0.453224 0.300032 0.452576 0.300037 0.451570 0.299486 0.449169 0.298935 0.447768 0.298495 0.448531 0.296861 0.449826 0.294079 0.449880 0.288704 0.450253 0.287551
2 0.496362 0.395060 0.497143 0.395648 0.497747 0.396130 0.498469 0.396454 0.498622 0.397148 0.498742 0.398755 0.498227 0.399208 0.496500 0.399111 0.495240 0.398565
2 0.497990 0.389273 0.499102 0.392060 0.499089 0.392944 0.498469 0.394417 0.497870 0.395542 0.497508 0.395167 0.496570 0.393880
2 0.491023 0.371190 0.491216 0.375366 0.491451 0.377532 0.493646 0.378287
2 0.494375 0.380083 0.495870 0.383403 0.495029 0.386144 0.493721 0.383486 0.492602 0.381495 0.491854 0.379088 0.493221 0.379468
10 0.550677 0.719056 0.551378 0.717449 0.552349 0.716560 0.553318 0.716023 0.554891 0.715727 0.556596 0.716083 0.556966 0.716204 0.558070 0.717213 0.558706 0.718222 0.559039 0.719412 0.559341 0.721315 0.559576 0.723458 0.559005 0.726074 0.558570 0.727861 0.557299 0.728690 0.556396 0.729523 0.555526 0.730356 0.554523 0.730894 0.552818 0.730477 0.551880 0.728991 0.550474 0.720542
2 0.547648 0.707282 0.548318 0.707407 0.549789 0.707167 0.550391 0.705861 0.550893 0.704546 0.551195 0.702523 0.551964 0.698426 0.551797 0.692949 0.552734 0.687125 0.552833 0.684028 0.552867 0.681593 0.553234 0.679394 0.555745 0.679514 0.557943 0.680116 0.560766 0.680356 0.561732 0.688194 0.563237 0.706389 0.562461 0.708389 0.562078 0.709417 0.561690 0.711616 0.561612 0.713824 0.557276 0.714648 0.554568 0.714648 0.552630 0.715472 0.551161 0.715815 0.549070 0.714991 0.548451 0.714097 0.547870 0.712588 0.547638 0.710588
10 0.538352 0.693032 0.538555 0.691903 0.538958 0.691338 0.539307 0.690000 0.540260 0.688819 0.541242 0.688769 0.542284 0.689023 0.543065 0.689333 0.544539 0.690157 0.544974 0.691079 0.545435 0.692569 0.545378 0.694370 0.544974 0.695500 0.544221 0.696838 0.543529 0.698329 0.542979 0.698639 0.541966 0.696838 0.539797 0.694218
2 0.532370 0.690194 0.530315 0.689106 0.525159 0.694431 0.525081 0.694815 0.526122 0.696306 0.527625 0.696560 0.528724 0.696819 0.530141 0.697227 0.533438 0.699028 0.534419 0.699801 0.535721 0.701185 0.536674 0.703139 0.537109 0.704324 0.537398 0.706222 0.539768 0.704477 0.541128 0.703037 0.543469 0.701292 0.546883 0.698102 0.549513 0.695120 0.550120 0.693838 0.550466 0.692704 0.549456 0.692241 0.547547 0.693167 0.546563 0.693579 0.545841 0.694505 0.544974 0.695500 0.544221 0.696838 0.543529 0.698329 0.542979 0.698639 0.541966 0.696838 0.539797 0.694218 0.538352 0.693032 0.535115 0.691935 0.534289 0.691259
2 0.525115 0.683583 0.526070 0.684847 0.526974 0.685917 0.527878 0.686931 0.529182 0.688356 0.524984 0.692884 0.524164 0.694361 0.522690 0.692102 0.521185 0.690023 0.520716 0.689306 0.519880 0.688593 0.519313 0.687727 0.521747 0.686162
4 0.470029 0.737273 0.469401 0.738634 0.469052 0.740741 0.468878 0.742046 0.468758 0.743338 0.467589 0.747065 0.468042 0.748926 0.477615 0.761338 0.480404 0.765241 0.481414 0.766356 0.482635 0.766667 0.483680 0.766542 0.484133 0.765801 0.484727 0.765181 0.494320 0.761269 0.502721 0.758046 0.502617 0.755940 0.501990 0.754389 0.501815 0.752843 0.501398 0.741065 0.501466 0.732824 0.501607 0.729597 0.501677 0.727676 0.502060 0.726995 0.509904 0.723028 0.522771 0.717444 0.531242 0.713787 0.531312 0.713667 0.531523 0.713106 0.531990 0.712097 0.531867 0.711523 0.531182 0.708940 0.530435 0.706819 0.528831 0.704218 0.526982 0.702171 0.524924 0.700500 0.522349 0.699074 0.517956 0.696968 0.513773 0.695417 0.507427 0.692750 0.502232 0.690213 0.500107 0.689278 0.497177 0.688167 0.495888 0.688037 0.494458 0.688352 0.492854 0.688718 0.491495 0.689343 0.489820 0.691079 0.488911 0.693245 0.488461 0.695602 0.488008 0.695481 0.488263 0.694384 0.488909 0.692306 0.489836 0.690009 0.490724 0.689079 0.492982 0.688074 0.495362 0.687431 0.497419 0.687431 0.502099 0.689435 0.507786 0.692162 0.513958 0.694815 0.516258 0.695602 0.521057 0.697685 0.523760 0.698903 0.525091 0.699690 0.526422 0.700912 0.528599 0.702847 0.530013 0.704852 0.531182 0.706574 0.531990 0.709588 0.532208 0.709634 0.532388 0.708458 0.532388 0.707593 0.532508 0.706597 0.532406 0.705171 0.532073 0.703324 0.531896 0.702324 0.531690 0.701144 0.531198 0.699968 0.530539 0.699037 0.528586 0.698292 0.527398 0.697921 0.525622 0.697116 0.524612 0.696620 0.523836 0.696231 0.521820 0.695380 0.515581 0.691602 0.506693 0.688685 0.505268 0.687912 0.499828 0.685606 0.489568 0.684963 0.488388 0.686764 0.487414 0.687574 0.486714 0.688565 0.486398 0.689616 0.486229 0.692222 0.486648 0.694449 0.487307 0.695815 0.488042 0.696495 0.485370 0.702676 0.483331 0.707685 0.482193 0.710352 0.478227 0.718662 0.477135 0.720769 0.474404 0.726343 0.471758 0.732009 0.471234 0.732755
2 0.500206 0.659787 0.501357 0.660593 0.501984 0.661088 0.502891 0.662269 0.503448 0.663194 0.503656 0.663940 0.503656 0.667968 0.503482 0.669519 0.503273 0.670634 0.502891 0.671440 0.501844 0.671995 0.500622 0.671875 0.499578 0.671440 0.498846 0.670880 0.498289 0.670324 0.497799 0.669394 0.497555 0.668278 0.497242 0.666542 0.497060 0.665083 0.497964 0.663139 0.497964 0.663139 0.499880 0.660722
9 0.411362 0.309319 0.414068 0.305917 0.416581 0.304144 0.417344 0.305278 0.416682 0.308241 0.413229 0.312472 0.412487 0.312037 0.411648 0.312037 0.411151 0.310875
9 0.419255 0.404259 0.420687 0.403032 0.421172 0.403606 0.422865 0.407190 0.424479 0.410204 0.424518 0.411065 0.423753 0.412069 0.422375 0.411870 0.421956 0.411292 0.421630 0.410708 0.420883 0.409796 0.419906 0.408500 0.418893 0.406315
2 0.425255 0.380870 0.427422 0.385394 0.428690 0.387727 0.428721 0.389278 0.428458 0.389319 0.426190 0.389222 0.424409 0.389222 0.422573 0.388264 0.421930 0.388194 0.421495 0.386009 0.421206 0.382796 0.421250 0.379870 0.422091 0.379463 0.422792 0.379875 0.423630 0.379380 0.423958 0.378634 0.424682 0.380551 0.424833 0.380764
2 0.390602 0.410657 0.389526 0.409769 0.388984 0.408329 0.387419 0.400074 0.384935 0.391338 0.385151 0.390569 0.386393 0.391338 0.388391 0.393352 0.388823 0.394218 0.392872 0.405833 0.392969 0.408796
2 0.492044 0.362292 0.494609 0.366954 0.496445 0.374921 0.497253 0.379296 0.497016 0.380042 0.497016 0.380042 0.493698 0.378472 0.491023 0.371190 0.490911 0.364787 0.490846 0.361699 0.489768 0.358824 0.488812 0.357653 0.488831 0.356968 0.489607 0.355514 0.490669 0.357292 0.491294 0.359958
10 0.461135 0.687514 0.463258 0.691755 0.463667 0.692551 0.463727 0.694681 0.463966 0.695750 0.453174 0.697667 0.452583 0.690000 0.452117 0.687514 0.452221 0.686134 0.453865 0.685926 0.459732 0.686407
9 0.487695 0.331148 0.489500 0.328907 0.490276 0.328264 0.490995 0.327810 0.492039 0.330384 0.492815 0.331949 0.492766 0.334343 0.492557 0.336185 0.492195 0.337662 0.491781 0.338398 0.489604 0.339500 0.489112 0.338148 0.487680 0.337431 0.485044 0.337477 0.484029 0.334657 0.484453 0.333444 0.485151 0.333630 0.485396 0.333009 0.486495 0.332134
9 0.482344 0.337440 0.487680 0.337431 0.489112 0.338148 0.489604 0.339500 0.489469 0.341093 0.488799 0.343403 0.486904 0.342329 0.486091 0.341106 0.485841 0.342440 0.484992 0.343560 0.483693 0.343083 0.484232 0.342486 0.484271 0.341384 0.483768 0.340764 0.481484 0.339597 0.481766 0.337986
2 0.454107 0.333935 0.459229 0.332810 0.459711 0.332917 0.459831 0.333722 0.459982 0.342935 0.459891 0.343736 0.459380 0.343954 0.458776 0.343630 0.458565 0.342986 0.458536 0.334685 0.454620 0.335704 0.454016 0.335380
2 0.469284 0.339593 0.467982 0.339801 0.466656 0.340296 0.465122 0.342032 0.463693 0.344824 0.463380 0.346185 0.463693 0.347301 0.464286 0.348542 0.465089 0.349593 0.465750 0.350028 0.466307 0.349532 0.466797 0.347921 0.467424 0.347176 0.467831 0.345889 0.469068 0.343912
2 0.439237 0.281019 0.433552 0.287347 0.431177 0.288236 0.430115 0.284236 0.429802 0.280907 0.430315 0.278056 0.432740 0.276463 0.435583 0.275718 0.437497 0.277208 0.438945 0.277792 0.441091 0.278620
9 0.488815 0.323032 0.487042 0.322356 0.484701 0.321713 0.483935 0.323292 0.484768 0.324644 0.487242 0.326130 0.488604 0.327991 0.490995 0.327810 0.491961 0.328241 0.492648 0.328528 0.493172 0.328310 0.493617 0.327236 0.494214 0.326222 0.493333 0.323292 0.492487 0.322287 0.491641 0.322102 0.491115 0.322963 0.489984 0.323176
2 0.479068 0.279250 0.482193 0.281694 0.483315 0.282583 0.484753 0.283472 0.485914 0.286417 0.486815 0.290801 0.478693 0.287250 0.478607 0.285120 0.479039 0.282421
9 0.491375 0.300912 0.490753 0.301690 0.490503 0.302690 0.491000 0.305907 0.491187 0.307130 0.491125 0.309574 0.491562 0.309463 0.493250 0.309463 0.494547 0.309569 0.494320 0.308407
9 0.491880 0.310625 0.491714 0.316005 0.491839 0.318560 0.492042 0.319880 0.492003 0.321167 0.491641 0.322102 0.491115 0.322963 0.489984 0.323176 0.488815 0.323032 0.488169 0.321671 0.488130 0.319231 0.488331 0.316722 0.488896 0.313708 0.489461 0.311130
9 0.483370 0.316944 0.484865 0.312130 0.487292 0.316199 0.485565 0.319514 0.483594 0.323847 0.483969 0.321440 0.483922 0.319116 0.483641 0.317875
10 0.494589 0.315227 0.496398 0.320671 0.496523 0.322449 0.497086 0.324782 0.497398 0.327222 0.497961 0.330333 0.498398 0.333222 0.498211 0.335000 0.497523 0.336333 0.496398 0.336222 0.495026 0.335222 0.494214 0.333667 0.493589 0.330667 0.494214 0.326222 0.493214 0.322116 0.491839 0.318560 0.491714 0.316005 0.492401 0.314782
10 0.482591 0.348440 0.483466 0.345995 0.484716 0.344662 0.485841 0.342440 0.486091 0.341106 0.486904 0.342329 0.489339 0.343773 0.489651 0.345773 0.490169 0.348519 0.489669 0.350185 0.490151 0.350995 0.490276 0.352440 0.490214 0.353662 0.488651 0.354991 0.488214 0.355880 0.487964 0.356546 0.487307 0.356481 0.485573 0.354977 0.484911 0.352204 0.484310 0.349231 0.483771 0.348060
2 0.504146 0.360435 0.504146 0.362213 0.503148 0.363324 0.502523 0.364769 0.502211 0.366324 0.501240 0.368069 0.500398 0.365991 0.499648 0.364880 0.498461 0.362546 0.498648 0.361213 0.499523 0.360657 0.500148 0.359657 0.500773 0.358880 0.502010 0.357444
10 0.430375 0.460319 0.429049 0.460574 0.428164 0.459912 0.426716 0.460491 0.424990 0.461241 0.424195 0.462481 0.423682 0.463231 0.423029 0.465139 0.422750 0.467296 0.423542 0.469370 0.424102 0.470116 0.424570 0.470282 0.425456 0.469949 0.426997 0.470366 0.427883 0.470532 0.428583 0.469866 0.428862 0.468208 0.429156 0.466014 0.428318 0.465028 0.428076 0.463912 0.429052 0.463356 0.430375 0.462796
2 0.456388 0.469778 0.458115 0.473329 0.458107 0.473306 0.458008 0.474194 0.458529 0.475338 0.459674 0.477000 0.460398 0.477806 0.461031 0.478069 0.461753 0.478019 0.462161 0.477051 0.461911 0.474833 0.461786 0.472167 0.462036 0.469722 0.462036 0.468833 0.460786 0.468278 0.459974 0.467944 0.458786 0.466167 0.457474 0.464833 0.456911 0.464722 0.456599 0.466056
2 0.452977 0.451171 0.451664 0.452949 0.450539 0.455282 0.454768 0.464884 0.456388 0.469778 0.456599 0.466056 0.456911 0.464722 0.457474 0.464833 0.458786 0.466167 0.459974 0.467944 0.460786 0.468278 0.462036 0.468833 0.462036 0.469722 0.461786 0.472167 0.461911 0.474833 0.462161 0.477051 0.462643 0.478597 0.465221 0.477051 0.465096 0.475722 0.464169 0.470440 0.462273 0.468287 0.461589 0.466782 0.462354 0.465491 0.462758 0.463486 0.456263 0.452727 0.453789 0.450505
2 0.440734 0.426125 0.439826 0.427185 0.440961 0.428144 0.442310 0.429870 0.442849 0.431792 0.442904 0.434190 0.442742 0.438417 0.442526 0.438417 0.443977 0.441722 0.446206 0.434074 0.446172 0.433866 0.446388 0.432810 0.444646 0.429352 0.442669 0.427125
2 0.437667 0.426222 0.438638 0.426417 0.439826 0.427185 0.440961 0.428144 0.442310 0.429870 0.442849 0.431792 0.442904 0.434190 0.442742 0.438417 0.442526 0.438417
2 0.432211 0.444366 0.432643 0.446671 0.433346 0.447343 0.435182 0.447245 0.437289 0.447245 0.438693 0.447343 0.440474 0.447537 0.441445 0.447727 0.442880 0.444755 0.438081 0.433699 0.433771 0.441366
2 0.470664 0.390144 0.469854 0.390731 0.469477 0.391588 0.469208 0.393412 0.469208 0.395917 0.469477 0.398218 0.469154 0.399468 0.468182 0.399370 0.467372 0.398593 0.466508 0.399264 0.466346 0.399648 0.467180 0.401593 0.473026 0.411843 0.475734 0.415352 0.475849 0.413102 0.475578 0.408292 0.472544 0.397602 0.471664 0.394565 0.471607 0.393412 0.471328 0.392481 0.471297 0.391806 0.470880 0.390088
2 0.488990 0.382171 0.489536 0.382167 0.490750 0.383079 0.491870 0.384241 0.492755 0.386315 0.493083 0.389218 0.493130 0.391213 0.492383 0.393616 0.492193 0.395616 0.491880 0.398245 0.492372 0.400315 0.492664 0.401606 0.493042 0.404009 0.493367 0.407079 0.493875 0.408968 0.493784 0.409796 0.492990 0.411620 0.492383 0.412532 0.490281 0.412866 0.488883 0.413611 0.487716 0.413282 0.487563 0.412074 0.486969 0.408713 0.485078 0.402856 0.484701 0.401514 0.483133 0.400167 0.481784 0.399403 0.480703 0.396329 0.481857 0.396389 0.483427 0.397565 0.484438 0.397625 0.484924 0.396634 0.484854 0.395769 0.484367 0.394898 0.483146 0.394218 0.481438 0.393352 0.480219 0.392856 0.478685 0.392856 0.477430 0.393102 0.475755 0.392731 0.474565 0.392204 0.473341 0.386815 0.473620 0.384407 0.474508 0.383162 0.477167 0.383745 0.478078 0.385472 0.478375 0.387171 0.478914 0.388991 0.480539 0.389088 0.482089 0.387602 0.483417 0.386958 0.485211 0.385144 0.486714 0.383870 0.488331 0.382912
2 0.429023 0.384032 0.428872 0.384245 0.428690 0.385421 0.428690 0.386602 0.428690 0.387727 0.428721 0.389278 0.429214 0.389417 0.430240 0.391338 0.431133 0.391639 0.431763 0.391903 0.432940 0.392333 0.433935 0.392389 0.434596 0.391528 0.434807 0.390514 0.434206 0.388852 0.433904 0.387514 0.434266 0.385958 0.433227 0.383708 0.432758 0.382852 0.431344 0.382745 0.429896 0.383495 0.430859 0.384727 0.430831 0.385157 0.430711 0.385477 0.429927 0.385046
2 0.421568 0.389991 0.422357 0.391912 0.422844 0.394792 0.423490 0.397481 0.424138 0.398921 0.424786 0.400843 0.425273 0.401319 0.426893 0.400745 0.429430 0.400843 0.430078 0.400458 0.430727 0.398727 0.430240 0.391338 0.429214 0.389417 0.428458 0.389319 0.426190 0.389222 0.424409 0.389222 0.422573 0.388264 0.421930 0.388194
2 0.421018 0.376477 0.421063 0.378556 0.421206 0.382796 0.421495 0.386009 0.421930 0.388194 0.421568 0.389991 0.420917 0.390375 0.420122 0.390634 0.419182 0.389477 0.417664 0.388579 0.417448 0.391019 0.417232 0.392306 0.416651 0.391148 0.415784 0.388449 0.413833 0.384981 0.411812 0.383370 0.410003 0.366468 0.410758 0.367162 0.415336 0.370431 0.418953 0.370755 0.419328 0.371356 0.420122 0.373282 0.420458 0.374731
2 0.456750 0.609051 0.456052 0.611593 0.455109 0.614505 0.454414 0.615620 0.454029 0.616611 0.454065 0.617727 0.454065 0.618412 0.454622 0.619588 0.455216 0.619588 0.456365 0.617296 0.456505 0.616181 0.457271 0.614384 0.458214 0.613269 0.459120 0.612088 0.459469 0.611282 0.459437 0.610088
2 0.447469 0.622722 0.447086 0.627616 0.449422 0.630898 0.449771 0.623648 0.449445 0.622069 0.448828 0.621912
9 0.419109 0.441657 0.419648 0.443699 0.420586 0.444921 0.421523 0.446250 0.422086 0.447139 0.423648 0.447806 0.424398 0.449806 0.423648 0.450583 0.422711 0.451250 0.420523 0.452583 0.418214 0.452917 0.416901 0.452694 0.416122 0.452028 0.416870 0.450370 0.417430 0.448380 0.417430 0.445639 0.417661 0.445060 0.418687 0.442486
2 0.428396 0.417597 0.432318 0.422324 0.434276 0.424898 0.434698 0.426144 0.435596 0.426097 0.436299 0.429843 0.436299 0.429843 0.438081 0.433699 0.433771 0.441366 0.427146 0.454139 0.423148 0.461245 0.422336 0.463579 0.419836 0.464690 0.418961 0.465579 0.417901 0.465690 0.416964 0.462356 0.416651 0.459028 0.415776 0.456583 0.415276 0.454806 0.415049 0.453023 0.416122 0.452028 0.416901 0.452694 0.418214 0.452917 0.420523 0.452583 0.422711 0.451250 0.423648 0.450583 0.424398 0.449806 0.423648 0.447806 0.422086 0.447139 0.421523 0.446250 0.420586 0.444921 0.419648 0.443699 0.419109 0.441657 0.419109 0.439583 0.418875 0.433694 0.417148 0.428713 0.417383 0.427222 0.417943 0.425727 0.418247 0.425056 0.418852 0.425699 0.419659 0.426417 0.420505 0.426778 0.421555 0.426417 0.423289 0.426704 0.423854 0.427778 0.425266 0.427921 0.426677 0.427352 0.427443 0.426417 0.427523 0.425630 0.427242 0.424120 0.426716 0.422185 0.424378 0.422833 0.423086 0.422977 0.422885 0.422472 0.422805 0.421611 0.422763 0.419750 0.424849 0.418009
1 0.427971 0.411921 0.429190 0.413449 0.429750 0.414444 0.430823 0.416269 0.433297 0.421162 0.435490 0.425042 0.435596 0.426097 0.434698 0.426144 0.434276 0.424898 0.432318 0.422324 0.429284 0.416685 0.428677 0.415690 0.427977 0.414278 0.426997 0.414028 0.422703 0.413532 0.422516 0.412949 0.422375 0.411870 0.424990 0.412287 0.426784 0.412352
2 0.422401 0.418671 0.422763 0.419750 0.422805 0.421611 0.422885 0.422472 0.423086 0.422977 0.424378 0.422833 0.426716 0.422185 0.427242 0.424120 0.427523 0.425630 0.427443 0.426417 0.426677 0.427352 0.425266 0.427921 0.423854 0.427778 0.423289 0.426704 0.421555 0.426417 0.420505 0.426778 0.419659 0.426417 0.418852 0.425699 0.418247 0.425056 0.418409 0.423986 0.418875 0.421662 0.419016 0.420500 0.418875 0.418843
2 0.419906 0.409912 0.420883 0.409796 0.421630 0.410708 0.421956 0.411292 0.422516 0.412949 0.422888 0.414444 0.423122 0.416435 0.417430 0.417264 0.416797 0.414282 0.416724 0.412227 0.418604 0.410556
9 0.380615 0.350819 0.381544 0.351106 0.383076 0.353185 0.383156 0.356125 0.383117 0.358926 0.382633 0.360356 0.381948 0.360787 0.380375 0.361074 0.378857 0.361120
1 0.390526 0.349130 0.390060 0.349542 0.389688 0.350704 0.389828 0.351454 0.391648 0.354769 0.393000 0.356264 0.393516 0.357009 0.394354 0.357009 0.394495 0.356264 0.394542 0.355931
2 0.386513 0.359750 0.385674 0.353528 0.385813 0.351120 0.388333 0.352366 0.390388 0.354190 0.391602 0.355931 0.393935 0.358671 0.395102 0.359583 0.395604 0.361718 0.392161 0.363412 0.391232 0.361130 0.390250 0.360097 0.389122 0.359481 0.388547 0.359431 0.387531 0.359588
2 0.399294 0.368593 0.397396 0.364852 0.393172 0.365903 0.397513 0.378704 0.402469 0.394875 0.405294 0.404231 0.409180 0.404171 0.412341 0.404634 0.413687 0.404907 0.414672 0.405185 0.415503 0.405463 0.415917 0.405648 0.416279 0.406477 0.416125 0.407764 0.415190 0.408778 0.413068 0.410620 0.412651 0.410713 0.411927 0.410435 0.411979 0.409792 0.412602 0.409514 0.414310 0.408319 0.415141 0.407671 0.415555 0.407306 0.415708 0.406569 0.415607 0.406199 0.413378 0.405829 0.410010 0.405741 0.406487 0.405741 0.409784 0.409269 0.411013 0.412866 0.411810 0.415954 0.413255 0.417880 0.417430 0.417264 0.416797 0.414282 0.416724 0.412227 0.418604 0.410556 0.419906 0.409912 0.419906 0.408500 0.418893 0.406315 0.419255 0.404259 0.416146 0.399245 0.414878 0.397139 0.414193 0.395921 0.411812 0.392977 0.411005 0.391259 0.409836 0.389250 0.407052 0.382009 0.408042 0.386199 0.408620 0.390569 0.408339 0.390954 0.407102 0.389412 0.405872 0.387102 0.405013 0.384528 0.404646 0.381315 0.403422 0.378616 0.401391 0.375532 0.400677 0.372833
2 0.399013 0.364995 0.399294 0.368593 0.400677 0.372833 0.401391 0.375532 0.403422 0.378616 0.404646 0.381315 0.405013 0.384528 0.405872 0.387102 0.407102 0.389412 0.408339 0.390954 0.408620 0.390569 0.408042 0.386199 0.407052 0.382009 0.406487 0.379856 0.406003 0.378495 0.405802 0.377060 0.406206 0.376630 0.404820 0.373866
9 0.461578 0.302366 0.463073 0.304273 0.463586 0.305352 0.463914 0.307176 0.463469 0.308477 0.461253 0.309171 0.460974 0.308093 0.460646 0.306764 0.460367 0.305769 0.460320 0.304921 0.461065 0.303097
9 0.457969 0.300963 0.457734 0.299204 0.457500 0.298556 0.457552 0.297769 0.459141 0.296981 0.459974 0.296611 0.460086 0.299778 0.459479 0.300523 0.458594 0.300940
9 0.456852 0.301236 0.458594 0.300940 0.459479 0.300523 0.460086 0.299778 0.461253 0.297204 0.462141 0.295380 0.462701 0.294634 0.463633 0.295213 0.464286 0.296958 0.464005 0.298866 0.462000 0.301352 0.461065 0.303097 0.460320 0.304921 0.459013 0.306333 0.458549 0.306060 0.457828 0.304144
9 0.442604 0.254245 0.442711 0.256241 0.442911 0.257819 0.442792 0.259181 0.442388 0.260329 0.442227 0.262407 0.441984 0.263986 0.441339 0.265204 0.440531 0.266426 0.439807 0.266713 0.439281 0.266065 0.440477 0.255898
9 0.444693 0.236620 0.443750 0.237134 0.442958 0.238213 0.442445 0.239625 0.442070 0.240204 0.441698 0.241699 0.441977 0.242940 0.443099 0.243273 0.444219 0.242028 0.445523 0.240787 0.446086 0.239870 0.446333 0.238852 0.445495 0.237801
9 0.437255 0.240528 0.438010 0.240704 0.438711 0.241861 0.439596 0.243023 0.440344 0.243940 0.440672 0.245431 0.440578 0.246843 0.440810 0.249329 0.440763 0.250991 0.440719 0.252481 0.440391 0.252981 0.439411 0.251903 0.438758 0.250741 0.437451 0.249167 0.436237 0.247009 0.435724 0.245181 0.435958 0.243856 0.436937 0.242778 0.436937 0.241532
9 0.433156 0.291005 0.435344 0.293111 0.436906 0.294333 0.438094 0.296000 0.437719 0.298111 0.436031 0.300333 0.434969 0.301222 0.433469 0.301556 0.432471 0.301889 0.431221 0.301556 0.430471 0.299667 0.429909 0.298444 0.429846 0.296222 0.430096 0.294222 0.431409 0.292000
2 0.361008 0.237144 0.362034 0.236421 0.363359 0.241343
2 0.355724 0.228468 0.356591 0.227986 0.359193 0.225958 0.360646 0.231694 0.362034 0.236421 0.361008 0.237144 0.358023 0.232343 0.356693 0.229546
2 0.355724 0.228468 0.355057 0.228634 0.356000 0.239819 0.360008 0.237569 0.358023 0.233847 0.355443 0.229829
2 0.356508 0.252931 0.357794 0.258426 0.358107 0.259981 0.359044 0.261199 0.360669 0.261310 0.362482 0.261866 0.364581 0.252731 0.363568 0.250986 0.363430 0.249750 0.365396 0.249556 0.365305 0.248810 0.365396 0.248324 0.365292 0.246870 0.365003 0.246681 0.362297 0.241750 0.356362 0.245176 0.356732 0.252620
2 0.360008 0.237569 0.356000 0.239819 0.356240 0.242500 0.356362 0.245176 0.362297 0.241750 0.361773 0.240801
9 0.363622 0.232269 0.364406 0.231144 0.367328 0.229051 0.368354 0.229481 0.368594 0.231194 0.368896 0.233019 0.369047 0.233981 0.367750 0.239926 0.367208 0.239926 0.366607 0.239551 0.365849 0.238579 0.363594 0.232750
9 0.423089 0.168505 0.422375 0.169514 0.421536 0.170509 0.420836 0.170759 0.420924 0.175269 0.422049 0.174324 0.423823 0.174241 0.426203 0.174824 0.427370 0.174907 0.427648 0.174491 0.427182 0.172000 0.426297 0.169431 0.425318 0.167861 0.424539 0.168227
2 0.481583 0.221069 0.481906 0.222644 0.482794 0.225727 0.483036 0.227880 0.483198 0.230176 0.483198 0.232542 0.482753 0.233616 0.481784 0.233977 0.480453 0.234046 0.479510 0.233088 0.479591 0.232870 0.479510 0.232227 0.479430 0.232153 0.478945 0.231940 0.477609 0.228620 0.475391 0.223958 0.474424 0.220370 0.474344 0.219296 0.474544 0.218866 0.476310 0.219495
2 0.463758 0.232699 0.466742 0.235352 0.467953 0.236356 0.468961 0.237287 0.469568 0.238722 0.469971 0.240014 0.470870 0.242713 0.466823 0.241940 0.465086 0.241296 0.463719 0.237431 0.463719 0.233847
2 0.502891 0.354778 0.505714 0.347898 0.507247 0.344611 0.509654 0.347028 0.510315 0.348764 0.511370 0.351514 0.508240 0.353630 0.504458 0.354301
2 0.502271 0.356287 0.502010 0.357444 0.506935 0.363537 0.510565 0.356079 0.510273 0.353810 0.509328 0.354597 0.506682 0.355097 0.504172 0.355588
2 0.480703 0.396329 0.481784 0.399403 0.483133 0.400167 0.484701 0.401514 0.485078 0.402856 0.486969 0.408713 0.487563 0.412074 0.488047 0.415722 0.488372 0.419079 0.487268 0.419218 0.485013 0.419370 0.482818 0.419884 0.480680 0.411884 0.476924 0.398727 0.476977 0.397866 0.477409 0.397000 0.478719 0.396079 0.479661 0.396079
9 0.433779 0.248727 0.434615 0.249037 0.435836 0.249657 0.436010 0.250648 0.435034 0.258542 0.433914 0.258125 0.434409 0.252630 0.433849 0.252630 0.433047 0.253435 0.431896 0.253806 0.432773 0.249653
9 0.445599 0.233338 0.447727 0.239222 0.447797 0.240153 0.447693 0.240713 0.446924 0.240338 0.446333 0.238852 0.445495 0.237801 0.444693 0.236620 0.444344 0.236000 0.443823 0.233648 0.445279 0.233199
9 0.441068 0.233273 0.440755 0.239347 0.441172 0.239532 0.441383 0.240218 0.441346 0.241579 0.440964 0.242014 0.439779 0.241764 0.439010 0.241333 0.439010 0.240153 0.439359 0.239412 0.439359 0.233958 0.439497 0.233074
2 0.438581 0.271588 0.442958 0.273889 0.444078 0.275134 0.445479 0.276713 0.446646 0.277375 0.446924 0.278454 0.445805 0.279449 0.444638 0.279616 0.442865 0.279449 0.441091 0.278620 0.438945 0.277792 0.437497 0.277208 0.435583 0.275718 0.434698 0.274801 0.433344 0.274306 0.431477 0.274139 0.432484 0.270472 0.432318 0.268912 0.434138 0.269329 0.436049 0.270653 0.436984 0.271565 0.437148 0.273032 0.437380 0.273856 0.437883 0.273926 0.438154 0.273653 0.438424 0.272759
10 0.546299 0.633796 0.547026 0.647056 0.547833 0.657667 0.547630 0.659032 0.546503 0.660606 0.545344 0.660537 0.545063 0.658815 0.540503 0.660042 0.539737 0.644338 0.540404 0.637968 0.540122 0.636644 0.540122 0.636644 0.542901 0.635449
2 0.453065 0.605181 0.456354 0.602454 0.456875 0.602500 0.457370 0.603565 0.457865 0.605139 0.458073 0.605972 0.458125 0.606481 0.456797 0.607778 0.454242 0.606745 0.451901 0.606296 0.452180 0.605875
2 0.455695 0.608745 0.452310 0.611569 0.450357 0.613236 0.448479 0.609773 0.450435 0.607310 0.452404 0.607306
2 0.447263 0.610245 0.445518 0.610569 0.443409 0.613347 0.440180 0.618208 0.440935 0.620477 0.441820 0.621495 0.445651 0.616713 0.447633 0.615495 0.448224 0.615190 0.449276 0.614106 0.448721 0.612787
2 0.436620 0.544593 0.437896 0.545056 0.438469 0.546120 0.439016 0.547602 0.441479 0.552028 0.442203 0.553319 0.442487 0.554968 0.442688 0.556546 0.442729 0.558699 0.442648 0.563861 0.442326 0.563935 0.441518 0.563361 0.440469 0.563361 0.439984 0.563648 0.439380 0.563935 0.438734 0.564005 0.437685 0.564005 0.437122 0.563361 0.437000 0.562569 0.436919 0.561208 0.436638 0.558625 0.436315 0.556907 0.435792 0.555903 0.435104 0.555042 0.434135 0.553824 0.433370 0.553176 0.433089 0.551815 0.433169 0.550523 0.433258 0.549102 0.433573 0.548356 0.433365 0.548111 0.433331 0.547296 0.433693 0.546292 0.434258 0.545218 0.435628 0.544069
2 0.433391 0.501315 0.434034 0.501264 0.434857 0.501120 0.436516 0.499690 0.437891 0.498639 0.438130 0.498532 0.438523 0.498532 0.439698 0.498907 0.440812 0.499606 0.441174 0.500088 0.441414 0.501426 0.441505 0.502819 0.441565 0.504157 0.441536 0.505926 0.441414 0.506889 0.441266 0.507532 0.440120 0.508231 0.439427 0.508444 0.438643 0.508338 0.437008 0.507491 0.435305 0.506218 0.434698 0.505213 0.434138 0.504468 0.433484 0.503639 0.432831 0.502144
2 0.408044 0.352648 0.406146 0.354037 0.405664 0.354843 0.405302 0.356028 0.405091 0.357949 0.405365 0.359343 0.406237 0.361218 0.407021 0.362556 0.407956 0.363787 0.408786 0.364727 0.409341 0.365662 0.410003 0.366468 0.410758 0.367162 0.415336 0.370431 0.418953 0.370755 0.421063 0.369681 0.421784 0.368611 0.422479 0.366574 0.422539 0.364269 0.421995 0.362287 0.420792 0.360630 0.422328 0.356824 0.422599 0.355380 0.421659 0.354565 0.413625 0.354245
10 0.389906 0.206315 0.391232 0.215981 0.391893 0.222551 0.391789 0.227574 0.390578 0.227778 0.389799 0.228051 0.389349 0.227694 0.389245 0.225032 0.389906 0.224597 0.390221 0.224287 0.388862 0.214370 0.387919 0.208671 0.387815 0.207120 0.387344 0.205370 0.388878 0.205681
10 0.388898 0.202903 0.389219 0.204676 0.387758 0.204194 0.387810 0.203361 0.387706 0.202352 0.387966 0.201338 0.388276 0.201245
10 0.391510 0.232199 0.391745 0.237454 0.391953 0.239028 0.392370 0.240556 0.392656 0.241574 0.392786 0.250926 0.392943 0.257407 0.393464 0.258565 0.393984 0.260139 0.394141 0.261389 0.394453 0.262731 0.394427 0.266204 0.394271 0.266343 0.393854 0.266713 0.393568 0.267269 0.394219 0.271389 0.395833 0.278102 0.396094 0.278333 0.396979 0.278333 0.398073 0.278333 0.398516 0.278611 0.398438 0.279352 0.397266 0.279907 0.396927 0.280556 0.396953 0.281019 0.397448 0.281806 0.397786 0.282407 0.397995 0.284028 0.398021 0.285324 0.397943 0.286296 0.397578 0.286806 0.397188 0.287222 0.396302 0.287500 0.395755 0.287454 0.395234 0.286944 0.394635 0.285880 0.394193 0.284398 0.394193 0.282870 0.394089 0.282176 0.393698 0.280880 0.393490 0.279306 0.393854 0.279074 0.394323 0.278935 0.392578 0.272361 0.391771 0.268333 0.390625 0.262778 0.390104 0.261667 0.389870 0.260972 0.390104 0.259583 0.390078 0.258657 0.390365 0.257870 0.390964 0.258056 0.391250 0.258241 0.390729 0.251019 0.390599 0.242546 0.389740 0.237500 0.389375 0.235694 0.389193 0.234167 0.389036 0.232870 0.388984 0.231019 0.389062 0.230463 0.389594 0.230171 0.390112 0.231185 0.390630 0.231736
10 0.405096 0.295500 0.409042 0.308944 0.409586 0.310769 0.409977 0.311306 0.410911 0.311356 0.411151 0.310875 0.411362 0.309319 0.410760 0.307231 0.410609 0.305949 0.410880 0.304662 0.411875 0.303750 0.413109 0.303324 0.414315 0.302787 0.414797 0.302250 0.415130 0.301824 0.415190 0.301181 0.413760 0.298616 0.411573 0.291861 0.406661 0.292611 0.406362 0.294111 0.406299 0.295074
10 0.396896 0.269454 0.400724 0.281398 0.401867 0.281560 0.402893 0.281292 0.404323 0.281264 0.405453 0.281560 0.405091 0.282782 0.406901 0.281667 0.409784 0.280981 0.409716 0.280301 0.409492 0.277380 0.408346 0.274329 0.407443 0.269611 0.407594 0.266880 0.407622 0.264741 0.407443 0.263347
2 0.364031 0.287454 0.367138 0.300282 0.366982 0.301718 0.366956 0.302782 0.367372 0.306903 0.368570 0.307875 0.371078 0.309042 0.372945 0.305778 0.374211 0.303847 0.374299 0.303616 0.376589 0.301250 0.377448 0.298148 0.377076 0.296130 0.377180 0.294463 0.377518 0.294648 0.377622 0.293583 0.377961 0.290713 0.378266 0.287704 0.378898 0.286593 0.379055 0.286176 0.379667 0.285218 0.380234 0.284907 0.381628 0.286130 0.381318 0.284477 0.379763 0.278028 0.376044 0.276954 0.375156 0.277222 0.374479 0.277222 0.373437 0.277176 0.370518 0.277912 0.368979 0.279074 0.367414 0.280745 0.367068 0.281093 0.365490 0.282505 0.364031 0.284819
2 0.475596 0.350718 0.475133 0.353028 0.474763 0.354019 0.474112 0.355343 0.472495 0.360194 0.471771 0.361153 0.470740 0.361671 0.470638 0.372130 0.471177 0.374690 0.472190 0.376509 0.473815 0.377366 0.475320 0.375977 0.476461 0.379282 0.476935 0.380667 0.477781 0.383014 0.478078 0.385472 0.478375 0.387171 0.478914 0.388991 0.480539 0.389088 0.482089 0.387602 0.483417 0.386958 0.485211 0.385144 0.486714 0.383870 0.488331 0.382912 0.488990 0.382171 0.489529 0.380884 0.489706 0.378324 0.488586 0.378032 0.487740 0.377676 0.487573 0.376889 0.487938 0.375954 0.489891 0.376935 0.491023 0.371190 0.490911 0.364787 0.490846 0.361699 0.489768 0.358824 0.488812 0.357653 0.487307 0.356481 0.485573 0.354977 0.484911 0.352204 0.484310 0.349231 0.483771 0.348060 0.480891 0.349116 0.479219 0.349231 0.477120 0.348903
2 0.471031 0.342005 0.472388 0.340699 0.474708 0.338769 0.476956 0.338634 0.478620 0.338634 0.481484 0.339597 0.483768 0.340764 0.484271 0.341384 0.484232 0.342486 0.482917 0.343792 0.482102 0.345241 0.479935 0.346065 0.478852 0.346134 0.477883 0.346477 0.477148 0.347370 0.476411 0.348611 0.476336 0.349852 0.475596 0.350718 0.475133 0.353028 0.473625 0.353361 0.473161 0.354046 0.472620 0.354667 0.472078 0.356181 0.471883 0.357421 0.470799 0.357282
2 0.457021 0.374778 0.458677 0.374037 0.459870 0.374037 0.461943 0.373856 0.463393 0.373764 0.465156 0.374037 0.466607 0.373671 0.466951 0.373046 0.467073 0.373764 0.466763 0.375236 0.465932 0.378000 0.465622 0.381500 0.465828 0.383898 0.465362 0.384542 0.464221 0.383157 0.463654 0.385370 0.463341 0.386750 0.461839 0.387213 0.460596 0.386750 0.459766 0.385556 0.458367 0.385921 0.457383 0.386384 0.456398 0.385648 0.455568 0.384264 0.455258 0.381870 0.456086 0.377171
2 0.449979 0.376569 0.449922 0.374449 0.450586 0.373454 0.451526 0.372648 0.452607 0.371347 0.453375 0.370417 0.454315 0.369366 0.455536 0.368435 0.456617 0.369551 0.456792 0.370917 0.457034 0.372648 0.457021 0.374778 0.456406 0.375375 0.455781 0.376866 0.455117 0.378722 0.454560 0.381019 0.454177 0.382255 0.453698 0.382454 0.452956 0.381019 0.452049 0.379407 0.451279 0.378255
9 0.494539 0.225718 0.491466 0.225810 0.491596 0.228356 0.491753 0.229843 0.491883 0.230671 0.492299 0.231181 0.493810 0.231551 0.495086 0.231231 0.496492 0.230671 0.496805 0.229560 0.496310 0.227847 0.495268 0.226273
2 0.528120 0.537227 0.528469 0.534870 0.529341 0.534745 0.530456 0.535056 0.531047 0.535551 0.531221 0.535986 0.531466 0.537412 0.531919 0.540389 0.532060 0.541194 0.532409 0.542310 0.532477 0.542926 0.532372 0.543856 0.532060 0.543981 0.531117 0.543611 0.530560 0.543731 0.528479 0.539505
2 0.527422 0.525944 0.527875 0.529046 0.528016 0.531648 0.528086 0.533259 0.528120 0.534190 0.527388 0.534190 0.527047 0.532898 0.526599 0.529954 0.525479 0.526926 0.524716 0.525176 0.524669 0.524250 0.525297 0.524250 0.526367 0.525065
2 0.448297 0.357255 0.449378 0.357065 0.450836 0.357833 0.451862 0.358694 0.452727 0.359944 0.453159 0.360134 0.452510 0.358120 0.452456 0.356199 0.454130 0.357162 0.454940 0.359176 0.456453 0.361194 0.456938 0.362343 0.456505 0.364551 0.456776 0.366569 0.458234 0.367241 0.457695 0.368394 0.455536 0.368435 0.454315 0.369366 0.453375 0.370417 0.452607 0.371347 0.451526 0.372648 0.450586 0.373454 0.449922 0.374449 0.449724 0.372625 0.448419 0.366319
2 0.446070 0.362319 0.442305 0.364991 0.440719 0.366069 0.439411 0.367981 0.439883 0.368907 0.440044 0.369981 0.438471 0.371065 0.437987 0.371782 0.437583 0.372995 0.438552 0.373565 0.440367 0.372995 0.441214 0.372921 0.442141 0.372634 0.443750 0.373125 0.445339 0.373704 0.448490 0.375208 0.449294 0.375208 0.449979 0.376569 0.449922 0.374449 0.449211 0.373704 0.448745 0.371796 0.447904 0.367898 0.447578 0.365407 0.447159 0.360676 0.446510 0.361208
2 0.471133 0.310986 0.472674 0.310819 0.474448 0.310736 0.475987 0.310819 0.478320 0.311731 0.479953 0.312481 0.481167 0.313310 0.482568 0.314389 0.482987 0.316046 0.483641 0.317875 0.483922 0.319116 0.483969 0.321440 0.483594 0.323847 0.483687 0.325921 0.482398 0.328111 0.482292 0.329537 0.482919 0.331583 0.483654 0.332639 0.484453 0.333444 0.484029 0.334657 0.482969 0.336435 0.482344 0.337440 0.481031 0.338991 0.480346 0.339106 0.478620 0.338634 0.476956 0.338634 0.475281 0.337880 0.474409 0.336773 0.472094 0.334773 0.471409 0.335213 0.470409 0.336435 0.468786 0.336991 0.467599 0.337106 0.466724 0.336773 0.465911 0.335106 0.466036 0.330102 0.466161 0.326444 0.466284 0.323546 0.467974 0.319556 0.470159 0.316329
2 0.431253 0.260366 0.433214 0.258792 0.433914 0.258125 0.435034 0.258542 0.435919 0.260699 0.436013 0.261778 0.435641 0.263602 0.435547 0.264347 0.434286 0.264764 0.432932 0.265426 0.431688 0.265718
2 0.446479 0.155157 0.445792 0.160157 0.446104 0.163269 0.446729 0.165153 0.447977 0.167708 0.448664 0.168931 0.448914 0.170597 0.448539 0.172597 0.449039 0.173375 0.452076 0.172542 0.453883 0.170870 0.454677 0.169972 0.455724 0.168819 0.455289 0.166931
2 0.443513 0.554773 0.444211 0.551662 0.444831 0.550370 0.445195 0.551569 0.445766 0.553505 0.446023 0.554792 0.446232 0.555806 0.447164 0.556634 0.448615 0.557375 0.449755 0.558111 0.450273 0.558569 0.449651 0.562162 0.449443 0.562991 0.448563 0.562991 0.447060 0.562162 0.445867 0.561889 0.445195 0.561241 0.444729 0.560046 0.443917 0.557782 0.443797 0.555991
1 0.480159 0.649042 0.482891 0.648403 0.484458 0.648722 0.485622 0.649676 0.491357 0.654218 0.492698 0.655569 0.494917 0.659167 0.495453 0.661079 0.494781 0.662750 0.493125 0.659806 0.491557 0.656940 0.490482 0.654870 0.488018 0.653356 0.484883 0.651125 0.483406 0.650727 0.479375 0.650889
1 0.477583 0.649296 0.474224 0.649454 0.471896 0.650171 0.468716 0.651685 0.469612 0.653037 0.472344 0.651843 0.473867 0.651921 0.475076 0.652162 0.476732 0.651444
10 0.464372 0.678458 0.467479 0.679958 0.472047 0.680514 0.477026 0.680079 0.489568 0.684963 0.488388 0.686764 0.487414 0.687574 0.486714 0.688565 0.486120 0.688519 0.485104 0.687824 0.484557 0.688194 0.483828 0.689032 0.482122 0.689144 0.481549 0.689144 0.480456 0.689329 0.469091 0.687681 0.459732 0.686407 0.453865 0.685926 0.451625 0.685370 0.449995 0.674162 0.453758 0.673204 0.455638 0.672088 0.458237 0.674560 0.459937 0.677106 0.461729 0.679019 0.463117 0.678856
2 0.515451 0.653583 0.515526 0.656333 0.515490 0.658125 0.515102 0.659088 0.514094 0.658949 0.513320 0.659088 0.512044 0.658949 0.506896 0.648833 0.505734 0.646148 0.506534 0.646435 0.509802 0.646356 0.511901 0.646630
10 0.551477 0.642819 0.552125 0.644366 0.552573 0.646199 0.553555 0.648444 0.553320 0.650519 0.553227 0.654588 0.553245 0.655435 0.552255 0.655833 0.550375 0.657264 0.548813 0.659495 0.547630 0.659032 0.547833 0.657667 0.547026 0.647056 0.547065 0.644287 0.547659 0.643819 0.548352 0.644264 0.548844 0.644264 0.549969 0.643819 0.551289 0.643153
2 0.386773 0.320954 0.386536 0.321389 0.385625 0.322176 0.386836 0.322421 0.389779 0.323014 0.389091 0.320130 0.388620 0.320148 0.387992 0.320894
2 0.519573 0.472074 0.524109 0.480713 0.526687 0.483296 0.528299 0.483616 0.529331 0.485125 0.529060 0.486481 0.528523 0.487116 0.528536 0.488491 0.528969 0.489352 0.530156 0.490792 0.532479 0.493384 0.533234 0.494537 0.533938 0.495782 0.534802 0.497704 0.535815 0.498958 0.537122 0.499287 0.537716 0.498954 0.535214 0.483713 0.531919 0.474912 0.530839 0.474231 0.528956 0.472560 0.527214 0.471444 0.525714 0.470884 0.521669 0.469028 0.520799 0.469088 0.519961 0.470884
2 0.526607 0.459611 0.525784 0.460102 0.522961 0.457250 0.520521 0.454894 0.519786 0.452231 0.521042 0.450431 0.522401 0.449130 0.522919 0.448824
2 0.522484 0.434074 0.522651 0.433931 0.523701 0.433361 0.524747 0.432644 0.525591 0.431134 0.526643 0.429343 0.527445 0.429199 0.528294 0.430347 0.528612 0.432731 0.528193 0.432731 0.524289 0.439981 0.522969 0.435940
2 0.429227 0.180051 0.429479 0.178509 0.430367 0.178292 0.431294 0.179940 0.431536 0.181662 0.432122 0.185523 0.432990 0.189764 0.437544 0.194259 0.437833 0.195032 0.437617 0.197218 0.435448 0.198370 0.432586 0.197870 0.430891 0.197079 0.430125 0.196292 0.428667 0.194319 0.428714 0.194500
10 0.405740 0.255162 0.402771 0.252667 0.400286 0.250648 0.397424 0.249690 0.394995 0.249495 0.393646 0.250935 0.393104 0.252282 0.392997 0.254491 0.393591 0.256792 0.393984 0.260139 0.394888 0.261019 0.395698 0.260727 0.399771 0.258815 0.403674 0.256213
2 0.398674 0.312019 0.399687 0.312644 0.400208 0.313597 0.400531 0.314958 0.400047 0.317542 0.399036 0.319190 0.398716 0.319977 0.398745 0.321954 0.397630 0.321644 0.397245 0.322449 0.397245 0.323380 0.398500 0.324431 0.403521 0.326602 0.404464 0.326972 0.405578 0.327407 0.402818 0.334551 0.401526 0.333903 0.398419 0.333116 0.392924 0.331458 0.392872 0.330722 0.391453 0.324620 0.394063 0.325157 0.396169 0.325630 0.396570 0.326347 0.396839 0.327176 0.397005 0.327000 0.397039 0.326463 0.396937 0.325810 0.396805 0.325333 0.396638 0.325097 0.394128 0.324264 0.391094 0.323333 0.390956 0.322523 0.395760 0.315731 0.395760 0.315731
2 0.384245 0.323329 0.383333 0.323884 0.382682 0.324718 0.382630 0.325782 0.382891 0.326708 0.383307 0.327727 0.384714 0.329023 0.384924 0.329486 0.387086 0.330463 0.389424 0.330894 0.391836 0.331551 0.391370 0.330537 0.390443 0.326245 0.390013 0.324144 0.388839 0.326898 0.388221 0.328551 0.387872 0.328620 0.387562 0.328347 0.387794 0.327315 0.389188 0.324148 0.388174 0.323968 0.385664 0.323370
2 0.384945 0.332236 0.386255 0.335389 0.387667 0.336606 0.391096 0.339116 0.394000 0.340912 0.395451 0.341843 0.396138 0.342630 0.396258 0.342991 0.395958 0.343861 0.397159 0.343449 0.398086 0.343037 0.399133 0.342486 0.399828 0.342213 0.400951 0.341796 0.401802 0.341593 0.401695 0.340815 0.402115 0.336875 0.402372 0.335981 0.396242 0.335125 0.391562 0.334477 0.389021 0.333977 0.385633 0.332685
2 0.400083 0.351394 0.401776 0.352685 0.402703 0.353833 0.403107 0.354694 0.402544 0.355838 0.402383 0.357194 0.404398 0.360000 0.404560 0.360500 0.404964 0.360574 0.405365 0.359343 0.405091 0.357949 0.405302 0.356028 0.405664 0.354843 0.406146 0.354037 0.406094 0.352750 0.405172 0.351157 0.403674 0.348917 0.402294 0.345829 0.402174 0.343056 0.402036 0.342347 0.401339 0.342556 0.399286 0.343449 0.398435 0.344139 0.399115 0.347667
2 0.450937 0.563375 0.450375 0.563356 0.449609 0.563912 0.448424 0.564657 0.448076 0.565093 0.448737 0.573644 0.448737 0.574884 0.449680 0.575069 0.450831 0.573829 0.451003 0.574449 0.452258 0.574324 0.453409 0.573458 0.454872 0.573148 0.455292 0.572282 0.454841 0.570866 0.453971 0.569574 0.452750 0.567838 0.451844 0.566282 0.450971 0.564736
2 0.465599 0.589106 0.463495 0.585745 0.462685 0.585843 0.461927 0.586995 0.461549 0.587856 0.461766 0.589778 0.462576 0.591218 0.464411 0.593329 0.464628 0.589588
2 0.465750 0.602713 0.464391 0.602153 0.462159 0.604449 0.461497 0.605685 0.461568 0.607176 0.462333 0.608477 0.462997 0.609157 0.463414 0.609528 0.464078 0.609407 0.465438 0.608477 0.467146 0.605870 0.466203 0.604259
2 0.452513 0.585708 0.454529 0.585921 0.455779 0.586926 0.456951 0.588792 0.457917 0.590440 0.458766 0.591588 0.459693 0.592306 0.460781 0.593380 0.461669 0.593954 0.462961 0.594815 0.463604 0.595745 0.464216 0.596514 0.465227 0.600296 0.465500 0.601556 0.463404 0.601481 0.461789 0.600912 0.460135 0.599764 0.457193 0.598185 0.456828 0.594028 0.455859 0.589222 0.454932 0.591083 0.453721 0.593741 0.451745 0.591801 0.450414 0.590296 0.449367 0.589148 0.448786 0.588199 0.449724 0.587037 0.450654 0.586542 0.451167 0.585713 0.451544 0.585852
2 0.459602 0.359699 0.459560 0.360935 0.459648 0.362273 0.460208 0.364917 0.459602 0.366495 0.458234 0.367241 0.457695 0.368394 0.456617 0.368329 0.456617 0.369551 0.456792 0.370917 0.457034 0.372648 0.457786 0.374130 0.458677 0.374037 0.459870 0.374037 0.461943 0.373856 0.463393 0.373764 0.465156 0.374037 0.466607 0.373671 0.466951 0.373046 0.465294 0.370338
2 0.432242 0.365083 0.430917 0.364662 0.430076 0.363829 0.429190 0.363500 0.428023 0.364495 0.428164 0.366319 0.428490 0.368144 0.428956 0.369806 0.428862 0.370968 0.428346 0.372009 0.429234 0.372583 0.429844 0.374120 0.430544 0.375778 0.430964 0.376361 0.432130 0.375944 0.433016 0.374532 0.434016 0.373306 0.432661 0.367074
2 0.506146 0.397755 0.505333 0.398977 0.504521 0.399977 0.503896 0.400421 0.502711 0.401310 0.502273 0.402532 0.502086 0.403866 0.502086 0.404977 0.503086 0.405199 0.506021 0.403755 0.506771 0.403532 0.507458 0.402644 0.507771 0.402088 0.507206 0.399759
2 0.503396 0.381431 0.503273 0.380208 0.503583 0.378097 0.504896 0.375764 0.506833 0.376208 0.509021 0.377542 0.509646 0.379542 0.508708 0.381208 0.508521 0.382875 0.508271 0.384537 0.507521 0.384981 0.506646 0.384889 0.504583 0.382981
2 0.463047 0.322750 0.463776 0.322694 0.465070 0.322792 0.466284 0.323546 0.467974 0.319556 0.469266 0.317505 0.466763 0.311838 0.465396 0.310889 0.464586 0.310889 0.463708 0.310292 0.462747 0.312315 0.461747 0.314389 0.462643 0.316699 0.463180 0.317894 0.463672 0.319565 0.463719 0.320917
2 0.466036 0.330102 0.464146 0.334958 0.463727 0.336282 0.462513 0.337944 0.462187 0.338690 0.461906 0.340435 0.462513 0.342588 0.463120 0.343005 0.464380 0.342588 0.465122 0.342032 0.466656 0.340296 0.466901 0.339106 0.466724 0.336773 0.465911 0.335106
2 0.505482 0.388282 0.505109 0.386458 0.504503 0.385380 0.503148 0.384880 0.501563 0.384630 0.500630 0.385546 0.500161 0.387120 0.500396 0.389194 0.500815 0.391102 0.501469 0.392764 0.502263 0.394171 0.502917 0.395005 0.504456 0.395250 0.505062 0.394921 0.503424 0.391102 0.503529 0.389903 0.504305 0.388889 0.505081 0.388245
2 0.522349 0.410611 0.522792 0.411977 0.518315 0.420435 0.517951 0.419792 0.516500 0.415204 0.516383 0.414417 0.516596 0.413069 0.516813 0.407505 0.516596 0.405296 0.516500 0.402653 0.517669 0.401148 0.518333 0.403565 0.519245 0.403565 0.520211 0.403296 0.520935 0.406380
2 0.514276 0.385134 0.514378 0.383185 0.515026 0.382898 0.516370 0.383370 0.516826 0.383931 0.518602 0.392481 0.518964 0.394889 0.517344 0.395560 0.517557 0.400231 0.516859 0.399361 0.516370 0.398245 0.515708 0.396819 0.515193 0.393389 0.515141 0.386093 0.514815 0.385134
2 0.503398 0.410278 0.506060 0.413074 0.509690 0.410991 0.510659 0.413218 0.507594 0.414579 0.505495 0.415870 0.504849 0.416944 0.503802 0.417157 0.503076 0.416157 0.502630 0.415079 0.502388 0.412713
2 0.509279 0.414097 0.509602 0.417324 0.509682 0.418685 0.508917 0.419907 0.508148 0.420264 0.506940 0.420194 0.506456 0.419333 0.505930 0.417611 0.505810 0.416463 0.505971 0.415458 0.507594 0.414579
2 0.496310 0.464120 0.496888 0.462579 0.497828 0.461421 0.499490 0.463477 0.500141 0.465148 0.500719 0.467333 0.500823 0.468796 0.500396 0.473681 0.499505 0.477532 0.497141 0.476764 0.494909 0.467972 0.495964 0.466153
2 0.516302 0.480801 0.516604 0.481981 0.524167 0.483060 0.524109 0.480713 0.519573 0.472074 0.518987 0.474667 0.518602 0.474356 0.516859 0.479870
10 0.490193 0.219991 0.494539 0.225718 0.491466 0.225810 0.491596 0.228356 0.491753 0.229843 0.491883 0.230671 0.492299 0.231181 0.493810 0.231551 0.495086 0.231231 0.496492 0.230671 0.498435 0.236694 0.501109 0.252505 0.500388 0.258157 0.500099 0.261759 0.500049 0.266380 0.498596 0.265949 0.497669 0.265380 0.497266 0.264301 0.495000 0.257176 0.494555 0.255380 0.494112 0.254162 0.492862 0.252083 0.490120 0.247065 0.489398 0.242736 0.489471 0.227829 0.489760 0.222690
2 0.444831 0.550370 0.446333 0.544458 0.446818 0.543782 0.448047 0.545463 0.447359 0.551370 0.448818 0.552616 0.450383 0.553958 0.451625 0.555208 0.452219 0.555593 0.452326 0.556551 0.451299 0.556935 0.450005 0.555208 0.447521 0.553579 0.445956 0.552231 0.445195 0.551569
2 0.449576 0.508292 0.447526 0.512310 0.451534 0.518255 0.452557 0.520292 0.452432 0.519204 0.451292 0.510653 0.450388 0.508991
9 0.433409 0.466329 0.433130 0.466944 0.432224 0.467074 0.431214 0.467375 0.430305 0.467009 0.429156 0.466014 0.428318 0.465028 0.428076 0.463912 0.429052 0.463356 0.430375 0.462796 0.431214 0.462736 0.431805 0.463787
2 0.450174 0.465856 0.451846 0.467162 0.452823 0.468153 0.453591 0.469394 0.453833 0.471005 0.453974 0.472366 0.453695 0.473792 0.453313 0.474657 0.452336 0.474907 0.451115 0.473296 0.450104 0.471995 0.448604 0.471620 0.448396 0.470074 0.448990 0.467903
2 0.437031 0.380111 0.437484 0.379120 0.438531 0.378440 0.439063 0.377731 0.439750 0.377694 0.440378 0.379120 0.441214 0.380671 0.441773 0.382157 0.441737 0.383523 0.442016 0.385255 0.442747 0.386806 0.443133 0.386681 0.443576 0.386259 0.443854 0.387991 0.443102 0.389014 0.441169 0.391690 0.440448 0.392546 0.440026 0.392171 0.439544 0.391528 0.438729 0.390514 0.438552 0.389491 0.438034 0.386866 0.437677 0.385102 0.437013 0.382310
2 0.462172 0.729421 0.468758 0.743338 0.467570 0.745741 0.466492 0.743630 0.460010 0.731051
10 0.404333 0.473546 0.406591 0.482463 0.408000 0.482796 0.410596 0.482403 0.412810 0.481537 0.420586 0.480796 0.426648 0.480796 0.431000 0.481681 0.436823 0.482634 0.444703 0.484019 0.453552 0.486319 0.454000 0.485444 0.455164 0.484491 0.458792 0.482338 0.459510 0.481019 0.458638 0.479463 0.453763 0.477352 0.448953 0.476352 0.439620 0.474106 0.433862 0.472870 0.424961 0.472134 0.414089 0.471690 0.413526 0.471852 0.412719 0.471926 0.408784 0.472231 0.406914 0.472824 0.406266 0.473259
2 0.420586 0.480796 0.422797 0.484222 0.424570 0.486213 0.425969 0.489532 0.426716 0.491606 0.427419 0.494736 0.427552 0.495375 0.427867 0.496171 0.428023 0.497662 0.427742 0.500648 0.427695 0.502806 0.427182 0.511519 0.427229 0.513426 0.427229 0.513843 0.426156 0.513426 0.424570 0.512264 0.423169 0.509861 0.422609 0.506208 0.421536 0.501065 0.421721 0.498657 0.420555 0.495588 0.419810 0.493514 0.419716 0.491523 0.419565 0.490227 0.419659 0.487657 0.419286 0.484421 0.418026 0.480852
2 0.374414 0.125287 0.375190 0.135079 0.376312 0.142713 0.376451 0.144042 0.376872 0.146366 0.376544 0.148023 0.375471 0.148769 0.374771 0.147940 0.374305 0.145532 0.373604 0.141968 0.372810 0.133505 0.372112 0.126866 0.371924 0.124792 0.371924 0.123880 0.372372 0.123972
2 0.444661 0.573759 0.447786 0.573852 0.447628 0.582046 0.444167 0.580750 0.444167 0.579037 0.444503 0.574361
2 0.486398 0.689616 0.486120 0.688519 0.485104 0.687824 0.484557 0.688194 0.484193 0.689907 0.483516 0.690694 0.482708 0.690139 0.482083 0.690741 0.482995 0.696991 0.483255 0.698750 0.483411 0.700880 0.483516 0.702222 0.484427 0.702639 0.485370 0.702676 0.488042 0.696495 0.487307 0.695815 0.486648 0.694449 0.486229 0.692222
2 0.480586 0.694977 0.480456 0.689329 0.481549 0.689144 0.482122 0.689144 0.482083 0.690741 0.482995 0.696991 0.483255 0.698750 0.483411 0.700880 0.483516 0.702222 0.483607 0.702616 0.483607 0.702708 0.481833 0.702889 0.481292 0.699796 0.480898 0.696227
2 0.442089 0.629708 0.445372 0.632866 0.446969 0.633991 0.447510 0.635440 0.447661 0.637847 0.447904 0.641009 0.447060 0.642884 0.446969 0.644704 0.446487 0.647009 0.446427 0.649204 0.446305 0.650060 0.447130 0.655912 0.447776 0.660620 0.449471 0.663486 0.449953 0.664060 0.450560 0.663991 0.451286 0.662625 0.453182 0.662194 0.453628 0.661477 0.453990 0.660903 0.454552 0.640681 0.454755 0.639606 0.454169 0.638329 0.452977 0.636764 0.451268 0.634736 0.445310 0.627644 0.440758 0.625338
2 0.434297 0.591852 0.437365 0.595565 0.439945 0.598917 0.441060 0.600532 0.442211 0.601088 0.445036 0.600838 0.445977 0.601213 0.446396 0.602204 0.446396 0.602755 0.444727 0.603532 0.444042 0.603676 0.442669 0.604898 0.442107 0.605398 0.441177 0.605685 0.439633 0.606162 0.437924 0.606356 0.437018 0.606231 0.436146 0.604745 0.433148 0.593218 0.433391 0.592343 0.433461 0.592218
2 0.415844 0.508991 0.418734 0.514773 0.423286 0.523023 0.430974 0.533324 0.432784 0.535407 0.432719 0.535741 0.432336 0.537227 0.431005 0.536162 0.425792 0.529569 0.421544 0.523468 0.416120 0.513931 0.414854 0.510935 0.414703 0.510023 0.414766 0.509269 0.414977 0.508954
2 0.433344 0.535940 0.435948 0.538764 0.439023 0.542606 0.439779 0.543347 0.442281 0.546019 0.442753 0.545667 0.446865 0.537194 0.447906 0.534972 0.448638 0.535898 0.448456 0.537194 0.446995 0.541315 0.445253 0.545389 0.444521 0.546917 0.443664 0.547796 0.442492 0.548213 0.442023 0.548213 0.438326 0.544602 0.432831 0.538352
10 0.443802 0.532917 0.445859 0.539028 0.446865 0.537194 0.447906 0.534972 0.448638 0.535898 0.448456 0.537194 0.446995 0.541315 0.448047 0.545463 0.449065 0.547468 0.449169 0.551065 0.449344 0.552116 0.449867 0.552861 0.451263 0.552611 0.452690 0.554102 0.457956 0.562032 0.458654 0.555032 0.456422 0.551190 0.455237 0.549806 0.454698 0.550667 0.453940 0.550861 0.452862 0.549806 0.452052 0.548556 0.450971 0.546634 0.450161 0.545005 0.449674 0.543565 0.450161 0.540014 0.449414 0.537366 0.449622 0.536870 0.449555 0.535319 0.448716 0.534144 0.448526 0.533278
10 0.437318 0.515417 0.441234 0.522269 0.441651 0.523704 0.441339 0.523750 0.440193 0.523519 0.439698 0.523843 0.439646 0.524583 0.442771 0.528935 0.442927 0.529352 0.443576 0.529560 0.447042 0.530139 0.446104 0.527639 0.444724 0.523889 0.443969 0.521759 0.442641 0.519537 0.439359 0.514120 0.437146 0.510833
2 0.427352 0.509611 0.428862 0.509750 0.429643 0.509935 0.430763 0.510630 0.431753 0.511417 0.432299 0.511741 0.432945 0.511940 0.434206 0.510199 0.435047 0.511361 0.435279 0.512852 0.435396 0.514815 0.435326 0.516588 0.435141 0.517083 0.433927 0.518079 0.432805 0.518329 0.431966 0.518162 0.431125 0.517750 0.427953 0.515759 0.427346 0.515009 0.426693 0.514347 0.427229 0.513843 0.427229 0.513426 0.427182 0.511519
10 0.431628 0.498639 0.432690 0.500403 0.433391 0.500981 0.433391 0.501315 0.432831 0.502144 0.433484 0.503639 0.434138 0.504468 0.434698 0.505213 0.435305 0.506218 0.435279 0.512852 0.435047 0.511361 0.434206 0.510199 0.433344 0.511352 0.432878 0.509861 0.432456 0.507949 0.431805 0.506542 0.430263 0.504718 0.428724 0.503556 0.427695 0.502806 0.427742 0.500648 0.428023 0.497662 0.427867 0.496171 0.428672 0.497125 0.430240 0.498162
10 0.435078 0.487093 0.436578 0.487653 0.437789 0.488153 0.439242 0.488222 0.440250 0.488222 0.441016 0.488366 0.442346 0.487366 0.443234 0.486431 0.444161 0.486144 0.445372 0.487005 0.446422 0.488222 0.446865 0.489157 0.446745 0.490880 0.446503 0.492884 0.446542 0.495037 0.446542 0.496042 0.446299 0.496472 0.444888 0.496616 0.443557 0.496185 0.441419 0.496111 0.440008 0.495681 0.438596 0.495324 0.437992 0.495324 0.436648 0.494671 0.435352 0.493477 0.434857 0.493958 0.434159 0.493889 0.433286 0.493620 0.432703 0.492426 0.432570 0.490519 0.432523 0.488130 0.433643 0.487093 0.433867 0.486773
9 0.445409 0.384181 0.445260 0.387315 0.443854 0.387991 0.443576 0.386259 0.443029 0.381676 0.442990 0.377727 0.443352 0.377153 0.443755 0.377222 0.445289 0.379167
2 0.429964 0.405185 0.429318 0.403463 0.429641 0.402171 0.430286 0.401310 0.431255 0.400736 0.432424 0.401815 0.433029 0.402745 0.434240 0.406046 0.435005 0.408338 0.435732 0.409704 0.436820 0.410491 0.439242 0.415440 0.439727 0.417301 0.438193 0.419097 0.436820 0.417875 0.432344 0.410491
2 0.384552 0.373620 0.385255 0.373667 0.385984 0.373991 0.387000 0.374917 0.388432 0.376722 0.392729 0.382324 0.392695 0.399884 0.387635 0.383755
2 0.383544 0.376944 0.383091 0.377815 0.382779 0.378495 0.382883 0.380602 0.383195 0.381787 0.383406 0.382894 0.383406 0.384259 0.383997 0.386181 0.384625 0.387231 0.387276 0.390644 0.388008 0.391634
9 0.364581 0.252731 0.363568 0.250986 0.363430 0.249750 0.367333 0.249440 0.367927 0.250926 0.367961 0.251731 0.366951 0.253032 0.369112 0.264745 0.369286 0.267597 0.368659 0.268218 0.367716 0.268403 0.366742 0.268157 0.366427 0.267847 0.366044 0.266977 0.365974 0.265801 0.365781 0.253009
2 0.372937 0.270000 0.370469 0.268889 0.369708 0.269861 0.368281 0.271944 0.370651 0.274954 0.371901 0.276250 0.372552 0.276944 0.373437 0.277176 0.374479 0.277222 0.375156 0.277222 0.375802 0.276597 0.375841 0.275088 0.375964 0.273514 0.375763 0.271718 0.375440 0.271218 0.374271 0.270431
2 0.365956 0.263384 0.363846 0.262579 0.362461 0.269009 0.364268 0.271523 0.365984 0.272704 0.368982 0.268282 0.368659 0.268218 0.367716 0.268403 0.366742 0.268157 0.366427 0.267847 0.366044 0.266977 0.365974 0.265801
2 0.478906 0.291338 0.480216 0.291338 0.480966 0.292556 0.481966 0.295333 0.482591 0.298556 0.482904 0.301778 0.483216 0.305444 0.482904 0.307551 0.481841 0.309884 0.480654 0.311884 0.479953 0.312481 0.478320 0.311731 0.475987 0.310819 0.474448 0.310736 0.472674 0.310819 0.471133 0.310986 0.468891 0.306787 0.468740 0.303056 0.468526 0.299588 0.472172 0.303241 0.475570 0.305426 0.476581 0.304269 0.477378 0.299903 0.478318 0.296176 0.478607 0.293477
10 0.368995 0.248046 0.372505 0.248542 0.372836 0.249292 0.372867 0.250199 0.372747 0.251218 0.372031 0.251778 0.371872 0.263861 0.369286 0.267597 0.369112 0.264745 0.366951 0.253032 0.367961 0.251731 0.367927 0.250926 0.367333 0.249440 0.365396 0.249556 0.365305 0.248810 0.365396 0.248324 0.365969 0.247829
10 0.382651 0.255176 0.384466 0.259083 0.386383 0.263171 0.387638 0.266148 0.379758 0.270778 0.378214 0.263361 0.378156 0.263171 0.377982 0.262181 0.378328 0.260569 0.378398 0.258028 0.381682 0.255843
9 0.375753 0.238569 0.376794 0.239866 0.377549 0.241486 0.378826 0.244310 0.374414 0.247426 0.374190 0.247042 0.372924 0.242125 0.375852 0.239875
10 0.391195 0.273102 0.392221 0.276588 0.392781 0.279157 0.393760 0.287454 0.393156 0.290028 0.392828 0.292352 0.392268 0.293843 0.390914 0.293681 0.389701 0.291852 0.388021 0.290361 0.387461 0.288204 0.388349 0.279491 0.386388 0.279324 0.384802 0.279324 0.383914 0.280486 0.383214 0.280819 0.382094 0.278079 0.385477 0.276667
9 0.387461 0.288204 0.387232 0.290069 0.386906 0.290815 0.385599 0.291565 0.384711 0.290319 0.383596 0.288069 0.383919 0.283185 0.383914 0.280486 0.384802 0.279324 0.386388 0.279324 0.388349 0.279491
2 0.395919 0.389463 0.397534 0.391903 0.398284 0.392750 0.398904 0.396472 0.398904 0.396472 0.396094 0.399954 0.395919 0.391208
9 0.377646 0.302134 0.378750 0.303565 0.379635 0.304306 0.380130 0.304907 0.381016 0.306620 0.381458 0.307176 0.382708 0.307269 0.383776 0.307037 0.384635 0.307037 0.385130 0.307083 0.385448 0.306824 0.385344 0.306019 0.385797 0.304653 0.385729 0.304398 0.385203 0.301338 0.384323 0.297593 0.384115 0.297315 0.383563 0.296806 0.382781 0.296481 0.381456 0.295944 0.380599 0.296111 0.379844 0.296250 0.378846 0.296083 0.378299 0.295667 0.377857 0.295065 0.377518 0.294648 0.377180 0.294463 0.377076 0.296130 0.377448 0.298148 0.377135 0.299583 0.377109 0.299861 0.377435 0.300634 0.377586 0.301278
9 0.375620 0.305088 0.377521 0.306153 0.377990 0.306755 0.378302 0.307495 0.377937 0.309208 0.377391 0.310412 0.376844 0.311338 0.376115 0.311616 0.374865 0.311199 0.373120 0.309856 0.374211 0.307167
2 0.381286 0.307083 0.379516 0.312917 0.378161 0.318657 0.377615 0.318750 0.376141 0.318185 0.375591 0.317722 0.375688 0.316667 0.377937 0.309208 0.378302 0.307495 0.378188 0.305509 0.378448 0.304815 0.379490 0.304259 0.379635 0.304306 0.380130 0.304907 0.381016 0.306620
2 0.377437 0.321796 0.376367 0.326287 0.374078 0.322764 0.374622 0.321282 0.375930 0.321407
2 0.375846 0.328356 0.375026 0.330741 0.374323 0.333750 0.373984 0.335417 0.373672 0.336111 0.373411 0.336250 0.372396 0.330741 0.373594 0.325787 0.373932 0.324907
1 0.377000 0.339162 0.377651 0.338977 0.378432 0.339116 0.379240 0.339440 0.380523 0.339819 0.382268 0.340005 0.383484 0.340644 0.384135 0.341060 0.384786 0.341662 0.385255 0.342588 0.386286 0.343838 0.386990 0.344255 0.387484 0.344810 0.387693 0.345505 0.387979 0.346616 0.388396 0.347218 0.388760 0.347542 0.389073 0.347958 0.389151 0.348282 0.389151 0.348699 0.389125 0.349023 0.387484 0.349255 0.387016 0.348699 0.386286 0.347681 0.385557 0.345921 0.385089 0.344440 0.384698 0.343838 0.383188 0.342449 0.382823 0.341801 0.382224 0.341509 0.380172 0.341028 0.379021 0.340829 0.378240 0.340458 0.377562 0.340366 0.376938 0.340227 0.376703 0.339810 0.376651 0.339486
9 0.385130 0.307083 0.385414 0.307505 0.384750 0.309241 0.383698 0.310370 0.382187 0.311944 0.381641 0.311852 0.381328 0.311343 0.380859 0.310509 0.380417 0.309907 0.381286 0.307083 0.381458 0.307176 0.382708 0.307269 0.383776 0.307037 0.384635 0.307037
9 0.405453 0.281560 0.405091 0.282782 0.405055 0.286750 0.404951 0.287616 0.404917 0.287991 0.402021 0.288421 0.401708 0.288111 0.401326 0.287556 0.400349 0.287556 0.399268 0.286565 0.398885 0.285449 0.399477 0.281667 0.399651 0.281171 0.400724 0.281398 0.401867 0.281560 0.402893 0.281292 0.404339 0.281343
10 0.404003 0.294856 0.405010 0.300306 0.405737 0.309847 0.405576 0.311639 0.403883 0.312931 0.403438 0.313074 0.401945 0.313361 0.400776 0.313431 0.399687 0.312644 0.399365 0.311565 0.398935 0.310639 0.398703 0.310088 0.398195 0.307838 0.397992 0.305616 0.397589 0.303963 0.397297 0.302644 0.397453 0.302269 0.397531 0.301718 0.397427 0.300509 0.396854 0.296667
2 0.469068 0.343912 0.467831 0.345889 0.467424 0.347176 0.467049 0.349079 0.467078 0.358176 0.467078 0.359255 0.467167 0.360181 0.467513 0.362287 0.467628 0.362954 0.467945 0.363417 0.468612 0.363417
2 0.455073 0.387889 0.456815 0.387819 0.458518 0.387685 0.460104 0.387546 0.462737 0.388097 0.463435 0.388370 0.464016 0.389884 0.463977 0.391125 0.463938 0.395046 0.460948 0.389412 0.459594 0.390579 0.458354 0.392028 0.458047 0.393403 0.463977 0.405574 0.463820 0.406333 0.462893 0.406606 0.462195 0.406333 0.460198 0.403782 0.456492 0.399491 0.456583 0.395389 0.456427 0.393394 0.455190 0.392361 0.454880 0.390713 0.454956 0.389269
2 0.451279 0.378255 0.454492 0.388509 0.454880 0.390713 0.455190 0.392361 0.456583 0.397042 0.456492 0.399491 0.455047 0.396995 0.453924 0.393176 0.453599 0.393014 0.453357 0.393333 0.450979 0.387472 0.451120 0.387269 0.451146 0.386898 0.451042 0.386667 0.450573 0.386620 0.449010 0.383306 0.447680 0.378792 0.447641 0.377074 0.447799 0.375778 0.448490 0.375208 0.449294 0.375208 0.449979 0.376569
9 0.445120 0.345144 0.446219 0.345949 0.447471 0.347315 0.448034 0.349106 0.448276 0.350324 0.448156 0.351329 0.447430 0.349463 0.446784 0.350829 0.446826 0.352190 0.446865 0.353051 0.446422 0.354125 0.445695 0.355204 0.445172 0.355634 0.444323 0.356134 0.444484 0.354199 0.445172 0.352690 0.444930 0.350111 0.444161 0.350037 0.443195 0.349968 0.442508 0.348819 0.443195 0.345667 0.443760 0.344444 0.444445 0.344301
9 0.431445 0.343718 0.436466 0.342171 0.438698 0.341611 0.439674 0.341861 0.439917 0.343162 0.439813 0.344648 0.439115 0.345704 0.437443 0.346014 0.436117 0.346199 0.434549 0.346324 0.433956 0.346509 0.432737 0.346755 0.431656 0.346940 0.430784 0.346569
9 0.432521 0.336699 0.434948 0.336949 0.437609 0.336866 0.439383 0.336532 0.440227 0.336699 0.440456 0.338356 0.440271 0.339935 0.439802 0.341097 0.438029 0.341347 0.435930 0.341843 0.434341 0.342176 0.433128 0.342176 0.431589 0.341843 0.431169 0.339356 0.431401 0.336449
2 0.484768 0.324644 0.482398 0.328111 0.482292 0.329537 0.482919 0.331583 0.483654 0.332639 0.484453 0.333444 0.485151 0.333630 0.485396 0.333009 0.485430 0.331583 0.486336 0.331644 0.487695 0.331148 0.488430 0.329912 0.488604 0.327991 0.487242 0.326130
2 0.484654 0.272727 0.487362 0.279199 0.490721 0.286417 0.494362 0.297204 0.496276 0.304921 0.496414 0.308736 0.496135 0.310977 0.495529 0.311310 0.494547 0.309569 0.494320 0.308407 0.489648 0.296208 0.485914 0.286417 0.481060 0.273477 0.479099 0.267255 0.478966 0.264560 0.478633 0.261111 0.481904 0.266838
2 0.490120 0.247065 0.492862 0.252083 0.494112 0.254162 0.494555 0.255380 0.495000 0.257176 0.497266 0.264301 0.497669 0.265380 0.498596 0.265949 0.500049 0.266380 0.500453 0.266810 0.500857 0.267458 0.501784 0.269606 0.502068 0.270898 0.501987 0.271833 0.501138 0.273194 0.500130 0.274343 0.499242 0.275273 0.499323 0.276347 0.500453 0.276278 0.501865 0.276778 0.503115 0.277569 0.503479 0.278500 0.502914 0.279935 0.502148 0.280366 0.501099 0.280653 0.500411 0.280653 0.499203 0.280366 0.498919 0.281657 0.498799 0.282444 0.498435 0.284380 0.497750 0.284667 0.495654 0.277926 0.493273 0.268463 0.490852 0.255269 0.489844 0.248741
2 0.488268 0.246759 0.489141 0.255991 0.490745 0.265106 0.491685 0.268764 0.491544 0.269694 0.491026 0.270065 0.489664 0.268949 0.489104 0.266718 0.488094 0.262319 0.487117 0.252028 0.487258 0.247815 0.487503 0.247009
9 0.399596 0.398356 0.400633 0.403250 0.399646 0.403528 0.399023 0.404171 0.397987 0.406014 0.396094 0.403796 0.396130 0.402588
2 0.398201 0.408472 0.398435 0.410694 0.399008 0.412917 0.399919 0.416065 0.400518 0.417454 0.401221 0.419120 0.401560 0.419907 0.402115 0.415880 0.401482 0.415185 0.400849 0.413954 0.400490 0.412829 0.399674 0.411273 0.399133 0.409991 0.398951 0.409130 0.398922 0.408435 0.398922 0.408435
9 0.397987 0.407306 0.398818 0.406106 0.399956 0.404634 0.400734 0.404542 0.401328 0.405278 0.401719 0.406481 0.401792 0.407162 0.401299 0.406750 0.400375 0.406852 0.399016 0.407264
9 0.401646 0.407625 0.402031 0.408704 0.402786 0.410509 0.402206 0.414810 0.401120 0.412505 0.399826 0.409616 0.399130 0.408088 0.400026 0.407880 0.401096 0.407727
2 0.402943 0.422782 0.404089 0.425514 0.406078 0.430921 0.406409 0.431833 0.409396 0.435505 0.409034 0.434426 0.406654 0.427111 0.404474 0.422454 0.404193 0.421088 0.403273 0.421597 0.402914 0.421977
2 0.407057 0.409028 0.408927 0.411199 0.409089 0.412736 0.409682 0.415421 0.410060 0.418111 0.410169 0.419454 0.410169 0.421185 0.411951 0.421472 0.412977 0.421662 0.414187 0.424032 0.413982 0.425829 0.414047 0.427565 0.415063 0.429671 0.415586 0.432032 0.415721 0.433579 0.415617 0.434440 0.414818 0.436926 0.414711 0.437167 0.413490 0.438903 0.412919 0.439722 0.409841 0.436005 0.410081 0.435935 0.410161 0.435144 0.409841 0.434282 0.408831 0.430625 0.407219 0.426181 0.405807 0.422810 0.404839 0.420657 0.405594 0.420032 0.405893 0.419282 0.406255 0.418319 0.406346 0.417194 0.406315 0.416338 0.405805 0.414194 0.405398 0.412500 0.406815 0.414588 0.407359 0.415181 0.407961 0.415287 0.408352 0.414375 0.408352 0.413306 0.408203 0.412231 0.407870 0.410731
2 0.418875 0.418843 0.419016 0.420500 0.418875 0.421662 0.418409 0.423986 0.417943 0.425727 0.417383 0.427222 0.417148 0.428713 0.418875 0.433694 0.419109 0.439583 0.419109 0.441657 0.418687 0.442486 0.417661 0.445060 0.417430 0.445639 0.417430 0.448380 0.416870 0.450370 0.416122 0.452028 0.415049 0.453023 0.414021 0.453023 0.412622 0.452528 0.412016 0.451699 0.412529 0.448046 0.413229 0.445889 0.414443 0.444065 0.415422 0.443481 0.415841 0.442653 0.417008 0.441324 0.416914 0.438088 0.416635 0.436347 0.416354 0.435602 0.416029 0.434852 0.415721 0.433579 0.415586 0.432032 0.415063 0.429671 0.414047 0.427565 0.413982 0.425829 0.414187 0.424032 0.414349 0.422741 0.414909 0.421829 0.416029 0.420500 0.416263 0.419755
10 0.460393 0.564870 0.461227 0.567000 0.462529 0.568806 0.463284 0.569176 0.463003 0.568093 0.462016 0.562278 0.461435 0.559361 0.460576 0.557926 0.460521 0.564398
2 0.509021 0.380528 0.511219 0.386417 0.511880 0.386912 0.512544 0.388338 0.513938 0.393356 0.514115 0.394829 0.514708 0.398477 0.514844 0.400051 0.512091 0.402407 0.509823 0.395898 0.508953 0.392921 0.508953 0.391250 0.509021 0.389079 0.508010 0.387468 0.507419 0.386972 0.506888 0.386037 0.506846 0.385394 0.506826 0.385116 0.507521 0.384981 0.508271 0.384537 0.508521 0.382875 0.508708 0.381208
2 0.450182 0.499602 0.450641 0.506944 0.452432 0.519204 0.454357 0.528120 0.455297 0.528199 0.455656 0.528681 0.456284 0.531944 0.456193 0.533139 0.455924 0.534491 0.458388 0.544366 0.462016 0.562278 0.463003 0.568093 0.463896 0.571671 0.464523 0.577324 0.465151 0.581704 0.468331 0.597949 0.471466 0.610370 0.474557 0.617694 0.475182 0.620801 0.476661 0.624699 0.478945 0.631625 0.480021 0.633935 0.482164 0.637843 0.483693 0.639903 0.486336 0.640944 0.492336 0.640704 0.498203 0.642616 0.502234 0.645241 0.506534 0.646435 0.509802 0.646356 0.513565 0.646676 0.525388 0.643889 0.536138 0.639588 0.537258 0.638792 0.538664 0.637755 0.538904 0.636685 0.539385 0.636792 0.540122 0.636644 0.542901 0.635449 0.553648 0.629954 0.554724 0.629319 0.551768 0.606944 0.549664 0.589269 0.547872 0.579796 0.544917 0.571435 0.540841 0.565463 0.536182 0.553042 0.534044 0.549755 0.531669 0.545889 0.528479 0.539505 0.527987 0.536481 0.527047 0.532898 0.526599 0.529954 0.525479 0.526926 0.524716 0.525176 0.523016 0.514824 0.519969 0.503519 0.520148 0.500014 0.519477 0.495634 0.518805 0.492690 0.520372 0.493009 0.521896 0.493088 0.523060 0.493088 0.525255 0.493329 0.526419 0.492370 0.527271 0.490861 0.527896 0.488389 0.528523 0.487116 0.529060 0.486481 0.529331 0.485125 0.528299 0.483616 0.526687 0.483296 0.515805 0.482023 0.508638 0.480829 0.503039 0.478838 0.500219 0.477801 0.497141 0.476764 0.493245 0.475722 0.485081 0.475176 0.483281 0.474829 0.482297 0.475199 0.474557 0.475810 0.466898 0.477083 0.462643 0.478597 0.458792 0.482338 0.455164 0.484491 0.454000 0.485444 0.453552 0.486319 0.451974 0.488375 0.451393 0.490685 0.450362 0.495463
17 0.510534 0.444069 0.510687 0.444917 0.509885 0.446032 0.509781 0.446898 0.509469 0.448944 0.509328 0.456880 0.509365 0.459481 0.509638 0.463514 0.509596 0.466310 0.510130 0.475222 0.510130 0.476713 0.510305 0.477704 0.512536 0.477394 0.514490 0.478199 0.515534 0.479870 0.516302 0.480801 0.516859 0.479870 0.518602 0.474356 0.518987 0.474667 0.519961 0.470884 0.520799 0.469088 0.521669 0.469028 0.525714 0.470884 0.527214 0.471444 0.528956 0.472560 0.530839 0.474231 0.531919 0.474912 0.530664 0.471134 0.528224 0.463880 0.525784 0.460102 0.522961 0.457250 0.520521 0.454894 0.519786 0.452231 0.521042 0.450431 0.522401 0.449130 0.522297 0.447769 0.520206 0.446032 0.517695 0.443676 0.517172 0.442065 0.516789 0.439898 0.517172 0.439463 0.518638 0.440204 0.519612 0.440579 0.520031 0.440019 0.519578 0.439153 0.518497 0.438282 0.517557 0.437977 0.517070 0.437625 0.514654 0.437463 0.513219 0.438894 0.512326 0.440167 0.511161 0.442241
17 0.524706 0.441532 0.525784 0.441880 0.526482 0.442375 0.527492 0.443120 0.528154 0.443741 0.528922 0.444606 0.529654 0.445907 0.530385 0.447273 0.530909 0.448574 0.531641 0.452602 0.530315 0.455764 0.529201 0.455454 0.526669 0.447829
10 0.347159 0.194903 0.350398 0.190764 0.359904 0.177144 0.361797 0.174454 0.362659 0.172051 0.363844 0.169069 0.365464 0.167542 0.366115 0.167630 0.375026 0.159472 0.384417 0.146514 0.385987 0.147185 0.386638 0.148343 0.388474 0.147093 0.390201 0.146801 0.390953 0.148727 0.391279 0.151796 0.396896 0.164560 0.396461 0.166000 0.393872 0.168310 0.393464 0.166847 0.392010 0.167421 0.391768 0.168060 0.391568 0.168926 0.391487 0.169574 0.391365 0.170722 0.380211 0.184917 0.376617 0.188264 0.375596 0.189287 0.365737 0.203537 0.356247 0.216065 0.350844 0.209319 0.348987 0.207171 0.348383 0.207458 0.347859 0.204977 0.347109 0.199412 0.346784 0.195569
2 0.522617 0.513176 0.528284 0.515907 0.526326 0.521102 0.523763 0.519546 0.523016 0.514824
2 0.529055 0.516532 0.529602 0.516347 0.529810 0.516856 0.529888 0.518060 0.529654 0.519495 0.529523 0.520838 0.529263 0.521810 0.528794 0.522227 0.528065 0.522227 0.527492 0.521810 0.527180 0.521255 0.527911 0.519662
2 0.535815 0.498958 0.535255 0.500616 0.535161 0.502616 0.534789 0.503519 0.533714 0.502028 0.532969 0.501954 0.531708 0.503106 0.531427 0.504847 0.532081 0.506921 0.533995 0.508176 0.532969 0.513981 0.533060 0.517468 0.533341 0.520537 0.533435 0.523019 0.535534 0.525176 0.538148 0.525755 0.541648 0.526588 0.537961 0.501282 0.537122 0.499287
2 0.479151 0.661306 0.479852 0.661722 0.480924 0.662218 0.481719 0.662056 0.483352 0.662551 0.484240 0.664375 0.486245 0.670435 0.486479 0.671759 0.486245 0.673255 0.485453 0.675079 0.480448 0.673542 0.479010 0.672093 0.478404 0.670847 0.477143 0.668606 0.477143 0.666037 0.477378 0.663130 0.478357 0.661889
2 0.487318 0.661556 0.488112 0.660977 0.489607 0.659977 0.490586 0.659565 0.491380 0.659565 0.492500 0.660977 0.493013 0.661639 0.493898 0.661889 0.494320 0.663130 0.493872 0.663972 0.493628 0.666120 0.493628 0.668060 0.496815 0.665407 0.497060 0.665083 0.496727 0.667602 0.496247 0.669204 0.495010 0.670227 0.493896 0.671139 0.492724 0.672157 0.491878 0.672583 0.491846 0.673713 0.491878 0.674782 0.491245 0.675588 0.490310 0.675213 0.489797 0.673602 0.489979 0.671727 0.488620 0.670491 0.487841 0.669852 0.486964 0.669157 0.485880 0.667440 0.485701 0.666102 0.485909 0.664227 0.486727 0.661977
2 0.446539 0.606028 0.445333 0.604181 0.444727 0.603532 0.444042 0.603676 0.442669 0.604898 0.442107 0.605398 0.441177 0.605685 0.440451 0.606977 0.439766 0.608338 0.439646 0.609417 0.440250 0.610634 0.440531 0.612139 0.441500 0.613144 0.442346 0.612713 0.443680 0.611708 0.445172 0.609991 0.445898 0.609273 0.446461 0.608625 0.446896 0.606986
2 0.467404 0.632486 0.468372 0.634421 0.469221 0.636069 0.469906 0.638435 0.470471 0.640514 0.470633 0.642236 0.471036 0.643097 0.472083 0.642810 0.473052 0.641231 0.473456 0.640157 0.473333 0.638222 0.473214 0.635139 0.472810 0.632769 0.471802 0.630977 0.470995 0.629972 0.469826 0.630477
2 0.431831 0.456833 0.430375 0.460319 0.431107 0.461681 0.434805 0.466764 0.435328 0.466574 0.435812 0.465394 0.436443 0.463912 0.436685 0.462551 0.436372 0.460690 0.435047 0.458764 0.434557 0.457032 0.434070 0.456227 0.433339 0.456227 0.432677 0.456593
2 0.444302 0.458000 0.444995 0.458056 0.446440 0.458912 0.447766 0.460037 0.448099 0.460463 0.448128 0.462125 0.447586 0.463412 0.446833 0.464963 0.446380 0.465713 0.445174 0.465023 0.443940 0.464588 0.442583 0.463519 0.443089 0.460542 0.444060 0.458074
2 0.425779 0.368097 0.426104 0.369176 0.426898 0.371495 0.428227 0.372727 0.426479 0.375977 0.425219 0.377472 0.423958 0.378634 0.423630 0.379380 0.422792 0.379875 0.422091 0.379463 0.421766 0.378051 0.421018 0.376477 0.420458 0.374731 0.421018 0.373324 0.424099 0.369671
2 0.451760 0.332639 0.452211 0.334995 0.452753 0.337139 0.453357 0.339065 0.453898 0.341264 0.453779 0.342764 0.453628 0.343889 0.454773 0.346458 0.454862 0.347315 0.454531 0.348657 0.453688 0.349727 0.452753 0.349514 0.452120 0.349514 0.449409 0.342870 0.449529 0.340995 0.449740 0.338907 0.449409 0.336870 0.449409 0.335639 0.449891 0.334245 0.451276 0.332745
2 0.504406 0.456306 0.506125 0.466005 0.505943 0.467181 0.505099 0.467824 0.503924 0.468412 0.502870 0.468630 0.502208 0.468519 0.501906 0.467236 0.500805 0.459648 0.500792 0.458023 0.501393 0.457593 0.502659 0.456468 0.503594 0.455880
10 0.492771 0.676921 0.496831 0.676176 0.502430 0.674681 0.512279 0.672440 0.513211 0.671944 0.513818 0.670782 0.515266 0.670449 0.518440 0.670449 0.523107 0.668958 0.524208 0.668634 0.524909 0.671704 0.525448 0.673236 0.525286 0.674773 0.524961 0.675565 0.519779 0.678514 0.514430 0.680731 0.510005 0.681875 0.505682 0.680727
2 0.495240 0.398565 0.496500 0.399111 0.498227 0.399208 0.499362 0.397958 0.499846 0.396810 0.500117 0.398153 0.501682 0.409194 0.501953 0.410727 0.501414 0.412745 0.495419 0.412551 0.494232 0.412458 0.494016 0.410153 0.493367 0.407079 0.493042 0.404009 0.492664 0.401606 0.492880 0.400458 0.493625 0.400472 0.494477 0.399440
10 0.528057 0.642648 0.526797 0.651440 0.525677 0.656583 0.524510 0.661653 0.523951 0.662727 0.523810 0.664468 0.524208 0.668634 0.524909 0.671704 0.525958 0.672690 0.526706 0.672597 0.527357 0.671602 0.528151 0.669199 0.526797 0.661481 0.527313 0.658824 0.529318 0.648370 0.529458 0.646630 0.529552 0.642148
10 0.541633 0.544954 0.542065 0.546685 0.542927 0.547838 0.543953 0.548125 0.544927 0.549755 0.545521 0.553213 0.545737 0.559259 0.545898 0.573755 0.544917 0.571435 0.541685 0.566843 0.540714 0.556764 0.541146 0.547931
