11 0.435362 0.390444 0.434536 0.390884 0.432406 0.397843 0.429406 0.404838 0.424818 0.416759 0.429307 0.429088 0.432945 0.431917 0.436698 0.421606 0.436242 0.410287 0.441359 0.408671 0.443859 0.400384 0.442268 0.397958
6 0.404440 0.350495 0.415128 0.357051 0.449664 0.379412 0.448315 0.386472 0.417435 0.365819 0.407469 0.359611
6 0.450440 0.380606 0.457120 0.384736 0.458378 0.392995 0.453247 0.389727 0.451701 0.385940 0.449667 0.384394
6 0.467281 0.391444 0.478120 0.398329 0.474828 0.403491 0.468443 0.399190
6 0.478120 0.398329 0.480346 0.401769 0.478990 0.406931 0.471539 0.417769 0.469990 0.410199 0.474828 0.403491
6 0.617654 0.597542 0.622781 0.613718 0.621719 0.622148 0.617169 0.609588 0.615911 0.599435
6 0.617654 0.587565 0.623461 0.606319 0.622781 0.613718 0.617654 0.597542 0.618234 0.596338 0.618039 0.592727 0.616878 0.592727 0.615620 0.595995 0.614458 0.589801
6 0.621138 0.586875 0.624427 0.599435 0.623169 0.604769 0.617654 0.587565
6 0.625492 0.602190 0.630427 0.618532 0.628008 0.620597 0.624427 0.609417
6 0.624331 0.610792 0.627138 0.621287 0.626073 0.623181 0.624042 0.616639 0.623750 0.614750
6 0.630523 0.608037 0.633815 0.619051 0.632943 0.620255 0.630427 0.618532 0.627523 0.608727
6 0.578169 0.516407 0.586878 0.533782 0.585909 0.537051 0.583297 0.537912 0.576523 0.524662
6 0.579328 0.511588 0.585232 0.525523 0.585812 0.531546 0.578169 0.516407 0.578789 0.512889
6 0.568878 0.508833 0.559490 0.520708 0.560844 0.526384 0.571104 0.513653
6 0.574781 0.501611 0.572458 0.504704 0.575362 0.510556 0.576523 0.504361
6 0.559104 0.493694 0.558716 0.504019 0.559161 0.506273 0.561909 0.506426 0.562682 0.503847 0.562682 0.495069 0.561232 0.492491
6 0.565781 0.501435 0.565297 0.512278 0.562297 0.517440 0.561039 0.514685 0.561523 0.510898 0.561909 0.506426 0.562682 0.503847 0.562682 0.495069
6 0.558039 0.512449 0.561328 0.512449 0.561039 0.514685 0.562297 0.517440 0.559490 0.518986
6 0.559161 0.506273 0.561328 0.512449 0.558039 0.512449 0.556474 0.504681
6 0.545940 0.501782 0.550005 0.525009 0.553297 0.528620 0.554747 0.524662 0.549813 0.501093 0.548555 0.499199
6 0.554070 0.512963 0.552909 0.512963 0.552909 0.516060 0.554070 0.521051 0.555521 0.519676
6 0.562974 0.536019 0.569651 0.537222 0.568586 0.543074 0.564135 0.542556 0.563516 0.539602
6 0.554263 0.534296 0.558523 0.534986 0.559682 0.541523 0.550682 0.539116
6 0.544586 0.539630 0.551070 0.531375 0.553297 0.528620 0.556393 0.524491 0.557326 0.528194 0.557844 0.530685 0.554263 0.534296 0.550682 0.539116 0.547297 0.542556
6 0.426253 0.345028 0.432635 0.351407 0.440005 0.358856 0.441443 0.360074 0.441378 0.365412 0.438633 0.365190 0.426388 0.353296 0.421763 0.347852
6 0.415760 0.351500 0.413260 0.355944 0.415128 0.357051 0.417635 0.358597 0.421195 0.351500 0.421763 0.347852
6 0.410388 0.361843 0.409201 0.365509 0.411255 0.371727 0.413885 0.367287 0.414755 0.364407 0.410576 0.361509
6 0.418409 0.385625 0.417971 0.394065 0.419721 0.398620 0.420409 0.389287 0.423034 0.393176 0.425721 0.392287 0.423471 0.388398 0.420846 0.385292
6 0.420159 0.391287 0.423034 0.393176 0.432406 0.397843 0.429406 0.404838 0.419721 0.398620
6 0.438984 0.380278 0.436810 0.388773 0.435362 0.390444 0.433266 0.387875 0.433266 0.385819 0.434568 0.382218 0.435940 0.378106
6 0.446141 0.353213 0.442310 0.364653 0.441732 0.369537 0.444911 0.371079 0.448021 0.360023 0.448599 0.354625
6 0.440141 0.341134 0.448021 0.347944 0.448167 0.353986 0.440648 0.347046 0.438622 0.345375
6 0.456135 0.416778 0.454828 0.419889 0.455453 0.424333 0.472385 0.428778 0.489568 0.434773 0.506120 0.440662 0.510687 0.441551 0.509687 0.437884 0.507000 0.433551 0.490193 0.428000 0.475760 0.423111
2 0.539979 0.493111 0.539109 0.494829 0.535914 0.503606 0.535469 0.504630 0.534870 0.504676 0.534740 0.506065 0.533229 0.507083 0.532383 0.506704 0.531802 0.507560 0.531609 0.509111 0.532672 0.511690 0.533352 0.512722 0.532383 0.514444 0.533737 0.519088 0.534510 0.522704 0.534852 0.525111 0.536883 0.517194 0.541237 0.498958 0.541576 0.497065 0.541479 0.492079
10 0.446169 0.166843 0.444979 0.168954 0.444555 0.171523 0.446677 0.176958 0.449734 0.187074 0.451792 0.188264 0.457719 0.187222 0.472753 0.167597 0.476349 0.163412 0.478768 0.160833 0.479206 0.157931 0.478698 0.156120 0.477083 0.151894 0.472922 0.142231 0.470544 0.138000 0.468505 0.138606 0.467232 0.139662 0.466807 0.139208 0.466891 0.136343 0.466297 0.134681 0.465362 0.132565 0.464344 0.131810 0.463240 0.131662 0.461797 0.133171 0.461117 0.134681 0.460693 0.136644 0.460521 0.139060 0.461625 0.141324 0.462560 0.142833 0.464003 0.144042 0.464513 0.145398 0.464599 0.145852 0.450924 0.161556 0.449820 0.161856 0.449990 0.158537 0.448885 0.155065 0.447526 0.153556 0.445745 0.153556 0.444385 0.155213 0.443789 0.156875 0.443281 0.159745 0.443620 0.161856 0.444299 0.163366 0.445490 0.164880 0.446508 0.165181
2 0.439891 0.298366 0.442609 0.297213 0.463857 0.294449 0.463857 0.311954 0.463857 0.319097 0.462674 0.319718 0.440029 0.323162 0.440029 0.331593 0.439544 0.334171 0.438286 0.334514 0.439500 0.307810
10 0.465693 0.276722 0.464047 0.278444 0.462404 0.280852 0.461146 0.282917 0.459984 0.285671 0.459789 0.287907 0.460661 0.294792 0.463857 0.294449 0.463854 0.305972 0.466758 0.307176 0.468201 0.307787 0.468708 0.307787 0.470667 0.309190 0.472107 0.310356 0.475503 0.310097 0.474654 0.305819 0.474654 0.303806 0.474974 0.301894 0.475951 0.300931 0.478971 0.301310 0.479677 0.302375 0.479547 0.305208 0.480633 0.303032 0.481789 0.301611 0.482367 0.302519 0.483232 0.301491 0.484396 0.300074 0.484974 0.298912 0.485984 0.296736 0.486273 0.294926 0.482654 0.297884 0.482654 0.299560 0.482297 0.299815 0.480779 0.296602 0.485909 0.291333 0.487862 0.289657 0.486258 0.285273 0.483346 0.280579 0.479784 0.277032 0.476706 0.276347 0.472604 0.276069 0.468878 0.276069
9 0.397581 0.229292 0.400195 0.231185 0.402615 0.230838 0.404161 0.228431 0.406195 0.228602 0.407357 0.229292 0.408130 0.231009 0.409000 0.233593 0.409484 0.236343 0.409484 0.239611 0.408904 0.245292 0.408419 0.246838 0.407260 0.248042 0.403388 0.249074 0.399518 0.249935 0.394484 0.251315 0.396516 0.244088 0.397292 0.238926
2 0.417008 0.241505 0.417875 0.238037 0.418742 0.237394 0.419539 0.238681 0.418164 0.243560 0.416357 0.251250 0.414839 0.256259 0.413708 0.259792 0.411701 0.260069 0.411198 0.259792
2 0.417625 0.170509 0.415833 0.168519 0.416596 0.179389 0.416510 0.183014 0.416255 0.184671 0.415917 0.186486 0.414362 0.202819 0.413172 0.208106 0.410570 0.214505 0.418409 0.210324 0.419193 0.206343 0.421768 0.208134 0.423000 0.204551 0.424792 0.207338 0.424612 0.205329 0.424104 0.193704 0.424188 0.190380 0.426383 0.190139 0.424703 0.187352 0.416193 0.173815
2 0.397221 0.213042 0.397367 0.206741 0.398451 0.204685 0.401414 0.205458 0.404523 0.209056 0.404161 0.217153 0.402185 0.218046 0.402857 0.222625 0.406477 0.220880 0.406672 0.223255 0.407104 0.224671 0.410018 0.229106 0.409000 0.233593 0.408130 0.231009 0.407357 0.229292 0.406195 0.228602 0.404161 0.228431 0.402615 0.230838 0.401523 0.229273
2 0.390953 0.267417 0.389500 0.269139 0.388435 0.267074 0.386792 0.267074 0.386792 0.268792 0.384565 0.270514 0.382823 0.273093 0.388049 0.290301 0.391534 0.303889 0.392755 0.306093 0.392643 0.301315 0.396451 0.298528 0.396117 0.294944 0.395339 0.288032 0.395206 0.282278 0.394687 0.277444
2 0.601953 0.636787 0.596432 0.646454 0.593924 0.650616 0.595096 0.651213 0.600031 0.644671 0.602456 0.640356 0.603961 0.637532 0.603628 0.636787
2 0.471422 0.224662 0.468229 0.217954 0.464260 0.211759 0.463003 0.201102 0.464531 0.199894 0.466229 0.201403 0.469456 0.197931 0.471581 0.196116 0.472651 0.194037 0.471781 0.191972 0.471781 0.190819 0.474094 0.190440 0.474461 0.188255 0.474964 0.187602 0.475904 0.187347 0.476339 0.185162 0.477133 0.184782 0.477859 0.186449 0.478672 0.184574 0.481865 0.183199 0.482406 0.181958 0.487034 0.180153 0.488987 0.179120 0.486279 0.184903 0.483279 0.188343 0.482591 0.188792 0.481526 0.189787 0.480839 0.193574 0.479773 0.196343 0.476773 0.203120 0.472846 0.210449 0.471654 0.209454 0.470531 0.209454 0.469719 0.209903 0.469651 0.211449 0.470531 0.211898 0.471346 0.213463 0.471964 0.213463 0.473339 0.214338 0.473591 0.215458 0.472003 0.217042 0.471346 0.218329 0.472148 0.219227 0.472719 0.221014 0.473086 0.222444 0.473086 0.223199 0.472148 0.222940
2 0.480346 0.154560 0.478112 0.151394 0.477083 0.151894 0.478698 0.156120 0.479206 0.157931 0.480315 0.160787 0.482065 0.164116 0.484737 0.171023 0.487161 0.169833 0.489422 0.178157 0.490836 0.175903 0.493023 0.171810 0.491747 0.169833 0.491661 0.167750 0.490659 0.166856 0.489656 0.165370 0.488568 0.165370 0.488901 0.168491 0.488148 0.168644 0.487815 0.166264 0.483826 0.160806 0.482266 0.158264
2 0.551128 0.297111 0.560469 0.309097 0.569279 0.321074 0.565141 0.336171 0.561109 0.353093 0.557747 0.369676 0.556047 0.367315 0.555820 0.365296 0.555805 0.363917 0.558781 0.350009 0.560125 0.345032 0.561245 0.338861 0.563596 0.329903 0.557773 0.315769 0.555000 0.320338 0.554224 0.312597 0.552289 0.303134
2 0.491294 0.625639 0.501729 0.619218 0.518948 0.696384 0.520693 0.704194 0.522628 0.711611 0.533456 0.759245 0.532534 0.763852 0.529823 0.769630 0.520612 0.773981 0.501427 0.675157
2 0.635818 0.711593 0.637271 0.715037 0.637656 0.718134 0.635529 0.721403 0.629914 0.728111 0.625826 0.732208 0.627917 0.727301 0.634357 0.714810
2 0.609841 0.516426 0.607042 0.517421 0.607208 0.520588 0.608104 0.520588 0.613591 0.540894 0.613255 0.550648 0.614745 0.551444 0.614745 0.538542 0.614555 0.536315 0.614656 0.535458
2 0.566990 0.670204 0.566039 0.670250 0.565133 0.677852 0.571482 0.684069 0.575812 0.687366 0.580940 0.692593 0.587805 0.697426 0.592859 0.700190 0.597344 0.702153 0.603482 0.703875 0.604622 0.703944 0.607982 0.703546 0.610445 0.703944 0.610781 0.696778 0.598229 0.689315 0.598901 0.681352 0.598169 0.681306 0.597221 0.687921 0.576953 0.675579 0.572810 0.670801 0.570570 0.669606
10 0.513453 0.230787 0.537612 0.245551 0.537911 0.260208 0.537763 0.264472 0.538214 0.266069 0.538214 0.270333 0.538167 0.272389 0.536651 0.270074 0.535781 0.270718 0.536432 0.273417 0.537661 0.280741 0.538385 0.284343 0.537966 0.286444 0.536031 0.282833 0.533612 0.278014 0.532451 0.274056 0.530997 0.270963 0.529740 0.270787 0.528289 0.271648 0.527120 0.272199 0.525172 0.270870 0.522474 0.269005 0.519625 0.268204 0.516203 0.268593 0.514758 0.267171 0.513018 0.266148 0.511573 0.266009 0.510852 0.264606 0.509620 0.263185 0.509331 0.261509 0.509263 0.259713 0.508534 0.257403 0.507456 0.256120 0.506799 0.255352 0.507310 0.252903 0.506156 0.252389 0.505424 0.254324 0.504924 0.255986 0.505357 0.261255 0.504846 0.261509 0.504346 0.258565 0.503190 0.258431 0.503768 0.265120 0.501635 0.258611 0.501487 0.255144 0.500737 0.251681 0.499237 0.250083 0.500888 0.241023 0.501646 0.241009 0.502458 0.240782 0.504211 0.239787 0.504703 0.238116 0.506203 0.235329 0.508518 0.232884 0.509388 0.234454 0.510521 0.234454 0.511701 0.234005
2 0.524643 0.219690 0.526568 0.226829 0.527906 0.232926 0.528909 0.236491 0.529328 0.237981 0.529578 0.240509 0.513453 0.230787 0.515951 0.227551 0.517643 0.224111 0.518138 0.224560 0.518698 0.223889 0.518891 0.218227 0.519328 0.218005 0.520885 0.220120 0.521516 0.221222 0.523141 0.220894 0.523518 0.221787 0.524010 0.222014
2 0.494956 0.251389 0.500286 0.266977 0.502104 0.273079 0.504557 0.281560 0.506010 0.285037 0.507310 0.286968 0.507742 0.288764 0.507599 0.290819 0.507089 0.293264 0.506010 0.294412 0.504557 0.294667 0.502172 0.294546 0.501305 0.294546 0.501016 0.312546 0.500440 0.313060 0.498852 0.312921 0.497695 0.311384 0.497188 0.307787 0.497263 0.305597 0.497188 0.303032 0.496464 0.300194 0.495956 0.297764 0.495956 0.294926 0.496320 0.292870 0.496685 0.291333 0.496974 0.289532 0.497042 0.287481 0.496898 0.286060 0.495956 0.285426 0.494945 0.285940 0.493789 0.286199 0.493289 0.285940 0.492922 0.285292 0.489526 0.288764 0.487862 0.289657 0.487060 0.287282 0.488865 0.285352 0.491966 0.283681 0.494070 0.282148 0.496378 0.279060 0.499490 0.272630 0.497901 0.269028 0.492112 0.269667 0.492112 0.268648 0.494430 0.267097 0.495583 0.265306 0.495727 0.264153 0.494844 0.264690 0.494562 0.263755 0.495023 0.263014 0.494810 0.261523 0.494396 0.261083 0.493938 0.262935 0.493701 0.262458 0.493768 0.261403 0.493904 0.260032 0.494529 0.259236 0.494562 0.258296 0.493870 0.256190 0.493107 0.253579 0.492234 0.251292 0.492234 0.250556 0.492581 0.250356 0.494294 0.250792
10 0.469794 0.255745 0.467107 0.255745 0.466607 0.257519 0.466232 0.260519 0.465357 0.262185 0.463607 0.263741 0.462672 0.265296 0.462172 0.267852 0.462047 0.270519 0.462172 0.272403 0.462484 0.274069 0.463164 0.275292 0.463857 0.275736 0.464419 0.276069 0.464047 0.278444 0.465693 0.276722 0.468878 0.276069 0.472604 0.276069 0.476706 0.276347 0.479784 0.277032 0.481477 0.278625 0.494036 0.279069 0.496378 0.279060 0.499490 0.272630 0.497901 0.269028 0.492112 0.269667 0.492112 0.268648 0.494430 0.267097 0.495583 0.265306 0.495727 0.264153 0.494844 0.264690 0.494562 0.263755 0.495023 0.263014 0.494810 0.261523 0.494396 0.261083 0.493938 0.262935 0.493701 0.262458 0.493768 0.261403 0.493904 0.260032 0.482977 0.258185
2 0.480781 0.222116 0.481273 0.220343 0.482464 0.219449 0.483714 0.221222 0.484091 0.221787 0.484401 0.223009 0.483966 0.223236 0.483279 0.222787 0.484341 0.230116 0.485089 0.235671 0.485466 0.237995 0.485326 0.258440 0.482977 0.258185 0.479951 0.257245 0.481294 0.255653 0.480622 0.253065 0.479951 0.252069 0.478719 0.250676 0.479279 0.242315 0.480063 0.241917 0.480063 0.239528 0.478719 0.238333 0.479464 0.223458
2 0.416646 0.216755 0.414984 0.223051 0.413349 0.226565 0.410646 0.221972 0.410646 0.221972 0.410357 0.220995 0.411297 0.218940
9 0.429273 0.212394 0.428661 0.213389 0.428648 0.214134 0.428576 0.216060 0.430526 0.215801 0.428719 0.219403 0.428503 0.221074 0.433750 0.217370 0.432255 0.215630
2 0.455667 0.284329 0.449086 0.283468 0.448313 0.283986 0.448313 0.286222 0.448797 0.296370 0.457312 0.294824 0.456828 0.290694 0.456247 0.282264 0.455570 0.282264
2 0.455646 0.272523 0.456510 0.271338 0.458349 0.275296 0.459896 0.277704 0.460284 0.278907 0.464047 0.278444 0.462404 0.280852 0.461146 0.282917 0.459984 0.285671 0.459789 0.287907 0.460661 0.294792 0.457312 0.294824 0.456828 0.290694 0.456247 0.282264 0.459453 0.283259 0.459005 0.278491
10 0.488339 0.242106 0.490992 0.247454 0.492581 0.250356 0.492234 0.250556 0.492234 0.251292 0.493107 0.253579 0.493870 0.256190 0.494562 0.258296 0.494529 0.259236 0.493904 0.260032 0.487815 0.258903 0.486560 0.250574 0.485474 0.242694 0.487273 0.241782
2 0.497021 0.240884 0.496096 0.243287 0.496096 0.245222 0.496180 0.248194 0.496766 0.251468 0.494956 0.251389 0.500286 0.266977 0.502104 0.273079 0.502469 0.271792 0.503047 0.269995 0.503914 0.267824 0.504779 0.266403 0.504924 0.265495 0.503768 0.265120 0.501635 0.258611 0.501487 0.255144 0.500737 0.251681 0.499237 0.250083 0.500888 0.241023 0.499711 0.240884
1 0.472148 0.232269 0.475328 0.235097 0.478719 0.238333 0.480063 0.239528 0.480063 0.241917 0.479279 0.242315 0.473820 0.237028 0.472315 0.234500
2 0.464260 0.211759 0.468229 0.217954 0.471422 0.224662 0.472148 0.222940 0.473086 0.223199 0.472148 0.232269 0.469865 0.242949 0.469091 0.242606 0.467833 0.241403 0.466768 0.245014 0.464734 0.255509 0.463380 0.261875 0.462799 0.261875 0.460961 0.262565 0.459479 0.263819 0.461221 0.243690 0.462190 0.235259 0.462771 0.230097 0.463255 0.226486 0.464901 0.228032 0.466146 0.231856 0.464193 0.236611 0.464193 0.237509 0.464555 0.237639 0.466578 0.233139 0.467880 0.236866 0.468771 0.238875 0.469448 0.238356 0.467513 0.232509 0.470125 0.227861 0.469448 0.226486 0.467029 0.231306 0.465674 0.227176 0.464029 0.224940 0.464370 0.222755 0.464703 0.218292 0.464703 0.215764 0.464703 0.213981
2 0.458135 0.232231 0.456005 0.241009 0.454352 0.246273 0.455898 0.247130 0.455513 0.248681 0.454641 0.249713 0.454844 0.251500 0.455620 0.252880 0.458802 0.253671 0.460352 0.240764 0.461318 0.234227 0.460263 0.235157 0.459781 0.233611
9 0.448302 0.235310 0.451594 0.233764 0.450154 0.228440 0.449482 0.226449 0.447578 0.227444 0.447914 0.229634
9 0.452573 0.227208 0.454635 0.230542 0.455573 0.231542 0.456448 0.231542 0.457060 0.230273 0.458216 0.224458
9 0.437401 0.273806 0.439641 0.266440 0.441432 0.265644 0.442216 0.265444 0.446807 0.269227 0.446471 0.272921 0.448255 0.276894 0.454971 0.281875 0.455570 0.282264 0.455667 0.284329 0.449086 0.283468 0.448313 0.283986 0.448313 0.286222 0.448797 0.296370 0.442609 0.297213 0.442609 0.297213 0.437523 0.294088 0.437479 0.277639
2 0.446339 0.251310 0.445466 0.253551 0.445669 0.262306 0.444026 0.262824 0.443628 0.263699 0.444401 0.264731 0.447133 0.267856 0.450260 0.269537 0.450052 0.267454 0.449609 0.264491 0.449339 0.262667 0.448370 0.259056 0.447596 0.253722
9 0.429201 0.253597 0.429857 0.252231 0.430680 0.251843 0.431612 0.251551 0.431885 0.252037 0.431997 0.255741 0.430815 0.256412
2 0.449339 0.262667 0.450737 0.261292 0.452195 0.261852 0.453401 0.262644 0.453971 0.264111 0.454987 0.265009 0.455813 0.266366 0.454380 0.267208 0.455646 0.272523 0.450260 0.269537 0.449531 0.264444
9 0.440766 0.236792 0.439068 0.242681 0.435755 0.245375 0.435102 0.245491 0.438534 0.234981 0.439807 0.234468 0.441362 0.234468
9 0.477091 0.225611 0.475227 0.222588 0.472594 0.219569 0.472148 0.219227 0.471346 0.218329 0.472003 0.217042 0.476214 0.222102 0.478021 0.224931
2 0.415016 0.373755 0.411958 0.374815 0.413997 0.379644 0.415016 0.381907 0.419008 0.381005 0.423169 0.380097
9 0.416883 0.381306 0.416799 0.389157 0.414930 0.383870 0.415016 0.381907
2 0.413885 0.367287 0.424154 0.374162 0.429505 0.377787 0.431628 0.375523 0.435940 0.378106 0.432901 0.379296 0.432138 0.393338 0.431883 0.397565 0.427042 0.395000 0.427721 0.382315 0.423643 0.379148 0.417021 0.374014 0.412180 0.370236
9 0.446776 0.369380 0.445216 0.370259 0.444911 0.371079 0.442172 0.369944 0.441138 0.373977 0.444156 0.375731 0.448083 0.373657 0.447883 0.372398 0.446966 0.370296
9 0.531307 0.359843 0.527438 0.360630 0.526549 0.358602 0.525026 0.358829 0.522997 0.359389 0.521792 0.360292 0.521094 0.360968 0.520458 0.363227 0.524964 0.368551 0.526042 0.368097 0.528453 0.366407 0.530102 0.364713 0.531370 0.365616 0.532451 0.364375 0.532703 0.360292
9 0.562503 0.369366 0.562909 0.369250 0.563276 0.369644 0.563862 0.369773 0.564818 0.372644 0.565503 0.375093 0.565820 0.379940 0.564805 0.381292 0.561958 0.376009 0.559539 0.372384 0.560638 0.371606
2 0.571917 0.369181 0.577628 0.370185 0.577818 0.373014 0.577880 0.377292 0.577690 0.379106 0.577247 0.379370 0.578326 0.385421 0.579023 0.397491 0.579404 0.390148 0.579966 0.392731 0.580734 0.396250 0.580292 0.401991 0.580990 0.416213 0.581687 0.426801 0.580990 0.426704 0.577690 0.419370 0.578672 0.411986 0.578560 0.407542 0.577310 0.389134 0.576104 0.388681 0.576294 0.391060 0.575779 0.390718 0.573375 0.379208 0.571664 0.371653 0.571281 0.369181
2 0.507109 0.399074 0.507378 0.417120 0.507682 0.428676 0.506625 0.431343 0.505169 0.431009 0.505755 0.396162
2 0.507109 0.399074 0.507378 0.417120 0.507682 0.428676 0.509437 0.428787 0.510375 0.430120 0.512747 0.433231 0.513987 0.435690 0.519549 0.437255 0.518299 0.429167 0.518526 0.425528 0.518495 0.424398 0.516117 0.419111
9 0.521753 0.396801 0.521690 0.403005 0.523339 0.402440 0.525052 0.403005 0.525687 0.402329 0.525813 0.400296 0.526003 0.398042 0.525497 0.397028 0.524609 0.396352
1 0.459026 0.396241 0.449826 0.400255 0.450326 0.401296 0.459695 0.397431
2 0.458378 0.392995 0.453247 0.389727 0.451701 0.385940 0.449667 0.384394 0.449234 0.385079 0.448750 0.384792 0.448315 0.386472 0.446078 0.385148 0.445326 0.385889 0.444070 0.387079 0.443484 0.388269 0.442732 0.391245 0.442482 0.393620 0.442062 0.394514 0.441979 0.395259 0.442146 0.396000 0.442396 0.396745 0.442268 0.397958 0.443859 0.400384 0.444404 0.402694 0.444570 0.403287 0.444740 0.404032 0.445023 0.404792 0.445742 0.405519 0.447247 0.405667 0.448503 0.405519 0.450427 0.405519 0.455362 0.403287 0.457620 0.401653 0.459961 0.399125 0.459695 0.397431 0.450326 0.401296 0.449826 0.400255 0.459026 0.396241
2 0.459961 0.399125 0.456586 0.404171 0.454773 0.406505 0.453273 0.408616 0.455008 0.409528 0.464107 0.414519
2 0.503690 0.425861 0.495661 0.423185 0.495104 0.421083 0.493443 0.421981 0.491346 0.423912 0.490117 0.424556 0.488958 0.423782 0.488120 0.424287 0.487120 0.422731 0.486182 0.421620 0.485370 0.421731 0.484932 0.423509 0.484682 0.426176 0.490193 0.428000 0.492565 0.426602 0.495409 0.426602 0.497083 0.426602 0.499674 0.427199 0.504695 0.428389 0.504430 0.426481
2 0.587221 0.639250 0.590044 0.631468 0.591836 0.621315 0.591039 0.618773 0.586771 0.638662
2 0.526542 0.528745 0.523865 0.532014 0.522862 0.533801 0.522609 0.536032 0.522526 0.538111 0.523279 0.539153 0.524284 0.540046 0.525120 0.540940 0.525872 0.542574 0.527010 0.545014 0.529219 0.546736 0.529888 0.544208 0.529888 0.542574 0.531057 0.541236 0.531477 0.542278 0.531979 0.543019 0.532982 0.541977 0.533065 0.540046 0.533148 0.539005 0.531643 0.533782 0.530388 0.529935
2 0.535826 0.568981 0.534370 0.575949 0.538911 0.586347 0.543070 0.584810 0.544206 0.589514 0.545352 0.592037 0.546318 0.592037 0.547771 0.589972 0.549513 0.586532 0.547716 0.581653 0.545599 0.575556 0.545391 0.574954
2 0.537729 0.556838 0.537057 0.561019 0.536161 0.566792 0.544560 0.572366 0.540070 0.559269
2 0.546068 0.562917 0.555661 0.589116 0.555315 0.577713 0.555315 0.570870 0.556820 0.571912 0.556776 0.578912 0.558904 0.576324 0.559688 0.576324 0.560383 0.574009 0.558208 0.572370 0.552354 0.567019 0.547419 0.563005
2 0.551438 0.557352 0.549930 0.558014 0.552018 0.561963 0.555281 0.567315 0.559797 0.570884 0.560719 0.572671 0.562151 0.571546
9 0.548906 0.559444 0.547193 0.560866 0.551768 0.564787 0.549760 0.561069
10 0.492841 0.576894 0.494398 0.571389 0.498161 0.558306 0.500620 0.545963 0.499940 0.545204 0.500440 0.543870 0.501378 0.544648 0.502409 0.540519 0.502409 0.540519 0.503219 0.536194 0.505828 0.527616 0.503297 0.526634 0.502211 0.525741 0.501458 0.528269 0.501458 0.532880 0.500789 0.535106 0.484518 0.522440 0.484711 0.524329 0.500385 0.536208 0.498581 0.542319 0.497393 0.542542 0.485583 0.535097 0.485648 0.536657 0.497893 0.544880 0.497576 0.545977 0.495326 0.546648 0.493201 0.546426 0.490141 0.543866 0.485708 0.540537 0.485833 0.542648 0.490516 0.546426 0.492458 0.548236 0.493760 0.548880 0.495711 0.548750 0.497375 0.548111 0.491591 0.571241 0.491753 0.574236
10 0.480115 0.561542 0.471742 0.554435 0.468870 0.552657 0.469805 0.556102 0.478365 0.562986 0.472992 0.565097 0.473367 0.566319 0.479240 0.563764 0.480385 0.565204
10 0.506198 0.522083 0.504818 0.527315 0.503297 0.526634 0.502211 0.525741 0.501172 0.524625 0.498471 0.521653 0.495448 0.520500 0.489508 0.518204 0.488570 0.516403 0.483365 0.511005 0.483164 0.507667 0.488091 0.511648 0.488091 0.511648 0.496232 0.517306 0.503607 0.512292 0.505919 0.501884 0.507076 0.498412 0.512055 0.494926
10 0.477500 0.535833 0.474682 0.534144 0.467573 0.528787 0.464060 0.525370 0.462805 0.521056 0.462471 0.516000 0.463474 0.511986 0.467656 0.496074 0.469747 0.487449 0.471375 0.481907 0.473794 0.472963 0.474409 0.482046 0.469917 0.499199 0.477701 0.503944 0.477695 0.506185 0.469497 0.500833 0.468911 0.503806 0.467909 0.503213 0.467323 0.509903 0.465232 0.517639 0.464060 0.521801 0.464979 0.524921 0.470250 0.529236 0.474432 0.532505 0.476607 0.533843
10 0.470938 0.512403 0.476685 0.516736 0.476435 0.518069 0.470625 0.513625
10 0.470187 0.523292 0.471500 0.525954 0.473060 0.527287 0.475185 0.528176 0.475247 0.529954 0.471813 0.527954 0.470187 0.525620 0.469562 0.524065
10 0.474536 0.483690 0.473349 0.487245 0.472474 0.490801 0.472349 0.493356 0.472349 0.496019 0.472474 0.497463 0.473099 0.500130 0.473849 0.501574 0.475909 0.502796 0.475474 0.501574 0.477096 0.500796 0.476846 0.499130 0.475036 0.500574 0.474036 0.497685 0.474286 0.496796 0.474849 0.495356 0.475659 0.491690
10 0.462151 0.519602 0.460466 0.526491 0.461154 0.527375 0.462805 0.521056
10 0.462714 0.522713 0.461214 0.528931 0.461839 0.529819 0.463276 0.524380
10 0.485740 0.491468 0.489083 0.496139 0.492336 0.501407 0.491469 0.502176 0.487492 0.495366 0.485539 0.492667
10 0.495625 0.506380 0.499891 0.513190 0.499383 0.514218 0.495479 0.507921 0.494831 0.506894
10 0.483794 0.501218 0.484732 0.502565 0.485357 0.503995 0.485982 0.505671 0.485232 0.506106 0.483982 0.503565 0.483544 0.502454
2 0.490568 0.475019 0.494331 0.477847 0.499099 0.477694 0.503029 0.476208 0.507294 0.474278 0.510055 0.473088 0.510224 0.471301 0.508047 0.471449 0.503781 0.473532 0.500018 0.474278 0.497760 0.475616 0.494331 0.475616 0.490734 0.472639
2 0.488484 0.488491 0.499776 0.493694 0.502313 0.494926 0.499859 0.496375 0.488148 0.491167
2 0.493076 0.477694 0.495836 0.481560 0.497594 0.484241 0.499852 0.484833 0.505872 0.490634 0.507044 0.486620 0.508549 0.484981 0.509135 0.486319 0.508299 0.488847 0.507211 0.491375 0.505372 0.492866 0.501273 0.488995 0.504367 0.493458 0.503112 0.494204 0.499432 0.488847 0.499685 0.487361 0.496672 0.484833 0.493828 0.482157 0.492742 0.480819 0.492406 0.479630 0.491654 0.479630 0.489982 0.478440 0.490568 0.475019
10 0.489312 0.483051 0.498263 0.490486 0.499516 0.491824 0.499432 0.488847 0.500018 0.490486 0.501107 0.492417 0.503112 0.494204 0.502313 0.494926 0.495669 0.489889 0.491404 0.486917 0.488977 0.484685
10 0.499370 0.481384 0.503336 0.484870 0.506698 0.487690 0.507044 0.486620 0.507164 0.486032 0.503010 0.482380 0.500677 0.480056 0.499557 0.479644 0.499042 0.479727
10 0.508750 0.487690 0.509125 0.488106 0.509729 0.488769 0.510292 0.489597 0.509310 0.490181 0.508299 0.488847
2 0.509638 0.473417 0.508750 0.476491 0.507771 0.480639 0.507164 0.483292 0.506883 0.484954 0.506836 0.485532 0.507164 0.486032 0.508096 0.485282 0.510151 0.477569 0.510898 0.474829 0.510898 0.473583 0.510898 0.472921 0.510055 0.473088
10 0.479547 0.469694 0.484732 0.473917 0.484732 0.475028 0.481484 0.472583 0.479484 0.471139
10 0.480047 0.474806 0.484732 0.475028 0.484482 0.476472 0.480109 0.476250
10 0.480768 0.482148 0.483388 0.482815 0.483513 0.481593 0.482826 0.480926 0.481641 0.478815 0.480266 0.476926 0.480391 0.479037 0.481641 0.480148 0.482388 0.481370 0.480578 0.480593
2 0.494148 0.451236 0.498333 0.452903 0.500396 0.455458 0.504518 0.458009 0.507143 0.460231 0.508706 0.462231 0.506393 0.461565 0.499771 0.456676 0.499021 0.455898 0.497333 0.455569 0.496771 0.454681 0.495898 0.454014 0.493898 0.452792
2 0.492148 0.450125 0.489990 0.448926 0.488354 0.448181 0.487422 0.447847 0.484854 0.446602 0.482089 0.445347 0.482339 0.447014 0.482651 0.447569 0.486651 0.449236 0.492148 0.451903
2 0.482193 0.432907 0.481831 0.435347 0.480891 0.437278 0.480964 0.439333 0.479518 0.441005 0.478289 0.442546 0.477117 0.443315 0.477133 0.438435 0.479229 0.437532 0.480385 0.436250 0.480385 0.432523 0.481109 0.432009
2 0.585852 0.437134 0.588604 0.443731 0.588354 0.446856 0.587432 0.451616 0.586964 0.453727 0.584578 0.450644 0.581167 0.447616 0.585677 0.442065
2 0.484919 0.435412 0.488677 0.438884 0.489763 0.438884 0.493594 0.442222 0.492943 0.445824 0.486443 0.439384 0.486076 0.439398 0.484411 0.437597
2 0.483906 0.433741 0.482893 0.434898 0.482893 0.437856 0.482315 0.439269 0.482172 0.441968 0.481448 0.444537 0.480177 0.449870 0.478990 0.454435 0.477745 0.454477 0.478341 0.460472 0.479424 0.457005 0.481594 0.448778 0.482339 0.447014 0.482089 0.445347 0.482604 0.445310 0.483906 0.439528 0.484411 0.437597 0.484919 0.435412 0.485063 0.434514 0.484630 0.433616
2 0.507956 0.444648 0.508831 0.450870 0.509831 0.450981 0.510518 0.449759 0.511268 0.450093 0.511956 0.452759 0.512891 0.453088 0.512641 0.450537 0.513578 0.450537 0.513828 0.448648 0.514078 0.446537 0.513266 0.444981 0.512206 0.443870 0.510706 0.442981 0.510456 0.444093 0.510143 0.445315 0.509643 0.445870 0.508643 0.445537
2 0.516828 0.450981 0.515453 0.452093 0.514703 0.453310 0.514766 0.454310 0.516016 0.456088 0.516828 0.456977 0.518891 0.455644 0.519453 0.454532 0.518828 0.452866
2 0.487289 0.460051 0.482807 0.459921 0.481651 0.463519 0.481578 0.467634 0.483674 0.469690 0.485266 0.470458
2 0.494755 0.462852 0.498128 0.473718 0.498505 0.475060 0.500018 0.474278 0.503781 0.473532 0.508047 0.471449 0.508167 0.469019 0.508167 0.467477 0.503937 0.465963
9 0.509914 0.515227 0.511253 0.518500 0.511669 0.519838 0.512591 0.518204 0.512005 0.515523 0.511586 0.514185 0.510917 0.514185
2 0.507656 0.517162 0.508909 0.518648 0.508992 0.520431 0.509161 0.521921 0.509078 0.523556 0.508742 0.525338 0.508909 0.526870 0.510635 0.526787 0.510583 0.525338 0.510747 0.523514 0.510964 0.522556 0.510750 0.519690 0.510331 0.517606 0.509914 0.516866 0.509078 0.515227
2 0.512917 0.472606 0.511904 0.474921 0.511255 0.476588 0.510096 0.479287 0.509448 0.480574 0.508096 0.485282 0.508549 0.484981 0.509135 0.486319 0.508750 0.487690 0.509125 0.488106 0.509729 0.488769 0.510292 0.489597 0.512573 0.487898 0.516344 0.471384 0.515714 0.470384 0.514969 0.469162 0.513247 0.468407 0.510250 0.464852 0.509938 0.467963 0.510224 0.471301 0.510224 0.471301 0.510055 0.473088 0.510898 0.472921 0.511904 0.473273
2 0.520487 0.500880 0.520570 0.508315 0.520318 0.512625 0.520266 0.514477 0.519589 0.518954 0.519065 0.527792 0.520820 0.526157 0.521656 0.513370 0.522242 0.507273 0.521687 0.500921
6 0.432688 0.179426 0.446779 0.178940 0.446779 0.181472 0.445573 0.181375 0.445299 0.180588 0.443380 0.180977 0.443271 0.183509 0.441789 0.183912 0.441130 0.180588 0.438555 0.180491 0.438664 0.183616 0.435044 0.184106
6 0.424104 0.193704 0.424612 0.205329 0.448393 0.203213 0.463003 0.201102 0.464531 0.199894 0.466229 0.201403 0.469456 0.197931 0.471581 0.196116 0.470984 0.185699 0.451792 0.188264 0.430812 0.189926 0.424188 0.190380
6 0.492286 0.133926 0.485935 0.145213 0.486693 0.150944 0.494229 0.137884 0.495034 0.136116 0.493755 0.133250
6 0.485281 0.146565 0.480346 0.154560 0.482266 0.158264 0.485667 0.152611
6 0.478768 0.160833 0.481865 0.183199 0.478672 0.184574 0.476349 0.163412
6 0.476349 0.163412 0.468510 0.181356 0.470542 0.184111 0.477414 0.173097
5 0.522521 0.170606 0.522813 0.175079 0.523875 0.188843 0.524552 0.190736 0.524070 0.193657 0.524070 0.197102 0.524263 0.200542 0.524263 0.204843 0.524844 0.209486 0.526393 0.211551 0.526393 0.214306 0.525424 0.216028 0.524951 0.218347 0.524010 0.222014 0.523518 0.221787 0.523141 0.220894 0.521516 0.221222 0.520885 0.220120 0.519328 0.218005 0.518891 0.218227 0.518698 0.223889 0.518138 0.224560 0.517643 0.224111 0.515951 0.227551 0.513453 0.230787 0.511701 0.234005 0.510521 0.234454 0.509388 0.234454 0.508518 0.232884 0.506203 0.235329 0.504703 0.238116 0.504211 0.239787 0.502458 0.240782 0.501646 0.241009 0.499711 0.240884 0.497021 0.240884 0.493768 0.240884 0.492898 0.240662 0.491466 0.241556 0.490023 0.241884 0.488339 0.242106 0.487273 0.241782 0.486151 0.240338 0.485466 0.237995 0.485089 0.235671 0.484341 0.230116 0.483279 0.222787 0.483966 0.223236 0.484401 0.223009 0.484091 0.221787 0.483714 0.221222 0.482464 0.219449 0.481273 0.220343 0.480781 0.222116 0.479464 0.223458 0.478216 0.223889 0.473591 0.215458 0.473339 0.214338 0.471964 0.213463 0.471346 0.213463 0.470531 0.211898 0.469651 0.211449 0.469719 0.209903 0.470531 0.209454 0.471654 0.209454 0.472846 0.210449 0.476773 0.203120 0.479773 0.196343 0.480839 0.193574 0.481526 0.189787 0.482591 0.188792 0.483279 0.188343 0.486279 0.184903 0.490836 0.175903 0.493023 0.171810 0.494021 0.172134 0.494648 0.172912 0.495393 0.173463 0.495898 0.174458 0.496875 0.177245 0.498201 0.174889 0.499177 0.173407 0.499740 0.172912 0.500609 0.173338 0.501240 0.169866 0.501510 0.169245 0.501510 0.166958 0.500815 0.166338 0.500987 0.164722 0.501510 0.163481 0.502216 0.161194 0.502594 0.160144 0.502807 0.159213 0.503680 0.158338 0.504268 0.157218 0.504510 0.157167 0.511062 0.161264 0.515669 0.163741 0.517586 0.165407 0.518078 0.165597 0.519018 0.166407 0.520091 0.167954
5 0.578560 0.407542 0.578672 0.411986 0.576966 0.414412 0.573102 0.416435 0.566734 0.418051 0.564573 0.423708 0.556615 0.447157 0.550362 0.463125 0.543539 0.468787 0.541948 0.466764 0.538424 0.448574 0.535581 0.439477 0.525120 0.439273 0.519549 0.437255 0.518299 0.429167 0.518526 0.425528 0.518526 0.422699 0.517844 0.419060 0.518753 0.416028 0.520687 0.410977 0.529328 0.397028 0.538992 0.380051 0.542063 0.375403 0.544904 0.368931 0.546495 0.365699 0.554341 0.364282 0.555820 0.365296 0.556047 0.367315 0.561958 0.376009 0.570372 0.392176 0.574240 0.400060 0.575945 0.399856 0.576740 0.400264 0.577648 0.401880
6 0.368375 0.151458 0.394318 0.180644 0.389398 0.181088 0.375375 0.165676 0.366456 0.155574
6 0.399159 0.185912 0.414362 0.202819 0.413172 0.208106 0.394573 0.186667
6 0.389398 0.181088 0.379055 0.181500 0.370477 0.181352 0.369628 0.183769 0.370818 0.188898 0.392984 0.187389 0.394573 0.186667 0.399159 0.185912 0.411924 0.186032 0.415917 0.186486 0.416255 0.184671 0.416510 0.183014 0.416596 0.179389 0.406318 0.179843 0.394318 0.180644
6 0.408839 0.219787 0.410646 0.221972 0.420695 0.239194 0.430815 0.256412 0.426695 0.257699 0.418164 0.243560 0.419539 0.238681 0.418742 0.237394 0.417875 0.238037 0.417008 0.241505 0.410865 0.230713 0.407104 0.224671 0.406672 0.223255
6 0.423154 0.214259 0.424672 0.213491 0.428648 0.214134 0.428576 0.216060 0.430526 0.215801 0.428719 0.219403 0.423443 0.218630
6 0.420479 0.218759 0.420549 0.223384 0.424383 0.223514 0.428503 0.221074 0.428719 0.219403 0.423443 0.218630 0.421779 0.217347
6 0.441789 0.183912 0.442888 0.188981 0.439346 0.189111 0.438664 0.183616 0.438555 0.180491 0.441130 0.180588
6 0.445573 0.181375 0.445299 0.180588 0.443380 0.180977 0.443271 0.183509 0.442456 0.183583 0.443539 0.188852 0.447589 0.188597
6 0.438365 0.205468 0.437357 0.211042 0.440490 0.213032 0.446984 0.209250 0.444073 0.206264 0.439596 0.204671
6 0.421680 0.162667 0.418320 0.169236 0.416193 0.173815 0.424703 0.187352 0.426383 0.190139 0.430812 0.189926 0.439346 0.189111 0.435044 0.184106 0.432688 0.179426 0.424479 0.166250 0.422240 0.162667
6 0.416357 0.251250 0.414839 0.256259 0.418961 0.259088 0.425034 0.257287
6 0.396451 0.298528 0.392643 0.301315 0.392755 0.306093 0.394323 0.306292 0.397122 0.304898
6 0.447133 0.267856 0.455646 0.272523 0.459005 0.278491 0.459453 0.283259 0.454971 0.281875 0.448255 0.276894 0.446471 0.272921
6 0.513987 0.435690 0.519549 0.437255 0.525120 0.439273 0.532388 0.445204 0.535818 0.446546 0.537826 0.446991 0.538424 0.448574 0.539331 0.452639 0.537156 0.452046 0.526867 0.447139 0.519424 0.444759
6 0.551263 0.460745 0.571490 0.470727 0.570424 0.476921 0.554362 0.467801
6 0.546328 0.466426 0.553781 0.470898 0.551516 0.463227 0.551070 0.461282 0.550362 0.463125
6 0.532823 0.450991 0.539516 0.454111 0.541438 0.464222 0.533911 0.458130
6 0.507682 0.428676 0.506625 0.431343 0.507000 0.433551 0.509687 0.437884 0.520245 0.453667 0.520682 0.449782 0.521552 0.448894 0.522870 0.448338 0.520995 0.445449 0.519424 0.444759 0.513987 0.435690 0.512747 0.433231 0.510375 0.430120 0.509437 0.428787
6 0.525831 0.452106 0.533190 0.462514 0.533443 0.470843 0.531016 0.468907 0.523490 0.458796 0.524159 0.455375
6 0.534112 0.463704 0.545570 0.479315 0.548917 0.483926 0.547911 0.487792 0.549503 0.491361 0.551258 0.489278 0.553432 0.500579 0.550924 0.502662 0.535951 0.478870 0.537039 0.477236 0.537122 0.475449 0.536453 0.473815 0.534195 0.471139
6 0.483164 0.507667 0.502313 0.494926 0.514294 0.486764 0.516086 0.487361 0.516422 0.492935 0.512055 0.494926 0.488091 0.511648
6 0.468552 0.438653 0.460826 0.466917 0.452315 0.496778 0.452315 0.500162 0.454667 0.501556 0.455786 0.499963 0.470792 0.445819 0.469112 0.439250
6 0.643273 0.672875 0.644461 0.677759 0.643961 0.681083 0.650208 0.690648 0.652576 0.687986 0.652430 0.684773
6 0.635089 0.660324 0.637393 0.660102 0.638911 0.660102 0.642526 0.671796 0.643273 0.672875 0.644461 0.677759 0.643961 0.681083 0.642836 0.681870 0.641214 0.679426 0.637026 0.666764
6 0.622977 0.626449 0.633427 0.662407 0.643688 0.697847 0.641461 0.699398 0.641461 0.696472 0.640203 0.696472 0.639526 0.697505 0.638365 0.693204 0.639719 0.689417 0.638654 0.689588 0.636911 0.692685 0.635654 0.682708 0.633622 0.684944 0.634685 0.680301 0.632266 0.678750 0.631880 0.673417 0.621620 0.637977
6 0.617169 0.609588 0.621719 0.622148 0.620557 0.631954
6 0.624042 0.616639 0.626073 0.623181 0.624911 0.624556 0.625977 0.626963 0.627234 0.628338 0.627719 0.630060 0.625492 0.634532 0.622977 0.626449 0.623073 0.620426
6 0.571893 0.686171 0.561031 0.734542 0.556216 0.758032 0.556664 0.764801 0.557448 0.768185 0.559576 0.761019 0.572789 0.701500 0.575812 0.687366
6 0.561479 0.703292 0.546586 0.734542 0.551737 0.733347 0.565063 0.705481
6 0.546250 0.737329 0.546362 0.743898 0.540651 0.757037 0.536060 0.759028 0.536172 0.765597 0.529008 0.780528 0.525872 0.777741 0.541659 0.746088
6 0.527078 0.696454 0.520693 0.704194 0.522628 0.711611 0.529789 0.703352 0.529401 0.699722
6 0.648594 0.651824 0.659719 0.680671 0.659802 0.685278 0.658211 0.686171 0.656622 0.684236 0.648174 0.663569 0.645247 0.653903
6 0.639708 0.656889 0.649901 0.673079 0.656622 0.684236 0.658211 0.686171 0.658432 0.689273 0.655901 0.692486 0.652576 0.687986 0.652430 0.684773 0.642526 0.671796 0.638911 0.660102 0.637393 0.660102 0.636888 0.657273
6 0.580875 0.376606 0.602771 0.466667 0.621685 0.546588 0.632568 0.591269 0.637750 0.614301 0.635419 0.620060 0.628422 0.590347 0.626479 0.581366 0.627904 0.580907 0.625182 0.569389 0.623500 0.565014 0.620909 0.556954 0.621297 0.552574 0.619482 0.547509 0.617927 0.548199 0.608990 0.512731 0.597716 0.464130 0.592794 0.444324 0.592794 0.442019 0.590979 0.435801 0.590073 0.436264 0.579966 0.392731 0.577247 0.379370
6 0.598901 0.681352 0.621857 0.695685 0.620625 0.702454 0.618833 0.701657 0.618161 0.698870 0.615586 0.700463 0.598229 0.689315
6 0.565755 0.660847 0.589943 0.675778 0.598117 0.680954 0.597221 0.687921 0.576953 0.675579 0.572810 0.670801 0.570570 0.669606 0.566990 0.670204 0.556911 0.663236 0.548177 0.656866 0.520518 0.640546 0.510888 0.633977 0.509768 0.628005 0.538771 0.645319
6 0.618161 0.698870 0.618833 0.701657 0.620703 0.706931 0.617904 0.723852 0.615552 0.724449 0.612977 0.710912 0.615586 0.700463
6 0.631049 0.698370 0.620299 0.708722 0.618284 0.721662 0.632841 0.709120 0.634185 0.706532 0.634297 0.703745 0.633625 0.699963
6 0.630378 0.694792 0.622203 0.702352 0.622203 0.706731 0.631049 0.698370 0.631833 0.696579 0.631721 0.694394
6 0.597344 0.702153 0.607534 0.722856 0.606862 0.728630 0.602719 0.721662 0.597008 0.712704 0.591185 0.701556
6 0.609102 0.726042 0.612909 0.734005 0.614589 0.740773 0.615148 0.744157 0.613714 0.744991 0.611198 0.736731 0.608430 0.737389
6 0.610781 0.696778 0.612977 0.710912 0.615552 0.724449 0.618284 0.740574 0.616828 0.742167 0.612013 0.722259 0.610221 0.717282 0.607982 0.703546 0.610445 0.703944
6 0.604622 0.703944 0.604622 0.717282 0.607534 0.722856 0.607982 0.717083 0.608542 0.716287 0.609773 0.716486 0.610221 0.717282 0.607982 0.703546
6 0.618284 0.721662 0.622008 0.730301 0.622458 0.735366 0.621409 0.737764 0.620359 0.738296 0.615862 0.726306 0.615552 0.724449 0.617904 0.723852
6 0.643961 0.681083 0.650208 0.690648 0.650151 0.690213 0.654182 0.695981 0.649367 0.705338 0.642201 0.693398 0.633427 0.662407 0.639849 0.675681 0.641214 0.679426 0.642836 0.681870
6 0.614799 0.649537 0.625057 0.667259 0.628542 0.673625 0.628346 0.675690 0.617023 0.667083 0.612862 0.660032 0.611797 0.658829 0.611896 0.652977
6 0.621380 0.640245 0.626604 0.657449 0.631880 0.673417 0.632266 0.678750 0.628346 0.675690 0.628542 0.673625 0.625057 0.667259 0.617799 0.645579
6 0.589151 0.543727 0.606766 0.597060 0.620023 0.635773 0.619154 0.640245 0.618380 0.641968 0.616539 0.640935 0.597958 0.585019 0.589732 0.557148 0.589443 0.552157 0.587893 0.547514 0.586539 0.544931
6 0.603091 0.546648 0.598659 0.566278 0.598406 0.571778 0.600331 0.577431 0.601336 0.572222 0.604680 0.557352 0.606521 0.548880
6 0.606521 0.531481 0.606102 0.534454 0.607190 0.536241 0.605768 0.539509 0.604513 0.540995 0.603677 0.544861 0.607023 0.547093 0.608862 0.537431 0.607273 0.531481
6 0.609951 0.591468 0.614383 0.619421 0.620023 0.635773 0.620557 0.631954 0.617169 0.609588 0.615911 0.599435 0.614049 0.590278 0.611206 0.589236
6 0.538760 0.531718 0.555310 0.552880 0.579987 0.584366 0.603505 0.613440 0.609310 0.621528 0.607375 0.627551 0.582214 0.596065 0.551438 0.557352 0.541094 0.543426 0.536534 0.534644
6 0.588039 0.613958 0.581651 0.641486 0.585523 0.644065 0.591039 0.618773
6 0.589974 0.605528 0.588523 0.611204 0.591620 0.616023 0.593169 0.609829
6 0.601396 0.619977 0.597331 0.626861 0.600716 0.632366 0.604297 0.623935
6 0.606206 0.610037 0.603956 0.614259 0.606456 0.617593 0.607706 0.614704
6 0.607956 0.615148 0.606956 0.618037 0.609310 0.621528 0.609703 0.620481
6 0.611141 0.599153 0.609078 0.603597 0.611266 0.610593 0.612516 0.607931
6 0.607026 0.673449 0.609253 0.687903 0.605865 0.685495 0.603737 0.670870
6 0.598802 0.667944 0.600930 0.682398 0.605865 0.685495 0.603737 0.670870
6 0.591737 0.663815 0.594156 0.678782 0.595802 0.679472 0.595607 0.676204 0.600253 0.678611 0.598802 0.667944 0.592510 0.663301
6 0.595607 0.676204 0.595802 0.679472 0.598117 0.680954 0.598901 0.681352 0.600930 0.682398 0.600253 0.678611
6 0.609727 0.635963 0.608547 0.658278 0.608547 0.660856 0.611469 0.663144 0.611797 0.658829 0.611896 0.652977 0.613115 0.636306
6 0.609703 0.620481 0.609805 0.632125 0.609727 0.635963 0.608547 0.658278 0.606320 0.645375 0.606031 0.637116 0.607375 0.627551 0.609310 0.621528
6 0.615685 0.679801 0.618372 0.693736 0.613781 0.690352 0.612214 0.677213
6 0.546068 0.562917 0.555661 0.589116 0.556112 0.600042 0.560607 0.603505 0.566154 0.617097 0.558659 0.611769 0.547716 0.581653 0.540070 0.559269
6 0.526589 0.503838 0.534492 0.528713 0.536534 0.534644 0.540193 0.546449 0.537214 0.549903 0.531643 0.533782 0.528143 0.522495 0.525034 0.513972 0.525034 0.511671 0.525034 0.509597
6 0.572109 0.583333 0.579917 0.629620 0.574992 0.625704 0.566701 0.576875
6 0.580391 0.632625 0.581651 0.641486 0.575706 0.635449 0.575036 0.628315
6 0.573951 0.626676 0.574284 0.633963 0.571943 0.632032 0.571190 0.624000
6 0.566591 0.619690 0.570688 0.630843 0.563831 0.625935 0.561070 0.617606 0.561823 0.616565 0.562659 0.616565 0.564583 0.618944
6 0.570521 0.611213 0.571190 0.621917 0.566154 0.617097 0.565167 0.607644
6 0.566701 0.576875 0.569031 0.598977 0.569617 0.600611 0.570453 0.609532 0.565268 0.604625 0.563930 0.587227
6 0.570521 0.611213 0.572964 0.613843 0.573716 0.624106 0.571190 0.621917
6 0.566701 0.576875 0.569031 0.598977 0.569617 0.600611 0.570453 0.609532 0.572628 0.611764
6 0.577255 0.589801 0.582440 0.624894 0.583529 0.633222 0.582859 0.636639 0.581018 0.637088 0.580391 0.632625 0.579917 0.629620 0.572109 0.583333
6 0.578810 0.591764 0.580651 0.603958 0.584497 0.602917 0.583828 0.598157 0.582214 0.596065
6 0.591836 0.621315 0.593628 0.635648 0.591164 0.640426 0.590044 0.631468
6 0.590044 0.631468 0.591164 0.640426 0.588523 0.646472 0.587221 0.639250
6 0.591836 0.621315 0.593628 0.635648 0.596458 0.629611 0.596628 0.628699
6 0.593169 0.609829 0.591620 0.616023 0.596615 0.625796 0.595451 0.616352
6 0.600391 0.597884 0.595799 0.603856 0.598935 0.607639 0.603302 0.601468 0.602406 0.597486
6 0.598151 0.588329 0.596695 0.592509 0.596807 0.602662 0.600391 0.597884 0.599719 0.590718
6 0.598385 0.585995 0.598151 0.588329 0.596695 0.592509 0.594339 0.601931 0.591953 0.598977 0.595279 0.588694 0.597664 0.584199 0.597958 0.585019
6 0.610516 0.676639 0.610227 0.688593 0.609253 0.687903 0.607026 0.673449
6 0.608104 0.520588 0.613591 0.540894 0.613255 0.550648 0.612135 0.550449 0.608862 0.537431 0.607273 0.531481 0.606312 0.527356 0.607208 0.520588
6 0.626503 0.594940 0.628854 0.608273 0.630523 0.608037 0.632102 0.607880 0.631206 0.603898 0.628070 0.591954 0.627174 0.590361
6 0.607365 0.550051 0.610042 0.559866 0.607031 0.561352 0.605609 0.553028 0.606521 0.548880
6 0.610961 0.551838 0.611966 0.555556 0.610711 0.555259 0.610711 0.557338 0.610964 0.559569 0.610042 0.559866 0.607365 0.550051 0.608786 0.551394
6 0.592461 0.571866 0.594216 0.572611 0.596560 0.580343 0.594719 0.587185 0.593047 0.589713 0.590703 0.587032
6 0.590703 0.587032 0.590109 0.596745 0.587266 0.593324 0.588018 0.587972 0.591531 0.579792
6 0.589198 0.605028 0.588948 0.609190 0.588523 0.611204 0.586521 0.608745 0.585518 0.607556 0.585852 0.602204 0.587023 0.602051
6 0.594534 0.540148 0.593281 0.556208 0.590185 0.546991 0.590604 0.538366
6 0.596708 0.463273 0.592862 0.511750 0.590938 0.536731 0.594786 0.538958 0.598216 0.492565 0.599805 0.472940 0.597716 0.464130
6 0.581380 0.479954 0.571143 0.531778 0.566352 0.554120 0.568424 0.564481 0.568943 0.557574 0.571143 0.549741 0.578789 0.512889 0.583583 0.487787
6 0.587031 0.471273 0.584690 0.485250 0.583018 0.477370 0.584357 0.469190
6 0.590073 0.436264 0.588604 0.443731 0.588354 0.446856 0.587432 0.451616 0.586430 0.455185 0.589776 0.457713 0.592794 0.442019 0.590979 0.435801
6 0.555422 0.500157 0.563516 0.539602 0.566352 0.554120 0.568424 0.564481 0.569617 0.571153 0.563846 0.563583 0.557326 0.528194 0.551883 0.501731 0.553432 0.500579
6 0.550987 0.469250 0.559161 0.506273 0.556474 0.504681 0.555422 0.500157 0.553432 0.500579 0.551258 0.489278 0.548523 0.476417 0.546328 0.466426
6 0.556586 0.471157 0.575362 0.510556 0.573716 0.518986 0.559974 0.489736 0.554167 0.476662 0.555521 0.474597 0.557555 0.479069 0.558039 0.478384 0.556102 0.472361
6 0.536844 0.549093 0.530456 0.556838 0.530263 0.560620 0.531714 0.561653 0.533263 0.560449 0.542940 0.548579 0.540617 0.544106 0.539940 0.545139 0.540193 0.546449 0.537214 0.549903
6 0.496576 0.146954 0.487742 0.159639 0.488411 0.165324 0.491055 0.165227 0.500313 0.150125 0.499547 0.145144
6 0.596745 0.629120 0.588523 0.646472 0.592974 0.650088 0.600234 0.635806
6 0.475497 0.414722 0.473562 0.422296 0.475760 0.423111 0.476927 0.423472 0.478206 0.415241
6 0.414297 0.249907 0.408646 0.245880 0.408904 0.245292 0.410177 0.242972 0.415315 0.246755
6 0.413115 0.253713 0.407677 0.249546 0.407260 0.248042 0.408419 0.246838 0.408646 0.245880 0.414323 0.249907
5 0.512130 0.581088 0.508245 0.592838 0.523333 0.612176 0.534932 0.627153 0.550091 0.643046 0.568229 0.652491 0.578982 0.655718 0.586755 0.659630 0.592510 0.663301 0.598802 0.667944 0.603737 0.670870 0.607026 0.673449 0.607026 0.673449 0.610516 0.676639 0.612214 0.677213 0.612214 0.677213 0.615685 0.679801 0.622372 0.685106 0.631292 0.692222 0.632292 0.692222 0.631721 0.694394 0.631833 0.696579 0.631049 0.698370 0.633625 0.699963 0.634297 0.703745 0.634185 0.706532 0.635727 0.703662 0.636039 0.700222 0.636414 0.697889 0.636602 0.696222 0.636477 0.694000 0.636911 0.692685 0.635654 0.682708 0.633622 0.684944 0.634685 0.680301 0.632266 0.678750 0.628346 0.675690 0.617023 0.667083 0.611469 0.663144 0.608547 0.660856 0.601404 0.655921 0.595792 0.651792 0.592974 0.650088 0.588523 0.646472 0.585523 0.644065 0.581651 0.641486 0.575706 0.635449 0.574284 0.633963 0.571943 0.632032 0.570688 0.630843 0.563831 0.625935 0.563164 0.624301 0.552451 0.614926 0.540076 0.603477 0.529362 0.593806 0.520255 0.587560
5 0.537966 0.286444 0.536031 0.282833 0.533612 0.278014 0.532451 0.274056 0.530997 0.270963 0.529740 0.270787 0.528289 0.271648 0.524516 0.274056 0.524417 0.277671 0.524586 0.282468 0.525164 0.300074 0.525885 0.302125 0.528492 0.312153 0.533112 0.326287 0.534708 0.331949 0.536951 0.338366 0.537596 0.341065 0.540482 0.347694 0.546193 0.354574 0.548516 0.355782 0.552581 0.355264 0.554419 0.354403 0.555581 0.350963 0.556935 0.350273 0.557807 0.347866 0.557904 0.344597 0.557128 0.340296 0.554904 0.337199 0.551128 0.327736 0.551031 0.326190 0.555000 0.320338 0.554224 0.312597 0.552289 0.303134 0.551128 0.297111 0.550547 0.293671 0.549484 0.292468 0.548708 0.294361 0.547742 0.300208 0.547643 0.305028 0.547935 0.311736 0.549677 0.323093 0.551031 0.332208 0.552773 0.337028 0.556161 0.341843 0.555581 0.345630 0.555000 0.348208 0.554128 0.350449 0.553161 0.351306 0.551031 0.351481 0.549677 0.351134 0.547258 0.349931 0.546385 0.348556 0.537677 0.320856 0.536128 0.315005 0.533419 0.309843 0.530419 0.300551 0.529935 0.288167 0.529643 0.279907 0.533320 0.286963 0.535740 0.290403
3 0.473185 0.335542 0.469948 0.339921 0.468430 0.341731 0.467826 0.339616 0.466901 0.339616 0.467487 0.342333 0.465107 0.342486 0.464742 0.341731 0.464411 0.341926 0.464742 0.343769 0.464302 0.344069 0.464141 0.342500 0.463589 0.343000 0.463536 0.344449 0.462875 0.344449 0.462383 0.344449 0.462935 0.342019 0.463758 0.340556 0.464742 0.339588 0.465839 0.338606 0.465948 0.337926 0.465286 0.337639 0.463646 0.338801 0.463536 0.337444 0.462440 0.338894 0.461839 0.339588 0.460904 0.339782 0.461065 0.338606 0.460461 0.338713 0.459750 0.341144 0.459417 0.342801 0.458924 0.342500 0.459367 0.340944 0.458924 0.340463 0.458542 0.340657 0.457609 0.341625 0.457174 0.341926 0.457115 0.340463 0.456513 0.340556 0.456513 0.342500 0.456956 0.344162 0.456622 0.344750 0.455638 0.344069 0.452784 0.343769 0.451638 0.343769 0.450924 0.344843 0.451146 0.346111 0.451747 0.346986 0.452674 0.347287 0.453609 0.347287 0.454432 0.347287 0.453990 0.348750 0.453828 0.350898 0.453065 0.350398 0.452352 0.349824 0.451688 0.349037 0.449497 0.343000 0.448734 0.343287 0.448674 0.344750 0.449719 0.347287 0.449659 0.349130 0.449497 0.351185 0.449573 0.352227 0.449268 0.353009 0.448513 0.353009 0.448172 0.352648 0.449159 0.355787 0.448378 0.356528 0.448021 0.360023 0.447180 0.364727 0.447612 0.365208 0.448044 0.365301 0.448367 0.362898 0.449505 0.367792 0.448367 0.366556 0.447398 0.365875 0.446745 0.365963 0.446745 0.368653 0.446966 0.370296 0.447883 0.372398 0.449719 0.374708 0.449286 0.376051 0.449234 0.377394 0.449234 0.377968 0.449664 0.379412 0.448750 0.384792 0.449234 0.385079 0.449667 0.384394 0.450440 0.380606 0.457120 0.384736 0.457120 0.384736 0.455443 0.377787 0.455664 0.376912 0.456310 0.376338 0.459544 0.374995 0.461711 0.370963 0.461711 0.374134 0.464513 0.373167 0.465167 0.378454 0.467281 0.391444 0.478120 0.398329 0.478714 0.396602 0.480013 0.397944 0.481151 0.398412 0.479904 0.396403 0.478935 0.394685 0.478128 0.391995 0.478289 0.391602 0.480234 0.393519 0.480659 0.394199 0.481797 0.393519 0.484065 0.396208 0.487794 0.401296 0.489466 0.403125 0.490060 0.403032 0.490112 0.401977 0.486766 0.396889 0.482229 0.390940 0.479852 0.388824 0.478128 0.386514 0.478128 0.386139 0.482826 0.390167 0.482826 0.389005 0.481687 0.388056 0.483036 0.385366 0.483036 0.383829 0.484336 0.384403 0.485034 0.383056 0.485091 0.382875 0.485091 0.381713 0.484065 0.380852 0.484276 0.379509 0.484982 0.379023 0.486060 0.379310 0.487953 0.379597 0.489034 0.379884 0.489898 0.380278 0.490596 0.381426 0.490979 0.382194 0.491190 0.384116 0.491411 0.386032 0.491250 0.388056 0.490919 0.388343 0.490273 0.388718 0.489305 0.387856 0.488974 0.388250 0.489406 0.389593 0.490818 0.389685 0.490383 0.390940 0.490221 0.391801 0.490544 0.392176 0.491141 0.391801 0.491461 0.390065 0.491461 0.390065 0.491461 0.398412 0.491945 0.398412 0.492268 0.389491 0.492651 0.384505 0.492922 0.382394 0.493357 0.381051 0.495292 0.380944 0.495888 0.382000 0.496703 0.382769 0.497026 0.383162 0.497349 0.384690 0.497398 0.385653 0.497135 0.385852 0.496430 0.385852 0.496268 0.386227 0.496320 0.386713 0.497349 0.386546 0.497526 0.389023 0.498188 0.389083 0.497695 0.381639 0.499862 0.382514 0.500872 0.382574 0.501042 0.383315 0.501602 0.383315 0.501672 0.382755 0.502961 0.383134 0.503802 0.383194 0.503836 0.382454 0.503062 0.382074 0.501849 0.381894 0.501424 0.381398 0.501500 0.380718 0.501917 0.380537 0.503411 0.380838 0.504354 0.381079 0.504669 0.381079 0.506799 0.379917 0.508227 0.379417 0.509518 0.379042 0.512271 0.378921 0.512755 0.378741 0.513766 0.379722 0.514641 0.380778 0.515021 0.381333 0.515370 0.381398 0.515753 0.381019 0.515794 0.380537 0.515719 0.380278 0.513841 0.377801 0.514078 0.375204 0.513596 0.374088 0.512654 0.373528 0.512237 0.372593 0.514044 0.373528 0.515021 0.373528 0.516000 0.373407 0.516313 0.372773 0.516313 0.371972 0.515719 0.370917 0.514742 0.370056 0.514953 0.369120 0.515651 0.368560 0.515685 0.367824 0.515448 0.367324 0.514919 0.367144 0.513943 0.367083 0.512440 0.367083 0.512831 0.364847 0.512549 0.364606 0.511922 0.365782 0.511159 0.364106 0.509375 0.362671 0.507812 0.361556 0.506206 0.360694 0.506938 0.358838 0.509687 0.354310 0.510419 0.352074 0.510385 0.350412 0.510070 0.349356 0.509341 0.346625 0.513154 0.342213 0.515336 0.339921 0.515982 0.341579 0.517214 0.341579 0.518513 0.341458 0.520245 0.341065 0.522633 0.340810 0.523497 0.342866 0.523576 0.344662 0.523643 0.347361 0.523719 0.348903 0.524875 0.350972 0.525529 0.352120 0.526029 0.351741 0.525240 0.349296 0.524440 0.347875 0.524008 0.344403 0.524008 0.341718 0.521909 0.338880 0.524875 0.335162 0.528060 0.332204 0.531234 0.332718 0.532034 0.332838 0.532680 0.334000 0.536008 0.341204 0.536729 0.342741 0.537529 0.342231 0.537596 0.341065 0.536951 0.338366 0.534708 0.331949 0.533112 0.326287 0.528492 0.312153 0.525885 0.302125 0.525164 0.300074 0.524586 0.282468 0.523354 0.283870 0.521552 0.282213 0.520609 0.281440 0.520609 0.279130 0.522344 0.273468 0.522633 0.271417 0.521909 0.270903 0.520898 0.276431 0.520245 0.271417 0.519667 0.271417 0.519745 0.277199 0.519599 0.279644 0.518299 0.277833 0.516703 0.275264 0.516057 0.274375 0.515115 0.274755 0.513883 0.274120 0.513161 0.272051 0.512583 0.269741 0.512151 0.267685 0.513240 0.267685 0.514971 0.268968 0.516203 0.268593 0.514758 0.267171 0.513018 0.266148 0.511573 0.266009 0.510852 0.264606 0.509620 0.263185 0.509331 0.261509 0.509263 0.259713 0.508534 0.257403 0.507456 0.256120 0.506799 0.255352 0.507310 0.252903 0.506156 0.252389 0.505424 0.254324 0.504924 0.255986 0.505357 0.261255 0.504846 0.261509 0.504346 0.258565 0.503190 0.258431 0.503768 0.265120 0.504924 0.265495 0.504779 0.266403 0.503914 0.267824 0.503047 0.269995 0.502469 0.271792 0.502104 0.273079 0.504557 0.281560 0.506010 0.285037 0.507310 0.286968 0.507742 0.288764 0.507599 0.290819 0.507089 0.293264 0.506010 0.294412 0.504557 0.294667 0.502172 0.294546 0.501305 0.294546 0.501016 0.312546 0.500440 0.313060 0.498852 0.312921 0.497695 0.311384 0.497188 0.307787 0.497263 0.305597 0.497188 0.303032 0.496464 0.300194 0.495956 0.297764 0.495956 0.294926 0.496320 0.292870 0.496685 0.291333 0.496974 0.289532 0.497042 0.287481 0.496898 0.286060 0.495956 0.285426 0.494945 0.285940 0.493789 0.286199 0.493289 0.285940 0.492922 0.285292 0.489526 0.288764 0.487862 0.289657 0.485909 0.291333 0.480779 0.296602 0.482297 0.299815 0.482654 0.299560 0.482654 0.297884 0.486273 0.294926 0.485984 0.296736 0.484974 0.298912 0.484396 0.300074 0.483232 0.301491 0.482367 0.302519 0.481789 0.301611 0.480633 0.303032 0.479547 0.305208 0.478901 0.307278 0.477526 0.308815 0.476870 0.311125 0.476659 0.312287 0.475570 0.312287 0.475503 0.310097 0.472107 0.310356 0.471961 0.312667 0.471086 0.313569 0.470510 0.312407 0.470510 0.310731 0.470076 0.310097 0.468922 0.309074 0.468708 0.307787 0.468201 0.307787 0.468201 0.309194 0.469576 0.310731 0.470008 0.312407 0.470331 0.314056 0.469685 0.314056 0.469091 0.313468 0.468820 0.312713 0.468062 0.312606 0.468385 0.314810 0.467740 0.314810 0.467578 0.313468 0.466924 0.313468 0.466823 0.315866 0.466008 0.316639 0.465745 0.317495 0.465685 0.318843 0.481940 0.316153 0.481669 0.323264 0.481346 0.330361 0.480641 0.332384 0.480320 0.334394 0.479945 0.335361 0.479130 0.335269 0.477617 0.335162
5 0.440029 0.323162 0.440029 0.331593 0.439544 0.334171 0.438286 0.334514 0.438190 0.336236 0.446318 0.337782 0.454352 0.337958 0.463536 0.337444 0.471771 0.336065 0.473185 0.335542 0.477617 0.335162 0.479130 0.335269 0.479945 0.335361 0.480320 0.334394 0.480641 0.332384 0.481346 0.330361 0.481669 0.323264 0.481940 0.316153 0.465685 0.318843 0.462674 0.319718
5 0.404154 0.261620 0.404154 0.270736 0.424477 0.266093 0.436185 0.263509 0.439284 0.262134 0.444026 0.262824 0.445669 0.262306 0.445284 0.251125 0.440831 0.252500 0.434346 0.254736 0.430815 0.256412 0.426695 0.257699 0.425034 0.257287 0.418961 0.259088 0.411701 0.260069
5 0.437563 0.262620 0.437479 0.277639 0.437563 0.305296 0.437982 0.326708 0.437982 0.328343 0.437396 0.329088 0.437143 0.331319 0.437227 0.333995 0.437396 0.336074 0.433464 0.335185 0.432378 0.336671 0.431958 0.339944 0.431456 0.342023 0.430201 0.343810 0.427859 0.344403 0.426253 0.345028 0.421763 0.347852 0.415760 0.351500 0.409208 0.353324 0.404440 0.350495 0.399354 0.329491 0.397406 0.315435 0.397122 0.304898 0.396451 0.298528 0.396117 0.294944 0.395339 0.288032 0.395206 0.282278 0.394687 0.277444 0.394820 0.273296 0.395857 0.269606 0.397664 0.266843 0.399354 0.264074 0.400391 0.262472 0.404154 0.261620 0.404154 0.270736 0.424477 0.266093 0.436185 0.263509
5 0.555000 0.320338 0.557773 0.315769 0.563596 0.329903 0.561245 0.338861 0.560125 0.345032 0.558781 0.350009 0.557807 0.347866 0.557904 0.344597 0.557128 0.340296 0.554904 0.337199 0.551128 0.327736 0.551031 0.326190
5 0.575445 0.414931 0.585852 0.437134 0.585677 0.442065 0.581167 0.447616 0.577180 0.451935 0.574576 0.452856 0.570935 0.456250 0.569547 0.457792 0.561221 0.452856 0.555672 0.449773 0.556615 0.447157 0.564573 0.423708 0.566734 0.418051 0.573102 0.416435
5 0.412581 0.233935 0.412969 0.243398 0.417008 0.241505
16 0.387021 0.213093 0.384023 0.214690 0.382823 0.217356 0.382375 0.225352 0.381625 0.229083 0.379977 0.230949 0.379826 0.233611 0.380576 0.237611 0.381773 0.240542 0.382674 0.244005 0.382823 0.248801 0.382823 0.252532 0.380276 0.254931 0.379526 0.256796 0.381026 0.269056 0.383122 0.271190 0.388969 0.264528 0.392716 0.258931 0.394484 0.251315 0.396516 0.244088 0.397292 0.238926 0.397581 0.229292 0.397380 0.227282 0.395266 0.218690 0.392568 0.215227 0.389719 0.213093
6 0.603716 0.516352 0.607008 0.518417 0.607208 0.520588 0.606312 0.527356 0.602362 0.525986
6 0.600031 0.644671 0.601404 0.655921 0.595792 0.651792 0.595096 0.651213
6 0.602456 0.640356 0.600031 0.644671 0.601404 0.655921 0.608547 0.660856 0.608547 0.658278 0.606320 0.645375
16 0.387224 0.187949 0.387784 0.192329 0.388680 0.195912 0.389240 0.198898 0.389464 0.202083 0.389128 0.205269 0.388232 0.209648 0.387021 0.213093 0.384023 0.214690 0.382823 0.217356 0.382375 0.225352 0.381625 0.229083 0.379977 0.230949 0.379826 0.233611 0.380576 0.237611 0.381773 0.240542 0.382674 0.244005 0.382823 0.248801 0.382823 0.252532 0.380276 0.254931 0.376810 0.252046 0.375690 0.246671 0.374234 0.244880 0.372333 0.237912 0.370094 0.227963 0.366174 0.214625 0.363039 0.203079 0.362479 0.198699 0.362479 0.195912 0.366734 0.195116 0.369646 0.192926 0.370542 0.191931 0.370818 0.188898
6 0.402185 0.218046 0.402857 0.222625 0.408839 0.219787 0.420773 0.214861 0.422898 0.211278 0.423154 0.214259 0.424672 0.213491 0.431521 0.210880 0.430065 0.205306
8 0.407677 0.249546 0.413115 0.253713 0.412529 0.255347 0.407008 0.250736
8 0.407174 0.252968 0.407677 0.254602 0.408346 0.255199 0.411943 0.257282 0.412529 0.255347
8 0.411357 0.231556 0.409182 0.235125 0.409484 0.236343 0.409526 0.237222 0.412076 0.232819
8 0.422898 0.211278 0.423154 0.214259 0.421779 0.217347 0.420479 0.218759 0.416849 0.225787 0.414349 0.228454 0.413349 0.226565 0.418659 0.218454 0.420773 0.214861
8 0.403388 0.249074 0.392935 0.265190 0.391852 0.263778 0.391706 0.263009 0.401320 0.249255
8 0.404896 0.251898 0.400786 0.259106 0.400180 0.259023 0.399805 0.258194 0.399760 0.257194 0.403398 0.252301 0.406201 0.248319 0.407260 0.248042
8 0.412594 0.236287 0.409141 0.242843 0.408904 0.245292 0.412828 0.238278
6 0.417109 0.248241 0.422893 0.251583 0.426695 0.257699 0.425034 0.257287 0.416357 0.251250
1 0.603961 0.637532 0.606086 0.640611 0.606320 0.645375 0.602456 0.640356
8 0.480315 0.160787 0.479003 0.162894 0.479940 0.169005 0.482065 0.164116
8 0.485667 0.152611 0.486326 0.157477 0.483826 0.160806 0.482266 0.158264
8 0.484737 0.171023 0.487034 0.180153 0.488987 0.179120 0.489422 0.178157 0.487161 0.169833
1 0.485935 0.145213 0.485281 0.146565 0.485667 0.152611 0.486326 0.157477 0.487815 0.166264 0.488148 0.168644 0.488901 0.168491 0.488568 0.165370 0.488411 0.165324 0.487742 0.159639 0.486693 0.150944
5 0.530260 0.295625 0.534812 0.295880 0.537995 0.295880 0.539297 0.296398 0.541031 0.303593 0.544357 0.310403 0.548404 0.314519 0.549677 0.323093 0.551031 0.332208 0.552773 0.337028 0.556161 0.341843 0.555581 0.345630 0.555000 0.348208 0.554128 0.350449 0.553161 0.351306 0.551031 0.351481 0.549677 0.351134 0.547258 0.349931 0.546385 0.348556 0.537677 0.320856 0.536128 0.315005 0.533419 0.309843 0.530419 0.300551
5 0.547643 0.305028 0.547742 0.300208 0.547784 0.298222 0.546555 0.291796 0.540482 0.290509 0.537299 0.290509 0.538096 0.287940 0.539180 0.285755 0.540409 0.285495 0.541060 0.281644 0.541854 0.281644 0.541854 0.284083 0.542578 0.284083 0.542505 0.280102 0.540844 0.277014 0.538167 0.272389 0.536651 0.270074 0.535781 0.270718 0.536432 0.273417 0.537661 0.280741 0.538385 0.284343 0.537966 0.286444 0.535740 0.290403 0.534698 0.290894 0.534812 0.295880 0.537995 0.295880 0.539297 0.296398 0.541031 0.303593 0.544357 0.310403 0.545396 0.311329 0.547638 0.306833
6 0.518513 0.341458 0.513911 0.348269 0.509687 0.354310 0.506938 0.358838 0.506206 0.360694 0.507812 0.361556 0.509375 0.362671 0.511159 0.364106 0.511922 0.365782 0.512549 0.364606 0.512831 0.364847 0.523719 0.348903 0.523643 0.347361 0.523576 0.344662 0.523497 0.342866 0.522633 0.340810 0.520245 0.341065
6 0.532427 0.333449 0.528328 0.340894 0.524440 0.347875 0.524008 0.344403 0.524008 0.341718 0.521909 0.338880 0.524875 0.335162 0.528060 0.332204 0.531234 0.332718 0.532034 0.332838
8 0.517654 0.370028 0.520750 0.374843 0.522781 0.378972 0.523266 0.381727 0.523362 0.384824 0.522977 0.387745 0.521138 0.392046 0.528880 0.381727 0.536331 0.372606 0.539719 0.368306 0.541266 0.364519 0.542138 0.361250 0.543107 0.359361 0.544365 0.359014 0.544945 0.359532 0.545042 0.361079 0.542138 0.365898 0.542042 0.367792 0.541557 0.370713 0.540203 0.372264 0.537880 0.374157 0.528299 0.387231 0.522201 0.395144 0.518815 0.400306 0.517362 0.402028 0.515719 0.402028 0.515138 0.399620 0.520266 0.389986 0.520943 0.386889 0.521138 0.383444 0.521138 0.381037 0.519104 0.377940 0.517073 0.375361 0.516589 0.373981 0.516878 0.370028
8 0.532789 0.340625 0.532693 0.359204 0.532500 0.367463 0.535112 0.367977 0.535112 0.354042 0.535500 0.346130
6 0.536195 0.376644 0.533284 0.390181 0.538992 0.380051 0.539331 0.375250
6 0.517831 0.359921 0.532164 0.377639 0.528880 0.381727 0.515479 0.365694
6 0.642057 0.656454 0.643841 0.662310 0.644651 0.662407 0.646755 0.660389 0.644813 0.654343 0.643206 0.656014
1 0.621094 0.585282 0.625797 0.585880 0.626917 0.586676 0.627174 0.590361 0.626503 0.594940 0.625492 0.602190 0.624427 0.609417 0.624331 0.610792 0.623750 0.614750 0.624042 0.616639 0.623073 0.620426 0.622977 0.626449 0.621620 0.637977 0.621380 0.640245 0.617799 0.645579 0.616414 0.646079 0.614901 0.645181 0.613604 0.644148 0.617792 0.641458 0.618380 0.641968 0.619154 0.640245 0.620023 0.635773 0.620557 0.631954 0.621719 0.622148 0.622781 0.613718 0.623461 0.606319 0.623169 0.604769 0.624427 0.599435 0.624734 0.595315 0.624443 0.594042 0.624880 0.592370 0.625023 0.588884 0.625023 0.586954 0.624083 0.586838 0.621138 0.586875 0.620323 0.586718 0.620323 0.585306
8 0.639526 0.697505 0.640203 0.696472 0.641461 0.696472 0.641461 0.699398 0.634357 0.714810 0.627917 0.727301 0.625826 0.732208 0.623568 0.734884 0.622396 0.733694 0.625323 0.725218 0.630844 0.713917 0.632841 0.709120 0.634185 0.706532 0.637034 0.700981
6 0.621857 0.695685 0.626451 0.698366 0.622203 0.702352 0.622203 0.706731 0.620703 0.706931 0.620625 0.702454
1 0.601250 0.637764 0.600234 0.635806 0.596745 0.629120 0.596628 0.628699 0.591836 0.621315 0.591039 0.618773 0.588039 0.613958 0.586633 0.610801 0.585208 0.609310 0.585518 0.607556 0.586521 0.608745 0.588523 0.611204 0.591620 0.616023 0.596615 0.625796 0.597331 0.626861 0.600716 0.632366 0.603628 0.636787 0.601953 0.636787
5 0.586755 0.659630 0.589359 0.661727 0.584307 0.672782 0.563966 0.654125 0.550091 0.643046 0.568229 0.652491 0.578982 0.655718
1 0.611112 0.549921 0.607023 0.547093 0.603677 0.544861 0.598568 0.540995 0.594786 0.538958 0.590938 0.536731 0.589031 0.535199 0.587609 0.535051 0.586857 0.536981 0.586773 0.538468 0.587693 0.539657 0.590604 0.538366 0.594534 0.540148 0.599820 0.544269 0.603091 0.546648 0.606521 0.548880 0.607365 0.550051 0.608786 0.551394 0.610961 0.551838
5 0.599130 0.481639 0.599854 0.482926 0.600286 0.483954 0.600432 0.486523 0.602672 0.492694 0.605927 0.501431 0.604190 0.507088 0.603758 0.508884 0.603180 0.509144 0.602094 0.509144 0.601372 0.507343 0.600648 0.505801 0.599203 0.498861 0.598625 0.496421 0.598216 0.492565
5 0.591667 0.452926 0.589776 0.457713 0.591555 0.459495 0.590547 0.461287 0.593234 0.472435 0.595250 0.482583 0.596708 0.463273 0.595586 0.458898 0.594354 0.455116 0.593794 0.453523
8 0.587031 0.471273 0.588229 0.475620 0.589349 0.483579 0.590021 0.487560 0.593492 0.498509 0.593716 0.500699 0.592708 0.501495 0.591589 0.500500 0.588341 0.488556 0.588117 0.485171 0.587221 0.480394 0.586214 0.475620
6 0.590547 0.461287 0.589190 0.462769 0.588018 0.464995 0.587031 0.471273 0.588229 0.475620 0.589349 0.483579 0.590021 0.487560 0.593492 0.498509 0.593716 0.500699 0.595250 0.482583 0.593234 0.472435
6 0.598216 0.492565 0.598625 0.496421 0.599203 0.498861 0.600648 0.505801 0.601372 0.507343 0.602094 0.509144 0.603716 0.516352 0.602362 0.525986 0.600031 0.522185 0.596932 0.508593
6 0.595721 0.545694 0.600240 0.550157 0.598818 0.555213 0.594719 0.551792
5 0.585029 0.482699 0.588224 0.500421 0.589190 0.506958 0.591224 0.506616 0.592867 0.504208 0.591589 0.500500 0.588341 0.488556 0.588117 0.485171 0.587221 0.480394 0.586214 0.475620
1 0.589031 0.535199 0.587935 0.525222 0.587349 0.510796 0.586263 0.500685 0.585008 0.490870 0.584690 0.485250 0.583018 0.477370 0.584357 0.469190 0.583586 0.467972 0.582497 0.468120 0.582414 0.469755 0.583083 0.470796 0.582414 0.473620 0.581411 0.477639 0.581380 0.479954 0.583583 0.487787 0.585510 0.507676 0.587609 0.535051
8 0.522177 0.460407 0.527104 0.463792 0.531016 0.468907 0.533443 0.470843 0.534195 0.471139 0.536453 0.473815 0.537122 0.475449 0.537039 0.477236 0.535951 0.478870 0.529456 0.471356 0.524529 0.465782 0.521393 0.464190
1 0.533224 0.475509 0.530128 0.483421 0.529643 0.481875 0.532258 0.474819
1 0.534195 0.471139 0.534112 0.463704 0.533911 0.458130 0.533911 0.458130 0.532823 0.450991 0.531706 0.450269 0.532964 0.457838 0.533190 0.462514 0.533443 0.470843
6 0.541237 0.498958 0.536883 0.517194 0.534852 0.525111 0.535721 0.529583 0.539786 0.530444 0.545883 0.503088
6 0.536591 0.485023 0.536013 0.488634 0.535914 0.499130 0.535914 0.503606 0.539109 0.494829 0.539979 0.493111 0.539786 0.484681
8 0.512583 0.269741 0.514971 0.268968 0.516203 0.268593 0.519625 0.268204 0.522474 0.269005 0.525172 0.270870 0.527120 0.272199 0.525539 0.273472 0.522633 0.271417 0.521909 0.270903 0.519013 0.270500 0.516589 0.270500 0.514747 0.271245 0.513161 0.272051
8 0.522344 0.273468 0.522375 0.282991 0.523354 0.283870 0.523750 0.283213 0.523687 0.273991 0.523500 0.272440 0.522633 0.271417
3 0.529760 0.285454 0.531510 0.284458 0.532260 0.285343 0.533320 0.286963 0.535010 0.289343 0.534698 0.290894 0.534073 0.293565 0.533823 0.294454 0.533010 0.295787 0.530260 0.295625 0.529948 0.289343 0.529935 0.288167
8 0.489518 0.279944 0.489518 0.284833 0.491081 0.283944 0.490956 0.279722
8 0.481477 0.278625 0.490948 0.278991 0.490956 0.279722 0.489518 0.279944 0.489518 0.284833 0.485263 0.283769 0.483346 0.280579
6 0.469297 0.172940 0.471052 0.175468 0.468510 0.181356 0.466703 0.183051 0.465448 0.180227
6 0.434969 0.210218 0.433456 0.209352 0.432862 0.213287 0.436643 0.215403 0.440490 0.213032 0.437357 0.211042
6 0.433888 0.204713 0.435479 0.206125 0.437938 0.207667 0.437357 0.211042 0.434969 0.210218 0.433456 0.209352 0.430635 0.207412 0.430065 0.205306 0.430201 0.204968
6 0.419193 0.206343 0.421768 0.208134 0.421917 0.208921 0.418409 0.210324
6 0.423000 0.204551 0.421768 0.208134 0.421917 0.208921 0.424792 0.207338
6 0.407677 0.254602 0.404154 0.261620 0.411198 0.259792 0.411943 0.257282 0.408346 0.255199
5 0.465357 0.262185 0.462799 0.261875 0.460961 0.262565 0.459479 0.263819 0.458417 0.265023 0.454380 0.267208 0.455646 0.272523 0.456510 0.271338 0.458349 0.275296 0.459896 0.277704 0.460284 0.278907 0.464047 0.278444 0.464419 0.276069 0.464419 0.276069 0.463857 0.275736 0.463164 0.275292 0.462484 0.274069 0.462172 0.272403 0.462047 0.270519 0.462172 0.267852 0.462672 0.265296 0.463607 0.263741
5 0.415107 0.229236 0.424383 0.223514 0.428503 0.221074 0.435260 0.216495 0.440490 0.213032 0.446984 0.209250 0.454745 0.204551 0.463003 0.201102 0.464703 0.213981 0.464703 0.215764 0.464703 0.218292 0.464370 0.222755 0.463867 0.223051 0.463740 0.220120 0.462948 0.215764 0.461799 0.212315 0.459896 0.210921 0.458776 0.212315 0.458664 0.216694 0.458440 0.220278 0.458216 0.224458 0.450154 0.228440 0.449482 0.226449 0.447578 0.227444 0.447914 0.229634 0.432688 0.237000 0.422049 0.241778 0.420695 0.239194
3 0.469448 0.226486 0.467029 0.231306 0.465674 0.227176 0.464029 0.224940 0.463740 0.220120 0.463031 0.215898 0.461799 0.212315 0.459896 0.210921 0.458776 0.212315 0.458664 0.216694 0.458440 0.220278 0.458216 0.224458 0.457060 0.230273 0.455997 0.232852 0.454448 0.235088 0.452417 0.236810 0.450964 0.237843 0.449318 0.238875 0.448156 0.241111 0.447576 0.240421 0.446706 0.240079 0.446706 0.242315 0.446221 0.244380 0.445060 0.246787 0.445448 0.247991 0.447094 0.249370 0.448836 0.250227 0.449513 0.251088 0.449513 0.253153 0.450576 0.251259 0.451060 0.250056 0.453383 0.250056 0.454641 0.249713 0.455513 0.248681 0.455898 0.247130 0.454352 0.246273 0.453190 0.246273 0.453190 0.237843 0.457159 0.233884 0.458802 0.226657 0.461318 0.234227 0.460352 0.240764 0.458802 0.253671 0.458417 0.265023 0.459479 0.263819 0.461221 0.243690 0.462190 0.235259 0.462771 0.230097 0.463255 0.226486 0.464901 0.228032 0.466146 0.231856 0.464193 0.236611 0.464193 0.237509 0.464555 0.237639 0.466578 0.233139 0.467880 0.236866 0.468771 0.238875 0.469448 0.238356 0.467513 0.232509 0.470125 0.227861
1 0.425930 0.246074 0.429271 0.247120 0.435755 0.245375 0.441456 0.241181 0.445385 0.238037 0.448302 0.235310 0.450495 0.234282 0.451016 0.236116 0.447635 0.238458 0.442792 0.242509 0.442133 0.242370 0.440885 0.243157 0.439932 0.244204 0.438685 0.245111 0.436482 0.246806 0.434940 0.247593 0.431411 0.248764 0.429062 0.248903 0.425909 0.247731 0.425250 0.246546
6 0.428281 0.239060 0.429555 0.239361 0.430831 0.243287 0.429271 0.247120 0.425930 0.246074 0.425250 0.246546 0.423185 0.242986
5 0.565141 0.336171 0.569508 0.351898 0.569844 0.360259 0.570516 0.369218 0.570628 0.373199 0.572643 0.377977 0.575779 0.390718 0.577458 0.398880 0.577648 0.401880 0.576740 0.400264 0.575945 0.399856 0.574240 0.400060 0.570372 0.392176 0.566708 0.385144 0.566849 0.371667 0.566432 0.367778 0.564401 0.362685 0.562448 0.354583 0.561109 0.353093
6 0.530729 0.383981 0.533844 0.387593 0.535076 0.381421 0.533508 0.380227
6 0.439669 0.365495 0.437247 0.371495 0.441138 0.373977 0.441732 0.369537 0.442310 0.364653 0.446141 0.353213 0.446422 0.352574 0.444367 0.350880 0.441443 0.360074 0.441378 0.365412
6 0.430201 0.343810 0.434615 0.344815 0.438622 0.345375 0.440141 0.341134 0.439922 0.338875 0.438190 0.336236 0.437396 0.336074 0.433464 0.335185 0.432378 0.336671 0.431958 0.339944 0.431456 0.342023
5 0.526029 0.351741 0.532693 0.359204 0.532789 0.340625 0.531409 0.335556 0.528328 0.340894 0.524440 0.347875 0.525240 0.349296
5 0.535500 0.346130 0.535112 0.354042 0.535115 0.364491 0.535112 0.367977 0.532500 0.367463 0.532451 0.364375 0.531370 0.365616 0.530102 0.364713 0.528453 0.366407 0.526042 0.368097 0.524964 0.368551 0.532164 0.377639 0.536331 0.372606 0.539719 0.368306 0.541266 0.364519 0.542138 0.361250 0.543107 0.359361 0.544365 0.359014 0.544945 0.359532 0.546596 0.357269 0.546786 0.354676 0.546193 0.354574 0.540482 0.347694 0.537596 0.341065 0.537529 0.342231 0.536729 0.342741 0.536008 0.341204 0.532680 0.334000 0.532427 0.333449 0.531409 0.335556 0.532789 0.340625
6 0.554607 0.353574 0.556250 0.361468 0.557622 0.355426 0.556799 0.351620 0.556359 0.350454 0.555581 0.350963
6 0.559760 0.360787 0.562503 0.369366 0.560638 0.371606 0.559706 0.366245 0.558773 0.364491 0.559651 0.360495
5 0.561109 0.353093 0.559651 0.360495 0.560339 0.361292 0.561146 0.362468 0.561734 0.362856 0.562029 0.364162 0.562102 0.365727 0.562469 0.367162 0.562687 0.368208 0.562909 0.369250 0.563276 0.369644 0.563862 0.369773 0.564818 0.372644 0.565036 0.370949 0.565771 0.370556 0.566211 0.371079 0.566359 0.374343 0.566799 0.373296 0.566849 0.371667 0.566432 0.367778 0.564401 0.362685 0.562448 0.354583
1 0.565820 0.379940 0.565503 0.375093 0.564818 0.372644 0.565036 0.370949 0.565771 0.370556 0.566211 0.371079 0.566359 0.374343 0.566727 0.377921 0.566708 0.385144 0.565732 0.383227
5 0.552581 0.355264 0.552633 0.364426 0.546495 0.365699 0.546393 0.362856 0.546688 0.360898 0.546596 0.357269 0.546786 0.354676 0.548516 0.355782
6 0.501917 0.380537 0.510500 0.384778 0.515174 0.387861 0.516271 0.390694 0.517794 0.392644 0.518536 0.393148 0.515776 0.398435 0.502924 0.390565 0.498076 0.387736 0.497695 0.381639 0.499862 0.382514 0.500872 0.382574 0.501042 0.383315 0.501602 0.383315 0.501672 0.382755 0.502961 0.383134 0.503802 0.383194 0.503836 0.382454 0.503062 0.382074 0.501849 0.381894 0.501424 0.381398 0.501500 0.380718
5 0.530729 0.383981 0.528299 0.387231 0.528299 0.387231 0.526070 0.390019 0.526326 0.392583 0.529328 0.397028 0.533284 0.390181 0.533844 0.387593
5 0.526190 0.378481 0.524747 0.380745 0.523266 0.381727 0.523362 0.384824 0.524576 0.387389 0.528880 0.381727
6 0.505755 0.396162 0.516117 0.419111 0.518495 0.424398 0.518526 0.422699 0.517844 0.419060 0.518753 0.416028 0.519430 0.414282 0.512549 0.399032 0.510596 0.395407 0.502924 0.390565
10 0.523339 0.393870 0.528479 0.397139 0.528984 0.397593 0.526576 0.401315 0.525813 0.400296 0.526003 0.398042 0.525497 0.397028 0.524609 0.396352 0.521753 0.396801 0.521245 0.396690 0.522201 0.395144
6 0.516620 0.381755 0.514273 0.383560 0.515174 0.387861 0.516271 0.390694 0.517794 0.392644 0.518536 0.393148 0.519857 0.390778 0.518271 0.386042
6 0.519857 0.398787 0.522458 0.408037 0.524677 0.404537 0.524044 0.402736 0.523339 0.402440 0.521690 0.403005 0.521753 0.396801 0.521245 0.396690
5 0.464107 0.414519 0.455008 0.409528 0.448042 0.406259 0.443492 0.408324 0.441359 0.408671 0.436242 0.410287 0.436698 0.421606 0.437685 0.447208 0.449203 0.449616 0.457911 0.451509 0.465172 0.450477 0.468552 0.438653 0.466622 0.427421 0.455453 0.424333 0.454828 0.419889 0.456135 0.416778 0.465073 0.419333
6 0.442932 0.403454 0.445023 0.404792 0.444773 0.406426 0.443492 0.408324 0.441359 0.408671
6 0.481138 0.395190 0.482589 0.395190 0.483477 0.396051 0.483477 0.396912 0.482792 0.397412 0.482026 0.402005 0.479846 0.413333 0.478758 0.419718 0.477992 0.423875 0.476927 0.423472 0.478206 0.415241 0.478193 0.411542 0.478990 0.406931 0.480346 0.401769 0.480773 0.398204 0.481151 0.398412 0.480654 0.397699
6 0.487839 0.381500 0.485742 0.394481 0.486766 0.396889 0.488635 0.397565 0.489357 0.392810 0.489792 0.389727 0.489406 0.389593 0.488974 0.388250 0.489305 0.387856 0.490044 0.388412 0.490708 0.382477 0.490737 0.381616 0.490596 0.381426 0.489893 0.380870 0.488628 0.380755
6 0.485602 0.380130 0.485091 0.382875 0.485034 0.383056 0.484336 0.384403 0.483930 0.385537 0.483513 0.387347 0.483357 0.388227 0.482826 0.389005 0.482826 0.390167 0.482521 0.391190 0.485622 0.395356 0.485742 0.394481 0.487839 0.381500 0.488628 0.380755
5 0.521583 0.661884 0.519344 0.668255 0.517776 0.672236 0.514753 0.677213 0.507698 0.645759 0.508750 0.645481 0.517943 0.657801
1 0.514008 0.535579 0.515299 0.539954 0.515784 0.541384 0.515339 0.536440 0.514654 0.534500
1 0.513344 0.528778 0.514367 0.533435 0.513810 0.532986 0.513279 0.533648 0.512471 0.529847 0.512922 0.529606
6 0.543539 0.468787 0.546336 0.476347 0.548289 0.475060 0.546328 0.466426
6 0.511003 0.529704 0.509563 0.528787 0.506969 0.541278 0.508411 0.539838
6 0.548917 0.483926 0.549734 0.482130 0.551258 0.489278 0.549503 0.491361 0.547911 0.487792
2 0.554000 0.732153 0.551737 0.733347 0.546586 0.734542 0.546250 0.737329 0.546362 0.743898 0.546263 0.755366 0.540651 0.757037 0.536060 0.759028 0.536172 0.765597 0.536969 0.770296 0.547495 0.765917 0.552096 0.793269 0.559711 0.788690 0.557448 0.768185 0.556664 0.764801 0.556216 0.758032 0.555680 0.745491 0.555008 0.739319
5 0.490839 0.407204 0.489755 0.415431 0.488958 0.422370 0.488958 0.423782 0.490117 0.424556 0.491346 0.423912 0.493443 0.421981 0.495104 0.421083 0.498357 0.421083 0.499948 0.421597 0.501104 0.423009 0.503057 0.425069 0.504430 0.426481 0.505224 0.426866 0.505755 0.396162 0.502924 0.390565 0.498076 0.387736 0.498188 0.389083 0.498188 0.389083 0.497526 0.389023
5 0.486307 0.399296 0.484682 0.402296 0.483182 0.405296 0.482370 0.407514 0.481245 0.410736 0.479846 0.413333 0.478758 0.419718 0.477992 0.423875 0.484682 0.426176 0.484932 0.423509 0.485370 0.421731 0.486182 0.421620 0.487120 0.422731 0.488120 0.424287 0.488958 0.423782 0.488958 0.422370 0.489755 0.415431 0.490839 0.407204 0.497526 0.389023 0.497349 0.386546 0.496320 0.386713 0.496268 0.386227 0.496430 0.385852 0.497135 0.385852 0.495635 0.384236 0.494724 0.383315 0.493661 0.382667 0.493112 0.382204 0.492922 0.382394 0.492651 0.384505 0.492268 0.389491 0.491945 0.398412 0.491461 0.398412 0.491461 0.390065 0.491461 0.390065 0.491141 0.391801 0.490544 0.392176 0.490221 0.391801 0.490383 0.390940 0.490818 0.389685 0.489792 0.389727 0.489357 0.392810 0.488635 0.397565 0.487406 0.397153 0.487174 0.397574 0.490112 0.401977 0.490060 0.403032 0.489466 0.403125 0.487794 0.401296
8 0.517214 0.341579 0.512349 0.347727 0.510385 0.350412 0.510070 0.349356 0.509341 0.346625 0.513154 0.342213 0.515336 0.339921 0.515982 0.341579
6 0.488250 0.453694 0.482646 0.486708 0.481727 0.492356 0.483232 0.504106 0.485156 0.494588 0.491344 0.456375 0.491094 0.455032
5 0.464513 0.373167 0.461711 0.374134 0.459544 0.374995 0.456310 0.376338 0.455664 0.376912 0.455443 0.377787 0.457120 0.384736 0.458378 0.392995 0.459026 0.396241 0.459695 0.397431 0.459961 0.399125 0.464107 0.414519 0.465073 0.419333 0.472448 0.422069 0.471539 0.417769 0.469990 0.410199 0.468443 0.399190 0.467281 0.391444 0.465167 0.378454
6 0.563034 0.523880 0.571714 0.528486 0.571143 0.531778 0.569651 0.537222 0.562258 0.533551 0.560844 0.526384
6 0.574992 0.532866 0.580198 0.536222 0.578107 0.536222 0.575766 0.536370 0.573758 0.537412
5 0.596536 0.518088 0.604487 0.530940 0.606102 0.534454 0.607190 0.536241 0.605768 0.539509 0.604513 0.540995 0.602680 0.544046 0.598568 0.540995 0.594786 0.538958
5 0.595812 0.541093 0.595721 0.545694 0.600240 0.550157 0.603091 0.546648 0.599820 0.544269
6 0.480385 0.565204 0.476409 0.575870 0.478505 0.581394 0.481977 0.574329 0.481172 0.571787
6 0.580198 0.536222 0.583297 0.537912 0.585375 0.538676 0.586773 0.538468 0.587693 0.539657 0.590435 0.539704 0.590289 0.545102 0.589151 0.543727 0.586539 0.544931 0.585133 0.544995 0.583294 0.543958 0.581786 0.542468 0.581872 0.540241 0.581536 0.538009
5 0.582281 0.495037 0.583732 0.506907 0.585862 0.522907 0.586878 0.533782 0.585812 0.531546 0.585232 0.525523 0.579328 0.511588
5 0.587990 0.506394 0.589190 0.506958 0.591224 0.506616 0.592867 0.504208 0.593508 0.503981 0.592862 0.511750 0.590938 0.536731 0.588862 0.522046 0.587349 0.510796 0.586927 0.506736
6 0.554349 0.452870 0.566719 0.456148 0.569547 0.457792 0.569854 0.462519 0.569070 0.467694 0.551940 0.459134
5 0.556586 0.471157 0.572779 0.485968 0.576583 0.488755 0.577815 0.488755 0.579159 0.490745 0.576523 0.504361 0.574781 0.501611 0.572458 0.504704
5 0.554362 0.467801 0.556586 0.471157 0.572779 0.485968 0.576583 0.488755 0.577815 0.488755 0.580279 0.485569 0.581380 0.479954 0.581411 0.477639 0.582414 0.473620 0.583083 0.470796 0.582414 0.469755 0.582497 0.468120 0.583586 0.467972 0.576359 0.458699 0.574576 0.452856 0.570935 0.456250 0.569547 0.457792 0.569854 0.462519 0.569070 0.467694 0.551940 0.459134 0.551263 0.460745 0.571490 0.470727 0.570424 0.476921
5 0.581167 0.447616 0.577180 0.451935 0.574576 0.452856 0.576359 0.458699 0.583586 0.467972 0.584357 0.469190 0.587031 0.471273 0.588018 0.464995 0.589190 0.462769 0.590547 0.461287 0.591555 0.459495 0.589776 0.457713 0.586430 0.455185 0.586964 0.453727 0.584578 0.450644
6 0.443279 0.451310 0.449875 0.487556 0.448674 0.487819 0.441781 0.466236 0.438781 0.450245
15 0.449875 0.487556 0.455203 0.485769 0.452315 0.496778 0.450391 0.495523 0.448674 0.487819
8 0.471732 0.452250 0.467924 0.470162 0.466917 0.474144 0.465573 0.474542 0.464901 0.472750 0.464901 0.472352 0.471172 0.447074 0.471630 0.450597
8 0.477219 0.430352 0.475203 0.439310 0.474195 0.432343 0.474867 0.429954
5 0.461406 0.480190 0.471375 0.481907 0.473794 0.472963 0.473187 0.463236 0.472633 0.458338 0.470503 0.458338 0.467924 0.470162 0.466917 0.474144 0.465573 0.474542 0.464901 0.472750 0.464901 0.472352 0.468471 0.458167 0.467503 0.457995
5 0.447273 0.454722 0.463250 0.457847 0.460826 0.466917 0.456807 0.480449 0.449867 0.479111 0.448276 0.478218 0.443927 0.454722
6 0.459870 0.487468 0.458781 0.509324 0.455854 0.511259 0.457445 0.493713 0.459451 0.487019
15 0.460203 0.484046 0.466562 0.481963 0.468068 0.491926 0.459451 0.495199 0.459870 0.487468 0.459451 0.487019
6 0.522034 0.610468 0.519776 0.613296 0.511911 0.620880 0.508901 0.624296 0.512247 0.627125 0.523622 0.614634 0.523333 0.612176
6 0.508901 0.624296 0.512247 0.627125 0.519878 0.631852 0.521615 0.633394 0.527904 0.632495 0.528120 0.634806 0.524867 0.635319 0.522120 0.635319 0.509768 0.628005
6 0.488143 0.610144 0.494937 0.614898 0.497034 0.620940 0.489805 0.616699
6 0.489805 0.616699 0.490745 0.623111 0.493419 0.624139 0.497294 0.622032 0.497034 0.620940
6 0.482987 0.577667 0.479953 0.586278 0.482049 0.592190 0.484940 0.583324
5 0.520779 0.555116 0.514198 0.564750 0.511391 0.567157 0.510424 0.567847 0.507328 0.574384 0.503648 0.583505 0.499479 0.593949 0.504753 0.603537 0.506141 0.610944 0.508404 0.622032 0.509167 0.621060 0.515602 0.602292 0.508245 0.592838 0.512130 0.581088 0.520255 0.587560 0.522404 0.588958 0.525096 0.579838 0.525966 0.575847 0.527591 0.571287 0.528841 0.567745 0.528841 0.567074 0.527281 0.566181 0.526344 0.564528
14 0.523333 0.612176 0.523622 0.614634 0.523622 0.614634 0.524359 0.620542 0.526023 0.626583 0.527904 0.632495 0.528120 0.634806 0.528409 0.636352 0.536940 0.642903 0.538385 0.643292 0.540047 0.642648 0.540914 0.641106 0.540844 0.638662 0.540698 0.636866 0.541422 0.636477 0.542578 0.637505 0.542578 0.635194 0.534932 0.627153
14 0.530042 0.594454 0.532357 0.590597 0.539802 0.591241 0.545367 0.606921 0.546596 0.606921 0.546885 0.609745 0.540076 0.603477
6 0.529086 0.590569 0.537456 0.587111 0.539021 0.591144 0.532357 0.590597 0.530042 0.594454 0.529362 0.593806 0.528221 0.592968
6 0.538911 0.586347 0.543070 0.584810 0.544206 0.589514 0.540695 0.590759
2 0.588018 0.722718 0.579732 0.724509 0.579284 0.747005 0.561591 0.751384 0.559576 0.761019 0.558792 0.763528 0.580180 0.757954 0.580852 0.761736 0.582979 0.756361 0.585107 0.753773 0.585555 0.753574 0.590034 0.758153 0.590594 0.761338 0.592495 0.763329 0.593167 0.764125 0.595406 0.762731 0.596078 0.761139 0.595406 0.754769 0.592273 0.754769 0.592161 0.753375 0.606604 0.751583 0.611531 0.749792 0.612763 0.748398 0.613714 0.744991 0.611198 0.736731 0.608430 0.737389 0.598094 0.740833 0.590594 0.742824
8 0.523430 0.465824 0.529643 0.481875 0.530128 0.483421 0.530398 0.485264 0.530398 0.487157 0.529625 0.487500 0.528271 0.485954 0.528271 0.482685 0.527979 0.479931 0.526529 0.479069 0.526141 0.478384 0.521393 0.464190
8 0.520141 0.478898 0.522948 0.497306 0.524010 0.506597 0.525034 0.511671 0.524302 0.513824 0.523333 0.513134 0.522560 0.510042 0.521687 0.500921 0.521206 0.498685 0.519076 0.486639 0.518591 0.481824 0.518398 0.478208 0.518206 0.475287 0.519464 0.473907
1 0.538385 0.554380 0.545245 0.559435 0.551768 0.564787 0.549760 0.561069 0.544992 0.552597 0.542940 0.548579 0.540617 0.544106 0.539940 0.545139 0.536534 0.534644 0.541094 0.543426 0.547167 0.552894 0.552018 0.561963 0.555281 0.567315 0.559797 0.570884 0.560719 0.572671 0.560383 0.574009 0.558208 0.572370 0.552354 0.567019 0.547419 0.563005 0.546068 0.562917 0.540070 0.559269 0.536714 0.556167
1 0.557693 0.543921 0.556320 0.554074 0.557404 0.555486 0.558490 0.544046
6 0.549596 0.540449 0.553500 0.544949 0.551693 0.546231 0.551622 0.547903 0.547297 0.542556
1 0.572628 0.611764 0.570453 0.609532 0.565268 0.604625 0.558995 0.599273 0.557070 0.593620 0.556654 0.582319 0.556820 0.571912 0.555315 0.570870 0.555315 0.577713 0.555661 0.589116 0.556112 0.600042 0.560607 0.603505 0.565167 0.607644 0.570521 0.611213 0.572964 0.613843
6 0.517568 0.532713 0.522669 0.548032 0.525680 0.558588 0.527281 0.566181 0.526344 0.564528 0.520779 0.555116 0.517065 0.544014 0.518000 0.543292 0.516982 0.532861
1 0.579917 0.629620 0.574992 0.625704 0.573716 0.624106 0.571190 0.621917 0.566154 0.617097 0.558659 0.611769 0.551839 0.607000 0.546128 0.603218 0.540695 0.590759 0.538911 0.586347 0.534370 0.575949 0.535826 0.568981 0.545391 0.574907 0.544560 0.572366 0.536161 0.566792 0.537057 0.561019 0.537729 0.556838 0.536714 0.556167 0.534258 0.565199 0.532242 0.565199 0.530786 0.565000 0.531346 0.566593 0.529667 0.568981 0.532018 0.575551 0.533362 0.576347 0.531682 0.581324 0.530003 0.585704 0.528995 0.588088 0.528099 0.590278 0.529086 0.590569 0.531906 0.585505 0.533698 0.578935 0.537456 0.587111 0.539021 0.591144 0.539802 0.591241 0.545367 0.606921 0.546596 0.606921 0.552510 0.610384 0.558669 0.614565 0.561823 0.616565 0.562659 0.616565 0.564583 0.618944 0.566591 0.619690 0.571190 0.624000 0.573951 0.626676 0.575036 0.628315 0.580391 0.632625
6 0.583549 0.604269 0.582388 0.607713 0.582581 0.614250 0.584516 0.628528 0.586354 0.621648 0.585292 0.617176
6 0.609805 0.632125 0.613115 0.636306 0.616539 0.640935 0.611740 0.626449 0.609708 0.628856
6 0.608643 0.590833 0.610471 0.595667 0.611141 0.599153 0.609078 0.603597 0.606766 0.597060 0.607870 0.591866
6 0.599375 0.607042 0.603568 0.610926 0.604812 0.612481 0.606206 0.610037 0.603302 0.601468
6 0.585208 0.609310 0.585013 0.613861 0.587398 0.616301 0.588039 0.613958 0.586633 0.610801
6 0.568339 0.516954 0.572688 0.519333 0.573357 0.520375 0.572102 0.526319 0.568003 0.523940 0.565828 0.522454 0.565661 0.520375
6 0.555164 0.602097 0.552654 0.604773 0.554161 0.608491 0.558659 0.611769
6 0.555156 0.612083 0.558258 0.619792 0.560016 0.621579 0.561771 0.619792 0.561070 0.617606 0.560099 0.615630 0.558669 0.614565
6 0.545917 0.532176 0.549893 0.532815 0.546135 0.537699 0.544109 0.537315
6 0.543169 0.528190 0.545917 0.532176 0.544109 0.537315 0.543531 0.537829 0.540568 0.534102
6 0.555521 0.519676 0.554747 0.524662 0.553297 0.528620 0.556393 0.524491
6 0.546424 0.521894 0.544687 0.526903 0.551070 0.531375 0.553297 0.528620 0.550005 0.525009
6 0.556776 0.578912 0.558904 0.576324 0.561031 0.577120 0.561031 0.585083 0.556953 0.590278 0.556654 0.582319
6 0.559688 0.576324 0.560383 0.574009 0.560719 0.572671 0.562151 0.571546 0.566070 0.575528 0.563930 0.587227 0.561255 0.601009 0.558995 0.599273 0.557070 0.593620 0.556953 0.590278 0.561031 0.585083 0.561031 0.577120
8 0.511003 0.529704 0.508411 0.539838 0.508802 0.542144 0.509578 0.542602 0.510227 0.541681 0.512299 0.530167
8 0.516057 0.497227 0.513984 0.508282 0.513724 0.515653 0.515021 0.533852 0.516185 0.544444 0.518000 0.543292 0.516057 0.525329 0.515409 0.516347 0.515409 0.512431 0.516823 0.505046 0.517083 0.500926 0.517740 0.494463
6 0.510227 0.541681 0.508643 0.550051 0.504042 0.572060 0.499479 0.593949 0.498685 0.592750 0.498685 0.592750 0.497099 0.588269 0.504461 0.553921 0.506466 0.544255 0.507974 0.542171 0.508802 0.542144 0.509578 0.542602
5 0.528409 0.636352 0.526674 0.635579 0.524867 0.635319 0.522120 0.635319 0.538771 0.645319 0.546193 0.649718 0.544240 0.647403 0.542867 0.645347 0.541565 0.644190 0.540047 0.642648 0.538385 0.643292 0.536940 0.642903
5 0.515659 0.637495 0.513240 0.639042 0.514641 0.642079 0.518974 0.647014 0.531469 0.658421 0.556273 0.681551 0.558008 0.678468 0.559565 0.677532 0.561299 0.678148 0.568578 0.689574 0.570146 0.693255 0.571893 0.686171 0.571482 0.684069 0.565133 0.677852 0.566039 0.670250 0.556911 0.663236 0.548177 0.656866 0.520518 0.640546
5 0.563260 0.709296 0.566224 0.711352 0.570146 0.693255 0.568411 0.697278 0.566854 0.702213 0.565063 0.705481
1 0.606177 0.738009 0.606862 0.728630 0.607534 0.722856 0.607982 0.717083 0.608542 0.716287 0.609773 0.716486 0.610221 0.717282 0.612013 0.722259 0.616828 0.742167 0.615148 0.744157 0.614589 0.740773 0.612909 0.734005 0.611542 0.731241 0.611177 0.727898 0.610310 0.723917 0.610167 0.721727 0.609583 0.721218 0.609003 0.721866 0.609102 0.726042 0.608430 0.737389
5 0.569971 0.713764 0.574714 0.718926 0.579732 0.724509 0.588018 0.722718 0.589326 0.732343 0.596875 0.736472 0.603648 0.738708 0.606177 0.738009 0.606862 0.728630 0.602719 0.721662 0.597008 0.712704 0.591185 0.701556 0.587805 0.697426 0.580940 0.692593 0.575812 0.687366 0.572789 0.701500
1 0.519279 0.472773 0.524339 0.477273 0.526141 0.478384 0.526529 0.479069 0.527979 0.479931 0.528271 0.482685 0.528271 0.485954 0.527518 0.496421 0.526589 0.503838 0.525034 0.509597 0.524773 0.510171 0.524266 0.507731 0.526146 0.493208 0.527086 0.484468 0.527086 0.481898 0.523687 0.478685 0.519641 0.475343 0.519464 0.473907
8 0.529625 0.487500 0.533901 0.500537 0.534870 0.504676 0.534740 0.506065 0.533229 0.507083 0.532383 0.506704 0.527797 0.492954 0.528271 0.485954
8 0.526474 0.490810 0.522461 0.477875 0.523687 0.478685 0.527086 0.481898 0.527086 0.484468
6 0.521456 0.486944 0.525219 0.500032 0.524266 0.507731 0.524010 0.506597 0.522948 0.497306
6 0.523797 0.482486 0.522461 0.489472 0.521456 0.486944 0.520620 0.483079 0.522461 0.477875
6 0.520461 0.495551 0.517073 0.511556 0.520266 0.514477 0.519589 0.518954 0.515409 0.516347 0.515409 0.512431 0.516823 0.505046 0.517083 0.500926 0.519076 0.486639
1 0.523333 0.513134 0.521604 0.525782 0.516565 0.530759 0.516982 0.532861 0.517568 0.532713 0.522388 0.527375 0.523620 0.520407 0.524302 0.513824
1 0.500440 0.543870 0.499940 0.545204 0.502003 0.546204 0.504312 0.545537 0.507188 0.542981 0.507974 0.542171 0.508802 0.542144 0.508411 0.539838 0.506969 0.541278 0.504875 0.543537 0.502815 0.544870 0.501378 0.544648
1 0.513810 0.532986 0.511146 0.536528 0.510437 0.540542 0.513310 0.536875 0.515021 0.533852
8 0.483893 0.516083 0.485997 0.516657 0.495448 0.520500 0.498471 0.521653 0.501172 0.524625 0.500794 0.525972 0.494583 0.523954 0.484216 0.519731
8 0.506203 0.524463 0.507323 0.524546 0.508255 0.525708 0.508909 0.526870 0.510635 0.526787 0.511849 0.527116 0.512224 0.526537 0.512922 0.526787 0.513297 0.527782 0.513344 0.528778 0.512922 0.529606 0.512299 0.530167 0.511003 0.529704 0.509563 0.528787 0.508630 0.529111 0.505828 0.527616
1 0.555677 0.473704 0.554297 0.470509 0.551516 0.463227 0.551070 0.461282 0.551263 0.460745 0.554362 0.467801 0.556102 0.472361 0.558039 0.478384 0.557555 0.479069
6 0.553500 0.544949 0.554802 0.544792 0.557177 0.547792 0.556320 0.554074 0.555310 0.552880 0.551622 0.547903 0.551693 0.546231
6 0.543948 0.512208 0.545789 0.515481 0.541438 0.523065
6 0.547711 0.512060 0.545789 0.515481 0.541438 0.523065 0.539786 0.530444 0.538760 0.531718 0.540568 0.534102 0.543169 0.528190 0.546424 0.521894 0.548799 0.518602
6 0.525438 0.577954 0.530932 0.582833 0.530003 0.585704 0.528995 0.588088 0.528474 0.589389 0.523703 0.584375 0.525096 0.579838
6 0.528841 0.567074 0.528841 0.567745 0.527591 0.571287 0.527161 0.572472 0.530932 0.582833 0.531682 0.581324 0.533362 0.576347 0.532018 0.575551 0.529667 0.568981
6 0.558336 0.550449 0.562008 0.553523 0.563846 0.563583 0.557404 0.555486 0.557904 0.550356
6 0.531906 0.585505 0.532935 0.589000 0.537456 0.587111 0.533698 0.578935
6 0.544206 0.589514 0.545352 0.592037 0.553133 0.607819 0.551839 0.607000 0.546128 0.603218 0.540695 0.590759
6 0.546596 0.606921 0.548867 0.611546 0.552451 0.614926 0.557036 0.618870 0.553711 0.612190 0.552510 0.610384
6 0.547789 0.596560 0.552417 0.597847 0.553430 0.597588 0.549513 0.586532 0.547771 0.589972 0.546318 0.592037 0.545352 0.592037
3 0.590211 0.595727 0.592357 0.590912 0.593047 0.589713 0.594719 0.587185 0.596698 0.583861 0.597023 0.583611 0.597664 0.584199 0.595279 0.588694 0.591953 0.598977 0.591471 0.598380 0.593523 0.591245 0.593336 0.591162 0.591049 0.596472 0.590583 0.597384 0.590109 0.596745
6 0.484940 0.583324 0.482049 0.592190 0.483299 0.597667 0.485250 0.594968 0.487130 0.590597 0.485852 0.586579
6 0.498161 0.558306 0.498328 0.580611 0.498328 0.582843 0.497099 0.588269 0.494315 0.581056 0.494398 0.571389
6 0.465797 0.527481 0.465146 0.539819 0.468190 0.549329 0.469273 0.538278 0.469565 0.530310 0.467573 0.528787
8 0.494021 0.439421 0.491344 0.456375 0.485740 0.491468 0.487078 0.492060 0.488000 0.492060 0.493688 0.453995 0.495443 0.439273 0.496195 0.438528 0.496195 0.437639 0.495443 0.436894 0.494607 0.436745 0.493771 0.437042 0.493435 0.437486 0.493185 0.438829
5 0.473490 0.428995 0.477745 0.454477 0.480768 0.482148 0.481727 0.492356 0.483232 0.504106 0.483164 0.507667 0.485583 0.535097 0.485919 0.545250 0.491057 0.556060 0.491753 0.574236 0.498685 0.592750 0.504753 0.603537 0.506141 0.610944 0.508404 0.622032 0.509768 0.628005 0.510888 0.633977 0.514641 0.642079 0.518974 0.647014 0.531469 0.658421 0.556273 0.681551 0.558008 0.678468 0.559565 0.677532 0.561299 0.678148 0.568578 0.689574 0.570146 0.693255 0.568411 0.697278 0.566854 0.702213 0.565063 0.705481 0.561479 0.703292 0.558703 0.708685 0.553664 0.701898 0.538401 0.682167 0.527651 0.668593 0.517943 0.657801 0.508750 0.645481 0.505794 0.636843 0.501729 0.619218 0.497294 0.622032 0.485852 0.586579 0.481172 0.571787 0.479089 0.551741 0.477500 0.535833 0.475271 0.531375 0.475271 0.525843 0.477701 0.510116 0.477701 0.503944 0.475964 0.493773 0.474409 0.482046 0.473187 0.463236 0.472492 0.456468 0.471630 0.450597 0.470792 0.445819 0.469112 0.439250 0.468552 0.438653 0.466622 0.427421 0.466622 0.427421 0.472385 0.428778
1 0.527010 0.545014 0.526341 0.548579 0.533617 0.553338 0.534956 0.551106
6 0.495711 0.548750 0.491229 0.562634 0.491057 0.556060 0.490289 0.554407 0.492458 0.548236 0.493760 0.548880
6 0.497375 0.548111 0.491591 0.571241 0.491229 0.562634 0.495711 0.548750
6 0.506776 0.575556 0.503766 0.575106 0.503648 0.583505
6 0.498328 0.567227 0.501591 0.567375 0.498328 0.582843 0.498328 0.580611
6 0.527010 0.545014 0.523781 0.551093 0.525706 0.556000 0.527281 0.566181 0.528841 0.567074 0.529667 0.568981 0.531346 0.566593 0.530786 0.565000 0.530263 0.560620 0.529552 0.556000 0.528130 0.549755 0.526341 0.548579
6 0.503219 0.536194 0.507469 0.538741 0.506969 0.541278 0.505719 0.542519 0.502409 0.540519
6 0.510437 0.540542 0.515940 0.543241 0.515503 0.547569 0.509693 0.544458 0.510227 0.541681
3 0.478479 0.548014 0.476354 0.549236 0.474854 0.550236 0.474729 0.552014 0.475104 0.552458 0.476542 0.551125 0.478792 0.549236
3 0.486367 0.540847 0.488076 0.539171 0.488740 0.539236 0.489089 0.539977 0.488878 0.540537 0.487240 0.541713
3 0.489542 0.537065 0.490099 0.533903 0.490307 0.532356 0.490518 0.529130 0.491354 0.529565 0.491250 0.533843 0.491039 0.535824 0.490344 0.537685
3 0.489331 0.521819 0.489263 0.522750 0.486961 0.524236 0.487901 0.525102 0.489646 0.523741 0.490237 0.526713 0.491284 0.527708 0.490622 0.524421 0.490622 0.522440
8 0.521552 0.448894 0.522526 0.450574 0.522526 0.452505 0.521523 0.458009 0.516003 0.480907 0.514914 0.487153 0.514294 0.486764 0.512573 0.487898 0.518094 0.463361 0.520245 0.453667 0.520682 0.449782
6 0.473966 0.535449 0.471003 0.553699 0.471742 0.554435 0.474471 0.556782 0.475104 0.552458 0.474729 0.552014 0.474854 0.550236 0.476354 0.549236 0.477797 0.539949 0.477500 0.535833 0.474682 0.534144
6 0.471227 0.504093 0.470938 0.512403 0.470625 0.513625 0.470187 0.523292 0.469562 0.524065 0.470187 0.525620 0.470250 0.529236 0.465870 0.525426 0.467323 0.509903 0.467909 0.503213 0.468911 0.503806 0.469195 0.503065
6 0.504836 0.547880 0.504461 0.553921 0.501591 0.567375 0.498328 0.567227 0.499484 0.553088 0.500654 0.547287
6 0.487104 0.547917 0.489482 0.545903 0.490516 0.546426 0.492458 0.548236 0.490289 0.554407
6 0.494232 0.542347 0.493315 0.545134 0.493201 0.546426 0.495326 0.546648 0.497576 0.545977 0.497893 0.544880
6 0.496917 0.533542 0.494792 0.540875 0.497393 0.542542 0.498581 0.542319 0.500385 0.536208
6 0.499477 0.525657 0.497229 0.532097 0.500789 0.535106 0.501458 0.532880 0.501458 0.528269 0.502211 0.525741 0.501172 0.524625 0.500794 0.525972
6 0.470388 0.516292 0.472510 0.515069 0.476435 0.518069 0.476073 0.520736 0.470187 0.523292
8 0.503302 0.449356 0.518786 0.459338 0.518398 0.461745 0.506883 0.455380 0.501753 0.451593 0.501268 0.450736 0.501945 0.449704
6 0.494240 0.461144 0.498128 0.473718 0.498505 0.475060 0.497760 0.475616 0.495211 0.475542 0.493266 0.468727 0.492133 0.464310 0.492781 0.461144
6 0.495583 0.477671 0.496826 0.483051 0.497594 0.484241 0.499852 0.484833 0.502656 0.487468 0.501362 0.483241 0.499370 0.481384 0.499042 0.479727 0.499557 0.479644 0.499099 0.477694
8 0.493693 0.457745 0.492943 0.458745 0.492781 0.461144 0.494240 0.461144 0.494755 0.462852 0.503937 0.465963 0.509938 0.467963 0.510250 0.464852 0.513247 0.468407 0.516747 0.469519 0.518094 0.463361 0.516560 0.462741 0.515622 0.463296 0.515435 0.463963 0.505500 0.461519 0.499940 0.459745 0.498253 0.459523
8 0.487422 0.447847 0.484669 0.442620 0.484995 0.441625 0.485461 0.441625 0.487935 0.446106 0.488354 0.447269 0.488354 0.448181
6 0.487794 0.441542 0.489990 0.448926 0.488354 0.448181 0.488354 0.447269 0.487935 0.446106 0.485461 0.441625 0.484995 0.441625 0.484669 0.442620 0.487422 0.447847 0.484854 0.446602 0.483409 0.442537 0.484341 0.441125 0.485229 0.440046 0.485974 0.439384 0.486443 0.439384
8 0.510635 0.526787 0.510583 0.525338 0.510747 0.523514 0.510964 0.522556 0.511448 0.522361 0.511987 0.523130 0.512419 0.523611 0.511987 0.525144 0.511849 0.527116
6 0.520995 0.445449 0.531706 0.450269 0.532964 0.457838 0.529552 0.457264 0.525831 0.452106 0.522870 0.448338
6 0.477117 0.443315 0.480552 0.445093 0.480177 0.449870 0.476930 0.449204 0.475867 0.443426
8 0.508117 0.456014 0.507682 0.457301 0.507682 0.458199 0.507898 0.458713 0.512021 0.460769 0.516560 0.462741 0.518094 0.463361 0.518398 0.461745
6 0.506880 0.440829 0.506943 0.444713 0.507956 0.444648 0.508643 0.445537 0.509643 0.445870 0.510143 0.445315 0.510456 0.444093 0.510706 0.442981 0.510687 0.441551
6 0.485049 0.451824 0.483531 0.457736 0.486857 0.458509 0.487505 0.453366
6 0.514078 0.446537 0.516607 0.449407 0.516828 0.450981 0.515453 0.452093 0.514703 0.453310 0.514766 0.454310 0.512891 0.453088 0.512641 0.450537 0.513578 0.450537 0.513828 0.448648
8 0.463823 0.504296 0.460354 0.507384 0.458781 0.509324 0.455854 0.511259 0.456451 0.513681 0.458401 0.512394 0.462016 0.509056 0.463823 0.506995 0.464693 0.505069 0.465052 0.503657
6 0.520401 0.509653 0.517224 0.510694 0.517073 0.511556 0.520266 0.514477 0.520318 0.512625
2 0.637750 0.614301 0.635419 0.620060 0.633815 0.619051 0.632943 0.620255 0.630427 0.618532 0.628008 0.620597 0.628008 0.620597 0.627138 0.621287 0.626073 0.623181 0.624911 0.624556 0.625977 0.626963 0.627234 0.628338 0.627719 0.630060 0.625492 0.634532 0.631930 0.657171 0.634747 0.657426 0.636888 0.657273 0.639708 0.656889 0.643206 0.656014 0.645247 0.653903 0.645737 0.652542 0.645232 0.649718 0.648701 0.645731 0.648846 0.642773 0.649135 0.637380 0.649206 0.634292 0.648195 0.632880 0.646966 0.628769 0.646099 0.624912 0.645013 0.624912 0.643857 0.624912 0.643279 0.620028 0.643062 0.618227 0.643714 0.616171 0.643857 0.615273 0.642411 0.613602 0.641617 0.611931 0.640315 0.610773 0.639737 0.610648
2 0.621297 0.552574 0.619482 0.547509 0.617927 0.548199 0.616289 0.551435 0.612805 0.557630 0.611966 0.555556 0.610711 0.555259 0.610711 0.557338 0.610964 0.559569 0.610042 0.559866 0.607031 0.561352 0.605836 0.561069 0.603612 0.562792 0.601336 0.572222 0.600331 0.577431 0.606766 0.597060 0.607870 0.591866 0.608643 0.590833 0.609951 0.591468 0.611206 0.589236 0.614049 0.590278 0.614458 0.589801 0.617654 0.587565 0.621138 0.586875 0.620323 0.586718 0.620323 0.585306 0.621094 0.585282 0.626479 0.581366 0.627904 0.580907 0.625182 0.569389 0.623500 0.565014 0.620909 0.556954
10 0.573758 0.537412 0.575766 0.536370 0.578107 0.536222 0.580198 0.536222 0.581536 0.538009 0.581872 0.540241 0.581786 0.542468 0.583294 0.543958 0.585133 0.544995 0.586539 0.544931 0.587893 0.547514 0.589443 0.552157 0.589732 0.557148 0.589901 0.559569 0.589568 0.563287 0.589901 0.570722 0.591240 0.572060 0.591406 0.574292 0.591490 0.575778 0.590320 0.577861 0.588060 0.579644 0.585802 0.579644 0.584130 0.579940 0.582958 0.580241 0.582792 0.582616 0.583964 0.583065 0.584716 0.583806 0.583711 0.584403 0.582875 0.586185 0.582708 0.587676 0.579987 0.584366 0.569617 0.571153 0.568424 0.564481 0.568943 0.557574 0.571143 0.549741
6 0.394469 0.202204 0.391781 0.203796 0.397380 0.227282 0.401523 0.229273
