5 0.481190 0.463042 0.483417 0.486972 0.483901 0.501255 0.484190 0.508824 0.484578 0.510528 0.484771 0.529454 0.489224 0.522417 0.493286 0.516894 0.489224 0.494181 0.484740 0.477546 0.483984 0.473519 0.483021 0.469630 0.482500 0.467315
8 0.486875 0.478056 0.488365 0.472370 0.490318 0.471213 0.489594 0.475968 0.489115 0.479861
8 0.490419 0.481125 0.490318 0.471213 0.491979 0.470829 0.492464 0.479556 0.492247 0.482769
5 0.451302 0.168981 0.452758 0.169769 0.453948 0.170727 0.460318 0.170440 0.470849 0.170250 0.472685 0.170153 0.476086 0.169958 0.477599 0.170153 0.476573 0.175241 0.475763 0.177449 0.465935 0.177449 0.452219 0.177065 0.451409 0.176778 0.450490 0.173222 0.449818 0.170602
5 0.478776 0.169954 0.481508 0.169843 0.481089 0.174407 0.480807 0.177727 0.478203 0.177176
5 0.495365 0.152593 0.498443 0.154218 0.495312 0.155833
5 0.484456 0.156426 0.486234 0.157282 0.488008 0.157782 0.490607 0.158662 0.492341 0.157759 0.492125 0.151528 0.491276 0.150898 0.488977 0.149606 0.487927 0.149037 0.485753 0.148264 0.484943 0.152296
8 0.466776 0.142824 0.468865 0.141708 0.469445 0.142032 0.469237 0.143269 0.467599 0.146245 0.466240 0.149032 0.465471 0.149778 0.464531 0.148722 0.464146 0.147731 0.463680 0.146528 0.463961 0.144620
8 0.564974 0.490417 0.569557 0.489907 0.571146 0.489861 0.572370 0.489583 0.579375 0.488519 0.579740 0.491296 0.579557 0.494630 0.572031 0.496065 0.569792 0.496343 0.564161 0.496352
8 0.572031 0.496065 0.572682 0.505708 0.570667 0.507102 0.569792 0.496343
8 0.566862 0.481963 0.570729 0.485000 0.572516 0.486481 0.572727 0.487606 0.572370 0.489583 0.569742 0.489801 0.566198 0.484907
8 0.423341 0.200653 0.423594 0.191204 0.424661 0.188750 0.429904 0.178106 0.431464 0.174884 0.433276 0.175551 0.434214 0.176329 0.433701 0.178625 0.432771 0.180991 0.431805 0.182926 0.431089 0.184324 0.424779 0.197324
5 0.415911 0.214537 0.419763 0.214565 0.419948 0.211995 0.421091 0.202731
8 0.535000 0.442130 0.536563 0.445694 0.537917 0.449352 0.538229 0.450972 0.537865 0.451481 0.536875 0.451667 0.536198 0.451065 0.534820 0.445787
8 0.535547 0.437468 0.538776 0.442685 0.540357 0.444792 0.545411 0.451176 0.547469 0.453963 0.548305 0.455144 0.547190 0.457435 0.545271 0.455144 0.539659 0.448139 0.536591 0.444111 0.535078 0.441389 0.535385 0.438972
8 0.545411 0.451176 0.543698 0.446481 0.541224 0.438565 0.540521 0.436296 0.539531 0.433889 0.537943 0.428611 0.536674 0.425347 0.537396 0.420787 0.538854 0.424861 0.541016 0.431852 0.541849 0.434583 0.543802 0.440046 0.545208 0.444861 0.546667 0.449028 0.548099 0.453009 0.548305 0.455144 0.547469 0.453963
8 0.538776 0.442685 0.539141 0.435741 0.539531 0.433889 0.540521 0.436296 0.540357 0.444792
8 0.532453 0.449019 0.531417 0.447968 0.528490 0.444398 0.527034 0.443685 0.528388 0.447301 0.532156 0.451199
8 0.516198 0.407597 0.512266 0.398097 0.511445 0.395648 0.513745 0.397727 0.517552 0.407130
5 0.519667 0.413509 0.521620 0.411968 0.524115 0.410741 0.530995 0.429699 0.530182 0.433292 0.529549 0.435806 0.528052 0.435810 0.526052 0.431148 0.518617 0.413819
8 0.526797 0.409398 0.528224 0.411370 0.528750 0.413310 0.529234 0.415889 0.529396 0.417611 0.527982 0.417829 0.527339 0.414815 0.526531 0.412519 0.525724 0.411444 0.524115 0.410741
8 0.527708 0.409028 0.528224 0.411370 0.528750 0.413310 0.529234 0.415889 0.529396 0.417611 0.530836 0.423685 0.531484 0.427176 0.531979 0.423750 0.531768 0.422454 0.528794 0.408310
8 0.563516 0.400139 0.561823 0.380000 0.564609 0.383472 0.566510 0.409537
8 0.417872 0.279245 0.418901 0.273449 0.419117 0.270954 0.419982 0.268074 0.421169 0.262310 0.421563 0.261435 0.421563 0.260185 0.421458 0.259120 0.419948 0.260000 0.417849 0.266338 0.416823 0.271565 0.416201 0.274338 0.416201 0.277458 0.417203 0.277907
8 0.448906 0.166389 0.451992 0.164537 0.453719 0.163866 0.455880 0.163287 0.456906 0.163481 0.459115 0.163056 0.464195 0.163481 0.464180 0.164968 0.463802 0.166694 0.459536 0.166505 0.457214 0.166505 0.454406 0.166218 0.453003 0.167560 0.451302 0.168981 0.449818 0.170602
5 0.456906 0.163481 0.458125 0.158477 0.458542 0.158426 0.461891 0.159093 0.465779 0.159190 0.466859 0.160245 0.468052 0.162903 0.464195 0.163481 0.459115 0.163056
5 0.457214 0.166505 0.459536 0.166505 0.463802 0.166694 0.464180 0.164968 0.469352 0.164699 0.469841 0.167273 0.470849 0.170250 0.460318 0.170440 0.459888 0.168616
8 0.518375 0.494560 0.535182 0.490185 0.541219 0.488190 0.541779 0.491574 0.540771 0.495157 0.537076 0.495954 0.533828 0.495157 0.525206 0.498940 0.520727 0.501329 0.517367 0.501926 0.514568 0.500134 0.515240 0.496551
8 0.410964 0.313750 0.409271 0.324954 0.410628 0.329023 0.411656 0.322389 0.412745 0.316301 0.412760 0.316111
6 0.409271 0.324954 0.404177 0.307194 0.406651 0.309241 0.409477 0.312028 0.410964 0.313750
6 0.403203 0.303889 0.401747 0.297204 0.404594 0.297204 0.405667 0.297704 0.406648 0.299778 0.407440 0.302514 0.408935 0.306250 0.409719 0.309366 0.407315 0.307134 0.405117 0.305338
8 0.428724 0.298009 0.431391 0.294042 0.434198 0.293176 0.433427 0.295241 0.431719 0.299259
8 0.435128 0.337130 0.436893 0.339176 0.436143 0.340065 0.434885 0.338639
8 0.437169 0.328407 0.438406 0.327713 0.439279 0.327069 0.440495 0.325833 0.441258 0.328167 0.440680 0.329829 0.435893 0.331755 0.436172 0.328935
8 0.488581 0.298486 0.490281 0.296708 0.491357 0.295630 0.492755 0.295546 0.494016 0.297204 0.494250 0.298782 0.492010 0.301190 0.491776 0.302931 0.491169 0.304343 0.489536 0.304421 0.488148 0.303630 0.488437 0.301444
8 0.495938 0.292407 0.497005 0.291616 0.497891 0.290968 0.498883 0.290458 0.499818 0.289625 0.500990 0.288931 0.504453 0.289736 0.505391 0.290514 0.505078 0.292292 0.502266 0.295069 0.499706 0.297181
5 0.493880 0.271898 0.495893 0.273745 0.496271 0.275185 0.495841 0.277778 0.494867 0.280273 0.494435 0.282769 0.493789 0.285074 0.492630 0.287870 0.491935 0.288190 0.490750 0.287051 0.492268 0.280366
8 0.514760 0.293421 0.512521 0.291264 0.507060 0.287282 0.507154 0.290847 0.508740 0.291764 0.510234 0.292926 0.512148 0.294083 0.514995 0.296079 0.515789 0.295745
8 0.489901 0.237389 0.482685 0.232153 0.482237 0.232153 0.481591 0.233444 0.482161 0.234662 0.483773 0.235741 0.489984 0.240014 0.491385 0.239755 0.490190 0.237653
8 0.518776 0.200880 0.517492 0.204662 0.516367 0.207329 0.515737 0.209755 0.515000 0.212593 0.514167 0.215046 0.513557 0.217218 0.512240 0.222546 0.510807 0.227769 0.510120 0.230102 0.510120 0.232319 0.510432 0.235653 0.510870 0.238542 0.511682 0.242653 0.512682 0.248204 0.513932 0.254759 0.514432 0.257315 0.514661 0.259491 0.515680 0.263421 0.515992 0.265866 0.517180 0.270755 0.518055 0.275750 0.518742 0.279528 0.519617 0.283306 0.520867 0.287861 0.522180 0.294190 0.522802 0.296856 0.524177 0.297412 0.523990 0.295634 0.522802 0.291856 0.522055 0.288194 0.521180 0.283861 0.520617 0.281083 0.519867 0.277861 0.519180 0.275194 0.518430 0.271644 0.518055 0.268644 0.517305 0.265088 0.516805 0.262199 0.516146 0.259306 0.515242 0.255537 0.514182 0.250870 0.513557 0.247648 0.512557 0.241208 0.511495 0.234431 0.511495 0.232764 0.511995 0.230546 0.512682 0.226769 0.513620 0.223880 0.514453 0.220278 0.516180 0.215329 0.516680 0.212551 0.517242 0.210995 0.517555 0.209218 0.518055 0.206884 0.519492 0.203995 0.520852 0.200681
8 0.505479 0.266856 0.508578 0.265343 0.511750 0.264347 0.512604 0.264167 0.513437 0.266852 0.512638 0.267088 0.510771 0.267833 0.508997 0.268995 0.506693 0.269843
8 0.480919 0.217648 0.484253 0.224546 0.488253 0.233208 0.490190 0.237653 0.491385 0.239755 0.492969 0.243069 0.494750 0.247093 0.495451 0.249653 0.496896 0.252093 0.497328 0.253894 0.498659 0.257130 0.501560 0.263199 0.504247 0.268644 0.505138 0.272106 0.506273 0.271912 0.507190 0.276519 0.509120 0.280083 0.511659 0.285755 0.512732 0.287662 0.514760 0.293421 0.515789 0.295745 0.520117 0.306963 0.522367 0.312407 0.523177 0.314954 0.523589 0.316329 0.524284 0.317944 0.525297 0.319676 0.526203 0.321477 0.526690 0.322282 0.527247 0.323333 0.528086 0.325505 0.528747 0.327796 0.532737 0.337509 0.534924 0.342287 0.535674 0.344509 0.537112 0.343287 0.534362 0.336731 0.529052 0.322958 0.527266 0.318704 0.526563 0.316343 0.524240 0.310407 0.521930 0.305630 0.519833 0.300866 0.518055 0.296412 0.516523 0.292259 0.515484 0.289389 0.511641 0.280648 0.509182 0.274644 0.506693 0.269843 0.505479 0.266856 0.504266 0.263949 0.502560 0.259537 0.499560 0.253093 0.498646 0.250718 0.494271 0.241574 0.493534 0.239898 0.492292 0.237208 0.488378 0.227991 0.486065 0.222880 0.483315 0.217218 0.482656 0.214722 0.480846 0.214565 0.480992 0.215338
8 0.477221 0.389319 0.478615 0.389056 0.484417 0.385394 0.486628 0.384162 0.489503 0.382162 0.490875 0.378384 0.493062 0.376606 0.496607 0.373028 0.497617 0.372130 0.501693 0.368565 0.503125 0.367222 0.506437 0.365060 0.509836 0.362616 0.511570 0.361333 0.515690 0.357644 0.517828 0.356394 0.518586 0.355815 0.519508 0.355097 0.521969 0.353708 0.523385 0.352731 0.527578 0.349676 0.530148 0.347838 0.533547 0.345653 0.534549 0.344954 0.535674 0.344509 0.537112 0.343287 0.539615 0.342009 0.544089 0.339907 0.545417 0.339352 0.548727 0.337944 0.550753 0.336787 0.554221 0.333444 0.556102 0.332417 0.557404 0.331389 0.558052 0.333185 0.557693 0.334602 0.554367 0.336144 0.552271 0.338069 0.551404 0.340000 0.550753 0.341028 0.548510 0.342440 0.547281 0.343083 0.546198 0.343981 0.545112 0.345009 0.542727 0.346551 0.540487 0.348736 0.539474 0.349894 0.538607 0.350537 0.537234 0.351565 0.533979 0.353620 0.531089 0.355551 0.529354 0.356190 0.526753 0.357606 0.524076 0.358505 0.521112 0.359917 0.518799 0.360949 0.516125 0.362102 0.512656 0.363935 0.511224 0.365231 0.508508 0.366935 0.506943 0.368144 0.503979 0.370199 0.503112 0.371227 0.499065 0.374185 0.497979 0.375213 0.496245 0.376884 0.496896 0.377269 0.499859 0.377528 0.501089 0.377139 0.502318 0.377528 0.502534 0.379708 0.501289 0.380056 0.499555 0.380343 0.498469 0.380417 0.496854 0.380486 0.495232 0.381380 0.492773 0.382921 0.490534 0.384852 0.488943 0.385620 0.486781 0.389468 0.486174 0.388639 0.485148 0.389056 0.483747 0.390463 0.482490 0.391625 0.481836 0.390796 0.480669 0.390546 0.480029 0.391912
8 0.552271 0.338069 0.554367 0.336144 0.557693 0.334602 0.560219 0.334310 0.561893 0.334602 0.562109 0.336903 0.560974 0.337194 0.559138 0.337287 0.557518 0.337769 0.555953 0.338634 0.553333 0.340370
8 0.602997 0.534060 0.604677 0.540616 0.606320 0.546454 0.609583 0.546306 0.608271 0.542194 0.607432 0.539125 0.606875 0.535912
8 0.601258 0.526505 0.599727 0.521889 0.600240 0.517412 0.600987 0.515005 0.602214 0.519491 0.603594 0.524306 0.604068 0.527755
8 0.529810 0.648194 0.531797 0.644944 0.533021 0.642870 0.537531 0.636931 0.540234 0.631481 0.543203 0.632315 0.542638 0.633421 0.539531 0.637653 0.536344 0.642171 0.534286 0.644394 0.532956 0.647190 0.531786 0.649056
8 0.538943 0.381736 0.537065 0.376046 0.532966 0.365491 0.529354 0.356190 0.531089 0.355551 0.533719 0.361773 0.536813 0.370250 0.539992 0.378278 0.541714 0.385403 0.540391 0.384120
8 0.591958 0.426106 0.596117 0.446380 0.592854 0.441028 0.588003 0.428537 0.584573 0.420361 0.581115 0.413125 0.589789 0.426620
8 0.441258 0.324042 0.442714 0.324134 0.445846 0.322120 0.446656 0.321546 0.448547 0.320296 0.450167 0.318954 0.452706 0.317032 0.453784 0.316361 0.453029 0.319144 0.451031 0.320681 0.448750 0.322870 0.446875 0.323935 0.445729 0.324815 0.443359 0.326620 0.442336 0.327403
8 0.442714 0.324134 0.439854 0.306009 0.442568 0.306764 0.443904 0.311079 0.445846 0.322120
8 0.443664 0.307069 0.446656 0.321546 0.448547 0.320296 0.447034 0.314634 0.446711 0.312713 0.445448 0.307644
8 0.449063 0.308704 0.451031 0.313097 0.452706 0.317032 0.450167 0.318954 0.447734 0.315417 0.447034 0.314634 0.446711 0.312713 0.445448 0.307644 0.446526 0.308028
8 0.456763 0.313852 0.460172 0.310796 0.461917 0.310241 0.464453 0.310741 0.463380 0.312468 0.460443 0.314769 0.457445 0.316625 0.456602 0.316731 0.455492 0.317449
8 0.467070 0.288750 0.469888 0.288245 0.472034 0.287995 0.473854 0.287495 0.474695 0.290153 0.472500 0.290731 0.469419 0.291315 0.465698 0.292412
8 0.504219 0.260218 0.504359 0.257065 0.504901 0.254366 0.505599 0.250218 0.507253 0.244866 0.507578 0.243787 0.508326 0.247106 0.507299 0.250676 0.506133 0.255403 0.505620 0.260384 0.505758 0.261792 0.505719 0.263736 0.505479 0.266856 0.504266 0.263949
8 0.505758 0.261792 0.507620 0.260903 0.508979 0.259912 0.511003 0.258981 0.511943 0.261338 0.511750 0.264347 0.508578 0.265343 0.505479 0.266856 0.505719 0.263736
8 0.442661 0.358602 0.444125 0.350222 0.445664 0.350639 0.444172 0.359657
8 0.442089 0.360194 0.440708 0.370546 0.441763 0.372560 0.442836 0.368162 0.443583 0.364509 0.444010 0.362250
8 0.454203 0.398852 0.455378 0.399662 0.458927 0.404468 0.460823 0.407333 0.463281 0.410060 0.465581 0.412500 0.468164 0.415009 0.469453 0.416944 0.470706 0.419384 0.471510 0.422468 0.472440 0.425264 0.472922 0.427986 0.473367 0.430926 0.473609 0.432435 0.474070 0.435255 0.475568 0.444477 0.476380 0.450028 0.477193 0.453917 0.478755 0.459583 0.479380 0.464356 0.480505 0.474685 0.482005 0.491458 0.482630 0.507676 0.482255 0.511454 0.482630 0.519449 0.483190 0.519449 0.483815 0.531778 0.483997 0.534736 0.484435 0.545954 0.485185 0.547065 0.486372 0.547287 0.486497 0.545509 0.485372 0.545065 0.484935 0.533292 0.484771 0.529454 0.484578 0.510528 0.484190 0.508824 0.483901 0.501255 0.483417 0.486972 0.481190 0.463042 0.479781 0.455810 0.478852 0.449213 0.477708 0.444259 0.475867 0.436162 0.475141 0.431356 0.474497 0.428778 0.473648 0.424472 0.473044 0.421389 0.472398 0.418236 0.470664 0.414005 0.469898 0.412500 0.468930 0.410417 0.466615 0.407222 0.464169 0.404106 0.460862 0.401815 0.459169 0.400306 0.456951 0.399019 0.454365 0.397704
6 0.479781 0.455810 0.484865 0.448005 0.494112 0.436676 0.489065 0.433255 0.486365 0.438009 0.478852 0.449213
8 0.477708 0.444259 0.485615 0.436676 0.486802 0.435676 0.487005 0.436944 0.486365 0.438009 0.478852 0.449213
8 0.481930 0.426106 0.478539 0.430801 0.475141 0.431356 0.476438 0.427648 0.478677 0.427005
8 0.482995 0.425509 0.486302 0.429722 0.488464 0.429630 0.484461 0.424819
8 0.514870 0.485824 0.508596 0.474912 0.511542 0.473884 0.515115 0.477764 0.516299 0.480551 0.517102 0.482722
8 0.504815 0.464199 0.502245 0.459903 0.499375 0.461898 0.501406 0.465139
8 0.444844 0.347222 0.446086 0.341926 0.446831 0.343505 0.446435 0.348736
8 0.446849 0.338968 0.447266 0.336731 0.449659 0.334829 0.447979 0.341403
8 0.449659 0.334829 0.449529 0.340000 0.449971 0.343657 0.450398 0.346426 0.451359 0.349644 0.452479 0.353792 0.454018 0.357361 0.454044 0.355204 0.453240 0.349894 0.452956 0.346741 0.452271 0.340787 0.451440 0.333773
8 0.453115 0.332431 0.454167 0.340000 0.455378 0.349537 0.455859 0.354199 0.456021 0.356421 0.458805 0.358000 0.458320 0.353194 0.457594 0.347315 0.456667 0.341792 0.456102 0.336486 0.456122 0.333681 0.454773 0.331185
8 0.460781 0.372731 0.460781 0.369722 0.460625 0.368519 0.460260 0.365787 0.459844 0.363426 0.459297 0.361667 0.456458 0.360509 0.455372 0.360514 0.458547 0.367981 0.459617 0.372134
8 0.460781 0.369722 0.461615 0.367963 0.462526 0.364259 0.465208 0.364676 0.465938 0.364907 0.465208 0.368611 0.464479 0.371528 0.463854 0.373380 0.462802 0.374250 0.460781 0.372731
8 0.470880 0.366227 0.475432 0.377634 0.476307 0.376241 0.477422 0.374528 0.478417 0.373565 0.479349 0.372759 0.476062 0.366227 0.473682 0.366227
8 0.475885 0.379940 0.478615 0.389056 0.481461 0.387727 0.477935 0.377421 0.477271 0.378116 0.476458 0.378921
8 0.480029 0.374528 0.483341 0.381662 0.484417 0.385394 0.481461 0.387727 0.477935 0.377421 0.478807 0.375866
8 0.447865 0.353519 0.447672 0.355204 0.447859 0.358190 0.449302 0.364361 0.452003 0.366667 0.451685 0.362588 0.451406 0.359519 0.450990 0.355806
8 0.452003 0.366667 0.451685 0.362588 0.451406 0.359519 0.450990 0.355806 0.452758 0.359931 0.455755 0.365833 0.456352 0.367565 0.456380 0.370231
5 0.464115 0.373472 0.466091 0.376412 0.467542 0.378782 0.468953 0.380431 0.470406 0.381792 0.471727 0.382778 0.472841 0.381597 0.474047 0.379940 0.475432 0.377634 0.470880 0.366227 0.465938 0.364907 0.465208 0.368611 0.464479 0.371528 0.463854 0.373380
8 0.538073 0.338606 0.537372 0.331806 0.536674 0.324917 0.537747 0.325333 0.538167 0.329231 0.538542 0.334375 0.539102 0.338194 0.539240 0.340681
8 0.443583 0.364509 0.444505 0.366204 0.446122 0.370380 0.447849 0.374125 0.449901 0.377676 0.451966 0.380676 0.453039 0.382667 0.453740 0.383495 0.454672 0.378847 0.452945 0.375199 0.449740 0.369676 0.447898 0.366569 0.444010 0.362250
8 0.442836 0.368162 0.444604 0.373671 0.446313 0.384375 0.447232 0.386755 0.449073 0.390023 0.447953 0.384134 0.447198 0.377032 0.446122 0.370380 0.444505 0.366204 0.443583 0.364509
8 0.448115 0.427616 0.444992 0.414838 0.443805 0.409731 0.444242 0.408620 0.445430 0.407509 0.446677 0.407398 0.447927 0.411509 0.449234 0.418755
8 0.452883 0.410120 0.456268 0.433287 0.454542 0.433384 0.451945 0.417120 0.452448 0.414231
8 0.450891 0.424676 0.452596 0.428870 0.453406 0.431370 0.453732 0.433097 0.449594 0.433602 0.450193 0.429370
8 0.456544 0.436273 0.457565 0.440968 0.459240 0.453065 0.457888 0.454986 0.454661 0.436019
8 0.455945 0.476583 0.457122 0.478949 0.458117 0.476593 0.459411 0.474023 0.460271 0.472208 0.459130 0.466407
8 0.471940 0.549519 0.472570 0.548509 0.473760 0.546394 0.475276 0.543593 0.476034 0.542153 0.479130 0.538444 0.483815 0.531778 0.483997 0.534736 0.480247 0.541176 0.477005 0.546759 0.475438 0.548394 0.474359 0.549449 0.472414 0.551755
8 0.475276 0.543593 0.473117 0.525833 0.472685 0.520264 0.472630 0.517866 0.472883 0.516894 0.473258 0.518227 0.474250 0.523528 0.474953 0.531690 0.475385 0.537255 0.476034 0.542153
8 0.475438 0.548394 0.477654 0.558667 0.478031 0.563463 0.479596 0.574602 0.480029 0.582667 0.480732 0.584491 0.481594 0.584296 0.481109 0.575370 0.480732 0.570282 0.479867 0.564903 0.479651 0.562218 0.478896 0.558185 0.477654 0.551847 0.477005 0.546759
5 0.421630 0.213736 0.422982 0.213319 0.424617 0.213074 0.425737 0.213403 0.427625 0.213505 0.427706 0.211708 0.428229 0.209130 0.428552 0.204968 0.428714 0.202102 0.427089 0.201620 0.425268 0.201292 0.423341 0.200653 0.422609 0.202537 0.421768 0.211329
5 0.424779 0.197324 0.426461 0.197889 0.428208 0.197667 0.429440 0.197583 0.429802 0.196148 0.430448 0.191199 0.431174 0.186755 0.431089 0.184324
5 0.423341 0.200653 0.424779 0.197324 0.426461 0.197889 0.428208 0.197667 0.429440 0.197583 0.428714 0.202102 0.427089 0.201620 0.425268 0.201292
5 0.444557 0.152546 0.441958 0.153255 0.439961 0.156042 0.440518 0.161454 0.440956 0.164898 0.441594 0.171519 0.444768 0.169361 0.446682 0.168120 0.447896 0.167370 0.447141 0.162676 0.446016 0.157792
5 0.450927 0.192991 0.453888 0.193000 0.453638 0.190778 0.453013 0.188227 0.451591 0.185463 0.442422 0.181806 0.442953 0.186338 0.443203 0.188671 0.448865 0.191991
8 0.482682 0.302917 0.486414 0.300542 0.485474 0.305171 0.483672 0.306713
8 0.466367 0.211144 0.468909 0.215231 0.470201 0.217884 0.471411 0.218889 0.472339 0.217667 0.471573 0.215806 0.469031 0.212074 0.467982 0.210356
5 0.524216 0.200352 0.528862 0.202370 0.529078 0.204194 0.526161 0.205824 0.522380 0.208130 0.521354 0.209769 0.520599 0.209472 0.518055 0.206884 0.519492 0.203995 0.520852 0.200681
5 0.508594 0.203009 0.512536 0.205000 0.515344 0.206634 0.516367 0.207329 0.517492 0.204662 0.518776 0.200880 0.513958 0.201620
5 0.529078 0.204194 0.531398 0.206185 0.532370 0.207083 0.531633 0.208843 0.529393 0.208593 0.521354 0.209769 0.522380 0.208130 0.526161 0.205824
5 0.529393 0.208593 0.530000 0.210046 0.528552 0.211829 0.527292 0.211912 0.522253 0.212324 0.520599 0.209472 0.521354 0.209769
5 0.515000 0.212593 0.500964 0.212870 0.501904 0.208023 0.502714 0.203532 0.506797 0.203380 0.508594 0.203009 0.512536 0.205000 0.515344 0.206634 0.516367 0.207329 0.515737 0.209755
5 0.499635 0.218565 0.504984 0.216972 0.510445 0.215644 0.514167 0.215046 0.515000 0.212593 0.500964 0.212870 0.500391 0.214583
8 0.433047 0.250417 0.433620 0.247130 0.435393 0.243199 0.436380 0.241157 0.437979 0.245356 0.436534 0.249644 0.436120 0.252315 0.434016 0.250546
8 0.430003 0.257384 0.430365 0.257593 0.432346 0.260009 0.433906 0.262963 0.435424 0.267690 0.436776 0.264519 0.435424 0.260681 0.433430 0.256343 0.431172 0.255898
8 0.432346 0.260009 0.432109 0.262083 0.431096 0.265986 0.429982 0.269583 0.428448 0.265986 0.429214 0.261833 0.429878 0.258921 0.430365 0.257593
8 0.418437 0.296250 0.421589 0.296435 0.421940 0.294069 0.419844 0.293995 0.419115 0.294644
8 0.417852 0.299171 0.416737 0.301648 0.415727 0.304375 0.417680 0.308032 0.418620 0.305185 0.420328 0.299787
8 0.415042 0.298792 0.414711 0.301310 0.413534 0.299324 0.413263 0.298148 0.414047 0.298148
8 0.412813 0.302454 0.412260 0.305773 0.411818 0.308352 0.411615 0.309931 0.411414 0.311579 0.412987 0.312944 0.413229 0.311435 0.413430 0.309144 0.414115 0.304769
8 0.410130 0.297935 0.411422 0.301407 0.412260 0.305773 0.412813 0.302454 0.412396 0.300477 0.411805 0.298060
6 0.426234 0.367787 0.423237 0.357014 0.426984 0.352347 0.428047 0.354236 0.426922 0.363681
6 0.426234 0.367787 0.425648 0.374278 0.425148 0.380495 0.419844 0.360741 0.420443 0.359028 0.421536 0.358009 0.423237 0.357014
6 0.431164 0.374991 0.434581 0.381870 0.435208 0.381995 0.436771 0.374861 0.432172 0.365819
8 0.453638 0.325958 0.453021 0.324787 0.454198 0.321199 0.455951 0.323514
8 0.456823 0.322685 0.454859 0.319324 0.455492 0.317449 0.456602 0.316731 0.457445 0.316625 0.457807 0.317426 0.458318 0.319139 0.458776 0.320833
1 0.416367 0.261102 0.417148 0.253977 0.417521 0.247838 0.417849 0.244602 0.418315 0.236139 0.418542 0.232639 0.418734 0.229088 0.418828 0.226347 0.419294 0.220787 0.419763 0.214565 0.419948 0.211995 0.421091 0.202731 0.421672 0.195676 0.422341 0.188333 0.422703 0.179301 0.422982 0.175486 0.422789 0.172935 0.422573 0.170727 0.422219 0.163417 0.421844 0.155977 0.421698 0.151736 0.421089 0.145495 0.420703 0.135417 0.419651 0.125315 0.418365 0.118727 0.417836 0.116565 0.416070 0.106569 0.413555 0.095505 0.411456 0.087620 0.407953 0.077995 0.406089 0.074097 0.404734 0.071773 0.402354 0.069866 0.399555 0.067708 0.397128 0.065551 0.392367 0.060819 0.387979 0.056755 0.382471 0.050949 0.377711 0.045639 0.373510 0.042236 0.370151 0.038500 0.367818 0.036343 0.366044 0.035102 0.363570 0.031199 0.362357 0.028792 0.361378 0.026639 0.361469 0.025477 0.362169 0.025477 0.362591 0.026056 0.363664 0.028130 0.365018 0.030454 0.366323 0.031782 0.368656 0.033856 0.370570 0.035847 0.373279 0.038750 0.375659 0.041653 0.378878 0.043727 0.381633 0.046551 0.385552 0.050866 0.389565 0.054681 0.392180 0.056838 0.396240 0.060324 0.403148 0.066213 0.405013 0.068120 0.406273 0.069449 0.407393 0.071190 0.408888 0.074676 0.410195 0.078162 0.412760 0.085296 0.415096 0.093676 0.416914 0.101310 0.417638 0.106222 0.420187 0.118306 0.420385 0.120116 0.422534 0.139102 0.422565 0.143481 0.423000 0.151208 0.423276 0.155079 0.423383 0.158727 0.423760 0.166792 0.424393 0.169481 0.424339 0.170824 0.424349 0.172083 0.424383 0.176898 0.424148 0.181130 0.423779 0.186102 0.423594 0.191204 0.423341 0.200653 0.422609 0.202537 0.421768 0.211329 0.421630 0.213736 0.421302 0.219306 0.421023 0.224606 0.420581 0.229042 0.420052 0.233611 0.419940 0.236069 0.419716 0.241032 0.419203 0.246759 0.418922 0.250824 0.418734 0.253481 0.418255 0.259306
8 0.503464 0.328458 0.507682 0.331944 0.509193 0.333380 0.514062 0.336495 0.514398 0.339319 0.508961 0.335898 0.507036 0.333968 0.504526 0.332477 0.502979 0.331241
8 0.507682 0.331944 0.511727 0.327523 0.512495 0.329958 0.509193 0.333380
2 0.564409 0.575287 0.567776 0.576435 0.572331 0.579167 0.571143 0.581968 0.567089 0.579519
2 0.531924 0.540440 0.530245 0.537449 0.530419 0.534347 0.531396 0.531431 0.535716 0.532009 0.537659 0.531912 0.539089 0.530833 0.539391 0.532111 0.537245 0.536870 0.534026 0.535958
10 0.521820 0.577319 0.523615 0.577097 0.531349 0.569282 0.529320 0.559815
10 0.511945 0.560616 0.512375 0.556778 0.513401 0.554954 0.514961 0.554440 0.516263 0.555528 0.520854 0.561097 0.521773 0.560616 0.522630 0.558398 0.522161 0.557296 0.522344 0.556037 0.523021 0.555394 0.528617 0.556264 0.519417 0.577171 0.518297 0.573852 0.516151 0.568708 0.514297 0.565694
10 0.491406 0.355231 0.490182 0.351667 0.489661 0.348009 0.489255 0.343069 0.489375 0.340833 0.490104 0.339722 0.491016 0.339213 0.491617 0.339935 0.492549 0.343171 0.495023 0.350806 0.493698 0.352593
2 0.487708 0.468565 0.488266 0.459394 0.489432 0.451097 0.490365 0.446537 0.491534 0.443796 0.493867 0.441722 0.497273 0.439898 0.497703 0.440495 0.497003 0.441157 0.495276 0.445556 0.493229 0.451620 0.490841 0.461157 0.489318 0.468134
10 0.549339 0.464792 0.550060 0.460634 0.551151 0.455972 0.552237 0.453685 0.553732 0.460324 0.554758 0.463477 0.555924 0.463727 0.555599 0.460741 0.555130 0.458083 0.553591 0.452690 0.554341 0.449806 0.556042 0.446264 0.558000 0.445676 0.560258 0.444389 0.563919 0.455991 0.562214 0.476667 0.554440 0.469481
10 0.523411 0.626819 0.524182 0.624384 0.527276 0.625204 0.528089 0.624815 0.526708 0.634676 0.523906 0.630694
10 0.572654 0.526056 0.570276 0.526056 0.569831 0.527704 0.569953 0.530000 0.575445 0.536727 0.579068 0.541690 0.579352 0.540329 0.578745 0.535667 0.581448 0.530787 0.582336 0.528421 0.582094 0.526343 0.581086 0.525556 0.575755 0.526407 0.576521 0.529134 0.577393 0.532546 0.576521 0.533662 0.575302 0.533782 0.574396 0.532731
2 0.542773 0.521653 0.537732 0.515130 0.537852 0.498347 0.540997 0.502148 0.543258 0.503222 0.544831 0.504444 0.548177 0.508611
2 0.531583 0.518958 0.527026 0.514222 0.521135 0.508847 0.517747 0.504398 0.517367 0.501926 0.520727 0.501329 0.522508 0.503468 0.531706 0.511569
2 0.511529 0.518509 0.521156 0.520250 0.531510 0.522231 0.531440 0.529671 0.524852 0.527190 0.514951 0.525829 0.509721 0.525764
2 0.499937 0.512162 0.500328 0.515856 0.509091 0.518287 0.507500 0.524861 0.494995 0.523847 0.493995 0.519741 0.496935 0.515773
2 0.493286 0.516894 0.492945 0.508838 0.492742 0.500019 0.492823 0.494926 0.493349 0.493204 0.495607 0.492773 0.497776 0.493319 0.500648 0.494569 0.500083 0.497148 0.499763 0.501454 0.499883 0.506829
2 0.493534 0.484301 0.493596 0.478968 0.494346 0.474079 0.498094 0.473968 0.498844 0.478301 0.501969 0.483412 0.508029 0.489074 0.509966 0.490741 0.509245 0.493472 0.506586 0.492208 0.500286 0.490000 0.495589 0.486319
2 0.560833 0.547778 0.574378 0.563111 0.576042 0.564431 0.577609 0.566222 0.580401 0.569060 0.584005 0.568759 0.586904 0.568810 0.582648 0.550699 0.575034 0.551495 0.574474 0.547713 0.575258 0.546917 0.579229 0.547199 0.567443 0.531157
2 0.531271 0.549981 0.537245 0.536870 0.539391 0.532111 0.544667 0.532750 0.548198 0.532583 0.557974 0.532069 0.557680 0.542338 0.556161 0.548176 0.551823 0.556657 0.550883 0.558454 0.549469 0.557657 0.549198 0.554972 0.547417 0.552861 0.537318 0.551227
2 0.370078 0.177264 0.372828 0.170819 0.374922 0.165875 0.375935 0.172176 0.377148 0.177037 0.376701 0.183481 0.377701 0.192588 0.378138 0.199366 0.375951 0.200477 0.374138 0.193366
2 0.458542 0.158426 0.461891 0.159093 0.465779 0.159190 0.466859 0.160245 0.468052 0.162903 0.470654 0.162644 0.473979 0.162259 0.476365 0.162130 0.477667 0.161745 0.475930 0.158708 0.474039 0.157463 0.471609 0.156213 0.466102 0.155347 0.461565 0.155347 0.459852 0.155157 0.457893 0.155407 0.457799 0.156653 0.458125 0.158477
2 0.478385 0.164074 0.478755 0.167356 0.478776 0.169954 0.478203 0.177176 0.477773 0.179139 0.476094 0.184861 0.473807 0.187847 0.470167 0.190338 0.467367 0.190755 0.464005 0.191167 0.459339 0.190505 0.454065 0.188514 0.453411 0.185856 0.452060 0.181213 0.451409 0.176778 0.452219 0.177065 0.465935 0.177449 0.475763 0.177449 0.476573 0.175241 0.477599 0.170153 0.476086 0.169958 0.472685 0.170153 0.470849 0.170250 0.469841 0.167273 0.469352 0.164699 0.477109 0.164213
10 0.505870 0.157481 0.502883 0.156236 0.501810 0.155574 0.504276 0.153931 0.507029 0.152491 0.508974 0.151046 0.511349 0.149319 0.512638 0.149847 0.513292 0.151676 0.513711 0.153995 0.514924 0.156486 0.515578 0.157815 0.515625 0.162296 0.512591 0.161134 0.510865 0.160801 0.509885 0.159639 0.506711 0.157981
10 0.477667 0.161745 0.482148 0.161102 0.482448 0.158241 0.482836 0.155560 0.481229 0.156162 0.477430 0.155231 0.475513 0.154551 0.472201 0.154116 0.470177 0.153435 0.467458 0.153681 0.466693 0.154241 0.466102 0.155347 0.471609 0.156213 0.474039 0.157463 0.475930 0.158708
10 0.471099 0.140468 0.474661 0.138426 0.476674 0.137130 0.479174 0.135769 0.483734 0.134551 0.482563 0.137060 0.481635 0.139069 0.480909 0.141866 0.480466 0.143870 0.480344 0.145954 0.478057 0.144944 0.476315 0.144324 0.475128 0.143458 0.473594 0.142343 0.472060 0.141102
10 0.443216 0.270472 0.446141 0.269866 0.448578 0.270199 0.450641 0.271755 0.456201 0.274310 0.454513 0.278861 0.454263 0.280861 0.455701 0.290079 0.456263 0.293745 0.457013 0.294745 0.459260 0.295634 0.460448 0.294634 0.463135 0.292523 0.466385 0.285639 0.467758 0.281861 0.466510 0.273421 0.466820 0.268532 0.466635 0.266421 0.465781 0.262366 0.463469 0.259958 0.462531 0.260407 0.458594 0.269069 0.455031 0.266514 0.450911 0.265296 0.448974 0.263069 0.449115 0.256792 0.448086 0.255213 0.446453 0.254384 0.444961 0.254551 0.443607 0.256792 0.442380 0.263481 0.443299 0.267495
2 0.411594 0.243690 0.412583 0.241287 0.413932 0.237736 0.414094 0.236296 0.412969 0.232917 0.411826 0.230440 0.410156 0.226648 0.411693 0.223565 0.412474 0.221667 0.413185 0.222250 0.414273 0.221676 0.415766 0.222037 0.416654 0.221463 0.417701 0.220958 0.419294 0.220787 0.418828 0.226347 0.418734 0.229088 0.418542 0.232639 0.418315 0.236139 0.417849 0.244602 0.417521 0.247838 0.417148 0.253977 0.416367 0.261102 0.415464 0.263088 0.414464 0.261977 0.413151 0.260644 0.411589 0.259204 0.410279 0.257648 0.408779 0.256204 0.409729 0.255389 0.411409 0.251653 0.412482 0.248417 0.413135 0.245847 0.412388 0.243940
2 0.443867 0.283009 0.447987 0.280431 0.449479 0.279069 0.450487 0.278782 0.451979 0.279139 0.452945 0.279639 0.452867 0.280500 0.451940 0.281505 0.451536 0.282366 0.451854 0.283657 0.452177 0.286167 0.452138 0.287171 0.451779 0.289102 0.449557 0.287454 0.448177 0.286157 0.446823 0.285185
2 0.439479 0.285741 0.442508 0.284176 0.444042 0.285477 0.445297 0.286778 0.447599 0.288764 0.449133 0.290125 0.442958 0.290731 0.439318 0.291315 0.437362 0.292032 0.437698 0.289060 0.438701 0.287569
10 0.496005 0.661102 0.497927 0.661398 0.504326 0.666069 0.504661 0.662648 0.502654 0.659079 0.501818 0.657593 0.499224 0.655657 0.498010 0.656199 0.497094 0.657736
10 0.490534 0.384852 0.490396 0.385875 0.493846 0.385194 0.497336 0.384366 0.498794 0.385616 0.499680 0.386634 0.499445 0.387329 0.497674 0.387421 0.495383 0.388208 0.493612 0.388620 0.492539 0.391764 0.491529 0.394431 0.490727 0.396167 0.493479 0.397898 0.494667 0.398644 0.496268 0.399389 0.495885 0.401431 0.495083 0.403046 0.492503 0.401838 0.491693 0.400782 0.489318 0.399537 0.487102 0.398273 0.486333 0.397282 0.485646 0.395755 0.485536 0.394023 0.484776 0.393616 0.486781 0.389468 0.488943 0.385620
10 0.492503 0.401838 0.495083 0.403046 0.495885 0.401431 0.496268 0.399389 0.494667 0.398644 0.497161 0.392792 0.498487 0.389569 0.499445 0.387329 0.499680 0.386634 0.501805 0.386468 0.503378 0.391417 0.504669 0.395361 0.506727 0.400667 0.507654 0.402745 0.504052 0.412227 0.501016 0.413380 0.496714 0.414954 0.496500 0.413991 0.494878 0.412843 0.491747 0.410824 0.489586 0.409287 0.490289 0.406065
10 0.518375 0.494560 0.519495 0.491972 0.522583 0.481019 0.525484 0.476204 0.528003 0.472245 0.531388 0.466051 0.532549 0.461579 0.533711 0.453491 0.542648 0.462282 0.553997 0.473079 0.562122 0.480468 0.560945 0.491264 0.555776 0.491574 0.551521 0.496949 0.540771 0.495157 0.541779 0.491574 0.541219 0.488190 0.535182 0.490185
2 0.590719 0.535194 0.594227 0.539352 0.597253 0.544157 0.598945 0.544514 0.600521 0.543727 0.602094 0.541361 0.602375 0.538634 0.600922 0.534301 0.599854 0.532264 0.595266 0.527370 0.593438 0.526398 0.592815 0.530394
2 0.550781 0.512593 0.558844 0.522431 0.557974 0.532069 0.548198 0.532583 0.543359 0.527079 0.549617 0.511083
10 0.518148 0.467894 0.509078 0.468588 0.508430 0.467204 0.505711 0.466282 0.504286 0.468125 0.504674 0.475495 0.505711 0.476880 0.507654 0.475264 0.511542 0.473884 0.516982 0.475727
10 0.491849 0.657731 0.490904 0.650630 0.490318 0.646292 0.488937 0.640194 0.494372 0.644509 0.500229 0.651347 0.499893 0.654319 0.499224 0.655657 0.498010 0.656199 0.497094 0.657736 0.496005 0.661102
2 0.415563 0.282000 0.413021 0.282815 0.412771 0.280435 0.413943 0.277606 0.413859 0.275824 0.413523 0.272852 0.413357 0.269875 0.414339 0.267421 0.415464 0.263088 0.416367 0.261102 0.418255 0.259306 0.420234 0.257639 0.423198 0.255014 0.424323 0.254028 0.425357 0.253019 0.427315 0.252162 0.428307 0.251681 0.429544 0.251250 0.430870 0.250769 0.431865 0.250338 0.433047 0.250417 0.434016 0.250546 0.436120 0.252315 0.440542 0.258426 0.442380 0.263481 0.443299 0.267495 0.443216 0.270472 0.442633 0.272255 0.442883 0.274782 0.442526 0.278907 0.441677 0.280847 0.441034 0.281921 0.439479 0.285741 0.438701 0.287569 0.437698 0.289060 0.437362 0.292032 0.434198 0.293176 0.431391 0.294042 0.429339 0.294616 0.426964 0.295481 0.424750 0.296056 0.421589 0.296435 0.421940 0.294069 0.419844 0.293995 0.419115 0.294644 0.418437 0.296250 0.415563 0.295750 0.416211 0.290870 0.417010 0.285602 0.418292 0.285194 0.422307 0.285042 0.423729 0.285639 0.424648 0.286083 0.427073 0.285491 0.429750 0.285491 0.431255 0.285194 0.432930 0.284745 0.434089 0.283657 0.435755 0.281343 0.436943 0.279542 0.437891 0.276389 0.438701 0.275079 0.439536 0.273000 0.439203 0.267648 0.438951 0.265116 0.438365 0.262292 0.437445 0.259764 0.436443 0.257685 0.434768 0.256343 0.433430 0.256343 0.431172 0.255898 0.430003 0.257384 0.429417 0.258426 0.425964 0.259907 0.424948 0.257870 0.423984 0.256528 0.421458 0.259120 0.419948 0.260000 0.418073 0.261806 0.417289 0.262588 0.416703 0.265116 0.415698 0.269431 0.415531 0.271361 0.416201 0.274338 0.416201 0.277458 0.417203 0.277907 0.417872 0.279245 0.417789 0.281028 0.416573 0.282519
2 0.517094 0.548468 0.527091 0.549579 0.528617 0.556264 0.517214 0.554583
2 0.529219 0.549981 0.531271 0.549981 0.537318 0.551227 0.547417 0.552861 0.549198 0.554972 0.549469 0.557657 0.546714 0.558426 0.537727 0.557296 0.533349 0.556255 0.530281 0.556005
10 0.570174 0.449958 0.571625 0.454606 0.568659 0.467569 0.567367 0.462690 0.568625 0.451681
10 0.484005 0.238088 0.483305 0.240773 0.482818 0.240676 0.482440 0.240968 0.481898 0.241736 0.481576 0.242694 0.481198 0.242694 0.481198 0.241639 0.481198 0.241157 0.482062 0.239815 0.482656 0.238565 0.483034 0.236935 0.483195 0.235972 0.483773 0.235741 0.486596 0.238565 0.489081 0.240005 0.490216 0.241352 0.490055 0.242500 0.489352 0.242500 0.488271 0.242310 0.487893 0.242500 0.487839 0.244616 0.487622 0.246343 0.487461 0.248069 0.487245 0.249319 0.486706 0.249319 0.485734 0.248167 0.485247 0.247208 0.485122 0.245639 0.485315 0.243542 0.485128 0.242542 0.485247 0.241444
10 0.537500 0.623380 0.539924 0.619940 0.542349 0.618306 0.544440 0.620241 0.544440 0.621130 0.543604 0.623806 0.543411 0.625972 0.538440 0.623981
10 0.506490 0.505755 0.509961 0.512921 0.509091 0.518287 0.503242 0.516704 0.502682 0.510333 0.502458 0.508144 0.503466 0.506551
2 0.389815 0.242190 0.386966 0.242421 0.388648 0.252556 0.389740 0.255370 0.395026 0.245000 0.391721 0.241542
2 0.397331 0.222153 0.395516 0.223764 0.394091 0.225838 0.393703 0.229292 0.392667 0.232745 0.391888 0.234819 0.392924 0.235972 0.393185 0.238273 0.393443 0.240579 0.394471 0.241653 0.396026 0.242991 0.399661 0.235278 0.399922 0.229981 0.399922 0.225144
10 0.542865 0.265782 0.540734 0.267847 0.542768 0.277505 0.543734 0.279028 0.544896 0.278171 0.545669 0.276620 0.544375 0.269565
10 0.546542 0.261653 0.550122 0.259931 0.551089 0.266644 0.547508 0.267847
10 0.425010 0.334125 0.424185 0.335514 0.421469 0.338060 0.419958 0.334079 0.417719 0.327968 0.415453 0.322366 0.415786 0.319838 0.420214 0.325477 0.420771 0.326347 0.421755 0.329079 0.423031 0.331208 0.423891 0.332319
2 0.569859 0.474764 0.566862 0.481963 0.570729 0.485000 0.572516 0.486481 0.572727 0.487606 0.572370 0.489583 0.579375 0.488519 0.577503 0.471833 0.576617 0.467019 0.575503 0.463356 0.574182 0.463148 0.572857 0.462509
2 0.585336 0.493963 0.588680 0.496065 0.590753 0.502745 0.592565 0.505509 0.593083 0.500440 0.592956 0.496755 0.595805 0.499981 0.598914 0.503894 0.601505 0.505968 0.602542 0.508273 0.602672 0.511264 0.600987 0.515005 0.600240 0.517412 0.599727 0.521889 0.599099 0.524491 0.593807 0.521032 0.586456 0.515861
2 0.446826 0.231287 0.444266 0.234431 0.443891 0.239431 0.443391 0.247426 0.443016 0.252204 0.441518 0.251981 0.441706 0.244875 0.442268 0.239431 0.442581 0.233986 0.441477 0.233213 0.440174 0.234111 0.439156 0.239356 0.438643 0.241981 0.438333 0.243259 0.437979 0.245356 0.436534 0.249644 0.436120 0.252315 0.440542 0.258426 0.442380 0.263481 0.443607 0.256792 0.444961 0.254551 0.446453 0.254384 0.448086 0.255213 0.449115 0.256792 0.448974 0.263069 0.450911 0.265296 0.455031 0.266514 0.458594 0.269069 0.462531 0.260407 0.463469 0.259958 0.465781 0.262366 0.466779 0.259593 0.458971 0.247597 0.453781 0.240264
2 0.451917 0.233685 0.448453 0.228880 0.448203 0.226102 0.449016 0.223657 0.450141 0.221213 0.452013 0.218435 0.456326 0.216329 0.464076 0.219449 0.468122 0.221505 0.472604 0.223690 0.473763 0.222921 0.477656 0.220370 0.479979 0.218681 0.478154 0.238843 0.477654 0.254458 0.477151 0.259361 0.474893 0.265310 0.470458 0.259065 0.465190 0.251931 0.459570 0.244745 0.454583 0.238190
10 0.469372 0.126519 0.470255 0.122824 0.471982 0.121384 0.475602 0.122634 0.479057 0.123403 0.479813 0.125319 0.480044 0.128676 0.475417 0.128806 0.474536 0.130745 0.473893 0.133111 0.473971 0.134694 0.469935 0.136657 0.470307 0.134912 0.470586 0.132343 0.470260 0.129519 0.469656 0.128597
8 0.504719 0.336593 0.501641 0.340926 0.501128 0.344806 0.502057 0.346574 0.503568 0.344722 0.502758 0.342981 0.503318 0.341736 0.505839 0.339079 0.505885 0.338167 0.505510 0.337255
8 0.482135 0.335093 0.483740 0.338315 0.485901 0.342343 0.487190 0.345319 0.488029 0.347671 0.487714 0.350648 0.487122 0.351824 0.485760 0.350898 0.484961 0.349532 0.483844 0.346806 0.481786 0.340981 0.480253 0.337944 0.481508 0.336333
8 0.482659 0.333792 0.484854 0.336704 0.487297 0.340111 0.487992 0.342403 0.487891 0.344444 0.488029 0.347671 0.487190 0.345319 0.485901 0.342343 0.483740 0.338315 0.482135 0.335093
8 0.461563 0.379120 0.463255 0.382130 0.464740 0.385417 0.465755 0.388426 0.467284 0.391926 0.470143 0.391306 0.468672 0.388426 0.467474 0.385463 0.466562 0.384583 0.464844 0.381713 0.463938 0.379722 0.462424 0.377898
8 0.458516 0.385787 0.460216 0.388560 0.461633 0.391134 0.462370 0.392977 0.458440 0.394227 0.458440 0.389079 0.458266 0.386602
8 0.469690 0.394528 0.470625 0.398944 0.471310 0.404681 0.472680 0.404898 0.472474 0.402454 0.471471 0.396722 0.470701 0.394528
8 0.472820 0.316852 0.476141 0.322880 0.478672 0.328009 0.479375 0.329444 0.480289 0.331310 0.481021 0.331806 0.479904 0.335648 0.476628 0.328523 0.471070 0.318181
8 0.471471 0.396722 0.472359 0.398014 0.474013 0.399449 0.474698 0.399949 0.476552 0.402171 0.477482 0.399231 0.476794 0.398731 0.474375 0.396435 0.473411 0.395231 0.471885 0.394032 0.470701 0.394528
8 0.473411 0.395231 0.473245 0.393477 0.474003 0.392968 0.474810 0.392551 0.475826 0.393102 0.476141 0.393722 0.476794 0.398731 0.474375 0.396435
8 0.474013 0.399449 0.474674 0.405190 0.476552 0.402171 0.474698 0.399949
8 0.464169 0.404106 0.466388 0.404106 0.468888 0.404324 0.471310 0.404681 0.472680 0.404898 0.474674 0.405190 0.473083 0.407694 0.471714 0.409773 0.471107 0.410347 0.468930 0.410417 0.466615 0.407222
8 0.502008 0.327019 0.498766 0.325671 0.495310 0.319528 0.494664 0.316843 0.495365 0.314824 0.496336 0.314343 0.497362 0.315880 0.498549 0.318375 0.499956 0.319338 0.502760 0.321759
8 0.501693 0.368565 0.500612 0.366019 0.499706 0.363292 0.498688 0.361167 0.499810 0.358949 0.500474 0.359509 0.501615 0.362500 0.502427 0.365153 0.503125 0.367222
8 0.501615 0.362500 0.503576 0.362301 0.504763 0.362361 0.506750 0.362116 0.507831 0.361926 0.509258 0.362116 0.509836 0.362616 0.506437 0.365060 0.503125 0.367222 0.502427 0.365153
8 0.497891 0.362778 0.499706 0.363292 0.500612 0.366019 0.496693 0.365648
8 0.503112 0.371227 0.506242 0.382093 0.507169 0.385176 0.508703 0.390125 0.511081 0.391917 0.511323 0.391343 0.508943 0.385032 0.507854 0.381662 0.503979 0.370199
8 0.507654 0.402745 0.508943 0.405472 0.505932 0.411583 0.504052 0.412227
8 0.503378 0.386111 0.508703 0.390125 0.511081 0.391917 0.512453 0.393208 0.517214 0.397500 0.519310 0.399019 0.520318 0.399519 0.526680 0.403745 0.524583 0.404384 0.522846 0.404773 0.517698 0.400593 0.513745 0.397727 0.511445 0.395648 0.510396 0.394569 0.506120 0.390625 0.504385 0.388333
8 0.499680 0.386634 0.498794 0.385616 0.497336 0.384366 0.495232 0.381380 0.496854 0.380486 0.498417 0.381593 0.499625 0.382667 0.500958 0.384389 0.501805 0.386468
8 0.508581 0.400306 0.510396 0.394569 0.511445 0.395648 0.511042 0.398565 0.510234 0.400880 0.509669 0.402963
8 0.518799 0.360949 0.519883 0.364546 0.520469 0.366713 0.521979 0.377653 0.522414 0.380352 0.524677 0.390824 0.526240 0.394491 0.525883 0.389606 0.523854 0.379722 0.523359 0.376111 0.521836 0.366731 0.521112 0.359917
8 0.533148 0.243898 0.543073 0.287870 0.546951 0.305759 0.550464 0.317356 0.554221 0.333444 0.556102 0.332417 0.552388 0.317208 0.545938 0.288380 0.542768 0.277505 0.540344 0.265759 0.534656 0.243454
12 0.409206 0.107269 0.416789 0.115519 0.417836 0.116565 0.416070 0.106569 0.412867 0.106569
12 0.420187 0.118306 0.417638 0.106222 0.420841 0.107032 0.424177 0.109125 0.425745 0.109477 0.426531 0.111218 0.427380 0.112847 0.429799 0.114125 0.431630 0.115287 0.432154 0.116681 0.432938 0.119935 0.432544 0.124236 0.427445 0.121796
12 0.422534 0.139102 0.420385 0.120116 0.425414 0.122829 0.432591 0.125639 0.430161 0.127949 0.424849 0.134079
1 0.417836 0.116565 0.418365 0.118727 0.414953 0.115505 0.411023 0.111616 0.408146 0.108250 0.404997 0.106106 0.387651 0.088083 0.387409 0.086505 0.387893 0.085787 0.403867 0.102565 0.409206 0.107269 0.416789 0.115519
8 0.385383 0.196838 0.390414 0.196120 0.392339 0.195759 0.395471 0.194519 0.397641 0.194005 0.400966 0.194130 0.401255 0.195676 0.400677 0.197218 0.397568 0.199144 0.394893 0.199273 0.393448 0.199787 0.389109 0.200042 0.385383 0.201218
6 0.433555 0.124977 0.440638 0.116750 0.443385 0.115208 0.448526 0.115079 0.449971 0.115208 0.449466 0.117139 0.448526 0.118037 0.447948 0.120736 0.446146 0.122778 0.440573 0.128704 0.438411 0.131667 0.436307 0.128574
8 0.458758 0.127407 0.459245 0.119537 0.459714 0.111898 0.460263 0.102278 0.460599 0.097222 0.461852 0.095884 0.463359 0.096329 0.464279 0.098264 0.463776 0.100792 0.462773 0.117444 0.462690 0.121907 0.462271 0.124435 0.461435 0.127111
8 0.423779 0.186102 0.425404 0.182551 0.426404 0.180551 0.427891 0.177315 0.429349 0.173981 0.431464 0.174884 0.429904 0.178106 0.424661 0.188750 0.423594 0.191204
8 0.424349 0.172083 0.429349 0.173981 0.431464 0.174884 0.433276 0.175551 0.434214 0.176329 0.437578 0.177315 0.437622 0.174375 0.434792 0.173519 0.432708 0.172648 0.431143 0.172074 0.425310 0.169958 0.424393 0.169481 0.424339 0.170824
8 0.431143 0.172074 0.432583 0.167898 0.434768 0.163009 0.436831 0.159125 0.437456 0.158125 0.437268 0.163343 0.436643 0.164787 0.434333 0.168898 0.432708 0.172648
8 0.434792 0.173519 0.437302 0.168806 0.437268 0.163343 0.436643 0.164787 0.434333 0.168898 0.432708 0.172648
8 0.437456 0.158125 0.437268 0.163343 0.437302 0.168806 0.437622 0.174375 0.437578 0.177315 0.437547 0.179153 0.437628 0.180444 0.438516 0.180514 0.439484 0.180657 0.440049 0.180157 0.439484 0.172986 0.439297 0.168981 0.438958 0.159722 0.438839 0.156065 0.437578 0.155833
8 0.442031 0.175185 0.443221 0.175579 0.445867 0.176250 0.450081 0.177306 0.450891 0.180759 0.451268 0.182778 0.451591 0.185463 0.442422 0.181806 0.442188 0.178148
8 0.442031 0.175185 0.445852 0.173329 0.448698 0.171755 0.449771 0.174407 0.450081 0.177306 0.445867 0.176250 0.443221 0.175579
8 0.441594 0.171519 0.444768 0.169361 0.446682 0.168120 0.447896 0.167370 0.448362 0.169444 0.448698 0.171755 0.445852 0.173329 0.442031 0.175185
8 0.457214 0.166505 0.459888 0.168616 0.460318 0.170440 0.453948 0.170727 0.452758 0.169769 0.451302 0.168981 0.453003 0.167560 0.454406 0.166218
8 0.431188 0.400690 0.432719 0.399829 0.435070 0.399176 0.436750 0.399009 0.439091 0.398394 0.442802 0.397532 0.445870 0.397102 0.447401 0.396458 0.448089 0.397245 0.448128 0.398681 0.447846 0.399398 0.447039 0.399685 0.444255 0.400259 0.440544 0.401116 0.438326 0.401546 0.436391 0.401690 0.434211 0.402051 0.432799 0.403125 0.431953 0.403486
8 0.434211 0.402051 0.433294 0.406801 0.433328 0.408162 0.434409 0.411139 0.435245 0.408042 0.436117 0.403514 0.436391 0.401690
8 0.384688 0.228657 0.386971 0.232208 0.388971 0.235319 0.391159 0.237986 0.394471 0.241653 0.396026 0.242991 0.395026 0.245000 0.391721 0.241542 0.389974 0.239074 0.386224 0.233653 0.384115 0.231435
8 0.405651 0.207222 0.404935 0.207005 0.404573 0.203491 0.404734 0.201199 0.405096 0.200338 0.405943 0.199333 0.406831 0.198903 0.406831 0.200694 0.406831 0.203421 0.406745 0.206065
8 0.418073 0.261806 0.418221 0.263185 0.417849 0.266338 0.416823 0.271565 0.416201 0.274338 0.415531 0.271361 0.415698 0.269431 0.416703 0.265116 0.417289 0.262588
6 0.448526 0.115079 0.449578 0.112917 0.452513 0.112361 0.459714 0.111898 0.459245 0.119537 0.456388 0.119023 0.453776 0.119259 0.447948 0.120736 0.448526 0.118037 0.449466 0.117139 0.449971 0.115208
8 0.459570 0.130894 0.459612 0.130245 0.460539 0.129315 0.463081 0.128167 0.466833 0.126301 0.468568 0.125944 0.469372 0.126519 0.469656 0.128597 0.469049 0.129671 0.468203 0.130245 0.463807 0.132329 0.463081 0.132042 0.462031 0.132042 0.459888 0.132426
8 0.524643 0.287722 0.526172 0.287037 0.527682 0.286620 0.531026 0.285176 0.531648 0.284889 0.532174 0.285394 0.532099 0.287662 0.531867 0.288991 0.529906 0.289491 0.526500 0.291648 0.525336 0.292843
8 0.531172 0.280602 0.530453 0.280894 0.529339 0.282125 0.528073 0.283838 0.527318 0.285125 0.526927 0.285769 0.526172 0.287037 0.527682 0.286620 0.528826 0.284912 0.530724 0.283199 0.531333 0.283130
8 0.511641 0.280648 0.515599 0.278750 0.518706 0.287292 0.515492 0.289412
12 0.416440 0.155796 0.415427 0.160657 0.413505 0.164435 0.409961 0.166778 0.407326 0.167495 0.404896 0.170736 0.396997 0.181181 0.394771 0.185681 0.393656 0.192699 0.392339 0.195759 0.390414 0.196120 0.390414 0.193421 0.390010 0.190722 0.387378 0.187481 0.386365 0.186042 0.386466 0.172898 0.385958 0.169838 0.384745 0.170199 0.385047 0.173796 0.384643 0.184421 0.382516 0.183157 0.378060 0.179199 0.377148 0.177037 0.375935 0.172176 0.374922 0.165875 0.374211 0.159755 0.373909 0.154713 0.373401 0.151292 0.373807 0.143014 0.374063 0.137269 0.374349 0.135046 0.375224 0.130949 0.377047 0.126088 0.379883 0.121046 0.384135 0.114745 0.388492 0.110065 0.391935 0.107366 0.395682 0.106106 0.402060 0.106287 0.404997 0.106106 0.408146 0.108250 0.411023 0.111616 0.414953 0.115505 0.418365 0.118727 0.419651 0.125315 0.420703 0.135417 0.421089 0.145495 0.419195 0.148449 0.418060 0.151690 0.403828 0.153426 0.403750 0.155324 0.404740 0.156250
1 0.373909 0.154713 0.371760 0.152630 0.369424 0.149407 0.365555 0.144014 0.362208 0.138250 0.358409 0.130380 0.357258 0.128023 0.356318 0.124120 0.357083 0.124741 0.359141 0.128954 0.361094 0.132981 0.362279 0.135463 0.363987 0.138435 0.365661 0.141782 0.368169 0.145005 0.370995 0.148722 0.373401 0.151292
1 0.374063 0.137269 0.371677 0.133546 0.370305 0.131324 0.368409 0.128597 0.366997 0.127306 0.366917 0.126231 0.367563 0.126157 0.368289 0.126157 0.371354 0.130676 0.374349 0.135046
8 0.375951 0.200477 0.378138 0.199366 0.381479 0.198375 0.383984 0.198148 0.383932 0.201713 0.380833 0.202130 0.378617 0.202694 0.376836 0.203176
6 0.396831 0.192731 0.393656 0.192699 0.394771 0.185681 0.396997 0.181181 0.404896 0.170736 0.407326 0.167495 0.409961 0.166778 0.413505 0.164435 0.415427 0.160657 0.416440 0.155796 0.421844 0.155977 0.418229 0.162528 0.414904 0.168056 0.411359 0.172426 0.408396 0.176153 0.406878 0.177824 0.404711 0.180778 0.403263 0.183736 0.400299 0.188231
8 0.421698 0.151736 0.421844 0.155977 0.416440 0.155796 0.404740 0.156250 0.403750 0.155324 0.403828 0.153426 0.418060 0.151690
6 0.421089 0.145495 0.421698 0.151736 0.418060 0.151690 0.419195 0.148449
6 0.423000 0.151208 0.422565 0.143481 0.422534 0.139102 0.424849 0.134079 0.430161 0.127949 0.432591 0.125639 0.433625 0.127032 0.435362 0.129218 0.436951 0.132046 0.435578 0.133343 0.434206 0.135898 0.433018 0.137597 0.432513 0.139912 0.432440 0.142611 0.429911 0.145824 0.427307 0.149551 0.426440 0.146208
8 0.464195 0.163481 0.468052 0.162903 0.470654 0.162644 0.473979 0.162259 0.476365 0.162130 0.477667 0.161745 0.482148 0.161102 0.483883 0.160972 0.486846 0.160074 0.490607 0.158662 0.492341 0.157759 0.492268 0.160588 0.489810 0.161745 0.486773 0.162389 0.483594 0.163417 0.481641 0.163417 0.478385 0.164074 0.477109 0.164213 0.469352 0.164699 0.464180 0.164968
8 0.482148 0.161102 0.482448 0.158241 0.482836 0.155560 0.484078 0.147782 0.484836 0.142694 0.485591 0.137898 0.486130 0.134056 0.486263 0.131329 0.486073 0.130245 0.487552 0.129769 0.487763 0.130708 0.487833 0.131639 0.487750 0.134727 0.487318 0.138569 0.486185 0.144903 0.485753 0.148264 0.484943 0.152296 0.484456 0.156426 0.483883 0.160972
8 0.487422 0.126847 0.487609 0.123403 0.488047 0.120514 0.488609 0.117292 0.488734 0.112074 0.488984 0.106074 0.490169 0.105852 0.490669 0.105963 0.490357 0.109074 0.490357 0.112847 0.490107 0.116069 0.489669 0.120181 0.489482 0.124069 0.489047 0.127287 0.488484 0.126954
8 0.383367 0.229486 0.383323 0.214417 0.383932 0.201713 0.383984 0.198148 0.384643 0.184421 0.385047 0.173796 0.384745 0.170199 0.385958 0.169838 0.386466 0.172898 0.386365 0.186042 0.385383 0.196838 0.385383 0.201218 0.385047 0.218139 0.385047 0.223912 0.384688 0.228657 0.384115 0.231435
6 0.475417 0.128806 0.480044 0.128676 0.483068 0.127894 0.484237 0.127602 0.486740 0.127171 0.487422 0.126847 0.488484 0.126954 0.489047 0.127287 0.490872 0.128537 0.492182 0.130620 0.492977 0.132856 0.494422 0.135759 0.495544 0.137995 0.497641 0.141644 0.499135 0.143560 0.501471 0.146222 0.501935 0.147454 0.501232 0.149037 0.500719 0.149204 0.499419 0.147787 0.496990 0.144139 0.494422 0.139912 0.492557 0.136005 0.492138 0.135093 0.491018 0.132352 0.490172 0.131028 0.489240 0.129949 0.487552 0.129769 0.486073 0.130245 0.484258 0.130824 0.481599 0.131403 0.479177 0.132403 0.476190 0.133546 0.473971 0.134694 0.473893 0.133111 0.474536 0.130745
8 0.483068 0.127894 0.482266 0.122639 0.481578 0.117764 0.481096 0.114824 0.480773 0.113315 0.480328 0.110449 0.479417 0.105148 0.479216 0.103644 0.479336 0.102639 0.480023 0.102565 0.480870 0.104000 0.481771 0.109306 0.482120 0.111551 0.482656 0.115463 0.482943 0.117269 0.483203 0.119167 0.483474 0.120843 0.483935 0.124509 0.484237 0.127602
8 0.400286 0.247361 0.403404 0.250537 0.404716 0.251981 0.407154 0.254426 0.408779 0.256204 0.410279 0.257648 0.411589 0.259204 0.413151 0.260644 0.414464 0.261977 0.415464 0.263088 0.414339 0.267421 0.412839 0.266088 0.410391 0.263194 0.406466 0.258648 0.404279 0.256426 0.403091 0.254870 0.399089 0.249907
6 0.405221 0.224583 0.402411 0.217523 0.400531 0.212639 0.395615 0.202486 0.393448 0.199787 0.394893 0.199273 0.397568 0.199144 0.398750 0.201991 0.401544 0.208009 0.402844 0.210838 0.404219 0.213407 0.402773 0.214181 0.402844 0.216236 0.403352 0.216880 0.404651 0.216366 0.406531 0.217009 0.407776 0.219644
6 0.408839 0.217097 0.406531 0.217009 0.404651 0.216366 0.403352 0.216880 0.402844 0.216236 0.402773 0.214181 0.404219 0.213407 0.406805 0.210759 0.408370 0.208935 0.410154 0.206824 0.411612 0.204042 0.413232 0.201162 0.415607 0.197991 0.417120 0.195593 0.417930 0.195782 0.418586 0.196556
8 0.406805 0.210759 0.406745 0.206065 0.406831 0.203421 0.406831 0.200694 0.406831 0.198903 0.406911 0.197398 0.407992 0.195880 0.408646 0.196537 0.408687 0.197611 0.408445 0.205644 0.408370 0.208935
8 0.408370 0.208935 0.409401 0.204954 0.410964 0.200106 0.411448 0.198185 0.412240 0.195648 0.414203 0.190023 0.415552 0.185222 0.416526 0.183019 0.417820 0.179560 0.419440 0.176296 0.420898 0.173319 0.422141 0.170727 0.422573 0.170727 0.422789 0.172935 0.422034 0.174282 0.421115 0.176778 0.419656 0.180042 0.418523 0.182537 0.417227 0.186569 0.415068 0.191755 0.414258 0.194343 0.413016 0.197991 0.412529 0.200009 0.411612 0.204042 0.410154 0.206824
8 0.420911 0.191759 0.420602 0.190588 0.419901 0.189593 0.419203 0.188764 0.414258 0.194343 0.413016 0.197991 0.412529 0.200009 0.411612 0.204042 0.413232 0.201162 0.415607 0.197991 0.417120 0.195593 0.417930 0.195782 0.418586 0.196556
8 0.408687 0.197611 0.410966 0.195935 0.412240 0.195648 0.411448 0.198185 0.410964 0.200106 0.409401 0.204954 0.408445 0.205644
8 0.483734 0.134551 0.482563 0.137060 0.481635 0.139069 0.480909 0.141866 0.480466 0.143870 0.480344 0.145954 0.483008 0.146523 0.483492 0.143514 0.483773 0.141292 0.485591 0.137898 0.486130 0.134056 0.485427 0.134120
8 0.394958 0.257667 0.397844 0.264199 0.400719 0.271421 0.403966 0.279194 0.405091 0.282306 0.407591 0.287417 0.410776 0.295301 0.408844 0.294634 0.405810 0.286662 0.402266 0.279083 0.397784 0.269185 0.394284 0.260023
5 0.404219 0.213407 0.402844 0.210838 0.401544 0.208009 0.398750 0.201991 0.397568 0.199144 0.400677 0.197218 0.401255 0.195676 0.400966 0.194130 0.397641 0.194005 0.395471 0.194519 0.392339 0.195759 0.393656 0.192699 0.396831 0.192731 0.400299 0.188231 0.403263 0.183736 0.404711 0.180778 0.406878 0.177824 0.408396 0.176153 0.411359 0.172426 0.414904 0.168056 0.418229 0.162528 0.421844 0.155977 0.422219 0.163417 0.422573 0.170727 0.422141 0.170727 0.420898 0.173319 0.419440 0.176296 0.417820 0.179560 0.416526 0.183019 0.415552 0.185222 0.414203 0.190023 0.412240 0.195648 0.410966 0.195935 0.408687 0.197611 0.408646 0.196537 0.407992 0.195880 0.406911 0.197398 0.406831 0.198903 0.405943 0.199333 0.405096 0.200338 0.404734 0.201199 0.404573 0.203491 0.404935 0.207005 0.405651 0.207222 0.406745 0.206065 0.406805 0.210759
5 0.427307 0.149551 0.427487 0.152199 0.426245 0.155273 0.425651 0.157866 0.425922 0.159977 0.426784 0.162472 0.423760 0.166792 0.423383 0.158727 0.423276 0.155079 0.423000 0.151208 0.426440 0.146208
8 0.432440 0.142611 0.433698 0.143657 0.433750 0.145579 0.433372 0.147111 0.427487 0.152199 0.427307 0.149551 0.429911 0.145824
8 0.433372 0.147111 0.438125 0.143560 0.440826 0.141352 0.442068 0.140199 0.442714 0.141065 0.442768 0.142792 0.442336 0.143463 0.439906 0.145384 0.434724 0.149514 0.431969 0.151241 0.427487 0.152199
8 0.431969 0.151241 0.435479 0.150375 0.438281 0.149722 0.436875 0.152963 0.434182 0.153736 0.428177 0.154907 0.426245 0.155273 0.427487 0.152199
8 0.423760 0.166792 0.424393 0.169481 0.426893 0.166218 0.429161 0.163625 0.429214 0.161514 0.431159 0.159306 0.431049 0.157958 0.430026 0.157194 0.429323 0.157866 0.426784 0.162472
1 0.443310 0.146537 0.444172 0.145449 0.443565 0.143292 0.443424 0.140806 0.443284 0.139644 0.441885 0.137981 0.440997 0.135991 0.439130 0.132921 0.438411 0.131667 0.436307 0.128574 0.433555 0.124977 0.432544 0.124236 0.427445 0.121796 0.420187 0.118306 0.420385 0.120116 0.425414 0.122829 0.432591 0.125639 0.433625 0.127032 0.435362 0.129218 0.436951 0.132046 0.438477 0.134583 0.440156 0.136667 0.442068 0.140199 0.442714 0.141065 0.442768 0.142792
8 0.437352 0.139833 0.440156 0.136667 0.442068 0.140199 0.440826 0.141352 0.438125 0.143560 0.433372 0.147111 0.433750 0.145579 0.433698 0.143657
8 0.403966 0.279194 0.405229 0.279208 0.408049 0.283065 0.409714 0.287051 0.411448 0.291546 0.412966 0.295662 0.410776 0.295301 0.407591 0.287417 0.405091 0.282306
8 0.440997 0.135991 0.443154 0.134333 0.443922 0.132829 0.444565 0.132468 0.445615 0.132468 0.446622 0.131681 0.448641 0.130102 0.452513 0.127880 0.453924 0.126588 0.456628 0.125157 0.457594 0.124727 0.458240 0.125227 0.458758 0.127407 0.458401 0.128884 0.454771 0.131037 0.450253 0.133259 0.448680 0.134981 0.447995 0.136269 0.444930 0.137847 0.444242 0.138565 0.443284 0.139644 0.441885 0.137981
8 0.413568 0.295556 0.415104 0.284218 0.415563 0.282000 0.416573 0.282519 0.417010 0.285602 0.416211 0.290870 0.415563 0.295750
5 0.426245 0.155273 0.425651 0.157866 0.425922 0.159977 0.426784 0.162472 0.429323 0.157866 0.430026 0.157194 0.431049 0.157958 0.431159 0.159306 0.429214 0.161514 0.429161 0.163625 0.426893 0.166218 0.424393 0.169481 0.425310 0.169958 0.431143 0.172074 0.432583 0.167898 0.434768 0.163009 0.436831 0.159125 0.437456 0.158125 0.437578 0.155833 0.438839 0.156065 0.439961 0.156042 0.441958 0.153255 0.441797 0.150667 0.441419 0.148648 0.443310 0.146537 0.442768 0.142792 0.442336 0.143463 0.439906 0.145384 0.434724 0.149514 0.431969 0.151241 0.435479 0.150375 0.438281 0.149722 0.436875 0.152963 0.434182 0.153736 0.428177 0.154907
5 0.453776 0.119259 0.455297 0.120782 0.456344 0.122356 0.456870 0.123435 0.457594 0.124727 0.456628 0.125157 0.453924 0.126588 0.452513 0.127880 0.448641 0.130102 0.446622 0.131681 0.445615 0.132468 0.444565 0.132468 0.443922 0.132829 0.443154 0.134333 0.440997 0.135991 0.439130 0.132921 0.438411 0.131667 0.440573 0.128704 0.446146 0.122778 0.447948 0.120736
5 0.436951 0.132046 0.435578 0.133343 0.434206 0.135898 0.433018 0.137597 0.432513 0.139912 0.432440 0.142611 0.433698 0.143657 0.437352 0.139833 0.440156 0.136667 0.438477 0.134583
8 0.443424 0.140806 0.445992 0.138731 0.449586 0.136824 0.451732 0.135329 0.453646 0.134417 0.455372 0.133421 0.455138 0.134829 0.453878 0.137069 0.452573 0.137319 0.447813 0.140806 0.443565 0.143292
8 0.443424 0.140806 0.443284 0.139644 0.444242 0.138565 0.444930 0.137847 0.447995 0.136269 0.448680 0.134981 0.450253 0.133259 0.454771 0.131037 0.458401 0.128884 0.459208 0.128815 0.459612 0.130245 0.459570 0.130894 0.455372 0.133421 0.453646 0.134417 0.451732 0.135329 0.449586 0.136824 0.445992 0.138731
5 0.441797 0.150667 0.441419 0.148648 0.443310 0.146537 0.444172 0.145449 0.443565 0.143292 0.447813 0.140806 0.452573 0.137319 0.453878 0.137069 0.455138 0.134829 0.455372 0.133421 0.459570 0.130894 0.459888 0.132426 0.460427 0.134537 0.459995 0.135880 0.459401 0.137032 0.459346 0.138088 0.457888 0.138185 0.457133 0.138759 0.455242 0.140583 0.453406 0.142407 0.452867 0.143370 0.452542 0.145097 0.452974 0.147208 0.450654 0.148361 0.447143 0.149606 0.444120 0.150472
5 0.460427 0.134537 0.461253 0.133588 0.462031 0.132042 0.463081 0.132042 0.463807 0.132329 0.468203 0.130245 0.469049 0.129671 0.469656 0.128597 0.470260 0.129519 0.470586 0.132343 0.470307 0.134912 0.469935 0.136657 0.465266 0.139644 0.464474 0.140139 0.463867 0.141139 0.462479 0.142310 0.459076 0.143944 0.452974 0.147208 0.452542 0.145097 0.452867 0.143370 0.453406 0.142407 0.455242 0.140583 0.457133 0.138759 0.457888 0.138185 0.459346 0.138088 0.459401 0.137032 0.459995 0.135880
5 0.463867 0.141139 0.464521 0.141468 0.463961 0.144620 0.463680 0.146528 0.463492 0.148602 0.462560 0.152171 0.461299 0.152833 0.459852 0.155157 0.457893 0.155407 0.457799 0.156653 0.458125 0.158477 0.456906 0.163481 0.455880 0.163287 0.453719 0.163866 0.451992 0.164537 0.450279 0.164639 0.449930 0.163588 0.449617 0.162718 0.449302 0.160426 0.449198 0.158630 0.449398 0.156819 0.449539 0.154912 0.450286 0.150833 0.451901 0.150370 0.454055 0.149319 0.458536 0.147306 0.461344 0.146250 0.462370 0.145194 0.462479 0.142310
8 0.389740 0.255370 0.395026 0.245000 0.396026 0.242991 0.405221 0.224583 0.406779 0.221208 0.407776 0.219644 0.408839 0.217097 0.418586 0.196556 0.420911 0.191759 0.421643 0.190102 0.422341 0.188333 0.421672 0.195676 0.408026 0.223380 0.406187 0.227162 0.397284 0.245398 0.396318 0.247292 0.394479 0.250218 0.390510 0.258648
6 0.392253 0.263639 0.398219 0.283838 0.402266 0.290648 0.403857 0.294759 0.408844 0.294634 0.405810 0.286662 0.402266 0.279083 0.397784 0.269185 0.394284 0.260023
5 0.483255 0.170231 0.486260 0.170176 0.488826 0.170509 0.490740 0.170838 0.495359 0.171088 0.498346 0.171421 0.501521 0.171171 0.506281 0.174407 0.509641 0.176981 0.507773 0.177644 0.504555 0.177394 0.502578 0.177407 0.497133 0.177394 0.494799 0.177477 0.485279 0.177560 0.481695 0.177394 0.482302 0.173745 0.482768 0.170259
5 0.495807 0.167500 0.501521 0.171171 0.506281 0.174407 0.509641 0.176981 0.512878 0.177495 0.517198 0.178843 0.518492 0.179319 0.519357 0.178264 0.520922 0.177111 0.522003 0.175866 0.522328 0.174329 0.515091 0.171639 0.509044 0.168954 0.505695 0.166935 0.500188 0.163097 0.495490 0.159931
5 0.495490 0.159931 0.495417 0.158810 0.501810 0.155574 0.502883 0.156236 0.505870 0.157481 0.506711 0.157981 0.509885 0.159639 0.510865 0.160801 0.512591 0.161134 0.515625 0.162296 0.519359 0.163704 0.521505 0.164532 0.522813 0.165032 0.523932 0.165778 0.524911 0.165944 0.523792 0.171088 0.522328 0.174329 0.515091 0.171639 0.509044 0.168954 0.505695 0.166935 0.500188 0.163097
8 0.490740 0.170838 0.492286 0.167176 0.492557 0.163815 0.492268 0.160588 0.492341 0.157759 0.492125 0.151528 0.492125 0.149898 0.492880 0.148264 0.494068 0.148458 0.495260 0.149306 0.495365 0.152593 0.495312 0.155833 0.495417 0.158810 0.495490 0.159931 0.495807 0.167500 0.495359 0.171088
8 0.495312 0.155833 0.498443 0.154218 0.502331 0.152199 0.506219 0.149130 0.509188 0.146824 0.513130 0.142986 0.517018 0.140106 0.521016 0.136648 0.523607 0.134440 0.524687 0.135019 0.524362 0.136551 0.522742 0.138282 0.519180 0.141449 0.515453 0.145481 0.513346 0.147690 0.511349 0.149319 0.508974 0.151046 0.507029 0.152491 0.504276 0.153931 0.501810 0.155574 0.495417 0.158810
8 0.463867 0.141139 0.464474 0.140139 0.465266 0.139644 0.469935 0.136657 0.473971 0.134694 0.476190 0.133546 0.479177 0.132403 0.481599 0.131403 0.484258 0.130824 0.486073 0.130245 0.486263 0.131329 0.486130 0.134056 0.485427 0.134120 0.483734 0.134551 0.479174 0.135769 0.476674 0.137130 0.474661 0.138426 0.471099 0.140468 0.470227 0.140843 0.468865 0.141708 0.466776 0.142824 0.463961 0.144620 0.464521 0.141468
5 0.461565 0.155347 0.463414 0.152755 0.464531 0.150894 0.465471 0.149778 0.466240 0.149032 0.467599 0.146245 0.469237 0.143269 0.469445 0.142032 0.468865 0.141708 0.470227 0.140843 0.471099 0.140468 0.472060 0.141102 0.473594 0.142343 0.475128 0.143458 0.476315 0.144324 0.478057 0.144944 0.480344 0.145954 0.483008 0.146523 0.484078 0.147782 0.482836 0.155560 0.481229 0.156162 0.477430 0.155231 0.475513 0.154551 0.472201 0.154116 0.470177 0.153435 0.467458 0.153681 0.466693 0.154241 0.466102 0.155347
8 0.481641 0.163417 0.481508 0.169843 0.481089 0.174407 0.480807 0.177727 0.480469 0.179907 0.480391 0.180880 0.479896 0.183981 0.480859 0.184167 0.481323 0.181375 0.481497 0.180074 0.481563 0.179259 0.481695 0.177394 0.482302 0.173745 0.482768 0.170259 0.483234 0.167023 0.483594 0.163417
5 0.481563 0.179259 0.483854 0.179727 0.486273 0.180657 0.485023 0.189694 0.479013 0.186755 0.476552 0.186398 0.476094 0.184861 0.477773 0.179139 0.478203 0.177176 0.480807 0.177727 0.480469 0.179907 0.480391 0.180880 0.479896 0.183981 0.480859 0.184167 0.481323 0.181375 0.481497 0.180074
5 0.496536 0.179991 0.499344 0.182310 0.500271 0.181736 0.500878 0.181449 0.501240 0.182023 0.500878 0.184102 0.502005 0.185681 0.504224 0.187685 0.504789 0.188190 0.503174 0.196148 0.502005 0.199949 0.499344 0.198083 0.496076 0.196148 0.494221 0.194139 0.491034 0.190556 0.489945 0.189194 0.489057 0.188259 0.487500 0.186731 0.488268 0.180639 0.489315 0.180782 0.491979 0.180995 0.496294 0.181426
5 0.506172 0.189667 0.508419 0.191667 0.511294 0.192444 0.515794 0.192556 0.518729 0.192889 0.521042 0.193333 0.521167 0.195000 0.519979 0.195889 0.516792 0.198778 0.512044 0.199556 0.505922 0.200222 0.503797 0.200444 0.504734 0.195667
1 0.431089 0.184324 0.431174 0.186755 0.430448 0.191199 0.429802 0.196148 0.429440 0.197583 0.428714 0.202102 0.428552 0.204968 0.428229 0.209130 0.427706 0.211708 0.427625 0.213505 0.427625 0.214792 0.428190 0.214866 0.428271 0.212787 0.428674 0.210778 0.429036 0.207551 0.429279 0.205329 0.429682 0.202532 0.429844 0.200236 0.430086 0.198083 0.430810 0.194644 0.431255 0.191130 0.431740 0.188620 0.431982 0.186255 0.432102 0.183958 0.431805 0.182926
5 0.432102 0.183958 0.435451 0.185606 0.439039 0.187398 0.441393 0.188671 0.440521 0.181343 0.440049 0.180157 0.439484 0.180657 0.438516 0.180514 0.437628 0.180444 0.434323 0.180301 0.432771 0.180991 0.431805 0.182926
5 0.430086 0.198083 0.432271 0.197389 0.436471 0.197227 0.442518 0.197111 0.441768 0.191000 0.441393 0.188671 0.439039 0.187398 0.435451 0.185606 0.432102 0.183958 0.431982 0.186255 0.431740 0.188620 0.431255 0.191130 0.430810 0.194644
5 0.429844 0.200236 0.434229 0.200824 0.436044 0.200514 0.436776 0.200449 0.437266 0.200514 0.437818 0.201319 0.438477 0.201542 0.438852 0.203532 0.440763 0.203199 0.442953 0.202222 0.442518 0.197111 0.436471 0.197227 0.432271 0.197389 0.430086 0.198083
8 0.434229 0.200824 0.432104 0.202310 0.430870 0.203009 0.430206 0.203653 0.430055 0.204722 0.431201 0.206171 0.431984 0.205685 0.432466 0.205046 0.433911 0.204454 0.436083 0.203278 0.436865 0.202741 0.437346 0.202310 0.437818 0.201319 0.437266 0.200514 0.436776 0.200449 0.436044 0.200514
5 0.448865 0.191991 0.450927 0.192991 0.451427 0.194657 0.450927 0.196213 0.449115 0.197546 0.447115 0.198986 0.445852 0.199023 0.444359 0.199454 0.443203 0.188671
5 0.428271 0.212787 0.428771 0.213157 0.429938 0.212907 0.431336 0.212407 0.434370 0.211000 0.438198 0.209005 0.439831 0.209088 0.441326 0.208009 0.442445 0.207347 0.443391 0.207884 0.443266 0.205106 0.442953 0.202222 0.440763 0.203199 0.438852 0.203532 0.438477 0.201542 0.437818 0.201319 0.437346 0.202310 0.436865 0.202741 0.436083 0.203278 0.433911 0.204454 0.432466 0.205046 0.431984 0.205685 0.431201 0.206171 0.430055 0.204722 0.430206 0.203653 0.430870 0.203009 0.432104 0.202310 0.434229 0.200824 0.429844 0.200236 0.429682 0.202532 0.429279 0.205329 0.429036 0.207551 0.428674 0.210778
8 0.441797 0.150667 0.444120 0.150472 0.447143 0.149606 0.450654 0.148361 0.452974 0.147208 0.459076 0.143944 0.462479 0.142310 0.462370 0.145194 0.461344 0.146250 0.458536 0.147306 0.454055 0.149319 0.451901 0.150370 0.450286 0.150833 0.445964 0.152176 0.444557 0.152546 0.441958 0.153255
5 0.454766 0.193056 0.456484 0.193616 0.461979 0.195157 0.466893 0.196444 0.471810 0.198759 0.474557 0.200556 0.478172 0.203130 0.479544 0.204282 0.482654 0.203898 0.489089 0.203255 0.495232 0.202227 0.500221 0.201458 0.501378 0.201458 0.502005 0.199949 0.499344 0.198083 0.496076 0.196148 0.494221 0.194139 0.490750 0.192977 0.486896 0.190963 0.485023 0.189694 0.479013 0.186755 0.476552 0.186398 0.476094 0.184861 0.473807 0.187847 0.470167 0.190338 0.467367 0.190755 0.464005 0.191167 0.459339 0.190505 0.454065 0.188514
1 0.444557 0.152546 0.446016 0.157792 0.447141 0.162676 0.447896 0.167370 0.448362 0.169444 0.448698 0.171755 0.449771 0.174407 0.450081 0.177306 0.450891 0.180759 0.451268 0.182778 0.451591 0.185463 0.453013 0.188227 0.453638 0.190778 0.453888 0.193000 0.454766 0.193056 0.454065 0.188514 0.453411 0.185856 0.452060 0.181213 0.451409 0.176778 0.450490 0.173222 0.449818 0.170602 0.448906 0.166389 0.448203 0.162454 0.447141 0.157347 0.446328 0.153903 0.445964 0.152176
5 0.449115 0.197546 0.452727 0.198759 0.458003 0.200301 0.462917 0.201435 0.468620 0.203380 0.473474 0.204542 0.475135 0.205056 0.479544 0.204282 0.478172 0.203130 0.474557 0.200556 0.471810 0.198759 0.466893 0.196444 0.461979 0.195157 0.456484 0.193616 0.454766 0.193056 0.453888 0.193000 0.450927 0.192991 0.451427 0.194657 0.450927 0.196213
5 0.444602 0.202394 0.447953 0.203514 0.450049 0.203644 0.454245 0.204282 0.460388 0.206213 0.464797 0.208139 0.465667 0.208653 0.469135 0.207370 0.471448 0.206468 0.475135 0.205056 0.473474 0.204542 0.468620 0.203380 0.462917 0.201435 0.458003 0.200301 0.452727 0.198759 0.449115 0.197546 0.447115 0.198986 0.445852 0.199023 0.444359 0.199454
5 0.445026 0.207130 0.448331 0.207111 0.451625 0.207208 0.454487 0.207690 0.458049 0.208264 0.461076 0.207977 0.464154 0.209032 0.464693 0.209417 0.465667 0.208653 0.464797 0.208139 0.460388 0.206213 0.454245 0.204282 0.450049 0.203644 0.447953 0.203514 0.444602 0.202394
8 0.439961 0.156042 0.440518 0.161454 0.440956 0.164898 0.441594 0.171519 0.442031 0.175185 0.442188 0.178148 0.442422 0.181806 0.442953 0.186338 0.443203 0.188671 0.444359 0.199454 0.444602 0.202394 0.445026 0.207130 0.445203 0.210440 0.445203 0.214773 0.445203 0.219213 0.445128 0.221338 0.445034 0.223741 0.444849 0.227727 0.444578 0.230991 0.444266 0.234431 0.443891 0.239431 0.443391 0.247426 0.443016 0.252204 0.441518 0.251981 0.441706 0.244875 0.442268 0.239431 0.442581 0.233986 0.442766 0.231880 0.442891 0.229102 0.443203 0.224880 0.443391 0.220991 0.443703 0.215884 0.443578 0.212106 0.443391 0.209995 0.443391 0.207884 0.443266 0.205106 0.442953 0.202222 0.442518 0.197111 0.441768 0.191000 0.441393 0.188671 0.440521 0.181343 0.440049 0.180157 0.439484 0.172986 0.439297 0.168981 0.438958 0.159722 0.438839 0.156065
8 0.445203 0.219213 0.447891 0.217329 0.451951 0.215218 0.454138 0.214440 0.458013 0.212329 0.461448 0.210773 0.464693 0.209417 0.465667 0.208653 0.469135 0.207370 0.471448 0.206468 0.475135 0.205056 0.479544 0.204282 0.482654 0.203898 0.489089 0.203255 0.495232 0.202227 0.500221 0.201458 0.501378 0.201458 0.500932 0.204375 0.497312 0.204995 0.490565 0.206218 0.487628 0.206440 0.486065 0.206995 0.484253 0.207662 0.482878 0.207662 0.481255 0.207773 0.478505 0.207662 0.476068 0.208106 0.473383 0.208995 0.469695 0.209884 0.467982 0.210356 0.466367 0.211144 0.463885 0.212440 0.460573 0.213884 0.458388 0.215106 0.456326 0.216329 0.452013 0.218435 0.447203 0.220102 0.445128 0.221338
8 0.503797 0.200444 0.505922 0.200222 0.512044 0.199556 0.516792 0.198778 0.519557 0.197991 0.521016 0.197991 0.524740 0.197319 0.528844 0.196458 0.532354 0.195880 0.533219 0.195690 0.533380 0.197704 0.533003 0.198375 0.527711 0.199338 0.523878 0.200199 0.520852 0.200681 0.518776 0.200880 0.513958 0.201620 0.508594 0.203009 0.506797 0.203380 0.502714 0.203532
8 0.519557 0.197991 0.521167 0.195000 0.521042 0.193333 0.521745 0.191815 0.522768 0.189458 0.523643 0.188815 0.523854 0.190366 0.523221 0.192509 0.521016 0.197991
8 0.421091 0.202731 0.415911 0.214537 0.412474 0.221667 0.411693 0.223565 0.410156 0.226648 0.408221 0.230431 0.407734 0.231991 0.407214 0.233056 0.405258 0.237468 0.404229 0.239542 0.403109 0.241616 0.401755 0.244769 0.400286 0.247361 0.399089 0.249907 0.397872 0.252292 0.396740 0.254593 0.394958 0.257667 0.394284 0.260023 0.392253 0.263639 0.390510 0.258648 0.394479 0.250218 0.396318 0.247292 0.397284 0.245398 0.406187 0.227162 0.408026 0.223380 0.421672 0.195676
8 0.505523 0.184218 0.504789 0.188190 0.503174 0.196148 0.502005 0.199949 0.501378 0.201458 0.500932 0.204375 0.500500 0.206968 0.499474 0.210329 0.498557 0.214167 0.497422 0.218870 0.496773 0.221847 0.495099 0.227898 0.493372 0.233847 0.492292 0.237208 0.493534 0.239898 0.494344 0.238458 0.495857 0.233079 0.497206 0.228667 0.498448 0.224056 0.499635 0.218565 0.500391 0.214583 0.500964 0.212870 0.501904 0.208023 0.502714 0.203532 0.503797 0.200444 0.504734 0.195667 0.506172 0.189667 0.507214 0.186088 0.506875 0.184537 0.506154 0.183977
5 0.476068 0.208106 0.478672 0.210556 0.482656 0.214722 0.485836 0.216880 0.487786 0.219449 0.489451 0.220991 0.490823 0.221120 0.493643 0.220477 0.497422 0.218870 0.498557 0.214167 0.493208 0.213796 0.487497 0.212639 0.482682 0.210278 0.480885 0.208981 0.478505 0.207662
5 0.500932 0.204375 0.497312 0.204995 0.490565 0.206218 0.487628 0.206440 0.486065 0.206995 0.484253 0.207662 0.482878 0.207662 0.481255 0.207773 0.478505 0.207662 0.480885 0.208981 0.482682 0.210278 0.487497 0.212639 0.493208 0.213796 0.498557 0.214167 0.499474 0.210329 0.500500 0.206968
5 0.456326 0.216329 0.464076 0.219449 0.468122 0.221505 0.472604 0.223690 0.473763 0.222921 0.477656 0.220370 0.479979 0.218681 0.480919 0.217648 0.480992 0.215338 0.480846 0.214565 0.477521 0.214565 0.472966 0.212894 0.467982 0.210356 0.469031 0.212074 0.471573 0.215806 0.472339 0.217667 0.471411 0.218889 0.470201 0.217884 0.468909 0.215231 0.466367 0.211144 0.463885 0.212440 0.460573 0.213884 0.458388 0.215106
5 0.482656 0.214722 0.480846 0.214565 0.477521 0.214565 0.472966 0.212894 0.467982 0.210356 0.469695 0.209884 0.473383 0.208995 0.476068 0.208106 0.478672 0.210556
6 0.408221 0.230431 0.410370 0.234375 0.411557 0.237065 0.412583 0.241287 0.413932 0.237736 0.414094 0.236296 0.412969 0.232917 0.411826 0.230440 0.410156 0.226648
8 0.407214 0.233056 0.407068 0.235806 0.406414 0.240537 0.405948 0.243190 0.405667 0.246259 0.405201 0.249412 0.404716 0.251981 0.403404 0.250537 0.404034 0.247588 0.404315 0.243356 0.404268 0.242111 0.404687 0.241116 0.405154 0.240370 0.405258 0.237468
8 0.407734 0.231991 0.409354 0.233815 0.409914 0.235806 0.409307 0.237551 0.408422 0.240037 0.407815 0.241944 0.407721 0.243940 0.407768 0.247171 0.408281 0.248833 0.408935 0.250407 0.409867 0.249412 0.411594 0.243690 0.412388 0.243940 0.413135 0.245847 0.412482 0.248417 0.411409 0.251653 0.409729 0.255389 0.408779 0.256204 0.407154 0.254426 0.406320 0.249995 0.405667 0.246259 0.405948 0.243190 0.406414 0.240537 0.407068 0.235806 0.407214 0.233056
8 0.421302 0.219306 0.422826 0.216301 0.423268 0.216944 0.423630 0.218523 0.423510 0.220102 0.422422 0.221894 0.421023 0.224606
8 0.424812 0.219884 0.423630 0.218523 0.423268 0.216944 0.424128 0.216157 0.426062 0.215440 0.427625 0.214792 0.428190 0.214866 0.429854 0.213931 0.434370 0.211000 0.438198 0.209005 0.439831 0.209088 0.441326 0.208009 0.442445 0.207347 0.443391 0.207884 0.443391 0.209995 0.441755 0.210991 0.437839 0.212639 0.436484 0.213380 0.430380 0.217019 0.427797 0.218523 0.426669 0.219023
8 0.436484 0.213380 0.438073 0.216370 0.441096 0.221463 0.442346 0.222968 0.443276 0.225264 0.443391 0.220991 0.442831 0.220028 0.440531 0.216227 0.438797 0.214148 0.437839 0.212639
8 0.440896 0.221130 0.437492 0.222472 0.434740 0.224491 0.433659 0.226505 0.431661 0.229579 0.433120 0.231782 0.435549 0.227273 0.438250 0.225639 0.442346 0.222968
8 0.423510 0.220102 0.425219 0.222102 0.426432 0.223759 0.427784 0.226000 0.428859 0.227741 0.430573 0.230880 0.431719 0.232778 0.434086 0.236037 0.435469 0.239074 0.436380 0.241157 0.437979 0.245356 0.438333 0.243259 0.436979 0.239440 0.435299 0.235875 0.433526 0.232968 0.433120 0.231782 0.431661 0.229579 0.429745 0.226167 0.427224 0.222597 0.426198 0.221352 0.424812 0.219884 0.423630 0.218523
8 0.430339 0.236843 0.431924 0.237611 0.433911 0.238468 0.435469 0.239074 0.436380 0.241157 0.435841 0.241361 0.431953 0.240667 0.430568 0.240398 0.429404 0.239333
8 0.421563 0.261435 0.423367 0.263699 0.424995 0.266380 0.426409 0.269593 0.426831 0.270556 0.428279 0.273181 0.429755 0.275593 0.431021 0.277681 0.432948 0.275912 0.430961 0.272269 0.429982 0.269583 0.428448 0.265986 0.427615 0.264019 0.426409 0.261287 0.425964 0.259907 0.424948 0.257870 0.423984 0.256528 0.421458 0.259120 0.421563 0.260185
8 0.426831 0.270556 0.425849 0.274171 0.427422 0.276250 0.428279 0.273181
8 0.424531 0.277546 0.423534 0.281546 0.422307 0.285042 0.423729 0.285639 0.424648 0.286083 0.426370 0.279931
8 0.419297 0.271343 0.422781 0.275583 0.424531 0.277546 0.426370 0.279931 0.428828 0.282315 0.431255 0.285194 0.432930 0.284745 0.434089 0.283657 0.431107 0.280481 0.430057 0.279046 0.428323 0.277255 0.427422 0.276250 0.425849 0.274171 0.419982 0.268074 0.419117 0.270954
8 0.435156 0.275370 0.434482 0.273810 0.434240 0.272019 0.434482 0.269866 0.435424 0.267690 0.436776 0.264519 0.438365 0.262292 0.438951 0.265116 0.438315 0.266856 0.436943 0.269435 0.436297 0.271370 0.436096 0.272375 0.436414 0.273560 0.437891 0.276389 0.436943 0.279542
8 0.434482 0.273810 0.432948 0.275912 0.431021 0.277681 0.430057 0.279046 0.431107 0.280481 0.433469 0.277764 0.434549 0.276213 0.435156 0.275370
8 0.433469 0.277764 0.435036 0.279685 0.435755 0.281343 0.434089 0.283657 0.431107 0.280481
8 0.404177 0.307194 0.406651 0.309241 0.409477 0.312028 0.410964 0.313750 0.412753 0.315995 0.414042 0.317981 0.415786 0.319838 0.420214 0.325477 0.420771 0.326347 0.420737 0.323931 0.419620 0.320398 0.418568 0.318657 0.415521 0.315278 0.414357 0.314139 0.412987 0.312944 0.411414 0.311579 0.409719 0.309366 0.407315 0.307134 0.405117 0.305338 0.403203 0.303889
8 0.413430 0.309144 0.417031 0.315463 0.418568 0.318657 0.415521 0.315278 0.414357 0.314139 0.413229 0.311435
6 0.411656 0.322389 0.410628 0.329023 0.412635 0.336824 0.417724 0.353917 0.422438 0.349935 0.425096 0.348190 0.423135 0.342273 0.421469 0.338060 0.419958 0.334079 0.417719 0.327968 0.415453 0.322366 0.412745 0.316301
8 0.417724 0.353917 0.422438 0.349935 0.425096 0.348190 0.429036 0.344662 0.428776 0.347963 0.428281 0.351806 0.426984 0.352347 0.423237 0.357014 0.421536 0.358009 0.420443 0.359028 0.419440 0.359273
8 0.454773 0.331185 0.456122 0.333681 0.458716 0.338671 0.460820 0.342991 0.462766 0.347023 0.465628 0.353069 0.467896 0.358157 0.470055 0.362671 0.474536 0.362958 0.470109 0.353167 0.467680 0.348463 0.463792 0.341264 0.462279 0.337806 0.460820 0.334639 0.458451 0.327847 0.456638 0.329069 0.455005 0.330704
8 0.460698 0.326292 0.463284 0.332870 0.465336 0.338056 0.466846 0.342759 0.468737 0.348616 0.469708 0.351019 0.470109 0.353167 0.467680 0.348463 0.463792 0.341264 0.462279 0.337806 0.460820 0.334639 0.458451 0.327847
8 0.434563 0.341866 0.436143 0.340065 0.436893 0.339176 0.442706 0.334287 0.444203 0.333065 0.449828 0.328847 0.452135 0.327222 0.453638 0.325958 0.455951 0.323514 0.456823 0.322685 0.458776 0.320833 0.461385 0.318736 0.465323 0.315852 0.468695 0.313519 0.471945 0.311185 0.474570 0.312407 0.475568 0.312963 0.476130 0.314296 0.472820 0.316852 0.471070 0.318181 0.467883 0.320625 0.465948 0.321847 0.463323 0.323958 0.460698 0.326292 0.458451 0.327847 0.456638 0.329069 0.455005 0.330704 0.453115 0.332431 0.451440 0.333773 0.449659 0.334829 0.447266 0.336731 0.446266 0.337620 0.444641 0.338954 0.442081 0.341065 0.439456 0.343065 0.437956 0.343843 0.436081 0.345509 0.433878 0.347815
8 0.423104 0.252111 0.424224 0.248292 0.425990 0.243611 0.426979 0.240787 0.428026 0.238176 0.428594 0.236528 0.429260 0.234907 0.430245 0.232611 0.430573 0.230880 0.431719 0.232778 0.430945 0.234935 0.430339 0.236843 0.429404 0.239333 0.428284 0.242236 0.426719 0.246250 0.425438 0.249208 0.424224 0.252194 0.424323 0.254028 0.423198 0.255014
8 0.419997 0.257764 0.421448 0.251310 0.423628 0.240694 0.424070 0.236968 0.424393 0.235245 0.425401 0.229435 0.426432 0.223759 0.427784 0.226000 0.427135 0.229366 0.426289 0.235602 0.425664 0.237861 0.425625 0.239491 0.424974 0.242500 0.424224 0.248292 0.423104 0.252111 0.423198 0.255014
8 0.419997 0.257764 0.418734 0.253481 0.418922 0.250824 0.419203 0.246759 0.421448 0.251310
8 0.420052 0.233611 0.424393 0.235245 0.424070 0.236968 0.419940 0.236069
8 0.428026 0.238176 0.425664 0.237861 0.426289 0.235602 0.428594 0.236528
8 0.425990 0.243611 0.424974 0.242500 0.425625 0.239491 0.426979 0.240787
8 0.426719 0.246250 0.428284 0.242236 0.429695 0.244662 0.431049 0.248037 0.431503 0.249106 0.431865 0.250338 0.430870 0.250769 0.429544 0.251250 0.428307 0.251681
8 0.431503 0.249106 0.431875 0.248333 0.432682 0.247731 0.433620 0.247130 0.433047 0.250417 0.431865 0.250338
8 0.441034 0.281921 0.441914 0.283185 0.442508 0.284176 0.444042 0.285477 0.445297 0.286778 0.447599 0.288764 0.449133 0.290125 0.451049 0.291736 0.452823 0.292477 0.453714 0.292833 0.453995 0.293981 0.454560 0.295204 0.455247 0.295704 0.455568 0.294699 0.455445 0.291403 0.455406 0.290542 0.454398 0.289898 0.453633 0.290106 0.451779 0.289102 0.449557 0.287454 0.448177 0.286157 0.446823 0.285185 0.444115 0.283009 0.441677 0.280847
8 0.437362 0.292032 0.436378 0.293472 0.436237 0.294718 0.436703 0.295296 0.437263 0.294051 0.438711 0.293639 0.441698 0.294218 0.443620 0.293657 0.445833 0.294028 0.448839 0.294218 0.449911 0.294218 0.451125 0.294301 0.452711 0.294551 0.453995 0.293981 0.453714 0.292833 0.452823 0.292477 0.451049 0.291736 0.449133 0.290125 0.442958 0.290731 0.439318 0.291315
8 0.449615 0.305843 0.445833 0.294028 0.448839 0.294218 0.451732 0.301481 0.452651 0.305130 0.453255 0.307176
8 0.440052 0.302130 0.437263 0.294051 0.438711 0.293639 0.441698 0.294218 0.442771 0.297704 0.443471 0.300273 0.443594 0.303194
8 0.443620 0.293657 0.445057 0.299194 0.446016 0.303935 0.443594 0.303194 0.443471 0.300273 0.442771 0.297704 0.441698 0.294218
8 0.443620 0.293657 0.445833 0.294028 0.449615 0.305843 0.446016 0.303935 0.445057 0.299194
8 0.431250 0.302176 0.429917 0.306667 0.428784 0.309736 0.425758 0.314537 0.423221 0.318472 0.421224 0.315495 0.422573 0.312042 0.424786 0.308491 0.428703 0.301532
8 0.420844 0.314083 0.422789 0.309958 0.423654 0.305060 0.423711 0.300199 0.420328 0.299787 0.418620 0.305185 0.417680 0.308032
8 0.411805 0.298060 0.412396 0.300477 0.412813 0.302454 0.414115 0.304769 0.416901 0.311963 0.418339 0.317296 0.418568 0.318657 0.419620 0.320398 0.420737 0.323931 0.420771 0.326347 0.421755 0.329079 0.423031 0.331208 0.424336 0.330514 0.424648 0.328736 0.422773 0.324736 0.421148 0.319181 0.415727 0.304375 0.414711 0.301310 0.413534 0.299324 0.413263 0.298148
5 0.415727 0.304375 0.417680 0.308032 0.420844 0.314083 0.421224 0.315495 0.423221 0.318472 0.424625 0.322023 0.426406 0.324903 0.427109 0.328361 0.422773 0.324736 0.421148 0.319181
8 0.424648 0.328736 0.426031 0.331009 0.428130 0.333167 0.429951 0.334741 0.430167 0.332042 0.427109 0.328361 0.422773 0.324736
8 0.425010 0.334125 0.428536 0.341347 0.429156 0.342870 0.429484 0.339884 0.426031 0.331009 0.424648 0.328736 0.424336 0.330514 0.423031 0.331208 0.423891 0.332319
5 0.426406 0.324903 0.427021 0.318403 0.428083 0.313630 0.428784 0.309736 0.429917 0.306667 0.430396 0.307519 0.428896 0.314963 0.428021 0.321069 0.428083 0.322292 0.429021 0.319292 0.430333 0.313630 0.431146 0.310519 0.431958 0.307963 0.432458 0.306185 0.433594 0.309028 0.433099 0.310972 0.432396 0.315741 0.431771 0.320185 0.431042 0.325787 0.430167 0.332042 0.427109 0.328361
6 0.434714 0.307546 0.437966 0.308875 0.438141 0.310176 0.437734 0.314491
8 0.400680 0.294444 0.403857 0.294759 0.408844 0.294634 0.410776 0.295301 0.412966 0.295662 0.413568 0.295556 0.415563 0.295750 0.418437 0.296250 0.421589 0.296435 0.425016 0.297134 0.428724 0.298009 0.431719 0.299259 0.436594 0.301120 0.440052 0.302130 0.443594 0.303194 0.446016 0.303935 0.449615 0.305843 0.453255 0.307176 0.456380 0.307755 0.455930 0.309431 0.454740 0.309861 0.450625 0.309074 0.449063 0.308704 0.446526 0.308028 0.445448 0.307644 0.443664 0.307069 0.442568 0.306764 0.439854 0.306009 0.436797 0.304722 0.432901 0.303278 0.431250 0.302176 0.428703 0.301532 0.425622 0.301032 0.423711 0.300199 0.420328 0.299787 0.417852 0.299171 0.415042 0.298792 0.414047 0.298148 0.413263 0.298148 0.411805 0.298060 0.410130 0.297935 0.405667 0.297704 0.404594 0.297204 0.401747 0.297204
8 0.442706 0.334287 0.441797 0.330759 0.441258 0.328167 0.440495 0.325833 0.437346 0.317412 0.436419 0.315046 0.434323 0.310556 0.433594 0.309028 0.432458 0.306185 0.431250 0.302176 0.432901 0.303278 0.434714 0.307546 0.437734 0.314491 0.439961 0.320681 0.441258 0.324042 0.442336 0.327403 0.443255 0.330569 0.444203 0.333065
8 0.440680 0.329829 0.441797 0.330759 0.442706 0.334287 0.436893 0.339176 0.435128 0.337130 0.435893 0.331755
8 0.445034 0.223741 0.448453 0.228880 0.451917 0.233685 0.454583 0.238190 0.459570 0.244745 0.465190 0.251931 0.470458 0.259065 0.474893 0.265310 0.474195 0.267421 0.473633 0.267977 0.469945 0.263199 0.468883 0.261866 0.468195 0.260755 0.466779 0.259593 0.458971 0.247597 0.453781 0.240264 0.446826 0.231287 0.444849 0.227727
8 0.449828 0.328847 0.453029 0.319144 0.453784 0.316361 0.455930 0.309431 0.456380 0.307755 0.460385 0.298523 0.461385 0.296190 0.463135 0.292523 0.466385 0.285639 0.467758 0.281861 0.471508 0.272532 0.473633 0.267977 0.474195 0.267421 0.474893 0.265310 0.477151 0.259361 0.478255 0.256537 0.481443 0.249093 0.483440 0.244653 0.485128 0.242542 0.485315 0.243542 0.484753 0.247093 0.481755 0.255093 0.479068 0.261088 0.477380 0.265199 0.474943 0.270421 0.472570 0.275861 0.470570 0.280750 0.468445 0.286528 0.467070 0.288750 0.465698 0.292412 0.463698 0.297079 0.462823 0.299301 0.459073 0.306963 0.458201 0.309630 0.456763 0.313852 0.455492 0.317449 0.454859 0.319324 0.454198 0.321199 0.453021 0.324787 0.452135 0.327222
8 0.458201 0.309630 0.460172 0.310796 0.461917 0.310241 0.464453 0.310741 0.466534 0.310569 0.469570 0.310056 0.471945 0.311185 0.474570 0.312407 0.475568 0.312963 0.476130 0.314296 0.477810 0.315324 0.478823 0.315708 0.482799 0.319435 0.483737 0.316481 0.482943 0.315708 0.480195 0.313523 0.477232 0.311468 0.475641 0.309153 0.473763 0.307741 0.472604 0.307481 0.470508 0.307227 0.469641 0.307227 0.467255 0.307097 0.464654 0.307356 0.461544 0.307356 0.459073 0.306963
8 0.462823 0.299301 0.464206 0.300519 0.466852 0.302056 0.469120 0.303593 0.471497 0.305130 0.473763 0.307741 0.475641 0.309153 0.477232 0.311468 0.480195 0.313523 0.482943 0.315708 0.483737 0.316481 0.484187 0.314727 0.483755 0.312713 0.479706 0.309546 0.476951 0.306954 0.473388 0.303593 0.472036 0.302537 0.469229 0.300519 0.463698 0.297079
8 0.471497 0.305130 0.469641 0.307227 0.467255 0.307097 0.469120 0.303593
8 0.472036 0.302537 0.475208 0.300190 0.477122 0.298949 0.477961 0.298282 0.479081 0.300606 0.477961 0.301269 0.475534 0.302431 0.473388 0.303593
8 0.476951 0.306954 0.479828 0.304505 0.480622 0.304009 0.481414 0.306250 0.481461 0.308407 0.479706 0.309546
8 0.475703 0.286713 0.477786 0.286944 0.479167 0.287130 0.481693 0.287037 0.483125 0.287222 0.484687 0.287315 0.486380 0.287731 0.487786 0.288472 0.488516 0.288935 0.488333 0.291065 0.487240 0.290556 0.485495 0.290046 0.483984 0.290046 0.481927 0.289722 0.479245 0.289583 0.477005 0.289213 0.476568 0.288977
8 0.477362 0.277926 0.479732 0.279995 0.482518 0.282843 0.484297 0.284954 0.486180 0.286935 0.486380 0.287731 0.487786 0.288472 0.487750 0.286005 0.485727 0.283898 0.483253 0.281111 0.482518 0.280491 0.481299 0.279495 0.479034 0.277454 0.478229 0.276509
8 0.487786 0.288472 0.487750 0.286005 0.487810 0.284181 0.487948 0.278949 0.487901 0.274139 0.487810 0.270569 0.488276 0.261111 0.488370 0.258208 0.488495 0.254019 0.490229 0.249907 0.490143 0.255801 0.489768 0.264597 0.489396 0.269245 0.489161 0.272481 0.489161 0.275880 0.488883 0.281356 0.488977 0.284259 0.488789 0.286417 0.488516 0.288935
8 0.480677 0.272731 0.480753 0.275134 0.481299 0.279495 0.482518 0.280491 0.482060 0.277625 0.481919 0.273227 0.481872 0.270653 0.481771 0.267259 0.480706 0.269991
8 0.481872 0.270653 0.482815 0.270755 0.484003 0.276750 0.484628 0.279083 0.485378 0.280750 0.487810 0.284181 0.487750 0.286005 0.485727 0.283898 0.483253 0.281111 0.482518 0.280491 0.482060 0.277625
8 0.479964 0.296944 0.483753 0.294079 0.485253 0.292968 0.488333 0.291065 0.487682 0.293796 0.485753 0.295856 0.484315 0.296856 0.483003 0.297856 0.481411 0.298745
8 0.491385 0.239755 0.488422 0.247208 0.485096 0.255051 0.481482 0.262759 0.478086 0.270597 0.474977 0.277537 0.473023 0.281907 0.473096 0.284477 0.473854 0.287495 0.474695 0.290153 0.477961 0.298282 0.479081 0.300606 0.480622 0.304009 0.481414 0.306250 0.481461 0.308407 0.483755 0.312713 0.484187 0.314727 0.485169 0.318278 0.486544 0.318407 0.486688 0.316481 0.485964 0.314167 0.484661 0.310694 0.483672 0.306713 0.482682 0.302917 0.481990 0.299514 0.481411 0.298745 0.479964 0.296944 0.477289 0.291162 0.476568 0.288977 0.475703 0.286713 0.475555 0.284606 0.475990 0.282421 0.477362 0.277926 0.478229 0.276509 0.480729 0.269954 0.481771 0.267259 0.483867 0.263917 0.486471 0.257745 0.488495 0.254019 0.490229 0.249907 0.492969 0.243069
8 0.489740 0.292639 0.490187 0.292421 0.491182 0.291833 0.492297 0.290384 0.493443 0.289634 0.494799 0.289370 0.496065 0.288940 0.497240 0.288778 0.498263 0.288509 0.499799 0.288403 0.500885 0.288296 0.502060 0.288565 0.502844 0.288778 0.504453 0.289736 0.505391 0.290514 0.505555 0.287333 0.505042 0.286852 0.503596 0.286528 0.501396 0.285884 0.499529 0.285884 0.498112 0.285833 0.497180 0.285995 0.495763 0.286421 0.493865 0.287384 0.492630 0.287870 0.491935 0.288190 0.491214 0.288940 0.490760 0.289528 0.489956 0.290264
8 0.490750 0.287051 0.491935 0.288190 0.491214 0.288940 0.490760 0.289528 0.489956 0.290264
8 0.490755 0.293009 0.492755 0.295546 0.494016 0.297204 0.495784 0.299398 0.497945 0.302125 0.499724 0.303986 0.501956 0.307333 0.503419 0.309625 0.503909 0.310616 0.504221 0.307579 0.502828 0.305782 0.501781 0.303921 0.500526 0.302375 0.498120 0.299398 0.496133 0.297042 0.495367 0.295866 0.494146 0.294194 0.492474 0.292579 0.491182 0.291833 0.490172 0.292579
8 0.491182 0.291833 0.492297 0.290384 0.493443 0.289634 0.495938 0.292407 0.499846 0.297472 0.502602 0.299394 0.503542 0.300134 0.504414 0.301005 0.504344 0.304352 0.504221 0.307579 0.502828 0.305782 0.501781 0.303921 0.500526 0.302375 0.498120 0.299398 0.496133 0.297042 0.495367 0.295866 0.494146 0.294194 0.492474 0.292579
8 0.497945 0.302125 0.498281 0.310120 0.498497 0.315977 0.498549 0.318375 0.499956 0.319338 0.499901 0.315306 0.499685 0.310218 0.499740 0.306569 0.499724 0.303986
8 0.484661 0.310694 0.485474 0.305171 0.486414 0.300542 0.487682 0.293796 0.488333 0.291065 0.488977 0.284259 0.490318 0.277926 0.491474 0.271500 0.492414 0.266870 0.493424 0.259931 0.494581 0.254019 0.495451 0.249653 0.496896 0.252093 0.497328 0.253894 0.496318 0.256977 0.495016 0.264815 0.494148 0.268671 0.493880 0.271898 0.492268 0.280366 0.490750 0.287051 0.489956 0.290264 0.489740 0.292639 0.488581 0.298486 0.488437 0.301444 0.488148 0.303630 0.486846 0.309796 0.486557 0.312241 0.485964 0.314167
8 0.495893 0.273745 0.496396 0.271565 0.496956 0.270986 0.497703 0.271648 0.499151 0.273060 0.501297 0.275134 0.503490 0.277125 0.505078 0.278949 0.506104 0.280111 0.507690 0.281940 0.510023 0.283931 0.511659 0.285755 0.512732 0.287662 0.514760 0.293421 0.512521 0.291264 0.507831 0.286088 0.506898 0.285009 0.505823 0.284259 0.504378 0.281856 0.502552 0.279954 0.500503 0.277792 0.498076 0.275963
8 0.503490 0.277125 0.502060 0.272491 0.500495 0.269801 0.496318 0.256977 0.497328 0.253894 0.498659 0.257130 0.501250 0.264903 0.502547 0.268935 0.503628 0.272296 0.504815 0.276042 0.505078 0.278949
8 0.506104 0.280111 0.505247 0.273931 0.505138 0.272106 0.506273 0.271912 0.507190 0.276519 0.507690 0.281940
6 0.494271 0.241574 0.498365 0.243333 0.500372 0.245074 0.504479 0.249056 0.505599 0.250218 0.504901 0.254366 0.503779 0.254037 0.498646 0.250718
8 0.498365 0.243333 0.501904 0.237713 0.506057 0.229250 0.508112 0.222778 0.509044 0.221037 0.510630 0.222532 0.510865 0.224273 0.510211 0.226847 0.508904 0.229917 0.506943 0.234398 0.505078 0.238463 0.502883 0.242194 0.500372 0.245074
8 0.511943 0.261338 0.512604 0.264167 0.513437 0.266852 0.514755 0.270394 0.515839 0.274093 0.518641 0.282931 0.519604 0.286356 0.520570 0.290375 0.521143 0.291981 0.522180 0.294190 0.520867 0.287861 0.519617 0.283306 0.518742 0.279528 0.518055 0.275750 0.516141 0.270718 0.514664 0.266218 0.513820 0.263537 0.513156 0.260380
8 0.511003 0.258981 0.512357 0.256963 0.513151 0.256468 0.514432 0.257315 0.514661 0.259491 0.513156 0.260380 0.511943 0.261338
8 0.511495 0.234431 0.512646 0.238602 0.513594 0.242130 0.514766 0.246852 0.515615 0.251079 0.515831 0.252329 0.516479 0.254440 0.517500 0.258380 0.518021 0.260787 0.518964 0.264713 0.520206 0.269130 0.521745 0.275556 0.522753 0.280042 0.523240 0.281963 0.523779 0.283787 0.524320 0.286190 0.524643 0.287722 0.525336 0.292843 0.525497 0.298120 0.525065 0.299847 0.524417 0.299847 0.523284 0.299370 0.522042 0.298407 0.520312 0.297255 0.519664 0.296394 0.519448 0.295625 0.519773 0.295144 0.520529 0.295338 0.521500 0.295625 0.522802 0.296856 0.524177 0.297412 0.523990 0.295634 0.522802 0.291856 0.522852 0.288903 0.521987 0.283815 0.521393 0.280843 0.520583 0.277671 0.520367 0.276616 0.518799 0.270088 0.518206 0.268264 0.517883 0.266440 0.517305 0.265088 0.516805 0.262199 0.516146 0.259306 0.515242 0.255537 0.514182 0.250870 0.513557 0.247648 0.512557 0.241208
8 0.514755 0.270394 0.513422 0.271301 0.513380 0.272449 0.515599 0.278750 0.518706 0.287292 0.521500 0.295625 0.522802 0.296856 0.522180 0.294190 0.521143 0.291981 0.520570 0.290375 0.519604 0.286356 0.518641 0.282931 0.515839 0.274093
8 0.515831 0.252329 0.518240 0.248417 0.519313 0.246509 0.520573 0.244519 0.522393 0.241782 0.525518 0.236718 0.526453 0.235477 0.527292 0.234315 0.528646 0.232157 0.529534 0.231657 0.530654 0.232319 0.530279 0.235394 0.529159 0.237218 0.528227 0.238130 0.527013 0.239375 0.523607 0.243856 0.522065 0.245597 0.520339 0.247838 0.518799 0.249995 0.516479 0.254440
8 0.522065 0.245597 0.523820 0.246856 0.525641 0.248435 0.527690 0.251088 0.528393 0.252583 0.528594 0.254537 0.527555 0.253495 0.525357 0.250926 0.523773 0.249597 0.522607 0.248685 0.520339 0.247838
8 0.527013 0.239375 0.527333 0.244375 0.528141 0.249606 0.528393 0.252583 0.528594 0.254537 0.528745 0.256491 0.529068 0.259292 0.529672 0.264667 0.530318 0.270333 0.530940 0.275412 0.531060 0.279755 0.531172 0.280602 0.531333 0.283130 0.531648 0.284889 0.532174 0.285394 0.532859 0.284245 0.532859 0.282884 0.532659 0.278653 0.532013 0.272556 0.531648 0.267319 0.531005 0.263019 0.530602 0.259005 0.529471 0.249968 0.529029 0.246236 0.528786 0.240861 0.528227 0.238130
8 0.518190 0.260861 0.523250 0.258611 0.526625 0.257111 0.528745 0.256491 0.529068 0.259292 0.527711 0.260593 0.525602 0.261556 0.523643 0.262843 0.520721 0.263912 0.518964 0.264713
6 0.425148 0.380495 0.425648 0.374278 0.426234 0.367787 0.426922 0.363681 0.428047 0.354236 0.428281 0.351806 0.428776 0.347963 0.429036 0.344662 0.429156 0.342870 0.429484 0.339884 0.429951 0.334741 0.430167 0.332042 0.431042 0.325787 0.431771 0.320185 0.432396 0.315741 0.433099 0.310972 0.433594 0.309028 0.434323 0.310556 0.436419 0.315046 0.437346 0.317412 0.436172 0.328935 0.435893 0.331755 0.435128 0.337130 0.434885 0.338639 0.434563 0.341866 0.433878 0.347815 0.433635 0.353120 0.432990 0.358431 0.432466 0.363519 0.432172 0.365819 0.431164 0.374991 0.430990 0.378611 0.430781 0.382269 0.429964 0.390986 0.429359 0.396292
8 0.435104 0.359838 0.438307 0.368287 0.439286 0.370398 0.440039 0.372778 0.441042 0.375898 0.442047 0.378426 0.443299 0.382741 0.445057 0.386009 0.446396 0.389579 0.447232 0.391662 0.450745 0.395227 0.451331 0.393296 0.450745 0.392403 0.449073 0.390023 0.447232 0.386755 0.446313 0.384375 0.445307 0.381398 0.443552 0.377088 0.441544 0.372181 0.440708 0.370546 0.439956 0.366977 0.438784 0.363704 0.437781 0.360731 0.436190 0.355079 0.435234 0.351250 0.433878 0.347815 0.433635 0.353120
8 0.430990 0.378611 0.434581 0.381870 0.435208 0.381995 0.436531 0.383046 0.437904 0.384407 0.439315 0.385773 0.440956 0.387083 0.442526 0.388079 0.444862 0.389875 0.447232 0.391662 0.450745 0.395227 0.449766 0.396713 0.447703 0.395380 0.443328 0.391380 0.439768 0.388824 0.439081 0.388162 0.437581 0.387384 0.436643 0.386829 0.435081 0.384940 0.433208 0.383718 0.431896 0.383162 0.430781 0.382269
8 0.436771 0.374861 0.435208 0.381995 0.436531 0.383046 0.439286 0.370398 0.438307 0.368287
8 0.437904 0.384407 0.438596 0.379296 0.440039 0.372778 0.441042 0.375898 0.440625 0.378380 0.439948 0.381991 0.439315 0.385773
8 0.440956 0.387083 0.439948 0.381991 0.440625 0.378380 0.441836 0.383681 0.442526 0.388079
8 0.437188 0.387870 0.436284 0.391792 0.435911 0.394694 0.435070 0.399176 0.436750 0.399009 0.437776 0.394199 0.438383 0.391296 0.439081 0.388162 0.437581 0.387384
8 0.470362 0.383847 0.470943 0.383204 0.471727 0.382778 0.472841 0.381597 0.474047 0.379940 0.475432 0.377634 0.476307 0.376241 0.477422 0.374528 0.478417 0.373565 0.479349 0.372759 0.480888 0.371528 0.482724 0.370134 0.483990 0.368958 0.484383 0.369815 0.484471 0.370352 0.482846 0.371477 0.480917 0.373028 0.479862 0.374153 0.478807 0.375866 0.477935 0.377421 0.477271 0.378116 0.476458 0.378921 0.475885 0.379940 0.475010 0.381972 0.474651 0.383634 0.474078 0.384329 0.473143 0.384653 0.471549 0.385097
8 0.437956 0.343843 0.441375 0.346940 0.444125 0.350222 0.445664 0.350639 0.446654 0.351949 0.447865 0.353519 0.450990 0.355806 0.449979 0.352338 0.447521 0.350023 0.446435 0.348736 0.444844 0.347222 0.442242 0.344495 0.441013 0.343727 0.439456 0.343065
8 0.444641 0.338954 0.446086 0.341926 0.446831 0.343505 0.448745 0.348398 0.449979 0.352338 0.450990 0.355806 0.452758 0.359931 0.455755 0.365833 0.456352 0.367565 0.457240 0.370889 0.459617 0.372134 0.458547 0.367981 0.455372 0.360514 0.454018 0.357361 0.452479 0.353792 0.451359 0.349644 0.450398 0.346426 0.447979 0.341403 0.446849 0.338968 0.446266 0.337620
8 0.505570 0.306185 0.511432 0.313185 0.515430 0.317736 0.517180 0.320403 0.520242 0.323847 0.524177 0.328403 0.525615 0.330736 0.526865 0.332731 0.528865 0.335954 0.531112 0.339509 0.533424 0.343065 0.534549 0.344954 0.535674 0.344509 0.534924 0.342287 0.532737 0.337509 0.528677 0.332398 0.527177 0.329958 0.526177 0.328736 0.524990 0.327069 0.523656 0.325690 0.522891 0.324264 0.522263 0.323458 0.520589 0.321167 0.519867 0.320069 0.518490 0.317593 0.516979 0.315000 0.511120 0.308963 0.507745 0.304963 0.506112 0.302824
8 0.516979 0.315000 0.514297 0.309167 0.511930 0.303500 0.510760 0.299194 0.509792 0.296111 0.509104 0.293676 0.508740 0.291764 0.510234 0.292926 0.511042 0.295324 0.511849 0.297977 0.512815 0.300343 0.514552 0.304861 0.515990 0.307870 0.517052 0.310384 0.518182 0.313037 0.519029 0.315472 0.519352 0.316694 0.518490 0.317593
8 0.522367 0.312407 0.519352 0.316694 0.518490 0.317593 0.519867 0.320069 0.523177 0.314954
8 0.528086 0.325505 0.527177 0.329958 0.526177 0.328736 0.526516 0.325111 0.526898 0.323810 0.527247 0.323333
8 0.523656 0.325690 0.524669 0.322384 0.525297 0.319676 0.526203 0.321477 0.526690 0.322282 0.524990 0.327069
8 0.520589 0.321167 0.522646 0.319722 0.524284 0.317944 0.525297 0.319676 0.522263 0.323458
8 0.449594 0.433602 0.453732 0.433097 0.454542 0.433384 0.456268 0.433287 0.459406 0.432819 0.461674 0.432528 0.463672 0.432625 0.467453 0.432819 0.467021 0.435505 0.465885 0.436176 0.460594 0.436083 0.458164 0.435986 0.456544 0.436273 0.454661 0.436019 0.451953 0.436389 0.450260 0.436806 0.449109 0.437440
8 0.448896 0.440796 0.450328 0.444134 0.452490 0.451338 0.454000 0.457866 0.455836 0.465546 0.456484 0.469287 0.457565 0.465931 0.456052 0.459782 0.454865 0.453931 0.453622 0.448648 0.452326 0.443079 0.450260 0.436759 0.449109 0.437440
8 0.454661 0.436019 0.457888 0.454986 0.456755 0.456903 0.456268 0.458537 0.456052 0.459782 0.454865 0.453931 0.453622 0.448648 0.452326 0.443079 0.451953 0.436389
8 0.457294 0.462167 0.458276 0.462333 0.458508 0.459347 0.459255 0.457023 0.460841 0.455199 0.461682 0.452875 0.463596 0.446403 0.467021 0.435505 0.465885 0.436176 0.462570 0.444412 0.459721 0.451463 0.459240 0.453065 0.457888 0.454986 0.456755 0.456903 0.456268 0.458537 0.456052 0.459782
8 0.458276 0.462333 0.457565 0.465931 0.456484 0.469287 0.455297 0.473222 0.455945 0.476583 0.459130 0.466407 0.458698 0.464296
8 0.459766 0.458611 0.460352 0.462819 0.461216 0.466468 0.462620 0.474338 0.464294 0.485088 0.465156 0.492301 0.466346 0.498148 0.467208 0.503907 0.468948 0.515741 0.471448 0.530958 0.472760 0.540954 0.473760 0.546394 0.472570 0.548509 0.471010 0.541625 0.468823 0.528625 0.466258 0.513412 0.464385 0.498634 0.461945 0.484880 0.460271 0.472208 0.459130 0.466407 0.458698 0.464296 0.458276 0.462333 0.458508 0.459347 0.459255 0.457023
8 0.458117 0.476593 0.460458 0.488370 0.461812 0.498491 0.462326 0.502477 0.465128 0.517329 0.471940 0.549519 0.472570 0.548509 0.471010 0.541625 0.468823 0.528625 0.466258 0.513412 0.464385 0.498634 0.461945 0.484880 0.460271 0.472208 0.459411 0.474023
8 0.463672 0.432625 0.466294 0.427801 0.467927 0.424565 0.468859 0.423653 0.469794 0.425310 0.469047 0.427468 0.467453 0.432819
8 0.459406 0.432819 0.462641 0.426472 0.463938 0.424264 0.466151 0.420042 0.467609 0.421866 0.468419 0.422634 0.466961 0.426185 0.465557 0.425898 0.464586 0.427431 0.461674 0.432528
8 0.462641 0.426472 0.460451 0.417148 0.457802 0.406181 0.460346 0.409588 0.461427 0.412255 0.462266 0.416593 0.463172 0.420435 0.463938 0.424264
8 0.461216 0.466468 0.462539 0.463037 0.465299 0.454856 0.468560 0.445639 0.471823 0.436120 0.468906 0.435685 0.467646 0.440579 0.464099 0.451199 0.460352 0.462819
5 0.471823 0.436120 0.474070 0.435255 0.475568 0.444477 0.476380 0.450028 0.477193 0.453917 0.478755 0.459583 0.479380 0.464356 0.480505 0.474685 0.482005 0.491458 0.482630 0.507676 0.482255 0.511454 0.482630 0.519449 0.483190 0.519449 0.483815 0.531778 0.479130 0.538444 0.477943 0.533889 0.476255 0.527338 0.474508 0.522005 0.473258 0.518227 0.472883 0.516894 0.471508 0.511787 0.469758 0.505787 0.467633 0.499569 0.466073 0.492236 0.467133 0.491125 0.467945 0.489125 0.462539 0.463037 0.465299 0.454856 0.468560 0.445639
5 0.480247 0.541176 0.483997 0.534736 0.484435 0.545954 0.485185 0.547065 0.486372 0.547287 0.486497 0.545509 0.485372 0.545065 0.484935 0.533292 0.493995 0.519741 0.494995 0.523847 0.496117 0.529069 0.497555 0.534514 0.499992 0.541065 0.500867 0.543954 0.501555 0.547731 0.502180 0.550731 0.504089 0.555787 0.507302 0.570389 0.510677 0.582606 0.512612 0.591162 0.515799 0.601602 0.515612 0.602491 0.514674 0.601157 0.511977 0.604810 0.509883 0.604667 0.502273 0.606301 0.500260 0.606898 0.498255 0.605412 0.498005 0.603625 0.495495 0.594116 0.485958 0.560361 0.483117 0.553662 0.482698 0.551139 0.482359 0.547718 0.481443 0.545042
8 0.461427 0.412255 0.463914 0.415606 0.466151 0.420042 0.467609 0.421866 0.468419 0.422634 0.468859 0.423653 0.470073 0.425727 0.469841 0.426972 0.471193 0.429463 0.471427 0.429542 0.471893 0.428963 0.472315 0.427801 0.472128 0.425310 0.471380 0.423569 0.469747 0.421000 0.468628 0.419505 0.467086 0.417347 0.462513 0.410296 0.460823 0.407333 0.458927 0.404468 0.455378 0.399662 0.454203 0.398852 0.454081 0.400644 0.455513 0.402495 0.457240 0.405481 0.457802 0.406181 0.460346 0.409588
8 0.484187 0.314727 0.483737 0.316481 0.482799 0.319435 0.482344 0.323241 0.481021 0.331806 0.479904 0.335648 0.479732 0.336764 0.480253 0.337944 0.481508 0.336333 0.482135 0.335093 0.482659 0.333792 0.483495 0.331125 0.484333 0.327032 0.485065 0.322139 0.485169 0.318278
8 0.436190 0.355079 0.440232 0.359079 0.441953 0.360787 0.444010 0.362250 0.447898 0.366569 0.450870 0.369639 0.452604 0.370370 0.454109 0.371944 0.456161 0.372810 0.458591 0.374634 0.460482 0.376361 0.462424 0.377898 0.463938 0.379722 0.465664 0.382023 0.467500 0.384231 0.470956 0.388106 0.473195 0.390329 0.475122 0.391856 0.476841 0.392921 0.479706 0.394218 0.480029 0.391912 0.477221 0.389319 0.473828 0.387315 0.471549 0.385097 0.470362 0.383847 0.467664 0.380491 0.465232 0.377704 0.462802 0.374250 0.460781 0.372731 0.459617 0.372134 0.457240 0.370889 0.456380 0.370231 0.452003 0.366667 0.449302 0.364361 0.445362 0.360519 0.444172 0.359657 0.442661 0.358602 0.437909 0.353991 0.435234 0.351250
8 0.478370 0.321704 0.478672 0.328009 0.479375 0.329444 0.480289 0.331310 0.480531 0.328894 0.480078 0.322944 0.479510 0.317755 0.478823 0.315708 0.477810 0.315324
8 0.487846 0.363259 0.487706 0.356963 0.487714 0.350648 0.488029 0.347671 0.487891 0.344444 0.487992 0.342403 0.487563 0.338194 0.487398 0.333315 0.487156 0.329014 0.487034 0.325000 0.487682 0.325648 0.488570 0.331662 0.489135 0.334889 0.489255 0.343069 0.489378 0.348662 0.489214 0.352606 0.489214 0.355477 0.489336 0.358917 0.489578 0.361356 0.489656 0.363074
5 0.463323 0.323958 0.467932 0.331722 0.474466 0.345352 0.478464 0.355241 0.481542 0.363403 0.484510 0.363306 0.487846 0.363259 0.487706 0.356963 0.484620 0.351019 0.478193 0.339111 0.473602 0.329704 0.469445 0.323079 0.467883 0.320625 0.465948 0.321847
8 0.454044 0.355204 0.456021 0.356421 0.458805 0.358000 0.463323 0.360611 0.468508 0.361833 0.470055 0.362671 0.474536 0.362958 0.481542 0.363403 0.484510 0.363306 0.487846 0.363259 0.489656 0.363074 0.491750 0.362833 0.490315 0.366389 0.485878 0.366944 0.484815 0.366611 0.483003 0.366944 0.476062 0.366227 0.473682 0.366227 0.470880 0.366227 0.465938 0.364907 0.465208 0.364676 0.462526 0.364259 0.459297 0.361667 0.456458 0.360509 0.455372 0.360514 0.454018 0.357361
8 0.456513 0.382454 0.457385 0.381329 0.457656 0.379565 0.457716 0.378116 0.457203 0.375866 0.456161 0.372810 0.454109 0.371944 0.454672 0.378847 0.455883 0.380356
8 0.452604 0.370417 0.452859 0.372352 0.452919 0.374014 0.452945 0.375199 0.449740 0.369676 0.447898 0.366569 0.450870 0.369639
8 0.454568 0.394894 0.458440 0.394227 0.462370 0.392977 0.465750 0.392421 0.467284 0.391926 0.470143 0.391306 0.472961 0.390653 0.473195 0.390329 0.475253 0.391949 0.474810 0.392551 0.474003 0.392968 0.473245 0.393477 0.471885 0.394032 0.470701 0.394528 0.469690 0.394528 0.466935 0.395208 0.466029 0.395333 0.460276 0.396574 0.458047 0.397009 0.454365 0.397704
8 0.462422 0.377870 0.461563 0.379120 0.458516 0.385787 0.458266 0.386602 0.458440 0.389079 0.458440 0.394227 0.454568 0.394894 0.455013 0.392449 0.456008 0.387236 0.456513 0.382454 0.457385 0.381329 0.457656 0.379565 0.457716 0.378116 0.458195 0.377306 0.458266 0.375880 0.458591 0.374634 0.460482 0.376361
8 0.469898 0.412500 0.471107 0.410347 0.471714 0.409773 0.473083 0.407694 0.474674 0.405190 0.476552 0.402171 0.477482 0.399231 0.478987 0.395856 0.479706 0.394218 0.480029 0.391912 0.480669 0.390546 0.481836 0.390796 0.482490 0.391625 0.483747 0.390463 0.485148 0.389056 0.486174 0.388639 0.486781 0.389468 0.484776 0.393616 0.482115 0.397269 0.480247 0.400838 0.478380 0.405148 0.477354 0.409713 0.476328 0.412866 0.473044 0.421389 0.472398 0.418236 0.474320 0.412532 0.475581 0.408139 0.475440 0.407144 0.474320 0.408634 0.472687 0.412204 0.470664 0.414005
8 0.473044 0.421389 0.476328 0.412866 0.477354 0.409713 0.479813 0.404106 0.482115 0.397269 0.484776 0.393616 0.485536 0.394023 0.485646 0.395755 0.483052 0.400935 0.481865 0.404009 0.481164 0.406505 0.479273 0.410537 0.475654 0.419657 0.473648 0.424472
8 0.481164 0.406505 0.485159 0.408903 0.487534 0.411111 0.489370 0.412745 0.491099 0.413898 0.493096 0.415625 0.496714 0.414954 0.496500 0.413991 0.494878 0.412843 0.491747 0.410824 0.489586 0.409287 0.487966 0.407944 0.486292 0.406505 0.484888 0.405449 0.481865 0.404009
8 0.486292 0.406505 0.488292 0.401648 0.489318 0.399537 0.491693 0.400782 0.492503 0.401838 0.490289 0.406065 0.489586 0.409287 0.487966 0.407944
8 0.479112 0.420662 0.481984 0.415106 0.483359 0.412106 0.485159 0.408903 0.487534 0.411111 0.486547 0.413884 0.485484 0.416773 0.484734 0.418218
8 0.486997 0.316870 0.487930 0.319194 0.488911 0.323093 0.489331 0.325912 0.489518 0.329731 0.490917 0.333296 0.492971 0.338773 0.495724 0.346819 0.496471 0.348731 0.497964 0.352546 0.496143 0.354537 0.495677 0.352463 0.495023 0.350806 0.492549 0.343171 0.491617 0.339935 0.490122 0.336120 0.488570 0.331662 0.487682 0.325648 0.487034 0.325000 0.486622 0.321269 0.486544 0.318407 0.486688 0.316481
8 0.486503 0.373833 0.484471 0.370352 0.484383 0.369815 0.483990 0.368958 0.483003 0.366944 0.484815 0.366611 0.486253 0.368722 0.487065 0.369611 0.487753 0.370611
8 0.485964 0.314167 0.488237 0.316843 0.490073 0.318375 0.491586 0.319144 0.494393 0.321736 0.496878 0.323560 0.498766 0.325671 0.502008 0.327019 0.501953 0.329991 0.499740 0.329222 0.497201 0.327208 0.495258 0.325481 0.492773 0.323944 0.491370 0.322120 0.489802 0.320870 0.487930 0.319194 0.486997 0.316870 0.486688 0.316481
8 0.490073 0.318375 0.488615 0.307144 0.488148 0.303630 0.489536 0.304421 0.491586 0.319144
8 0.505823 0.284259 0.505555 0.287333 0.505391 0.290514 0.505078 0.292292 0.504414 0.301005 0.504344 0.304352 0.504221 0.307579 0.503909 0.310616 0.502760 0.321759 0.502008 0.327019 0.501953 0.329991 0.500651 0.339213 0.500000 0.345741 0.499193 0.348611 0.498443 0.350921 0.500711 0.348519 0.501128 0.344806 0.501641 0.340926 0.502294 0.334685 0.502482 0.334435 0.502979 0.331241 0.503464 0.328458 0.504221 0.324042 0.504922 0.317606 0.505138 0.312134 0.505354 0.309833 0.505570 0.306185 0.506112 0.302824 0.506490 0.298218 0.507083 0.293130 0.507154 0.290847 0.507060 0.287282 0.506898 0.285009
8 0.505885 0.338167 0.509674 0.343046 0.512969 0.348426 0.515724 0.352551 0.517128 0.355338 0.517828 0.356394 0.518586 0.355815 0.516750 0.348134 0.512807 0.340551 0.511188 0.338537 0.508961 0.335898 0.507036 0.333968 0.504526 0.332477 0.502979 0.331241 0.502482 0.334435 0.504719 0.336593 0.505510 0.337255
8 0.483341 0.381662 0.485503 0.376384 0.486503 0.373833 0.487753 0.370611 0.490315 0.366389 0.491750 0.362833 0.492396 0.361019 0.492794 0.360009 0.493549 0.358579 0.494617 0.357046 0.496143 0.354537 0.497964 0.352546 0.498443 0.350921 0.500711 0.348519 0.502057 0.346574 0.503568 0.344722 0.505560 0.347060 0.505747 0.348171 0.505339 0.348907 0.504242 0.350852 0.502917 0.353306 0.501771 0.355324 0.501185 0.356171 0.499810 0.358949 0.498688 0.361167 0.497891 0.362778 0.496693 0.365648 0.495000 0.370611 0.493062 0.376606 0.490875 0.378384 0.489503 0.382162 0.486628 0.384162 0.484417 0.385394
8 0.491750 0.362833 0.490990 0.361944 0.490469 0.360370 0.490260 0.358611 0.490234 0.357731 0.490339 0.356944 0.490651 0.356250 0.491406 0.355231 0.493698 0.352593 0.495023 0.350806 0.495677 0.352463 0.494870 0.353472 0.493464 0.355139 0.492005 0.357176 0.491510 0.357870 0.491615 0.359074 0.492396 0.361019
8 0.501771 0.355324 0.503177 0.357731 0.504763 0.362361 0.506750 0.362116 0.505911 0.359676 0.504844 0.356620 0.503646 0.354630 0.502917 0.353306
8 0.504242 0.350852 0.505625 0.352685 0.506823 0.355231 0.508151 0.358287 0.509193 0.360324 0.509836 0.362616 0.511570 0.361333 0.510573 0.359167 0.509427 0.356528 0.508047 0.353796 0.506380 0.350787 0.505729 0.349491 0.505339 0.348907
8 0.506943 0.368144 0.508419 0.371769 0.511484 0.380588 0.512453 0.383310 0.513138 0.384889 0.514430 0.388690 0.516250 0.394074 0.517214 0.397500 0.519310 0.399019 0.520318 0.399519 0.517656 0.391759 0.514753 0.384963 0.514229 0.383241 0.513341 0.381162 0.511727 0.375639 0.509831 0.370477 0.509065 0.368755 0.508508 0.366935
8 0.499555 0.380343 0.500958 0.384389 0.501805 0.386468 0.503378 0.391417 0.504669 0.395361 0.506727 0.400667 0.507654 0.402745 0.508943 0.405472 0.509388 0.407333 0.509979 0.410042 0.512294 0.409528 0.510799 0.405329 0.509669 0.402963 0.508581 0.400306 0.507654 0.396722 0.505797 0.392204 0.504385 0.388333 0.503378 0.386111 0.502451 0.383384 0.501289 0.380056
8 0.494667 0.398644 0.497161 0.392792 0.498487 0.389569 0.499445 0.387329 0.497674 0.387421 0.495383 0.388208 0.493612 0.388620 0.492539 0.391764 0.491529 0.394431 0.490727 0.396167 0.493479 0.397898
8 0.541940 0.390597 0.541714 0.385403 0.540966 0.379264 0.540315 0.373125 0.538495 0.361593 0.537654 0.354370 0.537234 0.351565 0.538607 0.350537 0.539474 0.349894 0.540487 0.348736 0.541107 0.354042 0.541526 0.356444 0.542227 0.358935 0.542648 0.360759 0.543021 0.363250 0.543534 0.366403 0.543581 0.370301 0.543815 0.373787 0.543815 0.377273 0.543815 0.381088 0.543862 0.383907 0.543612 0.388245
8 0.545938 0.392824 0.548232 0.396380 0.551044 0.400824 0.553294 0.404153 0.554732 0.406486 0.556417 0.409153 0.558229 0.412264 0.558479 0.414375 0.557729 0.416708 0.556229 0.418037 0.554854 0.416708 0.551982 0.410042 0.549232 0.405931 0.547294 0.402713 0.545734 0.400491 0.543596 0.396032
8 0.543596 0.396032 0.544547 0.404931 0.544484 0.409597 0.544172 0.411486 0.542984 0.412486 0.542109 0.413264 0.541984 0.415597 0.540859 0.414708 0.540547 0.412931 0.540734 0.410264 0.541172 0.408819 0.541359 0.406486 0.541297 0.402931 0.541354 0.397833
8 0.549885 0.386907 0.553195 0.397435 0.555529 0.405231 0.556417 0.409153 0.554732 0.406486 0.553294 0.404153 0.551044 0.400824 0.548232 0.396380 0.545938 0.392824
8 0.526500 0.291648 0.530240 0.298856 0.531487 0.301079 0.532487 0.303079 0.535299 0.307074 0.536987 0.310963 0.539672 0.316185 0.542734 0.321292 0.545359 0.325736 0.547607 0.330181 0.550669 0.335843 0.550753 0.336787 0.548727 0.337944 0.544359 0.330181 0.540859 0.323736 0.537862 0.318292 0.536674 0.315074 0.534424 0.310185 0.532362 0.307185 0.530862 0.304185 0.526990 0.298968 0.526240 0.299301 0.525065 0.299847 0.525497 0.298120 0.525336 0.292843
8 0.530240 0.298856 0.531896 0.289444 0.532099 0.287662 0.532174 0.285394 0.532859 0.284245 0.532859 0.282884 0.533430 0.275315 0.534115 0.269366 0.534396 0.266713 0.535203 0.266782 0.535487 0.271088 0.534880 0.277398 0.534276 0.284426 0.533750 0.287866 0.533469 0.290019 0.532904 0.295468 0.531487 0.301079
8 0.533680 0.298847 0.532904 0.295468 0.533469 0.290019 0.534096 0.292088 0.534721 0.297181
8 0.531487 0.301079 0.533680 0.298847 0.534721 0.297181 0.536536 0.295000 0.537526 0.293889 0.538698 0.292593 0.540104 0.290370 0.540937 0.288519 0.542005 0.287083 0.543073 0.287870 0.543203 0.290185 0.541953 0.292407 0.540339 0.294120 0.538802 0.296620 0.536823 0.298241 0.534714 0.300833 0.533958 0.301852 0.532487 0.303079
8 0.525115 0.646745 0.526242 0.639005 0.526708 0.634676 0.528089 0.624815 0.528464 0.619352 0.529974 0.608056 0.531052 0.601241 0.531648 0.597111 0.532891 0.593273 0.534727 0.587704 0.535914 0.585593 0.536940 0.587606 0.534562 0.595384 0.533375 0.598551 0.532565 0.602199 0.531484 0.611514 0.530286 0.620144 0.529747 0.626861 0.528516 0.635704 0.527977 0.640407 0.527490 0.644634 0.526896 0.648088
11 0.529792 0.638056 0.529747 0.626861 0.534607 0.628301 0.538172 0.630509 0.537531 0.636931 0.533021 0.642870
11 0.530286 0.620144 0.531484 0.611514 0.532565 0.602199 0.536583 0.608083 0.537089 0.609884 0.537523 0.618755 0.537451 0.622093 0.537500 0.623380 0.532826 0.621486
8 0.560945 0.491264 0.555776 0.491574 0.560815 0.494958 0.561104 0.492894
8 0.508935 0.313176 0.511727 0.327523 0.512495 0.329958 0.514062 0.336495 0.514398 0.339319 0.516750 0.348134 0.518586 0.355815 0.519508 0.355097 0.518516 0.350231 0.516362 0.340833 0.516003 0.337968 0.515477 0.335528 0.514833 0.332806 0.512732 0.324759 0.512490 0.322472 0.511729 0.319037 0.510758 0.315810
8 0.511570 0.361333 0.513578 0.356639 0.515724 0.352551 0.517128 0.355338 0.515690 0.357644
8 0.518516 0.350231 0.520057 0.351602 0.521112 0.352727 0.521745 0.353046 0.521969 0.353708 0.519508 0.355097
8 0.518516 0.350231 0.520117 0.343801 0.521529 0.344231 0.520057 0.351602
8 0.521745 0.353046 0.523062 0.345880 0.524917 0.347241 0.523870 0.350972 0.523385 0.352764 0.521969 0.353708
8 0.527578 0.349676 0.524917 0.347241 0.521529 0.344231 0.520260 0.343750 0.516362 0.340833 0.515964 0.337546 0.517266 0.338565 0.519271 0.340139 0.520651 0.341157 0.522057 0.342176 0.523333 0.343056 0.524609 0.343935 0.525156 0.344398 0.526979 0.345694 0.528880 0.346852 0.530148 0.347838
8 0.532706 0.574329 0.530839 0.575986 0.523513 0.584440 0.522258 0.585792 0.520156 0.588056 0.517156 0.591241 0.515742 0.591093 0.514682 0.589870 0.514682 0.586208 0.516117 0.583875 0.518055 0.582764 0.520555 0.580319 0.523615 0.577097 0.531349 0.569282
8 0.566539 0.443764 0.567227 0.419481 0.564539 0.422037 0.565023 0.443120
8 0.475141 0.431356 0.485378 0.429815 0.490128 0.429593 0.492563 0.429593 0.494812 0.430259 0.494375 0.431810 0.489065 0.433255 0.487128 0.433366 0.485003 0.434032 0.478193 0.435032 0.475867 0.436162
8 0.469701 0.432944 0.473609 0.432435 0.474070 0.435255 0.471823 0.436120 0.468906 0.435685
8 0.519099 0.479815 0.523094 0.465806 0.525120 0.458634 0.526362 0.453685 0.526927 0.448810 0.529602 0.453454 0.526841 0.468634 0.524422 0.471903
8 0.481458 0.407870 0.481594 0.409116 0.480245 0.413523 0.476654 0.421352 0.474497 0.428778 0.473648 0.424472 0.475654 0.419657 0.479273 0.410537 0.481164 0.406505
8 0.534349 0.450417 0.539104 0.455463 0.542724 0.458250 0.546448 0.461704 0.548448 0.464009 0.554440 0.469481 0.562214 0.476667 0.562122 0.480468 0.553997 0.473079 0.542648 0.462282 0.533711 0.453491
8 0.484771 0.529454 0.484935 0.533292 0.493995 0.519741 0.496935 0.515773 0.499937 0.512162 0.506711 0.501324 0.513484 0.492718 0.517453 0.488074 0.522583 0.481019 0.525484 0.476204 0.528003 0.472245 0.531388 0.466051 0.532549 0.461579 0.533711 0.453491 0.534349 0.450417 0.534820 0.445787 0.535000 0.442130 0.535078 0.441389 0.535385 0.438972 0.535547 0.437468 0.535789 0.434097 0.536273 0.429509 0.536674 0.425347 0.537396 0.420787 0.538357 0.417019 0.537003 0.415986 0.536227 0.417361 0.535549 0.420630 0.533906 0.430264 0.533034 0.441620 0.532453 0.449019 0.532156 0.451199 0.531680 0.452977 0.531099 0.456588 0.529471 0.462606 0.528292 0.466051 0.526841 0.468634 0.524422 0.471903 0.519099 0.479815 0.514870 0.485824 0.514870 0.485824 0.511398 0.490796 0.509245 0.493472 0.506484 0.496991 0.493286 0.516894 0.489224 0.522417
8 0.460352 0.462819 0.464099 0.451199 0.467646 0.440579 0.468906 0.435685 0.469701 0.432944 0.471102 0.429213 0.469841 0.426972 0.469047 0.427468 0.467453 0.432819 0.467021 0.435505 0.463596 0.446403 0.461682 0.452875 0.460841 0.455199 0.459255 0.457023 0.459766 0.458611
8 0.489318 0.468134 0.490841 0.461157 0.493229 0.451620 0.495276 0.445556 0.497003 0.441157 0.497703 0.440495 0.498729 0.440995 0.497005 0.445880 0.494482 0.453273 0.492943 0.458333 0.492195 0.462898 0.491547 0.465431 0.490888 0.467796
8 0.492563 0.429593 0.492010 0.427306 0.492896 0.426472 0.495464 0.427468 0.498776 0.428630 0.500643 0.429296 0.502138 0.429708 0.505870 0.430620 0.508344 0.431370 0.510964 0.431898 0.512125 0.433856 0.511378 0.435685 0.507458 0.434935 0.502229 0.433361 0.494812 0.430259
5 0.528490 0.444398 0.528977 0.439931 0.529549 0.435806 0.530182 0.433292 0.530995 0.429699 0.531484 0.427176 0.531979 0.423750 0.533224 0.416847 0.534099 0.416685 0.535094 0.417704 0.535453 0.418773 0.535549 0.420630 0.533906 0.430264 0.532953 0.436023 0.532562 0.439023 0.532622 0.441486 0.532201 0.445181 0.531417 0.447968
8 0.528794 0.408310 0.531492 0.410542 0.534948 0.413694 0.536906 0.414940 0.539615 0.416435 0.542740 0.418509 0.547448 0.421574 0.552354 0.424898 0.554081 0.426227 0.558047 0.428796 0.561823 0.431389 0.563089 0.431287 0.563602 0.429625 0.563323 0.428963 0.552682 0.422324 0.544792 0.417176 0.541984 0.415597 0.540859 0.414708 0.533312 0.409380 0.530448 0.407162
8 0.517555 0.209218 0.520542 0.213870 0.524888 0.221597 0.528487 0.229593 0.529534 0.231657 0.530654 0.232319 0.530279 0.235394 0.533732 0.241583 0.534656 0.243454 0.537479 0.251181 0.542427 0.263435 0.544375 0.269565 0.550521 0.284491 0.553518 0.293551 0.558167 0.307144 0.566411 0.334856 0.571958 0.351912 0.574206 0.359907 0.583049 0.392421 0.587698 0.412407 0.589354 0.418907 0.591958 0.422250 0.581102 0.378296 0.570008 0.338319 0.560115 0.307144 0.548721 0.273565 0.543177 0.259440 0.540479 0.251181 0.534781 0.238120 0.528487 0.223194 0.522253 0.212324 0.520599 0.209472 0.518055 0.206884
6 0.540461 0.252106 0.539297 0.244815 0.542135 0.240787 0.548721 0.273565 0.543177 0.259440
6 0.544375 0.269565 0.547352 0.285935 0.550531 0.299171 0.553961 0.319245 0.558227 0.318796 0.552286 0.292032 0.550521 0.284491
8 0.553518 0.293551 0.556331 0.305898 0.558438 0.315111 0.560758 0.324042 0.563187 0.332870 0.564323 0.336903 0.568859 0.355144 0.571505 0.367046 0.575495 0.379398 0.579036 0.394167 0.583716 0.410556 0.589354 0.418907 0.587698 0.412407 0.583049 0.392421 0.574206 0.359907 0.571958 0.351912 0.566411 0.334856 0.558167 0.307144
8 0.541526 0.356444 0.546857 0.359505 0.556792 0.364722 0.560479 0.366611 0.563539 0.368500 0.563852 0.370389 0.563477 0.370722 0.558167 0.368056 0.552544 0.365278 0.542227 0.358935
6 0.556693 0.378565 0.560292 0.388713 0.561979 0.394380 0.563516 0.400139 0.566510 0.409537 0.567664 0.414264 0.568477 0.417704 0.567227 0.419481 0.564539 0.422037 0.562914 0.425926 0.560479 0.422704 0.559354 0.421037 0.557729 0.416708 0.558479 0.414375 0.558229 0.412264 0.556417 0.409153 0.555529 0.405231 0.553195 0.397435 0.549885 0.386907 0.553932 0.381509
8 0.584849 0.515005 0.584549 0.509944 0.583049 0.496083 0.582760 0.474056 0.582536 0.469676 0.581753 0.459722 0.578393 0.450171 0.576904 0.445718 0.575104 0.434528 0.583880 0.456139 0.584664 0.459523 0.585000 0.470870 0.585336 0.478037 0.585224 0.487991 0.585336 0.493963 0.586456 0.515861
8 0.552271 0.338069 0.553333 0.340370 0.557693 0.348995 0.562318 0.358505 0.566958 0.367565 0.570055 0.373926 0.572708 0.379583 0.574094 0.382657 0.579036 0.394167 0.583716 0.410556 0.580826 0.404898 0.578005 0.398986 0.564992 0.369944 0.561161 0.360949 0.554799 0.348481 0.550753 0.341028 0.551404 0.340000
6 0.564323 0.336903 0.562109 0.336903 0.560974 0.337194 0.562542 0.343287 0.563727 0.348727 0.564977 0.355282 0.568664 0.365389 0.569602 0.369167 0.570055 0.373926 0.572708 0.379583 0.573036 0.376162 0.572849 0.373944 0.571505 0.367046 0.568859 0.355144
6 0.557341 0.337898 0.559677 0.342981 0.562047 0.348745 0.563792 0.352838 0.564977 0.355282 0.568664 0.365389 0.569602 0.369167 0.570055 0.373926 0.566958 0.367565 0.562318 0.358505 0.562083 0.355565 0.559607 0.348560 0.557203 0.342546 0.555953 0.338634
8 0.518055 0.296412 0.519997 0.299000 0.523438 0.303241 0.526510 0.307593 0.527604 0.309074 0.528833 0.310764 0.530888 0.313838 0.532995 0.316806 0.535875 0.321028 0.537385 0.320838 0.534523 0.315838 0.533174 0.313060 0.530794 0.309986 0.529505 0.308287 0.528315 0.306532 0.526315 0.303843 0.524341 0.301009 0.523284 0.299370 0.522042 0.298407 0.520312 0.297255 0.519664 0.296394 0.519448 0.295625 0.518479 0.293833 0.517362 0.292769 0.516523 0.292259
8 0.526563 0.316343 0.527786 0.315370 0.528698 0.314861 0.529375 0.315000 0.530052 0.315370 0.531250 0.316806 0.532578 0.318056 0.533438 0.318704 0.534167 0.319398 0.535875 0.321028 0.537385 0.320838 0.539219 0.321852 0.540026 0.323102 0.540781 0.325324 0.540078 0.325787 0.538411 0.325648 0.537747 0.325333 0.536674 0.324917 0.531823 0.321343 0.530026 0.319398 0.529427 0.318981 0.528490 0.318981 0.527266 0.318704
8 0.538411 0.325648 0.540104 0.330602 0.541562 0.334306 0.544089 0.339907 0.545417 0.339352 0.540078 0.325787
8 0.586456 0.515861 0.593807 0.521032 0.599099 0.524491 0.601258 0.526505 0.604068 0.527755 0.611844 0.533991 0.615083 0.535431 0.620372 0.538870 0.622464 0.542292 0.622966 0.545565 0.620958 0.546454 0.616758 0.542727 0.613354 0.541097 0.606875 0.535912 0.602943 0.533657 0.599854 0.532264 0.595266 0.527370 0.590188 0.524394 0.586193 0.522088 0.585870 0.520551 0.587057 0.519111 0.586409 0.518056
8 0.566198 0.594259 0.568255 0.589199 0.570555 0.583532 0.572331 0.579167 0.574911 0.572139 0.575370 0.570204 0.576042 0.564431 0.577609 0.566222 0.576094 0.573657 0.573823 0.579449 0.569557 0.591157 0.567932 0.593574 0.567047 0.594792
8 0.569557 0.591157 0.573201 0.586255 0.579401 0.578963 0.583648 0.572792 0.586904 0.568810 0.588339 0.572477 0.585826 0.575139 0.581872 0.580157 0.578727 0.583671 0.573604 0.591130 0.569102 0.596444 0.567047 0.594792 0.567932 0.593574
8 0.543411 0.625972 0.547583 0.621736 0.550174 0.618856 0.560294 0.603972 0.565500 0.597676 0.567018 0.599218 0.562266 0.605741 0.559974 0.609028 0.552052 0.619907 0.550826 0.621194 0.546484 0.626852
8 0.581115 0.413125 0.584573 0.420361 0.588003 0.428537 0.592854 0.441028 0.596117 0.446380 0.598542 0.451574 0.601385 0.462292 0.606237 0.475079 0.608578 0.485935 0.608328 0.488907 0.604482 0.477606 0.598122 0.461102 0.590430 0.439394 0.586664 0.430171 0.580474 0.415602 0.577284 0.407727
8 0.559974 0.609028 0.553857 0.624861 0.552156 0.628977 0.554766 0.630139 0.556979 0.622306 0.562266 0.605741
8 0.424906 0.640583 0.431013 0.641620 0.439378 0.643259 0.448161 0.645338 0.456693 0.647273 0.464471 0.649356 0.471997 0.651884 0.479526 0.655153 0.486302 0.658722 0.490818 0.660806 0.496005 0.664523 0.499852 0.667792 0.504786 0.670468 0.506753 0.669042 0.504326 0.666069 0.497927 0.661398 0.496005 0.661102 0.491849 0.657731 0.478690 0.649204 0.471747 0.646528 0.459453 0.642662 0.450253 0.641028 0.437120 0.638056 0.426331 0.635972 0.424490 0.636120
8 0.516357 0.449894 0.515938 0.446977 0.520227 0.446606 0.525352 0.446856 0.526536 0.447477 0.526927 0.448810 0.525456 0.449148 0.520643 0.449333
8 0.490888 0.467796 0.491547 0.465431 0.494870 0.462477 0.498414 0.459264 0.503401 0.455148 0.509617 0.450653 0.513521 0.448208 0.515443 0.447870 0.515807 0.449630 0.511932 0.452324 0.506148 0.456694 0.502245 0.459903 0.497258 0.463505 0.494076 0.465944 0.492664 0.467370
8 0.582201 0.513671 0.579557 0.494630 0.579740 0.491296 0.579375 0.488519 0.577503 0.471833 0.575104 0.451583 0.574057 0.443852 0.572557 0.429194 0.575104 0.434528 0.576904 0.445718 0.578703 0.459310 0.579901 0.471833 0.581823 0.488611 0.583049 0.496083 0.584549 0.509944 0.584849 0.515005
8 0.568477 0.417704 0.573466 0.426481 0.580104 0.442130 0.583992 0.451366 0.591607 0.470671 0.597206 0.486398 0.599893 0.494361 0.605156 0.503917 0.609081 0.513000 0.606656 0.513889 0.597552 0.495093 0.590823 0.477838 0.584664 0.459523 0.583880 0.456139 0.575104 0.434528 0.572557 0.429194 0.567227 0.419481
8 0.569115 0.392819 0.571443 0.399394 0.576125 0.411139 0.581312 0.422736 0.586331 0.435227 0.590260 0.446380 0.598792 0.468093 0.604482 0.484597 0.608914 0.497532 0.611068 0.509537 0.613932 0.518648 0.615354 0.521324 0.613596 0.511810 0.612844 0.502440 0.608328 0.488907 0.604482 0.477606 0.598122 0.461102 0.590430 0.439394 0.586664 0.430171 0.580474 0.415602 0.577284 0.407727
8 0.627232 0.543333 0.624974 0.537236 0.619279 0.520889 0.618828 0.518310 0.619979 0.518403 0.621331 0.520625 0.632036 0.549440 0.632586 0.551486 0.632083 0.552699
8 0.618073 0.526204 0.616742 0.511394 0.618086 0.510463 0.618833 0.510995 0.618828 0.518310 0.619279 0.520889 0.619922 0.529491
8 0.598792 0.468093 0.604187 0.485824 0.608021 0.499935 0.609641 0.506847 0.610753 0.512551 0.609081 0.513000 0.605268 0.497630 0.601000 0.482269 0.590260 0.446380
8 0.615687 0.546602 0.613354 0.541097 0.616758 0.542727 0.617698 0.546528
8 0.611844 0.533991 0.605117 0.514917 0.603987 0.510185 0.604029 0.508537 0.606656 0.513889 0.607156 0.516718 0.614167 0.535000
8 0.585224 0.487991 0.590661 0.487000 0.593555 0.491769 0.585328 0.492949
8 0.581823 0.488611 0.582922 0.488421 0.583047 0.494167 0.582714 0.494185
8 0.597552 0.495093 0.596518 0.495491 0.593555 0.491769 0.590661 0.487000 0.585336 0.478037 0.585224 0.475903 0.586409 0.474292 0.587839 0.473736 0.589198 0.474662 0.590823 0.477838
6 0.494870 0.462477 0.499188 0.451681 0.502359 0.442551 0.500820 0.441472 0.498729 0.440995 0.497005 0.445880 0.494482 0.453273 0.492943 0.458333 0.492195 0.462898 0.491547 0.465431
6 0.489065 0.433255 0.494112 0.436676 0.497703 0.440495 0.498729 0.440995 0.500820 0.441472 0.502359 0.442551 0.506234 0.442898 0.510357 0.444676 0.513669 0.445782 0.517104 0.444120 0.516917 0.443009 0.512044 0.437898 0.509607 0.436787 0.502922 0.435454 0.498612 0.433565 0.494375 0.431810
8 0.499401 0.452639 0.513669 0.445782 0.517104 0.444120 0.518359 0.443005 0.520898 0.441949 0.522625 0.443681 0.515938 0.446977 0.515443 0.447870 0.513521 0.448208 0.509617 0.450653 0.503294 0.453472 0.501242 0.456065 0.501133 0.456926 0.498414 0.459264 0.498271 0.456736 0.498380 0.454912
6 0.543815 0.373787 0.546339 0.379630 0.547500 0.382023 0.545185 0.385750 0.543862 0.383907 0.543815 0.381088 0.543815 0.377273
8 0.511224 0.365231 0.513370 0.370722 0.515617 0.374606 0.516930 0.378162 0.518305 0.382162 0.519555 0.384940 0.522555 0.391602 0.525365 0.398602 0.526680 0.403745 0.529365 0.402046 0.526240 0.394491 0.524677 0.390824 0.522242 0.385162 0.519609 0.378796 0.517742 0.374940 0.516555 0.371500 0.514992 0.368722 0.513932 0.366500 0.512656 0.363935
8 0.541242 0.391778 0.535000 0.382023 0.531276 0.376361 0.529060 0.372713 0.529224 0.371079 0.528898 0.370310 0.527818 0.370889 0.526792 0.370310 0.524956 0.367144 0.525714 0.366667 0.526146 0.365801 0.523336 0.364167 0.522852 0.362727 0.521112 0.359917 0.524076 0.358505 0.527008 0.362921 0.530034 0.367046 0.532630 0.371481 0.534141 0.374028 0.536620 0.377606 0.538943 0.381736 0.540391 0.384120 0.541714 0.385403 0.541940 0.390597
8 0.511729 0.319037 0.513826 0.321769 0.516198 0.325731 0.517760 0.328472 0.518706 0.330505 0.519786 0.332366 0.521745 0.336343 0.522924 0.338560 0.523935 0.340296 0.523333 0.343056 0.522057 0.342176 0.520078 0.337176 0.517940 0.332366 0.515255 0.327963 0.513966 0.325731 0.512490 0.322472
8 0.513521 0.415824 0.517742 0.426653 0.520312 0.433426 0.521771 0.436574 0.524422 0.441278 0.526927 0.448810 0.529602 0.453454 0.531099 0.456588 0.531680 0.452977 0.528388 0.447301 0.527034 0.443685 0.525872 0.440588 0.524518 0.436806 0.523438 0.434722 0.520182 0.428194 0.517646 0.422181 0.516195 0.418051 0.515026 0.415139
8 0.556948 0.584847 0.557865 0.571296 0.559516 0.551250 0.560714 0.537394 0.561164 0.527532 0.560115 0.524866 0.559815 0.521935 0.561615 0.523000 0.563414 0.505412 0.564161 0.496352 0.564974 0.490417 0.566198 0.484907 0.566862 0.481963 0.569859 0.474764 0.572857 0.462509 0.575104 0.451583 0.573008 0.448917 0.568659 0.467569 0.566260 0.475565 0.569143 0.443380 0.567747 0.443551 0.566539 0.443764 0.565023 0.443120 0.562214 0.476667 0.562122 0.480468 0.560945 0.491264 0.561104 0.492894 0.560815 0.494958 0.560815 0.499139 0.559966 0.505681 0.558844 0.522431 0.557974 0.532069 0.557680 0.542338 0.555440 0.557667 0.554055 0.581690
8 0.483021 0.469630 0.487708 0.468565 0.489318 0.468134 0.490888 0.467796 0.492664 0.467370 0.500060 0.465426 0.504815 0.464199 0.507552 0.462083 0.513240 0.461417 0.520096 0.458250 0.526362 0.453685 0.525120 0.458634 0.520312 0.460745 0.516102 0.463241 0.511836 0.464681 0.508432 0.466023 0.505711 0.466282 0.503141 0.467370 0.497849 0.469194 0.491979 0.470829 0.490318 0.471213 0.488365 0.472370 0.486401 0.472361 0.483984 0.473519
8 0.498414 0.419551 0.501497 0.422593 0.505872 0.426593 0.509951 0.430611 0.510964 0.431898 0.512125 0.433856 0.512945 0.434685 0.516055 0.437477 0.518930 0.440255 0.523365 0.444255 0.524365 0.445144 0.524422 0.441278 0.518805 0.435255 0.516536 0.433148 0.508870 0.425815 0.501354 0.418981
8 0.487549 0.428551 0.489922 0.425833 0.491677 0.423088 0.493094 0.421750 0.494781 0.421532 0.495927 0.421694 0.495805 0.422611 0.493396 0.424801 0.491437 0.427000 0.490474 0.428069 0.488464 0.429630
6 0.485003 0.434032 0.483424 0.438713 0.477708 0.444259 0.476464 0.438769 0.479349 0.434861
8 0.521771 0.436574 0.518805 0.435255 0.516536 0.433148 0.520312 0.433426
8 0.523438 0.434722 0.527682 0.434907 0.528052 0.435810 0.529549 0.435806 0.529271 0.437593 0.527552 0.437500 0.524518 0.436806
8 0.525234 0.439000 0.527552 0.437500 0.529271 0.437593 0.529115 0.438907 0.525872 0.440588
8 0.573008 0.448917 0.568448 0.437824 0.568354 0.435417 0.568828 0.422130 0.571573 0.427454 0.571948 0.434588 0.572133 0.437241 0.574057 0.443852 0.575104 0.451583
8 0.436081 0.345509 0.443151 0.355602 0.442661 0.358602 0.437909 0.353991 0.435234 0.351250 0.433878 0.347815
8 0.439839 0.345537 0.440768 0.352208 0.443151 0.355602 0.444125 0.350222 0.441375 0.346940
8 0.447521 0.350023 0.446552 0.347042 0.446831 0.343505 0.448745 0.348398 0.449979 0.352338
8 0.455513 0.402495 0.454664 0.403514 0.455326 0.408597 0.456443 0.417088 0.457591 0.418759 0.458779 0.418079 0.458185 0.410454 0.457240 0.405481
8 0.511323 0.391343 0.513138 0.384889 0.514076 0.387773 0.512453 0.393208 0.511081 0.391917
8 0.514229 0.383241 0.516273 0.376208 0.516930 0.378162 0.516435 0.380792 0.514753 0.384963
8 0.516555 0.371500 0.518393 0.361097 0.516125 0.362102 0.514992 0.368722
8 0.517742 0.374940 0.520469 0.366713 0.519883 0.364546 0.519159 0.364685 0.517990 0.369634 0.516979 0.372731
8 0.510224 0.365819 0.514792 0.376171 0.514198 0.377532 0.513188 0.379269 0.511727 0.375639 0.509831 0.370477 0.509065 0.368755 0.508508 0.366935
8 0.507854 0.381662 0.511771 0.381296 0.512453 0.383310 0.508943 0.385032
8 0.502451 0.383384 0.506242 0.382093 0.507169 0.385176 0.503378 0.386111
8 0.506003 0.376398 0.506758 0.374546 0.507760 0.375370 0.510846 0.381444 0.507854 0.381662
8 0.506003 0.376398 0.506758 0.374546 0.508419 0.371769 0.506943 0.368144 0.504323 0.371111
8 0.499859 0.377528 0.499065 0.374185 0.497979 0.375213 0.498406 0.377380
8 0.523359 0.376111 0.526138 0.375440 0.529714 0.373796 0.531172 0.376157 0.527549 0.377949 0.523854 0.379722
8 0.532630 0.371481 0.534453 0.370139 0.534766 0.370046 0.535573 0.372130 0.534844 0.373056 0.534141 0.374028
8 0.536208 0.368505 0.537263 0.367106 0.538016 0.364699 0.538831 0.363843 0.539130 0.365449 0.538198 0.366306 0.537745 0.368074 0.536813 0.370250
6 0.537263 0.367106 0.534378 0.361472 0.534648 0.360560 0.535612 0.359116 0.536547 0.358204 0.538831 0.363843 0.538016 0.364699
6 0.537745 0.368074 0.540315 0.373125 0.539130 0.365449 0.538198 0.366306
8 0.524852 0.385037 0.526857 0.383542 0.530000 0.379907 0.532492 0.378148 0.533536 0.379634 0.532146 0.381065 0.529878 0.382546 0.528971 0.383477 0.528552 0.384838 0.527786 0.385833 0.525417 0.387384
8 0.530438 0.382051 0.530398 0.384343 0.530852 0.386449 0.531932 0.388620 0.532807 0.390852 0.532982 0.391968 0.533714 0.393949 0.535208 0.398472 0.537016 0.396801 0.535664 0.393949 0.535141 0.392713 0.534411 0.390667 0.533224 0.388000 0.532633 0.385894 0.532284 0.384468 0.532315 0.382236 0.532146 0.381065
8 0.526951 0.396120 0.532982 0.391968 0.533714 0.393949 0.527820 0.398412
8 0.534411 0.390667 0.536927 0.388750 0.538307 0.387176 0.539505 0.389028 0.538594 0.390278 0.536615 0.391806 0.535141 0.392713
8 0.524878 0.397519 0.521109 0.400093 0.523401 0.401593 0.525781 0.400199 0.525365 0.398602
5 0.516661 0.404958 0.518318 0.403194 0.519646 0.402120 0.520576 0.403032 0.522846 0.404773 0.520461 0.405801 0.517552 0.407130
8 0.508516 0.416759 0.505755 0.423102 0.503464 0.420972 0.504844 0.418148
8 0.504062 0.418380 0.501354 0.418981 0.502969 0.420468
8 0.504878 0.425597 0.503221 0.428981 0.502919 0.429889 0.502138 0.429708 0.500643 0.429296 0.503070 0.424046
8 0.502557 0.423509 0.498776 0.428630 0.496865 0.427856 0.498823 0.423991 0.500448 0.421481 0.501497 0.422593
8 0.556448 0.332227 0.555818 0.319042 0.557276 0.318903 0.558112 0.327977 0.558396 0.332282 0.558604 0.334505 0.557693 0.334602 0.558052 0.333185 0.557404 0.331389
8 0.558604 0.334505 0.558589 0.329079 0.558065 0.321949 0.557753 0.318792 0.558227 0.318796 0.556776 0.312157 0.555729 0.307384 0.555870 0.306644 0.556331 0.305898 0.558438 0.315111 0.560234 0.324398 0.560542 0.331495 0.560219 0.334310
8 0.550669 0.335843 0.548352 0.325213 0.546570 0.318495 0.546029 0.316000 0.544734 0.309662 0.542844 0.303421 0.540339 0.294120 0.541953 0.292407 0.544247 0.302366 0.546677 0.312829 0.549648 0.323583 0.550997 0.328574 0.551807 0.332125 0.552510 0.335389 0.550753 0.336787
8 0.546677 0.312829 0.548836 0.311968 0.546951 0.305759 0.543073 0.287870 0.543203 0.290185 0.541953 0.292407 0.544247 0.302366
8 0.535859 0.308157 0.535557 0.301407 0.534924 0.301352 0.534172 0.302102 0.534232 0.305477 0.535299 0.307074
8 0.526240 0.299301 0.527115 0.303514 0.528018 0.305708 0.528315 0.306532 0.528651 0.306509 0.529615 0.305602 0.530862 0.304185 0.529706 0.302389 0.529195 0.303671 0.528411 0.303778 0.527596 0.300458 0.526990 0.298968
8 0.524240 0.310407 0.526510 0.307593 0.527604 0.309074 0.525086 0.312653
8 0.545112 0.345009 0.548984 0.355681 0.550432 0.361407 0.551831 0.362236 0.550526 0.355185 0.547958 0.346389 0.547281 0.343083 0.546198 0.343981
8 0.541555 0.348023 0.543469 0.350264 0.546456 0.356736 0.546857 0.359505 0.550432 0.361407 0.548984 0.355681 0.545112 0.345009 0.542727 0.346551
8 0.544169 0.357731 0.541602 0.352005 0.540487 0.348736 0.541555 0.348023 0.543469 0.350264 0.546456 0.356736 0.546857 0.359505
8 0.547214 0.361991 0.550852 0.367148 0.552253 0.370384 0.552849 0.374699 0.555378 0.372292 0.553979 0.367894 0.552544 0.365278
8 0.560479 0.366611 0.554865 0.353773 0.551878 0.346056 0.552206 0.344231 0.552766 0.344648 0.554799 0.348481 0.556589 0.353704 0.560326 0.363481 0.561680 0.367296
8 0.521745 0.336343 0.523193 0.329046 0.524281 0.329977 0.523677 0.334421 0.522924 0.338560
8 0.523333 0.343056 0.523935 0.340296 0.525089 0.334208 0.526258 0.336861 0.524609 0.343935
8 0.532216 0.341199 0.530440 0.341269 0.528990 0.340769 0.527536 0.338546 0.526258 0.336861 0.525089 0.334208 0.524281 0.329977 0.525615 0.330736 0.526286 0.333741 0.527818 0.336250 0.529151 0.337829 0.531112 0.339509
8 0.505354 0.309833 0.508935 0.313176 0.509828 0.317347 0.505138 0.312134
8 0.510758 0.315810 0.513516 0.318676 0.515289 0.319755 0.517180 0.320403 0.519115 0.322657 0.518648 0.323324 0.517016 0.322991 0.515148 0.322412 0.513826 0.321769 0.511729 0.319037
8 0.495000 0.370611 0.496607 0.373028 0.497617 0.372130 0.495779 0.368218
6 0.512646 0.238602 0.516706 0.235773 0.521260 0.235519 0.525518 0.236718 0.526453 0.235477 0.525526 0.232306 0.523138 0.230894 0.516633 0.232560 0.511495 0.234431
8 0.528786 0.240861 0.531336 0.248690 0.534849 0.262074 0.539534 0.273671 0.541372 0.281699 0.542005 0.287083 0.540937 0.288519 0.539115 0.277981 0.537776 0.273523 0.535203 0.266782 0.533427 0.262074 0.531169 0.255380 0.529997 0.248690 0.529029 0.246236
8 0.534276 0.284426 0.534896 0.283843 0.536224 0.283056 0.538023 0.280208 0.538716 0.281495 0.538112 0.283426 0.536406 0.285185 0.535365 0.286528 0.533750 0.287866
8 0.534896 0.283843 0.535130 0.279995 0.535341 0.277319 0.535521 0.274852 0.535703 0.273889 0.536365 0.273944 0.536698 0.275176 0.536456 0.279995 0.536224 0.283056
8 0.535365 0.286528 0.535792 0.289477 0.536396 0.292421 0.536536 0.295000 0.537526 0.293889 0.537510 0.292102 0.537180 0.289157 0.536997 0.288139 0.536667 0.286852 0.536406 0.285185
8 0.546094 0.585741 0.548674 0.595454 0.549810 0.599199 0.551646 0.601694 0.552346 0.599583 0.552023 0.595648 0.548836 0.585856 0.547344 0.582593
8 0.527380 0.596829 0.523922 0.600694 0.519909 0.605259 0.516969 0.607829 0.512156 0.611185 0.508271 0.609653 0.512721 0.605921 0.515987 0.603681 0.519302 0.601523 0.524203 0.596130 0.525630 0.594366
6 0.516969 0.607829 0.522523 0.612227 0.524388 0.612560 0.525602 0.614218 0.528029 0.611398 0.529617 0.610569 0.528729 0.617042 0.527190 0.618616 0.521068 0.616273 0.516099 0.613208 0.512156 0.611185
8 0.553424 0.586278 0.552023 0.595648 0.552346 0.599583 0.551646 0.601694 0.551831 0.607417 0.553557 0.609157 0.555286 0.609324 0.555984 0.600361 0.556701 0.591296
8 0.557865 0.571296 0.560932 0.576157 0.565901 0.581245 0.570060 0.584991 0.570555 0.583532 0.569250 0.581824 0.567089 0.579519 0.561690 0.572032 0.559529 0.569153 0.558125 0.567806
8 0.542740 0.418509 0.541016 0.431852 0.538854 0.424861 0.540706 0.417241
8 0.549857 0.440829 0.550885 0.447713 0.552237 0.453685 0.553732 0.460324 0.554758 0.463477 0.555924 0.463727 0.555599 0.460741 0.555130 0.458083 0.553591 0.452690 0.552237 0.446718 0.551849 0.444491 0.551164 0.441157 0.550510 0.440245
8 0.554846 0.426727 0.563919 0.455991 0.564302 0.452083 0.558047 0.428796
8 0.552354 0.424898 0.554615 0.434505 0.556044 0.441134 0.556810 0.442931 0.558451 0.442500 0.556917 0.436796 0.554081 0.426227
8 0.544818 0.425032 0.546107 0.432222 0.546107 0.437181 0.546003 0.441458 0.547432 0.441579 0.547852 0.440463 0.547328 0.433398 0.546841 0.428750 0.546318 0.425528 0.545969 0.424722
6 0.544711 0.442796 0.545404 0.441565 0.546003 0.441458 0.547432 0.441579 0.549984 0.441671 0.550885 0.447713 0.546307 0.448097 0.545208 0.444861
8 0.551849 0.444491 0.556810 0.442931 0.558451 0.442500 0.559688 0.442139 0.560258 0.444389 0.558000 0.445676 0.556042 0.446264 0.552237 0.446718
8 0.552682 0.422324 0.549232 0.405931 0.547294 0.402713 0.545734 0.400491 0.548945 0.413917 0.550443 0.420833
8 0.554479 0.423380 0.551016 0.410782 0.549232 0.405931 0.551982 0.410042 0.554854 0.416708 0.556734 0.424917
8 0.537789 0.402431 0.540734 0.410264 0.541172 0.408819 0.541359 0.406486 0.538906 0.401296
8 0.518305 0.382162 0.515453 0.383218 0.516435 0.380792 0.517685 0.380060
8 0.519609 0.378796 0.521979 0.377653 0.522414 0.380352 0.520698 0.381449
8 0.519555 0.384940 0.517503 0.388523 0.516667 0.389444 0.517656 0.391759 0.520849 0.387718
8 0.517503 0.388523 0.516729 0.382736 0.515453 0.383218 0.516667 0.389444
8 0.580104 0.442130 0.577398 0.432676 0.573898 0.415463 0.577586 0.420792 0.580083 0.431125 0.581982 0.438648
8 0.570438 0.411185 0.573898 0.415463 0.577935 0.420847 0.583857 0.429199 0.581883 0.424181 0.577404 0.418227 0.573773 0.413060 0.571755 0.409907
8 0.581281 0.592514 0.581872 0.580157 0.584268 0.577167 0.583802 0.592847
8 0.559453 0.513102 0.553732 0.501602 0.554865 0.498847 0.559755 0.508588
8 0.499286 0.365944 0.497255 0.371222 0.495779 0.368218 0.496693 0.365648
8 0.499706 0.363292 0.498688 0.361167 0.497891 0.362778
8 0.501211 0.361287 0.503177 0.357731 0.502253 0.356102 0.500474 0.359509
8 0.553331 0.515773 0.559453 0.513102 0.559107 0.517884 0.555982 0.518944
8 0.555656 0.514718 0.557440 0.509148 0.559453 0.513102
8 0.558214 0.505597 0.558984 0.501574 0.560497 0.501394 0.559966 0.505681 0.559755 0.508588
8 0.525003 0.539972 0.528617 0.556264 0.529320 0.559815 0.531349 0.569282 0.531268 0.569190 0.532706 0.574329 0.534385 0.578810 0.535914 0.585593 0.536940 0.587606 0.538060 0.591546 0.538888 0.595144 0.540617 0.600519 0.544344 0.611657 0.546664 0.614343 0.542953 0.602514 0.541359 0.597060 0.539591 0.593056 0.537966 0.585569 0.536893 0.582384 0.534047 0.572676 0.532198 0.564125 0.530281 0.556005 0.527086 0.539528
2 0.518055 0.582764 0.518333 0.579894 0.528617 0.556264 0.529320 0.559815 0.520555 0.580319
2 0.532956 0.647190 0.535164 0.649861 0.536695 0.651435 0.538268 0.651366 0.539721 0.650148 0.536414 0.646921 0.534286 0.644394
8 0.529052 0.322958 0.530232 0.324171 0.531953 0.328333 0.535273 0.333380 0.538073 0.338606 0.539240 0.340681 0.539615 0.342009 0.537112 0.343287 0.534362 0.336731
2 0.531052 0.601241 0.527380 0.596829 0.525630 0.594366 0.524034 0.592755 0.520156 0.588056 0.522258 0.585792 0.525510 0.589491 0.528464 0.592917 0.531648 0.597111
2 0.536583 0.608083 0.542831 0.614634 0.547583 0.621736 0.550174 0.618856 0.546664 0.614343 0.544344 0.611657 0.538727 0.604935 0.540617 0.600519 0.538888 0.595144 0.537732 0.595694 0.537034 0.602412 0.533375 0.598551 0.532565 0.602199
2 0.535104 0.565690 0.532198 0.564125 0.530281 0.556005 0.533349 0.556255 0.533451 0.558356 0.537156 0.563102
2 0.528516 0.635704 0.529792 0.638056 0.533021 0.642870 0.531797 0.644944 0.529169 0.642472 0.527977 0.640407
11 0.537034 0.602412 0.537732 0.595694 0.538060 0.591546 0.536940 0.587606 0.534562 0.595384 0.533375 0.598551
11 0.531648 0.597111 0.531307 0.590259 0.530932 0.582458 0.530839 0.575986 0.532706 0.574329 0.534385 0.578810 0.535914 0.585593 0.534727 0.587704 0.532891 0.593273
11 0.537156 0.563102 0.537727 0.557296 0.533349 0.556255 0.533451 0.558356
11 0.531271 0.549981 0.531924 0.540440 0.534026 0.535958 0.537245 0.536870
8 0.562820 0.510625 0.566047 0.509120 0.566654 0.510120 0.566815 0.514065 0.565563 0.515500 0.562318 0.516250
8 0.529747 0.626861 0.530286 0.620144 0.532826 0.621486 0.537500 0.623426 0.538440 0.623981 0.543411 0.625972 0.546484 0.626852 0.552156 0.628977 0.554766 0.630139 0.557180 0.630509 0.557125 0.634542 0.555773 0.636079 0.547836 0.633773 0.543203 0.632315 0.540234 0.631481 0.538172 0.630509 0.534607 0.628301
8 0.567625 0.621060 0.562266 0.605741 0.564253 0.602968 0.570187 0.617838
2 0.539591 0.593056 0.541359 0.597060 0.542826 0.594023 0.546094 0.585741 0.547344 0.582593 0.548229 0.579704 0.549344 0.581130 0.551365 0.583796 0.553424 0.586278 0.556701 0.591296 0.558482 0.592236 0.561721 0.594736 0.564693 0.591662 0.563935 0.590412 0.559831 0.588880 0.556948 0.584847 0.554055 0.581690 0.551263 0.577537 0.547464 0.573324 0.543526 0.569231 0.542161 0.572759 0.545896 0.576667 0.545518 0.577375
8 0.489547 0.597903 0.488109 0.600681 0.487359 0.604347 0.488422 0.607454 0.491794 0.608343 0.495169 0.609787 0.499526 0.611810 0.500654 0.612032 0.501776 0.612583 0.504026 0.614917 0.507464 0.616255 0.509404 0.616463 0.512716 0.618023 0.515151 0.620463 0.517836 0.623019 0.520693 0.622995 0.523497 0.624338 0.527276 0.625204 0.528089 0.624815 0.528464 0.619352 0.521068 0.616273 0.516099 0.613208 0.512156 0.611185 0.508271 0.609653 0.502711 0.608208 0.500260 0.606898 0.498255 0.605412
8 0.520693 0.622995 0.522227 0.623722 0.523411 0.626819 0.523906 0.630694 0.521523 0.628806 0.520646 0.626472 0.517836 0.623019
8 0.563385 0.593009 0.566198 0.594259 0.567047 0.594792 0.569102 0.596444 0.573711 0.600153 0.573198 0.602227 0.567018 0.599218 0.565500 0.597676 0.561721 0.594736
8 0.562318 0.516250 0.563982 0.517755 0.564917 0.519681 0.564013 0.521769 0.563078 0.519736 0.562055 0.518931
2 0.564161 0.496352 0.570445 0.503292 0.570667 0.507102 0.572682 0.505708 0.582201 0.513671 0.584849 0.515005 0.586456 0.515861 0.586409 0.518056 0.587057 0.519111 0.585870 0.520551 0.586193 0.522088 0.590188 0.524394 0.593438 0.526398 0.592815 0.530394 0.585578 0.547199 0.585315 0.543167 0.588815 0.535838 0.587503 0.528505 0.573258 0.516954 0.568635 0.528616 0.575445 0.536727 0.583096 0.547514 0.579229 0.547199 0.567443 0.531157 0.560833 0.547778 0.574378 0.563111 0.576042 0.564431 0.575370 0.570204 0.574911 0.572139 0.572508 0.566273 0.559516 0.551250 0.560714 0.537394 0.561164 0.527532 0.560115 0.524866 0.559815 0.521935 0.561615 0.523000 0.562448 0.523731 0.564013 0.521769 0.564917 0.519681 0.567948 0.513954 0.566654 0.510120 0.566047 0.509120 0.563414 0.505412
2 0.497969 0.613579 0.490943 0.631718 0.488685 0.633949 0.488352 0.636032 0.488937 0.640194 0.494372 0.644509 0.500229 0.651347 0.514349 0.665185 0.515859 0.664583 0.510599 0.658338 0.514865 0.648222 0.521221 0.632907 0.525070 0.636181 0.526242 0.639005 0.526708 0.634676 0.523906 0.630694 0.521523 0.628806 0.520646 0.626472 0.517836 0.623019 0.515151 0.620463 0.512716 0.618023 0.509404 0.616463 0.507464 0.616255 0.504026 0.614917 0.501776 0.612583 0.500654 0.612032 0.499526 0.611810
8 0.536344 0.642171 0.549953 0.634472 0.554263 0.635583 0.550328 0.638917 0.543331 0.642579 0.538268 0.646134 0.536414 0.646921 0.534286 0.644394
8 0.543331 0.642579 0.540956 0.649134 0.539721 0.650148 0.538831 0.649245 0.541456 0.644023
8 0.504263 0.552171 0.511078 0.568764 0.511732 0.568519 0.513318 0.567190 0.514297 0.565694 0.508464 0.553083 0.505477 0.546944
8 0.504049 0.543616 0.498432 0.532000 0.496117 0.529069 0.497555 0.534514 0.499992 0.541065 0.500867 0.543954 0.501555 0.547731 0.502180 0.550731
8 0.506208 0.548417 0.512214 0.548611 0.516292 0.549421 0.517018 0.550852 0.516815 0.552935 0.514961 0.554440 0.508464 0.553083
8 0.485716 0.481769 0.493154 0.488431 0.497776 0.493319 0.504336 0.495986 0.507773 0.495653 0.509245 0.493472 0.506586 0.492208 0.500286 0.490000 0.495589 0.486319 0.492247 0.482769 0.490419 0.481125 0.489115 0.479861 0.486875 0.478056 0.484740 0.477546
8 0.516117 0.583875 0.511328 0.570972 0.511078 0.568764 0.511732 0.568519 0.513318 0.567190 0.514297 0.565694 0.516151 0.568708 0.518297 0.573852 0.519417 0.577171 0.518333 0.579894 0.518055 0.582764
8 0.527581 0.591912 0.531208 0.588134 0.531307 0.590259 0.531383 0.591792 0.529219 0.593843 0.528464 0.592917
8 0.530125 0.595088 0.531536 0.594259 0.531383 0.591792 0.529219 0.593843
8 0.532987 0.567685 0.535104 0.565690 0.537156 0.563102 0.542109 0.557870 0.546714 0.558426 0.546581 0.559435 0.543273 0.561875 0.539805 0.565676 0.536940 0.569356 0.534047 0.572676
2 0.536940 0.569356 0.537779 0.569940 0.539896 0.572083 0.542031 0.567176 0.539805 0.565676
8 0.546581 0.559435 0.545560 0.562713 0.543526 0.569231 0.542161 0.572759 0.537966 0.585569 0.536893 0.582384 0.537687 0.580227 0.539896 0.572083 0.542031 0.567176 0.543273 0.561875
8 0.545810 0.561838 0.554336 0.576088 0.554578 0.572551 0.546581 0.559435
8 0.557435 0.577083 0.560482 0.581389 0.560638 0.582731 0.560664 0.583981 0.559596 0.584630 0.558451 0.583565 0.557799 0.581435 0.557253 0.580648
8 0.561599 0.607764 0.562326 0.613856 0.563937 0.620958 0.564622 0.623468 0.563544 0.625227 0.563172 0.623569 0.560932 0.618755 0.560349 0.611852
11 0.531396 0.531431 0.531990 0.495912 0.533828 0.495157 0.537076 0.495954 0.537865 0.495787 0.537659 0.531912 0.535716 0.532009
2 0.539391 0.532111 0.539089 0.530833 0.548177 0.508611 0.552547 0.497537 0.555776 0.491574 0.560815 0.494958 0.560815 0.499139 0.560497 0.501394 0.557607 0.501778 0.556594 0.502421 0.554865 0.498847 0.553732 0.501602 0.549617 0.511083 0.543359 0.527079 0.548198 0.532583 0.544667 0.532750
8 0.502180 0.550731 0.504049 0.543616 0.507526 0.524861 0.509091 0.518287 0.513484 0.492718 0.516276 0.489519 0.515240 0.496551 0.514568 0.500134 0.511529 0.518509 0.509401 0.527176 0.505477 0.546944 0.504263 0.552171 0.503469 0.554278
8 0.504500 0.505065 0.508682 0.503019 0.511995 0.501347 0.512763 0.497009 0.509172 0.498120 0.506711 0.501324
8 0.540997 0.502148 0.546568 0.501833 0.551128 0.500829 0.552547 0.497537 0.547456 0.497602 0.542010 0.496528 0.537865 0.495787 0.537852 0.498347
8 0.506607 0.541324 0.513021 0.544028 0.515495 0.544644 0.516224 0.545231 0.516549 0.547481 0.516292 0.549421 0.512214 0.548611 0.506208 0.548417 0.505477 0.546944
8 0.513021 0.544028 0.507370 0.537222 0.508229 0.533148 0.511901 0.538102 0.514297 0.541157 0.515078 0.542963 0.515495 0.544644
8 0.559245 0.605556 0.557141 0.600231 0.556133 0.598583 0.556333 0.595787 0.558068 0.597366 0.559078 0.599301 0.560294 0.603972
8 0.562820 0.600931 0.559714 0.596412 0.556568 0.593255 0.556333 0.595787 0.558068 0.597366 0.559078 0.599301 0.561208 0.602866
8 0.556568 0.593255 0.559714 0.596412 0.563747 0.599736 0.565500 0.597676 0.561721 0.594736 0.558482 0.592236 0.556701 0.591296
8 0.576094 0.573657 0.577729 0.576926 0.578565 0.578167 0.579401 0.578963 0.580901 0.576806 0.579052 0.573269 0.577031 0.569120
8 0.580401 0.569060 0.582680 0.574139 0.580901 0.576806 0.579052 0.573269 0.577031 0.569120 0.577609 0.566222
8 0.584089 0.525694 0.583096 0.547514 0.585578 0.547199 0.585315 0.543167 0.585909 0.541991 0.586221 0.527329
8 0.571466 0.521389 0.574396 0.532731 0.575302 0.533782 0.576521 0.533662 0.577393 0.532546 0.576521 0.529134 0.575755 0.526407 0.573258 0.516954
8 0.522487 0.658370 0.521964 0.649125 0.522568 0.643028 0.522891 0.638153 0.524424 0.638870 0.523698 0.644968 0.523417 0.648912 0.523698 0.656940
8 0.522240 0.646296 0.519784 0.637579 0.520552 0.636935 0.522568 0.643028
8 0.521964 0.649125 0.514740 0.649907 0.514375 0.651111 0.514792 0.652222 0.515547 0.652454 0.522135 0.652176
8 0.453357 0.316556 0.452042 0.312162 0.451937 0.309292 0.454740 0.309861 0.454906 0.312810 0.453784 0.316361
8 0.487833 0.131639 0.490703 0.131898 0.491018 0.132352 0.492138 0.135093 0.487750 0.134727
8 0.492977 0.132856 0.494740 0.133148 0.496875 0.134676 0.497760 0.135880 0.497604 0.138241 0.496562 0.138009 0.495703 0.136528 0.494422 0.135759
8 0.438510 0.423819 0.439935 0.421625 0.441448 0.419324 0.443661 0.414338 0.444445 0.414713 0.444867 0.417125 0.444687 0.419532 0.439836 0.427731
6 0.505078 0.238463 0.507318 0.238463 0.508594 0.240046 0.509839 0.244435 0.511331 0.249662 0.513151 0.256468 0.512357 0.256963 0.511003 0.258981 0.509417 0.254394 0.508326 0.247106 0.507578 0.243787 0.507253 0.244866 0.505599 0.250218 0.504479 0.249056 0.500372 0.245074 0.502883 0.242194
8 0.526771 0.235000 0.525070 0.224380 0.526279 0.224810 0.527086 0.228968 0.527651 0.233630 0.527292 0.234315
8 0.519167 0.231944 0.520096 0.230389 0.524628 0.225574 0.525331 0.226546 0.524497 0.228028 0.521555 0.231361
8 0.508594 0.240046 0.510208 0.233750 0.510432 0.235653 0.510870 0.238542 0.509479 0.243241
8 0.488237 0.316843 0.486846 0.309796 0.487214 0.307597 0.488102 0.307931 0.489641 0.318134
8 0.483003 0.297856 0.483333 0.302500 0.484557 0.301759 0.484315 0.296856
8 0.485349 0.301278 0.484828 0.296602 0.485753 0.295856 0.486414 0.300542
8 0.484323 0.293611 0.483885 0.291718 0.483984 0.290046 0.485005 0.290144 0.485031 0.291486 0.485253 0.292968
8 0.470294 0.291185 0.471206 0.293083 0.472742 0.295537 0.474617 0.297667 0.475818 0.299843 0.476648 0.299148 0.474906 0.296000 0.472898 0.293500 0.471883 0.290769
8 0.472034 0.287995 0.469948 0.284907 0.470026 0.284074 0.470703 0.283056 0.471302 0.283380 0.473854 0.287495
8 0.473232 0.290574 0.476539 0.297287 0.477242 0.297843 0.477708 0.297778 0.474695 0.290153
8 0.477034 0.301718 0.478466 0.304218 0.478987 0.305190 0.479828 0.304505 0.477961 0.301269
8 0.468695 0.313519 0.466534 0.310569 0.469570 0.310056 0.471068 0.311852
8 0.465193 0.307306 0.464828 0.306194 0.465365 0.305139 0.465896 0.303972 0.466807 0.303833 0.467255 0.307097
8 0.447604 0.432639 0.444687 0.419532 0.444867 0.417125 0.445417 0.417019 0.448115 0.427616 0.447880 0.430801
8 0.432719 0.399829 0.429964 0.390986 0.430609 0.384546 0.433432 0.392231 0.435339 0.397639 0.435070 0.399176
8 0.582648 0.550699 0.575034 0.551495 0.574474 0.547713 0.575258 0.546917 0.579229 0.547199 0.583096 0.547514 0.585578 0.547199 0.588414 0.547037 0.600206 0.546144 0.606320 0.546454 0.609583 0.546306 0.615687 0.546602 0.617698 0.546528 0.620958 0.546454 0.622966 0.545565 0.627232 0.543333 0.627893 0.545699 0.626805 0.548968 0.625802 0.550009 0.618776 0.549861 0.616266 0.550009 0.610161 0.550157 0.607148 0.550157 0.592682 0.550231 0.585401 0.550606
8 0.624422 0.544931 0.623302 0.541694 0.618169 0.533810 0.612102 0.522361 0.606656 0.513889 0.610753 0.512551 0.613932 0.518648 0.615354 0.521324 0.618073 0.526204 0.619922 0.529491 0.622323 0.533477 0.624750 0.538292 0.627232 0.543333
8 0.626042 0.549769 0.629138 0.555630 0.631143 0.561523 0.632497 0.564843 0.633430 0.565255 0.633104 0.560361 0.632083 0.552699 0.628810 0.546171 0.627893 0.545699 0.626805 0.548968
8 0.616266 0.550009 0.622039 0.566801 0.622966 0.568736 0.624177 0.570532 0.624984 0.570315 0.618776 0.549861
8 0.607148 0.550157 0.608359 0.555231 0.610339 0.554907 0.611771 0.554306 0.611589 0.552685 0.610161 0.550157
8 0.583797 0.550579 0.585573 0.555454 0.588857 0.566060 0.589156 0.566963 0.587786 0.568255 0.583914 0.555917 0.582648 0.550699
8 0.585401 0.550606 0.590182 0.557037 0.594401 0.561713 0.592865 0.562870 0.584365 0.552028 0.583797 0.550579
8 0.496471 0.348731 0.498099 0.345787 0.498932 0.347870 0.497344 0.351019
8 0.490651 0.356250 0.489167 0.353889 0.489214 0.352606 0.489271 0.350463 0.491406 0.355231
8 0.442750 0.491019 0.442557 0.474157 0.442750 0.469167 0.443911 0.459704 0.445750 0.448866 0.446526 0.439574 0.447880 0.430801 0.448099 0.427731 0.449234 0.418755 0.450688 0.409120 0.451945 0.398625 0.452323 0.394685 0.453385 0.388356 0.453740 0.383495 0.454672 0.378847 0.455883 0.380356 0.456513 0.382454 0.456008 0.387236 0.455013 0.392449 0.454568 0.394894 0.454365 0.397704 0.454203 0.398852 0.454081 0.400644 0.453570 0.405458 0.452883 0.410120 0.452448 0.414231 0.451945 0.417120 0.450891 0.424676 0.450193 0.429370 0.449594 0.433602 0.449109 0.437440 0.448896 0.440796 0.448297 0.445509 0.447919 0.448384 0.447221 0.451171 0.446680 0.455676 0.445974 0.461338 0.445383 0.465861 0.444948 0.471611 0.444792 0.474880 0.444948 0.478630 0.445219 0.485046 0.444841 0.490722
8 0.436391 0.401690 0.440312 0.414713 0.441448 0.419324 0.439935 0.421625 0.435245 0.408042 0.436117 0.403514
8 0.441445 0.390014 0.442802 0.397532 0.443826 0.397245 0.442680 0.390815
8 0.467031 0.404120 0.466172 0.399028 0.466029 0.395333 0.466935 0.395208 0.467198 0.398296 0.468333 0.404213
8 0.460276 0.396574 0.460862 0.401815 0.459169 0.400306 0.458906 0.397963 0.459036 0.396713
8 0.461115 0.396375 0.463510 0.401005 0.464237 0.401755 0.464930 0.401861 0.465081 0.400417 0.463242 0.395972
8 0.498971 0.328565 0.499258 0.333426 0.499349 0.337037 0.500651 0.339213 0.500560 0.335741 0.500247 0.331620 0.499740 0.329222
8 0.499193 0.348611 0.498932 0.347870 0.498099 0.345787 0.488911 0.323093 0.487930 0.319194 0.494635 0.331412 0.499115 0.342269 0.500000 0.345741
8 0.492773 0.323944 0.499349 0.337037 0.500651 0.339213 0.500234 0.343704 0.494635 0.331412 0.487930 0.319194 0.489802 0.320870 0.491370 0.322120
8 0.514995 0.296079 0.514453 0.297407 0.511849 0.297977 0.511042 0.295324 0.512148 0.294083
8 0.516523 0.292259 0.519844 0.290833 0.520859 0.293704 0.518932 0.294630 0.518479 0.293833 0.517362 0.292769
8 0.505690 0.312806 0.506289 0.316278 0.507826 0.323083 0.508815 0.326741 0.509661 0.326528 0.509635 0.325648 0.506966 0.314194
8 0.508854 0.342148 0.509674 0.343046 0.510365 0.344231 0.508984 0.347380 0.508359 0.346917 0.507526 0.347472 0.507917 0.348861 0.506380 0.350787 0.505729 0.349491 0.505339 0.348907 0.505747 0.348171
8 0.511953 0.360435 0.510208 0.354741 0.507917 0.348861 0.507526 0.347472 0.508359 0.346917 0.508984 0.347380 0.510521 0.351870 0.511771 0.355806 0.512604 0.358722
8 0.517016 0.322991 0.515833 0.325139 0.514661 0.323102 0.515729 0.322593
8 0.516198 0.325731 0.517708 0.325833 0.519349 0.325602 0.519635 0.324722 0.519401 0.323611 0.518648 0.323324 0.517016 0.322991 0.515833 0.325139
8 0.517760 0.328472 0.519349 0.325602 0.519635 0.324722 0.520365 0.325833 0.520234 0.327037 0.518880 0.329537 0.518490 0.330000
8 0.517490 0.331597 0.516266 0.334005 0.515354 0.334792 0.514833 0.332806 0.515953 0.331551 0.516708 0.330255
8 0.531016 0.305556 0.531018 0.307185 0.530794 0.309986 0.529505 0.308287 0.529615 0.305602 0.530867 0.304079
8 0.535591 0.312639 0.535956 0.318287 0.537023 0.320139 0.537102 0.316204 0.536674 0.315074
6 0.633430 0.565255 0.634971 0.577921 0.634310 0.582444 0.633648 0.585481 0.632393 0.585792 0.631870 0.579593 0.631555 0.574759 0.632776 0.574074 0.633474 0.572153 0.632182 0.572153 0.630893 0.572153 0.630128 0.565958 0.630266 0.564222 0.631346 0.563167 0.631766 0.563046 0.632497 0.564843
8 0.627437 0.588657 0.626057 0.577824 0.627177 0.577407 0.628740 0.583565 0.629547 0.587778 0.628740 0.588519
8 0.627307 0.575463 0.631555 0.574759 0.632776 0.574074 0.633474 0.572153 0.632182 0.572153 0.630893 0.572153 0.628193 0.573148 0.627490 0.574213
8 0.442336 0.327403 0.443359 0.326620 0.445729 0.324815 0.446130 0.326824 0.446971 0.327074 0.447112 0.325995 0.446875 0.323935 0.448750 0.322870 0.451031 0.320681 0.453029 0.319144 0.449828 0.328847 0.444203 0.333065 0.443255 0.330569
8 0.474497 0.428778 0.476654 0.421352 0.479112 0.420662 0.484734 0.418218 0.490172 0.417236 0.493096 0.415625 0.496714 0.414954 0.501016 0.413380 0.504052 0.412227 0.505932 0.411583 0.509979 0.410042 0.512294 0.409528 0.516198 0.407597 0.517552 0.407130 0.520461 0.405801 0.522846 0.404773 0.524583 0.404384 0.526680 0.403745 0.529349 0.402083 0.533112 0.400014 0.535208 0.398472 0.537016 0.396801 0.541242 0.391778 0.541940 0.390597 0.543612 0.388245 0.545185 0.385750 0.547500 0.382023 0.550826 0.377398 0.552849 0.374699 0.555956 0.371870 0.558125 0.370329 0.560367 0.370843 0.561885 0.372644 0.565643 0.379194 0.569693 0.384981 0.573740 0.392560 0.578005 0.398986 0.580826 0.404898 0.583716 0.410556 0.589354 0.418907 0.591958 0.422250 0.591958 0.426106 0.589789 0.426620 0.581115 0.413125 0.577284 0.407727 0.569115 0.392819 0.564609 0.383472 0.561823 0.380000 0.560221 0.375856 0.556693 0.378565 0.553932 0.381509 0.549885 0.386907 0.545938 0.392824 0.543596 0.396032 0.541354 0.397833 0.538906 0.401296 0.537789 0.402431 0.534159 0.404653 0.532383 0.405944 0.530448 0.407162 0.528794 0.408310 0.527708 0.409028 0.526797 0.409398 0.524115 0.410741 0.521620 0.411968 0.519667 0.413509 0.518617 0.413819 0.515026 0.415185 0.513521 0.415824 0.508516 0.416759 0.504844 0.418148 0.501354 0.418981 0.498414 0.419551 0.494221 0.420579 0.489016 0.422764 0.484461 0.424819 0.481930 0.426106 0.478677 0.427005 0.476438 0.427648
8 0.587786 0.568255 0.589156 0.566963 0.592865 0.562870 0.594401 0.561713 0.598805 0.558481 0.600823 0.557194 0.605581 0.555542 0.608359 0.555231 0.610339 0.554907 0.611771 0.554306 0.613891 0.553750 0.615344 0.555616 0.615060 0.557120 0.610544 0.558556 0.606914 0.559917 0.603523 0.561639 0.600096 0.563000 0.596424 0.565440 0.594005 0.567231 0.591867 0.569167 0.588721 0.571032
11 0.580104 0.442130 0.581982 0.438648 0.583904 0.436866 0.586331 0.435227 0.590260 0.446380 0.601052 0.485042 0.603979 0.497384 0.605484 0.502736 0.605156 0.503917 0.599893 0.494361 0.597206 0.486398 0.591607 0.470671 0.583992 0.451366
8 0.537638 0.312065 0.542865 0.309481 0.544734 0.309662 0.545573 0.314301 0.540154 0.317222 0.539672 0.316185
8 0.521745 0.275556 0.530318 0.270333 0.530940 0.275412 0.531060 0.279755 0.523779 0.283787 0.523240 0.281963 0.522753 0.280042
8 0.451688 0.336185 0.452844 0.334773 0.454505 0.342481 0.455378 0.349537 0.455156 0.351222 0.454289 0.349935 0.453422 0.348653 0.452956 0.346741 0.452271 0.340787
8 0.423578 0.337458 0.426344 0.337083 0.428536 0.341347 0.428469 0.342639 0.426531 0.342750 0.423471 0.343194 0.423552 0.342319 0.423135 0.338755
8 0.485909 0.399333 0.487581 0.403495 0.486292 0.406505 0.484888 0.405449 0.484401 0.402755 0.484318 0.400523
8 0.483398 0.404389 0.484401 0.402755 0.484318 0.400523 0.485909 0.399333 0.485070 0.396954 0.483052 0.400935 0.481865 0.404009
8 0.569875 0.415259 0.572044 0.423745 0.573466 0.426481 0.574646 0.428111 0.574503 0.424644 0.574284 0.420917 0.573201 0.416162 0.572549 0.413847
8 0.434794 0.266157 0.432201 0.274782 0.430961 0.272269 0.429982 0.269583 0.431096 0.265986 0.432109 0.262083 0.433906 0.262963
8 0.486273 0.180657 0.487076 0.179468 0.488268 0.180639 0.487500 0.186731 0.486896 0.190963 0.485023 0.189694
8 0.496536 0.179991 0.496294 0.181426 0.491979 0.180995 0.489315 0.180782 0.488268 0.180639 0.487076 0.179468 0.486273 0.180657 0.483854 0.179727 0.481563 0.179259 0.481695 0.177394 0.485279 0.177560 0.494799 0.177477 0.496510 0.178356
8 0.441716 0.426120 0.446089 0.444227 0.446526 0.439574 0.447151 0.435676 0.446214 0.430787 0.444901 0.426565 0.443964 0.423009 0.443526 0.422120 0.442589 0.423898
8 0.476484 0.393519 0.477617 0.398606 0.478987 0.395856 0.478266 0.393713 0.476841 0.392921
8 0.530578 0.385611 0.526096 0.390241 0.527180 0.394866 0.532456 0.390111 0.531932 0.388620 0.530852 0.386449
8 0.476974 0.280278 0.477029 0.286806 0.477786 0.286944 0.479167 0.287130 0.480052 0.287000 0.479513 0.280375 0.479242 0.279606 0.478109 0.279509 0.477461 0.279509
8 0.498076 0.275963 0.498479 0.285755 0.498112 0.285833 0.497180 0.285995 0.496891 0.274829
8 0.498112 0.278301 0.499846 0.283954 0.500424 0.285884 0.499529 0.285884 0.498328 0.281898
5 0.445203 0.210440 0.454138 0.214440 0.458013 0.212329 0.461448 0.210773 0.464693 0.209417 0.464154 0.209032 0.461076 0.207977 0.458049 0.208264 0.454487 0.207690 0.451625 0.207208 0.448331 0.207111 0.445026 0.207130
8 0.476594 0.095866 0.472318 0.108764 0.473354 0.110606 0.474391 0.109685 0.478148 0.096787
8 0.543633 0.370852 0.547089 0.368551 0.550383 0.366532 0.550852 0.367148 0.551193 0.367782 0.546711 0.370662 0.544388 0.372102 0.543740 0.372676
8 0.481594 0.584296 0.489211 0.592398 0.491026 0.595852 0.489547 0.597903 0.485326 0.592861 0.481956 0.588944 0.480401 0.586639 0.480732 0.584491
8 0.450328 0.444134 0.448094 0.446657 0.447919 0.448384 0.447221 0.451171 0.448599 0.453856 0.451781 0.449227
11 0.536893 0.582384 0.534047 0.572676 0.536940 0.569356 0.537779 0.569940 0.537687 0.580227
8 0.558216 0.377370 0.560391 0.382130 0.561479 0.385995 0.561312 0.387778 0.560292 0.388713 0.556693 0.378565
