8 0.472120 0.374389 0.473240 0.372481 0.482576 0.365593 0.483177 0.366898 0.481969 0.368500 0.477815 0.371153 0.474969 0.373060
5 0.480104 0.353843 0.479979 0.349296 0.479115 0.349352 0.478099 0.349398 0.477680 0.351028 0.477682 0.352176 0.477708 0.353843 0.479214 0.353880
5 0.480026 0.367454 0.480130 0.360139 0.479375 0.358981 0.478724 0.358935 0.477995 0.358843 0.476953 0.359352 0.476979 0.369722
8 0.489346 0.376421 0.487919 0.374745 0.487206 0.373875 0.485667 0.372139 0.484089 0.369537 0.482786 0.367407 0.481969 0.368500 0.482109 0.369444 0.483802 0.371435 0.485677 0.374444 0.486953 0.375463 0.488411 0.377407 0.488969 0.379042 0.490510 0.378356
5 0.476904 0.400486 0.476966 0.386157 0.478216 0.385491 0.479357 0.381398 0.480404 0.381491 0.480216 0.392713 0.480279 0.407486
8 0.459701 0.384769 0.456760 0.386431 0.455221 0.386588 0.454148 0.386843 0.453820 0.387583 0.453167 0.389500 0.453948 0.388963 0.455383 0.388500 0.455732 0.388421 0.456685 0.388810 0.459492 0.386699 0.461328 0.384685
8 0.453984 0.389352 0.456563 0.389630 0.456362 0.392171 0.455297 0.391667 0.454089 0.391296 0.444258 0.399931 0.442044 0.401676 0.441862 0.401167 0.441784 0.400611 0.441836 0.400194 0.442018 0.399731 0.444909 0.397074 0.449255 0.393213 0.451721 0.390245
8 0.583417 0.536074 0.585307 0.519662 0.586117 0.508426 0.586495 0.497292 0.587089 0.495565 0.587953 0.496333 0.588331 0.509676 0.587792 0.518699 0.586549 0.528204 0.585096 0.534125 0.584888 0.536579
8 0.580044 0.519130 0.581424 0.504301 0.582990 0.504875 0.581102 0.535981 0.579750 0.535796 0.580531 0.528852
8 0.450229 0.271773 0.450677 0.269444 0.450625 0.266991 0.449922 0.267162 0.449750 0.268218 0.449294 0.269704 0.448703 0.269458 0.446961 0.268773 0.444766 0.267639 0.443802 0.266343 0.443021 0.267657 0.442984 0.268468 0.443823 0.269273 0.445984 0.270014 0.448669 0.271505
8 0.452240 0.270463 0.452344 0.268611 0.454044 0.271861 0.460078 0.272130 0.460857 0.274593 0.458154 0.274657 0.453510 0.274176 0.452104 0.273028
8 0.430573 0.348102 0.433526 0.345903 0.434190 0.346065 0.434250 0.347829 0.432112 0.350509
8 0.428958 0.350602 0.428432 0.349606 0.426536 0.349968 0.426576 0.352764 0.428352 0.351977
8 0.426549 0.355792 0.428958 0.350602 0.431302 0.354963 0.432031 0.356111 0.426641 0.359769
8 0.440065 0.368713 0.441115 0.370940 0.443885 0.374903 0.445393 0.376671 0.446536 0.376028 0.447833 0.374634 0.448044 0.372921 0.447773 0.372440 0.445362 0.371958 0.444940 0.371102 0.443435 0.372023 0.438305 0.363977 0.438911 0.365241
5 0.426979 0.378194 0.428039 0.378375 0.428661 0.373806 0.428943 0.370569 0.426862 0.370611
5 0.430625 0.378796 0.432875 0.379620 0.434534 0.378727 0.434432 0.375685 0.437753 0.371662 0.440065 0.368713 0.438911 0.365241 0.436565 0.365704 0.434393 0.366634 0.432740 0.369338 0.432221 0.369583 0.432279 0.373824
8 0.440120 0.363366 0.441924 0.365764 0.443685 0.368625 0.447557 0.362546 0.448461 0.361384 0.449216 0.361204 0.448109 0.364870 0.447206 0.367912 0.445495 0.370769 0.443435 0.372023 0.438305 0.363977
8 0.489102 0.208856 0.490430 0.209782 0.490404 0.211171 0.490247 0.214505 0.487904 0.214273 0.488581 0.209458
8 0.485000 0.204491 0.482995 0.206019 0.481250 0.207731 0.479427 0.208380 0.478646 0.208796 0.478177 0.210417 0.479349 0.211065 0.481354 0.209954 0.482786 0.208981 0.483828 0.208380 0.485964 0.205463
8 0.488464 0.205509 0.489219 0.204583 0.490156 0.204444 0.490755 0.204120 0.491510 0.204120 0.492083 0.204954 0.491589 0.205926 0.490547 0.206065 0.488984 0.206852 0.487786 0.207639 0.487083 0.208148 0.486484 0.208519 0.486172 0.208009 0.486068 0.206991 0.487169 0.206681
8 0.486404 0.203241 0.488198 0.203153 0.489409 0.202796 0.490336 0.202296 0.490943 0.202009 0.491182 0.203153 0.490013 0.203583 0.488464 0.205556 0.487500 0.204537
8 0.428581 0.345093 0.426013 0.341194 0.425240 0.340606 0.422904 0.337074 0.419940 0.332611 0.418721 0.330444 0.418128 0.330569 0.418094 0.329264 0.414747 0.316644 0.413357 0.315639 0.413589 0.318773 0.415927 0.328954 0.417016 0.332685 0.421734 0.339713 0.423560 0.342352 0.424687 0.344167 0.426549 0.346102 0.431302 0.354963 0.435273 0.361056 0.437294 0.362130 0.438586 0.360949 0.436286 0.356764
5 0.427680 0.534713 0.426849 0.530139 0.426042 0.527222 0.424844 0.527269 0.423359 0.527593 0.423021 0.528935 0.423464 0.534398 0.424505 0.540231 0.424708 0.543278 0.424909 0.543134 0.425273 0.544426 0.426161 0.544065 0.425958 0.542704 0.425677 0.541412 0.427089 0.541912 0.428216 0.541843 0.428862 0.541699 0.428862 0.540625 0.427943 0.540648 0.427474 0.539491 0.427526 0.537269
8 0.482107 0.168731 0.484685 0.166519 0.487930 0.163796 0.489823 0.162352 0.493878 0.160111 0.493966 0.162995 0.489552 0.166519 0.483883 0.170741
8 0.485440 0.202023 0.486404 0.203241 0.487500 0.204537 0.488419 0.205463 0.487169 0.206681 0.485000 0.204491 0.483781 0.203028
2 0.439589 0.267278 0.437047 0.278894 0.432198 0.301801 0.431232 0.305745 0.429604 0.312167 0.429690 0.314398 0.434125 0.310912 0.435531 0.306523 0.440154 0.287278 0.442674 0.277403 0.441177 0.271102
2 0.396862 0.299417 0.394271 0.303426 0.393997 0.307792 0.397294 0.307792 0.397362 0.305759 0.398036 0.304204 0.398641 0.301690 0.400122 0.301569 0.402612 0.303005 0.405641 0.299176 0.409615 0.293907 0.411565 0.290681 0.412406 0.290792 0.412708 0.288796 0.409654 0.282537 0.403193 0.290917
8 0.440893 0.440810 0.440367 0.437444 0.439609 0.435583 0.438797 0.432481 0.437695 0.429894 0.434898 0.424829 0.433971 0.425963 0.434432 0.428241 0.436531 0.432273 0.438214 0.437963 0.439844 0.442616 0.440893 0.443477
8 0.425380 0.424426 0.425063 0.427380 0.424128 0.431120 0.423622 0.434060 0.422969 0.438440 0.422565 0.441213 0.422466 0.443269 0.423320 0.443718 0.424276 0.441569 0.424930 0.439870 0.425734 0.429681 0.426437 0.425120 0.426883 0.420083
8 0.435479 0.422315 0.430367 0.426963 0.428810 0.428764 0.427018 0.430565 0.426784 0.431671 0.427953 0.432227 0.429198 0.430843 0.432469 0.427380 0.436596 0.423088 0.436388 0.421389 0.435935 0.422315
8 0.421615 0.428750 0.424362 0.424889 0.425063 0.427380 0.424128 0.431120 0.422883 0.432644 0.420672 0.432222
2 0.424888 0.316491 0.424875 0.318963 0.422049 0.320352 0.416922 0.317648 0.414747 0.316644 0.415258 0.315616 0.415742 0.312352 0.417172 0.312801 0.423401 0.316190
8 0.416164 0.309657 0.421242 0.313046 0.425057 0.314796 0.425281 0.315741 0.424888 0.316491 0.423401 0.316190 0.417172 0.312801 0.415742 0.312352
8 0.417052 0.303847 0.419063 0.305556 0.420026 0.308449 0.418948 0.308352 0.418078 0.307949 0.416771 0.305843
8 0.432508 0.278185 0.433622 0.278370 0.434557 0.277954 0.435352 0.277708 0.436750 0.276875 0.437047 0.278894 0.436237 0.279366 0.435164 0.280028 0.433109 0.280194 0.431664 0.280278
8 0.420432 0.275139 0.421310 0.276370 0.421208 0.277356 0.419297 0.276194 0.416281 0.275032 0.413667 0.274495 0.410146 0.273153 0.408034 0.272259 0.407094 0.270176 0.410789 0.271454 0.412953 0.272579 0.414305 0.273056 0.417458 0.273537
8 0.429354 0.281870 0.426539 0.280037 0.422466 0.277801 0.422956 0.276259 0.424667 0.277222 0.429263 0.279944
8 0.441615 0.227301 0.442380 0.227611 0.443112 0.227306 0.443776 0.227241 0.445169 0.226685 0.445310 0.227551 0.445938 0.228171 0.448026 0.234847 0.450292 0.241602 0.453081 0.249287 0.457404 0.260565 0.460609 0.269926 0.462633 0.275940 0.464031 0.280106 0.463440 0.280667 0.460857 0.274593 0.460336 0.272856 0.458453 0.267773 0.457964 0.266347 0.455839 0.259778 0.455000 0.257796 0.453781 0.254759 0.450294 0.246394 0.448237 0.240134 0.446878 0.235981 0.445206 0.230403 0.444471 0.229287 0.443594 0.229167 0.441440 0.229472 0.441125 0.228606 0.441091 0.227986
8 0.468328 0.258181 0.470281 0.258361 0.472409 0.258796 0.474326 0.259352 0.475232 0.259847 0.474500 0.261398 0.473872 0.261769 0.472583 0.261833 0.471396 0.261954 0.470352 0.262079 0.469375 0.261954 0.468016 0.261333 0.467760 0.259769
8 0.479904 0.259787 0.477393 0.258111 0.475615 0.257245 0.473768 0.255449 0.472164 0.256130 0.475547 0.258606 0.477323 0.259477 0.480776 0.261398
8 0.431065 0.281870 0.430885 0.284593 0.431523 0.284815 0.431523 0.285972 0.431177 0.288366 0.430307 0.292231 0.429742 0.295245 0.429352 0.297949 0.429263 0.302199 0.429497 0.303111 0.430198 0.301042 0.430487 0.299593 0.431307 0.296324 0.431872 0.292463 0.432784 0.287287 0.433133 0.285741 0.433263 0.284505 0.432609 0.283037
8 0.474292 0.237102 0.473021 0.236296 0.468190 0.233819 0.468120 0.235926 0.472198 0.237968
5 0.430487 0.299593 0.432198 0.301801 0.431070 0.306315 0.430372 0.306315 0.429497 0.303111 0.430198 0.301042
8 0.535826 0.467102 0.535523 0.453139 0.536690 0.458199 0.537578 0.467657 0.537250 0.469231 0.536104 0.469829
8 0.522214 0.401435 0.523378 0.411014 0.524458 0.410889 0.527135 0.416111 0.524424 0.402579
8 0.518758 0.380699 0.519070 0.384602 0.519839 0.387144 0.520641 0.389500 0.521477 0.390616 0.521232 0.388074 0.520396 0.385407 0.519979 0.382931 0.520013 0.381505 0.520013 0.380329 0.519490 0.379458 0.519036 0.379458
8 0.508786 0.378407 0.507706 0.377167 0.506042 0.376296 0.504708 0.376792 0.504883 0.377602 0.505544 0.378713 0.506276 0.379458 0.508943 0.380769
8 0.510052 0.373380 0.510305 0.375620 0.510409 0.379653 0.510372 0.380954 0.508943 0.380769 0.508596 0.374444
8 0.513250 0.368986 0.514227 0.373384 0.514922 0.377167 0.514016 0.376856 0.513492 0.375556 0.513039 0.373014 0.512622 0.369852
8 0.516562 0.363935 0.516823 0.366944 0.517206 0.368681 0.516964 0.369551 0.516299 0.369241 0.516021 0.368931 0.515813 0.365208
8 0.492995 0.371958 0.492977 0.367630 0.494198 0.366819 0.493831 0.372083 0.493344 0.373199
8 0.490599 0.368426 0.494349 0.364352 0.495896 0.361662 0.496154 0.360301 0.499531 0.358949 0.497719 0.362111 0.495453 0.365458 0.494198 0.366819 0.492977 0.367630 0.491477 0.369611
8 0.480130 0.360370 0.483187 0.353880 0.483956 0.352269 0.484992 0.351144 0.485620 0.350769 0.480852 0.363486 0.480086 0.364852
8 0.463927 0.367347 0.467760 0.363472 0.470182 0.361204 0.472917 0.359074 0.474974 0.357269 0.476432 0.356065 0.476875 0.356065 0.476953 0.359352 0.472031 0.363981 0.467474 0.367315 0.465208 0.369815 0.464943 0.369153
8 0.462734 0.359583 0.466221 0.358273 0.467914 0.357347 0.469086 0.356375 0.469448 0.355912 0.471820 0.355681 0.473432 0.355079 0.474424 0.354894 0.475359 0.354986 0.475438 0.355310 0.472937 0.357532 0.466661 0.361236 0.462630 0.363565 0.461797 0.361667
8 0.465536 0.378130 0.464448 0.375079 0.462706 0.370681 0.461062 0.366190 0.460437 0.364292 0.462938 0.364014 0.463927 0.367347 0.464943 0.369153 0.466375 0.373181 0.467573 0.376190 0.467286 0.378042 0.466562 0.378046
8 0.458724 0.366667 0.457917 0.365463 0.456901 0.362593 0.455521 0.359676 0.455391 0.359074 0.455521 0.358148 0.455885 0.357778 0.456328 0.357963 0.459219 0.364583 0.459453 0.365417 0.459453 0.366435
8 0.463435 0.379208 0.461693 0.375648 0.459844 0.370556 0.458672 0.367778 0.458724 0.366667 0.459453 0.366435 0.464370 0.378620
8 0.480216 0.392713 0.484328 0.382097 0.486648 0.382366 0.486714 0.384204 0.484776 0.388870 0.480216 0.398977
8 0.492656 0.430370 0.493966 0.431338 0.494815 0.429903 0.497701 0.423778 0.497188 0.422171 0.496224 0.423653 0.494609 0.426199 0.493594 0.428426
8 0.492909 0.415903 0.497536 0.418259 0.497536 0.419681 0.497711 0.420486 0.497990 0.420796 0.500622 0.423306 0.500865 0.427097 0.497701 0.423778 0.497188 0.422171 0.497266 0.421292 0.497031 0.420505 0.496562 0.420551 0.495312 0.422449 0.492682 0.418935
8 0.500117 0.417389 0.500622 0.423306 0.501026 0.430546 0.501914 0.430546 0.501958 0.425398 0.501393 0.423750 0.501513 0.422171 0.501792 0.421944 0.501591 0.415204
8 0.513878 0.516875 0.511193 0.520903 0.511148 0.527903 0.512932 0.530204 0.513456 0.525741
8 0.504453 0.502685 0.504427 0.497824 0.505234 0.497685 0.505208 0.503241
5 0.556281 0.565750 0.557990 0.566028 0.558096 0.564972 0.559068 0.564782 0.562500 0.563569 0.561651 0.559338 0.559878 0.556185 0.558547 0.552528 0.558255 0.544491 0.552018 0.546861 0.553102 0.549301 0.554474 0.553671 0.554982 0.556500
5 0.552299 0.527727 0.549615 0.527606 0.548326 0.527852 0.547818 0.529005 0.545880 0.530657 0.544906 0.531088 0.544305 0.531731 0.542617 0.531032 0.545755 0.538889 0.546328 0.540694 0.547487 0.540185 0.548604 0.539505 0.549648 0.539009 0.550380 0.538759 0.551635 0.538204 0.552055 0.537458 0.552370 0.537088 0.552344 0.537917 0.552312 0.539986 0.553185 0.536889 0.553323 0.534412 0.553909 0.533593
5 0.546328 0.540694 0.546807 0.541625 0.547818 0.541125 0.548604 0.539505 0.549648 0.539009 0.550380 0.538759 0.551635 0.538204 0.552055 0.537458 0.552370 0.537088 0.552344 0.537917 0.552312 0.539986 0.551755 0.542528 0.551859 0.544204 0.552104 0.544264 0.552018 0.546861 0.550859 0.545574 0.549341 0.543648 0.547753 0.542875 0.547245 0.544546 0.547680 0.547630 0.549703 0.550972 0.550417 0.552639 0.547604 0.553102 0.547292 0.552407 0.546276 0.550046 0.545443 0.549352 0.544193 0.547593 0.544271 0.545648 0.544271 0.545648 0.545339 0.543750
11 0.557294 0.512537 0.560810 0.520866 0.563740 0.527292 0.565104 0.526597 0.566375 0.524861 0.565299 0.521389 0.560029 0.510972
8 0.538594 0.551898 0.537409 0.556398 0.537409 0.562278 0.537854 0.562421 0.539185 0.556616 0.539687 0.553102 0.539844 0.552315
8 0.530865 0.605444 0.526005 0.610245 0.524438 0.611880 0.525086 0.615907 0.526438 0.613704 0.532323 0.607269 0.531836 0.605060
8 0.519956 0.602565 0.526060 0.606884 0.526005 0.610245 0.524979 0.610245 0.519417 0.605444
8 0.528867 0.619176 0.529784 0.615333 0.531156 0.608546 0.532323 0.607269 0.533036 0.607069 0.533424 0.609477 0.530378 0.619662
8 0.529091 0.601579 0.525982 0.603583 0.523854 0.605231 0.526060 0.606884 0.529411 0.605519 0.530544 0.603727
8 0.514505 0.600972 0.507310 0.594676 0.507125 0.591194 0.507734 0.590778 0.515573 0.597917
8 0.509667 0.596819 0.506654 0.597463 0.505568 0.598102 0.505477 0.599602 0.506742 0.600463 0.509245 0.600032 0.510112 0.599903 0.512943 0.599630
8 0.512768 0.595370 0.514125 0.591731 0.514818 0.589963 0.515964 0.589213 0.516565 0.589000 0.516747 0.589963 0.516083 0.590551 0.515510 0.591139 0.515148 0.591838 0.513372 0.595856
8 0.513964 0.594634 0.515552 0.594449 0.515891 0.595745 0.515604 0.597181 0.515573 0.597917 0.513372 0.595856
8 0.490448 0.669106 0.487482 0.678356 0.485604 0.683116 0.484591 0.687741 0.487339 0.686199 0.492182 0.673347
8 0.495000 0.672574 0.494857 0.681444 0.497026 0.679259 0.497458 0.671676
8 0.494352 0.686329 0.493701 0.696481 0.493411 0.704319 0.495219 0.702264 0.496159 0.685171
8 0.508341 0.607704 0.508385 0.604384 0.510112 0.599903 0.513021 0.599722 0.514505 0.600972 0.511698 0.609861
5 0.438180 0.263847 0.438453 0.261398 0.442422 0.256111 0.440563 0.264819
2 0.459878 0.381157 0.456883 0.375894 0.455260 0.372917 0.455000 0.373426 0.454271 0.374120 0.453958 0.374352 0.453255 0.375046 0.453568 0.375727 0.455641 0.383102
10 0.522414 0.351264 0.526354 0.357699 0.528250 0.352782 0.529708 0.350958 0.529531 0.360398 0.528883 0.362509 0.527979 0.365699 0.526042 0.365417 0.525107 0.364505
2 0.444060 0.306019 0.438573 0.310250 0.442320 0.315486
2 0.493896 0.468819 0.496974 0.468532 0.497292 0.474167 0.501336 0.468829 0.500005 0.458287 0.497719 0.457037 0.495232 0.455968 0.493833 0.456125 0.493154 0.459051 0.493518 0.461505 0.493831 0.465810
2 0.520789 0.177894 0.519396 0.179259 0.518977 0.178824 0.518352 0.179861 0.517870 0.180005 0.517828 0.180722 0.518474 0.183231 0.519159 0.185671 0.519805 0.188329 0.519721 0.191301 0.519299 0.188514 0.518365 0.185139 0.517310 0.181819 0.516406 0.181819 0.515406 0.183519 0.515352 0.190602 0.516398 0.197356 0.516990 0.202810 0.517932 0.206218 0.517198 0.207208 0.516266 0.208171 0.517555 0.209148 0.518253 0.208407 0.519544 0.210884 0.520956 0.210023 0.521409 0.207986 0.521286 0.201449 0.521417 0.200144 0.520547 0.196986
10 0.439589 0.267278 0.435661 0.265366 0.434310 0.274019 0.432508 0.278185 0.433622 0.278370 0.434557 0.277954 0.435352 0.277708 0.436750 0.276875 0.437047 0.278894
2 0.437682 0.241343 0.438354 0.243653 0.438505 0.245977 0.437651 0.251162 0.436042 0.258759 0.435286 0.261708 0.430651 0.256343 0.433117 0.251111
2 0.534870 0.527787 0.534682 0.532375 0.535573 0.540833 0.539443 0.548639 0.539630 0.549796 0.538932 0.551065 0.540260 0.551296 0.541846 0.550806 0.539831 0.544495 0.536240 0.531227
2 0.539687 0.553102 0.540117 0.555940 0.541021 0.560176 0.541320 0.563389 0.542497 0.570352 0.543490 0.571528 0.543521 0.572764 0.544273 0.573727 0.543823 0.577208 0.544755 0.578546 0.547708 0.582509 0.548432 0.582727 0.548073 0.581060 0.546906 0.575338 0.545320 0.566875 0.545646 0.564468 0.543885 0.558037 0.542526 0.553333 0.541589 0.553519 0.540625 0.553472
3 0.448307 0.545417 0.450242 0.545500 0.452742 0.545069 0.454357 0.544639 0.454234 0.542273 0.454276 0.537398 0.453750 0.535963 0.443625 0.538329 0.442013 0.536032 0.440479 0.524847 0.439633 0.518176 0.438906 0.515523 0.438341 0.511653 0.442536 0.512153 0.444635 0.512801 0.443948 0.517676 0.443706 0.528861 0.443344 0.534815 0.443786 0.536681 0.444917 0.536394 0.445763 0.532806 0.445990 0.524861 0.446745 0.516111 0.446651 0.512870 0.445563 0.509000 0.443062 0.507708 0.440036 0.508065 0.437698 0.508495 0.435721 0.509069 0.431284 0.509787 0.430154 0.510218 0.428823 0.511005 0.427734 0.511148 0.425516 0.510361 0.424628 0.509574 0.425026 0.505602 0.424708 0.504481 0.423901 0.500750 0.423255 0.498958 0.422690 0.496954 0.422208 0.495731 0.420794 0.495519 0.420352 0.496306 0.419990 0.497667 0.420432 0.499102 0.421482 0.501611 0.422651 0.504551 0.422893 0.507995 0.422690 0.510579 0.422932 0.513375 0.423982 0.514019 0.425878 0.515310 0.427250 0.515310 0.429023 0.514449 0.431203 0.514593 0.432292 0.514231 0.433018 0.514088 0.433018 0.514088 0.433542 0.514231 0.435034 0.525995 0.433219 0.522481 0.432372 0.522769 0.431445 0.524130 0.431203 0.526352 0.431203 0.527431 0.432049 0.529866 0.434307 0.532375 0.434268 0.534884 0.434430 0.538542 0.434268 0.539764 0.433260 0.539833 0.430516 0.540194 0.429346 0.540481 0.428862 0.540625 0.428862 0.541699 0.428216 0.541843 0.427089 0.541912 0.425677 0.541412 0.425958 0.542704 0.426161 0.544065 0.425273 0.544426 0.424909 0.543134 0.424708 0.543278 0.424708 0.545426 0.425112 0.546361 0.425516 0.546287 0.426094 0.547731 0.427815 0.550019 0.428943 0.551449 0.429911 0.552167 0.430880 0.552241 0.431404 0.550880 0.431526 0.549588 0.431000 0.548727 0.430557 0.550162 0.430516 0.548509 0.430919 0.548153 0.432008 0.548296 0.434307 0.548079 0.439948 0.547593 0.444352 0.546074
2 0.552299 0.527727 0.551284 0.523731 0.548221 0.515431 0.545997 0.516611 0.544911 0.517676 0.547818 0.529005 0.548326 0.527852 0.549615 0.527606
2 0.558255 0.544491 0.556388 0.538000 0.554370 0.538255 0.553323 0.541722 0.552104 0.544264 0.552018 0.546861
2 0.559557 0.606667 0.564495 0.600236 0.563602 0.596639 0.552956 0.566782 0.550932 0.565625 0.550643 0.563051 0.551148 0.561509 0.551510 0.559968 0.552018 0.556755 0.551583 0.554699 0.550859 0.553287 0.550521 0.554167 0.549609 0.554583 0.548203 0.554907 0.544148 0.553718 0.546857 0.563255 0.555383 0.591597 0.556430 0.593819 0.556391 0.594968 0.557292 0.597222 0.558750 0.601806 0.559609 0.605000
8 0.483362 0.692241 0.485458 0.695454 0.487628 0.699565 0.491966 0.705606 0.493411 0.704190 0.485531 0.691468
8 0.478737 0.687995 0.477073 0.704963 0.478953 0.705093 0.479604 0.701106 0.479747 0.699306 0.480182 0.696093 0.479531 0.689667
8 0.477073 0.683370 0.472880 0.693907 0.472591 0.696222 0.474760 0.697894 0.478737 0.687995 0.478086 0.685426
8 0.479026 0.678356 0.478156 0.681056 0.479245 0.685787 0.481555 0.680157 0.480760 0.678875
8 0.491966 0.705606 0.489740 0.704861 0.485552 0.699347 0.483529 0.696903 0.483167 0.694333 0.480997 0.689833 0.479193 0.685741 0.478156 0.681056 0.479026 0.678356 0.477094 0.676597 0.477073 0.683370 0.478086 0.685426 0.478737 0.687995 0.479531 0.689667 0.480182 0.696093 0.481794 0.696773 0.482266 0.699676 0.483094 0.701019 0.488083 0.708856 0.490312 0.709259
8 0.495292 0.710486 0.493411 0.710616 0.490312 0.709259 0.488083 0.708856 0.485169 0.708819 0.481844 0.708046 0.477940 0.707019 0.478156 0.709333 0.482786 0.710602 0.484807 0.710875 0.485604 0.710745 0.486904 0.711130 0.488568 0.710745 0.491096 0.712032 0.495651 0.712931
8 0.491747 0.722310 0.488568 0.710745 0.491096 0.712032 0.492615 0.718583
8 0.481844 0.708046 0.481216 0.701019 0.483094 0.701019 0.483964 0.708727
8 0.482786 0.710602 0.485552 0.726463 0.489023 0.728778 0.484807 0.710875
8 0.489578 0.727968 0.486615 0.715630 0.485604 0.710745 0.486904 0.711130 0.487917 0.715630 0.490229 0.726167
8 0.518073 0.669972 0.518406 0.671606 0.514643 0.673838 0.510544 0.674727 0.508203 0.676069 0.505443 0.679190 0.502599 0.679634 0.501094 0.679634 0.499589 0.683204 0.496159 0.685171 0.494352 0.686329 0.488630 0.690343 0.485531 0.691468 0.483362 0.692241 0.482370 0.692731 0.480997 0.689833 0.484591 0.687741 0.487339 0.686199 0.494857 0.681444 0.497026 0.679259 0.501445 0.677273 0.503310 0.676023 0.506581 0.675444 0.509331 0.673361 0.511716 0.671204 0.514885 0.669463
8 0.475172 0.728597 0.469896 0.703662 0.469823 0.711375 0.473292 0.728852
8 0.472859 0.730523 0.469609 0.715509 0.469172 0.722042 0.470979 0.730653 0.472641 0.733222 0.476906 0.732579 0.479003 0.732194 0.479221 0.730139 0.477992 0.729755 0.475172 0.728597 0.473292 0.728852
8 0.479221 0.730139 0.483456 0.725949 0.483674 0.729931 0.481286 0.731088 0.479003 0.732194
8 0.462307 0.718097 0.466742 0.726060 0.468518 0.729574 0.466138 0.728352 0.463193 0.722977 0.462266 0.720894
8 0.459281 0.712866 0.460773 0.706194 0.461500 0.701676 0.461539 0.696083 0.462750 0.693718 0.462630 0.703755 0.460289 0.714870
8 0.459281 0.712866 0.458430 0.711653 0.457583 0.710361 0.457664 0.708426 0.457503 0.706417 0.455607 0.708426 0.457018 0.712296 0.457826 0.713731 0.459195 0.716171 0.459680 0.719037 0.458633 0.721190 0.458268 0.722194 0.459237 0.722838 0.460367 0.720903 0.460648 0.718463 0.460687 0.716671 0.460289 0.714870
8 0.457664 0.708426 0.458229 0.707134 0.459034 0.706273 0.459560 0.706347 0.458430 0.711653 0.457583 0.710361
8 0.463961 0.704546 0.466849 0.698148 0.467872 0.697088 0.468034 0.698236 0.464404 0.707630
8 0.464404 0.707630 0.466497 0.702403 0.467182 0.704194 0.464440 0.711509 0.463029 0.713375 0.463271 0.710361
8 0.466742 0.726060 0.467547 0.711222 0.467747 0.707278 0.468034 0.698236 0.467872 0.697088 0.467628 0.690426 0.467505 0.686556 0.467586 0.683255 0.467828 0.682181 0.468070 0.681750 0.469281 0.681389 0.470167 0.681176 0.470128 0.683255 0.468997 0.683185 0.468836 0.684403 0.468958 0.693366 0.469078 0.695875 0.468432 0.709356 0.467891 0.728241
8 0.470128 0.683255 0.470544 0.689269 0.469430 0.692481 0.469490 0.695912 0.469852 0.700569 0.469896 0.703662 0.469823 0.711375 0.469609 0.715509 0.469172 0.722042 0.469188 0.727463 0.468518 0.729574 0.467891 0.728241 0.468432 0.709356 0.469078 0.695875 0.468958 0.693366 0.468836 0.684403 0.468997 0.683185
8 0.466849 0.698148 0.466406 0.694120 0.465833 0.690694 0.465234 0.688796 0.465000 0.687083 0.465234 0.685231 0.465521 0.684907 0.465964 0.684954 0.467682 0.692639 0.467872 0.697088
8 0.470052 0.690833 0.470729 0.690417 0.470729 0.692731 0.469505 0.695093 0.469430 0.692481
8 0.468070 0.681750 0.468099 0.679722 0.468984 0.677917 0.469740 0.677731 0.469922 0.681157 0.469281 0.681389
8 0.486453 0.700579 0.485458 0.695454 0.487628 0.699565 0.488854 0.703657
8 0.482266 0.699676 0.479747 0.699306 0.479604 0.701106 0.481216 0.701019 0.483094 0.701019
8 0.461331 0.724370 0.462266 0.720894 0.462307 0.718097 0.463029 0.713375 0.463271 0.710361 0.463336 0.707750 0.463961 0.704546 0.464143 0.702009 0.464560 0.698769 0.463258 0.697843 0.462630 0.703755 0.461070 0.717981 0.460648 0.718463 0.460367 0.720903 0.460185 0.723676
8 0.500120 0.709074 0.501398 0.698588 0.502070 0.697120 0.502721 0.698667 0.502143 0.700593 0.501638 0.707148
8 0.499427 0.698657 0.497060 0.701051 0.494617 0.703838 0.492089 0.706569 0.491094 0.707694 0.491544 0.708769 0.493112 0.707694 0.494799 0.706782 0.500133 0.699551
5 0.473516 0.212046 0.478177 0.210417 0.476521 0.207398 0.475714 0.205032 0.474411 0.201444 0.472789 0.197120 0.470167 0.191157 0.468211 0.188181 0.466570 0.186370 0.465305 0.187704 0.453305 0.186292 0.439086 0.184301 0.437982 0.185935 0.434940 0.194074 0.433490 0.201435 0.431786 0.214741 0.434669 0.226917 0.436745 0.237412 0.440823 0.230097 0.440578 0.229292 0.440648 0.228671 0.441125 0.228606 0.441091 0.227986 0.441615 0.227301 0.442380 0.227611 0.443112 0.227306 0.443776 0.227241 0.445169 0.226685 0.446005 0.226602 0.446693 0.223736 0.448750 0.219074 0.450039 0.217065 0.450766 0.216421 0.452742 0.216778 0.454518 0.217065 0.463190 0.212764 0.465409 0.215921 0.468797 0.214986
8 0.499557 0.289444 0.508854 0.281065 0.515419 0.272931 0.516044 0.273208 0.516172 0.272037 0.515732 0.271079 0.515107 0.270986 0.498154 0.288162
8 0.567786 0.641347 0.569000 0.636787 0.570680 0.629236 0.573201 0.620773 0.577260 0.607579 0.579432 0.601606 0.580654 0.599435 0.581977 0.595301 0.583125 0.591528 0.583932 0.589676 0.584448 0.586505 0.584448 0.584597 0.585336 0.584181 0.585729 0.587824 0.583516 0.596130 0.576609 0.615463 0.573576 0.625583 0.569935 0.640935 0.569047 0.642843
8 0.495607 0.696167 0.495909 0.695523 0.496781 0.695523 0.497083 0.697023 0.497060 0.701051 0.494617 0.703838 0.492089 0.706569 0.491094 0.707694 0.491966 0.705606 0.493411 0.704190 0.493393 0.704144 0.495219 0.702264
10 0.434062 0.342130 0.432844 0.342356 0.432349 0.342495 0.432141 0.343375 0.432010 0.344440 0.432115 0.345366 0.432427 0.345782 0.432896 0.345736 0.433672 0.345667 0.435057 0.345079 0.435901 0.344167 0.436464 0.343514 0.436003 0.342509
8 0.494799 0.706782 0.498115 0.711819 0.497372 0.712931 0.495883 0.711819 0.495292 0.710486 0.493112 0.707694
8 0.497221 0.713662 0.495630 0.714074 0.495594 0.716019 0.496859 0.715593
8 0.489023 0.728778 0.485552 0.726463 0.483740 0.724681 0.483456 0.725949 0.483633 0.727532 0.484750 0.728708 0.486039 0.730014 0.488979 0.729880 0.489036 0.729949
5 0.495341 0.727569 0.495630 0.714074 0.493307 0.717269 0.492615 0.718583 0.491747 0.722310 0.490229 0.726167 0.489578 0.727968 0.489023 0.728778 0.488979 0.729880
8 0.493307 0.717269 0.493172 0.712657 0.494151 0.712718 0.493940 0.716250
8 0.532362 0.699949 0.534391 0.692843 0.537523 0.695532 0.535094 0.700426 0.531258 0.710028 0.528602 0.716014
8 0.536357 0.698347 0.538083 0.697866 0.538083 0.700935 0.533872 0.714472 0.528904 0.728296 0.527016 0.729065 0.525826 0.725032 0.525609 0.723593 0.526799 0.721963 0.528602 0.716014 0.531258 0.710028 0.535094 0.700426
5 0.444594 0.619444 0.443435 0.615847 0.435086 0.609227 0.433734 0.608366 0.432953 0.608523 0.433315 0.613019 0.443508 0.622273 0.445388 0.621505
8 0.462375 0.552505 0.459016 0.548273 0.454396 0.541301 0.454534 0.540139 0.455562 0.539644 0.457906 0.543023 0.458880 0.544264 0.459440 0.544884 0.461315 0.548472 0.462857 0.550875
8 0.470500 0.555690 0.470651 0.546690 0.473062 0.547977 0.472099 0.551565
8 0.479602 0.541921 0.479901 0.535926 0.480807 0.533944 0.482646 0.533287 0.483122 0.540421 0.481435 0.543528 0.480487 0.542120
8 0.478367 0.493134 0.476328 0.489093 0.475846 0.490861 0.480849 0.499644 0.480740 0.498690
8 0.478172 0.501694 0.474617 0.495694 0.475070 0.494144 0.478294 0.498912 0.479107 0.498963 0.479680 0.500144 0.479620 0.501319
8 0.475070 0.494144 0.475846 0.490861 0.480849 0.499644 0.480740 0.498690 0.482214 0.500648 0.484555 0.503875 0.484253 0.504787 0.483169 0.504199 0.481964 0.503449 0.481029 0.504088 0.480005 0.503231 0.479620 0.501319 0.479680 0.500144 0.479107 0.498963 0.478294 0.498912
8 0.478273 0.501907 0.478586 0.507509 0.480266 0.506736 0.482388 0.505565 0.482284 0.503852 0.481964 0.503449 0.481029 0.504088 0.480005 0.503231 0.479620 0.501319
8 0.486385 0.511403 0.484758 0.508884 0.482388 0.505565 0.480266 0.506736 0.482086 0.509889 0.483240 0.511708 0.486060 0.513509 0.487312 0.516528 0.488151 0.517190 0.488479 0.518769 0.489625 0.518509 0.490057 0.516301 0.488221 0.515532 0.487573 0.513514
8 0.464466 0.552245 0.465526 0.545671 0.465964 0.549005 0.466667 0.556713
8 0.505391 0.426819 0.508214 0.421227 0.509102 0.419361 0.510070 0.419361 0.510674 0.420079 0.510917 0.421370 0.510956 0.423384 0.510917 0.425537 0.510633 0.428468 0.510352 0.432778 0.509625 0.437431 0.507362 0.432139
8 0.508724 0.444676 0.509146 0.447046 0.509635 0.445870 0.509982 0.445806 0.508490 0.440556
8 0.507760 0.443333 0.507422 0.445741 0.507422 0.447315 0.508542 0.448009 0.508724 0.444676 0.508490 0.440556
8 0.471641 0.189972 0.477005 0.184310 0.484818 0.176204 0.486242 0.177426 0.473253 0.191338
5 0.490286 0.217213 0.487901 0.216593 0.484690 0.217426 0.479807 0.218431 0.476299 0.219431 0.471984 0.221083 0.468797 0.222662 0.464964 0.222875 0.462221 0.224523 0.459883 0.225745 0.459195 0.227681 0.458310 0.227750 0.455339 0.229120 0.452708 0.230741 0.449919 0.234421 0.449435 0.235639 0.447096 0.227681 0.446005 0.226602 0.446693 0.223736 0.448750 0.219074 0.450039 0.217065 0.450766 0.216421 0.452742 0.216778 0.454518 0.217065 0.463190 0.212764 0.465409 0.215921 0.468797 0.214986 0.473516 0.212046 0.478841 0.213051 0.487904 0.214273 0.490247 0.214505
8 0.463440 0.280667 0.464464 0.279648 0.468953 0.286667 0.476393 0.298019 0.480732 0.305199 0.485698 0.314375 0.491628 0.324204 0.492445 0.327009 0.494451 0.329926 0.495526 0.330954 0.495362 0.332296 0.494521 0.332843 0.492594 0.329389 0.468646 0.288843
8 0.474245 0.300880 0.469870 0.298056 0.470156 0.295787 0.472547 0.297282
8 0.470422 0.293810 0.468333 0.290741 0.466784 0.288269 0.465534 0.285907 0.464492 0.284426 0.463385 0.281898 0.463440 0.280667 0.470469 0.291852
8 0.473021 0.236296 0.473125 0.233056 0.471016 0.224907 0.470990 0.223935 0.471536 0.223657 0.474294 0.234431 0.474292 0.237102
8 0.473125 0.233056 0.468151 0.225741 0.468984 0.224167 0.472344 0.229861
8 0.468797 0.222662 0.473385 0.221111 0.475260 0.220556 0.475443 0.222083 0.471536 0.223657 0.470990 0.223935 0.468984 0.224167 0.466094 0.224630 0.465781 0.223565
5 0.484466 0.259731 0.484513 0.258653 0.483391 0.258606 0.482938 0.257801 0.482797 0.256625 0.482378 0.255759 0.481576 0.254954 0.479172 0.253838 0.477917 0.252532 0.475477 0.251852 0.473349 0.252162 0.471187 0.251606 0.469898 0.250056 0.468503 0.249000 0.467737 0.248444 0.467247 0.247079 0.465750 0.246338 0.463831 0.245347 0.458148 0.243051 0.456336 0.243051 0.455883 0.242866 0.454174 0.242806 0.453477 0.242806 0.452919 0.243361 0.452552 0.244306 0.452786 0.245139 0.456953 0.246759 0.461216 0.246833 0.463622 0.249500 0.467247 0.252657 0.469620 0.254889 0.472164 0.256130 0.473768 0.255449 0.474849 0.255324 0.476346 0.255694 0.477917 0.256069 0.478927 0.257616 0.479904 0.259787 0.480776 0.261398 0.481924 0.261273 0.483320 0.260778
8 0.468776 0.265000 0.470990 0.265093 0.471927 0.265185 0.473073 0.265463 0.473411 0.265046 0.473542 0.263657 0.473307 0.263009 0.471979 0.262917 0.470677 0.263148 0.469531 0.263009 0.469089 0.263056 0.468906 0.263472
8 0.455734 0.253333 0.456146 0.252546 0.456859 0.253347 0.456589 0.255833
6 0.555365 0.503935 0.552940 0.491023 0.552604 0.479935 0.551065 0.477282 0.549070 0.468898 0.545167 0.450676 0.542586 0.440019 0.539065 0.427250 0.535719 0.413245 0.535104 0.409861 0.533289 0.400819 0.528656 0.377699 0.527326 0.372532 0.526680 0.369954 0.525672 0.368306 0.524906 0.365722 0.525107 0.364505 0.521107 0.346139 0.520380 0.342912 0.517417 0.329199 0.515771 0.320838 0.515568 0.319407 0.514279 0.317861 0.513406 0.317486 0.512570 0.317301 0.507734 0.320833 0.512370 0.338940 0.513172 0.342648 0.514352 0.349065 0.515677 0.355741 0.516615 0.357639 0.516589 0.358472 0.517604 0.363287 0.517422 0.364213 0.520182 0.375764 0.522018 0.381718 0.524880 0.396884 0.526214 0.402722 0.529023 0.416829 0.533958 0.439227 0.537607 0.454625 0.540768 0.469347 0.548451 0.503440 0.549583 0.508194 0.552154 0.506639
8 0.490466 0.327981 0.485760 0.319472 0.485586 0.318542 0.485000 0.318380 0.484576 0.316495 0.483495 0.316556 0.479414 0.309181 0.476208 0.304412 0.474081 0.300505 0.472547 0.297282 0.470422 0.293810 0.470495 0.292037 0.486492 0.319097 0.492594 0.329389 0.496081 0.335773 0.495279 0.336884 0.492081 0.330806
8 0.462633 0.275940 0.460609 0.269926 0.457404 0.260565 0.453081 0.249287 0.450292 0.241602 0.448026 0.234847 0.445938 0.228171 0.445310 0.227551 0.445169 0.226685 0.446005 0.226602 0.447096 0.227681 0.449435 0.235639 0.455734 0.253333 0.457964 0.259843 0.458977 0.262444 0.461555 0.269574 0.462357 0.271991 0.463542 0.275093 0.464464 0.279648 0.464031 0.280106
8 0.516771 0.310324 0.513451 0.303532 0.509674 0.298685 0.506398 0.295486 0.499583 0.289444 0.498154 0.288162 0.493229 0.283750 0.486206 0.279718 0.478180 0.279296 0.472292 0.279583 0.472057 0.281204 0.482578 0.281389 0.485234 0.282037 0.489109 0.284245 0.495521 0.289120 0.502013 0.294569 0.503510 0.296069 0.512062 0.305329 0.514966 0.311639
5 0.479922 0.287639 0.478359 0.291296 0.476393 0.298019 0.479505 0.303287 0.484557 0.283750 0.484375 0.281806 0.482604 0.281343 0.479375 0.281389 0.479401 0.282546 0.479240 0.285014 0.479396 0.285986 0.480281 0.285616 0.481427 0.286310 0.482521 0.287375 0.481896 0.288671
8 0.485964 0.286019 0.486068 0.288009 0.485781 0.288935 0.484974 0.288704 0.485104 0.285324 0.485495 0.283565 0.485781 0.284583
8 0.486245 0.284319 0.487781 0.284690 0.490938 0.290185 0.490391 0.290926 0.488073 0.286435 0.487708 0.285741 0.485964 0.286019 0.485781 0.284583
8 0.491349 0.288208 0.491380 0.289630 0.490802 0.289875 0.487781 0.284690 0.486245 0.284319 0.485495 0.283565 0.485260 0.282130 0.489109 0.284245
8 0.491036 0.293500 0.487266 0.290648 0.485547 0.291944 0.485339 0.291019 0.485208 0.289815 0.485771 0.288926 0.486161 0.288833 0.486682 0.288741 0.487516 0.288787 0.488141 0.289435 0.491276 0.292176
8 0.496953 0.298148 0.494531 0.295370 0.494401 0.294491 0.495339 0.294167 0.497880 0.297236
8 0.517500 0.317037 0.515771 0.320838 0.516406 0.324028 0.517690 0.321926 0.518229 0.320139
8 0.517474 0.322222 0.520099 0.327898 0.520622 0.330440 0.520555 0.331356 0.519531 0.330176 0.518563 0.327069 0.517297 0.324875 0.516667 0.323565
8 0.522630 0.331852 0.525833 0.339588 0.523966 0.340713 0.522578 0.336620
8 0.518932 0.312963 0.516508 0.314139 0.517500 0.317037 0.518229 0.320139 0.520099 0.327898 0.520622 0.330440 0.520414 0.333912 0.520380 0.342912 0.522422 0.341620 0.521615 0.325926 0.519383 0.318292 0.518932 0.313981
8 0.504818 0.232611 0.509430 0.232704 0.509505 0.233676 0.508802 0.234972 0.504974 0.235556
8 0.497786 0.186019 0.497354 0.188597 0.502214 0.196389 0.504141 0.192824
8 0.490234 0.175204 0.494591 0.172046 0.500359 0.166884 0.501609 0.165093 0.501047 0.163153 0.499557 0.163009 0.488307 0.174398 0.489549 0.175634
8 0.525365 0.311435 0.520065 0.292435 0.518654 0.294083 0.523453 0.309500 0.523620 0.311528
8 0.523021 0.311759 0.528500 0.310833 0.528620 0.313847 0.526432 0.314116 0.524870 0.315000 0.519297 0.318056 0.518854 0.313056 0.521802 0.311625
8 0.520380 0.342912 0.529617 0.337319 0.534143 0.334736 0.536148 0.333245 0.537159 0.332801 0.537604 0.333014 0.537685 0.336171 0.537523 0.336458 0.536602 0.336282 0.535521 0.336282 0.534797 0.337824 0.532516 0.338907 0.530862 0.340273 0.529237 0.341250 0.521107 0.346139
5 0.504896 0.191528 0.509089 0.195602 0.507156 0.198884 0.505909 0.201773 0.502721 0.207884 0.500471 0.212991 0.497578 0.214398 0.495891 0.215736 0.493536 0.216546 0.490286 0.217213 0.490247 0.214505 0.493854 0.213750 0.494557 0.211759 0.496786 0.206440 0.499284 0.201662 0.504115 0.192778
8 0.528698 0.298935 0.526583 0.286745 0.525503 0.280241 0.526932 0.277324 0.532010 0.307287
8 0.444922 0.488426 0.449833 0.479597 0.454297 0.472097 0.456318 0.468255 0.456633 0.466083 0.457521 0.466384 0.457104 0.468838 0.455617 0.471199 0.454201 0.474347 0.451651 0.478250 0.450292 0.481537 0.448615 0.484116 0.445802 0.488981
8 0.454609 0.479306 0.456924 0.479662 0.458521 0.482181 0.454818 0.482130
8 0.480547 0.441204 0.480667 0.437023 0.480185 0.436866 0.479401 0.437454 0.479036 0.438472 0.479010 0.441685 0.479130 0.443241 0.480034 0.442542
8 0.489245 0.435000 0.487008 0.433273 0.485544 0.432653 0.484534 0.432843 0.485091 0.436065 0.485440 0.436806 0.487846 0.438667 0.489089 0.439028
8 0.499982 0.445458 0.505633 0.450120 0.508797 0.451509 0.508727 0.454236 0.508240 0.458264 0.506026 0.457454 0.501276 0.455741 0.501130 0.453824 0.500294 0.448620
8 0.499247 0.442111 0.505247 0.445657 0.509013 0.448444 0.508937 0.449463 0.508797 0.451509 0.505633 0.450120 0.499982 0.445458 0.499703 0.443602 0.499458 0.442671
8 0.502266 0.466481 0.504622 0.464301 0.506758 0.460921 0.508112 0.461616 0.507096 0.463745 0.504714 0.466296 0.502474 0.467593
8 0.494117 0.479745 0.493727 0.477292 0.493102 0.468958 0.492711 0.466968 0.492607 0.459884 0.491641 0.454861 0.492805 0.455046 0.493833 0.456125 0.493154 0.459051 0.493518 0.461505 0.493831 0.465810 0.493896 0.468819 0.494706 0.478315
8 0.487471 0.475042 0.490250 0.473556 0.491815 0.473023 0.492117 0.474037 0.491878 0.475273 0.489104 0.476986
8 0.539695 0.331338 0.539271 0.327731 0.535656 0.317199 0.532010 0.307287 0.528698 0.298935 0.523047 0.285880 0.522128 0.288005 0.525201 0.295287 0.530409 0.308685 0.532865 0.314861 0.538427 0.328889 0.538490 0.330019 0.538609 0.330495 0.538760 0.330713 0.538971 0.330977
8 0.536148 0.333245 0.532786 0.314676 0.530409 0.308685 0.532508 0.322625 0.534143 0.334736
8 0.514758 0.192148 0.506539 0.206111 0.506573 0.204565 0.507026 0.203264 0.508315 0.200227 0.511732 0.194278 0.514828 0.190227
8 0.487120 0.525426 0.488849 0.531486 0.490018 0.526611 0.489302 0.523690 0.488969 0.521449
8 0.515742 0.219810 0.515951 0.218694 0.516927 0.218074 0.517242 0.218074 0.517521 0.218944 0.517589 0.220120 0.517896 0.222579 0.516458 0.225833
8 0.484495 0.364273 0.490625 0.361019 0.494846 0.358074 0.501057 0.354005 0.509237 0.349449 0.510747 0.348523 0.512023 0.347782 0.513802 0.346250 0.514352 0.349065 0.513255 0.350648 0.512026 0.351296 0.511557 0.351759 0.509010 0.353472 0.502583 0.357685 0.496154 0.360301 0.493151 0.362269 0.485477 0.366306
8 0.509661 0.340278 0.511185 0.342403 0.513172 0.342648 0.513854 0.346435 0.511719 0.345324 0.511146 0.345231 0.510521 0.343426
8 0.509010 0.353472 0.511120 0.354491 0.513385 0.355417 0.512026 0.351296 0.511557 0.351759
8 0.514062 0.354306 0.515599 0.355648 0.516615 0.357639 0.516589 0.358472 0.515417 0.358241
8 0.514062 0.354306 0.515417 0.358241 0.516641 0.361620 0.517604 0.363287 0.517422 0.364213 0.516562 0.363935 0.515417 0.361713 0.513880 0.356806 0.512052 0.351343 0.512995 0.350787
8 0.532763 0.385190 0.531034 0.379116 0.530292 0.376000 0.528977 0.372264 0.526768 0.367778 0.526042 0.365417 0.525107 0.364505 0.524906 0.365722 0.525672 0.368306 0.526680 0.369954 0.527326 0.372532 0.528656 0.377699 0.532852 0.391681 0.532885 0.388630
8 0.513557 0.369949 0.519120 0.371481 0.520182 0.375764 0.514227 0.373384
8 0.526042 0.365417 0.529432 0.367852 0.532497 0.369213 0.533667 0.370435 0.533586 0.372009 0.531771 0.371509 0.529401 0.370463 0.526768 0.367778
8 0.506789 0.386481 0.513536 0.391259 0.512102 0.393815 0.507602 0.390593
8 0.513458 0.383796 0.520279 0.392778 0.522135 0.396509 0.524312 0.399162 0.524424 0.402579 0.522214 0.401435 0.518383 0.395718 0.514310 0.389481 0.512372 0.386611
8 0.509896 0.383333 0.509872 0.386181 0.511888 0.385750 0.511461 0.383352
8 0.533958 0.439227 0.529023 0.416829 0.526214 0.402722 0.524880 0.396884 0.524312 0.399162 0.527135 0.416111 0.531070 0.434384
8 0.487544 0.322718 0.487060 0.324079 0.487182 0.326088 0.487182 0.326949 0.486255 0.327954 0.484318 0.329528 0.482099 0.330963 0.482018 0.333977 0.487159 0.330435 0.490466 0.327981
8 0.494289 0.323843 0.496669 0.321977 0.498307 0.321343 0.499870 0.321204 0.500234 0.321759 0.499529 0.322287 0.492445 0.327009 0.491628 0.324204 0.493885 0.322838
8 0.482630 0.314861 0.480529 0.323755 0.481648 0.323921 0.483565 0.318171 0.483495 0.316556
8 0.483565 0.318171 0.483495 0.316556 0.484576 0.316495 0.485000 0.318380
8 0.490867 0.529741 0.489615 0.539875 0.488930 0.541671 0.491586 0.543278 0.492378 0.537611
8 0.490018 0.526611 0.488849 0.531486 0.488404 0.536148 0.487073 0.541097 0.488930 0.541671 0.489615 0.539875 0.490867 0.529741
8 0.487034 0.518435 0.487276 0.520875 0.485130 0.524028 0.487120 0.525426 0.488969 0.521449 0.488479 0.518769
8 0.489625 0.518509 0.492773 0.521838 0.491279 0.514949 0.489401 0.513704 0.490057 0.516301
8 0.487219 0.510056 0.486008 0.507949 0.485089 0.507083 0.484711 0.507949 0.486385 0.511403 0.487573 0.513514 0.488221 0.515532 0.490057 0.516301 0.489401 0.513704
8 0.452701 0.384769 0.453724 0.383981 0.454849 0.384106 0.454148 0.386843 0.453820 0.387583 0.453594 0.385370
8 0.488479 0.518769 0.489302 0.523690 0.490867 0.529741 0.492378 0.537611 0.493891 0.541741 0.495078 0.540875 0.493891 0.535403 0.492891 0.531801 0.491862 0.530144 0.491516 0.526282 0.489625 0.518509
11 0.561529 0.504787 0.567013 0.498815 0.571380 0.499014 0.577091 0.504588 0.576195 0.482093 0.571044 0.457606 0.566578 0.428505 0.567349 0.422833 0.562513 0.387736 0.551417 0.301940 0.549961 0.302736 0.546826 0.322644 0.544810 0.341556 0.542794 0.359667 0.549109 0.413597
5 0.564740 0.586958 0.560474 0.575778 0.558161 0.570509 0.556281 0.565750 0.554982 0.556500 0.554474 0.553671 0.553102 0.549301 0.552018 0.546861 0.550859 0.545574 0.549341 0.543648 0.547753 0.542875 0.547245 0.544546 0.547680 0.547630 0.549703 0.550972 0.550417 0.552639 0.550859 0.553287 0.551583 0.554699 0.552018 0.556755 0.551510 0.559968 0.551148 0.561509 0.550643 0.563051 0.550932 0.565625 0.552956 0.566782 0.563602 0.596639 0.564167 0.595718 0.564260 0.592204 0.564779 0.591116
8 0.482266 0.515093 0.487312 0.516528 0.488151 0.517190 0.488479 0.518769 0.482318 0.517685
8 0.563828 0.570667 0.563682 0.562241 0.563023 0.555889 0.559307 0.547981 0.558281 0.544398 0.558547 0.552528 0.559878 0.556185 0.561651 0.559338 0.562500 0.563569 0.562849 0.567755
8 0.502193 0.497241 0.503008 0.495954 0.503307 0.496917 0.503156 0.499556
8 0.498888 0.493111 0.496568 0.489662 0.493776 0.486111 0.494609 0.483981 0.495326 0.485213 0.498385 0.489074 0.498888 0.490435
8 0.463872 0.568644 0.463958 0.555199 0.464466 0.552245 0.465526 0.545671 0.466276 0.542130 0.466383 0.540144 0.465583 0.537407 0.465096 0.530778 0.465096 0.528611 0.466070 0.525014 0.470990 0.509583 0.473930 0.498509 0.476591 0.487894 0.477385 0.485403 0.477010 0.484569 0.475612 0.483736 0.475049 0.483403 0.474255 0.486981 0.471224 0.497843 0.467760 0.511111 0.464297 0.523181 0.462865 0.527546 0.463266 0.537852 0.463872 0.540009 0.463776 0.542407 0.463359 0.548139 0.462146 0.554361 0.461563 0.565509 0.462161 0.571157
8 0.481615 0.485694 0.481966 0.493611 0.482214 0.500648 0.480740 0.498690 0.480802 0.486912
8 0.576536 0.585370 0.578828 0.585417 0.578703 0.586773 0.577466 0.586986 0.574721 0.588023 0.573833 0.587523 0.574156 0.586375 0.574721 0.586231 0.575245 0.585944 0.575807 0.585787
8 0.508352 0.399903 0.510302 0.396917 0.512102 0.393815 0.512984 0.392194 0.513922 0.393444 0.512307 0.396685 0.509411 0.401403
8 0.495177 0.380333 0.498414 0.379977 0.504352 0.380514 0.511583 0.380995 0.512094 0.382333 0.511461 0.383352 0.509896 0.383333 0.507727 0.383778 0.503115 0.383458 0.501036 0.383620 0.494964 0.382583 0.495417 0.381940
8 0.569789 0.606319 0.568917 0.603509 0.568591 0.597602 0.568646 0.594213 0.568318 0.588014 0.567229 0.581231 0.566422 0.569241 0.564914 0.552583 0.559891 0.540333 0.556823 0.531644 0.551865 0.517903 0.550104 0.512222 0.548828 0.508657 0.547927 0.506491 0.546247 0.507005 0.546031 0.509338 0.546909 0.511412 0.548221 0.515431 0.551284 0.523731 0.553909 0.533593 0.556388 0.538000 0.559307 0.547981 0.563023 0.555889 0.563682 0.562241 0.563828 0.570667 0.564336 0.576370 0.565143 0.580787 0.565797 0.584282 0.566596 0.592449 0.567180 0.600361 0.568203 0.608273
8 0.577266 0.581509 0.572081 0.569912 0.570576 0.564259 0.571831 0.565449 0.574841 0.571102 0.577266 0.578102
8 0.461172 0.539583 0.463266 0.537852 0.463273 0.537880 0.463872 0.540009 0.463776 0.542315 0.463359 0.548139 0.462438 0.544569
8 0.465549 0.564449 0.464010 0.557963 0.463958 0.555199 0.465117 0.557000 0.466857 0.562046
8 0.520326 0.377352 0.521232 0.388074 0.521477 0.390616 0.522135 0.396509 0.524312 0.399162 0.523547 0.389838 0.522018 0.381718 0.520682 0.377431
5 0.515633 0.452292 0.515690 0.449366 0.518294 0.447181 0.520461 0.445639 0.522557 0.447310 0.523281 0.449495 0.524872 0.451810 0.526102 0.451810 0.527112 0.454764 0.528268 0.458620 0.529138 0.461319 0.529714 0.465880 0.530313 0.468611 0.530104 0.474542 0.528052 0.475620 0.525339 0.475741 0.523125 0.471944 0.521536 0.469259 0.520703 0.468704 0.520286 0.470694 0.518281 0.463472 0.516927 0.460972 0.515836 0.459903 0.514823 0.458236 0.513776 0.453495
8 0.441000 0.499227 0.444047 0.506074 0.445563 0.509000 0.446328 0.505139 0.444234 0.501759 0.444451 0.494144
8 0.440885 0.496898 0.443651 0.492468 0.444451 0.494144 0.441000 0.499227 0.440443 0.498356
8 0.437005 0.500880 0.436753 0.498958 0.436102 0.498125 0.435477 0.498125 0.434852 0.498681 0.434383 0.499282 0.433862 0.500116 0.434174 0.502014 0.434461 0.503634 0.436615 0.501667
8 0.440036 0.508065 0.436615 0.501667 0.437935 0.498773 0.438354 0.498690 0.440594 0.502338 0.443062 0.507708
8 0.453339 0.523278 0.449589 0.517028 0.448828 0.515412 0.448315 0.514287 0.446471 0.508625 0.446927 0.507222 0.449036 0.511250 0.449878 0.513829 0.451844 0.517218 0.454828 0.521824 0.456875 0.524880 0.456594 0.525546 0.455266 0.525639
8 0.445563 0.509000 0.446609 0.503856 0.448247 0.498833 0.448492 0.498338 0.448875 0.498338 0.449224 0.498833 0.449398 0.499454 0.449049 0.500569 0.448596 0.501625 0.446471 0.508625 0.445948 0.510361
8 0.443594 0.229167 0.441659 0.232454 0.437682 0.241343 0.433117 0.251111 0.430651 0.256343 0.429323 0.254491 0.433292 0.245532 0.435315 0.240759 0.436745 0.237412 0.440823 0.230097 0.440578 0.229292 0.440648 0.228671 0.441125 0.228606 0.441440 0.229472
8 0.468211 0.188181 0.471641 0.189972 0.475677 0.193704 0.478378 0.196144 0.483135 0.200588 0.482133 0.201519 0.477195 0.197569 0.474943 0.195324 0.470167 0.191157
8 0.515495 0.228056 0.514242 0.223218 0.514034 0.220491 0.513964 0.218569 0.514383 0.216713 0.514974 0.217144 0.515742 0.219810 0.516458 0.225833
8 0.506810 0.244894 0.505755 0.240741 0.506393 0.239565 0.507109 0.240093 0.507917 0.243611 0.506984 0.245079
8 0.507299 0.245514 0.507961 0.245514 0.508664 0.244787 0.513016 0.236588 0.513747 0.234912 0.514714 0.233102 0.516893 0.227931 0.518323 0.225139 0.519747 0.220102 0.520581 0.218852 0.522010 0.215764 0.521383 0.214648 0.519990 0.217125 0.519221 0.218861 0.517896 0.222579 0.515495 0.228056 0.513331 0.233366 0.510958 0.238199 0.508833 0.242227 0.506984 0.245079
8 0.516302 0.242037 0.508664 0.244787 0.508701 0.245718 0.509745 0.245903 0.516406 0.244537
8 0.517130 0.256171 0.515734 0.234296 0.516292 0.233491 0.517102 0.234560 0.518635 0.256995
8 0.520789 0.256481 0.520198 0.253199 0.518323 0.225139 0.516893 0.227931 0.517102 0.234560 0.518635 0.256995 0.519820 0.257866
8 0.523594 0.261481 0.522422 0.260324 0.524115 0.259120 0.531068 0.256620 0.531510 0.256250 0.530911 0.254907 0.531719 0.253611 0.532708 0.255972 0.532734 0.258565 0.529687 0.259815 0.528620 0.260093
8 0.471411 0.481829 0.466323 0.472370 0.464365 0.468472 0.464365 0.466727 0.465203 0.466810 0.468096 0.472370 0.472344 0.480917 0.473138 0.482574 0.472484 0.482824
8 0.450078 0.489352 0.455060 0.494630 0.458820 0.500157 0.458531 0.504912 0.454339 0.499514 0.450724 0.494630 0.447542 0.491676 0.448482 0.488588
8 0.581409 0.574014 0.589529 0.577190 0.593049 0.578847 0.601581 0.582190 0.604854 0.583218 0.605539 0.583722 0.606023 0.584870 0.606063 0.586088 0.605982 0.587593 0.605258 0.588954 0.601990 0.589097 0.598156 0.587667 0.587266 0.583435 0.587427 0.582144 0.586581 0.581782 0.585531 0.581856 0.580857 0.580046 0.580286 0.579685 0.580206 0.578963 0.581060 0.577514 0.581198 0.575556
8 0.577318 0.585370 0.577247 0.571000 0.577214 0.555931 0.579068 0.548639 0.579516 0.553815 0.579315 0.563713 0.579474 0.574981 0.578828 0.585417
8 0.580807 0.583981 0.582385 0.582356 0.585531 0.581856 0.586581 0.581782 0.587427 0.582144 0.587266 0.583435 0.580813 0.586088
8 0.439688 0.549630 0.447346 0.550500 0.449919 0.554319 0.445917 0.553472 0.439268 0.553208
8 0.452396 0.551250 0.457768 0.551954 0.461177 0.552037 0.460477 0.555356 0.455016 0.555273
8 0.432130 0.576264 0.431953 0.580139 0.431034 0.581486 0.430388 0.583213 0.432547 0.604810 0.433195 0.605389 0.433734 0.608366 0.435086 0.609227 0.435247 0.597514 0.435031 0.583690 0.436812 0.576972 0.436487 0.575259
8 0.439948 0.547593 0.439268 0.553208 0.438695 0.558995 0.438393 0.559852 0.438393 0.562690 0.438544 0.564671 0.438935 0.566171 0.438695 0.567245 0.437549 0.567352 0.437039 0.567083 0.436094 0.566481 0.436435 0.564083 0.436977 0.563065 0.437128 0.561083 0.436133 0.561083 0.436375 0.558727 0.435320 0.558565 0.435562 0.553694 0.437039 0.552083 0.437339 0.547745
8 0.461563 0.565509 0.457987 0.559912 0.452396 0.551250 0.448307 0.545417 0.444352 0.546074 0.449919 0.554319 0.452661 0.558407 0.456010 0.562708 0.459349 0.568194 0.460849 0.569093 0.461979 0.569213
8 0.423930 0.401338 0.423240 0.400097 0.418927 0.397407 0.414510 0.394616 0.412003 0.392755 0.410729 0.391718 0.408862 0.390375 0.407297 0.389134 0.406477 0.390685 0.406594 0.392338 0.406807 0.393782 0.408870 0.394944 0.411187 0.396282 0.412831 0.397333 0.414458 0.398579 0.417135 0.400440 0.423414 0.405060
8 0.432924 0.416343 0.434474 0.419657 0.435187 0.421620 0.435479 0.422315 0.435935 0.422315 0.436388 0.421389 0.436323 0.420407 0.436096 0.419426 0.434539 0.415444 0.434227 0.413491 0.433573 0.413574
8 0.485130 0.524028 0.487120 0.525426 0.486245 0.534532 0.485432 0.539755 0.484245 0.542972 0.481435 0.543528 0.483122 0.540421 0.484307 0.537421 0.484687 0.530694 0.485057 0.526644
8 0.513773 0.461769 0.513961 0.463259 0.510464 0.466116 0.509497 0.466546 0.503690 0.469407 0.502753 0.471852 0.500893 0.474213 0.497859 0.479023 0.494609 0.483981 0.493776 0.486111 0.491146 0.495556 0.489193 0.505602 0.489401 0.513704 0.487219 0.510056 0.487591 0.500514 0.490346 0.488315 0.491578 0.484667 0.493211 0.481847 0.495339 0.476782 0.501336 0.468829 0.502474 0.467593 0.507846 0.464588 0.509760 0.462181 0.510927 0.461685
8 0.427591 0.413282 0.428198 0.412681 0.429471 0.412546 0.430333 0.412079 0.431260 0.412153 0.430456 0.415190 0.427656 0.414676
8 0.532734 0.258565 0.529687 0.259815 0.528620 0.260093 0.523594 0.261481 0.524687 0.262546 0.530234 0.262222 0.532578 0.261806 0.532839 0.260556
8 0.533229 0.264352 0.530990 0.263750 0.527734 0.263565 0.525885 0.263935 0.524661 0.262593 0.530234 0.262222 0.532943 0.262685
8 0.535443 0.271343 0.534531 0.269815 0.533958 0.267963 0.532943 0.262685 0.532839 0.260556 0.532734 0.258565 0.532708 0.255972 0.533646 0.255648 0.533932 0.260509 0.534922 0.267130 0.536328 0.270926 0.536146 0.271759
5 0.495182 0.453148 0.494177 0.448935 0.493690 0.445097 0.493667 0.442634 0.495063 0.443935 0.495758 0.442074 0.496560 0.442819 0.497049 0.443065 0.497286 0.444551 0.498620 0.445694 0.499005 0.448370 0.499247 0.452523 0.499737 0.455190
8 0.489771 0.451486 0.491172 0.449398 0.491552 0.452111
8 0.489948 0.432222 0.489245 0.435000 0.489089 0.439028 0.488898 0.449375 0.489771 0.451486 0.491172 0.449398 0.490664 0.445144
8 0.492656 0.430370 0.491771 0.433056 0.491875 0.437037 0.491406 0.436806 0.491047 0.432264 0.490581 0.430329 0.491635 0.430009
8 0.489578 0.422366 0.486917 0.425199 0.487122 0.426819 0.487643 0.426944 0.488445 0.426509 0.488656 0.425829 0.489484 0.423861
8 0.441542 0.432269 0.442229 0.421273 0.442292 0.418384 0.444714 0.414537 0.444635 0.415370 0.444841 0.416921 0.444604 0.421162 0.444167 0.427380 0.444104 0.430935
8 0.447852 0.446264 0.445417 0.441597 0.443917 0.437264 0.443104 0.434157 0.442229 0.434046 0.442167 0.435602 0.442167 0.437153 0.443167 0.440375 0.444479 0.441931 0.446542 0.446819 0.447354 0.447931
8 0.451122 0.444551 0.450763 0.446361 0.450078 0.447472 0.449016 0.448472 0.447354 0.447931 0.447852 0.446264 0.448078 0.444477 0.449948 0.442037 0.452057 0.440394 0.452578 0.442639 0.451339 0.442727 0.450961 0.443495
8 0.412708 0.288796 0.414844 0.288704 0.418687 0.288486 0.418687 0.290037 0.416943 0.290139 0.415430 0.290347 0.413917 0.289519
8 0.414844 0.288704 0.412755 0.283759 0.411406 0.280370 0.407094 0.270176 0.406104 0.267931 0.405562 0.266491 0.405021 0.265847 0.404120 0.266810 0.404570 0.268412 0.405383 0.269370 0.405815 0.271653 0.409654 0.282537 0.412708 0.288796
8 0.412708 0.288796 0.412406 0.290792 0.413742 0.292032 0.416594 0.299894 0.417352 0.294620 0.415430 0.290347 0.413917 0.289519
2 0.411406 0.280370 0.411768 0.278829 0.416547 0.279431 0.416008 0.284097 0.415336 0.285171 0.418687 0.288486 0.414844 0.288704 0.412755 0.283759
2 0.419672 0.290130 0.423708 0.293958 0.422229 0.300060 0.418794 0.294917
5 0.524740 0.262731 0.531586 0.269741 0.532500 0.270926 0.531794 0.271685 0.530206 0.271130 0.527083 0.271620 0.523583 0.266208 0.524922 0.263657
8 0.504323 0.293611 0.505211 0.292514 0.506086 0.292199 0.506120 0.293625 0.505156 0.294352
8 0.532221 0.275065 0.531302 0.274352 0.527656 0.281713 0.527969 0.283287
8 0.539219 0.309722 0.539604 0.285347 0.539576 0.283954 0.539547 0.283417 0.539393 0.282773 0.539031 0.282130 0.538943 0.282023 0.532214 0.274907 0.531406 0.276620 0.538281 0.283796 0.537604 0.311157
8 0.542448 0.303611 0.542508 0.300523 0.540370 0.299736 0.540331 0.296292 0.542404 0.296884 0.543052 0.298227 0.543646 0.299185 0.543807 0.299954 0.544036 0.303241
8 0.528419 0.352310 0.527008 0.347796 0.525112 0.345931 0.524427 0.344120 0.526953 0.342546 0.529708 0.350958
11 0.548125 0.302824 0.546346 0.303699 0.544078 0.303120 0.541810 0.303699 0.540893 0.303986 0.540568 0.305523 0.539219 0.309722 0.537328 0.311282 0.539271 0.327824 0.539695 0.331338 0.541844 0.351250 0.545547 0.320463
8 0.484063 0.300093 0.491036 0.293500 0.495625 0.289213 0.497604 0.290880 0.486536 0.300787 0.484367 0.301829
8 0.480547 0.304861 0.482083 0.298009 0.484036 0.289583 0.484323 0.288472 0.485104 0.285324 0.485495 0.283565 0.485286 0.282083 0.484375 0.281806 0.484557 0.283750 0.479531 0.303194
8 0.511094 0.314259 0.505706 0.306847 0.503365 0.305125 0.502599 0.304120 0.502557 0.302690 0.503003 0.302185 0.503768 0.303551 0.507318 0.306634 0.512109 0.313333
5 0.502013 0.294569 0.497880 0.297236 0.496870 0.298241 0.488440 0.303120 0.486510 0.300787 0.484367 0.301829 0.485698 0.314375 0.491628 0.324204 0.493849 0.322759 0.494289 0.323843 0.496669 0.321977 0.498307 0.321343 0.499870 0.321204 0.500234 0.321759 0.511016 0.314167 0.505706 0.306847 0.503365 0.305125 0.502599 0.304120 0.502557 0.302690 0.503003 0.302185 0.503768 0.303551 0.507318 0.306634 0.509323 0.308981 0.510786 0.306778 0.512062 0.305329
8 0.531794 0.271685 0.535687 0.274477 0.536667 0.275046 0.536135 0.277505 0.526977 0.271639 0.530206 0.271130
8 0.508177 0.232778 0.509115 0.231065 0.509870 0.229167 0.510234 0.227917 0.509870 0.226667 0.508984 0.226065 0.508594 0.227083 0.507760 0.228750 0.507161 0.232593
8 0.520779 0.259310 0.533086 0.249981 0.537523 0.246759 0.538333 0.249120 0.531953 0.253519 0.522344 0.260370
8 0.492445 0.327009 0.499529 0.322287 0.500156 0.325694 0.494451 0.329926
8 0.480326 0.465245 0.487130 0.465824 0.486979 0.468194 0.483297 0.468606 0.480867 0.467838
8 0.525570 0.528144 0.525823 0.530384 0.529542 0.533968 0.529794 0.531727
5 0.484513 0.258653 0.483391 0.258606 0.482938 0.257801 0.482797 0.256625 0.482378 0.255759 0.481576 0.254954 0.479172 0.253838 0.477917 0.252532 0.475477 0.251852 0.472130 0.250491 0.469862 0.248880 0.468120 0.247454 0.465750 0.246338 0.463831 0.245347 0.462422 0.244769 0.458148 0.243051 0.455849 0.241380 0.455464 0.239023 0.456440 0.237162 0.457521 0.233940 0.457836 0.229602 0.459857 0.229977 0.462576 0.230037 0.462612 0.229231 0.462404 0.228176 0.463273 0.227866 0.463693 0.229417 0.465924 0.229852 0.466794 0.229852 0.469167 0.229787 0.468888 0.231833 0.468190 0.233819 0.468120 0.235926 0.467911 0.237287 0.472198 0.237968 0.474292 0.237102 0.477464 0.240199 0.481010 0.243551 0.480544 0.245046 0.481711 0.246042 0.483206 0.246542 0.483578 0.246870 0.482784 0.248861 0.483719 0.249444 0.485727 0.250023 0.483206 0.253759 0.484372 0.254838 0.484885 0.255667 0.484138 0.256245 0.483997 0.257407
5 0.442422 0.256065 0.440148 0.239884 0.441229 0.240134 0.442206 0.239264 0.442833 0.238708 0.443635 0.238833 0.444508 0.246454 0.443542 0.250833
8 0.427083 0.385370 0.426862 0.370611 0.426549 0.355792 0.426549 0.346102 0.424687 0.344167 0.424531 0.361806 0.425023 0.394750
8 0.418281 0.297792 0.419852 0.302759 0.420724 0.306069 0.420609 0.308449 0.420026 0.308449 0.418339 0.303171 0.417682 0.300185
8 0.422466 0.277801 0.422956 0.276259 0.423227 0.275301 0.423135 0.274019 0.422323 0.272736 0.421422 0.272579 0.420703 0.273699 0.420432 0.275139 0.421310 0.276370 0.421208 0.277356 0.420443 0.276935 0.418398 0.286356 0.418687 0.288486 0.418687 0.290037 0.418008 0.290069 0.417352 0.294620 0.416594 0.299894 0.415706 0.302120 0.415357 0.304824 0.414747 0.307528 0.413922 0.309384 0.413357 0.315639 0.414747 0.316644 0.415258 0.315616 0.416771 0.305843 0.417026 0.303829 0.417552 0.303102 0.417510 0.301477 0.417682 0.300185 0.418281 0.297792 0.418794 0.294917 0.419672 0.290130 0.420615 0.286745 0.421745 0.281412
8 0.452948 0.261722 0.454510 0.262417 0.455216 0.262833 0.456073 0.262833 0.456128 0.264639 0.456073 0.265611 0.455737 0.266074 0.454956 0.265657 0.454409 0.265472 0.452766 0.264639 0.452849 0.263866
8 0.449740 0.274532 0.448979 0.274361 0.448224 0.273074 0.448104 0.272431 0.448284 0.271894 0.448669 0.271505 0.450229 0.271773
8 0.449161 0.288153 0.449732 0.288713 0.451208 0.291069 0.451781 0.292412 0.452232 0.293106 0.453437 0.293431 0.453680 0.293537 0.453763 0.294380 0.452984 0.294875 0.451479 0.294662 0.450245 0.292519 0.448797 0.290056
8 0.445576 0.291690 0.445443 0.292685 0.445521 0.294028 0.445945 0.295875 0.446693 0.295926 0.447198 0.293991
8 0.493917 0.527486 0.492891 0.531801 0.493891 0.535403 0.495216 0.533667
5 0.443781 0.357917 0.448203 0.353440 0.452813 0.347593 0.453698 0.346111 0.455651 0.343426 0.456953 0.341667 0.460573 0.338565 0.462552 0.336343 0.463177 0.335417 0.464089 0.334907 0.464557 0.335278 0.464740 0.335833 0.464451 0.336606 0.466083 0.336606 0.469164 0.334949 0.468844 0.333361 0.468062 0.330986 0.467094 0.331773 0.466081 0.330991 0.464703 0.329278 0.462359 0.325250 0.460273 0.320852 0.458190 0.327806 0.457753 0.330352 0.455378 0.333356 0.452003 0.338019 0.449273 0.341486 0.445539 0.346630 0.441805 0.349949 0.438305 0.352690 0.434805 0.354681 0.436286 0.356764 0.438586 0.360949 0.440607 0.358037
8 0.467573 0.376190 0.469378 0.375056 0.472120 0.374389 0.474969 0.373060 0.477815 0.371153 0.478982 0.373741 0.478721 0.374898 0.477852 0.375981 0.476461 0.376755 0.473047 0.378380 0.471927 0.379630 0.469062 0.381481 0.468464 0.380463 0.467286 0.378042
8 0.480888 0.377778 0.483206 0.376250 0.485677 0.374444 0.486953 0.375463 0.487216 0.376435 0.483909 0.378102
8 0.479977 0.372356 0.481227 0.370648 0.482841 0.370370 0.483802 0.371435 0.483596 0.372083 0.482320 0.373472 0.481279 0.374074 0.480107 0.374537
8 0.477852 0.375981 0.478721 0.374898 0.478982 0.373741 0.479977 0.372356 0.480107 0.374537 0.481279 0.374074 0.482320 0.373472 0.483596 0.372083 0.483792 0.371398 0.484599 0.372787 0.483036 0.374639 0.481214 0.375565 0.479182 0.376773 0.478219 0.377139 0.476979 0.377546 0.476953 0.376389
8 0.460911 0.444537 0.464648 0.447319 0.467771 0.449542 0.467458 0.451426 0.466146 0.451208 0.460651 0.446991
8 0.469031 0.329481 0.469818 0.329602 0.470260 0.330963 0.470544 0.332185 0.470383 0.333116 0.469979 0.333403 0.469372 0.333259 0.469091 0.331968 0.468526 0.330245
8 0.499167 0.481375 0.502190 0.482241 0.503919 0.482718 0.505591 0.483583 0.505529 0.485509 0.504729 0.485889 0.503109 0.485505 0.500354 0.485407 0.499328 0.485407 0.498680 0.483773 0.498680 0.482625
8 0.498951 0.477440 0.499167 0.481375 0.498680 0.482625 0.498680 0.483773 0.499328 0.485407 0.498385 0.489074 0.497859 0.479023
8 0.447984 0.432852 0.446552 0.432532 0.445151 0.431949 0.443984 0.433028 0.443104 0.434157 0.443612 0.435185 0.445151 0.434190 0.445992 0.435019 0.446924 0.436264 0.448245 0.436171
8 0.509505 0.233676 0.510581 0.234028 0.510958 0.238199 0.505208 0.239472 0.505000 0.235509 0.508802 0.234972
8 0.474294 0.234431 0.477542 0.231653 0.481167 0.226653 0.481542 0.223657 0.481479 0.220769 0.479917 0.220435 0.472669 0.228097
8 0.490289 0.244426 0.486776 0.229870 0.486115 0.229935 0.485799 0.230120 0.485417 0.230676 0.485312 0.231236 0.488380 0.244931 0.489727 0.245759
5 0.489914 0.230764 0.491339 0.240361 0.492961 0.241250 0.495523 0.242917 0.496586 0.243917 0.497161 0.239537 0.494974 0.236653 0.493773 0.238361 0.493474 0.235097 0.491536 0.231986
5 0.491974 0.229208 0.490661 0.226431 0.489789 0.223769 0.489102 0.223324 0.489727 0.226875
5 0.474943 0.195324 0.472789 0.197120 0.474411 0.201444 0.477195 0.197569
5 0.475677 0.193704 0.477865 0.188472 0.479187 0.188630 0.480268 0.189750 0.480539 0.191352 0.480901 0.192792 0.478378 0.196144
8 0.514870 0.193421 0.512185 0.199310 0.509956 0.204204 0.508281 0.206560 0.502156 0.220773 0.501432 0.219028 0.503609 0.212819 0.506539 0.206111 0.514758 0.192148
8 0.499529 0.322287 0.519922 0.308148 0.520961 0.307102 0.521346 0.306042 0.522630 0.306806 0.523453 0.309500 0.523620 0.311528 0.523021 0.311759 0.521802 0.311625 0.516508 0.314139 0.512570 0.317301 0.508003 0.320588 0.502922 0.323685 0.501180 0.324741 0.500156 0.325694
8 0.511424 0.194736 0.506104 0.188514 0.490375 0.175819 0.489909 0.176648 0.489583 0.178227 0.489674 0.179884 0.504984 0.191583 0.510312 0.196759
8 0.490156 0.176181 0.481055 0.167773 0.480844 0.167773 0.480393 0.168310 0.480122 0.169060 0.480000 0.170343 0.480333 0.171792 0.481326 0.173449 0.489674 0.179884 0.489583 0.178227 0.489909 0.176648
8 0.505909 0.201773 0.507026 0.203264 0.508151 0.200556 0.507156 0.198884
5 0.506497 0.188843 0.515318 0.171056 0.514839 0.173407 0.515232 0.177639 0.516406 0.181819 0.515406 0.183519 0.510404 0.193551
8 0.530599 0.268704 0.534031 0.268319 0.534531 0.269815 0.531797 0.269954
8 0.534531 0.269815 0.535443 0.271343 0.536146 0.271759 0.536536 0.271759 0.536589 0.272407 0.536615 0.273009 0.536563 0.273565 0.536432 0.273981 0.535687 0.274477 0.531667 0.269954
8 0.460609 0.469046 0.460180 0.467380 0.460227 0.465718 0.460979 0.465519 0.461727 0.465519 0.461953 0.468125 0.461591 0.470931 0.460216 0.472486 0.459667 0.472856 0.458826 0.471611 0.458313 0.470532 0.458451 0.468444 0.459542 0.469875 0.460227 0.470949 0.460750 0.470093
8 0.460609 0.469046 0.458576 0.466218 0.458701 0.464134 0.458138 0.463690 0.457701 0.463356 0.457521 0.462778 0.456680 0.462282 0.454305 0.458407 0.453417 0.457046 0.453206 0.455963 0.453089 0.455319 0.453008 0.454389 0.452565 0.453671 0.451836 0.454819 0.451635 0.455755 0.451917 0.457116 0.453651 0.460407 0.456633 0.466083 0.457521 0.466384 0.458451 0.468444 0.459542 0.469875 0.460227 0.470949 0.460750 0.470093
8 0.455182 0.451667 0.453417 0.457046 0.454305 0.458407 0.455070 0.455324 0.455917 0.452528
8 0.458854 0.426713 0.458250 0.428593 0.457120 0.430356 0.455326 0.432699 0.456451 0.434032 0.456701 0.436255 0.458576 0.433144 0.458818 0.432426 0.459464 0.431708 0.461354 0.428843
8 0.505060 0.268088 0.503552 0.268676 0.502648 0.269157 0.501534 0.270389 0.500810 0.270819 0.500177 0.270875 0.499727 0.270657 0.499003 0.270500 0.498383 0.270556 0.497797 0.269801 0.498190 0.268889 0.499576 0.268676 0.500599 0.268569 0.501383 0.268088 0.502258 0.267606 0.502734 0.266898 0.505104 0.266759
8 0.505104 0.266759 0.504878 0.278014 0.506099 0.276380 0.505990 0.266389
8 0.475307 0.282421 0.475599 0.281713 0.479375 0.281806 0.479401 0.282546 0.479323 0.283056 0.478490 0.283194 0.476953 0.283380 0.475990 0.283472 0.475802 0.283208
8 0.482521 0.287375 0.481427 0.286310 0.480281 0.285616 0.479396 0.285986 0.479240 0.285014 0.478615 0.284181 0.478146 0.283764 0.477755 0.283949 0.477677 0.284829 0.477911 0.285894 0.478484 0.286912 0.479318 0.286958 0.479922 0.287639 0.481896 0.288671
8 0.485781 0.288935 0.484974 0.288704 0.484323 0.288472 0.484036 0.289583 0.484635 0.290000 0.485208 0.289815
8 0.450648 0.390079 0.445128 0.394213 0.441128 0.397458 0.441086 0.399005 0.441346 0.399699 0.442042 0.399778 0.444909 0.397074 0.449255 0.393213 0.451721 0.390245
8 0.456362 0.392171 0.448513 0.396917 0.449216 0.400241 0.455875 0.397356
8 0.501693 0.418750 0.504122 0.418333 0.506414 0.415931 0.509375 0.413056 0.509948 0.416065 0.506451 0.418801 0.505326 0.420069 0.504234 0.421074 0.502966 0.420880 0.501792 0.421944
8 0.521836 0.418282 0.522776 0.416546 0.522927 0.416213 0.524167 0.416412 0.524805 0.416213 0.525029 0.416477 0.525255 0.417282 0.525180 0.417949 0.525068 0.418481 0.524880 0.418551 0.524315 0.418481 0.523714 0.418481 0.522852 0.419352
8 0.520911 0.414495 0.521237 0.413208 0.521724 0.412606 0.522138 0.412407 0.522776 0.412407 0.522852 0.412671 0.523115 0.413343 0.523227 0.414810 0.522927 0.416213 0.522776 0.416546 0.522326 0.416347 0.522214 0.415944 0.522174 0.414611 0.521836 0.414741 0.521911 0.416477 0.521836 0.418282 0.520651 0.416759
8 0.520651 0.416759 0.520911 0.414495 0.517654 0.410773 0.514802 0.406944 0.512875 0.406588 0.518594 0.414431
8 0.504974 0.395157 0.504193 0.390005 0.503115 0.383458 0.506143 0.383662 0.509271 0.398519 0.508352 0.399903
8 0.499635 0.414259 0.498396 0.400398 0.498396 0.397088 0.498802 0.397088 0.499094 0.397190 0.499326 0.398329 0.500198 0.405773 0.501302 0.411500
8 0.455906 0.428278 0.450055 0.421838 0.449763 0.421782 0.449245 0.421551 0.449031 0.423144 0.450422 0.425014 0.453052 0.428486 0.454906 0.428361
8 0.447109 0.428889 0.448802 0.428477 0.449971 0.428593 0.450427 0.428014 0.450849 0.428014 0.451076 0.428190 0.451594 0.428593 0.454906 0.428361 0.458250 0.428593 0.457120 0.430356 0.453398 0.430356 0.450586 0.430356 0.446526 0.430287 0.445286 0.430093 0.446076 0.429019
8 0.445990 0.524861 0.448039 0.528338 0.449505 0.530463 0.452813 0.536250 0.450964 0.536574 0.449531 0.533750 0.447344 0.530417 0.445885 0.528472
8 0.446745 0.516111 0.449120 0.519907 0.452677 0.526106 0.456719 0.533792 0.458638 0.537074 0.459961 0.540361 0.460346 0.543458 0.459440 0.544884 0.458880 0.544264 0.457906 0.543023 0.457870 0.540981 0.458638 0.540051 0.457766 0.539676 0.456510 0.539245 0.454453 0.536023 0.453826 0.534222 0.453060 0.532301 0.452396 0.531310 0.450862 0.530259 0.450620 0.529079 0.450271 0.527718 0.449818 0.528398 0.449539 0.528954 0.448039 0.528338 0.445990 0.524907
8 0.464466 0.552245 0.467862 0.559185 0.466706 0.561625 0.465117 0.557000 0.463958 0.555199
8 0.448802 0.599398 0.452286 0.598134 0.456099 0.596468 0.456411 0.600134 0.449844 0.603241
8 0.451526 0.617287 0.448263 0.607606 0.445922 0.595708 0.447680 0.594968 0.448802 0.599398 0.449844 0.603241 0.450857 0.606431 0.453620 0.619213 0.452370 0.619491
8 0.523422 0.540685 0.523419 0.538917 0.523964 0.538491 0.524474 0.538384 0.524987 0.538542 0.525258 0.539347 0.525258 0.540097 0.525107 0.542023
8 0.515836 0.535231 0.516826 0.534944 0.516977 0.532907 0.517820 0.532856 0.518242 0.533069 0.518331 0.534032 0.518302 0.535051 0.518242 0.535963 0.518120 0.536606
8 0.493917 0.527486 0.495216 0.533667 0.496630 0.538829 0.499534 0.535102 0.497677 0.528144 0.495620 0.522625 0.494802 0.524833
8 0.509427 0.458750 0.509807 0.454917 0.509982 0.453120 0.510297 0.450829 0.510435 0.449093 0.510435 0.446986 0.511315 0.447764 0.511664 0.450491 0.511628 0.452847 0.511557 0.455014 0.511490 0.456440 0.511276 0.459444
8 0.508240 0.458264 0.508727 0.454236 0.508797 0.451509 0.508937 0.449463 0.509146 0.447046 0.509635 0.445870 0.509982 0.445806 0.510260 0.446116 0.510435 0.446986 0.510435 0.449093 0.510297 0.450829 0.509982 0.453120 0.509807 0.454917 0.509427 0.458750
8 0.495182 0.453148 0.500333 0.455458 0.506026 0.457454 0.511276 0.459444 0.514474 0.460356 0.513773 0.461769 0.510927 0.461685 0.509760 0.462181 0.505047 0.460356 0.501174 0.459005 0.500005 0.458287 0.497719 0.457037 0.495232 0.455968
5 0.523935 0.513894 0.524695 0.521255 0.525255 0.524991 0.523622 0.525074 0.521943 0.525074 0.520542 0.523662 0.519656 0.521588 0.519656 0.519019 0.519469 0.517690 0.518490 0.520014 0.517836 0.520509 0.517333 0.517648 0.516109 0.512130 0.516247 0.510801 0.519049 0.507319 0.520659 0.507139 0.522086 0.508440 0.523062 0.510856
8 0.506617 0.481389 0.506224 0.488421 0.505701 0.493444 0.504969 0.494495 0.504831 0.492884 0.505039 0.490903 0.505529 0.485509 0.505875 0.481417
8 0.500005 0.458287 0.501336 0.468829 0.502474 0.467593 0.501578 0.462731 0.501174 0.459005
8 0.508880 0.470926 0.509497 0.466546 0.510464 0.466116 0.510365 0.471019
8 0.508464 0.480139 0.508750 0.474296 0.510060 0.474727 0.509839 0.481931
8 0.513846 0.486097 0.509839 0.481931 0.508464 0.480139 0.506586 0.478523 0.506617 0.481389 0.509018 0.484523 0.510690 0.486685 0.513911 0.489551 0.517651 0.492199 0.518802 0.490648 0.517414 0.488639 0.515799 0.488796
5 0.568203 0.608273 0.567839 0.609528 0.564495 0.600236 0.563602 0.596639 0.564167 0.595718 0.564260 0.592204 0.564779 0.591116 0.565143 0.580787 0.565797 0.584282 0.566596 0.592449 0.567180 0.600361
5 0.569789 0.606319 0.571758 0.603468 0.568646 0.594213 0.568591 0.597602 0.568917 0.603509
8 0.529714 0.465880 0.534815 0.467102 0.535826 0.467102 0.536104 0.469829 0.535651 0.470634 0.533456 0.469519 0.530313 0.468611
8 0.525339 0.475741 0.528052 0.475620 0.530526 0.488648 0.528646 0.483935
8 0.534352 0.498273 0.532346 0.484750 0.530104 0.474542 0.528052 0.475620 0.530526 0.488648
8 0.519310 0.473185 0.510365 0.471019 0.508880 0.470926 0.503690 0.469407 0.502753 0.471852 0.508750 0.474296 0.514435 0.475852 0.518435 0.477741 0.520000 0.474815
8 0.513846 0.486097 0.520000 0.474815 0.521727 0.480056 0.518625 0.484981 0.517414 0.488639 0.515799 0.488796
8 0.533828 0.572181 0.535396 0.570356 0.547437 0.595991 0.545818 0.594551 0.544521 0.595704 0.544305 0.596278 0.544036 0.595991 0.537500 0.581495
5 0.555198 0.611616 0.549026 0.598958 0.548810 0.601644 0.548594 0.606806 0.549297 0.610278 0.553237 0.612972 0.554318 0.612301
5 0.558036 0.617926 0.562471 0.626699 0.558789 0.631606 0.558872 0.629824 0.557953 0.628634 0.557620 0.625954 0.558539 0.622088 0.558289 0.620306
8 0.556391 0.594968 0.557292 0.597222 0.558750 0.601806 0.559609 0.605000 0.559557 0.606667 0.557497 0.609394 0.553667 0.597991 0.552865 0.593380 0.553648 0.592458 0.553849 0.595685 0.555260 0.595398
8 0.550221 0.593838 0.551609 0.598134 0.553302 0.604375 0.555198 0.611616 0.556732 0.611759 0.557497 0.609394 0.553667 0.597991 0.552865 0.593380 0.552133 0.594255
8 0.545646 0.564468 0.545320 0.566875 0.546906 0.575338 0.548073 0.581060 0.549193 0.586787 0.550034 0.591597 0.550221 0.593838 0.552133 0.594255 0.553648 0.592458 0.551750 0.586000 0.548242 0.573523
8 0.553909 0.533593 0.553323 0.534412 0.553185 0.536889 0.552312 0.539986 0.551755 0.542528 0.551859 0.544204 0.552104 0.544264 0.553323 0.541722 0.554370 0.538255 0.556388 0.538000
8 0.547604 0.553102 0.550417 0.552639 0.550859 0.553287 0.550521 0.554167 0.549609 0.554583 0.548203 0.554907 0.544148 0.553718 0.542526 0.553333 0.541589 0.553519 0.540625 0.553472 0.539687 0.553102 0.539844 0.552315 0.538594 0.551898 0.538932 0.551065 0.540260 0.551296 0.541846 0.550806 0.542854 0.550449 0.543203 0.551759 0.544010 0.552037 0.546120 0.552685
8 0.542526 0.553333 0.544148 0.553718 0.546857 0.563255 0.550849 0.576403 0.553380 0.585079 0.555383 0.591597 0.556430 0.593819 0.556391 0.594968 0.555260 0.595398 0.553849 0.595685 0.553648 0.592458 0.551750 0.586000 0.548242 0.573523 0.543885 0.558037
8 0.536068 0.523889 0.537292 0.522778 0.538255 0.524907 0.539766 0.528287 0.540859 0.531111 0.541667 0.534630 0.542839 0.537917 0.543594 0.543194 0.544271 0.545648 0.544193 0.547593 0.545443 0.549352 0.546276 0.550046 0.547292 0.552407 0.547604 0.553102 0.546120 0.552685 0.544010 0.552037 0.543203 0.551759 0.542854 0.550449 0.542211 0.547935 0.540234 0.540407 0.536563 0.525995
8 0.537292 0.522778 0.538255 0.524907 0.539766 0.528287 0.540859 0.531111 0.541667 0.534630 0.542839 0.537917 0.544271 0.541343 0.545339 0.543750 0.546328 0.540694 0.545755 0.538889 0.542617 0.531032 0.538549 0.521926
8 0.535917 0.523199 0.536068 0.523889 0.537292 0.522778 0.538549 0.521926 0.539349 0.518704 0.537995 0.519917 0.536448 0.521005 0.535232 0.521403
8 0.536448 0.521005 0.534971 0.517861 0.534346 0.516704 0.534711 0.518602 0.534568 0.521500 0.535232 0.521403
8 0.534219 0.523546 0.534870 0.527787 0.536240 0.531227 0.539831 0.544495 0.541846 0.550806 0.542854 0.550449 0.542211 0.547935 0.540234 0.540407 0.536563 0.525995 0.535917 0.523199 0.535232 0.521403 0.534568 0.521500
8 0.532187 0.515926 0.529060 0.514329 0.527107 0.512097 0.524737 0.509125 0.522820 0.506644 0.521250 0.502616 0.518323 0.497472 0.517484 0.496171 0.516753 0.496292 0.516195 0.498153 0.516753 0.500509 0.518078 0.502616 0.519367 0.504042 0.520659 0.507139 0.522086 0.508440 0.523062 0.510856 0.523935 0.513894 0.527875 0.517306 0.531430 0.520343 0.532404 0.521685 0.532927 0.520694 0.533068 0.519889
8 0.532031 0.510139 0.533565 0.514991 0.534346 0.516704 0.534711 0.518602 0.534568 0.521500 0.534219 0.523546 0.533557 0.525403 0.532615 0.526398 0.532404 0.526208 0.532266 0.523481 0.532404 0.521685 0.532927 0.520694 0.533068 0.519889 0.532187 0.515926 0.531081 0.511769 0.530208 0.506806
8 0.485052 0.272639 0.490521 0.269352 0.490755 0.269352 0.491172 0.269398 0.491484 0.269861 0.491615 0.270231 0.491615 0.270880 0.491667 0.271495 0.491536 0.271991 0.491380 0.272500 0.491094 0.272917 0.487370 0.274491 0.485911 0.273796 0.485286 0.273796 0.484948 0.273426
8 0.541802 0.517194 0.539349 0.510926 0.528646 0.483935 0.525339 0.475741 0.523125 0.471944 0.521536 0.469259 0.520703 0.468704 0.520286 0.470694 0.529401 0.495278 0.536380 0.512269 0.539349 0.518704
8 0.537995 0.519917 0.539349 0.518704 0.536380 0.512269 0.529401 0.495278 0.520286 0.470694 0.518281 0.463472 0.516927 0.460972 0.515911 0.462407 0.517630 0.468519 0.520000 0.474815 0.523281 0.484861 0.525937 0.491019 0.528260 0.497218 0.531302 0.503296 0.535208 0.512370
8 0.537995 0.519917 0.535208 0.512370 0.531302 0.503296 0.528260 0.497218 0.524776 0.492940 0.518625 0.484981 0.517414 0.488639 0.520802 0.493444 0.524555 0.497963 0.526893 0.500759 0.530208 0.506806 0.531927 0.510000 0.533620 0.513694 0.534346 0.516704 0.534971 0.517861 0.536448 0.521005
8 0.542292 0.520139 0.544992 0.528287 0.545880 0.530657 0.547818 0.529005 0.544911 0.517676
8 0.568318 0.588014 0.572245 0.598093 0.573464 0.602454 0.572516 0.602894 0.571758 0.603468 0.568646 0.594213
8 0.563828 0.570667 0.562849 0.567755 0.561068 0.566315 0.559068 0.564782 0.558096 0.564972 0.557990 0.566028 0.560419 0.568333 0.562362 0.569870 0.564336 0.576370
8 0.501180 0.324741 0.502922 0.323685 0.506130 0.328519 0.508885 0.333477 0.512370 0.338940 0.513172 0.342648 0.511185 0.342403 0.509661 0.340278 0.507768 0.335338 0.504875 0.331190
8 0.503003 0.341685 0.508854 0.341852 0.507000 0.344278 0.505943 0.345713 0.503573 0.345250
8 0.506271 0.348537 0.509609 0.344722 0.510026 0.346157 0.507458 0.348968
8 0.504323 0.347870 0.505516 0.346407 0.507000 0.344278 0.508854 0.341852 0.509609 0.344722 0.506271 0.348537
8 0.493776 0.385417 0.494023 0.385958 0.494766 0.386898 0.494349 0.393102 0.493698 0.404954 0.493385 0.408981 0.492682 0.418935 0.492422 0.422500 0.492057 0.428333 0.491635 0.430009 0.491273 0.428028 0.491635 0.425347 0.491846 0.417204 0.492930 0.396796 0.493232 0.389565
8 0.493151 0.383921 0.492448 0.385278 0.492201 0.397731 0.492201 0.400028 0.491555 0.401819 0.491695 0.406065 0.490490 0.426042 0.490581 0.430329 0.491635 0.430009 0.491273 0.428028 0.491635 0.425347 0.491846 0.417204 0.492930 0.396796 0.493232 0.389565 0.493776 0.385417
8 0.488758 0.382954 0.486589 0.387130 0.484115 0.392407 0.483333 0.393704 0.483411 0.398241 0.483438 0.403380 0.483438 0.407037 0.484948 0.408056 0.484896 0.401667 0.484974 0.394630 0.486510 0.391898 0.489792 0.385787 0.490286 0.382870
8 0.473729 0.379713 0.476622 0.378102 0.479586 0.377792 0.483909 0.378102 0.485966 0.378847 0.488969 0.379042 0.491531 0.379472 0.494242 0.379421 0.495177 0.380333 0.495417 0.381940 0.494964 0.382583 0.493859 0.383824 0.493151 0.383921 0.492674 0.382847 0.488758 0.382954 0.486648 0.382366 0.484328 0.382097 0.481919 0.381986 0.479357 0.381398 0.478875 0.379634 0.476130 0.380171
8 0.512023 0.347782 0.510521 0.343426 0.509661 0.340278 0.509115 0.340185 0.508698 0.341065 0.508854 0.341852 0.509531 0.344491 0.510747 0.348523
8 0.548828 0.508657 0.552154 0.506639 0.555365 0.503935 0.556732 0.503926 0.558365 0.505569 0.559344 0.506981 0.560029 0.510972 0.557294 0.512537 0.557440 0.510606 0.556185 0.507606 0.554932 0.507991 0.550104 0.512222
8 0.530990 0.333148 0.534143 0.334736 0.531615 0.336097
8 0.489747 0.279148 0.492091 0.281139 0.492534 0.281139 0.492924 0.281231 0.493029 0.281880 0.492612 0.282667 0.491961 0.283037 0.488862 0.280676 0.488914 0.279935 0.489253 0.279426
5 0.443906 0.286065 0.443411 0.283750 0.442370 0.282963 0.442083 0.285000 0.440154 0.287278 0.435531 0.306523 0.437250 0.308259 0.444818 0.301111 0.445521 0.294028 0.445443 0.292685 0.445302 0.291884 0.444000 0.291796 0.443505 0.291009 0.442620 0.290546 0.442047 0.289894 0.441891 0.288926 0.442333 0.288556 0.443193 0.288736 0.443609 0.288644 0.443818 0.288042
8 0.455573 0.292824 0.454594 0.291403 0.452865 0.287343 0.452896 0.286593 0.453469 0.286111 0.454190 0.285736 0.455185 0.285685 0.455818 0.285736 0.456359 0.286167 0.458034 0.290722
8 0.458099 0.260231 0.460305 0.260171 0.460409 0.260310 0.460617 0.260681 0.460721 0.261051 0.460643 0.261606 0.460435 0.262069 0.458854 0.262130
5 0.444687 0.275278 0.447682 0.277500 0.449401 0.276574 0.449740 0.274532 0.448979 0.274361 0.448224 0.273074 0.448104 0.272431 0.448284 0.271894 0.448669 0.271505 0.445984 0.270014 0.443823 0.269273 0.442984 0.268468
8 0.577448 0.600648 0.577466 0.586986 0.578703 0.586773 0.578943 0.588949 0.578859 0.593787 0.578823 0.600523
7 0.585096 0.534125 0.587990 0.521917 0.593844 0.520500 0.597099 0.544532 0.601003 0.576792 0.601581 0.582190 0.593049 0.578847 0.589529 0.577190 0.589854 0.576134 0.589964 0.571713 0.589471 0.568273 0.588068 0.566444 0.586615 0.568644 0.585482 0.569903 0.583911 0.570083 0.584021 0.554634 0.583805 0.542245 0.584779 0.540227 0.584888 0.536579
8 0.477161 0.266713 0.476510 0.270463 0.476760 0.271009 0.477648 0.270634 0.478013 0.269199 0.478039 0.267810 0.477872 0.266116
8 0.451401 0.259495 0.450534 0.263736 0.450677 0.269444 0.450245 0.271833 0.449740 0.274532 0.446992 0.288926 0.448229 0.291157 0.448776 0.289954 0.451836 0.276458 0.452487 0.267079 0.452849 0.263866 0.452992 0.260269
8 0.445802 0.417343 0.448724 0.421148 0.449245 0.421551 0.449763 0.421782 0.450055 0.421838 0.448138 0.418116
8 0.456745 0.254352 0.456859 0.253347 0.468490 0.257824 0.467760 0.259769
2 0.444508 0.246454 0.447167 0.246194 0.448250 0.250565 0.446146 0.261019 0.442341 0.264819 0.441365 0.265625 0.440563 0.264819
8 0.449792 0.260741 0.451073 0.261028 0.450599 0.263194 0.448307 0.263056
8 0.452104 0.273028 0.453510 0.274176 0.458154 0.274657 0.459609 0.274676 0.459870 0.275833 0.459922 0.276759 0.458125 0.276759 0.457109 0.276667 0.453333 0.276250 0.451849 0.275926
8 0.446992 0.288926 0.444930 0.285426 0.444646 0.285787 0.444227 0.287755 0.444065 0.289097 0.444443 0.290153 0.445576 0.291690 0.447198 0.293991 0.448000 0.295968 0.449596 0.298083 0.450977 0.296231
8 0.469505 0.279537 0.464464 0.279648 0.465938 0.281944 0.469271 0.281435
8 0.483411 0.270787 0.477872 0.266116 0.477992 0.265185 0.483641 0.269199 0.485052 0.270060 0.487292 0.271250 0.485052 0.272639 0.484505 0.271852
8 0.477372 0.279370 0.478151 0.277917 0.483411 0.270787 0.484505 0.271852 0.478385 0.279352
8 0.474062 0.285231 0.474766 0.285926 0.476120 0.286435 0.477911 0.285894 0.478464 0.287176 0.478021 0.287778 0.476927 0.288380 0.475573 0.288241 0.474036 0.287315 0.473385 0.286065
8 0.470911 0.288843 0.472286 0.287421 0.472859 0.286681 0.474062 0.285231 0.475802 0.283208 0.475307 0.282421 0.474609 0.282176 0.471224 0.286759
8 0.472286 0.287421 0.473411 0.293333 0.474661 0.295417 0.474844 0.292500 0.474271 0.289306 0.472859 0.286681
8 0.460409 0.260310 0.464870 0.260000 0.465365 0.260185 0.465521 0.260417 0.465703 0.260972 0.465781 0.261667 0.465807 0.262222 0.465443 0.262500 0.464609 0.262639 0.460643 0.261606 0.460721 0.261051 0.460617 0.260681
8 0.477211 0.271977 0.480831 0.270958 0.481169 0.271144 0.481638 0.271745 0.481742 0.272116 0.481664 0.272532 0.481378 0.273088 0.480674 0.273505 0.476667 0.273611 0.477271 0.272454
8 0.466427 0.263125 0.460612 0.265106 0.460552 0.265750 0.460552 0.266824 0.460974 0.268000 0.461365 0.268000 0.461727 0.268000 0.466638 0.264412
8 0.451380 0.278287 0.454245 0.280380 0.453594 0.281815 0.452682 0.281815 0.452422 0.281120 0.450990 0.280185
8 0.462630 0.279815 0.462648 0.281759 0.463385 0.281898 0.463440 0.280667 0.463021 0.279722
8 0.496250 0.193199 0.496773 0.194995 0.496690 0.196069 0.491326 0.199009 0.485440 0.202023 0.483781 0.203028 0.476521 0.207398 0.475714 0.205032 0.482133 0.201519 0.483135 0.200588
5 0.468062 0.330986 0.469031 0.329481 0.476094 0.318810 0.477482 0.317912 0.475547 0.318472 0.474714 0.319273 0.473190 0.321361 0.472135 0.320833 0.472852 0.319699 0.475794 0.316176 0.475937 0.314954 0.472177 0.309509 0.469023 0.304694 0.468010 0.309880 0.467122 0.310389 0.466240 0.310435 0.466029 0.308861 0.466240 0.307431 0.467099 0.301546 0.466263 0.300065 0.464703 0.299648 0.461266 0.302611 0.455482 0.307523 0.454805 0.308769 0.455117 0.310389 0.456083 0.313861 0.458193 0.317704 0.460273 0.320852 0.462359 0.325250 0.464703 0.329278 0.466081 0.330991 0.467094 0.331773
8 0.446992 0.288926 0.447708 0.285000 0.446432 0.284769 0.446120 0.287269
8 0.427487 0.306088 0.425057 0.314796 0.425281 0.315741 0.425922 0.315495 0.428646 0.308194 0.428135 0.305222
5 0.425781 0.303611 0.427487 0.306088 0.428135 0.305222 0.428583 0.302764 0.426763 0.300940
8 0.448495 0.302574 0.444089 0.318148 0.445026 0.319398 0.445768 0.318037 0.446271 0.315981 0.447719 0.310968 0.449091 0.304796 0.449948 0.302005
8 0.433724 0.317963 0.433482 0.319954 0.434581 0.322005 0.437135 0.323611 0.438802 0.320833 0.437917 0.320000
8 0.475794 0.316176 0.476312 0.316477 0.476393 0.315616 0.476190 0.314829 0.476109 0.313537 0.476271 0.312676 0.476917 0.312819 0.477240 0.313611 0.477844 0.316333 0.477482 0.317912 0.475547 0.318472 0.474727 0.319282 0.473190 0.321361 0.472135 0.320833 0.472852 0.319699
8 0.475990 0.319028 0.473672 0.323565 0.473958 0.324181 0.474349 0.324551 0.474896 0.324505 0.475260 0.324042 0.477482 0.317912
8 0.380339 0.211824 0.382052 0.211347 0.389872 0.226968 0.395010 0.239463 0.403940 0.268250 0.405021 0.269852 0.405383 0.269370 0.405815 0.271653 0.402518 0.270694 0.401305 0.267227 0.396729 0.251190 0.393794 0.244083 0.384656 0.220523
8 0.441365 0.265625 0.440563 0.264819 0.438180 0.263847 0.435286 0.261708 0.430651 0.256343 0.429323 0.254491 0.428622 0.251940 0.401849 0.217176 0.400596 0.215639 0.395380 0.209824 0.381911 0.197130 0.370409 0.186282 0.360911 0.178611 0.356224 0.177685 0.350591 0.179176 0.349294 0.179944 0.348539 0.181671 0.348430 0.184361 0.350266 0.183495 0.351940 0.182537 0.355612 0.180810 0.359555 0.180426 0.364792 0.184745 0.373432 0.192134 0.394635 0.212176 0.428721 0.256074 0.435661 0.265366 0.439589 0.267278 0.441120 0.267222 0.441310 0.266343
8 0.442674 0.277403 0.441177 0.271102 0.439589 0.267278 0.441068 0.267269 0.444875 0.279880 0.445362 0.283625 0.445292 0.284713 0.444930 0.285426 0.444646 0.285787 0.444083 0.285713 0.444003 0.284282 0.444365 0.283634 0.444365 0.282773 0.443719 0.281199
5 0.477953 0.313273 0.477844 0.316333 0.477240 0.313611 0.476917 0.312819 0.476271 0.312676 0.476109 0.313537 0.475937 0.315000 0.472177 0.309509 0.472146 0.307431 0.474792 0.302153 0.476208 0.304412 0.479414 0.309181 0.479034 0.311417 0.478370 0.311662
5 0.426641 0.359769 0.432031 0.356111 0.435273 0.361056 0.431380 0.365278 0.430242 0.363792 0.429661 0.364102 0.429456 0.365602 0.428943 0.370569 0.426862 0.370611
5 0.433490 0.201435 0.431245 0.200005 0.431156 0.197278 0.430164 0.196958 0.430070 0.198306 0.423141 0.189843 0.412318 0.196991 0.404008 0.209769 0.405021 0.210574 0.405742 0.212819 0.406643 0.211375 0.407724 0.212338 0.409529 0.211537 0.409888 0.215222 0.409346 0.218907 0.415836 0.215704 0.420432 0.212981 0.420971 0.212819 0.421513 0.208495 0.422234 0.207694 0.423135 0.207852 0.423857 0.208653 0.424938 0.210255 0.426018 0.212176 0.428091 0.210574 0.429893 0.208333 0.430794 0.207852 0.431786 0.214741
5 0.421016 0.187315 0.420260 0.185856 0.418802 0.185417 0.417016 0.182810 0.415305 0.183292 0.413862 0.182009 0.412151 0.180889 0.411339 0.182491 0.411701 0.183454 0.409896 0.184412 0.409266 0.185856 0.407193 0.185537 0.404940 0.185537 0.403500 0.186176 0.402328 0.188097 0.397010 0.204153 0.395380 0.209824 0.400573 0.215606 0.401904 0.209296 0.404362 0.203514 0.409495 0.195676
8 0.400596 0.215639 0.401849 0.217176 0.404031 0.209773 0.412370 0.196991 0.424820 0.188736 0.439086 0.184301 0.453305 0.186292 0.465305 0.187704 0.466573 0.186384 0.451094 0.181759 0.434557 0.181343 0.421849 0.186620 0.409495 0.195676 0.404362 0.203514 0.401904 0.209296
5 0.434805 0.354681 0.438305 0.352690 0.441805 0.349949 0.445539 0.346630 0.449273 0.341486 0.452003 0.338019 0.455378 0.333356 0.457753 0.330352 0.458190 0.327806 0.460273 0.320852 0.458193 0.317704 0.456083 0.313861 0.455117 0.310389 0.454805 0.308769 0.455482 0.307523 0.461266 0.302611 0.461383 0.300815 0.462682 0.299403 0.462971 0.298116 0.462612 0.296449 0.461888 0.296833 0.461383 0.298375 0.460586 0.299787 0.460227 0.298241 0.460805 0.297222 0.461599 0.296319 0.462323 0.294134 0.462169 0.292250 0.459062 0.293829 0.458823 0.295190 0.456039 0.296981 0.452044 0.299921 0.449948 0.302005 0.449091 0.304796 0.447719 0.310968 0.446271 0.315981 0.445768 0.318037 0.445065 0.319417 0.446172 0.320870 0.448841 0.324296 0.448680 0.325227 0.447591 0.326444 0.444714 0.323176 0.443956 0.324426 0.443789 0.324185 0.443391 0.324787 0.442453 0.325806 0.442323 0.326176 0.442245 0.327056 0.442349 0.327935 0.442714 0.328167 0.443156 0.328583 0.443599 0.329046 0.443312 0.329741 0.442974 0.330574 0.441620 0.334255 0.440609 0.335370 0.439852 0.338727 0.438792 0.338611 0.437740 0.339667 0.437318 0.340792 0.437107 0.341810 0.436836 0.343148 0.435901 0.344167 0.435057 0.345079 0.433672 0.345667 0.434190 0.346065 0.434250 0.347829 0.432112 0.350509
5 0.397948 0.342509 0.402005 0.379630 0.403674 0.379954 0.405776 0.379870 0.407594 0.379037 0.408247 0.378125 0.410396 0.378292 0.418096 0.375185 0.422560 0.373634 0.424687 0.372454 0.424583 0.368005 0.424531 0.361806 0.421279 0.363389 0.419906 0.364032 0.415714 0.366856 0.414844 0.366472 0.414049 0.367116 0.412531 0.365444 0.410292 0.364931 0.409568 0.362616 0.404255 0.352759 0.402633 0.350037
10 0.531927 0.695454 0.529469 0.685940 0.527156 0.680671 0.524771 0.677329 0.522313 0.676046 0.521156 0.677329 0.520578 0.679903 0.519711 0.680801 0.518193 0.680671 0.517180 0.678102 0.517542 0.675403 0.517542 0.674375 0.514643 0.673838 0.510544 0.674727 0.508203 0.676069 0.505443 0.679190 0.502599 0.679634 0.501094 0.679634 0.499589 0.683204 0.499427 0.698657 0.500552 0.700079 0.502070 0.697120 0.502721 0.698667 0.502143 0.700593 0.501638 0.707148 0.500120 0.709074 0.497372 0.712931 0.496578 0.717426 0.497951 0.721671 0.499326 0.726167 0.518844 0.719356 0.528602 0.716014 0.532362 0.699949
10 0.428568 0.307722 0.429531 0.307870 0.430372 0.306315 0.429497 0.303111 0.429263 0.302199 0.428583 0.302764 0.428135 0.305222
2 0.423802 0.285093 0.422180 0.285356 0.420615 0.286745 0.421745 0.281412 0.422466 0.277801 0.426979 0.280278 0.425297 0.281699 0.424349 0.283940
10 0.458268 0.722194 0.458633 0.721190 0.459680 0.719037 0.459195 0.716171 0.457826 0.713731 0.457018 0.712296 0.455607 0.708426 0.451562 0.717898
10 0.454589 0.355495 0.453461 0.358792 0.452758 0.361671 0.451948 0.361481 0.450357 0.359519 0.450333 0.357046
2 0.577091 0.504588 0.580044 0.519130 0.580531 0.528852 0.579750 0.535796 0.579068 0.548639 0.577214 0.555931 0.573698 0.559921 0.569500 0.559921 0.563544 0.537356 0.557294 0.512537 0.560810 0.520866 0.563740 0.527292 0.565104 0.526597 0.566375 0.524861 0.565299 0.521389 0.560029 0.510972 0.559344 0.506981 0.561529 0.504787 0.567013 0.498815 0.571380 0.499014
2 0.440286 0.391731 0.445888 0.388991 0.444115 0.388505 0.443414 0.389745 0.442013 0.389583 0.440565 0.388088 0.440706 0.387093 0.442760 0.387176 0.446026 0.386509 0.449107 0.386676 0.452701 0.384769 0.453594 0.385370 0.453820 0.387583 0.453167 0.389500 0.451721 0.390245 0.450648 0.390079 0.446727 0.392319 0.440940 0.395880
2 0.473729 0.379713 0.473906 0.378704 0.473047 0.378380 0.471927 0.379630 0.469062 0.381481 0.467630 0.381667 0.465417 0.382176 0.464010 0.382639 0.462813 0.384676 0.462370 0.387037 0.463724 0.387269 0.465312 0.387500 0.467630 0.386343 0.469297 0.385278 0.470339 0.383611 0.470729 0.383981 0.472708 0.383009 0.474505 0.382546 0.476073 0.381759 0.476130 0.380171
2 0.460911 0.380602 0.463435 0.379208 0.461693 0.375648 0.459844 0.370556 0.458672 0.367778 0.458724 0.366667 0.457917 0.365463 0.456901 0.362593 0.455443 0.362454 0.456701 0.367454 0.458263 0.373333
2 0.532346 0.484750 0.533424 0.478940 0.534076 0.475375 0.535651 0.470634 0.536104 0.469829 0.537250 0.469231 0.537578 0.467657 0.538044 0.470394 0.539164 0.471972 0.540005 0.474792 0.540284 0.477032 0.540609 0.479523 0.540190 0.483005 0.541404 0.487986 0.541685 0.491306 0.541544 0.494954 0.540628 0.497264 0.540451 0.498681 0.535453 0.488787 0.534943 0.488894 0.534792 0.489375 0.534911 0.490176 0.535003 0.491301 0.539492 0.499500 0.539484 0.499972 0.541503 0.504120 0.537951 0.507319 0.534352 0.498273
1 0.469448 0.355912 0.469943 0.353736 0.469539 0.351454 0.468727 0.350167 0.468203 0.349769 0.467760 0.349630 0.467448 0.349907 0.467292 0.351111 0.467708 0.351852 0.468229 0.352269 0.468672 0.352639 0.468776 0.353426 0.468594 0.354907 0.468359 0.356157 0.468464 0.356944 0.469086 0.356375
10 0.477604 0.341204 0.480154 0.339602 0.483878 0.337102 0.487133 0.335019 0.488279 0.333815 0.489370 0.338440 0.489982 0.343611 0.480339 0.341944
2 0.446740 0.459204 0.444935 0.461685 0.442182 0.461514 0.440807 0.462037 0.439628 0.464306 0.439628 0.467625 0.440021 0.471819 0.442182 0.475315 0.447096 0.484046 0.449833 0.479597 0.451026 0.476884 0.450927 0.474088 0.452401 0.474616 0.454297 0.472097 0.452339 0.466551 0.451966 0.466384 0.451826 0.465551 0.451826 0.464310 0.452146 0.463069 0.450937 0.461435 0.449320 0.460060
1 0.444971 0.445458 0.446146 0.455000 0.446740 0.459204 0.444935 0.461685 0.443951 0.451954 0.443612 0.445611
1 0.429854 0.476412 0.437352 0.473921 0.439193 0.473426 0.438750 0.474120 0.437786 0.475509 0.431984 0.478014 0.430336 0.478407 0.429622 0.478407
2 0.428667 0.439551 0.436742 0.444639 0.436521 0.449731 0.435492 0.451167 0.433583 0.451167 0.428888 0.449208 0.426391 0.447773 0.425438 0.447120 0.425070 0.444639 0.423320 0.443718 0.424276 0.441569 0.424930 0.439870 0.427714 0.439551
2 0.447542 0.491676 0.448875 0.498338 0.449224 0.498833 0.449398 0.499454 0.449049 0.500569 0.452039 0.509468 0.453906 0.508417 0.454466 0.501519 0.452698 0.497324 0.450724 0.494630
10 0.416620 0.482801 0.416792 0.480972 0.418234 0.482500 0.419000 0.481579 0.418659 0.480218 0.417299 0.477653 0.416961 0.472065 0.417044 0.468741 0.417896 0.467083 0.418573 0.464819 0.419083 0.462264 0.416281 0.449884 0.415857 0.452287 0.415008 0.451532 0.414583 0.448509 0.413818 0.448361 0.413307 0.448662 0.413138 0.450773 0.413479 0.453343 0.412094 0.453088 0.413479 0.466644 0.414667 0.473875
10 0.416961 0.472065 0.418719 0.475477 0.420927 0.478949 0.421776 0.479704 0.422625 0.479250 0.423135 0.478648 0.422380 0.475653 0.419823 0.464907 0.417896 0.467083 0.417044 0.468741
2 0.433315 0.613019 0.443508 0.622273 0.436016 0.638292
2 0.475802 0.283208 0.475990 0.283472 0.476953 0.283380 0.478490 0.283194 0.478615 0.284181 0.478146 0.283764 0.477755 0.283949 0.477677 0.284829 0.477911 0.285894 0.476120 0.286435 0.474766 0.285926 0.474062 0.285231
10 0.431664 0.280278 0.431065 0.281870 0.432609 0.283037 0.433263 0.284505 0.433133 0.285741 0.432784 0.287287 0.431872 0.292463 0.431307 0.296324 0.430487 0.299593 0.432198 0.301801 0.437047 0.278894 0.436237 0.279366 0.435164 0.280028 0.433109 0.280194
2 0.477474 0.441630 0.477422 0.446940 0.480729 0.448194 0.480729 0.445486 0.479125 0.443213
2 0.434036 0.564630 0.432474 0.557176 0.432555 0.555306 0.432253 0.552435 0.432008 0.548296 0.437339 0.547745 0.437039 0.552083 0.435562 0.553694 0.435320 0.558565 0.436375 0.558727 0.436133 0.561083 0.437128 0.561083 0.436977 0.563065 0.436435 0.564083 0.436094 0.566481 0.435034 0.567731 0.433622 0.567657 0.434036 0.566343
2 0.450727 0.573468 0.456406 0.576824 0.458216 0.578250 0.458570 0.580755 0.458268 0.583347 0.457766 0.585940 0.457060 0.588532 0.457076 0.590750 0.436026 0.580130 0.436812 0.576972 0.436487 0.575259 0.440924 0.575185 0.448062 0.574255
10 0.438935 0.566171 0.438544 0.564671 0.438393 0.562690 0.438393 0.559852 0.438695 0.558995 0.439086 0.555148 0.440182 0.555972 0.440737 0.556773 0.441172 0.566343
10 0.442607 0.431731 0.442659 0.432241 0.442685 0.432935 0.442229 0.434046 0.441096 0.433722 0.441357 0.435713 0.441279 0.436454 0.441018 0.437588 0.440367 0.437444 0.439609 0.435583 0.438797 0.432481 0.439013 0.431315 0.438831 0.430296 0.438794 0.429074 0.439013 0.428676 0.439482 0.429139 0.439768 0.429787 0.440003 0.430898 0.440341 0.430574 0.440602 0.430065 0.441096 0.430574 0.441542 0.432269
2 0.477578 0.449954 0.477276 0.454120 0.477437 0.455370 0.477221 0.457000 0.477448 0.460417 0.478443 0.461912 0.478818 0.458250 0.479005 0.457139 0.479880 0.457583 0.480443 0.459694 0.481589 0.461269 0.480896 0.456611 0.480646 0.454810 0.480943 0.451250 0.479859 0.450606
5 0.428365 0.297204 0.429352 0.297949 0.429263 0.302199 0.428583 0.302764 0.426763 0.300940 0.427641 0.298231
5 0.443721 0.317727 0.446172 0.320870 0.444714 0.323176 0.443956 0.324426 0.442391 0.321833 0.443208 0.320051
8 0.431380 0.365278 0.435273 0.361056 0.437294 0.362130 0.437052 0.363676 0.437505 0.363801 0.437818 0.362810 0.438620 0.362750 0.440120 0.363366 0.438305 0.363977 0.438911 0.365241 0.436565 0.365704 0.434393 0.366634 0.432740 0.369338 0.432221 0.369583 0.431815 0.367000
8 0.480000 0.171250 0.477747 0.172606 0.464167 0.185602 0.466573 0.186384 0.480818 0.172894
2 0.428487 0.318958 0.426013 0.330903 0.426013 0.341194 0.428581 0.345093 0.433482 0.319954 0.434339 0.314194 0.431716 0.316704 0.429740 0.318713 0.430224 0.316273
10 0.452031 0.440185 0.455651 0.441389 0.454596 0.442287 0.454427 0.444630 0.452578 0.442639
5 0.394945 0.212796 0.399693 0.218681 0.395008 0.239454 0.389872 0.226968
1 0.460990 0.443241 0.465469 0.444861 0.467805 0.446167 0.468802 0.447278 0.467771 0.449542 0.464648 0.447319 0.460911 0.444537
5 0.420615 0.286745 0.422151 0.285356 0.423880 0.285185 0.424974 0.287454 0.424388 0.290134 0.423708 0.293958 0.419672 0.290130
5 0.397844 0.323185 0.399401 0.322269 0.402430 0.322593 0.403411 0.323287 0.401042 0.325139 0.397708 0.327824 0.397057 0.326111 0.397656 0.324028
5 0.435531 0.306523 0.437250 0.308259 0.434125 0.310912
5 0.438573 0.310250 0.442320 0.315486 0.441201 0.321380 0.440018 0.321958 0.436268 0.318514 0.434339 0.314194
8 0.396680 0.324116 0.397086 0.323185 0.397656 0.324028 0.397031 0.326111
8 0.403266 0.343468 0.400109 0.339782 0.397948 0.336097 0.396523 0.331231 0.395997 0.329162 0.394719 0.317167 0.395708 0.319130 0.397005 0.325880 0.398750 0.332269 0.402969 0.341389
8 0.434859 0.328282 0.439740 0.322963 0.440172 0.323005 0.440458 0.323421 0.440380 0.324116 0.435250 0.329347
8 0.446172 0.320870 0.448841 0.324296 0.448680 0.325227 0.447591 0.326444 0.444714 0.323176
8 0.460794 0.423551 0.463932 0.420370 0.465885 0.417407 0.466745 0.417731 0.467031 0.418657 0.466953 0.420000 0.466458 0.421435 0.465547 0.422546 0.464375 0.424167 0.463026 0.425782
8 0.427292 0.408940 0.427221 0.401056 0.427107 0.395912 0.425339 0.403565 0.425703 0.423380 0.426883 0.420083 0.427409 0.417949 0.427484 0.417282 0.427656 0.414676
2 0.423560 0.342352 0.424687 0.344167 0.424635 0.349537 0.423156 0.353245 0.421677 0.353843 0.421206 0.352884 0.422888 0.346542
8 0.426576 0.352764 0.427448 0.352778 0.426549 0.355792
5 0.424531 0.361806 0.421279 0.363389 0.419906 0.364032 0.415714 0.366856 0.414844 0.366472 0.414049 0.367116 0.412531 0.365444 0.410292 0.364931 0.409568 0.362616 0.404255 0.352759 0.405786 0.352282 0.406958 0.350519 0.409716 0.351903 0.414555 0.352907 0.416612 0.353625 0.417984 0.352551 0.421206 0.352884 0.421677 0.353843 0.423156 0.353245 0.424635 0.349630
8 0.424401 0.411065 0.425469 0.410417 0.425417 0.408472 0.424687 0.408333
5 0.438724 0.333796 0.438198 0.332884 0.437031 0.331968 0.435536 0.331968 0.430417 0.335787 0.429422 0.340597 0.429984 0.341181 0.430776 0.342009 0.432448 0.341806 0.433156 0.340931 0.434510 0.338111 0.435070 0.337944 0.435490 0.340185 0.436003 0.342509 0.436891 0.342671 0.437107 0.341810 0.437318 0.340792 0.437740 0.339667 0.438792 0.338611 0.438388 0.337255 0.438674 0.336931 0.438341 0.336231
5 0.432448 0.341806 0.436003 0.342509 0.435490 0.340185 0.435070 0.337944 0.434510 0.338111 0.433156 0.340931
8 0.550953 0.464500 0.551065 0.477282 0.552604 0.479935 0.553828 0.479630
8 0.524870 0.315000 0.527349 0.326787 0.529617 0.337319 0.531615 0.336097 0.529995 0.328417 0.526432 0.314116
8 0.536641 0.401157 0.537578 0.391806 0.538641 0.397264 0.537734 0.405139
8 0.553828 0.479630 0.556852 0.492435 0.558505 0.492361 0.558547 0.490782 0.558102 0.488560 0.556042 0.480000 0.555182 0.480231
8 0.535466 0.403546 0.537776 0.412810 0.541646 0.428426 0.544120 0.437662 0.548479 0.458736 0.550953 0.464500 0.549818 0.458241 0.540424 0.415102 0.537497 0.404319 0.534982 0.394727
8 0.530292 0.376000 0.534323 0.376898 0.535130 0.378056 0.535469 0.380417 0.534492 0.379667 0.531057 0.379125
8 0.537474 0.377361 0.540000 0.392083 0.545190 0.410699 0.547729 0.421931 0.550753 0.433931 0.551724 0.432782 0.549836 0.418861 0.549109 0.413597 0.546919 0.408972 0.545703 0.403380 0.543385 0.393796 0.540169 0.381708 0.538984 0.379120
8 0.551094 0.451528 0.551419 0.441764 0.552396 0.437963 0.553229 0.444028 0.553146 0.456116 0.552682 0.459861
8 0.537109 0.351833 0.537044 0.356472 0.539276 0.364019
8 0.529237 0.341250 0.530862 0.340273 0.532784 0.347972 0.535260 0.358449 0.539060 0.373014 0.539583 0.375880 0.538516 0.375278 0.536271 0.369583 0.533076 0.357907 0.530732 0.347199
8 0.530862 0.340273 0.532516 0.338907 0.536510 0.354616 0.539276 0.364019 0.542271 0.379620 0.541667 0.378889 0.539583 0.375880 0.539060 0.373014 0.535260 0.358449 0.532784 0.347972
8 0.535807 0.375185 0.533568 0.373380 0.533099 0.374074 0.533307 0.375880 0.534323 0.376898 0.535130 0.378056 0.535469 0.380417 0.535833 0.382361 0.537578 0.391806 0.540964 0.408657 0.549818 0.458241 0.553828 0.479630 0.555182 0.480231 0.556042 0.480000 0.556250 0.479167 0.556250 0.478287 0.555885 0.475509 0.552682 0.459861 0.548411 0.436991 0.544375 0.415880 0.540000 0.392083 0.537474 0.377361
8 0.535078 0.371065 0.538516 0.375278 0.539583 0.375880 0.541667 0.378889 0.542271 0.379620 0.542792 0.380639 0.542896 0.381565 0.542922 0.382306 0.542792 0.383417 0.541771 0.382407 0.538984 0.379120 0.535807 0.375185 0.534792 0.373009
8 0.533667 0.370435 0.533021 0.368843 0.533125 0.367222 0.532526 0.364213 0.531354 0.359676 0.530521 0.354491 0.530599 0.353796 0.531406 0.354630 0.531719 0.355833 0.532396 0.358796 0.533542 0.363009 0.534141 0.366111 0.534714 0.368426 0.535078 0.371065 0.534792 0.373009 0.533586 0.372009
8 0.543633 0.388157 0.544747 0.389065 0.546104 0.387889 0.545167 0.383926 0.543513 0.374926 0.542169 0.365648 0.541000 0.364935 0.541039 0.359699 0.539831 0.353417 0.538010 0.343315 0.536602 0.336282 0.535521 0.336282 0.534797 0.337824 0.535521 0.342963 0.537109 0.351833 0.539276 0.364019 0.542271 0.379620 0.542792 0.380639 0.542896 0.381565 0.542922 0.382306 0.542792 0.383417
8 0.548078 0.303356 0.549552 0.293366 0.551609 0.293509 0.551568 0.295231 0.550721 0.297741 0.549961 0.302736 0.546826 0.322644 0.544810 0.341556 0.542794 0.359667 0.542169 0.365648 0.541000 0.364935 0.541039 0.359699 0.541859 0.351310 0.545547 0.320463
8 0.408932 0.400023 0.408870 0.394944 0.406807 0.393782 0.406878 0.399912 0.407279 0.409565 0.407078 0.416005 0.407482 0.418773 0.407732 0.419042 0.408083 0.417343 0.408297 0.409588 0.408609 0.401963
8 0.414190 0.403769 0.414458 0.398579 0.412831 0.397333 0.412776 0.407120 0.413984 0.405741
8 0.418927 0.397407 0.416268 0.392625 0.414945 0.389995 0.413544 0.386810 0.412453 0.384454 0.411984 0.382519 0.412687 0.382241 0.414633 0.383347 0.415333 0.385009 0.417047 0.388750 0.423240 0.400097
8 0.429661 0.364102 0.430242 0.363792 0.431380 0.365278 0.431815 0.367000 0.432221 0.369583 0.432279 0.373824 0.430625 0.378796 0.430302 0.381065 0.429021 0.387477 0.427107 0.395912 0.425229 0.403926 0.424339 0.411630 0.421615 0.428750 0.420672 0.432222 0.420417 0.433931 0.420521 0.435801 0.419487 0.441069 0.417326 0.440639 0.418198 0.435991 0.418560 0.432491 0.420719 0.418995 0.423414 0.405060 0.423930 0.401338 0.425023 0.394750 0.427083 0.385370 0.428661 0.373806
5 0.470339 0.383611 0.471966 0.385454 0.471914 0.387755 0.473479 0.391500 0.474505 0.394190 0.476904 0.400486 0.480279 0.407486 0.481578 0.410894 0.479958 0.411755 0.479203 0.414347 0.477151 0.418574 0.476232 0.418574 0.476180 0.422125 0.470208 0.427176 0.467917 0.424139 0.467917 0.422315 0.466953 0.420000 0.467031 0.418657 0.466745 0.417731 0.465885 0.417407 0.464406 0.414542 0.458305 0.405037 0.455875 0.397356 0.456362 0.392171 0.456685 0.388810 0.459492 0.386699 0.461328 0.384685 0.462813 0.384676 0.462370 0.387037 0.463724 0.387269 0.465312 0.387500 0.467630 0.386343 0.469297 0.385278
2 0.455326 0.432699 0.453398 0.430356 0.450586 0.430356 0.446526 0.430287 0.447984 0.432852 0.448245 0.436171 0.457187 0.439444 0.456701 0.436255 0.456451 0.434032
8 0.480896 0.456611 0.486862 0.461481 0.490599 0.464537 0.491893 0.465181 0.492711 0.466968 0.490870 0.467000 0.488310 0.466731 0.487130 0.465824 0.485867 0.464162 0.481589 0.461269
8 0.427281 0.403894 0.427258 0.407676 0.428057 0.408231 0.430469 0.406296
8 0.489771 0.451486 0.486563 0.447037 0.484948 0.442176 0.484435 0.443056 0.484365 0.445287 0.486536 0.450231
8 0.483646 0.452361 0.484036 0.459120 0.485078 0.460046 0.484635 0.452917
8 0.483906 0.457176 0.480646 0.454810 0.480896 0.456611 0.484036 0.459120
8 0.452578 0.442639 0.455982 0.446375 0.455721 0.447208 0.455461 0.447810 0.455148 0.448227 0.454862 0.448412 0.454393 0.448412 0.454081 0.447995 0.453820 0.447579 0.453497 0.446083 0.451122 0.444551 0.450961 0.443495 0.451339 0.442727
8 0.449948 0.442037 0.447203 0.441699 0.446578 0.440699 0.447617 0.438611 0.451562 0.440741
8 0.459922 0.442870 0.459135 0.450472 0.458138 0.460801 0.457701 0.463356 0.458138 0.463690 0.458701 0.464134 0.459385 0.461690 0.459885 0.454806 0.460651 0.446991 0.461016 0.443287
8 0.489771 0.451486 0.493924 0.453139 0.495182 0.453148 0.495232 0.455968 0.493833 0.456125 0.492805 0.455046 0.491031 0.454796 0.489211 0.454639 0.483234 0.452273 0.479859 0.450606 0.468802 0.447278 0.467771 0.446153 0.467891 0.443380 0.477422 0.446940
8 0.458516 0.442407 0.457422 0.444815 0.456464 0.448417 0.457211 0.449194 0.458568 0.445370 0.459661 0.442824
8 0.457396 0.444815 0.456581 0.444296 0.456563 0.442361 0.458203 0.443102
8 0.456581 0.441755 0.455617 0.441495 0.454596 0.442287 0.454419 0.444616 0.455982 0.446375 0.455721 0.447208 0.455461 0.447810 0.455148 0.448227 0.454862 0.448412 0.454393 0.448412 0.454081 0.447995 0.453820 0.447579 0.454255 0.449255 0.455172 0.449639 0.455875 0.449060 0.456464 0.448417 0.457422 0.444815 0.456581 0.444296
8 0.459661 0.440324 0.459792 0.438796 0.459990 0.438185 0.460281 0.438069 0.460698 0.438069 0.461211 0.438819 0.461362 0.439889 0.461302 0.441019
8 0.463932 0.420370 0.459635 0.418282 0.457044 0.416815 0.456219 0.416079 0.454753 0.415477 0.449081 0.413407 0.445964 0.412875 0.445737 0.415079 0.462734 0.421667
8 0.444635 0.415370 0.444714 0.414537 0.455104 0.418704 0.454062 0.420278 0.454141 0.421574 0.448138 0.418116 0.444841 0.416921
8 0.414844 0.410093 0.416591 0.417213 0.417813 0.416204 0.416432 0.410509
8 0.412836 0.403088 0.409505 0.402685 0.410573 0.406481 0.412786 0.406435
8 0.436388 0.421389 0.437578 0.424352 0.439081 0.427829 0.438794 0.429074 0.438117 0.429264 0.436224 0.423519 0.436596 0.423088
8 0.422943 0.407500 0.414141 0.404120 0.413984 0.405741 0.412776 0.407120 0.412542 0.409574 0.422083 0.411806
2 0.459385 0.461690 0.460534 0.461704 0.461992 0.458824 0.466146 0.451208 0.467458 0.451426 0.467771 0.449542 0.468802 0.447278 0.470677 0.447870 0.472685 0.450375 0.473766 0.450375 0.474737 0.451722 0.476302 0.453546 0.477276 0.454120 0.477437 0.455370 0.477221 0.457000 0.476573 0.457671 0.475763 0.457384 0.474628 0.457671 0.474576 0.459880 0.474250 0.460167 0.472792 0.459690 0.471714 0.459593 0.470578 0.459880 0.470794 0.458921 0.470740 0.456903 0.468581 0.454407 0.466690 0.457097 0.465990 0.459208 0.464315 0.461130 0.463289 0.462472 0.461633 0.463773 0.460841 0.463856 0.460979 0.465519 0.460227 0.465718 0.460180 0.467380 0.460609 0.469046 0.458576 0.466218 0.458701 0.464134
10 0.437378 0.405366 0.438039 0.406329 0.438526 0.407731 0.438638 0.409199 0.439128 0.410537 0.439391 0.410935 0.440367 0.411204 0.440367 0.410204 0.440216 0.409532 0.439992 0.408935 0.439612 0.405634 0.439826 0.403870 0.439000 0.403255 0.438651 0.401093 0.437898 0.401324 0.437529 0.403028
2 0.431849 0.328380 0.435250 0.329347 0.436240 0.329426 0.436812 0.329241 0.437776 0.328269 0.438974 0.327898 0.439852 0.327403 0.438724 0.333796 0.438198 0.332884 0.437031 0.331968 0.435536 0.331968 0.430417 0.335741
10 0.409604 0.321259 0.408891 0.322194 0.407201 0.322792 0.405698 0.324931 0.404471 0.326444 0.403060 0.330389 0.402292 0.334694 0.402031 0.339352 0.402969 0.341157 0.403266 0.343468 0.405786 0.344593 0.406690 0.346032 0.407229 0.349236 0.406958 0.350519 0.409716 0.351903 0.414555 0.352907 0.416612 0.353625 0.417984 0.352551 0.421206 0.352884 0.422888 0.346542 0.423560 0.342352 0.421734 0.339713 0.417016 0.332685 0.415927 0.328954 0.413589 0.318773 0.410651 0.320139
2 0.433482 0.319954 0.434581 0.322005 0.435328 0.322421 0.437161 0.323657 0.433438 0.326435 0.432396 0.325694
10 0.423708 0.293958 0.424388 0.290134 0.424974 0.287546 0.423854 0.284954 0.425286 0.281806 0.426979 0.280370 0.429331 0.281833 0.429354 0.283954 0.430885 0.284593 0.431523 0.284815 0.431523 0.285972 0.431177 0.288366 0.430388 0.288079 0.429810 0.288463 0.429810 0.290648 0.428365 0.297204 0.427641 0.298231 0.425781 0.303611 0.424461 0.310694 0.423880 0.314296 0.421242 0.313046 0.419328 0.311852 0.420026 0.308449 0.420609 0.308449 0.420690 0.306060 0.420448 0.304694 0.421849 0.299444 0.422240 0.300093
2 0.401849 0.217176 0.404031 0.209773 0.405021 0.210574 0.405742 0.212819 0.406643 0.211375 0.407724 0.212338 0.409529 0.211537 0.409888 0.215222 0.409346 0.218907 0.415836 0.215704 0.420432 0.212981 0.420971 0.212819 0.421513 0.208495 0.422234 0.207694 0.423135 0.207852 0.423857 0.208653 0.424938 0.210255 0.426018 0.212176 0.428091 0.210574 0.429893 0.208333 0.430794 0.207852 0.431786 0.214741 0.434669 0.226917 0.436745 0.237412 0.435315 0.240759 0.433292 0.245532 0.429323 0.254491 0.428622 0.251940
2 0.393794 0.244083 0.393443 0.248106 0.392586 0.250162 0.391984 0.251861 0.391984 0.254361 0.391229 0.257671 0.389419 0.260083 0.389932 0.264231 0.390872 0.264713 0.390807 0.266986 0.392083 0.275120 0.395112 0.290917 0.396862 0.299417 0.403193 0.290917 0.409654 0.282537 0.405815 0.271653 0.402518 0.270694 0.401305 0.267227 0.396729 0.251190
2 0.395010 0.239463 0.399687 0.218981 0.428721 0.256074 0.435661 0.265366 0.434310 0.274019 0.432508 0.278185 0.431065 0.281870 0.430885 0.284593 0.429354 0.283954 0.429354 0.281870 0.429263 0.279944 0.424667 0.277222 0.422956 0.276259 0.423227 0.275301 0.423135 0.274019 0.422323 0.272736 0.421422 0.272579 0.420703 0.273699 0.420432 0.275139 0.417458 0.273537 0.414305 0.273056 0.412953 0.272579 0.410789 0.271454 0.407094 0.270176 0.406104 0.267931 0.405562 0.266491 0.405021 0.265847 0.404120 0.266810 0.404570 0.268412 0.405383 0.269370 0.405021 0.269852 0.403940 0.268250
2 0.446076 0.304514 0.444635 0.312963 0.445815 0.312231 0.448474 0.302523
10 0.453620 0.255417 0.453781 0.254759 0.454870 0.257407 0.453385 0.258333 0.453307 0.259213 0.453359 0.260278 0.452992 0.260269 0.451953 0.259769 0.451797 0.258519 0.453672 0.256713 0.453880 0.255741
2 0.443594 0.229167 0.444471 0.229287 0.445206 0.230403 0.446878 0.235981 0.448237 0.240134 0.450294 0.246394 0.452271 0.251259 0.451414 0.252324 0.451432 0.256759 0.446198 0.260972 0.448250 0.250565 0.447167 0.246194 0.444508 0.246454 0.443635 0.238833 0.442833 0.238708 0.442206 0.239264 0.441229 0.240134 0.440148 0.239884 0.442422 0.256065 0.438453 0.261398 0.438180 0.263847 0.435286 0.261708 0.436042 0.258759 0.437651 0.251162 0.438505 0.245977 0.438354 0.243653 0.437682 0.241343 0.441659 0.232454
10 0.476760 0.271009 0.477271 0.272454 0.476339 0.274273 0.476005 0.275292 0.477422 0.276685 0.478151 0.277917 0.477372 0.279370 0.476518 0.278185 0.475917 0.277491 0.475344 0.277005 0.475042 0.277005 0.474891 0.276898 0.474711 0.276523 0.474560 0.275505 0.473927 0.276148 0.473505 0.275079 0.473565 0.274060 0.474229 0.273366 0.474409 0.271917 0.474862 0.271167 0.475615 0.271384 0.476398 0.270472
10 0.474844 0.292500 0.474271 0.289306 0.474667 0.288500 0.475318 0.288824 0.475656 0.289287 0.476047 0.290028 0.476151 0.290398 0.476609 0.293213 0.476578 0.295569 0.475391 0.296435 0.474661 0.295417
10 0.451432 0.256806 0.451823 0.253611 0.452445 0.252449 0.453620 0.255417 0.452344 0.256065
2 0.487214 0.267449 0.489133 0.266287 0.487031 0.262306 0.484466 0.259731 0.483320 0.260778 0.481924 0.261273 0.480776 0.261398 0.477323 0.259477 0.475547 0.258606 0.475232 0.259847 0.474500 0.261398 0.474635 0.262963 0.477872 0.266116 0.477992 0.265185 0.483641 0.269199 0.485052 0.270060 0.487266 0.271250 0.488789 0.270389 0.487135 0.269769
10 0.453333 0.276250 0.455326 0.277542 0.456727 0.278370 0.458172 0.278787 0.459385 0.278037 0.460273 0.278120 0.462057 0.277407 0.463021 0.279722 0.457187 0.281852 0.456224 0.281435 0.456060 0.280278 0.455617 0.279815 0.454159 0.279259 0.451685 0.277083 0.451849 0.275926
2 0.487786 0.280602 0.488542 0.279722 0.488880 0.278796 0.488958 0.277037 0.489297 0.276157 0.489479 0.274630 0.488937 0.273819 0.487422 0.274444 0.486016 0.273843 0.485130 0.274444 0.484271 0.274398 0.483620 0.275093 0.483464 0.275972 0.483411 0.277222 0.483099 0.279537 0.486206 0.279718
2 0.468333 0.290741 0.468073 0.293287 0.466333 0.295894 0.462971 0.298116 0.462612 0.296449 0.461888 0.296833 0.461599 0.296319 0.462323 0.294134 0.462169 0.292250 0.462513 0.291231 0.463737 0.291324 0.463997 0.290167 0.464727 0.289148 0.465456 0.289009 0.466784 0.288269
10 0.472250 0.279583 0.473927 0.276148 0.474560 0.275505 0.474711 0.276523 0.474891 0.276898 0.475042 0.277005 0.475344 0.277005 0.475917 0.277491 0.476518 0.278185 0.476510 0.279352
2 0.558102 0.488560 0.559372 0.489394 0.561529 0.504787 0.559344 0.506981 0.558365 0.505569 0.556732 0.503926 0.555365 0.503935 0.552940 0.491023 0.552604 0.479935 0.553828 0.479630 0.556852 0.492435 0.558505 0.492361 0.558547 0.490782
10 0.536641 0.401157 0.537578 0.391806 0.535833 0.382361 0.535469 0.380417 0.534492 0.379667 0.534620 0.385046 0.534982 0.394727
10 0.440956 0.402944 0.443484 0.402505 0.445646 0.401968 0.446500 0.402593 0.447557 0.403579 0.447508 0.404741 0.447104 0.405991 0.446703 0.406708 0.445997 0.406440 0.445695 0.405546 0.445445 0.405009 0.445396 0.405009 0.445094 0.405991 0.444289 0.406884 0.443885 0.406347 0.443786 0.405454 0.444138 0.404204 0.443937 0.403755 0.439612 0.405634 0.439826 0.403870
2 0.576195 0.482093 0.579742 0.499727 0.581599 0.499278 0.581430 0.497329 0.581430 0.495676 0.583034 0.495079 0.584214 0.495676 0.583286 0.486977 0.580839 0.474676 0.579234 0.468972 0.577378 0.464023 0.576451 0.464324 0.575523 0.458921 0.575945 0.457273 0.574255 0.450972 0.572990 0.447222 0.572146 0.445269 0.572401 0.440921 0.571724 0.436718 0.570711 0.433718 0.570122 0.430870 0.569279 0.428769 0.568203 0.428194 0.569193 0.426069 0.569646 0.420708 0.569245 0.414972 0.569164 0.408662 0.568922 0.401347 0.568922 0.393315 0.568180 0.390213 0.566831 0.388713 0.564383 0.388565 0.563961 0.389315 0.563622 0.395463 0.567349 0.422833 0.566578 0.428505 0.571044 0.457606
10 0.422049 0.320352 0.423044 0.321333 0.423810 0.322384 0.424125 0.323750 0.424927 0.322384 0.425240 0.340606 0.422904 0.337074 0.419940 0.332611 0.418721 0.330444 0.418128 0.330569 0.418094 0.329264 0.414747 0.316644 0.416922 0.317648
10 0.421797 0.450694 0.429201 0.450218 0.430372 0.452620 0.430643 0.458065 0.430372 0.461750 0.428659 0.464153 0.426586 0.463671 0.424695 0.462231
6 0.408297 0.409588 0.408102 0.419528 0.408625 0.420745 0.408786 0.428130 0.410078 0.439676 0.412094 0.453088 0.411531 0.431787 0.409307 0.417333
8 0.435000 0.410278 0.442214 0.415833 0.442469 0.416657 0.442227 0.417519 0.441823 0.418019 0.441096 0.418380 0.434227 0.413491 0.434159 0.412282
8 0.517422 0.181759 0.516406 0.181819 0.515232 0.177639 0.514839 0.173407 0.515443 0.170250 0.516096 0.167940 0.520013 0.155833 0.526419 0.142431 0.527188 0.143005 0.527307 0.144509 0.526984 0.145227 0.521458 0.156412 0.519766 0.160574 0.517828 0.166597 0.516779 0.169824 0.516174 0.172190 0.515971 0.173477 0.515932 0.175130 0.516698 0.177856 0.517818 0.180713
8 0.506602 0.403009 0.507839 0.404630 0.505974 0.407968 0.502977 0.413111 0.500117 0.417389 0.497990 0.420796 0.497711 0.420486 0.497536 0.419681 0.497536 0.418259 0.498932 0.415407 0.501302 0.411500 0.503742 0.407843
8 0.498924 0.362694 0.500617 0.370296 0.501424 0.372949 0.503482 0.373523 0.506266 0.372593 0.509292 0.369796 0.512154 0.365634 0.515417 0.361713 0.516562 0.363935 0.514695 0.367069 0.510052 0.373380 0.506042 0.376296 0.503523 0.377181 0.501505 0.377324 0.499932 0.376032 0.499247 0.373236 0.498602 0.369079 0.497836 0.365134 0.497836 0.363556
5 0.418096 0.375185 0.421815 0.377718 0.423430 0.378866 0.424766 0.378750 0.424687 0.372454 0.422560 0.373634
8 0.437031 0.404537 0.437414 0.404611 0.437378 0.405366 0.437102 0.406370 0.436893 0.406833 0.436320 0.406741
10 0.477820 0.324005 0.477482 0.317912 0.477844 0.316333 0.477953 0.313273 0.478370 0.311662 0.479034 0.311417 0.480078 0.312532 0.480185 0.313088 0.480148 0.314639 0.480115 0.316620 0.480044 0.319347 0.480529 0.323755
10 0.535781 0.413519 0.535466 0.403546 0.537776 0.412810 0.541646 0.428426 0.544120 0.437662 0.542891 0.441019 0.539065 0.427250
8 0.441958 0.415000 0.442549 0.415000 0.442549 0.413139 0.442654 0.411838 0.443073 0.410227 0.443107 0.409111 0.442549 0.408926 0.442096 0.409546 0.441677 0.410972 0.441503 0.412458 0.441539 0.414690
8 0.462005 0.422269 0.458336 0.419995 0.457971 0.419949 0.457630 0.421157 0.460794 0.423551
8 0.466458 0.421435 0.467917 0.422315 0.467917 0.424139 0.465547 0.422546
8 0.464682 0.423921 0.466115 0.424477 0.466766 0.424801 0.467130 0.425449 0.467104 0.425912 0.466792 0.426606 0.466375 0.426931 0.465385 0.426745 0.463432 0.425310 0.464375 0.424167
8 0.467891 0.443380 0.448245 0.436171 0.447370 0.437495 0.447617 0.438611 0.467786 0.445648
8 0.459531 0.446065 0.458568 0.445324 0.459427 0.443380 0.459818 0.443704
8 0.508151 0.440000 0.506016 0.438519 0.503958 0.437037 0.502292 0.436528 0.501755 0.437324 0.500885 0.438796 0.501771 0.439444 0.503672 0.439722 0.505130 0.439907 0.507005 0.442083 0.507760 0.443333 0.508490 0.440556
8 0.506031 0.436157 0.503698 0.434306 0.502292 0.436528 0.503958 0.437037 0.506016 0.438519 0.508151 0.440000
8 0.495661 0.439685 0.498266 0.436352 0.503208 0.429130 0.504672 0.432741 0.501755 0.437324 0.498969 0.442051
8 0.491406 0.436806 0.498953 0.442005 0.498411 0.442421 0.498341 0.443167 0.498620 0.445694 0.497286 0.444551 0.497049 0.443065 0.496560 0.442819 0.495758 0.442074 0.495063 0.443935 0.493667 0.442634 0.491354 0.440880
5 0.516779 0.169824 0.520690 0.173551 0.520286 0.175130 0.518352 0.179861 0.517870 0.180005 0.517828 0.180722 0.516698 0.177856 0.515932 0.175130 0.515971 0.173477 0.516174 0.172190
8 0.496932 0.268764 0.498383 0.270556 0.500966 0.272634 0.503224 0.276005 0.504878 0.278014 0.503346 0.280162 0.500937 0.276713 0.497578 0.272565 0.494995 0.270769
5 0.505094 0.245792 0.505208 0.239472 0.504818 0.232611 0.502208 0.232588 0.498711 0.231810 0.496273 0.230810 0.495898 0.231032 0.496211 0.233032 0.496974 0.234764 0.499096 0.242315 0.497161 0.239537 0.496586 0.243917 0.496320 0.244713 0.498419 0.244630 0.500099 0.244384 0.501221 0.244880 0.502526 0.245380 0.502948 0.246042
8 0.487352 0.224435 0.487901 0.216593 0.490286 0.217213 0.489789 0.223769 0.489102 0.223324 0.489727 0.226875 0.488352 0.225542
8 0.496974 0.234764 0.494599 0.232319 0.492286 0.229653 0.489727 0.226875 0.488352 0.225542 0.487352 0.224435 0.486289 0.223213 0.484352 0.221435 0.482664 0.220769 0.481479 0.220769 0.481479 0.222880 0.483664 0.224324 0.485977 0.226208 0.489914 0.230764 0.491536 0.231986 0.493474 0.235097 0.494974 0.236653 0.497161 0.239537 0.499096 0.242315
8 0.519396 0.179259 0.520789 0.177894 0.520896 0.184343 0.520547 0.196986 0.521417 0.200144 0.521906 0.196056 0.521977 0.187995 0.522219 0.182727 0.522081 0.176222 0.521208 0.175477 0.520128 0.176593 0.518977 0.178824
8 0.517198 0.207208 0.516120 0.204236 0.515805 0.201634 0.514758 0.192148 0.514828 0.190227 0.515352 0.190602 0.516398 0.197356 0.516990 0.202810 0.517932 0.206218
8 0.519221 0.218861 0.517555 0.209148 0.518253 0.208407 0.519990 0.217125
8 0.522010 0.213097 0.526299 0.201694 0.526927 0.202560 0.522776 0.213778
8 0.522526 0.254815 0.519255 0.238944 0.520198 0.253199 0.520789 0.256481
10 0.546104 0.387889 0.544747 0.389065 0.543633 0.388157 0.542792 0.383417 0.541771 0.382407 0.538984 0.379120 0.540169 0.381708 0.543385 0.393796 0.545391 0.401898 0.547630 0.401296
8 0.522482 0.231722 0.522638 0.233157 0.523081 0.234685 0.525398 0.241398 0.528497 0.249407 0.529461 0.248204 0.527195 0.242741 0.525242 0.237741 0.523888 0.233250 0.523237 0.231167
8 0.521492 0.228204 0.521909 0.231028 0.522065 0.231213 0.522742 0.230704 0.522872 0.230056 0.522638 0.228389 0.522456 0.227509
8 0.521258 0.225657 0.521362 0.227602 0.522221 0.226722 0.521987 0.224824 0.521831 0.223713 0.521336 0.224130
8 0.509956 0.204204 0.510758 0.206421 0.512570 0.207847 0.514034 0.208838 0.513477 0.211940 0.512919 0.213366 0.510758 0.210824 0.509328 0.209204 0.508576 0.208292 0.508281 0.206560
8 0.514695 0.212759 0.515464 0.207676 0.516266 0.208171 0.516229 0.210528 0.515708 0.213005
8 0.522464 0.212005 0.522130 0.204130 0.521417 0.200144 0.521286 0.201449 0.521409 0.207986 0.520956 0.210023 0.521383 0.214648 0.522010 0.213097
8 0.519747 0.220102 0.520372 0.223944 0.521023 0.222556 0.520581 0.218852
5 0.524531 0.241551 0.524841 0.240079 0.523081 0.234685 0.522638 0.233157 0.522482 0.231722 0.521424 0.231708 0.519820 0.232454 0.519508 0.236111 0.519255 0.238944 0.520417 0.244528 0.520591 0.242792
5 0.526099 0.251532 0.526068 0.243148 0.525398 0.241398 0.524531 0.241551 0.520591 0.242792 0.520417 0.244528 0.522526 0.254815
8 0.514714 0.233102 0.515391 0.233009 0.515938 0.233241 0.515734 0.234296 0.515781 0.235880 0.513359 0.235926 0.513747 0.234912
8 0.512708 0.234722 0.511164 0.231426 0.510815 0.229505 0.511164 0.229440 0.512107 0.231176 0.513331 0.233366
8 0.508576 0.208292 0.509328 0.209204 0.507159 0.223130 0.505773 0.222111 0.507672 0.212579
8 0.502156 0.220773 0.504206 0.222060 0.505531 0.223773 0.506557 0.225324 0.506315 0.227306 0.505049 0.226931 0.503815 0.225324 0.502880 0.223824 0.501646 0.222324
8 0.477995 0.472222 0.478099 0.476806 0.481641 0.470556 0.480260 0.469676 0.479089 0.469907
8 0.469927 0.502833 0.465448 0.509431 0.464964 0.510505 0.463984 0.507731 0.470047 0.498528 0.472711 0.492588 0.471224 0.497843
8 0.472474 0.474352 0.478099 0.476806 0.477656 0.477917 0.475185 0.476880 0.473586 0.476236 0.472773 0.477523 0.471779 0.477199 0.471810 0.475593
8 0.468096 0.472370 0.472500 0.474352 0.471810 0.475593 0.469096 0.474412
8 0.501375 0.219005 0.497578 0.214398 0.495891 0.215736 0.500469 0.220935
8 0.489102 0.208856 0.488958 0.207917 0.489505 0.207454 0.490208 0.207454 0.494557 0.211759 0.493854 0.213750 0.490430 0.209782
8 0.461406 0.480000 0.465182 0.480694 0.467901 0.484704 0.463594 0.483981
8 0.455729 0.495556 0.456823 0.497176 0.460651 0.489213 0.460286 0.486296
8 0.466617 0.495949 0.461875 0.486204 0.459979 0.484620 0.455010 0.476556 0.454201 0.474347 0.455766 0.471083 0.458250 0.474542 0.461112 0.479435 0.467052 0.490093 0.468727 0.492685
8 0.478490 0.480787 0.478367 0.493134 0.480740 0.498690 0.480802 0.486912 0.481224 0.482593 0.481302 0.475583
8 0.475763 0.457384 0.480326 0.465245 0.480867 0.467838 0.479271 0.468241 0.477456 0.464685 0.474250 0.460167 0.474576 0.459880 0.474628 0.457671
8 0.487813 0.499537 0.483362 0.483662 0.484531 0.481435 0.488776 0.495370
8 0.461633 0.463773 0.477456 0.464685 0.479323 0.468333 0.467607 0.467093 0.462380 0.466431 0.461727 0.465519 0.460979 0.465519 0.460841 0.463856
8 0.481302 0.475583 0.483130 0.475042 0.483568 0.476806 0.482891 0.478056 0.481380 0.477454
8 0.444818 0.301111 0.445945 0.295875 0.448000 0.295968 0.447089 0.299231
8 0.484245 0.476273 0.481484 0.481944 0.481615 0.485694 0.484245 0.479671 0.485510 0.477366
8 0.466302 0.468889 0.477406 0.473204 0.477997 0.473389 0.478099 0.476806 0.468096 0.472370
8 0.508177 0.290278 0.512151 0.287736 0.513021 0.288403 0.508734 0.291579
5 0.513021 0.288403 0.508734 0.291579 0.508177 0.290278 0.507445 0.289597 0.506503 0.291083 0.506086 0.292199 0.506120 0.293625 0.506398 0.295486 0.509674 0.298685
8 0.444060 0.306019 0.442320 0.315486 0.441201 0.321380 0.443208 0.320051 0.443721 0.317727 0.446076 0.304514
8 0.481432 0.471111 0.478099 0.476806 0.477656 0.477917 0.474581 0.482019 0.475049 0.483403 0.475612 0.483736 0.477010 0.484569 0.477385 0.485403 0.478438 0.485787 0.478490 0.480787 0.481302 0.475583 0.483130 0.475042
8 0.468727 0.492685 0.470755 0.489398 0.472711 0.492588 0.469245 0.496806 0.458516 0.512917 0.456224 0.512593 0.466609 0.495875
8 0.460286 0.484954 0.461875 0.486204 0.463047 0.501574 0.461901 0.503472
7 0.467760 0.511111 0.459156 0.513130 0.459247 0.514148 0.459187 0.515060 0.459062 0.515694 0.458945 0.516241 0.458766 0.516130 0.457560 0.515810 0.456354 0.515463 0.460234 0.528148 0.460070 0.530005 0.459583 0.529880 0.458781 0.527898 0.455703 0.520278 0.456875 0.524880 0.457208 0.525981 0.457312 0.529949 0.457417 0.532241 0.457417 0.535218 0.458638 0.537074 0.459961 0.540361 0.463266 0.537852 0.462865 0.527593 0.464297 0.523181
8 0.453333 0.518704 0.454531 0.517130 0.455104 0.518750 0.453958 0.520463
8 0.463958 0.507685 0.462995 0.506019 0.469201 0.496954 0.472711 0.492588 0.470047 0.498528
8 0.449036 0.511250 0.452839 0.512037 0.459156 0.513130 0.459247 0.514148 0.459187 0.515060 0.459062 0.515694 0.458945 0.516241 0.458766 0.516130 0.449878 0.513829
8 0.493211 0.481847 0.487471 0.475042 0.482805 0.469815 0.482289 0.469648 0.481380 0.471019 0.483130 0.475042 0.485510 0.477366 0.487750 0.480519 0.491578 0.484667
8 0.453542 0.514815 0.459583 0.529880 0.460070 0.530005 0.460245 0.528208 0.456354 0.515463
8 0.466276 0.542130 0.467839 0.547894 0.468651 0.553560 0.469151 0.557894 0.467862 0.559185 0.466641 0.556620 0.465964 0.549005 0.465526 0.545671
8 0.471536 0.542824 0.471771 0.536435 0.473229 0.536065 0.472977 0.544398 0.474721 0.546194 0.475000 0.547310 0.474479 0.548056 0.472070 0.545204
8 0.473073 0.540509 0.474635 0.542917 0.479945 0.544102 0.480818 0.544264 0.481435 0.543528 0.480487 0.542120 0.478740 0.541745 0.474479 0.540556 0.473151 0.538426
8 0.460346 0.543458 0.461315 0.548472 0.462857 0.550875 0.463359 0.548139 0.461172 0.539583 0.459961 0.540361
8 0.474029 0.548454 0.474479 0.548056 0.465583 0.537407 0.466383 0.540144 0.466276 0.542130 0.467276 0.542231
7 0.470990 0.509583 0.476810 0.508398 0.480266 0.506736 0.482086 0.509889 0.482266 0.515093 0.482318 0.517639 0.483253 0.523745 0.484687 0.530694 0.484604 0.532625 0.482646 0.533287 0.479005 0.534532 0.476719 0.535278 0.468549 0.537185 0.465583 0.537407 0.465096 0.530778 0.465096 0.528611 0.466070 0.525014
8 0.459349 0.568194 0.446750 0.558954 0.445773 0.557898 0.443857 0.557157 0.442880 0.557403 0.442776 0.559944 0.443404 0.561556 0.454839 0.568745 0.458044 0.571412 0.459961 0.572278 0.461740 0.572278 0.462161 0.571157 0.461979 0.569213 0.460849 0.569093
5 0.436094 0.566481 0.435034 0.567731 0.433622 0.567657 0.431807 0.568444 0.430839 0.569162 0.429992 0.568662 0.428823 0.569593 0.429549 0.576551 0.432130 0.576264 0.436487 0.575259 0.440924 0.575185 0.448062 0.574255 0.450727 0.573468 0.452904 0.573037 0.452904 0.569236 0.451169 0.569019 0.450599 0.566111 0.449609 0.565463 0.443786 0.566653 0.438935 0.566171 0.438695 0.567245 0.437549 0.567352 0.437039 0.567083
8 0.446484 0.598657 0.444456 0.603894 0.441081 0.607750 0.441201 0.608713 0.441383 0.609037 0.443732 0.607537 0.444818 0.606356 0.446896 0.600519
8 0.445052 0.602361 0.439461 0.601106 0.437534 0.601269 0.437503 0.603144 0.444456 0.603894
5 0.513451 0.303532 0.516354 0.297153 0.516716 0.293926 0.517201 0.292565 0.518451 0.293995 0.520065 0.292435 0.522128 0.288005 0.523635 0.284843 0.525503 0.280241 0.526932 0.277324 0.528456 0.273847 0.523583 0.266208 0.519677 0.270676 0.518633 0.273153 0.518948 0.274884 0.517727 0.279847 0.515773 0.284375 0.515112 0.287032 0.514518 0.288648 0.513542 0.289329 0.513021 0.288403 0.509674 0.298685
8 0.532497 0.369213 0.529531 0.360398 0.530521 0.354491 0.531354 0.359676 0.532526 0.364213 0.533125 0.367222 0.533021 0.368843 0.533667 0.370435
8 0.532497 0.369213 0.528883 0.362509 0.527979 0.365699 0.529432 0.367852
5 0.426094 0.547731 0.425911 0.550139 0.426849 0.550185 0.427839 0.555694 0.429089 0.561713 0.429427 0.564676 0.429992 0.568662 0.430839 0.569162 0.431807 0.568444 0.433622 0.567657 0.434036 0.566343 0.434036 0.564630 0.431875 0.554259 0.431354 0.552130 0.430880 0.552241 0.429911 0.552167 0.428943 0.551449 0.427815 0.550019
8 0.585729 0.587824 0.586372 0.586532 0.586721 0.585356 0.587266 0.583435 0.585336 0.584181
7 0.602167 0.589125 0.602448 0.593398 0.601260 0.594949 0.600214 0.596500 0.599102 0.598792 0.599182 0.600394 0.589646 0.584333 0.598156 0.587667
6 0.435419 0.506644 0.434461 0.503634 0.434174 0.502014 0.433862 0.500116 0.429039 0.480861 0.419487 0.441069 0.417326 0.440639 0.418198 0.435991 0.415234 0.430722 0.416036 0.431032 0.416563 0.430833 0.414956 0.423903 0.413359 0.426111 0.411771 0.421574 0.413646 0.419537 0.408932 0.400023 0.408609 0.401963 0.408297 0.409588 0.409307 0.417333 0.411536 0.431620 0.413526 0.438407 0.422380 0.475653 0.426146 0.491644 0.427260 0.496481 0.428865 0.502616 0.430120 0.508750 0.431284 0.509787 0.435721 0.509069 0.437698 0.508495 0.436906 0.507032
8 0.427680 0.534713 0.428367 0.514778 0.429023 0.514449 0.430542 0.514514 0.430646 0.517755 0.430141 0.525032 0.429557 0.536620 0.429349 0.540417 0.428862 0.540625 0.427943 0.540551 0.427474 0.539491 0.427526 0.537269
5 0.595417 0.610731 0.592802 0.593144 0.588391 0.585375 0.586021 0.591116 0.588276 0.608079 0.590190 0.598704 0.591870 0.598454 0.591870 0.599861 0.587716 0.620190 0.593643 0.617454
8 0.588276 0.608079 0.586021 0.591116 0.584388 0.594435 0.586909 0.614185 0.587716 0.610648
8 0.585570 0.620690 0.587716 0.610648 0.588276 0.608079 0.590190 0.598704 0.591870 0.598454 0.591870 0.599861 0.587716 0.620190
8 0.588391 0.585375 0.598177 0.602477 0.599182 0.600394 0.589646 0.584333
8 0.582620 0.569463 0.581784 0.557866 0.582286 0.546565 0.582870 0.541958 0.583805 0.542245 0.584021 0.554634 0.583911 0.570083
8 0.577247 0.571000 0.572659 0.564676 0.569500 0.559921 0.573698 0.559921 0.577258 0.562745
8 0.582823 0.500653 0.584214 0.495676 0.586388 0.492398 0.587521 0.491245 0.588279 0.491917 0.587089 0.495565 0.586227 0.496139 0.585469 0.498250 0.584714 0.500269 0.583742 0.501227
8 0.484365 0.445287 0.480547 0.441204 0.479961 0.442588 0.483901 0.447046 0.485120 0.447111
8 0.479010 0.438889 0.467187 0.428981 0.463026 0.425782 0.460794 0.423551 0.455365 0.419537 0.454154 0.420259 0.454242 0.423528 0.458854 0.426713 0.461354 0.428843 0.477474 0.441630 0.479130 0.443241 0.479010 0.441685
5 0.485544 0.432653 0.485815 0.429259 0.486271 0.425843 0.485302 0.424264 0.484818 0.423407 0.486271 0.416449 0.487440 0.409926 0.484948 0.408056 0.483438 0.407037 0.480380 0.404042 0.480279 0.407486 0.481578 0.410894 0.479958 0.411755 0.479203 0.414347 0.477151 0.418574 0.476232 0.418574 0.476180 0.422125 0.470208 0.427171 0.470589 0.428389 0.470398 0.429880 0.470313 0.431528 0.479010 0.438796 0.479401 0.437454 0.480185 0.436866 0.480667 0.437023 0.480547 0.441204 0.484365 0.445287 0.484435 0.443056 0.484992 0.442065 0.485440 0.436806 0.485091 0.436065 0.484534 0.432843
8 0.512831 0.382681 0.515969 0.379583 0.517711 0.377907 0.518724 0.376856 0.520195 0.375782 0.520682 0.377431 0.520326 0.377352 0.519544 0.378051 0.513458 0.383796
5 0.516935 0.425440 0.518307 0.419213 0.525023 0.428477 0.530690 0.438259 0.533086 0.442616 0.535523 0.453139 0.535826 0.467102 0.534815 0.467102 0.529714 0.465880 0.529138 0.461319 0.528268 0.458620 0.527112 0.454764 0.526102 0.451810 0.524872 0.451810 0.523281 0.449495 0.522557 0.447310 0.520461 0.445639 0.518294 0.447181 0.516328 0.443634 0.518146 0.436690 0.518417 0.434176 0.517878 0.433819 0.516867 0.433222 0.516195 0.430829 0.516328 0.429273 0.516128 0.426995
8 0.515521 0.439565 0.510917 0.421370 0.507839 0.404630 0.511719 0.409954 0.514818 0.425880 0.516128 0.426995 0.516328 0.429273 0.516195 0.430829 0.516867 0.433222 0.517878 0.433819 0.518417 0.434176 0.518146 0.436690 0.516328 0.443634
8 0.547927 0.506491 0.543383 0.487750 0.538917 0.467509 0.533086 0.442616 0.530690 0.438259 0.525023 0.428477 0.507839 0.404630 0.498927 0.392736 0.494023 0.385958 0.493151 0.383921 0.493859 0.383824 0.495440 0.383343 0.497839 0.385278 0.504974 0.395157 0.508352 0.399903 0.512875 0.406588 0.518594 0.414431 0.520651 0.416759 0.526440 0.423634 0.526656 0.425569 0.528292 0.428185 0.528674 0.430120 0.531070 0.434384 0.533958 0.439227 0.537607 0.454625 0.540768 0.469347 0.548451 0.503440 0.549583 0.508194 0.548828 0.508657
8 0.516935 0.425440 0.513651 0.413306 0.512422 0.413565 0.514818 0.425880 0.516128 0.426995
8 0.515633 0.452292 0.511680 0.442037 0.507362 0.432139 0.503773 0.422315 0.502966 0.420880 0.501513 0.422171 0.501393 0.423750 0.501958 0.425398 0.503208 0.429130 0.506031 0.436157 0.508490 0.440556 0.509982 0.445806 0.510260 0.446116 0.510435 0.446986 0.511315 0.447764 0.512474 0.450440 0.513776 0.453495
8 0.499737 0.455190 0.499247 0.452523 0.499005 0.448370 0.498568 0.445324 0.498341 0.443167 0.498411 0.442421 0.498969 0.442051 0.499247 0.442111 0.499458 0.442671 0.499703 0.443602 0.499982 0.445458 0.500294 0.448620 0.501130 0.453824 0.501276 0.455741 0.500333 0.455458
8 0.496562 0.420551 0.497031 0.420505 0.497266 0.421292 0.497188 0.422171 0.496224 0.423653 0.494609 0.426199 0.493594 0.428426 0.492656 0.430370 0.491635 0.430009 0.492057 0.428333 0.493568 0.425736 0.495312 0.422449
8 0.487440 0.409926 0.488359 0.405139 0.489779 0.399310 0.490385 0.396657 0.491070 0.396444 0.491917 0.397088 0.492201 0.397731 0.492201 0.400028 0.491555 0.401819 0.489617 0.409639 0.489216 0.412505 0.488690 0.414583 0.488206 0.418384 0.487563 0.422403 0.486917 0.425199 0.486271 0.425843 0.485302 0.424264 0.484818 0.423407 0.486271 0.416449
8 0.493151 0.362269 0.491674 0.364542 0.489706 0.366852 0.487312 0.367856 0.486786 0.369292 0.487068 0.369856 0.486927 0.371606 0.488685 0.370106 0.490599 0.368426 0.494349 0.364352 0.495896 0.361662 0.496154 0.360301
8 0.579456 0.574944 0.579453 0.572315 0.579315 0.563713 0.579917 0.558255 0.580602 0.558903 0.580885 0.561125 0.580966 0.564208 0.581005 0.568079 0.581208 0.572597 0.581409 0.574014 0.581198 0.575556 0.581060 0.577514 0.580206 0.578963 0.580286 0.579685 0.580857 0.580046 0.580807 0.583981 0.580654 0.597412 0.580654 0.599435 0.579432 0.601606 0.578823 0.600523 0.578859 0.593787 0.578943 0.588949 0.578703 0.586773 0.579193 0.579537
8 0.532177 0.379319 0.532763 0.385190 0.532885 0.388630 0.532844 0.392574 0.533289 0.400819 0.535781 0.413519 0.535466 0.403546 0.534982 0.394727 0.534620 0.385046 0.534492 0.379667
8 0.452146 0.463069 0.451826 0.464310 0.451826 0.465551 0.451966 0.466384 0.452339 0.466551 0.452758 0.465306 0.453396 0.463713
8 0.524279 0.517269 0.525219 0.519005 0.526195 0.522102 0.526266 0.524148 0.525951 0.525264 0.525255 0.524991 0.524695 0.521255
8 0.520677 0.538565 0.521607 0.535625 0.522453 0.533833 0.522815 0.532755 0.522857 0.531037 0.523422 0.530389 0.524326 0.530282 0.524227 0.532255 0.523826 0.533977 0.523180 0.535769 0.522695 0.538565 0.522573 0.540287
8 0.488859 0.373676 0.489714 0.372731 0.490859 0.372176 0.491432 0.372361 0.491458 0.373472 0.491198 0.374352 0.490651 0.375046 0.489609 0.375218
8 0.489609 0.375218 0.488859 0.373676 0.487919 0.374745 0.489346 0.376421
8 0.444875 0.276134 0.442734 0.267407 0.441310 0.266343 0.441120 0.267315 0.441073 0.267306 0.444875 0.279880 0.445362 0.283625 0.445755 0.285000 0.446440 0.284870 0.446797 0.282546
8 0.490156 0.269583 0.487214 0.267449 0.487135 0.269769 0.488789 0.270389
8 0.492865 0.344398 0.491315 0.338250 0.489974 0.332546 0.488279 0.333815 0.489370 0.338440 0.489982 0.343611
8 0.466786 0.260898 0.468016 0.261333 0.467760 0.259769 0.466510 0.259630
8 0.459922 0.276759 0.459870 0.275833 0.460417 0.275463 0.461276 0.275602 0.461406 0.277685 0.460273 0.278120
8 0.455839 0.259778 0.454427 0.260185 0.454510 0.262417 0.455216 0.262833 0.456073 0.262833 0.456797 0.262824
8 0.440547 0.324213 0.439852 0.327403 0.438880 0.332968 0.438341 0.336231 0.439852 0.338727 0.440609 0.335370 0.441310 0.331528 0.442768 0.324134 0.442604 0.323009
8 0.397948 0.342509 0.402633 0.350037 0.404255 0.352759 0.405786 0.352282 0.406958 0.350519 0.407229 0.349236 0.406690 0.346032 0.405786 0.344593 0.403266 0.343468 0.400109 0.339782 0.397948 0.336097
2 0.406406 0.305139 0.410497 0.304181 0.412714 0.304491 0.413297 0.305426 0.412602 0.307120 0.410651 0.307546
8 0.394271 0.303426 0.393732 0.302213 0.393049 0.298579 0.392206 0.292171 0.392628 0.291653 0.393049 0.290727 0.393701 0.290500 0.393766 0.290727 0.394023 0.291019 0.395112 0.290917 0.396862 0.299417
8 0.421885 0.412981 0.413701 0.419505 0.411797 0.421574 0.413333 0.426157 0.414956 0.423903 0.420719 0.418995
8 0.467917 0.481019 0.471411 0.481829 0.472484 0.482824 0.473138 0.482574 0.474581 0.482019 0.475049 0.483403 0.474557 0.485602 0.470495 0.485093
8 0.418008 0.290069 0.416943 0.290139 0.415430 0.290347 0.417352 0.294620
8 0.473523 0.489926 0.467917 0.481019 0.461591 0.470931 0.460216 0.472486 0.462904 0.477486 0.467901 0.484704 0.472711 0.492588
2 0.403177 0.317083 0.402617 0.317250 0.401190 0.315713 0.399687 0.313778 0.398786 0.311042 0.397294 0.307792 0.396495 0.308972 0.396044 0.311106 0.396195 0.312778 0.397435 0.316051 0.398862 0.319190 0.400401 0.320991 0.402430 0.322593 0.405698 0.324931 0.407201 0.322792 0.408891 0.322194 0.409604 0.321259 0.406448 0.320588 0.404883 0.320431 0.403753 0.320278 0.403146 0.318731
8 0.406979 0.312917 0.403750 0.315833 0.403177 0.317083 0.403146 0.318731 0.403753 0.320278 0.404883 0.320431 0.405883 0.319273 0.408404 0.316954 0.409411 0.314611
8 0.491917 0.340407 0.493784 0.339579 0.495135 0.339579 0.495135 0.340574 0.494203 0.341903 0.493083 0.342481 0.492383 0.342648
8 0.445802 0.488981 0.446224 0.489861 0.447448 0.488519 0.449839 0.485194 0.450292 0.481537 0.448615 0.484116
8 0.410755 0.307546 0.412602 0.307120 0.413297 0.305426 0.413818 0.304417 0.415357 0.304824 0.414747 0.307528 0.413922 0.309384
2 0.402612 0.303005 0.413922 0.309384 0.413357 0.315639 0.409411 0.314611 0.406979 0.312917 0.401940 0.310546 0.397294 0.307792 0.397362 0.305759 0.398036 0.304204 0.398641 0.301690 0.400122 0.301569
8 0.416563 0.430833 0.417536 0.430042 0.418560 0.432491 0.418198 0.435991 0.415234 0.430722 0.416036 0.431032
8 0.500937 0.276713 0.498646 0.275366 0.494815 0.273144 0.491667 0.271495 0.491458 0.273009 0.496630 0.276657 0.501268 0.280171 0.501672 0.277806
8 0.427292 0.408940 0.433977 0.403292 0.431901 0.409583 0.431260 0.412153 0.430333 0.412079 0.429471 0.412546 0.428198 0.412681 0.427591 0.413282
8 0.425417 0.410463 0.424401 0.411111 0.423906 0.414398 0.425547 0.414352
8 0.508177 0.505708 0.508971 0.501213 0.509565 0.496125 0.507474 0.494120 0.506294 0.503894
6 0.501305 0.527801 0.500365 0.519769 0.497422 0.516620 0.498930 0.531736 0.499362 0.534042 0.500172 0.532792 0.500440 0.528667
6 0.497831 0.512856 0.499885 0.510731 0.500154 0.515630
6 0.486068 0.678903 0.484036 0.688264 0.480997 0.689833 0.479193 0.685741 0.481555 0.680157 0.481753 0.679241 0.483529 0.680028 0.485812 0.678338
8 0.453906 0.508417 0.455182 0.512264 0.452839 0.512037 0.452039 0.509468
8 0.430456 0.415190 0.431260 0.412153 0.431901 0.409583 0.433977 0.403292 0.436638 0.394699 0.439102 0.391375 0.440286 0.391731 0.440940 0.395880 0.440206 0.398171 0.438651 0.401093 0.437898 0.401324 0.437529 0.403028 0.437031 0.404537 0.436320 0.406741 0.435000 0.410278 0.434159 0.412282 0.433573 0.413574 0.432924 0.416343 0.431797 0.416741
8 0.424888 0.517556 0.426042 0.527222 0.424844 0.527269 0.423359 0.527593 0.420760 0.508644 0.418206 0.492921 0.417714 0.484014 0.419286 0.483315 0.420794 0.495519 0.420367 0.496065 0.419990 0.497667 0.420432 0.499102 0.421482 0.501611 0.422651 0.504551 0.422893 0.507995 0.422690 0.510579 0.422932 0.513375 0.423982 0.514019
5 0.442734 0.267407 0.443802 0.266343 0.447135 0.264259 0.448307 0.263056 0.449792 0.260741 0.451401 0.259495 0.451797 0.258519 0.453672 0.256713 0.453880 0.255741 0.453620 0.255417 0.452344 0.256065 0.451432 0.256806 0.446146 0.261019 0.442341 0.264819 0.441365 0.265625 0.441310 0.266343
8 0.507935 0.508134 0.506607 0.517741 0.504570 0.513611 0.505651 0.506282
8 0.573464 0.602454 0.574922 0.602653 0.577448 0.600648 0.577466 0.586986 0.574721 0.588023 0.573833 0.587523 0.574156 0.586375 0.574721 0.586231 0.575245 0.585944 0.575807 0.585694 0.576536 0.585370 0.573956 0.577125 0.569500 0.559921 0.563544 0.537356 0.557294 0.512537 0.557440 0.510606 0.556185 0.507606 0.554932 0.507991 0.550104 0.512222 0.551865 0.517903 0.556823 0.531644 0.559891 0.540333 0.564870 0.552361 0.566422 0.569241 0.567229 0.581231 0.568318 0.588014 0.572245 0.598093
8 0.472943 0.332685 0.473995 0.330394 0.474974 0.327736 0.476841 0.325500 0.477820 0.324005 0.480529 0.323755 0.481648 0.323921 0.480341 0.327736 0.478802 0.327819 0.477307 0.328403 0.476516 0.330644 0.475440 0.333296 0.474461 0.334792 0.473784 0.333954
8 0.464451 0.336606 0.466083 0.336606 0.469164 0.334949 0.472292 0.333125 0.472943 0.332685 0.473784 0.333954 0.472898 0.335282 0.469443 0.337769 0.466224 0.338681 0.463938 0.337935
8 0.411927 0.297222 0.415357 0.304824 0.415706 0.302120 0.416594 0.299894 0.413742 0.292032 0.412440 0.295074
8 0.404883 0.320431 0.405883 0.319273 0.408404 0.316954 0.409411 0.314611 0.413357 0.315639 0.413589 0.318773 0.410651 0.320139 0.409604 0.321259 0.406448 0.320588
8 0.417047 0.388750 0.420411 0.385366 0.424750 0.380481 0.424893 0.386264 0.418604 0.391662
8 0.470339 0.444306 0.469305 0.442037 0.465917 0.438593 0.462448 0.435153 0.459464 0.431708 0.458818 0.432426 0.458576 0.433144 0.460753 0.435653 0.464786 0.439815 0.467917 0.443380
8 0.464492 0.284426 0.463607 0.286370 0.462383 0.286926 0.459883 0.289704 0.458034 0.290722 0.455872 0.292574 0.453763 0.294380 0.450977 0.296231 0.449596 0.298083 0.447089 0.299231 0.444927 0.301083 0.437250 0.308259 0.434125 0.310912 0.429690 0.314398 0.429536 0.315486 0.430224 0.316273 0.429740 0.318713 0.431716 0.316704 0.434339 0.314194 0.438573 0.310250 0.444060 0.306019 0.446076 0.304514 0.448495 0.302574 0.449948 0.302005 0.452044 0.299921 0.456039 0.296981 0.458823 0.295190 0.459062 0.293829 0.462169 0.292250 0.462513 0.291231 0.463216 0.289009 0.463997 0.288407 0.465117 0.286833 0.465534 0.285907
8 0.465534 0.285907 0.466784 0.288269 0.465456 0.289009 0.464727 0.289148 0.463997 0.290167 0.463737 0.291324 0.462513 0.291231 0.463216 0.289009 0.463997 0.288407 0.465117 0.286833
8 0.468333 0.290741 0.467099 0.301546 0.466240 0.307431 0.466029 0.308861 0.466240 0.310435 0.467122 0.310389 0.468010 0.309880 0.469023 0.304694 0.469870 0.298056 0.470422 0.293810
8 0.469036 0.286759 0.469284 0.285630 0.470781 0.275787 0.470938 0.273333 0.470547 0.270833 0.470260 0.269306 0.469453 0.268519 0.468177 0.268241 0.467135 0.267593 0.467005 0.266852 0.467344 0.265463 0.468776 0.265000 0.470990 0.265093 0.471385 0.265528 0.471750 0.265949 0.471984 0.266412 0.472219 0.266782 0.472865 0.268796 0.472891 0.272778 0.472995 0.276111 0.472266 0.279306 0.470833 0.289537
5 0.452766 0.264639 0.453906 0.266389 0.455443 0.266435 0.457891 0.265926 0.458453 0.267773 0.457474 0.269167 0.456615 0.269167 0.456615 0.269722 0.456979 0.270370 0.457292 0.270370 0.457526 0.270694 0.457448 0.271435 0.457318 0.271991 0.454049 0.271875 0.452344 0.268611 0.452487 0.267079
5 0.444766 0.267639 0.444844 0.266884 0.446833 0.264958 0.447135 0.264259 0.449531 0.264861 0.448703 0.269458 0.446961 0.268773
8 0.426013 0.330903 0.426211 0.321625 0.424927 0.322384 0.425240 0.340606 0.426013 0.341194
8 0.430224 0.316273 0.429536 0.315486 0.428458 0.314741 0.426648 0.316407 0.424875 0.318963 0.422049 0.320352 0.423044 0.321333 0.423810 0.322384 0.424125 0.323750 0.424927 0.322384 0.426211 0.321625 0.428487 0.318958
8 0.469818 0.281944 0.467161 0.283843 0.468581 0.286093 0.469297 0.285463
8 0.485698 0.314375 0.484367 0.301829 0.482995 0.294028 0.482083 0.298102 0.483385 0.310093
8 0.480753 0.335019 0.483844 0.325546 0.485760 0.319472 0.485586 0.318542 0.483565 0.318171 0.478823 0.332361 0.478753 0.334157 0.478922 0.335977 0.480003 0.336843
8 0.490625 0.361019 0.490469 0.359574 0.490086 0.357963 0.490154 0.356287 0.490258 0.354676 0.490154 0.353125 0.489563 0.351889 0.488760 0.351144 0.488724 0.351579 0.489005 0.353315 0.489284 0.354120 0.489318 0.355481 0.489073 0.356662 0.489247 0.358023 0.489458 0.359699 0.489526 0.361556
8 0.508776 0.363565 0.508271 0.360042 0.507893 0.358792 0.507516 0.357255 0.507190 0.356106 0.506823 0.354907 0.505495 0.355833 0.506490 0.358792 0.506974 0.361000 0.507352 0.362727 0.507552 0.363426
8 0.492711 0.466968 0.493102 0.468958 0.491750 0.470134 0.488315 0.469579 0.487474 0.467685 0.488310 0.466731 0.490870 0.467000
8 0.442167 0.437153 0.441831 0.436588 0.441018 0.437588 0.440893 0.440810 0.440893 0.443477 0.440393 0.446917 0.439768 0.451917 0.439518 0.458250 0.441456 0.459250 0.441956 0.460134 0.442143 0.456139 0.442206 0.452139 0.442581 0.451139 0.443016 0.448917 0.443167 0.440375
8 0.462357 0.271991 0.465174 0.272398 0.466388 0.273060 0.467508 0.272977 0.467599 0.273477 0.467740 0.274306 0.467320 0.275134 0.465359 0.275301 0.463542 0.275093
8 0.507768 0.335338 0.504935 0.334176 0.499060 0.332065 0.495526 0.330954 0.495362 0.332296 0.494521 0.332843 0.496081 0.335773 0.497375 0.335620 0.500560 0.336620 0.503497 0.337843 0.505185 0.338065 0.506747 0.337954 0.508557 0.337509
8 0.501484 0.338889 0.501628 0.337000 0.500560 0.336620 0.499792 0.336713 0.499091 0.339111 0.498120 0.341606 0.496927 0.345602 0.497995 0.345861 0.499846 0.346505 0.500750 0.341116
8 0.454849 0.384106 0.451703 0.377968 0.450995 0.375639 0.452714 0.374157 0.453255 0.375046 0.453568 0.375727 0.455641 0.383102
8 0.440120 0.363366 0.442385 0.362500 0.448242 0.358843 0.445102 0.362468 0.444172 0.363398 0.443047 0.365139 0.441924 0.365764
8 0.443125 0.365046 0.443685 0.368625 0.447557 0.362546 0.448461 0.361384 0.449216 0.361204 0.450169 0.360523 0.450357 0.359519 0.450333 0.357046 0.448242 0.358843 0.445102 0.362468 0.444172 0.363398
8 0.453255 0.375046 0.453958 0.374352 0.454271 0.374120 0.455000 0.373426 0.455260 0.372917 0.455313 0.372222 0.454974 0.372037 0.454609 0.371991 0.451719 0.372454 0.451068 0.372685 0.450188 0.372907 0.450313 0.374259 0.450417 0.375602 0.450995 0.375639 0.452714 0.374157
8 0.460437 0.364292 0.458646 0.359769 0.457682 0.357222 0.457031 0.355880 0.458203 0.354546 0.459089 0.354259 0.459661 0.355880 0.461276 0.360509 0.461797 0.361667 0.462630 0.363565 0.462161 0.364167
8 0.451719 0.372454 0.451250 0.367778 0.454115 0.367454 0.454609 0.371991
8 0.491552 0.452111 0.490664 0.445144 0.489719 0.428426 0.489484 0.423861 0.489578 0.422366 0.490326 0.421579 0.490687 0.421653 0.490490 0.426042 0.490581 0.430329 0.491047 0.432264 0.491406 0.436806 0.491354 0.440880 0.491898 0.444097 0.492370 0.447407 0.492461 0.449903 0.492604 0.452593
5 0.492604 0.452593 0.492461 0.449903 0.492396 0.447639 0.491898 0.444097 0.491354 0.440880 0.493667 0.442634 0.493690 0.445097 0.494177 0.448935 0.495182 0.453148 0.493924 0.453139
5 0.437935 0.498773 0.437318 0.496296 0.437396 0.491111 0.437812 0.483102 0.437786 0.475509 0.438750 0.474120 0.439193 0.473426 0.439505 0.472685 0.439792 0.473380 0.439583 0.474815 0.439557 0.475787 0.439010 0.476250 0.438880 0.477824 0.438854 0.478472 0.439063 0.478519 0.439531 0.477917 0.440130 0.477083 0.440365 0.476852 0.440599 0.481713 0.440990 0.486204 0.441172 0.489259 0.439531 0.490046 0.439557 0.491991 0.439349 0.495046 0.439245 0.496713 0.439245 0.498704 0.439063 0.499861 0.438354 0.498690
8 0.479979 0.349296 0.485516 0.348602 0.485690 0.349718 0.485620 0.350769 0.484992 0.351144 0.480042 0.351514
8 0.446146 0.455000 0.448914 0.457338 0.453070 0.459417 0.453651 0.460407 0.456633 0.466083 0.456057 0.466157 0.453396 0.463713 0.452146 0.463069 0.450937 0.461435 0.449320 0.460060 0.446740 0.459204
8 0.501057 0.354005 0.502846 0.349931 0.504518 0.350338 0.503672 0.352500
8 0.477604 0.341204 0.480234 0.341944 0.489982 0.343611 0.492865 0.344398 0.497995 0.345861 0.504323 0.347870 0.507458 0.348968 0.509237 0.349449 0.506583 0.350949 0.502846 0.349931 0.496219 0.348218 0.490523 0.346505 0.486125 0.345537 0.481604 0.344898 0.478289 0.344681 0.477326 0.344468
8 0.501484 0.338889 0.503003 0.341685 0.503573 0.345250 0.504323 0.347870 0.503099 0.347500 0.502130 0.344449 0.500750 0.341116
8 0.493125 0.357222 0.496771 0.348287 0.497839 0.348657 0.495938 0.353750 0.494846 0.358074 0.493268 0.359241
8 0.489503 0.346384 0.490740 0.350884 0.491615 0.354528 0.492367 0.359778 0.493268 0.359241 0.493073 0.356389 0.490523 0.346505
8 0.461276 0.360509 0.462161 0.356574 0.462542 0.355315 0.463479 0.354806 0.467031 0.355602 0.466719 0.357083 0.464323 0.356574 0.463047 0.357222 0.462760 0.359491 0.461745 0.361667
8 0.485620 0.350769 0.486039 0.349778 0.487443 0.350741 0.486844 0.351574 0.481333 0.366264 0.480000 0.367083 0.480086 0.364852 0.480852 0.363486
8 0.469943 0.353736 0.476276 0.352995 0.477091 0.351977 0.477151 0.351333 0.476849 0.350370 0.476016 0.350278 0.469740 0.352407
8 0.469057 0.349255 0.470263 0.349685 0.476138 0.346417 0.476951 0.346579 0.476982 0.347329 0.476620 0.348773 0.475143 0.349898 0.471927 0.351713 0.470565 0.351773 0.469539 0.351454 0.468727 0.350167
8 0.450544 0.353454 0.451492 0.351454 0.453862 0.348292 0.458604 0.343023 0.459490 0.342366 0.459091 0.344944 0.458359 0.345750 0.457141 0.347176 0.455339 0.349537 0.452734 0.352500
8 0.480753 0.335019 0.487159 0.330435 0.490466 0.327981 0.492081 0.330806 0.488279 0.333815 0.487133 0.335019 0.483878 0.337102 0.480154 0.339602 0.477604 0.341204 0.473539 0.344231 0.454589 0.355495 0.450333 0.357046 0.448242 0.358843 0.442385 0.362500 0.440120 0.363366 0.438620 0.362750 0.437818 0.362810 0.437505 0.363801 0.437052 0.363676 0.437294 0.362130 0.438586 0.360949 0.440607 0.358037 0.443781 0.357917 0.450544 0.353454 0.452495 0.352648 0.458979 0.348431 0.460271 0.347690 0.476969 0.337153 0.478922 0.335977 0.480003 0.336843
8 0.477604 0.341204 0.477307 0.344463 0.475922 0.345477 0.474961 0.346227 0.472396 0.346602 0.471328 0.345694 0.473539 0.344231
8 0.453862 0.348292 0.458604 0.343023 0.459490 0.342366 0.464451 0.336606 0.464740 0.335833 0.464557 0.335278 0.464089 0.334907 0.463177 0.335417 0.462552 0.336343 0.460573 0.338565 0.456953 0.341667 0.455651 0.343426 0.453698 0.346111 0.452813 0.347593 0.453099 0.349306
8 0.458979 0.348431 0.458685 0.346884 0.459490 0.342366 0.460234 0.342130 0.460271 0.347690
8 0.476969 0.337153 0.478922 0.335977 0.478753 0.334157 0.478823 0.332361 0.478802 0.327819 0.477307 0.328403 0.476516 0.330644 0.476513 0.332398
8 0.507266 0.523704 0.507875 0.521657 0.508151 0.519676 0.508516 0.518519 0.509052 0.517644 0.509773 0.516194 0.510227 0.515176 0.510466 0.514750 0.510828 0.514106 0.511401 0.514694 0.512154 0.515176 0.512516 0.515500 0.512034 0.517051 0.511281 0.518606 0.510888 0.519412 0.510495 0.520046 0.510182 0.520880 0.509896 0.522463 0.509401 0.524681 0.507964 0.528236 0.506529 0.528319
8 0.497719 0.362111 0.499880 0.362051 0.503018 0.363102 0.505529 0.363477 0.508776 0.363565 0.510966 0.364282 0.511594 0.366324 0.511104 0.367009 0.509570 0.366699 0.508596 0.366819 0.505318 0.366634 0.502839 0.366204 0.499531 0.365458 0.498924 0.362694 0.497836 0.363556
8 0.486786 0.369292 0.485477 0.366306 0.484495 0.364273 0.483674 0.363259 0.482997 0.363343 0.482576 0.365593 0.485654 0.372093 0.487206 0.373875 0.487919 0.374745 0.488859 0.373676 0.487370 0.371204 0.486927 0.371606 0.487068 0.369856
8 0.510966 0.364282 0.510469 0.360880 0.510409 0.359074 0.510268 0.356968 0.510339 0.355602 0.510583 0.354241 0.511120 0.354491 0.511664 0.354796 0.511594 0.357153 0.511594 0.359755 0.511906 0.361556 0.512047 0.363227 0.512430 0.364403 0.512570 0.365023 0.512154 0.365634 0.511594 0.366324
8 0.491862 0.530144 0.493005 0.524991 0.493724 0.523009 0.494641 0.520176 0.494359 0.516940 0.495596 0.516782 0.495969 0.518694 0.495969 0.521931 0.494802 0.524833 0.493917 0.527486 0.492891 0.531801
8 0.509839 0.481931 0.509924 0.480199 0.511883 0.475218 0.513932 0.475755 0.513813 0.477148 0.511589 0.480833 0.511849 0.484028
8 0.509401 0.524681 0.511148 0.527903 0.514961 0.533009 0.515773 0.533787 0.515836 0.535231 0.514773 0.534898 0.512211 0.533787 0.510714 0.532009 0.509141 0.530139 0.508490 0.528935 0.507964 0.528236
8 0.539297 0.518843 0.541120 0.523519 0.543250 0.528250 0.544906 0.531088 0.544305 0.531731 0.542617 0.531032 0.538549 0.521926
8 0.487443 0.350741 0.488047 0.353981 0.487781 0.362593 0.486505 0.363241 0.486583 0.359167 0.486844 0.354306 0.486844 0.351574
8 0.546909 0.511412 0.544854 0.514093 0.541802 0.517194 0.539297 0.518796 0.540078 0.520787 0.542292 0.520139 0.545997 0.516611 0.548221 0.515431
8 0.522174 0.216065 0.523062 0.219505 0.522456 0.227509 0.522638 0.228389 0.522872 0.230056 0.524555 0.228255 0.524557 0.219954 0.522776 0.213778 0.522010 0.213097 0.521383 0.214648 0.522010 0.215764
8 0.524453 0.526991 0.521943 0.525074 0.520542 0.523662 0.519656 0.521588 0.518490 0.520014 0.517836 0.520509 0.518641 0.522532 0.520721 0.525532 0.522708 0.527940 0.524326 0.530282 0.524365 0.528921
8 0.524404 0.525046 0.524427 0.526898 0.524365 0.528921 0.524326 0.530282 0.525211 0.532505 0.526354 0.534583 0.527914 0.536593 0.529206 0.537884 0.529568 0.537310 0.528760 0.535731 0.527148 0.533583 0.525823 0.530384 0.525570 0.528144 0.525255 0.524991
5 0.524687 0.262546 0.523594 0.261481 0.522708 0.260602 0.520779 0.259310 0.519820 0.257866 0.518635 0.256995 0.517130 0.256171 0.515128 0.252847 0.512607 0.249361 0.509745 0.245903 0.508701 0.245718 0.508664 0.244787 0.507961 0.245514 0.507299 0.245514 0.506984 0.245079 0.506820 0.244880 0.505094 0.245792 0.502948 0.246042 0.502526 0.245380 0.501221 0.244880 0.500099 0.244384 0.498419 0.244630 0.496320 0.244713 0.495339 0.244880 0.494266 0.244463 0.493659 0.243634 0.491745 0.243968 0.490289 0.244426 0.489727 0.245759 0.488414 0.244981 0.486518 0.243468 0.484839 0.243056 0.482039 0.242722 0.481010 0.243551 0.480544 0.245046 0.481711 0.246042 0.483206 0.246542 0.483578 0.246870 0.482784 0.248861 0.483719 0.249444 0.485727 0.250023 0.483206 0.253759 0.484372 0.254838 0.484885 0.255667 0.484138 0.256245 0.483997 0.257407 0.484513 0.258653 0.484466 0.259731 0.487031 0.262306 0.489133 0.266287 0.491839 0.266037 0.495479 0.266782 0.497719 0.266782 0.500521 0.266782 0.505104 0.266759 0.505990 0.266389 0.507940 0.267699 0.512375 0.268528 0.516797 0.263102 0.518828 0.261620 0.518854 0.266898 0.518906 0.268380 0.518099 0.268704 0.516458 0.271250 0.516562 0.272315
8 0.518854 0.266898 0.518906 0.268380 0.518099 0.268704 0.516458 0.271250 0.516562 0.272315 0.524687 0.262546 0.524922 0.263657 0.523583 0.266208 0.519677 0.270676 0.517214 0.273704 0.516432 0.274120 0.516068 0.274120 0.516044 0.273208 0.516172 0.272037 0.515732 0.271079 0.515521 0.270046
8 0.515732 0.271079 0.515521 0.270046 0.518854 0.266898 0.518828 0.261620 0.516797 0.263102 0.506823 0.275324 0.500729 0.283889 0.499505 0.286759 0.508594 0.277546 0.515107 0.270986
8 0.546031 0.509338 0.544219 0.505787 0.542969 0.503333 0.540935 0.499037 0.540451 0.498681 0.540047 0.498681 0.539846 0.498681 0.539604 0.499111 0.539484 0.499972 0.541508 0.504162 0.544010 0.510046 0.545495 0.513194 0.546909 0.511412
8 0.540451 0.498681 0.535453 0.488787 0.534943 0.488894 0.534792 0.489375 0.534911 0.490176 0.535003 0.491301 0.539492 0.499500 0.539604 0.499111 0.539846 0.498681 0.540047 0.498681
5 0.492714 0.489940 0.492604 0.506898 0.498984 0.500741 0.498888 0.493111 0.496568 0.489662 0.493776 0.486111
5 0.495466 0.482611 0.494609 0.483981 0.495326 0.485213 0.498385 0.489074 0.497859 0.479023
5 0.497292 0.474167 0.496974 0.468532 0.493896 0.468819 0.494706 0.478315 0.495339 0.476782
8 0.501654 0.498255 0.502542 0.501356 0.500042 0.503931 0.497992 0.506074 0.496042 0.507917 0.492867 0.511218 0.492307 0.509639 0.491885 0.507731
8 0.489193 0.505602 0.489401 0.513704 0.491279 0.514949 0.492773 0.521838 0.493005 0.524991 0.493672 0.523287 0.494641 0.520176 0.494359 0.516940 0.494081 0.515699 0.492867 0.511218 0.492307 0.509639 0.491885 0.507731 0.491185 0.504167 0.490065 0.500847
8 0.540078 0.520787 0.542292 0.520139 0.544992 0.528287 0.545880 0.530657 0.544906 0.531088 0.543250 0.528250 0.541120 0.523519
5 0.495625 0.508472 0.497964 0.508898 0.498570 0.508111 0.499013 0.507032 0.498651 0.505458 0.497992 0.506074 0.496042 0.507917
8 0.507266 0.523704 0.502682 0.518653 0.497831 0.512856 0.496875 0.515880 0.501594 0.521032 0.506563 0.527639
8 0.506294 0.503894 0.504453 0.502685 0.503156 0.499556 0.501365 0.495074 0.498888 0.490435 0.498888 0.493111 0.499701 0.495431 0.501654 0.498255 0.503362 0.503894 0.504341 0.505338 0.505651 0.506282 0.510833 0.510556 0.516154 0.518440 0.517333 0.517648 0.515133 0.513778 0.511229 0.508944 0.508177 0.505708
8 0.504349 0.512917 0.507497 0.519792 0.507534 0.520537 0.507430 0.521278 0.507151 0.521898 0.506505 0.521352 0.504870 0.517454 0.504609 0.515741 0.504427 0.515139 0.504245 0.515139 0.504062 0.515370 0.503693 0.514500
8 0.504341 0.505338 0.503698 0.514537 0.504349 0.512917 0.505070 0.505866
8 0.504870 0.517454 0.504661 0.520787 0.503646 0.519676 0.504062 0.515370 0.504245 0.515139 0.504427 0.515139 0.504609 0.515741
8 0.503203 0.523148 0.503016 0.525565 0.503146 0.526028 0.503302 0.526815 0.503693 0.527324 0.504161 0.527463 0.504422 0.527463 0.504552 0.527000 0.504552 0.526352 0.504505 0.524907
8 0.511672 0.496495 0.511458 0.509120 0.513880 0.512176 0.513695 0.493926
8 0.454849 0.384106 0.455641 0.383102 0.459888 0.381204 0.463435 0.379208 0.464370 0.378620 0.465536 0.378130 0.466562 0.378046 0.466888 0.379125 0.466935 0.380694 0.465417 0.382176 0.464010 0.382639 0.459701 0.384769 0.456760 0.386431 0.455221 0.386588 0.454148 0.386843
8 0.488359 0.405139 0.487633 0.399208 0.487594 0.395269 0.487344 0.390417 0.488229 0.388657 0.488602 0.393185 0.489128 0.402009
8 0.489609 0.375218 0.491562 0.376620 0.493073 0.379352 0.491531 0.379472 0.490510 0.378356 0.489346 0.376421
8 0.492344 0.378009 0.492943 0.377963 0.493451 0.376296 0.493633 0.375440 0.493542 0.374421 0.493344 0.373199 0.492698 0.370727 0.491854 0.371046 0.492185 0.373296 0.492427 0.375491 0.491771 0.376944
8 0.459878 0.381157 0.456883 0.375894 0.455451 0.368704 0.453654 0.361620 0.454896 0.360324 0.456701 0.367454 0.458263 0.373333 0.460911 0.380648
8 0.499831 0.476005 0.501164 0.476509 0.502776 0.477653 0.503542 0.479519 0.503542 0.482593 0.502534 0.482389 0.502333 0.480019 0.501930 0.479088 0.498945 0.478014 0.498951 0.477440
8 0.468232 0.372352 0.472516 0.368718 0.475086 0.369069 0.474625 0.369833 0.468594 0.373463
8 0.486510 0.365787 0.486289 0.368074 0.486786 0.369292 0.487312 0.367856 0.487706 0.365144
8 0.515260 0.533194 0.515971 0.525611 0.517320 0.525806 0.516172 0.534213
8 0.513578 0.523310 0.513633 0.531227 0.514922 0.531806 0.514388 0.522708
5 0.520802 0.493444 0.521250 0.502616 0.518323 0.497472 0.517484 0.496171 0.516753 0.496292 0.517651 0.492199 0.518802 0.490648
5 0.517044 0.501060 0.516247 0.510801 0.519049 0.507319 0.520659 0.507139 0.519367 0.504042 0.518078 0.502616
