9 0.460839 0.309907 0.460339 0.310407 0.459716 0.311148 0.459732 0.312634 0.459385 0.312639 0.458458 0.312782 0.457484 0.314097 0.459359 0.313912 0.460635 0.313912 0.461260 0.314884 0.461260 0.316181 0.462289 0.315440 0.461846 0.314218 0.462492 0.312491
8 0.513828 0.369426 0.507708 0.358361 0.505969 0.355148 0.507396 0.353296 0.512630 0.362574 0.514089 0.363315 0.514766 0.365028 0.515651 0.367389 0.515802 0.369699 0.515836 0.372866 0.514685 0.370815
8 0.527039 0.383102 0.532323 0.377583 0.536365 0.371935 0.536365 0.367995 0.529943 0.376218 0.524857 0.381676 0.526023 0.384417
8 0.529036 0.386968 0.528359 0.384514 0.527839 0.383171 0.527039 0.383102 0.526023 0.384417 0.526771 0.385495 0.529383 0.388815
8 0.507026 0.398667 0.502049 0.384046 0.502049 0.382750 0.501844 0.381454 0.500982 0.381176 0.499966 0.377889 0.499240 0.375852 0.495969 0.365403 0.495279 0.363935 0.494896 0.363056 0.497083 0.361481 0.498091 0.365343 0.498534 0.366917 0.500802 0.374000 0.501062 0.375389 0.501893 0.377889 0.501919 0.376685 0.509193 0.398519 0.509490 0.399991
8 0.446539 0.455634 0.443310 0.453319 0.443544 0.449889 0.445289 0.451144 0.446747 0.452435 0.447685 0.452625 0.447815 0.454245 0.447190 0.455213
8 0.500956 0.382611 0.500591 0.385991 0.500174 0.391083 0.499966 0.393583 0.500385 0.394324 0.500932 0.394324 0.501138 0.394093 0.501477 0.391130 0.501844 0.386731 0.502049 0.384046 0.502049 0.382750 0.501844 0.381454 0.500982 0.381176
8 0.487581 0.373940 0.488099 0.368426 0.485755 0.370231 0.485521 0.372606 0.484833 0.378495 0.484135 0.382588 0.486958 0.377630
8 0.538958 0.369444 0.540372 0.367227 0.540643 0.366148 0.541096 0.365190 0.541456 0.363579 0.540885 0.362722 0.538078 0.366042 0.538219 0.370634
8 0.496693 0.392181 0.494758 0.390750 0.495885 0.387806 0.496685 0.385435 0.497206 0.385250 0.497466 0.385065 0.500174 0.391083 0.499966 0.393583 0.497880 0.393412
8 0.482232 0.438745 0.478401 0.436231 0.476302 0.435014 0.474648 0.434440 0.473398 0.433866 0.472477 0.433644 0.472477 0.432718 0.471669 0.431833 0.470940 0.431699 0.470523 0.432162 0.468154 0.430426 0.466732 0.429319 0.463961 0.427875 0.460490 0.426551 0.457424 0.425551 0.454320 0.424116 0.451406 0.422870 0.449841 0.422181 0.449437 0.420097 0.450607 0.419523 0.454036 0.420671 0.455609 0.421032 0.462708 0.424403 0.465935 0.425407 0.471865 0.429921 0.473802 0.431356 0.477674 0.433866 0.479128 0.434801 0.486227 0.439319 0.486227 0.440606 0.484128 0.439963
8 0.454880 0.431597 0.457680 0.433921 0.458008 0.435250 0.457680 0.436657 0.457260 0.436824 0.455813 0.435333 0.453294 0.433588 0.452826 0.432843 0.451464 0.430921 0.453711 0.430588
8 0.459570 0.388856 0.457039 0.385806 0.457581 0.383338 0.458424 0.383338 0.462240 0.388194 0.460859 0.389861
8 0.466214 0.358380 0.462279 0.358046 0.458216 0.357602 0.455719 0.357491 0.453464 0.359167 0.452219 0.357157 0.453219 0.355046 0.457216 0.355269 0.462841 0.354824 0.466339 0.355491 0.470214 0.356157 0.473211 0.356713 0.468401 0.358157
8 0.474648 0.354602 0.471214 0.352380 0.466151 0.351380 0.463779 0.350269 0.461154 0.350269 0.459966 0.352269 0.460404 0.353824 0.462841 0.354824 0.466339 0.355491 0.470214 0.356157 0.473211 0.356713
8 0.476273 0.350824 0.474648 0.353491 0.474648 0.354602 0.473211 0.356713 0.475523 0.356824 0.478148 0.355713 0.477273 0.353713
8 0.481240 0.356731 0.485161 0.354824 0.484141 0.352593 0.482266 0.353333 0.481521 0.354824 0.480260 0.355486 0.480680 0.357231
8 0.486563 0.353255 0.491229 0.351412 0.493255 0.350139 0.499635 0.346745 0.498938 0.344454 0.493117 0.347431 0.490187 0.348546 0.485203 0.351894 0.486701 0.351644 0.486701 0.352264
8 0.486875 0.356787 0.486633 0.359269 0.486745 0.362037 0.487786 0.362361 0.487852 0.359824 0.487888 0.357718 0.488026 0.356542 0.487260 0.355301
8 0.503779 0.352181 0.502060 0.349611 0.501307 0.347630 0.500404 0.343880 0.503596 0.347361 0.505742 0.350931 0.504331 0.353009
8 0.453711 0.430588 0.457086 0.430921 0.459523 0.430477 0.459961 0.428699 0.459211 0.428255 0.458711 0.428255 0.457211 0.427477 0.455086 0.427921 0.451526 0.428588 0.449089 0.428366 0.446589 0.427699 0.445276 0.427032 0.445026 0.429699 0.446589 0.430588 0.448932 0.431019 0.451464 0.430921
8 0.458831 0.417704 0.455349 0.420417 0.454844 0.420741 0.451781 0.417097 0.449448 0.413625 0.450594 0.413551 0.451826 0.414079 0.452690 0.413403 0.454711 0.417398 0.455094 0.417551 0.457966 0.415144 0.459411 0.416806
8 0.442828 0.419398 0.438143 0.417764 0.433091 0.417199 0.432021 0.416366 0.427536 0.415458 0.424734 0.415458 0.421750 0.415532 0.419089 0.415370 0.419508 0.411713 0.424786 0.412130 0.434120 0.414120 0.436453 0.415042 0.443169 0.416528
8 0.433271 0.409273 0.433935 0.406699 0.434357 0.405681 0.435109 0.405681 0.435380 0.406593 0.435260 0.407986 0.433747 0.411551 0.432768 0.410806
8 0.427896 0.417056 0.431068 0.424176 0.430440 0.424926 0.429505 0.426157 0.424734 0.415458 0.427536 0.415458
8 0.428646 0.429861 0.427922 0.428579 0.427078 0.426486 0.421750 0.415532 0.424734 0.415458 0.429505 0.426157 0.429792 0.427185 0.429159 0.428255
8 0.454531 0.405713 0.455924 0.409245 0.457042 0.411227 0.458331 0.408745 0.455417 0.400463 0.454453 0.401667 0.453411 0.402963
8 0.470909 0.347880 0.468747 0.347972 0.466742 0.347741 0.459711 0.347926 0.453747 0.347972 0.447081 0.347787 0.446951 0.347185 0.446898 0.344222 0.452055 0.344083 0.458878 0.344222 0.464607 0.344222 0.468044 0.343898 0.474286 0.343954 0.475125 0.345282 0.475641 0.346278 0.476154 0.347606
8 0.465961 0.348574 0.464737 0.349778 0.463779 0.350269 0.466151 0.351380 0.467758 0.350148 0.468747 0.347972 0.466742 0.347741
8 0.465729 0.340611 0.461182 0.340611 0.457081 0.340773 0.455518 0.340662 0.452448 0.340509 0.451771 0.341204 0.451120 0.341944 0.451094 0.343519 0.452055 0.344083 0.458878 0.344222 0.464607 0.344222 0.468044 0.343898 0.468333 0.343102 0.468172 0.341630 0.467539 0.340398
8 0.458141 0.336616 0.456474 0.336847 0.455771 0.336708 0.454937 0.336338 0.454401 0.335306 0.452813 0.334769 0.453688 0.337588 0.454323 0.339861 0.455518 0.340662 0.457081 0.340773 0.458453 0.340042 0.459885 0.339023 0.461266 0.338190 0.463049 0.337398 0.461271 0.336806 0.458589 0.336056
8 0.456615 0.336343 0.456474 0.336847 0.455771 0.336708 0.455833 0.335463 0.456753 0.335736
8 0.483120 0.343162 0.481883 0.342755 0.479919 0.341630 0.476339 0.339593 0.482938 0.340431 0.484266 0.340708 0.483667 0.341495
8 0.427841 0.432468 0.426914 0.433472 0.425945 0.434259 0.422841 0.439639 0.423807 0.441218 0.425138 0.439065 0.426354 0.437407 0.429253 0.435051 0.429414 0.432898 0.429779 0.431176 0.429940 0.429745 0.430141 0.428523 0.430544 0.428236 0.431755 0.425870 0.431068 0.424176 0.430440 0.424926 0.429505 0.426157 0.429792 0.427185 0.429159 0.428255 0.428646 0.429861 0.428690 0.431032
8 0.427193 0.431963 0.427344 0.430569 0.427922 0.428579 0.427078 0.426486 0.426172 0.431264 0.425945 0.434259 0.426914 0.433472
8 0.425891 0.440389 0.426354 0.437407 0.425138 0.439065 0.425057 0.440389
8 0.432531 0.431093 0.432193 0.430491 0.430544 0.428236 0.431755 0.425870 0.433495 0.429056
8 0.454917 0.396944 0.453979 0.396944 0.453979 0.398241 0.454505 0.398574 0.455560 0.397074
8 0.452083 0.399259 0.451151 0.397157 0.449797 0.394565 0.449797 0.392898 0.449823 0.391880 0.450214 0.391093 0.450630 0.391694 0.451385 0.392435 0.451828 0.394102 0.452974 0.395769 0.453979 0.398241 0.454505 0.398574 0.453974 0.399454 0.452997 0.400815
8 0.452544 0.391481 0.453378 0.385926 0.453560 0.383796 0.453406 0.382815 0.453117 0.381667 0.452622 0.381620 0.451893 0.388981 0.451581 0.390556 0.451385 0.392435 0.451828 0.394102
8 0.443516 0.375954 0.440885 0.370676 0.438594 0.365120 0.437656 0.362991 0.437031 0.362713 0.436536 0.362620 0.436094 0.363870 0.436953 0.365120 0.441406 0.374380 0.444193 0.380491 0.445260 0.383315
8 0.478576 0.334741 0.477534 0.334926 0.476935 0.335667 0.476284 0.336269 0.475216 0.338259 0.477820 0.338398 0.479930 0.336593 0.481518 0.335991 0.482664 0.334880 0.483073 0.333426 0.479896 0.333194
8 0.463914 0.332556 0.463315 0.331718 0.462299 0.330329 0.461518 0.329963 0.460893 0.330241 0.460320 0.330241 0.459174 0.330611 0.458211 0.330148 0.457169 0.329403 0.456310 0.328620 0.455607 0.327694 0.455320 0.326394 0.455685 0.325699 0.456362 0.326352 0.457247 0.327741 0.458211 0.328389 0.459331 0.328667 0.460919 0.328667 0.462195 0.328620 0.462924 0.329037 0.463810 0.329778 0.464568 0.330583 0.464602 0.331759 0.465247 0.332861 0.464781 0.333046 0.464674 0.334343 0.464357 0.333620
8 0.450388 0.329565 0.445310 0.338361 0.442914 0.342019 0.442576 0.343361 0.442680 0.344380 0.443565 0.344935 0.446534 0.341046 0.449867 0.336046 0.451690 0.332574 0.452289 0.331509 0.452419 0.330491 0.451768 0.329657
8 0.453253 0.337620 0.451273 0.338454 0.450388 0.338685 0.449398 0.339380 0.446534 0.341046 0.443565 0.344935 0.444685 0.345120 0.446898 0.344222 0.447732 0.343269 0.449763 0.342204 0.451771 0.341204 0.452448 0.340509 0.454323 0.339861 0.453688 0.337588
8 0.455430 0.328972 0.454779 0.330361 0.454023 0.330963 0.453138 0.330546 0.452419 0.330491 0.451768 0.329657 0.450388 0.329565 0.449336 0.329481 0.447568 0.329157 0.444388 0.328509 0.442906 0.327120 0.441940 0.325731 0.442201 0.323417 0.443633 0.323185 0.445380 0.324250 0.448659 0.325222 0.451003 0.326148 0.452776 0.326472 0.453948 0.326102 0.455320 0.326394 0.455607 0.327694
8 0.486378 0.343944 0.486065 0.345148 0.485753 0.346537 0.485492 0.347093 0.484763 0.347093 0.484242 0.345148 0.484164 0.343713 0.484396 0.342912 0.484760 0.342449 0.484786 0.341171 0.485177 0.341171 0.485620 0.340755 0.485768 0.341194 0.486732 0.340361 0.487253 0.339713 0.487201 0.340222 0.486732 0.341935
8 0.484320 0.347093 0.483797 0.346616 0.483563 0.344949 0.484242 0.345148 0.484763 0.347093
8 0.494911 0.334736 0.494023 0.339255 0.492732 0.341907 0.491680 0.343972 0.491706 0.342630 0.491966 0.339398 0.492461 0.338046 0.492721 0.336565 0.493417 0.333588
8 0.492372 0.334454 0.492826 0.333171 0.492794 0.332579 0.492221 0.331722 0.491469 0.331241 0.491289 0.333880 0.492005 0.335139
8 0.495641 0.329412 0.494784 0.325403 0.495867 0.325940 0.496711 0.324866 0.496896 0.325569 0.496477 0.327306 0.496339 0.329162
8 0.417128 0.415343 0.416195 0.415176 0.415078 0.410861 0.417646 0.411194 0.417315 0.415343
8 0.413727 0.414597 0.408544 0.414514 0.408266 0.410861 0.409987 0.410282 0.413167 0.410282
8 0.411484 0.404074 0.409987 0.410282 0.408266 0.410861 0.408021 0.410000 0.409427 0.404028 0.410755 0.400556 0.411172 0.402361
8 0.416979 0.396389 0.415234 0.392481 0.414674 0.390806 0.412654 0.386407 0.412130 0.386903 0.411573 0.386843 0.411190 0.387028 0.411190 0.387894 0.414159 0.394218
8 0.418542 0.404167 0.413195 0.403273 0.412622 0.400755 0.418924 0.401440
8 0.424786 0.412130 0.420477 0.404065 0.420052 0.407639 0.422135 0.411898
8 0.420362 0.411796 0.419711 0.410306 0.420052 0.407639 0.422135 0.411898
8 0.409164 0.432208 0.409586 0.428139 0.410398 0.424014 0.411815 0.423477 0.411935 0.425565 0.411406 0.430463 0.410792 0.432690 0.410187 0.436014 0.409560 0.437296
8 0.521216 0.385569 0.523003 0.383912 0.523609 0.383148 0.524695 0.385431 0.521669 0.389227
8 0.436417 0.361199 0.436258 0.358051 0.436310 0.355829 0.437198 0.355366 0.437404 0.356014 0.437458 0.357171 0.437620 0.361676
8 0.452622 0.381620 0.451042 0.379630 0.450964 0.378380 0.451484 0.378426 0.451771 0.378796 0.452109 0.378750 0.452240 0.378333 0.452865 0.378565 0.453255 0.378333 0.454896 0.382083 0.453406 0.382815 0.453117 0.381667
8 0.453255 0.378333 0.453307 0.377315 0.452552 0.374583 0.452161 0.373565 0.451432 0.372361 0.450703 0.371435 0.450260 0.371389 0.450469 0.372731 0.451120 0.374352 0.451823 0.375509 0.452109 0.376528 0.452240 0.378333 0.452865 0.378565
8 0.420320 0.395176 0.419479 0.395139 0.418651 0.395023 0.418266 0.396014 0.418615 0.396880 0.419229 0.397759 0.420279 0.397403
8 0.417237 0.448699 0.417680 0.447681 0.418253 0.447264 0.419320 0.445181 0.420076 0.443745 0.420932 0.442130 0.421294 0.445500 0.420961 0.445921 0.420544 0.446708 0.419659 0.447958 0.418773 0.449255 0.418461 0.449856 0.418148 0.449671 0.418044 0.449069
8 0.418773 0.449255 0.419010 0.450046 0.419661 0.450417 0.420026 0.449907 0.420365 0.448796 0.420859 0.448241 0.421406 0.447685 0.421641 0.447315 0.421940 0.446648 0.421294 0.445500 0.420961 0.445921 0.420544 0.446708 0.419659 0.447958
8 0.414516 0.381718 0.414674 0.390806 0.415234 0.392481 0.415714 0.389495 0.415740 0.385282 0.415740 0.382273 0.415531 0.379403
8 0.445078 0.385972 0.440469 0.375537 0.438906 0.372620 0.436615 0.366833 0.436198 0.364750 0.436094 0.363870 0.436953 0.365120 0.441406 0.374380 0.444193 0.380491 0.445260 0.383315
8 0.434193 0.374259 0.439451 0.390778 0.442799 0.396153 0.442315 0.392139 0.440701 0.386616 0.439026 0.382718 0.437495 0.378125 0.435659 0.371273
8 0.437357 0.397843 0.433091 0.391162 0.430966 0.387579 0.428958 0.382222 0.426924 0.377579 0.429818 0.381944 0.438464 0.395046 0.445651 0.405926 0.444271 0.405046 0.442846 0.404472 0.440469 0.403102
8 0.539570 0.377593 0.538357 0.377204 0.538393 0.379056 0.539258 0.379574
8 0.424372 0.526009 0.426591 0.512750 0.426310 0.510167 0.425784 0.509954 0.424695 0.510731 0.423042 0.519491 0.423687 0.523505
8 0.506492 0.283880 0.505281 0.287606 0.503747 0.293630 0.503260 0.297120 0.505219 0.291889 0.506466 0.288282 0.507154 0.282690
8 0.504208 0.304630 0.505740 0.300903 0.506669 0.297532 0.508151 0.290185 0.508081 0.286130 0.508646 0.280968 0.510016 0.269421 0.510096 0.268204 0.508888 0.268560 0.508604 0.269995 0.508242 0.272074 0.507596 0.277741 0.507154 0.282690 0.506466 0.288282 0.506143 0.291148 0.505419 0.295023 0.505096 0.296741 0.502531 0.305009 0.503284 0.306403
8 0.517198 0.287926 0.516484 0.287407 0.515826 0.289681 0.515594 0.292449 0.517276 0.288796
8 0.516576 0.311116 0.518068 0.305472 0.519562 0.299833 0.519841 0.294769 0.519562 0.292528 0.518909 0.290787 0.517367 0.293278 0.517789 0.294602 0.517836 0.297593 0.516948 0.301741 0.515594 0.307051 0.514102 0.311861
8 0.508865 0.288778 0.510818 0.283685 0.513135 0.277898 0.515401 0.273824 0.517706 0.270282 0.518401 0.266000 0.517302 0.266926 0.514516 0.271185 0.510974 0.278083 0.509047 0.283454 0.508081 0.286130 0.508151 0.290185
8 0.508656 0.291370 0.508151 0.290185 0.508865 0.288778 0.510453 0.290491 0.512581 0.292139 0.512023 0.294000
8 0.509716 0.279306 0.510680 0.273519 0.511495 0.266556 0.510349 0.267306 0.510096 0.268204 0.510016 0.269421 0.508646 0.280968 0.508081 0.286130 0.509047 0.283454 0.509385 0.281338
8 0.501393 0.303671 0.503260 0.297120 0.505219 0.291889 0.506466 0.288282 0.506143 0.291148 0.505419 0.295023 0.505096 0.296741 0.502531 0.305009 0.501953 0.306454 0.501206 0.308111 0.500505 0.306329
8 0.435826 0.331523 0.437964 0.328440 0.439253 0.326792 0.439737 0.325856 0.439133 0.324926 0.436026 0.327005 0.434857 0.330949 0.435380 0.331523
8 0.429977 0.324995 0.431711 0.322273 0.431469 0.321051 0.432115 0.319690 0.432396 0.318111 0.432396 0.317681 0.428885 0.321986 0.425740 0.326218 0.424247 0.328222 0.427878 0.327361 0.428242 0.326574 0.428724 0.325787
8 0.434034 0.319565 0.439021 0.312685 0.438810 0.311259 0.437625 0.310699 0.436997 0.310764 0.434628 0.314421 0.433792 0.315968 0.433513 0.316588 0.433060 0.318944
8 0.493862 0.322843 0.493164 0.321477 0.492607 0.319060 0.492294 0.318009 0.491737 0.316644 0.491596 0.315343 0.491492 0.314352 0.492049 0.313792 0.492607 0.313671 0.493026 0.315403 0.493513 0.317139 0.493688 0.318380 0.494560 0.320861 0.494875 0.323153 0.494331 0.324065
6 0.448776 0.408250 0.448078 0.408704 0.447508 0.408815 0.446714 0.408250 0.445651 0.405926 0.438464 0.395046 0.429818 0.381944 0.426924 0.377579 0.427781 0.376565 0.428352 0.376000 0.429747 0.375662 0.448966 0.405829 0.449125 0.406560 0.448904 0.407912
8 0.432062 0.412880 0.422589 0.404000 0.420492 0.402009 0.420680 0.399602 0.423708 0.401926 0.425482 0.404000 0.432768 0.410806 0.433747 0.411551 0.436453 0.415042 0.434120 0.414120
8 0.499339 0.318236 0.500693 0.316491 0.501440 0.313255 0.502419 0.309856 0.501953 0.306454 0.501206 0.308111 0.500365 0.309935 0.499339 0.313088 0.498312 0.315245
8 0.500208 0.324296 0.500523 0.325130 0.501094 0.325222 0.501380 0.324852 0.501565 0.324111 0.500781 0.322130 0.500086 0.323366
8 0.416034 0.424602 0.413727 0.414597 0.413167 0.410282 0.411484 0.404074 0.411172 0.402361 0.410755 0.400556 0.409375 0.393889 0.407961 0.388815 0.406154 0.380514 0.405159 0.377514 0.401544 0.361227 0.398289 0.347139 0.398078 0.343176 0.398620 0.343176 0.403654 0.363157 0.405099 0.368833 0.406424 0.375046 0.407359 0.378690 0.409828 0.388602 0.410523 0.391921 0.411607 0.395884 0.411927 0.397639 0.412622 0.400755 0.413195 0.403273 0.415063 0.410824 0.416195 0.415176 0.416784 0.417880
8 0.418924 0.401440 0.416008 0.399681 0.413404 0.397644 0.411607 0.395884 0.410523 0.391921 0.412831 0.392968 0.414159 0.394218 0.416979 0.396389 0.419229 0.397759
8 0.409375 0.393889 0.407786 0.392361 0.406953 0.391481 0.405547 0.390509 0.403620 0.389213 0.402578 0.384028 0.403411 0.384491 0.405391 0.386250 0.406432 0.387037 0.407961 0.388815
6 0.421781 0.365759 0.415992 0.378282 0.412654 0.386407 0.412130 0.386903 0.411573 0.386843 0.411190 0.387028 0.410729 0.385097 0.414391 0.376176 0.415086 0.374810 0.420596 0.362417
6 0.419263 0.359866 0.413448 0.368921 0.410857 0.372991 0.409591 0.374921 0.408536 0.376847 0.407359 0.378690 0.406424 0.375046 0.408266 0.371972 0.409289 0.370421 0.418570 0.356116
8 0.421615 0.329167 0.424063 0.318537 0.425393 0.319542 0.425596 0.322407 0.424708 0.324704 0.423279 0.328296
8 0.490958 0.281181 0.489419 0.278606 0.487521 0.275769 0.486378 0.272769 0.484630 0.268269 0.486286 0.269343 0.487583 0.271162 0.488305 0.272231 0.490023 0.274806 0.492854 0.279250
8 0.494208 0.316505 0.496258 0.313981 0.498034 0.312106 0.500365 0.309935 0.499763 0.307532 0.498177 0.308917 0.496529 0.311148 0.495172 0.312644 0.493026 0.315403 0.493513 0.317139
8 0.504487 0.278931 0.502714 0.284241 0.502060 0.286648 0.501081 0.289301 0.500005 0.292208 0.498979 0.295940 0.497565 0.300106 0.498966 0.302759 0.500763 0.297505 0.503586 0.288324 0.505643 0.279361 0.506573 0.277065 0.505560 0.278019
8 0.501745 0.286296 0.500005 0.289301 0.497672 0.294861 0.496073 0.296704 0.494766 0.295042 0.496458 0.291292 0.499961 0.286148 0.501826 0.282000 0.502948 0.279264 0.503508 0.278514 0.504487 0.278931 0.502714 0.284241
8 0.493659 0.291958 0.494826 0.289634 0.495992 0.287644 0.496927 0.285569 0.498047 0.284241 0.498513 0.284741 0.498513 0.285736 0.498000 0.287894 0.496458 0.291292 0.494766 0.295042 0.492898 0.292472
8 0.495234 0.305681 0.496016 0.303782 0.496633 0.302347 0.498253 0.305514 0.497852 0.306509 0.494818 0.307259
8 0.493229 0.304389 0.494193 0.301699 0.494766 0.299769 0.496633 0.302347 0.496016 0.303782 0.495234 0.305681 0.494818 0.307259 0.492214 0.307917
8 0.491432 0.303231 0.492630 0.300222 0.493716 0.298315 0.494766 0.299769 0.494193 0.301699 0.493229 0.304389 0.492214 0.307917 0.489870 0.309028 0.488891 0.308750
8 0.488542 0.304014 0.490625 0.299940 0.491823 0.297213 0.492745 0.295917 0.493716 0.298315 0.492630 0.300222 0.491432 0.303231 0.488891 0.308750 0.486719 0.309213 0.486484 0.308324 0.487760 0.305546
8 0.487630 0.301051 0.488073 0.300356 0.489219 0.298458 0.491875 0.294028 0.492745 0.295917 0.491823 0.297213 0.490625 0.299940 0.488542 0.304014 0.487760 0.305546 0.486484 0.308324 0.486719 0.309213 0.485130 0.310370 0.483958 0.308273 0.484740 0.305634 0.486406 0.302671
8 0.506268 0.313296 0.509398 0.308019 0.512370 0.303796 0.513260 0.301074 0.515362 0.296843 0.515594 0.292449 0.515826 0.289681 0.516484 0.287407 0.518633 0.281907 0.519201 0.277653 0.519896 0.269782 0.520589 0.263157 0.521148 0.261583 0.521328 0.252921 0.519130 0.255523 0.518401 0.266000 0.517706 0.270282 0.517013 0.277037 0.514784 0.284787 0.513526 0.288444 0.512581 0.292139 0.512023 0.294000 0.509372 0.300579 0.506339 0.307394 0.504247 0.311292 0.503654 0.312472 0.503654 0.313588 0.504419 0.312847 0.504560 0.312222 0.505398 0.311481 0.505750 0.312347
8 0.450479 0.298208 0.453289 0.301088 0.456151 0.304148 0.457068 0.304829 0.457500 0.304255 0.457500 0.303486 0.457177 0.302815 0.456419 0.301759 0.453234 0.298593 0.451992 0.297056 0.451398 0.296287 0.450750 0.296093 0.450695 0.297153
8 0.519982 0.309537 0.522362 0.310204 0.523109 0.307051 0.523672 0.303519 0.525349 0.293606 0.525956 0.286139 0.525490 0.279833 0.523529 0.282657 0.523669 0.286806 0.523341 0.293856 0.521755 0.300912
8 0.515362 0.296843 0.517367 0.293278 0.518909 0.290787 0.523529 0.282657 0.525490 0.279833 0.526750 0.278259 0.527495 0.276269 0.528430 0.275190 0.528477 0.273861 0.528102 0.272699 0.526982 0.272366 0.525302 0.275685 0.523529 0.278593 0.517276 0.288796 0.515594 0.292449
8 0.489630 0.282519 0.487521 0.275769 0.486378 0.272769 0.484630 0.268269 0.482109 0.260602 0.481195 0.258625 0.480763 0.259366 0.482258 0.264014 0.485523 0.272972 0.488979 0.283097
8 0.437760 0.252037 0.437060 0.249806 0.437422 0.246847 0.439013 0.251218
8 0.509154 0.260838 0.511419 0.254023 0.513964 0.246338 0.514505 0.243287 0.514521 0.249190 0.511484 0.260588
8 0.514531 0.255741 0.514521 0.249190 0.514487 0.232704 0.514398 0.222384 0.514615 0.213556 0.515625 0.212407 0.515727 0.222106 0.516055 0.233134 0.515979 0.238551 0.516005 0.245588 0.516083 0.253181
8 0.516005 0.245588 0.519219 0.233102 0.519531 0.230926 0.519714 0.228611 0.519245 0.228287 0.518880 0.228519 0.515979 0.238551
8 0.518906 0.248796 0.519010 0.236250 0.519219 0.233102 0.519531 0.230926 0.519714 0.228611 0.520312 0.229074 0.520469 0.242963 0.520417 0.246759
8 0.525255 0.204708 0.527214 0.184352 0.528073 0.184537 0.525990 0.205833
8 0.507479 0.260903 0.511016 0.247824 0.514487 0.232704 0.514505 0.243287 0.514505 0.243287 0.513964 0.246338 0.511419 0.254023 0.509154 0.260838
8 0.505982 0.261148 0.506979 0.252222 0.508086 0.245051 0.508198 0.242861 0.509318 0.241269 0.509766 0.240671 0.509206 0.239278 0.510625 0.240046 0.509219 0.249907 0.508177 0.258241 0.507479 0.260903 0.507448 0.260972
8 0.505547 0.264676 0.504247 0.268259 0.506797 0.265694 0.507445 0.264310
8 0.498589 0.262139 0.497760 0.257870 0.496328 0.251713 0.494609 0.246690 0.494193 0.245208 0.494542 0.245861 0.494937 0.246431 0.495706 0.247301 0.495984 0.247736 0.496542 0.249657 0.497896 0.252218 0.499128 0.256000 0.499464 0.257194 0.499914 0.262139
8 0.457974 0.306042 0.458174 0.304611 0.458740 0.304181 0.461885 0.307190 0.461482 0.309620 0.460839 0.309907 0.459104 0.308046
8 0.461846 0.314218 0.462492 0.312491 0.464911 0.316005 0.465557 0.318370 0.465315 0.319380 0.464065 0.318801 0.463138 0.316801 0.462289 0.315440
8 0.456792 0.242671 0.457039 0.237222 0.457359 0.228046 0.457320 0.220801 0.457359 0.212556 0.455828 0.207106 0.449669 0.196514 0.448357 0.193130 0.447664 0.188310 0.447180 0.186694 0.446458 0.186106 0.446430 0.184875 0.447120 0.183806 0.447995 0.184023 0.448505 0.185519 0.448628 0.186755 0.448987 0.190338 0.449591 0.192593 0.451521 0.196662 0.455346 0.202824 0.456911 0.205449 0.458630 0.212037 0.458753 0.220657 0.458599 0.223977 0.458047 0.241574 0.457997 0.243074 0.457477 0.244000
8 0.420305 0.199051 0.422526 0.197546 0.424427 0.196620 0.426797 0.195648 0.430000 0.194769 0.433255 0.193981 0.433302 0.190685 0.431406 0.191065 0.429062 0.191898 0.425547 0.193241 0.422969 0.194722 0.420990 0.196065 0.419471 0.196968
8 0.462008 0.186782 0.464008 0.184958 0.466859 0.180310 0.467841 0.181144 0.467841 0.182384 0.467742 0.183463 0.467000 0.183630 0.465036 0.185787 0.464008 0.186120
8 0.441435 0.303514 0.442927 0.303514 0.445031 0.303269 0.449320 0.303019 0.450674 0.303019 0.450815 0.301690 0.448760 0.301356 0.446102 0.301356 0.444281 0.301356 0.443115 0.300361 0.442227 0.299699 0.441849 0.301111 0.440971 0.301190 0.440922 0.303514
2 0.410799 0.331824 0.411068 0.330046 0.411357 0.327671 0.411914 0.326616 0.412646 0.325685 0.413031 0.324759 0.412891 0.323148 0.412089 0.321782 0.410729 0.322153 0.409857 0.323889 0.409299 0.325875 0.408638 0.328912 0.408708 0.332815 0.409615 0.332565 0.410417 0.333060
2 0.457997 0.243074 0.468232 0.242736 0.469201 0.239009 0.472102 0.243532 0.474995 0.238713 0.481865 0.226875 0.487229 0.216588 0.477786 0.217222 0.477419 0.219278 0.476341 0.221389 0.474773 0.224171 0.471372 0.227338 0.467539 0.228301 0.465758 0.228491 0.463109 0.228778 0.462031 0.229069 0.461438 0.228875 0.458250 0.236556
2 0.409596 0.263051 0.408188 0.264093 0.402836 0.273000 0.396466 0.284324 0.396956 0.288824 0.397995 0.289463 0.400086 0.290884 0.403536 0.293426 0.404844 0.294412 0.407130 0.288023 0.405904 0.286713 0.406339 0.284602 0.407401 0.282380 0.410089 0.284046 0.412339 0.285935 0.413198 0.285986 0.417784 0.277681 0.418125 0.276625 0.416224 0.274676 0.410044 0.266019 0.410294 0.264574
2 0.485352 0.225218 0.490990 0.222907 0.492073 0.223551 0.492435 0.227532 0.492526 0.232014 0.491927 0.230718 0.491380 0.230116 0.490599 0.231042 0.490495 0.232245 0.490703 0.234190 0.491719 0.241088 0.491484 0.241806 0.491206 0.242532 0.489951 0.240116 0.489602 0.238380 0.488695 0.238625 0.487859 0.240236 0.487859 0.241972 0.488487 0.243088 0.489253 0.244579 0.483911 0.252102 0.482797 0.253343 0.480534 0.256148 0.479565 0.254282 0.476945 0.250699 0.476339 0.249407 0.473672 0.245782 0.477437 0.238389 0.480719 0.232870
2 0.404315 0.353727 0.404844 0.347546 0.405612 0.344139 0.406099 0.342093 0.406589 0.340231 0.407362 0.338495 0.409378 0.335708 0.409307 0.338870 0.409096 0.343579 0.407807 0.347856 0.406518 0.352134 0.404828 0.362352 0.404586 0.356782
2 0.484534 0.274120 0.482646 0.269514 0.480326 0.263366 0.479659 0.266037 0.476344 0.269023 0.473716 0.274324 0.473357 0.277236 0.472599 0.280213 0.472318 0.281111 0.473810 0.280634 0.475346 0.279616 0.480198 0.276616
2 0.526026 0.458403 0.524659 0.458838 0.525682 0.469653 0.526615 0.472847 0.528594 0.473981
2 0.523669 0.429347 0.523039 0.422917 0.523005 0.420130 0.522789 0.407685 0.521594 0.407269 0.517154 0.405755 0.518904 0.425569 0.520690 0.430398 0.523018 0.436380 0.523018 0.436380 0.523490 0.433009
2 0.522193 0.401745 0.521669 0.391458 0.521669 0.389227 0.521216 0.385569 0.520708 0.380949 0.517948 0.377245 0.518138 0.370634 0.517232 0.356718 0.516451 0.351208 0.515365 0.350676 0.514521 0.352282 0.515508 0.363889 0.515651 0.367389 0.515802 0.369699 0.515836 0.372866 0.515964 0.375046 0.516250 0.377778 0.515865 0.377694 0.514615 0.377463 0.515823 0.388495 0.516419 0.391255 0.516628 0.394106 0.516880 0.402870 0.522422 0.404444
2 0.526135 0.313051 0.524240 0.311542 0.522362 0.310204 0.519982 0.309537 0.516576 0.311116 0.514102 0.311861 0.511208 0.314185 0.509839 0.314269 0.508232 0.314560 0.506315 0.317662 0.505130 0.319954 0.504526 0.320593 0.504865 0.321426 0.504969 0.323046 0.505437 0.324852 0.505854 0.326750 0.505958 0.328463 0.506609 0.331565 0.507000 0.333787 0.509234 0.335639 0.513065 0.338648 0.514396 0.335995 0.515542 0.334310 0.518068 0.331440 0.518615 0.328060 0.520346 0.323079 0.524234 0.315968 0.527096 0.313287
10 0.540703 0.420231 0.541953 0.418917 0.543219 0.417472 0.543883 0.415921 0.544424 0.415278 0.544966 0.418435 0.545089 0.421917 0.545539 0.422134 0.545659 0.419829 0.545810 0.418009 0.546021 0.413560 0.545810 0.411366 0.545810 0.410403 0.547859 0.410509 0.549427 0.410991 0.550391 0.411620 0.550091 0.409593 0.549297 0.404532 0.549112 0.402208 0.547859 0.401778 0.546984 0.401134 0.545870 0.400972 0.544937 0.400866 0.544122 0.401616 0.543971 0.402208 0.544169 0.403273 0.544198 0.405042 0.543354 0.406056 0.542602 0.406699 0.542000 0.406968 0.541367 0.407398 0.540742 0.408264 0.541216 0.408468 0.542271 0.408361 0.542633 0.408898 0.542510 0.409917 0.542029 0.410181 0.540742 0.410838 0.540508 0.413574
7 0.440964 0.450741 0.437174 0.437273 0.436862 0.436162 0.435453 0.432764 0.434617 0.432519 0.433466 0.434005 0.432036 0.437167 0.430818 0.439458 0.430922 0.440449 0.431758 0.441630 0.432247 0.440759 0.432768 0.441505 0.432943 0.442745 0.433466 0.444356 0.433432 0.445907 0.432875 0.447329 0.432734 0.448199 0.433049 0.449625 0.433188 0.451051 0.434547 0.452597 0.436570 0.456255 0.439323 0.458981 0.440336 0.457694 0.441909 0.455861
7 0.491109 0.418093 0.493688 0.415407 0.495875 0.411426 0.496432 0.409907 0.496839 0.408648 0.497151 0.407583 0.498062 0.403880 0.499339 0.398278 0.498779 0.398366 0.498638 0.397431 0.498010 0.396625 0.497456 0.396819 0.496617 0.397931 0.496133 0.398421 0.491320 0.398611 0.490607 0.400352 0.490677 0.401097 0.491547 0.402333 0.491023 0.403329 0.489701 0.404009 0.488862 0.404444 0.488201 0.405556 0.487922 0.407292 0.487888 0.408532 0.487469 0.409028 0.486073 0.407667 0.485839 0.413963 0.486943 0.414593 0.488302 0.415153 0.490359 0.417569
1 0.461510 0.288241 0.466310 0.281968 0.467898 0.280880 0.465005 0.276005 0.462482 0.277986 0.460430 0.279870 0.460430 0.281694 0.455716 0.284347 0.456555 0.284514 0.456883 0.285676 0.457987 0.285523
1 0.468893 0.278306 0.471622 0.275194 0.471971 0.271847 0.473089 0.272713 0.473716 0.274324 0.476344 0.269023 0.479659 0.266037 0.480326 0.263366 0.479526 0.262861 0.479581 0.263917 0.479042 0.265162 0.476990 0.266602 0.474073 0.267565 0.472776 0.268333 0.470240 0.269773 0.465969 0.273005 0.468542 0.276435
1 0.447943 0.365926 0.450260 0.371389 0.450469 0.372731 0.451120 0.374352 0.451823 0.375509 0.452109 0.376528 0.452240 0.378333 0.452109 0.378750 0.451771 0.378796 0.451484 0.378426 0.450964 0.378380 0.451042 0.379630 0.452622 0.381620 0.451893 0.388981 0.451581 0.390556 0.451385 0.392435 0.450630 0.391694 0.450214 0.391093 0.449823 0.391880 0.449797 0.392898 0.449797 0.394565 0.449320 0.395306 0.448062 0.390162 0.447969 0.387458 0.447922 0.387176 0.448109 0.377421
2 0.529427 0.463981 0.530633 0.460093 0.531602 0.456935 0.531682 0.451181 0.529656 0.447579 0.525227 0.440773 0.529352 0.454213 0.529326 0.455787 0.528990 0.456014 0.528505 0.457532
8 0.477336 0.583407 0.489815 0.585139 0.489747 0.588796 0.481135 0.586690 0.479641 0.586690
8 0.495964 0.591468 0.518445 0.613037 0.518768 0.610602 0.518365 0.610023 0.501906 0.592528 0.494974 0.586481 0.494297 0.588796 0.494878 0.590648
9 0.497539 0.410481 0.498242 0.409370 0.501003 0.406731 0.502982 0.404648 0.503799 0.404134 0.501359 0.399917 0.501326 0.399458 0.501289 0.398861 0.500615 0.398139 0.499964 0.402167 0.498714 0.406519
9 0.501138 0.394093 0.503443 0.396343 0.507026 0.398667 0.502049 0.384046 0.501844 0.386731 0.501477 0.391130
2 0.438273 0.492542 0.438776 0.483014 0.438776 0.483014 0.438516 0.483338 0.438281 0.483755 0.437943 0.484449 0.437734 0.485190 0.437344 0.486208 0.436927 0.487134 0.436432 0.487875 0.435750 0.488644 0.436307 0.490815 0.436810 0.491037 0.437297 0.491287 0.437716 0.491782
1 0.443099 0.510741 0.445180 0.514079 0.445669 0.515630 0.445911 0.516810 0.446823 0.516912 0.445367 0.513458 0.442990 0.508176 0.442396 0.506546 0.443044 0.506644 0.442003 0.505009 0.441690 0.504176 0.441203 0.503125 0.441378 0.500894 0.442526 0.500333 0.441935 0.499838 0.441203 0.499593 0.440539 0.498412 0.439982 0.497606 0.439599 0.496616 0.438971 0.496181 0.438203 0.495995 0.437508 0.495375 0.437297 0.494199 0.437089 0.493144 0.436323 0.492898 0.435995 0.493602 0.435440 0.493444 0.435198 0.491514 0.434956 0.489750 0.433961 0.486968 0.432818 0.485306 0.432273 0.484287 0.431943 0.483375 0.430078 0.481065 0.428411 0.479306 0.427422 0.477917 0.426771 0.477130 0.426797 0.477917 0.427422 0.478843 0.427500 0.479583 0.427187 0.479861 0.426849 0.479907 0.426563 0.479907 0.426328 0.479352 0.426667 0.481759 0.428341 0.485139 0.432607 0.491282 0.437411 0.501556 0.441786 0.508852
9 0.415063 0.410824 0.417646 0.411194 0.417633 0.411204 0.418542 0.404167 0.413195 0.403273
9 0.455813 0.435333 0.453294 0.433588 0.452826 0.432843 0.451464 0.430921 0.448932 0.431019 0.452284 0.433588 0.452992 0.434296
9 0.444503 0.433731 0.445529 0.432579 0.446589 0.430588 0.445026 0.429699
9 0.474648 0.354602 0.474648 0.353491 0.476273 0.350824 0.476201 0.348519 0.476154 0.347606 0.470909 0.347880 0.468747 0.347972 0.467758 0.350148 0.466151 0.351380 0.471214 0.352380
9 0.468044 0.343898 0.474286 0.343954 0.473073 0.343208 0.471859 0.342213 0.470646 0.339639 0.470552 0.338727 0.470070 0.339111 0.468836 0.338412 0.463049 0.337398 0.461266 0.338190 0.459885 0.339023 0.458453 0.340042 0.457081 0.340773 0.461182 0.340611 0.465729 0.340611 0.467539 0.340398 0.468172 0.341630 0.468333 0.343102
9 0.499016 0.711602 0.499823 0.709412 0.500943 0.707421 0.501128 0.704102 0.501734 0.700949 0.501828 0.698213 0.501107 0.697398 0.500247 0.697167 0.499781 0.696796 0.499586 0.695579 0.499271 0.696324 0.499409 0.697185 0.499487 0.697741 0.499773 0.698847 0.499669 0.699593 0.499174 0.700236 0.498922 0.705806 0.497982 0.707542 0.497388 0.707417 0.496552 0.706981 0.496667 0.704491 0.496771 0.703426 0.496987 0.702551 0.494695 0.704315 0.494102 0.704472 0.494729 0.705153 0.495495 0.707074 0.496680 0.709370 0.498146 0.709370 0.498214 0.710546 0.498320 0.711352
9 0.435937 0.296685 0.434867 0.296093 0.435229 0.294968 0.435742 0.294380 0.437143 0.293597 0.438724 0.295824 0.439763 0.297269 0.439391 0.297269 0.438224 0.297435 0.436969 0.297019
9 0.440516 0.297931 0.440984 0.297593 0.441919 0.297593 0.442281 0.297593 0.442703 0.297000 0.442643 0.295875 0.441859 0.295074 0.441346 0.294806 0.440893 0.294005 0.439641 0.293597 0.437143 0.293597 0.438724 0.295824 0.439763 0.297269
1 0.441904 0.311398 0.441904 0.312685 0.442807 0.313278 0.443776 0.313009 0.444615 0.313278 0.447609 0.314093 0.448521 0.313444 0.449354 0.313167 0.450240 0.312519 0.450656 0.311778 0.450630 0.310759 0.447206 0.311292 0.447029 0.310278 0.446424 0.310009 0.445883 0.310491 0.445130 0.311185 0.444135 0.311185 0.443289 0.310917 0.442750 0.310917
1 0.441904 0.311398 0.440805 0.311412 0.440201 0.310769 0.440112 0.309431 0.441255 0.309056 0.442521 0.308843 0.443937 0.308306 0.444781 0.307875 0.445263 0.307449 0.445656 0.306856 0.445867 0.306269 0.445896 0.303218 0.447885 0.303162 0.448036 0.304931 0.448096 0.306912 0.447794 0.307662 0.447130 0.308949 0.446711 0.309375 0.446424 0.310009 0.445883 0.310491 0.445130 0.311185 0.444135 0.311185 0.443289 0.310917 0.442750 0.310917
1 0.433776 0.306759 0.432987 0.307417 0.431773 0.307912 0.431510 0.309213 0.431615 0.310509 0.433047 0.310324 0.433776 0.309537 0.434375 0.308704 0.435260 0.308889 0.435781 0.308704 0.436094 0.308333 0.436458 0.307778 0.436510 0.306667 0.437943 0.305648 0.438151 0.305000 0.437917 0.304213 0.437328 0.303847 0.435461 0.305838
1 0.425805 0.305255 0.427214 0.303519 0.429557 0.301111 0.430781 0.300185 0.431276 0.298843 0.431953 0.298426 0.432474 0.298102 0.433047 0.296944 0.433281 0.295509 0.433255 0.294074 0.432768 0.294042 0.432135 0.294028 0.432214 0.294815 0.431745 0.296759 0.430990 0.297500 0.429219 0.298472 0.427370 0.299213 0.425599 0.300093 0.425469 0.302176 0.425391 0.303333
2 0.423732 0.305380 0.424747 0.304551 0.424852 0.302556 0.424747 0.301630 0.424435 0.301120 0.424617 0.299593 0.424852 0.296634 0.424852 0.295523 0.425685 0.293903 0.426544 0.292699 0.427146 0.292046 0.424833 0.293375 0.424044 0.293343 0.423992 0.294088 0.423810 0.295014 0.423393 0.295380 0.422898 0.295380 0.422273 0.295102 0.421961 0.294176 0.421909 0.293162 0.420867 0.293162 0.421128 0.293806 0.421492 0.295194 0.422039 0.296259 0.422352 0.296866 0.422326 0.301310 0.422768 0.302421 0.421935 0.302787 0.421023 0.302972 0.420893 0.303991 0.420997 0.304782 0.421596 0.304968 0.422430 0.305014
9 0.430836 0.304829 0.431354 0.303657 0.431721 0.302778 0.431875 0.301343 0.432083 0.299954 0.431953 0.298426 0.431276 0.298843 0.430781 0.300185 0.430521 0.302037 0.430130 0.303380 0.429784 0.304880
2 0.419943 0.303051 0.419135 0.302356 0.417781 0.301755 0.416609 0.301384 0.415490 0.300921 0.415073 0.301199 0.415333 0.301986 0.416375 0.302588 0.416531 0.303699 0.417339 0.304718 0.418406 0.304764 0.419943 0.305319 0.420893 0.305847 0.421859 0.305741 0.421596 0.304968 0.420997 0.304782 0.420893 0.303991
1 0.442927 0.303514 0.442370 0.304931 0.442370 0.307231 0.442521 0.308843 0.443937 0.308306 0.443969 0.306537 0.443969 0.304394 0.444029 0.303431
1 0.439281 0.308241 0.440307 0.307653 0.440729 0.306796 0.441091 0.306153 0.441602 0.305403 0.441602 0.304546 0.441435 0.303514 0.440922 0.303514 0.440365 0.304097 0.439521 0.303514 0.438773 0.302852 0.437888 0.303102 0.437328 0.303847 0.437917 0.304213 0.438151 0.305000 0.437943 0.305648 0.438138 0.306528 0.438078 0.307384 0.437534 0.307435 0.436458 0.307778 0.436094 0.308333 0.435781 0.308704 0.436542 0.309532 0.437745 0.309532 0.438318 0.309259 0.438740 0.308935
1 0.444794 0.297625 0.445023 0.298287 0.445565 0.299250 0.445805 0.299949 0.446891 0.299787 0.447854 0.299787 0.448940 0.300218 0.449391 0.300968 0.450596 0.301019 0.451049 0.300593 0.450716 0.299681 0.450357 0.298875 0.449661 0.298824 0.448427 0.298236 0.447552 0.298181 0.446771 0.298019 0.446289 0.298019 0.446474 0.297208 0.446055 0.296213 0.445406 0.296546
2 0.479427 0.472778 0.479203 0.470870 0.478786 0.469880 0.478542 0.467338 0.478229 0.465356 0.477706 0.461699 0.477552 0.460370 0.477604 0.458472 0.477812 0.456852 0.478424 0.455838 0.478503 0.454958 0.478997 0.454403 0.479383 0.453801 0.478688 0.452315 0.477760 0.452407 0.476927 0.453519 0.476458 0.455324 0.476094 0.456944 0.475859 0.459259 0.475885 0.460741 0.476068 0.462778 0.476250 0.464722 0.476589 0.466806 0.477135 0.468889 0.477214 0.471435
2 0.577854 0.647319 0.576854 0.650093 0.574479 0.654204 0.570667 0.648426 0.569107 0.645208 0.566607 0.643097 0.564857 0.641319 0.562669 0.639764 0.559984 0.637208 0.558359 0.637208 0.557143 0.634963 0.559997 0.633815 0.560576 0.631759 0.566865 0.633171 0.574063 0.633426 0.576042 0.633333 0.579208 0.634787 0.580477 0.634898 0.580208 0.636759 0.579159 0.642426
1 0.466706 0.315630 0.464911 0.316005 0.462492 0.312491 0.460839 0.309907 0.461482 0.309620 0.461885 0.307190 0.463177 0.308889 0.464531 0.310556 0.466224 0.311898 0.467161 0.312593 0.467813 0.312176 0.468516 0.311898 0.468906 0.311481 0.469268 0.310338 0.470281 0.311787 0.469878 0.312583 0.469797 0.313801 0.468948 0.314991 0.467503 0.313574 0.466852 0.313963
9 0.451612 0.294153 0.451849 0.293287 0.451849 0.292731 0.451510 0.291852 0.450547 0.291250 0.446505 0.295329 0.446055 0.296213 0.446474 0.297208 0.446289 0.298019 0.446771 0.298019 0.447552 0.298181 0.448427 0.298236 0.449661 0.298824 0.450357 0.298875 0.450479 0.298208 0.450695 0.297153 0.450750 0.296093 0.451398 0.296287 0.451992 0.297056 0.451612 0.295662
2 0.420833 0.309398 0.420805 0.310088 0.420805 0.310944 0.420951 0.312903 0.421719 0.314389 0.421258 0.314963 0.421409 0.315819 0.422102 0.316944 0.423182 0.316991 0.423984 0.316370 0.424961 0.316495 0.424547 0.317963 0.428458 0.313657 0.429750 0.313157 0.430758 0.312657 0.431201 0.312389 0.431383 0.311801 0.431320 0.310944 0.430599 0.310782 0.429333 0.310194 0.427536 0.311412 0.424299 0.313329 0.423919 0.312991 0.423729 0.311750 0.425125 0.310620 0.428169 0.308593 0.426771 0.308519 0.423958 0.308750
10 0.508547 0.674917 0.526820 0.687319 0.530789 0.690176 0.531404 0.691769 0.533247 0.695634 0.533625 0.699833 0.530174 0.710000 0.527956 0.711176 0.520677 0.715208 0.519544 0.718486 0.501018 0.725204 0.499130 0.722519 0.498138 0.719074 0.497995 0.715796 0.498333 0.714662 0.498424 0.713028 0.498563 0.712398 0.499016 0.711602 0.499823 0.709412 0.500943 0.707421 0.500833 0.708889 0.501224 0.708241 0.501849 0.706389 0.503464 0.696759 0.502448 0.695833 0.501828 0.698213 0.501107 0.697398 0.500247 0.697167 0.499781 0.696796 0.499586 0.695579 0.499758 0.691426 0.499844 0.687963 0.499948 0.685093 0.500000 0.682917 0.500271 0.682625 0.500479 0.681653 0.500896 0.680819 0.501182 0.680264 0.501833 0.679708 0.502380 0.679569 0.503057 0.679523 0.503891 0.679523 0.504427 0.679074 0.505185 0.679213 0.505547 0.679106 0.506591 0.677838 0.507427 0.676819 0.508492 0.675384
9 0.472768 0.439792 0.473438 0.438889 0.473125 0.438380 0.472500 0.437917 0.472214 0.437639 0.471615 0.437593 0.471276 0.437917 0.470315 0.437949 0.469745 0.439231 0.470979 0.443250 0.471380 0.442454
9 0.465544 0.441736 0.465312 0.441157 0.464714 0.440370 0.464141 0.439907 0.463672 0.439444 0.463568 0.438472 0.464219 0.437824 0.464661 0.436620 0.465156 0.436481 0.465859 0.436620 0.466852 0.436231 0.468448 0.439287 0.469232 0.440894 0.469776 0.443144 0.467615 0.440907 0.467008 0.440764 0.466565 0.442056
2 0.506104 0.601847 0.505578 0.603639 0.504086 0.604718 0.502716 0.605435 0.502352 0.606727 0.509612 0.610167 0.511427 0.610454 0.514414 0.611171 0.515865 0.610523
10 0.471042 0.731676 0.471948 0.732727 0.473552 0.733657 0.474844 0.733597 0.477422 0.733037 0.478888 0.732727 0.479096 0.732417 0.480247 0.730495 0.481396 0.727708 0.481781 0.726718 0.481727 0.726329 0.481388 0.717394 0.479747 0.708551 0.479383 0.708181 0.478784 0.707949 0.478224 0.706824 0.478328 0.705769 0.478607 0.705583 0.478956 0.705273 0.478922 0.704593 0.478190 0.703907 0.477737 0.703477 0.477802 0.699625 0.478326 0.695782 0.478359 0.694731 0.478221 0.694481 0.477943 0.693926 0.477839 0.692315 0.477732 0.691384 0.477349 0.691819 0.474805 0.699505 0.474352 0.700060 0.473594 0.699954 0.473130 0.699750 0.472469 0.698449 0.472365 0.697644 0.472573 0.696343 0.476862 0.685681 0.477573 0.683412 0.477643 0.682731 0.477503 0.681556 0.477159 0.680625 0.476844 0.680190 0.476461 0.679880 0.476039 0.679569 0.475828 0.678208 0.475969 0.676222 0.476008 0.674241 0.476109 0.672505 0.475375 0.662588 0.474992 0.662093 0.473982 0.661162 0.473354 0.660231 0.472370 0.657870 0.470036 0.658704 0.467951 0.658102 0.466102 0.658236 0.464826 0.658611 0.464070 0.659023 0.463341 0.659676 0.461742 0.660773 0.462857 0.666102 0.464008 0.673542 0.465052 0.678810 0.465719 0.680611 0.468151 0.695046 0.468411 0.696620 0.469044 0.695620 0.469331 0.695713 0.469513 0.696500 0.469982 0.699093 0.470398 0.702333 0.470414 0.710000 0.470323 0.728907 0.469974 0.730838
9 0.411784 0.422745 0.412760 0.422065 0.412828 0.421384 0.412828 0.420019 0.412516 0.418843 0.411680 0.418282 0.411086 0.419523 0.410982 0.420639 0.411086 0.422250 0.411260 0.422931
2 0.419229 0.397759 0.418615 0.396880 0.418266 0.396014 0.418651 0.395023 0.419479 0.395139 0.419687 0.391111 0.419635 0.386389 0.419557 0.381620 0.419740 0.377778 0.420599 0.377593 0.421354 0.377963 0.422031 0.378796 0.422169 0.379509 0.422411 0.379222 0.422937 0.377935 0.423622 0.377144 0.424430 0.376069 0.425802 0.375495 0.423490 0.372083 0.422440 0.368755 0.421781 0.365759 0.415992 0.378282 0.415531 0.379403 0.415740 0.382273 0.415740 0.385282 0.415714 0.389495 0.415234 0.392481 0.416979 0.396389
9 0.568729 0.622611 0.569609 0.622315 0.569922 0.621620 0.570859 0.621944 0.571302 0.623056 0.571589 0.624074 0.572005 0.625139 0.572057 0.625972 0.571849 0.626898 0.571719 0.627986 0.571125 0.626454 0.570109 0.624833
10 0.456122 0.705620 0.456458 0.704398 0.457135 0.703380 0.457292 0.702685 0.457292 0.701389 0.457318 0.700000 0.457760 0.699630 0.458177 0.700278 0.458568 0.700370 0.459349 0.698519 0.459974 0.696944 0.460547 0.695694 0.461172 0.695093 0.461693 0.694815 0.460677 0.697685 0.460312 0.698843 0.460078 0.699769 0.460885 0.700278 0.461484 0.701944 0.461055 0.705079 0.459557 0.712917 0.458831 0.711546 0.458258 0.710250 0.456904 0.707287
10 0.456445 0.710125 0.456133 0.710125 0.455755 0.710667 0.455794 0.712532 0.455560 0.715542 0.455716 0.720819 0.456445 0.721051 0.457435 0.720403 0.458987 0.714694 0.458570 0.714185 0.457242 0.711546
1 0.442461 0.430375 0.442833 0.422440 0.442904 0.421079 0.442828 0.419398 0.438143 0.417764 0.433091 0.417199 0.433432 0.418880 0.434529 0.421657 0.437182 0.428787 0.438901 0.433463 0.439375 0.432778 0.439661 0.431898 0.441289 0.431162
9 0.496971 0.699236 0.497039 0.697750 0.497318 0.696509 0.497945 0.685847 0.498021 0.684306 0.497552 0.684491 0.496214 0.684806 0.496060 0.685417 0.495529 0.693259 0.495107 0.699690 0.495047 0.701347 0.496029 0.700227
9 0.489951 0.358389 0.489195 0.358574 0.488570 0.358574 0.487841 0.358435 0.487852 0.359824 0.488440 0.361074 0.489177 0.361500 0.489875 0.361806 0.490133 0.362231 0.490732 0.362324 0.491461 0.362231 0.491956 0.362231 0.492841 0.361491 0.492086 0.361120 0.491331 0.360148 0.491174 0.359500 0.490328 0.358273
10 0.464898 0.299301 0.465732 0.299394 0.465807 0.303009 0.465839 0.305389 0.466323 0.306181 0.467250 0.307694 0.468542 0.308338 0.470076 0.308477 0.471326 0.308338 0.472495 0.308190 0.474167 0.307361 0.475641 0.307190 0.475130 0.305532 0.472096 0.303458 0.470417 0.300389 0.469297 0.298398 0.467617 0.297731 0.466328 0.297407 0.465193 0.298301
2 0.534867 0.581801 0.535206 0.581153 0.535622 0.580319 0.536221 0.579671 0.536846 0.579671 0.537055 0.580644 0.536742 0.581153 0.535133 0.583546 0.534823 0.584769 0.533385 0.588333 0.532943 0.588889 0.532516 0.589380 0.531872 0.590157 0.529010 0.589870 0.532641 0.592310 0.534260 0.592991 0.534703 0.594056 0.533568 0.594602 0.532318 0.594028 0.528969 0.591231 0.527839 0.590301 0.527315 0.589509 0.527758 0.588940 0.528687 0.588435 0.529695 0.588148 0.530826 0.588005 0.532021 0.588005 0.532396 0.587639 0.532625 0.587199 0.532625 0.586690 0.533021 0.586667 0.533177 0.586065 0.533177 0.585324 0.534477 0.581801
9 0.484333 0.499921 0.483461 0.500231 0.482938 0.501218 0.483669 0.503704 0.485448 0.506181 0.486109 0.505810 0.486669 0.505306 0.487156 0.504444 0.487260 0.503384 0.487086 0.502153 0.486495 0.500602 0.485589 0.499796
9 0.456979 0.381528 0.455625 0.381713 0.454896 0.382083 0.453406 0.382815 0.453560 0.383796 0.454271 0.385463 0.455052 0.386620 0.455859 0.387222 0.456536 0.386713 0.457039 0.385806 0.457581 0.383338 0.458424 0.383338 0.457760 0.382731
9 0.467862 0.385306 0.469844 0.383148 0.471224 0.382176 0.471875 0.382593 0.470130 0.384537
2 0.550008 0.521153 0.550320 0.521847 0.550841 0.521708 0.551258 0.521662 0.551701 0.521569 0.552422 0.524213 0.552266 0.529491 0.551727 0.529903 0.550268 0.531060 0.549487 0.531477 0.548810 0.531755 0.547664 0.530968 0.549557 0.523843
2 0.534539 0.515514 0.533872 0.516264 0.533388 0.516907 0.533227 0.517625 0.532945 0.518986 0.537826 0.528222 0.538510 0.528167 0.538833 0.526731 0.538672 0.525514 0.536901 0.518796
2 0.500857 0.444019 0.501437 0.443898 0.501828 0.444273 0.502099 0.445023 0.502581 0.445023 0.503154 0.444111 0.503906 0.443736 0.504268 0.443509 0.504451 0.445505 0.504661 0.446361 0.504906 0.447727 0.505701 0.448449 0.505044 0.452171 0.503568 0.447778 0.501823 0.448657 0.500388 0.444852 0.500753 0.444667
2 0.498232 0.430949 0.499305 0.428991 0.499667 0.427773 0.498214 0.425046 0.496844 0.423111 0.496036 0.422250 0.494706 0.422468 0.494060 0.423616 0.492568 0.425981 0.492284 0.426843 0.493695 0.428347 0.492919 0.429514 0.493857 0.431644 0.496747 0.430903
2 0.489026 0.394755 0.490591 0.395329 0.491401 0.394370 0.495721 0.393412 0.497880 0.393412 0.499966 0.393583 0.500385 0.394324 0.500932 0.394324 0.501138 0.394093 0.503443 0.396343 0.502948 0.398565 0.502266 0.398889 0.501326 0.399458 0.501289 0.398861 0.500615 0.398139 0.499339 0.398278 0.498779 0.398366 0.498638 0.397431 0.498010 0.396625 0.497456 0.396819 0.496617 0.397931 0.496133 0.398421 0.491320 0.398611 0.487346 0.399421 0.481458 0.398843 0.479661 0.398981 0.478099 0.399028 0.474711 0.398375 0.471482 0.398662 0.471318 0.397875 0.470956 0.397231 0.470677 0.396435 0.469466 0.397153 0.468862 0.397796 0.468536 0.397509 0.467896 0.397231 0.467448 0.396292 0.466760 0.394648 0.467047 0.393431 0.468258 0.393782 0.469547 0.394361 0.472208 0.394361 0.476604 0.395046 0.480370 0.395046 0.482833 0.394648 0.483664 0.394880 0.485201 0.394833 0.485828 0.394602 0.487651 0.394880
2 0.492404 0.327972 0.492643 0.326903 0.493427 0.325778 0.494331 0.324065 0.494875 0.323153 0.495779 0.322565 0.496742 0.321333 0.497888 0.320634 0.498646 0.320139 0.498911 0.320852 0.499167 0.321713 0.499393 0.322403 0.499935 0.321653 0.500208 0.320852 0.499997 0.320366 0.499818 0.319630 0.503310 0.314370 0.503654 0.313588 0.504419 0.312847 0.504560 0.312222 0.505398 0.311481 0.505750 0.312347 0.506268 0.313296 0.506083 0.314208 0.506083 0.315440 0.505964 0.316134 0.504997 0.316134 0.502466 0.319565 0.501052 0.321653 0.500781 0.322130 0.500086 0.323366 0.498852 0.324009 0.497677 0.324440 0.496711 0.324866 0.495867 0.325940 0.494784 0.325403 0.494633 0.327546 0.494091 0.329690
9 0.495930 0.330685 0.495833 0.329815 0.496354 0.329537 0.496771 0.329676 0.497135 0.330278 0.497292 0.331574
2 0.574492 0.504528 0.578758 0.549250 0.581992 0.544588 0.582891 0.544352 0.583203 0.541389 0.582932 0.539690 0.581359 0.539727 0.580130 0.540755 0.581216 0.529458 0.581216 0.523417 0.580203 0.518662 0.579263 0.514421 0.577383 0.509009 0.575937 0.505556
9 0.465464 0.696144 0.465073 0.696560 0.465047 0.697162 0.464206 0.697255 0.463914 0.696815 0.463654 0.696907 0.463393 0.697000 0.462786 0.697435 0.462448 0.697435 0.462435 0.696421 0.462784 0.696190 0.462784 0.695125 0.462677 0.693412 0.462677 0.692810 0.462859 0.691884 0.462990 0.691144 0.463068 0.690588 0.463174 0.689755 0.463305 0.689153 0.463615 0.688366 0.464005 0.688273 0.464266 0.688412 0.465151 0.693134 0.465750 0.695912
9 0.454445 0.266810 0.450122 0.276861 0.450188 0.278949 0.451878 0.279991 0.456721 0.268639 0.457242 0.266681 0.456953 0.265097
2 0.402578 0.384028 0.403411 0.384491 0.405391 0.386250 0.406432 0.387037 0.407961 0.388815 0.406154 0.380514 0.405159 0.377514 0.401544 0.361227 0.398289 0.347139 0.401120 0.368565
2 0.526997 0.554069 0.525052 0.562144 0.524602 0.566199 0.524107 0.566662 0.521826 0.574375 0.520805 0.579810 0.520721 0.581620 0.521768 0.581616 0.521768 0.580551 0.524997 0.580389 0.524542 0.576491 0.524883 0.574375 0.525849 0.573560 0.526370 0.572542 0.530148 0.564106 0.532440 0.566069 0.535753 0.567731 0.538047 0.569241 0.537792 0.570296 0.535500 0.570296 0.533630 0.571657 0.529893 0.575583 0.530154 0.577264 0.531013 0.577773 0.532263 0.575606 0.535005 0.572338 0.539792 0.572713 0.540086 0.567579 0.539490 0.565014 0.533716 0.559579 0.531677 0.559125 0.529724 0.559278 0.529044 0.558972 0.528451 0.553537 0.528026 0.553083
2 0.474365 0.470569 0.474536 0.468019 0.474789 0.466796 0.476589 0.466806 0.477135 0.468889 0.477214 0.471435 0.479427 0.472778 0.480107 0.472727 0.481471 0.473972 0.481818 0.474282 0.482409 0.475810 0.482680 0.476616 0.482409 0.478088 0.482357 0.480431 0.481893 0.481412 0.481232 0.480667 0.480534 0.479926 0.479940 0.479972 0.477958 0.476917 0.476682 0.474648
2 0.483104 0.466074 0.486047 0.465227 0.487401 0.466565 0.488487 0.468014 0.488052 0.475097 0.485964 0.474741 0.484336 0.469718
2 0.481810 0.458894 0.482518 0.460620 0.482852 0.461852 0.482404 0.464259 0.484336 0.469718 0.485964 0.474741 0.483109 0.473972 0.479867 0.466597 0.478961 0.464366 0.477706 0.461699 0.477552 0.460370 0.477604 0.458472 0.477812 0.456852 0.478424 0.455838
10 0.460938 0.462731 0.460839 0.462787 0.461307 0.461722 0.461698 0.459824 0.462609 0.457880 0.462870 0.456676 0.463026 0.455611 0.463365 0.454917 0.463781 0.454685 0.463677 0.454315 0.460286 0.448472 0.459927 0.449241 0.459536 0.450074 0.459302 0.450306 0.458859 0.450352 0.458651 0.449796 0.458911 0.448593 0.459688 0.447361 0.458656 0.445394 0.458023 0.444213 0.456125 0.441375 0.456216 0.440144 0.456667 0.439875 0.447849 0.433921 0.447255 0.433731 0.444346 0.437333 0.443544 0.449889 0.445289 0.451144 0.446747 0.452435 0.447685 0.452625 0.447813 0.451755 0.447154 0.451755 0.446549 0.450954 0.445766 0.450310 0.444799 0.450093 0.444018 0.449343 0.444018 0.448273 0.445013 0.448060 0.445737 0.448755 0.447091 0.448755 0.447875 0.448542 0.448297 0.448273 0.449112 0.448755 0.449440 0.449611 0.449594 0.451060 0.449352 0.451486 0.449021 0.452611 0.448771 0.453606 0.449646 0.454051 0.450396 0.455051 0.450958 0.455829 0.451396 0.456495 0.452521 0.457380 0.453458 0.457824 0.454081 0.458046 0.454542 0.456699 0.455107 0.455051 0.457526 0.452542 0.458534 0.451681 0.458333 0.453690 0.456961 0.455694 0.456276 0.456986 0.455643 0.458713 0.457518 0.460046
10 0.478956 0.705273 0.479474 0.705528 0.480307 0.705806 0.480932 0.706176 0.481818 0.706731 0.482859 0.706731 0.483823 0.706731 0.484682 0.707009 0.485167 0.707009 0.485112 0.704032 0.484518 0.700384 0.484357 0.697694 0.483776 0.698449 0.483464 0.698681 0.482891 0.698449 0.482812 0.696829 0.483021 0.694606 0.483359 0.694051 0.483255 0.693125 0.483229 0.691968 0.483581 0.690995 0.483219 0.690139 0.482857 0.689444 0.482435 0.688532 0.482406 0.688051 0.485156 0.686389 0.480568 0.683917 0.479693 0.683167 0.479669 0.683907 0.478893 0.686542 0.477732 0.691384 0.477839 0.692315 0.477943 0.693926 0.478221 0.694481 0.478359 0.694731 0.478326 0.695782 0.477802 0.699625 0.477737 0.703477 0.478190 0.703907 0.478922 0.704593
2 0.438518 0.282921 0.436667 0.285000 0.437500 0.286991 0.438073 0.287963 0.439167 0.289954 0.441432 0.290509 0.441891 0.290935 0.442828 0.289824 0.443490 0.287685 0.442346 0.286162 0.440185 0.284125
2 0.403654 0.363157 0.402898 0.353514 0.402747 0.350782 0.403109 0.345963 0.403802 0.345801 0.400141 0.345014 0.398620 0.343176
1 0.403620 0.389213 0.407328 0.416843 0.408544 0.414514 0.408266 0.410861 0.408021 0.410000 0.409427 0.404028 0.410755 0.400556 0.409375 0.393889 0.408411 0.396125 0.407685 0.396412 0.407766 0.399282 0.407484 0.399856 0.406396 0.399352 0.405669 0.399065 0.405062 0.398278 0.405427 0.396773 0.406354 0.395120 0.406878 0.394403 0.407786 0.392361 0.406953 0.391481 0.405547 0.390509
10 0.451526 0.428588 0.451109 0.426523 0.450776 0.425185 0.450776 0.424329 0.450688 0.422616 0.449841 0.422181 0.449437 0.420097 0.450607 0.419523 0.451862 0.419991 0.452133 0.419241 0.451781 0.417097 0.449448 0.413625 0.450594 0.413551 0.451826 0.414079 0.452690 0.413403 0.452005 0.411713 0.451945 0.409583 0.451831 0.408528 0.451349 0.407028 0.450862 0.405509 0.448966 0.405829 0.449125 0.406560 0.448904 0.407912 0.448776 0.408250 0.448078 0.408704 0.447508 0.408815 0.447826 0.409921 0.447253 0.411046 0.445938 0.413019 0.445380 0.418042 0.445135 0.419963 0.445099 0.422690 0.445206 0.424486 0.445276 0.427032 0.446589 0.427699 0.449089 0.428366
1 0.410982 0.445324 0.414833 0.472620 0.421531 0.489130 0.423154 0.488083 0.419026 0.474907 0.416510 0.464134
9 0.484315 0.260944 0.484922 0.264343 0.484630 0.268269 0.482109 0.260602 0.484297 0.260463
9 0.453854 0.461435 0.450896 0.459380 0.450771 0.460898 0.448568 0.459537 0.448424 0.460546 0.448305 0.463116 0.448232 0.464500 0.449094 0.464912 0.449745 0.464310 0.450057 0.463014 0.450760 0.463431 0.451047 0.465514 0.451255 0.466625 0.452323 0.466532 0.452583 0.466491 0.452844 0.465194 0.453156 0.463713
2 0.571492 0.593773 0.570932 0.591435 0.569125 0.586097 0.566625 0.577444 0.565812 0.572106 0.561365 0.565306 0.560714 0.568380 0.555922 0.558565 0.554984 0.556481 0.554646 0.555741 0.551484 0.555773 0.553625 0.559435 0.557815 0.567778 0.563495 0.578769 0.570430 0.591986
10 0.566083 0.598620 0.565247 0.598866 0.563818 0.599981 0.562807 0.602583 0.562039 0.604694 0.560417 0.607778 0.560227 0.607852 0.559688 0.607824 0.559279 0.606671 0.559669 0.604880 0.559656 0.604560 0.559253 0.600861 0.558552 0.598454 0.558003 0.596324 0.554461 0.582528 0.553734 0.579426 0.553133 0.576556 0.549664 0.562236 0.550849 0.560005 0.551969 0.561310 0.558661 0.573949 0.562424 0.581329 0.562318 0.583931 0.562318 0.585292 0.563677 0.588269 0.565143 0.592421 0.565701 0.597130
10 0.514578 0.495648 0.514081 0.498500 0.512724 0.502046 0.511747 0.505671 0.511279 0.506727 0.510174 0.504917 0.509581 0.504162 0.509198 0.503255 0.509156 0.501819 0.508646 0.499329 0.508052 0.497366 0.507969 0.494801 0.507034 0.492991 0.506143 0.491329 0.506117 0.487213 0.508536 0.486579 0.510229 0.488704 0.512104 0.490977
2 0.553424 0.469106 0.551378 0.469106 0.550013 0.469509 0.549276 0.471028 0.548023 0.472745 0.547682 0.474361 0.548138 0.478301 0.549792 0.481866 0.550854 0.483676 0.551536 0.486921 0.551958 0.487912 0.553401 0.489417 0.554930 0.489787 0.555862 0.490921 0.556630 0.496356 0.556924 0.497639 0.557305 0.500356 0.558794 0.501722 0.560448 0.500356 0.561130 0.498551 0.559982 0.489111 0.558664 0.488889 0.557904 0.488134 0.556630 0.486769 0.555776 0.485495 0.554930 0.485565 0.554339 0.486324 0.554169 0.483759 0.554208 0.479755 0.554339 0.477713 0.554208 0.473491
10 0.584987 0.600500 0.586573 0.589681 0.586701 0.588324 0.586763 0.586634 0.587174 0.585787 0.587714 0.586634 0.587776 0.588097 0.588260 0.587042 0.589503 0.586944 0.590630 0.587394 0.591198 0.587301 0.581440 0.581097 0.582008 0.592426 0.581776 0.600222 0.581682 0.605032 0.581846 0.613042 0.582318 0.619352
2 0.534536 0.484417 0.535076 0.480384 0.535508 0.477986 0.535401 0.475778 0.536049 0.473856 0.537615 0.474435 0.538315 0.476833 0.539289 0.478370 0.539505 0.480384 0.539505 0.482500 0.539828 0.484898 0.539128 0.485954 0.539073 0.486722 0.539828 0.488065 0.540799 0.489986 0.540909 0.493250 0.541125 0.495745 0.540693 0.498051 0.540044 0.501315 0.539557 0.502657 0.538263 0.502083 0.537398 0.501120 0.536276 0.500509 0.535536 0.496634 0.534159 0.489218
2 0.539219 0.514546 0.540417 0.514130 0.541146 0.514037 0.541802 0.514972 0.543302 0.514861 0.543672 0.514222 0.543594 0.512324 0.543646 0.511444 0.544193 0.511259 0.544687 0.510889 0.545026 0.510056 0.544505 0.508667 0.543854 0.507741 0.543281 0.506630 0.542344 0.505796 0.541380 0.505889 0.540651 0.506583 0.540026 0.506769 0.539583 0.507324 0.539323 0.508065 0.538750 0.508852 0.537839 0.509222 0.538854 0.514870
2 0.545885 0.516306 0.545260 0.516769 0.544714 0.517463 0.544505 0.518204 0.544219 0.519500 0.544219 0.520843 0.544089 0.521583 0.544661 0.526583 0.545312 0.532176 0.546549 0.527634 0.547799 0.524856 0.548174 0.521190 0.548299 0.517639 0.548255 0.516769 0.547552 0.516028 0.546797 0.515796
2 0.533091 0.533097 0.537893 0.549370 0.541927 0.569810 0.543542 0.579273 0.543862 0.582356 0.545159 0.585509 0.553826 0.606093 0.555682 0.608028 0.557094 0.609750 0.557982 0.609750 0.558344 0.609606 0.558299 0.608116 0.557857 0.607190 0.556849 0.605139 0.556354 0.603102 0.556010 0.600801 0.554648 0.597088 0.552487 0.591449 0.549674 0.584560 0.547987 0.576565 0.543240 0.555014 0.541839 0.550319
2 0.512669 0.210569 0.512552 0.204861 0.512708 0.203194 0.513125 0.197269 0.513203 0.195231 0.513698 0.194213 0.514427 0.193935 0.514557 0.194398 0.515000 0.196806 0.515495 0.197315 0.515911 0.196065 0.515911 0.195324 0.515599 0.194583 0.515391 0.193380 0.515677 0.191806 0.516094 0.190833 0.516771 0.190278 0.517813 0.190463 0.519115 0.192176 0.519479 0.194722 0.519870 0.196574 0.520104 0.199213 0.520448 0.201741 0.515482 0.206829
2 0.455505 0.320903 0.451130 0.323588 0.448659 0.325222 0.445380 0.324250 0.443633 0.323185 0.449776 0.318403 0.453318 0.316366 0.455141 0.314653 0.457484 0.314097 0.459359 0.313912 0.460635 0.313912 0.461260 0.314884 0.461260 0.316181 0.460349 0.317662 0.458109 0.319282
2 0.499867 0.443324 0.496794 0.436750 0.493857 0.431644 0.492919 0.429514 0.492216 0.428269 0.491622 0.429227 0.491568 0.429421 0.491135 0.429421 0.491135 0.431722 0.491135 0.433069 0.491299 0.435083 0.501458 0.456944 0.501214 0.451755 0.501654 0.451616 0.502227 0.452218 0.502646 0.457495 0.502568 0.459694 0.506552 0.468074 0.507076 0.467528 0.507958 0.466134 0.508708 0.465079 0.502432 0.450310 0.500388 0.444852
2 0.520497 0.207213 0.520266 0.212546 0.517201 0.222731 0.517078 0.218426 0.516596 0.214125 0.515625 0.212407 0.518591 0.208972
2 0.422927 0.254491 0.424167 0.256329 0.426312 0.258986 0.428385 0.260731 0.427807 0.265741 0.428964 0.266639 0.430555 0.269727 0.431422 0.267796 0.431711 0.266639 0.432721 0.268185 0.432052 0.268856 0.431820 0.270435 0.431820 0.272176 0.432750 0.272912 0.429242 0.274204 0.428594 0.274773 0.427461 0.275829 0.427156 0.275032 0.426982 0.273606 0.426703 0.272556 0.423635 0.270134 0.421492 0.266486
10 0.411036 0.255037 0.409685 0.253292 0.408424 0.251634 0.406557 0.250806 0.405576 0.250968 0.404878 0.252713 0.404784 0.255037 0.405344 0.257773 0.407117 0.259681 0.408378 0.260676 0.409310 0.260593 0.409357 0.258769 0.410010 0.257440 0.411177 0.256116
10 0.468750 0.330213 0.471539 0.330028 0.470703 0.329213 0.470469 0.328565 0.470521 0.327778 0.470807 0.327037 0.471823 0.326111 0.472656 0.325556 0.473281 0.324583 0.471190 0.322458 0.470979 0.321005 0.471914 0.320366 0.473359 0.321005 0.473406 0.320333 0.473406 0.318889 0.473031 0.318222 0.472281 0.317782 0.471549 0.318458 0.471117 0.319616 0.470609 0.319745 0.470031 0.319486 0.469021 0.318718 0.468513 0.318458 0.468151 0.317301 0.467068 0.316787 0.466706 0.315630 0.464911 0.316005 0.465557 0.318370 0.465315 0.319380 0.464065 0.318801 0.463138 0.316801 0.462289 0.315440 0.461260 0.316181 0.460349 0.317662 0.458109 0.319282 0.455505 0.320903 0.451130 0.323588 0.448659 0.325222 0.451003 0.326148 0.452776 0.326472 0.453948 0.326102 0.455320 0.326394 0.455685 0.325699 0.456362 0.326352 0.457247 0.327741 0.458211 0.328389 0.459331 0.328667 0.460919 0.328667 0.462195 0.328620 0.462924 0.329037 0.463810 0.329778 0.464568 0.330583 0.464742 0.329963 0.466555 0.329778
1 0.441573 0.363778 0.441737 0.362676 0.442099 0.361764 0.442461 0.360477 0.443305 0.359458 0.444661 0.359194 0.445987 0.359245 0.446771 0.360319 0.447130 0.361551 0.447411 0.363537 0.446750 0.364282 0.446714 0.368310 0.446016 0.379815 0.445729 0.378713 0.444375 0.372407 0.443208 0.368343
2 0.498875 0.531667 0.499031 0.530324 0.498927 0.528194 0.498982 0.526806 0.498823 0.515648 0.497812 0.498935 0.497339 0.499537 0.496922 0.504630 0.496349 0.510648 0.496141 0.511806 0.496063 0.513796 0.495958 0.520880 0.495932 0.523750 0.495885 0.526991 0.496818 0.529074 0.498250 0.531157
9 0.587154 0.579028 0.587471 0.575514 0.586047 0.570593 0.583427 0.571097 0.582414 0.569685 0.581354 0.569537 0.581253 0.574653 0.581753 0.575875
2 0.520289 0.489972 0.524552 0.500931 0.522552 0.468380 0.522508 0.468120 0.521284 0.466616 0.520372 0.465181 0.519779 0.464671 0.519393 0.472667 0.517789 0.472421 0.518766 0.473991 0.519503 0.475824 0.520339 0.482028
9 0.512401 0.462023 0.513208 0.461097 0.513677 0.459380 0.514094 0.457579 0.511359 0.455310 0.510453 0.455454 0.508563 0.454208 0.505052 0.452190 0.506286 0.454847 0.506625 0.456005 0.506911 0.455032 0.507354 0.455032 0.508083 0.456375 0.508891 0.458227 0.509828 0.460218 0.510557 0.461745 0.510479 0.463690 0.511250 0.462204
10 0.505182 0.475120 0.505786 0.470926 0.499513 0.458681 0.499432 0.462769 0.499836 0.470657 0.500651 0.471963 0.502185 0.473139 0.504310 0.474500
9 0.500208 0.482074 0.501221 0.481852 0.502477 0.481046 0.503383 0.481046 0.504430 0.481046 0.504779 0.481917 0.504638 0.482597 0.503654 0.484880 0.504174 0.485014 0.505768 0.482319 0.505411 0.481296 0.505253 0.478343 0.501906 0.475991 0.500440 0.475000 0.499974 0.474745 0.500117 0.478838
2 0.479193 0.449444 0.479570 0.447653 0.481263 0.443949 0.483034 0.441681 0.484409 0.440972 0.484128 0.439963 0.478401 0.436231 0.477508 0.437523 0.475945 0.440301 0.474695 0.441829 0.472326 0.444282 0.471703 0.445231 0.472536 0.446218 0.475318 0.448940 0.476943 0.449713 0.476943 0.447727 0.477911 0.447981
2 0.466385 0.456412 0.466880 0.455532 0.468130 0.453079 0.468901 0.452569 0.468901 0.451444 0.469805 0.451231 0.471010 0.453426 0.471023 0.450870 0.470680 0.450519 0.465354 0.447005 0.461724 0.444352 0.460516 0.442486 0.460516 0.441769 0.459406 0.441245 0.457331 0.440250 0.458839 0.442926 0.464141 0.452301 0.465768 0.455245
10 0.540885 0.362722 0.538078 0.366042 0.537854 0.351630 0.537555 0.335667 0.537073 0.326611 0.537188 0.326389 0.540440 0.327824 0.540570 0.329153 0.540766 0.331620 0.541104 0.335880 0.541573 0.336759 0.541120 0.349019 0.540971 0.358213
9 0.445911 0.516810 0.445669 0.515630 0.445180 0.514079 0.443099 0.510741 0.443081 0.511824 0.443245 0.513458 0.443406 0.515380
10 0.572474 0.558796 0.577029 0.551574 0.572437 0.500810 0.568406 0.500014 0.566823 0.500556 0.564107 0.501819 0.561471 0.501273 0.558104 0.504792 0.556604 0.506574 0.557133 0.509208 0.555956 0.510583 0.554414 0.516875 0.553409 0.521597 0.552422 0.524213 0.552266 0.529491 0.552617 0.542417 0.554857 0.547394 0.555193 0.548190 0.556268 0.552190 0.556917 0.555417 0.558440 0.558361 0.559380 0.560810 0.560109 0.561329 0.560388 0.559912 0.562268 0.560551 0.565625 0.562454 0.569424 0.561588
10 0.535661 0.368222 0.534164 0.368903 0.532560 0.370083 0.531201 0.368718 0.530656 0.366606 0.529721 0.361213 0.528742 0.357644 0.527578 0.355236 0.526130 0.352912 0.523844 0.350926 0.521323 0.350343 0.518849 0.349014 0.516794 0.348019 0.516844 0.342708 0.517029 0.336213 0.519477 0.333806 0.521380 0.331634 0.526250 0.326958 0.529581 0.324639 0.530831 0.323718 0.531484 0.323667 0.535599 0.325648 0.535536 0.341292 0.536120 0.357384 0.536161 0.360463 0.536365 0.367995
10 0.543367 0.356931 0.542135 0.359005 0.542477 0.346278 0.542904 0.344167 0.543456 0.352509 0.543776 0.356111
10 0.539786 0.312032 0.537409 0.310880 0.535034 0.310782 0.530875 0.310782 0.528620 0.311944 0.527096 0.313287 0.524234 0.315968 0.520346 0.323079 0.518615 0.328060 0.518068 0.331440 0.519943 0.329125 0.523659 0.326139 0.527521 0.322431 0.531078 0.320014 0.531776 0.320014 0.533135 0.320884 0.535398 0.321750 0.539794 0.324472 0.539784 0.322278 0.539615 0.320361 0.539289 0.318815 0.539599 0.317162 0.539792 0.316120 0.540112 0.314856 0.540945 0.313421 0.541128 0.313051 0.540779 0.312361
13 0.473776 0.197269 0.472669 0.194833 0.471539 0.191894 0.470451 0.189671 0.468797 0.187736 0.467505 0.186301 0.466375 0.185727 0.465036 0.185787 0.464008 0.186120 0.462008 0.186782 0.459760 0.187093 0.458349 0.186301 0.455768 0.186014 0.451896 0.186157 0.448628 0.186755 0.448987 0.190338 0.449591 0.192593 0.451521 0.196662 0.455346 0.202824 0.456911 0.205449 0.458630 0.212037 0.458753 0.220657 0.458599 0.223977 0.463190 0.220435 0.467469 0.217106 0.467862 0.216306 0.468469 0.215722 0.477773 0.208870 0.477773 0.206759 0.476766 0.204481 0.475669 0.203181 0.474479 0.200417
13 0.446458 0.186106 0.444146 0.185417 0.444940 0.191718 0.443206 0.202639 0.442339 0.211634 0.441758 0.219861 0.441687 0.225773 0.440964 0.230912 0.439734 0.236310 0.438432 0.242125 0.441456 0.238667 0.441997 0.238093 0.443076 0.236556 0.441255 0.235185 0.442130 0.233741 0.443906 0.232884 0.448096 0.235454 0.454393 0.240384 0.456792 0.242671 0.457039 0.237222 0.457359 0.228046 0.457320 0.220801 0.457359 0.212556 0.455828 0.207106 0.449669 0.196514 0.448357 0.193130 0.447664 0.188310 0.447180 0.186694
13 0.409219 0.181204 0.408445 0.182523 0.410820 0.192634 0.404945 0.196074 0.402448 0.200519 0.400260 0.210847 0.398732 0.219384 0.405372 0.209583 0.412172 0.202282 0.416924 0.198167 0.410956 0.185685
13 0.418672 0.201796 0.423568 0.214639 0.425039 0.216384 0.422313 0.222815 0.421229 0.228472 0.419190 0.225375 0.412466 0.217662 0.410732 0.216505 0.410227 0.218565 0.411237 0.223704 0.411310 0.229745 0.410516 0.237069 0.409214 0.246963 0.408997 0.249023 0.411599 0.251593 0.413117 0.256602 0.411919 0.257866 0.409596 0.263051 0.409010 0.263519 0.408177 0.264037 0.402836 0.273000 0.396466 0.284324 0.396424 0.283347 0.396049 0.277917 0.395206 0.265718 0.393268 0.267051 0.391331 0.268162 0.390635 0.264083 0.392307 0.253079 0.394232 0.240588 0.396992 0.228398 0.399919 0.221852 0.406193 0.213528 0.411294 0.207282
8 0.489997 0.578718 0.489487 0.599181 0.491896 0.600787 0.491685 0.580755 0.490510 0.579144
8 0.491745 0.586537 0.492951 0.581769 0.495573 0.584718 0.491867 0.596394
8 0.493102 0.592431 0.495573 0.602449 0.491896 0.600787 0.491867 0.596394
8 0.494297 0.588750 0.499219 0.604375 0.495573 0.602449 0.493102 0.592431
8 0.451505 0.284343 0.460669 0.268000 0.461922 0.265958 0.472083 0.247824 0.470906 0.245907 0.463312 0.259398 0.460865 0.263796 0.449667 0.283657
8 0.561583 0.622468 0.558299 0.608116 0.557857 0.607190 0.556849 0.605139 0.556354 0.603102 0.556010 0.600801 0.556607 0.600060 0.550500 0.574394 0.544753 0.549625 0.541466 0.536509 0.536901 0.518796 0.535312 0.511343 0.525448 0.478407 0.523487 0.472269 0.522508 0.468120 0.521901 0.463556 0.521807 0.458824 0.523208 0.458907 0.523628 0.462894 0.526615 0.472847 0.532260 0.492843 0.533841 0.498046 0.540276 0.522597 0.544010 0.537917 0.545755 0.545880 0.553133 0.576556 0.553734 0.579426 0.554461 0.582528 0.558003 0.596324 0.558552 0.598454 0.559253 0.600861 0.559656 0.604560 0.559279 0.606671 0.565273 0.627023 0.563195 0.628764 0.562651 0.627560
8 0.575273 0.586546 0.572099 0.582315 0.569672 0.578333 0.568305 0.575986 0.565812 0.572106 0.561365 0.565306 0.560109 0.561329 0.560388 0.559912 0.561469 0.561222 0.566430 0.570185 0.568005 0.572542 0.570818 0.577356 0.572901 0.580736 0.575531 0.585505
8 0.560714 0.568380 0.555922 0.558565 0.554984 0.556481 0.554646 0.555741 0.556917 0.555417 0.558440 0.558361 0.559380 0.560810 0.560109 0.561329 0.561365 0.565306
8 0.581846 0.613042 0.581682 0.605032 0.581776 0.600222 0.582008 0.592426 0.581440 0.581097 0.581565 0.578875 0.581440 0.577542 0.580878 0.575653 0.581253 0.574653 0.581464 0.566032 0.581651 0.546616 0.582010 0.544611 0.578750 0.549245 0.579167 0.553505 0.578984 0.558968 0.578612 0.565852 0.578594 0.568102 0.578917 0.583977 0.579620 0.598282 0.579581 0.610648 0.579320 0.618370 0.579208 0.630444 0.579208 0.634787 0.580477 0.634898 0.581224 0.629074 0.582318 0.619352
8 0.577638 0.561514 0.577029 0.551574 0.572437 0.500810 0.572742 0.500412 0.573706 0.500412 0.574188 0.500736 0.574492 0.504528 0.578758 0.549250 0.579167 0.553505 0.578984 0.558968 0.578612 0.565852 0.578594 0.568102 0.577995 0.567269 0.577995 0.567269
8 0.543677 0.532745 0.543302 0.528745 0.542677 0.523745 0.541802 0.514972 0.543302 0.514861 0.545312 0.532176 0.545839 0.537671 0.546865 0.544389 0.545755 0.545880 0.544109 0.538343
8 0.551292 0.544870 0.546216 0.536231 0.545862 0.537741 0.546865 0.544389
5 0.551292 0.544870 0.553818 0.545069 0.554857 0.547394 0.555193 0.548190 0.556268 0.552190 0.556917 0.555417 0.554646 0.555741 0.551484 0.555773 0.549753 0.553000 0.548315 0.551333 0.547628 0.551676 0.547687 0.553667 0.545755 0.545880 0.546865 0.544389 0.546865 0.544389
8 0.529656 0.447579 0.531682 0.451181 0.536536 0.459491 0.534141 0.448519 0.527849 0.437940 0.523490 0.433009 0.523039 0.436421 0.525227 0.440773
8 0.463544 0.507032 0.463484 0.495088 0.461888 0.492514 0.461919 0.501407 0.461875 0.509676
8 0.579635 0.602963 0.575375 0.591014 0.575245 0.589579 0.575661 0.588468 0.576313 0.588560 0.579620 0.598282
8 0.468349 0.498949 0.468000 0.497708 0.467581 0.493741 0.467161 0.490519 0.466815 0.487792 0.466500 0.484880 0.466326 0.483019 0.465943 0.481287 0.465839 0.478931 0.465523 0.477380 0.466326 0.477380 0.466883 0.478806 0.467581 0.484630 0.468208 0.490208 0.468732 0.496407 0.469044 0.498269 0.468732 0.499259
8 0.464617 0.473352 0.464932 0.469634 0.466255 0.470315 0.466292 0.473907
8 0.485656 0.551019 0.485901 0.548597 0.486042 0.546556 0.486495 0.541843 0.487016 0.538125 0.487505 0.538125 0.487750 0.546306 0.487331 0.551264 0.486878 0.552319 0.486109 0.552255
8 0.484854 0.548167 0.482938 0.547671 0.481961 0.547171 0.480984 0.546120 0.481333 0.544634 0.483320 0.545190 0.485135 0.546120 0.486042 0.546556 0.485901 0.548597
8 0.463826 0.489912 0.465221 0.492144 0.466815 0.487792 0.466500 0.484880 0.466326 0.483019 0.465943 0.481287
8 0.463542 0.480250 0.464922 0.479509 0.465839 0.478931 0.465523 0.477380 0.463229 0.478241 0.462057 0.479074 0.463099 0.480435
8 0.487607 0.489157 0.484086 0.480727 0.484190 0.479611 0.484940 0.479208 0.486177 0.482583 0.487865 0.486708 0.487711 0.488537
8 0.480633 0.470810 0.478229 0.465356 0.477706 0.461699 0.478961 0.464366 0.479867 0.466597 0.483109 0.473972 0.482411 0.474343
8 0.479797 0.469509 0.478542 0.467338 0.478786 0.469880 0.479203 0.470870 0.481471 0.473972 0.481818 0.474282 0.482411 0.474343 0.480633 0.470810
8 0.486852 0.482972 0.487997 0.484917 0.488622 0.485657 0.489586 0.485287 0.490289 0.484778 0.490523 0.484546 0.487398 0.480194 0.485602 0.478111 0.483336 0.477324 0.483206 0.477972 0.484190 0.479611 0.484940 0.479208 0.486177 0.482583
8 0.497812 0.498935 0.501310 0.493162 0.502664 0.490708 0.503029 0.489088 0.503862 0.486310 0.504174 0.485014 0.503654 0.484880 0.500469 0.490370 0.497812 0.494537 0.496297 0.496806 0.497339 0.499537
8 0.600500 0.618829 0.601021 0.617352 0.600604 0.616935 0.599771 0.615593 0.592740 0.600269 0.591750 0.597764 0.591133 0.597611 0.590573 0.598685 0.590609 0.599907 0.591576 0.601556 0.592953 0.603995 0.593596 0.605426 0.594336 0.607301 0.598706 0.617380 0.599667 0.619667
8 0.498823 0.515648 0.497812 0.498935 0.501310 0.493162 0.500854 0.502407 0.500956 0.504134 0.499992 0.510250 0.499852 0.520458 0.499969 0.527083 0.499396 0.526157 0.498982 0.526806
8 0.512188 0.399259 0.513958 0.397824 0.516628 0.394106 0.516419 0.391255 0.516000 0.391509 0.514896 0.392824 0.514641 0.392995 0.513909 0.393926 0.511852 0.395903 0.509854 0.398125 0.509193 0.398519 0.509490 0.399991 0.511359 0.400509
8 0.528281 0.393403 0.529115 0.398912 0.529453 0.400116 0.530339 0.399838 0.531849 0.404884 0.533320 0.411412 0.533737 0.411088 0.533737 0.409606 0.533737 0.408495 0.531784 0.399838 0.530966 0.395171 0.530201 0.392699 0.528039 0.390653
8 0.534286 0.412153 0.537070 0.424130 0.536870 0.425347 0.536143 0.426065 0.534167 0.416597 0.533359 0.412870
8 0.529068 0.401144 0.528781 0.402301 0.528859 0.403505 0.528885 0.404245 0.529823 0.404292 0.533052 0.420819 0.536760 0.436787 0.539471 0.448546 0.539891 0.448301 0.540659 0.447245 0.540867 0.446690 0.538044 0.432060 0.536823 0.427907 0.536143 0.426065 0.534167 0.416597 0.533359 0.412870 0.533320 0.411412 0.531849 0.404884 0.530339 0.399838 0.529453 0.400116
8 0.538583 0.429477 0.538766 0.422579 0.538924 0.416032 0.538273 0.404583 0.538036 0.404801 0.537724 0.409431 0.537578 0.411204 0.537333 0.416097 0.537177 0.421282 0.537070 0.424130 0.536870 0.425347 0.536143 0.426065 0.536823 0.427907 0.537438 0.430032
8 0.541758 0.405148 0.543414 0.403648 0.544169 0.403273 0.544198 0.405042 0.543354 0.406056 0.542602 0.406699 0.542000 0.406968 0.541367 0.407398 0.540742 0.408264 0.540599 0.406250
8 0.541216 0.408468 0.542271 0.408361 0.542633 0.408898 0.542510 0.409917 0.542029 0.410181 0.540742 0.410838 0.540742 0.408264
8 0.543198 0.385310 0.546531 0.390546 0.548201 0.392949 0.548201 0.392903 0.548562 0.392532 0.548562 0.392023 0.548201 0.391657 0.547911 0.390681 0.544865 0.385819 0.541169 0.380241 0.541086 0.382745
8 0.531758 0.427269 0.529135 0.420528 0.527401 0.417231 0.526917 0.415653 0.525828 0.412213 0.525828 0.410704 0.526917 0.411495 0.528250 0.413644 0.528854 0.415366 0.529823 0.417519 0.531331 0.419569 0.532138 0.423551 0.533190 0.431088
8 0.576594 0.656690 0.578172 0.659259 0.581258 0.637241 0.582315 0.631977 0.582531 0.629537 0.583977 0.620796 0.586802 0.596861 0.587234 0.594148 0.587396 0.592032 0.587560 0.589731 0.587776 0.588097 0.587714 0.586634 0.587174 0.585787 0.586763 0.586634 0.586701 0.588324 0.586573 0.589681 0.584987 0.600500 0.582318 0.619352 0.581224 0.629074 0.580208 0.636759 0.579159 0.642426
8 0.576716 0.572824 0.572708 0.567120 0.571487 0.565227 0.570635 0.562958 0.569424 0.561588 0.572456 0.558787 0.577995 0.567269 0.578594 0.568102 0.578706 0.575773
8 0.491378 0.467907 0.491409 0.469190 0.489813 0.469190 0.488487 0.468014 0.487401 0.466565 0.486047 0.465227 0.483305 0.462440 0.482852 0.461852 0.483424 0.461264 0.484599 0.461477 0.485685 0.462657
8 0.483893 0.460514 0.482799 0.459634 0.481810 0.458894 0.478424 0.455838 0.478503 0.454958 0.478997 0.454403 0.479383 0.453801 0.483846 0.458574 0.491099 0.466940 0.491378 0.467907 0.485685 0.462657 0.484599 0.461477
8 0.475680 0.461838 0.474898 0.460389 0.474354 0.459319 0.472125 0.455407 0.471674 0.456801 0.474716 0.462319 0.476250 0.464722 0.476068 0.462778
8 0.475289 0.459319 0.474354 0.459319 0.474898 0.460389 0.475885 0.460741 0.475859 0.459259
8 0.490664 0.479185 0.490396 0.475597 0.485964 0.474741 0.483109 0.473972 0.482411 0.474343 0.482409 0.475810 0.482680 0.476616 0.483336 0.477324 0.485602 0.478111 0.488359 0.479167
8 0.485896 0.496056 0.482250 0.494343 0.477945 0.492560 0.478359 0.490370 0.482536 0.492028 0.485974 0.493880
8 0.477362 0.505005 0.476859 0.500222 0.476198 0.499259 0.475703 0.500509 0.475872 0.507801 0.477305 0.506829
8 0.475888 0.477227 0.474508 0.477088 0.473492 0.476810 0.472060 0.476116 0.471305 0.475745 0.470445 0.475236 0.470159 0.474958 0.470654 0.474449 0.471487 0.474449 0.472346 0.474449 0.473813 0.474431 0.475625 0.474764 0.476096 0.475653 0.476904 0.477181
8 0.470130 0.474861 0.469169 0.475097 0.468648 0.474218 0.467503 0.473847 0.466292 0.473907 0.464617 0.473352 0.462919 0.472875 0.461148 0.472968 0.459924 0.472968 0.458180 0.477009 0.460784 0.476917 0.461721 0.476856 0.462320 0.477227 0.463362 0.477505 0.465523 0.477380 0.466326 0.477380 0.467815 0.477412 0.467971 0.478245 0.468857 0.478847 0.469924 0.478338 0.471070 0.478292 0.471669 0.478153 0.472659 0.478245 0.473180 0.479588 0.473805 0.480699 0.474534 0.481023 0.475237 0.481069 0.476174 0.481856 0.476878 0.482551 0.477503 0.482875 0.477919 0.483801 0.478674 0.482968 0.478076 0.482227 0.477190 0.481116 0.476383 0.480514 0.475784 0.479727 0.475133 0.479171 0.474690 0.479171 0.474195 0.479079 0.473674 0.478153 0.473492 0.476810 0.472060 0.476116 0.471305 0.475745 0.470445 0.475236
8 0.506984 0.530676 0.507609 0.522157 0.507896 0.518407 0.508052 0.514843 0.507807 0.514208 0.507083 0.514208 0.506812 0.514745 0.506359 0.528134 0.506148 0.529315 0.506302 0.531343
8 0.516409 0.511718 0.517016 0.503685 0.515846 0.503542 0.515563 0.504403 0.515120 0.511069
8 0.512940 0.509352 0.513021 0.504116 0.514151 0.504259 0.515563 0.504403 0.515120 0.511069
8 0.508495 0.511185 0.508599 0.507852 0.508365 0.506556 0.507635 0.506139 0.507245 0.506741 0.507036 0.508222 0.507323 0.511463 0.508437 0.512870
8 0.506292 0.508380 0.506422 0.505231 0.506708 0.502454 0.506266 0.500931 0.505589 0.500046 0.504521 0.500190 0.504193 0.500694 0.503792 0.506296 0.503818 0.506440 0.506161 0.509769
8 0.470469 0.455245 0.468901 0.452569 0.468901 0.451444 0.469805 0.451231 0.471010 0.453426
8 0.455107 0.455051 0.457526 0.452542 0.458534 0.451681 0.458333 0.453690 0.456961 0.455694 0.456276 0.456986 0.455643 0.458713 0.454081 0.458046 0.454542 0.456699
8 0.470315 0.437949 0.472477 0.433644 0.472477 0.432718 0.471669 0.431833 0.470940 0.431699 0.470523 0.432162 0.469352 0.435218 0.469430 0.436231 0.469010 0.437222 0.469745 0.439231
8 0.497268 0.558060 0.502865 0.519583 0.503229 0.512731 0.503646 0.509120 0.505859 0.512454 0.505500 0.516144 0.505318 0.518875 0.505229 0.522787 0.504081 0.529046 0.503604 0.531421 0.502578 0.536125 0.500148 0.550718 0.498638 0.558972
8 0.505279 0.492356 0.506117 0.487213 0.506745 0.484981 0.505768 0.482319 0.504174 0.485014 0.503862 0.486310 0.503029 0.489088 0.502664 0.490708 0.501654 0.496574 0.500956 0.504134 0.499992 0.510250 0.499852 0.520458 0.499969 0.527083 0.499958 0.528620 0.500716 0.530134 0.501047 0.532167 0.502841 0.519505 0.502638 0.515630 0.502995 0.508843 0.503307 0.505278 0.504333 0.498060
8 0.475258 0.457657 0.473333 0.452593 0.471703 0.447481 0.469776 0.443144 0.469232 0.440894 0.468448 0.439287 0.466852 0.436231 0.464953 0.430931 0.463961 0.427875 0.466732 0.429319 0.469010 0.437222 0.469745 0.439231 0.470979 0.443250 0.471703 0.445231 0.472185 0.446731 0.474958 0.454389 0.476094 0.456944 0.475859 0.459259
8 0.448458 0.457273 0.450896 0.459380 0.453833 0.461269 0.458768 0.465380 0.461268 0.466935 0.462891 0.464269 0.460938 0.462731 0.457518 0.460046 0.455643 0.458713 0.454081 0.458046 0.453458 0.457824 0.452521 0.457380 0.451396 0.456495 0.450958 0.455829 0.450396 0.455051 0.449646 0.454051 0.448771 0.453606 0.448333 0.455829
8 0.480794 0.449782 0.481341 0.448023 0.482461 0.445153 0.483346 0.443486 0.484331 0.442778 0.484565 0.443565 0.485034 0.444028 0.485372 0.442685 0.485685 0.441806 0.486227 0.440606 0.484128 0.439963 0.484409 0.440972 0.483034 0.441681 0.481263 0.443949 0.479570 0.447653 0.479193 0.449444 0.480326 0.450704
8 0.469839 0.457069 0.469667 0.459051 0.469104 0.461500 0.470979 0.464648 0.471674 0.456801 0.472125 0.455407 0.472208 0.453472 0.472419 0.452542 0.471023 0.450870 0.471010 0.453426 0.470469 0.455245
8 0.468638 0.464694 0.468307 0.467639 0.470547 0.468843 0.470409 0.467194 0.470367 0.465838 0.468661 0.463356
8 0.452974 0.478014 0.452089 0.475329 0.451177 0.472551 0.450995 0.470421 0.451385 0.470190 0.451828 0.470421 0.453052 0.474634 0.454005 0.478315 0.453326 0.479514
8 0.450771 0.460898 0.448568 0.459537 0.446979 0.458426 0.446195 0.457792 0.444716 0.456935 0.444807 0.455866 0.445648 0.455542 0.446539 0.455634 0.448458 0.457273 0.450896 0.459380
8 0.458698 0.468370 0.457656 0.468000 0.457031 0.467491 0.456458 0.466843 0.455911 0.465824 0.456120 0.464852 0.457266 0.464713 0.458203 0.465222 0.458768 0.465380 0.460599 0.466481 0.459323 0.468648
8 0.461307 0.461722 0.461698 0.459824 0.462609 0.457880 0.462870 0.456676 0.463026 0.455611 0.463365 0.454917 0.463781 0.454685 0.464276 0.455611 0.464641 0.456167 0.465682 0.457833 0.462398 0.463907 0.460938 0.462731 0.460839 0.462787
8 0.459927 0.449241 0.459536 0.450074 0.459302 0.450306 0.458859 0.450352 0.458651 0.449796 0.458911 0.448593 0.459688 0.447361 0.460286 0.448472
8 0.449021 0.452611 0.449352 0.451486 0.449594 0.451060 0.449440 0.449611 0.449112 0.448755 0.448297 0.448273 0.447875 0.448542 0.447091 0.448755 0.445737 0.448755 0.445013 0.448060 0.444018 0.448273 0.444018 0.449343 0.444799 0.450093 0.445766 0.450310 0.446549 0.450954 0.447154 0.451755 0.447813 0.451755 0.447685 0.452625 0.447815 0.454245 0.447190 0.455213 0.446539 0.455634 0.448458 0.457273 0.448333 0.455829 0.448771 0.453606
8 0.475318 0.448940 0.472536 0.446218 0.471703 0.445231 0.472185 0.446731 0.474958 0.454389 0.476458 0.455324 0.476927 0.453519 0.477760 0.452407 0.478688 0.452315 0.476943 0.449713
8 0.470680 0.450519 0.465354 0.447005 0.461724 0.444352 0.460516 0.442486 0.460516 0.441769 0.466849 0.446144 0.467857 0.445787 0.468099 0.444352 0.466888 0.442704 0.466565 0.442056 0.467008 0.440764 0.467615 0.440907 0.469776 0.443144 0.471703 0.447481 0.473333 0.452593 0.472419 0.452542 0.471023 0.450870
8 0.459406 0.441245 0.457331 0.440250 0.456667 0.439875 0.447849 0.433921 0.447255 0.433731 0.444346 0.437333 0.444503 0.433731 0.445529 0.432579 0.446589 0.430588 0.448932 0.431019 0.452284 0.433588 0.452992 0.434296 0.455813 0.435333 0.457260 0.436824 0.457680 0.436657 0.458008 0.435250 0.465544 0.441736 0.466565 0.442056 0.466888 0.442704 0.468099 0.444352 0.467857 0.445787 0.466849 0.446144 0.460516 0.441769
8 0.518138 0.370634 0.517948 0.377245 0.520708 0.380949 0.523003 0.383912 0.523609 0.383148 0.525878 0.387856 0.528039 0.390653 0.530201 0.392699 0.530966 0.395171 0.535010 0.400630 0.536440 0.400870 0.536893 0.399824 0.537313 0.397843 0.538393 0.379056 0.538357 0.377204 0.538219 0.370634 0.538078 0.366042 0.537854 0.351630 0.537555 0.335667 0.537073 0.326611 0.537188 0.326389 0.535599 0.325648 0.535536 0.341292 0.536120 0.357384 0.536161 0.360463 0.536365 0.367995 0.536365 0.371935 0.535451 0.397690 0.534049 0.395366 0.533307 0.394287 0.532372 0.393125 0.531393 0.391796 0.530271 0.389806 0.529383 0.388815 0.526771 0.385495 0.526023 0.384417 0.524857 0.381676
8 0.521594 0.407269 0.522789 0.407685 0.525031 0.407639 0.525109 0.406250 0.524901 0.406019 0.522422 0.404444 0.516880 0.402870 0.513990 0.401435 0.512297 0.400880 0.511359 0.400509 0.509354 0.399907 0.507026 0.398667 0.503443 0.396343 0.502948 0.398565 0.504945 0.399736 0.507229 0.401356 0.511036 0.402991 0.514193 0.404537 0.517154 0.405755
8 0.528622 0.406421 0.530029 0.413644 0.531331 0.419569 0.532138 0.423551 0.533190 0.431088 0.535378 0.439375 0.536914 0.446644 0.543737 0.479347 0.550365 0.507685 0.551729 0.504227 0.550703 0.497824 0.543125 0.465880 0.541508 0.458324 0.539971 0.456181 0.539518 0.454519 0.539820 0.451949 0.539849 0.450611 0.539471 0.448546 0.536760 0.436787 0.533052 0.420819 0.529823 0.404292 0.528885 0.404245 0.528669 0.405583
8 0.549115 0.510926 0.536536 0.459491 0.534141 0.448519 0.533281 0.445093 0.533273 0.442556 0.534393 0.442889 0.535516 0.445542 0.535560 0.447532 0.536680 0.451269 0.541349 0.471514 0.543737 0.479347 0.550365 0.507685
8 0.552487 0.591449 0.549674 0.584560 0.547987 0.576565 0.543240 0.555014 0.541839 0.550319 0.546979 0.562528 0.547948 0.563606 0.550500 0.574394 0.556607 0.600060 0.556010 0.600801 0.554648 0.597088
8 0.484698 0.515843 0.488672 0.509491 0.491313 0.505083 0.491958 0.504153 0.493896 0.501213 0.494299 0.500208 0.494299 0.498199 0.494784 0.497630 0.495872 0.497630 0.496357 0.500208 0.496034 0.502218 0.494219 0.505801 0.492362 0.508815 0.491451 0.510204 0.489948 0.512176 0.489187 0.513116 0.487969 0.515412 0.487133 0.516838 0.486674 0.518208 0.484779 0.521435 0.483708 0.523926 0.482057 0.526759 0.480284 0.523815 0.482883 0.519722 0.484052 0.517565
8 0.526026 0.458403 0.528594 0.473981 0.532260 0.492843 0.533841 0.498046 0.540276 0.522597 0.535536 0.496634 0.529427 0.463981 0.528505 0.457532
8 0.541914 0.445116 0.541852 0.440671 0.540703 0.420231 0.540508 0.413574 0.540742 0.410838 0.540742 0.408264 0.540599 0.406250 0.540695 0.394907 0.541086 0.382745 0.541169 0.380241 0.542057 0.367111 0.542135 0.359005 0.542477 0.346278 0.542904 0.344167 0.543036 0.340792 0.543271 0.335884 0.543422 0.329861 0.543276 0.329259 0.541896 0.328750 0.541573 0.336759 0.541120 0.349019 0.540885 0.362722 0.541456 0.363579 0.541096 0.365190 0.540643 0.366148 0.540372 0.367227 0.540042 0.368616 0.539570 0.377593 0.539258 0.379574 0.538557 0.397116 0.538273 0.404583 0.538924 0.416032 0.539859 0.437106 0.540289 0.442481 0.540867 0.446690 0.541255 0.446713
8 0.463281 0.489046 0.463594 0.481778 0.463099 0.480435 0.462057 0.479074 0.460784 0.476917 0.458180 0.477009 0.460547 0.480093 0.461198 0.481528 0.461536 0.483120 0.461435 0.485898
8 0.460547 0.480093 0.459401 0.480463 0.459062 0.481250 0.459557 0.482037 0.459948 0.481806 0.460443 0.481713 0.461198 0.481528
8 0.446091 0.492130 0.445573 0.490602 0.445000 0.489444 0.444531 0.488148 0.443859 0.487171 0.443513 0.486407 0.443060 0.489384 0.443932 0.490509 0.444583 0.492037 0.445284 0.493565
8 0.493745 0.524213 0.494010 0.523333 0.494685 0.521296 0.495151 0.510463 0.495466 0.507917 0.495620 0.504259 0.496034 0.502218 0.496357 0.500208 0.495872 0.497630 0.494784 0.497630 0.494299 0.498199 0.493904 0.498241 0.493667 0.497361 0.493797 0.496250 0.494318 0.495463 0.495542 0.495694 0.496297 0.496806 0.497339 0.499537 0.496922 0.504630 0.496349 0.510648 0.496141 0.511806 0.496063 0.513796 0.495958 0.520880 0.495932 0.523750 0.495885 0.526991 0.494318 0.525417 0.493589 0.524954
8 0.447958 0.515380 0.446284 0.511153 0.444341 0.507699 0.443044 0.506644 0.442396 0.506546 0.442990 0.508176 0.445367 0.513458 0.446823 0.516912
8 0.469115 0.508380 0.468839 0.504148 0.469620 0.502898 0.470055 0.504894 0.469773 0.506231 0.469964 0.507556 0.470336 0.509213 0.469687 0.512037 0.469359 0.510815
8 0.522552 0.468380 0.524552 0.500931 0.525693 0.503773 0.527424 0.507486 0.526977 0.504560 0.526885 0.500662 0.525448 0.478407 0.523487 0.472269
8 0.471042 0.507361 0.469964 0.507556 0.469773 0.506231 0.470055 0.504894 0.471766 0.504458
8 0.468125 0.508889 0.467604 0.508750 0.467604 0.507731 0.467586 0.506523 0.468125 0.505602 0.468966 0.505782 0.469115 0.508380
8 0.477508 0.437523 0.475945 0.440301 0.474695 0.441829 0.472326 0.444282 0.471703 0.445231 0.470979 0.443250 0.471380 0.442454 0.472768 0.439792 0.475112 0.436875 0.476302 0.435014 0.478401 0.436231
8 0.439253 0.438199 0.441388 0.443662 0.441667 0.440417 0.439862 0.436259 0.438906 0.433472 0.437943 0.434491
8 0.437943 0.434444 0.435049 0.427028 0.432859 0.421611 0.432055 0.418329 0.432021 0.416366 0.433091 0.417199 0.433432 0.418880 0.434529 0.421657 0.437182 0.428787 0.438901 0.433463
6 0.438273 0.492542 0.439747 0.464069 0.440336 0.457694 0.441909 0.455861 0.440964 0.450741 0.441406 0.443704 0.441648 0.440375 0.442273 0.431301 0.442461 0.430375 0.442833 0.422440 0.442904 0.421079 0.442828 0.419398 0.443169 0.416528 0.443951 0.412028 0.445240 0.412028 0.445938 0.413019 0.445380 0.418042 0.445135 0.419963 0.445099 0.422690 0.445206 0.424486 0.445276 0.427032 0.445026 0.429699 0.444503 0.433731 0.444346 0.437333 0.443544 0.449889 0.443310 0.453319 0.443096 0.456597 0.442841 0.458542 0.443672 0.462778 0.443125 0.474213 0.442289 0.483005 0.441143 0.494713 0.440865 0.496694 0.439237 0.494546
8 0.493055 0.715995 0.493055 0.711171 0.494622 0.711546 0.494620 0.715847 0.494260 0.716690 0.493719 0.717495 0.493297 0.718458 0.493177 0.718778 0.493125 0.717315
8 0.487365 0.724056 0.486406 0.721389 0.485724 0.718222 0.485099 0.715491 0.484177 0.710653 0.484003 0.709477 0.483458 0.708722 0.482807 0.708769 0.482182 0.708583 0.482052 0.710222 0.482818 0.713380 0.483201 0.715181 0.483516 0.717083 0.484141 0.718843 0.484701 0.720384 0.485466 0.722866 0.486164 0.724597 0.486951 0.725894 0.487109 0.726574 0.487732 0.727097 0.488357 0.727653 0.488174 0.726866
8 0.490935 0.718454 0.488844 0.710769 0.487797 0.705255 0.486716 0.703704 0.486682 0.702093 0.486682 0.701102 0.488151 0.703519 0.489536 0.705750 0.492609 0.717597 0.492995 0.719213 0.491797 0.722269
8 0.462786 0.697435 0.462578 0.699287 0.462500 0.701231 0.462292 0.704843 0.461979 0.708778 0.461076 0.715472 0.460938 0.716667 0.460685 0.717926 0.460320 0.721444 0.460372 0.723389 0.460424 0.724315 0.461362 0.725241 0.461831 0.725056 0.461831 0.721815 0.462010 0.719523 0.462060 0.718537 0.462299 0.716352 0.462562 0.714653 0.462924 0.710542 0.463159 0.708782 0.463315 0.706560 0.463630 0.704384 0.463732 0.702579 0.463914 0.701167 0.463992 0.699593 0.464096 0.698019 0.464115 0.696991 0.463914 0.696815 0.463654 0.696907 0.463393 0.697000
8 0.520133 0.526444 0.520497 0.518667 0.520651 0.515509 0.520549 0.512509 0.519820 0.511769 0.519352 0.512556 0.519167 0.514907 0.519013 0.520657 0.518724 0.526315 0.520260 0.528606
8 0.551055 0.519181 0.552422 0.524213 0.553409 0.521597 0.551432 0.510787 0.550987 0.512417 0.550424 0.517306
8 0.552891 0.509213 0.553971 0.514569 0.554414 0.516875 0.553409 0.521597 0.551432 0.510741 0.552424 0.506972
8 0.534539 0.515514 0.531646 0.510537 0.529685 0.506801 0.527724 0.504894 0.526977 0.504560 0.526875 0.499769 0.530805 0.503898 0.533372 0.508130 0.535312 0.511343 0.536901 0.518796
8 0.550833 0.493287 0.547549 0.481542 0.545500 0.471903 0.543872 0.462472 0.543422 0.462315 0.543125 0.465880 0.550703 0.497824 0.551013 0.497611 0.551346 0.496111 0.551044 0.494667
8 0.555286 0.513380 0.554901 0.511347 0.554448 0.508671 0.554089 0.506745 0.553484 0.503977 0.552424 0.506972 0.552891 0.509213 0.553971 0.514569 0.554414 0.516875
8 0.466638 0.704731 0.467367 0.703014 0.467784 0.701625 0.468044 0.700236 0.468096 0.699361 0.467784 0.698806 0.467471 0.698991 0.467237 0.699731 0.466747 0.701144 0.465471 0.703787 0.464451 0.706255 0.463878 0.707463 0.463159 0.708782 0.462924 0.710542 0.462680 0.713250 0.463281 0.712269 0.463669 0.711769 0.464086 0.710704 0.464555 0.709361 0.465440 0.707324
8 0.487018 0.715602 0.486133 0.712546 0.485859 0.711204 0.485802 0.710065 0.485828 0.708537 0.485854 0.707037 0.486740 0.707454 0.487391 0.712269 0.488315 0.716347 0.487721 0.716056 0.487435 0.716750
6 0.477604 0.682454 0.477503 0.681556 0.477159 0.680625 0.476844 0.680190 0.476461 0.679880 0.476039 0.679569 0.475828 0.678208 0.475969 0.676222 0.476008 0.674241 0.476109 0.672505 0.475375 0.662588 0.475260 0.661310 0.475339 0.661130 0.475625 0.661407 0.476562 0.667981 0.477203 0.673912 0.477464 0.676273 0.477490 0.677708 0.477698 0.678356 0.478089 0.678727 0.478961 0.680065 0.479221 0.680616 0.479669 0.682565 0.479682 0.683139 0.479266 0.682583 0.478875 0.682167
8 0.468307 0.716528 0.467448 0.711991 0.467005 0.709028 0.466901 0.706806 0.467344 0.705046 0.467839 0.705139 0.467891 0.706204 0.468047 0.709583 0.468281 0.711806
8 0.422969 0.194722 0.419430 0.191537 0.417198 0.189866 0.416503 0.190671 0.417336 0.192523 0.418591 0.193088 0.420990 0.196065
8 0.546549 0.527634 0.547799 0.524856 0.548174 0.521190 0.548299 0.517639 0.549115 0.510926 0.551729 0.504227 0.552919 0.502236 0.554333 0.501111 0.554786 0.502611 0.553484 0.503977 0.552424 0.506972 0.551484 0.510463 0.550987 0.512417 0.550424 0.517306 0.549557 0.523843 0.547664 0.530968 0.545862 0.537741 0.545312 0.532176
8 0.449661 0.469769 0.450039 0.472917 0.450320 0.476898 0.450320 0.478144 0.449370 0.478968 0.448437 0.477963 0.447773 0.470241 0.446094 0.464954 0.444760 0.460218 0.443096 0.456597 0.443310 0.453319 0.446539 0.455634 0.445648 0.455542 0.444807 0.455866 0.444716 0.456935 0.446195 0.457792 0.446307 0.459644 0.446797 0.461481 0.447865 0.464398 0.448286 0.466023 0.449167 0.468056
8 0.448305 0.463116 0.448424 0.460546 0.448568 0.459537 0.446979 0.458426 0.446823 0.461481 0.447995 0.464676
8 0.427130 0.502384 0.424021 0.503713 0.421068 0.504569 0.420495 0.504250 0.420224 0.502431 0.420737 0.500019 0.421732 0.495356 0.422544 0.491394 0.423154 0.488083 0.423966 0.491620 0.423539 0.495037 0.422448 0.499352 0.421609 0.501569 0.421732 0.502750 0.422906 0.502644 0.424833 0.501894 0.426484 0.500648
8 0.497318 0.696509 0.497945 0.685847 0.497995 0.684352 0.499549 0.683338 0.500000 0.682917 0.499948 0.685093 0.499844 0.687963 0.499758 0.691426 0.499586 0.695579 0.499271 0.696324 0.496971 0.699236 0.497039 0.697750
6 0.435839 0.527630 0.428969 0.506616 0.427130 0.502384 0.424948 0.495880 0.423966 0.491620 0.423154 0.488083 0.419026 0.474907 0.416510 0.464134 0.410982 0.445324 0.409560 0.437296 0.411148 0.434324 0.414661 0.444435 0.416016 0.449167 0.437263 0.514338 0.440516 0.525282 0.438500 0.526870
8 0.469797 0.313801 0.479799 0.321259 0.485932 0.325565 0.491982 0.329653 0.493997 0.331370 0.497227 0.333801 0.498073 0.334815 0.499404 0.334736 0.499880 0.335833 0.503750 0.337139 0.505669 0.338681 0.506924 0.340296 0.508076 0.340981 0.509083 0.340477 0.508763 0.339403 0.507755 0.338463 0.506531 0.337167 0.505214 0.335889 0.503516 0.334954 0.501641 0.334491 0.499969 0.333523 0.498065 0.332028 0.495930 0.330685 0.494091 0.329690 0.492404 0.327972 0.487586 0.324130 0.485609 0.322625 0.480003 0.318097 0.475961 0.316134 0.473302 0.314144 0.471570 0.312583 0.470281 0.311787 0.469878 0.312583
8 0.486732 0.341935 0.487201 0.340222 0.487982 0.340639 0.489193 0.341111 0.490247 0.341657 0.490951 0.341750 0.491263 0.342259 0.491706 0.342630 0.491680 0.343972 0.491263 0.344250 0.490482 0.343741 0.490273 0.343509 0.489284 0.343417 0.488164 0.343185 0.487435 0.342583
8 0.493211 0.286463 0.493919 0.284963 0.493555 0.284454 0.492878 0.284407 0.492096 0.285981 0.491667 0.287315 0.491784 0.287648 0.491888 0.288204 0.492357 0.288667 0.492664 0.287435
8 0.478380 0.259144 0.474505 0.264394 0.478068 0.261995 0.478932 0.261995 0.479036 0.260972
8 0.491250 0.274213 0.494349 0.272259 0.499229 0.268389 0.499109 0.265662 0.497656 0.265662 0.488305 0.272231 0.490023 0.274806
8 0.470906 0.245907 0.468232 0.242736 0.469201 0.239009 0.472102 0.243532 0.473672 0.245782 0.476339 0.249407 0.476945 0.250699 0.479565 0.254282 0.480534 0.256148 0.481195 0.258625 0.480729 0.259352 0.479766 0.257454 0.478112 0.254347 0.475354 0.251750 0.472083 0.247824
8 0.505643 0.279361 0.503586 0.288324 0.500763 0.297505 0.499620 0.304005 0.500505 0.306329 0.501393 0.303671 0.503260 0.297120 0.503747 0.293630 0.505281 0.287606 0.506492 0.283880 0.507057 0.281389 0.507500 0.277778 0.507378 0.276421 0.506573 0.277065
8 0.499620 0.304005 0.498966 0.302759 0.497565 0.300106 0.496073 0.296704 0.494766 0.295042 0.492898 0.292472 0.491685 0.290065 0.490099 0.286579 0.488979 0.283097 0.485523 0.272972 0.482292 0.264444 0.480781 0.260556 0.479766 0.257454 0.478112 0.254347 0.475354 0.251750 0.472083 0.247824 0.471693 0.248565 0.473305 0.251079 0.474844 0.252778 0.477109 0.255926 0.478380 0.259144 0.478919 0.260676 0.480326 0.263366 0.482646 0.269514 0.484534 0.274120 0.485076 0.276718 0.487615 0.283625 0.489292 0.288231 0.489922 0.290046 0.490990 0.292083 0.491875 0.294028 0.492745 0.295917 0.493716 0.298315 0.494766 0.299769 0.496633 0.302347 0.498253 0.305514 0.499763 0.307532 0.500365 0.309935 0.501206 0.308111 0.500505 0.306329
8 0.467297 0.293537 0.469922 0.290602 0.470651 0.290463 0.470677 0.291667 0.468516 0.294074 0.467656 0.295370 0.466797 0.294028
8 0.459823 0.301176 0.464094 0.296685 0.466016 0.294769 0.467057 0.296296 0.466328 0.297407 0.465193 0.298301 0.461432 0.302731 0.461016 0.302454 0.460052 0.302731 0.459583 0.304074 0.459219 0.304583 0.458740 0.304181 0.458313 0.302611
8 0.443672 0.320560 0.448521 0.313444 0.449354 0.313167 0.450240 0.312519 0.450656 0.311778 0.450630 0.310759 0.455594 0.304583 0.456359 0.306324 0.455956 0.306394 0.456143 0.307042 0.453435 0.311023 0.452760 0.311065 0.451146 0.313843 0.446354 0.321069 0.443633 0.323185 0.442471 0.323292
8 0.489253 0.244579 0.483911 0.252102 0.482797 0.253343 0.480534 0.256148 0.481195 0.258625 0.488096 0.250366 0.490159 0.246560
8 0.491206 0.242532 0.491719 0.241088 0.492448 0.244931
8 0.464914 0.271292 0.468781 0.270250 0.470240 0.269773 0.472776 0.268333 0.474073 0.267565 0.476990 0.266602 0.479042 0.265162 0.479581 0.263917 0.479526 0.262861 0.478932 0.261995 0.478068 0.261995 0.474505 0.264394 0.473263 0.265162 0.471534 0.265454 0.470076 0.266412 0.468133 0.267083 0.465109 0.267565
8 0.493828 0.259282 0.493568 0.255764 0.492448 0.244931 0.491719 0.241088 0.490703 0.234190 0.490495 0.232245 0.490599 0.231042 0.491380 0.230116 0.491927 0.230718 0.492526 0.232014 0.493177 0.235579 0.493448 0.237352 0.493672 0.239282 0.494081 0.241556 0.494255 0.243269 0.494177 0.244241 0.494193 0.245208 0.494609 0.246690 0.495911 0.254606 0.497258 0.262486 0.494294 0.262981
8 0.489253 0.244579 0.488487 0.243088 0.487859 0.241972 0.487859 0.240236 0.488695 0.238625 0.489602 0.238380 0.489951 0.240116 0.491206 0.242532 0.492448 0.244931 0.493297 0.253190 0.491065 0.248046 0.490159 0.246560
8 0.454359 0.255880 0.455547 0.250602 0.456242 0.245593 0.457477 0.244000 0.458195 0.244417 0.458508 0.247079 0.457531 0.252597 0.456198 0.259444 0.455156 0.262824 0.455081 0.260838 0.455081 0.259106 0.454839 0.257431 0.454490 0.256255
8 0.464401 0.255745 0.464688 0.253431 0.464688 0.251579 0.464740 0.249264 0.464792 0.248338 0.465781 0.247968 0.466484 0.248245 0.466875 0.249079 0.466693 0.252782 0.466693 0.253292 0.464375 0.257551
8 0.477086 0.255972 0.476172 0.256069 0.475026 0.255787 0.474375 0.255093 0.473453 0.254579 0.473211 0.255264 0.473490 0.257060 0.474570 0.258051 0.475964 0.258296 0.478380 0.259144
8 0.464711 0.302593 0.464831 0.305389 0.465477 0.307042 0.466161 0.308338 0.467250 0.309407 0.469268 0.310338 0.472133 0.310491 0.473786 0.309986 0.475625 0.309769 0.477497 0.309907 0.478786 0.310338 0.479323 0.311736 0.480815 0.311157 0.480401 0.309907 0.479594 0.308759 0.478305 0.308046 0.475641 0.307190 0.474062 0.307454 0.472495 0.308190 0.471326 0.308338 0.470076 0.308477 0.468542 0.308338 0.467250 0.307694 0.466323 0.306181 0.465839 0.305389 0.465807 0.303009 0.465732 0.299394 0.464898 0.299301
8 0.526068 0.238287 0.529896 0.229815 0.530495 0.230185 0.530573 0.230833 0.530260 0.231667 0.528328 0.235528
8 0.520932 0.245986 0.521799 0.236569 0.523411 0.219861 0.525039 0.206727 0.525523 0.207588 0.524219 0.226532 0.522188 0.244444
8 0.510578 0.519611 0.510448 0.518269 0.509432 0.516926 0.508052 0.514843 0.507807 0.514208 0.507161 0.514213 0.506625 0.513569 0.505859 0.512454 0.503646 0.509120 0.503047 0.508148 0.503307 0.505278 0.503786 0.506347 0.506161 0.509769 0.507323 0.511463 0.510875 0.515880 0.510930 0.516819 0.511617 0.518542 0.512102 0.518468 0.512706 0.519759 0.513182 0.521231 0.513104 0.522250 0.512245 0.522574 0.511620 0.522620 0.511307 0.523361 0.510786 0.524102 0.510344 0.524194 0.510188 0.523315 0.510344 0.522019 0.510396 0.521093
8 0.484594 0.499296 0.483281 0.499306 0.481927 0.499398 0.479698 0.500083 0.476859 0.500222 0.476198 0.499259 0.476510 0.497778 0.478630 0.497120 0.480844 0.496056 0.482354 0.495315 0.483698 0.495000 0.485896 0.496056 0.486755 0.498648 0.485885 0.498981
8 0.445042 0.517306 0.443255 0.517176 0.441224 0.516759 0.437682 0.515880 0.437263 0.514338 0.438870 0.514514 0.442758 0.515380 0.443398 0.515375 0.445911 0.516810
8 0.474086 0.359875 0.469307 0.368806 0.469896 0.369861 0.475586 0.360157
8 0.463698 0.376111 0.465964 0.376019 0.458424 0.383338 0.457760 0.382731
8 0.461841 0.375259 0.456979 0.381528 0.457760 0.382731 0.463698 0.376111 0.462969 0.375648
8 0.456242 0.245593 0.453549 0.244079 0.449341 0.240491 0.448531 0.237421 0.447721 0.235597 0.446586 0.235403 0.445076 0.235116 0.444049 0.235597 0.443076 0.236556 0.441255 0.235185 0.442130 0.233741 0.443906 0.232884 0.448096 0.235454 0.454393 0.240384 0.456792 0.242671 0.457477 0.244000
8 0.480130 0.359213 0.480417 0.361130 0.480326 0.363597 0.477193 0.368736 0.474714 0.371759 0.470859 0.377130 0.474451 0.369755 0.477495 0.363917
8 0.523388 0.276847 0.522456 0.271620 0.521667 0.267546 0.520867 0.264903 0.520589 0.263157 0.521148 0.261583 0.522036 0.261167 0.523576 0.266560 0.524602 0.271954 0.525302 0.275685 0.523529 0.278593
8 0.499258 0.171083 0.501768 0.166125 0.503477 0.161602 0.503057 0.159431 0.502188 0.157634 0.501070 0.156394 0.500862 0.155338 0.501211 0.153356 0.502641 0.153912 0.503685 0.155958 0.504174 0.158870 0.504349 0.162528 0.504219 0.165278 0.501523 0.170773 0.500026 0.173130 0.499573 0.172259
8 0.514427 0.193935 0.514375 0.187037 0.514305 0.183042 0.514375 0.180255 0.514549 0.176847 0.515312 0.176343 0.515630 0.180130 0.515839 0.186454 0.516094 0.190833 0.515677 0.191806 0.515391 0.193380 0.515599 0.194583 0.515911 0.195324 0.515911 0.196065 0.515495 0.197315 0.515000 0.196806 0.514557 0.194259
8 0.442841 0.458542 0.443255 0.460602 0.443672 0.462593 0.443490 0.467407 0.442839 0.477269 0.442289 0.483005 0.441143 0.494713 0.440865 0.496694 0.441630 0.498060 0.442258 0.495954 0.443060 0.489384 0.443513 0.486407 0.444036 0.478222 0.444701 0.467810 0.444768 0.460255 0.443096 0.456597
8 0.455286 0.474583 0.453490 0.472269 0.451828 0.470421 0.451385 0.470190 0.449401 0.467824 0.448286 0.466023 0.448516 0.464537 0.449094 0.464912 0.449745 0.464310 0.450057 0.463014 0.450760 0.463431 0.451047 0.465514 0.451255 0.466625 0.452323 0.466532 0.452609 0.466532 0.457328 0.472449 0.455807 0.475000
8 0.476148 0.375704 0.480234 0.372500 0.480914 0.371583 0.483396 0.369597 0.486328 0.366806 0.488008 0.365361 0.491094 0.362861 0.496182 0.358889 0.501378 0.354556 0.502565 0.353565 0.504331 0.353009 0.505742 0.350931 0.507557 0.347704 0.511534 0.341231 0.513065 0.338648 0.514396 0.335995 0.515542 0.334310 0.518068 0.331440 0.519943 0.329125 0.523659 0.326139 0.527521 0.322431 0.531078 0.320014 0.531776 0.320014 0.533135 0.320884 0.535398 0.321750 0.539794 0.324472 0.541245 0.324403 0.542255 0.324616 0.543724 0.325231 0.545279 0.325981 0.544891 0.329815 0.543276 0.329259 0.541896 0.328750 0.540750 0.327963 0.540440 0.327824 0.537188 0.326389 0.535599 0.325648 0.531484 0.323667 0.530831 0.323718 0.529581 0.324639 0.526250 0.326958 0.521380 0.331634 0.519477 0.333806 0.517029 0.336213 0.514867 0.340125 0.512185 0.344190 0.509203 0.349546 0.507396 0.353296 0.505969 0.355148 0.504042 0.356861 0.502818 0.357417 0.498990 0.360056 0.498026 0.361028 0.497083 0.361481 0.494055 0.363736 0.491750 0.365657 0.488099 0.368426 0.485755 0.370231 0.482242 0.373440 0.477568 0.377773 0.474687 0.379630 0.469844 0.383148 0.467862 0.385306 0.466589 0.386528 0.464146 0.388287 0.462609 0.391287 0.462005 0.392454 0.461250 0.393565 0.460289 0.394718 0.458844 0.396000 0.455417 0.400463 0.454453 0.401667 0.453411 0.402963 0.452578 0.405032 0.451776 0.404722 0.451602 0.403231 0.452091 0.401810 0.452997 0.400815 0.453974 0.399454 0.454505 0.398574 0.455560 0.397074 0.456563 0.395324 0.458224 0.393343 0.460859 0.389861 0.462240 0.388194 0.464323 0.385093 0.466245 0.384181 0.468193 0.381843 0.471057 0.379579
8 0.462258 0.411171 0.462924 0.407417 0.463862 0.403806 0.463992 0.401769 0.464693 0.401537 0.465651 0.394954 0.464688 0.394907 0.464062 0.394398 0.463646 0.393704 0.463359 0.392870 0.462227 0.396208 0.460677 0.400278 0.458331 0.408745 0.457042 0.411227 0.456826 0.412625 0.459039 0.414065
8 0.472211 0.360269 0.466464 0.370708 0.468438 0.370370 0.474086 0.359875 0.473388 0.359690
8 0.496354 0.336481 0.497781 0.341843 0.498938 0.344454 0.499635 0.346745 0.499401 0.346898 0.500193 0.349662 0.501378 0.354556 0.502565 0.353565 0.501307 0.347630 0.500404 0.343880 0.498896 0.337343
8 0.585031 0.497199 0.585591 0.496176 0.588576 0.492157 0.589810 0.492000 0.589359 0.493500 0.584958 0.501532 0.583333 0.501157 0.583867 0.499037
8 0.498516 0.319713 0.498023 0.318370 0.497659 0.316472 0.498312 0.315245 0.499339 0.318236 0.499688 0.319306 0.499997 0.320366 0.500208 0.320852 0.499935 0.321653 0.499393 0.322403 0.499167 0.321713 0.498911 0.320852 0.498672 0.320185
8 0.500831 0.440176 0.500885 0.441898 0.500911 0.443009 0.500857 0.444019 0.500753 0.444667 0.500388 0.444852 0.499867 0.443324 0.499971 0.441287 0.499789 0.439481 0.499477 0.437352 0.500779 0.439250
8 0.508708 0.465079 0.501823 0.448657 0.503568 0.447778 0.505044 0.452171 0.506286 0.454847 0.506625 0.456005 0.507354 0.457856 0.509932 0.464014
8 0.494560 0.320861 0.497812 0.319662 0.498359 0.319352 0.498023 0.318370 0.497659 0.316472 0.493688 0.318380
8 0.579167 0.589722 0.577354 0.586477 0.575740 0.582495 0.574323 0.579074 0.571599 0.572218 0.570141 0.568792 0.569490 0.567588 0.567786 0.561991 0.568385 0.561898 0.569424 0.561588 0.570635 0.562958 0.573708 0.571523 0.578958 0.585000
8 0.573135 0.579023 0.571365 0.573931 0.569490 0.567588 0.567760 0.562037 0.567187 0.562130 0.565625 0.562454 0.565974 0.564903 0.566182 0.566153 0.566521 0.567681 0.567112 0.569569 0.567630 0.571389 0.568005 0.572542 0.570818 0.577356 0.572901 0.580736
8 0.566536 0.567778 0.566182 0.566153 0.565974 0.564903 0.565625 0.562454 0.562268 0.560551 0.560388 0.559912 0.561469 0.561222 0.566430 0.570185 0.567997 0.572532 0.567945 0.572255
8 0.582414 0.569685 0.582891 0.544352 0.583203 0.541389 0.585380 0.525991 0.587620 0.510051 0.589935 0.510440 0.587734 0.528597 0.586167 0.538667 0.584995 0.541597 0.584495 0.547375 0.584940 0.568625 0.586047 0.570593 0.583427 0.571097
8 0.462807 0.375097 0.467026 0.375375 0.468875 0.375236 0.469057 0.373662
8 0.514474 0.307796 0.514755 0.304065 0.515365 0.300185 0.515755 0.296111 0.513260 0.301074 0.511208 0.314185 0.514102 0.311861
8 0.405099 0.368833 0.406234 0.366153 0.408049 0.361417 0.408896 0.358981 0.409703 0.356972 0.410260 0.353796 0.410792 0.350162 0.411557 0.344421 0.411922 0.341051 0.413534 0.343278 0.414299 0.345069 0.413414 0.351019 0.413253 0.352384 0.412565 0.355898 0.411276 0.359556 0.410187 0.363139 0.409339 0.367014 0.408654 0.368588 0.408169 0.368806 0.408266 0.371972 0.406424 0.375046
8 0.498919 0.284454 0.499570 0.283204 0.500508 0.281769 0.501016 0.280833 0.501576 0.279917 0.502070 0.279361 0.502948 0.279264 0.501826 0.282000 0.499961 0.286148 0.496458 0.291292 0.498000 0.287894 0.498513 0.285736 0.498513 0.284741
8 0.461885 0.307190 0.460312 0.305139 0.459583 0.304074 0.460052 0.302731 0.461016 0.302454 0.461432 0.302731 0.463203 0.305509 0.465625 0.308287 0.466161 0.308338 0.467250 0.309407 0.469268 0.310338 0.468906 0.311481 0.468516 0.311898 0.467813 0.312176 0.467161 0.312593 0.466224 0.311898 0.464531 0.310556 0.463177 0.308889
8 0.456279 0.307542 0.456763 0.308903 0.457448 0.310060 0.457932 0.311056 0.458458 0.312782 0.459385 0.312639 0.459732 0.312634 0.459716 0.311148 0.457737 0.307074 0.457167 0.306394 0.456359 0.306324 0.455956 0.306394
8 0.467503 0.313574 0.468948 0.314991 0.470031 0.316403 0.471044 0.317046 0.471549 0.318458 0.471117 0.319616 0.470609 0.319745 0.470031 0.319486 0.469021 0.318718 0.468513 0.318458 0.468151 0.317301 0.467068 0.316787 0.466706 0.315630 0.466852 0.313963
8 0.499914 0.367843 0.500747 0.372009 0.500956 0.373398 0.501062 0.375389 0.501893 0.377889 0.501919 0.376685 0.502023 0.373630 0.501750 0.368852 0.501229 0.366769 0.500826 0.364741 0.499836 0.362565 0.498990 0.360056 0.498026 0.361028 0.497786 0.361620 0.498979 0.364324 0.499500 0.365852
8 0.492906 0.366699 0.492076 0.368829 0.491344 0.370912 0.490990 0.372917 0.490383 0.375403 0.490469 0.376806 0.490026 0.377037 0.488609 0.377625 0.488378 0.377810 0.488273 0.378134 0.488273 0.378690 0.488638 0.379292 0.488794 0.380032 0.488794 0.380681 0.488794 0.381653 0.489521 0.381514 0.491529 0.380218 0.492154 0.378551 0.492474 0.375602 0.493151 0.372778 0.494159 0.370171 0.494888 0.367903 0.495250 0.366792 0.495969 0.365403 0.495279 0.363935 0.494896 0.363056 0.494055 0.363736
8 0.461841 0.375259 0.457216 0.375815 0.455841 0.376148 0.454844 0.374819 0.453219 0.372153 0.451469 0.368708 0.449469 0.365153 0.448344 0.362042 0.448219 0.358824 0.448219 0.357824 0.450719 0.362375 0.452656 0.366819 0.453469 0.367264 0.454469 0.369819 0.455344 0.371153 0.456341 0.372153 0.457966 0.372708 0.461091 0.372486 0.464839 0.371375 0.466464 0.370708 0.468339 0.370375 0.470839 0.370042 0.470964 0.371819 0.470839 0.373375 0.469057 0.373662
8 0.469526 0.361931 0.467448 0.362778 0.465714 0.363819 0.463229 0.365370 0.460339 0.366343 0.459167 0.366481 0.455531 0.366042 0.452469 0.362153 0.449703 0.357255 0.451161 0.354569 0.452188 0.357065 0.453464 0.359167 0.456466 0.362375 0.461466 0.361153 0.465401 0.359491 0.468401 0.358157 0.473211 0.356713 0.475523 0.356824 0.478148 0.355713 0.479461 0.355935 0.479755 0.358134 0.478760 0.357810 0.478398 0.358829 0.476273 0.359380 0.475586 0.360157 0.473398 0.359713 0.472211 0.360269
8 0.429688 0.204824 0.427318 0.202639 0.425078 0.200185 0.422526 0.197546 0.424427 0.196620 0.426458 0.198611 0.428906 0.201435 0.430555 0.203282
8 0.500365 0.309935 0.497659 0.316472 0.493688 0.318380 0.494208 0.316505 0.496258 0.313981 0.498034 0.312106
5 0.491409 0.469190 0.491628 0.476440 0.491466 0.483898 0.491344 0.486551 0.493563 0.489204 0.495177 0.488347 0.496023 0.487412 0.496185 0.485764 0.496589 0.485407 0.496990 0.484398 0.496849 0.479954 0.497174 0.479750 0.497362 0.478171 0.497083 0.477343 0.496849 0.475852 0.496771 0.471319 0.495979 0.470722 0.494932 0.470042 0.492492 0.466940 0.491099 0.466940 0.491378 0.467907
8 0.502760 0.485324 0.501711 0.486005 0.500354 0.486500 0.497854 0.488213 0.497039 0.487801 0.496023 0.487412 0.496185 0.485764 0.496589 0.485407 0.496990 0.484398 0.498576 0.482819 0.499695 0.481491 0.500208 0.482074 0.501221 0.481852 0.502477 0.481046 0.503383 0.481046 0.504430 0.481046 0.504779 0.481917 0.504638 0.482597 0.503654 0.484880
8 0.497766 0.492583 0.497854 0.488213 0.500339 0.486528 0.500380 0.488606 0.500469 0.490370 0.497812 0.494537
6 0.506615 0.673796 0.500253 0.677639 0.498326 0.678750 0.497076 0.679398 0.494419 0.680880 0.491799 0.682162 0.488232 0.684616 0.488073 0.685046 0.487076 0.685481 0.485156 0.686389 0.482406 0.688051 0.482435 0.688532 0.482857 0.689444 0.483219 0.690139 0.483581 0.690995 0.483823 0.691694 0.484273 0.691907 0.485130 0.691389 0.486141 0.690620 0.487648 0.690139 0.488974 0.689606 0.489818 0.689231 0.491203 0.688426 0.493062 0.687074 0.494104 0.686241 0.495250 0.685315 0.496214 0.684806 0.497578 0.684444 0.498315 0.684194 0.499549 0.683338 0.500271 0.682625 0.500479 0.681653 0.500896 0.680819 0.501182 0.680264 0.501833 0.679708 0.502380 0.679569 0.503057 0.679523 0.503891 0.679523 0.504427 0.679074 0.505185 0.679213 0.505547 0.679106 0.506591 0.677838 0.507427 0.676819 0.508492 0.675384 0.508547 0.674917 0.508260 0.674546 0.507740 0.673759
8 0.491224 0.462537 0.482310 0.453144 0.480326 0.450704 0.477911 0.447981 0.476943 0.447727 0.476943 0.449713 0.478688 0.452315 0.479383 0.453801 0.483846 0.458574 0.491099 0.466940 0.492492 0.466940 0.494932 0.470042 0.495979 0.470722 0.496771 0.471319 0.498620 0.473310 0.499974 0.474745 0.500440 0.475000 0.501906 0.475991 0.505253 0.478343 0.505182 0.475120 0.504310 0.474500 0.502185 0.473139 0.500651 0.471963 0.499836 0.470657 0.498698 0.470139 0.497456 0.469222 0.496810 0.468574
8 0.486128 0.682347 0.487310 0.677944 0.488008 0.676769 0.488779 0.676954 0.488529 0.671935 0.489323 0.670602 0.490380 0.670199 0.491633 0.671995 0.491633 0.673787 0.488638 0.683463 0.488039 0.685106 0.487076 0.685481 0.485156 0.686389 0.485323 0.685199
8 0.461589 0.658935 0.461091 0.659468 0.460464 0.659792 0.459943 0.659838 0.459034 0.659903 0.457805 0.660560 0.455888 0.661556 0.453344 0.663593 0.452786 0.665204 0.452820 0.666194 0.454219 0.665880 0.455182 0.664861 0.456411 0.663597 0.457284 0.662296 0.458958 0.662083 0.461805 0.660713 0.463341 0.659676 0.464070 0.659023 0.464826 0.658611 0.466102 0.658236 0.467951 0.658102 0.470036 0.658704 0.472370 0.657824 0.472742 0.657148 0.473159 0.656870 0.473445 0.657287 0.474174 0.657843 0.474799 0.657611 0.475060 0.656963 0.475034 0.656315 0.474956 0.655667 0.474799 0.654926 0.474799 0.654185 0.473862 0.653213 0.472977 0.652704 0.472404 0.652519 0.472013 0.653352 0.472013 0.654278 0.471805 0.655065 0.471779 0.656287 0.466883 0.656194 0.464565 0.656750
8 0.449714 0.715944 0.447526 0.697704 0.447214 0.697046 0.446891 0.698120 0.446771 0.699343 0.446484 0.699972 0.446250 0.700204 0.447526 0.711361 0.448021 0.715389
8 0.466380 0.698380 0.465477 0.700727 0.464565 0.702764 0.464086 0.703806 0.463630 0.704384 0.463315 0.706560 0.463159 0.708782 0.463878 0.707463 0.464451 0.706255 0.465492 0.703806 0.466120 0.702130 0.466831 0.700264 0.467247 0.699014 0.467482 0.698088 0.467276 0.697347 0.466857 0.697486
8 0.451927 0.717426 0.455755 0.710667 0.455776 0.709185 0.455883 0.708648 0.455208 0.707333 0.450443 0.715435 0.450495 0.716667 0.451062 0.717449
16 0.438714 0.662662 0.439523 0.669477 0.440388 0.674949 0.442872 0.695588 0.444760 0.696838 0.446003 0.696935 0.446625 0.696926 0.447214 0.697046 0.448211 0.696926 0.449513 0.696838 0.450711 0.696375 0.452326 0.696097 0.455036 0.696097 0.456625 0.696051 0.458109 0.696097 0.458888 0.696231 0.459773 0.696000 0.460508 0.694801 0.461232 0.694333 0.461911 0.693130 0.462565 0.692116 0.462859 0.691884 0.462990 0.691144 0.463068 0.690588 0.463174 0.689755 0.463305 0.689153 0.463615 0.688366 0.464005 0.688273 0.464266 0.688412 0.462573 0.680727 0.459984 0.667042 0.458995 0.662037 0.457318 0.662407 0.456411 0.663597 0.455182 0.664861 0.454219 0.665880 0.452820 0.666194 0.452786 0.665204 0.453344 0.663593 0.455888 0.661546 0.457805 0.660560 0.458565 0.660181 0.457453 0.659602 0.456443 0.659042 0.455815 0.659042 0.455232 0.658606 0.454060 0.657727 0.454107 0.655634 0.454451 0.655319 0.454815 0.654764 0.454448 0.654426 0.453693 0.654750 0.452630 0.655537 0.451820 0.656134 0.450805 0.656833 0.450156 0.657755 0.449401 0.658315 0.448773 0.659005 0.447833 0.659236 0.447159 0.659981 0.447029 0.660542 0.446299 0.660903 0.445544 0.661046 0.444557 0.660856 0.444318 0.662153 0.443930 0.662343 0.443201 0.662153 0.442133 0.661875 0.440544 0.661875
8 0.499836 0.470657 0.499432 0.462769 0.499513 0.458681 0.498948 0.457676 0.496690 0.457745 0.496771 0.465491 0.496810 0.467144 0.496810 0.468574 0.497456 0.469222 0.498672 0.470046
8 0.500117 0.478838 0.499974 0.474745 0.498620 0.473310 0.496771 0.471319 0.496849 0.475852 0.497083 0.477343 0.497362 0.478171 0.497174 0.479750 0.496823 0.479907 0.496990 0.484398 0.498576 0.482819 0.499695 0.481491 0.500208 0.482074
1 0.471107 0.336102 0.469779 0.334898 0.468948 0.334250 0.467956 0.334157 0.467174 0.333926 0.466549 0.333231 0.465898 0.333000 0.465247 0.332861 0.464781 0.333046 0.464674 0.334343 0.465091 0.335037 0.466214 0.334991 0.466734 0.335037 0.468190 0.335361 0.468948 0.335731 0.469102 0.336519 0.468667 0.336755 0.473503 0.338255 0.475216 0.338259 0.476284 0.336269 0.475508 0.336889 0.474417 0.337213 0.473581 0.337259 0.472568 0.336843
8 0.522620 0.532671 0.522190 0.529694 0.522674 0.529218 0.523268 0.529889 0.523701 0.532769 0.524026 0.535167
5 0.479753 0.402819 0.484948 0.406435 0.486146 0.407778 0.487469 0.409028 0.487888 0.408532 0.487922 0.407292 0.488201 0.405556 0.488862 0.404444 0.489701 0.404009 0.491023 0.403329 0.491547 0.402333 0.490677 0.401097 0.490607 0.400352 0.491320 0.398611 0.487346 0.399421 0.481458 0.398843
8 0.521870 0.560907 0.525057 0.555144 0.526245 0.553032 0.526945 0.553417 0.526997 0.554069 0.524354 0.559847 0.522625 0.562250
1 0.521115 0.559370 0.524602 0.566199 0.524107 0.566662 0.523651 0.567051 0.522240 0.564944 0.520320 0.562315 0.520034 0.561000
1 0.533385 0.588333 0.535448 0.592838 0.535448 0.593764 0.534703 0.594056 0.534260 0.592991 0.534260 0.592991 0.532701 0.589218 0.532943 0.588889
1 0.526370 0.572542 0.528263 0.577657 0.531052 0.583398 0.532625 0.586690 0.532625 0.587199 0.532396 0.587639 0.532021 0.588005 0.529583 0.583134 0.527161 0.577005 0.526133 0.574523 0.525849 0.573560
6 0.520320 0.562315 0.516042 0.575472 0.515714 0.576935 0.517578 0.579176 0.522240 0.564944
2 0.512706 0.519759 0.513182 0.521231 0.513104 0.522250 0.512245 0.522574 0.511620 0.522620 0.511307 0.523361 0.510786 0.524102 0.510344 0.524194 0.509693 0.525259 0.508833 0.525676 0.506984 0.530676 0.506302 0.531343 0.506245 0.531903 0.505906 0.532639 0.505073 0.532963 0.502578 0.536125 0.500148 0.550718 0.509174 0.563259 0.511633 0.568065 0.512698 0.569597 0.513148 0.572144 0.515195 0.569667 0.525557 0.551537 0.527049 0.548190 0.527995 0.545972 0.528391 0.544523 0.529016 0.544662 0.529719 0.544153 0.526951 0.539889 0.520807 0.529912 0.520260 0.528606 0.518724 0.526315 0.515891 0.521245 0.512862 0.517167 0.511797 0.514838 0.511469 0.513963 0.511060 0.514694 0.510875 0.515880 0.510930 0.516819 0.512102 0.518468
5 0.508708 0.465079 0.507958 0.466134 0.507076 0.467528 0.506552 0.468074 0.505786 0.470926 0.505182 0.475120 0.505253 0.478343 0.505411 0.481296 0.505768 0.482319 0.506745 0.484981 0.508536 0.486579 0.510229 0.488704 0.512104 0.490977 0.514578 0.495648 0.519964 0.506583 0.529615 0.524815 0.533091 0.533097 0.541839 0.550319 0.546979 0.562528 0.547948 0.563606 0.544753 0.549625 0.541466 0.536509 0.537826 0.528222 0.532945 0.518986 0.527424 0.507486 0.525693 0.503773 0.524552 0.500931 0.520289 0.489972 0.520339 0.482028 0.519503 0.475824 0.518766 0.473991 0.517789 0.472421 0.516542 0.471699 0.515411 0.470616 0.514354 0.468829 0.513990 0.467019 0.513469 0.464384 0.513234 0.462620 0.512401 0.462023 0.511250 0.462204 0.511250 0.462204 0.510479 0.463690 0.509932 0.464014
6 0.506552 0.468074 0.505786 0.470926 0.499513 0.458681 0.498948 0.457676 0.493958 0.447685 0.490107 0.441755 0.488836 0.434611 0.488760 0.433208 0.489547 0.433037 0.491299 0.435083 0.501458 0.456944 0.502568 0.459694
8 0.469302 0.283912 0.462857 0.288125 0.462003 0.288634 0.464141 0.290037 0.470159 0.286236
1 0.449526 0.483125 0.448437 0.477963 0.447349 0.473514 0.446826 0.472583 0.446018 0.475810 0.447833 0.482981 0.448451 0.488028 0.449948 0.485324
1 0.465682 0.457833 0.464641 0.456167 0.464276 0.455611 0.463677 0.454315 0.460286 0.448472 0.459688 0.447361 0.458656 0.445394 0.458023 0.444213 0.456125 0.441375 0.456216 0.440144 0.456667 0.439875 0.457331 0.440250 0.458839 0.442926 0.464141 0.452301 0.465768 0.455245 0.466672 0.456963 0.466552 0.457926
1 0.478987 0.481486 0.476904 0.477181 0.476096 0.475653 0.475625 0.474764 0.474125 0.472319 0.473438 0.470546 0.472552 0.469907 0.470367 0.465838 0.468661 0.463356 0.467385 0.461273 0.467281 0.460157 0.467828 0.459324 0.468271 0.459514 0.469104 0.461500 0.470979 0.464648 0.473794 0.469417 0.476682 0.474648 0.477958 0.476917 0.479940 0.479972
1 0.485982 0.492806 0.480333 0.483880 0.480747 0.482208 0.486013 0.490264
1 0.504266 0.531806 0.505073 0.532963 0.505906 0.532639 0.506245 0.531903 0.506167 0.531065 0.504812 0.529819 0.504081 0.529046 0.503604 0.531421
1 0.451562 0.495069 0.454021 0.507407 0.453081 0.507921 0.450695 0.497384 0.450552 0.495458 0.451057 0.494940
8 0.474807 0.581532 0.481849 0.577755 0.486276 0.576667 0.489505 0.576620 0.489659 0.578745 0.486138 0.579116 0.480979 0.581037 0.476727 0.583454
3 0.449164 0.515056 0.449815 0.514685 0.449872 0.513741 0.445898 0.507231 0.443607 0.504361 0.443190 0.504611 0.442737 0.504611 0.441690 0.504176 0.442003 0.505009 0.443044 0.506644 0.444341 0.507699 0.446284 0.511153 0.448357 0.513944
3 0.450362 0.511634 0.445828 0.504319 0.444505 0.502583 0.443469 0.500954 0.443086 0.502069 0.442318 0.502690 0.442667 0.503125 0.443607 0.504361 0.445898 0.507231 0.449872 0.513741 0.450570 0.512625
1 0.485802 0.386361 0.486555 0.387287 0.486815 0.385620 0.486193 0.384884 0.485253 0.385995
1 0.479919 0.371583 0.479711 0.370194 0.479740 0.368148 0.479919 0.367046 0.480128 0.367046 0.480206 0.368060 0.480544 0.370287 0.480914 0.371583 0.480234 0.372500
1 0.482469 0.383065 0.481797 0.381389 0.481563 0.379954 0.481510 0.378333 0.481490 0.377116 0.481271 0.376162 0.482396 0.375273 0.482578 0.375787 0.482656 0.376343 0.482630 0.378194 0.482682 0.380139 0.483542 0.381898 0.484135 0.382588 0.483299 0.383769
1 0.489875 0.361806 0.489664 0.363111 0.488898 0.364037 0.487922 0.364227 0.487224 0.363727 0.486841 0.363852 0.486563 0.364472 0.486039 0.364782 0.485586 0.363977 0.485969 0.362241 0.486745 0.362037 0.487786 0.362361 0.488409 0.362551 0.489177 0.361500
1 0.488536 0.388583 0.490591 0.389417 0.491141 0.389139 0.491531 0.388676 0.491687 0.387889 0.491581 0.386917 0.492078 0.386037 0.493250 0.386037 0.494081 0.385898 0.494471 0.386361 0.494888 0.386593 0.495279 0.386593 0.495513 0.386176 0.496008 0.385667 0.496685 0.385435 0.497206 0.385250 0.497466 0.385065 0.497883 0.384324 0.498221 0.383306 0.498638 0.382380 0.498872 0.381639 0.498953 0.380296 0.499500 0.378861 0.499549 0.377889 0.499029 0.376963 0.498742 0.377657 0.498563 0.378398 0.498352 0.379324 0.498091 0.380620 0.497937 0.381963 0.497807 0.382750 0.497076 0.383630 0.496841 0.383769 0.495487 0.384417 0.495018 0.384880 0.493977 0.384694 0.493326 0.384602 0.492674 0.384417 0.491841 0.384602 0.491036 0.385991 0.490385 0.387657 0.489159 0.387009 0.488456 0.386917 0.488276 0.388630
1 0.510000 0.384301 0.509609 0.385782 0.508854 0.386755 0.508151 0.387079 0.507422 0.387310 0.506875 0.387356 0.506302 0.387310 0.506146 0.388097 0.506484 0.388745 0.507396 0.388792 0.508359 0.388792 0.508958 0.388560 0.509792 0.387542 0.510417 0.386708 0.510469 0.386014 0.510729 0.384903 0.510716 0.382764 0.511458 0.382125 0.511719 0.381245 0.512427 0.381167 0.512656 0.382032 0.513260 0.381259 0.513703 0.379315 0.513885 0.378528 0.514016 0.376815 0.513078 0.375889 0.512870 0.377370 0.512604 0.380185 0.512240 0.379856 0.511771 0.379718 0.511458 0.379537 0.510703 0.380417 0.510339 0.381199 0.509896 0.382634
7 0.602461 0.588241 0.599924 0.566495 0.595714 0.532532 0.595242 0.526560 0.589432 0.527380 0.587620 0.533824 0.586182 0.538713 0.584995 0.541597 0.584495 0.547375 0.584940 0.568625 0.586047 0.570593 0.587471 0.575514 0.587154 0.579028 0.594745 0.583667
7 0.604961 0.607926 0.603568 0.595569 0.593281 0.588824 0.591198 0.587301 0.591445 0.589222 0.591732 0.592139 0.592409 0.596630 0.593404 0.601231 0.599771 0.615593 0.600536 0.613282 0.604849 0.613389 0.605674 0.612236
8 0.514482 0.410287 0.514193 0.404537 0.512031 0.403426 0.512552 0.407870 0.514695 0.413528
8 0.488867 0.323231 0.492552 0.321727 0.493164 0.321477 0.492607 0.319060 0.491573 0.319403 0.489531 0.320000 0.485609 0.322625 0.487586 0.324130
1 0.525878 0.387856 0.528039 0.390653 0.528281 0.393403 0.529115 0.398912 0.529453 0.400116 0.529068 0.401144 0.528781 0.402301 0.528859 0.403505 0.528885 0.404245 0.528669 0.405583 0.528622 0.406421 0.530029 0.413644 0.531331 0.419569 0.529823 0.417519 0.528854 0.415366 0.528250 0.413644 0.526917 0.411495 0.525828 0.410704 0.525828 0.412213 0.526917 0.415653 0.526419 0.416472 0.525305 0.417773 0.524190 0.419694 0.523005 0.420130 0.522789 0.407685 0.525031 0.407639 0.525109 0.406250 0.524901 0.406019 0.522422 0.404444 0.522193 0.401745 0.521669 0.391458 0.521669 0.389227 0.524695 0.385431
8 0.483146 0.506144 0.480526 0.510588 0.481229 0.513319 0.484406 0.507389 0.484872 0.506722 0.484872 0.506060 0.484406 0.505477 0.483846 0.505148 0.483612 0.505148
8 0.493997 0.536014 0.494937 0.536144 0.495589 0.535116 0.495875 0.533394 0.495549 0.529329 0.494643 0.527509 0.494018 0.527787 0.493130 0.528949
8 0.493336 0.544852 0.494937 0.551014 0.493422 0.555181 0.491763 0.557472 0.491974 0.558852 0.495010 0.557185 0.496312 0.557440 0.497396 0.553583 0.496622 0.543764 0.495516 0.540606 0.494143 0.539704 0.492857 0.538972
8 0.447516 0.495583 0.450695 0.501755 0.449034 0.502269 0.446503 0.496611
8 0.459240 0.498708 0.460831 0.510787 0.461875 0.509676 0.461919 0.501407 0.461409 0.497167 0.459891 0.495366 0.457651 0.493565 0.456784 0.495750 0.457432 0.498449
1 0.435875 0.361741 0.435404 0.361852 0.435216 0.355856 0.435216 0.354634 0.435799 0.353315 0.436398 0.352569 0.437716 0.352634 0.438466 0.352968 0.438779 0.353634 0.439279 0.353079 0.440091 0.353079 0.440216 0.354079 0.440404 0.354745 0.440091 0.355301 0.439279 0.355190 0.438466 0.354523 0.437966 0.354079 0.437404 0.353856 0.437029 0.353968 0.436466 0.354523 0.436310 0.355829 0.436258 0.358051 0.436417 0.361199
1 0.482812 0.305236 0.486828 0.296759 0.489922 0.290046 0.490990 0.292083 0.487414 0.299287 0.484740 0.305634 0.483565 0.307171
1 0.508242 0.272074 0.505596 0.275477 0.504849 0.277963 0.503508 0.278514 0.502070 0.279361 0.502049 0.279208 0.499388 0.280949 0.498781 0.281616 0.499016 0.283856 0.498047 0.284241 0.496927 0.285569 0.494534 0.287421 0.492854 0.288338 0.492357 0.288667 0.491888 0.288204 0.491784 0.287648 0.492096 0.285981 0.492878 0.284407 0.493555 0.284454 0.493919 0.284963 0.492714 0.287009 0.494534 0.286259 0.498128 0.283028 0.498081 0.281449 0.498128 0.280454 0.498659 0.279083 0.499414 0.278898 0.500065 0.278111 0.501523 0.277417 0.501674 0.277880 0.503914 0.276222 0.503914 0.275394 0.504031 0.274454 0.507539 0.271444 0.508604 0.269995
1 0.470398 0.402694 0.470398 0.401352 0.470318 0.400333 0.470292 0.399593 0.470659 0.399130 0.470969 0.399870 0.471284 0.400611 0.471594 0.403481 0.471815 0.405505 0.470755 0.406944 0.470318 0.405519 0.470659 0.404917 0.470604 0.403574
6 0.443096 0.497176 0.445284 0.493565 0.446091 0.492130 0.448451 0.488028 0.449948 0.485324 0.453326 0.479514 0.454005 0.478315 0.455807 0.475000 0.457328 0.472449 0.459323 0.468648 0.460599 0.466481 0.461268 0.466935 0.462891 0.464269 0.462398 0.463907 0.465682 0.457833 0.466552 0.457926 0.466672 0.456963 0.466385 0.456412 0.466880 0.455532 0.468130 0.453079 0.468901 0.452569 0.470469 0.455245 0.468271 0.459514 0.467828 0.459324 0.467281 0.460157 0.467385 0.461273 0.465503 0.465880 0.465190 0.465213 0.464844 0.465000 0.463620 0.466574 0.463224 0.469074 0.461148 0.472968 0.459924 0.472968 0.458180 0.477009 0.457651 0.478620 0.455570 0.481190 0.455833 0.481852 0.452031 0.489167 0.449786 0.493565 0.448672 0.493565 0.445898 0.497204 0.443458 0.500954 0.443573 0.499713 0.443469 0.498731
8 0.466773 0.502032 0.466615 0.499722 0.465729 0.498657 0.463484 0.495088 0.461888 0.492514 0.459245 0.488704 0.457161 0.485185 0.455570 0.481190 0.457651 0.478620 0.459036 0.481245 0.459557 0.482037 0.461435 0.485898 0.463281 0.489046 0.463826 0.489912 0.465221 0.492144 0.466953 0.495370 0.468000 0.497708 0.468349 0.498949
1 0.470318 0.405519 0.469461 0.405148 0.468966 0.405472 0.468130 0.405889 0.467609 0.406074 0.466958 0.406074 0.466437 0.405843 0.465760 0.404917 0.465294 0.404315 0.464302 0.403944 0.463862 0.403806 0.463992 0.401769 0.464693 0.401537 0.465711 0.402370 0.466437 0.403065 0.467089 0.404130 0.467609 0.404315 0.468208 0.403991 0.468836 0.403574 0.469982 0.403574 0.470604 0.403574 0.470659 0.404917
5 0.492435 0.227532 0.492854 0.223060 0.493216 0.219463 0.494372 0.219204 0.495385 0.219463 0.497602 0.217588 0.499922 0.217778 0.499766 0.222333 0.499924 0.225259 0.497820 0.227856 0.496094 0.229486 0.493339 0.232454 0.492526 0.232014
5 0.501703 0.249630 0.500023 0.251023 0.500023 0.253810 0.499464 0.257194 0.499128 0.256000 0.497896 0.252218 0.496542 0.249657 0.495984 0.247736 0.495706 0.247301 0.494937 0.246431 0.494542 0.245861 0.494177 0.244935 0.494177 0.244241 0.494255 0.243269 0.494081 0.241556 0.494081 0.240477 0.494221 0.238903 0.494456 0.237574 0.494594 0.235912 0.495016 0.233509 0.499078 0.230407 0.503112 0.226514 0.503607 0.229523 0.505398 0.231912 0.507083 0.234491 0.507862 0.237287 0.509206 0.239278 0.509766 0.240671 0.509318 0.241269 0.508198 0.242861 0.508086 0.245051 0.507414 0.246644 0.506742 0.246644 0.505734 0.247241 0.505062 0.248833 0.504167 0.250824 0.503495 0.251620
8 0.463224 0.469074 0.464932 0.469634 0.466255 0.470315 0.468279 0.471120 0.471503 0.473764 0.473813 0.474431 0.475625 0.474764 0.474125 0.472319 0.473438 0.470546 0.472552 0.469907 0.470547 0.468843 0.468307 0.467639 0.467940 0.466657 0.465503 0.465880 0.465190 0.465213 0.464844 0.465000 0.463620 0.466574
1 0.505219 0.445134 0.505089 0.446894 0.504906 0.447727 0.505701 0.448449 0.505870 0.446894 0.505987 0.445500 0.505128 0.444528
1 0.508148 0.414644 0.508000 0.416574 0.507578 0.419949 0.507005 0.425250 0.506484 0.430370 0.506302 0.432889 0.505339 0.442787 0.506172 0.443944 0.507109 0.436167 0.508073 0.426310 0.508255 0.424130 0.508490 0.421403 0.508880 0.417977 0.509297 0.414361 0.509505 0.413532 0.509115 0.412972 0.508646 0.412741 0.508281 0.413069
1 0.485177 0.526009 0.487133 0.518569 0.488279 0.518880 0.485547 0.529440 0.485365 0.530648 0.484792 0.528282
1 0.486417 0.536213 0.489505 0.532685 0.492552 0.529676 0.494018 0.527787 0.494643 0.527509 0.496727 0.531398 0.497768 0.533435 0.498836 0.533898 0.499383 0.533157 0.500164 0.531583 0.500190 0.530241 0.499958 0.528620 0.499969 0.527083 0.499396 0.526157 0.498982 0.526806 0.498927 0.528194 0.499031 0.530324 0.498875 0.531667 0.498250 0.531157 0.496818 0.529074 0.495885 0.526991 0.494318 0.525417 0.493589 0.524954 0.493172 0.524676 0.492732 0.525694 0.492755 0.526898 0.489448 0.530185 0.487339 0.532778 0.486294 0.534208 0.485914 0.536500
1 0.489000 0.515954 0.489495 0.514241 0.489948 0.512176 0.489187 0.513116 0.487969 0.515412 0.487620 0.517296 0.488635 0.517759
1 0.488870 0.519056 0.489312 0.519009 0.489365 0.518083 0.488635 0.517759 0.488453 0.517574 0.487620 0.517296 0.487133 0.516838 0.486674 0.518208 0.487133 0.518569 0.488279 0.518880
1 0.483302 0.517231 0.482729 0.517046 0.482057 0.517037 0.481510 0.514815 0.482943 0.515093 0.483979 0.515333 0.484698 0.515843 0.484052 0.517565
5 0.433435 0.375870 0.431206 0.372769 0.430721 0.371620 0.429914 0.371407 0.429461 0.368931 0.426458 0.364713 0.422799 0.358394 0.420185 0.354241 0.419138 0.348537 0.418302 0.343394 0.418057 0.335463 0.417638 0.334468 0.417120 0.334843 0.417221 0.344324 0.417326 0.349468 0.414299 0.345069 0.413534 0.343278 0.411922 0.341051 0.410841 0.338931 0.411539 0.336699 0.412758 0.333972 0.414688 0.333532 0.417875 0.332671 0.420013 0.334532 0.426143 0.344931 0.428000 0.347870 0.433221 0.356968 0.435211 0.361866 0.435875 0.361741 0.436638 0.361245 0.437620 0.361676 0.437656 0.362991 0.437031 0.362713 0.436536 0.362620 0.436094 0.363870 0.436198 0.364750 0.436615 0.366833 0.436359 0.369796
1 0.425156 0.450787 0.425703 0.450509 0.426719 0.450093 0.427370 0.449583 0.427865 0.448981 0.428125 0.448657 0.428542 0.448241 0.428932 0.447685 0.429062 0.447083 0.429349 0.445972 0.429349 0.444907 0.429219 0.444352 0.429010 0.444306 0.428750 0.445139 0.428594 0.445833 0.428281 0.446944 0.427969 0.447176 0.427604 0.447685 0.426927 0.448009 0.426016 0.448565 0.425521 0.449028 0.424844 0.449074
1 0.472310 0.417514 0.472240 0.420366 0.472154 0.422537 0.473039 0.423356 0.474193 0.424167 0.475417 0.424907 0.475208 0.422917 0.474682 0.421667 0.474089 0.421171 0.473531 0.421171 0.473253 0.420861 0.473112 0.419681 0.473182 0.414602 0.472206 0.416338
1 0.471927 0.412431 0.471648 0.414106 0.471091 0.414972 0.469766 0.416338 0.468161 0.417389 0.465760 0.418722 0.467813 0.419875 0.469766 0.418940 0.471021 0.417824 0.471823 0.417144 0.472206 0.416338 0.473182 0.414602 0.473078 0.411440 0.472734 0.408426 0.471745 0.410324
7 0.596818 0.620528 0.598706 0.617380 0.594336 0.607301 0.596120 0.617269
8 0.499888 0.335889 0.498896 0.337343 0.496354 0.336481 0.494911 0.334736 0.493417 0.333588 0.492794 0.332579 0.492221 0.331722 0.491885 0.330921 0.491982 0.329653 0.493997 0.331370 0.497227 0.333801 0.498073 0.334815 0.499404 0.334736
8 0.499406 0.541472 0.500526 0.533412 0.499383 0.533157 0.498836 0.533898 0.498391 0.540912 0.498677 0.541745
8 0.482966 0.288681 0.483703 0.282282 0.484086 0.277699 0.482938 0.278935 0.481404 0.290093
8 0.480841 0.290565 0.481263 0.289347 0.477289 0.290218 0.475023 0.291083 0.475755 0.293069 0.477427 0.292694 0.479172 0.292199
6 0.528367 0.428398 0.525234 0.429593 0.526240 0.435764 0.527849 0.437940 0.531951 0.444324
6 0.488021 0.667722 0.488008 0.676769 0.487310 0.677944 0.486128 0.682347 0.485323 0.685199 0.485156 0.686389 0.480568 0.683917 0.481542 0.681514 0.485641 0.668727 0.486018 0.667481 0.486568 0.666347
1 0.432073 0.457440 0.431630 0.456699 0.431292 0.456282 0.431292 0.454847 0.431422 0.453412 0.431760 0.452255 0.431526 0.451468 0.430875 0.452394 0.430589 0.454708 0.430615 0.456468 0.431135 0.457810 0.431109 0.459060 0.430990 0.460278 0.430875 0.462023 0.430677 0.464028 0.430365 0.465602 0.430286 0.466481 0.430208 0.468009 0.430286 0.468935 0.430469 0.469491 0.430901 0.470495 0.430354 0.470032 0.430042 0.471421 0.429573 0.473829 0.428896 0.476468 0.428818 0.477440 0.427786 0.476620 0.426771 0.475417 0.425651 0.474954 0.425547 0.476528 0.426328 0.479352 0.426563 0.479907 0.426849 0.479907 0.427187 0.479861 0.427500 0.479583 0.427422 0.478843 0.426797 0.477917 0.426771 0.477130 0.427422 0.477917 0.428411 0.479306 0.430078 0.481065 0.431943 0.483375 0.432273 0.484287 0.432818 0.485306 0.433961 0.486968 0.434956 0.489750 0.435198 0.491514 0.435440 0.493444 0.435995 0.493602 0.436323 0.492898 0.437089 0.493144 0.437297 0.494199 0.437508 0.495375 0.438203 0.495995 0.438971 0.496181 0.439599 0.496616 0.439982 0.497606 0.440539 0.498412 0.441203 0.499593 0.441935 0.499838 0.442526 0.500333 0.441378 0.500894 0.441203 0.503125 0.441690 0.504176 0.442737 0.504611 0.443190 0.504611 0.443607 0.504361 0.442667 0.503125 0.442318 0.502690 0.443086 0.502069 0.443469 0.500954 0.443573 0.499713 0.443469 0.498731 0.443096 0.497176 0.442057 0.497495 0.441630 0.498060 0.440865 0.496694 0.439237 0.494546 0.438273 0.492542 0.437716 0.491782 0.437297 0.491287 0.436810 0.491037 0.436307 0.490815 0.435750 0.488644 0.436432 0.487875 0.436927 0.487134 0.437344 0.486208 0.437734 0.485190 0.437943 0.484449 0.438281 0.483755 0.438516 0.483338 0.438776 0.483014 0.438906 0.479912 0.438047 0.481949 0.437240 0.483708 0.436510 0.484727 0.436172 0.486162 0.435651 0.486671 0.435365 0.486718 0.434810 0.486167 0.435193 0.485361 0.434773 0.485051 0.434076 0.485176 0.432648 0.482324 0.432682 0.480218 0.432542 0.478171 0.432820 0.475755 0.433240 0.473648 0.433763 0.472157 0.433693 0.471167 0.433060 0.470894 0.432786 0.471218 0.432424 0.472606 0.432240 0.471991 0.431771 0.470602 0.431630 0.469616 0.431943 0.469338 0.431917 0.468227 0.431865 0.467069 0.431630 0.464616 0.431630 0.463366 0.431734 0.461745 0.432021 0.460264 0.432073 0.458782
1 0.508076 0.340981 0.506893 0.340269 0.504992 0.337769 0.502727 0.336519 0.499888 0.335889 0.498896 0.337343 0.500404 0.343880 0.503596 0.347361 0.505742 0.350931 0.507557 0.347704 0.511534 0.341231 0.513065 0.338648 0.509234 0.335639 0.506977 0.333745 0.506609 0.331565 0.505958 0.328463 0.505854 0.326750 0.505437 0.324852 0.504969 0.323046 0.504865 0.321426 0.504526 0.320593 0.504031 0.321750 0.504750 0.325491 0.505224 0.328778 0.505935 0.332486 0.506219 0.334676 0.506596 0.336023 0.506531 0.337167 0.507755 0.338463 0.507755 0.338463 0.507810 0.338139 0.508763 0.339403 0.509083 0.340477
1 0.490490 0.358398 0.489029 0.357046 0.488396 0.358736 0.487888 0.357718 0.488026 0.356542 0.487260 0.355301 0.487190 0.355352 0.486240 0.355352 0.485161 0.354824 0.484141 0.352593 0.483130 0.351745 0.482266 0.353333 0.481521 0.354824 0.480260 0.355486 0.480680 0.357231 0.480846 0.360991 0.481354 0.362009 0.482622 0.360991 0.483193 0.359412 0.483891 0.360088 0.483448 0.362458 0.482750 0.362796 0.481164 0.363134 0.481164 0.365843 0.482115 0.367532 0.483396 0.369597 0.482367 0.370468 0.480909 0.367310 0.480339 0.365505 0.480326 0.363597 0.480417 0.361130 0.480130 0.359213 0.479755 0.358134 0.479461 0.355935 0.478148 0.355713 0.477273 0.353713 0.476273 0.350824 0.476201 0.348519 0.476154 0.347606 0.475641 0.346278 0.475125 0.345282 0.474286 0.343954 0.473073 0.343208 0.471859 0.342213 0.470646 0.339639 0.470552 0.338727 0.472232 0.338977 0.472792 0.340556 0.474846 0.340968 0.475396 0.342111 0.475406 0.342875 0.476201 0.344037 0.476945 0.346194 0.477167 0.347458 0.477167 0.349218 0.477167 0.350287 0.478294 0.353245 0.479005 0.354565 0.479747 0.354949 0.481023 0.353819 0.481734 0.352241 0.482083 0.350796 0.481656 0.350130 0.481328 0.350523 0.480286 0.349449 0.480068 0.348278 0.479216 0.346537 0.478802 0.343935 0.479904 0.344380 0.480914 0.344037 0.481698 0.344894 0.482234 0.344394 0.482729 0.344718 0.483120 0.343162 0.483667 0.341495 0.484266 0.340708 0.482938 0.340431 0.476339 0.339593 0.475216 0.338259 0.477820 0.338398 0.477820 0.338398 0.481427 0.338394 0.483120 0.338347 0.483667 0.338486 0.484240 0.339644 0.484786 0.339458 0.485750 0.339782 0.486419 0.339204 0.487305 0.338278 0.487878 0.337028 0.487852 0.336009 0.487956 0.334528 0.488169 0.333560 0.489005 0.333250 0.490102 0.332778 0.490378 0.333972 0.489961 0.334435 0.489336 0.334991 0.488763 0.335500 0.488867 0.337861 0.488242 0.338694 0.487826 0.339157 0.487253 0.339713 0.486732 0.340361 0.485768 0.341194 0.485620 0.340755 0.485177 0.341171 0.484786 0.341171 0.484760 0.342449 0.484396 0.342912 0.484159 0.342861 0.483638 0.343407 0.483563 0.344949 0.483797 0.346616 0.483638 0.348028 0.484000 0.348338 0.484456 0.349343 0.484810 0.350671 0.485203 0.351894 0.486701 0.351644 0.486701 0.352264 0.486563 0.353255 0.486542 0.353750 0.487469 0.353819 0.488242 0.354190 0.489023 0.354565 0.489487 0.355014 0.489518 0.355634 0.489310 0.356208 0.489911 0.356458 0.490583 0.356648 0.491010 0.356829 0.491326 0.357269 0.491359 0.358028 0.491258 0.358468
8 0.428169 0.308593 0.425125 0.310620 0.423729 0.311750 0.423919 0.312991 0.424299 0.313329 0.427536 0.311412 0.431711 0.308477 0.431773 0.307912 0.432987 0.307417 0.433776 0.306759 0.435461 0.305838 0.437328 0.303847 0.437888 0.303102 0.442227 0.299699 0.444794 0.297625 0.445406 0.296546 0.446505 0.295329 0.451568 0.290231 0.453125 0.288981 0.455771 0.286486 0.456883 0.285676 0.456555 0.284514 0.455716 0.284347 0.454930 0.285009 0.448453 0.290861 0.442648 0.296579 0.442703 0.297000 0.442281 0.297593 0.441435 0.298620 0.440180 0.299782 0.439602 0.299671 0.438266 0.301273 0.436628 0.302769 0.435326 0.303931 0.432914 0.305773 0.430599 0.307454 0.428906 0.308287
8 0.496023 0.487412 0.497701 0.490500 0.497766 0.492583 0.497812 0.494537 0.497190 0.493319 0.495984 0.490782 0.494560 0.488639 0.495177 0.488347
8 0.494560 0.488639 0.495984 0.490782 0.497190 0.493319 0.497812 0.494537 0.497190 0.495463 0.496203 0.494194 0.493901 0.490102 0.493563 0.489204
8 0.493133 0.490102 0.496203 0.494194 0.497190 0.495463 0.496297 0.496806 0.495216 0.494681 0.493464 0.493222
8 0.493464 0.493222 0.493667 0.497361 0.493904 0.498241 0.493896 0.501213 0.491958 0.504153 0.491068 0.492315 0.490721 0.487662 0.492091 0.487468 0.492805 0.488444
6 0.587344 0.618606 0.591602 0.643792 0.594245 0.639745 0.596740 0.637657 0.599750 0.637657 0.596815 0.622000 0.596818 0.620528 0.596120 0.617269 0.594336 0.607301 0.593596 0.605426 0.592953 0.603995 0.591576 0.601556 0.590609 0.599907 0.590573 0.598685 0.590208 0.598639 0.588464 0.610602
6 0.588229 0.593426 0.589799 0.593426 0.590773 0.594231 0.588464 0.610602 0.585586 0.631528 0.584562 0.637259 0.583531 0.639218 0.582352 0.639880 0.581258 0.637241 0.581919 0.633991 0.582315 0.631977 0.582531 0.629537 0.583977 0.620796 0.585810 0.608940
8 0.552917 0.625278 0.555391 0.622454 0.557370 0.619537 0.557682 0.621574 0.557682 0.623704 0.556094 0.625833 0.554375 0.628333
1 0.463049 0.332306 0.462320 0.332120 0.461773 0.332167 0.461253 0.332769 0.461174 0.333648 0.461151 0.334773 0.461935 0.334773 0.462008 0.334157 0.462372 0.333880 0.462789 0.333880 0.463232 0.334574 0.463753 0.335083 0.464102 0.335417 0.465216 0.335736 0.465091 0.335037 0.464674 0.334343 0.464357 0.333620 0.463914 0.332556
8 0.427120 0.404500 0.429495 0.404583 0.431456 0.404500 0.431456 0.402838 0.430708 0.401676 0.426229 0.401926 0.423708 0.401926 0.425482 0.404000
1 0.532560 0.370083 0.534164 0.368903 0.535661 0.368222 0.536365 0.367995 0.529943 0.376218 0.524857 0.381676 0.518138 0.370634 0.517232 0.356718 0.516451 0.351208 0.515365 0.350676 0.514521 0.352282 0.515508 0.363889 0.515651 0.367389 0.514766 0.365028 0.514089 0.363315 0.512630 0.362574 0.507396 0.353296 0.509203 0.349546 0.512185 0.344190 0.514867 0.340125 0.517029 0.336213 0.516844 0.342708 0.516794 0.348019 0.518849 0.349014 0.521323 0.350343 0.523844 0.350926 0.526130 0.352912 0.527578 0.355236 0.528742 0.357644 0.529721 0.361213 0.530656 0.366606 0.531201 0.368718
8 0.446714 0.408250 0.445763 0.407407 0.444526 0.406898 0.443130 0.406449 0.442703 0.407079 0.442823 0.408472 0.444299 0.409065 0.445716 0.409972 0.447221 0.410778 0.447552 0.410722 0.447826 0.409921 0.447508 0.408815
8 0.480914 0.344037 0.477362 0.342537 0.477177 0.341630 0.476458 0.342056 0.475826 0.341736 0.474846 0.340968 0.472792 0.340556 0.472232 0.338977 0.470552 0.338727 0.470070 0.339111 0.468836 0.338412 0.463049 0.337398 0.461271 0.336806 0.458589 0.336056 0.456753 0.335736 0.455833 0.335463 0.454401 0.335306 0.452776 0.334824 0.451807 0.334611 0.451599 0.333542 0.452078 0.332949 0.452896 0.332843 0.461151 0.334773 0.461935 0.334773 0.464102 0.335417 0.465216 0.335736 0.466091 0.335898 0.467354 0.336111 0.468229 0.335898 0.468667 0.336755 0.473503 0.338255 0.476339 0.339593 0.479919 0.341630 0.481883 0.342755 0.483120 0.343162 0.482729 0.344718 0.482234 0.344394 0.481698 0.344894
8 0.502656 0.215185 0.504292 0.215671 0.505672 0.215440 0.506583 0.215671 0.508346 0.215657 0.506242 0.218153 0.501716 0.217620 0.502102 0.215144
8 0.502885 0.213819 0.505672 0.215440 0.506583 0.215671 0.508346 0.215657 0.509263 0.214028 0.506714 0.213269 0.505177 0.212847 0.502729 0.210310 0.502240 0.213407
8 0.499292 0.213125 0.495620 0.213773 0.491870 0.214606 0.490641 0.214856 0.489284 0.214806 0.481508 0.214667 0.482807 0.213171 0.486661 0.212986 0.489734 0.212662 0.491896 0.212199 0.496583 0.211185 0.499786 0.210208 0.500568 0.210060 0.500219 0.212787
11 0.552388 0.427824 0.552555 0.432134 0.553560 0.432134 0.553810 0.433324 0.554396 0.434366 0.555315 0.434366 0.556737 0.434218 0.557490 0.435407 0.558578 0.435704 0.558745 0.438528 0.558076 0.442245 0.557305 0.444657 0.555969 0.448523 0.555969 0.453282 0.556888 0.463838 0.558227 0.474991 0.561471 0.501273 0.564107 0.501819 0.566823 0.500556 0.568406 0.500014 0.569310 0.498944 0.570898 0.497921 0.572419 0.497921 0.573214 0.497787 0.574151 0.496880 0.575380 0.496120 0.576393 0.494829 0.578492 0.494056 0.578995 0.492389 0.578057 0.485699 0.577047 0.484417 0.576393 0.480315 0.574729 0.473875 0.574010 0.469505 0.573281 0.464375 0.573141 0.462574 0.572797 0.460403 0.571878 0.457579 0.571458 0.454903 0.571458 0.451778 0.571542 0.447764 0.571458 0.445384 0.571458 0.441963 0.570872 0.438694 0.570203 0.437801 0.569201 0.435870 0.568448 0.430366 0.568112 0.427245 0.567779 0.423972 0.567526 0.420106 0.567443 0.417134 0.567193 0.414306 0.566857 0.410144 0.566021 0.405532 0.565268 0.402708 0.564935 0.401074 0.561180 0.372046 0.558854 0.352435 0.556828 0.335912 0.555268 0.316940 0.554695 0.315644 0.553836 0.312588 0.552898 0.311153 0.552169 0.309856 0.551284 0.308792 0.550216 0.307958 0.548992 0.307681 0.547951 0.307912 0.547378 0.308097 0.546206 0.308282 0.544852 0.308931 0.544565 0.309440 0.543810 0.309903 0.543081 0.310458 0.542716 0.310968 0.542143 0.311523 0.541727 0.312171 0.541128 0.313051 0.540945 0.313421 0.540112 0.314856 0.539792 0.316120 0.539599 0.317162 0.539289 0.318815 0.539615 0.320361 0.539784 0.322278 0.539794 0.324472 0.541245 0.324403 0.542255 0.324616 0.542049 0.321801 0.542049 0.319005 0.541940 0.316134 0.542208 0.313532 0.542258 0.312778 0.542802 0.312194 0.543664 0.312194 0.543906 0.312731 0.543990 0.313343 0.543854 0.315602 0.543802 0.317778 0.543880 0.319495 0.543831 0.321606 0.543773 0.323616 0.543724 0.325231 0.545279 0.325981 0.544891 0.329815 0.543276 0.329259 0.543422 0.329861 0.543271 0.335884 0.543036 0.340792 0.542904 0.344167 0.543456 0.352509 0.543776 0.356111 0.547003 0.382398 0.547911 0.390681 0.548201 0.391657 0.548562 0.392023 0.548562 0.392532 0.548201 0.392903 0.548201 0.392949 0.549112 0.402208 0.549297 0.404532 0.550091 0.409593 0.550391 0.411620 0.551023 0.416394
11 0.540766 0.331620 0.541104 0.335880 0.541573 0.336759 0.541896 0.328750 0.540750 0.327963 0.540440 0.327824 0.540570 0.329153
6 0.411799 0.298773 0.412987 0.294644 0.413690 0.291477 0.415633 0.292245 0.414174 0.300694
6 0.490443 0.706458 0.489536 0.705750 0.486536 0.700995 0.484349 0.697593 0.483776 0.698449 0.483464 0.698681 0.482891 0.698449 0.482812 0.696829 0.483021 0.694606 0.483359 0.694051 0.483255 0.693125 0.483229 0.691968 0.483581 0.690995 0.483823 0.691694 0.484273 0.691907 0.485130 0.691389 0.492422 0.702014 0.493086 0.703273 0.492169 0.704315 0.492013 0.705097 0.492404 0.705843 0.491693 0.706597 0.490859 0.707755
6 0.413240 0.310986 0.417891 0.310000 0.420833 0.309398 0.423958 0.308750 0.426771 0.308519 0.428906 0.308287 0.430599 0.307454 0.430836 0.304829 0.429784 0.304880 0.428456 0.304991 0.425805 0.305255 0.421859 0.305741 0.420893 0.305847 0.412758 0.306597 0.412396 0.307398 0.412672 0.309329 0.412758 0.310986
8 0.491237 0.209102 0.489734 0.212662 0.491896 0.212199 0.492708 0.210509 0.494049 0.207065 0.497982 0.199935 0.498008 0.198546 0.497044 0.198176 0.492878 0.206324
8 0.492708 0.210509 0.496583 0.211185 0.499922 0.210139 0.499922 0.210139 0.494049 0.207065
8 0.491237 0.209102 0.487742 0.207245 0.483810 0.204968 0.474479 0.200417 0.473776 0.197269 0.477333 0.199019 0.481633 0.200968 0.489773 0.205523 0.492878 0.206324
6 0.407016 0.314912 0.406391 0.318023 0.404641 0.322468 0.402453 0.329463 0.398393 0.341352 0.398018 0.342685 0.400141 0.345014 0.401016 0.343792 0.402391 0.338463 0.410701 0.313139 0.410263 0.310472 0.410964 0.307361 0.411138 0.305583 0.412513 0.305806 0.412638 0.304472 0.412201 0.302250 0.411263 0.301361 0.408951 0.308139
8 0.497602 0.555218 0.496622 0.543764 0.495875 0.533394 0.495549 0.529329 0.496727 0.531398 0.497768 0.533435 0.498583 0.543435 0.498909 0.546088
8 0.494010 0.523333 0.493430 0.515755 0.492664 0.512347 0.492362 0.508815 0.494219 0.505801 0.494128 0.507884 0.494547 0.511787 0.494930 0.515569 0.494685 0.521296
1 0.429547 0.315167 0.429635 0.318750 0.430677 0.318704 0.430719 0.313944
8 0.497602 0.217588 0.494255 0.216949 0.489581 0.217069 0.487229 0.216588 0.474521 0.217162 0.468555 0.217750 0.467469 0.217106 0.467862 0.216306 0.468469 0.215722 0.475547 0.215227 0.481508 0.214667 0.489284 0.214806 0.490641 0.214856 0.496667 0.215181 0.500219 0.214463 0.499922 0.217778
8 0.499766 0.222333 0.499896 0.217824 0.500219 0.214463 0.500219 0.212787 0.500568 0.210060 0.501125 0.201880 0.501857 0.201384 0.502729 0.201880 0.503216 0.203366 0.502729 0.210310 0.502240 0.213407 0.502102 0.215144 0.501716 0.217620 0.501435 0.224014 0.499924 0.225259
1 0.527039 0.383102 0.532323 0.377583 0.536365 0.371935 0.535451 0.397690 0.534049 0.395366 0.533307 0.394287 0.532372 0.393125 0.531393 0.391796 0.530271 0.389806 0.529383 0.388815 0.529036 0.386968 0.528359 0.384514 0.527839 0.383171
1 0.440362 0.275829 0.441979 0.276111 0.444047 0.276324 0.446380 0.278153 0.447174 0.277319 0.446427 0.275995 0.444794 0.274750 0.443768 0.274167 0.442089 0.274005 0.440128 0.273755 0.439661 0.273755 0.439474 0.275083
1 0.441562 0.277037 0.441979 0.276111 0.444047 0.276324 0.442461 0.277903
1 0.443768 0.274167 0.443880 0.273657 0.444245 0.273102 0.444948 0.273148 0.445156 0.273843 0.444794 0.274750
1 0.463312 0.259398 0.463414 0.256375 0.463378 0.254954 0.463099 0.253463 0.462820 0.252162 0.463240 0.251296 0.463831 0.252162 0.464180 0.253528 0.464401 0.255745 0.464375 0.257551
1 0.464807 0.262394 0.464773 0.263444 0.464669 0.264806 0.464354 0.266171 0.463518 0.266852 0.463273 0.266792 0.463203 0.265676 0.463622 0.263875 0.463932 0.262463
6 0.420867 0.293162 0.417836 0.293375 0.415633 0.292245 0.414174 0.300694 0.413935 0.301884 0.413815 0.302634 0.413333 0.303810 0.412758 0.306597 0.420893 0.305847 0.419943 0.305319 0.418406 0.304764 0.417339 0.304718 0.416531 0.303699 0.416375 0.302588 0.415333 0.301986 0.415073 0.301199 0.415490 0.300921 0.416609 0.301384 0.417781 0.301755 0.419135 0.302356 0.419943 0.303051 0.420893 0.303991 0.421023 0.302972 0.421935 0.302787 0.422768 0.302421 0.422326 0.301310 0.422352 0.296866 0.422039 0.296259 0.421492 0.295194 0.421128 0.293806
1 0.460859 0.260463 0.461641 0.258889 0.461984 0.257245 0.462089 0.255199 0.462159 0.253528 0.462122 0.251917 0.461984 0.249995 0.461427 0.249685 0.461042 0.250676 0.461008 0.251667 0.460867 0.253773 0.460867 0.256005 0.460521 0.257731 0.459440 0.259722 0.458534 0.261333
1 0.438518 0.282921 0.435682 0.286023 0.432831 0.288935 0.431393 0.288157 0.434055 0.285648 0.436466 0.282699 0.437294 0.281671
1 0.503013 0.313796 0.502419 0.309856 0.501953 0.306454 0.502531 0.305009 0.503284 0.306403 0.503284 0.307690 0.503654 0.312472 0.503654 0.313588 0.503310 0.314370
6 0.532263 0.575606 0.533721 0.580412 0.534477 0.581801 0.534867 0.581801 0.535206 0.581153 0.535622 0.580319 0.536221 0.579671 0.536846 0.579671 0.537055 0.580644 0.536742 0.581153 0.535133 0.583546 0.534823 0.584769 0.536445 0.588324 0.538151 0.592454 0.540417 0.599444 0.541320 0.602653 0.543008 0.603208 0.544943 0.606542 0.545880 0.609042 0.552917 0.625278 0.555391 0.622454 0.557370 0.619537 0.557682 0.621574 0.557682 0.623704 0.556094 0.625833 0.554375 0.628333 0.557109 0.634870 0.563195 0.628764 0.562651 0.627560 0.553698 0.605741 0.545159 0.585509 0.539792 0.572713 0.535005 0.572338
6 0.435341 0.334676 0.434573 0.336903 0.433404 0.338981 0.431792 0.341991 0.428000 0.347870 0.426143 0.344931 0.430096 0.340343 0.431669 0.337833 0.434573 0.334319
1 0.526750 0.278259 0.528617 0.278676 0.530062 0.279755 0.532117 0.284065 0.534589 0.289046 0.537297 0.293940 0.538323 0.294935 0.541451 0.299912 0.542570 0.300162 0.542617 0.298505 0.542151 0.297509 0.538651 0.292861 0.535849 0.288546 0.532862 0.282074 0.531135 0.278755 0.529737 0.277014 0.527495 0.276269
1 0.524977 0.305639 0.526841 0.302736 0.530763 0.297509 0.531930 0.295519 0.531557 0.293690 0.530716 0.294685 0.527216 0.299500 0.523672 0.303519 0.523109 0.307051 0.524042 0.306718
8 0.488672 0.509491 0.488568 0.502315 0.488255 0.494028 0.487865 0.486708 0.488622 0.485657 0.489586 0.485287 0.490289 0.484778 0.490523 0.484546 0.491068 0.492315 0.491958 0.504153 0.491313 0.505083
8 0.489448 0.530185 0.489312 0.519009 0.489365 0.518083 0.489495 0.514241 0.489948 0.512176 0.491451 0.510204 0.491901 0.509537 0.492732 0.525694 0.492755 0.526898
8 0.490432 0.556759 0.490190 0.546787 0.489872 0.541125 0.489505 0.532685 0.492552 0.529676 0.492534 0.535676 0.492857 0.538972 0.493336 0.544852 0.493422 0.555181 0.491763 0.557472
8 0.504453 0.275875 0.501016 0.277546 0.500065 0.278111 0.499245 0.278657 0.498659 0.279083 0.497786 0.281106 0.498333 0.282681 0.498919 0.282093 0.499518 0.281074 0.500534 0.280565 0.501576 0.279917 0.502070 0.279361 0.502948 0.279264 0.503508 0.278514
8 0.503508 0.278514 0.505078 0.274213 0.505651 0.273102 0.507539 0.271444 0.508604 0.269995 0.508242 0.272074 0.508073 0.273148 0.504487 0.278931
8 0.506977 0.382407 0.506716 0.372269 0.508104 0.373065 0.508669 0.374907 0.508901 0.383009
8 0.492755 0.526898 0.493099 0.525694 0.493724 0.525324 0.494318 0.525417 0.495885 0.526991 0.496818 0.529074 0.498250 0.531157 0.498875 0.531667 0.499031 0.530324 0.498927 0.528194 0.498982 0.526806 0.499396 0.526157 0.499969 0.527083 0.499958 0.528620 0.500260 0.530139 0.500260 0.531343 0.500104 0.532454 0.499383 0.533157 0.498836 0.533898 0.498437 0.533611 0.497768 0.533435 0.496727 0.531398 0.495539 0.529301 0.494661 0.527500 0.493984 0.527824 0.493281 0.528796
8 0.485914 0.536500 0.489505 0.532685 0.492552 0.529676 0.493281 0.528796 0.492755 0.526898 0.489448 0.530185 0.486276 0.534185
8 0.513893 0.392486 0.513893 0.390819 0.513646 0.388472 0.513255 0.386481 0.512995 0.384398 0.512656 0.382032 0.512448 0.381199 0.511719 0.381245 0.511458 0.382125 0.510716 0.382764 0.511224 0.387264 0.511563 0.392588 0.511656 0.394227 0.511839 0.395894 0.513909 0.393926
8 0.510706 0.422944 0.512841 0.421093 0.513255 0.420148 0.514349 0.422046 0.513961 0.422759 0.512086 0.424519 0.510654 0.425630 0.509560 0.426093 0.507995 0.426991 0.508151 0.424630 0.509036 0.423981
6 0.425802 0.375495 0.423490 0.372037 0.422440 0.368755 0.421781 0.365759 0.420596 0.362417 0.419263 0.359866 0.418570 0.356116 0.417656 0.352176 0.417326 0.349468 0.417221 0.344324 0.417120 0.334843 0.417638 0.334468 0.418057 0.335463 0.418302 0.343394 0.419138 0.348537 0.420185 0.354241 0.422065 0.360125 0.422906 0.362116 0.425518 0.368421 0.428099 0.373417
8 0.508833 0.525676 0.508437 0.522639 0.508208 0.520676 0.507896 0.518407 0.508052 0.514843 0.508958 0.516250 0.509172 0.518778 0.509458 0.521324 0.509667 0.523361 0.509693 0.525259
8 0.527049 0.418023 0.526328 0.419213 0.525312 0.420648 0.524427 0.421852 0.523596 0.422856 0.523039 0.422917 0.523005 0.420130 0.524141 0.419120 0.525305 0.417773 0.526419 0.416472 0.526917 0.415653 0.527401 0.417231
8 0.462299 0.330329 0.456875 0.332454 0.457604 0.333380 0.459010 0.333009 0.461773 0.332167 0.462320 0.332120 0.463315 0.331718
8 0.465961 0.348574 0.465573 0.348009 0.454479 0.348750 0.453958 0.351111 0.458620 0.351481 0.460703 0.350972 0.461154 0.350269 0.463779 0.350269 0.464737 0.349778
8 0.425497 0.332241 0.421612 0.336454 0.422031 0.337569 0.426633 0.333662 0.427365 0.332361 0.426911 0.331495
8 0.434857 0.330949 0.427190 0.339366 0.427609 0.340917 0.430677 0.337569 0.435380 0.331523
8 0.419242 0.321144 0.417604 0.316991 0.417604 0.315069 0.417953 0.313273 0.418091 0.312343 0.418893 0.314264 0.419870 0.315815 0.421474 0.318602
8 0.464070 0.274449 0.458638 0.277699 0.454943 0.280546 0.451505 0.284343 0.452854 0.285463 0.455339 0.283472 0.455203 0.283106 0.455016 0.281111 0.458190 0.279704 0.459635 0.278708 0.460430 0.279870 0.462482 0.277986 0.465005 0.276005
8 0.456953 0.265097 0.458115 0.268523 0.459161 0.266912 0.458122 0.264167
8 0.493659 0.291958 0.492357 0.288667 0.491888 0.288204 0.491784 0.287648 0.491234 0.286315 0.490099 0.286579 0.491685 0.290065 0.492898 0.292472
8 0.431615 0.310509 0.431932 0.314699 0.432396 0.317681 0.433513 0.316588 0.432490 0.310546
8 0.417880 0.310454 0.417534 0.310856 0.419279 0.313333 0.420880 0.315194 0.421719 0.314389 0.420951 0.312903 0.418581 0.310421
8 0.416464 0.330301 0.416328 0.329352 0.415875 0.328431 0.415187 0.327282 0.414945 0.327426 0.414380 0.327856 0.414219 0.329796 0.414323 0.330833
8 0.409289 0.370421 0.409339 0.367014 0.408654 0.368588 0.408169 0.368806 0.408266 0.371972
8 0.412565 0.355898 0.413490 0.355727 0.413490 0.356718 0.410701 0.367875 0.409289 0.370421 0.409339 0.367014 0.410187 0.363139 0.411276 0.359556
8 0.409081 0.382139 0.407805 0.379500 0.408091 0.378250 0.408638 0.378065 0.409888 0.381352 0.409654 0.382185
8 0.410729 0.385097 0.410589 0.385440 0.409380 0.382861 0.409984 0.382144 0.410508 0.382431 0.411276 0.383866
8 0.462708 0.424403 0.461956 0.421810 0.461716 0.420097 0.462768 0.420792 0.464096 0.422079 0.465935 0.425407
8 0.473802 0.489630 0.473435 0.487079 0.473201 0.485366 0.473018 0.483884 0.473122 0.481847 0.473643 0.481384 0.474190 0.482681 0.474503 0.484440 0.474687 0.488287
8 0.486320 0.486060 0.483185 0.482898 0.481893 0.481412 0.481232 0.480667 0.480747 0.482208 0.486042 0.488796 0.486276 0.488056 0.486693 0.488519 0.487607 0.489157
8 0.412549 0.331162 0.414219 0.329796 0.414380 0.327856 0.415187 0.327282 0.415875 0.328431 0.419544 0.325134 0.422609 0.322120 0.423417 0.321190 0.424063 0.318537 0.425393 0.319542 0.427208 0.317458 0.429547 0.315167 0.430719 0.313944 0.430758 0.312657 0.429750 0.313157 0.428458 0.313657 0.424547 0.317963 0.421797 0.320648 0.418203 0.324167 0.414945 0.327426 0.411680 0.330583 0.412003 0.331444
8 0.443336 0.284028 0.440552 0.280801 0.438776 0.278935 0.435784 0.276347 0.435091 0.275708 0.432750 0.272912 0.431820 0.272176 0.431820 0.270435 0.432052 0.268856 0.432721 0.268185 0.435372 0.271194 0.438237 0.274060 0.439474 0.275083 0.440362 0.275829 0.441562 0.277037 0.442461 0.277903 0.445961 0.281056 0.447687 0.282468 0.446568 0.283046 0.445076 0.282713 0.444328 0.283046 0.444094 0.284375 0.443393 0.284042
5 0.410044 0.266019 0.416224 0.274676 0.418669 0.277259 0.420057 0.264958 0.414201 0.256602 0.413117 0.256602 0.411919 0.257866 0.409596 0.263051 0.410294 0.264574
8 0.473841 0.505903 0.475703 0.500509 0.476198 0.499259 0.476510 0.497778 0.477945 0.492560 0.478359 0.490370 0.479661 0.485926 0.480333 0.483880 0.480747 0.482208 0.481232 0.480667 0.480534 0.479926 0.479940 0.479972 0.478987 0.481486 0.478674 0.482968 0.477919 0.483801 0.477396 0.485009 0.476594 0.488333 0.474435 0.496301 0.473841 0.498606 0.473354 0.498801 0.472760 0.500431 0.472977 0.501583 0.471766 0.504458 0.471042 0.507361 0.470336 0.509213 0.469687 0.512037 0.466049 0.521838 0.467784 0.524106 0.472448 0.510509 0.473042 0.508301
8 0.574063 0.633426 0.572760 0.630417 0.571979 0.628704 0.571719 0.627986 0.571849 0.626898 0.572578 0.626806 0.573594 0.627824 0.574036 0.629213 0.576042 0.633333
5 0.563195 0.628764 0.562917 0.630833 0.564401 0.631157 0.566068 0.631204 0.566484 0.630972 0.566667 0.628611 0.566771 0.626111 0.566979 0.623935 0.567187 0.622315 0.567656 0.620231 0.567708 0.618981 0.568021 0.618009 0.568750 0.617963 0.569883 0.615662 0.568768 0.615912 0.568977 0.612500 0.569089 0.611111 0.568359 0.611019 0.566615 0.610463 0.565651 0.609630 0.562656 0.608519 0.561406 0.608056 0.560417 0.607778 0.560208 0.607778 0.559688 0.607824 0.565273 0.627023
5 0.575208 0.617708 0.579245 0.628912 0.579320 0.618370 0.579581 0.610648 0.578776 0.606412 0.578776 0.604375 0.578411 0.602338 0.577891 0.600023 0.576536 0.598912 0.575599 0.598171 0.574792 0.596204 0.571995 0.594991 0.570539 0.595810 0.570859 0.597569 0.569951 0.600347 0.575234 0.617431
5 0.562424 0.581329 0.562318 0.583931 0.562318 0.585292 0.563677 0.588269 0.565143 0.592421 0.565701 0.597130 0.566083 0.598620 0.567094 0.599796 0.568906 0.602153 0.569396 0.603269 0.569570 0.606801 0.569326 0.609463 0.568977 0.612500 0.568768 0.615912 0.569883 0.615662 0.570547 0.616407 0.571068 0.617213 0.572081 0.617273 0.575234 0.617431 0.569951 0.600347 0.570859 0.597569 0.570539 0.595810
8 0.506703 0.502727 0.511279 0.506727 0.512979 0.508421 0.512940 0.509352 0.515120 0.511069 0.516409 0.511718 0.518708 0.512773 0.518734 0.514208 0.518474 0.515319 0.517146 0.514903 0.514990 0.512898 0.514500 0.511657 0.513281 0.511102 0.509776 0.507588 0.508365 0.506556 0.507635 0.506139 0.506547 0.504625
8 0.551969 0.561310 0.558661 0.573949 0.563937 0.584060 0.570539 0.595810 0.571995 0.594991 0.574792 0.596204 0.573867 0.593773 0.569492 0.580106 0.568305 0.575986 0.565812 0.572106 0.566625 0.577444 0.569125 0.586097 0.570932 0.591435 0.571492 0.593773 0.570430 0.591986 0.563495 0.578769 0.557815 0.567778 0.553625 0.559435 0.549753 0.553000 0.548315 0.551333 0.547628 0.551676 0.547687 0.553667 0.550062 0.558338
8 0.557133 0.509208 0.555753 0.505213 0.554797 0.502644 0.553484 0.503977 0.554089 0.506745 0.555956 0.510583
8 0.485417 0.277917 0.485169 0.283361 0.486742 0.283435 0.486742 0.281139
8 0.501380 0.327259 0.502630 0.329676 0.503307 0.329481 0.503411 0.328185 0.502135 0.325639
8 0.456742 0.400222 0.460651 0.400278 0.462227 0.396208 0.458844 0.396000 0.455417 0.400463
8 0.441107 0.323292 0.441055 0.324120 0.440422 0.325727 0.439737 0.325856 0.439133 0.324926
8 0.462010 0.719523 0.463990 0.723602 0.465578 0.726329 0.467036 0.728509 0.467867 0.729509 0.468438 0.729958 0.468281 0.729125 0.468255 0.727690 0.467424 0.725944 0.466018 0.723907 0.464768 0.721500 0.464039 0.720111 0.463518 0.719093 0.463102 0.718537 0.462789 0.718259 0.462320 0.718213 0.462060 0.718537
8 0.488531 0.729981 0.487568 0.729384 0.486969 0.728644 0.486240 0.727898 0.485198 0.727023 0.483893 0.726231 0.483719 0.724560 0.483997 0.723940 0.484867 0.724412 0.486508 0.726171 0.487109 0.726574 0.487732 0.727097 0.488357 0.727653 0.489294 0.728810 0.489576 0.729519 0.489052 0.730139
8 0.489727 0.722491 0.488685 0.717676 0.488320 0.716380 0.487721 0.716056 0.487435 0.716750 0.487513 0.717907 0.488516 0.722870 0.489518 0.726102 0.489766 0.727083 0.490013 0.727352 0.490182 0.726713 0.490417 0.726111 0.490195 0.724435
8 0.485130 0.709630 0.484448 0.709463 0.483823 0.709046 0.483458 0.708722 0.482807 0.708769 0.482182 0.708583 0.481349 0.708583 0.480880 0.708213 0.480073 0.707750 0.479526 0.707565 0.478901 0.707426 0.478589 0.707565 0.478224 0.706824 0.478328 0.705769 0.478607 0.705583 0.478956 0.705273 0.479474 0.705528 0.480307 0.705806 0.480932 0.706176 0.481818 0.706731 0.482859 0.706731 0.483823 0.706731 0.484682 0.707009 0.485203 0.707056 0.485854 0.707056 0.485828 0.708537 0.485781 0.709722
8 0.492448 0.711088 0.490833 0.710856 0.490208 0.708495 0.492057 0.708866 0.492969 0.709236 0.494167 0.709421 0.495312 0.710301 0.495469 0.710903 0.495078 0.711597 0.494622 0.711546 0.493854 0.711366
8 0.496750 0.712157 0.495469 0.710903 0.495312 0.710301 0.494167 0.709421 0.492880 0.706458 0.494102 0.704472 0.494729 0.705153 0.495495 0.707074 0.496680 0.709370 0.498146 0.709370 0.498214 0.710546 0.498320 0.711352 0.499016 0.711602 0.498563 0.712398 0.498424 0.713028 0.497760 0.713028
8 0.493391 0.698296 0.494003 0.686667 0.494104 0.686241 0.495250 0.685315 0.496214 0.684806 0.496060 0.685417 0.495529 0.693259 0.495107 0.699690 0.495047 0.701347 0.493086 0.703273
8 0.496029 0.700227 0.496971 0.699236 0.499271 0.696324 0.499409 0.697185 0.499487 0.697741 0.499773 0.698847 0.499669 0.699593 0.499174 0.700236 0.496987 0.702551 0.494695 0.704315 0.494102 0.704472 0.492880 0.706458 0.492404 0.705843 0.492013 0.705097 0.492169 0.704315 0.493086 0.703273 0.495047 0.701347
8 0.496667 0.704491 0.496552 0.706981 0.497388 0.707417 0.497982 0.707542 0.498922 0.705806 0.499174 0.700236 0.496987 0.702551 0.496771 0.703426
8 0.479570 0.673282 0.482758 0.665968 0.483081 0.664532 0.482677 0.663315 0.481789 0.663384 0.479451 0.669407 0.478443 0.671491 0.478854 0.674583 0.479208 0.673713
8 0.481000 0.674699 0.483966 0.667481 0.484344 0.666231 0.485154 0.665657 0.485641 0.666329 0.486018 0.667481 0.485641 0.668727 0.481542 0.681514 0.480568 0.683917 0.479693 0.683167 0.479669 0.682565 0.479221 0.680616 0.479451 0.680310 0.479612 0.679519 0.479852 0.678384
8 0.479391 0.678171 0.478854 0.674583 0.478443 0.671491 0.477776 0.666366 0.477083 0.662917 0.476656 0.659560 0.476266 0.656736 0.476005 0.655069 0.475328 0.654838 0.474799 0.654926 0.474956 0.655667 0.475034 0.656315 0.475060 0.656963 0.474799 0.657611 0.475339 0.661130 0.475625 0.661407 0.476562 0.667981 0.477203 0.673912 0.477464 0.676273 0.477490 0.677708 0.477698 0.678356 0.478089 0.678727 0.478961 0.680065 0.479221 0.680616 0.479451 0.680310 0.479612 0.679519 0.479651 0.678912
8 0.477563 0.662542 0.478367 0.662542 0.479018 0.663468 0.479669 0.663051 0.480086 0.662542 0.479565 0.661292 0.478784 0.660505 0.477247 0.659810 0.476656 0.659560 0.477065 0.662773
8 0.451956 0.699278 0.454219 0.705185 0.455367 0.707611 0.457242 0.711546 0.458570 0.714185 0.458987 0.714694 0.459352 0.714185 0.459557 0.712917 0.458831 0.711546 0.458258 0.710250 0.456904 0.707287 0.456122 0.705620 0.455549 0.704370 0.454299 0.701685 0.453284 0.699139 0.452763 0.697796 0.452477 0.697333 0.452242 0.697287 0.451747 0.697796
8 0.459167 0.366481 0.456341 0.372153 0.457966 0.372708 0.459323 0.369769 0.460781 0.366250
8 0.489922 0.290046 0.488984 0.290741 0.486406 0.290880 0.488151 0.289259 0.489505 0.288843
8 0.535247 0.411685 0.536185 0.411315 0.536888 0.411315 0.537578 0.411204 0.537724 0.409431 0.537227 0.409741 0.536589 0.409815 0.535599 0.410000 0.534422 0.410296 0.533737 0.411088 0.533320 0.411412 0.533359 0.412870 0.534286 0.412153
8 0.513180 0.439907 0.513674 0.438843 0.513987 0.437407 0.514299 0.435694 0.514820 0.434167 0.515758 0.432361 0.516487 0.431204 0.517451 0.430139 0.517737 0.429954 0.517893 0.431250 0.516792 0.432657 0.515617 0.435657 0.515286 0.438241 0.514560 0.440278 0.513805 0.441574 0.513102 0.443102 0.512734 0.444028 0.512633 0.441435
8 0.510549 0.446620 0.510576 0.443750 0.510625 0.441111 0.510836 0.439120 0.511487 0.438472 0.512479 0.439218 0.512219 0.446301 0.512234 0.453056 0.510398 0.452000 0.510341 0.450880 0.510206 0.450176 0.510258 0.449204 0.510419 0.448056
8 0.570891 0.629880 0.569797 0.626778 0.568182 0.625204 0.567714 0.623676 0.567656 0.620231 0.567708 0.618981 0.568021 0.618009 0.568750 0.617963 0.568729 0.622611 0.570109 0.624833 0.571125 0.626454 0.571984 0.629463 0.571464 0.630157
8 0.501828 0.698213 0.502448 0.695833 0.503464 0.696759 0.501849 0.706389 0.501224 0.708241 0.500833 0.708889 0.500943 0.707421 0.501128 0.704102 0.501734 0.700949
8 0.497076 0.679398 0.497370 0.673162 0.495229 0.673000 0.494628 0.680713
11 0.440747 0.263171 0.439185 0.263630 0.438312 0.263875 0.438625 0.266542 0.439078 0.267782 0.440456 0.269111 0.443682 0.267894 0.448281 0.265597 0.455156 0.262824 0.455081 0.260838 0.455081 0.259106 0.454839 0.257431 0.454490 0.256255 0.454070 0.255199 0.453615 0.253403 0.450651 0.257000 0.448987 0.259699 0.445807 0.260986 0.442771 0.262528
11 0.448339 0.247106 0.449341 0.245194 0.449773 0.243278 0.449341 0.240491 0.448531 0.237421 0.447721 0.235597 0.446586 0.235403 0.445076 0.235116 0.444049 0.235597 0.443076 0.236556 0.441997 0.238093 0.441456 0.238667 0.438432 0.242125 0.437422 0.246847 0.439013 0.251218 0.444073 0.248778
11 0.442771 0.262528 0.445807 0.260986 0.448987 0.259699 0.450651 0.257000 0.453615 0.253403 0.453760 0.251731 0.453253 0.249421 0.451518 0.246847 0.450289 0.245819 0.448339 0.247106 0.444073 0.248778 0.439013 0.251218 0.437760 0.252037 0.437133 0.253787 0.436844 0.255333 0.436844 0.257130 0.437060 0.259185 0.437927 0.260986 0.438867 0.262014 0.440747 0.263171
8 0.434784 0.353315 0.434445 0.351319 0.434159 0.350125 0.433917 0.345824 0.433109 0.343884 0.431792 0.341991 0.433404 0.338981 0.434724 0.343815 0.435086 0.344889 0.435490 0.346181 0.435810 0.347329 0.436096 0.348764 0.436190 0.350769 0.436398 0.352569 0.435799 0.353315
8 0.500253 0.677639 0.500443 0.671606 0.498755 0.670963 0.498326 0.678750
8 0.458164 0.722532 0.460143 0.717394 0.461133 0.713690 0.461979 0.708778 0.462292 0.704843 0.462500 0.701231 0.462578 0.699287 0.462786 0.697435 0.462448 0.697435 0.462070 0.697394 0.461055 0.705079 0.459557 0.712917 0.459352 0.714185 0.458987 0.714694 0.457044 0.721606
6 0.443099 0.510741 0.441786 0.508852 0.437411 0.501556 0.432607 0.491282 0.428341 0.485139 0.426563 0.481574 0.434870 0.506944 0.437263 0.514338 0.438870 0.514514 0.442758 0.515380 0.443406 0.515380 0.443245 0.513458 0.443081 0.511824
5 0.435393 0.400417 0.433727 0.394120 0.430966 0.387579 0.428958 0.382222 0.426924 0.377579 0.424268 0.379727 0.423544 0.380912 0.423669 0.382199 0.422135 0.392815 0.421471 0.395454 0.427495 0.397032 0.434125 0.399907
8 0.490339 0.257315 0.491065 0.248046 0.490159 0.246560 0.488096 0.250366 0.486823 0.257778
6 0.407268 0.296648 0.409557 0.291009 0.409232 0.289685 0.408484 0.288773 0.407130 0.288023 0.404844 0.294412
6 0.410510 0.298634 0.407268 0.296648 0.403536 0.293426 0.400086 0.290884 0.397995 0.289463 0.396956 0.288824 0.397367 0.294977 0.398479 0.295440 0.399281 0.296241 0.405742 0.299454 0.411031 0.301421 0.411138 0.300171
8 0.447081 0.384023 0.446016 0.379815 0.446714 0.368310 0.446750 0.364282 0.447411 0.363537 0.447727 0.364343 0.447943 0.365694 0.448109 0.377421 0.447969 0.387458
8 0.451992 0.297056 0.451612 0.295662 0.451612 0.294153 0.452297 0.293292 0.453427 0.293079 0.453953 0.293866 0.456654 0.297523 0.458469 0.299319 0.459823 0.301176 0.458313 0.302611 0.457500 0.303486 0.457177 0.302815 0.456419 0.301759 0.453234 0.298593
8 0.432661 0.532042 0.431227 0.525380 0.428672 0.517639 0.426664 0.520602 0.428664 0.528713 0.429914 0.534708
5 0.419992 0.279593 0.423833 0.286269 0.426083 0.284713 0.428271 0.284713 0.429396 0.286935 0.430328 0.287491 0.432107 0.284204 0.433292 0.282347 0.431445 0.279245 0.430922 0.277759 0.430211 0.278079 0.429766 0.278005 0.428648 0.278903 0.423409 0.281495 0.422383 0.279764 0.422167 0.277847 0.427461 0.275829 0.427156 0.275032 0.426982 0.273606 0.426703 0.272556 0.423635 0.270134 0.421492 0.266486
5 0.451505 0.291093 0.452531 0.291958 0.457339 0.292727 0.460469 0.293875 0.464094 0.296685 0.467297 0.293537 0.464628 0.290708 0.464141 0.290037 0.461510 0.288241 0.457987 0.285523 0.455771 0.286486 0.453125 0.288981
5 0.402987 0.303782 0.405742 0.299454 0.410169 0.303296 0.403797 0.312606 0.402932 0.313481 0.403294 0.307690 0.403576 0.304208
5 0.398479 0.295440 0.397706 0.300819 0.398268 0.319815 0.399331 0.337139 0.401052 0.330088 0.402318 0.323870 0.402831 0.315579 0.403294 0.307690 0.403576 0.304208 0.401898 0.303051 0.400589 0.300315 0.399281 0.296241
8 0.407362 0.333227 0.402391 0.338463 0.401016 0.343792 0.400141 0.345014 0.403893 0.341449 0.407362 0.338495 0.410211 0.334676 0.410417 0.333060 0.409615 0.332565 0.408708 0.332815
8 0.486740 0.707454 0.488346 0.708056 0.488724 0.710139 0.487083 0.710139
8 0.486531 0.730185 0.486031 0.729662 0.485458 0.729847 0.484234 0.729245 0.483854 0.728704 0.483792 0.727898 0.483896 0.727069 0.484339 0.726606 0.485198 0.727023 0.486240 0.727898 0.486969 0.728644 0.487568 0.729384 0.488120 0.730139
8 0.446094 0.464954 0.444156 0.480537 0.443513 0.486407 0.443859 0.487171 0.444531 0.488148 0.446018 0.475810 0.447049 0.468056
8 0.437174 0.437273 0.438490 0.436111 0.437943 0.434583 0.436862 0.436162
8 0.442461 0.430375 0.441289 0.431162 0.439661 0.431898 0.439375 0.432778 0.439557 0.433472 0.439896 0.433611 0.440365 0.433333 0.442161 0.432546 0.442273 0.431301
15 0.421471 0.395454 0.427495 0.397032 0.434125 0.399907 0.435393 0.400417 0.440469 0.403102 0.442846 0.404472 0.444271 0.405046 0.445651 0.405926 0.446714 0.408250 0.445763 0.407407 0.444526 0.406898 0.443130 0.406449 0.442703 0.407079 0.442823 0.408472 0.444299 0.409065 0.445716 0.409972 0.447221 0.410778 0.447253 0.411046 0.445938 0.413019 0.445240 0.412028 0.443951 0.412028 0.440893 0.409773 0.437023 0.407667 0.435260 0.407986 0.435380 0.406593 0.435109 0.405681 0.434357 0.405681 0.433935 0.406699 0.433271 0.409273 0.432768 0.410806 0.425482 0.404000 0.427120 0.404500 0.429495 0.404583 0.431456 0.404500 0.431456 0.402838 0.430708 0.401676 0.426229 0.401926 0.423708 0.401926 0.420680 0.399602 0.421279 0.397426
5 0.421229 0.228472 0.419190 0.225375 0.412466 0.217662 0.410732 0.216505 0.410227 0.218565 0.411237 0.223704 0.411310 0.229745 0.410516 0.237069 0.409214 0.246963 0.408997 0.249023 0.411599 0.251593 0.413117 0.256602 0.414201 0.256602 0.420057 0.264958 0.420867 0.257773 0.420073 0.260856 0.417831 0.259060 0.418336 0.257130 0.418914 0.251861 0.419422 0.246208 0.419203 0.241708
8 0.418492 0.279259 0.420867 0.257773 0.421656 0.250991 0.423831 0.250963 0.422927 0.254491 0.421492 0.266486 0.419992 0.279593 0.419867 0.281926 0.418992 0.282259 0.418867 0.281370
6 0.391331 0.268162 0.393331 0.297153 0.393581 0.302819 0.397268 0.337250 0.396581 0.327366 0.395456 0.301708 0.393268 0.267051
6 0.397268 0.337250 0.399331 0.337139 0.398268 0.319815 0.397706 0.300819 0.396956 0.288824 0.396424 0.283347 0.395206 0.265718 0.393268 0.267051 0.395456 0.301708 0.396581 0.327366
5 0.443490 0.287685 0.442828 0.289824 0.441891 0.290935 0.440641 0.292157 0.438516 0.292486 0.436393 0.292046 0.432831 0.288935 0.431393 0.288157 0.429396 0.286935 0.428271 0.284713 0.426083 0.284713 0.423833 0.286269 0.421336 0.286824 0.417398 0.286935 0.415023 0.286824 0.412339 0.285935 0.410089 0.284046 0.407401 0.282380 0.406339 0.284602 0.405904 0.286713 0.410651 0.289824 0.413690 0.291477 0.415633 0.292245 0.417836 0.293375 0.422271 0.293153 0.424833 0.293375 0.427146 0.292046 0.428583 0.291713 0.431143 0.292931 0.432768 0.294042 0.435018 0.293931 0.437143 0.293597 0.439641 0.293597 0.442391 0.294042 0.443891 0.291824 0.444328 0.288713 0.443857 0.288292
5 0.467617 0.297731 0.469297 0.298398 0.470417 0.300389 0.472096 0.303458 0.475130 0.305532 0.477326 0.307523 0.478305 0.308046 0.479706 0.307690 0.481245 0.307023 0.482177 0.306111 0.481432 0.304204 0.480732 0.302875 0.479984 0.301880 0.479052 0.303042 0.478677 0.304537 0.478070 0.305366 0.476997 0.302792 0.475411 0.301051 0.473732 0.299060 0.471396 0.296819 0.470005 0.295079 0.468516 0.294074 0.466328 0.297407
5 0.452854 0.285463 0.451505 0.284343 0.449667 0.283657 0.449089 0.282546 0.448341 0.282384 0.447687 0.282468 0.446568 0.283046 0.445076 0.282713 0.444328 0.283046 0.444094 0.284375 0.443393 0.284042 0.443857 0.288292 0.445867 0.290347 0.446802 0.291009 0.448141 0.290556 0.452492 0.286824
8 0.455716 0.284347 0.455203 0.283106 0.455016 0.281111 0.458190 0.279704 0.459635 0.278708 0.460430 0.279870 0.460430 0.281694
8 0.411068 0.330046 0.414990 0.325546 0.419242 0.321144 0.421474 0.318602 0.423182 0.316991 0.423984 0.316370 0.424961 0.316495 0.424547 0.317963 0.411432 0.330750 0.410799 0.331824
8 0.452760 0.311065 0.454115 0.311065 0.455833 0.311111 0.456693 0.311250 0.457318 0.311574 0.458458 0.312782 0.457484 0.314097 0.455141 0.314653 0.453229 0.314583 0.451146 0.313843
8 0.473281 0.324583 0.472656 0.325556 0.471823 0.326111 0.470807 0.327037 0.470521 0.327778 0.470469 0.328565 0.470703 0.329213 0.471539 0.330028 0.475143 0.328139 0.475078 0.326204
8 0.479799 0.321259 0.478281 0.322083 0.477266 0.322870 0.475951 0.324009 0.476794 0.325296 0.477956 0.325963 0.478122 0.325935 0.480924 0.324667 0.481654 0.323787 0.482344 0.323056
8 0.475951 0.324009 0.473359 0.321005 0.471914 0.320366 0.470979 0.321005 0.471190 0.322458 0.473281 0.324583 0.475078 0.326204 0.475143 0.328139 0.478122 0.325935 0.478122 0.325935 0.476794 0.325296
8 0.390635 0.264083 0.392307 0.253079 0.394232 0.240588 0.396992 0.228398 0.399919 0.221852 0.406193 0.213528 0.411294 0.207282 0.418672 0.201796 0.416924 0.198167 0.412172 0.202282 0.405372 0.209583 0.398732 0.219384 0.394674 0.227829 0.392299 0.235889 0.391112 0.246255 0.389815 0.258833 0.389924 0.262671
8 0.435784 0.276347 0.435419 0.277227 0.435367 0.278569 0.435393 0.279634 0.436096 0.281116 0.437294 0.281671 0.438518 0.282921 0.440185 0.284125 0.442346 0.286162 0.443857 0.288292 0.443464 0.284259 0.440552 0.280801 0.438776 0.278935
8 0.419479 0.395139 0.419687 0.391111 0.419635 0.386389 0.419557 0.381620 0.419740 0.377778 0.420599 0.377593 0.421354 0.377963 0.422031 0.378796 0.422169 0.379509 0.421646 0.380370 0.421607 0.381519 0.422297 0.381699 0.421451 0.387648 0.420320 0.395176
8 0.407786 0.392361 0.406878 0.394403 0.406354 0.395120 0.405427 0.396773 0.405062 0.398278 0.405669 0.399065 0.406396 0.399352 0.407484 0.399856 0.407766 0.399282 0.407685 0.396412 0.408411 0.396125 0.409375 0.393889
8 0.416273 0.446560 0.417388 0.446130 0.419320 0.445181 0.420076 0.443745 0.420932 0.442130 0.419979 0.441847 0.416633 0.442898
8 0.470388 0.501657 0.472977 0.501583 0.472760 0.500431 0.473354 0.498801 0.473841 0.498606 0.472448 0.497824
15 0.451945 0.409583 0.456826 0.412625 0.459039 0.414065 0.461091 0.415727 0.465760 0.418722 0.467813 0.419875 0.472154 0.422537 0.473039 0.423356 0.474193 0.424167 0.475417 0.424907 0.478734 0.427093 0.480104 0.428491 0.482841 0.430662 0.483961 0.431324 0.488836 0.434611 0.490107 0.441755 0.486227 0.439319 0.479128 0.434801 0.477674 0.433866 0.473802 0.431356 0.471865 0.429921 0.465935 0.425407 0.464096 0.422079 0.462768 0.420792 0.461716 0.420097 0.461956 0.421810 0.462708 0.424403 0.455609 0.421032 0.455349 0.420417 0.458831 0.417704 0.459411 0.416806 0.457966 0.415144 0.455094 0.417551 0.454711 0.417398 0.452690 0.413403 0.452005 0.411713
8 0.490411 0.484329 0.490664 0.479185 0.490396 0.475597 0.489813 0.469190 0.491409 0.469190 0.491628 0.476440 0.491466 0.483898 0.491344 0.486551
6 0.581440 0.581097 0.591198 0.587301 0.593281 0.588824 0.603568 0.595569 0.604432 0.595537 0.605807 0.590218 0.602474 0.588241 0.594745 0.583667 0.587154 0.579028 0.581753 0.575875 0.581253 0.574653 0.580878 0.575653 0.581440 0.577542 0.581565 0.578875
8 0.459992 0.512602 0.460995 0.515130 0.461901 0.517685 0.464674 0.511560 0.468839 0.504148 0.469620 0.502898 0.470388 0.501657 0.472448 0.497824 0.475146 0.493583 0.476594 0.488333 0.477404 0.485069 0.476276 0.485435 0.469044 0.498269 0.468732 0.499259 0.468349 0.498949 0.466773 0.502032
5 0.491224 0.462537 0.491091 0.450065 0.491513 0.448324 0.492539 0.447829 0.493958 0.447685 0.498948 0.457676 0.496690 0.457745 0.496771 0.465491 0.496810 0.467144 0.496810 0.468574
5 0.488568 0.502315 0.487979 0.501380 0.486755 0.498648 0.485896 0.496056 0.485974 0.493880 0.485974 0.493880 0.485982 0.492806 0.486013 0.490264 0.486042 0.488796 0.486276 0.488056 0.486693 0.488519 0.487607 0.489157 0.487711 0.488537 0.487865 0.486708 0.488255 0.494028
5 0.512201 0.511472 0.514570 0.519032 0.514990 0.512898 0.514500 0.511657 0.513281 0.511102
8 0.478875 0.682167 0.477604 0.682454 0.477643 0.682731 0.477573 0.683412 0.476862 0.685681 0.472573 0.696343 0.472365 0.697644 0.472469 0.698449 0.473130 0.699750 0.473594 0.699954 0.474352 0.700060 0.474805 0.699505 0.477349 0.691819 0.477732 0.691384 0.478893 0.686542 0.479669 0.683907 0.479693 0.683167 0.479266 0.682583
7 0.507271 0.370704 0.505917 0.366722 0.502818 0.357417 0.498990 0.360056 0.499836 0.362565 0.500826 0.364741 0.501229 0.366769
7 0.500174 0.391083 0.500591 0.385991 0.500956 0.382611 0.500982 0.381176 0.499966 0.377889 0.499240 0.375852 0.495969 0.365403 0.495250 0.366792 0.494888 0.367903 0.494159 0.370171 0.493151 0.372778 0.492474 0.375602 0.492154 0.378551 0.491529 0.380218 0.489521 0.381514 0.488794 0.381653 0.488562 0.382278 0.488354 0.383148 0.488768 0.384231 0.488456 0.386917 0.489159 0.387009 0.490385 0.387657 0.491036 0.385991 0.491841 0.384602 0.492674 0.384417 0.493326 0.384602 0.493977 0.384694 0.495018 0.384880 0.495487 0.384417 0.496841 0.383769 0.497076 0.383630 0.497807 0.382750 0.497937 0.381963 0.498091 0.380620 0.498352 0.379324 0.498563 0.378398 0.498742 0.377657 0.499029 0.376963 0.499549 0.377889 0.499500 0.378861 0.498953 0.380296 0.498872 0.381639 0.498638 0.382380 0.498221 0.383306 0.497883 0.384324 0.497466 0.385065
7 0.487651 0.394880 0.489026 0.394755 0.490591 0.395329 0.491401 0.394370 0.495721 0.393412 0.497880 0.393412 0.496693 0.392181 0.494758 0.390750 0.495885 0.387806 0.496685 0.385435 0.496008 0.385667 0.495513 0.386176 0.495279 0.386593 0.494888 0.386593 0.494471 0.386361 0.494081 0.385898 0.493250 0.386037 0.492078 0.386037 0.491581 0.386917 0.491687 0.387889 0.491531 0.388676 0.491141 0.389139 0.490591 0.389417 0.488536 0.388583 0.488276 0.388630
1 0.433141 0.298926 0.434120 0.297764 0.434680 0.296685 0.435937 0.296685 0.436969 0.297019 0.438224 0.297435 0.439391 0.297269 0.439763 0.297269 0.440516 0.297931 0.441435 0.298620 0.440180 0.299782 0.439013 0.299509 0.437146 0.298759 0.436482 0.298917 0.436299 0.299352 0.436841 0.299722 0.437443 0.300370 0.438266 0.301273 0.436628 0.302769 0.436180 0.301921 0.434974 0.300634 0.434672 0.301227 0.435326 0.303931 0.434578 0.304181 0.434008 0.302727 0.433859 0.301921 0.433229 0.303042 0.433346 0.304653 0.431721 0.305565 0.431721 0.304546 0.431721 0.302778 0.432141 0.301491 0.432805 0.299509
2 0.411617 0.312648 0.411646 0.311523 0.412581 0.311148 0.412758 0.310986 0.412672 0.309329 0.411857 0.309167 0.412396 0.307398 0.412758 0.306597 0.413333 0.303810 0.413815 0.302634 0.413935 0.301884 0.414174 0.300694 0.411799 0.298773 0.412987 0.294644 0.412370 0.293741 0.409557 0.291009 0.409115 0.292134 0.409656 0.295454 0.410289 0.297222 0.410510 0.298634 0.411138 0.300171 0.411031 0.301421 0.411263 0.301361 0.412201 0.302250 0.412638 0.304472 0.412513 0.305806 0.411138 0.305583 0.410964 0.307361 0.410263 0.310472 0.410701 0.313139
8 0.416633 0.442898 0.417714 0.433204 0.418307 0.423796 0.419089 0.415370 0.419508 0.411713 0.419711 0.410306 0.420477 0.404065 0.420492 0.402009 0.420680 0.399602 0.421279 0.397426 0.421471 0.395454 0.422135 0.392815 0.423669 0.382199 0.423544 0.380912 0.422297 0.381699 0.421451 0.387648 0.420320 0.395176 0.420279 0.397403 0.419229 0.397759 0.418906 0.401130 0.418542 0.404167 0.417646 0.411194 0.417315 0.415343 0.416784 0.417880 0.416034 0.424602 0.415148 0.435139 0.414792 0.438194 0.414661 0.444435 0.416016 0.449167
8 0.422466 0.448509 0.421940 0.446648 0.421294 0.445500 0.420932 0.442130 0.417714 0.433204 0.418307 0.423796 0.422841 0.439639 0.423594 0.444208 0.424844 0.449074 0.425156 0.450787 0.425716 0.453588 0.427096 0.458634 0.429076 0.467153 0.429570 0.468495 0.429518 0.469884 0.429076 0.471181 0.428477 0.471273 0.427904 0.470486 0.426576 0.464884 0.424492 0.456644 0.422747 0.450440
5 0.423831 0.250963 0.426362 0.239653 0.428169 0.230398 0.429831 0.223718 0.430555 0.222560 0.431638 0.218704 0.436917 0.207782 0.438289 0.189787 0.440096 0.182463 0.439661 0.174750 0.439445 0.162542 0.439661 0.153287 0.437133 0.166528 0.434891 0.177319 0.433951 0.186704 0.433302 0.190685 0.433255 0.193981 0.433445 0.195444 0.430555 0.203282 0.429688 0.204824 0.426997 0.210722 0.426635 0.213532 0.425039 0.216384 0.422313 0.222815 0.421229 0.228472 0.419203 0.241708 0.419422 0.246208 0.418914 0.251861 0.418336 0.257130 0.417831 0.259060 0.420073 0.260856 0.420867 0.257773 0.421656 0.250991
5 0.423568 0.214639 0.418672 0.201796 0.410956 0.185685 0.404344 0.168491 0.400669 0.158037 0.380341 0.137574 0.370299 0.126037 0.370914 0.123426 0.375198 0.126907 0.380096 0.129083 0.386464 0.137356 0.396138 0.146065 0.403732 0.155208 0.408018 0.168056 0.411201 0.176977 0.414385 0.188736 0.416503 0.190671 0.417336 0.192523 0.419471 0.196968 0.420305 0.199051 0.424305 0.208111 0.426997 0.210722 0.426635 0.213532 0.425039 0.216384
8 0.486534 0.260370 0.484297 0.260463 0.482109 0.260602 0.481195 0.258625 0.482760 0.258241 0.486823 0.257778 0.490339 0.257315 0.493568 0.255764 0.493828 0.259282 0.489880 0.260120 0.487893 0.260245
8 0.486534 0.260370 0.485661 0.268921 0.486286 0.269343 0.487583 0.271162 0.488305 0.272231 0.488516 0.266417 0.487224 0.266667 0.486807 0.265676 0.486982 0.264125 0.487922 0.263565 0.489315 0.262699 0.489880 0.260120 0.487893 0.260245
8 0.465854 0.258986 0.468398 0.258986 0.469898 0.260102 0.470490 0.260847 0.471083 0.262458 0.471362 0.264069 0.471534 0.265454 0.470076 0.266412 0.469516 0.265556 0.469234 0.263944 0.468120 0.263079 0.466865 0.262583 0.465714 0.262394 0.464807 0.262394 0.463932 0.262463
8 0.508188 0.264236 0.507445 0.264310 0.505547 0.264676 0.499109 0.265662 0.497656 0.265662 0.491198 0.266292 0.488516 0.266417 0.487224 0.266667 0.486807 0.265676 0.486982 0.264125 0.487922 0.263565 0.489315 0.262699 0.494294 0.262981 0.497258 0.262486 0.498589 0.262139 0.499914 0.262139 0.505982 0.261148 0.507479 0.260903 0.509154 0.260838 0.511484 0.260588
5 0.433951 0.266898 0.435904 0.256102 0.437060 0.249806 0.437422 0.246847 0.439734 0.236310 0.440964 0.230912 0.441687 0.225773 0.441758 0.219861 0.442339 0.211634 0.443206 0.202639 0.444940 0.191718 0.444146 0.185417 0.444578 0.175653 0.445734 0.161259 0.447180 0.153287 0.443495 0.149560 0.439807 0.147375 0.439661 0.153287 0.439445 0.162542 0.439661 0.174750 0.440096 0.182463 0.438289 0.189787 0.436917 0.207782 0.436771 0.213306 0.435469 0.217806 0.434458 0.221148 0.434169 0.225000 0.432867 0.228343 0.432289 0.233356 0.429688 0.252505 0.428385 0.260731 0.427807 0.265741 0.428964 0.266639 0.430555 0.269727 0.431422 0.267796 0.431711 0.266639 0.432721 0.268185
8 0.405099 0.368833 0.404828 0.362352 0.404586 0.356782 0.404315 0.353727 0.404044 0.346819 0.403802 0.345801 0.403109 0.345963 0.402747 0.350782 0.402898 0.353514 0.403654 0.363157
8 0.448966 0.405829 0.447221 0.398375 0.446849 0.396301 0.445052 0.386046 0.445260 0.383315 0.443516 0.375954 0.440885 0.370676 0.440268 0.367926 0.439380 0.365023 0.438354 0.361120 0.438167 0.358468 0.438167 0.356560 0.438961 0.355977 0.439940 0.357556 0.440453 0.359958 0.441573 0.363778 0.443208 0.368343 0.444375 0.372407 0.445729 0.378713 0.447081 0.384023 0.447922 0.387176 0.448062 0.390162 0.449320 0.395306 0.449789 0.397380 0.450490 0.401444 0.450628 0.403685 0.450862 0.405509
8 0.503891 0.307542 0.505297 0.307542 0.506000 0.307264 0.505818 0.304532 0.504208 0.304630 0.503284 0.306403 0.503284 0.307690
5 0.477333 0.199019 0.491328 0.174463 0.491055 0.172671 0.492609 0.171861 0.493716 0.174463 0.494346 0.175926 0.495995 0.176412 0.496268 0.179505 0.496451 0.180968 0.497458 0.182106 0.498646 0.186333 0.500477 0.190884 0.489773 0.205523 0.481633 0.200968
5 0.487742 0.207245 0.481508 0.214667 0.475547 0.215227 0.468469 0.215722 0.477773 0.208870 0.477773 0.206759 0.476766 0.204481 0.475669 0.203181 0.474479 0.200417 0.483810 0.204968
2 0.487734 0.283889 0.482966 0.288681 0.476484 0.294912 0.478052 0.299037 0.480466 0.296787 0.484010 0.293056 0.489292 0.288231
2 0.538044 0.228690 0.540141 0.225222 0.539344 0.219884 0.534109 0.216329 0.529948 0.212870 0.525898 0.205583 0.525255 0.204708 0.524547 0.203370 0.524229 0.200495 0.523687 0.198375 0.520448 0.201741 0.515482 0.206829 0.512669 0.210569 0.509263 0.214028 0.508346 0.215657 0.506242 0.218153 0.501435 0.224014 0.499924 0.225259 0.497820 0.227856 0.496094 0.229486 0.493339 0.232454 0.493448 0.235144 0.493448 0.237352 0.494221 0.238903 0.494456 0.237574 0.494594 0.235912 0.495016 0.233509 0.499078 0.230407 0.503112 0.226514 0.507109 0.222574 0.512453 0.216620 0.514615 0.213556 0.515625 0.212407 0.518591 0.208972 0.520497 0.207213 0.521792 0.205866 0.523143 0.204426 0.525039 0.206727 0.525523 0.207588 0.527844 0.213921 0.529195 0.217764 0.536266 0.223343 0.528328 0.235528 0.526120 0.238194 0.522188 0.244444 0.520932 0.245986 0.518906 0.248796 0.514531 0.255741 0.511484 0.260588 0.508188 0.264236 0.504247 0.268259 0.496310 0.275856 0.492854 0.279250 0.490958 0.281181 0.489630 0.282519 0.488979 0.283097 0.490099 0.286579 0.491589 0.286111 0.492096 0.285981 0.492878 0.284407 0.493555 0.284454 0.493919 0.284963 0.495911 0.282176 0.498659 0.279083 0.499414 0.278898 0.500065 0.278111 0.501523 0.277417 0.504031 0.274454 0.507539 0.271444 0.508604 0.269995 0.508888 0.268560 0.510096 0.268204 0.510349 0.267306 0.511495 0.266556 0.513177 0.264028 0.518120 0.257310 0.519130 0.255523 0.521312 0.252861
2 0.420013 0.334532 0.425497 0.332241 0.427635 0.330662 0.431346 0.329444 0.433977 0.328380 0.436026 0.327005 0.439133 0.324926 0.441107 0.323292 0.441917 0.321769 0.442237 0.320620 0.440987 0.319907 0.440141 0.320264 0.439539 0.322139 0.438190 0.323194 0.432437 0.325426 0.429977 0.325787 0.428724 0.325787 0.428242 0.326574 0.427878 0.327361 0.424247 0.328222 0.423279 0.328296 0.421615 0.329167 0.416464 0.330301 0.413922 0.330949 0.412674 0.331356 0.412549 0.331162 0.412003 0.331444 0.411680 0.330583 0.411432 0.330750 0.410799 0.331824 0.410417 0.333060 0.410201 0.334644 0.410977 0.335181 0.411823 0.334245 0.414688 0.333532 0.417875 0.332671
2 0.428385 0.260731 0.429688 0.252505 0.432289 0.233356 0.432867 0.228343 0.434169 0.225000 0.434458 0.221148 0.435469 0.217806 0.436771 0.213306 0.436917 0.207782 0.431638 0.218704 0.430555 0.222560 0.429831 0.223718 0.428169 0.230398 0.426362 0.239653 0.423831 0.250963 0.422927 0.254491 0.424167 0.256329 0.426312 0.258986
7 0.505359 0.386898 0.506089 0.386204 0.506948 0.384815 0.506977 0.382407 0.506716 0.372269 0.505760 0.371722 0.503781 0.370241 0.501750 0.368852 0.502023 0.373630 0.501919 0.376685
1 0.434810 0.486167 0.435365 0.486718 0.435651 0.486671 0.436172 0.486162 0.436510 0.484727 0.437240 0.483708 0.438047 0.481949 0.438906 0.479912 0.439747 0.464069 0.440336 0.457694 0.439323 0.458981 0.436570 0.456255 0.434547 0.452597 0.433188 0.451051 0.433049 0.449625 0.432734 0.448199 0.432875 0.447329 0.433432 0.445907 0.433466 0.444356 0.432943 0.442745 0.432768 0.441505 0.432247 0.440759 0.431758 0.441630 0.430922 0.440449 0.430818 0.439458 0.432036 0.437167 0.433466 0.434005 0.434617 0.432519 0.435453 0.432764 0.436862 0.436162 0.437969 0.434537 0.435049 0.427028 0.432859 0.421611 0.432055 0.418329 0.432021 0.416366 0.427536 0.415458 0.427896 0.417056 0.431068 0.424176 0.431755 0.425870 0.433495 0.429056 0.432531 0.431093 0.432193 0.430491 0.430544 0.428236 0.430141 0.428523 0.429940 0.429745 0.429779 0.431176 0.429414 0.432898 0.429253 0.435051 0.426354 0.437407 0.425891 0.440389 0.425057 0.440389 0.425138 0.439065 0.423807 0.441218 0.422841 0.439639 0.423594 0.444208 0.424844 0.449074 0.425521 0.449028 0.426016 0.448565 0.426927 0.448009 0.427604 0.447685 0.427969 0.447176 0.428281 0.446944 0.428594 0.445833 0.428750 0.445139 0.429010 0.444306 0.429219 0.444352 0.429349 0.444907 0.429349 0.445972 0.429062 0.447083 0.428932 0.447685 0.428542 0.448241 0.428125 0.448657 0.427865 0.448981 0.427370 0.449583 0.426719 0.450093 0.425703 0.450509 0.425156 0.450787 0.425716 0.453588 0.427096 0.458634 0.429076 0.467153 0.429570 0.468495 0.429518 0.469884 0.429076 0.471181 0.428477 0.471273 0.427904 0.470486 0.426576 0.464884 0.424492 0.456644 0.422747 0.450440 0.422466 0.448509 0.421940 0.446648 0.421641 0.447315 0.421406 0.447685 0.420859 0.448241 0.420365 0.448796 0.420026 0.449907 0.419661 0.450417 0.419010 0.450046 0.418773 0.449255 0.418461 0.449856 0.418148 0.449671 0.418044 0.449069 0.417237 0.448699 0.417680 0.447681 0.418253 0.447264 0.419320 0.445181 0.417388 0.446130 0.416273 0.446560 0.416016 0.449167 0.426563 0.481574 0.426328 0.479352 0.425547 0.476528 0.425651 0.474954 0.426771 0.475417 0.427786 0.476620 0.428818 0.477440 0.428896 0.476468 0.429573 0.473829 0.430042 0.471421 0.430354 0.470032 0.430901 0.470495 0.430469 0.469491 0.430286 0.468935 0.430208 0.468009 0.430286 0.466481 0.430365 0.465602 0.430677 0.464028 0.430875 0.462023 0.430990 0.460278 0.431109 0.459060 0.431135 0.457810 0.430615 0.456468 0.430589 0.454708 0.430875 0.452394 0.431526 0.451468 0.431760 0.452255 0.431422 0.453412 0.431292 0.454847 0.431292 0.456282 0.431630 0.456699 0.432073 0.457440 0.432073 0.458782 0.432021 0.460264 0.431734 0.461745 0.431630 0.463366 0.431630 0.464616 0.431865 0.467069 0.431917 0.468227 0.431943 0.469338 0.431630 0.469616 0.431771 0.470602 0.432240 0.471991 0.432424 0.472606 0.432786 0.471218 0.433060 0.470894 0.433693 0.471167 0.433763 0.472157 0.433240 0.473648 0.432820 0.475755 0.432542 0.478171 0.432682 0.480218 0.432648 0.482324 0.434076 0.485176 0.434773 0.485051 0.435193 0.485361
6 0.465750 0.695912 0.465151 0.693134 0.464266 0.688412 0.462573 0.680727 0.459984 0.667042 0.458995 0.662037 0.461742 0.660773 0.462857 0.666102 0.464008 0.673542 0.465052 0.678810 0.465706 0.680574 0.468042 0.694208 0.468385 0.696713 0.468201 0.697315 0.468148 0.697870 0.467914 0.698056 0.467482 0.698088 0.467276 0.697347 0.466857 0.697486 0.466380 0.698380 0.465948 0.698380
6 0.461245 0.658079 0.460464 0.652708 0.459969 0.649838 0.459318 0.648125 0.457966 0.647523 0.457781 0.648495 0.457576 0.650162 0.457576 0.651690 0.457966 0.654208 0.458409 0.656431 0.458669 0.657819 0.459034 0.659903 0.459943 0.659838 0.460464 0.659792 0.461091 0.659468 0.461557 0.659097
6 0.456924 0.655366 0.455466 0.654903 0.454815 0.654764 0.454451 0.655319 0.454107 0.655634 0.454060 0.657727 0.455232 0.658606 0.455815 0.659042 0.456443 0.659042 0.457453 0.659602 0.458565 0.660181 0.459034 0.659903 0.458669 0.657819 0.458409 0.656431
6 0.490013 0.727352 0.490182 0.726713 0.490417 0.726111 0.490664 0.725546 0.491211 0.724389 0.491797 0.722269 0.492995 0.719213 0.493177 0.718778 0.493297 0.718458 0.493719 0.717495 0.494260 0.716690 0.495044 0.715245 0.495505 0.714296 0.495685 0.714227 0.495857 0.712991 0.495997 0.712370 0.496750 0.712157 0.497760 0.713028 0.498424 0.713028 0.498333 0.714662 0.497951 0.714477 0.497323 0.714912 0.495789 0.715718 0.495648 0.720366 0.495615 0.727676 0.493341 0.729421 0.490971 0.729852 0.489648 0.729852 0.489615 0.728861
6 0.469083 0.730495 0.469974 0.730838 0.470323 0.728907 0.470414 0.710000 0.470398 0.702333 0.469982 0.699093 0.469513 0.696500 0.469331 0.695713 0.469044 0.695620 0.468411 0.696620 0.468302 0.698731 0.468250 0.704477 0.468292 0.705356 0.468292 0.707282 0.468281 0.710324 0.468281 0.714630 0.468065 0.726403 0.468255 0.727690 0.468281 0.729125 0.468438 0.729958 0.468794 0.730431
16 0.448003 0.648259 0.446651 0.645190 0.445141 0.643366 0.443898 0.641347 0.442440 0.639620 0.440820 0.638662 0.439630 0.638083 0.438659 0.640773 0.437471 0.645380 0.438065 0.653060 0.438930 0.653731 0.439740 0.652870 0.440927 0.652199 0.442224 0.652676 0.443195 0.652102 0.444167 0.651431 0.444815 0.650662 0.446003 0.650181 0.447406 0.649606
7 0.479310 0.505301 0.477305 0.506829 0.475872 0.507801 0.474831 0.508588 0.472448 0.510509 0.467784 0.524106 0.466049 0.521838 0.469401 0.512787 0.461901 0.517685 0.463177 0.520417 0.464453 0.522176 0.470091 0.531421 0.471312 0.533662 0.472818 0.533810 0.474281 0.536472 0.475466 0.538148 0.476023 0.538639 0.476130 0.540500 0.476880 0.541991 0.477641 0.541926 0.481979 0.539093 0.485914 0.536500 0.486276 0.534185 0.484792 0.528282 0.483708 0.523926 0.482057 0.526759 0.480284 0.523815 0.482883 0.519722 0.481510 0.514815 0.481229 0.513319 0.480526 0.510588
2 0.564792 0.395505 0.564935 0.391523 0.564719 0.389977 0.565875 0.389593 0.567250 0.391134 0.568406 0.392162 0.568766 0.393704 0.568260 0.397819 0.567898 0.402190 0.567320 0.404245 0.568549 0.409130 0.568766 0.412597 0.569635 0.419796 0.570214 0.420954 0.570214 0.425319 0.569635 0.427120 0.571081 0.431106 0.572310 0.435731 0.573320 0.440356 0.572995 0.444843 0.573495 0.448505 0.575310 0.455611 0.575872 0.459611 0.576307 0.462940 0.577370 0.466046 0.578057 0.466046 0.582242 0.480273 0.583313 0.488500 0.584245 0.494384 0.585031 0.497199 0.583867 0.499037 0.582047 0.500694 0.581070 0.499037 0.579763 0.495222 0.578995 0.492389 0.578057 0.485699 0.577047 0.484417 0.576393 0.480315 0.574729 0.473875 0.574010 0.469505 0.573281 0.464375 0.573141 0.462574 0.572797 0.460403 0.571878 0.457579 0.571458 0.454903 0.571458 0.451778 0.571542 0.447764 0.571458 0.445384 0.571458 0.441963 0.570872 0.438694 0.570203 0.437801 0.569201 0.435870 0.568448 0.430366 0.568112 0.427245 0.567779 0.423972 0.567526 0.420106 0.567443 0.417134 0.567193 0.414306 0.566857 0.410144 0.566021 0.405532 0.565268 0.402708 0.564935 0.401074 0.565094 0.397625
2 0.479461 0.377495 0.478750 0.379213 0.477474 0.382500 0.476536 0.385648 0.473734 0.390968 0.472982 0.393593 0.472208 0.394361 0.469547 0.394361 0.468258 0.393782 0.467047 0.393431 0.466760 0.394648 0.465651 0.394954 0.464688 0.394907 0.464062 0.394398 0.463646 0.393704 0.463359 0.392870 0.462995 0.391481 0.462609 0.391287 0.464146 0.388287 0.466589 0.386528 0.467862 0.385306 0.470130 0.384537 0.474687 0.379630 0.474961 0.380824 0.476398 0.380051 0.478461 0.378718
10 0.558578 0.435704 0.557490 0.435407 0.556737 0.434218 0.555315 0.434366 0.554396 0.434366 0.553810 0.433324 0.553560 0.432134 0.552555 0.432134 0.551596 0.432921 0.549659 0.433208 0.548531 0.433565 0.547724 0.435144 0.546797 0.435574 0.546313 0.435787 0.544820 0.436579 0.544294 0.437440 0.543529 0.438444 0.542763 0.439444 0.541852 0.440671 0.541914 0.445116 0.541255 0.446713 0.540867 0.446690 0.540659 0.447245 0.539891 0.448301 0.539471 0.448546 0.539849 0.450611 0.539820 0.451949 0.539518 0.454519 0.539971 0.456181 0.541508 0.458324 0.543125 0.465880 0.543422 0.462315 0.543872 0.462472 0.545443 0.470972 0.546307 0.475213 0.547682 0.474361 0.548023 0.472745 0.549276 0.471028 0.550013 0.469509 0.551378 0.469106 0.551943 0.466153 0.552568 0.461491 0.553318 0.457935 0.554505 0.453269 0.555969 0.448523 0.557305 0.444657 0.558076 0.442245 0.558745 0.438528
8 0.473724 0.284167 0.477154 0.282560 0.482336 0.279454 0.485076 0.276718 0.484534 0.274120 0.480198 0.276616 0.475346 0.279616 0.473810 0.280634 0.472318 0.281111 0.471370 0.281810 0.472815 0.285130
8 0.467898 0.280880 0.465005 0.276005 0.464070 0.274449 0.462263 0.271449 0.460846 0.268236 0.462294 0.267060 0.463469 0.268343 0.464914 0.271292 0.465969 0.273005 0.468542 0.276435 0.468893 0.278306 0.468620 0.280292
8 0.424268 0.379727 0.426924 0.377579 0.427781 0.376565 0.428352 0.376000 0.429747 0.375662 0.431125 0.375926 0.431206 0.374060 0.431206 0.372769 0.430721 0.371620 0.429914 0.371407 0.429109 0.372556 0.428099 0.373417 0.425802 0.375495 0.424430 0.376069 0.423622 0.377144 0.422937 0.377935 0.422411 0.379222 0.422169 0.379509 0.421646 0.380370 0.421607 0.381519 0.422297 0.381699 0.423544 0.380912
8 0.423409 0.281495 0.428648 0.278903 0.428865 0.276597 0.428594 0.274773 0.427461 0.275829 0.422167 0.277847 0.422383 0.279764
8 0.430211 0.278079 0.435091 0.275708 0.432750 0.272912 0.429242 0.274204 0.429927 0.275926 0.429766 0.278005
8 0.438237 0.274060 0.444852 0.271481 0.452638 0.267968 0.456953 0.265097 0.458122 0.264167 0.460495 0.263569 0.460865 0.263796 0.463312 0.259398 0.460859 0.260463 0.455156 0.262824 0.448281 0.265597 0.443682 0.267894 0.440456 0.269111 0.435372 0.271194
8 0.473672 0.245782 0.477437 0.238389 0.480719 0.232870 0.485659 0.224519 0.489581 0.217069 0.487229 0.216588 0.481865 0.226875 0.474995 0.238713 0.472102 0.243532
8 0.475763 0.299894 0.471393 0.289019 0.470159 0.286236 0.469133 0.283398 0.469193 0.281843 0.470159 0.280181 0.470674 0.280366 0.471370 0.281810 0.472815 0.285130 0.476484 0.294912 0.478052 0.299037 0.477872 0.300162 0.476906 0.300699
8 0.472599 0.280213 0.473227 0.276806 0.473716 0.274324 0.473089 0.272713 0.471971 0.271847 0.471622 0.275194 0.470857 0.278292 0.471622 0.279968
8 0.505130 0.319954 0.506315 0.317662 0.508232 0.314560 0.510846 0.310597 0.511753 0.309602 0.511859 0.307991 0.511544 0.307125 0.510604 0.306319 0.509398 0.308019 0.506268 0.313296 0.506083 0.314208 0.506083 0.315440 0.505964 0.316134 0.504997 0.316134 0.502466 0.319565 0.501052 0.321653 0.500781 0.322130 0.501565 0.324111 0.501380 0.324852 0.501094 0.325222 0.500523 0.325130 0.500208 0.324296 0.498214 0.326491 0.500737 0.328620 0.501380 0.327259 0.502135 0.325639 0.504031 0.321750 0.504526 0.320593
8 0.482833 0.394648 0.483169 0.392843 0.483333 0.389282 0.484589 0.387301 0.484836 0.389000 0.484289 0.393213 0.483664 0.394880
8 0.485201 0.394833 0.485461 0.389556 0.485672 0.388167 0.485802 0.386361 0.485253 0.385995 0.484836 0.389000 0.484289 0.393213 0.483664 0.394880
8 0.508563 0.454208 0.510453 0.455454 0.511359 0.455310 0.514094 0.457579 0.515396 0.458454 0.517135 0.459444 0.519766 0.459259 0.521807 0.458824 0.523208 0.458907 0.526026 0.458403 0.528505 0.457532 0.528990 0.456014 0.528010 0.456097 0.525768 0.456431 0.523195 0.456032 0.521458 0.456250 0.519794 0.456894 0.517203 0.456991 0.515906 0.455648 0.514609 0.454685 0.512234 0.453056 0.510398 0.452000 0.505701 0.448449 0.505052 0.452190
8 0.519393 0.472667 0.519779 0.464671 0.518664 0.463676 0.517583 0.462620 0.517141 0.462579 0.516849 0.466019 0.516542 0.471699 0.517789 0.472421
8 0.519602 0.462620 0.519766 0.459259 0.517135 0.459444 0.517091 0.461259 0.518419 0.461884
8 0.520372 0.465181 0.521284 0.466616 0.522508 0.468120 0.522143 0.465366 0.520346 0.463190 0.519602 0.462620 0.518419 0.461884 0.517091 0.461259 0.517161 0.462620 0.517583 0.462620 0.518664 0.463676 0.519779 0.464671
8 0.510391 0.422222 0.509456 0.420120 0.508880 0.417977 0.508490 0.421403 0.509036 0.423981 0.510706 0.422944
8 0.506055 0.427606 0.504701 0.428167 0.504023 0.428532 0.503138 0.428347 0.504276 0.426384 0.505656 0.425829 0.507005 0.425250 0.506797 0.427426
8 0.507253 0.415384 0.506237 0.413852 0.505586 0.411449 0.505560 0.409037 0.504206 0.407051 0.502995 0.408333 0.503698 0.410926 0.505664 0.417236 0.506966 0.419088 0.507578 0.419949 0.508000 0.416574
8 0.502122 0.409412 0.500326 0.410704 0.498372 0.412509 0.497070 0.414093 0.494310 0.417796 0.493581 0.418907 0.491628 0.422333 0.489206 0.425250 0.486107 0.428028 0.484102 0.429463 0.484310 0.427519 0.484935 0.427519 0.487435 0.425019 0.490560 0.421176 0.492904 0.418074 0.494570 0.415991 0.497435 0.412796 0.497969 0.411713 0.502852 0.407056 0.504401 0.405231 0.505026 0.406403 0.504206 0.407051 0.502995 0.408333
8 0.501003 0.406731 0.498242 0.409370 0.497539 0.410481 0.497331 0.411731 0.497331 0.412287 0.497435 0.412796 0.497969 0.411713 0.502852 0.407056 0.504401 0.405231 0.503799 0.404134 0.502982 0.404648
8 0.525357 0.454106 0.523273 0.445773 0.521086 0.437625 0.519732 0.434986 0.518768 0.433181 0.518352 0.431653 0.517893 0.431250 0.517737 0.429954 0.516406 0.425338 0.520690 0.430398 0.523039 0.436421 0.525227 0.440773 0.529352 0.454213 0.529326 0.455787 0.528990 0.456014 0.528010 0.456097 0.525768 0.456431
8 0.516341 0.453421 0.517383 0.448931 0.518789 0.441245 0.519732 0.434986 0.518768 0.433181 0.517227 0.440644 0.515612 0.448838 0.514609 0.454685 0.515906 0.455648
8 0.521117 0.453319 0.520492 0.448042 0.520076 0.443968 0.520023 0.438366 0.519732 0.434986 0.521086 0.437625 0.522211 0.448597 0.523195 0.456032 0.521458 0.456250
8 0.517245 0.456310 0.517219 0.454921 0.518781 0.455616 0.519719 0.456407 0.519794 0.456894 0.517203 0.456991
8 0.515318 0.459477 0.515031 0.460958 0.514823 0.462620 0.514458 0.464060 0.514146 0.464986 0.513469 0.464384 0.513234 0.462620 0.512401 0.462023 0.513208 0.461097 0.513677 0.459380 0.514094 0.457579 0.515396 0.458454
8 0.515214 0.469384 0.516849 0.466019 0.517141 0.462579 0.517091 0.461259 0.515214 0.464569 0.513990 0.467019 0.514354 0.468829
8 0.502646 0.457495 0.502227 0.452218 0.501654 0.451616 0.501214 0.451755 0.501458 0.456944 0.502568 0.459694
8 0.510479 0.463690 0.510557 0.461745 0.509828 0.460218 0.508891 0.458227 0.508083 0.456375 0.507354 0.455032 0.506911 0.455032 0.506625 0.456005 0.507354 0.457856 0.509932 0.464014
8 0.483003 0.429194 0.483516 0.423102 0.484063 0.416759 0.484401 0.412639 0.484948 0.406435 0.486073 0.407667 0.485839 0.413963 0.485503 0.418824 0.485031 0.425120 0.484935 0.427519 0.484310 0.427519 0.484102 0.429463 0.483961 0.431324 0.482841 0.430662
8 0.487651 0.394880 0.488276 0.388630 0.488456 0.386917 0.488768 0.384231 0.488354 0.383148 0.488562 0.382278 0.488794 0.381653 0.488794 0.380681 0.488794 0.380032 0.488638 0.379292 0.488273 0.378690 0.487760 0.377940 0.486958 0.377630 0.484135 0.382588 0.483299 0.383769 0.479221 0.390769 0.478104 0.393000 0.476604 0.395046 0.480370 0.395046 0.483333 0.389282 0.484589 0.387301 0.485253 0.385995 0.486193 0.384884 0.486820 0.383333 0.486815 0.385620 0.486555 0.387287 0.485828 0.394602
8 0.485521 0.372606 0.483708 0.374384 0.482396 0.375273 0.481271 0.376162 0.479461 0.377495 0.478461 0.378718 0.476398 0.380051 0.474961 0.380824 0.474687 0.379630 0.477568 0.377773 0.482242 0.373440 0.485755 0.370231
8 0.479375 0.400324 0.478565 0.401954 0.477917 0.403106 0.477432 0.404259 0.477432 0.405412 0.478349 0.405796 0.479104 0.404546 0.479753 0.402819 0.481458 0.398843 0.479661 0.398981
8 0.481378 0.426222 0.480208 0.426366 0.478755 0.424787 0.477464 0.423213 0.476052 0.418190 0.475083 0.414176 0.474682 0.409301 0.474893 0.404644 0.472734 0.408426 0.473078 0.411440 0.473182 0.414602 0.473112 0.419681 0.473253 0.420861 0.473531 0.421171 0.474089 0.421171 0.474682 0.421667 0.475203 0.422718 0.475245 0.423856 0.475326 0.424861 0.478734 0.427093 0.479995 0.428347 0.481497 0.428375 0.481982 0.428231 0.481820 0.426940
8 0.481167 0.424454 0.480906 0.420935 0.480753 0.415611 0.482677 0.415148 0.483068 0.417972 0.483516 0.423102 0.483003 0.429194 0.482841 0.430662 0.479995 0.428347 0.481497 0.428375 0.481982 0.428231 0.481820 0.426940 0.481378 0.426222
8 0.477833 0.392306 0.477711 0.390968 0.476867 0.390542 0.476234 0.390861 0.475784 0.391611 0.475029 0.392889 0.474607 0.393648 0.473734 0.393806 0.472982 0.393593 0.473734 0.390968 0.476146 0.388931 0.477138 0.388074 0.477711 0.387750 0.478224 0.387968 0.478826 0.389306 0.479221 0.390769 0.478104 0.393000
8 0.477378 0.400032 0.474893 0.404644 0.472734 0.408426 0.471745 0.410324 0.468846 0.412704 0.467062 0.413569 0.463174 0.415296 0.461091 0.415727 0.459039 0.414065 0.462258 0.411171 0.465984 0.410884 0.470755 0.406944 0.471815 0.405505 0.473544 0.400898 0.474711 0.398375 0.478099 0.399028
8 0.490359 0.417569 0.488302 0.415153 0.486943 0.414593 0.485839 0.413963 0.485503 0.418824 0.485826 0.418685 0.486732 0.419120 0.487185 0.419551 0.487883 0.420356 0.488687 0.421056 0.491109 0.418093
8 0.483563 0.416093 0.482677 0.415148 0.481219 0.414056 0.479109 0.411972 0.477729 0.410398 0.477339 0.408870 0.478250 0.407528 0.478979 0.407389 0.480229 0.408639 0.481297 0.409750 0.483797 0.412574 0.484401 0.412639 0.484063 0.416759
8 0.518203 0.423333 0.514695 0.413528 0.512552 0.407870 0.511036 0.402991 0.508073 0.401713 0.508073 0.403241 0.511542 0.411296 0.512630 0.413889 0.518904 0.425569
8 0.500779 0.439250 0.504268 0.443509 0.505128 0.444528 0.505987 0.445500 0.509503 0.450546 0.510049 0.450824 0.510206 0.450176 0.510258 0.449204 0.510023 0.448278 0.506172 0.443944 0.505339 0.442787 0.502133 0.438139 0.500492 0.435963 0.499581 0.434944 0.498956 0.434204 0.496143 0.434204 0.495599 0.434676 0.496794 0.436750 0.498539 0.436750 0.499477 0.437352
8 0.486565 0.333495 0.488169 0.333560 0.489005 0.333250 0.489391 0.332255 0.488867 0.331514 0.487891 0.331514 0.486635 0.331204 0.482172 0.330769 0.480326 0.330458 0.478409 0.330333 0.475260 0.330185 0.471539 0.330028 0.468750 0.330213 0.466555 0.329778 0.464742 0.329963 0.464568 0.330583 0.464602 0.331759 0.467531 0.332009 0.468924 0.332815 0.472482 0.333000 0.475305 0.332940 0.479896 0.333194 0.483073 0.333426
8 0.477539 0.329065 0.479674 0.328046 0.483216 0.326333 0.483763 0.325546 0.483060 0.324852 0.482227 0.324296 0.481654 0.323787 0.480924 0.324667 0.477956 0.325963 0.475143 0.328139 0.471539 0.330028 0.475260 0.330185
8 0.493857 0.431644 0.496747 0.430903 0.498232 0.430949 0.501305 0.428773 0.502164 0.429884 0.502060 0.431088 0.501253 0.432060 0.499352 0.432940 0.498956 0.434204 0.496143 0.434204 0.495599 0.434676
8 0.501359 0.399917 0.503799 0.404134 0.505026 0.406403 0.508854 0.412375 0.509115 0.412972 0.509505 0.413532 0.513255 0.420148 0.514349 0.422046 0.516406 0.425338 0.520690 0.430398 0.518904 0.425569 0.512630 0.413889 0.507130 0.404083 0.505831 0.401917 0.504945 0.399736 0.503047 0.398519 0.501326 0.399458
8 0.487560 0.422343 0.485031 0.425120 0.484935 0.427519 0.487435 0.425019 0.490560 0.421176 0.492904 0.418074 0.494570 0.415991 0.497422 0.412870 0.497318 0.411713 0.497539 0.410481 0.498714 0.406519 0.499964 0.402167 0.500615 0.398139 0.499339 0.398278 0.498062 0.403880 0.497151 0.407583 0.496839 0.408648 0.496432 0.409907 0.495875 0.411426 0.493688 0.415407 0.491109 0.418093 0.488687 0.421056 0.488479 0.421426
8 0.470859 0.377130 0.474451 0.369755 0.477495 0.363917 0.480156 0.359213 0.479755 0.358134 0.478760 0.357810 0.478398 0.358829 0.473096 0.370185 0.471469 0.372917 0.467396 0.380046 0.464323 0.385093 0.466245 0.384181 0.468193 0.381843
8 0.477969 0.315139 0.483477 0.313565 0.485857 0.312731 0.489635 0.311903 0.493651 0.310824 0.496729 0.309579 0.498177 0.308917 0.499763 0.307532 0.498253 0.305514 0.497852 0.306509 0.494818 0.307259 0.492214 0.307917 0.489870 0.309028 0.488891 0.308750 0.486719 0.309213 0.485130 0.310370 0.480815 0.311157 0.479323 0.311736 0.474888 0.312898 0.473302 0.314144 0.475961 0.316134
8 0.482456 0.452269 0.482508 0.448565 0.482461 0.445153 0.481341 0.448023 0.480794 0.449782 0.480326 0.450704 0.482310 0.453144 0.482310 0.453144 0.482326 0.453194
8 0.491229 0.351412 0.493938 0.359556 0.493984 0.360648 0.496182 0.358889 0.493255 0.350139
8 0.438906 0.372620 0.437495 0.378125 0.439026 0.382718 0.440469 0.375537
8 0.478669 0.346352 0.476945 0.346194 0.476201 0.344037 0.475406 0.342875 0.477445 0.343389 0.478802 0.343935 0.479216 0.346537
8 0.514010 0.400278 0.513958 0.397824 0.512188 0.399259 0.512297 0.400880 0.513990 0.401435
8 0.511177 0.378481 0.509693 0.374176 0.508104 0.373065 0.509740 0.378333 0.510703 0.380417 0.511458 0.379537
8 0.516250 0.377778 0.515865 0.377694 0.514615 0.377463 0.514016 0.376815 0.513078 0.375889 0.509693 0.374176 0.508104 0.373065 0.505760 0.371722 0.503781 0.370241 0.501750 0.368852 0.501229 0.366769 0.507271 0.370704 0.509042 0.371907 0.514120 0.374685 0.515964 0.375046
8 0.508417 0.369454 0.504797 0.358528 0.504042 0.356861 0.502818 0.357417 0.505917 0.366722 0.507271 0.370704 0.509042 0.371907
