8 0.562797 0.706093 0.563367 0.712065 0.565302 0.708218 0.564789 0.701736
8 0.564164 0.721889 0.564677 0.727662 0.566612 0.723204 0.566156 0.718042
8 0.536826 0.620273 0.540823 0.628593 0.545930 0.637671 0.548865 0.644931 0.550458 0.649384 0.547451 0.645519 0.540659 0.633389 0.536385 0.625588
8 0.585284 0.597102 0.584544 0.599935 0.566773 0.593454 0.547052 0.584787 0.532031 0.575704 0.524706 0.569787 0.515833 0.561852 0.507232 0.555370 0.505065 0.553444 0.505409 0.550912 0.514294 0.557495 0.526711 0.567319 0.534857 0.574204 0.548669 0.582944 0.565742 0.589162 0.576354 0.592787
8 0.477992 0.666565 0.489219 0.680093 0.488841 0.682843 0.475747 0.666630
8 0.476250 0.671944 0.484344 0.677324 0.484122 0.679810 0.477357 0.676083
8 0.553135 0.670264 0.555474 0.678653 0.553578 0.681449 0.551320 0.673204
8 0.542057 0.640278 0.550307 0.668407 0.552198 0.666102 0.545339 0.645093
8 0.514018 0.586940 0.519526 0.597597 0.530747 0.618245 0.540484 0.635250 0.547451 0.645519 0.550690 0.650222 0.556737 0.660880 0.555388 0.662130 0.546424 0.646000 0.545339 0.645093 0.542057 0.640278 0.539867 0.636440 0.530786 0.622287 0.525482 0.613468 0.511799 0.587093 0.508177 0.579435
8 0.558781 0.663977 0.562003 0.669537 0.559510 0.672676 0.556328 0.666634
8 0.454286 0.447074 0.457932 0.448574 0.462664 0.451306 0.465497 0.452537 0.466279 0.453245 0.468281 0.454884 0.469487 0.455787 0.468724 0.456528 0.466016 0.454213 0.464036 0.454167 0.461849 0.452917 0.459740 0.451949 0.455609 0.449912 0.454799 0.448917 0.453854 0.449120
8 0.416448 0.500431 0.421044 0.509509 0.425979 0.519796 0.432927 0.533694 0.432570 0.534426 0.432406 0.535792 0.427057 0.525634 0.418802 0.508579 0.415224 0.501125
8 0.411703 0.493213 0.414469 0.499824 0.415224 0.501125 0.422427 0.517458 0.429294 0.531014 0.432570 0.536819 0.435630 0.542782 0.432437 0.539833 0.431458 0.538625 0.423672 0.523796 0.416268 0.508287 0.411628 0.498046 0.409180 0.490986
8 0.435437 0.538213 0.438490 0.543634 0.438234 0.545671 0.437555 0.545185 0.434581 0.540356 0.432570 0.536819
8 0.426195 0.511051 0.426195 0.516644 0.426451 0.518111 0.432013 0.528681 0.431948 0.529528 0.431630 0.529583 0.425815 0.518282 0.425656 0.516417 0.425656 0.509977
8 0.434737 0.524546 0.438414 0.529583 0.439885 0.531676 0.439591 0.535009 0.434664 0.528731
8 0.428336 0.514824 0.428271 0.517481 0.428622 0.517083 0.432690 0.523921 0.432943 0.521435 0.432563 0.520532 0.429003 0.515162
8 0.425380 0.506472 0.425133 0.508375 0.425656 0.509977 0.426195 0.511051 0.428180 0.513847 0.429031 0.514528 0.430076 0.515264 0.431477 0.517019 0.432383 0.519120 0.432563 0.520532 0.432943 0.521435 0.432690 0.523921 0.432659 0.527472 0.432495 0.529329 0.433703 0.529718 0.433482 0.523514 0.433620 0.519412 0.433099 0.515995 0.432273 0.513894 0.429333 0.510819 0.426396 0.506829
8 0.471190 0.493778 0.472198 0.494870 0.472232 0.497667 0.471706 0.497361 0.467878 0.493519
8 0.471706 0.497361 0.471628 0.500417 0.471453 0.500954 0.471724 0.505722 0.472195 0.510931 0.472255 0.514463 0.472552 0.517639 0.472318 0.521944 0.472318 0.523519 0.472719 0.525185 0.474674 0.530815 0.476438 0.533708 0.479211 0.539644 0.485367 0.552602 0.486326 0.551065 0.483477 0.544593 0.481378 0.540690 0.473823 0.525968 0.473177 0.524032 0.473138 0.522167 0.473500 0.517579 0.473211 0.513421 0.472641 0.500565 0.472232 0.497667
8 0.474367 0.513426 0.478380 0.518653 0.486503 0.528528 0.492148 0.535912 0.490982 0.539565 0.482021 0.527699 0.476346 0.520829 0.474409 0.518750
8 0.493432 0.538171 0.500667 0.547556 0.500367 0.549046 0.500154 0.551204 0.492266 0.541324
8 0.515865 0.545671 0.519414 0.550361 0.521414 0.552481 0.530878 0.565255 0.541083 0.578023 0.534857 0.574204 0.525531 0.562759 0.513219 0.546917 0.510750 0.543894 0.514299 0.545384
8 0.510117 0.544435 0.518286 0.555551 0.526406 0.567000 0.518518 0.560694 0.511565 0.551486 0.507784 0.545759
8 0.496122 0.530019 0.506005 0.543787 0.508505 0.542532 0.497130 0.526722
8 0.498906 0.533750 0.505117 0.544148 0.506005 0.543787
8 0.506380 0.547176 0.512016 0.555551 0.514294 0.557495 0.518518 0.560694 0.511565 0.551486 0.507784 0.545759 0.507005 0.546315
8 0.502510 0.550019 0.505065 0.553444 0.507695 0.556741 0.517935 0.571505 0.529177 0.590454 0.537839 0.604884 0.537341 0.609662 0.528659 0.595551 0.514305 0.571995 0.508852 0.564023 0.502208 0.554523
8 0.501885 0.557019 0.506745 0.562968 0.512253 0.570458 0.526089 0.593181 0.536990 0.610287 0.536458 0.612977 0.525378 0.598426 0.516680 0.584292 0.506422 0.568116 0.501297 0.562338
8 0.556273 0.620398 0.568641 0.633259 0.588221 0.654718 0.587643 0.656773 0.586703 0.657662 0.585763 0.657662 0.559865 0.628106
8 0.565112 0.634778 0.575297 0.650769 0.583174 0.662324 0.580865 0.664764 0.573180 0.654213 0.565367 0.641106 0.565630 0.639954 0.559865 0.628106
8 0.512247 0.559366 0.517935 0.568921 0.528305 0.585468 0.538427 0.601574 0.537839 0.604884 0.529177 0.590454 0.517935 0.571505 0.507695 0.556741 0.505065 0.553444 0.507232 0.555370
8 0.499948 0.619912 0.498503 0.632505 0.495320 0.649083 0.493948 0.659111 0.490044 0.685083 0.491714 0.683736 0.493078 0.670366 0.496367 0.649991 0.497547 0.641759 0.500107 0.627995 0.500982 0.621324
8 0.498922 0.617657 0.497172 0.632542 0.494984 0.644870 0.493547 0.655093 0.492448 0.659907 0.492990 0.654551 0.493383 0.650213 0.490385 0.673065 0.488549 0.685991 0.490044 0.685083 0.493948 0.659111 0.495320 0.649083 0.498503 0.632505 0.499948 0.619912
8 0.489974 0.689861 0.488594 0.697324 0.486906 0.694213 0.487719 0.690657
8 0.493656 0.687537 0.493581 0.706375 0.495005 0.708370 0.495544 0.699444 0.495479 0.696236 0.494909 0.688940 0.494635 0.686250
8 0.493872 0.679764 0.493276 0.682931 0.491714 0.683736 0.493078 0.670366
8 0.493008 0.687444 0.490146 0.700116 0.488594 0.697324 0.489974 0.689861
8 0.494677 0.603306 0.494372 0.623097 0.494906 0.647093 0.496734 0.632995 0.496734 0.618898 0.496812 0.612662 0.496227 0.610634 0.495307 0.604778
8 0.493036 0.642815 0.493383 0.650213 0.493547 0.655093 0.494906 0.647093 0.494654 0.638375 0.493805 0.638657 0.493563 0.640093
8 0.503125 0.628148 0.506458 0.647037 0.507852 0.643356 0.505232 0.629384 0.503068 0.625435
8 0.501414 0.622296 0.501130 0.630801 0.501568 0.633685 0.501237 0.644755 0.500891 0.650222 0.501854 0.677282 0.503406 0.676134 0.503185 0.671616 0.502995 0.659792 0.503229 0.648611 0.502997 0.631125 0.503125 0.628148 0.503068 0.625435
8 0.499081 0.683731 0.497656 0.697505 0.497346 0.693968 0.496719 0.684981
8 0.498169 0.693352 0.501073 0.696088 0.501016 0.701046 0.497656 0.697505
8 0.491042 0.696667 0.493599 0.698269 0.493513 0.702505 0.490365 0.699704
8 0.498109 0.700157 0.500917 0.702426 0.500789 0.705755 0.498151 0.703866
8 0.499508 0.672255 0.501854 0.677282 0.500359 0.678356 0.499234 0.675819
8 0.479461 0.677069 0.483076 0.681458 0.486651 0.687208 0.487799 0.687056 0.487969 0.684634 0.484396 0.679190 0.484122 0.679810
8 0.516034 0.702458 0.519737 0.711685 0.519099 0.712440 0.515268 0.704727 0.515612 0.702102
8 0.518831 0.703644 0.521042 0.709773 0.522404 0.708639 0.521383 0.703495 0.520878 0.703579 0.518831 0.703116
8 0.523307 0.702963 0.524148 0.706366 0.523042 0.706972 0.522148 0.703190
8 0.567240 0.851574 0.566917 0.873708 0.569357 0.872421 0.569555 0.847583
1 0.618003 0.740894 0.610990 0.736551 0.606719 0.733977 0.604812 0.736009 0.601990 0.739671 0.599854 0.744282 0.618690 0.741704
8 0.575367 0.715116 0.578672 0.722606 0.579469 0.719468 0.576451 0.712074
8 0.601159 0.683819 0.602969 0.689755 0.605396 0.696162 0.605799 0.695310 0.605505 0.693741 0.601719 0.681907 0.601159 0.679356 0.601404 0.682329
8 0.594089 0.663565 0.597495 0.667005 0.600500 0.669282 0.607245 0.679259 0.607341 0.680134 0.597349 0.670505 0.595104 0.667778
8 0.578672 0.655602 0.584799 0.660898 0.586669 0.658556 0.585763 0.657662 0.575862 0.646449 0.565112 0.634778 0.575297 0.650769
8 0.546099 0.630940 0.555206 0.654833 0.555206 0.657019 0.555159 0.657718 0.550690 0.650222 0.548865 0.644931 0.544323 0.631690 0.541453 0.624171
8 0.548068 0.635681 0.559766 0.656338 0.559727 0.657384 0.558807 0.658431 0.557703 0.657843 0.553034 0.647843 0.550867 0.643264
8 0.559583 0.639759 0.560094 0.645731 0.558221 0.643009 0.557966 0.638167
8 0.560435 0.649968 0.561201 0.656097 0.559766 0.656338 0.558859 0.653903 0.558648 0.647926
8 0.532758 0.625824 0.536628 0.639819 0.541357 0.657148 0.542078 0.658356 0.542888 0.658509 0.542674 0.655787 0.537953 0.639750 0.534547 0.628250
8 0.537229 0.632486 0.541695 0.645954 0.545740 0.659190 0.549099 0.670310 0.547781 0.672051 0.543057 0.655787 0.537953 0.639750 0.534547 0.628250
8 0.500669 0.574690 0.509500 0.591093 0.517938 0.609370 0.530789 0.637528 0.539336 0.660176 0.542005 0.668574 0.543667 0.671111 0.545198 0.675426 0.547305 0.672935 0.541357 0.657148 0.531599 0.633074 0.520685 0.608611 0.509091 0.584870 0.500859 0.571037 0.500773 0.573819
8 0.513990 0.614620 0.519591 0.623644 0.524797 0.634421 0.524862 0.636181 0.523807 0.636412 0.516229 0.621301 0.515406 0.619046
8 0.521370 0.616611 0.520646 0.625167 0.519591 0.623644 0.518536 0.621417 0.519523 0.613097
8 0.520396 0.629889 0.520208 0.632083 0.520292 0.635481 0.519487 0.632449 0.518344 0.628259 0.518398 0.625477
8 0.515078 0.603657 0.513990 0.614620 0.515977 0.617662 0.516656 0.614787 0.515977 0.605181
8 0.517938 0.609370 0.519068 0.614620 0.518536 0.621417 0.517453 0.619537 0.516656 0.614787 0.515977 0.605181
8 0.514870 0.605560 0.510656 0.605560 0.511508 0.607829 0.514615 0.607829
8 0.521096 0.620472 0.525539 0.628977 0.532372 0.642245 0.537729 0.656014 0.539336 0.660176 0.541266 0.666000 0.539979 0.664921 0.532802 0.652583 0.526625 0.638213 0.524797 0.634421 0.520646 0.625167
8 0.528174 0.618444 0.531599 0.633074 0.537630 0.649028 0.533529 0.633333 0.531820 0.624319
8 0.525008 0.601472 0.535943 0.619097 0.534880 0.623866 0.519682 0.596792 0.516299 0.590708
8 0.559940 0.663185 0.562578 0.668403 0.564706 0.665454 0.562367 0.660838
8 0.567516 0.656602 0.569557 0.661671 0.568622 0.662579 0.567133 0.661139 0.565729 0.659856 0.565174 0.658116
8 0.570492 0.656148 0.571302 0.660458 0.569854 0.661444 0.567727 0.656375
8 0.539453 0.603370 0.546443 0.614745 0.559831 0.635944 0.563393 0.642449 0.569641 0.652356 0.567870 0.652356 0.554479 0.630736 0.538768 0.606597
8 0.538805 0.580208 0.548943 0.593880 0.560279 0.608361 0.568602 0.619944 0.575971 0.628491 0.564505 0.610458 0.552247 0.593111 0.545128 0.583745
8 0.564693 0.641949 0.565630 0.639954 0.564693 0.637954 0.544589 0.595579 0.541245 0.588079 0.539253 0.585593 0.529750 0.574773 0.524706 0.569787 0.519062 0.565000 0.532604 0.580481 0.538477 0.587259 0.541727 0.593255 0.552984 0.619569 0.563174 0.641671 0.563393 0.642449
8 0.560706 0.596528 0.562622 0.598819 0.565482 0.600681 0.565656 0.602477 0.562065 0.599750 0.560706 0.598819 0.559940 0.597634 0.560253 0.597449
8 0.562414 0.591685 0.565318 0.598685 0.564935 0.594157 0.563888 0.592176
8 0.558367 0.601111 0.561299 0.605329 0.561299 0.603593 0.560635 0.601236 0.559102 0.599190
8 0.571172 0.605324 0.580552 0.632889 0.581117 0.632958 0.581398 0.631958 0.576370 0.616926 0.574138 0.610157 0.572807 0.606213
8 0.576529 0.600449 0.574820 0.605347 0.574974 0.605884 0.575523 0.606088 0.577089 0.601380
8 0.574229 0.606958 0.573810 0.609310 0.574138 0.610157 0.574401 0.610231 0.574922 0.607454 0.574620 0.607269
8 0.573740 0.612907 0.572487 0.615944 0.571932 0.614023 0.573219 0.611296
8 0.568302 0.604292 0.569805 0.608755 0.571060 0.610551 0.571578 0.611852 0.571932 0.614023 0.572487 0.615509 0.573219 0.620653 0.571828 0.617806 0.571026 0.613713 0.570044 0.610986 0.568721 0.608755
8 0.567307 0.593875 0.568701 0.597444 0.569154 0.595769 0.568456 0.594037
8 0.569003 0.598963 0.570677 0.603546 0.571862 0.604231 0.569732 0.597477
8 0.574034 0.596060 0.576021 0.601889 0.575427 0.603870 0.572359 0.595505
8 0.576474 0.603125 0.577763 0.604181 0.579924 0.607963 0.581529 0.611245 0.582539 0.612051 0.582680 0.613292 0.582086 0.613727 0.580484 0.612671 0.578008 0.607898 0.576961 0.606287 0.575776 0.605171
8 0.576266 0.607963 0.580589 0.618806 0.584701 0.630769 0.589466 0.644653 0.585594 0.639565 0.578779 0.619769 0.577695 0.616532 0.575341 0.607250
8 0.578008 0.607898 0.584070 0.623144 0.583867 0.624935 0.583021 0.625222 0.580589 0.618806 0.576266 0.607963 0.577781 0.608875
8 0.575721 0.597065 0.580253 0.603699 0.581263 0.606176 0.581370 0.608097 0.580635 0.608593 0.579924 0.607963 0.577469 0.602755 0.577089 0.601380 0.576529 0.600449 0.574865 0.598676 0.574034 0.596060
1 0.629792 0.619398 0.636789 0.619148 0.642995 0.619977 0.644721 0.620894 0.645516 0.620894 0.644443 0.619315 0.642948 0.618653 0.633286 0.617741 0.629669 0.618139
1 0.646120 0.623056 0.642622 0.628361 0.637862 0.634912 0.635201 0.637319 0.630906 0.638981 0.630826 0.638014 0.635995 0.635329 0.638516 0.632259 0.642529 0.626532 0.644396 0.624130
8 0.658052 0.624977 0.657836 0.623630 0.659294 0.622958 0.659398 0.624602
8 0.594440 0.617060 0.601562 0.626833 0.613622 0.644162 0.620682 0.656380 0.622896 0.659407 0.629245 0.669773 0.638469 0.670653 0.638594 0.672875 0.632721 0.673653 0.630846 0.673542 0.626956 0.670741 0.623198 0.665023 0.604792 0.636343 0.596039 0.623380
8 0.630833 0.641481 0.660182 0.627083 0.659398 0.624602 0.638229 0.635449 0.635201 0.637319 0.630906 0.638981
8 0.658490 0.628009 0.662750 0.648690 0.664966 0.661454 0.666044 0.665870 0.666477 0.665009 0.662859 0.642542 0.660099 0.626523
8 0.646849 0.694306 0.639453 0.699449 0.633654 0.703782 0.629732 0.707162 0.629154 0.705750 0.645924 0.693282 0.645924 0.693282 0.645924 0.693282
8 0.630310 0.685958 0.630888 0.704333 0.629154 0.705750 0.627768 0.704292 0.627326 0.690898 0.627669 0.689634 0.629404 0.684255
8 0.634703 0.677602 0.634813 0.689889 0.632435 0.686148 0.632974 0.675778
8 0.635406 0.673477 0.657438 0.698819 0.656573 0.700356 0.633839 0.673380
8 0.629844 0.672801 0.632974 0.675778 0.634703 0.677602 0.641885 0.687778 0.645924 0.693282 0.648073 0.696046 0.657469 0.710560 0.657956 0.709023 0.657849 0.707102 0.643203 0.685880 0.640945 0.682144 0.633839 0.673380 0.632721 0.673653 0.630846 0.673542
8 0.656573 0.700356 0.655682 0.703032 0.643203 0.685880 0.640945 0.682144
8 0.635794 0.655324 0.631453 0.668269 0.630615 0.667685 0.631542 0.665537 0.631841 0.663644 0.634859 0.654829
8 0.638258 0.638106 0.642646 0.663995 0.644091 0.664657 0.639193 0.637944
8 0.645023 0.600986 0.653083 0.628088 0.655021 0.626977 0.645859 0.598685
8 0.599776 0.636366 0.615833 0.663245 0.611958 0.661690 0.601089 0.642250
8 0.569638 0.559366 0.570518 0.565120 0.572102 0.566231 0.571146 0.559824
8 0.572284 0.570810 0.572552 0.575000 0.570594 0.571787 0.570388 0.569329
8 0.471487 0.566819 0.470714 0.580551 0.472479 0.581463 0.473398 0.567537 0.473083 0.567120 0.473802 0.565579
8 0.474193 0.510194 0.479854 0.516671 0.485862 0.524199 0.493049 0.533301 0.492508 0.534875 0.484039 0.524722 0.478526 0.517722 0.474341 0.512384
8 0.494904 0.534528 0.500010 0.542588 0.502177 0.545736 0.503997 0.544861 0.498237 0.535583 0.495628 0.531907
8 0.512375 0.356741 0.513865 0.364907 0.517065 0.379963 0.518596 0.379056 0.516638 0.371338 0.514044 0.359389
8 0.513362 0.362412 0.508716 0.364000 0.506250 0.362731 0.512896 0.359236
8 0.512172 0.362866 0.514469 0.370130 0.516000 0.374741 0.516893 0.378903 0.515576 0.377694 0.514885 0.375347 0.514674 0.372778 0.513651 0.370204 0.511448 0.367102 0.510768 0.363398
8 0.512214 0.374514 0.516383 0.385032 0.517148 0.384500 0.517406 0.383366 0.514768 0.375880 0.514164 0.375954 0.512971 0.375194
8 0.508896 0.350991 0.511279 0.359843 0.510086 0.360444 0.507365 0.350463 0.506956 0.347685
8 0.504062 0.321852 0.505234 0.332606 0.506414 0.338556 0.506276 0.341620 0.507365 0.350463 0.509909 0.360787 0.507990 0.361574 0.505331 0.347921 0.504643 0.337509 0.503609 0.333218 0.503117 0.325954 0.503018 0.321755
8 0.630721 0.708796 0.629146 0.710986 0.609734 0.682810 0.582091 0.642079 0.582378 0.641579 0.597810 0.659398 0.606815 0.673375 0.607328 0.675398 0.610398 0.679759 0.612055 0.681069 0.620674 0.693435 0.625078 0.699537 0.627768 0.704292
8 0.492677 0.218116 0.493927 0.217185 0.494820 0.217329 0.502333 0.242815 0.506549 0.258361 0.514057 0.285181 0.521398 0.312486 0.526740 0.326736 0.527370 0.327917 0.526536 0.330139 0.524359 0.324727 0.520945 0.314870 0.519130 0.310278 0.518745 0.308972 0.518865 0.307537 0.518422 0.305889 0.510487 0.279667 0.494940 0.225454
8 0.398992 0.245181 0.399539 0.247727 0.399773 0.251801 0.399695 0.252681 0.399227 0.253269 0.398948 0.248565 0.398354 0.246023 0.398042 0.244722
8 0.552609 0.439653 0.553029 0.441454 0.552750 0.444676 0.552122 0.446287 0.551042 0.446347 0.545792 0.442731 0.534010 0.434935 0.531924 0.432782 0.527604 0.429032 0.526523 0.427977 0.526453 0.425620 0.528057 0.424199 0.528648 0.423579 0.530148 0.424074 0.543990 0.433806 0.550870 0.437986
8 0.443023 0.425468 0.441943 0.429009 0.440120 0.433972 0.438466 0.436000 0.421721 0.444708 0.406984 0.450722 0.403492 0.451778 0.401779 0.450491 0.386096 0.428394 0.384797 0.422574 0.388661 0.427991 0.399484 0.442977 0.403471 0.448241 0.405180 0.448648 0.407060 0.447532 0.428107 0.437810 0.437812 0.432657 0.438503 0.431958 0.439982 0.427583
8 0.407362 0.279514 0.405977 0.290023 0.405797 0.292833 0.402182 0.316130 0.399333 0.329995 0.401122 0.330926 0.403268 0.320662 0.406456 0.302116 0.407857 0.292759 0.408044 0.289606 0.409187 0.280171
8 0.425068 0.298037 0.418534 0.307000 0.412044 0.314806 0.409451 0.318926 0.402708 0.330741 0.401641 0.330602 0.402794 0.326866 0.405198 0.321782 0.412190 0.311111 0.423536 0.295750
8 0.430279 0.320116 0.429245 0.335139 0.431115 0.335426 0.431813 0.322597
8 0.608594 0.681167 0.613664 0.698583 0.616961 0.700685 0.613177 0.687639
8 0.497656 0.525093 0.494904 0.534528 0.491495 0.543986 0.488201 0.551546 0.486372 0.555634 0.485182 0.558523 0.478438 0.562852 0.469854 0.567634 0.458578 0.576819 0.449109 0.584528 0.448172 0.585431 0.446435 0.583116 0.446943 0.581963 0.454677 0.574894 0.466677 0.565125 0.476799 0.559079 0.483740 0.554972 0.487003 0.550060 0.490125 0.542940 0.492500 0.535648 0.495310 0.522787
8 0.605831 0.668843 0.606815 0.673375 0.607328 0.675398 0.610398 0.679759 0.609937 0.676310 0.608911 0.672241
8 0.505417 0.547963 0.508482 0.553046 0.505409 0.550912 0.505419 0.551991 0.502909 0.548963 0.503219 0.548435
8 0.533102 0.333394 0.527737 0.336824 0.518958 0.342727 0.517867 0.343231 0.515445 0.344912 0.513635 0.341856 0.517513 0.339968 0.518724 0.339032 0.528341 0.333125 0.533615 0.329644
8 0.537258 0.285574 0.529443 0.330106 0.528958 0.332778 0.525599 0.334815 0.527107 0.328449 0.528552 0.319157 0.535052 0.283648 0.535586 0.283454 0.536563 0.283454 0.537109 0.284398
8 0.500807 0.515167 0.504161 0.521528 0.510576 0.536875 0.512240 0.537361 0.507510 0.524685 0.503073 0.514644
8 0.373568 0.362176 0.373776 0.367963 0.373318 0.369106 0.372620 0.369306 0.371956 0.368519 0.371737 0.366755 0.371846 0.362245
8 0.522302 0.373856 0.520474 0.374083 0.517453 0.367278 0.515391 0.362685 0.516984 0.361755 0.521622 0.369926 0.522133 0.372042
8 0.506276 0.341620 0.515492 0.358741 0.516146 0.359940 0.514911 0.361074 0.511891 0.355630 0.506956 0.347685
8 0.472198 0.494870 0.472641 0.500565 0.473211 0.513421 0.473500 0.517579 0.473138 0.522167 0.473177 0.524032 0.473823 0.525968 0.481378 0.540690 0.483477 0.544593 0.486326 0.551065 0.487003 0.550060 0.487539 0.548657 0.482125 0.537458 0.475682 0.526505 0.474516 0.524181 0.474229 0.522014 0.474409 0.518750 0.474177 0.508245 0.473698 0.501875 0.473385 0.495833
8 0.436081 0.305495 0.437589 0.316875 0.438141 0.325046 0.437961 0.325778 0.437997 0.327139 0.438763 0.328440 0.440070 0.336583 0.439365 0.336546 0.438073 0.328944 0.435521 0.311620 0.434219 0.304315
8 0.431693 0.325648 0.435766 0.336264 0.438477 0.336403 0.434688 0.326389
8 0.423870 0.319644 0.424234 0.329736 0.425768 0.334532 0.425641 0.320616 0.425641 0.319134 0.425414 0.319949 0.424448 0.319843
8 0.413951 0.299398 0.419737 0.298111 0.421302 0.297787 0.421393 0.298324 0.418411 0.302611 0.414492 0.303144 0.413880 0.302222
8 0.411120 0.300630 0.407021 0.301968 0.407081 0.303681 0.407323 0.304755 0.407773 0.305074 0.411359 0.303894 0.411602 0.301648 0.411375 0.301009
8 0.402750 0.283444 0.402367 0.288528 0.400484 0.288218 0.400938 0.282579 0.401042 0.281648 0.401896 0.282213
8 0.397104 0.259148 0.400065 0.261505 0.400867 0.263181 0.401740 0.268324 0.402018 0.273282 0.401706 0.278116 0.402141 0.278185 0.402924 0.278861 0.403169 0.271481 0.402333 0.263366 0.401112 0.259769 0.398078 0.256796
8 0.377023 0.258130 0.377065 0.267023 0.376135 0.266667 0.376177 0.257843 0.376419 0.257630
8 0.401328 0.251574 0.399695 0.252681 0.398737 0.253889 0.397414 0.255995 0.395727 0.261722 0.393354 0.269037 0.393773 0.272074 0.394193 0.272505 0.396354 0.262838 0.397539 0.259741 0.397104 0.259148 0.398078 0.256796 0.398654 0.256949 0.401443 0.253171
8 0.391534 0.254384 0.395451 0.262685 0.396083 0.260171 0.392469 0.253579 0.391984 0.253579
8 0.381651 0.247634 0.383307 0.250583 0.384875 0.251491 0.386294 0.250731 0.387690 0.250731 0.390177 0.251171 0.389604 0.249296 0.385568 0.249296 0.383669 0.248921 0.383068 0.247366
8 0.380656 0.238796 0.381320 0.244366 0.382583 0.243991 0.381620 0.237940
8 0.388656 0.237532 0.383391 0.236852 0.384891 0.241560 0.394094 0.241500
8 0.392026 0.251514 0.397177 0.254458 0.397328 0.256282 0.397026 0.257352 0.393531 0.253977 0.392469 0.253579 0.392023 0.253120
8 0.387734 0.267500 0.389018 0.272630 0.391039 0.273375 0.388531 0.264819
8 0.380104 0.271250 0.381552 0.284597 0.383057 0.279667 0.382154 0.272597
8 0.378461 0.258046 0.378672 0.259977 0.379513 0.261639 0.380156 0.268333 0.381984 0.269190 0.381263 0.262120 0.380539 0.259282 0.379724 0.257833
8 0.377104 0.261060 0.377917 0.262829 0.378188 0.264060 0.379089 0.267870 0.379497 0.270972 0.380859 0.286343 0.379729 0.291231 0.378721 0.276671 0.378206 0.271116 0.377883 0.267176 0.377510 0.265412 0.377068 0.264125
8 0.364818 0.263796 0.353568 0.276769 0.351773 0.275116 0.355932 0.269634 0.357016 0.268236 0.362891 0.262315
8 0.354164 0.256116 0.354010 0.261343 0.353914 0.265083 0.353721 0.272681 0.352068 0.274977 0.352268 0.262856 0.352339 0.261935 0.352839 0.258519 0.352669 0.255125
8 0.458448 0.566194 0.455982 0.567856 0.456578 0.570356 0.458320 0.569370
8 0.352911 0.252083 0.363510 0.258843 0.376135 0.266667 0.377883 0.267176 0.372156 0.267949 0.365008 0.263796 0.359326 0.259648 0.354167 0.256731 0.354164 0.256116 0.352669 0.255125
8 0.359714 0.259954 0.358281 0.264667 0.358107 0.266898 0.357016 0.268236 0.356885 0.264727 0.357721 0.261569 0.358560 0.259213
8 0.358315 0.259398 0.354201 0.261569 0.355036 0.263551 0.357547 0.262065
8 0.351969 0.245824 0.351237 0.254875 0.352839 0.258519 0.352669 0.255125 0.352911 0.252083 0.353573 0.248676 0.353888 0.245019
8 0.360826 0.233213 0.361268 0.234074 0.366714 0.237657 0.366820 0.237171 0.368057 0.235343
8 0.370867 0.238588 0.375789 0.241171 0.376393 0.239306 0.376273 0.237731 0.372401 0.235579 0.371154 0.237435
8 0.386391 0.246648 0.387370 0.249375 0.385568 0.249296 0.384786 0.247208
8 0.391831 0.251981 0.390612 0.247519 0.389740 0.244727 0.387505 0.243796 0.385820 0.243875 0.384042 0.244250 0.382583 0.243991 0.381320 0.244366 0.380852 0.244699 0.379081 0.245838 0.375758 0.247023 0.370810 0.249690 0.368594 0.250741 0.366589 0.245657 0.364326 0.236236 0.361268 0.234074 0.361172 0.235139 0.362419 0.238662 0.365198 0.249870 0.366346 0.252352 0.367495 0.253218 0.369497 0.252861 0.372255 0.252292 0.375427 0.250560 0.381651 0.247634 0.383068 0.247366 0.384786 0.247208 0.386391 0.246648 0.388307 0.247394 0.389604 0.249296 0.390177 0.251171 0.390229 0.252352
8 0.364930 0.254042 0.366190 0.260685 0.364464 0.259106 0.362971 0.252222
8 0.369997 0.273532 0.369023 0.271167 0.368667 0.270236 0.367917 0.270306 0.365964 0.270380 0.361727 0.271097 0.361646 0.271884 0.362979 0.272245 0.365076 0.271671 0.367979 0.271454 0.368622 0.272102 0.368909 0.273676
8 0.545419 0.484079 0.537049 0.486426 0.533615 0.487394 0.528398 0.487935 0.524656 0.489370 0.524953 0.486120 0.526867 0.484833 0.530701 0.483972 0.534047 0.483537 0.540313 0.482338 0.544229 0.481352
8 0.538568 0.477116 0.539505 0.482338 0.537802 0.482713 0.536570 0.476662
8 0.536698 0.467815 0.537208 0.470236 0.534826 0.469329 0.534526 0.467662
8 0.540042 0.460958 0.546258 0.461898 0.546258 0.463486 0.538599 0.463185 0.537477 0.460861
8 0.525948 0.459454 0.530997 0.459819 0.533156 0.459912 0.533997 0.459532 0.535740 0.463148 0.524917 0.462440 0.525208 0.461528
8 0.556146 0.454583 0.551023 0.464019 0.546258 0.463486 0.553633 0.452912 0.554948 0.451157
8 0.548315 0.468315 0.545557 0.473130 0.543523 0.473620 0.542112 0.470593 0.544279 0.467792
8 0.555846 0.470329 0.557620 0.476806 0.554370 0.476194 0.553729 0.472255 0.554026 0.470852 0.554961 0.469718
8 0.548266 0.468843 0.553729 0.475319 0.553680 0.476106 0.545362 0.473653
8 0.566776 0.470593 0.565841 0.479519 0.564510 0.478995 0.565594 0.468491
8 0.474143 0.507745 0.483203 0.518861 0.493393 0.532250 0.493984 0.528134 0.486404 0.517634 0.479411 0.509671 0.473898 0.504417
8 0.498440 0.329106 0.504888 0.339870 0.504839 0.343546 0.502953 0.340616
8 0.555362 0.442028 0.556937 0.440815 0.558044 0.441648 0.564638 0.447926 0.566424 0.450500 0.567404 0.452694 0.567576 0.454282 0.567531 0.456551 0.566128 0.454130 0.565914 0.452088 0.564979 0.450347 0.561776 0.447718 0.557151 0.443815 0.555346 0.443616 0.555065 0.442329
8 0.530773 0.487685 0.534932 0.492241 0.531513 0.493759 0.527242 0.488394 0.528398 0.487935
8 0.537055 0.490468 0.534932 0.492241 0.531513 0.493759 0.524156 0.498343 0.523714 0.499833 0.524156 0.501319 0.526372 0.500796 0.527992 0.500250 0.531341 0.498065 0.533901 0.496838 0.537008 0.493667 0.538680 0.491866
8 0.545768 0.484167 0.540503 0.489417 0.538286 0.488190 0.542029 0.485306
8 0.542815 0.487315 0.543208 0.491694 0.541438 0.490380 0.541141 0.488806
8 0.542964 0.488894 0.547641 0.492829 0.551234 0.496681 0.553154 0.499134 0.555911 0.504032 0.554435 0.503685 0.549703 0.498329 0.543208 0.491694
8 0.542815 0.487315 0.550422 0.494014 0.547565 0.487708 0.545005 0.485699
8 0.558766 0.509199 0.554927 0.508407 0.557339 0.512435 0.559258 0.512523 0.559997 0.511995
8 0.545375 0.502282 0.548034 0.504907 0.551240 0.507000 0.552513 0.509458 0.550742 0.508671 0.546901 0.506657 0.545917 0.505782 0.545568 0.503491
8 0.552859 0.509810 0.549510 0.510157 0.552021 0.512787 0.554435 0.512958 0.553651 0.511551
8 0.548516 0.483931 0.554474 0.482648 0.548346 0.480606 0.547411 0.481208
8 0.551464 0.483245 0.555174 0.494185 0.556602 0.495407 0.557591 0.495551 0.555284 0.488620 0.555612 0.487741 0.555174 0.486227 0.553661 0.482856
8 0.561953 0.518056 0.562333 0.521171 0.560633 0.519944
8 0.562630 0.524801 0.562799 0.535167 0.561099 0.534259 0.561099 0.523972
8 0.545464 0.537028 0.555859 0.542829 0.558148 0.543616 0.567125 0.550505 0.568060 0.550505 0.568208 0.547968 0.566534 0.545782 0.557133 0.539829 0.552060 0.536681 0.546966 0.534407
8 0.537479 0.530931 0.540581 0.536528 0.539880 0.538106 0.535893 0.533736 0.532888 0.528662
8 0.537479 0.530931 0.543208 0.532991 0.540768 0.536708
8 0.546659 0.537745 0.547807 0.544630 0.547297 0.544926 0.545125 0.542662 0.544445 0.537898 0.545464 0.537028
8 0.531263 0.531343 0.529901 0.534870 0.529031 0.533250 0.528727 0.532454 0.529977 0.528856
8 0.529646 0.535722 0.527255 0.541407 0.526849 0.541537 0.526266 0.541454 0.529073 0.534477
8 0.507885 0.535755 0.510576 0.536875 0.513354 0.537759 0.512857 0.538324 0.511711 0.539741 0.510018 0.538630
8 0.514578 0.540981 0.522521 0.543662 0.523516 0.541505 0.517159 0.539565
8 0.515833 0.541528 0.515901 0.544056 0.517042 0.544384 0.517042 0.541963
8 0.518219 0.542162 0.520609 0.546343 0.517779 0.544708 0.517115 0.542880 0.517042 0.541963
8 0.491562 0.508843 0.490495 0.512310 0.489430 0.511199 0.490531 0.507472
8 0.473214 0.569898 0.475273 0.572116 0.476893 0.576102 0.478401 0.579963 0.480534 0.582639 0.480534 0.584931 0.477482 0.581528 0.475128 0.575713 0.474391 0.573815 0.473068 0.572898
8 0.469831 0.568593 0.468508 0.571861 0.465714 0.577019 0.464370 0.578833 0.464167 0.580417 0.463490 0.579444 0.464206 0.574208 0.467109 0.570023 0.469854 0.567634
8 0.455495 0.579421 0.456089 0.584792 0.456323 0.586227 0.457833 0.577894 0.458578 0.576819
8 0.585388 0.612630 0.589216 0.620676 0.596216 0.633870 0.594490 0.626565 0.586276 0.610389
8 0.578201 0.597889 0.581792 0.606009 0.588169 0.622185 0.587857 0.622556 0.587404 0.622741 0.584474 0.615306 0.581263 0.606176 0.580117 0.603407 0.577503 0.599315 0.576945 0.597458
8 0.583846 0.613259 0.581685 0.617167 0.582208 0.618403 0.584266 0.614810
8 0.577852 0.624667 0.576456 0.626894 0.577224 0.628319 0.578339 0.626213
8 0.579977 0.623301 0.578966 0.624602 0.578513 0.623361 0.579315 0.621875
8 0.511445 0.423782 0.498724 0.433741 0.503997 0.435495 0.513818 0.428935
8 0.527714 0.438653 0.524068 0.447157 0.521734 0.448171 0.515068 0.450903 0.514156 0.451412 0.513758 0.449282 0.518315 0.447463 0.522646 0.446046 0.526802 0.437639
8 0.510958 0.465579 0.506628 0.473889 0.504391 0.477472 0.501586 0.481060 0.505839 0.470653 0.509138 0.465315
8 0.513471 0.433935 0.513214 0.436681 0.513096 0.438884 0.513096 0.440019 0.514081 0.443347 0.516008 0.448384 0.514979 0.448907 0.512997 0.442907 0.512258 0.437991 0.512625 0.433282
8 0.516891 0.450213 0.520458 0.458060 0.519318 0.457796 0.516266 0.450412
8 0.529466 0.441648 0.528448 0.442037 0.524659 0.445944 0.524068 0.447157 0.521734 0.448171 0.517604 0.451759 0.518396 0.453370 0.524276 0.448486 0.527023 0.445653 0.528070 0.444440 0.529742 0.442037 0.529635 0.441653
8 0.517893 0.454097 0.515339 0.456931 0.513581 0.455856 0.517070 0.452338
8 0.501943 0.447088 0.507687 0.451477 0.513581 0.455856 0.515339 0.456931 0.516198 0.457829 0.514591 0.461079 0.505177 0.453667 0.499688 0.448903 0.498156 0.447616 0.500695 0.447829
8 0.530596 0.434384 0.527250 0.434472 0.525182 0.432106 0.523065 0.427995 0.522031 0.423796 0.522424 0.416093 0.524148 0.411366 0.525292 0.409870 0.526784 0.408046 0.529318 0.408477 0.531188 0.410843 0.532419 0.414954 0.532221 0.420556 0.533995 0.421167 0.533995 0.414954 0.532862 0.409352 0.530893 0.405329 0.528922 0.404366 0.524885 0.406551 0.522818 0.409880 0.521833 0.412940 0.521143 0.416005 0.520602 0.423880 0.521096 0.428870 0.522669 0.433333 0.525279 0.437361 0.526802 0.437639 0.527714 0.438653 0.530203 0.437537 0.531237 0.434384
8 0.520716 0.422134 0.516161 0.429472 0.515396 0.428338 0.515268 0.427125 0.520120 0.419333 0.520927 0.419412
8 0.470964 0.426125 0.482195 0.429380 0.485557 0.429380 0.482833 0.433009 0.477643 0.431574 0.471260 0.429454 0.468792 0.427792
8 0.462253 0.423366 0.468818 0.424454 0.465669 0.426875 0.462052 0.426421
8 0.481768 0.433083 0.475794 0.433028 0.470906 0.433241 0.470023 0.434028 0.467404 0.435630 0.475297 0.435042 0.479333 0.434255 0.482729 0.433551
8 0.473443 0.430204 0.473664 0.432972 0.471534 0.433083 0.471471 0.432398 0.471440 0.429185
8 0.453216 0.438278 0.449206 0.441824 0.450870 0.443611 0.453372 0.441259 0.453664 0.439856 0.454622 0.438708
8 0.456997 0.430949 0.456458 0.433833 0.454805 0.433833 0.455091 0.430894
8 0.466870 0.461088 0.470401 0.466991 0.475693 0.477565 0.474789 0.480296 0.474091 0.475458 0.472146 0.475611 0.465594 0.462449
1 0.465599 0.462685 0.465635 0.466991 0.466104 0.469259 0.466997 0.470241 0.468187 0.469940 0.469211 0.469486 0.468570 0.468125 0.467721 0.468653 0.466956 0.468806 0.466487 0.467292 0.466828 0.465023
8 0.467422 0.470324 0.469677 0.476671 0.469896 0.476204 0.471635 0.475838 0.469211 0.469486 0.468187 0.469940
8 0.461172 0.459491 0.462401 0.465176 0.463552 0.463356 0.462870 0.460560
8 0.464487 0.464491 0.466318 0.473116 0.465529 0.471981 0.463635 0.469713 0.463083 0.466537
8 0.472031 0.481694 0.471966 0.489833 0.470602 0.488306 0.470760 0.482824 0.471664 0.481537
8 0.472922 0.481019 0.474089 0.483764 0.473492 0.487292 0.472000 0.484125 0.472031 0.481694
8 0.475401 0.487065 0.476924 0.491190 0.474437 0.491324
8 0.477245 0.479162 0.481070 0.490671 0.482687 0.490148 0.479010 0.479620 0.477753 0.477509
8 0.476141 0.484394 0.479784 0.491060 0.481070 0.490671 0.477135 0.480731
8 0.487440 0.492708 0.490859 0.503796 0.488880 0.501296 0.486263 0.493213
8 0.491380 0.509676 0.493552 0.516375 0.496104 0.519778 0.492956 0.510398 0.491562 0.508843
8 0.515656 0.480593 0.517034 0.500014 0.516836 0.501153 0.514474 0.501241 0.513784 0.500190 0.513836 0.493829 0.513745 0.491153 0.512948 0.480597
8 0.513060 0.477875 0.521333 0.479444 0.521555 0.480750 0.521224 0.481995 0.520672 0.482319 0.515656 0.480593 0.512948 0.480597 0.511294 0.479903
8 0.520417 0.358329 0.527438 0.370963 0.527609 0.373306 0.527141 0.375046 0.518544 0.360144
8 0.504378 0.365741 0.507057 0.367181 0.511781 0.372778 0.512971 0.375194 0.514164 0.375954 0.514885 0.375347 0.514674 0.372778 0.513651 0.370204 0.511057 0.366120 0.508716 0.364000 0.505271 0.362412
8 0.521727 0.357792 0.525372 0.362958 0.526797 0.366806 0.527438 0.370963 0.527880 0.376426 0.527536 0.378551 0.528393 0.379361 0.528961 0.376019 0.528448 0.370046 0.527195 0.364880 0.525544 0.361134 0.523036 0.356579
8 0.534305 0.367097 0.534875 0.367981 0.535443 0.369324 0.539602 0.382593 0.540172 0.384514 0.537096 0.380366 0.534419 0.370847
8 0.540940 0.386153 0.545906 0.385833 0.550091 0.385773 0.560435 0.385278 0.560435 0.386241 0.550437 0.387009 0.546221 0.387134 0.541383 0.387375
8 0.542729 0.367972 0.537232 0.374694 0.537995 0.377181 0.541299 0.373676 0.542490 0.372074 0.543979 0.370398
8 0.534687 0.354579 0.540440 0.365144 0.538216 0.366218 0.534594 0.358532
8 0.541721 0.372954 0.539883 0.383412 0.540172 0.384514 0.540940 0.386153 0.541612 0.385769 0.543229 0.374981 0.542490 0.372074
8 0.531352 0.377741 0.532503 0.387421 0.530331 0.391884 0.529310 0.382199 0.529523 0.379856 0.530375 0.377662 0.530885 0.377435
8 0.532586 0.389009 0.534458 0.406333 0.534885 0.412231 0.532862 0.409352 0.532247 0.407921 0.530544 0.392338
8 0.547865 0.409074 0.536372 0.412838 0.537990 0.415333 0.545352 0.412759
8 0.533995 0.414954 0.536927 0.418431 0.539052 0.421472 0.541789 0.425773 0.542711 0.428032 0.543250 0.428431 0.544617 0.427468 0.544872 0.426565 0.544305 0.425236 0.539786 0.418769 0.534885 0.412231 0.532862 0.409352
8 0.488195 0.424093 0.487898 0.422958 0.479940 0.423866 0.479471 0.424472 0.479471 0.426134 0.479813 0.426588 0.485906 0.425500 0.486693 0.424273 0.487974 0.423926
8 0.520888 0.363639 0.519706 0.366704 0.518083 0.363727 0.519018 0.360926
8 0.540172 0.384514 0.541383 0.387375 0.544755 0.392880 0.548625 0.399097 0.551669 0.404125 0.549500 0.407787 0.541813 0.393403 0.534531 0.382287 0.531076 0.375949 0.530966 0.374181 0.531846 0.372745 0.534216 0.375130 0.537096 0.380366
8 0.495417 0.337731 0.482563 0.344458 0.482563 0.346380 0.486201 0.345912 0.488422 0.345593 0.496740 0.340782
8 0.498807 0.345505 0.491573 0.347958 0.488771 0.345912 0.491424 0.344458 0.497331 0.342356
8 0.466969 0.325097 0.480839 0.327671 0.483518 0.328199 0.485052 0.326310 0.485818 0.323435 0.486456 0.318440 0.488328 0.322074 0.487008 0.328051 0.485773 0.331755 0.484242 0.332815 0.472031 0.330319 0.468456 0.329412
8 0.463404 0.320782 0.461674 0.328694 0.462852 0.330917 0.464396 0.323921
8 0.465281 0.309236 0.462516 0.309236 0.463326 0.311204 0.465154 0.311278
8 0.467794 0.309690 0.466133 0.309690 0.466091 0.311278 0.467919 0.311278
8 0.574284 0.560250 0.574383 0.568477 0.576943 0.570574 0.577091 0.563750 0.576273 0.560139
8 0.572505 0.549102 0.573977 0.556227 0.572745 0.556412 0.570443 0.555083 0.569818 0.549769
8 0.572240 0.545694 0.569268 0.545769 0.569747 0.549625 0.573130 0.548972
8 0.466281 0.329477 0.464948 0.329630 0.464326 0.328542 0.463836 0.328602 0.463523 0.328972 0.464112 0.325227 0.464948 0.325463
8 0.459375 0.324102 0.462680 0.324611 0.461674 0.328694
8 0.443482 0.322236 0.453115 0.323421 0.456992 0.324046 0.459026 0.327889 0.458643 0.328903 0.448536 0.327546 0.446005 0.325042
8 0.443578 0.315741 0.455560 0.323593 0.455083 0.323764 0.449362 0.322856 0.442497 0.318792
8 0.445073 0.326306 0.439669 0.326023 0.440781 0.321782 0.442083 0.322181
8 0.437891 0.320769 0.439510 0.321278 0.438141 0.325046
8 0.430112 0.304977 0.430622 0.310574 0.431729 0.315796 0.433346 0.319579 0.434792 0.320787 0.435729 0.325176 0.433643 0.325176 0.431813 0.322597 0.430279 0.320116 0.428240 0.313069 0.427302 0.306338 0.428026 0.304523 0.428664 0.304069 0.429302 0.304370
8 0.425641 0.319134 0.430185 0.321051 0.429930 0.324079 0.425844 0.322185
8 0.421432 0.320634 0.423984 0.321542 0.423870 0.319644 0.423003 0.319199 0.420742 0.318287
8 0.420086 0.321046 0.418682 0.329593 0.418836 0.332685 0.418870 0.333556 0.420552 0.333602 0.421875 0.326264
8 0.419018 0.318472 0.417063 0.320667 0.416380 0.317944 0.418299 0.315898
8 0.426083 0.298125 0.425911 0.312875 0.425865 0.316949 0.425443 0.315236 0.423966 0.314431 0.423956 0.300773 0.424167 0.299259 0.425068 0.298037
8 0.500547 0.515602 0.498380 0.523306 0.496458 0.520231 0.497888 0.515866
8 0.540333 0.517199 0.544133 0.526620 0.544141 0.528083 0.541901 0.526995 0.537544 0.519495
8 0.563669 0.562648 0.567284 0.577370 0.570578 0.590523 0.568365 0.589755 0.564779 0.575398 0.564073 0.572343 0.561505 0.561912
8 0.586576 0.588528 0.590568 0.590750 0.590367 0.591685 0.586927 0.590093
8 0.581169 0.585662 0.583630 0.586949 0.583992 0.588602 0.581370 0.587310
8 0.579487 0.580102 0.582102 0.581343 0.582414 0.583014 0.579766 0.581713
8 0.577289 0.585338 0.578964 0.585523 0.578370 0.583912 0.576383 0.583417
8 0.568828 0.543889 0.570443 0.555083 0.568573 0.554560 0.568060 0.550505 0.568208 0.547968 0.567146 0.546333 0.566703 0.542745
8 0.586148 0.551671 0.576401 0.551060 0.576008 0.549657 0.576646 0.548083 0.577435 0.547731 0.582654 0.548431 0.585815 0.549787
8 0.605081 0.656306 0.610612 0.659560 0.611958 0.661690 0.615833 0.663245 0.616698 0.663796 0.616867 0.665005 0.612867 0.664324 0.609294 0.661829 0.608018 0.660995 0.606146 0.660542
8 0.612698 0.663949 0.615932 0.669694 0.618398 0.672569 0.616867 0.665005
8 0.611591 0.670528 0.617164 0.674690 0.619099 0.675847 0.621362 0.676634 0.627271 0.679824 0.627177 0.682324 0.626057 0.682102 0.626242 0.681796 0.624766 0.683546 0.623484 0.683282 0.622310 0.681954 0.619417 0.680602 0.616432 0.678148 0.616422 0.676648
8 0.613805 0.665838 0.611591 0.670528 0.613591 0.672269 0.614911 0.668106
8 0.608044 0.654537 0.604227 0.654000 0.605081 0.656306 0.609169 0.656880
8 0.583867 0.624935 0.587430 0.634102 0.592344 0.647546 0.590099 0.644894 0.584505 0.629412
8 0.584560 0.621491 0.591453 0.635481 0.591156 0.636769 0.590260 0.636843 0.589750 0.636468 0.583964 0.624060 0.584070 0.623144
8 0.587354 0.626653 0.593091 0.633843 0.596070 0.637440 0.597872 0.640972 0.599417 0.644042 0.599857 0.646199 0.599896 0.646593 0.599747 0.646722 0.593534 0.636852 0.591453 0.635481
8 0.585148 0.622731 0.586104 0.622208 0.587133 0.622731 0.591914 0.627634 0.592760 0.628940 0.594930 0.634431 0.595740 0.637111 0.593570 0.634366 0.592208 0.631426 0.590849 0.629139 0.587466 0.626130 0.586633 0.625241
8 0.608352 0.626898 0.605190 0.632056 0.606836 0.634634 0.610000 0.628773 0.609185 0.627556
8 0.593164 0.554681 0.597201 0.557046 0.599070 0.557306 0.600164 0.557458 0.600794 0.554769 0.599813 0.554759 0.595583 0.553102
8 0.572104 0.513991 0.572104 0.523917 0.571250 0.534648 0.572497 0.538792 0.572995 0.539144 0.574143 0.520463 0.573927 0.515005
8 0.593977 0.499028 0.603380 0.499028 0.603331 0.501130 0.595156 0.501130
8 0.597029 0.504278 0.603073 0.504213 0.603177 0.501111 0.595156 0.501130
8 0.622440 0.578435 0.622328 0.582208 0.621758 0.592412 0.622099 0.605880 0.622042 0.615500 0.621586 0.620667 0.620674 0.623806 0.621443 0.625065 0.623237 0.619245 0.623237 0.607903 0.622891 0.594028 0.623237 0.585019 0.623523 0.582287 0.623620 0.579491
8 0.621979 0.605741 0.619138 0.611653 0.613440 0.619856 0.613167 0.623801 0.619193 0.614384 0.621979 0.609537
8 0.638021 0.665199 0.643885 0.673301 0.652375 0.686162 0.652146 0.683329 0.643375 0.669958 0.637734 0.662870
8 0.644479 0.674213 0.645766 0.685250 0.647646 0.686972 0.646336 0.676745
8 0.635794 0.655324 0.638630 0.659023 0.642646 0.663995 0.644091 0.664657 0.648630 0.670292 0.651396 0.674074 0.652885 0.677481 0.654203 0.694954 0.652885 0.692759 0.652375 0.686162 0.652146 0.683329 0.651182 0.677481 0.645523 0.669690 0.641013 0.666741 0.634802 0.658269
8 0.613396 0.643722 0.615055 0.642815 0.617862 0.643569 0.627055 0.648333 0.632159 0.651741 0.634859 0.654829 0.634031 0.657259 0.630797 0.653250 0.627477 0.651731 0.625674 0.650815 0.623542 0.650162 0.619055 0.647653 0.614458 0.645384
8 0.615685 0.657977 0.617385 0.657977 0.618578 0.663125
8 0.617786 0.651181 0.620138 0.649681 0.622234 0.649611 0.623542 0.650162 0.627695 0.654347 0.631724 0.660269 0.632531 0.661644 0.631841 0.663644 0.630055 0.661981 0.628927 0.659222 0.627789 0.657894 0.623917 0.653889 0.621792 0.652375 0.620286 0.651968 0.618852 0.653144
8 0.668164 0.671944 0.680005 0.694630 0.680820 0.691542 0.668878 0.669583
8 0.607544 0.633412 0.613583 0.637667 0.614039 0.638579 0.613396 0.643722 0.606836 0.634634
8 0.581208 0.535472 0.577333 0.540037 0.581255 0.541778 0.582841 0.540037
8 0.565219 0.526069 0.566591 0.536394 0.567883 0.536681 0.567318 0.531306 0.566836 0.526944
8 0.562630 0.524630 0.565826 0.530227 0.566591 0.536394 0.564495 0.535606 0.562799 0.530014
8 0.388771 0.263343 0.387141 0.262593 0.385266 0.270685 0.384453 0.273556 0.384253 0.275185 0.378951 0.293949 0.375474 0.309727 0.371466 0.328449 0.369964 0.338116 0.369279 0.349333 0.368654 0.359444 0.369779 0.357889 0.370841 0.353778 0.371466 0.345667 0.372799 0.332773 0.376188 0.315227 0.381344 0.291833 0.386000 0.274773 0.386732 0.271366
8 0.428326 0.246949 0.426435 0.267106 0.428385 0.267315 0.430271 0.248579
8 0.367169 0.264829 0.367917 0.270306 0.366276 0.270370 0.365490 0.264083
8 0.409620 0.277079 0.412635 0.279431 0.416130 0.280218 0.421760 0.280616 0.432104 0.284731 0.432841 0.286435 0.432841 0.288722 0.429456 0.288593 0.422138 0.284472 0.416917 0.284343 0.412430 0.282051 0.409187 0.280171
8 0.393185 0.303704 0.392906 0.309282 0.390500 0.326639 0.388583 0.324903 0.391615 0.303148
8 0.364344 0.264435 0.364865 0.270500 0.366297 0.270315 0.365490 0.264083 0.365008 0.263796 0.364818 0.263796
8 0.365104 0.271713 0.365229 0.273787 0.367286 0.273602 0.366505 0.271657
8 0.367979 0.271454 0.368698 0.273704 0.367286 0.273602 0.366797 0.271620
8 0.364833 0.296685 0.363854 0.297944 0.362268 0.299435 0.360615 0.302944 0.358432 0.306144 0.356622 0.308644 0.354352 0.312810 0.349052 0.320931 0.347656 0.316963 0.353932 0.306181 0.360453 0.297130 0.361570 0.295764 0.363021 0.293843 0.364711 0.290306 0.365654 0.288509 0.365932 0.290556 0.365687 0.292167 0.365339 0.294023
8 0.356456 0.273468 0.357758 0.280782 0.358539 0.279856 0.357419 0.272310
8 0.360362 0.277954 0.358461 0.280088 0.357758 0.280782 0.357758 0.280782 0.356065 0.283005 0.356586 0.285273 0.358643 0.282032 0.360831 0.279898
8 0.355331 0.274769 0.357076 0.276389 0.357182 0.277917 0.356010 0.277407 0.354471 0.275556
8 0.350935 0.258713 0.350122 0.267176 0.349729 0.271782 0.349904 0.274583 0.350880 0.275718 0.351448 0.270713 0.351930 0.264069 0.352021 0.260213
8 0.359440 0.281403 0.360794 0.284736 0.359258 0.284551 0.357930 0.282884 0.358643 0.282032
8 0.359961 0.280847 0.361315 0.284921 0.361781 0.284884 0.362852 0.285199 0.361497 0.281171 0.361229 0.281153 0.360831 0.279898
8 0.376021 0.292560 0.375081 0.296593 0.374349 0.301861 0.373232 0.313014 0.372013 0.314875 0.372919 0.301426 0.373651 0.294731 0.374174 0.291819 0.374523 0.291449 0.375393 0.291569
8 0.368805 0.295042 0.369154 0.302667 0.370164 0.317602 0.372013 0.314875 0.371315 0.297583 0.370792 0.295597 0.369956 0.294917
8 0.371885 0.283796 0.371885 0.287037 0.370036 0.285278 0.369984 0.283194 0.370453 0.283102 0.371078 0.283333
8 0.371885 0.288241 0.372224 0.294028 0.371651 0.294213 0.370219 0.294120 0.369724 0.293056 0.369568 0.286296 0.370401 0.286759
8 0.367542 0.287977 0.367620 0.289921 0.368661 0.289829 0.369104 0.289597 0.369313 0.289134 0.369078 0.287606 0.367880 0.287468
8 0.366760 0.280755 0.367177 0.285245 0.368115 0.282792 0.368583 0.281958 0.368453 0.280523
8 0.368062 0.284273 0.367333 0.289088 0.365953 0.295060 0.365953 0.296264 0.367958 0.303069 0.367724 0.304088 0.367021 0.303440 0.365510 0.298208 0.364990 0.296449 0.365339 0.294023 0.365687 0.292167 0.365932 0.290556 0.366656 0.287005 0.367177 0.285245 0.367646 0.284319
8 0.366341 0.301444 0.366133 0.304500 0.366966 0.308713 0.367799 0.311815 0.368945 0.319593 0.370164 0.317602 0.369727 0.313204 0.369674 0.310426 0.368737 0.306074 0.368581 0.302926 0.367669 0.300981 0.367253 0.300472 0.367958 0.303069 0.367724 0.304088 0.367021 0.303440
8 0.382969 0.285898 0.388880 0.284468 0.388906 0.285579 0.388411 0.286227 0.382448 0.287662
8 0.383820 0.287231 0.383995 0.292375 0.383333 0.292810 0.382391 0.292255 0.382112 0.288287 0.382448 0.287662
8 0.387156 0.275231 0.386766 0.284815 0.385750 0.285324 0.386193 0.277500 0.386000 0.274773
8 0.384005 0.282037 0.385568 0.285139 0.384344 0.285463 0.383510 0.284120
8 0.383563 0.273287 0.384253 0.275185 0.383667 0.277593 0.382365 0.273981 0.382154 0.272597
8 0.385125 0.287130 0.386375 0.289861 0.386922 0.289120 0.386219 0.286898
8 0.387104 0.286713 0.387625 0.288009 0.387104 0.289120 0.386219 0.286898
8 0.385021 0.278565 0.385464 0.281343 0.385750 0.285324 0.384682 0.283380 0.384266 0.280648
8 0.381982 0.289773 0.382451 0.292921 0.383206 0.294356 0.383677 0.294773 0.385549 0.297042 0.386826 0.298662 0.388076 0.299356 0.390576 0.298755 0.391122 0.298801 0.390576 0.300282 0.388701 0.300560 0.387268 0.300236 0.385052 0.298102 0.383253 0.295528 0.382242 0.294218 0.381513 0.291023
8 0.391555 0.291356 0.387883 0.299014 0.388076 0.299356 0.390576 0.298755 0.391122 0.298801 0.393755 0.293769
8 0.398737 0.306556 0.400203 0.313500 0.400760 0.313685 0.401318 0.312880 0.401352 0.311824 0.399680 0.304389
8 0.397867 0.293542 0.399086 0.300236 0.399086 0.301972 0.398354 0.304014 0.397135 0.297444 0.397169 0.295338 0.397378 0.294782
8 0.404909 0.295185 0.400479 0.302523 0.400089 0.302097 0.400148 0.299417 0.400388 0.297972 0.400961 0.297167 0.403253 0.293685 0.404216 0.294222 0.404607 0.294435
8 0.419143 0.306245 0.423964 0.306407 0.424023 0.311389 0.418388 0.311602 0.417240 0.308472 0.418534 0.307000
8 0.432099 0.303356 0.431164 0.312944 0.431729 0.315796 0.432430 0.317495 0.433034 0.312676 0.433214 0.310157
8 0.433680 0.313194 0.432844 0.315185 0.432430 0.317495 0.433471 0.319676 0.434354 0.316667
8 0.426073 0.306806 0.427560 0.307222 0.428081 0.311991 0.425891 0.311759
8 0.428312 0.313565 0.427193 0.314306 0.425943 0.314861 0.425836 0.318449 0.429068 0.315926
8 0.449229 0.308866 0.446026 0.309606 0.446495 0.310347 0.449464 0.312477 0.450818 0.311690
8 0.398828 0.260185 0.397914 0.276472 0.396138 0.275731 0.396034 0.267611 0.396695 0.261662 0.397539 0.259741
8 0.389453 0.251139 0.390339 0.257435 0.390831 0.262111 0.391177 0.263750 0.390932 0.264306 0.390417 0.264472 0.391042 0.267898 0.392188 0.271000 0.392344 0.274148 0.394047 0.274792 0.393773 0.272074 0.393354 0.269037 0.393747 0.267671 0.392180 0.255884 0.391617 0.254944 0.391534 0.254384 0.391984 0.253579 0.392268 0.253463 0.392023 0.253120 0.391831 0.251981 0.390229 0.252352 0.390177 0.251171
8 0.365721 0.256986 0.368523 0.258968 0.371807 0.262935 0.373555 0.265185 0.374609 0.265560 0.374971 0.264755 0.374638 0.263685 0.370781 0.259023 0.367648 0.255597 0.364966 0.254685
8 0.361503 0.249111 0.361622 0.250398 0.362044 0.251097 0.362971 0.252222 0.364245 0.253236 0.365057 0.254417 0.367648 0.255597 0.369216 0.257255 0.369034 0.255542 0.368102 0.254097 0.364906 0.251310 0.362797 0.249755 0.361984 0.249060
8 0.370039 0.256269 0.369857 0.257796 0.374638 0.263685 0.374971 0.264755 0.376133 0.264833 0.376133 0.264000 0.374076 0.260852 0.371211 0.257426
8 0.359904 0.275134 0.358836 0.276338 0.358419 0.275968 0.357768 0.274718 0.357419 0.272310 0.358159 0.271616 0.359018 0.273699
8 0.336661 0.285963 0.341060 0.287565 0.341362 0.286551 0.341362 0.285106 0.339563 0.284704 0.338057 0.284278 0.335888 0.283690
8 0.378047 0.296329 0.376201 0.303208 0.375607 0.308662 0.374456 0.308292 0.373690 0.306991 0.375049 0.300296 0.375745 0.296639 0.376721 0.294532
8 0.374089 0.291491 0.374531 0.289588 0.374948 0.288569 0.375495 0.288389 0.376094 0.288986 0.376719 0.290884 0.377448 0.293111 0.378255 0.294449 0.378750 0.294731 0.378620 0.296028 0.378047 0.296329 0.376721 0.294532 0.376021 0.292560 0.375393 0.291569 0.374523 0.291449
8 0.374948 0.283065 0.375651 0.284315 0.375990 0.286255 0.376198 0.289407 0.376823 0.290514 0.376927 0.287366 0.376719 0.284958 0.375937 0.282551 0.375312 0.281810
8 0.394052 0.283894 0.394052 0.282606 0.394531 0.282287 0.396492 0.283144 0.396703 0.284750 0.396372 0.287431 0.395164 0.287009 0.394292 0.284778
8 0.401448 0.291954 0.400388 0.297972 0.399914 0.302431 0.399680 0.304389 0.398737 0.306556 0.398659 0.309060 0.397891 0.312903 0.396810 0.312778 0.396497 0.311477 0.398354 0.304014 0.399086 0.301972 0.399086 0.300236 0.400505 0.292019
8 0.384737 0.316940 0.386156 0.328347 0.386526 0.324671 0.386792 0.322949 0.386667 0.320153 0.386544 0.316083 0.386276 0.315227 0.385727 0.315051
8 0.388203 0.310139 0.389078 0.321222 0.388583 0.324903 0.387930 0.324065 0.387117 0.312171
8 0.408307 0.287907 0.412344 0.283889 0.412104 0.281801 0.411440 0.281477 0.408729 0.284477
8 0.410839 0.270926 0.411833 0.273389 0.411682 0.274676 0.409620 0.277079 0.407362 0.279514 0.404932 0.282227 0.404510 0.281157 0.403667 0.279926 0.406432 0.277667 0.407362 0.277093 0.408698 0.274514
8 0.407224 0.267495 0.411201 0.267120 0.415359 0.267231 0.415271 0.267903 0.415117 0.271139 0.410839 0.270926 0.407284 0.271569 0.407193 0.268676
8 0.432211 0.270819 0.441763 0.270606 0.442094 0.270069 0.441917 0.269727 0.441997 0.268722 0.443128 0.267574 0.438146 0.267389 0.435651 0.267130 0.434401 0.267278 0.433195 0.267278 0.430612 0.267375
8 0.429047 0.261338 0.432180 0.267282 0.430612 0.267375 0.429924 0.266444 0.428745 0.263481
8 0.429401 0.238931 0.430859 0.240088 0.431094 0.241477 0.430755 0.245829 0.428958 0.244069 0.429167 0.241384 0.428906 0.240829 0.428385 0.239949 0.428646 0.238838 0.429167 0.238884
8 0.446560 0.242491 0.449068 0.243421 0.449841 0.244264 0.456195 0.253287 0.461271 0.261194 0.461615 0.259537 0.456633 0.252208 0.450742 0.244088 0.448964 0.241796 0.446453 0.241671
8 0.470328 0.256597 0.468307 0.258519 0.466953 0.256713 0.469297 0.253935
8 0.466109 0.260005 0.463635 0.262421 0.463229 0.260745 0.464406 0.258144 0.464924 0.257773
8 0.467227 0.261370 0.466354 0.267505 0.465911 0.268056 0.465349 0.266338 0.464958 0.265644 0.465727 0.260315 0.466109 0.260005
8 0.479187 0.242579 0.475820 0.244194 0.477164 0.246958 0.493089 0.242644 0.493823 0.241338 0.493823 0.237347 0.493307 0.236958
8 0.443323 0.253639 0.452839 0.264505 0.452839 0.266250 0.452604 0.267245 0.450883 0.267245 0.444719 0.259778 0.443148 0.257282 0.442664 0.254718
8 0.548581 0.559954 0.552602 0.563731 0.554802 0.566088 0.557091 0.568699 0.557253 0.570134 0.556891 0.570421 0.553945 0.570352 0.551849 0.568986 0.551365 0.567042 0.551023 0.564620 0.550852 0.563333 0.548937 0.561722
8 0.474115 0.241481 0.477669 0.242810 0.478406 0.240884 0.478654 0.238782 0.478260 0.237032 0.476396 0.236435 0.470240 0.235435
8 0.596688 0.635245 0.604263 0.661880 0.607112 0.664815 0.602214 0.646792 0.596620 0.625264 0.587198 0.591106 0.575469 0.547083 0.569284 0.526375 0.566198 0.517750 0.552464 0.491755 0.536172 0.457769 0.534919 0.457894 0.533997 0.459532 0.542370 0.477810 0.564870 0.521597 0.567427 0.528343 0.573534 0.550296 0.586703 0.598884 0.592432 0.619630
8 0.574974 0.515523 0.583698 0.542824 0.587232 0.543968 0.578320 0.517361 0.577042 0.516750 0.576302 0.516398
8 0.475797 0.288606 0.470604 0.292398 0.467669 0.295944 0.467159 0.297079 0.466990 0.303435 0.466818 0.307366 0.466133 0.309690 0.466091 0.311278 0.465542 0.315236 0.465495 0.316435 0.467266 0.320440 0.467461 0.322532 0.466622 0.322625 0.464401 0.316528 0.464370 0.315366 0.464898 0.312824 0.465154 0.311278 0.465281 0.309236 0.465784 0.304417 0.466190 0.300477 0.465891 0.297148 0.466180 0.294972 0.466818 0.294111 0.468760 0.292866 0.469464 0.292097 0.474354 0.287884
2 0.543523 0.473620 0.561448 0.478014 0.563505 0.478819 0.573766 0.482213 0.585635 0.485375 0.593602 0.487722 0.593602 0.487014 0.598870 0.488426 0.599003 0.490528 0.605318 0.490875 0.606159 0.490949 0.607406 0.491278 0.605854 0.518236 0.605313 0.521912 0.604526 0.530491 0.603016 0.554759 0.599813 0.554759 0.575000 0.545185 0.573151 0.539306 0.572995 0.539144 0.575677 0.540130 0.583516 0.542685 0.600161 0.549162 0.600581 0.538046 0.601365 0.526537 0.602617 0.514185 0.603492 0.497366 0.589518 0.491500 0.577727 0.489069 0.576625 0.488625 0.573940 0.487940 0.572755 0.488315 0.546716 0.480116
8 0.595583 0.553102 0.590646 0.555815 0.588281 0.557037 0.578724 0.559120 0.577656 0.555370 0.586667 0.552130 0.589786 0.551356
8 0.583411 0.576435 0.592680 0.584630 0.598336 0.589736 0.601656 0.593250 0.601529 0.594838 0.600932 0.595444 0.600167 0.595523 0.590169 0.585991 0.584505 0.580324
8 0.580073 0.492745 0.576849 0.511944 0.575846 0.510611 0.578990 0.492569 0.579286 0.491606
8 0.579641 0.559917 0.589495 0.581079 0.584253 0.577333 0.581146 0.567083 0.579115 0.560556
8 0.486586 0.464296 0.490586 0.473750 0.496372 0.484944 0.493479 0.486231 0.488120 0.474583 0.484799 0.466639 0.484799 0.463995
8 0.497292 0.488009 0.500688 0.494000 0.500391 0.495556 0.500547 0.496574 0.501029 0.497102 0.501836 0.496347 0.506474 0.504366 0.509070 0.509810 0.506219 0.510491 0.498560 0.495440 0.495156 0.489009
8 0.435206 0.170574 0.431307 0.175671 0.427445 0.180380 0.424245 0.183319 0.420237 0.185676 0.419305 0.185407 0.423568 0.182083 0.428513 0.177829 0.433073 0.172667 0.435026 0.169861
8 0.415781 0.169444 0.416953 0.174167 0.418307 0.177583 0.419844 0.179676 0.423333 0.182454 0.422630 0.183102 0.420339 0.181574 0.418565 0.179606 0.417130 0.177319 0.415622 0.173005 0.415130 0.169815
8 0.382190 0.177713 0.398253 0.171333 0.431461 0.159894 0.431859 0.163741 0.409815 0.171537 0.383682 0.180519 0.381044 0.180042
8 0.461305 0.258778 0.461969 0.258532 0.463229 0.260745 0.463745 0.263301 0.465349 0.266338 0.465911 0.268056 0.463958 0.267361 0.461380 0.261481 0.461615 0.259537
8 0.436133 0.173560 0.435654 0.175366 0.435432 0.177120 0.434711 0.179255 0.434424 0.182032 0.432732 0.189269 0.430253 0.197968 0.428594 0.203954 0.427956 0.205194 0.427289 0.205023 0.427161 0.204120 0.430276 0.192370 0.431857 0.185801 0.432763 0.181708 0.432891 0.180847 0.433240 0.178755 0.433977 0.174218 0.434422 0.173250 0.435018 0.172880 0.435461 0.172880
8 0.435318 0.205245 0.444393 0.193343 0.444435 0.191690 0.443870 0.190042 0.443076 0.189324 0.440008 0.194532 0.439729 0.195833 0.432932 0.206681 0.433826 0.207116 0.434737 0.206148
8 0.446445 0.187333 0.443870 0.190042 0.444435 0.191690 0.444393 0.193343 0.444857 0.192782 0.446320 0.190616
8 0.456357 0.210731 0.457263 0.208162 0.457109 0.207093 0.456753 0.206981 0.456060 0.208810
8 0.459448 0.224593 0.468930 0.216532 0.470638 0.215106 0.471685 0.215481 0.471719 0.216287 0.471138 0.218269 0.465724 0.222912 0.464922 0.222486 0.464294 0.223227 0.463596 0.224528
8 0.464648 0.214347 0.468003 0.214208 0.468755 0.213940 0.471318 0.213676 0.471919 0.213676 0.473753 0.213208 0.474169 0.212977 0.478685 0.212870 0.479383 0.213616 0.479451 0.214917 0.478719 0.216653 0.478000 0.218185 0.476180 0.217769 0.474872 0.218185 0.474315 0.217898 0.473445 0.215417 0.472818 0.215481 0.473612 0.217519 0.471138 0.218269 0.471719 0.216287 0.471685 0.215481 0.470638 0.215106 0.468930 0.216532 0.467948 0.217583 0.462648 0.218139
8 0.446823 0.235644 0.449927 0.240477 0.454076 0.246796 0.461711 0.258449 0.461969 0.258532 0.461385 0.256620 0.459388 0.253833 0.452404 0.243259 0.447857 0.235903
8 0.473409 0.256542 0.474742 0.257019 0.477872 0.258958 0.477732 0.260319 0.477174 0.261125 0.473583 0.259269 0.473359 0.258606
8 0.470656 0.250218 0.476023 0.250713 0.476094 0.251644 0.475919 0.253069 0.473271 0.253940 0.470883 0.253620 0.470839 0.252634
8 0.462109 0.253745 0.460602 0.255463 0.461385 0.256620 0.463073 0.254551 0.462833 0.253907
8 0.459669 0.258727 0.456474 0.261514 0.455240 0.259426 0.458344 0.256694
8 0.453750 0.260278 0.451625 0.262639 0.452839 0.264505 0.454688 0.262639
8 0.447266 0.253704 0.452180 0.260880 0.453068 0.260278 0.453146 0.259074 0.450305 0.253519
8 0.462656 0.283889 0.458305 0.286736 0.456612 0.286241 0.455479 0.285495 0.458094 0.283514 0.462383 0.282028 0.464266 0.282028 0.466148 0.282708 0.466635 0.284755 0.464057 0.283764
8 0.450948 0.278245 0.457328 0.278431 0.460641 0.279486 0.462591 0.280292 0.463255 0.280787 0.463672 0.282028 0.462383 0.282028 0.460536 0.282273 0.457398 0.281593 0.454643 0.281032 0.451854 0.280352
8 0.480805 0.285731 0.478427 0.285963 0.477458 0.284310 0.477458 0.283167 0.480888 0.282449
8 0.480956 0.278375 0.478898 0.274144 0.478172 0.273787 0.477445 0.274144 0.477286 0.275292 0.480836 0.281958 0.480711 0.279921
8 0.465656 0.226532 0.466693 0.227306 0.467768 0.230204 0.470240 0.235435 0.474115 0.241481 0.475820 0.244194 0.480466 0.253699 0.480464 0.254532 0.479755 0.255431 0.479367 0.254597 0.474977 0.245801 0.473081 0.242014 0.465552 0.229347 0.465031 0.228569 0.455500 0.227676 0.453776 0.227792 0.448362 0.227458 0.445161 0.227153 0.440523 0.227833 0.439802 0.226014 0.445841 0.224657 0.447799 0.224167 0.453674 0.224875 0.463117 0.226093
8 0.494411 0.279713 0.495339 0.279074 0.495440 0.277750 0.495477 0.275921 0.494779 0.275005 0.488523 0.273273 0.483906 0.272824 0.483724 0.276806
1 0.466391 0.271375 0.467177 0.275579 0.467326 0.277338 0.465602 0.276102 0.465159 0.276634 0.464964 0.278468 0.466148 0.282708 0.467354 0.287000 0.467872 0.291181 0.469464 0.292097 0.474354 0.287884 0.475797 0.288606 0.470604 0.292398 0.467669 0.295944 0.467714 0.302639 0.467794 0.309690 0.467919 0.311278 0.467872 0.312329 0.467956 0.314148 0.469831 0.316264 0.481508 0.322347 0.483094 0.322227 0.481115 0.311917 0.480651 0.307583 0.480919 0.306176 0.482367 0.302440 0.486172 0.303380 0.489068 0.309366 0.491005 0.300116 0.492294 0.299542 0.492740 0.299972 0.494232 0.300977 0.494836 0.301551 0.494836 0.302625 0.494555 0.303199 0.493990 0.303773 0.492174 0.310801 0.491648 0.312380 0.490924 0.312954 0.493349 0.318204 0.496076 0.316134 0.498448 0.316023 0.500424 0.311917 0.500492 0.307583 0.499076 0.298046 0.501669 0.297912 0.501974 0.297097 0.502810 0.294116 0.506089 0.293431 0.507310 0.291815 0.507542 0.288556 0.506547 0.282458 0.505026 0.279343 0.503573 0.278116 0.484359 0.290588 0.482862 0.291579 0.482672 0.299755 0.480805 0.299171 0.480805 0.285731 0.478427 0.285963 0.477458 0.284310 0.477458 0.283167 0.480888 0.282449 0.477286 0.275292 0.477445 0.274144 0.478172 0.273787 0.478898 0.274144 0.480956 0.278375 0.481643 0.274611 0.481698 0.272565 0.467714 0.270995
8 0.466862 0.286264 0.460021 0.287750 0.462776 0.288889 0.467552 0.288366 0.467354 0.287000
8 0.434729 0.296546 0.435398 0.301176 0.433523 0.299481 0.433365 0.296093
8 0.431521 0.296037 0.431646 0.298579 0.433078 0.299199 0.432792 0.296093
8 0.430406 0.291796 0.437305 0.292421 0.441372 0.292644 0.442898 0.296204 0.438385 0.296264 0.434729 0.296546 0.433365 0.296093 0.432792 0.296093 0.431521 0.296037 0.430911 0.295329
8 0.441404 0.285019 0.448112 0.285185 0.449190 0.288690 0.444711 0.288296 0.442836 0.288579
8 0.449635 0.274620 0.454214 0.274167 0.454977 0.274509 0.455039 0.276653 0.454372 0.278292 0.450948 0.278245
8 0.459393 0.271005 0.460664 0.273435 0.463018 0.272815 0.461779 0.270778
8 0.457615 0.281616 0.452977 0.283435 0.453641 0.284991 0.455479 0.285495 0.458094 0.283514 0.459107 0.283255 0.458917 0.282014
8 0.458378 0.298060 0.463461 0.298625 0.463461 0.299981 0.460359 0.303653 0.459852 0.302167
8 0.446328 0.302417 0.442799 0.303319 0.442292 0.304620 0.442609 0.305185 0.442768 0.305352 0.445677 0.304954 0.446773 0.304505 0.447253 0.304222
8 0.465542 0.316519 0.469479 0.315736 0.467956 0.314148 0.467872 0.312329 0.465984 0.312139
8 0.481044 0.309759 0.482747 0.310148 0.483982 0.313079 0.481151 0.312542 0.481115 0.311917
8 0.482169 0.317620 0.486099 0.317523 0.484284 0.313519 0.481424 0.313667
8 0.570021 0.512185 0.570130 0.523319 0.570021 0.524185 0.569266 0.524472 0.568833 0.523227 0.567995 0.512546 0.569047 0.511287
8 0.501349 0.298106 0.507797 0.303532 0.507404 0.305282 0.502185 0.301162 0.499076 0.298046
1 0.516018 0.305458 0.512180 0.305537 0.510729 0.307352 0.509719 0.318671 0.507503 0.317264 0.507354 0.312014 0.507404 0.305282 0.505729 0.307199 0.504745 0.307907 0.509641 0.331921 0.517120 0.325426 0.518893 0.311815 0.517695 0.309546
8 0.520510 0.308875 0.525831 0.301384 0.525148 0.300097 0.524596 0.299796 0.519872 0.306907
8 0.483187 0.285833 0.484039 0.287949 0.485060 0.287421 0.484924 0.286579 0.483930 0.284287 0.483435 0.282361
8 0.506674 0.275546 0.500888 0.279403 0.495995 0.282958 0.484359 0.290588 0.482862 0.291579 0.482805 0.288708 0.484039 0.287949 0.485060 0.287421 0.499143 0.277287 0.500076 0.276639 0.505995 0.272389 0.506333 0.272444 0.507099 0.275241
8 0.461271 0.261194 0.458299 0.265005 0.459711 0.267236 0.462638 0.264218
8 0.437372 0.270866 0.436815 0.275699 0.436216 0.275963 0.436164 0.277718 0.435315 0.276505 0.435385 0.270866
8 0.433016 0.287472 0.440799 0.288083 0.440747 0.287250 0.440253 0.286593 0.438357 0.285875 0.432573 0.285491 0.432841 0.286435
8 0.431865 0.276815 0.432227 0.284472 0.432573 0.285491 0.434333 0.285491 0.433763 0.277565 0.433130 0.276759 0.432557 0.276546
8 0.427964 0.269852 0.429172 0.273759 0.429172 0.274148 0.427221 0.273981 0.426719 0.271958 0.426799 0.269875
8 0.427560 0.275282 0.428263 0.280097 0.428992 0.283384 0.430711 0.284218 0.429956 0.278060 0.429096 0.276023 0.428289 0.275282
1 0.529495 0.335708 0.532734 0.339931 0.532031 0.349046 0.531391 0.365231 0.531328 0.371944 0.530966 0.374181 0.531076 0.375949 0.534531 0.382287 0.541813 0.393403 0.549367 0.406718 0.547865 0.409074 0.536372 0.412838 0.535914 0.412329 0.535672 0.413264 0.534885 0.412231 0.534458 0.406333 0.532586 0.389009 0.532503 0.387421 0.531352 0.377741 0.530885 0.377435 0.530375 0.377662 0.529523 0.379856 0.529310 0.382199 0.530331 0.391884 0.532247 0.407921 0.530893 0.405329 0.528922 0.404366 0.524885 0.406551 0.522818 0.409880 0.521833 0.412940 0.521143 0.416005 0.520927 0.419412 0.520120 0.419333 0.515268 0.427125 0.514000 0.422926 0.510802 0.407875 0.510604 0.406472 0.509964 0.405162 0.507701 0.407176 0.507159 0.409713 0.509620 0.416625 0.511445 0.423782 0.498724 0.433741 0.493698 0.432315 0.493365 0.422699 0.495924 0.419375 0.498385 0.414208 0.499026 0.413250 0.499076 0.411847 0.498927 0.410449 0.498336 0.409398 0.497646 0.408870 0.496859 0.408611 0.495974 0.408611 0.494299 0.409134 0.492724 0.410648 0.491443 0.413625 0.491435 0.414440 0.490190 0.412708 0.487086 0.410894 0.485424 0.411875 0.484786 0.413616 0.485000 0.416037 0.485893 0.418153 0.489638 0.421181 0.490964 0.420417 0.489104 0.424361 0.487974 0.423926 0.487219 0.422616 0.480448 0.423069 0.479357 0.419199 0.481651 0.417144 0.481456 0.413931 0.483966 0.409644 0.485099 0.405792 0.484409 0.398875 0.482784 0.395903 0.480766 0.394852 0.478992 0.391611 0.478500 0.390037 0.481922 0.389042 0.487130 0.387634 0.493219 0.391079 0.494807 0.389986 0.504109 0.366125 0.507057 0.367181 0.516383 0.385032 0.517148 0.384500 0.517406 0.383366 0.515576 0.377694 0.517065 0.379963 0.518596 0.379056 0.516638 0.371338 0.514706 0.361278 0.517453 0.367278 0.520474 0.374083 0.522302 0.373856 0.522133 0.372042 0.519706 0.366704 0.520888 0.363639 0.527141 0.375046 0.527609 0.373306 0.527880 0.376426 0.527536 0.378551 0.528393 0.379361 0.528961 0.376019 0.528448 0.370046 0.527195 0.364880 0.525544 0.361134 0.523036 0.356579 0.524206 0.355588 0.524354 0.354190 0.524107 0.352787
1 0.491979 0.424282 0.489474 0.428329 0.490680 0.448694 0.490286 0.451056 0.489203 0.452458 0.488120 0.453597 0.486940 0.453069 0.486276 0.435606 0.485698 0.441528 0.484677 0.459380 0.485794 0.459477 0.504695 0.461079 0.504599 0.459755 0.505000 0.457037 0.507010 0.457218 0.514591 0.461079 0.505177 0.453667 0.499688 0.448903 0.498156 0.447616 0.497690 0.447477 0.494638 0.447213 0.493359 0.446250 0.493013 0.443190
6 0.524219 0.448611 0.526286 0.451060 0.524721 0.453176 0.523797 0.456162 0.519503 0.452426
6 0.528323 0.452097 0.530797 0.453588 0.530456 0.458088 0.527344 0.459398 0.525948 0.459454
8 0.559654 0.484153 0.561328 0.491157 0.557591 0.495551 0.555982 0.485880 0.555443 0.482616
8 0.562516 0.494042 0.564352 0.502106 0.566049 0.508991 0.564945 0.510171 0.561706 0.510171 0.559005 0.504889 0.558263 0.499579 0.559495 0.498704
8 0.569643 0.498843 0.569698 0.504792 0.569211 0.505560 0.567807 0.506713 0.567701 0.497593 0.567701 0.496347
1 0.552563 0.553926 0.554802 0.566088 0.557091 0.568699 0.557253 0.570134 0.556891 0.570421 0.553945 0.570352 0.551849 0.568986 0.553362 0.573829 0.554044 0.574282 0.559745 0.581468 0.559448 0.582602 0.559320 0.582676 0.555661 0.577611 0.553875 0.576171 0.557474 0.586019 0.564482 0.588713 0.562185 0.570861 0.564073 0.572343 0.561273 0.561569 0.560641 0.560833
1 0.581711 0.595352 0.578964 0.585523 0.577289 0.585338 0.576383 0.583417 0.578370 0.583912 0.577125 0.579625 0.577096 0.578014 0.577180 0.577282 0.577729 0.576894 0.578581 0.577431 0.579487 0.580102 0.582102 0.581343 0.581089 0.578551 0.572568 0.571019 0.572552 0.575000 0.573016 0.575940 0.573346 0.577704 0.572870 0.578949 0.571914 0.578750 0.565221 0.566657 0.563669 0.562648 0.567284 0.577370 0.571685 0.591176 0.576354 0.592787
8 0.591453 0.635481 0.593534 0.636852 0.599747 0.646722 0.599208 0.648157 0.598263 0.648097 0.594883 0.642519 0.591156 0.636769
8 0.589750 0.636468 0.595927 0.648204 0.596974 0.648699 0.597810 0.648204 0.598018 0.647398 0.594883 0.642519 0.591156 0.636769 0.590260 0.636843
8 0.595927 0.648204 0.595333 0.649319 0.594323 0.649319 0.588885 0.637421 0.586932 0.630727 0.589750 0.636468
8 0.598128 0.654606 0.597987 0.651630 0.598440 0.651134 0.598997 0.651384 0.599138 0.652560 0.599625 0.656463
2 0.615745 0.591014 0.614310 0.593787 0.611560 0.599676 0.608872 0.604898 0.607872 0.610005 0.607122 0.611338 0.606500 0.610116 0.606500 0.607449 0.605125 0.610782 0.603437 0.615449 0.603000 0.619671 0.604688 0.623444 0.607685 0.626333 0.609185 0.627556 0.611122 0.629111 0.613167 0.623801 0.613703 0.618227 0.617701 0.602676 0.619914 0.597875 0.620669 0.594134 0.620237 0.591921 0.619107 0.591347 0.617539 0.590778 0.616620 0.590491
8 0.630104 0.628102 0.630826 0.638014 0.628956 0.637907 0.628354 0.628639
8 0.559966 0.396032 0.542466 0.419181 0.541299 0.418269 0.558799 0.393958 0.559547 0.393542 0.560201 0.394292
8 0.525776 0.466069 0.525263 0.468972 0.516021 0.462500 0.517747 0.459514
8 0.420286 0.186574 0.418620 0.221083 0.416604 0.254023 0.418049 0.254667 0.419930 0.225236 0.422258 0.186861
8 0.438828 0.256597 0.437953 0.267375 0.435651 0.267130 0.436703 0.256708 0.437203 0.255486 0.437891 0.255597
6 0.608081 0.536829 0.622799 0.558269 0.627331 0.557569 0.628266 0.551444 0.612216 0.528426 0.609607 0.534639
6 0.605854 0.518236 0.611122 0.526903 0.608711 0.532417 0.607185 0.535306 0.604526 0.530491 0.605313 0.521912
6 0.589518 0.491500 0.602617 0.514185 0.601365 0.526537 0.581542 0.495250 0.577727 0.489069
8 0.417474 0.196046 0.417836 0.205056 0.419557 0.203333 0.419148 0.196662 0.418805 0.195523 0.418263 0.195523
1 0.465573 0.212593 0.466677 0.213190 0.467310 0.212657 0.467763 0.212440 0.468003 0.214208 0.468755 0.213940 0.468333 0.212333 0.468727 0.212014 0.470263 0.212495 0.471318 0.213676 0.471919 0.213676 0.471227 0.212708 0.470503 0.212250 0.468818 0.211208 0.467974 0.210833 0.467430 0.211639 0.466857 0.212065 0.466466 0.212120 0.466016 0.211907
1 0.477560 0.188958 0.477349 0.190324 0.476651 0.191935 0.475117 0.192681 0.474490 0.193796 0.473794 0.195778 0.473758 0.197019 0.474107 0.198815 0.474385 0.200056 0.474281 0.202597 0.473445 0.204329 0.471026 0.205745 0.470224 0.207912 0.470258 0.210269 0.470503 0.212250 0.469526 0.211630 0.469388 0.209958 0.469805 0.207417 0.470224 0.206056 0.471164 0.204255 0.472802 0.203389 0.473570 0.202333 0.473779 0.200227 0.473221 0.197875 0.473221 0.195579 0.473604 0.193597 0.474268 0.192111 0.474964 0.191181 0.476289 0.190870 0.476813 0.190125 0.477135 0.189028
1 0.480680 0.197514 0.479221 0.198069 0.478232 0.199458 0.477841 0.200292 0.478049 0.202051 0.478284 0.203208 0.478414 0.205014 0.478154 0.206032 0.477815 0.206819 0.476982 0.207838 0.475706 0.208486 0.474430 0.209088 0.474065 0.210894 0.474169 0.212977 0.473753 0.213208 0.473622 0.211171 0.473648 0.209690 0.474352 0.207838 0.475211 0.207051 0.475836 0.206912 0.476878 0.206218 0.477607 0.205060 0.477294 0.201866 0.477398 0.200060 0.478128 0.198116 0.478805 0.197097 0.479951 0.196542 0.480680 0.196403
4 0.364594 0.191977 0.354799 0.207662 0.348094 0.217856 0.343505 0.223815 0.329919 0.219269 0.329406 0.223519 0.340940 0.227157 0.336854 0.231144 0.331516 0.225745 0.330721 0.225745 0.330659 0.229148 0.336130 0.235125 0.324396 0.249759 0.311930 0.214843 0.316589 0.209259 0.312609 0.200977 0.312724 0.200167 0.321680 0.187069 0.318279 0.179810 0.318617 0.178403 0.319979 0.176991 0.323607 0.185051 0.326781 0.180819 0.326214 0.178602 0.325081 0.177190 0.324060 0.175176 0.324060 0.172556 0.324513 0.170338 0.326102 0.168324 0.327914 0.167519 0.328935 0.168120 0.330297 0.169532 0.331430 0.169532 0.335284 0.177796 0.336419 0.177796 0.337099 0.178602 0.337326 0.180417 0.336078 0.184245 0.335737 0.186463 0.347755 0.169935 0.349479 0.170880 0.358682 0.180542
8 0.603107 0.675880 0.610219 0.691940 0.609883 0.693426 0.609380 0.694616 0.608378 0.694764 0.607792 0.694764 0.598471 0.671287
8 0.548484 0.677037 0.551172 0.685032 0.549422 0.687699 0.546609 0.680259
8 0.393648 0.190708 0.395221 0.197273 0.393549 0.196574 0.393083 0.195625 0.391445 0.190602
8 0.391810 0.184324 0.390487 0.185625 0.390417 0.186245 0.391078 0.187731 0.394214 0.187704
8 0.555138 0.844481 0.556583 0.846602 0.558245 0.850685 0.558628 0.854167 0.558328 0.862787 0.557813 0.863972 0.556755 0.862032 0.557094 0.855301 0.556628 0.850231 0.555734 0.848264 0.555010 0.848116 0.554201 0.846903 0.553643 0.846134 0.553581 0.844833 0.553870 0.844431
8 0.554966 0.855375 0.555521 0.860292 0.556245 0.861125 0.555563 0.855375
8 0.554201 0.846903 0.554542 0.852579 0.555180 0.852426 0.555010 0.848116
8 0.577654 0.843736 0.579484 0.844792 0.580930 0.846458 0.581484 0.848574 0.581695 0.851903 0.579867 0.853037 0.579229 0.847894 0.578292 0.846458
8 0.567568 0.831153 0.569193 0.842181 0.569922 0.841565 0.570669 0.841477 0.571398 0.843843 0.570708 0.844981 0.570867 0.845417 0.572492 0.844019 0.572688 0.841653 0.571260 0.834829 0.569685 0.834477 0.568849 0.830102
8 0.572786 0.833866 0.573362 0.836125 0.574094 0.839176 0.577021 0.853208 0.575742 0.854431 0.574362 0.854171 0.572492 0.844019 0.572688 0.841653 0.571260 0.834829
1 0.547695 0.853477 0.547695 0.856278 0.549023 0.862056 0.549073 0.864856 0.548779 0.866519 0.547990 0.865907 0.547891 0.861269 0.546956 0.857852 0.546612 0.855315 0.547299 0.852255
8 0.486263 0.493213 0.488880 0.501296 0.483771 0.494009 0.485586 0.493398
8 0.491255 0.509264 0.493594 0.516620 0.490495 0.512310
8 0.510750 0.543894 0.507005 0.546315 0.505260 0.547903 0.503219 0.548435 0.502708 0.549264 0.500802 0.566019 0.500773 0.573819 0.500990 0.581713 0.501424 0.588995 0.501740 0.596546 0.502000 0.603333 0.502279 0.608856 0.500633 0.604523 0.500620 0.602407 0.499893 0.592009 0.498708 0.573236 0.498484 0.569894 0.498995 0.565134 0.500367 0.549046 0.500964 0.547153 0.501901 0.546019 0.508505 0.542532
8 0.421747 0.261477 0.420427 0.264273 0.418299 0.269269 0.417365 0.270704 0.416427 0.270931 0.416979 0.266944 0.418982 0.261398 0.419789 0.259583 0.421711 0.260773
8 0.407005 0.213148 0.402919 0.213500 0.398885 0.214144 0.395901 0.216009 0.393602 0.217875 0.391302 0.219093 0.388802 0.219380 0.389346 0.218444 0.390417 0.216153 0.395013 0.214218 0.398443 0.211921 0.401065 0.210273 0.407130 0.210037
8 0.422721 0.230995 0.423286 0.236444 0.423083 0.239528 0.420810 0.256426 0.422529 0.257602 0.423250 0.256639 0.423854 0.253907 0.424273 0.247269 0.424997 0.241370 0.425331 0.237144 0.424940 0.235269 0.424411 0.232417 0.423508 0.230968
8 0.548505 0.341815 0.546852 0.350708 0.547617 0.355153 0.548867 0.349704 0.549674 0.343611 0.549674 0.342389 0.549352 0.341815 0.548747 0.341602
8 0.538857 0.339694 0.541734 0.349935 0.543271 0.356694 0.543417 0.358218 0.544102 0.359102 0.544885 0.362713 0.543888 0.363352 0.542188 0.359583 0.535094 0.346106 0.537383 0.341764
8 0.545474 0.364005 0.546536 0.367593 0.546979 0.370972 0.544115 0.364250
8 0.542490 0.372074 0.545906 0.385833 0.550091 0.385773 0.550201 0.384519 0.543979 0.370398
8 0.550437 0.387009 0.552844 0.397301 0.552216 0.399528 0.550612 0.401019 0.549531 0.400769 0.548625 0.399097 0.546221 0.387134
8 0.548352 0.362347 0.550570 0.379417 0.546979 0.370972 0.546010 0.363602
8 0.544599 0.334380 0.548352 0.360843 0.545729 0.362565 0.544318 0.353167 0.545164 0.351088 0.545286 0.348722 0.544841 0.346139 0.544156 0.345208 0.543430 0.344565 0.542703 0.342843 0.542664 0.340977 0.543349 0.338829 0.543107 0.336889 0.542784 0.335028
8 0.478594 0.474352 0.480786 0.478130 0.482320 0.479616 0.483854 0.479866 0.485982 0.481847 0.491872 0.487181 0.487586 0.489102 0.483505 0.485069 0.481971 0.483028 0.479984 0.481167 0.477753 0.477509
8 0.496581 0.492384 0.495047 0.496042 0.491380 0.491574 0.494870 0.490231
8 0.420286 0.426898 0.428107 0.437810 0.430339 0.436528 0.421654 0.424764
8 0.480781 0.561204 0.482622 0.564208 0.486349 0.571218 0.489914 0.578417 0.492018 0.582690 0.492234 0.586241 0.495206 0.594111 0.496500 0.597759 0.497096 0.596222 0.497474 0.594398 0.503279 0.612514 0.511276 0.634750 0.509526 0.631551 0.502716 0.618227 0.500307 0.613102 0.497063 0.604671 0.496529 0.601676 0.494904 0.597009 0.494607 0.598634 0.488083 0.581806 0.484247 0.573204 0.480846 0.566963 0.478438 0.562852
8 0.480846 0.566963 0.488516 0.598449 0.488568 0.600755 0.487219 0.601523 0.486083 0.598931 0.482576 0.582708 0.482430 0.579671 0.479385 0.569606 0.479318 0.568574 0.478263 0.563000 0.478438 0.562852
8 0.494607 0.598634 0.495307 0.604778 0.496227 0.610634 0.497737 0.615625 0.500492 0.620616 0.506253 0.631208 0.510875 0.638542 0.516714 0.651931 0.519560 0.660708 0.520255 0.665111 0.520737 0.666861 0.522135 0.667273 0.522917 0.666481 0.520687 0.658315 0.518802 0.652190 0.512786 0.637870 0.509526 0.631551 0.502716 0.618227 0.498279 0.610894 0.497656 0.607667 0.496529 0.601676 0.494904 0.597009
8 0.581312 0.410639 0.574128 0.425856 0.572005 0.428935 0.573979 0.421051 0.577846 0.412139 0.580307 0.408051
8 0.409062 0.438009 0.399380 0.435222 0.398682 0.432560 0.406630 0.434231
8 0.489008 0.630083 0.483784 0.627819 0.473271 0.622060 0.462635 0.614528 0.460813 0.612602 0.461310 0.609981 0.461997 0.608838 0.464620 0.611333 0.470120 0.615671 0.474599 0.618995 0.475773 0.620528 0.477703 0.619694 0.488880 0.626065
8 0.461359 0.618815 0.466065 0.620898 0.467326 0.621648 0.470852 0.625222 0.481445 0.631491 0.481302 0.630463 0.479784 0.628125 0.480516 0.627972 0.479958 0.625681 0.463081 0.615394 0.462039 0.615273 0.461724 0.615764
8 0.428266 0.442796 0.427333 0.442958 0.427052 0.444454 0.428172 0.445616 0.428500 0.447111 0.428172 0.448106 0.419026 0.453167 0.409784 0.456898 0.400823 0.461880 0.399003 0.463454 0.400263 0.466773 0.410297 0.460301 0.421453 0.455736 0.428685 0.452583 0.429992 0.450264 0.430367 0.447856 0.430227 0.445116 0.429714 0.444037 0.429245 0.443375
8 0.430443 0.446505 0.431797 0.445273 0.432672 0.445486 0.434359 0.446986 0.435859 0.448917 0.435669 0.450181 0.431997 0.447727 0.430643 0.448884 0.431294 0.449579 0.430703 0.450403 0.429992 0.450264 0.430367 0.447856
8 0.363255 0.241264 0.361198 0.242194 0.360500 0.240769 0.359560 0.239963 0.358828 0.239032 0.360641 0.238042 0.362419 0.238662
8 0.436159 0.218310 0.435714 0.218454 0.436318 0.220676 0.438065 0.225097 0.438940 0.226917 0.440055 0.230120 0.441135 0.232287 0.441966 0.235880 0.444016 0.239431 0.444620 0.241148 0.448177 0.248667 0.450656 0.253532 0.454669 0.262176 0.457799 0.267236 0.459711 0.267236 0.451906 0.253412 0.447578 0.244120 0.443096 0.234458 0.440297 0.227491 0.438781 0.223588
8 0.396594 0.432495 0.392898 0.429829 0.390039 0.428352 0.389062 0.428097 0.388661 0.427991 0.391714 0.432250 0.394503 0.434292 0.396560 0.434602 0.397396 0.435162
8 0.433685 0.402528 0.437195 0.417014 0.437615 0.416394 0.439049 0.415579 0.435984 0.402815 0.434896 0.402241
8 0.451354 0.399120 0.447630 0.412014 0.445258 0.412940 0.449094 0.400421
8 0.456781 0.395551 0.438534 0.407417 0.437740 0.403931 0.454448 0.393810
8 0.480914 0.414866 0.481651 0.417144 0.462451 0.433773 0.461122 0.431060 0.470477 0.422917 0.471068 0.423296 0.471805 0.422769 0.477565 0.417167 0.480422 0.414866
8 0.502000 0.603333 0.507784 0.619398 0.524219 0.655509 0.538508 0.685880 0.540633 0.683477 0.530375 0.663171 0.518607 0.635963 0.509253 0.615875 0.501740 0.596546
8 0.485826 0.556639 0.491565 0.571824 0.499893 0.592009 0.500620 0.602407 0.494810 0.586417 0.488891 0.571782 0.484057 0.559204 0.485182 0.558523
8 0.409396 0.171894 0.405385 0.179542 0.403659 0.182681 0.402846 0.183074 0.401302 0.181898 0.406599 0.172611
8 0.404677 0.180847 0.411357 0.182588 0.412164 0.183736 0.412122 0.185236 0.406336 0.184329 0.402846 0.183074 0.403659 0.182681
8 0.432891 0.180847 0.425422 0.186782 0.425039 0.185819 0.425039 0.185083 0.433240 0.178755
8 0.424086 0.183505 0.425326 0.184745 0.426182 0.184069 0.425039 0.182542
8 0.424089 0.193796 0.423969 0.196653 0.422221 0.198514 0.422060 0.195157 0.422583 0.193361 0.424013 0.192616
8 0.435529 0.176894 0.440359 0.173218 0.441089 0.173444 0.434711 0.179255
8 0.473083 0.567120 0.473643 0.566120 0.474065 0.565625 0.479385 0.569606 0.480318 0.573343
8 0.457357 0.550194 0.456703 0.553347 0.468417 0.563301 0.468930 0.560315
8 0.466214 0.591954 0.465448 0.600444 0.467344 0.602917 0.467922 0.595546
8 0.462930 0.584653 0.465823 0.590912 0.470435 0.601046 0.472807 0.605384 0.475560 0.608852 0.483568 0.620426 0.488750 0.625657 0.488094 0.620426 0.481935 0.612542 0.475104 0.602551 0.471745 0.596769 0.468685 0.590019 0.466911 0.586505 0.463490 0.579444
8 0.469167 0.583981 0.468685 0.590019 0.466911 0.586505 0.467318 0.583056
8 0.464370 0.578833 0.466062 0.578259 0.470419 0.580338 0.476068 0.583565 0.480867 0.588014 0.480948 0.593102 0.475422 0.587153 0.467031 0.582921 0.464167 0.580417
8 0.464156 0.598583 0.472224 0.609912 0.478112 0.619667 0.475773 0.620528 0.468352 0.608981 0.464802 0.603171
8 0.481302 0.630463 0.486250 0.650144 0.487151 0.650718 0.488464 0.653009 0.489010 0.652870 0.484464 0.635167
8 0.479784 0.628125 0.490805 0.644009 0.489995 0.636824 0.483784 0.627819
8 0.507005 0.677856 0.509216 0.686787 0.508393 0.687519 0.505755 0.681023 0.505234 0.679023
8 0.503344 0.670769 0.505378 0.674949 0.503406 0.676134 0.503185 0.671616
8 0.503359 0.680139 0.510451 0.695273 0.510747 0.700528 0.511781 0.701662 0.513602 0.701926 0.512716 0.707056 0.504888 0.689204 0.503016 0.684588 0.502552 0.680880
8 0.483495 0.497639 0.489430 0.511199 0.490531 0.507472
8 0.532104 0.695681 0.530104 0.698944 0.519924 0.669153 0.520255 0.665111 0.520737 0.666861 0.522398 0.667194 0.532237 0.695171
8 0.474677 0.564824 0.479318 0.568574 0.478263 0.563000
8 0.479792 0.572917 0.480867 0.588014 0.480948 0.593102 0.481935 0.612542 0.484940 0.612074 0.483159 0.593352 0.482430 0.579671 0.480339 0.573380
8 0.387995 0.216944 0.381607 0.218958 0.380839 0.219764 0.381956 0.221435 0.382654 0.221810 0.383211 0.221315 0.385336 0.220384
8 0.393633 0.209269 0.389346 0.218444 0.386940 0.222347 0.384292 0.225755 0.381049 0.228856 0.380177 0.225694 0.383523 0.222907 0.387883 0.217144 0.391263 0.209394 0.392763 0.206296 0.393180 0.206046 0.393669 0.208093
5 0.369792 0.181898 0.364875 0.187764 0.363599 0.184130 0.372057 0.173843
8 0.399513 0.391778 0.404565 0.412009 0.403055 0.412935 0.397846 0.391407
8 0.388203 0.389954 0.391714 0.401481 0.391898 0.403972 0.390234 0.407269 0.389549 0.408843 0.385633 0.414972 0.383573 0.419796 0.384797 0.422574 0.389380 0.414426 0.391365 0.410926 0.392049 0.409704 0.392958 0.408602 0.393924 0.405708 0.393953 0.402759 0.393081 0.399921 0.391695 0.396065 0.390234 0.390222
5 0.395286 0.145741 0.423052 0.132634 0.438474 0.125722 0.437286 0.120333 0.406510 0.135917 0.396690 0.139898 0.395206 0.143907
5 0.395206 0.143907 0.395286 0.157556 0.391331 0.158023 0.391396 0.153690
11 0.458708 0.563454 0.458151 0.571806 0.465333 0.565898 0.465083 0.564120 0.460833 0.563343
11 0.457833 0.577894 0.453273 0.611773 0.459219 0.625694 0.462333 0.588444 0.462930 0.584653 0.463490 0.579444 0.464583 0.571676 0.458578 0.576819
8 0.427839 0.394130 0.426443 0.402685 0.424664 0.406403 0.422503 0.412167 0.420029 0.420412 0.421667 0.421296 0.424664 0.412727 0.425536 0.410806 0.427315 0.405968 0.428359 0.398037 0.428919 0.396671 0.431044 0.394505 0.431568 0.393884 0.430208 0.393389 0.429372 0.393389 0.428745 0.393944
8 0.537344 0.316667 0.536896 0.324190 0.536453 0.328843 0.536393 0.330597 0.535628 0.339852 0.535094 0.346106 0.534862 0.349819 0.534469 0.362949 0.534216 0.375130 0.531328 0.371944 0.531391 0.365231 0.532031 0.349046 0.532943 0.337602 0.533102 0.333394 0.533615 0.329644 0.534315 0.318139 0.534357 0.316134 0.536047 0.315273
8 0.511091 0.715088 0.502581 0.714333 0.502453 0.710324 0.510409 0.711384 0.511943 0.712667 0.511688 0.714333
8 0.519924 0.669153 0.485698 0.692329 0.483924 0.689356 0.520255 0.665111
8 0.516451 0.686505 0.520078 0.694500 0.523039 0.700884 0.523737 0.701255 0.525482 0.700639 0.524854 0.698903 0.516766 0.682537
8 0.591479 0.466644 0.599773 0.473310 0.599490 0.474440 0.590844 0.468111
8 0.585880 0.461894 0.589870 0.465380 0.589232 0.466588 0.585701 0.463866
8 0.578594 0.458241 0.583794 0.461968 0.584135 0.460907 0.579523 0.457694
8 0.585112 0.467259 0.587922 0.469079 0.586724 0.471648 0.584432 0.470894
8 0.569297 0.459167 0.582995 0.465231 0.582352 0.468917 0.571247 0.462565
8 0.588594 0.472685 0.595076 0.476463 0.595531 0.474134 0.589870 0.470278
8 0.563021 0.437176 0.562031 0.438704 0.563932 0.440787 0.565208 0.438333
8 0.556703 0.433245 0.559016 0.433333 0.560893 0.433537 0.564039 0.434736 0.565703 0.435694 0.566648 0.436833 0.566326 0.438296 0.564875 0.438060 0.561086 0.436310 0.559115 0.436065
8 0.551552 0.411565 0.555482 0.430806 0.557703 0.431106 0.559016 0.433333 0.560893 0.433537 0.558672 0.423005
8 0.580807 0.477824 0.583617 0.463116 0.585635 0.455801 0.586924 0.453176 0.588255 0.451815 0.589479 0.452815 0.598352 0.458556 0.597971 0.460250 0.597732 0.462083 0.594469 0.460389 0.593177 0.459097 0.590378 0.457000 0.588841 0.455824 0.587760 0.456755 0.585880 0.461894 0.582638 0.480306
8 0.512464 0.469796 0.512766 0.472421 0.514633 0.470222 0.513852 0.468083 0.513518 0.467597
8 0.515326 0.475315 0.515495 0.478194 0.513060 0.477875
8 0.376482 0.176088 0.378956 0.175764 0.379341 0.177468 0.377315 0.177894 0.375831 0.177801
8 0.372969 0.185370 0.370104 0.192528 0.368740 0.195861 0.368357 0.197727 0.369010 0.199537 0.375247 0.186773
8 0.372555 0.184912 0.373268 0.185500 0.375247 0.186773 0.375630 0.186134 0.375430 0.185245 0.373617 0.183324 0.373125 0.183472
8 0.375430 0.185245 0.377305 0.181231 0.377464 0.179255 0.377177 0.178634 0.376128 0.178009 0.375523 0.179028 0.373617 0.183324
8 0.479214 0.466287 0.476878 0.474903 0.475693 0.477565 0.474089 0.483764 0.473289 0.488472 0.473219 0.491139 0.474437 0.491324 0.476565 0.482833 0.477753 0.477509 0.480987 0.465718 0.479750 0.466292
8 0.368724 0.177824 0.367766 0.177634 0.363099 0.181866 0.363286 0.183028 0.366552 0.180542
8 0.534010 0.434935 0.527638 0.453750 0.525208 0.461528 0.523695 0.464694 0.521372 0.461912 0.524721 0.453176 0.526286 0.451060 0.525781 0.450185 0.526286 0.448565 0.528070 0.444440 0.529742 0.442037 0.529635 0.441653 0.528448 0.442037 0.531924 0.432782
8 0.522422 0.467144 0.509836 0.481486 0.507620 0.481917 0.507417 0.480125 0.507820 0.478046 0.517865 0.466356 0.518914 0.466569 0.520003 0.465352
8 0.543484 0.834528 0.543484 0.836569 0.548078 0.845495 0.548930 0.847088 0.549781 0.847995 0.550375 0.847088 0.550505 0.844986 0.549763 0.843972 0.545867 0.834907 0.544930 0.833926 0.544036 0.834153
8 0.511622 0.656435 0.510219 0.669750 0.509495 0.670431 0.508687 0.669750 0.508432 0.668083 0.509667 0.657495
8 0.516510 0.657870 0.516047 0.667935 0.518388 0.666495 0.518474 0.662866 0.517445 0.660741
8 0.577125 0.579625 0.581711 0.595352 0.584294 0.596523 0.578581 0.577431 0.577729 0.576894 0.577180 0.577282 0.577096 0.578014
8 0.551187 0.832935 0.551130 0.843972 0.550505 0.844986 0.549763 0.843972 0.549536 0.840023 0.548909 0.833847 0.549763 0.832731 0.550276 0.832329
8 0.591076 0.830593 0.587313 0.831134 0.582807 0.831426 0.577919 0.832060 0.576875 0.829370 0.583029 0.829083 0.589427 0.829907
8 0.575281 0.829051 0.579107 0.841343 0.579768 0.841278 0.580284 0.840426 0.580063 0.838074 0.576826 0.829116
8 0.590964 0.836528 0.596458 0.839389 0.597995 0.838657 0.589562 0.834361
8 0.600052 0.841667 0.604417 0.844685 0.605411 0.843704 0.601477 0.841218
8 0.584245 0.846852 0.577823 0.858949 0.571177 0.870676 0.576102 0.867352 0.587719 0.845819
8 0.611458 0.833796 0.611911 0.837546 0.595729 0.843102 0.583573 0.847125 0.583474 0.846162 0.585641 0.844671 0.585740 0.843449 0.590815 0.841653 0.593940 0.840343 0.604052 0.836532
8 0.539844 0.835833 0.546404 0.845523 0.557813 0.863972 0.559484 0.866509 0.564846 0.876194 0.563031 0.877944 0.554656 0.863588 0.537135 0.837227 0.537052 0.835231 0.539203 0.835144
8 0.569187 0.829227 0.555826 0.844278 0.553870 0.844431 0.553146 0.843523 0.553315 0.842315 0.554083 0.841176 0.564846 0.829537
8 0.569922 0.841565 0.562734 0.855745 0.557813 0.863972 0.559484 0.866509 0.570708 0.844981 0.571398 0.843843
8 0.587083 0.831157 0.593940 0.840343 0.590815 0.841653 0.583490 0.831204
8 0.592578 0.844444 0.626552 0.887560 0.628000 0.884440 0.595729 0.843102
8 0.580893 0.831875 0.582982 0.835977 0.584846 0.840861 0.585740 0.843449 0.585641 0.844671 0.583474 0.846162 0.583573 0.847125 0.582680 0.847014 0.582211 0.845306 0.581549 0.841741 0.580755 0.838370 0.579354 0.834611 0.578500 0.831972
8 0.574167 0.830509 0.573146 0.831481 0.574133 0.835042 0.575021 0.833741
8 0.581141 0.857972 0.580331 0.859477 0.581323 0.863468 0.582242 0.862681
8 0.574948 0.837824 0.579461 0.855676 0.580195 0.854264 0.575841 0.836407
8 0.577057 0.834583 0.574094 0.839176 0.573362 0.836125 0.576354 0.832222
8 0.367836 0.196144 0.366695 0.193106 0.367195 0.192347 0.371628 0.181667 0.373076 0.177815 0.379911 0.163333 0.380594 0.162727 0.381849 0.162727 0.382305 0.164347 0.373703 0.182069
8 0.567258 0.729829 0.567484 0.734384 0.566573 0.734690 0.566117 0.732157
8 0.434549 0.463236 0.438443 0.466514 0.442172 0.469241 0.447128 0.474023 0.446427 0.477292 0.433997 0.466440 0.433852 0.464870 0.434036 0.464347
8 0.448367 0.478792 0.458443 0.488009 0.460096 0.489185 0.459471 0.485394 0.449138 0.475389
8 0.409245 0.449921 0.415255 0.454727 0.418159 0.453648 0.411544 0.448843
8 0.442594 0.433644 0.445677 0.443421 0.450602 0.455963 0.451523 0.451611 0.447839 0.442514 0.445836 0.438333 0.444977 0.434773 0.444404 0.433134 0.444112 0.433287 0.442898 0.433028
8 0.463594 0.428750 0.453878 0.427903 0.444612 0.428556 0.442258 0.428750 0.442258 0.430384 0.442701 0.431366 0.445693 0.430935 0.446466 0.431000 0.461565 0.430713
8 0.465242 0.431042 0.471471 0.432398 0.471471 0.430588 0.467021 0.429852
8 0.470906 0.433241 0.465133 0.433699 0.462451 0.433773 0.457187 0.433898 0.452740 0.434157 0.452591 0.435662 0.452591 0.437102 0.453216 0.438278 0.453547 0.438537 0.459542 0.438019 0.460281 0.437139 0.466435 0.435741 0.470023 0.434028
8 0.464958 0.439949 0.460669 0.445148 0.460414 0.446676 0.460828 0.448032 0.461240 0.448315 0.462385 0.448370 0.462242 0.447597 0.462432 0.444602 0.463258 0.443074 0.464276 0.442454 0.465167 0.442116 0.466120 0.442792 0.467310 0.440574 0.466839 0.439940
8 0.459521 0.467801 0.467276 0.480796 0.468706 0.478083 0.465529 0.471981 0.462177 0.467551 0.461667 0.466565 0.459648 0.463792
1 0.433865 0.460139 0.433836 0.462676 0.432078 0.467611 0.432271 0.467852 0.433232 0.465755 0.433701 0.464972 0.434036 0.464347 0.434635 0.462870 0.434766 0.460926 0.434497 0.459843
8 0.431323 0.457852 0.433740 0.461356 0.433836 0.462676 0.432911 0.464801 0.429703 0.461468 0.429638 0.459884 0.429924 0.458870 0.430432 0.458079
8 0.428781 0.452199 0.432055 0.455139 0.433294 0.456157 0.434182 0.458019 0.433865 0.460139 0.433740 0.461356 0.431323 0.457852 0.430432 0.458079 0.427216 0.456412 0.427081 0.454704 0.427299 0.453630 0.427932 0.452894
8 0.421635 0.455657 0.428247 0.465375 0.431680 0.469218 0.435747 0.474991 0.439977 0.480282 0.444977 0.484991 0.445823 0.481528 0.440271 0.476361 0.432914 0.466551 0.432271 0.467852 0.432180 0.467537 0.432549 0.466093 0.429826 0.462435 0.424419 0.454463
8 0.408786 0.461171 0.418828 0.470250 0.434786 0.485833 0.445492 0.496421 0.451698 0.498870 0.441310 0.488106 0.423292 0.471662 0.411161 0.460009
8 0.420609 0.489222 0.420865 0.492852 0.428185 0.493380 0.439164 0.496903 0.444628 0.498236 0.449990 0.502366 0.459385 0.507722 0.460862 0.508509 0.460911 0.505884 0.460367 0.504486 0.451698 0.498870 0.445492 0.496421 0.439727 0.493866 0.432422 0.490856 0.424099 0.489282
8 0.410135 0.486287 0.415240 0.490824 0.419794 0.495287 0.425536 0.501412 0.431323 0.508148 0.434688 0.516574 0.426396 0.506829 0.419750 0.499824 0.416760 0.495968 0.414734 0.492829 0.411318 0.489366 0.410510 0.487731
8 0.423711 0.493352 0.427797 0.500384 0.430776 0.505907 0.431323 0.508148 0.434052 0.514986 0.438076 0.524370 0.440052 0.528995 0.441539 0.532245 0.442596 0.535917 0.447201 0.547866 0.449424 0.558065 0.450883 0.562972 0.452935 0.566208 0.449862 0.552843 0.446156 0.540694 0.442464 0.527898 0.436286 0.512569 0.431159 0.501398 0.426945 0.493380
8 0.422638 0.528468 0.437555 0.545185 0.437211 0.547546 0.435734 0.547023 0.429237 0.539060 0.425151 0.535120
8 0.428094 0.538176 0.430987 0.546315 0.436484 0.557218 0.436961 0.554958 0.431622 0.544111 0.429969 0.539986 0.429237 0.539060
8 0.428221 0.538347 0.427490 0.541565 0.426378 0.538796 0.427234 0.537384 0.428021 0.537963
8 0.432927 0.533694 0.438284 0.536769 0.439411 0.537162 0.441115 0.537921 0.443943 0.539602 0.445620 0.543949 0.440760 0.540977 0.438990 0.540102 0.432570 0.536819 0.432406 0.535792 0.432570 0.534426
8 0.449279 0.542199 0.452734 0.543574 0.454721 0.547231 0.450013 0.545597
8 0.432279 0.494708 0.434961 0.501051 0.437609 0.508699 0.443784 0.525667 0.447128 0.533856 0.449279 0.542199 0.450013 0.545597 0.454518 0.560620 0.457187 0.572819 0.454677 0.574894 0.452935 0.566208 0.449862 0.552843 0.446156 0.540694 0.442464 0.527898 0.438289 0.517148 0.432503 0.502954 0.429276 0.493875
8 0.423521 0.479843 0.427990 0.489903 0.429945 0.490278 0.429945 0.490278 0.426628 0.481958
8 0.415940 0.469574 0.414857 0.470366 0.414510 0.471588 0.418302 0.475616 0.423521 0.479843 0.426628 0.481958 0.434745 0.490792 0.436703 0.492602 0.439727 0.493866 0.441893 0.494644 0.436961 0.488218 0.418706 0.471194 0.425966 0.477787 0.432057 0.483194
8 0.401831 0.440204 0.401589 0.441565 0.402112 0.444435 0.406549 0.447875 0.408849 0.446440
8 0.414813 0.474718 0.409284 0.475866 0.409365 0.478157 0.409971 0.479880 0.410779 0.481315 0.411786 0.481245 0.417836 0.480023 0.416547 0.476870 0.416063 0.475435
8 0.400977 0.466542 0.401057 0.467546 0.401661 0.468120 0.408841 0.470847 0.416063 0.475435 0.416792 0.475648 0.418302 0.475616 0.414510 0.471588 0.414625 0.470343 0.403266 0.465792 0.402000 0.465792 0.401185 0.466218
8 0.436609 0.495972 0.439878 0.506676 0.438945 0.507833 0.437609 0.508699 0.434961 0.501051 0.433250 0.494977
8 0.460964 0.521662 0.455672 0.523292 0.454753 0.521370 0.459398 0.519454
8 0.454917 0.524255 0.444818 0.528574 0.443953 0.526458 0.453565 0.521755
8 0.452674 0.522088 0.452628 0.520014 0.453281 0.519519 0.454076 0.519685 0.454753 0.521370 0.455672 0.523292 0.460003 0.531630 0.465417 0.546648 0.464435 0.547644 0.455289 0.525079 0.454917 0.524255 0.453565 0.521755
8 0.453719 0.527315 0.447305 0.534319 0.446922 0.533389 0.453161 0.526759
8 0.448211 0.533486 0.450995 0.537069 0.452568 0.539366 0.453495 0.541657 0.457932 0.549403 0.457044 0.550194 0.454721 0.547231 0.452734 0.543574 0.449099 0.536926 0.447305 0.534319
8 0.474674 0.530815 0.474750 0.534917 0.473708 0.537917 0.473385 0.542792 0.472010 0.561838 0.474333 0.560296 0.476060 0.538602 0.476438 0.533708
8 0.476060 0.538602 0.482828 0.555287 0.483740 0.554972 0.485367 0.552602 0.479211 0.539644 0.476438 0.533708
8 0.462224 0.529991 0.467870 0.534727 0.473396 0.540032 0.473438 0.542324 0.465854 0.536875 0.462021 0.533435 0.462102 0.531139
8 0.461167 0.535106 0.463258 0.536037 0.467859 0.538764 0.473438 0.542324 0.473333 0.543347 0.462526 0.538269
8 0.463503 0.541491 0.473229 0.545333 0.473333 0.543347 0.462526 0.538269
8 0.461805 0.522662 0.461292 0.529782 0.460841 0.533856 0.461167 0.535106 0.461805 0.535194 0.462021 0.533435 0.462102 0.531139 0.462224 0.529991 0.462589 0.528394 0.463102 0.524537
8 0.461081 0.521856 0.460388 0.528125 0.460003 0.531630 0.460992 0.534282 0.461263 0.529463 0.461836 0.523088
8 0.463802 0.516343 0.463477 0.520421 0.462513 0.519296 0.462875 0.515384
8 0.461669 0.514153 0.461490 0.517852 0.462513 0.519296 0.462875 0.515384
8 0.463477 0.520421 0.465643 0.520019 0.465042 0.517125 0.463716 0.517449
8 0.465901 0.510417 0.470581 0.519593 0.472034 0.523037 0.472719 0.525185 0.474674 0.530815 0.474656 0.533579 0.474172 0.533579 0.472276 0.531782 0.467193 0.517157
8 0.453880 0.504722 0.459437 0.511894 0.461669 0.514153 0.463802 0.516343 0.465042 0.517125 0.463805 0.512106 0.460862 0.508509
8 0.446193 0.488398 0.451034 0.493134 0.460109 0.503676 0.462724 0.506782 0.463805 0.512106 0.460862 0.508509 0.460911 0.505884 0.423292 0.471662 0.414969 0.463407 0.417234 0.461588 0.418909 0.461014 0.431276 0.473102 0.444669 0.486644 0.444266 0.488259 0.444552 0.489171 0.445234 0.489880 0.445917 0.489273
8 0.417190 0.457380 0.423039 0.462611 0.432398 0.470287 0.431680 0.469218 0.426667 0.462778 0.420130 0.456296
8 0.396951 0.424644 0.398320 0.429949 0.398682 0.432560 0.399380 0.435222 0.401589 0.441565 0.402638 0.447014 0.399484 0.442977 0.397396 0.435162 0.396594 0.432495 0.394932 0.425505
8 0.389568 0.414171 0.391138 0.419231 0.392714 0.422921 0.390898 0.423782 0.388117 0.416611
8 0.393643 0.425718 0.395862 0.431741 0.392898 0.429829 0.392029 0.429519 0.391383 0.426648
8 0.411596 0.415824 0.409120 0.423944 0.411422 0.424870 0.413443 0.419792 0.412422 0.417356
8 0.410891 0.425704 0.409323 0.429486 0.407964 0.426755 0.408729 0.424898
8 0.398758 0.417708 0.402107 0.422106 0.398969 0.421366 0.397224 0.418699
8 0.399654 0.422847 0.396951 0.424644 0.394932 0.425505 0.393643 0.425718 0.391383 0.426648 0.389594 0.428102 0.389062 0.428097 0.388661 0.427991 0.387755 0.426759 0.388810 0.424884 0.390898 0.423782 0.392714 0.422921 0.395711 0.421403
8 0.398984 0.396574 0.394451 0.398079 0.392531 0.398824 0.393081 0.399921 0.393333 0.401241 0.399818 0.399690
8 0.487815 0.556579 0.490781 0.563426 0.493281 0.568981 0.495729 0.574630 0.499349 0.583750 0.499010 0.577454 0.494010 0.567963 0.492763 0.565009
8 0.448992 0.532491 0.451779 0.535870 0.451987 0.538278 0.450995 0.537069 0.448211 0.533486
8 0.416875 0.427361 0.412422 0.417356 0.410367 0.413704 0.407846 0.412958 0.404393 0.413954 0.394641 0.420310 0.391138 0.419231 0.398513 0.415662 0.405331 0.411431 0.406961 0.410769 0.408406 0.410769 0.409901 0.411181 0.411674 0.412676 0.413495 0.416162 0.417891 0.427546
8 0.461878 0.591972 0.464620 0.611333 0.466224 0.612546 0.464802 0.603171 0.464156 0.598583 0.462562 0.586593
8 0.416823 0.427269 0.406187 0.424282 0.399654 0.422847 0.391464 0.419907 0.391138 0.419231 0.394641 0.420310 0.406914 0.423495 0.416250 0.425972
8 0.420378 0.393852 0.418461 0.401944 0.416250 0.410111 0.415057 0.414347 0.414122 0.417602 0.413495 0.416162 0.412505 0.414426 0.416461 0.401264 0.418250 0.394227
8 0.427057 0.398935 0.421568 0.401417 0.418292 0.402551 0.417568 0.406106 0.422247 0.404514 0.426461 0.401944
8 0.429010 0.401389 0.428305 0.423815 0.427497 0.423162 0.428232 0.401514
8 0.423417 0.421537 0.427951 0.407912 0.428232 0.401514 0.427977 0.401565 0.427315 0.405968 0.426109 0.410356 0.422263 0.421394
8 0.428401 0.417315 0.432401 0.419657 0.435591 0.421097 0.435805 0.422685 0.428359 0.419056
8 0.425352 0.415870 0.427607 0.417000 0.427607 0.419032 0.424906 0.417449
8 0.421536 0.415185 0.416042 0.418102 0.416867 0.419005 0.421128 0.416972
8 0.418969 0.423389 0.418068 0.425718 0.418323 0.426856 0.419984 0.427005 0.420789 0.424287
8 0.417659 0.426880 0.420286 0.426898 0.420932 0.428069 0.417891 0.427546
8 0.423857 0.427727 0.439375 0.428981 0.438906 0.430139 0.425078 0.429491
8 0.432880 0.429685 0.430013 0.435769 0.430339 0.436528 0.434315 0.434588 0.435492 0.429949
8 0.436190 0.423477 0.434904 0.426023 0.435565 0.427069 0.435750 0.428574 0.435859 0.428639 0.437477 0.425046 0.437052 0.424694 0.436492 0.423861
8 0.414122 0.417602 0.416042 0.418102 0.416867 0.419005 0.420029 0.420412 0.421667 0.421296 0.422263 0.421394 0.423417 0.421537 0.427497 0.423162 0.428305 0.423815 0.434904 0.426023 0.435565 0.427069 0.435750 0.428574 0.435859 0.428639 0.433109 0.428574 0.428990 0.426681 0.420789 0.424287 0.418969 0.423389 0.415568 0.421384
8 0.402872 0.423500 0.404305 0.425398 0.407401 0.430722 0.407299 0.431833 0.406857 0.432991 0.406229 0.433361 0.405477 0.433407 0.398919 0.423394 0.399654 0.422847
8 0.406833 0.424611 0.407964 0.426755 0.409323 0.429486 0.411182 0.433407 0.416424 0.443097 0.414255 0.444171 0.409404 0.436458 0.407401 0.430722 0.404305 0.425398 0.402872 0.423500 0.406187 0.424282
8 0.402641 0.415273 0.406286 0.423144 0.403214 0.422264 0.402146 0.419764 0.400844 0.419116 0.400453 0.418375 0.400323 0.417125 0.400427 0.416569
8 0.404245 0.418519 0.405036 0.417958 0.405687 0.418190 0.406781 0.419440 0.409385 0.423282 0.409120 0.423944 0.408188 0.423699 0.405740 0.419625 0.405036 0.419718 0.404750 0.419810
8 0.404854 0.414903 0.405297 0.416431 0.406156 0.416569 0.408266 0.416245 0.411026 0.414810 0.411596 0.415824 0.411208 0.417171 0.409516 0.417958 0.407068 0.418329 0.405687 0.418190 0.405036 0.417958 0.404333 0.416384 0.404307 0.415181
8 0.399445 0.424139 0.400982 0.430389 0.400070 0.430759 0.399654 0.430435 0.398430 0.425250 0.398247 0.423722 0.398919 0.423394
8 0.397466 0.424324 0.397831 0.426870 0.397831 0.428352 0.398682 0.432560 0.399732 0.432704 0.398898 0.428167 0.398430 0.425250 0.398247 0.423722
8 0.400763 0.430583 0.400971 0.431231 0.403107 0.431556 0.404617 0.432019 0.402742 0.429194 0.401310 0.429194 0.400982 0.430389
8 0.487451 0.553065 0.490003 0.557319 0.493487 0.563593 0.498721 0.573778 0.498805 0.576583 0.492763 0.565009 0.487815 0.556579 0.486643 0.555056
8 0.393253 0.446944 0.397289 0.451019 0.397784 0.452315 0.398513 0.452269 0.399320 0.451991 0.402523 0.454630 0.402628 0.457361 0.398305 0.453519 0.397263 0.452685 0.396404 0.452593 0.394190 0.450046
8 0.396404 0.452593 0.396432 0.453981 0.397370 0.455926 0.399687 0.458380 0.400130 0.457870 0.399948 0.456065 0.399141 0.454630 0.398305 0.453519 0.397263 0.452685
8 0.404068 0.453759 0.407036 0.455148 0.408182 0.455657 0.409510 0.457185 0.407349 0.458157 0.404641 0.456074 0.404120 0.455194
8 0.415102 0.458296 0.417542 0.460116 0.418909 0.461014 0.424755 0.466866 0.428141 0.469505 0.433516 0.473884 0.434961 0.475653 0.436198 0.477042 0.438456 0.478329 0.435747 0.474991 0.432398 0.470287 0.423039 0.462611 0.417190 0.457380
8 0.444977 0.484991 0.444669 0.486644 0.431276 0.473102 0.424755 0.466866 0.428141 0.469505 0.433516 0.473884 0.434961 0.475653 0.436198 0.477042 0.438456 0.478329 0.439977 0.480282
8 0.434391 0.467157 0.434391 0.467944 0.434703 0.469241 0.437854 0.472991 0.441526 0.475907 0.443661 0.477806 0.445901 0.480213 0.446292 0.478361 0.444365 0.476185 0.438818 0.471185 0.438010 0.470444
8 0.447995 0.480648 0.452435 0.486514 0.450065 0.485958 0.447409 0.483222
8 0.446628 0.485861 0.450065 0.485958 0.452435 0.486514 0.456784 0.487759 0.458443 0.488009 0.460273 0.489333 0.460273 0.490722 0.452865 0.489074 0.446193 0.488398
8 0.447409 0.483222 0.450065 0.485958 0.446628 0.485861
8 0.447380 0.488597 0.451703 0.492440 0.456781 0.498644 0.462458 0.504431 0.461729 0.499847 0.455245 0.492347 0.452380 0.489153
8 0.455961 0.489787 0.460596 0.492745 0.461052 0.495125 0.461221 0.496546 0.456143 0.493074 0.455245 0.492347 0.452930 0.489199
8 0.464359 0.501824 0.468427 0.506056 0.472195 0.510931 0.472255 0.514463 0.465294 0.506644
8 0.464615 0.496778 0.471453 0.500954 0.471724 0.505722 0.465878 0.501329 0.464974 0.500634
8 0.467878 0.493519 0.471706 0.497361 0.471628 0.500417 0.465039 0.495741 0.463581 0.493611
8 0.473698 0.501875 0.477766 0.506431 0.482917 0.512269 0.490052 0.521060 0.494445 0.527630 0.495109 0.524097 0.489669 0.516907 0.480396 0.504634 0.479107 0.502588 0.473404 0.496088
8 0.474229 0.522014 0.477148 0.525977 0.480495 0.531278 0.489010 0.545713 0.489898 0.543560 0.484172 0.533088 0.478958 0.524352 0.476346 0.520829 0.474409 0.518750
8 0.484172 0.533088 0.488182 0.538181 0.490682 0.541125 0.490125 0.542940 0.487734 0.539583
8 0.491867 0.543130 0.499940 0.553778 0.499706 0.556926 0.491138 0.544750
8 0.490000 0.547546 0.493781 0.553963 0.499250 0.562944 0.499354 0.560815 0.493859 0.550769 0.490917 0.545491
8 0.488404 0.550972 0.491685 0.557083 0.495565 0.564537 0.497466 0.568102 0.498453 0.570546 0.498721 0.573778 0.493487 0.563593 0.487732 0.552713
8 0.488669 0.550491 0.491872 0.554056 0.499138 0.563778 0.498995 0.565134 0.498826 0.566833 0.493201 0.559472 0.491685 0.557083 0.488404 0.550972
8 0.486372 0.555634 0.488932 0.560556 0.494010 0.572176 0.499375 0.585509 0.499740 0.589861 0.491797 0.571389 0.487474 0.560787 0.485826 0.556639
8 0.491443 0.578144 0.491755 0.580921 0.492018 0.582690 0.492234 0.586241 0.494229 0.591431 0.494828 0.593005 0.493891 0.585968 0.493786 0.583977
8 0.495479 0.594579 0.496286 0.594532 0.496286 0.592449 0.496104 0.590134 0.494810 0.586417 0.494073 0.584718 0.494828 0.593005
8 0.496807 0.591847 0.497146 0.595782 0.497096 0.596222 0.496500 0.597759 0.495948 0.596292 0.495870 0.594486 0.496286 0.594532 0.496286 0.590829
8 0.486130 0.599352 0.486823 0.605833 0.487706 0.616449 0.488094 0.620426 0.488750 0.625657 0.488880 0.626065 0.489167 0.629944 0.489995 0.636824 0.490805 0.644009 0.490628 0.645148 0.490745 0.647380 0.491253 0.652537 0.491852 0.661403 0.491729 0.663407 0.492448 0.659907 0.492990 0.654551 0.493383 0.650213 0.491982 0.634241 0.489531 0.613009 0.488125 0.601111 0.487219 0.601523
8 0.483940 0.579944 0.486307 0.579806 0.487349 0.579991 0.488083 0.581806 0.489018 0.584435 0.489669 0.590269 0.490758 0.600366 0.492138 0.611431 0.493169 0.624204 0.493805 0.638657 0.493563 0.640093 0.493036 0.642815 0.491424 0.625250 0.490172 0.613847 0.488568 0.600755 0.488516 0.598449 0.486542 0.582648 0.485917 0.581532 0.484380 0.581532
8 0.475560 0.608852 0.477755 0.617722 0.478208 0.620241 0.481130 0.621583 0.479203 0.614190
8 0.470943 0.584745 0.473208 0.590949 0.475682 0.599977 0.476570 0.604653 0.475104 0.602551 0.473003 0.598634 0.470190 0.589190 0.469068 0.585810 0.469167 0.583981
8 0.473445 0.586273 0.476359 0.594653 0.479174 0.606968 0.479354 0.608681 0.476570 0.604653 0.475682 0.599977 0.473208 0.590949 0.470943 0.584745
8 0.480953 0.616542 0.482398 0.622324 0.480924 0.621356 0.479203 0.614190
8 0.480336 0.637532 0.481802 0.643954 0.483378 0.643477 0.481451 0.636194 0.480909 0.636407
8 0.469758 0.630769 0.476112 0.630583 0.479107 0.630954 0.480305 0.631509 0.481112 0.633315 0.481216 0.634935 0.480201 0.635630 0.479654 0.634009 0.478065 0.632759 0.471763 0.632713
8 0.469628 0.624056 0.468690 0.629565 0.468354 0.629375 0.468065 0.626972 0.468534 0.623037
8 0.479979 0.635023 0.478755 0.638727 0.478417 0.639931 0.479484 0.640856 0.479901 0.638495 0.480336 0.637532 0.480909 0.636407 0.481451 0.636194 0.482661 0.635810 0.482271 0.634375 0.481216 0.634935 0.480201 0.635630
8 0.465302 0.620588 0.465745 0.627069 0.466344 0.629528 0.466448 0.632769 0.466109 0.633551 0.466805 0.640051 0.467255 0.643583 0.468396 0.651560 0.469938 0.656088 0.470190 0.655958 0.467122 0.630500 0.465792 0.620676
8 0.464792 0.620417 0.465490 0.630273 0.466362 0.645208 0.463607 0.638579 0.462073 0.619366
8 0.461510 0.599551 0.463016 0.607907 0.463438 0.610208 0.461997 0.608838 0.461310 0.609981 0.460846 0.606940
8 0.461896 0.594074 0.463914 0.608806 0.464065 0.610736 0.463438 0.610208 0.463016 0.607907 0.461510 0.599551
8 0.442549 0.577778 0.443935 0.581583 0.445471 0.583940 0.448122 0.586565 0.451557 0.589083 0.453997 0.591227 0.453818 0.592134 0.449930 0.589028 0.446466 0.586245 0.443753 0.582870 0.442247 0.579546 0.441885 0.578208
8 0.456089 0.584792 0.454917 0.586690 0.454240 0.589282 0.453997 0.591227 0.453224 0.597940 0.453771 0.598264 0.454526 0.590532 0.455151 0.587755 0.456323 0.586227
8 0.445896 0.590389 0.448682 0.594185 0.450974 0.597843 0.453396 0.600667 0.454646 0.601130 0.454854 0.598954 0.453771 0.598264 0.453224 0.597940 0.450974 0.595620 0.448656 0.591500 0.447354 0.589324 0.446833 0.588907 0.445167 0.588815
8 0.447719 0.587287 0.451000 0.593167 0.453396 0.596593 0.453224 0.597940 0.450974 0.595620 0.448656 0.591500 0.447354 0.589324 0.446833 0.588907 0.446625 0.587287 0.446807 0.586454
8 0.452823 0.600204 0.452693 0.602241 0.453760 0.602194 0.453917 0.600944
8 0.454437 0.602611 0.453760 0.602194 0.452693 0.602241 0.451859 0.602981 0.451859 0.603722 0.452432 0.604278 0.454229 0.605019
8 0.447068 0.592009 0.450635 0.602009 0.453448 0.609926 0.453995 0.606546 0.453240 0.604648 0.452432 0.604278 0.451859 0.603722 0.451859 0.602981 0.452318 0.602407 0.450505 0.597287 0.448682 0.594185
8 0.445104 0.576102 0.446510 0.581519 0.446435 0.583116 0.446745 0.585181 0.445471 0.583940 0.444661 0.582352 0.443620 0.576940
8 0.439531 0.551241 0.442161 0.559898 0.442292 0.561889 0.441641 0.563648 0.438255 0.571102 0.436922 0.567505 0.437500 0.565037 0.438958 0.562352 0.440365 0.560361 0.439974 0.557676 0.439167 0.554898
8 0.443120 0.542542 0.443042 0.551338 0.441349 0.548699 0.441661 0.541662
8 0.440047 0.546338 0.441349 0.548699 0.443042 0.551338 0.446479 0.556616 0.449734 0.562032 0.451380 0.563889 0.452995 0.566435 0.453805 0.570588 0.454076 0.571796 0.451815 0.568958 0.449526 0.567620 0.439531 0.551241
8 0.454242 0.572907 0.451049 0.573227 0.446497 0.574940 0.445104 0.576102 0.443620 0.576940 0.442549 0.577778 0.441885 0.578208 0.440953 0.578866 0.440042 0.576597 0.443479 0.574144 0.447620 0.571787 0.451370 0.571000 0.453219 0.570630 0.454076 0.571796
8 0.450563 0.568310 0.446240 0.569468 0.442464 0.571829 0.439286 0.574514 0.440042 0.576597 0.443479 0.574144 0.447620 0.571787 0.451370 0.571000 0.453219 0.570630 0.451815 0.568958
8 0.445208 0.575787 0.453516 0.575773 0.450052 0.579106 0.445599 0.578134
8 0.465018 0.560333 0.461398 0.563481 0.465083 0.564120 0.467206 0.562093
8 0.461536 0.553852 0.470677 0.553852 0.470443 0.555889 0.463568 0.555565
8 0.452182 0.529713 0.454953 0.531644 0.456911 0.534431 0.457966 0.535713 0.460318 0.537806 0.462125 0.542250 0.457003 0.537481 0.455195 0.535500 0.454531 0.533194 0.453750 0.532731 0.452031 0.531806
8 0.451279 0.533042 0.452893 0.533829 0.453935 0.534569 0.455107 0.537208 0.456253 0.541282 0.459510 0.552287 0.460557 0.553074 0.458219 0.544255 0.455195 0.535500 0.454531 0.533194 0.453750 0.532731 0.452031 0.531806 0.451268 0.531718
8 0.453810 0.539713 0.455112 0.541565 0.456206 0.543370 0.457143 0.545454 0.457846 0.546704 0.458706 0.549667 0.456727 0.546241 0.455372 0.543787 0.454174 0.541611 0.453211 0.540454 0.453107 0.539991 0.453576 0.539620
8 0.452273 0.533324 0.453159 0.538833 0.452568 0.539366 0.451987 0.538278 0.451440 0.533278
8 0.439068 0.503625 0.443135 0.508069 0.453109 0.518833 0.454076 0.519685 0.455820 0.521032 0.459398 0.519454 0.459143 0.519176 0.439164 0.496903 0.436609 0.495972
8 0.449039 0.517963 0.448797 0.519569 0.449279 0.521819 0.449823 0.523588 0.448768 0.524069 0.447953 0.520856 0.448224 0.518282 0.448466 0.517694
8 0.449833 0.526537 0.450615 0.529454 0.451865 0.528157 0.451240 0.525843
8 0.452099 0.529222 0.452182 0.529713 0.452031 0.531806 0.451268 0.531718 0.451109 0.530241
8 0.440729 0.517130 0.448542 0.522958 0.448768 0.524069 0.447667 0.524454 0.441732 0.520009
8 0.410198 0.483069 0.413370 0.485176 0.421745 0.489120 0.420609 0.489222 0.420865 0.492852 0.412813 0.488088 0.410135 0.486287 0.409604 0.484435 0.409604 0.483194
8 0.411786 0.481245 0.415958 0.483810 0.422224 0.487718 0.422734 0.489306 0.421667 0.489074 0.413370 0.485176 0.410198 0.483069 0.409810 0.482204 0.409872 0.481292 0.410779 0.481315
8 0.421909 0.484491 0.424357 0.488009 0.425268 0.489306 0.424099 0.489282 0.422734 0.489306 0.422224 0.487718 0.420479 0.484685
8 0.413846 0.438866 0.417854 0.438921 0.419690 0.441653 0.428107 0.437810 0.420932 0.428069 0.416875 0.427361 0.410891 0.425704 0.409323 0.429486
8 0.404182 0.436750 0.403349 0.440361 0.402932 0.441056 0.408849 0.446440 0.413792 0.444435 0.411005 0.440361 0.409062 0.438009
8 0.439878 0.434398 0.441083 0.436111 0.441060 0.437866 0.440323 0.438912 0.440135 0.439144 0.437815 0.436463 0.438466 0.436000
8 0.441068 0.440787 0.444169 0.444565 0.447711 0.448731 0.445677 0.443421 0.444872 0.441139 0.442052 0.436690 0.442052 0.439106
8 0.444664 0.445569 0.439844 0.449745 0.442013 0.452426 0.443849 0.450764 0.442885 0.450333 0.443549 0.449477 0.445174 0.449639 0.447164 0.448139
8 0.448266 0.450079 0.445174 0.449639 0.443549 0.449477 0.442771 0.450079 0.443849 0.450764 0.448839 0.451468
8 0.447591 0.431037 0.447279 0.436130 0.447435 0.438491 0.449206 0.441824 0.452547 0.445866 0.452096 0.448440 0.448661 0.443884 0.447839 0.442514 0.445836 0.438333 0.445859 0.435259 0.446466 0.431000
8 0.459740 0.451949 0.459531 0.458708 0.459648 0.463792 0.459521 0.467801 0.460182 0.475278 0.457987 0.461579 0.457279 0.458403 0.457594 0.450718
8 0.459661 0.456065 0.464563 0.460995 0.464141 0.461958 0.459500 0.457620
8 0.454708 0.445037 0.457721 0.446699 0.461240 0.448315 0.462878 0.449741 0.464021 0.451213 0.465497 0.452537 0.462664 0.451306 0.457932 0.448574 0.454286 0.447074
8 0.493078 0.670366 0.493953 0.682583 0.496141 0.680806 0.496266 0.666588 0.496367 0.652671 0.496367 0.649991
8 0.621849 0.556574 0.625146 0.577657 0.622068 0.572185 0.619422 0.553370
8 0.616065 0.548722 0.617701 0.564569 0.619427 0.567639 0.617943 0.551157
8 0.625755 0.583102 0.627823 0.600745 0.630026 0.624861 0.628203 0.625093 0.625729 0.597593 0.623620 0.579491
8 0.588281 0.557037 0.598336 0.589736 0.602208 0.593597 0.602378 0.593375 0.600247 0.586486 0.590646 0.555815
8 0.585815 0.549787 0.586667 0.552130 0.589786 0.551356 0.589049 0.550245 0.587138 0.549856
8 0.576060 0.521370 0.575807 0.533426 0.575677 0.540130 0.572995 0.539144 0.574143 0.520463
8 0.616490 0.662190 0.619099 0.675847 0.621362 0.676634 0.619000 0.666218
8 0.610039 0.677944 0.615750 0.681532 0.617227 0.682671 0.617326 0.683634 0.617768 0.688884 0.615898 0.686435 0.615750 0.684685 0.612055 0.681069 0.610398 0.679759
8 0.618539 0.696731 0.617305 0.700968 0.616961 0.700685 0.615945 0.696352 0.616667 0.693477
8 0.621451 0.681218 0.621133 0.685176 0.620242 0.689412 0.619607 0.691556 0.617953 0.689583 0.618750 0.684042 0.619417 0.680602
8 0.622310 0.681954 0.622055 0.685458 0.621229 0.693815 0.620674 0.693435 0.620911 0.688060 0.621292 0.685009 0.621451 0.681218
8 0.611547 0.691398 0.611070 0.697556 0.610021 0.698176 0.610911 0.689588
8 0.611107 0.674856 0.614591 0.680583 0.615443 0.679898 0.616250 0.678310 0.616422 0.676648 0.612424 0.672042
8 0.608018 0.660995 0.610229 0.669241 0.607112 0.664815 0.606146 0.660542
8 0.622982 0.592889 0.624216 0.598185 0.623068 0.602569 0.623451 0.606579 0.625365 0.599620 0.624982 0.595384 0.623323 0.585704
8 0.621875 0.602648 0.613703 0.618227 0.613440 0.619856 0.619138 0.611653 0.621979 0.605741
8 0.395091 0.400926 0.398292 0.413611 0.398513 0.415662 0.397495 0.416088 0.396672 0.414657 0.394797 0.406616 0.393953 0.402759 0.393333 0.401241
8 0.381870 0.348653 0.380409 0.352662 0.380695 0.355657 0.383430 0.349611
8 0.376372 0.349556 0.376531 0.351931 0.377232 0.354755 0.378185 0.355884 0.379583 0.356167 0.379169 0.353116 0.378154 0.352380 0.377836 0.350458
8 0.377708 0.346333 0.377104 0.348481 0.378661 0.349444 0.378276 0.346787
8 0.364862 0.343116 0.365893 0.352662 0.367188 0.340694
8 0.366518 0.329255 0.366958 0.336644 0.365273 0.338009 0.364607 0.338602 0.364312 0.332523
8 0.362086 0.345653 0.365396 0.356634 0.365984 0.351991 0.363888 0.344148
8 0.366518 0.329255 0.368474 0.332204 0.369586 0.332375 0.369937 0.330963 0.370063 0.329606 0.367904 0.326838
8 0.358432 0.306144 0.361779 0.313792 0.363708 0.318116 0.365964 0.324213 0.364724 0.326319 0.361208 0.318750 0.358461 0.312597 0.356622 0.308644
8 0.342755 0.257926 0.339563 0.284704 0.341904 0.285083 0.343776 0.262315 0.344328 0.256644 0.344542 0.254602
8 0.341883 0.263356 0.338682 0.272639 0.335888 0.283690 0.338057 0.284278 0.341000 0.271787 0.342141 0.262963
8 0.339456 0.264597 0.341221 0.265449 0.340190 0.268194 0.338427 0.267019
8 0.560625 0.619074 0.564961 0.629495 0.568151 0.632532 0.564904 0.623722
8 0.591458 0.844537 0.590474 0.848875 0.588487 0.847449 0.588836 0.845593
8 0.594031 0.830750 0.591893 0.830750 0.590898 0.834824 0.593159 0.836106
8 0.558073 0.872685 0.557221 0.872250 0.551562 0.886398 0.552583 0.886171
8 0.605430 0.547736 0.611302 0.557269 0.628479 0.588153 0.646440 0.620278 0.645997 0.620810 0.622135 0.626620 0.623411 0.629769 0.642279 0.624921 0.646672 0.622579 0.647221 0.621505 0.647253 0.620333 0.646974 0.619116 0.641039 0.606597 0.619680 0.567963 0.608630 0.548417 0.607094 0.545690 0.605898 0.545583 0.605268 0.546194
8 0.524792 0.573241 0.541034 0.592324 0.540958 0.593940 0.532099 0.583977 0.526917 0.576574
8 0.538073 0.579472 0.540583 0.585731 0.538281 0.582880 0.536398 0.578542
8 0.551789 0.577005 0.554682 0.585023 0.557474 0.586019 0.553875 0.576171 0.552641 0.575417 0.551789 0.575870
8 0.567318 0.593611 0.569180 0.612954 0.568096 0.613829 0.567005 0.613565 0.564698 0.592736
8 0.575341 0.607250 0.577695 0.616532 0.576406 0.617315 0.574401 0.610231 0.574922 0.607454
8 0.568172 0.603731 0.574620 0.607269 0.575341 0.607250 0.577781 0.608875 0.577781 0.607694 0.574974 0.605884 0.572620 0.604505 0.567958 0.602338
8 0.569497 0.594412 0.567958 0.600250 0.568169 0.602074 0.570044 0.595940 0.570414 0.594764
8 0.548190 0.585366 0.550664 0.591250 0.552247 0.593111 0.555094 0.597264 0.550875 0.586417
8 0.555826 0.589083 0.559031 0.597204 0.559591 0.597574 0.560253 0.597449 0.560602 0.596954 0.560810 0.595778 0.558370 0.589829
8 0.550875 0.586417 0.558589 0.598435 0.557857 0.600542 0.555094 0.597264
8 0.561542 0.591375 0.560323 0.594662 0.560810 0.595778 0.562414 0.591685
8 0.559940 0.597634 0.558229 0.601417 0.557813 0.600981 0.558589 0.598435 0.559031 0.597204 0.559591 0.597574
8 0.552966 0.587472 0.557148 0.592181 0.557672 0.593917 0.556068 0.594662 0.550875 0.586417
8 0.549505 0.580148 0.552500 0.584213 0.549771 0.583236 0.548724 0.580361
8 0.533578 0.576523 0.538281 0.582880 0.540583 0.585731 0.548547 0.595505 0.555630 0.602926 0.560279 0.608361 0.564169 0.613630 0.555609 0.604296 0.543906 0.593750 0.541245 0.588079 0.539253 0.585593 0.529750 0.574773 0.528669 0.573250 0.532031 0.575704
8 0.569000 0.613162 0.572625 0.619856 0.579302 0.632083 0.575971 0.628491 0.561299 0.605329 0.561299 0.603593 0.560635 0.601236 0.559102 0.599190 0.559940 0.597634 0.560706 0.598819 0.566492 0.608676 0.567005 0.613565 0.568096 0.613829
8 0.346094 0.236343 0.343151 0.240463 0.342255 0.241639 0.341138 0.243167 0.342219 0.246046 0.343331 0.244352 0.344094 0.242551 0.346859 0.239208 0.348510 0.236556
8 0.464948 0.329630 0.464185 0.344157 0.462406 0.343662 0.463174 0.330278 0.463523 0.328972 0.463836 0.328602 0.464326 0.328542
8 0.474607 0.345602 0.469141 0.331065 0.464401 0.316528 0.462076 0.315519 0.461560 0.316347 0.472526 0.345509
8 0.338966 0.245343 0.337013 0.249463 0.336883 0.250528 0.337560 0.251315 0.340961 0.248347 0.339784 0.245352
8 0.338911 0.245083 0.332526 0.252028 0.326919 0.259046 0.328161 0.261181 0.333852 0.254491 0.333458 0.253315 0.333852 0.252884 0.334424 0.252778 0.335026 0.253097 0.336833 0.250903 0.336883 0.250528 0.337013 0.249463 0.338966 0.245343
8 0.335260 0.256944 0.336865 0.259356 0.337526 0.259912 0.338294 0.259356 0.338469 0.258051 0.338120 0.256750 0.336719 0.255426
2 0.496378 0.651727 0.498992 0.650903 0.498159 0.661685 0.496378 0.661685
1 0.594768 0.732894 0.593701 0.738315 0.592862 0.744551 0.577763 0.747264 0.579977 0.744551 0.593245 0.733708
8 0.579810 0.702963 0.580951 0.712380 0.580609 0.716023 0.579641 0.716833 0.578557 0.715620 0.577818 0.705694 0.578443 0.703167
8 0.381719 0.402639 0.386591 0.413255 0.388164 0.410958 0.385018 0.405222
8 0.376812 0.363167 0.373505 0.379731 0.371852 0.386185 0.370924 0.383458 0.375240 0.363667 0.375604 0.362949 0.376370 0.362306
8 0.377672 0.341120 0.379891 0.358833 0.380885 0.357500 0.379375 0.343519 0.378763 0.341625 0.378560 0.341120
8 0.379328 0.343343 0.385016 0.346787 0.384854 0.350370 0.379766 0.347500
8 0.372911 0.339102 0.377911 0.343083 0.378276 0.346787 0.373146 0.342713
8 0.374557 0.366065 0.373318 0.369106 0.372620 0.369306 0.368529 0.376153 0.369411 0.379301 0.373086 0.373514 0.374310 0.368144
8 0.384039 0.350079 0.382534 0.354847 0.380885 0.357500 0.379891 0.358833 0.376747 0.364278 0.375393 0.370491 0.381177 0.361917 0.383286 0.358759 0.384672 0.355704 0.384854 0.350370
8 0.396526 0.443245 0.393253 0.446944 0.392219 0.444486 0.392698 0.443833 0.392771 0.442917 0.394948 0.441111
8 0.335026 0.253097 0.335234 0.253889 0.334245 0.255093 0.333852 0.254491 0.333458 0.253315 0.333852 0.252884 0.334424 0.252778
8 0.330784 0.254153 0.326602 0.256694 0.327159 0.258556
8 0.351109 0.236796 0.350133 0.243366 0.349687 0.243532 0.348549 0.244458 0.347693 0.244417 0.349401 0.236611
8 0.465891 0.297148 0.460359 0.303653 0.461635 0.306829 0.466190 0.300477
8 0.507161 0.333866 0.509044 0.337208 0.511161 0.339662 0.520703 0.355370 0.521771 0.354491 0.510721 0.337472 0.508206 0.333093
8 0.514792 0.345574 0.512792 0.346787 0.511771 0.342245 0.512708 0.342245
8 0.513984 0.346250 0.519474 0.356694 0.517771 0.358509 0.513771 0.351250 0.512792 0.346787
8 0.518958 0.342727 0.520388 0.352292 0.518219 0.348815 0.517495 0.343366
8 0.528151 0.336852 0.524211 0.352255 0.523370 0.352875 0.521771 0.354491 0.520961 0.353653 0.525049 0.338690
8 0.329490 0.221736 0.340242 0.224963 0.342651 0.226194 0.346242 0.229231 0.349729 0.233074 0.348333 0.233074 0.344255 0.229231 0.340940 0.227157 0.329406 0.223519
5 0.395703 0.330162 0.391203 0.343495 0.384674 0.358708 0.385292 0.338005 0.386526 0.324671 0.386792 0.322949 0.390755 0.327176
5 0.395917 0.328921 0.395703 0.330162 0.391203 0.343495 0.384674 0.358708 0.374581 0.379241 0.373258 0.381287 0.377667 0.383949 0.403698 0.390694 0.424940 0.393032 0.435250 0.389227 0.440250 0.385588 0.444745 0.385773 0.449643 0.385588 0.460055 0.385773 0.467609 0.387769 0.476182 0.390310 0.481922 0.389042 0.487130 0.387634 0.493219 0.391079 0.494807 0.389986 0.504109 0.366125 0.505635 0.361648 0.505482 0.360019 0.488771 0.345912 0.486201 0.345912 0.481187 0.346847 0.467346 0.344741 0.458198 0.342745 0.454461 0.339495 0.450117 0.338269 0.412555 0.332750 0.401122 0.330926
8 0.356576 0.163769 0.362612 0.181185 0.369010 0.199537 0.367740 0.201542 0.364594 0.191977 0.358227 0.175111 0.354638 0.165185 0.354552 0.162444
8 0.369747 0.202444 0.372872 0.211204 0.371917 0.212449 0.368607 0.204602
8 0.401862 0.127153 0.395206 0.143907 0.387430 0.164528 0.380180 0.182079 0.371479 0.199278 0.369747 0.202444 0.368607 0.204602 0.361688 0.216255 0.356198 0.225315 0.354206 0.223194 0.364344 0.207597 0.367740 0.201542 0.369010 0.199537 0.377161 0.182731 0.400484 0.125301
8 0.377732 0.161014 0.371628 0.181667 0.367195 0.192347 0.368130 0.187708 0.376008 0.159523
8 0.395385 0.179273 0.394503 0.180977 0.389060 0.178750 0.391599 0.177903
8 0.383792 0.173282 0.387956 0.175259 0.385760 0.176218 0.383029 0.175088
1 0.427359 0.135856 0.418990 0.147569 0.412779 0.154574 0.405286 0.160139 0.400018 0.161181 0.394464 0.161181 0.391089 0.162958 0.388398 0.167958 0.385023 0.173736 0.384214 0.173403 0.390089 0.161181 0.394273 0.159403 0.398021 0.158963 0.403708 0.158847 0.408833 0.156296 0.415576 0.149296 0.421510 0.142412 0.427198 0.134079
8 0.389818 0.179120 0.391232 0.182741 0.395107 0.188880 0.401641 0.197838 0.408828 0.202736 0.416154 0.206551 0.417836 0.205056 0.411302 0.201657 0.403086 0.196181 0.396599 0.187468 0.391432 0.179722
8 0.395779 0.189778 0.384781 0.189741 0.384693 0.187380 0.394214 0.187704
8 0.372266 0.197685 0.384849 0.191532 0.385495 0.191532 0.385695 0.192968 0.385372 0.194259 0.370367 0.201574
8 0.374219 0.199815 0.372518 0.202134 0.371792 0.203708 0.371995 0.206435 0.378495 0.225856 0.384042 0.244250 0.385820 0.243875 0.379984 0.225329 0.374010 0.206139 0.373526 0.204120 0.374391 0.202685 0.378169 0.197981
8 0.365487 0.195384 0.363268 0.201481 0.361695 0.206213 0.360687 0.209727 0.360242 0.213884 0.362622 0.210157 0.364276 0.206282 0.365729 0.201981 0.366172 0.199398 0.366698 0.198181
8 0.368057 0.235343 0.340242 0.224963 0.329490 0.221736 0.329919 0.219269 0.343505 0.223815 0.368979 0.232509
8 0.379089 0.267870 0.385266 0.270685 0.384453 0.273556 0.379497 0.270972
8 0.392049 0.409704 0.394792 0.412500 0.397495 0.416088 0.396810 0.416519 0.393823 0.413218 0.391365 0.410926
8 0.377044 0.400597 0.381763 0.402463 0.389549 0.408843 0.390234 0.407269 0.385393 0.403611 0.382328 0.400958 0.380352 0.399236 0.378021 0.399074 0.376357 0.398731
8 0.521422 0.321810 0.509641 0.331921 0.510247 0.334861 0.521422 0.324463 0.522104 0.323532
8 0.519826 0.314968 0.518518 0.324264 0.517120 0.325426 0.518893 0.311815
8 0.518320 0.327991 0.517836 0.332579 0.518724 0.339032 0.517513 0.339968 0.516383 0.332366 0.516464 0.330574 0.516948 0.328634
8 0.408906 0.204394 0.408906 0.217056 0.406906 0.217056 0.407094 0.204616 0.407901 0.203949
8 0.407693 0.252208 0.407646 0.265319 0.405919 0.265236 0.406013 0.252125
8 0.424365 0.258847 0.424906 0.259972 0.424906 0.261847 0.424542 0.262917 0.423581 0.262866 0.421711 0.260773 0.399859 0.245671 0.389578 0.238153 0.387005 0.235792 0.386133 0.234301 0.386586 0.232815 0.387216 0.232009 0.388750 0.233125 0.397828 0.240750 0.402120 0.243560 0.406331 0.246745 0.407898 0.247995 0.416604 0.254023 0.418049 0.254667
8 0.402734 0.247824 0.407362 0.276088 0.407362 0.277093 0.406432 0.277667 0.405945 0.277449 0.400943 0.249912 0.400378 0.246255
8 0.387690 0.250731 0.389479 0.256296 0.391177 0.263750 0.390932 0.264306 0.390060 0.264616 0.389643 0.263565 0.388805 0.259472 0.386294 0.250731
8 0.405977 0.290023 0.403081 0.283699 0.401896 0.282213 0.399318 0.280477 0.386000 0.274773 0.386732 0.271366 0.400013 0.277500 0.402141 0.278185 0.403362 0.279421 0.404510 0.281157 0.406641 0.285417
8 0.405240 0.288931 0.396872 0.287690 0.395164 0.287009 0.394292 0.284778 0.391677 0.277343 0.389169 0.276227 0.391888 0.284903 0.394049 0.289426 0.395617 0.290602 0.400081 0.291718 0.405797 0.292833 0.405977 0.290023
8 0.430445 0.291431 0.408044 0.289606 0.407857 0.292759 0.424284 0.294005 0.424984 0.292343 0.425966 0.292426 0.425966 0.294005 0.425966 0.294667 0.430911 0.295329
8 0.343914 0.245162 0.338401 0.250764 0.328161 0.261181 0.329047 0.263282 0.339091 0.252866 0.341552 0.250764 0.344456 0.246477
8 0.344997 0.253389 0.333674 0.276750 0.332789 0.274833 0.336776 0.264593 0.345391 0.248750
8 0.331828 0.260407 0.336318 0.262542 0.335474 0.264477 0.330474 0.261907
8 0.452820 0.315074 0.452820 0.316630 0.452578 0.317699 0.451977 0.317699 0.447276 0.313681 0.429753 0.300889 0.424792 0.296935 0.425076 0.294287 0.425518 0.293782 0.433224 0.299519 0.445807 0.309556
8 0.438607 0.315250 0.441307 0.319861 0.446005 0.325042 0.451190 0.329843 0.454807 0.333394 0.461828 0.337236 0.461451 0.339153 0.455078 0.335315 0.450542 0.331477 0.445573 0.326579 0.440714 0.320532 0.437906 0.316884
8 0.445677 0.304954 0.444271 0.308287 0.445297 0.309097 0.447708 0.304583
8 0.444810 0.312074 0.441846 0.320315 0.441307 0.319861 0.440380 0.318458 0.443169 0.310708
8 0.441203 0.321190 0.438763 0.328440 0.437997 0.327139 0.437961 0.325778 0.440018 0.319889
7 0.515964 0.671991 0.513602 0.701926 0.511781 0.701662 0.510747 0.700528 0.510451 0.695273 0.508729 0.683546 0.507005 0.677856 0.514982 0.672519
7 0.515612 0.702102 0.515904 0.696315 0.516451 0.686505 0.516766 0.682537 0.518099 0.670417 0.519924 0.669153 0.530104 0.698944 0.528484 0.700431 0.526617 0.701921 0.520878 0.703579
8 0.515964 0.671991 0.513602 0.701926 0.512716 0.707056 0.511708 0.719463 0.514516 0.716662 0.514659 0.710505 0.515115 0.705444 0.515612 0.702102 0.515904 0.696315 0.516451 0.686505 0.516766 0.682537 0.518021 0.670509
8 0.524219 0.656019 0.532786 0.693889 0.534089 0.692083 0.526016 0.659398
8 0.542385 0.673310 0.534727 0.672176 0.533365 0.668847 0.540651 0.670417
8 0.528203 0.668241 0.530232 0.668250 0.531823 0.671866 0.528854 0.671250
8 0.522474 0.667407 0.526260 0.667343 0.527083 0.671065 0.523594 0.670509
8 0.510729 0.665741 0.515870 0.666255 0.516047 0.667935 0.514784 0.668829 0.510445 0.667968
7 0.516484 0.657963 0.511305 0.659681 0.510729 0.665741 0.515870 0.666255
7 0.509117 0.660056 0.505602 0.662231 0.505107 0.662787 0.505081 0.664269 0.506799 0.674130 0.514784 0.668829 0.510445 0.667968 0.510219 0.669750 0.509495 0.670431 0.508687 0.669750 0.508432 0.668083
8 0.490628 0.645148 0.487133 0.645954 0.486289 0.642685 0.489422 0.641884 0.490805 0.644009
8 0.485547 0.646852 0.470714 0.653074 0.470190 0.651495 0.470391 0.649417 0.470714 0.648917 0.478781 0.644829 0.484549 0.643181
8 0.468971 0.634593 0.479013 0.644759 0.481802 0.643954 0.476651 0.637847 0.468354 0.629375
8 0.466065 0.620898 0.470406 0.655750 0.471339 0.655417 0.471104 0.653426 0.470714 0.653074 0.470078 0.651931 0.470190 0.651495 0.470391 0.649417 0.470714 0.648917 0.470172 0.641727 0.468971 0.634593 0.468354 0.629375 0.467326 0.621648
8 0.500456 0.631014 0.498992 0.650903 0.497018 0.673370 0.496831 0.680755 0.498977 0.679264 0.500190 0.663250 0.500891 0.650222 0.501237 0.644755 0.501568 0.633685 0.501013 0.631954
8 0.501354 0.682037 0.500669 0.717694 0.502484 0.720347 0.502581 0.714333 0.502453 0.710324 0.503016 0.684588 0.502552 0.680880
8 0.502214 0.723796 0.502135 0.736630 0.501745 0.737167 0.500508 0.734810 0.500599 0.722704 0.501029 0.722412
8 0.502667 0.697917 0.512367 0.710398 0.512339 0.712861 0.511943 0.712667 0.510409 0.711384 0.502727 0.700866
8 0.502474 0.706481 0.504411 0.707106 0.506208 0.708546 0.509281 0.710995 0.506547 0.710810 0.504724 0.709329 0.503474 0.708264 0.502536 0.708125
8 0.498177 0.706250 0.500792 0.706463 0.500818 0.707986 0.498188 0.707852
8 0.496719 0.684981 0.497346 0.693968 0.498130 0.704431 0.498177 0.706250 0.498188 0.707852 0.498307 0.709491 0.496289 0.709306 0.495479 0.696236 0.494909 0.688940 0.494635 0.686250
8 0.500833 0.711667 0.496984 0.711569 0.495500 0.709255 0.496289 0.709306 0.498307 0.709491 0.500812 0.709394
8 0.629404 0.684255 0.627669 0.689634 0.627326 0.690898 0.625552 0.696412 0.624914 0.699500 0.624495 0.699032 0.624617 0.698690 0.627326 0.688884 0.628872 0.683157
8 0.455651 0.438935 0.453047 0.454630 0.448596 0.478032 0.445917 0.489273 0.445234 0.489880 0.444552 0.489171 0.444266 0.488259 0.450987 0.454338 0.453664 0.439856
8 0.520208 0.632083 0.526456 0.643671 0.532073 0.652731 0.539979 0.664921 0.543667 0.671111 0.545326 0.675051 0.545198 0.675426 0.542385 0.673310 0.540651 0.670417 0.536174 0.663398 0.527971 0.649222 0.520292 0.635481
8 0.500990 0.581713 0.504797 0.590315 0.510091 0.604042 0.515406 0.619046 0.519487 0.632449 0.520292 0.635481 0.522547 0.642736 0.523526 0.647579 0.519826 0.638500 0.515987 0.625505 0.511229 0.610009 0.502339 0.586991 0.501271 0.584722
8 0.501424 0.588995 0.505336 0.599116 0.508875 0.608551 0.511807 0.617551 0.514432 0.624796 0.517372 0.633412 0.518607 0.635963 0.519826 0.638500 0.518862 0.634907 0.515987 0.625505 0.511229 0.610009 0.502339 0.586991 0.501271 0.584722
8 0.607214 0.646759 0.615352 0.660310 0.627271 0.679824 0.637852 0.698056 0.638547 0.698111 0.638687 0.696875 0.638062 0.695574 0.625562 0.674838 0.613862 0.654968 0.608701 0.645866
8 0.440760 0.540977 0.438891 0.557343 0.436922 0.567505 0.435641 0.563819 0.438990 0.540102
8 0.440052 0.528995 0.439411 0.537162 0.441115 0.537921 0.441539 0.532245
1 0.446466 0.431000 0.445766 0.432634 0.444112 0.433287 0.442898 0.433028 0.442161 0.434398 0.442052 0.436690 0.442052 0.439106 0.441133 0.440676 0.439956 0.441069 0.437896 0.441069 0.437198 0.441394 0.436719 0.442375 0.436609 0.445579 0.436169 0.444861 0.436352 0.441852 0.436831 0.440088 0.437602 0.439306 0.438706 0.439236 0.439516 0.439370 0.440323 0.438912 0.441060 0.437866 0.441318 0.434986 0.441279 0.433875 0.441794 0.432310 0.442604 0.431981 0.443633 0.431981 0.444995 0.432046 0.445693 0.430935
1 0.436302 0.449597 0.435260 0.455370 0.434904 0.454681 0.435859 0.448917
7 0.600581 0.538046 0.600161 0.549162 0.587232 0.543968 0.586242 0.541009 0.590630 0.539514 0.590630 0.537606 0.589836 0.534204 0.596367 0.536602
8 0.562456 0.354801 0.548352 0.362347 0.546010 0.363602 0.544115 0.364250 0.543888 0.363352 0.545729 0.362565 0.548352 0.360843 0.562198 0.353722
6 0.486172 0.303380 0.482367 0.302440 0.480919 0.306176 0.494258 0.335255 0.504302 0.359042 0.505221 0.355875 0.505273 0.350116 0.502953 0.340616 0.493349 0.318204
1 0.536393 0.330597 0.537997 0.332458 0.539740 0.334255 0.540995 0.335120 0.541693 0.335991 0.542146 0.337477 0.542146 0.339338 0.541831 0.341940 0.541622 0.343801 0.541760 0.345162 0.542948 0.346403 0.543888 0.347083 0.544271 0.348384 0.544341 0.350060 0.543747 0.352352 0.543227 0.354028 0.543417 0.358218 0.543974 0.359023 0.543870 0.357162 0.543870 0.353940 0.544318 0.353167 0.545164 0.351088 0.545286 0.348722 0.544841 0.346139 0.544156 0.345208 0.543430 0.344565 0.542703 0.342843 0.542664 0.340977 0.543349 0.338829 0.543107 0.336889 0.542784 0.335028 0.542026 0.333940 0.541060 0.333245 0.539943 0.332319 0.538641 0.331162 0.537000 0.329403 0.536453 0.328843
5 0.391445 0.190602 0.393083 0.195625 0.392560 0.197171 0.389807 0.201389 0.386427 0.208231 0.383513 0.214088 0.382974 0.216102 0.381135 0.218213 0.380328 0.219269 0.378383 0.219653 0.377500 0.217125 0.378852 0.213139 0.379599 0.207995 0.380206 0.205005 0.380906 0.204264 0.381279 0.206833 0.382542 0.207824 0.382630 0.202852 0.382773 0.200861 0.383706 0.200278 0.385247 0.200611 0.385714 0.198199 0.384221 0.197537 0.383333 0.195546 0.385372 0.194259 0.385695 0.192968 0.385495 0.191532 0.384849 0.191532 0.384781 0.189741
5 0.370130 0.208657 0.367029 0.212278 0.367263 0.213519 0.368383 0.214681 0.376922 0.220986 0.373432 0.210801 0.371396 0.206917 0.372872 0.211204 0.371917 0.212449
5 0.376607 0.209819 0.375401 0.211264 0.376727 0.215014 0.377690 0.212065 0.377872 0.210194
8 0.484727 0.440394 0.480344 0.445463 0.474766 0.452454 0.468560 0.458699 0.462177 0.467551 0.461667 0.466565 0.466305 0.459079 0.473068 0.451588 0.480047 0.444102 0.484430 0.439181
8 0.585622 0.437727 0.582401 0.449009 0.580349 0.452079 0.577594 0.453657 0.574234 0.451583 0.551615 0.427963 0.553219 0.434704 0.559846 0.441509 0.574339 0.455870 0.577034 0.458278 0.579523 0.457694 0.581034 0.455870 0.583141 0.453282 0.586328 0.446370 0.588161 0.439648 0.587297 0.438014 0.586758 0.437731
8 0.591969 0.445144 0.588255 0.451815 0.586924 0.453176 0.584302 0.456403 0.581440 0.457551 0.580068 0.457120 0.581034 0.455870 0.583141 0.453282 0.584234 0.453005 0.585984 0.450917 0.589328 0.445296 0.590745 0.442505
8 0.550130 0.409259 0.560661 0.426324 0.566930 0.436000 0.569349 0.439861 0.575552 0.452255 0.577594 0.453657 0.579844 0.452338 0.570039 0.436412 0.567771 0.432190 0.552307 0.406245
8 0.553219 0.434704 0.555346 0.443616 0.555938 0.445093 0.559008 0.457667 0.563505 0.478819 0.561448 0.478014 0.554544 0.447208 0.553029 0.441454 0.552609 0.439653 0.547852 0.419940 0.548234 0.418264 0.548898 0.417894 0.549385 0.418079
8 0.550990 0.432917 0.546727 0.428537 0.545596 0.425810 0.544305 0.425236 0.539948 0.418889 0.535672 0.413264 0.535914 0.412329 0.541299 0.418269 0.542466 0.419181 0.549427 0.426097
8 0.539820 0.422338 0.535846 0.427977 0.534937 0.427356 0.539052 0.421472
8 0.526784 0.408046 0.531826 0.420491 0.531312 0.422731 0.530518 0.422981 0.530099 0.421986 0.525292 0.409870
8 0.599378 0.456120 0.598404 0.457560 0.597971 0.460250 0.598242 0.463611 0.605318 0.490875 0.606159 0.490949 0.607406 0.491278 0.607471 0.495278 0.607159 0.500722 0.610219 0.512167 0.613406 0.512722 0.613565 0.511866 0.608096 0.488435 0.600911 0.459306 0.600083 0.456755
8 0.593177 0.459097 0.586724 0.471648 0.582367 0.480398 0.583659 0.482477 0.592289 0.465194 0.594469 0.460389
8 0.601292 0.461287 0.607219 0.467236 0.607430 0.468287 0.606349 0.470458 0.605721 0.469963 0.602448 0.465972
8 0.474750 0.534917 0.473508 0.537991 0.459143 0.519176 0.439164 0.496903 0.444628 0.498236 0.459208 0.515134 0.468583 0.527074
8 0.416198 0.256935 0.415271 0.267903 0.413979 0.279593 0.415703 0.279861 0.416641 0.270926 0.416979 0.267222 0.417490 0.262241 0.417974 0.258296
8 0.415417 0.283662 0.414581 0.290046 0.412969 0.289954 0.413698 0.282639
8 0.414323 0.293287 0.413880 0.302222 0.412271 0.298204 0.412474 0.293056
8 0.411510 0.300972 0.410823 0.313014 0.412190 0.311111 0.412753 0.303051
8 0.407706 0.293968 0.411922 0.301685 0.414966 0.307417 0.416052 0.305968 0.413880 0.302222 0.412271 0.298204 0.410440 0.294949 0.409320 0.292907 0.407857 0.292759
8 0.412005 0.314907 0.412031 0.325051 0.412380 0.331000 0.410651 0.327870 0.410547 0.317222
8 0.415344 0.322069 0.411997 0.325713 0.412031 0.325051 0.411997 0.322231 0.414891 0.319231
8 0.570044 0.595940 0.572620 0.604505 0.574974 0.605884 0.571995 0.595417 0.570414 0.594764
8 0.563669 0.562648 0.568667 0.582287 0.571685 0.591176 0.568667 0.590130 0.564073 0.572343 0.561273 0.561569
8 0.619375 0.572144 0.620997 0.583606 0.620161 0.585532 0.616620 0.590491 0.617539 0.590778 0.620802 0.586407 0.622130 0.584745 0.622328 0.582208 0.621047 0.574856
8 0.483255 0.442176 0.482771 0.455977 0.482471 0.459329 0.484677 0.459380 0.485698 0.441528 0.486276 0.435606 0.486146 0.433102 0.484945 0.434690 0.483773 0.435894 0.483206 0.440236 0.484430 0.439181 0.484727 0.440394
8 0.482214 0.463190 0.481831 0.467653 0.482297 0.468639 0.483148 0.469019 0.483786 0.468639 0.484596 0.467435 0.484799 0.466639 0.484596 0.463190
8 0.503513 0.302792 0.509641 0.331921 0.510721 0.337472 0.508206 0.333093 0.501857 0.305083 0.501760 0.303773 0.502203 0.302898 0.502841 0.302898
8 0.511161 0.339662 0.515492 0.358741 0.512539 0.353227 0.509044 0.337208
8 0.515391 0.362685 0.524206 0.355588 0.524354 0.354190 0.524107 0.352787 0.523370 0.352875 0.514706 0.361278
8 0.518805 0.445708 0.514081 0.443347 0.513096 0.440019 0.513096 0.438884 0.518411 0.440546 0.519544 0.441333 0.519987 0.442560 0.519987 0.443958 0.519643 0.444657
8 0.493698 0.432315 0.512159 0.438356 0.512997 0.442907 0.509846 0.441824 0.506805 0.440644 0.493896 0.436870
8 0.517747 0.459514 0.516021 0.462500 0.512810 0.468894 0.509266 0.475634 0.504539 0.481495 0.501094 0.485259 0.497292 0.488009 0.491542 0.491037 0.485586 0.493398 0.480810 0.494801 0.475885 0.494676 0.471344 0.493639 0.462990 0.493662 0.462497 0.489810 0.468508 0.490644 0.472742 0.491074 0.478398 0.491301 0.481549 0.490597 0.487586 0.489102 0.491872 0.487181 0.493479 0.486231 0.496372 0.484944 0.497992 0.484384 0.501586 0.481060 0.504391 0.477472 0.509560 0.469944 0.514927 0.460403 0.516602 0.457431
8 0.505000 0.457037 0.504599 0.459755 0.504695 0.461079 0.512917 0.464227 0.514591 0.461079 0.507010 0.457218
8 0.514661 0.464773 0.517865 0.466356 0.518914 0.466569 0.520003 0.465352 0.516021 0.462500
8 0.482471 0.459329 0.476622 0.459130 0.476482 0.462056 0.476924 0.462694 0.482529 0.462745 0.501581 0.464926 0.512133 0.465681 0.512917 0.464227 0.504695 0.461079 0.485794 0.459477
8 0.362148 0.237653 0.337977 0.235634 0.336992 0.234852 0.337289 0.233454 0.338174 0.232227 0.348333 0.233074 0.349729 0.233074 0.361172 0.235139
8 0.354010 0.261343 0.357016 0.268236 0.355932 0.269634 0.353914 0.265083
8 0.344094 0.242551 0.346208 0.244981 0.345469 0.247731 0.343331 0.244352
8 0.436979 0.181574 0.432031 0.199278 0.429651 0.202074 0.435219 0.181704 0.435818 0.180847 0.436388 0.180847
8 0.414292 0.152681 0.406628 0.163222 0.402148 0.170394 0.409935 0.167023 0.416388 0.157773 0.435174 0.127009 0.429505 0.129769 0.427359 0.135856 0.418990 0.147569
8 0.372839 0.334657 0.373648 0.360282 0.371661 0.360153 0.371221 0.348843 0.371466 0.345667 0.372409 0.335250
8 0.482672 0.299755 0.480805 0.299171 0.480805 0.285731 0.480711 0.279921 0.481643 0.274611 0.482237 0.263824 0.481862 0.260426 0.479904 0.257356 0.479904 0.255528 0.480464 0.254532 0.481198 0.254815 0.483776 0.259514 0.484104 0.260838 0.484198 0.266231 0.483984 0.269213 0.483906 0.272824 0.483435 0.282361 0.482862 0.291579
8 0.448232 0.270421 0.467714 0.270995 0.481698 0.272565 0.482044 0.268657 0.476094 0.268329 0.474820 0.268384 0.474195 0.268542 0.472383 0.268653 0.461776 0.267181 0.447060 0.267431
8 0.417240 0.308472 0.419672 0.314315 0.422609 0.325269 0.425768 0.334532 0.424305 0.334310 0.420458 0.322324 0.417602 0.313963 0.415979 0.310120
8 0.396021 0.291537 0.394880 0.307838 0.392943 0.327657 0.392607 0.328111 0.391411 0.327435 0.391286 0.325468 0.392523 0.312759 0.392906 0.309282 0.393185 0.303704 0.393672 0.288944 0.394049 0.289426
8 0.373828 0.317130 0.362422 0.335741 0.356784 0.343796 0.355818 0.340759 0.375924 0.308153
8 0.385052 0.298102 0.376956 0.311264 0.378828 0.302792 0.383253 0.295528
8 0.392188 0.286074 0.385549 0.297042 0.383677 0.294773 0.391081 0.282218
8 0.385919 0.302264 0.380159 0.315042 0.379763 0.316093 0.379911 0.317403 0.380159 0.318454 0.381094 0.319065 0.382177 0.317843 0.389758 0.301824
8 0.393516 0.294306 0.389758 0.301824 0.382177 0.317843 0.381094 0.319065 0.377727 0.324889 0.374833 0.328667 0.373260 0.330560 0.372409 0.335250 0.375216 0.332375 0.379557 0.327384 0.382703 0.321407 0.385727 0.315051 0.390602 0.304977 0.393227 0.298292
8 0.369841 0.338694 0.358719 0.348731 0.357604 0.345819 0.365273 0.338009 0.370677 0.333426
8 0.367188 0.340694 0.364497 0.365778 0.365815 0.368880 0.369193 0.339583
8 0.337734 0.232620 0.336854 0.231144 0.331516 0.225745 0.330721 0.225745 0.330659 0.229148 0.334167 0.232972 0.336992 0.234852 0.337289 0.233454
8 0.344456 0.246477 0.341552 0.250764 0.338120 0.256750 0.338469 0.258051 0.338294 0.259356 0.337526 0.259912 0.336865 0.259356 0.335505 0.262514 0.336318 0.262542 0.335474 0.264477 0.333865 0.264810 0.331495 0.270324 0.332789 0.274833 0.336776 0.264593 0.345391 0.248750 0.345469 0.247731
8 0.337518 0.235245 0.342497 0.246690 0.340961 0.248347 0.339784 0.245352 0.338911 0.245083 0.335607 0.235894 0.336198 0.235185 0.335078 0.233657
8 0.398125 0.244630 0.397414 0.255995 0.398737 0.253889 0.399227 0.253269 0.398948 0.248565 0.398354 0.246023
8 0.400070 0.246116 0.399706 0.250829 0.399539 0.247727 0.398992 0.245181 0.399859 0.245671
8 0.401292 0.223787 0.400523 0.242579 0.398185 0.240426 0.399354 0.223074
8 0.414844 0.190231 0.411078 0.189801 0.411219 0.192222 0.415159 0.193028
8 0.411172 0.189074 0.406862 0.193458 0.403802 0.196574 0.405047 0.197731 0.410208 0.191718 0.411115 0.190856
8 0.410812 0.189329 0.408443 0.188819 0.403651 0.187801 0.399641 0.187569 0.396599 0.187468 0.398547 0.190255 0.403260 0.190394 0.407245 0.191042 0.408911 0.191412
8 0.361529 0.216819 0.361612 0.222000 0.361940 0.225125 0.362682 0.230370 0.360732 0.229667 0.359964 0.224440 0.359742 0.220435 0.359909 0.219019
1 0.488523 0.273273 0.494779 0.275005 0.495477 0.275921 0.495440 0.277750 0.495339 0.279074 0.494411 0.279713 0.483724 0.276806 0.483435 0.282361 0.483930 0.284287 0.484924 0.286579 0.500076 0.276639 0.505995 0.272389 0.506143 0.271736 0.493013 0.224144 0.492500 0.222968 0.484372 0.233032 0.480070 0.239505 0.479187 0.242579 0.493307 0.236958 0.493823 0.237347 0.493823 0.241338 0.493089 0.242644 0.477164 0.246958 0.479133 0.250958 0.493867 0.243972 0.494271 0.243972 0.494529 0.244954 0.494552 0.246375 0.480466 0.253699 0.481063 0.254412 0.483776 0.259514 0.484104 0.260838 0.484198 0.266231 0.483984 0.269213 0.488745 0.269481
8 0.517695 0.309546 0.518745 0.308972 0.518865 0.307537 0.518422 0.305889 0.510487 0.279667 0.503836 0.256755 0.490536 0.210019 0.482651 0.186505 0.481089 0.187065 0.490896 0.218940 0.492500 0.222968 0.493013 0.224144 0.506143 0.271736 0.512536 0.294282
8 0.479214 0.181796 0.480828 0.186458 0.482440 0.185310 0.480667 0.179787 0.479779 0.179861 0.479375 0.180292 0.479333 0.180792
1 0.485706 0.225356 0.483310 0.229630 0.479151 0.235523 0.476396 0.236435 0.470240 0.235435 0.467768 0.230204 0.466693 0.227306 0.467669 0.226556
1 0.486633 0.211463 0.484393 0.212292 0.482339 0.213042 0.481125 0.215199 0.480706 0.217435 0.478000 0.218185 0.476180 0.217769 0.474872 0.218185 0.473612 0.217519 0.471138 0.218269 0.465724 0.222912 0.467219 0.224157 0.468198 0.224407 0.486820 0.222417 0.488594 0.218597 0.489807 0.217769 0.490096 0.216440 0.487164 0.207139 0.486573 0.207764 0.486331 0.208194 0.486227 0.209315 0.486367 0.209935
1 0.472818 0.215481 0.473612 0.217519 0.474315 0.217898 0.473445 0.215417
1 0.526206 0.329227 0.525474 0.330838 0.524638 0.331644 0.523732 0.331769 0.522544 0.330963 0.521500 0.330157 0.520906 0.329477 0.519406 0.329787 0.518432 0.331028 0.517836 0.332579 0.518083 0.334310 0.518953 0.332079 0.519477 0.331338 0.520383 0.330963 0.521464 0.331954 0.522336 0.332759 0.523732 0.333259 0.524568 0.333069 0.525404 0.332574 0.525997 0.331273 0.526451 0.330097
1 0.516622 0.334032 0.515893 0.334634 0.515112 0.334032 0.514331 0.333523 0.513706 0.333106 0.513211 0.332968 0.512430 0.333153 0.511154 0.334079 0.510867 0.335144 0.510581 0.336069 0.510451 0.336440 0.510721 0.337472 0.511154 0.336023 0.511831 0.334634 0.513315 0.334032 0.514227 0.334403 0.515060 0.335560 0.515555 0.335792 0.516284 0.335838 0.516753 0.335282
1 0.518932 0.303056 0.520854 0.300843 0.521482 0.299602 0.520995 0.297435 0.520331 0.295759 0.520193 0.293903 0.520260 0.293097 0.520924 0.292042 0.521237 0.288880 0.520331 0.287208 0.519948 0.284542 0.520089 0.282250 0.519365 0.280208 0.516240 0.273907 0.512693 0.268431 0.511057 0.266190 0.510078 0.264944 0.510091 0.263042 0.509930 0.259875 0.509065 0.258343 0.507607 0.256898 0.507984 0.255269 0.507339 0.253347 0.507339 0.248259 0.506742 0.245671 0.506000 0.242093 0.504414 0.236366 0.502917 0.232796 0.500914 0.228403 0.497503 0.224005 0.496633 0.223685 0.502333 0.242815 0.506549 0.258361 0.514057 0.285181
8 0.415208 0.311065 0.417617 0.324134 0.418836 0.332685 0.418870 0.333556 0.417268 0.333370 0.415664 0.322648 0.415344 0.322069 0.414891 0.319231 0.413711 0.312731
8 0.412560 0.306222 0.413294 0.309569 0.414547 0.308083 0.413781 0.305356 0.412773 0.303282
8 0.432031 0.302639 0.435367 0.323106 0.437107 0.332389 0.438477 0.336403 0.439365 0.336546 0.438073 0.328944 0.435521 0.311620 0.434115 0.304028
8 0.419237 0.312824 0.423966 0.314431 0.425443 0.315236 0.425865 0.316949 0.425836 0.318449 0.425414 0.319949 0.424448 0.319843 0.423003 0.319199 0.420742 0.318287
8 0.441708 0.255926 0.441286 0.257051 0.441286 0.258125 0.441948 0.259889 0.445911 0.268292 0.446698 0.270458 0.451326 0.283787 0.457630 0.301917 0.462076 0.315519 0.464370 0.315366 0.463763 0.312495 0.459852 0.302167 0.452977 0.283435 0.448232 0.270421 0.447060 0.267431 0.444034 0.259505 0.443148 0.257282 0.442745 0.256213 0.442341 0.255852
8 0.441917 0.294088 0.447708 0.304583 0.452560 0.315083 0.462938 0.335880 0.463031 0.331481 0.458221 0.321861 0.447148 0.299787 0.442060 0.290056 0.441151 0.288014 0.439477 0.288574 0.441885 0.292787 0.442339 0.292787 0.442547 0.293528 0.442547 0.293778
8 0.464740 0.334537 0.470208 0.345139 0.467841 0.344662 0.464427 0.337843
8 0.471349 0.336616 0.475393 0.338352 0.476161 0.338907 0.475917 0.339713 0.473510 0.342815 0.474279 0.344671 0.476857 0.341699 0.477625 0.340148 0.477591 0.337981 0.477206 0.337120 0.476229 0.336181 0.474836 0.335440 0.469885 0.333463
8 0.464844 0.331019 0.467599 0.332236 0.469044 0.336630 0.464768 0.333630
8 0.406818 0.219481 0.406042 0.246759 0.407898 0.247995 0.408654 0.219722
8 0.362268 0.299435 0.364323 0.308815 0.366422 0.318519 0.366982 0.322171 0.368242 0.320514 0.367870 0.315532 0.365021 0.305412 0.363854 0.297944
8 0.354055 0.313292 0.354195 0.326319 0.353633 0.328227 0.354195 0.330056 0.354615 0.331713 0.354708 0.336773 0.352513 0.330801 0.351859 0.316528
8 0.361490 0.288449 0.363021 0.293843 0.361570 0.295764 0.359312 0.288449
8 0.446469 0.171769 0.440216 0.177852 0.436833 0.181185 0.436388 0.180847 0.435818 0.180847 0.435219 0.181704 0.434424 0.182032 0.434711 0.179255 0.443826 0.170782 0.445362 0.169579 0.445883 0.169532 0.446378 0.170509
8 0.432763 0.181708 0.427745 0.186481 0.422060 0.192370 0.421922 0.194106 0.421781 0.195157 0.422060 0.195157 0.422583 0.193361 0.424013 0.192616 0.424089 0.193796 0.431857 0.185801
8 0.449094 0.177394 0.443729 0.178088 0.443521 0.179153 0.443964 0.184986 0.443443 0.185218 0.442792 0.177856 0.443417 0.176468 0.443807 0.176097 0.444562 0.176005 0.449198 0.175819
8 0.451276 0.175278 0.453859 0.175125 0.454172 0.175125 0.454510 0.175449 0.454484 0.178644 0.453781 0.178458 0.453781 0.177069 0.453417 0.176699 0.450943 0.176838
8 0.450443 0.168019 0.449583 0.173944 0.449198 0.175819 0.449094 0.177394 0.448021 0.181167 0.446445 0.187333 0.446320 0.190616 0.445763 0.191856 0.444857 0.192782 0.443115 0.201833 0.445240 0.199167 0.446216 0.197370 0.448831 0.185657 0.450052 0.182556 0.450784 0.178963 0.450943 0.176838 0.451276 0.175278 0.452073 0.170407 0.452107 0.169046 0.451549 0.168241 0.451062 0.167931
8 0.447922 0.177796 0.445411 0.182324 0.443964 0.184986 0.443443 0.185218 0.439135 0.192736 0.436906 0.197009 0.433628 0.202093 0.431083 0.205565 0.431641 0.207236 0.432268 0.207176 0.432932 0.206681 0.439729 0.195833 0.440008 0.194532 0.443076 0.189324 0.446180 0.184491 0.448021 0.181167 0.449094 0.177394
8 0.461570 0.228954 0.461523 0.232769 0.461104 0.233931 0.448828 0.232769 0.446682 0.231690 0.446401 0.230366 0.446776 0.227958 0.447242 0.227625 0.448362 0.227458 0.453776 0.227792
8 0.454776 0.288833 0.466818 0.294111 0.468760 0.292866 0.469464 0.292097 0.456612 0.286241 0.453641 0.284991
8 0.450771 0.293644 0.447667 0.300815 0.448542 0.302454 0.451701 0.295361
8 0.437698 0.279532 0.439823 0.282014 0.441984 0.286477 0.446411 0.296889 0.447148 0.299787 0.442060 0.290056 0.441151 0.288014 0.437753 0.281375 0.436995 0.280079
8 0.446659 0.278278 0.441841 0.278458 0.436320 0.277718 0.436581 0.279296 0.436995 0.280079 0.439966 0.281931 0.443820 0.281611 0.447154 0.281421 0.446880 0.278690
8 0.445573 0.274815 0.440904 0.275310 0.437544 0.275824 0.436216 0.275963 0.436164 0.277718 0.441841 0.278458 0.446659 0.278278 0.446073 0.276250
8 0.428836 0.268667 0.432346 0.275333 0.438357 0.285875 0.440253 0.286593 0.437753 0.281375 0.436995 0.280079 0.436581 0.279296 0.436164 0.277718 0.433354 0.272468 0.430612 0.267375 0.429924 0.266444 0.429401 0.266370 0.428758 0.267301
8 0.419438 0.266657 0.426435 0.267106 0.428758 0.267301 0.428836 0.269884 0.417784 0.270171 0.418299 0.269269
8 0.426034 0.270019 0.425227 0.282069 0.426839 0.282713 0.427242 0.275042 0.426719 0.271958 0.426799 0.269875
8 0.426799 0.287157 0.426799 0.289741 0.425792 0.289741 0.424742 0.289528 0.424742 0.286157
8 0.431870 0.252009 0.432594 0.252120 0.432924 0.253727 0.433195 0.267278 0.434401 0.267278 0.433958 0.253532 0.433878 0.251093 0.433552 0.250384 0.432948 0.249875 0.431453 0.249806 0.431870 0.250995
8 0.444620 0.241148 0.432721 0.235773 0.424411 0.232417 0.423508 0.230968 0.424815 0.230250 0.436594 0.235773 0.444016 0.239431
8 0.417401 0.240741 0.409729 0.249171 0.407898 0.247995 0.408057 0.246259 0.417539 0.237519
8 0.417969 0.232870 0.408474 0.236898 0.408195 0.238389 0.408510 0.239625 0.409346 0.240000 0.417680 0.236093
8 0.438729 0.226958 0.434128 0.228074 0.429943 0.229315 0.426109 0.230801 0.431094 0.233157 0.438589 0.230556 0.440055 0.230120
8 0.437961 0.230986 0.440542 0.231606 0.441135 0.232287 0.441169 0.234088 0.440646 0.235079 0.435417 0.235264 0.431094 0.233157
8 0.438065 0.225097 0.429419 0.226338 0.419763 0.228074 0.419693 0.231361 0.422721 0.230995 0.423508 0.230968 0.424815 0.230250 0.426109 0.230801 0.429943 0.229315 0.434128 0.228074 0.438729 0.226958
8 0.418091 0.228199 0.408398 0.228569 0.408224 0.232597 0.416591 0.231856 0.417393 0.230616 0.418125 0.230616
8 0.401042 0.228509 0.406406 0.229167 0.406589 0.233287 0.400867 0.233343
8 0.404633 0.233468 0.405052 0.245861 0.403099 0.244250 0.402680 0.233468
8 0.398602 0.231917 0.392536 0.231792 0.392013 0.233032 0.392221 0.234583 0.392885 0.235824 0.394315 0.236069 0.398602 0.235759
8 0.400833 0.235699 0.402786 0.235759 0.402680 0.233468 0.400867 0.233343
8 0.429518 0.192644 0.421250 0.202829 0.421411 0.199528 0.430083 0.189491
8 0.419557 0.203333 0.417836 0.205056 0.416154 0.206551 0.411932 0.211005 0.415763 0.210213 0.419555 0.205694
8 0.408906 0.212579 0.411932 0.211005 0.415763 0.210213 0.419193 0.208708 0.418828 0.211148 0.411487 0.214088 0.409714 0.214731 0.408906 0.214519
8 0.413047 0.192639 0.412862 0.202454 0.411815 0.201773 0.411745 0.192412
8 0.413070 0.183551 0.413034 0.190120 0.412164 0.189810 0.412164 0.183736
8 0.374076 0.159681 0.375260 0.162472 0.375646 0.160921 0.374773 0.159060 0.374286 0.159000
8 0.376794 0.164454 0.377737 0.167861 0.377109 0.169102 0.376133 0.166440
8 0.378784 0.171583 0.380036 0.175796 0.379341 0.177468 0.378224 0.172759
8 0.380003 0.182306 0.380490 0.186644 0.381466 0.186269 0.381013 0.180384
8 0.390141 0.148935 0.381786 0.158148 0.377120 0.163787 0.377732 0.161014 0.376513 0.159722 0.391914 0.143792
8 0.368232 0.171329 0.370474 0.175894 0.369073 0.177472 0.367299 0.172324
8 0.374812 0.161704 0.368000 0.169338 0.361232 0.176972 0.362305 0.179875 0.367953 0.173736 0.367299 0.172324 0.368232 0.171329 0.369120 0.172324 0.374068 0.166852 0.375260 0.162472
8 0.378646 0.226157 0.365154 0.222514 0.365107 0.224755 0.366039 0.226829 0.379760 0.230148
8 0.383063 0.226884 0.392443 0.227565 0.396555 0.228310 0.395474 0.231718 0.392536 0.231792 0.388641 0.230912 0.386724 0.229921 0.385609 0.229301 0.383622 0.228681 0.382401 0.227630
8 0.386531 0.223093 0.393630 0.223023 0.397422 0.222231 0.398359 0.220995 0.402714 0.217486 0.395727 0.218431 0.391302 0.219093 0.388802 0.219380 0.386940 0.222347
8 0.454870 0.187870 0.449063 0.195907 0.448214 0.194329 0.454104 0.186157
8 0.447810 0.190458 0.452612 0.187875 0.448859 0.193185 0.446802 0.194690
8 0.443497 0.204523 0.442776 0.205736 0.442938 0.211111 0.443857 0.211208 0.444180 0.206023 0.444719 0.204213
8 0.446844 0.196528 0.446216 0.197370 0.445240 0.199167 0.443115 0.201833 0.447333 0.200495 0.447995 0.198574
8 0.460964 0.192995 0.448763 0.198574 0.447716 0.199130 0.447333 0.200495 0.443115 0.201833 0.436805 0.204773 0.436081 0.206792 0.442076 0.205639 0.442776 0.205736 0.443497 0.204523 0.444719 0.204213 0.444180 0.206023 0.447367 0.204648 0.454224 0.202088 0.463492 0.196370 0.463253 0.195731 0.462109 0.196343 0.461977 0.195750 0.462414 0.195352 0.462484 0.194171 0.461612 0.192995
8 0.473094 0.195106 0.467630 0.205231 0.468464 0.208657 0.471164 0.204255 0.473779 0.200227 0.473221 0.197875
8 0.456982 0.214681 0.461667 0.214722 0.459974 0.217546 0.457135 0.217269 0.456424 0.215611
8 0.562185 0.570861 0.564482 0.588713 0.565742 0.589162 0.566992 0.589167 0.564779 0.575398 0.564073 0.572343
8 0.551320 0.575264 0.552810 0.574056 0.554044 0.574282 0.559745 0.581468 0.559448 0.582602 0.559320 0.582676 0.555661 0.577611 0.553875 0.576171 0.552641 0.575417 0.551789 0.575870
8 0.546896 0.563542 0.551320 0.575264 0.552810 0.574056 0.553362 0.573829 0.550852 0.566338 0.549365 0.564750
8 0.543620 0.554384 0.545237 0.556278 0.546682 0.560815 0.548937 0.561722 0.547492 0.557111 0.545831 0.552796 0.544854 0.551968 0.542299 0.551208
8 0.535151 0.561435 0.546044 0.566204 0.546937 0.567486 0.547109 0.569907 0.546513 0.570968 0.545747 0.570968 0.544471 0.570287 0.536047 0.565750
8 0.529073 0.534477 0.523370 0.548019 0.521073 0.546731 0.527539 0.532208 0.528135 0.532588 0.528690 0.533417
8 0.522604 0.549833 0.521414 0.552481 0.519414 0.550361 0.520052 0.549079
8 0.509312 0.541718 0.516409 0.544264 0.521073 0.546731 0.523370 0.548019 0.529354 0.551324 0.529870 0.553616 0.522604 0.549833 0.520052 0.549079 0.514646 0.545509 0.510750 0.543894 0.508505 0.542532
8 0.520456 0.537269 0.523323 0.541583 0.524536 0.538968 0.522331 0.534523
8 0.526354 0.530935 0.524221 0.532634 0.522331 0.534523 0.520456 0.537269 0.517159 0.539565 0.512010 0.542704 0.509312 0.541718 0.511253 0.540315 0.512857 0.538324 0.521646 0.531852 0.523669 0.528972
1 0.522547 0.525227 0.524073 0.527880 0.525216 0.529014 0.526807 0.529917 0.527951 0.531556 0.529031 0.533250 0.529888 0.535509 0.530747 0.537148 0.531924 0.538787 0.533164 0.539125 0.533734 0.539463 0.535451 0.541949 0.536086 0.543931 0.537167 0.545454 0.537677 0.546472 0.539927 0.548662 0.542299 0.551208 0.543620 0.554384 0.545237 0.556278 0.546229 0.559370 0.543805 0.556648 0.541760 0.553167 0.539846 0.550069 0.538102 0.548176 0.536443 0.546139 0.534826 0.542731 0.533419 0.540384 0.531802 0.539630 0.530443 0.538421 0.529073 0.534477 0.528690 0.533417 0.528135 0.532588 0.527539 0.532208 0.526354 0.530935 0.523669 0.528972 0.521849 0.525028
2 0.542370 0.477810 0.526458 0.474602 0.522570 0.505917 0.522026 0.505861 0.519062 0.506593 0.523409 0.469449 0.523867 0.468366 0.525263 0.468972 0.525776 0.466069 0.532865 0.469856 0.534466 0.469315 0.538203 0.470671 0.538279 0.472162 0.539651 0.472162
2 0.518359 0.510324 0.517224 0.523782 0.517682 0.525546 0.519055 0.527037 0.522716 0.527444 0.521849 0.525028 0.522547 0.525227 0.524073 0.527880 0.529661 0.528463 0.528047 0.524463 0.527214 0.522185 0.521174 0.520366 0.521615 0.514815 0.522031 0.512407 0.521867 0.510023 0.520380 0.509718
2 0.530544 0.523250 0.546073 0.528736 0.570424 0.537991 0.572276 0.545051 0.532888 0.528662 0.531182 0.525546
8 0.546966 0.534407 0.542638 0.540384 0.539880 0.538106 0.543208 0.532991
8 0.562745 0.517394 0.550669 0.530662 0.546682 0.529042 0.561094 0.514153
8 0.563201 0.512130 0.572315 0.502005 0.573396 0.502306 0.575846 0.510611 0.574195 0.509801 0.572940 0.509801 0.572484 0.507472 0.565081 0.515671
8 0.562687 0.485093 0.564284 0.490458 0.565253 0.502005 0.566049 0.508991 0.567586 0.507269 0.566333 0.492282 0.565422 0.488435 0.564797 0.486005
8 0.567995 0.512546 0.569182 0.525597 0.566198 0.517750 0.565763 0.515065
8 0.562695 0.489250 0.556591 0.497301 0.556984 0.498440 0.558263 0.499579 0.559495 0.498704 0.564320 0.491528 0.564284 0.490458
8 0.566732 0.494241 0.569292 0.498176 0.570818 0.503606 0.572315 0.502005 0.573034 0.501852 0.571901 0.498792 0.568849 0.494241 0.566388 0.489690 0.565422 0.488435 0.566333 0.492282
8 0.579531 0.492051 0.574214 0.501417 0.573396 0.502306 0.572294 0.500014 0.573417 0.498167 0.576276 0.491412 0.577727 0.489069
8 0.571901 0.508403 0.572940 0.509801 0.574195 0.509801 0.575846 0.510611 0.579482 0.514875 0.579383 0.517153 0.578320 0.517361 0.577042 0.516750 0.576302 0.516398 0.574974 0.515523 0.569047 0.511287
8 0.613896 0.525023 0.615346 0.532755 0.617521 0.535884 0.617849 0.534046 0.615214 0.519634
8 0.613896 0.513778 0.614094 0.516588 0.611122 0.526903 0.608711 0.532417 0.607185 0.535306 0.603745 0.540958 0.603615 0.544593 0.608081 0.536829 0.609607 0.534639 0.612216 0.528426 0.613896 0.525023 0.615214 0.519634 0.615807 0.517176 0.614951 0.514009
7 0.606198 0.512134 0.610547 0.512722 0.613406 0.512722 0.613565 0.511866 0.618706 0.511866 0.619102 0.513856 0.620023 0.522296 0.619036 0.530611 0.617849 0.534046 0.615214 0.519634 0.615807 0.517176 0.614951 0.514009 0.613896 0.513778 0.614094 0.516588 0.611122 0.526903 0.605854 0.518236
7 0.591214 0.510458 0.588081 0.510255 0.588622 0.525991 0.589370 0.526157 0.589604 0.528477 0.589789 0.532296 0.592354 0.533546 0.600669 0.536384 0.601365 0.526537
8 0.580453 0.523954 0.584422 0.526986 0.589789 0.532296 0.592354 0.533546 0.600669 0.536384 0.600581 0.538046 0.596367 0.536602 0.589836 0.534204 0.587690 0.532792 0.585029 0.530222 0.581904 0.527648
8 0.500943 0.565111 0.505500 0.571694 0.509656 0.576755 0.516435 0.586579 0.525378 0.598426 0.536909 0.613801 0.544672 0.623764 0.565172 0.653657 0.563651 0.654606 0.555107 0.642944 0.539630 0.621667 0.534674 0.613523 0.525453 0.601981 0.514018 0.586940 0.508177 0.579435 0.500766 0.569667
8 0.539648 0.592829 0.536458 0.612977 0.537482 0.614398 0.540958 0.593940
8 0.537141 0.617435 0.535937 0.627269 0.534635 0.625333 0.536229 0.616421
8 0.524917 0.462440 0.535740 0.463148 0.538076 0.468009 0.528393 0.467097 0.525776 0.466069 0.523695 0.464694
8 0.538599 0.463185 0.551023 0.464019 0.551789 0.464620 0.551875 0.466060 0.551747 0.467343 0.551193 0.468630 0.540896 0.467648
8 0.554794 0.447796 0.541750 0.459338 0.540042 0.460958 0.537477 0.460861 0.536883 0.458569 0.538557 0.458088 0.545307 0.451657 0.551042 0.446347 0.552122 0.446287 0.553826 0.444352
8 0.533615 0.487394 0.538242 0.491509 0.543854 0.496148 0.547055 0.499384 0.551240 0.507000 0.553651 0.511551 0.555807 0.514606 0.558565 0.517144 0.560633 0.514606 0.558958 0.513644 0.556250 0.510491 0.551919 0.502005 0.549703 0.498329 0.546503 0.494912 0.541185 0.490102 0.537049 0.486426
8 0.527206 0.474870 0.534047 0.483537 0.530701 0.483972 0.526122 0.477935 0.526458 0.474602
8 0.530750 0.498500 0.535573 0.504977 0.535721 0.506991 0.535081 0.507954 0.534047 0.508481 0.532128 0.506116 0.527992 0.500250
8 0.533901 0.496838 0.540792 0.503315 0.543599 0.505241 0.543943 0.506815 0.543352 0.508218 0.542664 0.508218 0.531341 0.498065
8 0.542172 0.494824 0.543844 0.501301 0.544091 0.504542 0.543943 0.506815 0.544286 0.515218 0.544141 0.528083 0.546073 0.528736 0.546208 0.518106 0.546060 0.509093 0.545568 0.503491 0.544435 0.496926 0.543854 0.496148
8 0.545961 0.507343 0.556398 0.515657 0.558565 0.517144 0.555708 0.519593 0.546060 0.511718
8 0.558318 0.522046 0.566836 0.526944 0.565456 0.523444 0.560633 0.519944
8 0.533263 0.509954 0.543302 0.510088 0.544003 0.510546 0.544258 0.513222 0.543633 0.513681 0.538560 0.513356 0.533448 0.513944
8 0.537008 0.493667 0.542667 0.499208 0.542956 0.500958 0.544091 0.504542 0.543599 0.505241 0.540792 0.503315 0.533901 0.496838
8 0.542089 0.513954 0.542216 0.515394 0.541451 0.516148 0.532641 0.523713 0.530544 0.523250 0.530047 0.521597 0.539661 0.513426
8 0.558148 0.543616 0.560690 0.552431 0.558083 0.551699 0.555859 0.542829
8 0.526664 0.541806 0.536039 0.545250 0.536443 0.546139 0.538102 0.548176 0.539846 0.550069 0.534896 0.548981 0.528792 0.546495
8 0.537167 0.545454 0.544586 0.548218 0.550247 0.549241 0.553354 0.549824 0.558083 0.551699 0.560690 0.552431 0.569250 0.554940 0.572745 0.556412 0.575161 0.556412 0.576273 0.560139 0.573542 0.560537 0.562417 0.557144 0.552563 0.553926 0.548146 0.552625 0.545831 0.552796 0.544854 0.551968 0.542299 0.551208 0.539927 0.548662 0.537677 0.546472
8 0.552563 0.553926 0.560641 0.560833 0.561273 0.561569 0.563669 0.562648 0.570388 0.569329 0.581089 0.578551 0.579839 0.573056 0.568292 0.563056 0.563878 0.559130 0.561268 0.556907
8 0.568281 0.567222 0.573016 0.575940 0.573346 0.577704 0.572870 0.578949 0.571914 0.578750 0.565221 0.566657 0.563669 0.562648
8 0.495318 0.512972 0.495445 0.514861 0.496169 0.515694 0.497190 0.516000 0.500807 0.515167 0.508594 0.513500 0.517742 0.510625 0.520380 0.509718 0.521867 0.510023 0.523273 0.512065 0.525503 0.516579 0.528047 0.524463 0.533096 0.535380 0.537182 0.540278 0.543951 0.545463 0.550247 0.549241 0.553354 0.549824 0.547297 0.544926 0.539880 0.538106 0.535893 0.533736 0.532888 0.528662 0.531182 0.525546 0.528940 0.518162 0.526914 0.511852 0.524008 0.507218 0.522026 0.505861 0.517146 0.506815 0.509070 0.509810 0.506219 0.510491 0.498849 0.511861 0.496083 0.512162
8 0.525125 0.543806 0.529354 0.551324 0.529870 0.553616 0.530604 0.554204 0.531414 0.554333 0.531979 0.552593 0.531341 0.551259 0.529060 0.547338 0.526266 0.541454
8 0.540956 0.543130 0.538872 0.546000 0.537167 0.545454 0.536086 0.543931 0.537987 0.540769
8 0.533422 0.548319 0.538031 0.553273 0.543083 0.557903 0.546229 0.559370 0.543805 0.556648 0.541760 0.553167 0.538813 0.549801 0.534896 0.548981
8 0.535609 0.550727 0.533656 0.553319 0.532042 0.552579 0.531354 0.551481 0.533422 0.548319
8 0.552563 0.553926 0.554802 0.566088 0.552602 0.563731 0.550703 0.553282
8 0.429620 0.440704 0.435859 0.448917 0.436302 0.449597 0.448760 0.465431 0.449641 0.462194 0.436609 0.445579 0.436169 0.444861 0.432513 0.439125
8 0.451250 0.464120 0.457617 0.472023 0.458318 0.478000 0.450547 0.467546
8 0.475885 0.494676 0.483638 0.504065 0.494169 0.517218 0.503823 0.530866 0.511253 0.540315 0.508505 0.542532 0.498380 0.526903 0.497656 0.525093 0.495310 0.522787 0.487414 0.512773 0.474615 0.497083 0.471344 0.493639
1 0.617701 0.564569 0.616065 0.548722 0.608081 0.536829 0.603615 0.544593 0.600164 0.557458 0.597977 0.562009 0.596602 0.565454 0.595664 0.570231 0.595727 0.571787 0.596727 0.575671 0.599227 0.576894 0.599977 0.582116 0.602039 0.587333 0.605224 0.593111 0.607036 0.598000 0.607224 0.605773 0.606500 0.610116 0.607122 0.611338 0.607872 0.610005 0.608872 0.604898 0.608099 0.595444 0.609786 0.594556 0.613471 0.593444 0.614971 0.591444 0.614096 0.587889 0.608099 0.580116 0.605536 0.575782 0.610659 0.575005 0.612159 0.570454 0.612971 0.567120 0.615659 0.565676 0.611302 0.557269 0.605430 0.547736 0.605268 0.546194 0.605898 0.545583 0.607094 0.545690 0.608630 0.548417
8 0.430703 0.450403 0.434714 0.459139 0.438443 0.466514 0.442172 0.469241 0.437607 0.459824 0.435260 0.455370 0.434904 0.454681 0.432273 0.448912
8 0.435378 0.454611 0.439505 0.458250 0.446104 0.464787 0.448513 0.466718 0.448760 0.465431 0.441073 0.455787 0.436102 0.450755
8 0.431997 0.447727 0.435669 0.450181 0.434940 0.454069 0.434904 0.454681 0.432273 0.448912 0.431294 0.449579 0.430643 0.448884
8 0.437461 0.459148 0.442344 0.463491 0.448099 0.468954 0.447284 0.472644 0.442464 0.467773 0.440023 0.464611 0.437607 0.459824
8 0.449260 0.474630 0.459302 0.484597 0.458578 0.479435 0.450065 0.470403
8 0.461870 0.486597 0.464589 0.490069 0.468508 0.490644 0.461005 0.481394
8 0.481432 0.494583 0.494823 0.513296 0.495318 0.512972 0.496083 0.512162 0.490951 0.504120 0.483771 0.494009
8 0.488917 0.492065 0.493859 0.499296 0.493076 0.501278 0.487440 0.492708
8 0.494581 0.500528 0.499643 0.508079 0.499763 0.509741 0.499432 0.510167 0.499010 0.510222 0.493828 0.502829
8 0.497565 0.493458 0.495547 0.498222 0.494581 0.500528 0.493828 0.502829 0.492383 0.506366 0.491508 0.504972 0.493076 0.501278 0.493859 0.499296 0.495047 0.496042 0.496721 0.492116
8 0.500677 0.485694 0.499010 0.490991 0.498138 0.489491 0.499312 0.486546
8 0.501693 0.484722 0.502628 0.489171 0.504253 0.493241 0.506000 0.497796 0.507237 0.499778 0.510552 0.503528 0.509888 0.505509 0.506122 0.501384 0.504526 0.497579 0.502294 0.491847 0.501000 0.487940 0.500578 0.486171 0.500677 0.485694 0.501094 0.485259
8 0.503289 0.482741 0.506604 0.486065 0.513745 0.491153 0.513836 0.493829 0.509044 0.490778 0.503651 0.486921 0.501693 0.484722
8 0.505307 0.488097 0.503922 0.492009 0.502628 0.489171 0.503651 0.486921
8 0.502958 0.493241 0.501836 0.496347 0.501029 0.497102 0.500547 0.496574 0.500391 0.495556 0.500688 0.494000 0.501812 0.490778 0.502294 0.491847
8 0.507747 0.513546 0.514807 0.526602 0.518922 0.533769 0.521302 0.531977 0.519055 0.527037 0.517682 0.525546 0.517224 0.523782 0.512831 0.516560 0.510570 0.513046 0.508594 0.513500
8 0.510755 0.519120 0.510750 0.526093 0.511010 0.530167 0.511479 0.533315 0.513354 0.537759 0.514891 0.536694 0.512833 0.531602 0.511948 0.526833 0.511740 0.522898 0.511557 0.520491
8 0.505464 0.514194 0.510672 0.523454 0.510828 0.527713 0.503849 0.514565
8 0.511974 0.525676 0.517234 0.535028 0.515880 0.536139 0.512495 0.530028 0.511948 0.526833
8 0.358281 0.212778 0.357529 0.218306 0.354948 0.222120 0.356266 0.212500
10 0.510885 0.716023 0.508789 0.719815 0.506987 0.724130 0.506143 0.725500 0.504781 0.723343 0.503898 0.721773 0.503346 0.719097 0.503128 0.717329 0.503237 0.715759 0.503862 0.714454 0.511091 0.715088
10 0.436081 0.206792 0.442076 0.205639 0.442776 0.205736 0.442938 0.211111 0.443857 0.211208 0.444180 0.206023 0.454224 0.202088 0.455305 0.202565 0.455898 0.207653 0.456406 0.211759 0.456424 0.215611 0.458112 0.219560 0.457836 0.220856 0.457237 0.222431 0.455792 0.224069 0.447799 0.224167 0.438781 0.223588 0.435919 0.217157 0.435703 0.210824
2 0.623232 0.617523 0.627563 0.617426 0.625729 0.597593 0.625365 0.599620 0.623451 0.606579 0.623237 0.607903
2 0.616852 0.618333 0.621865 0.617931 0.622042 0.615500 0.621979 0.609537 0.619193 0.614384
2 0.622130 0.584745 0.621758 0.592412 0.621875 0.602648 0.613703 0.618227 0.617701 0.602676 0.619914 0.597875 0.620669 0.594134 0.620237 0.591921 0.619107 0.591347 0.617539 0.590778
2 0.608872 0.604898 0.611823 0.599389 0.614310 0.593787 0.615745 0.591014 0.616620 0.590491 0.620161 0.585532 0.620997 0.583606 0.619375 0.572144 0.615659 0.565676 0.612971 0.567120 0.612159 0.570454 0.610659 0.575005 0.605536 0.575782 0.608099 0.580116 0.614096 0.587889 0.614971 0.591444 0.613471 0.593444 0.609786 0.594556 0.608099 0.595444
2 0.593164 0.554681 0.597201 0.557046 0.599070 0.557306 0.600164 0.557458 0.597977 0.562009 0.596602 0.565454 0.595664 0.570231 0.595727 0.571787 0.590646 0.555815
2 0.579641 0.559917 0.589495 0.581079 0.598336 0.589736 0.588281 0.557037
2 0.627326 0.690898 0.627768 0.704292 0.625104 0.699491 0.625552 0.696412
2 0.615091 0.626468 0.613167 0.623801 0.611122 0.629111 0.610000 0.628773 0.607544 0.633412 0.613583 0.637667 0.614039 0.638579 0.613396 0.643722 0.613771 0.644111 0.615055 0.642815 0.616833 0.643023 0.617445 0.639602 0.617797 0.635866 0.619372 0.636491 0.621984 0.636968 0.615682 0.627343
2 0.620211 0.622352 0.615781 0.625505 0.615240 0.626028 0.615091 0.626468 0.615682 0.627343 0.621984 0.636968 0.623164 0.639069 0.623953 0.639157 0.626414 0.638370 0.626708 0.638194 0.626563 0.635481 0.623706 0.630579 0.621443 0.625065
2 0.627177 0.682324 0.627326 0.688884 0.624617 0.698690 0.623732 0.696236 0.623484 0.683282 0.624766 0.683546 0.626242 0.681796
2 0.629669 0.618139 0.633414 0.616852 0.636010 0.613144 0.639500 0.607699 0.628479 0.588153 0.625755 0.583102 0.627823 0.600745
2 0.641039 0.606597 0.644211 0.602435 0.645859 0.598685 0.645924 0.592713 0.642169 0.558264 0.636172 0.512921 0.631953 0.494292 0.631161 0.491009 0.628263 0.491361 0.624638 0.493352 0.623188 0.489370 0.620552 0.488083 0.614818 0.486676 0.613302 0.484685 0.610865 0.486440 0.608096 0.488435 0.613565 0.511866 0.618706 0.511866 0.619102 0.513856 0.620023 0.522296 0.619036 0.530611 0.617521 0.535884 0.628266 0.551444 0.627331 0.557569 0.622799 0.558269 0.621849 0.556574 0.625146 0.577657
2 0.628281 0.672389 0.628820 0.680301 0.625562 0.674838 0.623292 0.671148 0.623198 0.665023
2 0.627789 0.657894 0.627833 0.667278 0.622896 0.659407 0.622768 0.657213 0.621534 0.656157 0.621792 0.652375 0.623917 0.653889
2 0.627477 0.651731 0.627695 0.654347 0.623542 0.650162 0.625674 0.650815
9 0.629245 0.669773 0.631542 0.665537 0.631841 0.663644 0.630055 0.661981 0.628565 0.663417 0.627969 0.664931 0.627833 0.667278
2 0.639453 0.699449 0.645188 0.712222 0.647495 0.721829 0.644529 0.724523 0.643276 0.721708 0.642286 0.719602 0.640443 0.720185 0.638201 0.720306 0.634576 0.709995 0.633654 0.703782
10 0.552844 0.397301 0.554023 0.397389 0.554943 0.398046 0.555750 0.398500 0.551669 0.404125 0.549531 0.400769 0.550612 0.401019 0.552216 0.399528
10 0.557141 0.399704 0.559818 0.403046 0.561698 0.406389 0.563977 0.411653 0.567734 0.419755 0.569375 0.424537 0.567786 0.431713 0.561042 0.420139 0.555521 0.411435 0.552266 0.406157 0.554156 0.403644
9 0.592557 0.609722 0.594987 0.607704 0.595094 0.606264 0.594609 0.603097 0.593690 0.600986 0.592664 0.600986 0.590677 0.603287
2 0.602039 0.587333 0.601682 0.589468 0.602378 0.593375 0.601656 0.593250 0.601529 0.594838 0.600932 0.595444 0.600167 0.595523 0.590169 0.585991 0.584617 0.580824 0.586576 0.588528 0.590568 0.590750 0.590367 0.591685 0.587156 0.589944 0.587198 0.591106 0.590828 0.603194 0.592664 0.600986 0.593690 0.600986 0.594609 0.603097 0.595094 0.606264 0.594987 0.607704 0.592557 0.609722 0.594440 0.617060 0.598875 0.623162 0.605190 0.632056 0.608352 0.626898 0.607685 0.626333 0.604688 0.623444 0.603000 0.619671 0.603437 0.615449 0.605125 0.610782 0.606500 0.607449 0.607224 0.605773 0.607036 0.598000 0.605224 0.593111
2 0.488328 0.322074 0.487008 0.328051 0.485773 0.331755 0.484242 0.332815 0.472031 0.330319 0.468456 0.329412 0.469885 0.333463 0.474836 0.335440 0.476229 0.336181 0.477206 0.337120 0.477591 0.337981 0.477625 0.340148 0.476857 0.341699 0.474279 0.344671 0.474607 0.345602 0.481187 0.346847 0.482563 0.346380 0.482807 0.344671 0.482563 0.344458 0.495417 0.337731 0.494258 0.335255
2 0.500424 0.311917 0.501411 0.310236 0.502901 0.310384 0.504729 0.317421 0.508206 0.333093 0.507161 0.333866 0.509044 0.337208 0.512539 0.353227 0.506560 0.341625 0.506414 0.338556 0.505234 0.332606 0.504062 0.321852 0.503018 0.321755 0.503117 0.325954 0.503609 0.333218 0.504643 0.337509 0.504888 0.339870 0.493349 0.318204 0.496076 0.316134 0.498448 0.316023
2 0.467552 0.319491 0.467844 0.321727 0.468323 0.323255 0.469943 0.325625 0.480839 0.327671 0.483518 0.328199 0.485052 0.326310 0.484977 0.322523 0.484117 0.320653 0.483578 0.317894 0.482169 0.317620 0.483094 0.322227 0.481508 0.322347 0.469831 0.316264 0.469479 0.315736 0.466797 0.316472
2 0.454977 0.274509 0.456036 0.273495 0.457372 0.272083 0.457786 0.270843 0.459185 0.272421 0.459216 0.273440 0.460664 0.273435 0.463018 0.272815 0.465383 0.273329 0.467034 0.273833 0.467177 0.275579 0.467326 0.277338 0.465602 0.276102 0.465159 0.276634 0.464964 0.278468 0.465383 0.280106 0.464109 0.279431 0.460641 0.279486 0.454372 0.278292 0.455039 0.276653
2 0.427018 0.206111 0.424719 0.211491 0.423549 0.212995 0.422581 0.213213 0.421893 0.212278 0.422135 0.206972 0.422135 0.203745 0.422378 0.201236 0.429518 0.192644 0.430083 0.189491 0.423969 0.196653 0.424089 0.193796 0.431857 0.185801 0.430276 0.192370 0.427161 0.204120 0.427289 0.205023
2 0.512549 0.294907 0.511797 0.300926 0.510729 0.307352 0.509740 0.318704 0.507526 0.317407 0.507500 0.305324 0.508068 0.302954 0.510776 0.288269
2 0.422411 0.188708 0.423984 0.187417 0.425182 0.186435 0.424818 0.185602 0.421201 0.185769 0.419305 0.185407 0.418055 0.185838 0.416440 0.186699 0.415513 0.188352 0.415271 0.189208 0.415070 0.189856 0.415159 0.193028 0.415794 0.193310 0.417357 0.193963 0.418193 0.193634 0.418711 0.192014 0.419438 0.191088 0.419987 0.190903 0.420286 0.186574 0.422258 0.186861 0.422096 0.189051
10 0.543578 0.453097 0.538557 0.458088 0.536883 0.458569 0.536172 0.457769 0.534919 0.457894 0.533997 0.459532 0.533156 0.459912 0.530997 0.459819 0.530456 0.458088 0.531042 0.453935 0.529646 0.451944 0.529539 0.449259 0.530188 0.446185 0.534010 0.434935 0.545792 0.442731 0.545901 0.445898 0.545630 0.448778 0.545307 0.451657
2 0.424424 0.245042 0.426378 0.244718 0.427448 0.245412 0.428326 0.246949 0.430271 0.248579 0.430911 0.252958 0.431745 0.259949 0.432154 0.261940 0.432536 0.261755 0.432466 0.256176 0.431870 0.252009 0.431453 0.249806 0.431073 0.246630 0.430755 0.245829 0.428958 0.244069 0.426924 0.241176 0.425250 0.238759 0.424997 0.241370 0.427203 0.243407 0.428388 0.244833 0.426297 0.243532 0.425216 0.243472 0.424727 0.243532
2 0.383393 0.319838 0.383914 0.320852 0.384044 0.324421 0.384409 0.324884 0.385034 0.324787 0.385451 0.326176 0.385763 0.329005 0.385581 0.332657 0.385424 0.336319 0.384487 0.335995 0.384201 0.335347 0.384070 0.334005 0.383836 0.332569 0.377273 0.330208 0.379557 0.327384
2 0.381745 0.311588 0.381362 0.310102 0.380211 0.309792 0.376956 0.311264 0.376188 0.315227 0.373260 0.330560 0.377534 0.324792 0.374833 0.328667 0.377727 0.324889 0.381094 0.319065 0.380159 0.318454 0.379911 0.317403 0.379763 0.316093 0.380159 0.315042
2 0.385198 0.339356 0.383943 0.339912 0.380885 0.336435 0.379479 0.334954 0.377284 0.333282 0.375995 0.332972 0.375018 0.332972 0.375888 0.336630 0.376552 0.338366 0.377875 0.339852 0.380318 0.341153 0.382826 0.341958 0.385161 0.342329
2 0.377013 0.239218 0.376711 0.246773 0.375758 0.247023 0.370810 0.249690 0.370268 0.246977 0.370021 0.241986 0.370867 0.238588 0.375789 0.241171 0.376393 0.239306 0.376273 0.237731 0.372401 0.235579 0.373221 0.234546 0.374648 0.235074 0.376125 0.236125 0.376914 0.238398
2 0.377565 0.229787 0.380036 0.233644 0.381271 0.235625 0.381620 0.237940 0.380185 0.238944 0.379768 0.236472 0.377898 0.232537 0.375536 0.230171 0.372680 0.229032 0.373419 0.228648 0.375456 0.228931
10 0.487086 0.410894 0.485424 0.411875 0.484786 0.413616 0.485000 0.416037 0.485893 0.418153 0.489638 0.421181 0.490964 0.420417 0.490805 0.418000 0.491255 0.414523 0.490190 0.412708
10 0.510102 0.381523 0.508674 0.383185 0.508281 0.385634 0.508872 0.388347 0.513154 0.394213 0.515221 0.392639 0.516552 0.392199 0.516896 0.390972 0.512612 0.384060
10 0.509964 0.405162 0.507701 0.407176 0.507159 0.409713 0.509620 0.416625 0.511445 0.423782 0.513818 0.428935 0.514740 0.431681 0.515724 0.432468 0.516708 0.431681 0.516708 0.430278 0.516161 0.429472 0.515396 0.428338 0.515268 0.427125 0.514000 0.422926 0.510802 0.407875 0.510604 0.406472
2 0.369497 0.252861 0.371917 0.256519 0.375427 0.258023 0.379057 0.257880 0.380146 0.257736 0.380792 0.255801 0.381234 0.253292 0.382122 0.251569 0.382969 0.250065 0.381651 0.247634 0.375427 0.250560 0.372255 0.252292
2 0.373221 0.234546 0.371154 0.237435 0.370021 0.241986 0.370268 0.246977 0.370810 0.249690 0.369818 0.250139 0.368594 0.250741 0.367854 0.247940 0.366477 0.242074 0.366820 0.237171 0.368057 0.235343 0.369036 0.231921 0.370563 0.229736 0.372680 0.229032 0.375536 0.230171 0.377898 0.232537 0.379768 0.236472 0.380310 0.239972 0.380852 0.243213 0.380852 0.244699 0.379081 0.245838 0.377505 0.241023 0.376914 0.238398 0.376125 0.236125 0.374648 0.235074
2 0.445911 0.268292 0.444581 0.267431 0.443128 0.267574 0.441997 0.268722 0.441917 0.269727 0.443331 0.271519 0.445307 0.273597 0.446073 0.276250 0.446880 0.278690 0.447362 0.282847 0.449034 0.287824 0.450036 0.291671 0.453490 0.299630 0.458578 0.309588 0.462057 0.315926 0.457630 0.301917 0.451326 0.283787 0.446698 0.270458
2 0.406453 0.470046 0.408753 0.476250 0.409365 0.478157 0.409971 0.479880 0.410779 0.481315 0.409872 0.481292 0.409810 0.482204 0.410198 0.483069 0.409604 0.483194 0.416760 0.495968 0.418143 0.499181 0.419052 0.503894 0.419052 0.505731 0.416448 0.500431 0.414469 0.499824 0.411703 0.493213 0.409180 0.490986 0.406646 0.485606 0.402365 0.472921 0.402906 0.473440 0.404531 0.473880 0.404974 0.471866 0.403745 0.468977
10 0.437956 0.370222 0.438940 0.369787 0.439776 0.371097 0.440318 0.374861 0.440661 0.379060 0.440318 0.380287 0.439531 0.380111 0.438990 0.378801 0.438594 0.378625 0.433672 0.380986 0.429044 0.381949 0.426977 0.381338 0.426484 0.378625 0.426484 0.377574 0.428651 0.376611 0.431211 0.375125 0.431849 0.373463 0.433474 0.373898 0.436922 0.371537
10 0.489104 0.424361 0.487974 0.423926 0.486693 0.424273 0.485906 0.425500 0.486940 0.453069 0.488120 0.453597 0.489203 0.452458 0.490286 0.451056 0.490680 0.448694
2 0.358672 0.228889 0.356198 0.225315 0.354206 0.223194 0.352911 0.221477 0.351766 0.220875 0.347521 0.218560 0.345490 0.221338 0.344839 0.224301
2 0.407518 0.324005 0.410625 0.328093 0.413328 0.332898 0.412555 0.332750 0.407003 0.331819 0.405130 0.328009
2 0.508820 0.635389 0.511211 0.644731 0.512005 0.645093 0.515365 0.654792 0.517445 0.660741 0.519638 0.665380 0.520255 0.665111 0.519560 0.660708 0.516714 0.651931 0.510875 0.638542
2 0.483924 0.689356 0.485966 0.692912 0.493581 0.706375 0.497242 0.711972 0.503794 0.722713 0.503112 0.724833 0.501029 0.722412 0.499836 0.723319 0.498219 0.722486 0.496602 0.720671 0.495411 0.718023 0.493964 0.715755 0.492263 0.713185 0.491029 0.709477 0.490943 0.707435 0.490943 0.706074 0.487456 0.700931 0.481625 0.685727
2 0.481760 0.654111 0.478867 0.654167 0.479174 0.654745 0.480456 0.656583 0.481341 0.655356
2 0.475562 0.654676 0.469938 0.656088 0.470758 0.657806 0.473909 0.657458 0.475237 0.655796
2 0.508776 0.641296 0.506458 0.647037 0.511211 0.644731
2 0.471167 0.388986 0.467523 0.395116 0.466586 0.398176 0.466391 0.400454 0.468607 0.410167 0.468753 0.414019 0.470721 0.416120 0.477565 0.417167 0.481456 0.413931 0.483966 0.409644 0.485099 0.405792 0.484409 0.398875 0.482784 0.395903 0.480766 0.394852 0.478992 0.391611 0.478500 0.390037 0.476182 0.390310
2 0.469195 0.388023 0.463042 0.396162 0.462451 0.397741 0.462896 0.400713 0.465060 0.403426 0.465997 0.406139 0.466391 0.414894 0.466982 0.418921 0.468901 0.421718 0.471068 0.423296 0.471805 0.422769 0.475646 0.416556 0.470721 0.416120 0.468753 0.414019 0.468607 0.410167 0.466391 0.400454 0.466586 0.398176 0.467523 0.395116 0.471167 0.388986
2 0.509846 0.441824 0.500695 0.447829 0.497690 0.447477 0.494638 0.447213 0.493359 0.446250 0.493013 0.443190 0.492521 0.430847 0.491979 0.424282 0.489474 0.428329 0.489104 0.424361 0.491000 0.420977 0.490805 0.418000 0.491443 0.413625 0.492724 0.410648 0.494299 0.409134 0.495974 0.408611 0.496859 0.408611 0.497646 0.408870 0.498336 0.409398 0.498927 0.410449 0.499076 0.411847 0.499026 0.413250 0.498385 0.414208 0.495924 0.419375 0.493365 0.422699 0.493708 0.433292 0.494201 0.442917 0.494594 0.444319 0.495383 0.446157 0.497055 0.445630 0.500797 0.444667 0.506805 0.440644
2 0.486016 0.428935 0.482729 0.433551 0.479333 0.434255 0.475297 0.435042 0.466435 0.435741 0.460281 0.437139 0.459542 0.438019 0.459740 0.439505 0.460380 0.440292 0.461464 0.440116 0.478594 0.438977 0.481302 0.438102 0.484945 0.434690 0.486146 0.433102
10 0.466839 0.439940 0.473672 0.448120 0.475276 0.448491 0.476635 0.447870 0.480047 0.444102 0.483206 0.440236 0.483659 0.436148 0.481302 0.438102 0.478594 0.438977
10 0.462763 0.399681 0.460542 0.399824 0.459049 0.401903 0.457883 0.404125 0.455781 0.405204 0.454776 0.407639 0.453805 0.408856 0.447630 0.412014 0.439667 0.415343 0.437615 0.416394 0.436263 0.419051 0.435888 0.420208 0.435794 0.421537 0.436122 0.422787 0.436492 0.423861 0.437052 0.424694 0.439982 0.427583 0.443023 0.425468 0.448956 0.422787 0.453701 0.420139 0.454669 0.419995 0.454669 0.422148 0.451602 0.422361 0.451643 0.426949 0.457734 0.427597 0.461969 0.427380 0.462172 0.426880 0.462253 0.423366 0.458742 0.423079 0.458419 0.421213 0.460276 0.418704 0.463542 0.416556 0.465518 0.414903 0.466367 0.413324 0.465997 0.406139 0.465060 0.403426 0.462896 0.400713
2 0.573979 0.421051 0.573495 0.419806 0.571766 0.419134 0.571172 0.420190 0.570362 0.421051 0.567771 0.432190 0.570039 0.436412
10 0.576625 0.488625 0.576276 0.491412 0.573417 0.498167 0.572544 0.496741 0.571987 0.493519 0.571987 0.490171 0.572755 0.488315 0.573940 0.487940
2 0.589836 0.534204 0.590630 0.537606 0.590630 0.539514 0.586242 0.541009 0.581904 0.527648 0.585029 0.530222 0.587690 0.532792
2 0.584422 0.526986 0.588622 0.525991 0.589370 0.526157 0.589604 0.528477 0.589789 0.532296
10 0.472349 0.452116 0.468216 0.445560 0.466120 0.442792 0.465167 0.442116 0.464276 0.442454 0.463258 0.443074 0.462432 0.444602 0.462242 0.447597 0.462878 0.449741 0.464021 0.451213 0.466279 0.453245 0.468281 0.454884 0.469487 0.455787
10 0.472266 0.454815 0.472643 0.468787 0.473112 0.469403 0.473409 0.468417 0.473409 0.466065 0.479750 0.466292 0.480987 0.465718 0.482529 0.462745 0.476924 0.462694 0.476482 0.462056 0.476622 0.459130 0.482471 0.459329 0.482771 0.455977 0.479242 0.450551 0.478177 0.448333
9 0.438240 0.167273 0.435440 0.171088 0.434320 0.168269 0.436885 0.164866 0.437586 0.165032
2 0.418542 0.222731 0.413625 0.224463 0.408586 0.224380 0.408654 0.219722 0.406818 0.219481 0.406625 0.224514 0.401299 0.224944 0.401292 0.223787 0.399354 0.223074 0.399083 0.224944 0.394607 0.224870 0.398359 0.220995 0.402714 0.217486 0.406906 0.217056 0.408906 0.217056 0.411706 0.216194 0.418891 0.215338 0.418620 0.221083
10 0.491005 0.300116 0.489068 0.309366 0.490924 0.312954 0.491648 0.312380 0.492174 0.310801 0.493990 0.303773 0.494555 0.303199 0.494836 0.302625 0.494836 0.301551 0.494232 0.300977 0.492740 0.299972 0.492294 0.299542
2 0.347135 0.280463 0.348073 0.277685 0.348583 0.274130 0.349904 0.274583 0.350880 0.275718 0.351773 0.275116 0.354370 0.277611 0.355901 0.281847 0.356497 0.284495 0.356880 0.287065 0.357107 0.288519 0.357435 0.292468 0.357302 0.294213 0.356719 0.295509 0.355365 0.297694 0.356956 0.298852 0.358185 0.300394 0.353932 0.306181 0.347656 0.316963 0.342518 0.303282 0.337227 0.287153 0.337388 0.286681 0.337878 0.286204 0.341117 0.287449 0.341362 0.285106 0.341904 0.285083 0.342424 0.278671 0.343799 0.278546 0.343714 0.281741 0.342852 0.291583 0.343250 0.296384 0.344635 0.298968 0.346328 0.297949 0.348065 0.295921 0.348919 0.291352 0.348919 0.289481 0.348388 0.287838 0.347336 0.287606 0.346771 0.286796
10 0.474789 0.480296 0.471664 0.481537 0.468536 0.486111 0.466198 0.482639 0.469896 0.476204 0.474091 0.475458
2 0.381044 0.180042 0.384229 0.191940 0.384792 0.191528 0.384586 0.187593 0.383898 0.180463 0.383682 0.180519
2 0.375820 0.225389 0.375609 0.223352 0.374945 0.221694 0.371060 0.216870 0.369523 0.216338 0.368318 0.217463 0.365635 0.222657
2 0.365503 0.225625 0.363182 0.230662 0.366445 0.231870 0.367565 0.230134 0.370563 0.229736 0.372680 0.229032 0.373419 0.228648 0.366039 0.226829
2 0.569349 0.439861 0.568503 0.441810 0.567422 0.444259 0.564948 0.441620 0.565880 0.439370 0.566326 0.438296 0.566930 0.436000
2 0.412862 0.170389 0.412161 0.173986 0.411133 0.175685 0.409956 0.175620 0.408779 0.176208 0.407307 0.178171 0.405984 0.181241 0.411357 0.182588 0.412164 0.183736 0.413266 0.183468 0.413034 0.190120 0.415070 0.189856 0.415271 0.189208 0.415513 0.188352 0.416440 0.186699 0.418055 0.185838 0.419305 0.185407 0.422313 0.183074 0.420339 0.181574 0.418565 0.179606 0.417130 0.177319 0.415622 0.173005 0.415130 0.169815
2 0.580073 0.492745 0.576893 0.512222 0.579263 0.514704 0.579482 0.514875 0.579508 0.514829 0.579383 0.517153 0.578320 0.517361 0.580453 0.523954 0.584422 0.526986 0.588622 0.525991 0.588081 0.510255 0.591214 0.510458 0.581542 0.495250
10 0.497565 0.464500 0.495784 0.464981 0.494378 0.467477 0.491841 0.476310 0.496372 0.484944 0.497992 0.484384 0.501586 0.481060 0.505125 0.473144 0.503776 0.470167 0.501182 0.467190 0.498482 0.464792
6 0.425331 0.237144 0.428133 0.235046 0.430320 0.234889 0.432721 0.235773 0.444620 0.241148 0.430859 0.240088 0.429401 0.238931 0.429167 0.238884 0.428646 0.238838 0.428385 0.239949 0.426031 0.239870 0.425250 0.238759 0.425250 0.238759
6 0.431010 0.244213 0.446503 0.244833 0.448177 0.248667 0.431659 0.248731 0.431099 0.248102 0.431073 0.246630
8 0.348487 0.254454 0.346771 0.286796 0.347336 0.287606 0.348388 0.287838 0.348919 0.289481 0.348919 0.291352 0.348065 0.295921 0.346349 0.298028 0.344635 0.298968 0.343250 0.296384 0.342852 0.291583 0.343714 0.281741 0.344997 0.253389 0.345391 0.248750 0.345677 0.246759 0.346208 0.244981 0.348529 0.244384 0.349687 0.243532 0.350104 0.243278 0.350193 0.243278 0.350279 0.242343 0.356232 0.240491 0.358245 0.241722 0.358857 0.242968 0.359206 0.245472 0.358768 0.246231 0.357630 0.246403 0.355706 0.245301 0.353888 0.245019 0.351969 0.245824 0.349841 0.246546 0.348617 0.246856 0.348529 0.247944
8 0.348516 0.249861 0.352839 0.258519 0.352339 0.261935 0.348487 0.254454 0.348464 0.251495
6 0.407253 0.202505 0.388859 0.203440 0.386427 0.208231 0.385953 0.211111 0.390310 0.211181 0.391263 0.209394 0.392763 0.206296 0.393180 0.206046 0.393669 0.208093 0.393633 0.209269 0.393099 0.210602 0.407130 0.210037 0.407094 0.204616 0.407901 0.203949 0.407737 0.203153
1 0.383333 0.195546 0.378169 0.197981 0.374391 0.202685 0.373526 0.204120 0.374010 0.206139 0.375401 0.211264 0.376607 0.209819 0.377872 0.210194 0.377690 0.212065 0.376727 0.215014 0.377578 0.216620 0.378852 0.213139 0.379599 0.207995 0.380206 0.205005 0.380906 0.204264 0.381279 0.206833 0.382542 0.207824 0.382630 0.202852 0.382773 0.200861 0.383706 0.200278 0.385247 0.200611 0.385714 0.198199 0.384221 0.197537
6 0.447578 0.244120 0.449641 0.248889 0.453370 0.248824 0.449841 0.244264
6 0.452404 0.243259 0.465240 0.240935 0.465659 0.242759 0.468273 0.242014 0.468552 0.241102 0.473081 0.242014 0.472565 0.247903 0.471773 0.249977 0.470602 0.249606 0.466083 0.249389 0.456281 0.249032
6 0.470883 0.253620 0.459388 0.253833 0.456281 0.249032 0.466083 0.249389 0.470602 0.249606
6 0.456195 0.253287 0.451906 0.253412 0.449641 0.248889 0.453370 0.248824
6 0.448177 0.248667 0.431659 0.248731 0.431453 0.249806 0.432948 0.249875 0.433552 0.250384 0.433878 0.251093 0.433958 0.253532 0.450656 0.253532
8 0.404365 0.173491 0.396086 0.186597 0.393534 0.182847 0.394503 0.180977 0.395385 0.179273 0.397779 0.175630
8 0.541385 0.364648 0.541776 0.365343 0.535187 0.369093 0.534875 0.367981
8 0.494552 0.246375 0.480466 0.253699 0.479133 0.250958 0.493867 0.243972 0.494271 0.243972 0.494529 0.244954
8 0.479440 0.254333 0.474742 0.257019 0.473232 0.256384 0.472956 0.256676 0.472271 0.254870 0.478203 0.251648
8 0.488745 0.269481 0.488523 0.273273 0.483906 0.272824 0.483984 0.269213
1 0.357419 0.314773 0.358229 0.317296 0.359039 0.318736 0.358734 0.322875 0.356711 0.322514 0.354078 0.322338 0.354195 0.326319 0.353633 0.328227 0.354195 0.330056 0.354615 0.331713 0.354708 0.336773 0.355818 0.340759 0.364724 0.326319 0.361208 0.318750 0.358461 0.312597
8 0.464820 0.256958 0.472383 0.268653 0.474195 0.268542 0.466378 0.255884 0.465297 0.254810 0.464945 0.254583 0.464820 0.256394
8 0.469297 0.253935 0.471992 0.259454 0.474820 0.268384 0.476094 0.268329 0.473359 0.258606 0.472956 0.256676 0.472271 0.254870 0.470839 0.252634 0.470883 0.253620
8 0.340341 0.236014 0.343151 0.240463 0.342255 0.241639 0.337977 0.235634
8 0.585552 0.665704 0.592938 0.676556 0.592594 0.680755 0.585898 0.672792 0.583042 0.668153
8 0.595448 0.680491 0.599042 0.685481 0.598698 0.687231 0.598156 0.687231 0.595154 0.683731
8 0.585417 0.853287 0.585120 0.851167 0.582518 0.855921 0.583242 0.861574 0.585917 0.859778
8 0.594880 0.847644 0.594953 0.849958 0.594375 0.851884 0.593000 0.852787 0.591987 0.852273 0.585698 0.858181 0.585417 0.853287 0.593216 0.845329
8 0.550359 0.674037 0.553109 0.682477 0.551859 0.684699 0.549047 0.675926
8 0.517198 0.648787 0.517784 0.641056 0.519003 0.643528 0.518802 0.652190
8 0.492500 0.222968 0.491365 0.220083 0.479151 0.235523 0.478260 0.237032 0.478260 0.237032 0.478654 0.238782 0.478406 0.240884 0.477669 0.242810 0.479187 0.242579 0.480070 0.239505 0.484372 0.233032
8 0.486820 0.222417 0.468198 0.224407 0.467219 0.224157 0.466417 0.225634 0.466693 0.227306 0.467669 0.226556 0.485706 0.225356
8 0.376245 0.279926 0.361229 0.281153 0.360294 0.277301 0.360294 0.275028 0.360982 0.274236 0.361378 0.273801 0.375753 0.273713
2 0.515443 0.655278 0.502995 0.659792 0.503229 0.648611 0.511875 0.644583
8 0.542023 0.686912 0.544823 0.693880 0.542909 0.696037 0.539875 0.690148
2 0.491729 0.663407 0.478880 0.665773 0.473909 0.666472 0.470708 0.658509 0.473859 0.658245 0.475286 0.657194 0.476172 0.655356 0.477354 0.654833 0.478930 0.656495 0.479667 0.657194 0.480799 0.657458 0.481932 0.655181 0.482479 0.653949 0.487841 0.653167 0.491253 0.652537 0.491852 0.661403
1 0.488437 0.652963 0.487151 0.650718 0.485674 0.650019 0.484344 0.649667 0.483214 0.650718 0.482573 0.651417 0.481982 0.653606 0.481341 0.655356 0.480456 0.656583 0.479174 0.654745 0.478240 0.653606 0.477057 0.653255 0.476122 0.653694 0.475237 0.655796 0.473909 0.657458 0.470758 0.657806 0.470708 0.658509 0.473859 0.658245 0.475286 0.657194 0.476172 0.655356 0.477354 0.654833 0.478930 0.656495 0.479667 0.657194 0.480799 0.657458 0.481932 0.655181 0.482917 0.652556 0.483656 0.651593 0.485526 0.651069 0.487102 0.651856 0.487841 0.653167
8 0.515115 0.705444 0.518875 0.713037 0.516026 0.712833 0.514659 0.710505
5 0.641682 0.637426 0.656383 0.687333 0.671755 0.744245 0.681924 0.730796 0.671870 0.696514 0.653135 0.631491
8 0.537214 0.838657 0.543456 0.890065 0.543076 0.892236 0.541245 0.894000 0.539797 0.892505 0.534201 0.835935 0.535451 0.834824 0.537052 0.835231
2 0.522865 0.651620 0.519190 0.653412 0.518802 0.652190 0.519003 0.643528
8 0.357198 0.284792 0.357094 0.285810 0.357094 0.287477 0.357563 0.288079 0.359312 0.288449 0.361490 0.288449 0.363188 0.288218 0.363526 0.287245 0.363578 0.286134 0.363214 0.285440 0.361781 0.284884 0.358135 0.284421 0.357745 0.284468
8 0.655669 0.629014 0.684224 0.728347 0.681924 0.730796 0.671870 0.696514 0.653135 0.631491
6 0.443096 0.234458 0.465122 0.234468 0.465174 0.235523 0.469495 0.235907 0.473081 0.242014 0.468552 0.241102 0.468273 0.242014 0.465659 0.242759 0.465240 0.240935 0.452404 0.243259 0.447857 0.235903 0.446823 0.235644 0.449927 0.240477 0.452216 0.243875 0.450742 0.244088 0.448964 0.241796 0.446453 0.241671
8 0.468099 0.208750 0.466628 0.210829 0.466016 0.211907 0.464648 0.214347 0.460102 0.222708 0.459138 0.224421 0.457237 0.222431 0.457836 0.220856 0.463070 0.212477 0.465109 0.209551 0.465443 0.209120 0.467029 0.205625
8 0.471432 0.191852 0.466117 0.200551 0.465104 0.197546 0.467656 0.193657
8 0.471659 0.187037 0.468203 0.192731 0.472786 0.190324 0.473089 0.188773 0.472914 0.188218 0.472531 0.187412 0.472008 0.187102
8 0.464609 0.198148 0.463372 0.200713 0.462604 0.201528 0.456406 0.211759 0.456424 0.215611 0.456982 0.214681 0.457680 0.214745 0.464167 0.203102 0.464659 0.201889 0.465419 0.200676 0.464922 0.199074
1 0.462865 0.201296 0.462469 0.199694 0.462680 0.198194 0.463253 0.197444 0.463492 0.196370 0.463253 0.195731 0.463763 0.195620 0.464065 0.196801 0.463945 0.197713 0.463372 0.198620 0.463010 0.199639 0.463372 0.200713
1 0.464323 0.202546 0.464990 0.203713 0.465260 0.204676 0.465172 0.205583 0.464659 0.206977 0.464388 0.208264 0.464779 0.209389 0.465109 0.209551 0.465443 0.209120 0.464990 0.208102 0.465352 0.207245 0.465924 0.205745 0.465865 0.204463 0.464990 0.202745 0.464659 0.201889
1 0.463763 0.195620 0.464922 0.199074 0.467891 0.208148 0.468568 0.211157 0.468818 0.211208 0.469297 0.211435 0.468464 0.208657 0.467630 0.205231 0.466224 0.201111 0.464740 0.196065 0.464375 0.195324
1 0.453872 0.173722 0.454674 0.176139 0.455268 0.177810 0.453594 0.179296 0.452862 0.180477 0.453630 0.180847 0.454953 0.180477 0.455826 0.179981 0.455792 0.181528 0.456698 0.182708 0.458336 0.183204 0.459034 0.183574 0.458510 0.184940 0.458091 0.186301 0.458719 0.187912 0.459695 0.188407 0.460846 0.189153 0.461021 0.190144 0.460672 0.191134 0.460602 0.192315 0.461612 0.192995 0.462484 0.194171 0.462422 0.195556 0.464401 0.194546 0.462135 0.189398 0.459940 0.183634 0.458299 0.180102 0.456104 0.176074 0.454919 0.173532 0.454604 0.173037 0.454326 0.173287
8 0.595742 0.678741 0.601159 0.679356 0.601404 0.682329 0.601159 0.683819 0.597615 0.683204 0.595448 0.680491
8 0.600495 0.683903 0.601266 0.695278 0.601891 0.695407 0.601414 0.684097 0.601159 0.683819
8 0.598471 0.671287 0.601159 0.679356 0.599758 0.679000 0.597294 0.671417
2 0.714669 0.688949 0.689083 0.721731 0.681924 0.730796 0.671755 0.744245 0.664643 0.754134 0.670255 0.752866 0.690266 0.726907 0.716859 0.692398
8 0.395911 0.391278 0.396549 0.397407 0.394451 0.398079 0.393784 0.390750
2 0.542596 0.883926 0.548401 0.884611 0.550919 0.884611 0.552273 0.884440 0.553143 0.876699 0.544628 0.859838 0.543951 0.856569 0.543273 0.851750 0.544339 0.851060 0.545305 0.850032 0.537135 0.837361
2 0.524305 0.861213 0.538240 0.874806 0.534201 0.835935 0.531659 0.834375 0.527305 0.832995 0.519755 0.836954
8 0.559529 0.640213 0.564565 0.652306 0.565172 0.653657 0.566883 0.652505 0.565815 0.649102 0.559969 0.639560
1 0.462109 0.196343 0.490352 0.182556 0.489792 0.181894 0.461977 0.195750
8 0.423229 0.393009 0.403826 0.397935 0.401443 0.398995 0.400591 0.395894 0.419143 0.392491
8 0.460286 0.475324 0.472742 0.491074 0.468508 0.490644 0.461005 0.481394
8 0.453828 0.450926 0.455974 0.463954 0.457617 0.472023 0.458318 0.478000 0.461052 0.495125 0.462724 0.506782 0.466583 0.524370 0.468076 0.526315 0.468583 0.527074 0.468763 0.525523 0.467875 0.520648 0.463844 0.498699 0.461005 0.481394 0.460182 0.475278 0.457987 0.461579 0.455609 0.449912 0.454799 0.448917 0.453854 0.449120
8 0.366198 0.280741 0.365760 0.283903 0.365654 0.288509 0.365932 0.290556 0.366542 0.287931 0.366854 0.283116 0.366760 0.280755
8 0.539888 0.602028 0.546016 0.610421 0.555292 0.624491 0.556268 0.626838 0.562107 0.639611 0.559831 0.635944 0.546443 0.614745 0.539453 0.603370
8 0.540398 0.596287 0.546503 0.606449 0.549398 0.611282 0.555292 0.624491 0.546016 0.610421 0.539888 0.602028
8 0.517576 0.563611 0.526917 0.576574 0.539505 0.595611 0.538651 0.599458 0.523784 0.576574 0.512247 0.559366 0.515833 0.561852
8 0.533492 0.555759 0.535151 0.561435 0.536047 0.565750 0.539083 0.574958 0.534914 0.570111 0.529810 0.554079
8 0.527898 0.556773 0.531388 0.558806 0.533094 0.564625 0.530794 0.563269
8 0.522497 0.550255 0.526711 0.559861 0.530878 0.565255 0.532328 0.567426 0.530794 0.563269 0.527898 0.556773 0.525391 0.551616
8 0.524844 0.544954 0.527786 0.550324 0.525008 0.548972 0.523818 0.546625
8 0.528156 0.552829 0.529604 0.557519 0.527898 0.556773 0.525391 0.551616
8 0.531979 0.552593 0.533656 0.553319 0.544216 0.559551 0.548937 0.561722 0.550852 0.563333 0.551023 0.564620 0.551365 0.567042 0.549365 0.564750 0.546896 0.563542 0.541323 0.560458 0.533492 0.555759 0.531414 0.554333
8 0.536922 0.566444 0.542667 0.574236 0.544367 0.576352 0.545943 0.580060 0.546708 0.581648 0.541432 0.576657 0.538070 0.571134 0.536047 0.565750
8 0.545687 0.573250 0.549771 0.583236 0.548669 0.582944 0.547005 0.581648 0.545943 0.580060 0.544367 0.576352 0.543646 0.575296 0.544156 0.574236 0.545008 0.573556
8 0.551984 0.578167 0.547646 0.578167 0.546878 0.575898 0.551320 0.575264 0.551789 0.575870
8 0.550729 0.608519 0.560625 0.619074 0.564961 0.629495 0.556273 0.620398
8 0.564904 0.623722 0.565966 0.627023 0.578193 0.640852 0.584010 0.650153 0.588221 0.654718 0.588979 0.653755 0.583750 0.645620 0.582091 0.642079 0.582378 0.641579 0.572479 0.632264
8 0.612424 0.672042 0.611107 0.674856 0.608911 0.672241 0.605831 0.668843 0.597810 0.659398 0.582378 0.641579 0.572479 0.632264 0.564904 0.623722 0.550729 0.608519 0.544589 0.595579 0.543906 0.593750 0.563781 0.613824 0.568602 0.619944 0.579302 0.632083 0.585594 0.639565 0.604263 0.661880 0.607112 0.664815
8 0.534862 0.349819 0.550523 0.385245 0.551279 0.384282 0.552161 0.383241 0.542188 0.359583 0.535094 0.346106
6 0.557151 0.443815 0.555938 0.445093 0.559008 0.457667 0.573766 0.482213 0.585635 0.485375 0.561776 0.447718
