8 0.546771 0.581806 0.530633 0.584833 0.530932 0.589069 0.547909 0.584606
8 0.418633 0.253005 0.422409 0.230981 0.423956 0.233218 0.423456 0.234231 0.423745 0.236032 0.423385 0.238856 0.421516 0.249870 0.421232 0.253384 0.420672 0.254023
6 0.428516 0.241431 0.429964 0.241171 0.433794 0.242458 0.436852 0.241481 0.442708 0.243407 0.447117 0.247134 0.447674 0.248495 0.436323 0.247856 0.430758 0.248111 0.430685 0.247213 0.429385 0.241944
1 0.427057 0.135329 0.416867 0.149991 0.412125 0.154875 0.403940 0.160764 0.397578 0.161157 0.394271 0.160370 0.392708 0.161944 0.390078 0.163750 0.387917 0.169444 0.385339 0.174074 0.384688 0.173519 0.388906 0.162963 0.390052 0.160833 0.391276 0.161111 0.393958 0.158519 0.398940 0.158764 0.404565 0.158431 0.410687 0.154208 0.416622 0.148880 0.424490 0.137991 0.426495 0.134995
8 0.439500 0.225639 0.436203 0.218375 0.436695 0.218111 0.439948 0.224954 0.444529 0.232407 0.451651 0.242713 0.454831 0.247083 0.453891 0.247213 0.450781 0.243486 0.441794 0.230282
8 0.443732 0.227565 0.447604 0.232528 0.454253 0.242583 0.458880 0.249653 0.457651 0.250167 0.453747 0.243227 0.442365 0.227565
8 0.410260 0.170093 0.404141 0.181389 0.401849 0.181250 0.407846 0.170866
5 0.391742 0.191435 0.391742 0.193097 0.392333 0.194847 0.393268 0.195986 0.392727 0.196338 0.391594 0.196597 0.389232 0.202111 0.386474 0.206662 0.385195 0.210167 0.382930 0.213139 0.381255 0.216028 0.379237 0.218829 0.377599 0.219370 0.375135 0.210796 0.377057 0.208694 0.377893 0.208870 0.377500 0.211671 0.376958 0.215606 0.377794 0.215870 0.379026 0.211319 0.379271 0.208782 0.378729 0.207468 0.379763 0.205718 0.380208 0.204231 0.380995 0.203444 0.381388 0.205370 0.381635 0.207380 0.382177 0.207292 0.382521 0.201866 0.382570 0.199417 0.383406 0.198806 0.384589 0.199329 0.385378 0.199241 0.385378 0.197667 0.383948 0.196704 0.383359 0.195389 0.383359 0.194954 0.384924 0.193884 0.385370 0.192880 0.385370 0.191949 0.386508 0.192153 0.387542 0.191014 0.391531 0.190838
5 0.374906 0.216616 0.372185 0.215051 0.370052 0.213218 0.369315 0.212824 0.368177 0.213611 0.367661 0.212565 0.367771 0.211648 0.368617 0.210407 0.367992 0.209884 0.367146 0.211125 0.366557 0.213153 0.365380 0.214722 0.364573 0.214787 0.365161 0.212301 0.365823 0.210278 0.366081 0.209620 0.368984 0.206222 0.371302 0.212241 0.372815 0.211185
8 0.408391 0.485394 0.408188 0.486708 0.419143 0.515704 0.423578 0.526407 0.428404 0.528833
8 0.471411 0.580181 0.474508 0.592222 0.478021 0.597426 0.474341 0.581667
8 0.462057 0.578935 0.462909 0.574009 0.459909 0.566463 0.458370 0.562565 0.458349 0.562713 0.453711 0.550375 0.453430 0.550662
8 0.496391 0.607889 0.501781 0.622356 0.506904 0.637486 0.508961 0.639565 0.507227 0.631389 0.504927 0.622926 0.499677 0.608856
8 0.460802 0.565755 0.463503 0.571514 0.462909 0.574009 0.459909 0.566463 0.459909 0.566463
8 0.431365 0.470657 0.431372 0.469380 0.430508 0.469185 0.430831 0.483491 0.431844 0.484060
8 0.433526 0.490213 0.434013 0.500866 0.432339 0.497412 0.432005 0.489259
8 0.472029 0.624111 0.475526 0.627218 0.478901 0.631773 0.483836 0.640991 0.481901 0.641546 0.477214 0.632218 0.472654 0.626995
8 0.496120 0.615120 0.500760 0.626880 0.504992 0.637778 0.506607 0.639213 0.507292 0.637995 0.506904 0.637486 0.501781 0.622356 0.496391 0.607889
1 0.463099 0.384583 0.464323 0.390278 0.459471 0.391889 0.459229 0.393005 0.459612 0.394056 0.460448 0.394366 0.462714 0.393472 0.466372 0.400278 0.466638 0.400954 0.467708 0.404759 0.467070 0.406120 0.467367 0.407782 0.467000 0.408671 0.465490 0.408620 0.464966 0.419019 0.464391 0.423477 0.463406 0.424093 0.463406 0.426806 0.463456 0.428292 0.460846 0.424880 0.460602 0.422741 0.457711 0.393620 0.457414 0.389903
5 0.519896 0.368611 0.504740 0.372778 0.504714 0.393611 0.505568 0.389662 0.509328 0.378319 0.511206 0.377713 0.511818 0.378542 0.509766 0.382894 0.508359 0.387426 0.509635 0.390681 0.510487 0.391361 0.512060 0.390301 0.513466 0.390528 0.514487 0.392116 0.516060 0.393176 0.516742 0.394236 0.516570 0.395218 0.514870 0.395671 0.513211 0.395750 0.511677 0.395361 0.513854 0.399769 0.517253 0.395069 0.517763 0.392648 0.517508 0.396579 0.517091 0.397801 0.518536 0.407694 0.520422 0.407157 0.519633 0.400681 0.520667 0.400153 0.521563 0.407167 0.527411 0.406977 0.526898 0.410014 0.522341 0.411620 0.523227 0.419847 0.524305 0.421606 0.526964 0.417491 0.527555 0.416792 0.528883 0.416968 0.530310 0.417843 0.531836 0.420204 0.531148 0.420907 0.529474 0.418894 0.528490 0.418630 0.526964 0.419944 0.524719 0.423171 0.531359 0.435042 0.534313 0.431102 0.535102 0.428912 0.534948 0.427347 0.535073 0.405231 0.533865 0.389310 0.533443 0.387616
1 0.506000 0.441509 0.506445 0.429722 0.504542 0.429042 0.504234 0.427278 0.504701 0.415213 0.502062 0.413773 0.499807 0.411579 0.502018 0.422625 0.501935 0.423380 0.501125 0.422926
8 0.515612 0.563449 0.519068 0.569208 0.521065 0.571032 0.524253 0.572856 0.524305 0.575931 0.519932 0.574009 0.516961 0.572088 0.512279 0.562338 0.513122 0.561671 0.514148 0.562088
8 0.411703 0.264292 0.409930 0.284213 0.408047 0.284074 0.409648 0.268023 0.409977 0.265454 0.409555 0.264713 0.409977 0.263634
8 0.528753 0.577356 0.528286 0.579019 0.528987 0.580676 0.529828 0.581505 0.538508 0.583329 0.544716 0.582171 0.543865 0.581602 0.540854 0.581644 0.533654 0.579097
5 0.489281 0.346037 0.490193 0.349731 0.491505 0.350847 0.492643 0.352870 0.493727 0.353884 0.494807 0.353986 0.495604 0.353579 0.496630 0.352162 0.497656 0.350949 0.498966 0.350949 0.499878 0.351657 0.500531 0.350745 0.502297 0.350745 0.502198 0.347347 0.501990 0.344356 0.496768 0.345796 0.491474 0.346056
8 0.382607 0.264782 0.386604 0.272495 0.390859 0.279227 0.392987 0.282255 0.395797 0.285431 0.399284 0.288912 0.399667 0.284602 0.392521 0.276505 0.386523 0.267597 0.383768 0.261907 0.381703 0.258843
8 0.559815 0.575537 0.566927 0.578588 0.566234 0.582019 0.560479 0.579125
8 0.551083 0.571722 0.558823 0.575009 0.559625 0.578667 0.553315 0.576000
8 0.542990 0.568694 0.548865 0.570949 0.550734 0.574968 0.545365 0.572593 0.543115 0.571620
5 0.525648 0.443880 0.526339 0.441167 0.530529 0.435861 0.531359 0.435042 0.534313 0.431102 0.535102 0.428912 0.534779 0.442144 0.532573 0.442773 0.527810 0.445759
5 0.542966 0.460546 0.545208 0.468514 0.546461 0.472616 0.546987 0.475778 0.547779 0.477301 0.547911 0.479296 0.547383 0.482574 0.549096 0.486324 0.551534 0.488083 0.552721 0.487259 0.553182 0.478532 0.553974 0.470917 0.553922 0.466981 0.554362 0.464181 0.554044 0.461000 0.551107 0.439069 0.549888 0.431875 0.546604 0.426463 0.544469 0.422667 0.542414 0.420088 0.540990 0.421852 0.536797 0.419537 0.536464 0.428630 0.536323 0.432773 0.536104 0.443565 0.538839 0.441833 0.540253 0.439796 0.543161 0.448264 0.544221 0.454380 0.544221 0.459088
5 0.499232 0.315593 0.500560 0.317519 0.501398 0.321806 0.502432 0.331083 0.501547 0.331264 0.493464 0.336181 0.485208 0.341398 0.484339 0.342722 0.483331 0.329421 0.490812 0.330907 0.491404 0.330384 0.491258 0.328722 0.489484 0.327847 0.484724 0.327579 0.485190 0.325537 0.486424 0.324782 0.488940 0.316759 0.493094 0.314995 0.494750 0.315125 0.496404 0.316370 0.497250 0.314014 0.497823 0.314204
5 0.512052 0.340046 0.513456 0.343069 0.514648 0.346852 0.516013 0.349125 0.518818 0.353509 0.520523 0.356912 0.521375 0.359940 0.522135 0.364630 0.521250 0.365139 0.509896 0.349306 0.509143 0.350366 0.508602 0.352097 0.508602 0.354208 0.518378 0.366111 0.517487 0.366662 0.508385 0.369431 0.507112 0.365912 0.508107 0.365454 0.508437 0.364278 0.508437 0.361403 0.508365 0.358458 0.507628 0.356042 0.506047 0.352639 0.503729 0.350940 0.503117 0.343977
5 0.535964 0.391435 0.541620 0.403333 0.547268 0.414454 0.548047 0.417949 0.545042 0.413417 0.544016 0.413722 0.543333 0.415847 0.543674 0.417366 0.548802 0.425060 0.549888 0.431875 0.546604 0.426463 0.544469 0.422667 0.542414 0.420088 0.540495 0.422222 0.536693 0.419537 0.537141 0.408259
5 0.511094 0.336481 0.507646 0.335514 0.506365 0.335074 0.502951 0.336481 0.502836 0.339250 0.502948 0.340727
8 0.530310 0.564176 0.541396 0.567894 0.541570 0.571611 0.533378 0.568139
8 0.635005 0.677662 0.635362 0.683449 0.635581 0.686921 0.635378 0.693264 0.634198 0.695361 0.633607 0.697023 0.633310 0.702014 0.631089 0.703713 0.631388 0.694116 0.631531 0.693731 0.632182 0.693477 0.632615 0.693218 0.632904 0.681523 0.632977 0.672782 0.634734 0.672958
5 0.642396 0.636917 0.656586 0.688639 0.672604 0.744009 0.682096 0.730579 0.668081 0.681995 0.657156 0.642329 0.648516 0.633194
8 0.421117 0.478824 0.425901 0.489255 0.432055 0.502417 0.443161 0.527694 0.448966 0.546102 0.457013 0.570912 0.460979 0.584880 0.462057 0.578935 0.456956 0.561699 0.449935 0.540157 0.440951 0.515917 0.433313 0.499319 0.422786 0.477269
8 0.475195 0.582500 0.479135 0.599236 0.480263 0.600588 0.481505 0.602148 0.478333 0.589815 0.477042 0.583986 0.476253 0.582907
1 0.379820 0.284759 0.375076 0.286889 0.373953 0.288509 0.373326 0.290940 0.372870 0.297014 0.372359 0.299343 0.372073 0.303190 0.371448 0.305519 0.371612 0.310273 0.375482 0.304398 0.376073 0.305273 0.376539 0.307079 0.372073 0.314329 0.372409 0.329972 0.375547 0.325875 0.375305 0.326486 0.377169 0.322338 0.380503 0.314440 0.379708 0.313361 0.379755 0.310870 0.380922 0.308051 0.391143 0.289134 0.393104 0.282662 0.392466 0.281824 0.390859 0.279227 0.386604 0.272495 0.382607 0.264782 0.382896 0.269773 0.380732 0.269773 0.379664 0.256139 0.378708 0.256662 0.377385 0.257380 0.378852 0.271394 0.380846 0.284458
8 0.420094 0.469366 0.420094 0.473546 0.419211 0.474593 0.410643 0.474005 0.410349 0.471718 0.410643 0.469954 0.415130 0.469102 0.417521 0.469037
1 0.547214 0.852495 0.546875 0.856426 0.547130 0.859380 0.547768 0.861949 0.548065 0.865125 0.548237 0.866866 0.548661 0.866639 0.548703 0.863690 0.548365 0.860588 0.547937 0.858773 0.547599 0.856426 0.547727 0.854009 0.547896 0.853097
1 0.549130 0.838347 0.548534 0.840394 0.548320 0.842889 0.548320 0.845310 0.548448 0.848713 0.549003 0.849088 0.549044 0.845157 0.548831 0.842963 0.549427 0.839181
1 0.485885 0.551667 0.484906 0.556907 0.484237 0.558616 0.483047 0.562037 0.478221 0.562579 0.475857 0.563338 0.474604 0.563134 0.473352 0.560199 0.472477 0.557208 0.470318 0.554264 0.463307 0.562315 0.464505 0.564769 0.464906 0.562935 0.467742 0.563546 0.470367 0.564657 0.471273 0.565875 0.470435 0.570444 0.469346 0.575273 0.470227 0.575370 0.471849 0.568718 0.472737 0.568634 0.474854 0.568981 0.476987 0.570977 0.479414 0.569991 0.481073 0.570444 0.481753 0.572792 0.480180 0.576042 0.480690 0.577556 0.482563 0.579370 0.484859 0.582699 0.486549 0.583856 0.488805 0.577958 0.488656 0.572361 0.490961 0.572389 0.491016 0.574250 0.491995 0.572435 0.495229 0.572736 0.497333 0.573287 0.497115 0.572185 0.488732 0.569991 0.488432 0.568704 0.496263 0.570444 0.495411 0.568250 0.489328 0.566815 0.488560 0.565681 0.491156 0.565454 0.490859 0.564468 0.488604 0.564546 0.488604 0.562051 0.491029 0.561519 0.490901 0.560157 0.487966 0.559931 0.488945 0.556454
1 0.507820 0.638426 0.506690 0.640074 0.506042 0.644162 0.504953 0.646745 0.504750 0.645810 0.505477 0.644375 0.505563 0.641579 0.506203 0.640005 0.506607 0.639213 0.507292 0.637995
1 0.498297 0.648537 0.497005 0.648681 0.496003 0.649468 0.495109 0.651190 0.495716 0.652120 0.496885 0.650685 0.498135 0.650398 0.499107 0.650116
1 0.549109 0.362981 0.548026 0.367588 0.547708 0.369528 0.547091 0.371764 0.545013 0.374764 0.544380 0.376583 0.543896 0.378565 0.543852 0.379458 0.544656 0.379398 0.544690 0.380324 0.543818 0.382245 0.543331 0.382245 0.543120 0.379519 0.543260 0.377597 0.544096 0.374750 0.544932 0.373014 0.545872 0.371833 0.546747 0.370097 0.547443 0.367125 0.548143 0.364333 0.548643 0.362639 0.549375 0.361833
1 0.530937 0.357778 0.532708 0.355736 0.533490 0.354907 0.534844 0.355185 0.535417 0.355833 0.536094 0.356806 0.536815 0.358005 0.538698 0.359120 0.539896 0.359259 0.541354 0.358009 0.542188 0.357454 0.543646 0.357407 0.544479 0.357870 0.545417 0.359583 0.546094 0.361204 0.546771 0.362037 0.547682 0.362546 0.548643 0.362639 0.549375 0.361833 0.550073 0.360657 0.550859 0.360463 0.552240 0.360370 0.553177 0.360694 0.554583 0.363380 0.555234 0.364769 0.555807 0.365139 0.556641 0.366065 0.558359 0.365926 0.559297 0.364769 0.559896 0.364259 0.561224 0.364352 0.562630 0.365139 0.563151 0.367037 0.563516 0.368981 0.564167 0.369861 0.565365 0.370787 0.566536 0.370833 0.567630 0.369815 0.568438 0.369074 0.569297 0.368935 0.569089 0.367917 0.568073 0.368380 0.566823 0.369537 0.565859 0.369769 0.565000 0.369259 0.564323 0.368148 0.563620 0.366343 0.563021 0.364676 0.562474 0.363796 0.561927 0.363380 0.560443 0.362731 0.559974 0.362731 0.559531 0.363102 0.559141 0.363519 0.558750 0.363981 0.558333 0.364352 0.557865 0.364676 0.557370 0.364769 0.556849 0.364722 0.556380 0.364444 0.555990 0.363981 0.555599 0.363380 0.555182 0.362778 0.554844 0.362083 0.554531 0.361389 0.554219 0.360694 0.553854 0.360093 0.553464 0.359676 0.553047 0.359352 0.552578 0.359259 0.552109 0.359074 0.551615 0.359074 0.551068 0.359167 0.551042 0.359167 0.550547 0.359537 0.549362 0.359889 0.548096 0.361389 0.547857 0.361551 0.547109 0.360787 0.545781 0.359213 0.545260 0.357454 0.544948 0.356991 0.544557 0.356667 0.544193 0.356389 0.543802 0.356250 0.541927 0.356019 0.540365 0.357454 0.539427 0.358194 0.538690 0.358102 0.537313 0.357139 0.535937 0.355093 0.535599 0.354120 0.534844 0.353889 0.533724 0.354074 0.532813 0.354815 0.531792 0.355634 0.530857 0.356944
1 0.546263 0.350593 0.547482 0.351583 0.548039 0.353069 0.547935 0.355056 0.547552 0.356727 0.548039 0.357782 0.548320 0.355181 0.548388 0.353069 0.548320 0.351833 0.547482 0.350838 0.546784 0.349847
1 0.535070 0.327213 0.536336 0.327051 0.537211 0.327694 0.538115 0.328875 0.538958 0.329463 0.540375 0.330213 0.541398 0.330375 0.542091 0.331069 0.542604 0.332356 0.542513 0.333963 0.542242 0.335944 0.542302 0.337713 0.542786 0.339532 0.544141 0.340231 0.544924 0.340231 0.545466 0.341245 0.545888 0.342963 0.546070 0.343926 0.545888 0.346495 0.546432 0.345639 0.546792 0.343338 0.546792 0.341782 0.546190 0.339532 0.545589 0.338889 0.544924 0.338838 0.544201 0.338569 0.543479 0.337338 0.543237 0.335356 0.543357 0.333213 0.543508 0.332514 0.543417 0.331069 0.542393 0.329194 0.541641 0.328819 0.540526 0.328713 0.539411 0.328125 0.538115 0.327000 0.537104 0.326222 0.534714 0.325509
8 0.534042 0.756116 0.542602 0.775329 0.560458 0.817537 0.561583 0.817981 0.562581 0.816759 0.562643 0.815093 0.552690 0.791005 0.539177 0.760903 0.536365 0.755134
8 0.377646 0.160861 0.370924 0.183676 0.366693 0.192546 0.368031 0.186745 0.376385 0.159449
8 0.567771 0.808042 0.572206 0.822977 0.573044 0.823389 0.574211 0.821898 0.574117 0.820569 0.569826 0.807046 0.569297 0.806667 0.568193 0.808088
8 0.569917 0.799329 0.575471 0.816005 0.577526 0.822810 0.577526 0.824139 0.575471 0.824718 0.574911 0.823144 0.574117 0.820569 0.569826 0.807046 0.570182 0.805926
8 0.569497 0.794519 0.576732 0.814264 0.576497 0.815676 0.575471 0.816005 0.569917 0.799329
1 0.630729 0.640185 0.636867 0.636588 0.639237 0.634046 0.641922 0.630269 0.643604 0.628338 0.645378 0.626065 0.646172 0.625005 0.646294 0.623431 0.645323 0.621130 0.643107 0.619917 0.641008 0.619773 0.639112 0.619773 0.640161 0.620921 0.641776 0.620778 0.643388 0.620991 0.644680 0.621782 0.645286 0.622495 0.645484 0.623856 0.645365 0.624644 0.644560 0.625671 0.642789 0.627681 0.640443 0.631171 0.638307 0.633681 0.637055 0.635120 0.633266 0.637412 0.631005 0.638704 0.630682 0.638986
8 0.553281 0.745926 0.552109 0.746343 0.550964 0.746944 0.559206 0.774130 0.567974 0.800398 0.567276 0.789032 0.560206 0.768120 0.558568 0.762176
1 0.381810 0.405375 0.382089 0.406551 0.382924 0.407852 0.383029 0.409528 0.382784 0.412130 0.382646 0.414796 0.383029 0.416282 0.383760 0.418949 0.384771 0.421181 0.385922 0.422852 0.386589 0.423551 0.387102 0.423125 0.387281 0.422644 0.386497 0.421782 0.385505 0.420606 0.383878 0.416051 0.383516 0.414019 0.383396 0.412250 0.383635 0.410912 0.383612 0.409032 0.383406 0.407870 0.382544 0.406069 0.382216 0.404542
1 0.437836 0.318449 0.438935 0.320352 0.439815 0.323282 0.440529 0.325282 0.441049 0.327435 0.441628 0.329241 0.442258 0.330023 0.442891 0.329778 0.443385 0.328750 0.444018 0.328750 0.445034 0.331389 0.445747 0.332755 0.446573 0.333685 0.447039 0.333731 0.447424 0.332657 0.447836 0.331681 0.448578 0.331634 0.449758 0.333588 0.450747 0.334954 0.451982 0.335829 0.453159 0.334718 0.453638 0.334130 0.454518 0.333472 0.456062 0.335435 0.457094 0.336093 0.457385 0.336093 0.457385 0.334917 0.456099 0.333542 0.455107 0.331977 0.454151 0.331579 0.453414 0.332102 0.452792 0.333347 0.452164 0.334259 0.451023 0.333412 0.449333 0.330861 0.448487 0.330074 0.447568 0.330074 0.446906 0.331907 0.445839 0.331384 0.444737 0.328898 0.443891 0.327329 0.443302 0.326940 0.442750 0.327852 0.442125 0.328833 0.441427 0.327722 0.441060 0.325042 0.439810 0.321514 0.439805 0.320454 0.439352 0.319153 0.438997 0.318153 0.438271 0.317463 0.437930 0.318111
1 0.446263 0.511042 0.447789 0.511722 0.448107 0.513079 0.448393 0.516296 0.449315 0.518389 0.450745 0.518843 0.452654 0.518389 0.453669 0.518389 0.454909 0.519009 0.454878 0.518278 0.454018 0.517370 0.453448 0.516921 0.452177 0.517259 0.451477 0.517769 0.450617 0.517653 0.449633 0.517148 0.449060 0.515676 0.448776 0.513190 0.448266 0.510931 0.447758 0.510310 0.446964 0.510194 0.446359 0.510083
1 0.485352 0.354593 0.486378 0.354593 0.487630 0.353477 0.488771 0.351250 0.489909 0.351046 0.490992 0.351755 0.491958 0.353782 0.492815 0.355403 0.493896 0.355606 0.494922 0.355301 0.496745 0.352870 0.498339 0.352769 0.499706 0.352972 0.500503 0.354389 0.501701 0.355907 0.502669 0.356009 0.502669 0.355301 0.501073 0.354491 0.500617 0.352870 0.499878 0.351657 0.498966 0.350949 0.497656 0.350949 0.496630 0.352162 0.495604 0.353579 0.494807 0.353986 0.493727 0.353884 0.492643 0.352870 0.491505 0.350847 0.490193 0.349731 0.489682 0.349731 0.489169 0.349731 0.488086 0.351046 0.487005 0.352972 0.485807 0.353477 0.485125 0.353477
8 0.487052 0.666213 0.492654 0.668301 0.492654 0.670338 0.486932 0.668838
8 0.540482 0.751949 0.546294 0.762611 0.552966 0.775495 0.560901 0.790426 0.568115 0.803162 0.568854 0.805611 0.569297 0.806667 0.568193 0.808088 0.567167 0.807509 0.554479 0.783981 0.543557 0.762977 0.538589 0.753759 0.538401 0.752426 0.539758 0.751106
2 0.520547 0.643148 0.513513 0.645958 0.504208 0.649894 0.496971 0.652259 0.494411 0.653222 0.494609 0.665213 0.496229 0.663894 0.496951 0.663593 0.497760 0.664074 0.499326 0.663310 0.501995 0.662847 0.510805 0.659435 0.515039 0.658208 0.521982 0.645310
1 0.473156 0.663884 0.472815 0.660949 0.473385 0.659023 0.474182 0.658213 0.475492 0.658009 0.477258 0.658315 0.478852 0.658009 0.479651 0.655074 0.480276 0.653454 0.481359 0.652745 0.482497 0.652745 0.483352 0.653958 0.481701 0.654667 0.480846 0.655681 0.479763 0.659023 0.478169 0.660847 0.475776 0.660847 0.474523 0.660847 0.474297 0.663278 0.473898 0.666519
1 0.489115 0.649778 0.487367 0.650907 0.486857 0.652264 0.486667 0.653505 0.486159 0.653394 0.486477 0.651190 0.487333 0.649042 0.487844 0.648366 0.488797 0.648593
2 0.479893 0.654403 0.478466 0.654523 0.476083 0.654917 0.470065 0.655611 0.473156 0.663884 0.472815 0.660949 0.473385 0.659023 0.474182 0.658213 0.475492 0.658009 0.477258 0.658315 0.478852 0.658009 0.479651 0.655074
2 0.490490 0.653417 0.486667 0.653505 0.486159 0.653394 0.483352 0.653958 0.481701 0.654667 0.480846 0.655681 0.479763 0.659023 0.478169 0.660847 0.475776 0.660847 0.474523 0.660847 0.474297 0.663278 0.473898 0.666519 0.474362 0.666731 0.484831 0.665671 0.485000 0.658412 0.485424 0.657806 0.487128 0.657958 0.486872 0.665218 0.492573 0.664690 0.492089 0.654046 0.491151 0.655028 0.490557 0.654273
8 0.461990 0.324083 0.471573 0.327593 0.472273 0.327838 0.472253 0.329333 0.471292 0.330662 0.461018 0.327444
1 0.523659 0.353579 0.525284 0.353579 0.526370 0.353792 0.527154 0.354273 0.527846 0.355773 0.528419 0.356954 0.529263 0.357542 0.529563 0.357704 0.529896 0.359213 0.529141 0.359204 0.528117 0.358773 0.527214 0.357167 0.526612 0.355292 0.526099 0.354704 0.525164 0.354704 0.523719 0.354866
1 0.459802 0.333282 0.461310 0.333218 0.462229 0.333542 0.463333 0.335046 0.464656 0.336486 0.465615 0.336815 0.467341 0.335046 0.467747 0.335569 0.466292 0.337824 0.465245 0.338185 0.463370 0.337597 0.462708 0.336356 0.462120 0.335111 0.461016 0.334458 0.459771 0.334671
8 0.518060 0.521134 0.525208 0.536264 0.529505 0.541102 0.528357 0.537472 0.521677 0.523477 0.519039 0.519319
8 0.521995 0.574833 0.521185 0.575889 0.521669 0.578676 0.526070 0.585005 0.528253 0.584630 0.525557 0.578292 0.524305 0.575931
8 0.538091 0.600542 0.531826 0.590102 0.530932 0.589069 0.530424 0.586949 0.529583 0.586699 0.529070 0.586532 0.529372 0.587907 0.528195 0.588352 0.535698 0.599644
8 0.528367 0.543528 0.527680 0.546069 0.531180 0.552412 0.532992 0.556847 0.535456 0.565912 0.537490 0.566407 0.533492 0.553523 0.531117 0.547736 0.529456 0.544194
8 0.533992 0.548194 0.541052 0.562079 0.540927 0.566963 0.532367 0.550412 0.532680 0.548639
8 0.542552 0.564963 0.544237 0.567509 0.545049 0.569407 0.542990 0.568694
8 0.495682 0.621069 0.499745 0.626347 0.500797 0.628435 0.502573 0.634648 0.504992 0.637778 0.506607 0.639213 0.506203 0.640005 0.505893 0.640708 0.503109 0.636907 0.501859 0.634755 0.500940 0.630685 0.497378 0.625139 0.499656 0.628060 0.497193 0.625083 0.493464 0.621343 0.493794 0.619838
8 0.536943 0.464880 0.539578 0.470111 0.537914 0.472556 0.534661 0.466000 0.535633 0.465894
2 0.639073 0.698000 0.634268 0.703148 0.631294 0.705903 0.630654 0.722968 0.630852 0.723838 0.634544 0.722523 0.634445 0.724014 0.631393 0.725069 0.632156 0.727227 0.635055 0.734005 0.636885 0.738750 0.640544 0.744713 0.644510 0.748782 0.652440 0.752032 0.658997 0.754204 0.663039 0.753662 0.664336 0.752171 0.667385 0.748782 0.669674 0.746343 0.670818 0.743764 0.670893 0.739699 0.669216 0.736171 0.665633 0.731431 0.663956 0.730343 0.661896 0.731972 0.657474 0.731431 0.653279 0.732241 0.650763 0.729801 0.646951 0.714889 0.643901 0.707569 0.641078 0.701468
8 0.493081 0.251292 0.478273 0.256060 0.477422 0.254319 0.492484 0.248569 0.492953 0.248569 0.493292 0.248648 0.493419 0.249630 0.493464 0.250690
8 0.368203 0.230694 0.330643 0.215644 0.330263 0.219171 0.330263 0.220389 0.366927 0.235278
8 0.401773 0.126898 0.392508 0.151366 0.384250 0.171787 0.375516 0.191551 0.366799 0.207079 0.355461 0.225528 0.353326 0.224556 0.366586 0.202847 0.377404 0.181356 0.386500 0.159051 0.400352 0.125269
8 0.389844 0.177685 0.393781 0.184579 0.402497 0.197440 0.407109 0.201389 0.415312 0.206856 0.416396 0.204731 0.410185 0.200477 0.402440 0.193898 0.395604 0.183769 0.391786 0.177287
8 0.408125 0.217546 0.407734 0.245556 0.405703 0.244769 0.406198 0.217546
8 0.406641 0.200926 0.406451 0.214949 0.408203 0.214861 0.408359 0.202361
8 0.461870 0.200551 0.456380 0.210384 0.455104 0.208421 0.460680 0.198134 0.461529 0.197829 0.461701 0.198736 0.461701 0.199949
8 0.540742 0.314500 0.540398 0.316324 0.538919 0.316222 0.533677 0.307213 0.524992 0.294694 0.523174 0.289884 0.514794 0.273347 0.507909 0.257116 0.498961 0.235880 0.493719 0.222685 0.481992 0.196347 0.482693 0.193671 0.487237 0.203630 0.499797 0.231861 0.505956 0.246796 0.521341 0.281764 0.526125 0.290676 0.534099 0.303634 0.539284 0.311333
8 0.530990 0.361574 0.517487 0.366662 0.502857 0.371231 0.482294 0.373810 0.483349 0.376856 0.494883 0.375097 0.509117 0.371935 0.524539 0.367250 0.531328 0.364319
8 0.555383 0.336491 0.549724 0.346023 0.543565 0.354338 0.538690 0.358102 0.537313 0.357139 0.542682 0.351097 0.550849 0.339111 0.554766 0.333611 0.555878 0.333343
8 0.538698 0.359120 0.533625 0.363375 0.533198 0.360653 0.536815 0.358005
8 0.604271 0.457963 0.608477 0.462569 0.608263 0.463708 0.607880 0.464537 0.607328 0.465144 0.602307 0.459847
8 0.586263 0.463537 0.583799 0.475634 0.583026 0.471644 0.583099 0.468769 0.584534 0.461579
8 0.620487 0.596523 0.623440 0.602125 0.627083 0.607380 0.632302 0.612718 0.644560 0.625671 0.642789 0.627681 0.631169 0.615343 0.626000 0.609565 0.621964 0.603792 0.619453 0.598889
8 0.648823 0.629565 0.646461 0.631579 0.643604 0.628338 0.645378 0.626065
8 0.650961 0.631667 0.658143 0.638931 0.657156 0.642329 0.648516 0.633194
8 0.602682 0.681620 0.615497 0.707347 0.615430 0.708870 0.614047 0.708986 0.599547 0.680162
8 0.570182 0.805926 0.567883 0.762352 0.563557 0.680074 0.561406 0.639157 0.560086 0.638630 0.560042 0.640065 0.560766 0.642037 0.560552 0.643245 0.559831 0.644153 0.562518 0.710653 0.565909 0.762588 0.568115 0.803162 0.568854 0.805611 0.569297 0.806667
8 0.581854 0.519398 0.574906 0.555907 0.566023 0.592588 0.564909 0.594343 0.564018 0.594912 0.563227 0.594912 0.572216 0.555926 0.579021 0.519708 0.579435 0.518074 0.580190 0.517333 0.581023 0.517491
8 0.594435 0.583889 0.601779 0.608463 0.601672 0.610287 0.601346 0.611153 0.600536 0.610190 0.594057 0.587343 0.593464 0.584273
8 0.569078 0.580056 0.588031 0.588218 0.588193 0.590042 0.587708 0.591769 0.586693 0.591574 0.568438 0.583056
8 0.548828 0.581250 0.556281 0.579838 0.556846 0.580194 0.557047 0.581847 0.557047 0.583208 0.556401 0.583852 0.550393 0.584787
8 0.545365 0.572593 0.548924 0.581602 0.550393 0.584787 0.557193 0.601569 0.560177 0.610125 0.559367 0.613917 0.554422 0.600227 0.546008 0.579912 0.543302 0.572606 0.543115 0.571620
8 0.544143 0.615991 0.525214 0.646204 0.523776 0.642986 0.537146 0.621546 0.542771 0.613329 0.543768 0.613106 0.544081 0.613773 0.544268 0.614329
8 0.490961 0.572389 0.492120 0.597190 0.494057 0.635014 0.495531 0.694347 0.495531 0.696431 0.495003 0.696995 0.494034 0.696995 0.493391 0.695931 0.492190 0.650463 0.489719 0.593028 0.488656 0.572361
8 0.497333 0.573287 0.500302 0.583176 0.504380 0.602884 0.510654 0.633829 0.512565 0.643861 0.510029 0.644917 0.503617 0.611949 0.497823 0.583407 0.495177 0.574000
8 0.511331 0.697699 0.500937 0.721250 0.498854 0.718472 0.510706 0.692144
8 0.543052 0.691523 0.549159 0.706097 0.555349 0.722898 0.557599 0.732787 0.558685 0.741861 0.559188 0.748255 0.560023 0.748995 0.560943 0.748699 0.561612 0.746468 0.560359 0.736356 0.558008 0.723745 0.554227 0.711199 0.547594 0.696046 0.543542 0.687454
8 0.537763 0.837380 0.544151 0.891574 0.543812 0.893708 0.542117 0.894157 0.540870 0.892486 0.540310 0.888819 0.533563 0.830977
8 0.529620 0.794296 0.533289 0.825130 0.535625 0.824329 0.535664 0.823394 0.532057 0.797731
8 0.382271 0.389236 0.382896 0.390653 0.383807 0.391259 0.384492 0.390449 0.391935 0.368343 0.399995 0.344889 0.405755 0.321579 0.409867 0.287759 0.407646 0.287657 0.406734 0.299810 0.404542 0.316032 0.402013 0.329356 0.398018 0.343190 0.388911 0.370296
8 0.383836 0.365125 0.364641 0.361782 0.356495 0.359556 0.356039 0.360162 0.355755 0.362491 0.357008 0.364616 0.359570 0.365023 0.373128 0.366745 0.382469 0.368769
8 0.392161 0.367778 0.399107 0.368949 0.397490 0.372125 0.391198 0.370694
8 0.386049 0.365787 0.389951 0.367157 0.388911 0.370296 0.384924 0.369111
8 0.376539 0.307079 0.355818 0.340245 0.354539 0.337273 0.363203 0.323181 0.375482 0.304398 0.376073 0.305273
8 0.380232 0.295120 0.376885 0.300481 0.377398 0.305778 0.382695 0.296431 0.381370 0.296231 0.380708 0.296167
8 0.385086 0.287736 0.380966 0.294273 0.382547 0.294597 0.383797 0.294273 0.384424 0.293227 0.386372 0.289042
8 0.442344 0.530278 0.439448 0.550639 0.436542 0.566338 0.434833 0.562185 0.438878 0.541324 0.440872 0.527449
8 0.532813 0.472718 0.534583 0.489699 0.538221 0.528968 0.542411 0.581657 0.543865 0.581602 0.543302 0.572606 0.543115 0.571620 0.539966 0.526375 0.537292 0.496019 0.534930 0.472060 0.534245 0.471556 0.533279 0.472167
7 0.595651 0.534630 0.590703 0.512222 0.605807 0.512625 0.610112 0.513745 0.611443 0.513829 0.617411 0.514500 0.619917 0.514398 0.621570 0.517843 0.621625 0.522699 0.617924 0.537079 0.616328 0.542954 0.615086 0.553792 0.615086 0.556009 0.613839 0.557537 0.608565 0.558824 0.604943 0.558356 0.603227 0.557769 0.602539 0.556106
8 0.617924 0.537079 0.621549 0.553366 0.628107 0.598644 0.629023 0.609083 0.627083 0.607380 0.624982 0.591731 0.622388 0.572477 0.618576 0.550245 0.616823 0.540894
8 0.615781 0.547662 0.616638 0.558440 0.617620 0.566171 0.619010 0.572968 0.621315 0.584097 0.621633 0.577644 0.618495 0.560231 0.617526 0.549806 0.616789 0.545750 0.616328 0.542954
8 0.629419 0.613412 0.630956 0.627894 0.631526 0.637514 0.629760 0.637514 0.629076 0.636907 0.627539 0.611389
7 0.643857 0.694102 0.639073 0.698000 0.634268 0.703148 0.631294 0.705903 0.630654 0.722968 0.630852 0.723838 0.634544 0.722523 0.634445 0.724014 0.631393 0.725069 0.630716 0.725505 0.629992 0.739333 0.632628 0.738398 0.632823 0.739569 0.629859 0.741204 0.629372 0.755426 0.628349 0.755551 0.627497 0.755472 0.626612 0.753574 0.626430 0.750500 0.626060 0.749593 0.625695 0.748801 0.625177 0.748218 0.624661 0.747755 0.624109 0.747296 0.623523 0.747106 0.622974 0.746903 0.622422 0.746773 0.621797 0.746773 0.621206 0.746843 0.620620 0.747037 0.619747 0.745704 0.618773 0.743361 0.618773 0.742153 0.618563 0.740935 0.618216 0.739875 0.617099 0.737417 0.615141 0.737111 0.614461 0.737111 0.613698 0.737259 0.613013 0.737259 0.612417 0.736653 0.611951 0.735745 0.611784 0.734616 0.611740 0.733477 0.611294 0.730616 0.610828 0.729181 0.610060 0.727667 0.609081 0.726685 0.607917 0.719120 0.611693 0.720079 0.613023 0.720079 0.614352 0.718329 0.615677 0.713963 0.616268 0.703653 0.616406 0.697000 0.616208 0.693144 0.615672 0.688245 0.616508 0.687546 0.616997 0.687898 0.618380 0.704440 0.619117 0.706625 0.621130 0.688949 0.621924 0.689648 0.619604 0.708292 0.619068 0.714681 0.624682 0.710301 0.624878 0.701111 0.625667 0.694898 0.626453 0.695338 0.625667 0.700236 0.625419 0.709338 0.630490 0.704528 0.633310 0.702014 0.638529 0.697287 0.643646 0.693042 0.644039 0.693269
7 0.598615 0.747741 0.593401 0.747824 0.593055 0.749398 0.598964 0.749574 0.598422 0.764102 0.592760 0.764278 0.592464 0.765940 0.598323 0.766204 0.597633 0.779505 0.591086 0.779153 0.590888 0.780468 0.597880 0.781079 0.596995 0.795435 0.590544 0.794560 0.590888 0.795958 0.597044 0.796398 0.596057 0.810574 0.590052 0.810750 0.590052 0.813199 0.595469 0.813028 0.599063 0.812676 0.598964 0.824227 0.599849 0.824227 0.599997 0.811801 0.604232 0.811801 0.604083 0.827204 0.605068 0.827204 0.605854 0.825542 0.610630 0.824491 0.612305 0.822917 0.615406 0.822130 0.612599 0.811537 0.612896 0.809088 0.613536 0.809088 0.619984 0.806375 0.620674 0.819241 0.621117 0.818102 0.620919 0.805500 0.623529 0.803134 0.616062 0.764190 0.610964 0.739907 0.609214 0.731532 0.602706 0.732856 0.603000 0.733157 0.604367 0.735083 0.605448 0.736907 0.605620 0.739537 0.606872 0.741157 0.608354 0.742171 0.609036 0.743894 0.609549 0.747944 0.609893 0.751690 0.610349 0.754931 0.611372 0.757056 0.612969 0.758574 0.612284 0.759792 0.609893 0.758171 0.607841 0.758574 0.606760 0.762426 0.606359 0.761412 0.607271 0.756856 0.606589 0.753718 0.604367 0.751486 0.602771 0.747639 0.602885 0.745106 0.603854 0.741056 0.603513 0.738324 0.601005 0.737310 0.600607 0.739537 0.599297 0.742171 0.599982 0.745412 0.599753 0.748046
7 0.610581 0.731380 0.609953 0.731338 0.611529 0.738597 0.615263 0.756755 0.620854 0.783819 0.625659 0.807273 0.626547 0.802819 0.627398 0.799338 0.627995 0.795560 0.627484 0.788222 0.632292 0.785949 0.631951 0.784588 0.630760 0.784361 0.629016 0.771731 0.631781 0.770292 0.631568 0.768782 0.629185 0.769838 0.629568 0.756301 0.628411 0.756579 0.629810 0.755991 0.630398 0.755801 0.630984 0.755801 0.631792 0.756449 0.632458 0.756519 0.632458 0.755731 0.631792 0.754949 0.630984 0.754685 0.630029 0.754884 0.629372 0.755426 0.628349 0.755551 0.627497 0.755472 0.626612 0.753574 0.626430 0.750500 0.626060 0.749593 0.625695 0.748801 0.625177 0.748218 0.624661 0.747755 0.624109 0.747296 0.623523 0.747106 0.622974 0.746903 0.622422 0.746773 0.621797 0.746773 0.621206 0.746843 0.620620 0.747037 0.619747 0.745704 0.618773 0.743361 0.618773 0.742153 0.618563 0.740935 0.618216 0.739875 0.617099 0.737417 0.615141 0.737111 0.614461 0.737111 0.613698 0.737259 0.613013 0.737259 0.612417 0.736653 0.611951 0.735745 0.611784 0.734616 0.611740 0.733477 0.611294 0.730616 0.610828 0.729181 0.610060 0.727667 0.609081 0.726685 0.609310 0.728102 0.610263 0.729403 0.610581 0.731380 0.610930 0.734093
2 0.648057 0.750014 0.642328 0.757185 0.639867 0.758477 0.638052 0.758690 0.636721 0.758190 0.633130 0.755319 0.632458 0.755731 0.631792 0.754949 0.630984 0.754685 0.630029 0.754884 0.629372 0.755426 0.629859 0.741204 0.632823 0.739569 0.632628 0.738398 0.629992 0.739333 0.630716 0.725505 0.631393 0.725069 0.632156 0.727227 0.635055 0.734005 0.636885 0.738750 0.640544 0.744713 0.644510 0.748782
10 0.520445 0.712176 0.515956 0.714856 0.513635 0.716625 0.512521 0.716407 0.511708 0.716032 0.510773 0.716250 0.509841 0.714907 0.508154 0.714106 0.504445 0.713944 0.503812 0.714963 0.503242 0.718231 0.503211 0.721014 0.503724 0.723319 0.504596 0.725356 0.505711 0.726319 0.506555 0.725625 0.506948 0.724069 0.507852 0.723588 0.512190 0.723532 0.512943 0.723000 0.517042 0.722889 0.518487 0.722032 0.518125 0.719407 0.518607 0.718394 0.520174 0.717375 0.521049 0.716194 0.521500 0.715412 0.522344 0.715394 0.522435 0.714532 0.522224 0.713301 0.521742 0.712338 0.521289 0.711963
2 0.537185 0.737940 0.536005 0.739921 0.535703 0.740991 0.536156 0.742759 0.537305 0.745384 0.537370 0.746176 0.536706 0.747722 0.536578 0.749616 0.536552 0.751384 0.536943 0.752884 0.538401 0.752426 0.539758 0.751106 0.540482 0.751949 0.541372 0.751116 0.541490 0.748917 0.541279 0.746347 0.540891 0.745329 0.539711 0.744204 0.538326 0.740991 0.537844 0.738847 0.537573 0.738366
2 0.522203 0.760870 0.521240 0.762370 0.515724 0.764296 0.514760 0.765208 0.514549 0.765583 0.515393 0.768421 0.520305 0.767028 0.523378 0.766870 0.525245 0.766065 0.525518 0.765421 0.524141 0.760028 0.522435 0.760463
2 0.587815 0.816824 0.586836 0.818458 0.584576 0.822773 0.602180 0.831412 0.603422 0.829111 0.605258 0.828532 0.605068 0.827204 0.604083 0.827204 0.599849 0.824227 0.598964 0.824227 0.589651 0.818069
2 0.532875 0.830407 0.530562 0.828833 0.529086 0.827958 0.528247 0.830495 0.528346 0.832769 0.530464 0.832866 0.532531 0.833208 0.529823 0.835481 0.529479 0.837148 0.530661 0.837148 0.532432 0.836019 0.533813 0.833384 0.533563 0.830977
2 0.485979 0.694273 0.485510 0.682009 0.484958 0.680875 0.484831 0.665671 0.474362 0.666731 0.483469 0.690935
2 0.503359 0.728894 0.497060 0.723500 0.496458 0.722093 0.497201 0.721181 0.497630 0.720278 0.491323 0.710560 0.487234 0.700162 0.485930 0.697500 0.487505 0.700125 0.491641 0.706426 0.494742 0.709750 0.497104 0.710537 0.498380 0.711056 0.498935 0.712606 0.498935 0.714093 0.498099 0.715894 0.498854 0.718472 0.500995 0.721718 0.502883 0.723634 0.504424 0.726250
2 0.537763 0.837380 0.547214 0.852495 0.546875 0.856426 0.547130 0.859380 0.547768 0.861949 0.548065 0.865125 0.548237 0.866866 0.548661 0.866639 0.548703 0.863690 0.548365 0.860588 0.547937 0.858773 0.547599 0.856426 0.547727 0.854009 0.547896 0.853097 0.556456 0.867639 0.554065 0.871282 0.552641 0.872903 0.553323 0.876347 0.553552 0.880093 0.552070 0.886370 0.547628 0.889208 0.543411 0.883843
2 0.522570 0.827819 0.520349 0.839162 0.518299 0.829833
2 0.539177 0.880218 0.525344 0.867255 0.521490 0.846454 0.525362 0.826907 0.529573 0.825218 0.532875 0.830407 0.530562 0.828833 0.529086 0.827958 0.528247 0.830495 0.528346 0.832769 0.530464 0.832866 0.532531 0.833208 0.529823 0.835481 0.529479 0.837148 0.530661 0.837148 0.532432 0.836019 0.533813 0.833384
2 0.528393 0.804319 0.531638 0.813431 0.533289 0.825130 0.526552 0.813773
2 0.515492 0.812986 0.524492 0.799495 0.525727 0.799495 0.526432 0.801222 0.524849 0.811704 0.523549 0.810278 0.522542 0.808310 0.521589 0.809213 0.521172 0.810370 0.521328 0.811481 0.524219 0.817176 0.523198 0.823769 0.517661 0.826051
2 0.464906 0.562935 0.455375 0.616755 0.460727 0.630486 0.463779 0.616389 0.463320 0.612866 0.463779 0.610968 0.463320 0.608796 0.463091 0.606630 0.463396 0.605815 0.464617 0.605542 0.466523 0.593412 0.469794 0.573060 0.471273 0.565875 0.470367 0.564657 0.467742 0.563546
9 0.436784 0.566713 0.438529 0.562639 0.439779 0.561250 0.440326 0.561065 0.441029 0.561806 0.441133 0.563056 0.440742 0.564954 0.439154 0.568472 0.438164 0.569954 0.437253 0.567963
9 0.441133 0.562671 0.441654 0.563042 0.442148 0.564708 0.442643 0.567579 0.442513 0.568690 0.441836 0.568968 0.441185 0.568088 0.440924 0.566421 0.440742 0.564954 0.441133 0.563056
2 0.420909 0.434162 0.425786 0.432523 0.429609 0.431000 0.431190 0.430880 0.431849 0.433574 0.431323 0.451972 0.425427 0.454667 0.413721 0.460153 0.408974 0.462579 0.415177 0.449093
2 0.418768 0.433917 0.410859 0.434500 0.408289 0.435204 0.407432 0.437079 0.405917 0.443991 0.405388 0.452194 0.407099 0.460241 0.416076 0.441102
2 0.412951 0.475213 0.416526 0.475894 0.423164 0.475287 0.428823 0.474907 0.429503 0.474000 0.430099 0.465074 0.430268 0.459477 0.429167 0.458602 0.427107 0.460037 0.421914 0.462454 0.409224 0.469764 0.410245 0.473625 0.410643 0.474005
2 0.449562 0.423037 0.448195 0.423542 0.446633 0.426889 0.447557 0.437690 0.449005 0.441093 0.449352 0.441111 0.450500 0.442324 0.457310 0.455106 0.459445 0.457051 0.461042 0.455028 0.461724 0.453204 0.452953 0.441005 0.449930 0.437134 0.449888 0.436347 0.450292 0.435773 0.451299 0.434912 0.454891 0.439861 0.458365 0.444898 0.458552 0.443907 0.458177 0.442912 0.457104 0.435444 0.455096 0.426648 0.453693 0.426569 0.452156 0.425759 0.451586 0.423838 0.451414 0.422722
2 0.427430 0.486741 0.435154 0.491120 0.438940 0.492690 0.443833 0.496481 0.445008 0.496481 0.445378 0.495565 0.445339 0.494130 0.444935 0.493083 0.436807 0.487593 0.435320 0.487611 0.432505 0.484454 0.431844 0.484060 0.429049 0.482620 0.426805 0.482032 0.424672 0.481315
2 0.421536 0.480227 0.419911 0.480315 0.413464 0.476287 0.410643 0.474005 0.408544 0.472940 0.404651 0.469463 0.400268 0.467537 0.402188 0.473227 0.405438 0.479088 0.408737 0.483815 0.408391 0.485394 0.411542 0.490116 0.412419 0.490481 0.413026 0.491065 0.414286 0.493222 0.418641 0.504083 0.418549 0.503014 0.419000 0.501940 0.419625 0.502056 0.420602 0.503667 0.419677 0.496875 0.415945 0.492847 0.414018 0.490944 0.413174 0.489282 0.412570 0.486819 0.412005 0.484815 0.416417 0.486528 0.419714 0.487667 0.421182 0.489042 0.424081 0.490338 0.427380 0.492796 0.425901 0.489255
2 0.502578 0.573750 0.508714 0.571843 0.512372 0.571014 0.513349 0.569880 0.514414 0.569042 0.514563 0.567731 0.513677 0.567032 0.513185 0.566329 0.511461 0.566157 0.507776 0.566778 0.504031 0.568894 0.501820 0.570708 0.501138 0.571315
2 0.525018 0.556282 0.526250 0.555847 0.527776 0.554009 0.528810 0.553569 0.535456 0.565912 0.530310 0.564176
2 0.470268 0.450481 0.470440 0.454870 0.469885 0.457366 0.469844 0.458653 0.469120 0.459560 0.469630 0.462815 0.470107 0.470065 0.468458 0.469866 0.467247 0.462963 0.467073 0.459579 0.466870 0.456208 0.466695 0.454944 0.467589 0.454491 0.468312 0.454264 0.468951 0.449653 0.469292 0.448519 0.470099 0.448745
2 0.498458 0.452769 0.509224 0.464819 0.508711 0.465931 0.508826 0.467856 0.509737 0.470995 0.510477 0.473931 0.509831 0.473319 0.497945 0.464718 0.498003 0.457120 0.498344 0.455500
2 0.470938 0.652870 0.470388 0.649069 0.470763 0.646699 0.471885 0.645282 0.471503 0.643361 0.470688 0.642338 0.469536 0.637269 0.468984 0.631065 0.467964 0.627282 0.468815 0.623273 0.468505 0.619130 0.467089 0.618546 0.466646 0.627472 0.467531 0.637014 0.468615 0.650755
2 0.489008 0.499671 0.486615 0.487269 0.481698 0.479065 0.480307 0.477361 0.481896 0.486685 0.481516 0.488208 0.481992 0.493032 0.481568 0.493102 0.482622 0.494153 0.484419 0.495639 0.485146 0.499394 0.486706 0.502449
2 0.469687 0.416764 0.468310 0.417468 0.468310 0.418343 0.469344 0.423505 0.470083 0.429370 0.472445 0.446699 0.472544 0.452301 0.472937 0.452912 0.473971 0.451514 0.474120 0.448361 0.473185 0.441708 0.473776 0.438296 0.474021 0.435060 0.473823 0.431995 0.472898 0.428509 0.470688 0.419963
2 0.483341 0.388620 0.482065 0.389199 0.482206 0.390190 0.482172 0.391056 0.473357 0.390597 0.475818 0.397861 0.477737 0.403375 0.482414 0.414491 0.482365 0.415278 0.481776 0.415889 0.482128 0.417343 0.488083 0.436935 0.487701 0.437468 0.485909 0.437509 0.481135 0.428931 0.481578 0.427444 0.481672 0.426532 0.477115 0.419745 0.475349 0.413060 0.472557 0.394431 0.471388 0.393921 0.469516 0.391120 0.468307 0.391250 0.466745 0.391796 0.473490 0.410264 0.473490 0.411750 0.475669 0.418255 0.475583 0.419917 0.475031 0.420370 0.475589 0.422185 0.476445 0.422977 0.476635 0.424389 0.475047 0.432921 0.475393 0.434454 0.477081 0.442528 0.477430 0.435579 0.477875 0.434843 0.478544 0.435023 0.478815 0.433458 0.478339 0.431630 0.478339 0.430583 0.478852 0.430060 0.479440 0.429995 0.479883 0.430583 0.480617 0.433588 0.481008 0.433884 0.483281 0.437037 0.495885 0.451477 0.495786 0.453403 0.496424 0.456903 0.486138 0.444162 0.490370 0.456204 0.491245 0.456213 0.493880 0.459963 0.496187 0.463829 0.497945 0.464718 0.497432 0.456718 0.497206 0.454389 0.498232 0.419454 0.496612 0.412713 0.493849 0.403718 0.488036 0.401051 0.485224 0.383852 0.485466 0.393894 0.484940 0.394611 0.484094 0.394324 0.483367 0.393032
2 0.525807 0.540852 0.527555 0.547639 0.527492 0.549847 0.525870 0.550514 0.522870 0.544958 0.521057 0.541519 0.520237 0.539625 0.519974 0.537125 0.517531 0.530866 0.520250 0.533778
2 0.421461 0.525116 0.428404 0.528833 0.428990 0.531657 0.428237 0.535375 0.427513 0.535023 0.427799 0.537963 0.427115 0.540292 0.427148 0.541769
1 0.503190 0.308125 0.511255 0.305653 0.513167 0.305194 0.514956 0.304449 0.515203 0.303750 0.514760 0.302264 0.507276 0.296486 0.499596 0.292199 0.494969 0.291060 0.493443 0.291412 0.492359 0.292111 0.492112 0.290796 0.489307 0.291583 0.494818 0.297639 0.500138 0.303926
2 0.562430 0.445935 0.560461 0.449000 0.559474 0.443750 0.560656 0.442000
2 0.636904 0.692389 0.638529 0.697287 0.633310 0.702014 0.633607 0.697023 0.634198 0.695361 0.635378 0.693264 0.636365 0.692134
2 0.570964 0.572500 0.573068 0.581593 0.578958 0.584213 0.574906 0.555907
2 0.590742 0.559653 0.592219 0.561403 0.593497 0.561139 0.594138 0.559653 0.594927 0.558690 0.596648 0.558338 0.596648 0.561051 0.597732 0.561139 0.599258 0.559653 0.600193 0.558690 0.601474 0.558338 0.602016 0.560093 0.609956 0.577088 0.610841 0.579273 0.610745 0.581111 0.610203 0.582250 0.610055 0.584088 0.610596 0.586278 0.612073 0.589167 0.612714 0.591264 0.612763 0.593190 0.612367 0.595028 0.612073 0.596519 0.612172 0.598528 0.612625 0.598662 0.612674 0.596560 0.613461 0.594458 0.613461 0.592009 0.612870 0.589120 0.611542 0.585796 0.611000 0.583431 0.611049 0.582208 0.611536 0.580713 0.616768 0.592088 0.618880 0.592407 0.611536 0.574565 0.616547 0.555704 0.616638 0.558440 0.617620 0.566171 0.619010 0.572968 0.621315 0.584097 0.622151 0.588282 0.621555 0.593787 0.620487 0.596523 0.619453 0.598889 0.618266 0.605005 0.615883 0.614106 0.614029 0.621005 0.613779 0.615292 0.612029 0.610185 0.607341 0.603606 0.606219 0.603042 0.606052 0.601880 0.596904 0.576394
2 0.627927 0.618366 0.622268 0.618972 0.622328 0.617731 0.622031 0.613093 0.621638 0.609241 0.623115 0.606005 0.626000 0.609565 0.627539 0.611389
2 0.619453 0.598889 0.620852 0.601977 0.620458 0.607144 0.620409 0.607755 0.620013 0.609153 0.618979 0.611519 0.615781 0.616245 0.615578 0.615778 0.615583 0.615370 0.615883 0.614106 0.618266 0.605005
2 0.554047 0.496931 0.553203 0.514167 0.549378 0.502704 0.549661 0.497741 0.550971 0.496931
2 0.552732 0.516968 0.552385 0.529389 0.548643 0.518806 0.549531 0.506546 0.550672 0.509977
2 0.587180 0.359144 0.577932 0.371250 0.574060 0.376361 0.572872 0.379912 0.573247 0.382500 0.574833 0.388968 0.575346 0.393944 0.576234 0.396106 0.576984 0.400009 0.578240 0.402574 0.579875 0.404894 0.580250 0.406894 0.582674 0.417134 0.584263 0.431477 0.583956 0.441116 0.582706 0.446227 0.581266 0.449486 0.579258 0.448769 0.580794 0.444370 0.582539 0.437995 0.582094 0.430185 0.580951 0.420625 0.579083 0.411259 0.579060 0.409458 0.576951 0.403787 0.575583 0.400917 0.574578 0.396255 0.572461 0.386681 0.571599 0.380157 0.572078 0.374870 0.575539 0.369019 0.581312 0.361431 0.585419 0.356444
2 0.564557 0.441667 0.566875 0.435977 0.571318 0.428889 0.573880 0.425245 0.579060 0.409458 0.576951 0.403787 0.571427 0.422824 0.568750 0.426569 0.565617 0.431329 0.562005 0.438472
2 0.586286 0.501083 0.583781 0.501991 0.580688 0.503556 0.579964 0.510440 0.579549 0.513644 0.583641 0.512838 0.588122 0.511593 0.588138 0.510190
2 0.588307 0.500880 0.600318 0.500384 0.604073 0.500731 0.606909 0.500847 0.610112 0.513745 0.605807 0.512625 0.590703 0.512222 0.588654 0.503778
2 0.580917 0.481843 0.578685 0.478435 0.576732 0.476884 0.575128 0.475894 0.571362 0.476019 0.569760 0.476824 0.568680 0.477940 0.567878 0.478931 0.567180 0.479796 0.572078 0.501884 0.575505 0.515542 0.575505 0.509718 0.575464 0.496028 0.575807 0.492778 0.576997 0.490509 0.578063 0.489144 0.580294 0.485454
2 0.579870 0.488935 0.578349 0.498259 0.576984 0.506144 0.576586 0.497537 0.576872 0.494296 0.578240 0.491056
2 0.604109 0.490644 0.599768 0.492306 0.597104 0.493019 0.594635 0.493167 0.593870 0.493625 0.592016 0.495597 0.590602 0.497819 0.589393 0.500769 0.600318 0.500384 0.604073 0.500731 0.606909 0.500847
2 0.608115 0.490222 0.610010 0.489718 0.611664 0.491514 0.613318 0.491440 0.613641 0.489505 0.612875 0.485486 0.613560 0.484199 0.614529 0.485273 0.615495 0.489287 0.617471 0.491227 0.617065 0.493778 0.615503 0.504218 0.615128 0.506551 0.615758 0.506440 0.617070 0.499972 0.618966 0.498111 0.620620 0.497176 0.621990 0.496245 0.623039 0.495458 0.624654 0.495458 0.625862 0.494884 0.626789 0.493231 0.629482 0.491778 0.630732 0.493995 0.631672 0.497657 0.632357 0.500884 0.633417 0.505102 0.634042 0.508880 0.637633 0.526241 0.644818 0.588162 0.645115 0.601486 0.640768 0.608681 0.635370 0.614546 0.632302 0.612718 0.629023 0.609083 0.628107 0.598644 0.621549 0.553366 0.617924 0.537079 0.621625 0.522699 0.621570 0.517843 0.619917 0.514398 0.617411 0.514500 0.613297 0.514449 0.609076 0.495644
2 0.619005 0.649690 0.617232 0.650685 0.616766 0.651764 0.616812 0.653921 0.618820 0.656662 0.620359 0.660310 0.621992 0.663296 0.622320 0.666449 0.622740 0.682630 0.624513 0.682880 0.624654 0.686366 0.625159 0.686597 0.625753 0.688000 0.625487 0.690111 0.623906 0.690694 0.623365 0.690556 0.623417 0.701500 0.624664 0.701981 0.624878 0.701111 0.625667 0.694898 0.626453 0.695338 0.625667 0.700236 0.625526 0.701500 0.627198 0.701407 0.626820 0.684505 0.627901 0.682398 0.628279 0.680282 0.628437 0.676542 0.628495 0.668958 0.631174 0.665440 0.631771 0.665921 0.633120 0.661407 0.632201 0.658139 0.629284 0.654685 0.622698 0.650273 0.620430 0.649407
2 0.366802 0.248144 0.365977 0.244245 0.366104 0.240514 0.366266 0.237981 0.366927 0.235278 0.368203 0.230694 0.370109 0.228366 0.373255 0.228255 0.375289 0.228819 0.376909 0.229722 0.379326 0.232546 0.380693 0.235884 0.381232 0.238144 0.381740 0.242097 0.377799 0.243171 0.376339 0.239440 0.375258 0.236389 0.372555 0.234750 0.371508 0.234810 0.370331 0.236898 0.369219 0.241644 0.369188 0.245148 0.369568 0.247806
8 0.486872 0.679287 0.487344 0.679583 0.487604 0.680880 0.488646 0.689444 0.488177 0.690370 0.487734 0.689398 0.487292 0.687083 0.486693 0.685046 0.486568 0.682634 0.486318 0.681861
8 0.493448 0.692213 0.490422 0.699815 0.489576 0.699171 0.491190 0.693792 0.493247 0.690852
8 0.571909 0.838750 0.569430 0.843722 0.569495 0.844852 0.571529 0.844005 0.572706 0.841741
2 0.366940 0.250255 0.369331 0.253259 0.370250 0.254375 0.369883 0.255486 0.370435 0.256333 0.371133 0.255745 0.373339 0.257051 0.374922 0.257708 0.376318 0.257185 0.376245 0.253523 0.377201 0.253782 0.377201 0.255875 0.377385 0.257380 0.378708 0.256662 0.379664 0.256139 0.380070 0.254306 0.381099 0.253981 0.382312 0.255028 0.383122 0.254963 0.383599 0.253782 0.382716 0.250125 0.382276 0.247769 0.381945 0.245546 0.378229 0.246199 0.372346 0.248685 0.369367 0.249991
2 0.608604 0.634315 0.614357 0.639176 0.614586 0.638870 0.615612 0.629454 0.616409 0.628037 0.619997 0.625199 0.621479 0.626315 0.626661 0.638972 0.626661 0.641097 0.625068 0.642519 0.623643 0.642718 0.621307 0.638468 0.619826 0.635630 0.619143 0.638870 0.617435 0.644139 0.615667 0.646060 0.614302 0.646366 0.612820 0.645657 0.605302 0.638671
2 0.576672 0.547565 0.577656 0.546778 0.578839 0.547565 0.580266 0.549056 0.581544 0.549667 0.582659 0.554986 0.587305 0.573477 0.584901 0.573472 0.581010 0.573407 0.578000 0.556931 0.576573 0.549315
2 0.373750 0.332917 0.375547 0.333495 0.378065 0.334491 0.379560 0.336648 0.380773 0.338639 0.382698 0.339241 0.384070 0.324329 0.385521 0.329722 0.384797 0.338380 0.387354 0.338972 0.388568 0.345778 0.387495 0.345861 0.383870 0.344148 0.382055 0.343574 0.381380 0.345861 0.378487 0.344366 0.376292 0.343787 0.373214 0.342458 0.372604 0.342602 0.371794 0.339144 0.371685 0.337611 0.372604 0.336556 0.372503 0.333620
2 0.466232 0.222657 0.465117 0.222532 0.464211 0.221356 0.463409 0.221231 0.462849 0.222532 0.462674 0.224639 0.462117 0.226375 0.463503 0.226556 0.464544 0.227236 0.465943 0.230213 0.468115 0.234620 0.468534 0.231954 0.468359 0.228856 0.467625 0.226560 0.467000 0.225880 0.465883 0.226315 0.465430 0.226065 0.465534 0.224579 0.466789 0.223958 0.466789 0.223153
2 0.459992 0.229167 0.459747 0.231088 0.460026 0.232634 0.461805 0.233505 0.463826 0.234435 0.464419 0.235921 0.465396 0.235921 0.467000 0.235671 0.464648 0.231093 0.463594 0.229685 0.461865 0.229014
9 0.357365 0.209593 0.357906 0.211134 0.357906 0.211657 0.357451 0.211861 0.356617 0.211917 0.355846 0.210676 0.355068 0.209593 0.355323 0.207926 0.356344 0.208005
9 0.374354 0.199356 0.372586 0.203222 0.372971 0.204231 0.375581 0.200468 0.376367 0.198806
9 0.376417 0.202130 0.376516 0.203880 0.373906 0.207032 0.373359 0.205278
2 0.375495 0.222435 0.374539 0.222634 0.373693 0.224005 0.366815 0.221847 0.366669 0.220736 0.367404 0.218907 0.367810 0.217532 0.367846 0.215440 0.368471 0.214593 0.369758 0.214852 0.371044 0.216028 0.372406 0.218185 0.373766 0.220148 0.374979 0.221718
2 0.365477 0.221972 0.364719 0.223546 0.363836 0.224722 0.362404 0.227208 0.362388 0.228315 0.368203 0.230694 0.370109 0.228366 0.371560 0.228255 0.371596 0.226361 0.365294 0.225505 0.365182 0.223477
9 0.362440 0.216421 0.361323 0.220009 0.361815 0.224528 0.362917 0.223157 0.362844 0.222241 0.362440 0.221324 0.362698 0.220148 0.363323 0.218907 0.362807 0.217662 0.362698 0.216227
2 0.542810 0.461134 0.541271 0.462449 0.539107 0.464574 0.536943 0.464880 0.535633 0.465894 0.532156 0.466704 0.530622 0.466495 0.530081 0.466231 0.528461 0.469537 0.528034 0.472037 0.527776 0.474458 0.526461 0.471255 0.523758 0.455477 0.523008 0.455366 0.522508 0.455477 0.522258 0.456588 0.523307 0.463194 0.514844 0.442546 0.510547 0.442843 0.510005 0.445819 0.511333 0.449852 0.510786 0.454491 0.507596 0.448292 0.506000 0.441509 0.506615 0.427556 0.506109 0.411949 0.505802 0.397426 0.507232 0.393074 0.507971 0.392505 0.509805 0.400912 0.510414 0.403481 0.510107 0.412028 0.510568 0.417736 0.510271 0.421519 0.510870 0.429134 0.512016 0.434935 0.514221 0.437912 0.517221 0.438389 0.518896 0.439167 0.521716 0.442852 0.524354 0.444440 0.524948 0.444366 0.525076 0.443532 0.527810 0.445759 0.532573 0.442773 0.534779 0.442144 0.534875 0.451759 0.536169 0.452028 0.536104 0.443565 0.538839 0.441833 0.540253 0.439796 0.543161 0.448264 0.544221 0.454380 0.544221 0.459088
2 0.511818 0.378542 0.509766 0.382894 0.507885 0.388667 0.507232 0.393074 0.505802 0.397426 0.506109 0.411949 0.506615 0.427556 0.506445 0.429722 0.504542 0.429042 0.504234 0.427278 0.504883 0.413037 0.504714 0.393611 0.505568 0.389662 0.509328 0.378319 0.511206 0.377713
2 0.563906 0.530764 0.560831 0.531269 0.558667 0.531875 0.568740 0.566093 0.567706 0.566880 0.558396 0.535514 0.556974 0.532412 0.554867 0.534032 0.554185 0.534741 0.559292 0.549384 0.564401 0.563481 0.567688 0.574819 0.569604 0.567005
2 0.502297 0.350745 0.500531 0.350745 0.499878 0.351657 0.500617 0.352870 0.501073 0.354491 0.502669 0.355301
2 0.497625 0.352639 0.496081 0.354731 0.494500 0.358787 0.493875 0.363102 0.496523 0.363102 0.499245 0.363625 0.499794 0.360745 0.500568 0.360356 0.501818 0.361204 0.503141 0.361727 0.502669 0.356009 0.501701 0.355907 0.500503 0.354389 0.499706 0.352972 0.498339 0.352769
2 0.503729 0.350940 0.506047 0.352639 0.507628 0.356042 0.508365 0.358458 0.508437 0.361403 0.508437 0.364278 0.508107 0.365454 0.507112 0.365912 0.506367 0.364843 0.505279 0.363838 0.504820 0.363829
2 0.581070 0.443199 0.580135 0.438208 0.578432 0.435560 0.575073 0.433366 0.574432 0.433065 0.571115 0.432157 0.569201 0.432458 0.566875 0.435977 0.564557 0.441667 0.566510 0.445602 0.576805 0.448157 0.574854 0.440722 0.575167 0.439231 0.576143 0.438491 0.576771 0.438611 0.577328 0.439977 0.578932 0.448778 0.579258 0.448769 0.580794 0.444370
2 0.482807 0.322509 0.483703 0.322662 0.484852 0.320468 0.491828 0.299819 0.493307 0.296019 0.494818 0.297639 0.486424 0.324782 0.485190 0.325537 0.484724 0.327579 0.483021 0.327204
2 0.453060 0.201139 0.454586 0.202019 0.455104 0.208421 0.456380 0.210384 0.456406 0.213130 0.457138 0.214606 0.457872 0.215454 0.457687 0.217546 0.457320 0.219116 0.456953 0.221944 0.455516 0.224023 0.441865 0.224204 0.443784 0.215662 0.441914 0.215222 0.440964 0.220000 0.439948 0.224954 0.436695 0.218111 0.436203 0.218375 0.439500 0.225639 0.436055 0.226250 0.428669 0.227389 0.426750 0.226250 0.425961 0.222486 0.426552 0.218111 0.425961 0.213208 0.425372 0.207435 0.425372 0.204370 0.426552 0.203847 0.429161 0.204282 0.431130 0.204546 0.432510 0.204722 0.433987 0.203847 0.434628 0.204370 0.436203 0.203940 0.441865 0.202630 0.440484 0.205699 0.443932 0.204116 0.446245 0.203241
9 0.511328 0.468194 0.513677 0.469954 0.514359 0.471995 0.515169 0.477537 0.511083 0.474037 0.511253 0.469954
7 0.509224 0.464819 0.509708 0.464074 0.510115 0.463944 0.510628 0.464861 0.511328 0.468194 0.511253 0.469954 0.511083 0.474037 0.510477 0.473931 0.509737 0.470995 0.508826 0.467856 0.508711 0.465931
2 0.498599 0.374523 0.498089 0.377551 0.496896 0.378458 0.495068 0.377398 0.494130 0.375130 0.492557 0.375431 0.491068 0.379514 0.490258 0.381787 0.490727 0.386023 0.492229 0.385153 0.493312 0.386287 0.494591 0.388389 0.495526 0.389347 0.497729 0.399759 0.498469 0.379630 0.499159 0.378667 0.499945 0.378231 0.500685 0.378931 0.501029 0.380333 0.499552 0.407023 0.499706 0.408417 0.501891 0.410144 0.503383 0.412148 0.502945 0.375935 0.502917 0.373333
9 0.485664 0.317907 0.484852 0.320468 0.483703 0.322662 0.482807 0.322509 0.482370 0.319213
2 0.539385 0.339833 0.540581 0.339662 0.541185 0.340398 0.541312 0.341694 0.541789 0.342148 0.542297 0.342602 0.542456 0.343958 0.542424 0.344407 0.541253 0.344125 0.540318 0.344875 0.539685 0.345463 0.537370 0.340991 0.538289 0.339931
2 0.631094 0.643750 0.636068 0.643417 0.637003 0.644380 0.637937 0.658648 0.631547 0.652185 0.631068 0.651806
2 0.638432 0.664597 0.638727 0.668977 0.635182 0.666264 0.633677 0.663597 0.634612 0.659644 0.637112 0.663088
9 0.485573 0.525648 0.486250 0.531657 0.486932 0.533472 0.489484 0.534227 0.489953 0.534306 0.489484 0.530671 0.488932 0.529157 0.488464 0.528477 0.487240 0.527361
2 0.472216 0.327005 0.472253 0.329333 0.473229 0.332361 0.473836 0.337176 0.474885 0.341190 0.476315 0.341694 0.478000 0.340963 0.477938 0.339551 0.475776 0.332824 0.473867 0.326894 0.473232 0.326157 0.472565 0.326157
2 0.424711 0.185319 0.425549 0.186981 0.424859 0.189782 0.422594 0.191181 0.420625 0.190745 0.417966 0.191968 0.416737 0.193806 0.415357 0.193630 0.414669 0.192583 0.414719 0.189870 0.414865 0.187593 0.416294 0.185491 0.417771 0.184704 0.418458 0.184704 0.419937 0.185403
2 0.433966 0.168250 0.435198 0.170616 0.435984 0.170875 0.438052 0.167463 0.437906 0.165713 0.437216 0.164838 0.435641 0.165889
2 0.376339 0.239440 0.375836 0.239546 0.374560 0.239773 0.370135 0.238259 0.369219 0.241644 0.369188 0.245148 0.369568 0.247806 0.366802 0.248144 0.366940 0.250255 0.369367 0.249991 0.372346 0.248685 0.378229 0.246199 0.377526 0.245218 0.377432 0.244028 0.377622 0.243352
2 0.477333 0.371204 0.475365 0.374528 0.475857 0.376894 0.479549 0.388005 0.479992 0.388968 0.482065 0.389199 0.483341 0.388620 0.483206 0.380625 0.480831 0.375755 0.479943 0.375843 0.478367 0.374005
2 0.483245 0.352097 0.480432 0.345116 0.473336 0.344463 0.466018 0.341847 0.469922 0.347727 0.475591 0.359833 0.482294 0.373810 0.484010 0.373611 0.483195 0.356079
2 0.485458 0.365690 0.503091 0.366347 0.502857 0.371231 0.485680 0.373194
2 0.485224 0.354986 0.488573 0.359565 0.488240 0.356819 0.488461 0.354333 0.489122 0.353616 0.489786 0.354005 0.490779 0.356556 0.491880 0.357343 0.492690 0.359236 0.492875 0.361199 0.492875 0.362963 0.485432 0.362620
2 0.469279 0.306958 0.472242 0.308259 0.472417 0.311731 0.472068 0.314708 0.472643 0.316343 0.474427 0.317500 0.474857 0.312477 0.475659 0.309995 0.478065 0.310681 0.477750 0.309750 0.476154 0.306407 0.473448 0.300718 0.473203 0.304315 0.468289 0.304315
2 0.436430 0.184722 0.438742 0.187833 0.440677 0.189167 0.435888 0.197657 0.434628 0.204370 0.433987 0.203847 0.432510 0.204722 0.431130 0.204546 0.429161 0.204282 0.429583 0.200463 0.431555 0.198625
2 0.363799 0.247389 0.362784 0.243176 0.361716 0.238130 0.360964 0.236991 0.349583 0.234120 0.344029 0.242644 0.346089 0.245574 0.346052 0.244759 0.346701 0.242356 0.348320 0.241685 0.357174 0.239574 0.360065 0.243023 0.360945 0.245375 0.362234 0.250019 0.362674 0.249301 0.363706 0.248384
2 0.356424 0.267167 0.356641 0.265125 0.356771 0.263454 0.357344 0.261231 0.360703 0.251343 0.360359 0.250148 0.358477 0.242792 0.355964 0.243310 0.355391 0.245884 0.354185 0.249954 0.353583 0.251884 0.352799 0.252472 0.352159 0.253519 0.352969 0.253750 0.353591 0.254259 0.353932 0.255093 0.353339 0.260620
2 0.445802 0.169778 0.446740 0.170384 0.447469 0.171773 0.448484 0.172931 0.448208 0.175250 0.443143 0.175856 0.442260 0.177185 0.441740 0.176676 0.441635 0.175519 0.446177 0.170699
2 0.573456 0.585620 0.572336 0.586866 0.569161 0.586616 0.568182 0.586782 0.568042 0.588194 0.568414 0.589852 0.570049 0.591347 0.571169 0.591759 0.570893 0.593449 0.572763 0.592968 0.574089 0.593394 0.575685 0.595000 0.578849 0.598750 0.584609 0.604537 0.581576 0.594745 0.580409 0.590185 0.580177 0.588606
2 0.584531 0.607037 0.585276 0.616356 0.579336 0.602389
2 0.592073 0.584458 0.593177 0.587917 0.593776 0.590093 0.593266 0.592093 0.592427 0.592421 0.591589 0.594167 0.591372 0.592972 0.590349 0.586204
2 0.518013 0.430370 0.519534 0.428861 0.513823 0.410046 0.513135 0.407505 0.514414 0.404269 0.513294 0.400968 0.512826 0.402634 0.512487 0.403463 0.511805 0.404144 0.511594 0.405884 0.511703 0.406444 0.512044 0.409167 0.511448 0.414236 0.513792 0.418699 0.516128 0.422102 0.515661 0.425731
2 0.344193 0.305944 0.347326 0.315463 0.355857 0.302796 0.357547 0.300440 0.355708 0.296995 0.356711 0.292944 0.356773 0.288611 0.356536 0.286245 0.356492 0.283833 0.355044 0.282088 0.354674 0.280269 0.354018 0.276949 0.352568 0.274292 0.351682 0.273792 0.350427 0.275125 0.349258 0.276782 0.348138 0.277616 0.346833 0.279356 0.346315 0.285912 0.347391 0.286079 0.348326 0.287565 0.348513 0.289722 0.348044 0.291889 0.346458 0.294787 0.344914 0.296606 0.343708 0.297856 0.342719 0.296741 0.342357 0.293949 0.342839 0.284093 0.341070 0.285894 0.340497 0.286912 0.340479 0.287519 0.338805 0.290556 0.342935 0.303019
2 0.584805 0.481602 0.588935 0.487764 0.592880 0.494727 0.592016 0.495597 0.590602 0.497819 0.589393 0.500769 0.588307 0.500880 0.587664 0.498884
6 0.554409 0.408079 0.549076 0.409583 0.547922 0.409722 0.547081 0.411463 0.547268 0.414454 0.548047 0.417949 0.554044 0.461000 0.562544 0.520287 0.569604 0.567005 0.572216 0.555926 0.573484 0.547764 0.568104 0.521727 0.559544 0.473417 0.560516 0.471847 0.562456 0.472005 0.561419 0.466352 0.561794 0.464606 0.562727 0.464111 0.562607 0.461144 0.560461 0.449000 0.559474 0.443750 0.557042 0.423157
1 0.490003 0.293907 0.487870 0.294690 0.484596 0.294167 0.482841 0.294389 0.481734 0.292731 0.481141 0.291292 0.479375 0.290769 0.478419 0.290769 0.477904 0.294495 0.477836 0.295963 0.481331 0.296310 0.486648 0.297884 0.491828 0.299819 0.492604 0.297273
8 0.551875 0.492537 0.541971 0.474162 0.541247 0.476847 0.541247 0.477630 0.551440 0.497037
8 0.553784 0.501815 0.557883 0.509694 0.558802 0.510144 0.559471 0.509843 0.559721 0.508954 0.559721 0.507912 0.554047 0.496931
8 0.368633 0.171694 0.370318 0.175366 0.368823 0.177458 0.367237 0.173898 0.367479 0.172181 0.367883 0.171463
8 0.542245 0.489699 0.538068 0.477361 0.537487 0.476731 0.536909 0.476588 0.536620 0.477491 0.541820 0.492495
8 0.465539 0.284227 0.466177 0.295347 0.466049 0.297995 0.465154 0.295347 0.464729 0.285060 0.464771 0.283852
8 0.506539 0.641653 0.507969 0.643389 0.509747 0.644815 0.509120 0.642519 0.506854 0.639917
8 0.497164 0.666088 0.497102 0.668093 0.496820 0.671245 0.497333 0.677306 0.497148 0.682861 0.495422 0.680292 0.495141 0.672079 0.495281 0.666435 0.495422 0.664611
1 0.487492 0.644287 0.488385 0.647315 0.489664 0.651324 0.490513 0.652306 0.490557 0.654273 0.491151 0.655028 0.492089 0.654046 0.491875 0.652005 0.489961 0.648370 0.488854 0.646102 0.488513 0.643833 0.489323 0.642019 0.489365 0.640810 0.488685 0.639977 0.488089 0.639903 0.487451 0.640431 0.486557 0.641944
8 0.506750 0.641963 0.508352 0.647477 0.509016 0.646796 0.508214 0.643699
8 0.544974 0.671713 0.550039 0.673069 0.549828 0.676019 0.544891 0.674583
8 0.551930 0.675722 0.554766 0.675986 0.559065 0.679384 0.560167 0.680694 0.560904 0.680954 0.561198 0.679384 0.560503 0.677356 0.558586 0.675593 0.557409 0.674481 0.555828 0.673894 0.552003 0.673176
1 0.535680 0.481102 0.536477 0.480444 0.536766 0.479032 0.536620 0.477491 0.536909 0.476588 0.537487 0.476731 0.538068 0.477361 0.538716 0.477745 0.539802 0.477745 0.540307 0.477491 0.541247 0.482130 0.542042 0.481343 0.541247 0.477630 0.541247 0.476847 0.541971 0.474162 0.549096 0.486324 0.547383 0.482574 0.547911 0.479296 0.547779 0.477301 0.546987 0.475778 0.546461 0.472616 0.544138 0.473259 0.542982 0.472477 0.541680 0.471963 0.540885 0.471319 0.541609 0.468366 0.541826 0.465407 0.541753 0.464125 0.541680 0.463481 0.541271 0.462449 0.540885 0.462968 0.540885 0.464639 0.540958 0.466565 0.540380 0.468491 0.539578 0.470111 0.537914 0.472556 0.537271 0.472991 0.536839 0.472606 0.535898 0.470421 0.535320 0.468880 0.534661 0.466000 0.533294 0.466319 0.532646 0.466833 0.532573 0.468620 0.532935 0.469907 0.533279 0.472167 0.534245 0.471556 0.534930 0.472060
6 0.450292 0.248880 0.457068 0.249028 0.457651 0.250167 0.458880 0.249653 0.459409 0.249620 0.471190 0.249833 0.471036 0.253190 0.470237 0.253616 0.469685 0.253940 0.461167 0.253639 0.460674 0.251588 0.459828 0.251782 0.459461 0.252241 0.459461 0.253157 0.454057 0.253639
6 0.432727 0.249176 0.439169 0.248880 0.447674 0.248495 0.450125 0.253190 0.445776 0.253042 0.444755 0.251065 0.443635 0.251065 0.443729 0.253565 0.437690 0.252852 0.436479 0.252352 0.435956 0.252495 0.435229 0.253500 0.433396 0.253042 0.433266 0.249713
1 0.481065 0.197519 0.479021 0.199185 0.478044 0.200394 0.478000 0.202514 0.478341 0.204477 0.478000 0.206296 0.477148 0.207579 0.474893 0.208866 0.474383 0.210079 0.474427 0.213102 0.473576 0.213102 0.473745 0.210227 0.474299 0.208111 0.475448 0.207204 0.476766 0.206523 0.477531 0.204931 0.477490 0.202741 0.477404 0.201000 0.477617 0.199185 0.478682 0.197218 0.479914 0.196537 0.480852 0.196005
8 0.380974 0.181051 0.381414 0.186412 0.380901 0.187264 0.380458 0.186481 0.380055 0.181380
1 0.475107 0.192375 0.474299 0.195176 0.474255 0.197218 0.474469 0.199639 0.474172 0.202514 0.473490 0.204176 0.472427 0.205236 0.471534 0.205843 0.470724 0.207204 0.470513 0.209394 0.470810 0.213481 0.470375 0.213560 0.469831 0.212042 0.469490 0.209093 0.469917 0.206444 0.471151 0.204403 0.472214 0.203421 0.473576 0.202208 0.473703 0.200773 0.474057 0.199870 0.472917 0.198056 0.473065 0.196236 0.473789 0.193963 0.474214 0.193208
1 0.463396 0.197931 0.462695 0.198718 0.462346 0.199963 0.462602 0.200981 0.463555 0.201602 0.464380 0.202505 0.464984 0.203468 0.465333 0.204824 0.465112 0.206065 0.464604 0.207250 0.464539 0.208157 0.464635 0.209569 0.464227 0.210144 0.463906 0.207639 0.464570 0.204991 0.464128 0.203634 0.463299 0.202676 0.462474 0.201829 0.461966 0.201264 0.461526 0.200824 0.462122 0.198176 0.462888 0.197801 0.463354 0.197421
8 0.378398 0.172750 0.379271 0.176620 0.379833 0.175366 0.379062 0.171245
8 0.376818 0.164120 0.377958 0.167847 0.377443 0.169287 0.376266 0.165102
8 0.374133 0.158431 0.375224 0.161065 0.375474 0.161958 0.375971 0.160787 0.375201 0.158301
8 0.383724 0.173051 0.384688 0.173519 0.386776 0.175014 0.384607 0.175731 0.383073 0.174769
1 0.463654 0.197394 0.467346 0.206032 0.466706 0.206759 0.464490 0.201333 0.463505 0.199231 0.462888 0.197801
1 0.450557 0.174727 0.453708 0.174639 0.456120 0.174463 0.457401 0.172014 0.458237 0.172102 0.457500 0.174815 0.456120 0.175954 0.453315 0.176301 0.452674 0.177088 0.453365 0.177352 0.454891 0.177352 0.455677 0.178755 0.455482 0.180852 0.456070 0.181556 0.457646 0.182343 0.458435 0.183741 0.458138 0.185403 0.458435 0.186542 0.459813 0.187681 0.460747 0.189255 0.460453 0.191708 0.460172 0.192528 0.459568 0.192671 0.458583 0.189606 0.457302 0.187157 0.456268 0.185319 0.454792 0.183565 0.454299 0.182519 0.453857 0.184356 0.451935 0.185144 0.450951 0.185931 0.451148 0.184356 0.452724 0.183653 0.453365 0.182866 0.452331 0.180764 0.451789 0.178667 0.451789 0.177352 0.451789 0.175954 0.450458 0.176389
8 0.596159 0.669255 0.623906 0.690694 0.625487 0.690111 0.625753 0.688000 0.625159 0.686597 0.595831 0.666208
8 0.579169 0.659167 0.599060 0.678968 0.602682 0.681620 0.614383 0.695477 0.615523 0.694972 0.616208 0.693144 0.615747 0.690921 0.599844 0.674995 0.584086 0.658944 0.576198 0.651111
8 0.501484 0.690833 0.507036 0.700116 0.506339 0.701620 0.500443 0.692778
8 0.495443 0.684815 0.498563 0.689324 0.499411 0.687773 0.495130 0.680324
8 0.411997 0.324245 0.401927 0.337130 0.403596 0.329806 0.411062 0.321009
8 0.495948 0.474625 0.499594 0.484444 0.502555 0.492144 0.519974 0.537125 0.520237 0.539625 0.519268 0.540880 0.518208 0.539940 0.516266 0.535556 0.493674 0.473884
8 0.367409 0.278634 0.368091 0.281065 0.367409 0.284606 0.366268 0.289269 0.366042 0.292407 0.367635 0.301722 0.369117 0.306583 0.369458 0.313468 0.367646 0.316301 0.365357 0.301722 0.364174 0.295310 0.364716 0.291657 0.365255 0.290315 0.364747 0.288935 0.364958 0.282986 0.365357 0.279750 0.365859 0.278551
6 0.406732 0.202440 0.392846 0.203185 0.386070 0.217310 0.388581 0.218796 0.389779 0.216657 0.393349 0.209579 0.406648 0.209579
5 0.410549 0.182454 0.405721 0.181380 0.406802 0.179074 0.407667 0.177444 0.408854 0.176292 0.410042 0.176005 0.411284 0.175713 0.411932 0.175236 0.412742 0.173796 0.413336 0.170338 0.413497 0.168801 0.415388 0.168227 0.415982 0.170625 0.416682 0.172931 0.417602 0.176005 0.419060 0.178116 0.420786 0.180324 0.421922 0.181185 0.423578 0.182208 0.419937 0.185403 0.418458 0.184704 0.417771 0.184704 0.416294 0.185491 0.414865 0.187593 0.414719 0.189870 0.413073 0.190093 0.413081 0.184889 0.412661 0.184144 0.412312 0.184144 0.412000 0.184639 0.411922 0.185454
8 0.411922 0.185454 0.410549 0.182454 0.399302 0.180676 0.397677 0.183120
8 0.515279 0.630648 0.521089 0.643306 0.541956 0.687389 0.542148 0.682819 0.529729 0.655745 0.528273 0.652579 0.525214 0.646204 0.523776 0.642986 0.517081 0.629861 0.516339 0.628644 0.515258 0.628745
8 0.495857 0.688769 0.495857 0.691454 0.495987 0.694509 0.496664 0.693630 0.496404 0.689926
8 0.434651 0.272037 0.434893 0.274144 0.435799 0.275569 0.436984 0.276620 0.440682 0.283069 0.442146 0.286556 0.443458 0.290264 0.444404 0.291125 0.445865 0.291449 0.443703 0.286537 0.440482 0.279199 0.438281 0.275606 0.436659 0.273792
8 0.426505 0.273032 0.425901 0.278912 0.423641 0.278338 0.424367 0.272102
8 0.425536 0.280634 0.425255 0.285440 0.422914 0.285222 0.423359 0.280417
8 0.562714 0.597231 0.553125 0.643333 0.552841 0.646884 0.553716 0.648551 0.554404 0.648662 0.555216 0.647440 0.566138 0.593676 0.565018 0.595000 0.564089 0.596079 0.563013 0.595833
8 0.528516 0.658565 0.522068 0.673338 0.517320 0.685213 0.515005 0.682514 0.526771 0.655278
8 0.528297 0.328500 0.530857 0.356944 0.531792 0.355634 0.532813 0.354815 0.530857 0.330426 0.529578 0.327537 0.528937 0.326926 0.528693 0.326926
8 0.559544 0.473417 0.568104 0.521727 0.573484 0.547764 0.574896 0.541176 0.567044 0.496787 0.562456 0.472005 0.560516 0.471847
8 0.572013 0.513130 0.577708 0.526500 0.577026 0.530551 0.570646 0.514954 0.570419 0.513940 0.571102 0.513130 0.571672 0.513130
8 0.578878 0.534398 0.586339 0.553639 0.596268 0.583185 0.605750 0.609199 0.606969 0.610009 0.607654 0.609060 0.606052 0.601880 0.596904 0.576394 0.585034 0.543986 0.579680 0.531023
8 0.544227 0.681292 0.552943 0.696380 0.553682 0.698306 0.553456 0.699213 0.550781 0.699398 0.543771 0.685644
8 0.531615 0.651435 0.536042 0.663102 0.542508 0.677463 0.542378 0.682380 0.538612 0.673843 0.532820 0.660884 0.530396 0.654528
8 0.527995 0.641528 0.530341 0.647819 0.529052 0.650764 0.526589 0.644028
8 0.515523 0.614264 0.516930 0.614796 0.517779 0.617139 0.525099 0.640741 0.526927 0.637792 0.520289 0.617671 0.518161 0.613056 0.517312 0.612296 0.516206 0.612069
8 0.510549 0.611620 0.514872 0.614051 0.515062 0.611792 0.510232 0.609361
8 0.528854 0.601111 0.538536 0.619440 0.540245 0.617009 0.532271 0.601921
8 0.539974 0.622824 0.540667 0.623722 0.541815 0.621375 0.541135 0.620847
8 0.549620 0.637667 0.553151 0.643657 0.552841 0.646884 0.552656 0.647671 0.551776 0.646755 0.549349 0.642176
8 0.543589 0.625213 0.548036 0.633352 0.546161 0.633579 0.545591 0.633977 0.541966 0.628380
8 0.545352 0.620287 0.554688 0.635463 0.555391 0.632917 0.546284 0.618319
8 0.556760 0.639653 0.558940 0.643380 0.559831 0.644153 0.560552 0.643245 0.560766 0.642037 0.559867 0.639796 0.557487 0.636495
8 0.561974 0.614222 0.566688 0.626167 0.572383 0.641685 0.571776 0.643343 0.570935 0.643343 0.569909 0.640523 0.568789 0.636042 0.568927 0.634218 0.565055 0.626333 0.561320 0.617787
8 0.557760 0.634954 0.561510 0.638889 0.568333 0.647083 0.570167 0.648667 0.570896 0.648306 0.571281 0.646315 0.570865 0.644894 0.569607 0.643343 0.558497 0.631639
8 0.523758 0.455477 0.529068 0.487801 0.527255 0.490023 0.522258 0.456588 0.522508 0.455477 0.523008 0.455366
8 0.529539 0.491986 0.531807 0.506579 0.529862 0.503889 0.528458 0.495250 0.528458 0.494005
8 0.576250 0.548269 0.581010 0.573407 0.578677 0.573824 0.575177 0.553824
8 0.427187 0.243926 0.426016 0.261421 0.428276 0.261708 0.429042 0.248444 0.428557 0.246218 0.427872 0.245000
8 0.495367 0.687519 0.496383 0.689463 0.497424 0.691593 0.497945 0.690481 0.496695 0.687519 0.495862 0.686315 0.495341 0.685852
8 0.497737 0.698398 0.498570 0.698907 0.498674 0.700481 0.498674 0.702148 0.499013 0.703352 0.499430 0.703352 0.500706 0.702935 0.501383 0.702148 0.500966 0.701315 0.499794 0.702333 0.499508 0.702333 0.499378 0.700620 0.499247 0.699046 0.498674 0.698028 0.498154 0.697657
8 0.498992 0.695968 0.500867 0.700412 0.503159 0.706153 0.504089 0.706667 0.503315 0.704486 0.499721 0.694671
1 0.543052 0.691523 0.542643 0.702491 0.545919 0.715194 0.547297 0.714810 0.548625 0.715324 0.548870 0.716463 0.548427 0.717000 0.547724 0.717542 0.551966 0.731019 0.553174 0.729583 0.554547 0.729440 0.555758 0.729940 0.557169 0.730444 0.555349 0.722898 0.549159 0.706097
8 0.410698 0.255185 0.410294 0.260704 0.411901 0.261435 0.411987 0.257694
8 0.413737 0.216833 0.413177 0.230440 0.412198 0.248194 0.413932 0.249537 0.415510 0.216667
8 0.432062 0.281718 0.431258 0.271676 0.430531 0.267875 0.429966 0.264361 0.431419 0.264505 0.432547 0.269310 0.433354 0.276194 0.433958 0.282222
8 0.401951 0.291384 0.402818 0.293954 0.401516 0.303338 0.398987 0.321458 0.396094 0.334181 0.390766 0.353125 0.386049 0.365787 0.384924 0.369111 0.373966 0.393773 0.359747 0.425606 0.358193 0.425773 0.357521 0.424398 0.357521 0.422162 0.379193 0.375269 0.382469 0.368769 0.383836 0.365125 0.389141 0.349704 0.394823 0.331069 0.397135 0.317319 0.400542 0.293426
8 0.443458 0.290264 0.426151 0.288819 0.409867 0.287759 0.407646 0.287657 0.403602 0.286699 0.404258 0.283801 0.415974 0.284801 0.434529 0.286167 0.442146 0.286556
8 0.449740 0.292185 0.443672 0.291023 0.432938 0.289616 0.426151 0.288819 0.419310 0.288542 0.419875 0.294069 0.421318 0.294079 0.421760 0.291852 0.423044 0.292181 0.423065 0.293153 0.428146 0.292773 0.428867 0.291769 0.429674 0.291199 0.430323 0.291199 0.430927 0.292204 0.431010 0.292926 0.442341 0.294144 0.449682 0.296218 0.450128 0.296000 0.450411 0.294644 0.450211 0.292991
8 0.445174 0.294833 0.439667 0.308440 0.440367 0.309352 0.441115 0.309685 0.446979 0.295463
8 0.451883 0.283426 0.448497 0.291792 0.446893 0.291546 0.450937 0.281690
8 0.447339 0.295750 0.451872 0.305852 0.451174 0.306782 0.446510 0.296667 0.446979 0.295463
8 0.420672 0.254023 0.420391 0.255671 0.419422 0.256676 0.414057 0.252944 0.406406 0.249023 0.398875 0.243310 0.386922 0.234519 0.384380 0.231449 0.382005 0.228667 0.381359 0.227222 0.382492 0.226069 0.386651 0.231060 0.396370 0.237972 0.405703 0.244769 0.407734 0.245556 0.412198 0.248194 0.413932 0.249537
8 0.371206 0.204898 0.375266 0.217514 0.383112 0.241796 0.385052 0.241898 0.380516 0.227685 0.372586 0.203222
8 0.368385 0.203981 0.371302 0.212241 0.372815 0.211185 0.371206 0.204898 0.369844 0.201852
8 0.354578 0.163139 0.367708 0.200648 0.368750 0.198611 0.357036 0.163394 0.355372 0.161722
8 0.389758 0.148477 0.377260 0.162917 0.377646 0.160861 0.376385 0.159449 0.390607 0.144491
8 0.375224 0.161065 0.362961 0.174616 0.363971 0.177486 0.367237 0.173898 0.367479 0.172181 0.367883 0.171463 0.368932 0.171819 0.369174 0.171819 0.374659 0.164648 0.375474 0.161958
8 0.347391 0.233519 0.343049 0.240736 0.344029 0.242644 0.349583 0.234120
8 0.363562 0.236977 0.366266 0.237981 0.366669 0.235255 0.362630 0.233657
8 0.370771 0.294176 0.371612 0.310273 0.369698 0.312847 0.368531 0.294259 0.368859 0.293514 0.369372 0.292931 0.370865 0.293014
8 0.371685 0.314667 0.372604 0.336556 0.371685 0.337611 0.371794 0.339144 0.372604 0.342602 0.372872 0.344667 0.373359 0.363009 0.371302 0.363194 0.369870 0.317449
8 0.371745 0.366759 0.372112 0.371222 0.373417 0.368736 0.373359 0.366806
8 0.381224 0.354727 0.375854 0.363653 0.377982 0.363954 0.380456 0.360051
8 0.376701 0.367606 0.369904 0.380000 0.368776 0.376991 0.372112 0.371222 0.373417 0.368736 0.374122 0.367296
8 0.369036 0.337407 0.367375 0.350616 0.366245 0.362019 0.364641 0.361782 0.365479 0.352051 0.367214 0.339213
8 0.366109 0.365819 0.365518 0.367991 0.364479 0.365648
8 0.370445 0.331556 0.363708 0.339301 0.357979 0.346255 0.359070 0.349412 0.364919 0.341667 0.370404 0.335931
8 0.363466 0.343620 0.365635 0.350421 0.365154 0.355352 0.362049 0.345551
8 0.361917 0.299306 0.366435 0.318241 0.367646 0.316301 0.363208 0.296949
8 0.361401 0.289000 0.362307 0.293523 0.360982 0.295444 0.359727 0.290856 0.359867 0.289245 0.359971 0.287884 0.360737 0.287884
8 0.364747 0.288935 0.362307 0.293523 0.360982 0.295444 0.355857 0.302796 0.347326 0.315463 0.348674 0.319306 0.359044 0.304718 0.361917 0.299306 0.363208 0.296949 0.364174 0.295310 0.364716 0.291657 0.365255 0.290315
8 0.404393 0.258181 0.407055 0.259329 0.410294 0.260704 0.411901 0.261435 0.414961 0.263278 0.420122 0.267287 0.426255 0.270667 0.430854 0.273097 0.430854 0.275894 0.426578 0.274324 0.426505 0.273032 0.424367 0.272102 0.424237 0.273384 0.416573 0.267648 0.411703 0.264292 0.409977 0.263634 0.406370 0.261991 0.404232 0.260403
8 0.414010 0.270986 0.415581 0.273157 0.418508 0.277495 0.419867 0.280097 0.420844 0.281028 0.422240 0.281028 0.423359 0.280417 0.425536 0.280634 0.429003 0.280903 0.431688 0.282764 0.434581 0.284125 0.436427 0.285986 0.438172 0.286171 0.435836 0.283509 0.433958 0.282222 0.432062 0.281718 0.430711 0.279912 0.429073 0.278736 0.425901 0.278912 0.423641 0.278338 0.421854 0.278671 0.420740 0.278671 0.416729 0.270986 0.416242 0.270245 0.414779 0.270181 0.414289 0.269995
8 0.448003 0.265056 0.435542 0.264556 0.422521 0.264472 0.417201 0.264472 0.415987 0.263727 0.417294 0.261486 0.426016 0.261421 0.428276 0.261708 0.447302 0.262565
8 0.437690 0.252852 0.437083 0.262176 0.434786 0.261958 0.435229 0.253500 0.435956 0.252495 0.436479 0.252352
8 0.449617 0.275907 0.441039 0.274917 0.437065 0.273866 0.436716 0.273431 0.434651 0.272037 0.440482 0.272685 0.449167 0.273796
8 0.436745 0.264537 0.435885 0.271204 0.434651 0.272037 0.434893 0.274144 0.434924 0.277102 0.434594 0.282403 0.433958 0.282222 0.433354 0.276194 0.434594 0.264676
8 0.450328 0.266181 0.453922 0.274810 0.459896 0.288583 0.465794 0.303546 0.471982 0.319597 0.479651 0.343111 0.483245 0.352097 0.483174 0.347736 0.477826 0.330898 0.469576 0.307759 0.464167 0.292875 0.455891 0.274921 0.448815 0.259120 0.444755 0.251065 0.443635 0.251065 0.443729 0.253565 0.444896 0.255046 0.447883 0.260699
8 0.458237 0.300718 0.450453 0.310829 0.449607 0.310259 0.449404 0.309037 0.449969 0.308106 0.451174 0.306782 0.451872 0.305852 0.456786 0.299287 0.457755 0.299431
8 0.484870 0.300829 0.485102 0.304148 0.484823 0.305144 0.477961 0.304398 0.477542 0.300250
8 0.484010 0.373611 0.483195 0.356079 0.483245 0.352097 0.483174 0.347736 0.482250 0.338005 0.480458 0.320694 0.479935 0.315347 0.478260 0.310546 0.476154 0.306407 0.468625 0.290579 0.459042 0.272569 0.452555 0.258620 0.445659 0.243903 0.439672 0.233333 0.441885 0.232565 0.446313 0.240440 0.457698 0.263495 0.467935 0.283532 0.477961 0.304398 0.480977 0.310394 0.481695 0.312583 0.483753 0.333463 0.485086 0.351000 0.485680 0.373194
8 0.485224 0.383852 0.485466 0.393894 0.484940 0.394611 0.484094 0.394324 0.483367 0.393032 0.483206 0.380625
8 0.509896 0.349306 0.521458 0.365139 0.518378 0.366111 0.508602 0.354208 0.508602 0.352097 0.509143 0.350366
8 0.519896 0.368611 0.533443 0.387616 0.533227 0.381856 0.523344 0.367745
8 0.447193 0.503278 0.447031 0.506435 0.446359 0.510083 0.446263 0.511042 0.444815 0.521278 0.444208 0.520347 0.443443 0.519986 0.444451 0.511958 0.445419 0.510736 0.445419 0.509444 0.444935 0.507653 0.445539 0.502347
8 0.447880 0.495681 0.447273 0.501704 0.445500 0.500625 0.446427 0.494315
8 0.464427 0.300278 0.461901 0.315292 0.460599 0.321602 0.459891 0.325597 0.459802 0.325667 0.458635 0.329315 0.458961 0.331222 0.459755 0.331306 0.460734 0.328569 0.462323 0.322759 0.463815 0.317199 0.464563 0.306745 0.465310 0.302185
8 0.501917 0.341088 0.496841 0.342069 0.489378 0.342852 0.484339 0.342722 0.484818 0.346056 0.491474 0.346056 0.496768 0.345796 0.501990 0.344356
8 0.501432 0.333505 0.502198 0.347347 0.503203 0.363963 0.504820 0.363829 0.503495 0.346634 0.502836 0.339250 0.502727 0.332903
8 0.516833 0.276931 0.507036 0.281894 0.495367 0.288981 0.482841 0.294389 0.481734 0.292731 0.491435 0.288264 0.506201 0.279412 0.515234 0.273935
8 0.497120 0.231292 0.476591 0.252648 0.475359 0.249935 0.495888 0.228227
8 0.501807 0.225796 0.498570 0.229000 0.497505 0.226319 0.500961 0.223181
8 0.502583 0.220972 0.506188 0.232282 0.511648 0.250111 0.521068 0.281065 0.513766 0.263204 0.508815 0.248523 0.504826 0.235245 0.501807 0.225796 0.500961 0.223181 0.501740 0.221685
8 0.526411 0.316106 0.532729 0.330315 0.542474 0.351435 0.540615 0.353449 0.530857 0.330426 0.529578 0.327537 0.524964 0.317718 0.525570 0.316324
8 0.541253 0.344125 0.543812 0.349963 0.542474 0.351435 0.539685 0.345463 0.540318 0.344875
8 0.545000 0.352315 0.549362 0.359889 0.548096 0.361389 0.547857 0.361551 0.543565 0.354338
8 0.550073 0.360657 0.552305 0.364375 0.551466 0.366361 0.550979 0.366606 0.550036 0.365120 0.548643 0.362639 0.549375 0.361833
8 0.568073 0.338194 0.567646 0.340796 0.556846 0.334171 0.557008 0.330718
8 0.537104 0.326222 0.543440 0.329579 0.544469 0.328917 0.545914 0.329250 0.546849 0.330824 0.547362 0.331903 0.552029 0.331903 0.555878 0.333343 0.555810 0.330329 0.555622 0.329417 0.539008 0.323190 0.538586 0.322194 0.537701 0.321616 0.535880 0.321282 0.534107 0.320787 0.533034 0.321032 0.534620 0.325597
8 0.528096 0.324630 0.519102 0.331199 0.519451 0.333306 0.528693 0.326926 0.528896 0.326491
8 0.531016 0.322037 0.531909 0.324227 0.530365 0.325278 0.529539 0.322977
8 0.521016 0.332301 0.523909 0.335833 0.525372 0.339306 0.526453 0.343148 0.530313 0.361676 0.530990 0.361574 0.530870 0.358449 0.529560 0.351435 0.526760 0.340093 0.525508 0.336653 0.522766 0.332495 0.521997 0.331417
8 0.518690 0.327190 0.520789 0.329699 0.519901 0.330630 0.518974 0.329556
8 0.491289 0.309787 0.497716 0.310940 0.508841 0.315356 0.520289 0.321694 0.521151 0.322940 0.521206 0.325051 0.520773 0.325917 0.519370 0.325917 0.518182 0.325245 0.517372 0.323324 0.515969 0.323324 0.513917 0.322171 0.503656 0.317181 0.497823 0.314204 0.493234 0.313051 0.489940 0.313148
8 0.456109 0.324347 0.457664 0.337370 0.459771 0.358968 0.459826 0.360889 0.460797 0.361083 0.461823 0.361176 0.462417 0.359259 0.462091 0.357338 0.459393 0.331611 0.458961 0.331222 0.458635 0.329315 0.458961 0.327866 0.458745 0.325273
8 0.440969 0.227287 0.450958 0.227958 0.461865 0.229014 0.463594 0.229685 0.465268 0.231894 0.469539 0.240801 0.474896 0.252926 0.477974 0.260417 0.478622 0.265981 0.478245 0.270398 0.477380 0.278079 0.478513 0.279519 0.479701 0.275009 0.480081 0.269343 0.480349 0.261472 0.479594 0.258977 0.478273 0.256060 0.477422 0.254319 0.476591 0.252648 0.475359 0.249935 0.472292 0.242514 0.468690 0.236023 0.465943 0.230213 0.464544 0.227236 0.463503 0.226556 0.460849 0.226056 0.448237 0.224204 0.441865 0.224204 0.439964 0.225134
8 0.382708 0.163333 0.372604 0.185417 0.367982 0.196056 0.366693 0.192546 0.370924 0.183676 0.380904 0.161060
8 0.368919 0.282190 0.369245 0.291481 0.369372 0.292931 0.370865 0.293014 0.371440 0.293056 0.371487 0.292477 0.371206 0.283185 0.370740 0.281940
8 0.356359 0.308389 0.359870 0.316620 0.362813 0.323796 0.364167 0.321620 0.361383 0.315106 0.358034 0.306370
8 0.364479 0.326435 0.367341 0.331130 0.368214 0.331319 0.368909 0.331319 0.369466 0.329769 0.369188 0.328782 0.366677 0.325806 0.365729 0.324259
8 0.363609 0.328037 0.364349 0.338519 0.366818 0.335593 0.366365 0.329273 0.364479 0.326435
8 0.368266 0.343472 0.370000 0.362824 0.366451 0.361759 0.367375 0.350616
8 0.364596 0.341824 0.365039 0.348278 0.365635 0.350421 0.367214 0.339213
8 0.370443 0.366481 0.370893 0.373569 0.368776 0.376991 0.367826 0.374000 0.366940 0.368190 0.366576 0.366042
8 0.381211 0.377227 0.378469 0.404764 0.377177 0.400176 0.378802 0.382639
8 0.381060 0.368597 0.380849 0.371819 0.379193 0.375269 0.379560 0.368227
8 0.383870 0.344148 0.382297 0.362505 0.381086 0.362935 0.380883 0.362935 0.381448 0.363509 0.381932 0.364801 0.379997 0.364083 0.380456 0.360051 0.381224 0.354727 0.382055 0.343574
8 0.385521 0.329722 0.384797 0.338380 0.383951 0.339097 0.383466 0.339602 0.382698 0.339241 0.384070 0.324329
8 0.384917 0.320023 0.388669 0.338023 0.390323 0.345625 0.389477 0.348278 0.385521 0.329722 0.384070 0.324329 0.383477 0.321227 0.383570 0.320796 0.384049 0.320319
8 0.414625 0.334375 0.421435 0.356588 0.423870 0.356255 0.421622 0.348704 0.420622 0.347148 0.415781 0.329861
8 0.406440 0.359630 0.402659 0.372690 0.398307 0.388750 0.395182 0.396296 0.393203 0.400602 0.399414 0.376472 0.401224 0.370398 0.404638 0.361481 0.405576 0.359718
8 0.460130 0.323935 0.455167 0.321542 0.449333 0.316977 0.441115 0.309685 0.440367 0.309352 0.439667 0.308440 0.438076 0.303991 0.436836 0.295065 0.435266 0.295162 0.437104 0.302648 0.438562 0.308218 0.440130 0.311292 0.444503 0.315519 0.448932 0.319157 0.456109 0.324347 0.459891 0.325597
8 0.450453 0.310829 0.451120 0.311634 0.451562 0.310991 0.454062 0.307833 0.454589 0.307477 0.456039 0.309412 0.459872 0.323537 0.460130 0.323935 0.460599 0.321602 0.457896 0.310630 0.456161 0.306972 0.455193 0.305755 0.454508 0.305898
8 0.459943 0.337745 0.465883 0.345616 0.471391 0.355602 0.476359 0.366449 0.480247 0.374417 0.483206 0.380625 0.485224 0.383852 0.486958 0.386292 0.487661 0.386097 0.488471 0.384083 0.484474 0.378227 0.483349 0.376856 0.482294 0.373810 0.475591 0.359833 0.469922 0.347727 0.464901 0.340815 0.459771 0.334671
8 0.464661 0.344259 0.461172 0.348843 0.460885 0.346204 0.463107 0.342218
8 0.473229 0.332361 0.468068 0.339190 0.466292 0.337824 0.472253 0.329333
8 0.504740 0.372778 0.504883 0.390931 0.504883 0.413037 0.503383 0.412148 0.502945 0.375935 0.502917 0.373333
8 0.504596 0.366454 0.504628 0.370685 0.502969 0.371009 0.503091 0.366347
8 0.485432 0.362620 0.503203 0.363963 0.504820 0.363829 0.505279 0.363838 0.506367 0.364843 0.508385 0.369431 0.506490 0.369884 0.505271 0.367037 0.504596 0.366454 0.503091 0.366347 0.490135 0.365759 0.485458 0.365690
8 0.434284 0.514106 0.436477 0.519162 0.439128 0.524144 0.440872 0.527449 0.442344 0.530278 0.444521 0.535875 0.447323 0.541287 0.443161 0.527694 0.430385 0.499148 0.432151 0.504921 0.431922 0.505931 0.429701 0.505630 0.430810 0.507574
1 0.451003 0.484431 0.450760 0.483403 0.449643 0.481731 0.449435 0.477949 0.448328 0.475278 0.445234 0.468245 0.435531 0.483676
1 0.439008 0.454306 0.434443 0.456681 0.434555 0.470931 0.433966 0.473745 0.433083 0.474792 0.432568 0.473546 0.433234 0.483602 0.434938 0.483375 0.434938 0.481255 0.445021 0.467185 0.443021 0.461991 0.441242 0.459611 0.440521 0.457523
8 0.443021 0.461991 0.445021 0.467185 0.445234 0.468245 0.448328 0.475278 0.453180 0.485708 0.458216 0.502144 0.461708 0.511986 0.464016 0.508597 0.458414 0.492778 0.456901 0.487625 0.453732 0.479421 0.451294 0.474269 0.448633 0.469963
1 0.496385 0.535208 0.494859 0.531532 0.490232 0.525144 0.488312 0.519894 0.486786 0.518843 0.485013 0.517440 0.483883 0.515111 0.482297 0.514032 0.482391 0.512870 0.482997 0.513454 0.484023 0.514366 0.484398 0.512375 0.483930 0.509884 0.483651 0.507644 0.483138 0.506981 0.481727 0.506579 0.479003 0.505750 0.477471 0.504088 0.476536 0.502046 0.476154 0.499394 0.475474 0.496819 0.472500 0.497306 0.470518 0.497222 0.469831 0.497731 0.466667 0.494713 0.464977 0.490977 0.457727 0.479574 0.449911 0.467282 0.447982 0.443181 0.448544 0.444060 0.450331 0.447162 0.455310 0.455181 0.457310 0.455106 0.459445 0.457051 0.461042 0.455028 0.461724 0.453204 0.463482 0.456065 0.462997 0.465301 0.464891 0.467130 0.466464 0.468245 0.468458 0.469866 0.470107 0.470065 0.471477 0.470671 0.472786 0.472796 0.474154 0.474319 0.475576 0.474523 0.475768 0.476352 0.474779 0.481032 0.474977 0.482676 0.477615 0.483380 0.478997 0.485250 0.479328 0.490407 0.479919 0.491931 0.481568 0.493102 0.482622 0.494153 0.484419 0.495639 0.485146 0.499394 0.486706 0.502449 0.488172 0.505056 0.489234 0.506421 0.491143 0.509819 0.491802 0.512681
8 0.479216 0.543333 0.484237 0.558616 0.483005 0.561792 0.478536 0.548023
8 0.479971 0.542079 0.480396 0.545106 0.484906 0.556907 0.485885 0.551667 0.483630 0.547903
8 0.480948 0.533231 0.483255 0.540944 0.480430 0.536602
8 0.482138 0.525338 0.485635 0.536361 0.487307 0.542139 0.487258 0.545468 0.486828 0.546694 0.484896 0.542579 0.482138 0.533301 0.481500 0.530500
8 0.468214 0.533954 0.467396 0.534167 0.466432 0.533889 0.465208 0.533380 0.465391 0.535231 0.466276 0.535926 0.467474 0.535648 0.468828 0.535556 0.468576 0.533954
8 0.499443 0.552144 0.495013 0.550394 0.494521 0.551181 0.494471 0.552931 0.494719 0.553282 0.499393 0.555032 0.499987 0.554264
8 0.504120 0.553630 0.509487 0.555731 0.525930 0.562731 0.528982 0.567023 0.513573 0.560810 0.510820 0.558806 0.508203 0.558287 0.504909 0.557394
8 0.489695 0.550917 0.493586 0.541380 0.493240 0.539630 0.492206 0.538579 0.491271 0.539542 0.488070 0.548731
8 0.497573 0.536213 0.498607 0.534551 0.499393 0.534639 0.500083 0.535866 0.502792 0.548380 0.500547 0.552940 0.497523 0.537176
8 0.491701 0.589676 0.494789 0.589153 0.495185 0.593130 0.494432 0.593292 0.493099 0.594843 0.492583 0.593208 0.491849 0.593208
8 0.485000 0.590324 0.489604 0.590329 0.489719 0.593028 0.489880 0.596347
8 0.498836 0.588435 0.496336 0.588958 0.496591 0.593597 0.499755 0.592616
8 0.504031 0.592343 0.505393 0.605356 0.506714 0.605051 0.505083 0.592088
8 0.503352 0.584477 0.503607 0.588639 0.504714 0.588560 0.504458 0.586597
8 0.501521 0.588560 0.505266 0.588486 0.506669 0.591255 0.505083 0.592088 0.502159 0.592042
8 0.506117 0.572676 0.509138 0.583116 0.511734 0.591889 0.515221 0.599227 0.511862 0.584324 0.508714 0.571843
8 0.503990 0.552935 0.507352 0.567079 0.505138 0.568065 0.502669 0.556185
1 0.455375 0.616755 0.460979 0.584880 0.456589 0.570037 0.450417 0.573833 0.446060 0.576917 0.441789 0.580361
8 0.474854 0.568981 0.473867 0.574583 0.472932 0.575282 0.472096 0.576333 0.470227 0.575370 0.471849 0.568718 0.472737 0.568634
8 0.479672 0.540856 0.475857 0.563338 0.474604 0.563134 0.473352 0.560199 0.477281 0.537213
8 0.463125 0.545657 0.466529 0.546792 0.465763 0.544977 0.464997 0.542856
8 0.464997 0.542856 0.462784 0.545958 0.460063 0.548912 0.459594 0.548153 0.462018 0.544597 0.464701 0.542255
8 0.459935 0.526824 0.459125 0.534616 0.459635 0.539153 0.460401 0.540815 0.463891 0.543009 0.462018 0.544597 0.458828 0.543616 0.457935 0.542556 0.458057 0.536074 0.457555 0.535875 0.457250 0.536093 0.456823 0.534583 0.457935 0.527352
8 0.457935 0.527352 0.459635 0.527199 0.460573 0.527880 0.463466 0.536731 0.464062 0.540060 0.465763 0.544977 0.468589 0.550116 0.468698 0.548079 0.465339 0.539380 0.463083 0.532269 0.461211 0.527051 0.460742 0.525838 0.459852 0.525694 0.457971 0.526111
8 0.460786 0.517991 0.460487 0.523245 0.459359 0.523157 0.459552 0.524468 0.459852 0.525694 0.457971 0.526111 0.458523 0.520704
8 0.448383 0.535060 0.451927 0.535926 0.456654 0.538824 0.456591 0.542588 0.452518 0.540310 0.449935 0.540157
8 0.450794 0.519481 0.451380 0.526046 0.452518 0.524907 0.452117 0.518519 0.450745 0.518843
8 0.408987 0.328125 0.412773 0.328505 0.413508 0.331148 0.412432 0.334931 0.406008 0.332208
8 0.393799 0.362375 0.393099 0.368060 0.395380 0.368069 0.394448 0.362097 0.394448 0.360356
8 0.396922 0.353875 0.397474 0.354597 0.396260 0.361000 0.395943 0.356370
8 0.378862 0.367963 0.377685 0.372019 0.377466 0.371366 0.376987 0.367833
8 0.375516 0.370708 0.371177 0.384310 0.372391 0.387579 0.376104 0.376269
8 0.375516 0.369139 0.376141 0.377444 0.375995 0.380384 0.376841 0.380255 0.377245 0.379537 0.378385 0.376921 0.377466 0.371366 0.376987 0.367833 0.376701 0.367606
8 0.381750 0.384042 0.381419 0.386657 0.381234 0.390514 0.382964 0.398227 0.384508 0.395741 0.383367 0.391231 0.382896 0.390653 0.382271 0.389236 0.382742 0.387898 0.382266 0.384301 0.382154 0.383843
8 0.390279 0.438005 0.392594 0.443042 0.394026 0.445727 0.395677 0.450245 0.396792 0.453514 0.397182 0.454208 0.400076 0.460079 0.403549 0.468889 0.400758 0.467773 0.397000 0.457245
8 0.421841 0.489528 0.426169 0.497829 0.427971 0.502440 0.429701 0.505630 0.431922 0.505931 0.432151 0.504921 0.430385 0.499148 0.427380 0.492796 0.424081 0.490338
8 0.520583 0.709144 0.521289 0.711963 0.519393 0.712773 0.517995 0.709306
8 0.517995 0.709306 0.519393 0.712773 0.517563 0.713907 0.515477 0.708843
8 0.511771 0.700741 0.510542 0.702032 0.510031 0.703167 0.510245 0.706269 0.513052 0.710958 0.514159 0.713454 0.515690 0.713606 0.515956 0.714856 0.517563 0.713907 0.515477 0.708843 0.513281 0.708958 0.512711 0.707537
8 0.508802 0.703704 0.513052 0.710958 0.514159 0.713454 0.510286 0.712093 0.507563 0.706574
8 0.525518 0.709069 0.529221 0.716634 0.531589 0.716991 0.527307 0.708009
8 0.538922 0.738569 0.540578 0.743731 0.541620 0.742806 0.540836 0.739023
8 0.535732 0.729491 0.538156 0.736074 0.540070 0.737241 0.538539 0.731685 0.537859 0.730606
8 0.534922 0.735620 0.535815 0.740310 0.536581 0.738949 0.536326 0.736755
8 0.533646 0.727903 0.534284 0.732519 0.535372 0.733597 0.534922 0.728884
8 0.543534 0.718347 0.545750 0.729023 0.545510 0.730120 0.545143 0.731833 0.545276 0.734847 0.545357 0.736199 0.544716 0.735764 0.541763 0.720356 0.541797 0.718611 0.542716 0.718222
8 0.533492 0.733750 0.534576 0.741014 0.533242 0.738889 0.530734 0.734889 0.530586 0.731736 0.531635 0.732472
8 0.532359 0.726833 0.532901 0.731213 0.530391 0.729120 0.530094 0.725523
8 0.547724 0.717542 0.551966 0.731019 0.551320 0.733815 0.550956 0.734889 0.550104 0.734843 0.546268 0.717611
8 0.504089 0.706667 0.499271 0.705231 0.498719 0.705912 0.499057 0.708560 0.499862 0.708875 0.502914 0.709662
8 0.485758 0.682046 0.485979 0.694273 0.486898 0.695773 0.487120 0.687213 0.486568 0.685120 0.486568 0.682634 0.486318 0.681861
8 0.487128 0.657958 0.486872 0.679287 0.486318 0.681861 0.485510 0.682009 0.484958 0.680875 0.484831 0.665671 0.485000 0.658412 0.485424 0.657806
8 0.472786 0.649491 0.476083 0.654917 0.478466 0.654523 0.474875 0.649042
8 0.431630 0.516194 0.431630 0.518218 0.430453 0.518875 0.423680 0.507537 0.423680 0.506139 0.424516 0.505176 0.425401 0.505264
8 0.427513 0.535023 0.427799 0.537963 0.427115 0.540292 0.428880 0.542926 0.431297 0.544741 0.430932 0.543167 0.431115 0.542426 0.431427 0.542102 0.431714 0.541917 0.434008 0.546468 0.437654 0.548593 0.438083 0.545097 0.433893 0.539782 0.429167 0.536037
8 0.522805 0.718162 0.522914 0.719662 0.520305 0.718685 0.520174 0.717375 0.521049 0.716194 0.521500 0.715412 0.520943 0.717889
8 0.483495 0.629838 0.485961 0.640204 0.486417 0.640310 0.486557 0.641944 0.487451 0.640431 0.485875 0.634380 0.484771 0.632190
8 0.484776 0.625403 0.488344 0.630903 0.491578 0.636421 0.491794 0.643005 0.484771 0.632190 0.482737 0.628671 0.480836 0.624417 0.482935 0.624602
8 0.486417 0.640310 0.480799 0.642148 0.474047 0.644667 0.472583 0.645407 0.471885 0.645282 0.470763 0.646699 0.470904 0.648801 0.471549 0.650116 0.472583 0.649676 0.487255 0.644162
8 0.493997 0.640139 0.494984 0.641014 0.497893 0.645421 0.500503 0.651023 0.499568 0.651375 0.497844 0.647611 0.494643 0.642884 0.494201 0.642009
8 0.493464 0.621343 0.497193 0.625083 0.499656 0.628060 0.500940 0.630685 0.505419 0.649241 0.504727 0.649588 0.500398 0.631032 0.499065 0.628236 0.495573 0.625083 0.493260 0.623685
8 0.495185 0.593130 0.494432 0.593292 0.494049 0.595181 0.493794 0.619838 0.495794 0.620898 0.496391 0.607889 0.495953 0.595477 0.495781 0.593426
8 0.495742 0.585000 0.495102 0.585176 0.494708 0.587810 0.495185 0.593130 0.495781 0.593426 0.495953 0.595477 0.496594 0.594940 0.496081 0.586694 0.496036 0.585718
8 0.515234 0.630880 0.514466 0.632676 0.516591 0.644778 0.519060 0.643870 0.517870 0.636458
8 0.496951 0.663593 0.499036 0.667750 0.503378 0.679630 0.502568 0.681671 0.497336 0.667750 0.497164 0.666088 0.496229 0.663894
8 0.508333 0.686060 0.510419 0.692583 0.510706 0.692144 0.509010 0.682454 0.508813 0.683315 0.508628 0.685278
8 0.506385 0.681417 0.508115 0.685931 0.507893 0.680440 0.507414 0.679523
8 0.507966 0.677954 0.507893 0.685995 0.508333 0.686060 0.508628 0.685278 0.508813 0.683315 0.508664 0.676972
8 0.499326 0.663310 0.504656 0.677366 0.505943 0.675079 0.501604 0.662981
8 0.505034 0.683630 0.509898 0.694023 0.508563 0.696625 0.503891 0.686171
8 0.505451 0.710995 0.509534 0.711843 0.515638 0.714000 0.515956 0.714856 0.513635 0.716625 0.512521 0.716407 0.511708 0.716032 0.510773 0.716250 0.509841 0.714907 0.508154 0.714106 0.504445 0.713944
8 0.483469 0.690935 0.488096 0.697148 0.492182 0.702574 0.492039 0.703597 0.494250 0.706426 0.496169 0.707477 0.499862 0.708875 0.502914 0.709662 0.501635 0.712287 0.497104 0.710537 0.494742 0.709750 0.491641 0.706426 0.487505 0.700125 0.485930 0.697500
8 0.543096 0.488259 0.542245 0.489699 0.541820 0.492495 0.541034 0.496157 0.541518 0.496588 0.541367 0.502907 0.542104 0.498264 0.543693 0.490606 0.543693 0.489167
8 0.542104 0.498264 0.543096 0.501602 0.543690 0.503625 0.543872 0.505523 0.544531 0.506699 0.545966 0.510690 0.547104 0.515528 0.547693 0.516963 0.548643 0.518806 0.552385 0.529389 0.559292 0.549384 0.564401 0.563481 0.565161 0.567139 0.561779 0.558824 0.549417 0.528505 0.544753 0.515981 0.545010 0.514218 0.544422 0.510361 0.541367 0.502907
8 0.541367 0.502907 0.544422 0.510361 0.545010 0.514218 0.544753 0.515981 0.541484 0.509213
8 0.544021 0.502648 0.543690 0.503625 0.543872 0.505523 0.548654 0.509509 0.549206 0.509509 0.549536 0.507352 0.546190 0.504282 0.544609 0.502907
8 0.588753 0.453875 0.589070 0.465852 0.586258 0.462269
8 0.584635 0.433880 0.585914 0.432898 0.587659 0.433352 0.588424 0.448630 0.585659 0.456042
1 0.572745 0.464750 0.567693 0.470176 0.567406 0.469269 0.567469 0.467181 0.566802 0.465032 0.566453 0.463565 0.565182 0.463676 0.565849 0.465653 0.565911 0.468028 0.565594 0.470458 0.565786 0.472264 0.567180 0.479796 0.567878 0.478931 0.568680 0.477940 0.569760 0.476824 0.571362 0.476019 0.574081 0.475880 0.573859 0.473792 0.573031 0.471472 0.572078 0.470569 0.570870 0.470343 0.570458 0.469778 0.573732 0.466389
8 0.564260 0.463620 0.571570 0.462829 0.569982 0.459606 0.564068 0.460171
1 0.579870 0.415972 0.578432 0.420356 0.577497 0.423306 0.576987 0.426181 0.575966 0.429657 0.574432 0.433065 0.575073 0.433366 0.576560 0.430796 0.577497 0.427921 0.578008 0.424894 0.578687 0.422097 0.579411 0.419144 0.580135 0.416954
8 0.516294 0.398917 0.517635 0.408222 0.518536 0.407694 0.517091 0.397801
1 0.527068 0.432713 0.525049 0.430963 0.523719 0.432102 0.524062 0.433940 0.524211 0.435162 0.524112 0.438227 0.523523 0.441028 0.525076 0.443532 0.525648 0.443880 0.526477 0.440676 0.526130 0.435949 0.525737 0.433412 0.526526 0.434199 0.527068 0.433940
8 0.520076 0.430523 0.523523 0.441028 0.524112 0.438227 0.524211 0.435162 0.524062 0.433940 0.522143 0.427199
8 0.514414 0.404269 0.513135 0.407505 0.513823 0.410046 0.519534 0.428861 0.521701 0.425625 0.516841 0.411556
8 0.522883 0.425185 0.524062 0.431574 0.525049 0.430963 0.523813 0.424144
8 0.522341 0.411620 0.523227 0.419847 0.521208 0.415995 0.521010 0.411444
8 0.519633 0.400681 0.520422 0.407157 0.521563 0.407167 0.520667 0.400153
1 0.508359 0.387426 0.509635 0.390681 0.510487 0.391361 0.512060 0.390301 0.513466 0.390528 0.514487 0.392116 0.516060 0.393176 0.516742 0.394236 0.516570 0.395218 0.514870 0.395671 0.513211 0.395750 0.511677 0.395361 0.511549 0.396579 0.511039 0.398245 0.510784 0.399306 0.510232 0.399380 0.510273 0.397944 0.510828 0.396125 0.510701 0.395671 0.510018 0.395824 0.509508 0.396579 0.509083 0.397412 0.508742 0.395824 0.508487 0.394162 0.508997 0.392875 0.509039 0.392343 0.507885 0.388667
1 0.512911 0.400060 0.512315 0.400815 0.512315 0.402028 0.511635 0.402935 0.511039 0.403995 0.510997 0.404750 0.511125 0.406037 0.511594 0.405884 0.511805 0.404144 0.512487 0.403463 0.512826 0.402634 0.513294 0.400968
1 0.514401 0.400815 0.516615 0.398171 0.517508 0.396579 0.518102 0.394537 0.518232 0.392949 0.517763 0.392648 0.517253 0.395069 0.513854 0.399769
8 0.511422 0.397028 0.516784 0.408977 0.517635 0.408222 0.511677 0.395361 0.511339 0.395667
8 0.527411 0.406977 0.526898 0.410014 0.520781 0.411204 0.519193 0.411204 0.518250 0.411366 0.516841 0.411556 0.516281 0.409356 0.518536 0.407694 0.521563 0.407167
8 0.548003 0.418782 0.545042 0.413417 0.544016 0.413722 0.543333 0.415847 0.543674 0.417366 0.548802 0.425060
8 0.519193 0.411204 0.524305 0.421606 0.523320 0.422833 0.518250 0.411366
8 0.531148 0.420907 0.529474 0.418894 0.528490 0.418630 0.526964 0.419944 0.524719 0.423171 0.523813 0.424144 0.518779 0.432259 0.517034 0.434227 0.516083 0.435259 0.515690 0.438236 0.514557 0.438148 0.514706 0.435347 0.515591 0.433509 0.516523 0.432565 0.518013 0.430370 0.523862 0.422306 0.526964 0.417491 0.527555 0.416792 0.528883 0.416968 0.530310 0.417843 0.531836 0.420204
8 0.530081 0.466231 0.528898 0.467634 0.528357 0.470083 0.534583 0.489699 0.533083 0.475861 0.532443 0.472796 0.530622 0.466495
8 0.536331 0.485662 0.540565 0.498792 0.540469 0.506773 0.537552 0.499306 0.537292 0.496019
8 0.527969 0.791204 0.526927 0.796574 0.526547 0.798801 0.524849 0.811704 0.526552 0.813773 0.528198 0.801991 0.529620 0.794296
8 0.457419 0.522102 0.457971 0.526111 0.456823 0.534583 0.455674 0.524824 0.456773 0.523111
8 0.448326 0.489292 0.448656 0.493472 0.450495 0.495042 0.449943 0.489093
8 0.442112 0.488375 0.445531 0.490861 0.450495 0.495042 0.452445 0.496611 0.452706 0.498046 0.450464 0.496625 0.448776 0.495620 0.444935 0.493083 0.436807 0.487593 0.437958 0.487306
8 0.448776 0.495620 0.450333 0.517597 0.450617 0.517653 0.451477 0.517769 0.451953 0.517315 0.450464 0.496625
8 0.431365 0.470657 0.431844 0.484060 0.432724 0.484657 0.433167 0.483995 0.432359 0.471574 0.432029 0.470657
8 0.434443 0.456681 0.434555 0.470931 0.433966 0.473745 0.433083 0.474792 0.432568 0.473546 0.432568 0.470671 0.432661 0.462542 0.432909 0.461403 0.432495 0.460472 0.432495 0.458051
8 0.445234 0.468245 0.435531 0.483676 0.434938 0.483375 0.434938 0.481255 0.445021 0.467185
6 0.432724 0.484657 0.433234 0.483602 0.451003 0.484431 0.451258 0.488894 0.450182 0.489213 0.443445 0.488593 0.437958 0.487306 0.435320 0.487611
8 0.450182 0.489213 0.450961 0.491995 0.452706 0.498046 0.454237 0.512269 0.455130 0.522028 0.457299 0.518926 0.456151 0.506745 0.454578 0.497139 0.453216 0.492301 0.451854 0.486019 0.451003 0.484431 0.451258 0.488894
1 0.447344 0.386296 0.448638 0.394963 0.449263 0.394963 0.449411 0.396144 0.448932 0.396403 0.449964 0.400782 0.451286 0.407648 0.452904 0.414315 0.452484 0.416278 0.453276 0.418764 0.455096 0.426648 0.453693 0.426569 0.452156 0.425759 0.451586 0.423838 0.451414 0.422722 0.449562 0.423037 0.448195 0.423542 0.446633 0.426889 0.445708 0.427241 0.444945 0.428486 0.444747 0.429931 0.445823 0.444718 0.447117 0.463148 0.441799 0.455273 0.441357 0.455597 0.438896 0.449120 0.435104 0.440546 0.434320 0.439671 0.434055 0.439963 0.434484 0.431769 0.434336 0.429579 0.433253 0.429227 0.432958 0.431593 0.431974 0.443583 0.431323 0.451972 0.431849 0.433574 0.431190 0.430880 0.429609 0.431000 0.425786 0.432523 0.420909 0.434162 0.421589 0.434060 0.423435 0.429245 0.422883 0.427866 0.422417 0.427481 0.421482 0.427713 0.418768 0.433917 0.410859 0.434500 0.408289 0.435204 0.407432 0.437079 0.405917 0.443991 0.405982 0.444833 0.404143 0.445639 0.402667 0.437407 0.404763 0.439384 0.405367 0.438167 0.404117 0.435153 0.401859 0.429778 0.400448 0.425690 0.399883 0.422819 0.399560 0.420097 0.399948 0.419907 0.399565 0.417986 0.398948 0.417685 0.397495 0.410083 0.394948 0.404259 0.395971 0.399597 0.401576 0.408060 0.403924 0.424722 0.404490 0.424792 0.404813 0.424218 0.405055 0.421134 0.404628 0.416130 0.405841 0.421023 0.406495 0.421519 0.407102 0.421023 0.407193 0.418949 0.406565 0.415528 0.413755 0.421806 0.414565 0.421884 0.414990 0.420444 0.408055 0.413792 0.407034 0.413412 0.406055 0.413792 0.403693 0.405009 0.400253 0.387144 0.401826 0.382884 0.404635 0.379509 0.412839 0.379287 0.412932 0.393181 0.413536 0.393505 0.414529 0.393343 0.414057 0.378690 0.418654 0.379296 0.420271 0.378236 0.421547 0.372565 0.422693 0.368958 0.424250 0.369347 0.425276 0.379139 0.427490 0.379329 0.427651 0.378755 0.427219 0.373861 0.426206 0.369731 0.428802 0.370278 0.429427 0.370417 0.429792 0.369954 0.430573 0.370880 0.431198 0.372593 0.432448 0.376481 0.434453 0.378704 0.436563 0.380139 0.440182 0.381667 0.443958 0.383750
8 0.446633 0.426889 0.445708 0.427241 0.444945 0.428486 0.444747 0.429931 0.445135 0.432514 0.446070 0.438162 0.447518 0.442056 0.448096 0.442134 0.448586 0.441037 0.449005 0.441093 0.447557 0.437690
8 0.406055 0.413792 0.407034 0.413412 0.408055 0.413792 0.414990 0.420444 0.414648 0.421884 0.414565 0.421884 0.413755 0.421806 0.406565 0.415528
8 0.433253 0.429227 0.434336 0.429579 0.434484 0.431769 0.433844 0.440083 0.433284 0.440458 0.433331 0.441245 0.433599 0.450319 0.431578 0.451370 0.431974 0.443583 0.432958 0.431593
8 0.434320 0.439671 0.433284 0.440458 0.433331 0.441245 0.436997 0.448991 0.439008 0.454306 0.440521 0.457523 0.440930 0.456264 0.441357 0.455597 0.438896 0.449120 0.435104 0.440546
8 0.460846 0.424880 0.463456 0.428292 0.462964 0.429694 0.461143 0.427856
8 0.464391 0.423477 0.463406 0.424093 0.463406 0.426806 0.463456 0.428292 0.462964 0.429694 0.462177 0.439319 0.461352 0.442995 0.461164 0.445481 0.460995 0.448074 0.461547 0.448824 0.462964 0.451134 0.463654 0.443782 0.464406 0.435407 0.464240 0.430065 0.464688 0.423917
8 0.457310 0.455106 0.450500 0.442324 0.449352 0.441111 0.448586 0.441037 0.448096 0.442134 0.448544 0.444060 0.450331 0.447162 0.455310 0.455181
8 0.525362 0.826907 0.521490 0.846454 0.520349 0.839162 0.522570 0.827819
1 0.362404 0.227208 0.363836 0.224722 0.364719 0.223546 0.365477 0.221972 0.366815 0.221847 0.366669 0.220736 0.367404 0.218907 0.367810 0.217532 0.367846 0.215440 0.368471 0.214593 0.369758 0.214852 0.371044 0.216028 0.372406 0.218185 0.373766 0.220148 0.374979 0.221718 0.375495 0.222435 0.374539 0.222634 0.373693 0.224005 0.375885 0.224458 0.373862 0.226352 0.371596 0.226361 0.371560 0.228255 0.373255 0.228255 0.375289 0.228819 0.376909 0.229722 0.377773 0.230806 0.377664 0.227731 0.378143 0.226491 0.375266 0.217514 0.374906 0.216616 0.372185 0.215051 0.370052 0.213218 0.369315 0.212824 0.368177 0.213611 0.367661 0.212565 0.367771 0.211648 0.368617 0.210407 0.367992 0.209884 0.367146 0.211125 0.366557 0.213153 0.365380 0.214722 0.364573 0.214787 0.365161 0.212301 0.365823 0.210278 0.366081 0.209620 0.368984 0.206222 0.368471 0.204523 0.366799 0.207079 0.363875 0.211778 0.364094 0.213088 0.363581 0.214005 0.362698 0.216227 0.362807 0.217662 0.363323 0.218907 0.362698 0.220148 0.362440 0.221324 0.362844 0.222241 0.362917 0.223157 0.361815 0.224528
8 0.365477 0.221972 0.375885 0.224458 0.373862 0.226352 0.365294 0.225505 0.365182 0.223477
8 0.361320 0.216153 0.361323 0.220009 0.362388 0.228315 0.360401 0.227398 0.359482 0.223019 0.359557 0.220597 0.359961 0.218245
8 0.355833 0.212389 0.354471 0.222454 0.358471 0.216171 0.358812 0.213222 0.358471 0.212241 0.357451 0.211861
8 0.356982 0.204602 0.362685 0.202329 0.361451 0.207778 0.357365 0.209593 0.356344 0.208005 0.355323 0.207926 0.355068 0.209593 0.355750 0.211333 0.351240 0.213222
8 0.360000 0.213611 0.363492 0.199005 0.364047 0.197185 0.364641 0.197185 0.366003 0.198398 0.366258 0.199685 0.366044 0.201727 0.364216 0.206565
1 0.376367 0.198806 0.375581 0.200468 0.372971 0.204231 0.373359 0.205278 0.376417 0.202130 0.376516 0.203880 0.373906 0.207032 0.375135 0.210796 0.377057 0.208694 0.377893 0.208870 0.377500 0.211671 0.376958 0.215606 0.377794 0.215870 0.379026 0.211319 0.379271 0.208782 0.378729 0.207468 0.379763 0.205718 0.380208 0.204231 0.380995 0.203444 0.381388 0.205370 0.381635 0.207380 0.382177 0.207292 0.382521 0.201866 0.382570 0.199417 0.383406 0.198806 0.384589 0.199329 0.385378 0.199241 0.385378 0.197667 0.383948 0.196704 0.383359 0.195389 0.383359 0.194954
8 0.394159 0.227102 0.397901 0.223338 0.399706 0.222148 0.401766 0.219991 0.403346 0.218815 0.406031 0.217963 0.408125 0.217546 0.413750 0.217269 0.415482 0.217375 0.417805 0.216597 0.420424 0.217306 0.423268 0.218926 0.426005 0.221560 0.426552 0.218111 0.424977 0.216894 0.421620 0.213963 0.420310 0.212843 0.418716 0.212546 0.408203 0.214861 0.406451 0.214949 0.404414 0.215546 0.401839 0.217051 0.397867 0.220384 0.395883 0.222083 0.393750 0.224370 0.392057 0.226218
8 0.524219 0.817176 0.523198 0.823769 0.525818 0.822556 0.526044 0.819417
8 0.398724 0.230333 0.391914 0.229579 0.392214 0.230713 0.392810 0.232755 0.393703 0.233889 0.398766 0.233963
6 0.379661 0.225046 0.384115 0.221690 0.384885 0.220319 0.385219 0.218750 0.380107 0.219667 0.378047 0.219861
6 0.389779 0.216657 0.404414 0.215546 0.401839 0.217051 0.397867 0.220384 0.395883 0.222083 0.393750 0.224370 0.385732 0.223981
6 0.406031 0.217963 0.403346 0.218815 0.401766 0.219991 0.399706 0.222148 0.400206 0.222102 0.400844 0.222366 0.401583 0.223505 0.401435 0.224634 0.406068 0.224829
6 0.408125 0.217546 0.413750 0.217269 0.413286 0.225514 0.408138 0.225125
6 0.415482 0.217375 0.417396 0.217704 0.417872 0.221690 0.416513 0.225222 0.415115 0.225222
8 0.399318 0.222542 0.398383 0.239343 0.400156 0.240921 0.401583 0.223505 0.400844 0.222366 0.400206 0.222102
8 0.441914 0.215222 0.439964 0.225134 0.441865 0.224204 0.443784 0.215662
8 0.471294 0.213625 0.477474 0.212838 0.478797 0.213755 0.479091 0.215194 0.478797 0.217023 0.477768 0.217611 0.474237 0.218329 0.473060 0.215718 0.472214 0.214407
8 0.468315 0.216171 0.462799 0.220356 0.458240 0.224019 0.462734 0.223750 0.462849 0.222532 0.463409 0.221231 0.464211 0.221356 0.464932 0.222190 0.469346 0.219509 0.468758 0.216306
8 0.462734 0.223750 0.455516 0.224023 0.448417 0.224023 0.460849 0.226056 0.462117 0.226375 0.462674 0.224639
8 0.467000 0.223505 0.487383 0.221227 0.486250 0.223505 0.467000 0.225880 0.465883 0.226315 0.465430 0.226065 0.465534 0.224579 0.466789 0.223958
8 0.384792 0.344495 0.383432 0.348583 0.382771 0.356829 0.384339 0.353606 0.385141 0.351185 0.385357 0.349144 0.385547 0.345000
8 0.385547 0.345000 0.385357 0.349144 0.384422 0.358685 0.383302 0.362588 0.382297 0.362505 0.381086 0.362935 0.380883 0.362935 0.381448 0.363509 0.381932 0.364801 0.383836 0.365125 0.385250 0.362032 0.386016 0.355403 0.387096 0.349824 0.386958 0.346227 0.386919 0.345486
8 0.395943 0.356370 0.396362 0.363343 0.396875 0.365995 0.397154 0.368486 0.395380 0.368069 0.394448 0.362097 0.394448 0.360356
8 0.394401 0.339259 0.395503 0.339278 0.395542 0.350750 0.394292 0.354264
8 0.398359 0.349991 0.404240 0.358204 0.403026 0.360528 0.397240 0.352894
8 0.379013 0.344644 0.380464 0.355903 0.378971 0.358412 0.377318 0.344139
8 0.372409 0.329972 0.375305 0.326486 0.377169 0.322338 0.380503 0.314440 0.382042 0.313690 0.385917 0.306144 0.385698 0.309824 0.384638 0.314704 0.381557 0.321838 0.378383 0.328644 0.374836 0.331880 0.372503 0.333620
8 0.389523 0.303435 0.389969 0.302310 0.390211 0.299671 0.391284 0.292699 0.387784 0.300083 0.388917 0.300449
8 0.387784 0.300083 0.388917 0.300449 0.389523 0.303435 0.386070 0.326088 0.384917 0.320023 0.384437 0.320194 0.385698 0.309824 0.385917 0.306144 0.386990 0.300667
8 0.391284 0.292699 0.387784 0.300083 0.386990 0.300667 0.385917 0.306144 0.382042 0.313690 0.380503 0.314440 0.379708 0.313361 0.379755 0.310870 0.380922 0.308051 0.391143 0.289134 0.391891 0.288468
8 0.393104 0.282662 0.391891 0.288468 0.390211 0.299671 0.387690 0.320412 0.387690 0.321741 0.388810 0.322069 0.390117 0.321991 0.392917 0.301745 0.395297 0.284819
8 0.397023 0.306144 0.395344 0.315102 0.394878 0.317759 0.394878 0.319917 0.394690 0.324644 0.394643 0.327713 0.395018 0.329537 0.397135 0.317319 0.400542 0.293426 0.399576 0.295884
8 0.404409 0.287468 0.405216 0.291412 0.405378 0.294282 0.405216 0.297148 0.404044 0.297222 0.404044 0.299157 0.404732 0.301023 0.405094 0.301162 0.404570 0.313282 0.404122 0.318366 0.403042 0.322019 0.400125 0.328162 0.396615 0.334977 0.395862 0.335269 0.396094 0.334181 0.398128 0.324708 0.400016 0.322787 0.401586 0.318847 0.402500 0.313958 0.403310 0.297634 0.403151 0.290148 0.403151 0.288130 0.403602 0.286699
8 0.406828 0.296648 0.404044 0.297222 0.404044 0.299157 0.404732 0.301023 0.405659 0.300806 0.406734 0.299810
8 0.429055 0.300111 0.425237 0.300773 0.422044 0.301093 0.421531 0.304843 0.426112 0.304523 0.429466 0.303727
8 0.429714 0.311157 0.425844 0.313056 0.424646 0.313889 0.424620 0.314769 0.429125 0.317495 0.428708 0.320417 0.424346 0.318565 0.422240 0.316931 0.421182 0.315972 0.421547 0.313519 0.422172 0.311806 0.426156 0.309444 0.430297 0.307824
8 0.443367 0.324593 0.447646 0.326523 0.451685 0.328556 0.453992 0.331222 0.450237 0.330167 0.444815 0.327593 0.443789 0.325241
8 0.440685 0.315569 0.446987 0.323120 0.453992 0.331222 0.455451 0.331824 0.456831 0.331963 0.456883 0.331866 0.456727 0.329227 0.454591 0.327375 0.451102 0.322889 0.443497 0.315431
8 0.441289 0.319315 0.443789 0.325241 0.446706 0.331769 0.445839 0.331384 0.444737 0.328898 0.443891 0.327329 0.443302 0.326940 0.442750 0.327852 0.442331 0.328528 0.441060 0.325042 0.440039 0.322417 0.439810 0.321514 0.439805 0.320454 0.440677 0.320269
8 0.473448 0.300718 0.467068 0.300037 0.468289 0.304315 0.473203 0.304315
8 0.461672 0.293005 0.460865 0.292644 0.460383 0.293074 0.460138 0.293866 0.461846 0.297787 0.463901 0.303264 0.464427 0.300278
8 0.457435 0.288917 0.460542 0.290208 0.461672 0.293005 0.460865 0.292644 0.460383 0.293074 0.460138 0.293866 0.458112 0.290319
8 0.446435 0.258056 0.445263 0.258056 0.443547 0.256301 0.443070 0.256472 0.442880 0.257657 0.443609 0.258565 0.445070 0.259750 0.446758 0.260769 0.447302 0.262565 0.448003 0.265056 0.448732 0.267690 0.449500 0.269880 0.448839 0.271495 0.448943 0.272856 0.449167 0.273796 0.449617 0.275907 0.450094 0.276824 0.450615 0.277324 0.451951 0.280940 0.454211 0.287824 0.455458 0.292329 0.456755 0.295306 0.457729 0.297037 0.459982 0.303343 0.461195 0.304593 0.463154 0.307824 0.463901 0.303264 0.461846 0.297787 0.459841 0.293472 0.458112 0.290319 0.455969 0.284759 0.452372 0.272644 0.451161 0.268000 0.450328 0.266181 0.447883 0.260699
8 0.464911 0.305375 0.468409 0.314190 0.467581 0.314870 0.467578 0.315324 0.468789 0.317694 0.469870 0.317694 0.470443 0.319444 0.467771 0.318653 0.464211 0.310181 0.464563 0.306745
8 0.470091 0.314810 0.468409 0.314190 0.467581 0.314870 0.467578 0.315324 0.468789 0.317694 0.470346 0.317694 0.471396 0.318259
8 0.472643 0.316343 0.476516 0.318296 0.478935 0.319861 0.477724 0.321472 0.473714 0.319273
8 0.486159 0.316148 0.482187 0.317593 0.482370 0.319213 0.485664 0.317907
8 0.497250 0.314014 0.496404 0.316370 0.494750 0.315125 0.493094 0.314995 0.488940 0.316759 0.489529 0.314931 0.491549 0.313884 0.493234 0.313051
8 0.511844 0.325287 0.505844 0.329523 0.501547 0.331264 0.493464 0.336181 0.485208 0.341398 0.484339 0.342722 0.489378 0.342852 0.492867 0.342458 0.501674 0.336861 0.501432 0.333505 0.502727 0.332903 0.502951 0.336481 0.508313 0.333532 0.512568 0.330319 0.515174 0.328736
8 0.423065 0.293153 0.421458 0.305231 0.415940 0.329648 0.408698 0.354722 0.406464 0.357838 0.404638 0.361481 0.401224 0.370398 0.393255 0.387500 0.380964 0.406667 0.368521 0.421532 0.362424 0.427306 0.361792 0.427037 0.361391 0.426380 0.361279 0.425468 0.361422 0.423838 0.363078 0.422468 0.379560 0.403384 0.393625 0.380310 0.406417 0.353519 0.413508 0.331148 0.419711 0.303500 0.420844 0.296407 0.421318 0.294079 0.421760 0.291852 0.423044 0.292181
8 0.431042 0.318194 0.434073 0.320278 0.437534 0.322032 0.439565 0.322681 0.440529 0.325282 0.435104 0.323106 0.434057 0.322731 0.430781 0.320972
8 0.395503 0.339278 0.396164 0.339458 0.396445 0.344907 0.396443 0.348046 0.395542 0.350750
8 0.459922 0.363699 0.463367 0.364153 0.465411 0.365361 0.460646 0.367255 0.460021 0.364500
8 0.474302 0.362185 0.465667 0.365134 0.460646 0.367255 0.461529 0.370505 0.465677 0.368338 0.466932 0.367843 0.473409 0.365968 0.475622 0.365213
8 0.463628 0.318060 0.471982 0.319597 0.473576 0.324671 0.465570 0.323204 0.462388 0.322301
8 0.459401 0.316366 0.461565 0.317102 0.460599 0.321602
8 0.442370 0.310880 0.448234 0.312491 0.457813 0.316019 0.459219 0.321806 0.454021 0.320657 0.449333 0.316977
8 0.440362 0.315361 0.444503 0.315519 0.440130 0.311292 0.439667 0.312769
8 0.428867 0.291769 0.428146 0.292773 0.428406 0.294176 0.428826 0.296282 0.429055 0.300111 0.429466 0.303727 0.430167 0.307102 0.431031 0.308060 0.431896 0.309310 0.433409 0.311634 0.435695 0.313500 0.437570 0.313273 0.437958 0.313199 0.436841 0.309208 0.434901 0.307796 0.432995 0.304685 0.431565 0.300676 0.431182 0.294912 0.431010 0.292926 0.430927 0.292204 0.430323 0.291199 0.429674 0.291199
8 0.440130 0.311292 0.437930 0.318111 0.436849 0.318667 0.436188 0.317676 0.436570 0.315940 0.437958 0.313199 0.439396 0.309741
8 0.432552 0.293056 0.434367 0.299875 0.437958 0.313199 0.439039 0.310412 0.438562 0.308218 0.435518 0.296838 0.434542 0.293431
8 0.422630 0.296667 0.428826 0.296282 0.428406 0.294176 0.428146 0.292773 0.423065 0.293153
8 0.419875 0.294069 0.415654 0.294745 0.408854 0.295861 0.408490 0.299981 0.409661 0.299764 0.414138 0.298764 0.416719 0.298116 0.420534 0.297843 0.420844 0.296407 0.421318 0.294079
8 0.411927 0.310000 0.416799 0.309449 0.416315 0.312028 0.415911 0.312819 0.412161 0.312889
8 0.414138 0.298764 0.412443 0.301417 0.410589 0.304787 0.409458 0.306435 0.407120 0.310236 0.406232 0.317407 0.409258 0.311741 0.410023 0.310449 0.411510 0.308519 0.415669 0.300125 0.416719 0.298116
8 0.409661 0.299764 0.410589 0.304787 0.409458 0.306435 0.408490 0.300769 0.408490 0.299981
8 0.411510 0.308519 0.412292 0.313704 0.410589 0.314394 0.410023 0.310449
8 0.416961 0.315472 0.413534 0.319417 0.413896 0.322931 0.415792 0.321134
8 0.419659 0.313111 0.420466 0.324657 0.422018 0.341083 0.422018 0.349130 0.420622 0.347148 0.419753 0.339602 0.418417 0.323667 0.418240 0.319384
8 0.435104 0.323106 0.433396 0.332218 0.432419 0.338412 0.431273 0.337917 0.433047 0.327134 0.434057 0.322731
8 0.429956 0.344324 0.429474 0.347375 0.429323 0.350375 0.428661 0.351875 0.427547 0.353056 0.426612 0.354556 0.426250 0.355356 0.426221 0.356213 0.427969 0.356213 0.429112 0.354662 0.430227 0.352412 0.430469 0.350213 0.430648 0.348181 0.431161 0.346306 0.431492 0.344699 0.431312 0.344481
8 0.429685 0.342343 0.427245 0.342556 0.427154 0.344000 0.428690 0.343731 0.431312 0.344481 0.432729 0.345556 0.434115 0.346731 0.440594 0.358356 0.442430 0.358546 0.439659 0.353856 0.435289 0.346144 0.434419 0.344870
8 0.426109 0.339995 0.434419 0.344870 0.445833 0.351181 0.446844 0.350894 0.447125 0.349606 0.447086 0.347236 0.446318 0.346236 0.431273 0.337917 0.429195 0.336861 0.427198 0.335903 0.425643 0.334787
8 0.424346 0.318565 0.425643 0.334787 0.426182 0.342181 0.425427 0.343329 0.424401 0.342755 0.423320 0.340356 0.422888 0.332963 0.422240 0.316931
8 0.441958 0.373157 0.440109 0.375454 0.438646 0.377250 0.437005 0.378986 0.439714 0.379583 0.442620 0.375454 0.443560 0.373532
8 0.445409 0.373593 0.441784 0.380412 0.439714 0.379583 0.442620 0.375454 0.443560 0.373532 0.444141 0.373449
8 0.453266 0.373134 0.453589 0.374926 0.454958 0.374065 0.454797 0.372847
8 0.459375 0.367083 0.460195 0.370940 0.457089 0.372088 0.451805 0.373231 0.444141 0.373449 0.438937 0.372801 0.437930 0.371227 0.437727 0.370079 0.437727 0.368644 0.446779 0.368056 0.452112 0.367935 0.457734 0.366852
8 0.424250 0.369347 0.425276 0.379139 0.427490 0.379329 0.427651 0.378755 0.427219 0.373861 0.426206 0.369731 0.425281 0.369056
8 0.401219 0.394472 0.403693 0.405009 0.407193 0.418949 0.407102 0.421023 0.406495 0.421519 0.405841 0.421023 0.404628 0.416130 0.402500 0.404861
8 0.398148 0.419736 0.398794 0.424472 0.400568 0.431569 0.401536 0.434009 0.404763 0.439384 0.405367 0.438167 0.404117 0.435153 0.401859 0.429778 0.400448 0.425690 0.399883 0.422819 0.399560 0.420097 0.398516 0.420162
8 0.455729 0.390139 0.453049 0.391472 0.451930 0.392630 0.451357 0.394065 0.451357 0.394991 0.451487 0.396009 0.452216 0.396287 0.452607 0.396287 0.452737 0.394806 0.452737 0.393926 0.455003 0.392306 0.455940 0.391426
8 0.462786 0.383519 0.459612 0.385505 0.458286 0.386991 0.457240 0.388481 0.457414 0.389903 0.459508 0.387551 0.461878 0.385444 0.463099 0.384583
8 0.464323 0.390278 0.459471 0.391889 0.459229 0.393005 0.459612 0.394056 0.460448 0.394366 0.464805 0.392444
8 0.465568 0.390750 0.468990 0.389657 0.471708 0.389222 0.475930 0.389384 0.479417 0.389384 0.482065 0.389199 0.482206 0.390190 0.482172 0.391056 0.481195 0.391306 0.471503 0.390560 0.468307 0.391250 0.465820 0.391801
8 0.463133 0.370815 0.471708 0.389222 0.468990 0.389657 0.462016 0.373977 0.461667 0.371759
8 0.466932 0.367843 0.466724 0.369949 0.461667 0.371759 0.461198 0.370509 0.465677 0.368338
8 0.460052 0.371435 0.455354 0.374037 0.447648 0.377764 0.447729 0.379130 0.453896 0.376556 0.455234 0.375894 0.460518 0.372676
8 0.453896 0.376556 0.455732 0.389903 0.456542 0.400940 0.457971 0.414065 0.459971 0.430949 0.460164 0.437074 0.461352 0.442995 0.461667 0.435963 0.460602 0.422741 0.459167 0.406421 0.457779 0.393032 0.455234 0.375894
8 0.452904 0.414315 0.452484 0.416278 0.453276 0.418764 0.455096 0.426648 0.457104 0.435444 0.458177 0.442912 0.458552 0.443907 0.459672 0.446315 0.460326 0.446727 0.461164 0.445481 0.461352 0.442995 0.458831 0.430713 0.454865 0.413866 0.454672 0.415218 0.453878 0.415676 0.453083 0.415560
8 0.465490 0.408620 0.464966 0.419019 0.464240 0.430065 0.464406 0.435407 0.463922 0.445926 0.463643 0.452194 0.463482 0.456065 0.462997 0.465301 0.464891 0.467130 0.465297 0.457282 0.465378 0.454417 0.466229 0.440713 0.467185 0.417111 0.467625 0.410222 0.467000 0.408671
8 0.465378 0.454417 0.466870 0.456208 0.467073 0.459579 0.465297 0.457282
8 0.451299 0.434912 0.454891 0.439861 0.461547 0.448824 0.463643 0.452194 0.463482 0.456065 0.452953 0.441005 0.449930 0.437134 0.449888 0.436347 0.450292 0.435773
8 0.447982 0.443181 0.449911 0.467282 0.447117 0.463148 0.445823 0.444718 0.444747 0.429931 0.445135 0.432514 0.446070 0.438162 0.447518 0.442056
8 0.413052 0.372185 0.413836 0.373255 0.414047 0.375931 0.414529 0.393343 0.413536 0.393505 0.412932 0.393181 0.412839 0.379287 0.413109 0.379222 0.413346 0.378218 0.413346 0.377644 0.413255 0.377319 0.413013 0.376088 0.412531 0.375870 0.412448 0.375625 0.412055 0.373130
8 0.409128 0.375282 0.411508 0.375551 0.412531 0.375870 0.413013 0.376088 0.413255 0.377319 0.412661 0.376856 0.407299 0.377213
8 0.402107 0.374588 0.403643 0.373838 0.405299 0.373676 0.406203 0.373731 0.407469 0.374588 0.406055 0.376139 0.404456 0.376356 0.402891 0.376514 0.401648 0.376426
8 0.397568 0.393546 0.395971 0.399597 0.394948 0.404259 0.394193 0.403148 0.394766 0.400093 0.395984 0.397074 0.397169 0.394000
8 0.391279 0.390648 0.394560 0.395787 0.394378 0.396620 0.390732 0.391343
8 0.387190 0.396954 0.387763 0.402139 0.390445 0.405153 0.389039 0.396491 0.388674 0.394500
8 0.390633 0.391685 0.392062 0.406495 0.391878 0.407296 0.390445 0.405153 0.389062 0.393903
8 0.384117 0.401880 0.384570 0.409315 0.384745 0.411611 0.385234 0.411926 0.386383 0.415574 0.387708 0.415699 0.388544 0.415699 0.388682 0.414338 0.387255 0.406093 0.386802 0.403736 0.385685 0.401319 0.385023 0.400579
8 0.385721 0.399338 0.391878 0.407296 0.390776 0.410866 0.387255 0.406093 0.386802 0.403736 0.385685 0.401319 0.385023 0.400579
8 0.394026 0.410588 0.397135 0.414602 0.397539 0.417111 0.398948 0.417685 0.399565 0.417986 0.399948 0.419907 0.398516 0.420162 0.397365 0.418921 0.393911 0.414088 0.393771 0.413394
8 0.394193 0.405556 0.395477 0.408796 0.397135 0.414602 0.397539 0.417111 0.398948 0.417685 0.397495 0.410083 0.395562 0.405139 0.394193 0.403148
8 0.398789 0.390551 0.401182 0.405718 0.403924 0.424722 0.404490 0.424792 0.404813 0.424218 0.405055 0.421134 0.402500 0.404861 0.400253 0.387144
8 0.383635 0.410912 0.384479 0.411287 0.385234 0.411926 0.388458 0.421838 0.387492 0.425639 0.386589 0.423551 0.387102 0.423125 0.387281 0.422644 0.386497 0.421782 0.385505 0.420606 0.383878 0.416051 0.383516 0.414019 0.383396 0.412250
8 0.390120 0.424755 0.391797 0.428843 0.389417 0.427579
8 0.389417 0.427579 0.392568 0.429292 0.395536 0.431097 0.397958 0.436005 0.392943 0.432454 0.390786 0.431523 0.388818 0.430218
8 0.397490 0.432023 0.401891 0.435542 0.402120 0.435801 0.401055 0.436255 0.400714 0.437014 0.400693 0.437301 0.399312 0.436282
8 0.398167 0.436653 0.396049 0.438958 0.394831 0.440139 0.392594 0.443042 0.394026 0.445727 0.395562 0.443551 0.397125 0.442116 0.399495 0.439106
8 0.397125 0.442116 0.399365 0.448551 0.397411 0.449523 0.395562 0.443551
8 0.404143 0.445639 0.405982 0.444833 0.405529 0.449495 0.404867 0.449815
8 0.402456 0.446602 0.400044 0.447995 0.395677 0.450245 0.396792 0.453514 0.397182 0.454208 0.403089 0.450245
1 0.427346 0.459389 0.429167 0.458602 0.430643 0.460000 0.431234 0.461750 0.431974 0.462713 0.432661 0.462542 0.432909 0.461403 0.432073 0.459829 0.431083 0.458000 0.430029 0.457144 0.428763 0.456981 0.427979 0.457838
8 0.358695 0.231833 0.359138 0.233407 0.360831 0.236370 0.361716 0.238130 0.362784 0.243176 0.363799 0.247389 0.363971 0.248528 0.365052 0.250139 0.366237 0.251194 0.366654 0.250204 0.366802 0.248144 0.365977 0.244245 0.364911 0.239917 0.364109 0.237685 0.363562 0.236977 0.362630 0.233657
8 0.360703 0.251343 0.357344 0.261231 0.356771 0.263454 0.356641 0.265125 0.356424 0.267167 0.357917 0.265630 0.358464 0.262759 0.359714 0.258685 0.361328 0.253644
8 0.351956 0.244546 0.350872 0.254616 0.351909 0.255806 0.352031 0.254630 0.352159 0.253519 0.352620 0.252417 0.352258 0.251722 0.352378 0.249847 0.353703 0.245509 0.353734 0.244116
8 0.354156 0.243847 0.352258 0.250167 0.352258 0.251722 0.352799 0.252472 0.353583 0.251884 0.354185 0.249954 0.355391 0.245884 0.355964 0.243310
8 0.352159 0.253519 0.352969 0.253750 0.353591 0.254259 0.353932 0.255093 0.353339 0.260620 0.353245 0.263389 0.352995 0.269894 0.353055 0.274824 0.352568 0.274292 0.351682 0.273792 0.351065 0.274449 0.351669 0.260949 0.351940 0.258699 0.351909 0.255806 0.352031 0.254630
8 0.356747 0.283931 0.360273 0.284412 0.363044 0.285056 0.363104 0.287468 0.362833 0.288111 0.356656 0.287574 0.356536 0.286245 0.356492 0.283833
8 0.338789 0.286824 0.338609 0.289287 0.338805 0.290556 0.340479 0.287519 0.340497 0.286912
8 0.336799 0.286218 0.340497 0.286912 0.341018 0.286449 0.341070 0.285894 0.340979 0.284986 0.338055 0.283458 0.336596 0.283597 0.336206 0.283088 0.335862 0.283532
8 0.343940 0.255310 0.343133 0.262069 0.342404 0.268690 0.341466 0.277917 0.340979 0.284986 0.338784 0.283931 0.339898 0.276556 0.340596 0.272343 0.340997 0.269801 0.341518 0.264153 0.342344 0.258421
8 0.339669 0.264431 0.341336 0.264708 0.340893 0.265866 0.340242 0.267764 0.338523 0.267069
8 0.340893 0.265866 0.337742 0.275032 0.336206 0.282069 0.336206 0.283088 0.336596 0.283597 0.338055 0.283458 0.340112 0.273690 0.340997 0.269801 0.341518 0.264153
8 0.361406 0.272023 0.360755 0.274014 0.360651 0.276329 0.360859 0.278319 0.361406 0.278968 0.365859 0.278551 0.372839 0.277949 0.373021 0.276713 0.374487 0.276560 0.374844 0.277949 0.378672 0.277856 0.378385 0.273319 0.377969 0.272208 0.373828 0.272083 0.372031 0.272241 0.366719 0.272023
8 0.384026 0.245370 0.385833 0.250565 0.387549 0.255278 0.388786 0.259403 0.390266 0.265745 0.392221 0.270009 0.391768 0.265722 0.390443 0.258116 0.388182 0.250565 0.387008 0.246977 0.386935 0.246065 0.385823 0.245162
8 0.383104 0.245560 0.385422 0.252181 0.387062 0.257227 0.390266 0.265745 0.392487 0.270514 0.397760 0.282218 0.393539 0.277681 0.388240 0.265472 0.383599 0.253782 0.382716 0.250125 0.382276 0.247769 0.381945 0.245546
8 0.409583 0.265046 0.408370 0.270394 0.406914 0.274787 0.404273 0.280306 0.401878 0.286125 0.400807 0.288708 0.399576 0.295884 0.400542 0.293426 0.401951 0.291384 0.403602 0.286699 0.404258 0.283801 0.405620 0.281176 0.408242 0.274963 0.409146 0.272282 0.410000 0.265370
8 0.415370 0.266727 0.412255 0.274412 0.410477 0.277972 0.410857 0.273676 0.413846 0.265769
8 0.597682 0.677454 0.598206 0.680653 0.598979 0.680653 0.598685 0.678625
8 0.599336 0.682745 0.601370 0.690412 0.602495 0.696032 0.602055 0.696324 0.598760 0.682602
8 0.603398 0.699444 0.607224 0.717750 0.606302 0.717569 0.602997 0.701366
8 0.606914 0.719731 0.609214 0.731532 0.611016 0.739907 0.616062 0.764190 0.624667 0.808222 0.625659 0.807273 0.620854 0.783819 0.615263 0.756755 0.610435 0.732995 0.609081 0.726685 0.607924 0.719630
8 0.407526 0.249676 0.407055 0.259329 0.405323 0.258454 0.405516 0.248343 0.406406 0.249023
8 0.403060 0.257741 0.402620 0.258523 0.402523 0.262060 0.401789 0.265917 0.401411 0.270194 0.400802 0.276722 0.399667 0.284602 0.399284 0.288912 0.398190 0.294954 0.396065 0.303306 0.393758 0.310565 0.393034 0.313495 0.390997 0.323097 0.388362 0.336569 0.389492 0.341412 0.392594 0.323995 0.395055 0.312176 0.397615 0.303162 0.399576 0.295884 0.400807 0.288708 0.401841 0.281269 0.403323 0.272176 0.403385 0.267259 0.404047 0.261764 0.404232 0.260403 0.404393 0.258181 0.405052 0.258519 0.404703 0.247690 0.402781 0.246375 0.402781 0.251713
8 0.403128 0.232218 0.403201 0.242741 0.404854 0.244181 0.405076 0.234699 0.404672 0.233000 0.404083 0.232347
8 0.403385 0.267259 0.404497 0.270995 0.404339 0.271667 0.403323 0.272176
8 0.399911 0.243954 0.401458 0.254671 0.402523 0.262060 0.401789 0.265917 0.399875 0.255329 0.398258 0.247875 0.397854 0.244542 0.398185 0.243296 0.398109 0.242773 0.398875 0.243310
8 0.398185 0.243296 0.392190 0.244019 0.388880 0.244019 0.388513 0.243556 0.387372 0.242509 0.385052 0.241898 0.385167 0.241468 0.393294 0.240421 0.394911 0.240421 0.398109 0.242773
8 0.377622 0.243352 0.377432 0.244028 0.377526 0.245218 0.378229 0.246199 0.382135 0.245667 0.385823 0.245162 0.386935 0.246065 0.388078 0.247931 0.388682 0.249963 0.389635 0.251602 0.390354 0.250880 0.390573 0.249574 0.390133 0.247676 0.388513 0.243556 0.387372 0.242509 0.385052 0.241898 0.381740 0.242097
8 0.370135 0.238259 0.374560 0.239773 0.375836 0.239546 0.376177 0.238940 0.375258 0.236389 0.372555 0.234750 0.371508 0.234810 0.370331 0.236898
8 0.344008 0.226042 0.348349 0.229602 0.349419 0.230579 0.349172 0.230921 0.345492 0.230630 0.340409 0.226625 0.339292 0.224139
8 0.353513 0.229750 0.352138 0.231412 0.349172 0.230921 0.351206 0.228875
8 0.342464 0.233458 0.345578 0.236398 0.343049 0.240736 0.341555 0.238935 0.339276 0.235713 0.338336 0.233185 0.340948 0.233435
8 0.339276 0.235713 0.341555 0.238935 0.343049 0.240736 0.346089 0.245574 0.345674 0.249875 0.345078 0.247889 0.344036 0.246204 0.341831 0.241769 0.341060 0.240449
8 0.334440 0.257120 0.337078 0.260069 0.338312 0.259389 0.338440 0.258176 0.338057 0.256968 0.336057 0.255681
8 0.332214 0.259769 0.336227 0.261884 0.334951 0.264000 0.330781 0.261356
8 0.343930 0.246606 0.341630 0.250537 0.338143 0.256440 0.338440 0.258176 0.338312 0.259389 0.337078 0.260069 0.334227 0.265667 0.331589 0.270884 0.333802 0.277468 0.338143 0.267935 0.341120 0.260977 0.345375 0.252051 0.345630 0.249556 0.345078 0.247889 0.344523 0.246981
8 0.393203 0.400602 0.391878 0.407296 0.389995 0.414486 0.386961 0.428741 0.388495 0.431903 0.390693 0.422356 0.392401 0.414236 0.392654 0.410685 0.393464 0.401954 0.394060 0.400125 0.395182 0.396296
8 0.404635 0.379509 0.413109 0.379222 0.413346 0.378218 0.413346 0.377644 0.412661 0.376856 0.407299 0.377213 0.405453 0.378787
8 0.392943 0.432454 0.396049 0.438958 0.394831 0.440139 0.390995 0.432454 0.390786 0.431523
8 0.437797 0.409366 0.437563 0.411606 0.436815 0.411356 0.425289 0.405134 0.425242 0.402398 0.425521 0.401481 0.426409 0.401481 0.431635 0.404801 0.436396 0.407870
8 0.403755 0.369412 0.406995 0.368264 0.410128 0.367014 0.413909 0.366056 0.423737 0.366148 0.425141 0.366532 0.419635 0.368171 0.415938 0.369338 0.412143 0.369838 0.405893 0.372639 0.404523 0.373208 0.403271 0.371921 0.402990 0.371134
8 0.451589 0.365329 0.452112 0.366940 0.452112 0.367935 0.446779 0.368056 0.433409 0.369093 0.431198 0.369676 0.430521 0.368472 0.429792 0.368380 0.429193 0.368935 0.428891 0.369417 0.426206 0.369731 0.425281 0.369056 0.422693 0.368958 0.414753 0.371069 0.409935 0.374944 0.405453 0.378787 0.401826 0.382884 0.398789 0.390551 0.397169 0.394000 0.395984 0.397074 0.394766 0.400093 0.394167 0.403333 0.394146 0.407060 0.394146 0.410130 0.393771 0.413394 0.393661 0.417431 0.394909 0.424977 0.396813 0.430657 0.401458 0.440926 0.401727 0.443231 0.398703 0.437375 0.394383 0.429120 0.393570 0.425949 0.392437 0.416833 0.392654 0.410685 0.393464 0.401954 0.394060 0.400125 0.395182 0.396296 0.398307 0.388750 0.400193 0.383000 0.401589 0.380676 0.403414 0.378519 0.410919 0.371616 0.414711 0.369819 0.419635 0.368171 0.426062 0.366481 0.436812 0.366171 0.444331 0.365657
8 0.449690 0.387917 0.447344 0.386296 0.443958 0.383750 0.440182 0.381667 0.436563 0.380139 0.434453 0.378704 0.432448 0.376481 0.431198 0.372593 0.430573 0.370880 0.429792 0.369954 0.429427 0.370417 0.428802 0.370278 0.429193 0.368935 0.429792 0.368380 0.430521 0.368472 0.431198 0.369676 0.431823 0.371389 0.433099 0.374213 0.434479 0.376389 0.435547 0.377685 0.436823 0.378889 0.439844 0.379676 0.443073 0.381204 0.445365 0.383102 0.446815 0.383968 0.449130 0.384986
8 0.446492 0.376282 0.445888 0.377185 0.445797 0.379444 0.446815 0.383968 0.449130 0.384986 0.447956 0.379222 0.447510 0.377185 0.447227 0.376338
8 0.447344 0.386296 0.448638 0.394963 0.449263 0.394963 0.449411 0.396144 0.448932 0.396403 0.449964 0.400782 0.451286 0.407648 0.452904 0.414315 0.453083 0.415560 0.453878 0.415676 0.454672 0.415218 0.454865 0.413866 0.453721 0.407310 0.450674 0.393343 0.449690 0.387917
8 0.466638 0.400954 0.467464 0.400759 0.467464 0.399833 0.465568 0.390750 0.462477 0.376412 0.460021 0.364500 0.459643 0.362685 0.459133 0.362236 0.458753 0.362236 0.458872 0.363449 0.459385 0.364954 0.459469 0.367074 0.462604 0.381759
8 0.458872 0.363449 0.452620 0.361259 0.442430 0.358546 0.432927 0.356708 0.423870 0.356255 0.421435 0.356588 0.415974 0.355736 0.411000 0.356440 0.406464 0.357838 0.405576 0.359718 0.406440 0.359630 0.412221 0.359606 0.422112 0.359870 0.436646 0.361523 0.446003 0.363569 0.455383 0.366241 0.459375 0.367083 0.459385 0.364954
8 0.348359 0.249537 0.351846 0.256778 0.351940 0.258699 0.351693 0.260370 0.350448 0.259037 0.348229 0.252963
8 0.396182 0.398954 0.401456 0.406773 0.401576 0.408060 0.395971 0.399597
8 0.401648 0.376426 0.404922 0.376926 0.403414 0.378519 0.401589 0.380676 0.400602 0.380370
8 0.521224 0.590093 0.522714 0.595245 0.526687 0.596856 0.523516 0.589727
8 0.516953 0.591181 0.523083 0.595556 0.526633 0.597204 0.527552 0.599292 0.525924 0.599181 0.524456 0.599644 0.515500 0.594625 0.514935 0.591685
8 0.525859 0.589167 0.531227 0.598972 0.527552 0.599292 0.523542 0.589630
8 0.545469 0.585370 0.545521 0.590648 0.544922 0.594028 0.545203 0.598454 0.545029 0.602588 0.542885 0.601917 0.542578 0.590005 0.542427 0.586157
8 0.539245 0.602968 0.541406 0.606856 0.543047 0.608060 0.546016 0.609681 0.547031 0.610005 0.545495 0.613384 0.543854 0.612690 0.541953 0.610931 0.539531 0.607088 0.536859 0.602588
8 0.547924 0.603227 0.551641 0.602704 0.552521 0.603884 0.552815 0.605190 0.552560 0.606431 0.549875 0.606301 0.549143 0.605773 0.547260 0.605255 0.540148 0.603333 0.536859 0.602588 0.532271 0.601921 0.528854 0.601111 0.525365 0.601412 0.521148 0.602838 0.518359 0.603704 0.518010 0.601968 0.523310 0.600231 0.525924 0.599181 0.530456 0.598995 0.534326 0.599801 0.538091 0.600542 0.545029 0.602588
8 0.523854 0.616759 0.528703 0.619546 0.531107 0.621403 0.531945 0.621778 0.535430 0.624194 0.534523 0.625866 0.528703 0.622273 0.525112 0.619481
8 0.519185 0.606963 0.529503 0.611366 0.531247 0.612977 0.531734 0.614153 0.531107 0.614648 0.520964 0.610620 0.520482 0.609657
8 0.533547 0.602153 0.541253 0.615727 0.542771 0.613329 0.542682 0.612565 0.536859 0.602588
8 0.551432 0.610407 0.551070 0.613458 0.550469 0.615764 0.550107 0.618926 0.549927 0.622083 0.550469 0.624657 0.550648 0.625620 0.548932 0.622782 0.548750 0.620958 0.548841 0.618602 0.549716 0.614051 0.550167 0.611102 0.550068 0.608560 0.550268 0.606995
8 0.572682 0.633565 0.581375 0.644954 0.583154 0.650542 0.572940 0.637394
8 0.604844 0.669954 0.604534 0.672458 0.606227 0.673616 0.606461 0.671995
8 0.606982 0.664681 0.606461 0.670745 0.605445 0.668431 0.604898 0.668060 0.605159 0.664495
8 0.629305 0.686144 0.629695 0.692787 0.629664 0.705319 0.628430 0.706606 0.627828 0.695356 0.627706 0.692731 0.628505 0.690602 0.629185 0.687579
8 0.629904 0.673093 0.630672 0.680593 0.631089 0.690569 0.631089 0.703713 0.630490 0.704528 0.630323 0.690694 0.630078 0.679912 0.629591 0.675139 0.629284 0.673028
8 0.629232 0.671731 0.635299 0.671593 0.635664 0.672194 0.635586 0.672796 0.634734 0.672958 0.629284 0.673028 0.629023 0.672843 0.628945 0.672194
8 0.635312 0.656343 0.640904 0.662801 0.646391 0.669611 0.650667 0.674273 0.651070 0.676926 0.650586 0.678431 0.649536 0.678431 0.644130 0.672194 0.637112 0.663088 0.634612 0.659644
8 0.630477 0.637620 0.631068 0.651806 0.629844 0.650903 0.629391 0.637403 0.629760 0.637514
8 0.658885 0.624009 0.653411 0.626921 0.648823 0.629565 0.646461 0.631579 0.639065 0.635759 0.631177 0.640648 0.631271 0.642556 0.642396 0.636917 0.648516 0.633194 0.650961 0.631667 0.658883 0.626259 0.659862 0.625847 0.659555 0.623889
8 0.579383 0.536301 0.579169 0.539324 0.580786 0.547042 0.582659 0.554986 0.587305 0.573477 0.589911 0.573296 0.586661 0.560694 0.583070 0.546694 0.580854 0.539690
7 0.593070 0.574000 0.588901 0.573245 0.584901 0.573472 0.581010 0.573407 0.578677 0.573824 0.577583 0.574000 0.578943 0.583685 0.589344 0.581574 0.595229 0.580528
8 0.588146 0.585449 0.588721 0.586329 0.588612 0.587745 0.588586 0.588329 0.588031 0.588218 0.581586 0.585301 0.585042 0.585171
8 0.595229 0.580528 0.589344 0.581574 0.578906 0.584259 0.581589 0.585463 0.585042 0.585171 0.587984 0.585500 0.592073 0.584458 0.594057 0.587343 0.600536 0.610190 0.601346 0.611153 0.601672 0.610287 0.601779 0.608463 0.594435 0.583889 0.596268 0.583185
8 0.628292 0.681829 0.628461 0.684551 0.628250 0.687505 0.626930 0.691889 0.626930 0.694537 0.628505 0.690602 0.629185 0.687579 0.629271 0.683949 0.628802 0.680315 0.628461 0.677819
1 0.638070 0.769259 0.637786 0.774019 0.636419 0.778880 0.633742 0.786273 0.633000 0.786069 0.633685 0.784449 0.636078 0.778171 0.636932 0.774120 0.637388 0.768954
1 0.638924 0.758931 0.638813 0.764194 0.638469 0.768245 0.637940 0.768060 0.637615 0.767741 0.638242 0.762477 0.638052 0.758690
8 0.613214 0.808903 0.614542 0.813088 0.615940 0.817074 0.616708 0.821588 0.615406 0.822130 0.612599 0.811537 0.612896 0.809088
8 0.620201 0.811454 0.617029 0.816028 0.616349 0.816556 0.615940 0.817074 0.616708 0.821588 0.620531 0.816681
8 0.624250 0.806093 0.620940 0.810537 0.621159 0.815440 0.623253 0.811778 0.623732 0.810472 0.623992 0.808708 0.624667 0.808222
8 0.617500 0.807315 0.617029 0.816028 0.616349 0.816556 0.615922 0.815194 0.616094 0.807935
8 0.578771 0.817190 0.579573 0.820167 0.579328 0.821282 0.578771 0.821843 0.577901 0.820727 0.575948 0.815769 0.576497 0.815676 0.576732 0.814264 0.578302 0.816806
8 0.561396 0.797079 0.561396 0.798204 0.561518 0.799278 0.564862 0.808486 0.567969 0.818412 0.572534 0.831741 0.573951 0.831894 0.572464 0.827157 0.571508 0.824884 0.571089 0.823556 0.568771 0.815505 0.565529 0.806644 0.563052 0.799889
8 0.581641 0.822500 0.578529 0.827486 0.580638 0.828644 0.581758 0.826514
8 0.565513 0.831847 0.565096 0.832958 0.565096 0.834301 0.565721 0.835273 0.566503 0.835690 0.567492 0.835458 0.570724 0.834579 0.572721 0.834356 0.573013 0.834903 0.573466 0.834690 0.575034 0.834815 0.576589 0.835713 0.577424 0.835648 0.581164 0.837310 0.586008 0.839995 0.589005 0.839190 0.587076 0.837681 0.581451 0.834255 0.577883 0.832449 0.573951 0.831894 0.571604 0.831667 0.570292 0.831667 0.567076 0.831569
8 0.592096 0.841440 0.598138 0.844912 0.594987 0.845977 0.591810 0.844264 0.589674 0.842921 0.588997 0.842551
8 0.589674 0.842921 0.588893 0.847782 0.591107 0.847134 0.591810 0.844264
8 0.600938 0.844213 0.600229 0.845824 0.599951 0.848181 0.589464 0.851245 0.586005 0.852435 0.580193 0.854796 0.579661 0.852083 0.580469 0.851759 0.583576 0.849565 0.587479 0.848657 0.591250 0.847037
8 0.583716 0.844046 0.587271 0.848634 0.583576 0.849565 0.580542 0.844977
8 0.573466 0.834690 0.576146 0.842500 0.577544 0.842250 0.575034 0.834815
8 0.578544 0.845125 0.580469 0.851759 0.579661 0.852083 0.579138 0.851569 0.577221 0.845620
8 0.589464 0.851245 0.595917 0.859778 0.595836 0.860569 0.594948 0.861287 0.593326 0.861366 0.586005 0.852435
8 0.577424 0.835648 0.579760 0.838625 0.581260 0.841157 0.579344 0.841903 0.576310 0.837384 0.576240 0.836579 0.576589 0.835713
8 0.575099 0.842838 0.589005 0.839190 0.598172 0.836843 0.598930 0.837602 0.599036 0.838759 0.598714 0.839431 0.582836 0.844426 0.576195 0.845769
8 0.573411 0.843426 0.569685 0.844583 0.570292 0.848231 0.574271 0.846759
8 0.597924 0.812769 0.596010 0.822477 0.594099 0.820986 0.595469 0.813028
8 0.592734 0.827130 0.591484 0.836083 0.591065 0.837329 0.590505 0.838991 0.593492 0.837995 0.595078 0.828204
8 0.571089 0.823556 0.576875 0.826708 0.581870 0.829477 0.584299 0.831204 0.591484 0.836083 0.591065 0.837329 0.580049 0.830278 0.571508 0.824884
1 0.562461 0.653611 0.564784 0.656106 0.566349 0.658796 0.565432 0.660046 0.565703 0.662829 0.566349 0.667051 0.568240 0.668875 0.569266 0.668685 0.570076 0.666958 0.568833 0.663403 0.567375 0.659755 0.568023 0.658796 0.569482 0.661005 0.570508 0.662731 0.571211 0.663310 0.571318 0.663310 0.571560 0.668935 0.573128 0.686319 0.574497 0.695190 0.576201 0.713190 0.576823 0.723194 0.574698 0.727514 0.573510 0.729731 0.568698 0.729398 0.568198 0.732398 0.570698 0.753616 0.569620 0.750755 0.568526 0.747468 0.566807 0.742282 0.563557 0.680074
8 0.568130 0.768171 0.571583 0.779963 0.575224 0.792162 0.579057 0.803162 0.579487 0.807384 0.579273 0.810171 0.577740 0.805699 0.568930 0.780481
8 0.568930 0.780481 0.577740 0.805699 0.580740 0.815361 0.580302 0.817361 0.579365 0.817583 0.578302 0.816806 0.576732 0.814264 0.570367 0.793926 0.569242 0.790926
8 0.568130 0.768171 0.571583 0.779963 0.575224 0.792162 0.580682 0.808741 0.581815 0.808162 0.582409 0.807685 0.579982 0.799852 0.577154 0.791005 0.575865 0.788639 0.573461 0.779245 0.571232 0.772301 0.567779 0.760153
8 0.567779 0.760153 0.571232 0.772301 0.573461 0.779245 0.575865 0.788639 0.577154 0.791005 0.579982 0.799852 0.582409 0.807685 0.583596 0.811236 0.585055 0.817690 0.585810 0.818750 0.586836 0.818458 0.586888 0.817306 0.583214 0.804426 0.582648 0.803278 0.580995 0.797542 0.576961 0.783417 0.576286 0.782713 0.571091 0.763810 0.567565 0.756764
8 0.583596 0.811236 0.584299 0.831204 0.581870 0.829477 0.580682 0.808741 0.581815 0.808162 0.582409 0.807685
8 0.566807 0.742282 0.568526 0.747468 0.569620 0.750755 0.570698 0.753616 0.571135 0.755949 0.572323 0.759278 0.573073 0.762500 0.570781 0.758731 0.567187 0.750509
8 0.567187 0.750509 0.570781 0.758731 0.573073 0.762500 0.575883 0.768056 0.579651 0.775648 0.582474 0.781019 0.583714 0.784412 0.583766 0.785856 0.583065 0.785954 0.581497 0.784699 0.573992 0.769153 0.567565 0.756764
1 0.561198 0.679384 0.560503 0.677356 0.558586 0.675593 0.557409 0.674481 0.555828 0.673894 0.552003 0.673176 0.551930 0.675722 0.554766 0.675986 0.559065 0.679384 0.560167 0.680694 0.560904 0.680954 0.561359 0.681657 0.562518 0.710653 0.566674 0.774444 0.556826 0.742500 0.557044 0.742005 0.558333 0.739653 0.558685 0.741861 0.559188 0.748255 0.560023 0.748995 0.560943 0.748699 0.561612 0.746468 0.560359 0.736356 0.558008 0.723745 0.554227 0.711199 0.547594 0.696046 0.546758 0.693991 0.547888 0.693634 0.550781 0.699398 0.553456 0.699213 0.553682 0.698306 0.552943 0.696380 0.550388 0.691412 0.552727 0.689907 0.552404 0.687611 0.551357 0.684597 0.550107 0.679722 0.549828 0.676019 0.550039 0.673069 0.544974 0.671713 0.545201 0.670019 0.545523 0.666375 0.545201 0.664361 0.544495 0.663495 0.543688 0.663398 0.543146 0.664644 0.543039 0.671755 0.542508 0.677463 0.536042 0.663102 0.531615 0.651435 0.532844 0.648940 0.535865 0.658602 0.537294 0.656907 0.533893 0.646569 0.534878 0.644394 0.538099 0.652407 0.538807 0.650546 0.535867 0.642000 0.541966 0.628380 0.545591 0.633977 0.546161 0.633579 0.548036 0.633352 0.543589 0.625213 0.544568 0.622556 0.545352 0.620287 0.554688 0.635463 0.553125 0.643333 0.549620 0.637667 0.549349 0.642176 0.551776 0.646755 0.553049 0.647741 0.553716 0.648551 0.554745 0.648745 0.555216 0.647440 0.556760 0.639653 0.558940 0.643380 0.559831 0.644153
7 0.549828 0.676019 0.550107 0.679722 0.551357 0.684597 0.552404 0.687611 0.552727 0.689907 0.550388 0.691412 0.544227 0.681292 0.544891 0.674583
8 0.556826 0.742500 0.560560 0.756523 0.566674 0.774444 0.567000 0.784153 0.560187 0.762829 0.555240 0.749306 0.553932 0.745074 0.555339 0.743926
8 0.548409 0.746718 0.550292 0.755954 0.553292 0.766736 0.555951 0.774532 0.557833 0.779981 0.559633 0.787556 0.560901 0.790426 0.562802 0.794079 0.559031 0.781611 0.557813 0.777398 0.557185 0.773866 0.556906 0.766241 0.550964 0.746944 0.549997 0.747519
8 0.556906 0.766241 0.557185 0.773866 0.557813 0.777398 0.559031 0.781611 0.562802 0.794079 0.568115 0.803162 0.567974 0.800398 0.559206 0.774130
8 0.547883 0.746921 0.550344 0.758611 0.552682 0.765926 0.555951 0.774532 0.557833 0.779981 0.559633 0.787556 0.552966 0.775495 0.548622 0.761116 0.546333 0.751491 0.545779 0.748431
1 0.557169 0.730444 0.555758 0.729940 0.554547 0.729440 0.553174 0.729583 0.551966 0.731019 0.551320 0.733815 0.550956 0.734889 0.550104 0.734843 0.548745 0.735898 0.546995 0.728500 0.546396 0.728500 0.545510 0.730120 0.545143 0.731833 0.545276 0.734847 0.546109 0.736745 0.545904 0.737713 0.547396 0.739769 0.547656 0.742352 0.544112 0.737407 0.545167 0.742551 0.544232 0.742819 0.543477 0.739972 0.543130 0.741278 0.541620 0.742806 0.540578 0.743731 0.539953 0.744426 0.540891 0.745329 0.541279 0.746347 0.541490 0.748917 0.541372 0.751116 0.540482 0.751949 0.540807 0.752444 0.542495 0.751639 0.544604 0.749926 0.545779 0.748431 0.547617 0.746606 0.549997 0.747519 0.551380 0.746713 0.553070 0.745662 0.555339 0.743926 0.557044 0.742005 0.558333 0.739653 0.558370 0.738843 0.557599 0.732787
8 0.542643 0.702491 0.545919 0.715194 0.544047 0.715764 0.543690 0.715505 0.542331 0.709431
8 0.544375 0.717778 0.548745 0.735898 0.550104 0.734843 0.546268 0.717611
8 0.542513 0.735426 0.544232 0.742819 0.545167 0.742551 0.544112 0.737407 0.543385 0.736278
8 0.541797 0.718611 0.541372 0.726282 0.540357 0.722255 0.540305 0.719153
8 0.535078 0.703287 0.537953 0.717255 0.539247 0.716986 0.536174 0.702417
8 0.538615 0.719829 0.541687 0.732148 0.543083 0.733523 0.539609 0.719560
1 0.530628 0.747958 0.529055 0.748356 0.527482 0.748810 0.526167 0.748926 0.524661 0.749782 0.523786 0.750208 0.524896 0.755139 0.525294 0.756583 0.526500 0.756583 0.527977 0.757495 0.528698 0.757602 0.529229 0.757352 0.531740 0.756750 0.534042 0.756116 0.536365 0.755134 0.537076 0.756264 0.537315 0.756157 0.536943 0.752884 0.536552 0.751384 0.536578 0.749616 0.536706 0.747722 0.533276 0.749065 0.533721 0.750718 0.532555 0.751713
8 0.582568 0.785208 0.582932 0.798620 0.579060 0.787144 0.579422 0.780546 0.581497 0.784699
8 0.473958 0.542375 0.472586 0.526241 0.471089 0.508056 0.470685 0.506838 0.470203 0.506838 0.469919 0.507912 0.469919 0.509847 0.472500 0.537097 0.472674 0.542347
8 0.486615 0.487269 0.489008 0.499671 0.489734 0.498884 0.487995 0.488935
8 0.490625 0.501898 0.492638 0.512653 0.495536 0.527236 0.500547 0.552940 0.499987 0.554264 0.496724 0.537421 0.491802 0.512681 0.489781 0.502727
6 0.493784 0.498051 0.490625 0.501898 0.489781 0.502727 0.488172 0.505056 0.486706 0.502449 0.489008 0.499671 0.489734 0.498884 0.492076 0.495199
6 0.498698 0.491106 0.495143 0.496190 0.493435 0.493093 0.496781 0.488690 0.497339 0.488755 0.497862 0.489560
8 0.583177 0.484028 0.578240 0.491056 0.576872 0.494296 0.576586 0.497537 0.576984 0.506144 0.576815 0.513843 0.577310 0.515370 0.578669 0.521324 0.577951 0.524880 0.575505 0.515542 0.575505 0.509718 0.575464 0.496028 0.575807 0.492778 0.576997 0.490509 0.578063 0.489144 0.582727 0.481394
8 0.583070 0.484491 0.581326 0.494782 0.580688 0.503556 0.579964 0.510440 0.579549 0.513644 0.577310 0.515370 0.577284 0.511949 0.578349 0.498259 0.580008 0.489486 0.580263 0.488046
8 0.581544 0.474537 0.580294 0.485454 0.582727 0.481394
8 0.581924 0.456167 0.584823 0.460412 0.586258 0.462269 0.586258 0.462269 0.590990 0.468944 0.590576 0.469449 0.586263 0.463537 0.584534 0.461579 0.581456 0.456852
8 0.576805 0.448157 0.574854 0.440722 0.575167 0.439231 0.576143 0.438491 0.576771 0.438611 0.577328 0.439977 0.578932 0.448778
8 0.539385 0.339833 0.534620 0.325597 0.533034 0.321032 0.530201 0.311875 0.523854 0.291671 0.523174 0.289884 0.521216 0.286074 0.518417 0.279931 0.520448 0.286685 0.522945 0.295810 0.526086 0.307718 0.529247 0.316458 0.531016 0.322037 0.531909 0.324227 0.533479 0.328986 0.537370 0.340991 0.538289 0.339931
8 0.545914 0.329250 0.545833 0.339352 0.545589 0.338889 0.544924 0.338838 0.544201 0.338569 0.543724 0.337593 0.543646 0.329491 0.544469 0.328917
8 0.436203 0.203940 0.446523 0.189509 0.446396 0.187995 0.445714 0.187394 0.444906 0.187847 0.436438 0.198889 0.434651 0.201991 0.434268 0.203352 0.434628 0.204370
8 0.463831 0.196838 0.489828 0.185644 0.489404 0.184736 0.463958 0.195185
1 0.497120 0.231292 0.476591 0.252648 0.477422 0.254319 0.492484 0.248569 0.492953 0.248569 0.493292 0.248648 0.493419 0.249630 0.493464 0.250690 0.493081 0.251292 0.480677 0.255176 0.491953 0.262361 0.491443 0.264856 0.490888 0.265236 0.479594 0.258977 0.480349 0.261472 0.480323 0.267037 0.485000 0.267208 0.485245 0.269662 0.493857 0.270745 0.494693 0.271972 0.494841 0.274421 0.494495 0.275296 0.483203 0.275569 0.484531 0.276181 0.486156 0.278194 0.491818 0.287907 0.515234 0.273935 0.507909 0.257116 0.498961 0.235880
8 0.485245 0.269662 0.493857 0.270745 0.494693 0.271972 0.494841 0.274421 0.494495 0.275296 0.484255 0.274509 0.482977 0.275208 0.480958 0.275472 0.479701 0.275009 0.479977 0.270801 0.484901 0.271676
8 0.480323 0.267037 0.485000 0.267208 0.485245 0.269662 0.484901 0.271676 0.479977 0.270801 0.480081 0.269343
8 0.491953 0.262361 0.491443 0.264856 0.490888 0.265236 0.479594 0.258977 0.478273 0.256060 0.480677 0.255176
8 0.494911 0.307685 0.495898 0.310565 0.494417 0.310176 0.493893 0.307634
7 0.485076 0.300843 0.486982 0.303894 0.488508 0.305815 0.489620 0.306157 0.490784 0.302787 0.485664 0.300949
8 0.488380 0.309718 0.485076 0.305704 0.484823 0.305144 0.485102 0.304148 0.485393 0.302935 0.485839 0.302991 0.489206 0.307569
8 0.477971 0.311616 0.478935 0.319861 0.479565 0.319671 0.478714 0.311565
8 0.480432 0.345116 0.473336 0.344463 0.466018 0.341847 0.464901 0.340815 0.463188 0.338708 0.463370 0.337597 0.465245 0.338185 0.466292 0.337824 0.468068 0.339190 0.471424 0.340407 0.476130 0.341583 0.478852 0.340995 0.479651 0.343111
1 0.474302 0.362185 0.465667 0.365134 0.463367 0.364153 0.459922 0.363699 0.459643 0.362685 0.459133 0.362236 0.458753 0.362236 0.458612 0.360824 0.457036 0.356449 0.459297 0.353889 0.459771 0.358968 0.459826 0.360889 0.460797 0.361083 0.461823 0.361176 0.462417 0.359259 0.462091 0.357338 0.461172 0.348843 0.464661 0.344259 0.465883 0.345616 0.471391 0.355602
8 0.450094 0.345421 0.449060 0.347519 0.448224 0.347782 0.447086 0.347236 0.446318 0.346236 0.445958 0.345856 0.445958 0.345157 0.448076 0.341306 0.448859 0.342778
8 0.455510 0.334829 0.451719 0.342444 0.451125 0.341111 0.449898 0.338681 0.451326 0.335792 0.451982 0.335829 0.453159 0.334718 0.453638 0.334130 0.454518 0.333472
8 0.442891 0.329778 0.448859 0.342778 0.454273 0.354769 0.455604 0.353102 0.451125 0.341111 0.447039 0.333731 0.446573 0.333685 0.445747 0.332755 0.445034 0.331389 0.444018 0.328750 0.443385 0.328750
8 0.455560 0.357759 0.457776 0.363097 0.458872 0.363449 0.458753 0.362236 0.458612 0.360824 0.457036 0.356449
8 0.459297 0.353889 0.452620 0.361259 0.451966 0.360296 0.451966 0.357495 0.458711 0.349181
1 0.453896 0.376556 0.455729 0.390139 0.453049 0.391472 0.451930 0.392630 0.451357 0.394065 0.451357 0.394991 0.451487 0.396009 0.450674 0.393343 0.449690 0.387917 0.449130 0.384986 0.447729 0.379130
8 0.537370 0.746176 0.533242 0.738889 0.527974 0.730245 0.527234 0.728028 0.526815 0.726796 0.524937 0.724602 0.524521 0.723162 0.520875 0.722194 0.522958 0.726403 0.527690 0.736532 0.533276 0.749065 0.536706 0.747722
8 0.519018 0.718171 0.523052 0.726995 0.527690 0.736532 0.533276 0.749065 0.533721 0.750718 0.532555 0.751713 0.529424 0.745236 0.523000 0.730972 0.520943 0.726296 0.518487 0.722032 0.518125 0.719407 0.518607 0.718394
8 0.522260 0.767019 0.523406 0.771787 0.522682 0.773171 0.522469 0.773778 0.520698 0.767019
8 0.344036 0.246204 0.340979 0.251278 0.335130 0.256440 0.328755 0.263611 0.327870 0.261171 0.337792 0.251417 0.339365 0.249625 0.343479 0.244819
8 0.513302 0.769139 0.508005 0.776083 0.507552 0.774782 0.512919 0.768023
8 0.525643 0.766537 0.522682 0.773171 0.522401 0.774472 0.522924 0.776514 0.525539 0.786681 0.526133 0.786681 0.523482 0.775338 0.523448 0.773912 0.526029 0.768088
8 0.510112 0.759014 0.511443 0.763319 0.512148 0.762944 0.513195 0.762074 0.511995 0.758019
8 0.421391 0.142995 0.422932 0.146481 0.422839 0.148884 0.410424 0.165731 0.403375 0.168134 0.414672 0.152620 0.416867 0.149991
8 0.412000 0.184639 0.412070 0.189907 0.413073 0.190093 0.413081 0.184889 0.412661 0.184144 0.412312 0.184144
8 0.511753 0.764662 0.516062 0.776181 0.519828 0.785069 0.521938 0.785551 0.513742 0.764019 0.513404 0.764181 0.512427 0.764681
8 0.521156 0.789264 0.525766 0.798338 0.526547 0.798801 0.526927 0.796574 0.524062 0.791898 0.523005 0.789495
8 0.528198 0.788903 0.530943 0.793565 0.533945 0.798301 0.536917 0.803481 0.539615 0.808046 0.543130 0.815426 0.545174 0.818940 0.546424 0.823162 0.546818 0.822963 0.549388 0.828278 0.556245 0.842259 0.556099 0.843037 0.555232 0.843167 0.549846 0.831894 0.545135 0.822269 0.539161 0.810981 0.532057 0.797731 0.529620 0.794296 0.526888 0.789319
8 0.521026 0.739583 0.522802 0.746898 0.524896 0.755139 0.527604 0.765648 0.531773 0.782634 0.532773 0.787773 0.535469 0.795347 0.536589 0.800569 0.536917 0.803481 0.533945 0.798301 0.533081 0.795713 0.531156 0.788102 0.530641 0.785616 0.524141 0.760028 0.523828 0.758792 0.523602 0.756963 0.522313 0.751639 0.521474 0.749199 0.519497 0.741431 0.519393 0.740130 0.520021 0.739759
8 0.412982 0.192227 0.412885 0.200190 0.412219 0.200356 0.412122 0.199741 0.411995 0.191773
8 0.523828 0.758792 0.522120 0.759037 0.520620 0.759782 0.519680 0.760153 0.518320 0.758977 0.517135 0.758667 0.516018 0.759037 0.514799 0.760278 0.513195 0.762074 0.512148 0.762944 0.511313 0.763130 0.510440 0.762509 0.509638 0.761829 0.508664 0.761764 0.508245 0.762074 0.508245 0.762759 0.508836 0.762819 0.510091 0.763255 0.510685 0.764060 0.511346 0.764681 0.512427 0.764681 0.513404 0.764181 0.514625 0.762324 0.515740 0.760898 0.516857 0.760028 0.518565 0.760153 0.519227 0.761269 0.520935 0.761519 0.522435 0.760463 0.524141 0.760028
1 0.521474 0.749199 0.518617 0.748532 0.517258 0.748532 0.517594 0.750778 0.516966 0.750778 0.512057 0.750833 0.511227 0.750824 0.508336 0.751139 0.506901 0.752444 0.505755 0.753801 0.504990 0.755602 0.504602 0.757153 0.504568 0.758019 0.505964 0.755546 0.506870 0.754796 0.507844 0.754676 0.508961 0.756282 0.509310 0.758144 0.508609 0.759014 0.506870 0.760125 0.505333 0.759569 0.504779 0.759569 0.504919 0.761245 0.507081 0.761181 0.508891 0.760190 0.510112 0.759014 0.511995 0.758019 0.515130 0.757463 0.518201 0.757088 0.519802 0.756713 0.521651 0.757032 0.523602 0.756963 0.522313 0.751639
1 0.510497 0.745681 0.511617 0.745449 0.512841 0.745310 0.513310 0.745542 0.513518 0.746333 0.513622 0.748458 0.512763 0.748509 0.512503 0.746838 0.512060 0.746699 0.511643 0.746194 0.510633 0.746282
8 0.511435 0.748648 0.512057 0.750833 0.511227 0.750824 0.510706 0.748972
8 0.410914 0.193806 0.407451 0.198042 0.405703 0.196806 0.409674 0.192616 0.410375 0.192676 0.410628 0.193125
8 0.484484 0.478894 0.488307 0.482227 0.492073 0.486130 0.492385 0.491398 0.488523 0.485481
8 0.482708 0.465046 0.485938 0.480185 0.484799 0.478991 0.481836 0.466222 0.481906 0.465417 0.482185 0.465106
8 0.541484 0.509213 0.541518 0.496588 0.541034 0.496157 0.540549 0.496157 0.540510 0.497162 0.540469 0.506773
7 0.588122 0.511593 0.583641 0.512838 0.579549 0.513644 0.577310 0.515370 0.578669 0.521324 0.579021 0.519708 0.579435 0.518074 0.580190 0.517333 0.581023 0.517491 0.581854 0.519398 0.580456 0.527074 0.583724 0.540694 0.587263 0.541736 0.591315 0.543653 0.595635 0.546148 0.598227 0.547588 0.595638 0.540574 0.592831 0.531903 0.590906 0.524731
8 0.554792 0.842269 0.557057 0.860829 0.556531 0.860986 0.556219 0.860653 0.553909 0.840773
8 0.553120 0.838296 0.549060 0.846069 0.549044 0.845157 0.548935 0.844514 0.552432 0.837519
8 0.577083 0.851019 0.580422 0.864019 0.582302 0.862731 0.580193 0.854796 0.579661 0.852083 0.579138 0.851569 0.579138 0.851569 0.578687 0.850139
8 0.570292 0.848231 0.571747 0.856176 0.569143 0.855537 0.568695 0.852935 0.568586 0.850056 0.565721 0.835273 0.566503 0.835690 0.567492 0.835458 0.568206 0.835616
4 0.335273 0.235111 0.324120 0.249713 0.313698 0.219171 0.327760 0.199532 0.326984 0.197639 0.323211 0.202630 0.317792 0.208306 0.316823 0.208648 0.312760 0.200736 0.321565 0.187144 0.318180 0.178713 0.319534 0.176819 0.323792 0.185940 0.326695 0.182153 0.326792 0.180778 0.326404 0.179231 0.325049 0.176995 0.324180 0.174069 0.324276 0.171144 0.324760 0.169421 0.326307 0.167532 0.327469 0.166843 0.328630 0.168389 0.330372 0.168907 0.331146 0.169250 0.334922 0.176819 0.336664 0.177852 0.337146 0.179403 0.336857 0.182671 0.333180 0.189380 0.329984 0.195060 0.349089 0.170606 0.351898 0.172324 0.359156 0.181792 0.362438 0.187245 0.363464 0.189167 0.364542 0.191759 0.364542 0.193102 0.350284 0.214699 0.345164 0.221028 0.330643 0.215644 0.330263 0.219171 0.330263 0.220389 0.339292 0.224139 0.340604 0.227144 0.340789 0.227810 0.339039 0.229699 0.337122 0.230116 0.337076 0.231444 0.336539 0.231486 0.332617 0.227088 0.330750 0.226255 0.330378 0.227667 0.330378 0.230486 0.331451 0.231565 0.333271 0.233394
6 0.423456 0.234231 0.440589 0.234745 0.443552 0.240403 0.436758 0.239884 0.423745 0.236032
6 0.448831 0.234491 0.464083 0.235130 0.464419 0.235921 0.465396 0.235921 0.467000 0.235671 0.469539 0.240801 0.470229 0.241944 0.454268 0.242653
6 0.454253 0.242583 0.470229 0.241944 0.470229 0.241944 0.471768 0.245463 0.471190 0.249833 0.457599 0.247778
8 0.445659 0.243903 0.442924 0.241995 0.436758 0.239884 0.423745 0.236032 0.425576 0.238139 0.436852 0.241481 0.442708 0.243407 0.447117 0.247134
8 0.432203 0.259806 0.430685 0.247213 0.429385 0.241944 0.425576 0.238139 0.423745 0.236032 0.423385 0.238856 0.427187 0.243926 0.427872 0.245000 0.428557 0.246218 0.429042 0.248444 0.431076 0.261704 0.432255 0.262106
8 0.503883 0.753602 0.508831 0.749755 0.511904 0.748417 0.512294 0.747815 0.512060 0.746699 0.511643 0.746194 0.509766 0.746157 0.508958 0.746852 0.507135 0.747870 0.505107 0.749755 0.503206 0.751329
1 0.609310 0.728102 0.610263 0.729403 0.610581 0.731380 0.610930 0.734093 0.611406 0.735787 0.612042 0.737144 0.613156 0.738273 0.613664 0.738273 0.614172 0.738273 0.614680 0.738273 0.615760 0.738384 0.616237 0.738667 0.617573 0.739630 0.617828 0.740477 0.618146 0.741213 0.618208 0.744093 0.618398 0.744884 0.618557 0.745731 0.618909 0.746407 0.619513 0.747370 0.619924 0.747880 0.620401 0.747991 0.620878 0.748106 0.622341 0.748162 0.622849 0.748273 0.623357 0.748329 0.623867 0.748444 0.625312 0.749648 0.625693 0.750620 0.625693 0.751523 0.625727 0.753644 0.626240 0.755472 0.626721 0.756190 0.627823 0.756579 0.628411 0.756579 0.629635 0.756343 0.630398 0.755801 0.630984 0.755801 0.631792 0.756449 0.632458 0.756519 0.632458 0.755731 0.631792 0.754949 0.630984 0.754685 0.630029 0.754884 0.629372 0.755426 0.628349 0.755551 0.627497 0.755472 0.626612 0.753574 0.626430 0.750500 0.626060 0.749593 0.625695 0.748801 0.625177 0.748218 0.624661 0.747755 0.624109 0.747296 0.623523 0.747106 0.622974 0.746903 0.622422 0.746773 0.621797 0.746773 0.621206 0.746843 0.620620 0.747037 0.619747 0.745704 0.618773 0.743361 0.618773 0.742153 0.618563 0.740935 0.618216 0.739875 0.617099 0.737417 0.615141 0.737111 0.614461 0.737111 0.613698 0.737259 0.613013 0.737259 0.612417 0.736653 0.611951 0.735745 0.611784 0.734616 0.611740 0.733477 0.611294 0.730616 0.610828 0.729181 0.610060 0.727667 0.609081 0.726685
8 0.469154 0.511907 0.470182 0.525185 0.471115 0.535389 0.470555 0.537796 0.469388 0.537796 0.468828 0.535556 0.468268 0.529167 0.466448 0.509338 0.467508 0.507602 0.468828 0.510250
8 0.472500 0.497306 0.467508 0.507602 0.462466 0.515644 0.456773 0.523111 0.448232 0.533148 0.447484 0.532745 0.447346 0.531157 0.455419 0.521782 0.460927 0.513569 0.465081 0.506597 0.468859 0.499880 0.469831 0.497731 0.470518 0.497222
6 0.456589 0.570037 0.450417 0.573833 0.446060 0.576917 0.441789 0.580361 0.440336 0.576347 0.444326 0.572329 0.450901 0.568745 0.455503 0.566593
1 0.604143 0.720866 0.604143 0.722917 0.604529 0.724481 0.605406 0.725801 0.605846 0.726046 0.606312 0.726144 0.608208 0.726241 0.608430 0.727412 0.607029 0.727412 0.605544 0.727218 0.604500 0.726046 0.603951 0.725213 0.603484 0.722917 0.603484 0.720769
1 0.500367 0.734023 0.501510 0.734069 0.502555 0.734440 0.503414 0.735407 0.504221 0.737074 0.504586 0.739347 0.504586 0.740088 0.504612 0.740875 0.504664 0.741662 0.504794 0.742398 0.505680 0.744481 0.506487 0.745500 0.508125 0.745639 0.509117 0.745829 0.509669 0.746338 0.508932 0.746852 0.508674 0.746338 0.507552 0.746477 0.506302 0.746569 0.505159 0.746060 0.504820 0.745639 0.504586 0.744991 0.504378 0.744343 0.504115 0.742727 0.504036 0.741981 0.503984 0.741241 0.503750 0.739255 0.503594 0.738602 0.503362 0.737861 0.503128 0.737264 0.502656 0.736194 0.502240 0.736148 0.501826 0.736338 0.501461 0.736616 0.500576 0.736847
8 0.504424 0.726250 0.507529 0.735676 0.510633 0.746282 0.509669 0.746338 0.506896 0.736532 0.504185 0.727963 0.504003 0.727319
8 0.506620 0.725222 0.511255 0.727444 0.511464 0.728787 0.506073 0.726194 0.506555 0.725625
8 0.514354 0.722907 0.514354 0.728648 0.513990 0.729157 0.512375 0.728926 0.512089 0.728093 0.513703 0.728417 0.513755 0.727537 0.513854 0.722963
8 0.510378 0.723630 0.511911 0.730384 0.516966 0.750778 0.517594 0.750778 0.511005 0.723569
8 0.527268 0.723731 0.527945 0.726694 0.528753 0.727713 0.535372 0.733597 0.540070 0.737241 0.543206 0.738634 0.543477 0.739972 0.538474 0.738310 0.531635 0.732472 0.528081 0.729046 0.527234 0.728028 0.526815 0.726796 0.526211 0.723528
8 0.526133 0.719148 0.526758 0.721463 0.525378 0.720954 0.524883 0.718639
8 0.523716 0.709338 0.525370 0.716116 0.524320 0.716005 0.522828 0.709449
6 0.459909 0.566463 0.470318 0.554264 0.469289 0.550282 0.468589 0.550116 0.458370 0.562565
8 0.521500 0.715412 0.524797 0.716028 0.531589 0.716991 0.537344 0.717269 0.540000 0.716852 0.541966 0.716199 0.544047 0.715764 0.547297 0.714810 0.548625 0.715324 0.548870 0.716463 0.548427 0.717000 0.542716 0.718222 0.539813 0.719449 0.534495 0.721014 0.528932 0.719625 0.520943 0.717889
8 0.431714 0.541917 0.436714 0.552287 0.436349 0.554231 0.431297 0.544741 0.430932 0.543167 0.431115 0.542426 0.431427 0.542102
8 0.464977 0.490977 0.457727 0.479574 0.449911 0.467282 0.441799 0.455273 0.440930 0.456264 0.440789 0.457815 0.441242 0.459611 0.448633 0.469963 0.456456 0.482597 0.463635 0.492352 0.464727 0.492421
8 0.419000 0.501940 0.418549 0.503014 0.418641 0.504083 0.423445 0.513949 0.427544 0.522306 0.431646 0.530963 0.438445 0.543356 0.438878 0.541324 0.434052 0.532824 0.425984 0.515481 0.420602 0.503667 0.419625 0.502056
8 0.412005 0.484815 0.418336 0.491194 0.423156 0.496551 0.427971 0.502440 0.430810 0.507574 0.434284 0.514106 0.426648 0.505306 0.419677 0.496875 0.415945 0.492847 0.414018 0.490944 0.413174 0.489282 0.412570 0.486819
8 0.436997 0.448991 0.425427 0.454667 0.413721 0.460153 0.408974 0.462579 0.407909 0.463565 0.409224 0.469764 0.421914 0.462454 0.427107 0.460037 0.427979 0.457838 0.428763 0.456981 0.430029 0.457144 0.431083 0.458000 0.432198 0.458162 0.439008 0.454306
8 0.402120 0.435801 0.401055 0.436255 0.400714 0.437014 0.402247 0.445787 0.405734 0.463560 0.408544 0.472940 0.410245 0.473625 0.408914 0.468676 0.407909 0.463565 0.406844 0.464019 0.406633 0.463190 0.407099 0.460241 0.404201 0.446481 0.402667 0.437407
1 0.491812 0.307514 0.492576 0.307796 0.500745 0.307454 0.499940 0.306639 0.494279 0.299551
8 0.529229 0.757352 0.531740 0.756750 0.534958 0.771375 0.538911 0.788014 0.541284 0.799847 0.545503 0.814958 0.547083 0.822690 0.546424 0.823162 0.545174 0.818940 0.543130 0.815426 0.537458 0.791583 0.532232 0.771093
8 0.523542 0.732083 0.527482 0.748810 0.529055 0.748356 0.527268 0.741778 0.525104 0.735324
6 0.544922 0.594028 0.545203 0.598454 0.547924 0.603227 0.551641 0.602704 0.552521 0.603884 0.552815 0.605190 0.552560 0.606431 0.549875 0.606301 0.550268 0.606995 0.552510 0.612722 0.557401 0.623764 0.559148 0.614769 0.552000 0.600847 0.545521 0.590648
8 0.431896 0.309310 0.429195 0.336861 0.427198 0.335903 0.430167 0.307102 0.431031 0.308060
8 0.577951 0.524880 0.572078 0.501884 0.563518 0.464532 0.562727 0.464111 0.561794 0.464606 0.561419 0.466352 0.562456 0.472005 0.564174 0.479958 0.568518 0.497444 0.573448 0.516046 0.577708 0.526500
8 0.580456 0.527074 0.583724 0.540694 0.579680 0.531023
6 0.515867 0.277606 0.512544 0.296310 0.511560 0.299375 0.508773 0.297440 0.512367 0.279102
6 0.510781 0.306065 0.510070 0.314213 0.506664 0.311560 0.507604 0.306852
8 0.423435 0.429245 0.415177 0.449093 0.408974 0.462579 0.407909 0.463565 0.406844 0.464019 0.406633 0.463190 0.407099 0.460241 0.416076 0.441102 0.421482 0.427713 0.422417 0.427481 0.422883 0.427866
8 0.618880 0.592407 0.614951 0.583514 0.606844 0.565704 0.602539 0.556106 0.595513 0.534574 0.587664 0.498884 0.583799 0.475634 0.583151 0.470787 0.580937 0.457130 0.579487 0.457222 0.578841 0.457269 0.580883 0.469968 0.584784 0.493954 0.588138 0.510190 0.590906 0.524731 0.592831 0.531903 0.595638 0.540574 0.602633 0.560514 0.611536 0.580713 0.616768 0.592088
8 0.530885 0.357778 0.531771 0.371620 0.533865 0.389310 0.535073 0.405231 0.534948 0.427347 0.534875 0.451759 0.536169 0.452028 0.536323 0.432773 0.537141 0.408259 0.535677 0.385556 0.533625 0.363375 0.533198 0.360653 0.532708 0.355736
8 0.492385 0.480741 0.493221 0.493009 0.492385 0.491398 0.491583 0.480676
8 0.566510 0.445602 0.579880 0.448782 0.581266 0.449486 0.582195 0.450426 0.582320 0.452301 0.582320 0.454176 0.581924 0.456167 0.580677 0.457269 0.578568 0.457130 0.571049 0.452769
8 0.535677 0.384583 0.540174 0.395037 0.547922 0.409722 0.547081 0.411463 0.547268 0.414454 0.541620 0.403333 0.535964 0.391435 0.535781 0.386481
8 0.497964 0.492204 0.501521 0.495241 0.502914 0.499394 0.496289 0.494620
8 0.612180 0.692819 0.611797 0.699722 0.610844 0.698245 0.611354 0.691917
8 0.492805 0.486750 0.495661 0.490222 0.494268 0.492329 0.493083 0.490903
8 0.469346 0.575273 0.473172 0.576935 0.476581 0.578759 0.480594 0.583736 0.484841 0.590042 0.489880 0.596347 0.489880 0.601329 0.481807 0.590208 0.476253 0.582907 0.472706 0.580500 0.468740 0.579093
6 0.513776 0.530556 0.509930 0.539833 0.498437 0.565370 0.496276 0.562222 0.512253 0.527162
6 0.531125 0.488028 0.529539 0.491986 0.528458 0.494005 0.528458 0.495250 0.528284 0.496810 0.520794 0.514912 0.515992 0.526255 0.514214 0.522356 0.522672 0.503199 0.527255 0.490023 0.529068 0.487801 0.530250 0.487412
8 0.495573 0.625083 0.495625 0.640231 0.495391 0.641574 0.493997 0.640139 0.494057 0.635014 0.493260 0.623685
8 0.505083 0.592088 0.507549 0.602449 0.512578 0.625694 0.513154 0.622171 0.510549 0.611620 0.510232 0.609361 0.506669 0.591255
8 0.645122 0.594356 0.654792 0.625972 0.652917 0.627037 0.645115 0.601486
8 0.653906 0.629722 0.655401 0.636125 0.658143 0.638931 0.655680 0.628491
8 0.653906 0.629722 0.655130 0.635736 0.650961 0.631667
8 0.462714 0.393472 0.466372 0.400278 0.466073 0.397634 0.464969 0.396042 0.464797 0.394681 0.464159 0.394227 0.463904 0.393019
8 0.466638 0.400954 0.467245 0.403880 0.468734 0.406454 0.475031 0.420370 0.475583 0.419917 0.475669 0.418255 0.467630 0.400787
8 0.466745 0.391796 0.473490 0.410264 0.473490 0.411750 0.468370 0.398449 0.466401 0.393898 0.465820 0.391801
1 0.455940 0.391426 0.455003 0.392306 0.452737 0.393926 0.452737 0.394806 0.452607 0.396287 0.452216 0.396287 0.451487 0.396009 0.451789 0.398241 0.453721 0.407310 0.460164 0.437074 0.459971 0.430949 0.457971 0.414065 0.456542 0.400940
8 0.475008 0.497282 0.475740 0.498954 0.476536 0.502046 0.478180 0.506394 0.480130 0.511412 0.481318 0.515875 0.480477 0.520690 0.473583 0.500111 0.473089 0.499884 0.472859 0.497241
8 0.484534 0.516403 0.485573 0.525648 0.487271 0.527796 0.485315 0.517815 0.485013 0.517440
8 0.482823 0.524782 0.487000 0.537722 0.486932 0.533472 0.486250 0.531657 0.485680 0.527319 0.483346 0.520532
8 0.492273 0.544560 0.494471 0.555597 0.494664 0.558282 0.493156 0.556782 0.490943 0.548162
8 0.488372 0.533912 0.490159 0.542361 0.491091 0.539921 0.489953 0.534306
8 0.485315 0.517815 0.487271 0.527796 0.488464 0.528477 0.488932 0.529157 0.488677 0.527042 0.487229 0.519477 0.486786 0.518843
8 0.487229 0.519477 0.488677 0.527042 0.489740 0.529537 0.491995 0.535667 0.493240 0.539630 0.493586 0.541380 0.495867 0.549884 0.496802 0.550565 0.497357 0.549963 0.497312 0.547769 0.494336 0.537708 0.492122 0.530523 0.489229 0.523185 0.488312 0.519894
8 0.462758 0.620560 0.463742 0.625898 0.464234 0.630625 0.464971 0.641301 0.466005 0.644625 0.465562 0.634213 0.464727 0.624324 0.463938 0.620560 0.463299 0.618810
8 0.467089 0.618546 0.466646 0.627472 0.467531 0.637014 0.468615 0.650755 0.466794 0.645417 0.466005 0.631412 0.465661 0.622398 0.466154 0.617847
8 0.550693 0.808093 0.555193 0.831991 0.555875 0.836755 0.554339 0.836653 0.553654 0.835435 0.551206 0.822880 0.548107 0.805324 0.549339 0.806722
8 0.551312 0.796088 0.552440 0.804361 0.549518 0.801065 0.546841 0.785472
8 0.547727 0.803139 0.548107 0.805324 0.549339 0.806722 0.553081 0.809875 0.558544 0.817403 0.559026 0.816519 0.560458 0.817537 0.556823 0.809088 0.552440 0.804361 0.549518 0.801065 0.548151 0.800255
8 0.539646 0.812194 0.537135 0.820421 0.535664 0.823394 0.535625 0.824329 0.533289 0.825130 0.535221 0.828306 0.536396 0.826898 0.538857 0.823398 0.541714 0.815870
8 0.540063 0.773972 0.544297 0.790079 0.545281 0.795505 0.542919 0.792528 0.540359 0.780190
8 0.541203 0.790838 0.547792 0.798454 0.548151 0.800255 0.547727 0.803139 0.543708 0.797824 0.540805 0.794181 0.540406 0.791648
8 0.539349 0.768009 0.541203 0.790838 0.540406 0.791648 0.540805 0.794181 0.543708 0.797824 0.546385 0.805218 0.549422 0.815782 0.549268 0.817139 0.542940 0.801278 0.540576 0.795444 0.538911 0.788014 0.536531 0.768875 0.535542 0.759528
8 0.545078 0.781806 0.548151 0.800255 0.549518 0.801065 0.546841 0.785472
8 0.635182 0.666264 0.643010 0.673088 0.642813 0.674051 0.635451 0.667537
8 0.639909 0.638343 0.644682 0.667310 0.642911 0.665213 0.638578 0.638694
1 0.599969 0.642838 0.602021 0.658819 0.603799 0.657829 0.604531 0.657023 0.605229 0.656653 0.607740 0.659255 0.612411 0.662662 0.616839 0.667250 0.616779 0.665361 0.615036 0.659347 0.612979 0.647199 0.614302 0.646366 0.612820 0.645657 0.605302 0.638671 0.604531 0.639509
8 0.621789 0.684204 0.622130 0.668472 0.621195 0.667940 0.619664 0.668699 0.620977 0.675852 0.621188 0.678319 0.620977 0.679333 0.620313 0.679713 0.619289 0.679551 0.619237 0.682389
8 0.510568 0.417736 0.518013 0.430370 0.516523 0.432565 0.510271 0.421519
8 0.517034 0.434227 0.521716 0.442852 0.524354 0.444440 0.524948 0.444366 0.525076 0.443532 0.518779 0.432259
8 0.515193 0.462310 0.520953 0.486204 0.521839 0.487167 0.522578 0.486907 0.517997 0.465463 0.516620 0.461264 0.516177 0.461264 0.515734 0.461347
8 0.541875 0.483241 0.546391 0.496236 0.550672 0.509977 0.558396 0.535514 0.567706 0.566880 0.568740 0.566093 0.564112 0.549463 0.554396 0.518537 0.553203 0.514167 0.549378 0.502704 0.545888 0.491306 0.542917 0.482083
8 0.336539 0.231486 0.332617 0.227088 0.330750 0.226255 0.330378 0.227667 0.330378 0.230486 0.331451 0.231565 0.333271 0.233394 0.335273 0.235111 0.337039 0.236671 0.336201 0.234069 0.336201 0.233139 0.336445 0.232269 0.337076 0.231444
8 0.337076 0.231444 0.338336 0.233185 0.341779 0.242185 0.342057 0.244171 0.341641 0.245472 0.340802 0.245532 0.338154 0.240264 0.336201 0.234069 0.336201 0.233139 0.336445 0.232269 0.336539 0.231486
8 0.441865 0.202630 0.446906 0.193819 0.447799 0.193972 0.448437 0.195032 0.448607 0.196620 0.447927 0.198509 0.443932 0.204116 0.440484 0.205699
8 0.447578 0.198426 0.460172 0.192528 0.461023 0.192301 0.461789 0.193588 0.461909 0.195796 0.460680 0.198134 0.453060 0.201139 0.446245 0.203241 0.443932 0.204116
8 0.467568 0.185546 0.463951 0.192579 0.461909 0.195796 0.460680 0.198134 0.455104 0.208421 0.456380 0.210384 0.461526 0.200824 0.462122 0.198176 0.462888 0.197801 0.463354 0.197421 0.463831 0.196838 0.463958 0.195185 0.465099 0.194699 0.469354 0.187361 0.469099 0.186074 0.468589 0.185319
8 0.463781 0.208509 0.456380 0.210384 0.456406 0.213130 0.457018 0.213935 0.463414 0.211060 0.464227 0.210144
1 0.489932 0.216227 0.489451 0.215375 0.488461 0.215310 0.487833 0.214787 0.487023 0.213417 0.486328 0.213741 0.486880 0.215574 0.487833 0.217403 0.488164 0.217926 0.486914 0.216880 0.486031 0.216616 0.485443 0.216685 0.485112 0.218843 0.483237 0.218449 0.482427 0.218449 0.482242 0.216616 0.482831 0.215051 0.484747 0.214722 0.485737 0.213741 0.485479 0.212894 0.484563 0.212958 0.483383 0.213347 0.482573 0.213417 0.481875 0.215310 0.481654 0.217731 0.481581 0.218972 0.481102 0.218773 0.480409 0.217796 0.479305 0.217662 0.477768 0.217611 0.474237 0.218329 0.473060 0.215718 0.472214 0.214407 0.471294 0.213625 0.470844 0.212958 0.470810 0.213481 0.470375 0.213560 0.469831 0.212042 0.468677 0.211190 0.467974 0.209491 0.466706 0.211005 0.464419 0.214278 0.470365 0.213546 0.469964 0.214852 0.470375 0.213560 0.469898 0.214537 0.468904 0.215977 0.468758 0.216306 0.469346 0.219509 0.464932 0.222190 0.465117 0.222532 0.466232 0.222657 0.466789 0.223153 0.467000 0.223505 0.487383 0.221227 0.487878 0.219537
8 0.472917 0.198056 0.467346 0.206032 0.464036 0.210676 0.459917 0.216949 0.457745 0.219417 0.457159 0.219435 0.456953 0.222130 0.459182 0.222639 0.460615 0.220546 0.464419 0.214278 0.466706 0.211005 0.467974 0.209491 0.469917 0.206444 0.471151 0.204403 0.472214 0.203421 0.473576 0.202208 0.473703 0.200773 0.474057 0.199870
8 0.451143 0.168519 0.450122 0.179412 0.449271 0.182134 0.445654 0.196051 0.442378 0.201574 0.445060 0.191894 0.446523 0.189509 0.446396 0.187995 0.445714 0.187394 0.446888 0.182208 0.448208 0.177292 0.448719 0.172528 0.449102 0.168366 0.449398 0.167384 0.450292 0.167912
8 0.448208 0.175250 0.443143 0.175856 0.442422 0.176991 0.442677 0.179412 0.443229 0.183569 0.443826 0.182435 0.443102 0.177597 0.443443 0.177218 0.448292 0.176690
8 0.431555 0.198625 0.436625 0.183745 0.436672 0.181731 0.435591 0.181028 0.434805 0.182519 0.429583 0.200463
8 0.446719 0.176917 0.443826 0.182435 0.443229 0.183569 0.435888 0.197657 0.434651 0.201991 0.436438 0.198889 0.439482 0.194681 0.446521 0.181727 0.447753 0.178926 0.448208 0.177292 0.448292 0.176690
8 0.444453 0.185579 0.444552 0.188116 0.444109 0.188731 0.443961 0.186718
8 0.456268 0.185319 0.448607 0.196620 0.448437 0.195032 0.447799 0.193972 0.454792 0.183565
8 0.446177 0.170699 0.436331 0.181116 0.435591 0.181028 0.434656 0.181116 0.434805 0.179102 0.445240 0.169301 0.445685 0.169477
8 0.432604 0.178787 0.424711 0.185319 0.425549 0.186981 0.432555 0.181065
8 0.435198 0.170616 0.432612 0.174296 0.426951 0.181037 0.421193 0.185412 0.419937 0.185403 0.423578 0.182208 0.429266 0.177361 0.434583 0.169662
8 0.417836 0.203347 0.417763 0.195634 0.418424 0.195042 0.419122 0.195370 0.419453 0.196676 0.419565 0.202560 0.418719 0.203218
8 0.426552 0.203847 0.430651 0.189435 0.431885 0.184213 0.432555 0.181065 0.432604 0.178787 0.433503 0.173398 0.434141 0.172565 0.435120 0.172412 0.435630 0.173398 0.435461 0.175366 0.434823 0.178315 0.432951 0.187921 0.431716 0.192611 0.429583 0.200463 0.429161 0.204282
8 0.440773 0.173421 0.440008 0.173269 0.438732 0.174176 0.435073 0.177352 0.434823 0.178315 0.434805 0.179102
8 0.368487 0.177634 0.367977 0.177481 0.363383 0.181190 0.363807 0.182324 0.366997 0.179676
8 0.379664 0.256139 0.380732 0.269773 0.382896 0.269773 0.382607 0.264782 0.381703 0.258843 0.381245 0.255292 0.380732 0.254079 0.380070 0.254306
6 0.539870 0.586713 0.542526 0.592778 0.542578 0.590005 0.542427 0.586157
1 0.629427 0.760324 0.630195 0.760236 0.631159 0.761093 0.632997 0.763505 0.635167 0.766935 0.636281 0.768005 0.637940 0.768060 0.639203 0.769292 0.640198 0.771005 0.640742 0.772505 0.640531 0.772931 0.639688 0.771056 0.638542 0.769505 0.637891 0.769120 0.636492 0.768755 0.635589 0.768435 0.634776 0.767468 0.633089 0.765111 0.632273 0.763718 0.631070 0.762218 0.630076 0.761255 0.629503 0.761255
8 0.540182 0.716528 0.541099 0.696718 0.543039 0.671755 0.543146 0.664644 0.543688 0.663398 0.544495 0.663495 0.545201 0.664361 0.545523 0.666375 0.545201 0.670019 0.543542 0.687454 0.543052 0.691523 0.541966 0.716199
8 0.478438 0.472037 0.481201 0.474394 0.484484 0.478894 0.488523 0.485481 0.493435 0.493093 0.495143 0.496190 0.497932 0.500130 0.507841 0.516847 0.510828 0.520912 0.512784 0.526403 0.508685 0.521639 0.501740 0.510935 0.493784 0.498051 0.492076 0.495199 0.487995 0.488935 0.486615 0.487269 0.481698 0.479065 0.479115 0.476111
8 0.340010 0.244296 0.337542 0.246870 0.337500 0.248458 0.337583 0.249593 0.338435 0.250347 0.339365 0.249625 0.343479 0.244819 0.341831 0.241769 0.342057 0.244171 0.341641 0.245472 0.340802 0.245532
8 0.337542 0.246870 0.336747 0.246769 0.330789 0.253880 0.326789 0.257208 0.327727 0.260157 0.334320 0.253880 0.336620 0.250551 0.337583 0.249593 0.337500 0.248458
8 0.472557 0.394431 0.475349 0.413060 0.477115 0.419745 0.481672 0.426532 0.482526 0.426731 0.482812 0.425213 0.482526 0.423292 0.479052 0.418935 0.476375 0.408102 0.474154 0.396657 0.473698 0.394023
8 0.481135 0.428931 0.485909 0.437509 0.486698 0.437421 0.486698 0.436546 0.486451 0.435847 0.482612 0.428056 0.481927 0.427532 0.481578 0.427444
8 0.469516 0.391120 0.471388 0.393921 0.472174 0.394449 0.472557 0.394431 0.472518 0.392171 0.472125 0.391120 0.471503 0.390560
8 0.473357 0.390597 0.475818 0.397861 0.477737 0.403375 0.482414 0.414491 0.482365 0.415278 0.481776 0.415889 0.477836 0.407491 0.475523 0.401713 0.474154 0.396657 0.473698 0.394023 0.472518 0.392171
1 0.399667 0.284602 0.400802 0.276722 0.401411 0.270194 0.401789 0.265917 0.399875 0.255329 0.398258 0.247875 0.397854 0.244542 0.398185 0.243296 0.392190 0.244019 0.388880 0.244019 0.390133 0.247676 0.390573 0.249574 0.390354 0.250880 0.389635 0.251602 0.388682 0.249963 0.388078 0.247931 0.387008 0.246977 0.388182 0.250565 0.390443 0.258116 0.391768 0.265722 0.392221 0.270009 0.392487 0.270514 0.397760 0.282218
8 0.358776 0.242630 0.360359 0.250148 0.360703 0.251343 0.362417 0.257472 0.362940 0.260333 0.363667 0.263815 0.365065 0.271986 0.366279 0.272051 0.364698 0.259889 0.362234 0.250019 0.360945 0.245375 0.360065 0.243023 0.359497 0.242935
8 0.363706 0.248384 0.362674 0.249301 0.362234 0.250019 0.363336 0.251394 0.368117 0.256620 0.372372 0.261120 0.374773 0.264338 0.376685 0.265250 0.377237 0.264792 0.376943 0.261593 0.375471 0.259565 0.371133 0.255745 0.370435 0.256333 0.369883 0.255486 0.370250 0.254375 0.369331 0.253259 0.366940 0.250255
8 0.477013 0.449917 0.478206 0.454986 0.479141 0.465347 0.479737 0.465574 0.480076 0.464667 0.479974 0.462306 0.479055 0.453926 0.478206 0.449764
8 0.481992 0.493032 0.479505 0.476852 0.478987 0.476009 0.478438 0.472037 0.477268 0.467241 0.475005 0.454130 0.474464 0.453866 0.474414 0.458676 0.475844 0.465856 0.476737 0.468639 0.477073 0.471806 0.477859 0.476361 0.479583 0.485898 0.480076 0.489046 0.480812 0.492468 0.481568 0.493102
8 0.474682 0.474310 0.474714 0.472106 0.475003 0.471204 0.475508 0.471088 0.476016 0.472389 0.477510 0.478662 0.477958 0.481259 0.478781 0.481597 0.479294 0.484370 0.478654 0.484593 0.476622 0.479000 0.475794 0.474708
8 0.480307 0.477361 0.481896 0.486685 0.481516 0.488208 0.479516 0.476685
8 0.376245 0.253523 0.376318 0.257185 0.376943 0.261593 0.377237 0.264792 0.377714 0.271796 0.378385 0.273319 0.378672 0.277856 0.379820 0.284759 0.380846 0.284458 0.378852 0.271394 0.378281 0.264407 0.377542 0.258431 0.377385 0.257380 0.377201 0.255875 0.377201 0.253782
8 0.376255 0.288653 0.375763 0.289880 0.377534 0.292681 0.380232 0.295120 0.380708 0.296167 0.381370 0.296231 0.382695 0.296431 0.384130 0.295829 0.384279 0.294167 0.383797 0.294273 0.382547 0.294597 0.380966 0.294273 0.377682 0.290755
8 0.358521 0.279148 0.360273 0.284412 0.362411 0.284926 0.360393 0.278625 0.359703 0.277398 0.359112 0.277310
1 0.365065 0.271986 0.363667 0.263815 0.357505 0.270389 0.356424 0.267167 0.355659 0.268417 0.353245 0.263389 0.352995 0.269894 0.355044 0.282088 0.356747 0.283931 0.360273 0.284412 0.358521 0.279148 0.359112 0.277310 0.359703 0.277398 0.360393 0.278625 0.360859 0.278319 0.360651 0.276329 0.360755 0.274014 0.361406 0.272023
8 0.365552 0.319333 0.363615 0.309204 0.362305 0.307685 0.360938 0.308394 0.360310 0.311333 0.360539 0.313560 0.361383 0.315106 0.364167 0.321620
8 0.353932 0.312144 0.353703 0.333815 0.352167 0.330370 0.351539 0.315787
1 0.362026 0.330653 0.362617 0.332579 0.364143 0.333542 0.364094 0.334593 0.362273 0.334329 0.361781 0.336870 0.362026 0.341069 0.357979 0.346255 0.355818 0.340245
1 0.362323 0.324440 0.360401 0.323741 0.358826 0.322426 0.357299 0.322079 0.355724 0.322338 0.354052 0.323301 0.353755 0.328991 0.354690 0.331528 0.355281 0.332403 0.353703 0.333815 0.354539 0.337273
8 0.478555 0.409329 0.482214 0.421204 0.487063 0.437162 0.487701 0.437468 0.488083 0.436935 0.482128 0.417343 0.480937 0.414093
8 0.467862 0.368051 0.477365 0.370329 0.477333 0.371204 0.476526 0.372426 0.473721 0.371380 0.470323 0.371639 0.466724 0.369949 0.466932 0.367843
8 0.472341 0.371815 0.472146 0.374704 0.474214 0.381269 0.477365 0.389407 0.479417 0.389384 0.479992 0.388968 0.479549 0.388005 0.475857 0.376894 0.475365 0.374528 0.474312 0.371551 0.473721 0.371380
1 0.472341 0.371815 0.472146 0.374704 0.474214 0.381269 0.477365 0.389407 0.475930 0.389384 0.471708 0.389222 0.463133 0.370815 0.466724 0.369949 0.470323 0.371639
8 0.464232 0.264435 0.478443 0.266625 0.478315 0.269954 0.472529 0.268819 0.467635 0.267838
8 0.457768 0.264074 0.462734 0.264139 0.465052 0.267213 0.459534 0.266690
8 0.467266 0.268843 0.470492 0.278394 0.468839 0.278523 0.466154 0.269435 0.466302 0.268065
8 0.451115 0.249954 0.457880 0.257407 0.464232 0.264435 0.467635 0.267838 0.476672 0.277806 0.475531 0.278329 0.467266 0.268843 0.465052 0.267213 0.452583 0.253157
8 0.460271 0.255903 0.458211 0.257537 0.457513 0.256884 0.459828 0.254921
8 0.457034 0.258319 0.455969 0.259500 0.455417 0.258912 0.456445 0.257796
8 0.477260 0.261329 0.465599 0.264537 0.473214 0.265708 0.477995 0.264532 0.477995 0.263292 0.477885 0.261852
8 0.473729 0.269176 0.477188 0.276824 0.477555 0.276495 0.477849 0.273815 0.476083 0.269500
8 0.472185 0.262898 0.469318 0.255120 0.469685 0.253940 0.470237 0.253616 0.470935 0.254528 0.471560 0.255639 0.473583 0.262375
8 0.460674 0.251588 0.466044 0.264597 0.465599 0.264537 0.464130 0.264009 0.460674 0.257866 0.460271 0.255903 0.459461 0.253157 0.459461 0.252241 0.459828 0.251782
8 0.421620 0.202181 0.421581 0.204333 0.422104 0.203833 0.423273 0.201181 0.423154 0.199958
8 0.421328 0.199769 0.421513 0.192431 0.421844 0.191838 0.422594 0.191181 0.423242 0.192102 0.423464 0.193213 0.423133 0.197593
8 0.459201 0.281944 0.462331 0.282727 0.464693 0.283407 0.464940 0.283898 0.464771 0.283852 0.464747 0.286681 0.460628 0.285069
8 0.464885 0.289319 0.463375 0.291222 0.464143 0.293273 0.464995 0.292491
8 0.468320 0.289954 0.466039 0.291514 0.465737 0.288977 0.467135 0.287824
8 0.606292 0.727347 0.606747 0.732208 0.604924 0.732611 0.604500 0.726046 0.605544 0.727218
1 0.599758 0.717491 0.603318 0.718194 0.606302 0.717569 0.607997 0.717880 0.609294 0.718278 0.610068 0.718537 0.611365 0.716718 0.612044 0.716509 0.612497 0.718338 0.612729 0.719144 0.613294 0.718338 0.613586 0.714894 0.613182 0.711551 0.614047 0.708986 0.615063 0.709023 0.615516 0.711343 0.614352 0.718329 0.613023 0.720079 0.611693 0.720079 0.607917 0.719120 0.606914 0.719731 0.599685 0.719556
8 0.369844 0.201852 0.384924 0.193884 0.385370 0.192880 0.385370 0.191949 0.385005 0.191306 0.372057 0.197542
8 0.395844 0.187468 0.384583 0.187282 0.384862 0.190815 0.395914 0.190935 0.398216 0.191125
8 0.406469 0.171259 0.396461 0.184565 0.395604 0.183769 0.394323 0.181769 0.399487 0.173949
8 0.550068 0.608560 0.544568 0.622556 0.529729 0.655745 0.528273 0.652579 0.536695 0.632898 0.548456 0.606662 0.549143 0.605773 0.549818 0.606204 0.550268 0.606995
8 0.547656 0.742352 0.543385 0.736278 0.537859 0.730606 0.528557 0.724611 0.520755 0.722037 0.519089 0.718148 0.526451 0.721171 0.533057 0.725120 0.538185 0.728866 0.543083 0.733523 0.547396 0.739769
8 0.600964 0.669769 0.599438 0.656792 0.599883 0.655644 0.599961 0.653491 0.598711 0.650620 0.595411 0.622375 0.591589 0.594167 0.592427 0.592421 0.593266 0.592093 0.593779 0.594417 0.598607 0.630866 0.603263 0.671384
7 0.599969 0.642838 0.604531 0.639509 0.610341 0.632509 0.613029 0.627065 0.613841 0.623069 0.613779 0.615292 0.612029 0.610185 0.607341 0.603606 0.606219 0.603042 0.607654 0.609060 0.606969 0.610009 0.605750 0.609199 0.596268 0.583185 0.594435 0.583889 0.601779 0.608463 0.601672 0.610287 0.601346 0.611153 0.600536 0.610190 0.593307 0.584213 0.592073 0.584458 0.593177 0.587917 0.593776 0.590093 0.593266 0.592093
8 0.571091 0.763810 0.575659 0.772671 0.578029 0.779551 0.578448 0.782157 0.578052 0.782986 0.576961 0.783417 0.576286 0.782713
8 0.583214 0.804426 0.584263 0.803708 0.584424 0.802347 0.582932 0.798620 0.578979 0.786713 0.578052 0.782986 0.576961 0.783417 0.580995 0.797542 0.582648 0.803278
8 0.518714 0.574653 0.520667 0.577069 0.526070 0.585005 0.524323 0.585324
8 0.528195 0.588352 0.535482 0.599880 0.534326 0.599801 0.531227 0.598972 0.525781 0.589028
8 0.400367 0.343713 0.405875 0.348731 0.405979 0.350282 0.405839 0.351398 0.405526 0.351648 0.404516 0.351088 0.399458 0.346995
8 0.401042 0.332500 0.396164 0.339458 0.396445 0.344907 0.398544 0.341611
8 0.353339 0.260620 0.356424 0.267167 0.355659 0.268417 0.353245 0.263389
8 0.363609 0.263384 0.357505 0.270389 0.356424 0.267167 0.362940 0.260333
8 0.374487 0.276560 0.375076 0.286889 0.374266 0.287153 0.373458 0.286889 0.373201 0.286301 0.373021 0.276713
8 0.372372 0.261120 0.373828 0.272083 0.372031 0.272241 0.370203 0.259681 0.371393 0.260366
8 0.548177 0.834912 0.548971 0.837060 0.548940 0.837625 0.541057 0.837282 0.539279 0.834292 0.544078 0.834574
8 0.535385 0.784241 0.532185 0.785287 0.532773 0.787773 0.536083 0.786532
8 0.531156 0.788102 0.525346 0.789801 0.519242 0.788884 0.514865 0.786398 0.509458 0.783523 0.509055 0.780255 0.514977 0.782870 0.523690 0.786532 0.527443 0.786856 0.530641 0.785616
8 0.477188 0.280065 0.480318 0.282653 0.479083 0.280065 0.478513 0.279519 0.477380 0.278079 0.477352 0.278940
8 0.466669 0.281116 0.470393 0.280792 0.474221 0.280514 0.476279 0.280329 0.477188 0.280065 0.477352 0.278940 0.477380 0.278079 0.477451 0.277412 0.476672 0.277806 0.475531 0.278329 0.472789 0.278708 0.470492 0.278394 0.468839 0.278523 0.466487 0.278245 0.465211 0.278153
8 0.469034 0.285782 0.472549 0.284116 0.473044 0.282912 0.472419 0.282125 0.471378 0.281755 0.469581 0.282958 0.467935 0.283532
8 0.466044 0.292282 0.469508 0.292699 0.471669 0.297282 0.467529 0.297375 0.466148 0.297097 0.466177 0.295347
8 0.472161 0.292176 0.474794 0.292468 0.475367 0.294597 0.475628 0.297236 0.475523 0.298069 0.474768 0.297699
8 0.448773 0.298648 0.455026 0.300310 0.456148 0.299560 0.456193 0.298153 0.456008 0.296907 0.450547 0.295412 0.450128 0.296000 0.447339 0.295750
8 0.437667 0.300060 0.442659 0.300310 0.441073 0.304375 0.438076 0.303991
1 0.587531 0.756630 0.589211 0.749579 0.590279 0.743616 0.592260 0.754463 0.593253 0.756088 0.594318 0.751477 0.593055 0.749398 0.593401 0.747824 0.598615 0.747741 0.596688 0.746708 0.596688 0.743671 0.597201 0.740731 0.598625 0.737694 0.598284 0.735162 0.596745 0.730810 0.596518 0.727671 0.596917 0.725139 0.597771 0.722403 0.599583 0.720907 0.599526 0.716407 0.600367 0.710852 0.601211 0.703657 0.596917 0.689801 0.591771 0.672130 0.579169 0.659167 0.589323 0.685463 0.587318 0.686681 0.573073 0.648380 0.573359 0.655398 0.575049 0.675394 0.576625 0.693259 0.579305 0.718421 0.580500 0.729806 0.580875 0.730306 0.581523 0.731134 0.582180 0.734704 0.585117 0.744977
8 0.520815 0.288611 0.519289 0.290620 0.519141 0.292546 0.521458 0.300972 0.523685 0.298722
8 0.517542 0.315458 0.516404 0.306630 0.514878 0.305231 0.514336 0.306366 0.514336 0.307681 0.515703 0.315134
8 0.518255 0.281171 0.516333 0.287648 0.512544 0.296310 0.511560 0.299375 0.513628 0.300074 0.519484 0.283620
8 0.477836 0.295963 0.481331 0.296310 0.486648 0.297884 0.491828 0.299819 0.490784 0.302787 0.485664 0.300949 0.484870 0.300829 0.477542 0.300250 0.477393 0.297537
8 0.479018 0.279856 0.481135 0.284759 0.484531 0.291324 0.485909 0.290884 0.484336 0.288259 0.483154 0.286773 0.482414 0.284060 0.480742 0.279157
8 0.479167 0.276708 0.483203 0.275569 0.484531 0.276181 0.486156 0.278194 0.491818 0.287907 0.491435 0.288264 0.490044 0.288611 0.483841 0.277931 0.482612 0.278282 0.478513 0.279519
8 0.491669 0.290884 0.492359 0.292111 0.493443 0.291412 0.493000 0.290273
8 0.443312 0.304292 0.450219 0.304292 0.448167 0.300889 0.444807 0.300556
8 0.449753 0.300806 0.454466 0.300472 0.454513 0.302796 0.453161 0.304125 0.451107 0.303875
8 0.494279 0.299551 0.499940 0.306639 0.506635 0.314514 0.508841 0.315356 0.507945 0.313630 0.500138 0.303926 0.494818 0.297639
8 0.488174 0.292111 0.492604 0.297273 0.493307 0.296019 0.489307 0.291583
8 0.482414 0.284060 0.487880 0.289921 0.486549 0.290537 0.483154 0.286773
8 0.511255 0.305653 0.513461 0.314676 0.515703 0.315134 0.513167 0.305194
8 0.518573 0.319120 0.518315 0.320690 0.516917 0.319843 0.516990 0.318468
8 0.525927 0.319644 0.521000 0.319384 0.513240 0.317815 0.508841 0.315356 0.507945 0.313630 0.517542 0.315458 0.525570 0.316324 0.524964 0.317718
8 0.523685 0.298722 0.520888 0.301861 0.519427 0.303241 0.518464 0.305509 0.517542 0.315458 0.518904 0.315722 0.519638 0.310755 0.520044 0.305523 0.522581 0.301861 0.524089 0.300227
8 0.521695 0.339662 0.523620 0.344546 0.525898 0.351380 0.524497 0.351625 0.521422 0.342593 0.521375 0.341287 0.520490 0.339889
8 0.525898 0.351380 0.523318 0.352162 0.523659 0.353579 0.525284 0.353579 0.526339 0.353236
8 0.538391 0.348250 0.538169 0.356273 0.537313 0.357139 0.536740 0.355991 0.536740 0.351245 0.536500 0.343745
8 0.448831 0.268667 0.439393 0.270171 0.439635 0.272394 0.440482 0.272685 0.445685 0.272394 0.448185 0.272106 0.448839 0.271495 0.449500 0.269880
8 0.436367 0.266157 0.443870 0.268019 0.445727 0.267588 0.445888 0.266083 0.445081 0.264935 0.436745 0.264537
8 0.459529 0.273630 0.455448 0.274125 0.454333 0.271273 0.457995 0.270468
8 0.467057 0.273194 0.463328 0.273875 0.461375 0.270468 0.466154 0.269435
8 0.456167 0.266597 0.452643 0.267454 0.453909 0.270509 0.457555 0.269491
8 0.421823 0.207273 0.421258 0.211792 0.421539 0.212579 0.422669 0.212579 0.422831 0.210931 0.423557 0.206773 0.423677 0.204190
5 0.395161 0.143889 0.395331 0.158338 0.391375 0.158111 0.391544 0.153569 0.392508 0.151366
5 0.396385 0.140963 0.409872 0.133611 0.427302 0.125644 0.437344 0.119343 0.438378 0.123722 0.438229 0.125296 0.414305 0.136671 0.395104 0.146301 0.395161 0.143889
8 0.533180 0.349944 0.536581 0.349324 0.536740 0.351245 0.532464 0.351833
8 0.526854 0.356046 0.527776 0.362824 0.529810 0.362208 0.529523 0.359213 0.529141 0.359204 0.528117 0.358773 0.527214 0.357167
8 0.523867 0.339778 0.525549 0.348588 0.526370 0.353792 0.527154 0.354273 0.527846 0.355773 0.528419 0.356954 0.529263 0.357542 0.526568 0.342829 0.525372 0.339306
8 0.526188 0.338532 0.529143 0.338074 0.528888 0.335644 0.526927 0.335463 0.525901 0.335991 0.525391 0.336250
5 0.371635 0.173852 0.363807 0.183685 0.365083 0.188074 0.369083 0.183231 0.372018 0.173625
8 0.423516 0.193722 0.431219 0.185912 0.431219 0.184796 0.430906 0.183806 0.430279 0.183120 0.425549 0.186981 0.424859 0.189782 0.422594 0.191181 0.423242 0.192102 0.423464 0.193213
8 0.421318 0.196074 0.419576 0.197440 0.419453 0.196676 0.419122 0.195370 0.418424 0.195042 0.421513 0.192431
8 0.431036 0.187926 0.430065 0.187639 0.427042 0.191093 0.423133 0.197593 0.419740 0.201713 0.418719 0.203218 0.416396 0.204731 0.415312 0.206856 0.411542 0.210199 0.408573 0.212310 0.408203 0.214861 0.410680 0.214134 0.417375 0.206648 0.419966 0.204532 0.425367 0.196565 0.430388 0.190421
8 0.417536 0.201463 0.414729 0.201366 0.413109 0.202519 0.415268 0.203764 0.417836 0.203347
8 0.375786 0.178347 0.376753 0.178417 0.377398 0.179134 0.377479 0.180352 0.374979 0.185444 0.373891 0.186306 0.373122 0.186019 0.372961 0.184514
8 0.521589 0.809213 0.521172 0.810370 0.521328 0.811481 0.525786 0.818940 0.533563 0.830977 0.537763 0.837380 0.544984 0.848426 0.557542 0.869347 0.558393 0.868940 0.559307 0.865699 0.558167 0.863370 0.546547 0.845551 0.535221 0.828306 0.533289 0.825130 0.526552 0.813773 0.523549 0.810278 0.522161 0.808704
8 0.524375 0.334519 0.525266 0.333954 0.525711 0.334519 0.525901 0.335991 0.525297 0.336273
8 0.372799 0.185806 0.370258 0.191611 0.368807 0.195773 0.368404 0.197634 0.368750 0.198611 0.375099 0.186236 0.374979 0.185444 0.373891 0.186306 0.373122 0.186019
8 0.400422 0.190653 0.408531 0.190222 0.411995 0.191773 0.413854 0.192231 0.414669 0.192583 0.414719 0.189870 0.413073 0.190093 0.413081 0.184889 0.412661 0.184144 0.412312 0.184144 0.412000 0.184639 0.412070 0.189907 0.402562 0.187889 0.398349 0.187690
8 0.402883 0.193019 0.409674 0.192616 0.410375 0.192676 0.410628 0.193125 0.410914 0.193806 0.411638 0.192731 0.411234 0.191583 0.408531 0.190222 0.400422 0.190653 0.402440 0.193898 0.402924 0.194167
8 0.426432 0.195231 0.426461 0.197093 0.423677 0.204190 0.422104 0.206917 0.418674 0.211074 0.417505 0.212653 0.416094 0.213009 0.416216 0.211792 0.420008 0.207060 0.422104 0.203833 0.423435 0.200676 0.424042 0.198523
8 0.358477 0.242792 0.349891 0.245000 0.348542 0.245958 0.348464 0.248148 0.346833 0.279356 0.346315 0.285912 0.347391 0.286079 0.348326 0.287565 0.348513 0.289722 0.348044 0.291889 0.346458 0.294787 0.344914 0.296606 0.343797 0.298019 0.342719 0.296741 0.342357 0.293949 0.343211 0.277657 0.346052 0.244759 0.346701 0.242356 0.348320 0.241685 0.357174 0.239574 0.359010 0.241398 0.359497 0.242935
8 0.614573 0.668630 0.611740 0.674144 0.612102 0.677681 0.612583 0.677949 0.616036 0.669667
8 0.415964 0.208333 0.415813 0.213153 0.414844 0.213227 0.414924 0.210500 0.414682 0.209426
8 0.431409 0.162389 0.406469 0.171259 0.380299 0.181116 0.382135 0.176991 0.398227 0.170181 0.430924 0.157972
8 0.555849 0.472231 0.554047 0.496931 0.551440 0.497037 0.552164 0.487644 0.552721 0.487259 0.553182 0.478532 0.553974 0.470917 0.553922 0.466981 0.554362 0.464181
6 0.557042 0.423157 0.559451 0.416921 0.562818 0.422218 0.558672 0.431894 0.557836 0.429667
8 0.537630 0.381407 0.538130 0.387204 0.538615 0.391426 0.540174 0.395037 0.542234 0.398917 0.540224 0.386389 0.539378 0.382532 0.539378 0.382532 0.538805 0.382690
8 0.526794 0.366218 0.530365 0.377833 0.523938 0.368713 0.523716 0.367657 0.524539 0.367250 0.524526 0.367273
1 0.490740 0.217713 0.493719 0.222685 0.495888 0.228227 0.480857 0.244116 0.488578 0.224917
1 0.486250 0.223505 0.467000 0.225880 0.467625 0.226560 0.468359 0.228856 0.468534 0.231954 0.468115 0.234620 0.468690 0.236023 0.476518 0.237556 0.477406 0.238306 0.477779 0.240875 0.477594 0.242949 0.476659 0.244028 0.475260 0.243944 0.472758 0.244032 0.474180 0.246856 0.476690 0.246412 0.477945 0.245370 0.484690 0.228565
8 0.427995 0.193218 0.426542 0.196662 0.423677 0.204190 0.423557 0.206773 0.422831 0.210931 0.423315 0.211579 0.424242 0.210718 0.425372 0.207435 0.425372 0.204370 0.426552 0.203847 0.430388 0.190421
8 0.488161 0.387167 0.490724 0.402273 0.488036 0.401051 0.486164 0.387056
8 0.488974 0.378394 0.488286 0.380394 0.488786 0.384278 0.488911 0.386722 0.491474 0.403718 0.493849 0.403718 0.493018 0.399500 0.489771 0.386546 0.490148 0.385671 0.490789 0.385671 0.490258 0.381787 0.489974 0.379171 0.489661 0.378727
8 0.543836 0.340167 0.544122 0.348870 0.545888 0.346495 0.546070 0.343926 0.545888 0.342963 0.545466 0.341245 0.544924 0.340231 0.544141 0.340231
8 0.547708 0.369528 0.552310 0.374051 0.552870 0.375722 0.552310 0.377338 0.551336 0.378019 0.547779 0.373556
8 0.524120 0.336329 0.520539 0.337088 0.520146 0.338486 0.520490 0.339889 0.525201 0.339097
8 0.515857 0.337574 0.517510 0.351699 0.518818 0.353509 0.520021 0.353167 0.520276 0.352037 0.519161 0.345139 0.517753 0.336037
1 0.516016 0.333333 0.514966 0.332148 0.513854 0.331694 0.512964 0.331750 0.512201 0.332824 0.511534 0.334296 0.510740 0.336500 0.511094 0.336481 0.511693 0.336218 0.512711 0.333954 0.513505 0.333505 0.514299 0.333333 0.515221 0.333449 0.515602 0.333731
8 0.541714 0.815870 0.538857 0.823398 0.536396 0.826898 0.535221 0.828306 0.539279 0.834292 0.539940 0.833898 0.539596 0.830398 0.544323 0.820509
8 0.517372 0.323324 0.518182 0.325245 0.518690 0.327190 0.518974 0.329556 0.519102 0.331199 0.520539 0.337088 0.520146 0.338486 0.520490 0.339889 0.521375 0.341287 0.522115 0.348292 0.523659 0.353579 0.523719 0.354866 0.524232 0.355556 0.525953 0.363606 0.522508 0.364569 0.520539 0.353454 0.519161 0.345139 0.517753 0.336037 0.517503 0.332556 0.516698 0.332537 0.516354 0.328162 0.515552 0.326324 0.513917 0.322171 0.515969 0.323324
8 0.517753 0.336037 0.510990 0.340500 0.506180 0.342921 0.503117 0.343977 0.502948 0.340727 0.508180 0.338231 0.513839 0.334750 0.517503 0.332556
8 0.503859 0.320630 0.505880 0.324162 0.508859 0.327366 0.507500 0.328671 0.503823 0.323968 0.502904 0.322199 0.502167 0.319588
8 0.502167 0.319588 0.502904 0.322199 0.503823 0.323968 0.507500 0.328671 0.505844 0.329523 0.505404 0.329523 0.501542 0.323509 0.501398 0.321806 0.500807 0.318306
8 0.500807 0.318306 0.505484 0.321454 0.511844 0.325287 0.515174 0.328736 0.515552 0.326324 0.515188 0.325009 0.513385 0.323634 0.503638 0.317944 0.499706 0.315398 0.497823 0.314204 0.499232 0.315593 0.500560 0.317519
8 0.602370 0.664398 0.607732 0.664667 0.608396 0.666486 0.609872 0.671306 0.611078 0.676931 0.612102 0.677681 0.611409 0.673019 0.609841 0.666486 0.608818 0.663699 0.608367 0.663343 0.607703 0.662843 0.606677 0.662630 0.602128 0.662199
1 0.634271 0.618935 0.630203 0.619931 0.630156 0.621176 0.635570 0.620014
8 0.483331 0.329421 0.490812 0.330907 0.491404 0.330384 0.491258 0.328722 0.489484 0.327847 0.484724 0.327579 0.483021 0.327204
8 0.510385 0.405764 0.511703 0.406444 0.512044 0.409167 0.511448 0.414236 0.513576 0.418625 0.516128 0.422102 0.515661 0.425731 0.510568 0.417736 0.510107 0.412028
8 0.412292 0.313843 0.414563 0.326042 0.413508 0.331148 0.409750 0.317157 0.409813 0.315380 0.410875 0.314380
8 0.555432 0.339417 0.550828 0.356852 0.550154 0.359583 0.549362 0.359889 0.549010 0.359491 0.554685 0.339120 0.555023 0.338519 0.555336 0.338468
8 0.544766 0.358843 0.545576 0.372273 0.545872 0.371833 0.546747 0.370097 0.547443 0.367125 0.547703 0.365639 0.547458 0.362417 0.546771 0.362037 0.546094 0.361204 0.545417 0.359583
8 0.597286 0.455394 0.596521 0.457542 0.597339 0.462120 0.597872 0.463606 0.597964 0.464278 0.601721 0.479306 0.604109 0.490644 0.610112 0.513745 0.611443 0.513829 0.613297 0.514449 0.609076 0.495644 0.608115 0.490222 0.601367 0.461981 0.600758 0.460986 0.598938 0.455431 0.597857 0.454926
8 0.545807 0.373565 0.546414 0.392662 0.547393 0.409421 0.547922 0.409722 0.549635 0.409421 0.548513 0.387023 0.547779 0.373556 0.547708 0.369528 0.547091 0.371764
8 0.550052 0.376528 0.552195 0.401338 0.551227 0.401912 0.548484 0.374949
8 0.550052 0.376528 0.553211 0.381551 0.558656 0.390014 0.558898 0.392167 0.558010 0.392454 0.557406 0.391662 0.550388 0.379759
8 0.552195 0.401338 0.552661 0.400940 0.553115 0.401315 0.552872 0.402495 0.552451 0.402926 0.549560 0.404796 0.549438 0.402870 0.551227 0.401912
8 0.556417 0.400139 0.554221 0.404907 0.552792 0.408565 0.554409 0.408079 0.557081 0.401995 0.557359 0.401005 0.557289 0.400324 0.556906 0.400014
8 0.544479 0.358194 0.542339 0.369097 0.539354 0.381801 0.540224 0.386389 0.544096 0.368477 0.545104 0.363889 0.544766 0.358843
8 0.537839 0.360972 0.543167 0.365593 0.542339 0.369097 0.537854 0.364991 0.537750 0.362907 0.537776 0.361935
8 0.544417 0.366657 0.545406 0.367491 0.545536 0.371935 0.543740 0.370037 0.544096 0.368477
8 0.536786 0.360639 0.536786 0.366519 0.536786 0.370731 0.536734 0.373602 0.537281 0.379574 0.539354 0.381801 0.538531 0.373370 0.537932 0.367722 0.537854 0.364991 0.537750 0.362907 0.537776 0.361935 0.537880 0.359898
8 0.534857 0.377333 0.539354 0.381801 0.539378 0.382532 0.538805 0.382690 0.537630 0.381407 0.535159 0.378940
8 0.529013 0.370801 0.532206 0.374495 0.532357 0.376102 0.529013 0.372407
8 0.496232 0.405681 0.498914 0.408102 0.501891 0.410144 0.503383 0.412148 0.504883 0.413037 0.504701 0.415213 0.502062 0.413773 0.496997 0.409162
8 0.497729 0.399759 0.498469 0.379630 0.499159 0.378667 0.499945 0.378231 0.500685 0.378931 0.501029 0.380333 0.499552 0.407023 0.499255 0.406588
8 0.489771 0.386546 0.493018 0.399500 0.496612 0.412713 0.499086 0.421681 0.501461 0.430551 0.503505 0.439556 0.508029 0.454958 0.510628 0.464861 0.511328 0.468194 0.513677 0.469954 0.509865 0.456088 0.507596 0.448292 0.502620 0.429046 0.496036 0.405144 0.490789 0.385671 0.490148 0.385671
8 0.514359 0.471995 0.515703 0.473750 0.517617 0.476102 0.518805 0.478227 0.520953 0.486204 0.518331 0.482926 0.515169 0.477537
8 0.498232 0.419454 0.497206 0.454389 0.497432 0.456718 0.498003 0.457120 0.498344 0.455500 0.499086 0.421681
8 0.467099 0.420338 0.469341 0.433153 0.470776 0.440931 0.468865 0.441389 0.468276 0.439167 0.466732 0.428968
8 0.477430 0.435579 0.477081 0.442528 0.478044 0.446468 0.478862 0.446880 0.479211 0.444167 0.479211 0.442019 0.478385 0.435407 0.478068 0.434843 0.477875 0.434843
8 0.475047 0.432921 0.476635 0.424389 0.476445 0.422977 0.475589 0.422185 0.475078 0.422185 0.474729 0.423204 0.473904 0.428005
8 0.467708 0.404759 0.467070 0.406120 0.467367 0.407782 0.469026 0.413833 0.470688 0.419963 0.472898 0.428509 0.477307 0.446560 0.479646 0.455625 0.480242 0.455333 0.479109 0.450653 0.478044 0.446468 0.475393 0.434454 0.472201 0.421292 0.469172 0.408032 0.468362 0.405611
8 0.479109 0.450653 0.487714 0.452810 0.486500 0.448889 0.483633 0.448301 0.481867 0.448167 0.478044 0.446468
8 0.479625 0.436333 0.481867 0.448167 0.483633 0.448301 0.482971 0.443722 0.482198 0.441630 0.482234 0.439472
8 0.478852 0.430060 0.478339 0.430583 0.478339 0.431630 0.478815 0.433458 0.479135 0.433185 0.480120 0.433185 0.480617 0.433588 0.479883 0.430583 0.479440 0.429995
8 0.479135 0.433185 0.478544 0.435023 0.483518 0.441148 0.481953 0.436597 0.482247 0.436074 0.482690 0.435375 0.481008 0.433884 0.480120 0.433185
8 0.485643 0.443949 0.496424 0.456903 0.495786 0.453403 0.495885 0.451477 0.483281 0.437037
8 0.482690 0.435375 0.490370 0.456204 0.489237 0.456639 0.481953 0.436597 0.482247 0.436074
8 0.466823 0.460847 0.465503 0.467653 0.466464 0.468245 0.467247 0.462963
8 0.469120 0.459560 0.476737 0.468639 0.476440 0.471060 0.475885 0.471287 0.469630 0.462815
8 0.536500 0.343745 0.534693 0.346102 0.532464 0.351833 0.532341 0.348995 0.534299 0.344495 0.535385 0.343208 0.536169 0.342778
8 0.617578 0.453671 0.611688 0.454745 0.607654 0.456324 0.604271 0.457963 0.600758 0.460986 0.600151 0.459694 0.601482 0.458370 0.603724 0.456574 0.611003 0.453528 0.615440 0.452593 0.616852 0.452593 0.617779 0.452667
8 0.620508 0.454014 0.620883 0.465120 0.621070 0.474894 0.620633 0.482338 0.618758 0.491222 0.615758 0.506440 0.615128 0.506551 0.615503 0.504218 0.617065 0.493778 0.619383 0.483338 0.620133 0.475671 0.619812 0.462898 0.619320 0.454236
8 0.563008 0.454912 0.562565 0.453894 0.562174 0.453894 0.561458 0.454907
8 0.457979 0.491292 0.461570 0.491856 0.463635 0.492352 0.464727 0.492421 0.465161 0.492477 0.465320 0.495245 0.458742 0.493435
8 0.611464 0.703699 0.610068 0.718537 0.609294 0.718278 0.610617 0.702782
8 0.604839 0.690676 0.606078 0.699773 0.607630 0.713370 0.607997 0.717880 0.607224 0.717750 0.606417 0.713569 0.605315 0.703236 0.603383 0.687995
8 0.563758 0.458491 0.564414 0.464579 0.564534 0.467255 0.564292 0.468167 0.563518 0.464532 0.562727 0.464111 0.562607 0.461144 0.561984 0.458407 0.562870 0.458407
8 0.561458 0.454907 0.567958 0.455093 0.569451 0.459157 0.564083 0.459569 0.563758 0.458491 0.562870 0.458407 0.561984 0.458407
8 0.557836 0.429667 0.560284 0.435130 0.562109 0.438750 0.564349 0.441667 0.565891 0.445560 0.574958 0.462222 0.581544 0.474537 0.581362 0.479213 0.572289 0.463657 0.566781 0.453481 0.562430 0.445935 0.560656 0.442000 0.558682 0.437162
8 0.564083 0.442157 0.566510 0.445602 0.571049 0.452769 0.578214 0.464523 0.580594 0.468167 0.580883 0.469968 0.581544 0.474537 0.574958 0.462222 0.565891 0.445560
8 0.584266 0.473852 0.585594 0.475843 0.584505 0.477352 0.583799 0.475634
1 0.597771 0.722403 0.596917 0.725139 0.596518 0.727671 0.596745 0.730810 0.598284 0.735162 0.598625 0.737694 0.597201 0.740731 0.596688 0.743671 0.596688 0.746708 0.598615 0.747741 0.599753 0.748046 0.599982 0.745412 0.599297 0.742171 0.600607 0.739537 0.601005 0.737310 0.603513 0.738324 0.603854 0.741056 0.602885 0.745106 0.602771 0.747639 0.604367 0.751486 0.606589 0.753718 0.607271 0.756856 0.606359 0.761412 0.606760 0.762426 0.607841 0.758574 0.609893 0.758171 0.612284 0.759792 0.612969 0.758574 0.611372 0.757056 0.610349 0.754931 0.609893 0.751690 0.609549 0.747944 0.609036 0.743894 0.608354 0.742171 0.606872 0.741157 0.605620 0.739537 0.605448 0.736907 0.604367 0.735083 0.603000 0.733157 0.601005 0.731435 0.601576 0.729106 0.602716 0.728907 0.604367 0.728602 0.604367 0.727486 0.602031 0.726375 0.602315 0.725157 0.602372 0.723639 0.600836 0.721718 0.599583 0.720907
8 0.530859 0.637583 0.532477 0.643009 0.531299 0.645560 0.529352 0.639741
8 0.591771 0.672130 0.596917 0.689801 0.601211 0.703657 0.602237 0.703736 0.602891 0.703241 0.602518 0.700593 0.597664 0.684653 0.594583 0.674532
8 0.607128 0.682236 0.614086 0.683093 0.616589 0.685287 0.616589 0.686894 0.616508 0.687546 0.615672 0.688245 0.612250 0.687481
6 0.605229 0.656653 0.607740 0.659255 0.612411 0.662662 0.616839 0.667250 0.616943 0.668491 0.616036 0.669667 0.608367 0.663343 0.603417 0.659750 0.602021 0.658819 0.603799 0.657829 0.604531 0.657023
8 0.612979 0.647199 0.615036 0.659347 0.616779 0.665361 0.617893 0.671931 0.618870 0.678931 0.619289 0.679551 0.620313 0.679713 0.620977 0.679333 0.621188 0.678319 0.620977 0.675852 0.617719 0.661292 0.614865 0.647120
7 0.582076 0.765167 0.588073 0.762699 0.588464 0.761792 0.588372 0.759917 0.585117 0.744977 0.582180 0.734704 0.581523 0.731134 0.580875 0.730306 0.580500 0.729806 0.581750 0.753023
8 0.582474 0.781019 0.582076 0.765167 0.581750 0.753023 0.580500 0.729806 0.579305 0.718421 0.576625 0.693259 0.575049 0.675394 0.573359 0.655398 0.573073 0.648380 0.572383 0.641685 0.571281 0.646315 0.570896 0.648306 0.571206 0.653384 0.571409 0.660199 0.571560 0.668935 0.573128 0.686319 0.574497 0.695190 0.576201 0.713190 0.577203 0.725431 0.578365 0.736440 0.579844 0.762745 0.579651 0.775648
8 0.531414 0.636458 0.533284 0.640755 0.534078 0.638995 0.532266 0.635282
8 0.594177 0.462380 0.593516 0.463625 0.593294 0.466435 0.593182 0.468787 0.592539 0.485903 0.594839 0.489458 0.595732 0.469116 0.595904 0.466106 0.595685 0.463755 0.594966 0.462759
8 0.593182 0.468787 0.587018 0.477662 0.584836 0.479773 0.584505 0.477352 0.590576 0.469449 0.590990 0.468944 0.593294 0.466435
8 0.597964 0.464278 0.595904 0.466106 0.595685 0.463755 0.597339 0.462120 0.597872 0.463606
8 0.583005 0.484440 0.581185 0.500120 0.579549 0.513644 0.577352 0.514912 0.576979 0.514250 0.578753 0.495250 0.579870 0.488935 0.581615 0.486296
8 0.508203 0.558287 0.511461 0.566157 0.513185 0.566329 0.513677 0.567032 0.514563 0.567731 0.514414 0.569042 0.513922 0.570880 0.521615 0.585694 0.524323 0.585324 0.513479 0.565278 0.510820 0.558806
8 0.589323 0.685463 0.587318 0.686681 0.573073 0.648380 0.572839 0.642282 0.576198 0.651111
8 0.472727 0.530218 0.477995 0.538361 0.484690 0.548782 0.493117 0.563750 0.499164 0.575509 0.506669 0.591255 0.512234 0.602921 0.517312 0.612296 0.518161 0.613056 0.520289 0.617671 0.527549 0.636699 0.529076 0.634421 0.522971 0.619370 0.513651 0.599079 0.502797 0.577269 0.494039 0.560519 0.485729 0.546759 0.478664 0.535620 0.474336 0.528537 0.473651 0.528537 0.473198 0.528940
8 0.475208 0.523102 0.475596 0.528315 0.477000 0.531338 0.478872 0.534514 0.483255 0.540944 0.486828 0.546694 0.490633 0.552806 0.496276 0.562222 0.498437 0.565370 0.500526 0.570417 0.503432 0.574968 0.505253 0.578417 0.520482 0.609657 0.527539 0.624667 0.530771 0.632051 0.529781 0.632986 0.525497 0.624083 0.520026 0.611759 0.514456 0.600491 0.510609 0.592259 0.505172 0.581597 0.500612 0.573046 0.497138 0.565968 0.494039 0.560519 0.485729 0.546759 0.478664 0.535620 0.475469 0.530287 0.474596 0.526921 0.474388 0.522398 0.474388 0.521347
6 0.483138 0.506981 0.481831 0.512375 0.478424 0.533366 0.478872 0.534514 0.480430 0.536602 0.483883 0.515111 0.482297 0.514032 0.482391 0.512870 0.482997 0.513454 0.484023 0.514366 0.484398 0.512375 0.483930 0.509884 0.483651 0.507644
6 0.487568 0.505755 0.486242 0.507181 0.485302 0.507241 0.484396 0.506065 0.484255 0.504949 0.484987 0.504269 0.486104 0.505009 0.486974 0.505009
8 0.359036 0.233287 0.349771 0.231111 0.341417 0.229949 0.337122 0.230116 0.337076 0.231444 0.338336 0.233185 0.340948 0.233435 0.347391 0.233519 0.349583 0.234120 0.360964 0.236991
8 0.461104 0.517616 0.464898 0.526185 0.468214 0.533954 0.468576 0.533954 0.468268 0.529167 0.463995 0.518310 0.462789 0.515310
8 0.465714 0.514347 0.466375 0.514773 0.466617 0.515579 0.467401 0.523347 0.467490 0.525597 0.467068 0.524954 0.464297 0.516972 0.464206 0.515792 0.464839 0.514884
8 0.458057 0.536074 0.457779 0.543023 0.457708 0.544509 0.458615 0.546181 0.463461 0.556222 0.463156 0.556894 0.457349 0.546153 0.456854 0.544713 0.456620 0.543694 0.456591 0.542588 0.456919 0.536625 0.457250 0.536093 0.457555 0.535875
8 0.440104 0.546500 0.444818 0.554370 0.449089 0.561130 0.452995 0.567704 0.450901 0.568745 0.450477 0.568917 0.445034 0.559981 0.444513 0.558685 0.441310 0.553500 0.439448 0.550639
8 0.440383 0.543847 0.443586 0.548940 0.445695 0.552412 0.445591 0.553338 0.445930 0.553847 0.446685 0.554403 0.452250 0.563083 0.454969 0.566986 0.452995 0.567704 0.449089 0.561130 0.444818 0.554370 0.440104 0.546500
8 0.442427 0.538519 0.442349 0.547083 0.441255 0.545046 0.441542 0.538657 0.441672 0.537963 0.441880 0.537870 0.442089 0.537824
8 0.441831 0.533782 0.445997 0.540912 0.449201 0.546884 0.450997 0.552394 0.450789 0.552995 0.450268 0.553042 0.449096 0.551514 0.443940 0.543042 0.443602 0.541838 0.442898 0.540773 0.442430 0.539708 0.442427 0.538519 0.442089 0.537824 0.441880 0.537870 0.441672 0.537963 0.441336 0.537625
8 0.434461 0.523088 0.434747 0.522579 0.435190 0.522718 0.440346 0.531190 0.439747 0.535403 0.435164 0.527671 0.434643 0.526144 0.434531 0.524676 0.434349 0.523843
8 0.411562 0.491574 0.414214 0.498074 0.417786 0.506296 0.421016 0.513333 0.426687 0.525491 0.433159 0.537856 0.438083 0.545097 0.438445 0.543356 0.431646 0.530963 0.427544 0.522306 0.423445 0.513949 0.418641 0.504083 0.414286 0.493222 0.413026 0.491065 0.412419 0.490481
8 0.439951 0.551486 0.441591 0.560421 0.441096 0.560792 0.440576 0.560699 0.440003 0.558847 0.439013 0.553014 0.439448 0.550639
8 0.484232 0.612125 0.483659 0.612588 0.483711 0.613468 0.489310 0.626199 0.489648 0.626060 0.489753 0.622958 0.489023 0.621292 0.486159 0.614856 0.485091 0.612912 0.484648 0.612171
8 0.481471 0.607912 0.484206 0.620412 0.484857 0.620366 0.486341 0.619486 0.483711 0.613468 0.483659 0.612588 0.484232 0.612125 0.484648 0.612171 0.483060 0.609440 0.482305 0.608468
8 0.491146 0.623704 0.489643 0.623306 0.489648 0.626060 0.489310 0.626199 0.487487 0.622454 0.482068 0.619722 0.479682 0.617958 0.477964 0.617477 0.477513 0.618551 0.477214 0.619861 0.477120 0.620801 0.477331 0.621815 0.478234 0.622301 0.482935 0.624602 0.491313 0.628671
8 0.466008 0.596486 0.472258 0.606671 0.479682 0.617958 0.477964 0.617477 0.477513 0.618551 0.477151 0.619889 0.472128 0.610977 0.465487 0.599912
8 0.468505 0.619130 0.471503 0.643361 0.471885 0.645282 0.472583 0.645407 0.474047 0.644667 0.474641 0.642991 0.474258 0.636792 0.471992 0.622417 0.471607 0.620926 0.469794 0.619500
8 0.477016 0.620255 0.464904 0.612218 0.464089 0.611843 0.463320 0.612866 0.463779 0.616389 0.468505 0.619130 0.471745 0.620894 0.474583 0.623579 0.482737 0.628671 0.480836 0.624417 0.479766 0.623120 0.478234 0.622301 0.477331 0.621815 0.477120 0.620801
8 0.463820 0.605736 0.467857 0.609301 0.473820 0.614023 0.477151 0.619889 0.475982 0.619486 0.464904 0.612218 0.463779 0.610968 0.463320 0.608796 0.463091 0.606630 0.463396 0.605815
8 0.468445 0.581495 0.472107 0.587444 0.476883 0.595815 0.480263 0.600588 0.490812 0.614977 0.490812 0.619421 0.485091 0.612912 0.483060 0.609440 0.482305 0.608468 0.481471 0.607912 0.477906 0.602606 0.473281 0.596042 0.468453 0.586611 0.467724 0.585750
8 0.476206 0.600472 0.480562 0.618880 0.482068 0.619722 0.483143 0.620306 0.479693 0.605431 0.477906 0.602606
7 0.541956 0.687389 0.541099 0.696718 0.540734 0.699032 0.532305 0.705208 0.524102 0.709259 0.513281 0.708958 0.512711 0.707537 0.511516 0.697009 0.509010 0.682454 0.509008 0.676653 0.515445 0.663995 0.522393 0.665819 0.515005 0.682514 0.517320 0.685213 0.525469 0.666120 0.532990 0.668250
8 0.524036 0.423981 0.530529 0.435861 0.531172 0.435324 0.524719 0.423171
8 0.559026 0.816519 0.558294 0.819120 0.558453 0.820815 0.561596 0.831292 0.563458 0.836324 0.562076 0.827829 0.560458 0.817537
8 0.554766 0.825671 0.556419 0.835278 0.556865 0.837032 0.560836 0.845394 0.562076 0.841097 0.557849 0.831718 0.555815 0.826014 0.555242 0.825106
8 0.562781 0.842931 0.563664 0.844894 0.564326 0.845546 0.565245 0.845417 0.565607 0.846852 0.565945 0.848815 0.563112 0.848162 0.561862 0.847574 0.561242 0.846912
8 0.570724 0.834579 0.575784 0.851792 0.577083 0.851019 0.577344 0.850000 0.576534 0.847019 0.572721 0.834356
8 0.464977 0.490977 0.465911 0.504870 0.467786 0.501796 0.467271 0.495519 0.466667 0.494713
8 0.468169 0.506454 0.469919 0.509847 0.470141 0.513347 0.469154 0.511907 0.468828 0.510250 0.467508 0.507602
8 0.474562 0.518722 0.475638 0.520750 0.477227 0.524310 0.479039 0.530245 0.478531 0.532333 0.476242 0.525838 0.475208 0.523102 0.474388 0.521347
8 0.472904 0.499963 0.473583 0.500111 0.480477 0.520690 0.479031 0.528403 0.474349 0.514032 0.473755 0.508282
8 0.472859 0.497241 0.473755 0.508282 0.474562 0.518722 0.474388 0.521347 0.474388 0.522398 0.474596 0.526921 0.475469 0.530287 0.474336 0.528537 0.473651 0.528537 0.471966 0.514106 0.471031 0.500718 0.472500 0.497306
8 0.487307 0.542139 0.488008 0.541852 0.488773 0.542231 0.489456 0.544653 0.488305 0.547602 0.487258 0.545468
8 0.490943 0.548162 0.493156 0.556782 0.490633 0.552806 0.489695 0.550917
8 0.479797 0.570236 0.476581 0.578759 0.478172 0.581000 0.480180 0.576042 0.481753 0.572792 0.481073 0.570444
8 0.491398 0.580380 0.494789 0.589153 0.491701 0.589676
8 0.493740 0.575690 0.498505 0.588394 0.496336 0.588958 0.496081 0.586694 0.496036 0.585718 0.495742 0.585000 0.495102 0.585176 0.494974 0.586278 0.492036 0.579093
8 0.488805 0.577958 0.486549 0.583856 0.486974 0.584838 0.488122 0.585444 0.488633 0.585370 0.489143 0.583931
8 0.495229 0.572736 0.491398 0.580380 0.491016 0.574250 0.491995 0.572435
1 0.493784 0.498051 0.491193 0.501481 0.492518 0.502986 0.494036 0.503333 0.494320 0.506060 0.497260 0.511551 0.497372 0.513514 0.497336 0.514037 0.494578 0.509917 0.494615 0.511620 0.494943 0.514032 0.495375 0.515694 0.509422 0.533699 0.512253 0.527162 0.513776 0.530556 0.514208 0.529949 0.512784 0.526403 0.508685 0.521639 0.501740 0.510935
8 0.512878 0.533097 0.514010 0.540190 0.516422 0.543338 0.517839 0.545694 0.516177 0.536602 0.515242 0.532750 0.514208 0.529949 0.513776 0.530556
1 0.548591 0.551046 0.549958 0.558032 0.550070 0.561981 0.546135 0.557435 0.541953 0.551861 0.539966 0.526375 0.539958 0.524426 0.541044 0.527153 0.543036 0.530495 0.543779 0.536157 0.547378 0.548296
1 0.528458 0.495250 0.528284 0.496810 0.519529 0.518032 0.520833 0.519917 0.524542 0.525528 0.534396 0.541324 0.539914 0.549009 0.536799 0.515917 0.531286 0.500690 0.531807 0.506579 0.529862 0.503889
8 0.528357 0.537472 0.529505 0.541102 0.530117 0.541773 0.533451 0.545000 0.530940 0.541370
8 0.528643 0.537815 0.530940 0.541370 0.533451 0.545000 0.535208 0.546856 0.536497 0.549213 0.536641 0.550218 0.540299 0.556574 0.540130 0.552792 0.533620 0.542870 0.527367 0.533343 0.524768 0.529940
8 0.519529 0.518032 0.524542 0.525528 0.534396 0.541324 0.539914 0.549009 0.540000 0.552412 0.533620 0.542870 0.527367 0.533343 0.524768 0.529940 0.521677 0.523477 0.519039 0.519319
8 0.515893 0.494875 0.516617 0.498273 0.514443 0.499444 0.506771 0.492079 0.504388 0.490338 0.503503 0.488199 0.505083 0.486560 0.506865 0.486560
1 0.526479 0.492403 0.524370 0.490380 0.522578 0.486907 0.521839 0.487167 0.518331 0.482926 0.515169 0.477537 0.509831 0.473319 0.496187 0.463829 0.493880 0.459963 0.491245 0.456213 0.487818 0.457148 0.483862 0.456097 0.481029 0.455394 0.479646 0.455625 0.479974 0.462306 0.480701 0.464296 0.481906 0.465417 0.482083 0.465116 0.482708 0.465046 0.484391 0.472380 0.485938 0.480185 0.488307 0.482227 0.492073 0.486130 0.491583 0.480676 0.492385 0.480741 0.492805 0.486750 0.495661 0.490222 0.496781 0.488690 0.497339 0.488755 0.497862 0.489560 0.498698 0.491106 0.497964 0.492204 0.501521 0.495241 0.493674 0.473884 0.495948 0.474625 0.499594 0.484444 0.500273 0.486199 0.500688 0.485014 0.501099 0.484671 0.502021 0.485407 0.503503 0.488199 0.505083 0.486560 0.506865 0.486560 0.515893 0.494875 0.516617 0.498273 0.514443 0.499444 0.518266 0.513389
1 0.507836 0.536769 0.495000 0.520421 0.495789 0.522532 0.496161 0.524097 0.496161 0.525014 0.495276 0.525546 0.495536 0.527236 0.497523 0.537176 0.497573 0.536213 0.498607 0.534551 0.499393 0.534639 0.500083 0.535866 0.502792 0.548380
8 0.491193 0.501481 0.492518 0.502986 0.493547 0.505208 0.493586 0.509324 0.491414 0.505407 0.490625 0.501898
8 0.494320 0.506060 0.497260 0.511551 0.497372 0.513514 0.497336 0.514037 0.494578 0.509917 0.494453 0.508602
8 0.494036 0.503333 0.494453 0.508602 0.494615 0.511620 0.494943 0.514032 0.495375 0.515694 0.495000 0.517602 0.495000 0.520421 0.495789 0.522532 0.496161 0.524097 0.496161 0.525014 0.495276 0.525546 0.494068 0.519843 0.494557 0.514861 0.494023 0.514227 0.493586 0.509324 0.493510 0.503245
1 0.525930 0.562731 0.509487 0.555731 0.504120 0.553630 0.503990 0.552935 0.509930 0.539833
8 0.499508 0.497384 0.504018 0.502755 0.507167 0.510546 0.506997 0.510921 0.499935 0.502222 0.497932 0.500130 0.495143 0.496190 0.496289 0.494620
8 0.509211 0.509259 0.514146 0.515083 0.516128 0.517745 0.514953 0.520380 0.510911 0.514250
8 0.517763 0.522194 0.520612 0.526579 0.523549 0.532782 0.521167 0.529306 0.520229 0.528093 0.518870 0.528472 0.516401 0.525444
8 0.461849 0.214213 0.457138 0.214606 0.457872 0.215454 0.457687 0.217546 0.457320 0.219116 0.457745 0.219417
8 0.464419 0.214278 0.470375 0.213560 0.469898 0.214537 0.468904 0.215977 0.468315 0.216171 0.463904 0.219509 0.461563 0.219167
8 0.604898 0.668060 0.605445 0.668431 0.606461 0.670745 0.607708 0.672083 0.608021 0.672824 0.607917 0.673380 0.607500 0.673333 0.604792 0.670000 0.604193 0.669074 0.604323 0.668472
8 0.492708 0.512870 0.494557 0.514861 0.494068 0.519843
8 0.499807 0.411579 0.502018 0.422625 0.501935 0.423380 0.501125 0.422926 0.496997 0.409162
8 0.468633 0.540977 0.470924 0.546810 0.472255 0.550745 0.472591 0.546394 0.470273 0.540051 0.469362 0.540514
8 0.466549 0.542042 0.468685 0.540745 0.470768 0.539773 0.472646 0.539264 0.472695 0.537597 0.471185 0.537875 0.470143 0.538708 0.469414 0.539634 0.468294 0.539819 0.466445 0.540769 0.465841 0.540917
8 0.460487 0.523245 0.461529 0.523630 0.462518 0.524361 0.463341 0.525046 0.464003 0.526949 0.465484 0.534958 0.466445 0.540769 0.465841 0.540917 0.465339 0.539380 0.463508 0.530611 0.462846 0.528218 0.461211 0.527051 0.460742 0.525838 0.459852 0.525694 0.459552 0.524468 0.459359 0.523157
8 0.439299 0.524250 0.439245 0.526301 0.439026 0.528838 0.438091 0.527227 0.438284 0.524542 0.438422 0.522736
8 0.432820 0.512412 0.433073 0.522806 0.433073 0.527722 0.433232 0.531509 0.434052 0.532824 0.435586 0.535125 0.434823 0.528852 0.434643 0.526144 0.434531 0.524676 0.434349 0.523843 0.434461 0.523088 0.434747 0.522579 0.434146 0.519236 0.433932 0.518681 0.433487 0.516819 0.433872 0.514745 0.433625 0.513769
8 0.434060 0.514560 0.433487 0.516819 0.433932 0.518681 0.434599 0.518681 0.434951 0.517949 0.435234 0.516593
8 0.442385 0.542593 0.444802 0.546352 0.448456 0.552991 0.445682 0.551968 0.443586 0.548940 0.442349 0.547083
8 0.445682 0.551968 0.451341 0.554065 0.451669 0.554898 0.451422 0.556019 0.450570 0.555875 0.446685 0.554403 0.445930 0.553847 0.445591 0.553338 0.445695 0.552412
7 0.576823 0.723194 0.574698 0.727514 0.573510 0.729731 0.568698 0.729398 0.568198 0.732398 0.570698 0.753616 0.571135 0.755949 0.572323 0.759278 0.573073 0.762500 0.575883 0.768056 0.576695 0.767500 0.579695 0.766278 0.579844 0.762745 0.578365 0.736440 0.577203 0.725431
8 0.557297 0.789458 0.563544 0.812005 0.570292 0.831667 0.571604 0.831667 0.561732 0.799565 0.559544 0.793458
8 0.529573 0.825218 0.518299 0.829833 0.517661 0.826051 0.527659 0.822042
6 0.568828 0.636440 0.565417 0.638611 0.564378 0.637421 0.559414 0.626306 0.560885 0.619116 0.563055 0.622514 0.565055 0.626333 0.568927 0.634218 0.568789 0.636042
8 0.533893 0.646569 0.537294 0.656907 0.535865 0.658602 0.532844 0.648940
8 0.535867 0.642000 0.538807 0.650546 0.538099 0.652407 0.534878 0.644394
6 0.523307 0.463194 0.527214 0.490046 0.526479 0.492403 0.524370 0.490380 0.522578 0.486907 0.517997 0.465463 0.516620 0.461264 0.516177 0.461264 0.515734 0.461347 0.515193 0.462310 0.518122 0.475056 0.518805 0.478227 0.512299 0.461051 0.510786 0.454491 0.511333 0.449852 0.510005 0.445819 0.509953 0.443727 0.510547 0.442843 0.514844 0.442546
6 0.526461 0.471255 0.530154 0.480708 0.534682 0.491912 0.536799 0.515917 0.531286 0.500690 0.530596 0.498852 0.529539 0.491986 0.531125 0.488028 0.530250 0.487412 0.529068 0.487801
8 0.584505 0.472222 0.587109 0.473639 0.586419 0.474861 0.584352 0.473551
8 0.588831 0.474861 0.592867 0.478102 0.592622 0.479940 0.588143 0.476440
6 0.537552 0.499306 0.540469 0.506773 0.541484 0.509213 0.549417 0.528505 0.561779 0.558824 0.567336 0.573255 0.567688 0.574819 0.567026 0.579120 0.559815 0.575537 0.558602 0.567042 0.558029 0.567042 0.558823 0.575009 0.557286 0.573926 0.553703 0.563088 0.551190 0.557315 0.547378 0.548296 0.543779 0.536157 0.543036 0.530495 0.541044 0.527153 0.539958 0.524426
8 0.500273 0.486199 0.500688 0.485014 0.501099 0.484671 0.502021 0.485407 0.508763 0.498861 0.517523 0.514741 0.516128 0.517745 0.507852 0.503037 0.501945 0.490181
8 0.516380 0.527333 0.521297 0.532046 0.530117 0.541773 0.535208 0.546856 0.536497 0.549213 0.536635 0.551074 0.529456 0.544194 0.520250 0.533778 0.517531 0.530866
8 0.542057 0.556259 0.546276 0.562704 0.549240 0.568097 0.551083 0.571722 0.553315 0.576000 0.555516 0.580060 0.553562 0.580370 0.550734 0.574968 0.548865 0.570949 0.544359 0.562458 0.542232 0.559046
8 0.541953 0.551861 0.546135 0.557435 0.552167 0.564935 0.552516 0.565926 0.552099 0.567167 0.551156 0.567727 0.548263 0.564315 0.543766 0.558801 0.542057 0.556259
8 0.511180 0.536282 0.516164 0.543102 0.521917 0.551653 0.530310 0.564176 0.533378 0.568139 0.541229 0.579574 0.540854 0.581644 0.538846 0.580736 0.534646 0.575509 0.521297 0.555843 0.509930 0.539833
8 0.495375 0.515694 0.509422 0.533699 0.507836 0.536769 0.495000 0.520421 0.495000 0.517602
8 0.561312 0.586801 0.559625 0.578667 0.558029 0.567042 0.558602 0.567042 0.559815 0.575537 0.560479 0.579125 0.562078 0.586801
8 0.554997 0.584088 0.562461 0.598287 0.562714 0.597231 0.563227 0.594912 0.557047 0.583208 0.556401 0.583852
8 0.564156 0.602306 0.568714 0.612273 0.572464 0.620593 0.581763 0.642454 0.592745 0.665968 0.594367 0.667505 0.594367 0.665486 0.589776 0.654546 0.582161 0.636116 0.573727 0.616394 0.565237 0.598509
6 0.571398 0.593801 0.568083 0.597537 0.568596 0.602014 0.572190 0.611477 0.573727 0.616394 0.589776 0.654546 0.593854 0.663694 0.596750 0.663616 0.598242 0.662287 0.599690 0.659051 0.599438 0.656792 0.599883 0.655644 0.599961 0.653491 0.598711 0.650620 0.591698 0.631917 0.579336 0.602389 0.575841 0.596954 0.573091 0.594398
8 0.566646 0.596824 0.570893 0.593449 0.572763 0.592968 0.574089 0.593394 0.575685 0.595000 0.578849 0.598750 0.594490 0.616060 0.594732 0.617921 0.594125 0.618139 0.593159 0.617634 0.583154 0.605588 0.579336 0.602389 0.575841 0.596954 0.573091 0.594398 0.571398 0.593801 0.568083 0.597537 0.567182 0.598273
8 0.587018 0.477662 0.597104 0.493019 0.594635 0.493167 0.593870 0.493625 0.585232 0.479630
8 0.658883 0.626259 0.665417 0.662269 0.666070 0.661935 0.665977 0.660444 0.660190 0.626509 0.659862 0.625847
8 0.473951 0.320148 0.479258 0.322009 0.480687 0.322181 0.480773 0.326926 0.475810 0.325287
8 0.426628 0.339903 0.425602 0.352347 0.426721 0.353093 0.427187 0.352681 0.428122 0.343968 0.427154 0.344000 0.427245 0.342556 0.428401 0.342144 0.428401 0.341477
8 0.412599 0.341019 0.415284 0.349755 0.415143 0.350560 0.414378 0.350190 0.412216 0.342505
8 0.443391 0.286222 0.449609 0.284907 0.447625 0.289662 0.445083 0.289375
8 0.440482 0.279199 0.447539 0.278319 0.450615 0.277324 0.451130 0.278630 0.451268 0.279685 0.450990 0.280921 0.449318 0.281977 0.441857 0.282412
8 0.438719 0.279694 0.434812 0.279880 0.434594 0.282403 0.435651 0.283167 0.440286 0.282546
8 0.645677 0.690398 0.657893 0.708685 0.658500 0.709046 0.658706 0.707898 0.658216 0.706968 0.655742 0.702718
8 0.634734 0.672958 0.641107 0.679486 0.649909 0.690431 0.657146 0.699356 0.657201 0.700894 0.656336 0.702523 0.655742 0.702718 0.641971 0.685245 0.635005 0.677662
8 0.617435 0.644139 0.622349 0.647023 0.627109 0.649319 0.631547 0.652185 0.634648 0.655847 0.634008 0.658856 0.631344 0.655773 0.627471 0.653120 0.622698 0.650273 0.620430 0.649407 0.615049 0.647454 0.615049 0.646380 0.615667 0.646060
8 0.634648 0.655847 0.633813 0.659625 0.633120 0.661407 0.631771 0.665921 0.630815 0.668181 0.629909 0.667310 0.629107 0.668181 0.630151 0.669542 0.631094 0.669792 0.631617 0.669106 0.632385 0.666606 0.633677 0.663597 0.635312 0.656838 0.635312 0.656343
8 0.633677 0.663597 0.635451 0.667537 0.635492 0.670120 0.635492 0.670551 0.633677 0.670194 0.633354 0.668185 0.632385 0.666606
8 0.407940 0.227940 0.413396 0.228324 0.413177 0.230440 0.407888 0.230338
1 0.472495 0.280639 0.472419 0.282125 0.473044 0.282912 0.472549 0.284116 0.469034 0.285782 0.472315 0.292102 0.474794 0.292468 0.475367 0.294597 0.475628 0.297236 0.475523 0.298069 0.474768 0.297699 0.477961 0.304398 0.477542 0.300250 0.477393 0.297537 0.477836 0.295963 0.477904 0.294495 0.478419 0.290769 0.478518 0.289597 0.479060 0.287134 0.480146 0.285259 0.480326 0.283921 0.480318 0.282653 0.477188 0.280065 0.476279 0.280329 0.474221 0.280514
6 0.468690 0.236023 0.476518 0.237556 0.477406 0.238306 0.477779 0.240875 0.477594 0.242949 0.476659 0.244028 0.472891 0.243935
8 0.528253 0.584630 0.512474 0.587361 0.513594 0.592315 0.529372 0.587907
8 0.523656 0.649324 0.503568 0.686481 0.494214 0.705829 0.492039 0.703597 0.498563 0.689324 0.513703 0.660625 0.521982 0.645310
8 0.668503 0.671296 0.680607 0.694458 0.681169 0.694389 0.681250 0.693310 0.668870 0.670005
8 0.617880 0.620199 0.621008 0.619806 0.620852 0.618255 0.620654 0.611519 0.616961 0.617468
8 0.439667 0.312769 0.441341 0.318903 0.440677 0.320269 0.439805 0.320454 0.439352 0.319153 0.438690 0.316116
8 0.615583 0.615370 0.615781 0.616245 0.616961 0.617468 0.619779 0.625269 0.617044 0.627690 0.614565 0.620630 0.614214 0.620181
8 0.620654 0.611519 0.616961 0.617468 0.615781 0.616245 0.618979 0.611519 0.620013 0.609153 0.620409 0.607755
8 0.623115 0.606005 0.621638 0.609241 0.621344 0.606093 0.622180 0.604255
8 0.620852 0.601977 0.620458 0.607144 0.620654 0.612394 0.620852 0.618255 0.620802 0.621671 0.619997 0.625199 0.620997 0.625870 0.622031 0.621407 0.622328 0.617731 0.622031 0.613093 0.621638 0.609241 0.621443 0.605306 0.621688 0.603116
8 0.622901 0.576134 0.622432 0.580977 0.622560 0.583847 0.624688 0.591412 0.625284 0.596255 0.625198 0.598977 0.624049 0.602306 0.623440 0.602125 0.623115 0.601324 0.623964 0.596861 0.623667 0.591792 0.622151 0.588282 0.621315 0.584097 0.621633 0.577644 0.622135 0.576435
8 0.422385 0.272065 0.422911 0.277227 0.422911 0.278588 0.423641 0.278338 0.424237 0.273384
8 0.418130 0.273421 0.422529 0.272995 0.422771 0.276634 0.419792 0.276741
8 0.416146 0.274009 0.412255 0.274412 0.410448 0.278671 0.418039 0.277278
8 0.428294 0.274917 0.429073 0.278736 0.430711 0.279912 0.431536 0.280745 0.430385 0.275847
8 0.427195 0.264685 0.426674 0.270884 0.424268 0.269704 0.425034 0.264435
8 0.427195 0.264685 0.428901 0.269829 0.429841 0.272556 0.427786 0.271380 0.426773 0.269394
8 0.421516 0.249870 0.426518 0.254819 0.426234 0.258333 0.422039 0.254602 0.421232 0.253384
8 0.428568 0.256898 0.429906 0.258620 0.430672 0.260556 0.431076 0.261704 0.428276 0.261708
8 0.431940 0.248287 0.432255 0.262106 0.433648 0.261796 0.433266 0.249713 0.432786 0.248148
8 0.489659 0.216852 0.487878 0.219537 0.484690 0.228565 0.476753 0.248148 0.480857 0.244116 0.488578 0.224917 0.490469 0.218963 0.490740 0.217713 0.490523 0.216755
1 0.610841 0.579273 0.610745 0.581111 0.610203 0.582250 0.610055 0.584088 0.610596 0.586278 0.612073 0.589167 0.612714 0.591264 0.612763 0.593190 0.612367 0.595028 0.612073 0.596519 0.612172 0.598528 0.612625 0.598662 0.612674 0.596560 0.613461 0.594458 0.613461 0.592009 0.612870 0.589120 0.611542 0.585796 0.611000 0.583431 0.611049 0.582208 0.611536 0.580713
8 0.589820 0.564880 0.588969 0.565708 0.587990 0.565861 0.583070 0.546694 0.580854 0.539690 0.586339 0.553639
8 0.544854 0.821963 0.548177 0.834912 0.548971 0.837060 0.549130 0.838347 0.549427 0.839181 0.550214 0.839667 0.550852 0.839287 0.550979 0.837625 0.548427 0.829528
8 0.553883 0.782574 0.556273 0.800500 0.562643 0.815093 0.562039 0.817500 0.562297 0.818806 0.563656 0.823843 0.565513 0.831847 0.567076 0.831569 0.567383 0.831282 0.563544 0.812005 0.557297 0.789458 0.554479 0.783981
8 0.560458 0.817537 0.562076 0.827829 0.563458 0.836324 0.564148 0.839648 0.565607 0.846852 0.566635 0.851560 0.567813 0.853324 0.568695 0.852935 0.568586 0.850056 0.565721 0.835273 0.565096 0.834301 0.565096 0.832958 0.565513 0.831847 0.563656 0.823843 0.562297 0.818806 0.562039 0.817500 0.561583 0.817981
8 0.564148 0.839648 0.561242 0.846912 0.557945 0.862579 0.557057 0.860829 0.557107 0.858028 0.563458 0.836324
8 0.498906 0.431852 0.502971 0.444954 0.504000 0.445866 0.504466 0.444870 0.504279 0.443375 0.498906 0.428519
8 0.498958 0.433583 0.502133 0.451588 0.501714 0.452500 0.500779 0.451505 0.499424 0.444537 0.498492 0.438148
8 0.498458 0.452769 0.501862 0.453199 0.505130 0.454676 0.508396 0.456519 0.509375 0.460500 0.504844 0.457500 0.500648 0.455023
8 0.498492 0.445532 0.499424 0.452750 0.500266 0.452833 0.500031 0.447773 0.499424 0.444537 0.498492 0.438148
8 0.558414 0.585685 0.561312 0.586801 0.562078 0.586801 0.564586 0.588537 0.564307 0.590023 0.561344 0.588352 0.559565 0.587671
8 0.601482 0.458370 0.598938 0.455431 0.597857 0.454926 0.596714 0.455093 0.589977 0.450347 0.589307 0.451194 0.586258 0.462269 0.584505 0.459907 0.588641 0.447407 0.589404 0.446278 0.590453 0.446051 0.591693 0.447185 0.603724 0.456574
8 0.561112 0.595944 0.559055 0.597102 0.556737 0.599972 0.557193 0.601569 0.560747 0.597935 0.561893 0.597333
8 0.570956 0.592102 0.568898 0.591130 0.567492 0.590991 0.566685 0.591546 0.566023 0.592588 0.564909 0.594343 0.564018 0.594912 0.563227 0.594912 0.563013 0.595833 0.564089 0.596079 0.565018 0.595000 0.566138 0.593676 0.567596 0.592194 0.569185 0.592889 0.570893 0.593449
7 0.590253 0.585505 0.591372 0.592972 0.591589 0.594167 0.594490 0.616060 0.584609 0.604537 0.581576 0.594745 0.580409 0.590185 0.580177 0.588606 0.586693 0.591574 0.587708 0.591769 0.588193 0.590042 0.588031 0.588218 0.588586 0.588329 0.588573 0.587912 0.588612 0.587745 0.588721 0.586329 0.588146 0.585449
7 0.584531 0.607037 0.593159 0.617634 0.594125 0.618139 0.594732 0.617921 0.595411 0.622375 0.598711 0.650620 0.591698 0.631917 0.585276 0.616356
1 0.564156 0.602306 0.561974 0.614222 0.572839 0.642282 0.576198 0.651111 0.584086 0.658944 0.592604 0.667421 0.592745 0.665968 0.581763 0.642454 0.572464 0.620593 0.568714 0.612273
8 0.496391 0.607889 0.499677 0.608856 0.503078 0.609241 0.502214 0.605690 0.499677 0.605495 0.497948 0.604440 0.496167 0.604250
8 0.515008 0.608032 0.515195 0.610602 0.515062 0.611792 0.515008 0.613671 0.513656 0.620394 0.513154 0.622171 0.511995 0.630907 0.511349 0.636787 0.511914 0.639583 0.513208 0.629685 0.514417 0.622088 0.515302 0.617208 0.515523 0.614264 0.516206 0.612069 0.516154 0.610037
8 0.495779 0.635296 0.501911 0.650356 0.500503 0.651023 0.495578 0.639315
8 0.414763 0.228227 0.428669 0.227389 0.436055 0.226250 0.439500 0.225639 0.440312 0.227713 0.427732 0.229259 0.414859 0.230120
