8 0.388104 0.302537 0.385419 0.321231 0.385492 0.322606 0.386375 0.322606 0.387612 0.322662 0.387573 0.321301 0.388701 0.312838 0.390245 0.302824 0.390023 0.301125 0.389471 0.300403
8 0.526781 0.805671 0.547805 0.840819 0.546487 0.843986 0.524805 0.808833
8 0.462680 0.579894 0.469609 0.589894 0.470086 0.591023 0.470531 0.592606 0.471326 0.592551 0.471453 0.592213 0.474979 0.598056 0.473581 0.600088 0.461039 0.582199
8 0.479281 0.594153 0.477792 0.598162 0.474557 0.602019 0.473581 0.600088 0.478302 0.593019
8 0.476266 0.603991 0.483701 0.613995 0.482654 0.616310 0.474453 0.605574 0.472547 0.604106
8 0.444234 0.285361 0.450120 0.284852 0.448490 0.288519 0.445615 0.288046
8 0.429870 0.481755 0.429974 0.482356 0.423490 0.488699 0.423490 0.487819
6 0.543469 0.689778 0.544792 0.692852 0.542107 0.693639 0.542435 0.692208
6 0.531143 0.680755 0.533740 0.691042 0.535143 0.685824 0.534719 0.682796 0.533357 0.682875 0.532677 0.681588 0.532208 0.680375
6 0.535698 0.687792 0.537604 0.694324 0.534458 0.694384 0.534297 0.693250
6 0.523896 0.666181 0.524706 0.670231 0.518698 0.666782 0.517573 0.659444 0.520104 0.662407
6 0.512938 0.654282 0.515586 0.664282 0.518698 0.666782 0.517573 0.659444
8 0.444354 0.308162 0.453068 0.311139 0.459813 0.313412 0.460453 0.315338 0.460453 0.316565 0.459419 0.317875 0.458435 0.318139 0.455602 0.316875 0.449716 0.312384
8 0.470461 0.304495 0.473326 0.306579 0.473378 0.308940 0.470521 0.306620 0.469880 0.304505
8 0.462622 0.294435 0.462466 0.295269 0.462622 0.296657 0.465409 0.300963 0.465253 0.298278 0.463404 0.294481 0.463091 0.294204
8 0.460068 0.289731 0.462125 0.289852 0.463102 0.292394 0.460557 0.291218
8 0.474297 0.605509 0.476836 0.610491 0.477297 0.612120 0.478133 0.614287 0.478133 0.615653 0.478651 0.617000 0.479750 0.616662 0.480190 0.615241 0.480052 0.614074 0.478818 0.611338
1 0.498807 0.584852 0.495117 0.585199 0.492557 0.586162 0.490734 0.588699 0.488964 0.592903 0.487289 0.598329 0.486451 0.598241 0.486599 0.596667 0.490734 0.586338 0.493049 0.584236 0.495167 0.583977 0.497331 0.584148
8 0.619633 0.582667 0.620333 0.591213 0.622656 0.610606 0.622763 0.614157 0.622224 0.613963 0.621143 0.602444 0.620547 0.598148 0.619732 0.590380 0.618659 0.585069 0.618594 0.583148
1 0.570906 0.469944 0.571716 0.494111 0.577026 0.500329 0.591698 0.518625 0.597518 0.522481 0.592396 0.512176 0.587500 0.502176 0.583234 0.490097 0.578854 0.475880 0.577328 0.474741
8 0.545690 0.478389 0.548164 0.494236 0.549659 0.494403 0.549797 0.493074 0.547370 0.478306 0.546857 0.477810
8 0.542750 0.480046 0.546578 0.491912 0.545924 0.492412 0.544151 0.490917 0.541771 0.482287 0.542003 0.481458
8 0.536451 0.480796 0.539109 0.488347 0.541164 0.491912 0.544477 0.494569 0.545271 0.493986 0.545924 0.492412 0.544151 0.490917 0.541536 0.488843 0.539904 0.484444 0.538503 0.480630 0.537570 0.478806
8 0.531049 0.524125 0.534479 0.523912 0.535609 0.526852 0.534964 0.527926 0.531414 0.528069
8 0.538432 0.523051 0.537706 0.524056 0.535286 0.524056 0.536906 0.527843 0.539602 0.526778 0.543555 0.526278 0.539117 0.527236 0.544648 0.525954 0.544990 0.527389 0.545935 0.525704 0.545411 0.523625 0.544078 0.522546 0.540328 0.522977
1 0.554841 0.485509 0.553187 0.486583 0.551815 0.488523 0.549516 0.491176 0.549797 0.493074 0.549659 0.494403 0.548164 0.494236 0.547539 0.491532 0.546578 0.491912 0.544477 0.494569 0.542398 0.493060 0.540182 0.495648 0.536133 0.497856 0.534135 0.499106 0.531813 0.499199 0.529490 0.499301 0.529969 0.507315 0.530479 0.513394 0.535286 0.524056 0.538141 0.523782 0.538432 0.523051 0.540328 0.522977 0.544078 0.522546 0.545411 0.523625 0.545935 0.525704 0.550315 0.518574 0.558638 0.502745 0.563698 0.499491 0.574190 0.521213 0.586674 0.521042 0.588990 0.521199 0.590078 0.519514 0.574516 0.499519 0.571375 0.495755 0.570534 0.496417 0.568995 0.496005 0.568807 0.495176 0.569185 0.493995 0.560552 0.484241 0.559607 0.485458 0.557898 0.485657 0.556474 0.485963 0.555734 0.486773 0.555563 0.487986 0.554823 0.491736 0.553682 0.492546 0.553682 0.491736 0.554479 0.489606 0.554536 0.486366
1 0.446984 0.506505 0.459508 0.459329 0.459688 0.446722 0.459807 0.446148 0.460169 0.446005 0.460776 0.445931 0.460654 0.455398 0.469529 0.425134 0.468305 0.421833 0.466628 0.417065 0.465943 0.410292 0.466253 0.403069 0.464180 0.376306 0.464635 0.374074 0.465547 0.374176 0.466799 0.386731 0.469120 0.380005 0.468234 0.378713 0.468719 0.376130 0.469646 0.367792 0.463870 0.369806 0.458469 0.371630 0.451396 0.372782 0.453161 0.376102 0.454344 0.379519 0.454984 0.383894 0.454935 0.388620 0.454294 0.392560 0.453161 0.395708 0.458497 0.407458 0.463714 0.409972 0.464307 0.413236 0.460469 0.411620 0.463388 0.419190 0.466034 0.426102 0.466359 0.428500 0.463820 0.427639 0.463391 0.427528 0.462026 0.428394 0.450529 0.417921 0.449271 0.416574 0.449320 0.414338 0.452844 0.417074 0.453589 0.415333 0.457229 0.418648 0.462596 0.424542 0.458529 0.413333 0.456909 0.410454 0.448862 0.406806 0.447729 0.405269 0.447188 0.402968 0.447458 0.402005 0.455471 0.406500 0.451451 0.398472 0.450133 0.399292 0.448227 0.399880 0.445724 0.399292 0.443880 0.397639 0.441562 0.392963 0.440911 0.387810 0.440792 0.384995 0.433651 0.393222 0.424250 0.403023 0.423068 0.401361 0.440885 0.380787 0.441440 0.377852 0.439253 0.372833 0.426945 0.372079 0.428966 0.383593 0.427219 0.383917 0.424596 0.371755 0.420776 0.371139 0.420206 0.374176 0.420091 0.376912 0.420977 0.378782 0.422083 0.380144 0.416552 0.396787 0.412458 0.408134 0.414112 0.406778 0.415701 0.404745 0.417323 0.400338 0.419198 0.392764 0.419930 0.392935 0.419070 0.396380 0.417609 0.402088 0.415893 0.405875 0.414557 0.407852 0.412841 0.409435 0.413753 0.410694 0.422440 0.408472 0.422786 0.410231 0.417695 0.411935 0.413880 0.412727 0.419385 0.430287 0.418576 0.431139 0.413237 0.415560 0.411331 0.421602 0.410633 0.422111 0.410346 0.421546 0.410409 0.420588 0.412708 0.413843 0.412266 0.412500 0.411104 0.412657 0.404096 0.432000 0.402729 0.431694 0.402161 0.430380 0.402331 0.428250 0.414635 0.395542 0.415018 0.394366 0.417786 0.385972 0.410865 0.382176 0.406591 0.378634 0.403630 0.377014 0.400953 0.379745 0.398698 0.383171 0.397422 0.393111 0.399044 0.395356 0.398865 0.396856 0.398081 0.397870 0.396906 0.397176 0.396302 0.396620 0.394857 0.410023 0.397430 0.414981 0.401117 0.420236 0.401719 0.421255 0.401974 0.423060 0.401815 0.424134 0.399844 0.423685 0.399049 0.421764 0.397271 0.418542 0.393805 0.414306 0.392354 0.422495 0.390609 0.434977 0.399042 0.455310 0.405891 0.437028 0.407466 0.432301 0.408599 0.431338 0.411701 0.432824 0.418888 0.440880 0.420849 0.431269 0.422227 0.425759 0.423362 0.419889 0.425229 0.420069 0.424888 0.423199 0.423526 0.430986 0.422802 0.429782 0.422039 0.429699 0.422039 0.430532 0.422388 0.431875 0.422672 0.434106 0.420984 0.443449 0.423003 0.445463 0.423594 0.447301 0.422953 0.450014 0.420073 0.458870 0.423753 0.464764 0.424315 0.455167 0.423490 0.451069 0.423854 0.449681 0.424383 0.452162 0.425497 0.441815 0.426536 0.430667 0.427268 0.426759 0.428016 0.427014 0.427263 0.433870 0.426208 0.442653 0.424977 0.454333 0.426237 0.452278 0.427044 0.451537 0.427826 0.451676 0.431836 0.454639 0.431779 0.447398 0.432443 0.446227 0.431451 0.437667 0.431049 0.430417 0.430977 0.422310 0.431682 0.422463 0.431828 0.431287 0.432529 0.439394 0.433898 0.450148 0.435094 0.458542 0.437294 0.468574 0.437276 0.464708 0.438159 0.464773 0.438464 0.480324 0.439578 0.481769 0.439703 0.482954 0.439354 0.484144 0.440604 0.485431 0.441406 0.484750 0.442250 0.487190 0.446635 0.490579 0.446635 0.491935 0.445906 0.492949 0.442948 0.490125 0.444195 0.494481
8 0.484453 0.424009 0.484602 0.434532 0.482401 0.432009 0.482573 0.423199
8 0.483542 0.392111 0.491492 0.396009 0.491875 0.398509 0.491919 0.401236 0.482344 0.396991
8 0.414292 0.366468 0.409370 0.366144 0.404786 0.366190 0.402391 0.366606 0.401609 0.370079 0.406453 0.369477 0.409891 0.369199 0.413391 0.367190
8 0.403255 0.362037 0.402706 0.364431 0.402391 0.366606 0.401609 0.370079 0.401169 0.371884 0.399060 0.371884 0.399529 0.369755 0.401508 0.365542
8 0.382922 0.357694 0.381464 0.364833 0.379690 0.364218 0.380911 0.357870
8 0.382479 0.344394 0.381073 0.355667 0.383372 0.355741 0.384521 0.344926
8 0.383755 0.357556 0.382479 0.365194 0.383073 0.365273 0.384990 0.360884 0.385328 0.357708
8 0.400365 0.374931 0.399453 0.380162 0.396953 0.384653 0.396875 0.385810 0.397161 0.385625 0.398698 0.383171 0.397141 0.393657 0.395062 0.391731 0.396568 0.384338 0.397534 0.377856 0.398255 0.374694
8 0.431836 0.454639 0.427826 0.451676 0.427044 0.451537 0.426237 0.452278 0.424977 0.454333 0.425430 0.456352 0.426576 0.454454 0.428685 0.455194 0.430612 0.458528 0.432227 0.458759
8 0.436161 0.467514 0.430646 0.464620 0.430435 0.465477 0.430737 0.466282 0.436401 0.469176
8 0.432375 0.447227 0.432792 0.453245 0.433000 0.458894 0.433365 0.466102 0.432578 0.465648 0.432227 0.458759 0.431836 0.454639 0.431779 0.447398
8 0.433721 0.467838 0.434112 0.475153 0.433096 0.473810 0.432810 0.467329
8 0.435932 0.479880 0.429622 0.485454 0.423453 0.491778 0.423487 0.489296 0.434677 0.478454
8 0.422865 0.492218 0.417344 0.498977 0.416615 0.497495 0.422708 0.490458
8 0.422734 0.488375 0.413802 0.498838 0.414115 0.499718 0.422656 0.489347
8 0.427987 0.472588 0.429870 0.481755 0.429974 0.482356 0.429966 0.482912 0.430878 0.482079 0.429211 0.474764 0.428820 0.472403
8 0.395630 0.284097 0.393654 0.293204 0.391435 0.311111 0.389227 0.322662 0.388135 0.322806 0.387612 0.322662 0.387573 0.321301 0.388701 0.312838 0.392258 0.287986 0.393474 0.282505
8 0.431120 0.484028 0.432893 0.491259 0.435576 0.503097 0.437398 0.510856 0.436885 0.511231 0.436344 0.510639 0.434779 0.503194 0.432042 0.491884 0.430294 0.484870
8 0.426667 0.488472 0.425854 0.498963 0.425260 0.504912 0.423622 0.508069 0.423622 0.504167 0.424250 0.494870 0.424424 0.490903
1 0.428151 0.501898 0.426445 0.503884 0.425299 0.505968 0.424310 0.508745 0.423997 0.511060 0.423633 0.512125 0.423622 0.508069 0.425260 0.504912 0.426784 0.502264 0.428086 0.500829
8 0.416865 0.499986 0.415120 0.502023 0.414443 0.500125 0.415979 0.498319
8 0.416750 0.500255 0.418911 0.505116 0.422766 0.514329 0.422781 0.516875 0.422656 0.519176 0.419036 0.509722 0.415547 0.501398
8 0.470039 0.618352 0.472464 0.637412 0.473656 0.637639 0.474039 0.637111 0.474341 0.635509 0.473529 0.630509 0.472891 0.624324
8 0.383906 0.273292 0.386799 0.273375 0.388805 0.276611 0.393474 0.282505 0.395630 0.284097 0.398005 0.285722 0.399083 0.286778 0.399083 0.282620 0.397828 0.281574 0.392180 0.275250 0.388339 0.271009 0.387049 0.270579 0.383018 0.270514
8 0.383102 0.250644 0.386664 0.261204 0.389581 0.268213 0.394820 0.278292 0.397828 0.281574 0.395721 0.276282 0.389549 0.262412 0.385417 0.250366
8 0.398076 0.256449 0.399380 0.262671 0.400128 0.269144 0.399987 0.274287 0.399083 0.282620 0.399083 0.286778 0.399060 0.289722 0.400052 0.284616 0.401781 0.269500 0.401695 0.265495 0.399891 0.257208 0.399604 0.256398
8 0.390682 0.289741 0.385398 0.300065 0.379630 0.311829 0.379630 0.313264 0.380195 0.313977 0.381445 0.314551 0.381768 0.314264 0.386971 0.302722 0.391247 0.293468 0.390802 0.290889
8 0.390016 0.345903 0.388333 0.338796 0.387771 0.336949 0.385971 0.327231 0.384263 0.319977 0.382940 0.320722 0.388766 0.349259
8 0.400326 0.356056 0.396289 0.358144 0.392732 0.359162 0.388003 0.358412 0.382922 0.357694 0.378104 0.357944 0.372880 0.359273 0.369846 0.360519 0.364479 0.364167 0.365971 0.361264 0.369753 0.358444 0.373904 0.356620 0.379367 0.355792 0.386466 0.356190 0.388966 0.357079 0.392154 0.357444 0.395552 0.357148 0.398323 0.355977 0.399870 0.355148
8 0.388698 0.358727 0.384664 0.367690 0.382888 0.372134 0.380185 0.371634 0.386076 0.358222 0.388003 0.358412
8 0.381880 0.374287 0.379219 0.379449 0.377081 0.377588 0.379299 0.373931
8 0.378195 0.381111 0.372677 0.394106 0.365661 0.409519 0.360008 0.420338 0.358516 0.422079 0.358422 0.422991 0.358375 0.424486 0.357396 0.425815 0.356461 0.424981 0.356461 0.422079 0.363370 0.407477 0.376016 0.379588
8 0.388875 0.390343 0.384357 0.397370 0.376654 0.407556 0.362349 0.423500 0.360154 0.425495 0.359081 0.425329 0.358375 0.424486 0.358422 0.422991 0.358516 0.422079 0.360008 0.420338 0.364927 0.415620 0.376328 0.403009 0.386607 0.388556
8 0.397375 0.374495 0.389870 0.388056 0.388031 0.386213 0.394307 0.374685
8 0.392299 0.374583 0.390219 0.379778 0.388805 0.384491 0.388031 0.386213 0.386513 0.385241 0.390099 0.374528
8 0.397839 0.357407 0.392974 0.371699 0.390833 0.371898 0.395216 0.358556 0.396289 0.358144
8 0.384992 0.366926 0.387568 0.367449 0.391979 0.368472 0.391172 0.371111 0.383880 0.369676
8 0.518435 0.539403 0.520911 0.551343 0.522917 0.552685 0.521073 0.545222 0.519833 0.540532 0.519516 0.539065
2 0.533526 0.799394 0.533573 0.800602 0.534534 0.807736 0.535859 0.814056 0.536312 0.816907 0.536732 0.817898 0.537534 0.817343 0.538052 0.815972 0.538680 0.810199 0.539534 0.807264 0.540216 0.807162 0.541583 0.808176 0.542203 0.807241
2 0.547799 0.796653 0.545378 0.804685 0.536526 0.798773 0.532982 0.794954 0.537875 0.788620 0.537836 0.791347 0.538763 0.791778 0.543482 0.790130
10 0.588536 0.845370 0.609872 0.863699 0.611927 0.859722 0.614161 0.841194 0.614365 0.835750 0.613047 0.832870 0.598336 0.819417 0.594661 0.825403 0.593336 0.834296 0.591599 0.839741 0.589456 0.842644
2 0.629271 0.799630 0.622193 0.816208 0.621323 0.820963 0.621685 0.823537 0.623638 0.825204 0.626167 0.825333 0.628698 0.821093 0.630794 0.806699 0.630432 0.802713 0.629565 0.800787
5 0.620490 0.602745 0.614701 0.615134 0.605841 0.630046 0.600646 0.636343 0.595211 0.646421 0.585055 0.661120 0.580565 0.664273 0.575724 0.661750 0.570763 0.656500 0.566273 0.651250 0.562495 0.640333 0.560250 0.634245 0.558555 0.631343 0.556445 0.627356 0.554008 0.620681 0.552622 0.617398 0.550836 0.614315 0.550542 0.613162 0.551940 0.612537 0.551052 0.609634 0.550443 0.609245 0.550201 0.606620 0.550310 0.603532 0.550219 0.601019 0.551857 0.588523 0.552099 0.586977 0.552758 0.579954 0.552813 0.578222 0.552229 0.576120 0.553294 0.572889 0.553906 0.567597 0.553906 0.565231 0.555464 0.560912 0.555010 0.555755 0.556771 0.549352 0.560951 0.544310 0.564378 0.541472 0.569651 0.537620 0.573745 0.535986 0.576174 0.533009 0.581417 0.531352 0.588810 0.529861 0.593310 0.531898 0.596133 0.536644 0.601141 0.553694 0.612893 0.577255 0.617677 0.586009 0.619732 0.590380 0.620547 0.598148
2 0.535648 0.826199 0.537844 0.847870 0.542898 0.850102 0.542549 0.852023 0.542063 0.851963 0.538260 0.851218 0.539659 0.866495 0.546487 0.843986
2 0.429091 0.201657 0.429560 0.204319 0.430299 0.205894 0.432430 0.206495 0.431357 0.205338 0.437797 0.193963 0.443312 0.184218 0.442302 0.178889 0.442406 0.177218 0.443174 0.176347 0.448299 0.175356 0.448367 0.172722 0.446169 0.170250 0.446250 0.171468 0.437260 0.180782 0.435174 0.187435 0.431047 0.200523 0.430409 0.201431
9 0.561971 0.692903 0.565589 0.697745 0.565630 0.699861 0.565302 0.700866 0.564279 0.703903 0.562951 0.700769 0.560482 0.697213 0.558906 0.695778 0.558583 0.693907
2 0.431958 0.486778 0.435341 0.486583 0.435781 0.488412 0.436555 0.499986 0.436151 0.500181 0.434789 0.499792
9 0.493354 0.582894 0.493849 0.581042 0.493563 0.579329 0.493591 0.578319 0.490984 0.576458 0.490073 0.577199 0.488927 0.578542 0.488932 0.579306 0.490383 0.579426 0.491107 0.579954 0.491531 0.580560 0.491190 0.581014
2 0.446453 0.227875 0.446872 0.230852 0.447641 0.232773 0.448477 0.233019 0.453078 0.233083 0.454578 0.234074 0.459945 0.233949 0.460294 0.233764 0.459552 0.233556 0.459508 0.231588 0.460232 0.229167 0.458883 0.228792
2 0.466701 0.224403 0.486555 0.221546 0.485154 0.224699 0.468570 0.226750 0.466701 0.226597 0.465977 0.225764
2 0.411552 0.344194 0.418497 0.350421 0.420729 0.351667 0.421352 0.354722 0.422432 0.355940 0.423742 0.354824 0.424086 0.353509 0.427917 0.357194 0.418201 0.358005 0.409583 0.349861 0.409958 0.348657
2 0.403773 0.336125 0.409385 0.340588 0.406875 0.348380 0.401904 0.343824
9 0.486982 0.628389 0.497292 0.631611 0.501727 0.631944 0.504289 0.631944 0.504977 0.634389 0.504539 0.636495 0.503542 0.637361 0.503414 0.639051 0.502789 0.642051 0.501289 0.643051 0.501164 0.650602 0.501227 0.657713 0.500852 0.663597 0.498445 0.677694 0.495555 0.685403 0.494104 0.690023 0.493599 0.693625 0.483409 0.691704 0.473130 0.664056 0.473630 0.658699 0.473716 0.655870 0.475247 0.657250 0.480266 0.665273 0.489576 0.686157 0.490698 0.688120 0.491182 0.688213 0.491182 0.686681 0.489023 0.680634 0.481766 0.665144 0.477810 0.657903 0.473680 0.651736 0.473365 0.650079 0.473643 0.644190 0.473318 0.641287 0.474341 0.635509 0.473529 0.630509 0.473448 0.626824 0.474260 0.624935 0.476823 0.625491 0.481445 0.626380 0.484701 0.628153 0.486914 0.654644 0.487128 0.658005 0.487724 0.658866 0.488753 0.658778 0.489237 0.655315
2 0.421172 0.361343 0.425359 0.364204 0.426932 0.360403
2 0.426854 0.366583 0.429333 0.369162 0.436310 0.369389 0.433716 0.365907
2 0.429352 0.360190 0.432523 0.363639 0.427820 0.364204
2 0.393745 0.341296 0.393047 0.357185 0.395552 0.357148 0.395695 0.346528 0.395745 0.344810 0.395586 0.340176 0.395914 0.336329 0.394716 0.337972
2 0.373586 0.332292 0.376690 0.334412 0.379414 0.337208 0.381500 0.339477 0.383023 0.340324 0.385042 0.340852 0.385542 0.342431 0.387542 0.343259 0.387924 0.345454 0.386604 0.345528 0.384521 0.344926 0.382479 0.344394 0.378771 0.344093 0.376857 0.343032 0.374521 0.342125 0.372839 0.340546 0.371703 0.340546 0.371703 0.338977 0.372641 0.338801 0.372602 0.335037 0.372466 0.333528
2 0.377789 0.328565 0.380427 0.329472 0.384427 0.328792 0.382940 0.320722 0.384263 0.319977 0.385971 0.327231 0.386685 0.326602 0.387354 0.325528 0.387227 0.322699 0.386375 0.322606 0.385492 0.322606 0.385419 0.321231 0.386461 0.314167 0.386112 0.311968 0.385508 0.311347 0.384940 0.312912 0.381979 0.320606 0.380919 0.323634
2 0.381344 0.308574 0.380680 0.306315 0.380008 0.304676 0.379503 0.303319 0.378995 0.302583 0.378229 0.303514 0.371536 0.314630 0.372404 0.329458 0.376818 0.325056 0.381044 0.315949 0.381768 0.314264 0.381445 0.314551 0.380195 0.313977 0.379630 0.313264 0.379630 0.311829
2 0.458099 0.560787 0.457786 0.567315 0.462427 0.575046 0.463203 0.573981 0.464185 0.574699 0.464016 0.573056 0.464047 0.572153 0.464586 0.572097 0.464956 0.572403 0.464404 0.569069
2 0.369583 0.247778 0.369034 0.242519 0.370727 0.236926 0.371857 0.236208 0.374518 0.237069 0.375688 0.239079 0.375810 0.242231 0.376091 0.244241 0.377964 0.243106 0.382885 0.242106 0.381094 0.237069 0.379279 0.233125 0.377664 0.230759 0.374357 0.228894 0.372341 0.228824 0.370849 0.229398 0.368781 0.231417 0.367156 0.235005 0.366208 0.237356 0.365885 0.240583 0.365846 0.242519 0.366453 0.247870
2 0.359016 0.242972 0.359432 0.244495 0.360880 0.250921 0.362625 0.257958 0.363052 0.261069 0.357682 0.266528 0.358159 0.263602 0.359078 0.261625 0.358984 0.259477 0.357935 0.259648 0.357521 0.260440 0.356378 0.264847 0.356500 0.267574 0.353393 0.261551 0.353232 0.259227 0.352589 0.259014 0.352547 0.257366 0.353516 0.257292 0.353635 0.255356 0.351740 0.254639 0.352224 0.249403 0.354039 0.249833 0.354523 0.245458 0.353766 0.245194 0.358919 0.243940 0.357969 0.241250
2 0.425747 0.186630 0.420440 0.189847 0.418979 0.191037 0.418693 0.194370 0.416784 0.193407 0.414927 0.192847 0.415055 0.190801 0.414466 0.190190 0.415102 0.188208 0.417516 0.185894 0.419583 0.185556 0.420727 0.185782 0.423174 0.185157 0.424318 0.185157
9 0.438216 0.168699 0.435833 0.171500 0.434602 0.170514 0.434005 0.168171 0.436430 0.165222 0.437281 0.164995 0.438047 0.165977
9 0.489018 0.597940 0.487901 0.599116 0.487065 0.601657 0.486333 0.603394 0.485148 0.603116 0.483714 0.605602 0.482867 0.605144 0.482794 0.605407 0.482359 0.607856 0.482359 0.608602 0.484674 0.611750 0.485232 0.610602 0.486740 0.607495 0.487521 0.608509 0.489141 0.605838 0.490370 0.601986 0.488823 0.602606 0.488661 0.601245 0.490797 0.600852 0.490727 0.599611 0.490169 0.598620
2 0.406781 0.207435 0.394573 0.207870 0.392898 0.209361 0.391372 0.212162 0.387878 0.219338 0.385810 0.222574 0.380690 0.228699 0.379607 0.225111 0.381188 0.225097 0.382565 0.222644 0.384727 0.220472 0.385958 0.218199 0.383102 0.219250 0.381576 0.218375 0.381969 0.216185 0.384086 0.215486 0.387878 0.215134 0.392555 0.205597 0.393195 0.203583 0.394375 0.203144 0.406781 0.202972
2 0.497805 0.513741 0.492979 0.519690 0.491797 0.517505 0.488695 0.512426 0.485940 0.507264 0.483724 0.504986 0.482099 0.503236 0.480865 0.498125 0.480172 0.495875 0.478945 0.495440 0.483661 0.491667 0.485339 0.494819 0.488328 0.496648 0.490424 0.499718 0.492339 0.501130 0.492714 0.501370
2 0.480112 0.366903 0.480253 0.370718 0.480727 0.373917 0.480185 0.372963 0.479372 0.372190 0.477404 0.369699 0.476172 0.368667 0.476380 0.367231
2 0.480727 0.373917 0.480969 0.378542 0.480807 0.386356 0.477034 0.398782 0.476005 0.403593 0.476581 0.393894 0.477206 0.376676 0.478870 0.375352 0.480247 0.375176
2 0.402839 0.277917 0.406794 0.272852 0.409049 0.268843 0.409708 0.267546 0.409688 0.265819 0.408836 0.264000 0.407654 0.263069 0.406539 0.262792 0.405094 0.264000 0.405008 0.265287 0.406284 0.265287 0.407604 0.265213 0.407135 0.267329 0.404753 0.270657 0.403221 0.273079
2 0.363122 0.252102 0.367831 0.257074 0.373826 0.262824 0.376031 0.265505 0.376805 0.265440 0.376914 0.264852 0.376435 0.261583 0.371951 0.255829 0.371141 0.257532 0.370661 0.257074 0.371250 0.255505 0.367904 0.252171 0.364435 0.250120 0.363789 0.249190 0.362609 0.249227
2 0.370198 0.238593 0.374924 0.240778 0.375810 0.242231 0.376091 0.244241 0.377964 0.243106 0.377865 0.244245 0.377964 0.245208 0.377422 0.245389 0.373953 0.246394 0.369719 0.247755 0.369034 0.242519
2 0.376479 0.258148 0.373797 0.258222 0.371951 0.255829 0.371141 0.257532 0.370661 0.257074 0.371250 0.255505 0.367904 0.252171 0.366990 0.250130 0.369714 0.249676 0.374479 0.248398 0.378471 0.246968 0.378352 0.245963 0.377964 0.245208 0.378948 0.245560 0.383755 0.244986 0.385417 0.250366 0.383102 0.250644 0.384094 0.253685 0.382945 0.255500 0.381797 0.256106 0.381073 0.253306 0.380307 0.253458 0.380052 0.255801 0.380052 0.257088 0.379456 0.257921 0.377714 0.257921 0.377474 0.254708 0.377753 0.250144 0.376586 0.250394 0.376354 0.255787
2 0.506810 0.466366 0.506930 0.472481 0.507008 0.475630 0.506669 0.478398 0.505456 0.480722 0.502935 0.482380 0.501685 0.483731 0.500326 0.484977 0.495188 0.489102 0.488328 0.496648 0.490424 0.499718 0.492339 0.501130 0.493643 0.498028 0.497828 0.493995 0.501591 0.489597 0.506370 0.485634 0.508042 0.483898 0.508810 0.481542 0.509687 0.476569 0.510133 0.474310 0.511190 0.463630 0.511286 0.457028 0.508786 0.462454 0.508089 0.463236 0.508065 0.464856 0.507359 0.466111
1 0.483464 0.353519 0.487203 0.352269 0.492333 0.352940 0.494492 0.354380 0.497031 0.353421 0.498596 0.353134 0.500378 0.355343 0.501513 0.357259 0.501474 0.354699 0.499888 0.352375 0.498628 0.350963 0.496997 0.350625 0.493914 0.351963 0.492424 0.352125 0.491534 0.351625 0.487198 0.350551 0.485000 0.350963 0.483880 0.351625 0.483276 0.352037
2 0.507021 0.387755 0.508773 0.391176 0.509411 0.395551 0.510201 0.402204 0.510349 0.407630 0.510016 0.416213 0.509846 0.408009 0.509047 0.403556 0.507156 0.395139 0.506365 0.391037
2 0.480247 0.375176 0.478870 0.375352 0.477206 0.376676 0.475469 0.378644 0.474391 0.381130 0.473109 0.382352 0.473307 0.386292 0.473750 0.391542 0.473505 0.397144 0.472307 0.407181 0.470732 0.412958 0.469896 0.417333 0.469945 0.420574 0.471206 0.421333 0.471992 0.423523 0.473049 0.425083 0.473560 0.426398 0.474701 0.426296 0.476685 0.425116 0.478792 0.427139 0.481352 0.430681 0.484602 0.434532 0.486195 0.436153 0.488320 0.441699 0.492164 0.443958 0.494859 0.446431 0.498789 0.451389 0.501807 0.453009 0.504484 0.454125 0.506878 0.455440 0.507617 0.455338 0.508055 0.455741 0.507526 0.463940 0.505352 0.462181 0.500604 0.461481 0.498302 0.460546 0.496919 0.458671 0.496143 0.456171 0.495555 0.455125 0.495333 0.456301 0.494930 0.457741 0.492063 0.459699 0.490185 0.460421 0.489708 0.459176 0.488753 0.456889 0.487612 0.456431 0.488237 0.455319 0.488201 0.453815 0.487464 0.454014 0.486953 0.454218 0.485128 0.451153 0.484112 0.451940 0.483591 0.450917 0.483344 0.448523 0.483344 0.444736 0.481344 0.443894 0.477010 0.439190 0.476161 0.436037 0.474740 0.430931 0.474036 0.429222 0.472247 0.428722 0.471479 0.426509 0.469529 0.425134 0.468305 0.421833 0.466628 0.417065 0.465943 0.410292 0.466253 0.403069 0.468878 0.392190 0.470565 0.384306 0.472378 0.379745 0.474081 0.374194 0.476172 0.368667 0.477404 0.369699 0.479372 0.372190 0.480185 0.372963 0.480727 0.373917
2 0.369263 0.214593 0.366836 0.218755 0.365943 0.222079 0.373688 0.224954 0.374964 0.221625 0.374708 0.220264 0.372622 0.218375 0.371729 0.216634
2 0.580477 0.408347 0.570292 0.430120 0.569292 0.426120 0.578977 0.405241 0.580164 0.405241 0.580539 0.406352
2 0.512414 0.420407 0.513266 0.421014 0.513818 0.421995 0.514628 0.421394 0.515185 0.426912 0.514464 0.429477 0.514133 0.432403 0.511904 0.439926 0.510201 0.442421 0.510031 0.440153 0.509669 0.439037 0.509896 0.434481 0.509776 0.431755
2 0.527536 0.384079 0.526911 0.387625 0.526919 0.391162 0.527117 0.398310 0.527081 0.403120 0.527708 0.405144 0.527026 0.406968 0.526740 0.408991 0.527708 0.408384 0.528849 0.408181 0.529076 0.411319 0.529479 0.412546 0.532055 0.412810 0.531464 0.401870 0.530956 0.396940 0.530956 0.391574 0.530443 0.387319 0.529987 0.384991 0.529190 0.383472 0.528221 0.383370
2 0.563536 0.424361 0.567622 0.431366 0.568802 0.435894 0.569937 0.441690 0.569591 0.443181 0.566982 0.445981 0.565372 0.442528 0.561701 0.428130
2 0.561320 0.418500 0.559253 0.415088 0.558318 0.414125 0.557185 0.415787 0.550786 0.432153 0.545766 0.439505 0.544732 0.442218 0.544430 0.444319 0.546453 0.444056 0.548177 0.445366
2 0.552953 0.446491 0.556151 0.447801 0.558615 0.449727 0.559161 0.453375 0.560427 0.460579 0.550229 0.452491
2 0.365094 0.224727 0.364326 0.227074 0.363008 0.228963 0.368781 0.231417 0.370849 0.229398 0.372341 0.228824 0.373177 0.228736 0.373263 0.227454
2 0.464807 0.457759 0.462016 0.461708 0.461445 0.464745 0.462242 0.466366 0.462927 0.469708 0.463552 0.472343 0.464635 0.476495 0.465401 0.470301 0.466521 0.463856 0.466930 0.461954 0.466146 0.459676 0.465552 0.458449
2 0.467573 0.475083 0.470279 0.480597 0.471117 0.478472 0.472544 0.473681 0.469687 0.468866 0.468654 0.466940 0.468430 0.468755
2 0.474721 0.477560 0.476854 0.480306 0.474172 0.487500 0.472628 0.485343 0.474029 0.480500
2 0.478698 0.483718 0.479771 0.484907 0.481740 0.488667 0.482044 0.489319 0.481159 0.490102 0.477172 0.492907 0.476039 0.490898
2 0.450914 0.423685 0.452167 0.426519 0.452680 0.428444 0.454104 0.429560 0.455870 0.432190 0.455982 0.433810 0.455927 0.435532 0.455471 0.437051 0.454560 0.437963 0.453477 0.438269 0.452224 0.438269 0.450914 0.436949 0.448862 0.436444 0.447552 0.435431 0.446073 0.430671 0.446357 0.428847 0.446813 0.427532 0.447039 0.426014 0.447552 0.424597 0.448406 0.423787 0.449318 0.423685 0.449604 0.423481
2 0.462232 0.226671 0.462656 0.223116 0.463635 0.221981 0.466487 0.222968 0.466701 0.224403 0.465977 0.225764 0.466701 0.226597 0.468570 0.226750 0.468315 0.230454 0.467891 0.233481 0.465594 0.229306 0.464703 0.227653 0.463617 0.227005
2 0.460232 0.229167 0.459508 0.231588 0.459552 0.233556 0.464870 0.233481 0.464870 0.235824 0.466701 0.235903 0.464909 0.231736 0.463945 0.229917 0.462286 0.229218
9 0.543943 0.701889 0.542279 0.703356 0.541531 0.704769 0.541484 0.706593 0.540552 0.707255 0.540318 0.704852 0.541018 0.701861 0.542943 0.698611
9 0.490370 0.601986 0.489141 0.605838 0.487521 0.608509 0.486198 0.610986 0.488107 0.613454 0.491208 0.607940 0.492362 0.604310 0.492211 0.602875 0.492211 0.601889 0.491646 0.602032
2 0.346289 0.279593 0.351039 0.274593 0.352505 0.273602 0.353159 0.275921 0.355474 0.280704 0.356974 0.286588 0.357224 0.293255 0.356036 0.297583 0.354286 0.298472 0.351727 0.299472 0.347227 0.305250 0.344229 0.307472 0.338417 0.291032 0.338854 0.286921 0.340943 0.287361 0.340979 0.284810 0.342917 0.282366 0.342435 0.291653 0.344060 0.292875 0.345622 0.292653 0.348182 0.291431 0.348307 0.287875 0.347432 0.286880 0.346057 0.285324
2 0.454026 0.222995 0.455753 0.222324 0.456617 0.220116 0.458182 0.215699 0.456940 0.213301 0.455857 0.211741 0.455086 0.210301 0.455010 0.208931 0.454510 0.203986 0.454117 0.202463 0.453823 0.202069 0.452904 0.201616 0.448797 0.202833 0.445708 0.203796 0.442839 0.204940 0.435221 0.207815 0.434966 0.206528 0.432430 0.206495 0.428214 0.205426 0.427612 0.205407 0.426492 0.205324 0.425513 0.206292 0.425404 0.210037 0.426214 0.219921 0.425997 0.221940 0.426214 0.225106 0.425187 0.229139 0.431310 0.228741 0.435156 0.227458 0.438958 0.226440 0.436380 0.221532 0.436172 0.220884 0.436094 0.218889 0.439479 0.225097 0.440362 0.225875 0.441286 0.225736 0.444057 0.225042 0.448734 0.224699 0.452232 0.225282
2 0.510516 0.456764 0.510323 0.450444 0.510458 0.450250 0.509536 0.448870 0.508945 0.448343 0.508417 0.451796 0.508417 0.451861 0.508055 0.455741 0.508055 0.455741 0.507526 0.463940
2 0.576643 0.456958 0.581031 0.459282 0.581451 0.457954 0.582990 0.458287 0.584297 0.462102 0.587750 0.473634 0.588078 0.476125 0.579633 0.469620 0.577323 0.460884 0.577323 0.460884
8 0.489307 0.575171 0.496740 0.574032 0.507424 0.571843 0.515841 0.570356 0.517146 0.571796 0.515448 0.574472 0.504815 0.576310 0.496987 0.577356 0.493591 0.578319
8 0.504815 0.576310 0.508857 0.585046 0.509964 0.583306 0.506643 0.576194
8 0.501016 0.567130 0.503190 0.572829 0.504721 0.572148 0.503062 0.567611
8 0.336021 0.283704 0.337029 0.287144 0.340943 0.287361 0.340698 0.285157 0.338596 0.283912
10 0.441440 0.377852 0.440773 0.382889 0.440911 0.387810 0.441562 0.392963 0.443880 0.397639 0.445724 0.399292 0.448227 0.399880 0.450133 0.399292 0.451451 0.398472 0.446701 0.388319
10 0.453161 0.395708 0.454294 0.392560 0.454935 0.388620 0.454984 0.383894 0.454344 0.379519 0.453161 0.376102 0.451396 0.372782 0.448911 0.372014 0.447292 0.372208 0.444430 0.372977 0.442594 0.372977 0.448721 0.386148
2 0.515323 0.811843 0.516117 0.811333 0.522115 0.802171 0.525068 0.799199 0.526987 0.798407 0.528612 0.798759 0.529943 0.802875 0.531122 0.808301 0.531997 0.814694 0.526781 0.805671 0.524805 0.808833 0.532255 0.820815 0.534513 0.845625 0.528073 0.837829 0.525086 0.833181 0.523177 0.828704 0.519159 0.826213 0.517432 0.826213 0.515122 0.813111
2 0.534974 0.849444 0.537091 0.871880 0.535284 0.877190 0.525146 0.866551 0.517898 0.828866 0.519625 0.829616 0.520982 0.830856 0.522891 0.834093 0.526396 0.839986 0.531526 0.845958
8 0.402003 0.127056 0.393453 0.147444 0.382990 0.174250 0.375596 0.191380 0.372000 0.197926 0.369549 0.202181 0.355198 0.226014 0.352943 0.225139 0.366031 0.204338 0.373221 0.190611 0.391380 0.147412 0.400380 0.124889
8 0.380690 0.228699 0.384711 0.232412 0.388602 0.236264 0.397721 0.242685 0.399695 0.243597 0.407505 0.250181 0.413109 0.253102 0.414505 0.254306 0.420109 0.258667 0.421193 0.258407 0.421734 0.256130 0.421242 0.255079 0.414990 0.251491 0.413414 0.250181 0.407669 0.246282 0.405747 0.244972 0.400638 0.242042 0.398227 0.240551 0.385008 0.229963 0.382299 0.226546
8 0.403073 0.232917 0.403076 0.240681 0.404779 0.240833 0.405078 0.232917
8 0.404635 0.248032 0.404995 0.257819 0.403862 0.258343 0.403370 0.259745 0.403159 0.263264 0.402617 0.246282
8 0.407505 0.250181 0.407591 0.260236 0.406422 0.259218 0.405464 0.258421 0.405164 0.248361
8 0.413682 0.239847 0.409677 0.244370 0.409076 0.242731 0.413747 0.237588
8 0.418292 0.235889 0.415312 0.238333 0.415367 0.236065 0.417148 0.235218
8 0.417344 0.236667 0.416893 0.244593 0.415781 0.244537 0.416320 0.237532
8 0.415471 0.232273 0.421823 0.234986 0.421576 0.237171 0.418292 0.235889 0.417148 0.235218 0.415516 0.234880
8 0.407943 0.230602 0.410049 0.231713 0.413927 0.234144 0.414055 0.231148 0.410526 0.228889 0.408047 0.227644
8 0.414023 0.228491 0.410526 0.228889 0.414055 0.231148
8 0.405807 0.232685 0.402406 0.232796 0.401263 0.232176 0.401357 0.228560 0.405997 0.228671
8 0.368781 0.231417 0.367156 0.235005 0.355242 0.229838 0.331109 0.220204 0.330268 0.218102 0.330174 0.216440 0.330661 0.216176 0.352919 0.225106 0.355198 0.226014
8 0.358940 0.233611 0.338854 0.230060 0.336854 0.230542 0.336854 0.232171 0.338464 0.234306 0.361047 0.236875
8 0.348906 0.235509 0.338583 0.251565 0.337503 0.251468 0.337018 0.249644 0.346846 0.235435
8 0.353081 0.228875 0.350901 0.232171 0.349005 0.231958 0.351305 0.228370
8 0.330620 0.227056 0.330479 0.230704 0.336969 0.237093 0.336594 0.232366 0.332021 0.227551
8 0.338367 0.234477 0.342854 0.240792 0.341919 0.242287 0.336953 0.232500
8 0.336854 0.232171 0.341901 0.242500 0.340565 0.244444 0.337531 0.238139 0.336969 0.237093 0.336594 0.232366
8 0.343922 0.243347 0.345883 0.245829 0.345370 0.249903 0.342615 0.245421
8 0.343607 0.247407 0.341716 0.250866 0.328755 0.263824 0.327784 0.261134 0.338583 0.251565 0.342615 0.245421
8 0.345370 0.249903 0.337677 0.264407 0.332815 0.274491 0.331521 0.270745 0.338487 0.257977 0.339458 0.255097 0.341716 0.250866 0.343607 0.247407
8 0.345062 0.253648 0.338422 0.267472 0.333831 0.277838 0.332815 0.274491 0.337677 0.264407 0.345370 0.249903
8 0.331773 0.260843 0.335888 0.262847 0.334758 0.265074 0.329596 0.262847
8 0.334714 0.257829 0.337341 0.259838 0.338487 0.257977 0.336380 0.256111
8 0.343958 0.256111 0.341956 0.273458 0.340698 0.285157 0.338596 0.283912 0.340977 0.267981 0.342190 0.259685
8 0.358763 0.243903 0.348357 0.246227 0.348542 0.242245 0.356289 0.239593 0.357969 0.241250
8 0.363424 0.263977 0.353159 0.275921 0.352505 0.273602 0.352599 0.271690 0.363052 0.261069
8 0.348271 0.249935 0.351862 0.257750 0.351378 0.260046 0.348109 0.253449
8 0.353393 0.261551 0.356500 0.267574 0.355411 0.269009 0.353232 0.263991
8 0.353409 0.209157 0.355557 0.211065 0.355836 0.213139 0.355044 0.221685 0.358497 0.216542 0.358544 0.213556 0.357844 0.209324 0.356630 0.208162 0.354951 0.207083
8 0.349687 0.216204 0.355510 0.219194 0.355464 0.214468 0.351544 0.213306
8 0.434482 0.618731 0.431419 0.637606 0.426724 0.663560 0.424784 0.664282 0.423354 0.663921 0.423557 0.661560 0.427948 0.641236 0.429378 0.631255 0.431146 0.622144
8 0.456823 0.537593 0.454911 0.559847 0.452273 0.589838 0.453130 0.589019 0.455768 0.558792 0.457482 0.536296
8 0.482411 0.556282 0.488245 0.558764 0.489505 0.559843 0.505984 0.564912 0.507971 0.565824 0.507750 0.567722 0.506500 0.568375 0.503062 0.567611 0.500247 0.566546 0.486862 0.562167 0.482742 0.560468
8 0.495164 0.564944 0.483167 0.567671 0.482953 0.564417 0.490995 0.563509
8 0.419427 0.513435 0.418956 0.514315 0.418305 0.513991 0.417523 0.512648 0.411724 0.497537 0.409529 0.491218 0.410505 0.488986 0.413802 0.498838 0.414115 0.499718 0.414443 0.500125 0.415120 0.502023 0.417826 0.509565
8 0.408922 0.480995 0.411187 0.485532 0.416135 0.496273 0.415224 0.497199 0.409234 0.484329 0.408349 0.482384 0.408401 0.481644 0.408453 0.481273
8 0.416432 0.497037 0.416615 0.497495 0.417344 0.498977 0.420221 0.505296 0.419779 0.505759 0.419281 0.505667 0.418911 0.505116 0.416865 0.499986 0.415979 0.498319 0.415599 0.497593
8 0.379753 0.382810 0.377362 0.401769 0.375672 0.397389 0.377104 0.383727 0.378195 0.381111
8 0.374487 0.378713 0.372042 0.387458 0.370943 0.384329 0.372974 0.377301
8 0.386229 0.372537 0.385078 0.373565 0.384089 0.374074 0.381880 0.374287 0.379299 0.373931 0.373984 0.374907 0.371693 0.373426 0.372057 0.372222 0.373021 0.371667 0.374089 0.371528 0.380185 0.371634 0.382888 0.372134 0.384688 0.371944 0.385729 0.371157 0.386797 0.370231 0.387943 0.370463 0.388411 0.371667 0.387276 0.371606 0.386633 0.372106
8 0.376734 0.366694 0.374729 0.371509 0.374089 0.371528 0.373021 0.371667 0.372057 0.372222 0.371693 0.373426 0.371031 0.372852 0.374651 0.365815 0.375073 0.365977
8 0.412440 0.324310 0.406516 0.331153 0.405362 0.330176 0.405992 0.327199 0.411583 0.320898
8 0.405362 0.330176 0.406516 0.331153 0.408521 0.334236 0.408393 0.335144 0.407917 0.335991 0.407346 0.335875 0.404740 0.332824
8 0.403932 0.327593 0.400385 0.332944 0.395586 0.340176 0.395745 0.344810 0.400385 0.338708 0.402005 0.336222
8 0.455766 0.606671 0.462391 0.618866 0.470531 0.634468 0.472669 0.637907 0.473318 0.641287 0.473643 0.644190 0.473365 0.650079 0.465849 0.633736 0.460109 0.620296 0.457776 0.614986 0.455630 0.612079
8 0.455490 0.613986 0.460669 0.629921 0.465943 0.642944 0.468698 0.646681 0.469164 0.646264 0.468323 0.641616 0.464964 0.632907 0.462211 0.625273 0.460109 0.620296 0.457776 0.614986 0.455630 0.612079
8 0.494674 0.555611 0.499185 0.557426 0.507482 0.560074 0.515440 0.563176 0.519313 0.564384 0.521227 0.565296 0.519951 0.567412 0.512120 0.564690 0.503143 0.561662 0.496510 0.558704 0.492888 0.557199
8 0.514073 0.547519 0.513349 0.549486 0.513349 0.550468 0.525859 0.558259 0.527263 0.555764 0.519180 0.550241
8 0.505224 0.546991 0.512924 0.548046 0.514073 0.547519 0.515010 0.546310 0.515180 0.545250 0.514669 0.544491 0.508359 0.544282 0.507615 0.544991
8 0.368435 0.340532 0.367529 0.350884 0.366797 0.359125 0.364391 0.358384 0.366484 0.342083 0.367250 0.339481 0.369089 0.337500
8 0.565784 0.418597 0.550229 0.452491 0.546417 0.449236 0.563727 0.413583 0.564945 0.414940 0.565479 0.416023
8 0.549742 0.453213 0.544469 0.464111 0.541109 0.460829 0.546052 0.450167
8 0.543943 0.465634 0.536167 0.481333 0.534914 0.481685 0.533464 0.480278 0.532937 0.478519 0.533003 0.477116 0.540581 0.462352 0.542362 0.463639
6 0.538042 0.646116 0.542529 0.646245 0.545339 0.652926 0.543802 0.655741 0.541901 0.656125 0.541799 0.656296
6 0.541690 0.664079 0.544719 0.669787 0.546797 0.669398 0.547365 0.666894 0.543161 0.660389
6 0.540924 0.663431 0.539427 0.660125 0.542224 0.659514
6 0.539427 0.660125 0.537740 0.660315 0.540000 0.665954 0.540924 0.663431
6 0.541690 0.664079 0.544719 0.669787 0.541971 0.669912 0.540583 0.666926
6 0.538880 0.669009 0.535633 0.660449 0.537740 0.660315 0.540000 0.665954
6 0.535633 0.660449 0.532997 0.660574 0.537193 0.670690 0.538385 0.670454 0.538880 0.669009 0.538880 0.669009
6 0.423604 0.234935 0.431771 0.234519 0.442878 0.235019 0.443406 0.235449 0.446893 0.240495 0.430185 0.240829 0.427734 0.239880 0.426901 0.238676 0.423776 0.236731
6 0.450914 0.249060 0.446870 0.249431 0.448961 0.254019 0.453109 0.253523
6 0.529214 0.660782 0.532997 0.660574 0.537193 0.670690 0.534482 0.671060 0.531568 0.668685 0.531568 0.668685
6 0.529214 0.660782 0.531568 0.668685 0.528102 0.665546 0.524964 0.662991 0.524508 0.660782
6 0.527971 0.657759 0.524049 0.645440 0.519341 0.645208 0.523396 0.657412 0.526365 0.657602
6 0.517617 0.644500 0.521135 0.656657 0.519516 0.656389 0.514669 0.650782 0.512419 0.643926
6 0.504773 0.606995 0.507021 0.616023 0.510732 0.618194 0.508779 0.609773
6 0.524049 0.645440 0.527044 0.645579 0.532013 0.657435 0.527971 0.657759
6 0.532013 0.657435 0.527044 0.645579 0.529094 0.645491 0.529792 0.646528 0.534365 0.657435
6 0.529094 0.645491 0.532391 0.646245 0.532742 0.646306 0.537922 0.656745 0.534365 0.657435
6 0.532742 0.646306 0.536792 0.646241 0.540867 0.654727 0.540276 0.654639 0.539930 0.655514 0.540661 0.656468 0.537922 0.656745
8 0.570763 0.656500 0.572703 0.668870 0.574880 0.680000 0.578570 0.693005 0.583513 0.706009 0.584896 0.702847 0.580349 0.689843 0.576396 0.674259 0.573891 0.663361 0.573232 0.659259
8 0.582768 0.662741 0.586326 0.673991 0.589820 0.683597 0.592391 0.692148 0.594234 0.687815 0.585734 0.664380 0.584349 0.661569
8 0.591484 0.652037 0.598945 0.656065 0.599456 0.654042 0.592680 0.650093
8 0.598659 0.640167 0.602021 0.643204 0.602419 0.646444 0.597862 0.641889
8 0.567937 0.653106 0.559815 0.654421 0.555039 0.655032 0.553956 0.658972 0.570302 0.656259
8 0.597078 0.665519 0.586641 0.666944 0.585734 0.664380 0.597971 0.662648
8 0.583336 0.664806 0.574510 0.665981 0.575172 0.669120 0.584328 0.667616
8 0.572292 0.666157 0.555344 0.668440 0.555740 0.671769 0.572703 0.668870
8 0.595701 0.674657 0.589818 0.675648 0.588177 0.671250 0.596549 0.670120
8 0.585742 0.671634 0.576211 0.672917 0.576396 0.674259 0.576977 0.676625 0.586721 0.675417 0.586326 0.673991
8 0.573526 0.673458 0.556000 0.673894 0.556641 0.678796 0.566880 0.677745 0.574313 0.676958
8 0.595310 0.682644 0.594833 0.685755 0.593432 0.685977 0.592448 0.682926 0.594641 0.682421
8 0.590901 0.687676 0.580349 0.689843 0.579326 0.685634 0.589820 0.683597
8 0.576849 0.686208 0.558289 0.690319 0.558583 0.693907 0.577539 0.689972
8 0.586948 0.688810 0.584055 0.700157 0.583076 0.696829 0.584734 0.688736
8 0.574677 0.713954 0.581357 0.715468 0.581102 0.717056 0.574932 0.715769
8 0.581568 0.701097 0.578336 0.714634 0.580419 0.715241 0.582974 0.704347
8 0.574531 0.694310 0.568448 0.697713 0.567128 0.694838 0.571852 0.691889 0.573083 0.691588 0.573893 0.691588 0.574445 0.692421
8 0.596609 0.667366 0.596440 0.669407 0.587930 0.670394 0.587250 0.668199
8 0.575406 0.669954 0.584781 0.668597 0.585385 0.670972 0.576073 0.672329
8 0.554409 0.678894 0.550323 0.679329 0.547026 0.679417 0.547419 0.677491 0.554310 0.676968
8 0.548354 0.674514 0.554263 0.675042 0.554310 0.676968 0.547419 0.677491
8 0.548354 0.674514 0.548599 0.673778 0.553917 0.673255 0.554263 0.675042
8 0.553424 0.668565 0.550865 0.668653 0.549289 0.672153 0.553818 0.671625
8 0.546797 0.669398 0.534482 0.671060 0.537286 0.673245 0.545656 0.672810
8 0.492227 0.693671 0.499070 0.709954 0.504042 0.720106 0.507242 0.726407 0.509901 0.734106 0.511180 0.732884 0.507341 0.722380 0.498674 0.703736 0.493852 0.692796 0.493599 0.693625
8 0.617927 0.513644 0.618578 0.523023 0.622120 0.544616 0.628539 0.573866 0.636599 0.611764 0.634070 0.607653 0.627924 0.578866 0.619812 0.543690 0.616669 0.523176 0.615924 0.514954 0.615924 0.512394 0.616612 0.512394
8 0.372164 0.203500 0.376589 0.216106 0.384945 0.242106 0.382885 0.242106 0.374268 0.215537 0.370685 0.204287
8 0.369549 0.202181 0.385612 0.194079 0.385214 0.190940 0.372000 0.197926
8 0.427578 0.135856 0.419276 0.146519 0.414068 0.152847 0.408401 0.157532 0.402799 0.160815 0.398185 0.161519 0.394362 0.161167 0.389880 0.164329 0.385135 0.174755 0.383951 0.174403 0.390211 0.160815 0.392846 0.158819 0.396143 0.158940 0.402534 0.159292 0.405633 0.157532 0.412620 0.152963 0.418617 0.145699 0.427315 0.133981
8 0.380052 0.181296 0.384924 0.180588 0.400589 0.174819 0.431221 0.162394 0.431164 0.159051 0.430310 0.157935 0.407924 0.166546 0.392852 0.172537 0.381539 0.177806
8 0.480865 0.498125 0.480529 0.511130 0.481055 0.526713 0.481852 0.547167 0.483917 0.578722 0.481924 0.579847 0.480615 0.564250 0.478242 0.531644 0.478201 0.508736 0.478945 0.495440 0.480172 0.495875
1 0.496143 0.456171 0.495151 0.459111 0.493974 0.460551 0.491253 0.461403 0.489523 0.461856 0.488716 0.460745 0.488273 0.458787 0.487539 0.458523 0.486398 0.457347 0.486878 0.455190 0.487464 0.454014 0.488201 0.453815 0.488237 0.455319 0.487612 0.456431 0.488753 0.456889 0.489708 0.459176 0.490185 0.460421 0.492063 0.459699 0.494930 0.457741 0.495333 0.456301 0.495555 0.455125
8 0.490432 0.461769 0.493008 0.467583 0.498781 0.478894 0.501685 0.483731 0.500326 0.484977 0.497414 0.480454 0.496424 0.478111 0.492049 0.469088 0.488961 0.461505 0.489523 0.461856
8 0.427661 0.133977 0.428745 0.132662 0.430112 0.132866 0.430625 0.135296 0.429427 0.139648 0.415815 0.157065 0.410510 0.165542 0.407924 0.166546 0.402781 0.168347 0.414068 0.152847 0.419276 0.146519 0.427578 0.135856 0.427445 0.134648
8 0.405073 0.172958 0.396115 0.185389 0.393898 0.181972 0.398328 0.175583 0.400589 0.174819
8 0.410529 0.170875 0.405122 0.180745 0.402771 0.178523 0.406154 0.172380
8 0.413229 0.184352 0.412969 0.190046 0.412117 0.189977 0.412117 0.184148
8 0.413055 0.192769 0.413055 0.202301 0.411990 0.201620 0.411862 0.191787
8 0.411266 0.194366 0.407352 0.198366 0.405607 0.197005 0.410714 0.192625
8 0.401510 0.190741 0.410289 0.191333 0.411862 0.191787 0.411776 0.192769 0.410714 0.192625 0.402927 0.193157 0.402161 0.191935
8 0.398289 0.187778 0.404458 0.188236 0.409948 0.189222 0.412117 0.189977 0.412969 0.190046 0.415055 0.190801 0.414927 0.192847 0.411862 0.191787 0.410289 0.191333 0.401510 0.190741 0.399565 0.190273
8 0.389313 0.179005 0.393906 0.186491 0.401865 0.197542 0.403693 0.199125 0.415521 0.206537 0.416924 0.204796 0.413055 0.202301 0.411990 0.201620 0.407352 0.198366 0.405607 0.197005 0.401779 0.193157 0.399565 0.190273 0.398289 0.187778 0.396115 0.185389 0.393898 0.181972 0.391737 0.178245
8 0.397039 0.190565 0.384737 0.190282 0.384643 0.187231 0.394654 0.187630
8 0.393956 0.190625 0.395385 0.197458 0.393224 0.196444 0.391826 0.190454
8 0.377857 0.199042 0.372760 0.205463 0.372164 0.203500 0.374922 0.199569 0.378070 0.198056
8 0.377005 0.204412 0.373688 0.207741 0.372922 0.205241 0.377474 0.199491
8 0.354760 0.162861 0.358107 0.173801 0.367865 0.200741 0.368987 0.198741 0.362982 0.181412 0.357714 0.164347 0.356336 0.162685
8 0.368099 0.204352 0.372581 0.214319 0.374268 0.215537 0.370685 0.204287 0.369549 0.202181
8 0.377742 0.219755 0.382565 0.222644 0.381188 0.225097 0.379021 0.223083
8 0.371031 0.211667 0.368138 0.214537 0.367289 0.213856 0.367034 0.212421 0.369883 0.208565
8 0.368776 0.214083 0.375417 0.219537 0.374268 0.215537 0.372581 0.214319 0.372565 0.214310 0.370365 0.212130
8 0.364273 0.221833 0.375049 0.225366 0.374755 0.228111 0.364237 0.224449 0.363724 0.222750
8 0.406823 0.201204 0.406719 0.215199 0.408589 0.215282 0.408737 0.202157
8 0.408161 0.218190 0.407669 0.246282 0.405747 0.244972 0.405995 0.218278 0.407029 0.217755
8 0.419391 0.216551 0.413182 0.217259 0.408161 0.218190 0.407029 0.217755 0.405995 0.218278 0.403898 0.219690 0.400479 0.221407 0.395685 0.225125 0.393172 0.224690 0.398737 0.219343 0.404052 0.215931 0.406221 0.215231 0.408589 0.215282 0.415672 0.213745 0.419510 0.213046 0.419859 0.215676
8 0.401820 0.223222 0.400638 0.242042 0.398227 0.240551 0.399740 0.223148
6 0.408036 0.225417 0.414164 0.225116 0.414589 0.217097 0.408161 0.218190
6 0.417708 0.217685 0.418164 0.222088 0.416674 0.225491 0.415781 0.225417 0.416146 0.217639
8 0.416042 0.216852 0.415781 0.225417 0.414990 0.251491 0.413414 0.250181 0.414164 0.225116 0.414589 0.217097
8 0.414505 0.254306 0.413578 0.262556 0.412003 0.261801 0.413109 0.253102
8 0.413195 0.265810 0.411747 0.284042 0.409875 0.283736 0.411492 0.264375
8 0.485128 0.451153 0.487133 0.454718 0.486878 0.455190 0.486664 0.456014 0.484112 0.451940
8 0.483229 0.462213 0.485909 0.464245 0.491544 0.468370 0.492049 0.469088 0.492841 0.471208 0.490039 0.470301 0.485549 0.467032 0.483047 0.464352
8 0.478977 0.457833 0.480815 0.459495 0.480755 0.462065 0.479128 0.460139
8 0.502008 0.474981 0.499716 0.480444 0.500185 0.481185 0.502763 0.475259
8 0.493831 0.468963 0.497815 0.470352 0.502659 0.472250 0.506930 0.472481 0.507008 0.475630 0.504169 0.475537 0.502763 0.475259 0.502008 0.474981 0.497971 0.473593 0.495341 0.472157
8 0.432219 0.274796 0.431776 0.277949 0.423310 0.273574 0.414693 0.267361 0.413195 0.265810 0.411492 0.264375 0.407654 0.263069 0.405487 0.261231 0.404797 0.260532 0.404255 0.262894 0.404354 0.267097 0.404701 0.272000 0.403026 0.272787 0.402534 0.270949 0.403370 0.259745 0.403862 0.258343 0.404995 0.257819 0.406422 0.259218 0.407898 0.260796 0.409771 0.261144 0.412003 0.261801 0.413578 0.262556 0.419026 0.266745 0.426263 0.271560
8 0.435518 0.205167 0.443857 0.194153 0.446437 0.190495 0.446508 0.188454 0.446297 0.187458 0.445740 0.187088 0.440789 0.194032 0.437094 0.198245 0.435664 0.200907 0.435526 0.201343 0.435872 0.201903 0.434966 0.206528
8 0.480557 0.317898 0.483964 0.318917 0.484927 0.319718 0.484807 0.321324 0.483812 0.322611 0.482849 0.322667 0.480979 0.322398 0.480768 0.320199
8 0.453388 0.307028 0.453831 0.307722 0.454612 0.306704 0.456174 0.305454 0.456878 0.305824 0.457737 0.307213 0.462190 0.320454 0.462997 0.320764 0.463180 0.319157 0.462737 0.317352 0.459898 0.308463 0.458180 0.304806 0.457060 0.303556 0.455992 0.303556
8 0.446253 0.299204 0.448779 0.299759 0.449794 0.300593 0.451904 0.305454 0.452919 0.304111 0.451279 0.299574 0.450341 0.297907 0.449846 0.297676 0.447320 0.296750 0.447112 0.297444
8 0.418971 0.288421 0.420872 0.287866 0.423815 0.287727 0.427539 0.288468 0.432432 0.289764 0.439909 0.292292 0.446169 0.294463 0.447872 0.294708 0.451854 0.295606 0.455682 0.297375 0.457219 0.298394 0.455771 0.300269 0.452216 0.298662 0.450341 0.297907 0.449846 0.297676 0.447320 0.296750 0.447112 0.297444 0.446964 0.297384 0.445057 0.296597 0.441271 0.295120 0.436961 0.294097 0.433148 0.293347 0.431703 0.292699 0.431484 0.291028 0.429240 0.291556 0.429281 0.292514 0.426112 0.292060 0.422242 0.292060 0.421823 0.291440 0.420802 0.291569 0.419026 0.291676 0.418633 0.290875 0.418633 0.289639
8 0.499529 0.321380 0.491883 0.326769 0.483289 0.333940 0.482604 0.335963 0.483401 0.338083 0.485846 0.338694 0.498211 0.328069 0.501461 0.325630 0.501966 0.324014 0.501966 0.322796
8 0.487964 0.319898 0.490966 0.317796 0.492885 0.317449 0.499529 0.321380 0.501966 0.322796 0.508443 0.326287 0.509232 0.326375 0.509328 0.324972 0.509034 0.324009 0.494854 0.316921 0.492344 0.315435 0.490474 0.315435 0.487964 0.317449 0.487091 0.318898 0.487534 0.318639 0.488224 0.318898
8 0.437260 0.180782 0.435857 0.180856 0.434792 0.182065 0.429091 0.201657 0.430409 0.201431 0.431047 0.200523 0.435174 0.187435
8 0.435091 0.170806 0.432995 0.173630 0.430419 0.177079 0.426383 0.180977 0.420727 0.185782 0.419583 0.185556 0.425367 0.180301 0.429435 0.176968 0.434297 0.170296 0.434602 0.170514
8 0.415234 0.168981 0.415896 0.172051 0.417135 0.175102 0.418503 0.177926 0.420219 0.180523 0.422823 0.182444 0.422029 0.183296 0.420250 0.182444 0.418310 0.180468 0.416911 0.177870 0.415641 0.174083 0.414815 0.171088 0.414401 0.169227
8 0.424138 0.182963 0.425258 0.183657 0.425440 0.183796 0.426143 0.184815 0.425258 0.185370 0.424398 0.184444 0.422888 0.183935
8 0.431357 0.205338 0.437797 0.193963 0.447411 0.177287 0.448625 0.177287 0.448716 0.178458 0.447458 0.180866 0.440409 0.192231 0.435555 0.200352 0.432430 0.206495
8 0.455305 0.174861 0.450354 0.175231 0.450146 0.176597 0.455375 0.175912
8 0.416232 0.322083 0.415063 0.323014 0.414536 0.324088 0.414901 0.325310 0.418812 0.333486 0.426500 0.348699 0.432865 0.359167 0.446701 0.388319 0.455471 0.406500 0.458497 0.407458 0.448721 0.386148 0.440201 0.368537 0.431964 0.352273 0.430388 0.349208 0.423307 0.335648
8 0.430622 0.355532 0.430109 0.357444 0.427917 0.357194 0.429362 0.353292
8 0.431383 0.306907 0.427810 0.335727 0.425896 0.334593 0.426406 0.329222 0.429979 0.302671
8 0.429352 0.360190 0.427820 0.364204 0.425359 0.364204 0.426932 0.360403
8 0.446964 0.297384 0.440258 0.315750 0.439622 0.316204 0.439305 0.315523 0.439240 0.313884 0.439813 0.312079 0.445057 0.296597
8 0.445206 0.320153 0.431964 0.352273 0.430388 0.349208 0.443484 0.318227
8 0.507477 0.749755 0.504490 0.757389 0.504023 0.755644 0.507010 0.747931
8 0.514805 0.322796 0.514557 0.324546 0.515708 0.328204 0.518052 0.326731 0.517560 0.324282
8 0.455260 0.282255 0.453833 0.281866 0.452898 0.282352 0.451964 0.284602 0.447872 0.294708 0.446169 0.294463 0.451661 0.280694 0.452651 0.279569 0.453146 0.279227 0.453255 0.279181 0.453776 0.279181 0.454685 0.279569
8 0.434732 0.271111 0.435797 0.274245 0.437490 0.274903 0.439180 0.276991 0.446792 0.292944 0.447344 0.291769 0.440284 0.276991 0.438997 0.274509 0.437341 0.273134 0.436237 0.272157
8 0.443091 0.285509 0.434224 0.285171 0.427328 0.284833 0.411747 0.284042 0.409875 0.283736 0.405148 0.283282 0.404169 0.286306 0.409646 0.286894 0.411534 0.286912 0.428167 0.288046 0.444766 0.288889
8 0.458958 0.296111 0.450557 0.307315 0.450523 0.308676 0.450872 0.309236 0.451534 0.308926 0.452232 0.308551 0.459760 0.298389
8 0.433148 0.293347 0.436013 0.306398 0.438836 0.319736 0.439401 0.321671 0.440531 0.322102 0.441297 0.321602 0.441820 0.320241 0.441862 0.318444 0.440812 0.314431 0.440258 0.315750 0.439622 0.316204 0.439305 0.315523 0.439240 0.313884 0.439813 0.312079 0.439982 0.311880 0.435766 0.296194 0.435219 0.293597
8 0.436961 0.294097 0.439612 0.308662 0.439982 0.311880 0.435766 0.296194 0.435219 0.293597
8 0.429786 0.319532 0.440615 0.324926 0.441716 0.322708 0.440531 0.322102 0.439401 0.321671 0.430151 0.317019
8 0.443802 0.324162 0.449919 0.327269 0.449648 0.329894 0.442536 0.326625
8 0.434737 0.322088 0.432297 0.338694 0.430555 0.337523 0.433229 0.321481
8 0.437805 0.315162 0.435539 0.319620 0.433831 0.318815 0.437143 0.311875
8 0.529966 0.316407 0.527456 0.318069 0.525672 0.319356 0.523911 0.321481 0.525240 0.322796 0.527555 0.321569 0.528734 0.320435 0.530917 0.318773
8 0.521500 0.320083 0.522310 0.319407 0.523049 0.319407 0.523911 0.321481 0.525859 0.323889 0.521596 0.321833
8 0.520922 0.339574 0.528799 0.349111 0.529440 0.349023 0.527091 0.346222 0.526255 0.343773 0.521513 0.337824 0.520826 0.337824 0.520727 0.338259
8 0.519299 0.337560 0.525156 0.349898 0.524271 0.350162 0.519495 0.340097
8 0.526505 0.354380 0.528888 0.358162 0.529443 0.357102 0.527378 0.354269
8 0.449854 0.254116 0.452068 0.256157 0.453430 0.259486 0.454690 0.266644 0.457969 0.280435 0.459641 0.283917 0.459036 0.284722 0.458047 0.284815 0.457052 0.281259 0.454221 0.270514 0.452729 0.265968 0.452521 0.262250 0.451544 0.260514 0.451047 0.257778 0.449794 0.255944 0.448961 0.254019
8 0.448299 0.175356 0.443174 0.176347 0.442406 0.177218 0.442302 0.178889 0.443312 0.184218 0.443766 0.183292 0.443138 0.178579 0.443279 0.177898 0.447411 0.177287 0.448333 0.177153
8 0.425240 0.274639 0.424943 0.279403 0.422982 0.279449 0.423581 0.273731
8 0.424388 0.282505 0.424091 0.284472 0.422516 0.284472 0.422771 0.282394
8 0.418289 0.256931 0.415237 0.263769 0.416414 0.264616 0.416518 0.263782 0.416437 0.262565 0.417245 0.261991 0.417971 0.261958 0.419622 0.258171
8 0.415109 0.267667 0.414393 0.268949 0.413820 0.270824 0.412536 0.273824 0.413107 0.267611 0.413583 0.266366
6 0.508779 0.609773 0.513370 0.613213 0.516529 0.621329 0.514201 0.620528 0.510732 0.618194
6 0.575570 0.750736 0.571820 0.764273 0.571469 0.762190 0.572406 0.748653 0.571703 0.746569 0.571234 0.744903 0.570971 0.740083 0.571469 0.739694 0.572523 0.739903 0.574164 0.743028
8 0.472669 0.637907 0.463135 0.608801 0.462625 0.607727 0.461896 0.604676 0.459195 0.603009 0.465982 0.625694
8 0.490984 0.576458 0.489307 0.575171 0.486604 0.573704 0.484870 0.572917 0.483328 0.572088 0.483495 0.573264 0.488898 0.579218 0.488927 0.578542 0.490073 0.577199
6 0.492531 0.574699 0.489729 0.566236 0.487352 0.566569 0.489911 0.575023
6 0.497422 0.600602 0.499583 0.609083 0.502721 0.612106 0.500305 0.603042
8 0.500305 0.603042 0.502320 0.604880 0.504448 0.613681 0.502721 0.612106
6 0.487352 0.566569 0.489307 0.575171 0.486604 0.573704 0.484831 0.567398
6 0.492987 0.565380 0.495786 0.574162 0.492531 0.574699 0.489729 0.566236
1 0.496424 0.478111 0.492841 0.471208 0.490039 0.470301 0.485549 0.467032 0.483047 0.464352 0.481740 0.488667 0.482044 0.489319 0.486802 0.485491
8 0.474672 0.339162 0.479260 0.339662 0.478021 0.342917 0.474557 0.342407
8 0.464326 0.335782 0.467979 0.337153 0.473143 0.338958 0.472648 0.342718 0.469161 0.341157 0.466276 0.339838
8 0.473333 0.328796 0.468974 0.337176 0.466589 0.336852 0.472469 0.326778 0.473201 0.325537
8 0.464633 0.311889 0.463698 0.316722 0.463180 0.319157 0.462451 0.323866 0.461924 0.326130 0.461979 0.327106 0.462474 0.327889 0.463242 0.328032 0.464206 0.326472 0.463792 0.324713 0.463052 0.322954 0.463188 0.322176 0.464453 0.321977 0.464888 0.318810 0.465721 0.314736 0.465549 0.313727
8 0.464453 0.321977 0.465018 0.322671 0.465841 0.322917 0.473065 0.325116 0.473201 0.325537 0.472469 0.326778 0.471500 0.328435 0.468919 0.326676 0.466089 0.326870 0.464549 0.326870 0.464206 0.326472 0.463792 0.324713 0.463052 0.322954 0.463188 0.322176
8 0.475526 0.321856 0.477938 0.328926 0.480224 0.337176 0.479260 0.339662 0.478604 0.339551 0.475583 0.327514 0.475203 0.325593 0.475164 0.320676
8 0.479029 0.294454 0.491729 0.297870 0.490156 0.302778 0.484247 0.300931 0.478141 0.298394
8 0.477404 0.292917 0.478141 0.298394 0.480557 0.317898 0.480768 0.320199 0.480979 0.322398 0.482474 0.330551 0.481734 0.332560 0.479927 0.322176 0.479625 0.317569 0.477453 0.299042 0.476911 0.294491
8 0.470286 0.291667 0.476906 0.293773 0.476911 0.294491 0.477164 0.298352 0.472495 0.297241 0.472151 0.296426
8 0.515737 0.271199 0.514266 0.272310 0.513089 0.269630 0.515112 0.268653
8 0.512612 0.273421 0.507388 0.277148 0.495026 0.285111 0.489557 0.288037 0.487539 0.286199 0.511464 0.270880 0.512151 0.271495
8 0.476870 0.278588 0.481797 0.282644 0.491359 0.290616 0.497133 0.295454 0.510190 0.306255 0.511169 0.305653 0.504745 0.300356 0.498023 0.294532 0.489557 0.288037 0.487539 0.286199 0.479247 0.279407 0.477982 0.278014
6 0.512154 0.279102 0.508565 0.298139 0.511354 0.300468 0.514773 0.281329
8 0.530188 0.459190 0.535674 0.472125 0.533974 0.475301 0.530953 0.466074 0.528826 0.461005
8 0.363430 0.313852 0.363578 0.320065 0.364427 0.321574 0.366128 0.318898 0.364857 0.313412
8 0.404948 0.302491 0.404182 0.316028 0.401458 0.320116 0.403034 0.302264 0.403672 0.301731 0.404310 0.301583
8 0.420604 0.304352 0.429799 0.303829 0.429979 0.302671 0.429570 0.299162 0.421672 0.298991 0.421323 0.300699
8 0.579784 0.716917 0.578542 0.722870 0.577318 0.719532 0.577833 0.716458
8 0.572990 0.670407 0.556000 0.672829 0.555966 0.673856 0.573526 0.673458
5 0.495177 0.319097 0.496659 0.323454 0.491883 0.326769 0.483289 0.333940 0.487964 0.319898 0.490966 0.317796 0.492885 0.317449
5 0.489995 0.311199 0.487964 0.317449 0.490474 0.315435 0.492344 0.315435 0.494854 0.316921 0.493990 0.315491 0.493336 0.313583 0.492216 0.311810 0.490964 0.310694
8 0.449479 0.518056 0.450513 0.523532 0.453526 0.532639 0.453857 0.531514 0.450784 0.520157 0.450151 0.520157 0.449969 0.519407 0.450391 0.519194 0.450542 0.519139 0.450271 0.517532
8 0.455974 0.521968 0.454708 0.527324 0.453857 0.531514 0.453526 0.532639 0.452117 0.536537 0.452872 0.538255 0.454497 0.533167 0.455674 0.527648 0.456758 0.523148 0.457000 0.521755
8 0.507320 0.539963 0.502617 0.541319 0.496164 0.543134 0.491781 0.544074 0.490164 0.542505 0.489867 0.539241 0.491523 0.532245 0.493094 0.526838 0.492359 0.525662 0.491513 0.525792 0.490667 0.527102 0.491513 0.528926 0.491513 0.530759 0.491219 0.531282 0.490742 0.531153 0.490630 0.529125 0.490005 0.528407 0.488828 0.532398 0.487799 0.535602 0.487211 0.538736 0.487799 0.541810 0.490591 0.545671 0.493682 0.547301 0.496917 0.546190 0.507841 0.542199 0.507841 0.540764
8 0.491370 0.522005 0.488924 0.523588 0.486698 0.526074 0.481328 0.533079 0.481201 0.532347 0.485523 0.526301 0.488289 0.523250 0.490258 0.522060 0.491148 0.521440
8 0.482758 0.531157 0.487799 0.535602 0.487211 0.538736 0.482948 0.535917 0.481305 0.534296 0.481328 0.533079
8 0.447932 0.519458 0.450219 0.528505 0.452117 0.536537 0.452872 0.538255 0.453021 0.539125 0.451526 0.545181 0.448214 0.531407 0.445833 0.522778 0.446245 0.520356
8 0.443958 0.517639 0.433661 0.523542 0.414638 0.535292 0.392086 0.548940 0.385253 0.552995 0.382146 0.557245 0.362078 0.588028 0.345177 0.618269 0.332964 0.644880 0.332964 0.647259 0.334135 0.647856 0.335557 0.645926 0.349443 0.615741 0.369987 0.578968 0.384961 0.557778 0.387714 0.555569 0.415687 0.539106 0.429807 0.529324 0.442958 0.521648
8 0.437880 0.545051 0.430911 0.550463 0.430469 0.549120 0.438242 0.542907
8 0.431958 0.528083 0.432865 0.536204 0.433984 0.546204 0.432318 0.547634 0.430721 0.533972 0.430211 0.529208
8 0.433794 0.527116 0.434698 0.533704 0.437141 0.543667 0.438242 0.542907 0.438646 0.541153 0.436385 0.530546 0.435664 0.525940
8 0.434323 0.547685 0.435557 0.555630 0.435034 0.558074 0.434474 0.559968 0.433148 0.555042 0.432576 0.549097
8 0.437755 0.557528 0.439969 0.563361 0.441922 0.569102 0.440542 0.572481 0.437182 0.562111 0.436896 0.561278
8 0.439021 0.552157 0.444565 0.562551 0.443958 0.564259 0.438568 0.553713
8 0.440581 0.557403 0.443003 0.566384 0.441922 0.569102 0.437755 0.557528 0.438568 0.553713
8 0.440331 0.545903 0.441581 0.550162 0.442648 0.553310 0.442805 0.555718 0.443299 0.556319 0.443456 0.555347 0.443508 0.554606 0.446060 0.558681 0.444565 0.562551 0.439021 0.552157
8 0.441797 0.539954 0.442674 0.545625 0.443534 0.553495 0.443508 0.554606 0.443456 0.555347 0.443299 0.556319 0.442805 0.555718 0.442648 0.553310 0.441867 0.546412 0.441242 0.542477
8 0.443961 0.530551 0.448154 0.536380 0.449924 0.538977 0.451526 0.545181 0.448492 0.541199 0.444195 0.535088 0.443128 0.533602
8 0.444664 0.527542 0.446826 0.530963 0.448544 0.533005 0.449924 0.538977 0.448154 0.536380 0.443961 0.530551
8 0.423792 0.533463 0.423732 0.544606 0.423461 0.544875 0.422786 0.544769 0.422604 0.534120
8 0.424789 0.457380 0.424367 0.463111 0.423930 0.474134 0.423469 0.486898 0.423555 0.499481 0.423586 0.515741 0.423654 0.529583 0.422576 0.528713 0.422781 0.516875 0.422870 0.497190 0.422560 0.482537 0.423560 0.467009 0.424315 0.455167
8 0.428016 0.427014 0.427263 0.433870 0.426208 0.442653 0.424977 0.454333 0.424383 0.452162 0.425497 0.441815 0.426536 0.430667 0.427268 0.426759
8 0.423854 0.449681 0.424383 0.452162 0.424977 0.454333 0.426901 0.464032 0.427500 0.467042 0.426094 0.466255 0.424789 0.457380 0.424315 0.455167 0.423490 0.451069
8 0.427680 0.256134 0.429156 0.257528 0.430271 0.259296 0.431016 0.261991 0.429638 0.261866 0.429125 0.259991 0.427557 0.258227
8 0.422005 0.250694 0.425539 0.254046 0.425388 0.256995 0.421443 0.253727
8 0.422135 0.248370 0.423461 0.248852 0.425148 0.250352 0.426112 0.250514 0.425539 0.254046 0.422617 0.251315 0.421865 0.249653
8 0.426586 0.264583 0.425888 0.271278 0.424076 0.270042 0.424599 0.264523
8 0.426563 0.264630 0.427667 0.266426 0.428604 0.269065 0.429229 0.269574 0.431911 0.271287 0.431938 0.274111 0.429359 0.272769 0.427615 0.271796 0.426990 0.270222 0.426703 0.268509 0.426260 0.268139
8 0.450036 0.262708 0.440115 0.262278 0.432005 0.261991 0.431016 0.261991 0.429638 0.261866 0.427224 0.261690 0.424964 0.261403 0.417245 0.261991 0.416437 0.262565 0.416518 0.263782 0.417083 0.264569 0.424599 0.264523 0.426586 0.264583 0.437776 0.264856 0.450521 0.265861 0.450885 0.265144 0.450805 0.263995 0.450682 0.263208
8 0.438779 0.253454 0.437732 0.262060 0.435432 0.262134 0.436521 0.252880 0.437247 0.252310 0.437974 0.252667
8 0.437440 0.279162 0.435031 0.279648 0.434849 0.282755 0.437862 0.281949 0.438195 0.280773 0.438135 0.279755 0.437893 0.279431
8 0.429841 0.264583 0.431029 0.268366 0.431911 0.271287 0.431938 0.274111 0.432247 0.275120 0.432909 0.281630 0.433956 0.281009 0.433607 0.277912 0.433154 0.273694 0.432737 0.272208 0.432771 0.271157 0.432841 0.269046 0.432073 0.267810 0.431482 0.264773
8 0.433190 0.264833 0.433154 0.268241 0.432841 0.269046 0.432073 0.267810 0.431482 0.264773
8 0.433294 0.249028 0.433365 0.261921 0.432005 0.261991 0.432010 0.250079 0.432635 0.250079 0.432609 0.249292
8 0.436021 0.245287 0.445781 0.252676 0.446630 0.255111 0.446589 0.256116 0.446023 0.255542 0.434609 0.246648
8 0.436013 0.365782 0.427341 0.366356 0.420714 0.367505 0.414049 0.369102 0.407245 0.373370 0.405469 0.374532 0.402250 0.374861 0.386026 0.374403 0.386229 0.372537 0.386633 0.372106 0.387276 0.371606 0.404760 0.372171 0.405599 0.371671 0.413391 0.367190 0.415727 0.365949 0.422716 0.364329 0.425359 0.364204 0.427820 0.364204 0.434745 0.363213
8 0.469646 0.367792 0.463870 0.369806 0.458469 0.371630 0.451396 0.372782 0.448911 0.372014 0.447292 0.372208 0.444430 0.372977 0.442594 0.372977 0.440628 0.370046 0.447005 0.369435 0.457307 0.368148 0.463151 0.366620 0.469630 0.364662
8 0.434385 0.356926 0.443253 0.357921 0.459867 0.360829 0.457813 0.363898 0.438633 0.361157 0.436065 0.360329
8 0.461617 0.349454 0.454289 0.359824 0.450602 0.359491 0.459609 0.347130 0.461151 0.348458 0.462177 0.348458
8 0.458448 0.330319 0.460969 0.343759 0.461669 0.344921 0.462089 0.345917 0.461854 0.347412 0.461617 0.349454 0.462177 0.348458 0.461151 0.348458 0.459609 0.347130 0.457635 0.336111 0.456487 0.329051
8 0.457292 0.320898 0.458104 0.327648 0.455966 0.325449 0.455573 0.321917 0.456177 0.321542 0.456417 0.320898
8 0.456487 0.329051 0.451240 0.339745 0.447690 0.346843 0.446521 0.348421 0.444664 0.348634 0.435549 0.343616 0.436677 0.340963 0.444906 0.345481 0.445672 0.345481 0.446440 0.343616 0.455112 0.327194
8 0.428906 0.309532 0.421971 0.311875 0.420737 0.311273 0.420654 0.309306 0.421206 0.308699 0.429289 0.306278
8 0.419633 0.310741 0.418865 0.312935 0.418526 0.314144 0.427758 0.318685 0.428099 0.315963 0.421971 0.311875 0.420737 0.311273 0.420654 0.309306
8 0.419302 0.314435 0.420630 0.330630 0.418070 0.325028 0.417776 0.317148 0.418526 0.314144
8 0.421565 0.338769 0.421812 0.346644 0.421615 0.348833 0.421023 0.349532 0.420680 0.347343 0.419547 0.339907 0.419055 0.333954
8 0.420951 0.291361 0.419255 0.299681 0.416437 0.316000 0.411826 0.332287 0.406557 0.349625 0.401969 0.359514 0.395740 0.371870 0.398385 0.372065 0.402167 0.364097 0.406807 0.355458 0.409958 0.348657 0.412458 0.339551 0.415646 0.326903 0.414901 0.325310 0.414536 0.324088 0.415063 0.323014 0.416232 0.322083 0.416867 0.322806 0.417776 0.317148 0.418526 0.314144 0.418865 0.312935 0.421323 0.300699 0.422279 0.295472 0.422310 0.292616 0.421823 0.291440
8 0.422242 0.292060 0.426112 0.292060 0.426042 0.293236 0.424719 0.295157 0.422487 0.294912 0.422310 0.292616
8 0.410917 0.293819 0.418781 0.292611 0.419875 0.293208 0.420161 0.294324 0.420161 0.295389 0.419979 0.296500 0.410500 0.297241
8 0.408885 0.294694 0.403156 0.295620 0.402974 0.296681 0.403260 0.297889 0.403833 0.298301 0.404562 0.298491 0.408469 0.298352 0.408703 0.297838 0.409008 0.294940
8 0.400766 0.292690 0.399716 0.301148 0.397701 0.313662 0.395763 0.326005 0.394078 0.333227 0.391529 0.341194 0.386466 0.356190 0.388966 0.357079 0.391404 0.349634 0.394716 0.337972 0.396151 0.332532 0.397651 0.326528 0.399214 0.318977 0.401818 0.303431 0.402940 0.293644 0.402990 0.290991 0.402193 0.290486 0.401448 0.290991
8 0.411174 0.267486 0.409708 0.267546 0.408385 0.271144 0.405875 0.277218 0.405352 0.279944 0.403747 0.282917 0.401620 0.287565 0.400711 0.288792 0.399216 0.296431 0.400766 0.292690 0.401448 0.290991 0.402193 0.290486 0.404169 0.286306 0.405148 0.283282 0.408523 0.275792 0.411068 0.268912
8 0.495857 0.527213 0.493266 0.526787 0.492359 0.525662 0.491513 0.525792 0.490667 0.527102 0.485641 0.527269 0.486698 0.526074 0.488924 0.523588 0.492844 0.523676
8 0.411534 0.286912 0.410430 0.298111 0.410000 0.301435 0.408927 0.301977 0.408672 0.303185 0.409138 0.307042 0.408323 0.316648 0.403664 0.337542 0.398323 0.355977 0.395552 0.357148 0.400565 0.343208 0.403927 0.327741 0.406826 0.314440 0.409008 0.294940 0.409646 0.286894
8 0.399695 0.243597 0.400688 0.248500 0.402122 0.258898 0.403005 0.263602 0.402534 0.270949 0.402078 0.278259 0.400711 0.288792 0.398042 0.302921 0.394982 0.312458 0.389828 0.338847 0.388333 0.338796 0.387771 0.336949 0.391456 0.318194 0.397695 0.297000 0.400052 0.284616 0.401781 0.269500 0.401695 0.265495 0.399891 0.257208 0.397721 0.242685
8 0.399044 0.395356 0.398865 0.396856 0.398081 0.397870 0.396906 0.397176 0.391542 0.392514 0.388875 0.390343 0.386607 0.388556 0.380328 0.383218 0.378195 0.381111 0.376016 0.379588 0.362370 0.370296 0.356466 0.365102 0.355539 0.363741 0.355781 0.361370 0.356589 0.361014 0.357232 0.361731 0.358885 0.362954 0.367477 0.369907 0.377081 0.377588 0.379219 0.379449 0.386513 0.385241 0.388031 0.386213 0.389656 0.387792 0.395062 0.391731 0.397141 0.393657
8 0.381771 0.367917 0.375073 0.365977 0.366742 0.362875 0.369216 0.360708 0.377164 0.363310 0.383021 0.365741
8 0.367826 0.359764 0.365971 0.361264 0.365326 0.362495 0.357747 0.359764 0.349779 0.357218 0.348997 0.354764 0.349336 0.353699 0.349961 0.353097 0.351185 0.353282 0.360039 0.356894
8 0.470786 0.445472 0.467685 0.438472 0.468078 0.435319 0.471870 0.442324
8 0.472177 0.441458 0.471870 0.442324 0.470786 0.445472 0.469508 0.451630 0.466521 0.463856 0.465401 0.470301 0.463047 0.490560 0.461281 0.510009 0.464104 0.501222 0.466487 0.484282 0.468430 0.468755 0.470810 0.455898 0.472292 0.448565
8 0.469510 0.432801 0.472943 0.435065 0.472974 0.436079 0.472784 0.436588 0.470432 0.435287 0.469034 0.433935
8 0.473198 0.431222 0.473260 0.434157 0.473451 0.439130 0.473896 0.445176 0.473997 0.452657 0.473753 0.467713 0.473240 0.468755 0.472539 0.468755 0.472172 0.467579 0.472172 0.466139 0.472292 0.448565 0.472177 0.441458 0.472266 0.437514 0.472266 0.436356 0.472784 0.436588 0.472974 0.436079 0.472943 0.435065 0.472083 0.434352 0.472104 0.431458
8 0.474036 0.429222 0.471693 0.430056 0.471484 0.430981 0.471641 0.431537 0.472104 0.431458 0.473198 0.431222 0.474740 0.430931
8 0.471484 0.430981 0.470521 0.429722 0.469818 0.429722 0.469427 0.430370 0.469271 0.431435 0.469510 0.432801 0.472083 0.434491 0.472104 0.431458 0.471641 0.431537
8 0.475174 0.437264 0.481344 0.443894 0.481276 0.447056 0.475313 0.440796
8 0.473594 0.440648 0.476458 0.443097 0.476698 0.444435 0.476427 0.445778 0.475854 0.445884 0.474409 0.444810 0.473802 0.444028
8 0.469529 0.425134 0.466716 0.435134 0.462883 0.447361 0.459508 0.459329 0.452576 0.485468 0.441977 0.525611 0.435034 0.558074 0.424898 0.597759 0.425549 0.599815 0.426633 0.599815 0.427284 0.599171 0.432490 0.580278 0.447794 0.513602 0.458742 0.469954 0.467656 0.440463 0.467685 0.438472 0.468078 0.435319 0.468609 0.435843 0.469034 0.433935 0.469510 0.432801 0.469271 0.431435 0.469427 0.430370 0.469818 0.429722 0.470521 0.429722 0.471010 0.430120 0.471479 0.426509
8 0.460286 0.464861 0.460292 0.473708 0.460198 0.490454 0.459760 0.504218 0.458826 0.519815 0.457612 0.524213 0.458500 0.511519 0.459185 0.489102 0.459419 0.475593 0.459451 0.467236
8 0.461823 0.504537 0.459596 0.506037 0.459318 0.510315 0.461305 0.509324
8 0.458586 0.507403 0.453565 0.511185 0.447326 0.515458 0.446245 0.520356 0.458500 0.511519
8 0.448401 0.511370 0.449089 0.514259 0.448307 0.514907 0.447958 0.512991
8 0.441406 0.484750 0.444195 0.494481 0.446984 0.506505 0.446357 0.508736 0.442940 0.493861 0.440604 0.485431
8 0.407128 0.311245 0.403229 0.317519 0.400250 0.321968 0.397651 0.326528 0.396151 0.332532 0.394716 0.337972 0.397159 0.334199 0.400505 0.327856 0.400724 0.326481 0.400945 0.325829 0.401865 0.325699 0.405727 0.319227 0.406826 0.314440
8 0.415990 0.296995 0.413068 0.300954 0.411763 0.303606 0.410206 0.306657 0.408966 0.309032 0.408323 0.316648 0.411604 0.309653 0.414529 0.302532 0.416276 0.300838 0.416911 0.300162 0.416625 0.297898 0.416372 0.296995
8 0.410000 0.301435 0.410747 0.305477 0.410206 0.306657 0.409349 0.308301 0.409138 0.307042 0.408672 0.303185 0.408927 0.301977
8 0.431773 0.357398 0.430109 0.357444 0.427917 0.357194 0.416549 0.358444 0.409495 0.359454 0.405560 0.360769 0.403255 0.362037 0.402706 0.364431 0.409409 0.363361 0.420375 0.361500 0.426932 0.360403 0.429352 0.360190 0.433565 0.360477 0.432865 0.359167
8 0.397807 0.342005 0.400438 0.343579 0.399760 0.345431 0.396531 0.343764
8 0.401609 0.344505 0.406557 0.349625 0.405906 0.351171 0.401115 0.346495
8 0.405911 0.351019 0.402208 0.351032 0.399734 0.351310 0.399031 0.353347 0.404917 0.353023
8 0.399141 0.356667 0.398982 0.361153 0.398643 0.364764 0.397862 0.364440 0.398122 0.359301 0.398148 0.357218
8 0.414411 0.332093 0.415870 0.338019 0.418115 0.348690 0.418497 0.350421 0.420833 0.351727 0.421023 0.349532 0.420680 0.347343 0.419547 0.339907 0.419055 0.333954 0.418812 0.333486 0.415646 0.326903
8 0.421995 0.315685 0.422622 0.329199 0.422935 0.334588 0.423307 0.335648 0.425656 0.340231 0.424922 0.328579 0.424260 0.317111
8 0.420440 0.314986 0.422576 0.327208 0.422622 0.329199 0.422935 0.334588 0.420630 0.330630 0.419302 0.314435
8 0.416286 0.397366 0.411104 0.412657 0.404096 0.432000 0.402729 0.431694 0.402161 0.430380 0.402331 0.428250 0.414635 0.395542 0.415260 0.395542
8 0.422083 0.380144 0.416552 0.396787 0.416211 0.395347 0.415404 0.394514 0.415018 0.394366 0.420294 0.378630 0.420977 0.378782
8 0.413474 0.369694 0.419799 0.370875 0.428773 0.372310 0.436237 0.372898 0.439253 0.372833 0.438078 0.369699 0.435833 0.369699 0.426161 0.369306 0.420500 0.368130 0.419323 0.367995 0.414049 0.369102
8 0.423281 0.366991 0.423789 0.368806 0.426161 0.369306 0.425187 0.366773
8 0.426854 0.366583 0.425943 0.368852 0.425187 0.366773
8 0.424596 0.371755 0.426193 0.379255 0.427219 0.383917 0.428966 0.383593 0.426945 0.372079
8 0.446458 0.362907 0.446490 0.364676 0.445435 0.365157 0.438596 0.365269 0.437240 0.362694
8 0.457339 0.363921 0.452096 0.368852 0.455260 0.368421 0.459961 0.364352
8 0.469375 0.350787 0.465339 0.352171 0.463966 0.349875 0.464409 0.348444 0.467919 0.348083
8 0.466966 0.351593 0.469859 0.359519 0.469557 0.363588 0.465339 0.352171
8 0.464451 0.339662 0.463396 0.342769 0.463938 0.345125 0.464813 0.345231 0.465505 0.344644 0.466047 0.343088
8 0.481393 0.524426 0.487148 0.524481 0.485523 0.526301 0.484044 0.528444 0.482479 0.528394 0.482117 0.526144 0.480911 0.524963
1 0.458448 0.330319 0.464078 0.340468 0.463396 0.342769 0.463938 0.345125 0.464813 0.345231 0.465505 0.344644 0.466047 0.343088 0.467919 0.348083 0.464409 0.348444 0.463966 0.349875 0.469557 0.363588 0.469630 0.364662 0.455260 0.368421 0.459961 0.364352 0.457813 0.363898 0.459867 0.360829 0.454289 0.359824 0.461617 0.349454 0.462177 0.348458 0.461818 0.348287 0.461854 0.347412 0.462089 0.345917 0.461669 0.344921 0.460969 0.343759
8 0.473234 0.355477 0.470534 0.378352 0.470049 0.379574 0.469120 0.380005 0.468234 0.378713 0.468719 0.376130 0.469646 0.367792 0.469557 0.363588 0.469859 0.359519 0.470677 0.352866
8 0.473654 0.349713 0.473531 0.352551 0.471724 0.350514 0.471724 0.349870
8 0.475326 0.306190 0.475279 0.315236 0.475138 0.331356 0.474672 0.339162 0.474307 0.345977 0.472292 0.346481 0.473177 0.338162 0.473500 0.330991 0.473060 0.323389 0.473583 0.316694 0.473195 0.304616 0.471461 0.299875 0.465542 0.284579 0.460380 0.272116 0.451802 0.250218 0.449427 0.244444 0.450219 0.244403 0.450641 0.244222 0.450258 0.243292 0.447607 0.238023 0.445656 0.233407 0.447995 0.235699 0.449445 0.237995 0.452354 0.245306 0.458047 0.259718 0.464039 0.275282 0.472151 0.296426 0.474339 0.302532 0.475151 0.304639
8 0.445464 0.232796 0.441188 0.232292 0.441391 0.233153 0.442115 0.234375 0.443406 0.235449 0.444818 0.235231 0.446352 0.235093
8 0.443406 0.235449 0.449818 0.244352 0.450219 0.244403 0.450641 0.244222 0.450258 0.243292 0.447607 0.238023 0.445859 0.235231 0.444818 0.235231
8 0.439883 0.228060 0.434310 0.229634 0.430586 0.230884 0.423685 0.231898 0.423341 0.230824 0.422846 0.230500 0.422326 0.230778 0.421961 0.232306 0.418758 0.232907 0.418549 0.232213 0.418602 0.231009 0.418940 0.230593 0.423888 0.229481 0.431310 0.228741 0.435156 0.227458 0.438958 0.226440
8 0.436094 0.218889 0.439479 0.225097 0.442318 0.230514 0.442005 0.231162 0.441615 0.231579 0.439883 0.228060 0.438958 0.226440 0.436380 0.221532 0.436172 0.220884
8 0.421961 0.232306 0.421823 0.234986 0.421576 0.237171 0.420130 0.244537 0.418646 0.253565 0.420417 0.254444 0.421302 0.247176 0.422839 0.236528 0.423685 0.231898 0.423341 0.230824 0.422846 0.230500 0.422326 0.230778
8 0.428312 0.248421 0.427224 0.261690 0.424964 0.261403 0.426255 0.247921 0.427706 0.247921
1 0.425344 0.242069 0.426359 0.243319 0.427089 0.245495 0.427479 0.246884 0.427706 0.247921 0.428312 0.248421 0.429094 0.248227 0.428990 0.247394 0.428365 0.247208 0.427948 0.245218 0.427609 0.243597 0.427193 0.242764 0.426177 0.241699 0.425630 0.241329
1 0.430266 0.247856 0.431594 0.248227 0.432245 0.248505 0.432609 0.249292 0.432635 0.250079 0.432010 0.250079 0.431828 0.249153 0.430943 0.248921 0.430422 0.248829
8 0.423776 0.236731 0.426901 0.238676 0.427734 0.239880 0.427943 0.241315 0.427578 0.242981 0.427578 0.242981 0.427609 0.243597 0.427193 0.242764 0.427031 0.241963 0.427057 0.240944 0.425391 0.239880 0.423646 0.238630 0.423359 0.237843 0.423464 0.237009
8 0.427578 0.242981 0.428281 0.244167 0.428646 0.245648 0.428990 0.247394 0.429094 0.248227 0.431016 0.261991 0.432005 0.261991 0.431484 0.256389 0.430422 0.248829 0.430266 0.247856 0.429714 0.244583 0.429427 0.242870 0.428932 0.241991 0.427943 0.241315
8 0.422187 0.245833 0.427479 0.246884 0.427706 0.247921 0.426255 0.247921 0.426214 0.248792 0.422031 0.247500
8 0.444781 0.247431 0.444711 0.248792 0.444815 0.250343 0.445781 0.252676 0.446630 0.255111 0.446589 0.256116 0.449654 0.262560 0.450036 0.262708 0.450682 0.263208 0.450805 0.263995 0.450885 0.265144 0.451964 0.266713 0.452729 0.265968 0.452521 0.262250 0.451544 0.260514 0.446349 0.248491 0.445654 0.247435 0.445409 0.247250
8 0.453138 0.273537 0.445398 0.272667 0.437135 0.270620 0.435427 0.270620 0.434732 0.271111 0.436237 0.272157 0.437341 0.273134 0.438997 0.274509 0.445990 0.276324 0.453729 0.276634
8 0.437109 0.264907 0.436279 0.270495 0.435427 0.270620 0.434732 0.271111 0.435797 0.274245 0.435031 0.279648 0.434849 0.282755 0.434224 0.285171 0.432745 0.285083 0.432909 0.281630 0.433956 0.281009 0.433607 0.277912 0.434081 0.272292 0.434654 0.267954 0.435135 0.264894
8 0.414393 0.268949 0.417076 0.272324 0.419635 0.276824 0.420753 0.278912 0.421656 0.279449 0.422982 0.279449 0.427109 0.279500 0.430755 0.279718 0.430875 0.281000 0.430875 0.281750 0.430544 0.282394 0.422771 0.282394 0.419818 0.281324 0.418151 0.278287 0.415286 0.272593 0.413820 0.270824
8 0.417865 0.273704 0.422409 0.273019 0.422982 0.273449 0.422982 0.275056 0.422620 0.275431 0.419065 0.275750
8 0.396302 0.396620 0.394482 0.410546 0.392354 0.422495 0.391333 0.416597 0.391589 0.414556 0.394609 0.395190
8 0.391927 0.423028 0.390609 0.434977 0.388992 0.430741 0.391034 0.418032
8 0.394482 0.410546 0.397430 0.414981 0.401117 0.420236 0.401719 0.421255 0.401974 0.423060 0.401815 0.424134 0.399844 0.423685 0.399049 0.421764 0.397271 0.418542 0.393805 0.414306
8 0.413573 0.412310 0.419385 0.430287 0.418797 0.430745 0.418576 0.431139 0.412266 0.412500
8 0.422786 0.410231 0.417695 0.411935 0.413880 0.412727 0.411750 0.412162 0.411464 0.411259 0.411656 0.410977 0.413753 0.410694 0.422440 0.408472
8 0.419930 0.392935 0.419070 0.396380 0.417609 0.402088 0.415893 0.405875 0.414557 0.407852 0.412841 0.409435 0.412206 0.410847 0.411656 0.410977 0.412458 0.408134 0.414112 0.406778 0.415701 0.404745 0.417323 0.400338 0.419198 0.392764
8 0.413237 0.415560 0.411331 0.421602 0.410633 0.422111 0.410346 0.421546 0.410409 0.420588 0.412708 0.413843
8 0.463714 0.409972 0.458497 0.407458 0.455471 0.406500 0.447458 0.402005 0.447188 0.402968 0.447729 0.405269 0.448862 0.406806 0.464307 0.413236
8 0.460469 0.411620 0.463388 0.419190 0.466034 0.426102 0.466359 0.428500 0.463820 0.427639 0.458529 0.413333 0.456909 0.410454
8 0.453589 0.415333 0.457229 0.418648 0.462596 0.424542 0.463820 0.427639 0.463391 0.427528 0.452844 0.417074
8 0.449320 0.414338 0.452844 0.417074 0.463391 0.427528 0.463820 0.427639 0.462026 0.428394 0.450529 0.417921 0.449271 0.416574
8 0.460776 0.445931 0.460654 0.455398 0.459508 0.459329 0.459688 0.446722 0.459807 0.446148 0.460169 0.446005
8 0.480836 0.477745 0.475117 0.493338 0.466195 0.517194 0.461414 0.528394 0.460354 0.539060 0.458729 0.549028 0.456799 0.584722 0.454581 0.634079 0.453513 0.635273 0.452141 0.635139 0.451685 0.632968 0.454307 0.586972 0.456451 0.554653 0.457898 0.537532 0.458661 0.531296 0.461659 0.519620 0.471654 0.493907 0.479219 0.474468 0.480188 0.475727
8 0.457128 0.587667 0.461706 0.598912 0.464503 0.604787 0.464628 0.606991 0.463992 0.608630 0.463135 0.608801 0.462625 0.607727 0.461896 0.604676 0.456492 0.591343 0.456589 0.588542
8 0.459083 0.584977 0.470682 0.602662 0.468359 0.602454 0.458003 0.586616
8 0.458003 0.586616 0.468359 0.602454 0.464766 0.602454 0.459531 0.593287 0.457128 0.587667
8 0.461039 0.582199 0.465076 0.588264 0.474948 0.602407 0.471719 0.602500 0.464763 0.592616 0.459424 0.584560
8 0.467292 0.572046 0.473148 0.587606 0.472138 0.588657 0.465130 0.570000
8 0.458674 0.549713 0.464146 0.565023 0.465508 0.566884 0.461880 0.556097 0.458958 0.547685
8 0.467216 0.548486 0.461531 0.555181 0.461219 0.554375 0.466935 0.547866
8 0.469271 0.546194 0.468086 0.547681 0.467807 0.546875 0.468643 0.546009
8 0.471956 0.543403 0.470318 0.545019 0.470109 0.544894 0.470143 0.544088 0.471503 0.542787
8 0.466414 0.541486 0.469482 0.544523 0.470109 0.544894 0.471365 0.546380 0.472513 0.548241 0.472620 0.549292 0.472687 0.552019 0.471956 0.551588 0.471677 0.548861 0.470284 0.547370 0.468958 0.545449 0.466901 0.543778
8 0.469141 0.528519 0.469133 0.536278 0.470214 0.536278 0.470247 0.529833
8 0.470284 0.547370 0.470078 0.551806 0.469323 0.551713 0.469167 0.546528 0.469375 0.546019
8 0.463870 0.536528 0.466005 0.544213 0.466935 0.547866 0.467216 0.548486 0.468036 0.550880 0.468583 0.551204 0.468714 0.550093 0.468086 0.547681 0.467807 0.546875 0.466901 0.543778 0.466414 0.541486 0.465276 0.537500
8 0.459115 0.546597 0.463255 0.551968 0.461719 0.553819 0.460286 0.551505 0.458958 0.547685
8 0.466484 0.604306 0.474276 0.616051 0.475245 0.614185 0.475891 0.613755 0.469435 0.604218
8 0.471299 0.604250 0.477297 0.612120 0.478133 0.614287 0.478133 0.615653 0.478029 0.616333 0.475891 0.613755 0.469435 0.604218
8 0.482479 0.528394 0.482185 0.530306 0.481281 0.531213 0.481055 0.526713 0.480911 0.524963 0.481102 0.525056 0.482117 0.526144
8 0.465568 0.644343 0.470328 0.649935 0.475247 0.657250 0.480266 0.665273 0.489576 0.686157 0.490698 0.688120 0.491182 0.688213 0.491182 0.686681 0.489023 0.680634 0.481766 0.665144 0.477810 0.657903 0.471203 0.648787 0.469164 0.646264 0.468698 0.646681 0.465943 0.642944 0.465482 0.642282 0.464583 0.641343
8 0.485826 0.612801 0.486898 0.625829 0.489237 0.655315 0.488753 0.658778 0.487724 0.658866 0.487128 0.658005 0.486914 0.654644 0.484701 0.628153 0.484159 0.617398 0.485130 0.614708
8 0.486247 0.617102 0.490917 0.623176 0.497292 0.631611 0.493115 0.630366 0.488268 0.623856 0.486490 0.621690
8 0.485826 0.612801 0.489214 0.617708 0.499672 0.631532 0.497292 0.631611 0.486247 0.617102
8 0.486198 0.610986 0.490990 0.617037 0.499969 0.629046 0.502581 0.631898 0.501503 0.631898 0.499672 0.631532 0.485826 0.612801
8 0.487521 0.608509 0.486198 0.610986 0.485826 0.612801 0.485130 0.614708 0.484159 0.617398 0.482609 0.620296 0.481828 0.619116 0.481737 0.618583 0.485232 0.610602 0.486740 0.607495
1 0.526573 0.611218 0.524638 0.613583 0.522701 0.615806 0.521974 0.615231 0.523062 0.614088 0.523062 0.611935 0.523589 0.610356 0.524234 0.610000 0.524758 0.610356 0.523870 0.611361 0.523628 0.612866 0.524154 0.613083 0.525727 0.610931
1 0.520159 0.617097 0.518505 0.618745 0.517497 0.620111 0.516932 0.621759 0.516529 0.621329 0.516690 0.619319 0.517820 0.618032 0.519474 0.616667
1 0.516771 0.623481 0.515721 0.624486 0.514109 0.625060 0.512172 0.626634 0.511164 0.627713 0.510883 0.628356 0.510357 0.630866 0.509268 0.632514 0.508138 0.634093 0.506081 0.634810 0.504630 0.635597 0.504750 0.634954 0.505638 0.634523 0.507734 0.633593 0.508945 0.632083 0.510195 0.629792 0.510641 0.627569 0.511768 0.626278 0.514310 0.624343 0.516125 0.623481
8 0.544977 0.602231 0.541630 0.601750 0.541060 0.601819 0.542203 0.599144 0.542927 0.599037 0.544977 0.599787
8 0.550219 0.601019 0.547174 0.600588 0.547266 0.602731 0.547596 0.603426 0.550310 0.603532
8 0.416669 0.298602 0.419318 0.298991 0.419255 0.299681 0.418471 0.304222 0.413875 0.304486 0.414529 0.302532 0.416276 0.300838 0.416911 0.300162
8 0.545513 0.590662 0.546315 0.593639 0.546906 0.599032 0.547174 0.600588 0.547266 0.602731 0.547596 0.603426 0.548307 0.612731 0.552112 0.641329 0.550052 0.643333 0.547615 0.624222 0.545721 0.605352 0.544977 0.602231 0.544977 0.599787 0.544570 0.596639 0.545823 0.594991 0.545620 0.593481 0.544534 0.593912 0.544049 0.594412 0.543927 0.590690
8 0.541203 0.598250 0.537997 0.603023 0.536672 0.604880 0.536742 0.608477 0.540505 0.603144 0.541060 0.601819 0.542203 0.599144 0.542529 0.598310
1 0.535482 0.604769 0.534034 0.606000 0.533521 0.606856 0.533068 0.608088 0.533042 0.609856 0.532495 0.609856 0.532495 0.607500 0.533068 0.605944 0.534307 0.604713 0.535542 0.604069
1 0.531563 0.611889 0.531260 0.612750 0.530357 0.613014 0.528883 0.613338 0.527948 0.613926 0.527076 0.615051 0.526893 0.616120 0.527375 0.616120 0.527888 0.614407 0.529000 0.614139 0.530568 0.613819 0.531380 0.613125 0.532107 0.611889
1 0.533102 0.612051 0.532286 0.613819 0.531896 0.615000 0.532409 0.615000 0.532708 0.613606 0.533615 0.612157
1 0.530711 0.618009 0.530117 0.620301 0.529456 0.620241 0.530083 0.618130
1 0.529315 0.621912 0.528792 0.623648 0.528271 0.623463 0.528792 0.621972
1 0.526841 0.621046 0.526456 0.620861 0.525760 0.622968 0.526247 0.623153
1 0.523911 0.625259 0.522518 0.625819 0.521612 0.627491 0.520984 0.627056 0.521680 0.625819 0.522797 0.625009
1 0.513672 0.639167 0.513073 0.642023 0.512133 0.644750 0.510807 0.646241 0.509935 0.645556 0.511469 0.644505 0.512549 0.642769 0.512865 0.641093 0.513073 0.638801
8 0.410161 0.298926 0.414612 0.298926 0.413068 0.300954 0.411229 0.304417 0.410677 0.304417 0.410000 0.301435
1 0.552813 0.578222 0.550221 0.576495 0.548115 0.574574 0.546211 0.573681 0.542089 0.572907 0.540589 0.571134 0.539089 0.568796 0.537716 0.567347 0.534966 0.565903 0.534966 0.566903 0.535964 0.567523 0.538732 0.569449 0.539815 0.572870 0.541742 0.574352 0.545081 0.574954 0.549411 0.577648 0.552758 0.579954
8 0.551940 0.612537 0.548440 0.613532 0.548307 0.612731 0.548065 0.610380 0.551052 0.609634
8 0.550201 0.606620 0.550443 0.609245 0.547971 0.609889 0.547820 0.606833
8 0.545891 0.607583 0.538359 0.609032 0.533042 0.609856 0.532495 0.609856 0.527391 0.609699 0.526453 0.609352 0.518893 0.605176 0.516664 0.607745 0.523172 0.611171 0.523589 0.610356 0.524234 0.610000 0.524758 0.610356 0.523870 0.611361 0.524708 0.612032 0.525727 0.610931 0.526573 0.611218 0.525523 0.612514 0.527211 0.612889 0.528883 0.613338 0.530357 0.613014 0.531260 0.612750 0.531563 0.611889 0.532107 0.611889 0.531380 0.613125 0.532633 0.613153 0.533102 0.612051 0.533615 0.612157 0.532708 0.613606 0.536641 0.613148 0.540016 0.612458 0.546094 0.610787
8 0.528656 0.490102 0.529969 0.507315 0.532703 0.546787 0.535711 0.586259 0.536234 0.589773 0.534323 0.590185 0.531143 0.549250 0.526674 0.493579 0.526505 0.491056 0.527174 0.490310
8 0.534466 0.599856 0.534372 0.601769 0.533029 0.602181 0.530690 0.603403 0.521492 0.602264 0.524385 0.598699
8 0.528073 0.594468 0.533487 0.596125 0.535073 0.598532 0.535354 0.600356 0.534466 0.599856 0.524385 0.598699
8 0.552622 0.617398 0.549195 0.618218 0.549721 0.621968 0.554008 0.620681
8 0.556445 0.627356 0.550052 0.626185 0.550776 0.630167 0.558555 0.631343
8 0.547977 0.629671 0.540318 0.628690 0.531979 0.627481 0.525469 0.625810 0.523911 0.625259 0.522797 0.625009 0.516771 0.623481 0.516125 0.623481 0.507654 0.619630 0.499641 0.612352 0.492362 0.604310 0.492211 0.602875 0.492211 0.601889 0.493203 0.601694 0.495706 0.604833 0.505930 0.615227 0.514201 0.620528 0.516529 0.621329 0.516932 0.621759 0.525760 0.622968 0.526247 0.623153 0.528271 0.623463 0.528792 0.623648 0.534029 0.624162 0.539656 0.624444 0.547896 0.626245
8 0.539674 0.628875 0.530221 0.629838 0.523823 0.630185 0.515503 0.629222 0.511164 0.627713 0.512172 0.626634 0.513682 0.625370 0.518357 0.626245 0.520984 0.627056 0.521612 0.627491 0.527859 0.627037 0.529141 0.626861 0.531979 0.627481
8 0.548594 0.633056 0.539190 0.632606 0.529531 0.631551 0.522932 0.631111 0.514253 0.630051 0.519357 0.632019 0.524378 0.633079 0.536164 0.634968 0.549099 0.635574
8 0.405495 0.286500 0.407370 0.294801 0.408620 0.294801 0.407406 0.286824
8 0.453909 0.591088 0.446143 0.604106 0.436703 0.617750 0.431146 0.622144 0.423432 0.627162 0.418430 0.631884 0.411589 0.647315 0.394948 0.681250 0.374307 0.721856 0.372419 0.722481 0.372180 0.720380 0.372888 0.717449 0.398995 0.666204 0.415193 0.632796 0.420602 0.624259 0.422852 0.622269 0.430810 0.618819 0.434083 0.616088 0.438732 0.608639 0.448589 0.594866 0.454307 0.586972
8 0.458089 0.557417 0.463177 0.563866 0.471091 0.574213 0.474508 0.579116 0.473635 0.580597 0.467292 0.572046 0.465130 0.570000 0.460737 0.564241 0.458099 0.560787
8 0.470138 0.537431 0.469227 0.537384 0.469331 0.544236 0.469482 0.544523 0.470109 0.544894 0.470143 0.544088 0.470138 0.539792
8 0.478841 0.461870 0.474029 0.480500 0.464539 0.511903 0.461659 0.519620 0.458661 0.531296 0.457482 0.536296 0.456823 0.537593 0.454318 0.547213 0.451437 0.559824 0.435599 0.613931 0.434083 0.616088 0.431383 0.618852 0.434810 0.603852 0.441401 0.580889 0.446284 0.564144 0.451305 0.546407 0.451526 0.545181 0.453021 0.539125 0.457612 0.524213 0.458826 0.519815 0.461281 0.510009 0.461305 0.509324 0.464104 0.501222 0.464104 0.501222 0.471117 0.478472 0.475763 0.462338 0.476909 0.461662
8 0.497414 0.480454 0.484760 0.490764 0.472302 0.500843 0.474674 0.494630 0.481464 0.490060 0.486802 0.485491 0.496424 0.478111
8 0.468404 0.499046 0.469781 0.498519 0.467714 0.503769 0.466828 0.504384
8 0.472281 0.541718 0.471214 0.542759 0.470112 0.542306 0.470138 0.539792
8 0.461211 0.531519 0.464299 0.533542 0.469229 0.539037 0.469229 0.542630 0.465276 0.537500 0.463870 0.536528 0.460807 0.534787
8 0.451305 0.546407 0.447117 0.555847 0.446060 0.558681 0.443958 0.564259 0.442820 0.566662 0.441922 0.569102 0.440542 0.572481 0.421547 0.623167 0.422852 0.622269 0.426227 0.620523 0.434737 0.596088 0.442737 0.576269 0.446284 0.564144
8 0.424133 0.627046 0.419786 0.638296 0.418872 0.638296 0.417346 0.637755 0.417042 0.636264 0.417346 0.634907 0.419023 0.631384
8 0.451628 0.594759 0.450245 0.608000 0.448773 0.623875 0.444721 0.676264 0.441505 0.707370 0.435078 0.773440 0.435904 0.773440 0.439211 0.744042 0.443305 0.702657 0.448872 0.640597 0.452453 0.593634
8 0.444141 0.584815 0.448859 0.594546 0.447867 0.595722 0.443417 0.587028
8 0.450190 0.597481 0.451174 0.598954 0.450826 0.602116 0.448982 0.599403
8 0.451620 0.603755 0.453177 0.607088 0.453464 0.602454 0.451823 0.599907
8 0.451542 0.605269 0.452914 0.610690 0.453177 0.607088 0.451620 0.603755
8 0.448961 0.567801 0.453151 0.579352 0.452677 0.584472 0.449698 0.576301 0.448042 0.571528
8 0.453854 0.580417 0.454625 0.582185 0.454307 0.586972 0.453484 0.585125
8 0.447500 0.582870 0.452208 0.588944 0.452026 0.589792 0.451326 0.590972 0.448310 0.586264
8 0.407552 0.298519 0.408107 0.303037 0.408620 0.298611
1 0.516253 0.445130 0.514669 0.447810 0.513971 0.449574 0.512867 0.450162 0.511987 0.452449 0.511104 0.454806 0.510516 0.456764 0.507977 0.462190 0.508089 0.463236 0.508786 0.462454 0.511286 0.457028 0.512318 0.453625 0.513273 0.451273 0.514120 0.450032 0.514685 0.449514 0.515026 0.448153 0.515870 0.446681 0.516471 0.445782
8 0.514362 0.449870 0.514839 0.456481 0.515539 0.468065 0.516568 0.479736 0.516568 0.483921 0.515612 0.488042 0.514990 0.489935 0.512919 0.492949 0.510859 0.494394 0.509685 0.493148 0.512224 0.490667 0.514688 0.486870 0.515495 0.483347 0.514760 0.475366 0.513221 0.458037 0.512708 0.452745 0.513273 0.451273 0.514120 0.450032
8 0.525695 0.465884 0.524445 0.466407 0.521945 0.465755 0.519555 0.464120 0.518047 0.463269 0.515177 0.462616 0.515177 0.465361 0.517898 0.466866 0.520768 0.468106 0.522901 0.469153 0.524224 0.469023 0.525953 0.468171
8 0.510133 0.474310 0.512516 0.477644 0.515281 0.481431 0.515495 0.483347 0.515154 0.484935 0.512549 0.481148 0.509687 0.476569
8 0.420849 0.431269 0.416805 0.451926 0.417089 0.453750 0.418229 0.454157 0.419141 0.452940 0.422672 0.434106 0.422388 0.431875 0.422039 0.430532 0.422039 0.429699 0.422802 0.429782 0.423526 0.430986 0.424888 0.423199 0.425229 0.420069 0.423362 0.419889 0.422227 0.425759
8 0.416521 0.467028 0.413500 0.462977 0.409115 0.460750 0.405128 0.460343 0.400570 0.461657 0.396583 0.465000 0.394419 0.468139 0.392768 0.476139 0.391857 0.487278 0.391003 0.488088 0.390945 0.484037 0.391685 0.474417 0.393167 0.468546 0.396185 0.462977 0.399773 0.459940 0.405357 0.458417 0.409115 0.458926 0.412534 0.460343 0.415438 0.462569 0.417260 0.465306
8 0.406945 0.477426 0.406255 0.477954 0.400052 0.462111 0.400570 0.461657 0.401102 0.461815
8 0.397198 0.458213 0.398406 0.458361 0.400466 0.458505 0.401401 0.459384 0.399773 0.459940 0.397773 0.460167
8 0.398995 0.458468 0.396599 0.452634 0.392010 0.440287 0.388164 0.430880 0.385115 0.423412 0.382227 0.415782 0.381911 0.414894 0.382635 0.414519 0.384594 0.419287 0.388992 0.430741 0.390609 0.434977 0.394430 0.444856 0.400026 0.458380
8 0.483591 0.450917 0.483229 0.462213 0.483047 0.464352 0.481938 0.485431 0.481740 0.488667 0.479771 0.484907 0.479927 0.480250 0.480755 0.477870 0.480188 0.475727 0.480281 0.472579 0.480755 0.462065 0.480815 0.459495 0.481276 0.447056 0.481344 0.443894 0.483344 0.444736 0.483344 0.448523
8 0.471956 0.364306 0.496333 0.360356 0.496846 0.360556 0.496904 0.362884 0.496562 0.363796 0.480956 0.366634 0.471727 0.367343
8 0.489852 0.365014 0.503581 0.377972 0.505914 0.380912 0.507021 0.387755 0.506365 0.391037 0.507156 0.395139 0.509047 0.403556 0.509846 0.408009 0.510016 0.416213 0.509448 0.417731 0.508935 0.409426 0.507794 0.403958 0.506997 0.399199 0.505404 0.393935 0.505630 0.386644 0.502099 0.378894 0.488336 0.366176 0.487266 0.365630
8 0.537706 0.311282 0.534060 0.317356 0.532180 0.319486 0.530927 0.321407 0.528534 0.324648 0.525742 0.327889 0.522724 0.330523 0.513776 0.335949 0.504612 0.340394 0.486474 0.346560 0.474273 0.349792 0.473654 0.349713 0.471724 0.349870 0.471089 0.349815 0.470177 0.347495 0.472292 0.346481 0.474307 0.345977 0.493680 0.340991 0.505898 0.335778 0.516122 0.330662 0.523500 0.326218 0.526872 0.323000 0.528734 0.320435 0.531542 0.318611 0.533867 0.313620 0.534784 0.312852
8 0.512781 0.336574 0.512729 0.346079 0.511919 0.346556 0.511000 0.345787 0.510893 0.343676 0.510893 0.337148
8 0.512555 0.320912 0.512716 0.332245 0.510620 0.333463 0.510740 0.321343 0.510620 0.320412
8 0.512234 0.307935 0.512596 0.318403 0.510258 0.317042 0.510458 0.307718 0.511104 0.307287
8 0.493714 0.311870 0.498112 0.313019 0.510258 0.317042 0.512596 0.318403 0.525859 0.323889 0.523500 0.326218 0.522596 0.326694 0.512656 0.321718 0.512555 0.320912 0.510620 0.320412 0.509156 0.320306 0.497534 0.316819 0.493990 0.315491 0.493336 0.313583
8 0.525742 0.327889 0.531917 0.331894 0.532898 0.331731 0.533646 0.330403 0.533646 0.328907 0.532805 0.327250 0.528185 0.325093
8 0.361690 0.215190 0.362836 0.216116 0.362107 0.218569 0.361352 0.218153 0.361302 0.215972
8 0.427180 0.531264 0.426224 0.538056 0.425526 0.536157 0.426078 0.531972
8 0.413281 0.481759 0.418526 0.493343 0.416135 0.496273 0.411714 0.486361
8 0.479247 0.279407 0.483625 0.278315 0.485583 0.280736 0.488518 0.285727 0.490391 0.284519 0.487922 0.280736 0.484945 0.276273 0.483797 0.274912 0.482859 0.274833 0.479583 0.276347
1 0.541906 0.635347 0.539036 0.642083 0.538815 0.641625 0.539148 0.639597 0.541242 0.635218
8 0.477206 0.376676 0.476581 0.393894 0.474701 0.426296 0.473560 0.426398 0.473049 0.425083 0.473049 0.422653 0.475156 0.384171 0.475469 0.378644
8 0.484029 0.373310 0.481469 0.383991 0.477034 0.398782 0.476005 0.403593 0.475341 0.414769 0.479034 0.400944 0.482281 0.387727 0.483464 0.380199 0.484477 0.374505
8 0.412109 0.313125 0.414492 0.323338 0.413003 0.328028 0.412440 0.324310 0.411583 0.320898 0.409641 0.314185 0.410661 0.312898
8 0.477260 0.276741 0.473672 0.278014 0.472164 0.278537 0.473523 0.279583 0.474039 0.281019 0.477974 0.279583 0.476870 0.278588 0.477982 0.278014 0.478109 0.276454
8 0.466956 0.267449 0.470266 0.277907 0.468867 0.277907 0.466737 0.271194 0.466406 0.268676 0.465854 0.267560
8 0.377776 0.161102 0.371180 0.181931 0.366648 0.192259 0.367586 0.187968 0.373247 0.169153 0.376003 0.160227 0.376445 0.159875 0.377086 0.159875
8 0.382453 0.163287 0.378268 0.171690 0.372951 0.183681 0.368099 0.196250 0.366641 0.192500 0.371180 0.181931 0.375964 0.170875 0.380857 0.161269 0.381581 0.161347 0.382260 0.161644 0.382432 0.162097
8 0.365432 0.194176 0.363557 0.200319 0.362086 0.205287 0.361167 0.209213 0.360174 0.213528 0.363622 0.208120 0.364940 0.204556 0.366260 0.199870 0.366865 0.197815
8 0.361302 0.215972 0.361427 0.220542 0.361714 0.223764 0.362604 0.229074 0.360792 0.228171 0.359839 0.222972 0.359586 0.219579 0.359711 0.218565
8 0.358016 0.209519 0.359734 0.211370 0.360437 0.212157 0.360174 0.213528 0.359708 0.214472 0.358544 0.213556
5 0.420984 0.443449 0.423003 0.445463 0.423594 0.447301 0.422953 0.450014 0.417932 0.465157 0.415570 0.474259 0.413281 0.481759 0.411714 0.486361 0.411187 0.485532 0.408922 0.480995 0.408453 0.481273 0.408401 0.481644 0.408349 0.482384 0.409234 0.484329 0.410927 0.487903 0.410505 0.488986 0.409529 0.491218 0.404076 0.477083 0.398979 0.463005 0.400052 0.462111 0.406255 0.477954 0.406945 0.477426 0.401102 0.461815 0.405128 0.460343 0.409115 0.460750 0.413500 0.462977 0.416521 0.467028 0.417260 0.465306 0.415438 0.462569 0.412534 0.460343 0.409115 0.458926 0.405357 0.458417 0.401401 0.459384 0.400026 0.458380 0.399042 0.455310 0.405891 0.437028 0.407466 0.432301 0.408599 0.431338 0.411701 0.432824 0.418888 0.440880 0.416805 0.451926 0.417089 0.453750 0.418229 0.454157 0.419141 0.452940
8 0.383398 0.295815 0.378229 0.303514 0.363552 0.327671 0.355523 0.340431 0.354385 0.337491 0.363440 0.323310 0.380521 0.295694 0.381615 0.296065 0.382255 0.296278
8 0.376513 0.287787 0.377654 0.290273 0.378755 0.291708 0.379823 0.292884 0.381846 0.293866 0.384492 0.293931 0.384161 0.295894 0.383398 0.295815 0.382255 0.296278 0.381615 0.296065 0.380521 0.295694 0.377469 0.292843 0.375878 0.289806
8 0.440812 0.314431 0.444289 0.315343 0.448958 0.318741 0.453482 0.323056 0.455966 0.325449 0.458104 0.327648 0.460469 0.329662 0.462711 0.332931 0.467125 0.341296 0.468779 0.345153 0.470177 0.347495 0.471089 0.349815 0.471724 0.349870 0.471724 0.350514 0.473531 0.352551 0.475398 0.354764 0.474922 0.357380 0.473234 0.355477 0.470677 0.352866 0.469375 0.350787 0.467919 0.348083 0.466047 0.343088 0.464451 0.339662 0.464078 0.340468 0.458448 0.330319 0.456487 0.329051 0.455112 0.327194 0.454659 0.328093 0.450208 0.323843 0.445206 0.320153 0.443484 0.318227 0.441677 0.317370
8 0.472164 0.278537 0.470266 0.277907 0.468867 0.277907 0.465177 0.278079 0.465802 0.280301 0.469956 0.279713 0.472052 0.280366 0.474039 0.281019 0.473523 0.279583
8 0.467786 0.269954 0.474625 0.275509 0.476435 0.276977 0.474846 0.277597 0.471669 0.274944 0.468555 0.272398
8 0.443310 0.307477 0.449716 0.312384 0.455602 0.316875 0.459716 0.319144 0.462997 0.320764 0.462451 0.323866 0.459872 0.322986 0.457292 0.320898 0.456417 0.320898 0.450888 0.317954 0.447815 0.315639 0.446383 0.313694 0.445315 0.312861 0.444664 0.312167 0.444273 0.310731 0.442633 0.309296
8 0.442083 0.310972 0.443297 0.311458 0.443896 0.312662 0.445563 0.314699 0.446526 0.315671 0.447542 0.317801 0.448688 0.318449 0.447516 0.315532 0.446383 0.313694 0.445315 0.312861 0.444664 0.312167 0.444273 0.310731 0.442633 0.309296
8 0.429240 0.291556 0.429570 0.299162 0.429979 0.302671 0.431383 0.306907 0.432635 0.308630 0.437143 0.311875 0.436013 0.306398 0.435771 0.305593 0.434307 0.305162 0.432461 0.300819 0.431484 0.291028
8 0.439396 0.306972 0.441417 0.307718 0.439982 0.311880 0.439612 0.308662
8 0.465721 0.314736 0.469966 0.315431 0.471893 0.315894 0.472831 0.320801 0.467518 0.319644 0.464888 0.318810
8 0.475255 0.316662 0.479625 0.317569 0.479927 0.322176 0.475526 0.321856 0.475164 0.320676
8 0.491536 0.286991 0.493151 0.291019 0.489792 0.288009
8 0.436865 0.274824 0.436812 0.278106 0.436943 0.279171 0.437440 0.279162 0.437893 0.279431 0.438135 0.279755 0.438195 0.280773 0.437862 0.281949 0.436943 0.282463 0.437932 0.284588 0.438557 0.285329 0.440693 0.285282 0.441448 0.283157 0.441552 0.282319 0.441396 0.281856 0.439180 0.276991 0.437490 0.274903
8 0.439469 0.266671 0.439365 0.271120 0.437135 0.270620 0.436279 0.270495 0.436839 0.266630 0.437672 0.265977 0.438323 0.266208 0.438792 0.266347
8 0.455195 0.268690 0.457635 0.273894 0.460667 0.280958 0.463667 0.287796 0.466167 0.294181 0.468724 0.300310 0.471151 0.308769 0.473375 0.314694 0.473583 0.316694 0.473151 0.321755 0.472831 0.320801 0.471893 0.315894 0.470294 0.312148 0.467784 0.304153 0.462612 0.290926 0.460026 0.284958 0.457969 0.280435 0.455648 0.271162
8 0.480234 0.272880 0.493667 0.275606 0.494635 0.274028 0.494755 0.272236 0.493786 0.270657 0.484953 0.269366 0.484672 0.270227 0.480638 0.269583
8 0.484740 0.250972 0.491964 0.248241 0.492372 0.248671 0.492529 0.250394 0.491924 0.250750 0.487245 0.252042
8 0.481638 0.254481 0.478370 0.255843 0.477443 0.253833 0.478773 0.252977 0.480146 0.253620
8 0.494969 0.227431 0.485732 0.237616 0.476133 0.248657 0.475284 0.248944 0.474518 0.246648 0.483190 0.236898 0.493799 0.224921
8 0.490737 0.218542 0.487669 0.223630 0.481536 0.238620 0.478797 0.241630 0.480573 0.235681 0.487508 0.219472 0.489000 0.216458 0.489930 0.216532 0.490250 0.217106
8 0.477982 0.278014 0.479247 0.279407 0.479669 0.275764 0.480234 0.272880 0.480638 0.269583 0.481055 0.263181 0.480641 0.260514 0.479940 0.258718 0.478370 0.255843 0.477443 0.253833 0.476326 0.250736 0.475284 0.248944 0.474518 0.246648 0.471958 0.241134 0.469859 0.237810 0.465594 0.229306 0.464703 0.227653 0.463617 0.227005 0.459138 0.226505 0.452232 0.225282 0.448734 0.224699 0.444057 0.225042 0.441286 0.225736 0.443365 0.228199 0.446648 0.227505 0.452404 0.228042 0.458883 0.228792 0.462286 0.229218 0.463945 0.229917 0.464909 0.231736 0.468625 0.240046 0.473549 0.249310 0.476211 0.255370 0.477422 0.259435 0.478250 0.261282 0.479096 0.264370 0.479096 0.267667 0.478760 0.272602
8 0.473187 0.268495 0.477260 0.276741 0.478109 0.276454 0.478552 0.274088 0.475729 0.268708
8 0.459531 0.263519 0.466406 0.268676 0.466737 0.271194 0.460742 0.266481
8 0.459531 0.263519 0.466729 0.264616 0.472573 0.265472 0.477516 0.266171 0.479021 0.266171 0.479096 0.267667 0.478961 0.269653 0.475729 0.268708 0.473187 0.268495 0.467661 0.267829 0.465854 0.267560 0.465161 0.267560
8 0.478146 0.260602 0.471909 0.262694 0.466875 0.264139 0.466729 0.264616 0.471878 0.265319 0.477362 0.263444 0.478688 0.262907
8 0.469487 0.254583 0.471232 0.259162 0.472451 0.262514 0.473602 0.262144 0.471893 0.256750 0.471091 0.253963 0.469940 0.253403
8 0.472034 0.257264 0.477555 0.260736 0.474742 0.261708 0.472997 0.260042
8 0.475859 0.254444 0.471667 0.256088 0.471893 0.256750 0.472034 0.257264 0.473359 0.258032 0.476589 0.256644 0.476211 0.255370
8 0.510466 0.331741 0.506125 0.334389 0.501997 0.336505 0.497997 0.338019 0.488469 0.339454 0.481193 0.339986 0.479958 0.342861 0.481193 0.343088 0.484935 0.342935 0.493680 0.340991 0.505898 0.335778 0.510620 0.333463
8 0.448224 0.199329 0.448161 0.201421 0.448797 0.202833 0.461003 0.195995 0.461510 0.195093 0.461542 0.193509 0.461130 0.192773 0.460065 0.193245 0.459810 0.193472 0.449180 0.198370
8 0.461948 0.196880 0.469958 0.193093 0.479654 0.189079 0.488932 0.185352 0.489029 0.186708 0.478763 0.190944 0.466589 0.196088 0.462141 0.198292 0.462109 0.197838
8 0.472737 0.197208 0.468177 0.204204 0.465031 0.209593 0.464714 0.210042 0.458138 0.220088 0.456469 0.223255 0.457070 0.224671 0.457802 0.224782 0.459076 0.223083 0.464763 0.214157 0.469607 0.206565 0.470562 0.203949 0.471789 0.203537 0.473464 0.200718 0.473065 0.198259
8 0.530607 0.515894 0.535927 0.527468 0.539245 0.536162 0.539927 0.535255 0.536141 0.525954 0.530479 0.513394
8 0.544648 0.525954 0.539117 0.527236 0.536906 0.527843 0.538310 0.531171 0.543245 0.530111 0.544990 0.527389
8 0.536180 0.528000 0.531474 0.529977 0.531760 0.534273 0.537396 0.531667
8 0.529766 0.530741 0.522188 0.533542 0.517932 0.535731 0.508232 0.539597 0.508656 0.541861 0.508487 0.543523 0.508359 0.544282 0.517208 0.539894 0.526740 0.536111 0.530016 0.535130
8 0.490781 0.518199 0.490016 0.519440 0.490539 0.520370 0.491148 0.521440 0.491370 0.522005 0.492844 0.523676 0.495857 0.527213 0.505885 0.538435 0.507320 0.539963 0.507841 0.540764 0.507841 0.542199 0.504396 0.544458 0.495721 0.552037 0.488245 0.558764 0.489505 0.559843 0.503833 0.547981 0.507615 0.544991 0.508359 0.544282 0.508487 0.543523 0.508656 0.541861 0.508232 0.539597 0.507659 0.537690 0.504253 0.533130 0.494919 0.523171
8 0.516547 0.487130 0.527831 0.510171 0.527885 0.508440 0.518167 0.488759 0.517247 0.487130
8 0.531555 0.481301 0.519687 0.491759 0.519141 0.490833 0.531461 0.479477
8 0.518622 0.491671 0.513148 0.497065 0.513776 0.498056 0.519146 0.492602
6 0.396529 0.224500 0.399581 0.224958 0.399740 0.223148 0.401820 0.223222 0.401898 0.225616 0.405906 0.224764 0.405995 0.218278 0.403898 0.219690 0.400479 0.221407
6 0.389115 0.216676 0.401669 0.217296 0.398737 0.219343 0.393172 0.224690 0.385234 0.224306 0.384698 0.224023 0.385810 0.222574 0.387878 0.219338
6 0.379297 0.220602 0.381201 0.217995 0.381576 0.218375 0.383102 0.219250 0.385958 0.218199 0.384727 0.220472 0.382565 0.222644
8 0.415047 0.206519 0.414698 0.208097 0.415078 0.213861 0.416096 0.213634 0.416031 0.207310 0.415714 0.206685 0.415521 0.206537
8 0.428943 0.192495 0.423021 0.199356 0.418057 0.206093 0.416034 0.208250 0.416031 0.207310 0.415714 0.206685 0.415521 0.206537 0.416924 0.204796 0.420888 0.199556 0.430302 0.188310
8 0.448497 0.196167 0.446539 0.200630 0.444497 0.203880 0.442839 0.204940 0.435221 0.207815 0.434966 0.206528 0.435518 0.205167 0.435987 0.204639 0.441859 0.202370 0.443901 0.199569 0.446711 0.194500 0.447349 0.193671 0.448070 0.193898 0.448583 0.194806
8 0.418987 0.461630 0.423422 0.467755 0.423560 0.467009 0.423753 0.464764 0.420073 0.458870
8 0.424219 0.466620 0.426443 0.470468 0.427724 0.473866 0.428497 0.483019 0.425667 0.485699 0.424893 0.477921 0.424563 0.472824 0.424083 0.471579
8 0.428906 0.485972 0.429497 0.496801 0.429581 0.499755 0.428086 0.500829 0.427109 0.487917
8 0.424891 0.520019 0.427318 0.527472 0.425000 0.529037 0.423602 0.523222 0.423750 0.520213
8 0.478490 0.348708 0.476448 0.356421 0.474279 0.363759 0.472362 0.364213 0.474922 0.357380 0.475398 0.354764 0.476917 0.349162
8 0.488224 0.318898 0.484531 0.329755 0.479312 0.344806 0.477294 0.345245 0.483349 0.328440 0.486500 0.320736 0.487091 0.318898 0.487534 0.318639
8 0.520190 0.325403 0.515708 0.328204 0.512607 0.330306 0.512716 0.332245 0.522596 0.326694
8 0.512992 0.306954 0.521503 0.314667 0.525672 0.319356 0.524906 0.320491 0.517375 0.313153 0.512234 0.307935 0.511104 0.307287
8 0.531771 0.307403 0.531315 0.308315 0.529891 0.307505 0.522828 0.295250 0.519523 0.289380 0.513953 0.276398 0.512612 0.273421 0.511464 0.270880 0.509703 0.265875 0.499753 0.241620 0.494969 0.227431 0.493799 0.224921 0.490737 0.218542 0.490250 0.217106 0.489930 0.216532 0.486458 0.208801 0.484589 0.203991 0.480794 0.197532 0.480701 0.196037 0.478333 0.191255 0.481427 0.189968 0.488023 0.205662 0.494346 0.220662 0.496784 0.227343 0.506378 0.251759 0.513089 0.269630 0.514266 0.272310 0.519581 0.284384 0.525693 0.296347 0.531258 0.305704
8 0.544154 0.299819 0.538289 0.310014 0.536508 0.308370 0.543164 0.297356 0.544021 0.297829
8 0.523563 0.292204 0.525156 0.291796 0.525727 0.291088 0.528120 0.291394 0.528859 0.293218 0.543555 0.293319 0.544125 0.295745 0.544294 0.296963 0.543164 0.297356 0.538143 0.297167 0.525693 0.296347
8 0.545052 0.293593 0.555932 0.297032 0.555932 0.299565 0.555135 0.300375 0.545109 0.297542 0.545052 0.295009
8 0.542687 0.291264 0.543112 0.292398 0.543555 0.293319 0.544125 0.295745 0.544294 0.296963 0.544021 0.297829 0.544154 0.299819 0.544904 0.318542 0.545495 0.332014 0.544440 0.337755 0.544112 0.341273 0.544773 0.340801 0.545099 0.336468 0.546286 0.332838 0.546023 0.326157 0.545232 0.299329 0.545109 0.297542 0.545052 0.295009 0.545052 0.293593 0.544177 0.291120 0.543648 0.290773
8 0.518409 0.287218 0.514026 0.296824 0.511857 0.300755 0.511354 0.300468 0.512281 0.295384 0.517174 0.284042
8 0.510792 0.274644 0.514763 0.278431 0.515909 0.281028 0.514773 0.281329 0.512154 0.279102 0.509266 0.275889
8 0.480716 0.266514 0.484969 0.266815 0.485396 0.267421 0.484953 0.269366 0.484672 0.270227 0.480638 0.269583
8 0.479109 0.306051 0.487495 0.309713 0.486208 0.312917 0.479661 0.310171
8 0.475451 0.305352 0.478172 0.305810 0.478651 0.310125 0.475378 0.310125
8 0.478513 0.301810 0.484214 0.301681 0.485539 0.301481 0.485794 0.301810 0.485318 0.304685 0.484766 0.306190 0.483773 0.306384 0.479109 0.306051
8 0.468828 0.300926 0.471823 0.301306 0.472482 0.302625 0.473195 0.304616 0.469880 0.304505
1 0.490391 0.284519 0.511464 0.270880 0.499753 0.241620 0.494969 0.227431 0.485732 0.237616 0.476133 0.248657 0.484740 0.250972 0.491964 0.248241 0.492372 0.248671 0.492529 0.250394 0.491924 0.250750 0.487245 0.252042 0.492682 0.253106 0.492977 0.255194 0.492536 0.256898 0.481638 0.254481 0.478370 0.255843 0.479940 0.258718 0.480641 0.260514 0.481055 0.263181 0.480716 0.266514 0.484969 0.266815 0.485396 0.267421 0.484953 0.269366 0.494083 0.270380 0.494755 0.272236 0.494635 0.274028 0.493667 0.275606 0.480234 0.272880 0.479669 0.275764 0.482859 0.274833 0.483797 0.274912 0.484945 0.276273 0.487922 0.280736
8 0.450956 0.168546 0.450503 0.172884 0.450354 0.175231 0.450146 0.176597 0.449839 0.179639 0.449526 0.182181 0.448620 0.184657 0.447852 0.186889 0.445760 0.196065 0.443901 0.199569 0.441859 0.202370 0.442721 0.199412 0.443857 0.194153 0.446437 0.190495 0.446508 0.188454 0.446297 0.187458 0.445740 0.187088 0.447458 0.180866 0.448716 0.178458 0.448625 0.177287 0.448333 0.177153 0.448299 0.175356 0.448878 0.167653 0.449846 0.167509
8 0.411604 0.309653 0.416484 0.309250 0.416951 0.310463 0.416951 0.312278 0.416695 0.312884 0.412109 0.313125 0.410661 0.312898 0.409641 0.314185
8 0.599271 0.495167 0.602151 0.510051 0.611497 0.549380 0.612432 0.553366 0.614609 0.559532 0.614029 0.554389 0.610341 0.538708 0.603182 0.509407 0.600000 0.494889
8 0.515870 0.446681 0.521188 0.449102 0.529357 0.452579 0.533526 0.454245 0.535740 0.455833 0.541109 0.460829 0.544469 0.464111 0.560443 0.481898 0.559891 0.483634 0.553146 0.476431 0.543943 0.465634 0.542362 0.463639 0.540581 0.462352 0.535773 0.458708 0.529680 0.455264 0.522672 0.452829 0.514685 0.449514 0.515026 0.448153
8 0.589328 0.482838 0.589010 0.483796 0.577328 0.474741 0.567638 0.467532 0.563333 0.464597 0.549742 0.453213 0.546052 0.450167 0.536721 0.442134 0.530648 0.436903 0.530729 0.435514 0.531156 0.435324 0.546417 0.449236 0.550229 0.452491 0.560427 0.460579 0.580068 0.474806
8 0.583523 0.431917 0.588078 0.476125 0.590391 0.477542 0.585763 0.431532 0.585258 0.431148
8 0.579633 0.469620 0.588078 0.476125 0.590391 0.477542 0.590758 0.479505 0.590326 0.481907 0.589328 0.482838 0.581318 0.475736
8 0.547747 0.373764 0.552932 0.383074 0.558979 0.395653 0.563190 0.404292 0.565961 0.411509 0.567586 0.418625 0.570477 0.432130 0.577323 0.460884 0.579633 0.469620 0.581318 0.475736 0.580068 0.474806 0.577740 0.472481 0.573961 0.457787 0.573638 0.457000 0.570865 0.446157 0.568802 0.435894 0.566443 0.423671 0.565784 0.418597 0.565479 0.416023 0.564945 0.414940 0.563727 0.413583 0.557651 0.398329 0.548195 0.379657 0.546883 0.376546 0.546883 0.375444
11 0.561701 0.428130 0.565372 0.442528 0.569206 0.451454 0.570396 0.454718 0.570070 0.456833 0.569482 0.459903 0.569320 0.462782 0.568154 0.466394 0.560427 0.460579 0.559161 0.453375 0.557003 0.442815 0.556570 0.438495
8 0.578854 0.475880 0.583234 0.490097 0.587500 0.502176 0.592396 0.512176 0.598055 0.523509 0.607466 0.546144 0.616615 0.573333 0.618021 0.579722 0.618594 0.583148 0.620167 0.582014 0.620365 0.577315 0.617581 0.567708 0.612432 0.553366 0.602203 0.525852 0.591339 0.504157 0.584456 0.485764 0.582201 0.478324
8 0.561372 0.483028 0.564424 0.486032 0.569266 0.491338 0.569185 0.493995 0.563984 0.488241 0.560552 0.484241
8 0.570906 0.469944 0.571375 0.495755 0.570534 0.496417 0.568995 0.496005 0.568807 0.495176 0.569185 0.493995 0.569266 0.491338 0.568573 0.468375
8 0.571716 0.494111 0.577026 0.500329 0.591698 0.518625 0.590078 0.519514 0.581768 0.507519 0.574516 0.499519 0.571375 0.495755
8 0.591698 0.518625 0.597518 0.522481 0.598055 0.523509 0.599109 0.526083 0.592096 0.522481 0.588990 0.521199 0.590078 0.519514
8 0.594510 0.523935 0.599500 0.532417 0.604125 0.543472 0.608680 0.553880 0.613161 0.567889 0.617138 0.582130 0.617677 0.586009 0.618484 0.587782 0.617898 0.581833 0.615049 0.571125 0.611622 0.560125 0.608948 0.552542 0.605260 0.543315 0.601279 0.534102 0.597909 0.527560 0.595596 0.524116
8 0.501536 0.495634 0.501398 0.497431 0.500385 0.497926 0.497458 0.497866 0.497076 0.499042 0.496068 0.509583 0.494948 0.506356 0.495854 0.497120 0.496169 0.495449 0.497492 0.494394 0.500560 0.494764 0.501013 0.495014
8 0.508667 0.481880 0.513469 0.488838 0.514688 0.486870 0.515154 0.484935 0.509687 0.476569
8 0.520289 0.491435 0.525977 0.498463 0.526339 0.500398 0.524927 0.502116 0.519687 0.491759
8 0.517867 0.494088 0.523273 0.501116 0.519146 0.492602
8 0.514844 0.490287 0.517062 0.493227 0.518622 0.491671 0.516547 0.487130 0.517247 0.487130 0.516174 0.485981 0.515612 0.488042
8 0.517409 0.494514 0.517409 0.502097 0.518815 0.501903 0.518977 0.495569 0.517867 0.494088
1 0.526339 0.500398 0.527276 0.499731 0.527885 0.508440 0.524927 0.502116
1 0.530607 0.515894 0.531049 0.524125 0.534479 0.523912
8 0.500271 0.505343 0.497479 0.512130 0.496068 0.509583 0.497935 0.504634 0.499245 0.504634
8 0.501984 0.489241 0.506120 0.497032 0.507448 0.497731 0.507745 0.495894 0.506120 0.493102 0.503313 0.488190
1 0.508667 0.481880 0.508042 0.483898 0.506370 0.485634 0.503313 0.488190 0.506120 0.493102 0.507745 0.495894 0.507448 0.497731 0.506120 0.497032 0.501984 0.489241 0.501591 0.489597 0.497828 0.493995 0.497492 0.494394 0.500560 0.494764 0.501013 0.495014 0.501536 0.495634 0.501398 0.497431 0.500385 0.497926 0.497458 0.497866 0.497076 0.499042 0.496068 0.509583 0.497935 0.504634 0.499245 0.504634 0.500271 0.505343 0.497479 0.512130 0.497805 0.513741 0.492979 0.519690 0.494919 0.523171 0.504253 0.533130 0.507659 0.537690 0.508232 0.539597 0.517932 0.535731 0.522188 0.533542 0.529766 0.530741 0.527831 0.510171 0.523273 0.501116 0.518977 0.495569 0.518815 0.501903 0.517409 0.502097 0.517409 0.494514 0.513776 0.498056 0.513148 0.497065 0.517062 0.493227 0.514844 0.490287 0.512919 0.492949 0.510859 0.494394 0.509685 0.493148 0.512224 0.490667 0.513469 0.488838
8 0.527117 0.398310 0.516177 0.432403 0.514859 0.432991 0.514133 0.432403 0.514464 0.429477 0.525536 0.394444 0.526919 0.391162
8 0.523544 0.409611 0.531461 0.433306 0.531008 0.434620 0.530380 0.434620 0.522805 0.412343
8 0.521893 0.414370 0.528443 0.435028 0.529411 0.435736 0.530380 0.434620 0.522805 0.412343
8 0.514380 0.407454 0.513148 0.415593 0.511672 0.422681 0.510539 0.427495 0.509753 0.427759 0.509753 0.424958 0.510935 0.421106 0.511721 0.414282 0.512607 0.407102 0.512904 0.405792 0.513591 0.405704
8 0.510294 0.411569 0.512065 0.411741 0.511427 0.415856 0.510047 0.415505
8 0.513909 0.410801 0.514674 0.417384 0.515823 0.424870 0.515185 0.426912 0.514292 0.417986 0.513737 0.413375 0.513609 0.412616
8 0.514167 0.412315 0.519523 0.412921 0.518503 0.416625 0.514503 0.415718
8 0.500943 0.348079 0.504758 0.362157 0.511823 0.384435 0.520451 0.410583 0.521385 0.407787 0.514448 0.386602 0.505510 0.358995 0.501422 0.346056 0.500286 0.343523
8 0.501323 0.341593 0.503786 0.349472 0.508216 0.362426 0.513729 0.379630 0.519555 0.396968 0.522065 0.405282 0.521385 0.407787 0.514448 0.386602 0.505510 0.358995 0.501422 0.346056 0.500286 0.343523 0.500060 0.342083
8 0.501526 0.356106 0.502646 0.355755 0.504031 0.360088 0.502852 0.361185 0.501883 0.357958
8 0.505940 0.355287 0.516156 0.353176 0.517013 0.357042 0.507260 0.359505
8 0.519716 0.351889 0.522747 0.351653 0.523737 0.353528 0.523737 0.355051 0.523273 0.355639 0.519846 0.355991
8 0.542716 0.349009 0.538089 0.369574 0.534742 0.384630 0.533708 0.383009 0.533315 0.382176 0.541190 0.347782
8 0.529180 0.351194 0.538435 0.360384 0.537154 0.364676 0.529966 0.356972 0.526570 0.352245
8 0.539961 0.361611 0.551971 0.372463 0.552417 0.374824 0.552021 0.376051 0.550987 0.376491 0.544344 0.370481 0.544411 0.369546 0.544081 0.368958 0.543224 0.368722 0.542763 0.368843 0.542570 0.369139 0.538828 0.366426
8 0.544341 0.351894 0.546115 0.367037 0.547935 0.368611 0.546115 0.355046
8 0.532940 0.384102 0.531807 0.389444 0.531563 0.394431 0.531464 0.401870 0.532055 0.412810 0.534073 0.412722 0.532891 0.398718 0.533581 0.391718 0.533708 0.390588 0.533938 0.388829 0.534703 0.387880 0.534320 0.385306
8 0.533049 0.399009 0.539219 0.401579 0.539815 0.402944 0.539732 0.404454 0.539008 0.404986 0.533221 0.402264
8 0.534885 0.384106 0.536687 0.386264 0.536305 0.386884 0.537227 0.386884 0.539885 0.389861 0.546102 0.397375 0.545513 0.399667 0.539445 0.393653 0.538122 0.391167 0.535768 0.388551 0.535771 0.387343 0.534742 0.384630
8 0.524599 0.412949 0.532055 0.412810 0.534073 0.412722 0.552339 0.412949 0.552794 0.414773 0.552396 0.415889 0.532458 0.415889 0.525794 0.416495
8 0.521362 0.415750 0.521659 0.424069 0.522396 0.433611 0.524141 0.433889 0.523320 0.421648 0.523320 0.419227 0.521893 0.414370
8 0.533003 0.477116 0.531461 0.479477 0.531555 0.481301 0.532599 0.481338 0.533068 0.485120 0.533417 0.485356 0.533417 0.487171 0.533281 0.499037 0.534135 0.499106 0.535151 0.498435 0.535068 0.485954 0.534302 0.481264 0.533464 0.480278 0.532937 0.478519
8 0.516120 0.334398 0.516156 0.353176 0.517013 0.357042 0.517107 0.375565 0.519940 0.372755 0.519846 0.355991 0.519716 0.351889 0.519385 0.348958 0.519531 0.340648 0.519076 0.332847
8 0.519859 0.364801 0.525042 0.371787 0.531724 0.380162 0.532258 0.383009 0.532276 0.383838 0.519974 0.370167
8 0.523448 0.350926 0.535352 0.347481 0.535638 0.349912 0.534440 0.351231 0.531081 0.352546 0.529180 0.351194 0.526570 0.352245 0.527378 0.354269 0.524586 0.354472 0.524594 0.352824 0.524065 0.351421
1 0.522065 0.405282 0.525536 0.394444 0.526919 0.391162 0.526911 0.387625 0.525714 0.387787 0.524526 0.387204 0.524526 0.383454 0.523078 0.380523 0.521495 0.376773 0.522023 0.372556 0.519974 0.370167 0.519940 0.372755 0.517107 0.375565 0.517013 0.357042 0.507260 0.359505 0.508216 0.362426 0.519555 0.396968
8 0.527234 0.436588 0.517789 0.447255 0.515870 0.446681 0.516471 0.445782 0.526042 0.434926 0.526724 0.435380
8 0.516896 0.430310 0.517576 0.444380 0.516471 0.445782 0.516253 0.445130 0.515490 0.432958 0.516177 0.432403
8 0.526432 0.437315 0.533544 0.442685 0.529375 0.443292 0.524523 0.439657
8 0.519927 0.432171 0.518992 0.434287 0.518823 0.435875 0.519971 0.437769 0.522268 0.438977 0.524992 0.436028 0.521417 0.433005
8 0.532599 0.416208 0.535620 0.433153 0.537237 0.432551 0.534302 0.415907
8 0.537789 0.434667 0.538557 0.438222 0.538302 0.439736 0.537706 0.439736 0.536940 0.438903 0.536258 0.435046
1 0.567068 0.467736 0.566727 0.468444 0.566500 0.470773 0.566443 0.473306 0.564448 0.474218 0.562625 0.474824 0.561602 0.476037 0.560859 0.477963 0.560802 0.481407 0.560443 0.481898 0.544469 0.464111 0.549742 0.453213
1 0.561372 0.483028 0.569266 0.491338 0.568573 0.468375 0.567638 0.467532 0.567638 0.470366 0.567182 0.473204 0.566156 0.474824 0.564505 0.475634 0.563253 0.475838 0.561885 0.477556 0.561430 0.479685 0.561544 0.481505
1 0.543943 0.465634 0.537570 0.478806 0.538503 0.480630 0.539904 0.484444 0.541536 0.488843 0.544151 0.490917 0.541771 0.482287 0.542003 0.481458 0.542750 0.480046 0.546578 0.491912 0.547539 0.491532 0.545690 0.478389 0.546857 0.477810 0.547370 0.478306 0.549516 0.491176 0.551815 0.488523 0.553187 0.486583 0.554841 0.485509 0.555734 0.483935 0.557841 0.483935 0.559891 0.483634
8 0.532607 0.484449 0.531672 0.491028 0.529490 0.499301 0.531034 0.499347 0.532906 0.491708 0.533417 0.487171 0.533417 0.485356
1 0.540581 0.462352 0.535773 0.458708 0.529680 0.455264 0.522672 0.452829 0.514685 0.449514 0.514120 0.450032 0.514839 0.456481 0.515177 0.462616 0.518047 0.463269 0.519555 0.464120 0.521945 0.465755 0.524445 0.466407 0.525695 0.465884 0.525953 0.468171 0.524224 0.469023 0.522901 0.469153 0.520768 0.468106 0.517898 0.466866 0.515177 0.465361 0.515539 0.468065 0.516568 0.479736 0.516568 0.483921 0.516174 0.485981 0.517247 0.487130 0.519141 0.490833 0.531461 0.479477 0.533003 0.477116 0.533974 0.475301 0.530953 0.466074 0.528826 0.461005 0.530188 0.459190 0.535797 0.471444
8 0.519068 0.423769 0.521792 0.426338 0.522005 0.429894 0.518174 0.426185
8 0.374763 0.162148 0.361156 0.175745 0.362221 0.178949 0.367190 0.173366 0.367190 0.172056 0.367852 0.171338 0.368661 0.171338 0.374651 0.164958 0.375234 0.162731
8 0.370570 0.169468 0.370643 0.170843 0.371232 0.171037 0.372630 0.171037 0.373247 0.169153 0.373107 0.168551 0.371453 0.168551
8 0.440885 0.380787 0.423068 0.401361 0.424250 0.403023 0.433651 0.393222 0.440792 0.384995 0.440773 0.382889
8 0.523385 0.556792 0.516177 0.558032 0.509669 0.558819 0.505255 0.558426 0.502130 0.556597 0.498344 0.554306 0.497349 0.553394 0.500107 0.551301 0.501615 0.552606 0.504521 0.554176 0.508492 0.554569 0.515810 0.554241 0.519229 0.554176
8 0.523490 0.553287 0.527656 0.552759 0.528096 0.552759 0.528234 0.554125 0.527263 0.555764
8 0.521018 0.544495 0.527060 0.546741 0.530935 0.548694 0.531143 0.549250 0.530521 0.550356 0.524451 0.547815 0.521484 0.546792 0.521073 0.545222
8 0.524122 0.547523 0.523271 0.549523 0.522336 0.550403 0.522721 0.551773 0.524258 0.550111 0.525193 0.548111 0.524451 0.547815
8 0.490437 0.536611 0.498987 0.542375 0.496164 0.543134 0.494250 0.543449 0.489961 0.540792 0.489867 0.539241
8 0.424422 0.465829 0.426094 0.466255 0.427500 0.467042 0.431193 0.468653 0.431383 0.469560 0.431224 0.470519 0.430302 0.470801 0.425409 0.468370 0.424219 0.466620
8 0.431060 0.470583 0.433096 0.473810 0.434112 0.475153 0.439578 0.481769 0.439703 0.482954 0.439354 0.484144 0.435932 0.479880 0.434677 0.478454 0.432424 0.475722 0.428135 0.469958 0.430302 0.470801
8 0.442250 0.487190 0.446635 0.490579 0.446635 0.491935 0.445906 0.492949 0.442948 0.490125
8 0.434971 0.480634 0.437578 0.485662 0.441836 0.491088 0.442378 0.491880 0.440604 0.485431 0.439354 0.484144 0.435932 0.479880
8 0.437674 0.485944 0.437547 0.497019 0.438055 0.497755 0.438690 0.496736 0.438753 0.487019
8 0.438159 0.464773 0.438464 0.480324 0.437344 0.479028 0.437276 0.464708
8 0.431682 0.422463 0.431828 0.431287 0.432529 0.439394 0.433898 0.450148 0.435094 0.458542 0.437294 0.468574 0.437339 0.474241 0.436401 0.469176 0.436161 0.467514 0.434755 0.460616 0.433711 0.455491 0.432443 0.446227 0.431451 0.437667 0.431049 0.430417 0.430977 0.422310
8 0.445729 0.429963 0.449318 0.440394 0.453305 0.452847 0.451141 0.453657 0.449604 0.450014 0.447839 0.444546 0.443964 0.431380
8 0.441172 0.408597 0.438667 0.426218 0.437471 0.431787 0.435760 0.432699 0.437812 0.422370 0.439008 0.411431 0.439349 0.409000
8 0.435448 0.418097 0.437073 0.426060 0.435258 0.427199 0.434365 0.427111 0.432693 0.417134
8 0.496919 0.682255 0.498133 0.689579 0.495932 0.684685
8 0.364464 0.342296 0.365424 0.350319 0.366484 0.342083 0.367250 0.339481 0.366305 0.340292
8 0.363552 0.327671 0.364182 0.338574 0.366742 0.335685 0.366102 0.329736 0.364133 0.326935
8 0.502943 0.641991 0.512917 0.653708 0.520104 0.662407 0.528062 0.670356 0.531753 0.673981 0.535049 0.675731 0.538549 0.676259 0.544063 0.677130 0.545242 0.673625 0.537286 0.673245 0.534482 0.671060 0.523927 0.661727 0.514669 0.650782 0.510807 0.646241 0.509935 0.645556 0.507180 0.641213 0.503630 0.637102
8 0.539930 0.655514 0.547365 0.666894 0.547857 0.665315 0.540867 0.654727 0.540276 0.654639
8 0.550958 0.655426 0.541901 0.656125 0.543427 0.658579 0.549924 0.658579
8 0.551922 0.643069 0.552984 0.650181 0.551281 0.654491 0.550133 0.645338
1 0.554187 0.639296 0.552760 0.641046 0.551922 0.643069 0.550133 0.645338 0.547935 0.649097 0.545818 0.653824 0.544687 0.656111 0.543802 0.655741 0.547247 0.649097 0.549018 0.644898 0.550052 0.643333 0.552112 0.641329 0.553497 0.638685 0.554286 0.638157
1 0.543161 0.660389 0.539172 0.670454 0.538385 0.670454 0.542224 0.659514
8 0.543333 0.679829 0.532997 0.679894 0.530682 0.679370 0.530570 0.677870 0.530792 0.676690 0.535388 0.676236 0.538549 0.676259 0.544063 0.677130
8 0.533932 0.694398 0.537031 0.682361 0.536164 0.681602 0.533099 0.694074
8 0.517591 0.688454 0.521599 0.690218 0.526490 0.692181 0.530940 0.693551 0.533099 0.694074 0.533932 0.694398 0.538698 0.694208 0.537411 0.698065 0.532630 0.697213 0.527656 0.696481 0.522628 0.694468 0.519208 0.692375
8 0.501198 0.652870 0.503435 0.655727 0.505495 0.660042 0.508401 0.666972 0.511305 0.674292 0.515734 0.684009 0.517591 0.688454 0.519208 0.692375 0.523341 0.700398 0.524667 0.704319 0.524482 0.705630 0.524078 0.706083 0.523378 0.706218 0.518266 0.694384 0.513302 0.683662 0.507458 0.670565 0.501276 0.656125
8 0.509740 0.663565 0.512857 0.672009 0.509805 0.670051 0.507010 0.663250
8 0.517565 0.674889 0.517529 0.678875 0.517159 0.679921 0.512305 0.676588 0.511305 0.674292 0.509805 0.670051 0.512857 0.672009
8 0.500635 0.665551 0.506326 0.668264 0.509568 0.675384 0.505214 0.671657 0.503211 0.669394 0.501557 0.666625
8 0.517224 0.691912 0.513281 0.689764 0.508992 0.684963 0.506893 0.681685 0.503716 0.675694 0.500096 0.667829 0.500635 0.665551 0.501557 0.666625 0.503211 0.669394 0.505367 0.673352 0.509628 0.680431 0.514599 0.686435
8 0.507464 0.699306 0.505440 0.701333 0.504581 0.701245 0.499659 0.685056 0.497992 0.679014 0.498445 0.677694 0.499206 0.673042
8 0.499862 0.669704 0.502177 0.677287 0.506333 0.689903 0.516995 0.724639 0.522339 0.744282 0.521419 0.744352 0.521089 0.744023 0.517263 0.730361 0.510633 0.707750 0.507464 0.699306 0.499206 0.673042
8 0.508445 0.683810 0.512359 0.696139 0.525005 0.735495 0.524120 0.737773 0.517279 0.715454 0.506318 0.680931 0.506893 0.681685
8 0.526406 0.740801 0.527544 0.744329 0.527326 0.745639 0.526479 0.745963 0.525854 0.745440 0.525448 0.743676
8 0.497057 0.681481 0.499852 0.692144 0.503544 0.703782 0.504036 0.704481 0.504333 0.703694 0.503396 0.698005 0.499659 0.685056 0.497992 0.679014
8 0.365497 0.324616 0.368844 0.328903 0.369583 0.330130 0.369091 0.331093 0.367909 0.331269 0.366102 0.329736 0.364133 0.326935
8 0.494930 0.687417 0.500836 0.702644 0.507237 0.719361 0.508172 0.719097 0.519062 0.749833 0.519604 0.752986 0.518570 0.754472 0.512268 0.736269 0.511180 0.732884 0.507341 0.722380 0.498674 0.703736 0.493852 0.692796 0.494104 0.690023
8 0.505042 0.722037 0.509719 0.743481 0.509422 0.744356 0.508143 0.744356 0.502776 0.717750 0.504042 0.720106
8 0.500857 0.713810 0.505828 0.737792 0.507396 0.741296 0.502776 0.717750
8 0.497016 0.713403 0.495688 0.713403 0.488401 0.692745 0.491109 0.693532 0.497065 0.711477 0.497263 0.712699
8 0.524297 0.787597 0.513758 0.764611 0.509315 0.753370 0.504456 0.742051 0.498865 0.728421 0.493362 0.713523 0.491026 0.706435 0.488633 0.700560 0.486354 0.696713 0.485620 0.692389 0.488401 0.692745 0.495688 0.713403 0.496956 0.714889 0.502685 0.730352 0.505828 0.737792 0.508143 0.744356 0.508951 0.745120 0.515383 0.762009 0.526365 0.787366
8 0.552185 0.774574 0.545234 0.777514 0.536065 0.782273 0.529057 0.785917 0.526365 0.787366 0.524297 0.787597 0.520286 0.787944 0.513052 0.787032 0.509805 0.786829 0.510203 0.789157 0.513508 0.789157 0.518464 0.790676 0.524958 0.790477 0.533102 0.786523 0.541534 0.781866 0.549052 0.778120 0.553380 0.776602
8 0.353667 0.311745 0.353930 0.334477 0.352349 0.330611 0.352281 0.314088
8 0.364544 0.295861 0.359758 0.302644 0.353667 0.311745 0.352281 0.314088 0.348651 0.319657 0.347341 0.315097 0.365000 0.288769
8 0.357242 0.306444 0.364427 0.321574 0.363440 0.323310 0.362508 0.324565 0.356995 0.311611 0.355617 0.308458
8 0.362000 0.299532 0.366128 0.318898 0.367526 0.316620 0.364893 0.303463 0.363531 0.297565
8 0.365305 0.301171 0.367891 0.316019 0.369391 0.313653 0.369135 0.310620 0.366581 0.302829
8 0.371482 0.283764 0.371630 0.293310 0.371042 0.294097 0.369313 0.293509 0.369128 0.292199 0.369055 0.282065 0.370122 0.282264
8 0.371536 0.314630 0.372602 0.335037 0.372641 0.338801 0.371703 0.338977 0.371703 0.340546 0.372839 0.340546 0.372982 0.357009 0.371065 0.357792 0.370570 0.336352 0.369846 0.320852 0.369747 0.317523
8 0.370534 0.335912 0.366305 0.340292 0.359685 0.347417 0.358914 0.346634 0.357552 0.345912 0.367482 0.334801 0.368547 0.335648 0.369172 0.334602 0.369760 0.332509 0.370349 0.332051
8 0.361552 0.345097 0.364786 0.354250 0.365424 0.350319 0.363297 0.343435
8 0.370148 0.364310 0.371031 0.372852 0.366828 0.369306 0.366359 0.363176 0.366742 0.362875
8 0.371362 0.364671 0.371581 0.371667 0.373383 0.368264 0.373201 0.365454
8 0.372880 0.359273 0.372917 0.361898 0.371143 0.361236 0.370997 0.359931
8 0.378771 0.344093 0.380219 0.355741 0.379367 0.355792 0.378388 0.355815 0.376857 0.343032
8 0.384057 0.329560 0.383023 0.340324 0.385042 0.340852 0.385732 0.334810 0.384599 0.329912
8 0.368352 0.342907 0.369753 0.358444 0.367826 0.359764 0.366797 0.359125
8 0.370276 0.178375 0.364404 0.185486 0.365766 0.188815 0.368021 0.186241 0.370021 0.180037
8 0.380997 0.181301 0.381411 0.186782 0.380997 0.187176 0.380424 0.186838 0.380052 0.181296
8 0.378268 0.171690 0.379154 0.176537 0.379854 0.174954 0.378836 0.170491
8 0.376794 0.164199 0.377865 0.167176 0.377232 0.168398 0.376271 0.165611
8 0.373826 0.158384 0.375234 0.162731 0.375805 0.160926 0.375063 0.157995 0.374706 0.157750 0.374349 0.157750
8 0.390521 0.145366 0.387839 0.147708 0.377086 0.159875 0.377776 0.161102 0.376794 0.164199 0.384792 0.154616 0.391745 0.146667 0.393214 0.142944
8 0.367190 0.173366 0.369065 0.177616 0.370573 0.175847 0.368661 0.171338 0.367852 0.171338 0.367190 0.172056
8 0.554393 0.659060 0.554990 0.665190 0.555344 0.668440 0.556000 0.672829 0.556641 0.678796 0.558289 0.690319 0.558583 0.693907 0.560562 0.707009 0.562094 0.717116 0.563576 0.720662 0.567448 0.726231 0.577943 0.740005 0.576799 0.743264 0.565516 0.728620 0.561396 0.719810 0.560482 0.715602 0.559490 0.709644 0.556219 0.690407 0.554409 0.678894 0.554310 0.676968 0.554263 0.675042 0.553917 0.673255 0.553818 0.671625 0.553424 0.668565 0.552734 0.662009 0.553956 0.658972
8 0.556219 0.690407 0.541875 0.693667 0.540599 0.698657 0.556682 0.693894
8 0.570971 0.740083 0.565802 0.748486 0.552904 0.767306 0.551477 0.764417 0.561617 0.749537 0.569198 0.737898 0.570182 0.737458 0.570823 0.738074 0.571117 0.739037
8 0.530982 0.787556 0.531323 0.788162 0.531961 0.788236 0.551193 0.778704 0.552385 0.778630 0.552979 0.779463 0.559917 0.802685 0.560596 0.800565 0.553534 0.777569 0.552938 0.777190 0.552130 0.776963 0.549052 0.778120 0.541534 0.781866
8 0.540521 0.785597 0.556221 0.809046 0.556307 0.805111 0.541841 0.784009
8 0.540521 0.785597 0.536258 0.790639 0.532982 0.794954 0.532513 0.792306 0.532302 0.790037 0.536940 0.785949 0.542130 0.783454 0.541841 0.784009
8 0.554505 0.785370 0.547273 0.785681 0.543914 0.786963 0.545573 0.789384 0.550594 0.788931 0.555911 0.789310
8 0.533680 0.718514 0.535721 0.723356 0.542742 0.741282 0.550445 0.761019 0.551477 0.764417 0.552904 0.767306 0.560992 0.784833 0.562898 0.792963 0.561523 0.797843 0.558326 0.788083 0.553534 0.777569 0.553380 0.776602 0.552185 0.774574 0.551023 0.770148 0.549792 0.767523 0.546656 0.759120 0.540969 0.744690 0.535417 0.730972 0.532182 0.722519
8 0.558172 0.734213 0.547292 0.743833 0.546154 0.739884 0.556518 0.731477
8 0.542547 0.750787 0.540326 0.772662 0.539641 0.773069 0.538901 0.773167 0.538388 0.769829 0.538844 0.766588 0.539870 0.765574 0.539870 0.765269 0.538958 0.760917 0.539870 0.755852 0.540724 0.750787
8 0.523919 0.766588 0.527909 0.760611 0.529445 0.759093 0.530698 0.759194 0.529844 0.763347 0.529560 0.764560 0.529901 0.766787 0.531211 0.762333 0.531552 0.759093 0.531211 0.757269 0.530016 0.756764 0.528307 0.757069 0.525742 0.760815 0.523237 0.764968
7 0.554742 0.817491 0.541583 0.808176 0.540216 0.807162 0.539534 0.807264 0.538680 0.810199 0.538052 0.815972 0.537313 0.818708 0.537198 0.823060 0.547805 0.840819 0.553375 0.823569 0.554799 0.818708
8 0.535648 0.826199 0.537760 0.845741 0.539659 0.866495 0.537091 0.871880 0.532255 0.820815
6 0.560297 0.759227 0.559656 0.763079 0.566107 0.783907 0.567781 0.778657 0.561823 0.759579 0.561182 0.759051
8 0.560544 0.766403 0.560690 0.779356 0.559510 0.779880 0.559214 0.778657 0.559656 0.763079
7 0.555128 0.764653 0.557245 0.773843 0.558836 0.780231 0.562143 0.789639 0.564974 0.787032 0.566107 0.783907 0.560544 0.766403 0.560690 0.779356 0.559510 0.779880 0.559214 0.778657 0.559656 0.763079 0.560297 0.759227 0.561182 0.759051 0.561823 0.759579 0.567781 0.778657 0.571193 0.766954 0.565294 0.749259 0.555039 0.764005
8 0.552677 0.739245 0.553633 0.742907 0.553411 0.743884 0.552677 0.743690 0.551500 0.740292
8 0.481807 0.544713 0.486490 0.549176 0.492573 0.554847 0.490872 0.556435 0.485000 0.551218 0.481953 0.548287
8 0.486234 0.552505 0.483341 0.556435 0.483979 0.556889 0.486745 0.552958
8 0.506208 0.568458 0.513591 0.570472 0.515841 0.570356 0.517146 0.571796 0.519401 0.568194 0.515315 0.566708 0.512120 0.564690 0.503143 0.561662 0.496510 0.558704 0.492888 0.557199 0.489505 0.559843 0.505984 0.564912 0.507971 0.565824 0.507750 0.567722
8 0.482083 0.549583 0.485729 0.553148 0.484010 0.555602 0.482310 0.554181
8 0.484635 0.556019 0.488245 0.558764 0.490656 0.556338 0.486464 0.553398
8 0.478049 0.547319 0.479448 0.548301 0.479888 0.553986 0.477206 0.551634
8 0.481458 0.540991 0.495721 0.552037 0.493755 0.553847 0.485799 0.547648 0.481807 0.544713
8 0.481503 0.536528 0.484865 0.539023 0.490591 0.545671 0.493682 0.547301 0.497841 0.550144 0.496055 0.551657 0.490310 0.547796 0.488182 0.545833 0.481630 0.539551
8 0.500573 0.534810 0.492063 0.536398 0.491339 0.535417 0.491255 0.533375 0.491638 0.532542 0.492445 0.532315 0.499211 0.531102 0.500914 0.532769
8 0.465839 0.562435 0.473818 0.571847 0.474508 0.579116 0.465508 0.566884 0.464255 0.562694
8 0.471745 0.561194 0.476810 0.567463 0.481362 0.572838 0.481490 0.577069 0.472000 0.566338 0.470341 0.563917
8 0.457786 0.567315 0.462427 0.575046 0.461193 0.577088 0.457492 0.571639
8 0.457276 0.575315 0.460010 0.579273 0.460964 0.577579 0.457435 0.572264
8 0.457214 0.576444 0.459471 0.580005 0.458643 0.581417 0.457023 0.578875
8 0.464586 0.572097 0.465383 0.572944 0.469927 0.584190 0.471740 0.591023 0.471326 0.592551 0.470531 0.592606 0.470086 0.591023 0.465604 0.577801 0.465461 0.576204 0.464185 0.574699 0.464016 0.573056 0.464047 0.572153
8 0.462680 0.579894 0.469609 0.589894 0.467065 0.582208 0.466495 0.580630 0.464143 0.578144
8 0.470818 0.587407 0.473073 0.590403 0.473232 0.591931 0.472914 0.592889 0.471961 0.592889 0.471453 0.592213 0.471740 0.591023
8 0.460026 0.541343 0.461260 0.546884 0.462539 0.549153 0.463984 0.551347 0.463255 0.551968 0.461049 0.549000 0.459815 0.546051 0.459560 0.544157
8 0.454536 0.563444 0.449500 0.568940 0.448961 0.567801 0.454794 0.561356
8 0.451008 0.567306 0.453948 0.571292 0.453544 0.575083 0.449682 0.569657 0.449500 0.568940
8 0.453214 0.564884 0.454391 0.566912 0.453948 0.571292 0.451008 0.567306
8 0.450932 0.561944 0.452331 0.563968 0.450529 0.566125 0.449755 0.565278
8 0.451964 0.557236 0.454609 0.561551 0.452331 0.563968 0.450932 0.561944 0.451437 0.559824
8 0.453396 0.550829 0.455492 0.553704 0.454758 0.560310 0.452294 0.556384
8 0.443247 0.541870 0.449057 0.551417 0.450823 0.547167 0.447146 0.540500 0.444977 0.540630
8 0.441924 0.540370 0.443174 0.539324 0.445417 0.539324 0.446852 0.538995 0.447549 0.539713 0.447146 0.540500 0.444977 0.540630 0.443247 0.541870 0.442143 0.542463
8 0.440563 0.545074 0.441885 0.546907 0.442648 0.553310 0.441581 0.550162 0.440331 0.545903
8 0.442880 0.548477 0.447117 0.555847 0.446060 0.558681 0.443508 0.554606 0.443534 0.553495
8 0.442917 0.542199 0.448763 0.551940 0.447117 0.555847 0.442880 0.548477 0.442674 0.545625 0.442143 0.542463
8 0.414810 0.476898 0.421492 0.489681 0.418878 0.492958 0.413281 0.481759
8 0.416089 0.472278 0.422469 0.485213 0.422734 0.488375 0.421492 0.489681 0.414810 0.476898
8 0.417331 0.467310 0.422698 0.477375 0.422560 0.482537 0.422469 0.485213 0.416089 0.472278
8 0.424552 0.510898 0.427445 0.518694 0.424745 0.519139 0.423586 0.515741 0.423633 0.512125 0.423997 0.511060
7 0.557284 0.734940 0.558651 0.737069 0.560187 0.737069 0.560984 0.736056 0.562750 0.738991 0.564060 0.745977 0.554320 0.760157 0.550161 0.749218 0.549081 0.742333 0.551500 0.740292 0.552677 0.743690 0.553411 0.743884 0.553633 0.742907 0.552677 0.739245
6 0.543943 0.701889 0.556518 0.731477 0.558172 0.734213 0.557284 0.734940 0.558651 0.737069 0.560187 0.737069 0.560984 0.736056 0.562750 0.738991 0.563487 0.737866 0.555826 0.721370 0.553870 0.715926 0.546266 0.696755 0.542570 0.698069
8 0.488591 0.612782 0.492250 0.617625 0.499740 0.626852 0.504289 0.631944 0.506164 0.634190 0.507734 0.633593 0.508547 0.632449 0.501695 0.626398 0.496208 0.619667 0.489526 0.610741
8 0.374599 0.277176 0.380971 0.276458 0.380932 0.273880 0.380367 0.272301 0.379479 0.271727 0.374237 0.271801
8 0.546875 0.618657 0.539763 0.621065 0.535427 0.621565 0.530117 0.620301 0.529456 0.620241 0.523615 0.617417 0.522594 0.616551 0.521263 0.615167 0.516469 0.611981 0.510453 0.608588 0.503799 0.602778 0.500365 0.599718 0.497760 0.600741 0.504453 0.606852 0.516578 0.615708 0.519474 0.616667 0.520159 0.617097 0.522359 0.619181 0.526456 0.620861 0.526841 0.621046 0.528792 0.621972 0.529315 0.621912 0.534029 0.624162 0.539656 0.624444 0.543328 0.623671 0.547323 0.621556
8 0.521813 0.760208 0.523237 0.764968 0.523919 0.766588 0.528229 0.786204 0.526365 0.787366 0.520104 0.760917
8 0.526740 0.762389 0.529057 0.785917 0.531677 0.784477 0.529888 0.767912 0.529901 0.766787 0.529560 0.764560 0.528953 0.759588 0.527909 0.760611
8 0.529276 0.788412 0.531997 0.814694 0.534977 0.818907 0.533573 0.800602 0.532982 0.794954 0.532513 0.792306 0.532302 0.790037 0.531961 0.788236 0.531323 0.788162 0.530982 0.787556
8 0.516182 0.791894 0.516117 0.811333 0.515323 0.811843 0.515036 0.791894
8 0.515729 0.768671 0.515953 0.781329 0.514714 0.779917 0.514617 0.766468
8 0.515995 0.782935 0.515917 0.785620 0.514669 0.785343 0.514953 0.781824
8 0.491651 0.606977 0.497656 0.614676 0.503318 0.621417 0.510456 0.628417 0.510195 0.629792 0.509669 0.630519 0.501891 0.622903 0.494997 0.614676 0.490617 0.608986 0.491208 0.607940
8 0.517432 0.826213 0.519159 0.826213 0.523177 0.828704 0.525086 0.833181 0.528073 0.837829 0.534513 0.845625 0.534844 0.849361 0.531526 0.845958 0.526396 0.839986 0.522891 0.834093 0.520982 0.830856 0.519625 0.829616 0.517898 0.828866
8 0.537844 0.847870 0.542898 0.850102 0.542549 0.852023 0.542063 0.851963 0.538260 0.851218
6 0.539068 0.679875 0.541453 0.685245 0.539068 0.692935 0.536495 0.684509 0.537031 0.682361 0.536164 0.681602 0.535859 0.682421 0.535096 0.679935
8 0.500997 0.647949 0.506018 0.653403 0.513125 0.662093 0.518698 0.666782 0.527422 0.672153 0.531753 0.673981 0.533674 0.675106 0.533805 0.676542 0.530995 0.676694 0.528188 0.676162 0.519549 0.671097 0.512146 0.665356 0.505424 0.657856 0.503435 0.655727 0.501198 0.652870 0.501164 0.650602
8 0.519516 0.656389 0.526365 0.657602 0.533130 0.657375 0.540661 0.656468 0.542224 0.659514 0.538747 0.660171 0.527813 0.661005 0.522792 0.660398
8 0.516578 0.640491 0.524669 0.644088 0.532391 0.646245 0.538937 0.646245 0.548573 0.646116 0.549018 0.644898 0.550052 0.643333 0.531841 0.642648 0.523333 0.641481
8 0.505490 0.635093 0.508763 0.637069 0.513021 0.639556 0.512943 0.640366 0.509151 0.639870 0.508659 0.640264 0.508273 0.641681 0.506789 0.640407 0.506404 0.639333 0.505031 0.637778 0.504539 0.636495 0.504630 0.635597
8 0.529094 0.645491 0.518326 0.644759 0.512419 0.643926 0.513073 0.642023 0.513435 0.640218 0.519148 0.641634 0.524669 0.644088
8 0.511924 0.643829 0.509260 0.643537 0.508380 0.642657 0.508273 0.641681 0.508659 0.640264 0.509151 0.639870 0.512943 0.640366 0.512865 0.641093 0.512549 0.642769
8 0.540518 0.638662 0.549539 0.638509 0.550052 0.643333 0.531841 0.642648 0.523333 0.641481 0.516578 0.640491 0.519148 0.641634 0.513435 0.640218 0.513672 0.639167 0.513073 0.638801 0.513047 0.639241 0.505490 0.635093 0.506081 0.634810 0.508138 0.634093 0.508750 0.633130 0.513073 0.635815 0.518880 0.637940 0.525992 0.638546 0.537190 0.638713 0.539479 0.638449 0.539148 0.639597 0.538815 0.641625 0.539036 0.642083
8 0.510357 0.630866 0.514872 0.632833 0.520693 0.635190 0.528154 0.636801 0.531849 0.638537 0.534396 0.638412 0.534430 0.635995 0.534151 0.635500 0.526062 0.633579 0.524378 0.633079 0.519357 0.632019 0.514253 0.630051 0.510883 0.628356
8 0.540518 0.638662 0.549539 0.638509 0.549099 0.635574 0.541906 0.635347
8 0.510357 0.630866 0.514872 0.632833 0.520693 0.635190 0.528154 0.636801 0.531849 0.638537 0.525992 0.638546 0.518880 0.637940 0.513073 0.635815 0.508750 0.633130 0.509268 0.632514
8 0.489526 0.610741 0.496208 0.619667 0.501695 0.626398 0.508547 0.632449 0.508945 0.632083 0.509669 0.630519 0.501891 0.622903 0.490617 0.608986
8 0.492057 0.606417 0.494784 0.609755 0.501440 0.617597 0.506362 0.622370 0.510224 0.624856 0.512651 0.625310 0.511768 0.626278 0.510641 0.627569 0.507651 0.625639 0.503318 0.621417 0.497656 0.614676 0.491651 0.606977
8 0.492362 0.604310 0.499641 0.612352 0.507654 0.619630 0.516125 0.623481 0.514310 0.624343 0.512651 0.625310 0.510224 0.624856 0.506362 0.622370 0.494784 0.609755 0.491875 0.606074
8 0.485286 0.588713 0.488672 0.591593 0.489591 0.589435 0.486427 0.586296 0.485831 0.587444
8 0.495789 0.585310 0.506768 0.595065 0.506724 0.595444 0.502385 0.593477 0.493534 0.585838 0.495117 0.585199
8 0.491068 0.588412 0.497365 0.594083 0.501448 0.596278 0.504086 0.597338 0.506555 0.596806 0.508937 0.596352 0.506724 0.595444 0.502385 0.593477 0.497875 0.590454 0.492982 0.586065 0.492557 0.586162
8 0.487190 0.584606 0.490258 0.587523 0.489591 0.589435 0.486427 0.586296
8 0.491190 0.581014 0.494547 0.583995 0.493049 0.584236 0.492036 0.584986 0.488549 0.581699 0.488852 0.581315 0.490128 0.580407
8 0.483495 0.573264 0.488898 0.579218 0.488029 0.580579 0.483914 0.576366
8 0.484844 0.577764 0.484810 0.581796 0.486344 0.583218 0.486766 0.582222 0.488029 0.580579
8 0.487190 0.584606 0.490258 0.587523 0.490734 0.586338 0.492036 0.584986 0.488549 0.581699
8 0.477792 0.598162 0.480349 0.601338 0.480159 0.602241 0.479807 0.602523 0.478669 0.602278 0.476732 0.599333
8 0.474482 0.587796 0.478302 0.593019 0.476458 0.595616 0.474320 0.591241 0.473797 0.589806
8 0.481276 0.581046 0.479880 0.580176 0.477927 0.580921 0.476115 0.583833 0.474482 0.587796 0.473232 0.591931 0.473073 0.590403 0.472107 0.589042 0.473148 0.587606 0.474443 0.583398 0.475802 0.579991 0.478487 0.577324 0.481490 0.577069 0.481659 0.577449 0.481924 0.579847
8 0.476271 0.600032 0.478398 0.602389 0.475854 0.602454 0.474948 0.602407 0.474557 0.602019
8 0.479130 0.604125 0.484674 0.611750 0.483701 0.613995 0.476266 0.603991
1 0.478945 0.495440 0.472302 0.500843 0.466195 0.517194 0.461211 0.531519 0.464299 0.533542 0.469229 0.539037 0.469227 0.537384 0.469133 0.536278 0.469141 0.528519 0.470247 0.529833 0.470138 0.537431 0.472281 0.541718 0.471503 0.542787 0.472094 0.543819 0.471956 0.543403 0.470318 0.545019 0.471365 0.546380 0.472513 0.548241 0.472620 0.549292 0.472687 0.552019 0.471956 0.551588 0.471677 0.548861 0.470284 0.547370 0.470078 0.551806 0.469323 0.551713 0.469167 0.546528 0.468086 0.547681 0.468714 0.550093 0.468583 0.551204 0.468036 0.550880 0.464214 0.552426 0.468625 0.557440 0.470359 0.558727 0.470792 0.562708 0.471745 0.561194 0.476810 0.567463 0.481362 0.572838 0.480615 0.564250 0.479888 0.553986 0.477206 0.551634 0.478049 0.547319 0.479448 0.548301 0.478242 0.531644 0.478201 0.508736
1 0.448401 0.511370 0.449089 0.514259 0.453565 0.511185 0.458586 0.507403 0.459185 0.489102 0.459419 0.475593 0.459451 0.467236 0.458742 0.469954
1 0.470786 0.445472 0.469508 0.451630 0.466930 0.461954 0.466146 0.459676 0.465552 0.458449 0.464807 0.457759 0.462016 0.461708 0.461445 0.464745 0.462242 0.466366 0.462927 0.469708 0.463552 0.472343 0.464635 0.476495 0.463047 0.490560 0.461823 0.504537 0.459596 0.506037 0.459760 0.504218 0.460198 0.490454 0.460292 0.473708 0.460286 0.464861 0.467656 0.440463
1 0.504031 0.360088 0.504758 0.362157 0.520339 0.410602 0.519479 0.413102 0.514115 0.412454 0.513591 0.405704 0.512904 0.405792 0.512607 0.407102 0.512065 0.411741 0.510294 0.411569 0.510349 0.407630 0.510201 0.402204 0.509411 0.395551 0.508773 0.391176 0.507021 0.387755 0.505914 0.380912 0.506078 0.378755 0.505271 0.375597 0.503979 0.371514 0.503336 0.366708 0.502852 0.361185
8 0.372542 0.272273 0.361852 0.272935 0.360826 0.274014 0.360641 0.276421 0.361526 0.278245 0.364885 0.277667 0.372820 0.276588
8 0.370484 0.260255 0.371615 0.264125 0.372138 0.268574 0.372542 0.272273 0.372820 0.276588 0.373430 0.286713 0.374195 0.287935 0.374964 0.287431 0.375164 0.286356 0.374599 0.277176 0.374237 0.271801 0.373510 0.265773 0.373026 0.263051 0.372380 0.261472
8 0.348542 0.242245 0.346182 0.243449 0.345883 0.245829 0.345062 0.253648 0.342435 0.291653 0.344060 0.292875 0.345622 0.292653 0.348182 0.291431 0.348307 0.287875 0.347432 0.286880 0.346057 0.285324 0.348109 0.253449 0.348357 0.246227
8 0.433961 0.172384 0.431672 0.184912 0.427893 0.200097 0.426445 0.204162 0.426492 0.205324 0.427612 0.205407 0.429091 0.201657 0.432326 0.189727 0.434846 0.178690 0.435641 0.173546 0.435359 0.172718
8 0.446250 0.171468 0.440643 0.177491 0.437260 0.180782 0.435641 0.181005 0.434792 0.182065 0.433664 0.184162 0.434740 0.179583 0.445727 0.169176 0.446169 0.170250
8 0.432021 0.182551 0.422318 0.191551 0.423161 0.192245 0.423344 0.193264 0.423344 0.193801 0.431508 0.185764 0.431672 0.184912
8 0.440758 0.173889 0.439781 0.173579 0.438177 0.174509 0.435146 0.177111 0.434846 0.178690 0.434914 0.179574
8 0.432669 0.179278 0.426143 0.184815 0.424930 0.185602 0.426115 0.186843 0.431135 0.183370 0.432021 0.182551
8 0.421432 0.191593 0.421247 0.198977 0.423534 0.196486 0.423344 0.193801 0.423344 0.193264 0.423161 0.192245 0.422318 0.191551
8 0.417510 0.195736 0.417630 0.203551 0.419479 0.201481 0.419326 0.196884 0.418799 0.195593 0.418398 0.195380
6 0.546565 0.680824 0.551307 0.691546 0.549141 0.691806 0.545497 0.683699
8 0.484185 0.287324 0.483747 0.288495 0.483060 0.288694 0.479490 0.280685 0.481797 0.282644 0.482401 0.283125
8 0.451289 0.286491 0.456586 0.287991 0.457651 0.291593 0.449818 0.289815
6 0.560562 0.707009 0.565448 0.714694 0.570128 0.722792 0.574133 0.730333 0.577948 0.737931 0.577943 0.740005 0.567448 0.726231 0.561927 0.715741 0.561193 0.711519
6 0.559523 0.699208 0.567836 0.718690 0.565448 0.714694 0.560562 0.707009
6 0.548609 0.679361 0.553419 0.690861 0.556219 0.690407 0.555630 0.687005 0.552185 0.679213 0.550323 0.679329
6 0.517568 0.669454 0.522247 0.690194 0.526135 0.691481 0.522174 0.672898
8 0.471854 0.283176 0.467943 0.285435 0.466927 0.283065 0.470964 0.281028 0.471471 0.281255 0.471727 0.282046
8 0.466385 0.286963 0.464224 0.287583 0.463685 0.286398 0.463685 0.285380 0.463844 0.285042 0.465052 0.284532 0.465542 0.284579
6 0.515724 0.679370 0.518875 0.689088 0.521599 0.690218 0.517005 0.669222 0.513958 0.666991 0.514893 0.673028 0.517565 0.674889 0.517529 0.678875 0.517159 0.679921
8 0.523021 0.677037 0.532872 0.690583 0.532872 0.691500 0.532102 0.692611 0.531219 0.693199 0.530227 0.692282 0.524490 0.683588
6 0.552742 0.694944 0.559326 0.709394 0.558258 0.710634 0.557669 0.710963 0.550831 0.695731
8 0.480349 0.598963 0.480953 0.599019 0.481081 0.601505 0.480922 0.602750 0.480380 0.603315 0.479362 0.603824 0.464172 0.604273 0.463344 0.602579 0.479807 0.602523 0.480159 0.602241 0.480349 0.601338
8 0.560935 0.636722 0.555216 0.653264 0.555039 0.655032 0.553956 0.658972 0.551404 0.665329 0.550865 0.668653 0.549289 0.672153 0.548599 0.673778 0.547419 0.677491 0.547026 0.679417 0.542435 0.692208 0.537578 0.708412 0.532758 0.720500 0.530156 0.730556 0.525448 0.743676 0.521906 0.754991 0.518888 0.765051 0.518247 0.765278 0.517057 0.765347 0.516120 0.763315 0.516294 0.761269 0.518570 0.754472 0.519604 0.752986 0.521060 0.747884 0.522339 0.744282 0.524120 0.737773 0.525005 0.735495 0.533078 0.710931 0.537411 0.698065 0.538698 0.694208 0.543333 0.679829 0.545242 0.673625 0.545656 0.672810 0.546797 0.669398 0.547365 0.666894 0.547857 0.665315 0.549924 0.658579 0.551281 0.654491 0.552984 0.650181 0.556443 0.638690 0.558555 0.631343 0.560250 0.634245
1 0.491190 0.581014 0.490128 0.580407 0.488852 0.581315 0.485831 0.587444 0.483404 0.593343 0.482552 0.594023 0.482042 0.592815 0.482552 0.591148 0.486766 0.582222 0.488932 0.579306 0.490383 0.579426 0.491107 0.579954 0.491531 0.580560
6 0.531745 0.724259 0.536229 0.738546 0.535260 0.740977 0.534122 0.741380 0.530260 0.730648
6 0.528979 0.733727 0.533365 0.748407 0.534333 0.748713 0.535758 0.747398 0.534122 0.741380 0.530260 0.730648
6 0.516156 0.691458 0.528367 0.724981 0.529794 0.720778 0.524482 0.705630 0.524078 0.706083 0.523378 0.706218 0.518266 0.694384 0.517224 0.691912
6 0.523833 0.695106 0.530602 0.718250 0.532292 0.713023 0.529276 0.701125 0.527292 0.700731 0.526555 0.699421 0.526445 0.698245 0.526888 0.697333 0.527180 0.696875 0.526961 0.696352
6 0.522628 0.694468 0.530258 0.719157 0.529794 0.720778 0.524482 0.705630 0.524667 0.704319 0.523341 0.700398 0.519208 0.692375
6 0.530130 0.700745 0.531458 0.700394 0.532737 0.700833 0.534167 0.707046 0.532737 0.711509 0.530081 0.701708
6 0.535594 0.713347 0.541846 0.733565 0.541549 0.735056 0.540664 0.735139 0.535721 0.723356 0.533680 0.718514
6 0.537021 0.710370 0.540714 0.722273 0.544898 0.736977 0.544898 0.738468 0.542633 0.740130 0.541945 0.736630 0.541549 0.735056 0.541846 0.733565 0.535594 0.713347
6 0.536229 0.738546 0.538557 0.744273 0.538302 0.745861 0.536430 0.746921 0.535706 0.744954 0.534471 0.741398
6 0.550076 0.696042 0.555862 0.709731 0.563240 0.728713 0.563068 0.729931 0.561018 0.731551 0.555826 0.721370 0.553870 0.715926 0.546266 0.696755
6 0.565302 0.700866 0.575625 0.727917 0.578687 0.733472 0.577948 0.737931 0.574133 0.730333 0.569802 0.721625 0.566156 0.713319 0.566271 0.711699 0.565417 0.709880 0.565589 0.708157 0.564279 0.703903
5 0.550133 0.645338 0.551281 0.654491 0.551086 0.655042 0.544687 0.656111 0.545818 0.653824 0.547935 0.649097
8 0.446297 0.577606 0.447500 0.582870 0.448310 0.586264 0.450169 0.592736 0.448589 0.594866 0.446807 0.588954 0.445107 0.581542
8 0.419831 0.496278 0.422852 0.501949 0.422852 0.512009 0.420221 0.505296 0.417344 0.498977
8 0.427734 0.519722 0.428831 0.523565 0.427875 0.524745 0.428023 0.526245 0.428281 0.526509 0.428464 0.525269 0.429052 0.525134 0.429383 0.526051 0.427839 0.527162 0.425523 0.520231
8 0.427310 0.511935 0.429057 0.513972 0.429279 0.518546 0.427445 0.518694 0.424552 0.510898 0.427086 0.511088
8 0.430779 0.512537 0.431193 0.518356 0.429279 0.518546 0.429057 0.513972 0.429062 0.512704
8 0.434315 0.515005 0.434831 0.517815 0.432292 0.518208 0.432219 0.514676
8 0.429424 0.519972 0.429534 0.522588 0.431227 0.521083 0.431078 0.519319
8 0.435060 0.511481 0.436354 0.515880 0.437945 0.515046 0.436885 0.511231 0.436344 0.510639
8 0.493591 0.578319 0.497406 0.580338 0.508318 0.585606 0.507464 0.587236 0.506576 0.588579 0.498807 0.584852 0.497331 0.584148 0.495167 0.583977 0.494547 0.583995 0.493354 0.582894 0.493849 0.581042 0.493563 0.579329
1 0.434971 0.480634 0.431120 0.484028 0.431958 0.486778 0.435341 0.486583 0.435781 0.488412 0.436555 0.499986 0.436151 0.500181 0.434789 0.499792 0.437398 0.510856 0.436885 0.511231 0.437945 0.515046 0.436354 0.515880 0.435060 0.511481 0.436344 0.510639 0.434779 0.503194 0.432042 0.491884 0.430294 0.484870 0.429622 0.485454 0.428906 0.485972 0.429497 0.496801 0.429581 0.499755 0.428086 0.500829 0.428151 0.501898 0.426445 0.503884 0.425299 0.505968 0.424310 0.508745 0.423997 0.511060 0.424294 0.510903 0.427086 0.511088 0.427310 0.511935 0.429057 0.513972 0.429062 0.512704 0.430779 0.512537 0.431193 0.518356 0.429279 0.518546 0.427445 0.518694 0.424745 0.519139 0.423586 0.515741 0.423750 0.520213 0.425523 0.520231 0.425474 0.520093 0.427734 0.519722 0.428831 0.523565 0.427875 0.524745 0.428023 0.526245 0.428281 0.526509 0.428464 0.525269 0.429052 0.525134 0.429383 0.526051 0.433661 0.523542 0.443958 0.517639 0.446357 0.508736 0.441836 0.491088 0.438753 0.487019 0.438690 0.496736 0.438055 0.497755 0.437547 0.497019 0.437674 0.485944 0.437586 0.485699
8 0.421042 0.464352 0.418555 0.469259 0.417638 0.467958 0.420049 0.463102
8 0.385273 0.412731 0.387656 0.419236 0.385529 0.419162 0.383870 0.415153 0.384466 0.413338 0.384677 0.412958
8 0.380703 0.402361 0.383964 0.411639 0.381651 0.411727 0.378794 0.404986
1 0.386607 0.388556 0.377362 0.401769 0.379753 0.382810 0.380328 0.383218
8 0.467339 0.288713 0.467562 0.297134 0.466167 0.294181 0.466036 0.289106 0.466417 0.288602 0.466927 0.288375
1 0.394609 0.395190 0.391589 0.414556 0.391333 0.416597 0.392354 0.422495 0.392060 0.423699 0.391034 0.418032 0.388992 0.430741 0.384594 0.419287 0.382635 0.414519 0.381911 0.414894 0.378794 0.404986 0.381651 0.411727 0.383964 0.411639 0.380703 0.402361 0.388875 0.390343 0.391542 0.392514
1 0.398255 0.374694 0.397534 0.377856 0.396568 0.384338 0.395062 0.391731 0.389870 0.388056 0.397375 0.374495
1 0.386513 0.385241 0.390099 0.374528 0.386026 0.374403 0.386229 0.372537 0.385078 0.373565 0.384089 0.374074 0.381880 0.374287 0.379219 0.379449
1 0.395216 0.358556 0.391979 0.368472 0.387568 0.367449 0.384992 0.366926 0.388698 0.358727 0.392732 0.359162
8 0.388758 0.300255 0.384940 0.312912 0.381979 0.320606 0.380919 0.323634 0.377930 0.328213 0.374909 0.331259 0.372466 0.333528 0.372404 0.329458 0.376818 0.325056 0.381044 0.315949 0.381768 0.314264 0.386971 0.302722 0.388398 0.299981
8 0.361755 0.232667 0.363005 0.235764 0.364966 0.240764 0.366453 0.247870 0.362922 0.248097 0.361898 0.240306 0.361047 0.236875 0.358940 0.233611 0.357690 0.231083
8 0.378948 0.245560 0.385594 0.244856 0.387169 0.245296 0.387956 0.247921 0.388990 0.250810 0.390714 0.251245 0.389432 0.245819 0.387906 0.242931 0.387021 0.242231 0.384945 0.242106 0.382885 0.242106 0.377964 0.243106 0.377865 0.244245 0.377964 0.245208
8 0.385365 0.241898 0.390182 0.240440 0.393333 0.240287 0.395161 0.240741 0.397721 0.242685 0.398396 0.247171 0.395331 0.244977 0.392227 0.244069 0.388651 0.244449 0.387906 0.242931 0.387021 0.242231
8 0.382867 0.235509 0.385026 0.235963 0.388047 0.237093 0.390398 0.239014 0.391859 0.240255 0.390182 0.240440 0.387315 0.241157 0.385026 0.239352 0.383820 0.238389
8 0.471362 0.216074 0.464526 0.222148 0.463635 0.221981 0.462656 0.223116 0.461339 0.224176 0.457802 0.224782 0.459076 0.223083 0.468401 0.215972
8 0.457292 0.213338 0.463615 0.211417 0.464583 0.209954 0.464174 0.208630 0.463286 0.208560 0.457367 0.210319 0.456740 0.211153 0.455857 0.211741 0.456940 0.213301
8 0.478948 0.215866 0.471362 0.216074 0.468401 0.215972 0.463023 0.216718 0.464763 0.214157 0.467917 0.214037 0.469755 0.213949 0.470159 0.213625 0.473419 0.213046 0.474167 0.212884 0.478065 0.212597 0.478763 0.213120 0.479206 0.214102 0.479206 0.214625
8 0.462023 0.213995 0.457464 0.214481 0.458182 0.215699 0.457958 0.216338 0.460760 0.216046
8 0.458854 0.268394 0.455195 0.268690 0.454690 0.266644 0.458091 0.266306
8 0.454089 0.278611 0.447740 0.280644 0.443003 0.282338 0.441224 0.278778 0.445609 0.277644 0.450505 0.276463 0.453729 0.276634
8 0.455260 0.282255 0.456339 0.287069 0.458958 0.296111 0.459760 0.298389 0.462711 0.307921 0.464633 0.311889 0.465549 0.313727 0.465721 0.314736 0.466831 0.314810 0.464469 0.308069 0.461969 0.299815 0.459305 0.289708 0.457052 0.281259 0.454221 0.270514 0.452729 0.265968 0.451964 0.266713 0.451943 0.268611 0.453138 0.273537 0.454089 0.278611 0.454685 0.279569
8 0.451909 0.267167 0.447237 0.268579 0.441706 0.269597 0.439365 0.271120 0.445398 0.272667 0.453138 0.273537 0.451943 0.268611
8 0.460823 0.280972 0.464448 0.281764 0.465542 0.284579 0.462000 0.284023
8 0.441286 0.225736 0.443365 0.228199 0.447891 0.233329 0.453096 0.241069 0.453901 0.242935 0.457693 0.248458 0.461242 0.254338 0.465276 0.264019 0.464148 0.263875 0.460841 0.256204 0.456846 0.248889 0.452651 0.242505 0.447409 0.233972 0.444141 0.230315 0.440362 0.225875
1 0.481536 0.238620 0.483190 0.236898 0.493799 0.224921 0.490737 0.218542 0.487669 0.223630
1 0.485154 0.224699 0.478940 0.240889 0.477266 0.240889 0.477266 0.238296 0.476565 0.237338 0.469273 0.236185 0.467891 0.233481 0.468315 0.230454 0.468570 0.226750
1 0.487435 0.211532 0.485013 0.213042 0.483036 0.213611 0.481786 0.214051 0.481302 0.216412 0.480979 0.218273 0.479529 0.217412 0.478680 0.217412 0.478948 0.215866 0.471362 0.216074 0.464526 0.222148 0.466487 0.222968 0.466701 0.224403 0.486555 0.221546 0.487508 0.219472 0.489000 0.216458 0.489930 0.216532
8 0.547797 0.405014 0.541544 0.412579 0.538693 0.412579 0.547552 0.402361
8 0.552044 0.400810 0.549029 0.403227 0.548513 0.400810 0.551602 0.398324 0.552190 0.398782 0.552375 0.399764
8 0.558076 0.399176 0.555133 0.406565 0.553846 0.405319 0.553625 0.404338 0.553698 0.403227 0.556826 0.396690
8 0.539378 0.398532 0.542687 0.407819 0.543977 0.406574 0.540555 0.397750 0.540188 0.397421
8 0.533789 0.399125 0.539341 0.394875 0.540224 0.395069 0.540703 0.395787 0.540740 0.396704 0.540188 0.397421 0.539378 0.398532 0.535995 0.400236
1 0.547747 0.373764 0.546883 0.375444 0.546883 0.376546 0.548195 0.379657 0.556826 0.396690 0.553698 0.403227 0.553625 0.404338 0.553846 0.405319 0.555133 0.406565 0.558076 0.399176 0.563727 0.413583 0.561320 0.418500 0.559253 0.415088 0.558318 0.414125 0.557185 0.415787 0.550786 0.432153 0.545766 0.439505 0.544732 0.442218 0.544430 0.444319 0.546453 0.444056 0.548177 0.445366 0.546729 0.448324 0.531156 0.435324 0.531461 0.433306 0.525794 0.416495 0.532599 0.416208 0.535620 0.433153 0.537237 0.432551 0.534302 0.415907 0.552396 0.415889 0.552794 0.414773 0.552339 0.412949 0.541544 0.412579 0.547797 0.405014 0.547552 0.402361 0.543977 0.406574 0.540740 0.396704 0.540703 0.395787 0.540224 0.395069 0.539341 0.394875 0.533789 0.399125 0.533049 0.399009 0.532891 0.398718 0.533581 0.391718 0.533708 0.390588 0.534703 0.390588 0.535539 0.389509 0.535768 0.388551 0.538122 0.391167 0.539445 0.393653 0.545513 0.399667 0.546102 0.397375 0.539885 0.389861 0.537227 0.386884 0.539271 0.384074 0.540193 0.380912 0.540193 0.378917 0.541115 0.376106 0.543026 0.373296 0.544344 0.370481
1 0.542570 0.369139 0.542763 0.370014 0.543224 0.370949 0.542630 0.372593 0.540523 0.376106 0.539336 0.378565 0.539203 0.380792 0.538810 0.383370 0.536687 0.386264 0.534885 0.384106 0.538089 0.369574 0.538828 0.366426
8 0.540620 0.341130 0.543031 0.345505 0.550122 0.357759 0.549482 0.359245 0.548891 0.359685 0.546115 0.355046 0.542716 0.349009 0.541190 0.347782 0.539380 0.343171 0.539305 0.342454
8 0.535440 0.327546 0.539081 0.336505 0.537940 0.337616 0.534852 0.330491
8 0.534477 0.316468 0.535263 0.321718 0.534576 0.326532 0.533646 0.328907 0.533646 0.330403 0.532898 0.331731 0.531177 0.335458 0.526255 0.343773 0.527091 0.346222 0.531474 0.339921 0.533885 0.334759 0.534852 0.330491 0.535440 0.327546 0.536297 0.325481 0.536544 0.322769 0.535461 0.315417
8 0.532794 0.318889 0.534711 0.325319 0.533646 0.328907 0.532805 0.327250 0.530927 0.321407
8 0.475854 0.445884 0.476732 0.451991 0.477669 0.456227 0.477880 0.458042 0.477201 0.460463 0.476859 0.460690 0.474987 0.458870 0.474477 0.455014 0.473896 0.445176 0.473802 0.444028 0.474409 0.444810
8 0.485964 0.374352 0.484448 0.386921 0.481938 0.399088 0.479151 0.416241 0.476685 0.425116 0.474701 0.426296 0.475109 0.421403 0.478260 0.406699 0.482281 0.387727 0.483464 0.380199 0.484477 0.374505 0.485221 0.370907 0.485477 0.370282 0.485609 0.372366
8 0.482370 0.366389 0.484234 0.372542 0.483091 0.377069 0.480453 0.366500 0.480956 0.366634
8 0.477474 0.353056 0.477594 0.363338 0.476130 0.363676 0.476068 0.357519 0.476448 0.356421
8 0.468323 0.340917 0.471969 0.344435 0.471240 0.346843 0.468245 0.343741 0.467125 0.341296 0.467568 0.340407
8 0.433680 0.347481 0.439747 0.357333 0.440688 0.357394 0.440758 0.356157 0.434622 0.346421
8 0.456901 0.331944 0.447711 0.350306 0.446862 0.349519 0.446521 0.348421 0.447690 0.346843 0.451240 0.339745 0.456487 0.329051
1 0.454659 0.328093 0.446440 0.343616 0.445672 0.345481 0.444906 0.345481 0.436677 0.340963 0.442536 0.326625 0.449648 0.329894 0.449919 0.327269 0.443802 0.324162 0.445206 0.320153 0.450208 0.323843
1 0.459609 0.347130 0.450602 0.359491 0.440688 0.357394 0.440758 0.356157 0.434622 0.346421 0.435549 0.343616 0.444664 0.348634 0.446521 0.348421 0.446862 0.349519 0.447711 0.350306 0.456901 0.331944 0.457635 0.336111
8 0.450328 0.364190 0.446633 0.369519 0.444471 0.369519 0.448549 0.363324
8 0.426542 0.341829 0.430305 0.344431 0.431143 0.344245 0.431979 0.341704 0.432297 0.338694 0.427810 0.335727 0.425216 0.334269 0.425656 0.340231
1 0.432120 0.459231 0.430503 0.460208 0.429214 0.461847 0.428078 0.463023 0.427117 0.464458 0.426901 0.464032 0.426714 0.463153 0.428000 0.461454 0.429479 0.460556 0.430211 0.458968 0.430612 0.458528 0.432227 0.458759
8 0.380911 0.357870 0.377977 0.363472 0.377164 0.363310 0.376102 0.363148 0.379190 0.357653
8 0.372901 0.354449 0.373711 0.353667 0.374409 0.352884 0.375622 0.353014 0.377242 0.354125 0.378388 0.355815 0.376432 0.356153 0.375070 0.355495 0.374299 0.355495 0.372977 0.356412
8 0.369229 0.353273 0.370904 0.355616 0.370878 0.357375 0.369503 0.355616
8 0.359310 0.288375 0.361013 0.294727 0.362372 0.292759 0.361096 0.288449
8 0.359078 0.261625 0.358159 0.263602 0.357682 0.266528 0.356500 0.267574 0.356378 0.264847 0.357521 0.260440 0.357935 0.259648 0.358984 0.259477
8 0.340247 0.243685 0.329229 0.256167 0.327057 0.259042 0.327784 0.261134 0.334461 0.253292 0.337099 0.250343 0.337018 0.249644 0.340565 0.244444
8 0.340065 0.223972 0.348305 0.231685 0.349005 0.231958 0.349479 0.231032 0.342419 0.224759
8 0.339586 0.224028 0.340065 0.223972 0.348305 0.231685 0.345107 0.231009 0.341031 0.228014 0.339440 0.225829
8 0.350432 0.237079 0.349917 0.241722 0.348542 0.242245 0.348154 0.242245 0.348924 0.236755
8 0.349477 0.246296 0.349331 0.252181 0.348271 0.249935 0.348357 0.246227
8 0.359432 0.244495 0.360880 0.250921 0.362625 0.257958 0.363052 0.261069 0.363424 0.263977 0.364708 0.272708 0.366326 0.272481 0.365349 0.264310 0.363859 0.256144 0.362539 0.248880 0.360411 0.241620 0.359732 0.240106 0.357221 0.238139 0.354234 0.236440 0.353354 0.235917 0.348906 0.235509 0.348167 0.236764 0.348924 0.236755 0.350432 0.237079 0.353388 0.238005 0.356289 0.239593 0.357969 0.241250 0.359016 0.242972
8 0.351378 0.260046 0.350440 0.272259 0.349706 0.272912 0.348969 0.272912 0.348638 0.271542 0.350331 0.258333
8 0.418482 0.383528 0.411617 0.380134 0.407484 0.377139 0.405865 0.375333 0.405469 0.374532 0.402250 0.374861 0.400747 0.377366 0.399826 0.378556 0.399453 0.380162 0.399953 0.381042 0.400953 0.379745 0.403630 0.377014 0.406591 0.378634 0.410865 0.382176 0.417784 0.385898
8 0.405964 0.375509 0.413651 0.375852 0.413596 0.377806 0.408352 0.377662 0.407484 0.377139
8 0.399807 0.377954 0.400164 0.377954 0.400747 0.377366 0.402250 0.374861 0.400365 0.374931
8 0.468146 0.307819 0.466828 0.307333 0.466195 0.307870 0.465591 0.311338 0.465052 0.309769 0.465839 0.306505 0.466307 0.306065 0.467130 0.306208 0.468120 0.307042
8 0.466115 0.308750 0.468255 0.315046 0.466831 0.314810 0.465591 0.311338
8 0.460557 0.291218 0.463255 0.299398 0.465839 0.306505 0.465052 0.309769 0.464469 0.308069 0.461969 0.299815 0.459305 0.289708 0.458047 0.284815 0.459036 0.284722 0.460068 0.289731
8 0.476565 0.287463 0.479737 0.288514 0.482526 0.290500 0.484617 0.292731 0.486117 0.296014 0.488604 0.296995 0.485539 0.292157 0.483398 0.289444 0.483060 0.288694 0.480227 0.286778 0.476948 0.285542
8 0.489047 0.288824 0.484818 0.291157 0.483398 0.289444 0.483060 0.288694 0.483747 0.288495 0.486779 0.286778
1 0.506732 0.277759 0.508828 0.279477 0.510159 0.281343 0.510362 0.283639 0.509635 0.288301 0.508565 0.298139 0.505036 0.295398 0.505885 0.292458 0.505844 0.289375 0.504917 0.287079 0.503182 0.285431 0.502214 0.286792 0.500721 0.291528 0.498341 0.289875 0.498180 0.287583 0.498622 0.285505 0.499188 0.284213 0.498302 0.282991
8 0.528911 0.313403 0.530917 0.318773 0.531542 0.318611 0.532237 0.317213 0.530945 0.313648
8 0.522320 0.294690 0.525813 0.305412 0.528576 0.312681 0.530568 0.312579 0.528719 0.307176 0.527320 0.302926
8 0.512388 0.253602 0.517281 0.269333 0.523409 0.290440 0.523878 0.291801 0.523563 0.292204 0.519581 0.284384 0.515737 0.271199 0.515112 0.268653 0.511341 0.255296 0.510167 0.251505 0.511268 0.253069 0.511784 0.253731
8 0.499474 0.217403 0.510451 0.251449 0.510846 0.252236 0.511268 0.253069 0.512076 0.252935 0.511831 0.250134 0.503018 0.223005 0.501099 0.217139 0.500557 0.216875
8 0.500607 0.220991 0.496125 0.225542 0.495190 0.223005 0.499474 0.217926
6 0.507086 0.308403 0.506661 0.315060 0.509810 0.316046 0.509979 0.307495
8 0.465461 0.576204 0.456589 0.588542 0.456875 0.585894 0.456799 0.584722 0.457922 0.582671 0.463203 0.573981 0.464185 0.574699
8 0.376792 0.287838 0.379109 0.287120 0.387089 0.283588 0.387052 0.282282 0.386354 0.281495 0.376867 0.285616 0.376719 0.286009 0.376573 0.286597
8 0.381591 0.276301 0.384547 0.282347 0.383148 0.282741 0.380797 0.277889 0.380797 0.277032 0.381115 0.276523
8 0.384102 0.284889 0.385628 0.286866 0.386232 0.287093 0.386740 0.286583 0.386708 0.285116 0.385883 0.284097
8 0.478969 0.595338 0.485148 0.603116 0.483714 0.605602 0.482867 0.605144 0.482794 0.605407 0.480922 0.602750 0.481081 0.601505 0.480953 0.599019 0.480349 0.598963 0.480349 0.601338 0.477792 0.598162
8 0.473232 0.591931 0.475987 0.596134 0.474979 0.598056 0.471961 0.592889 0.472914 0.592889
8 0.476581 0.574468 0.476469 0.579111 0.477315 0.578324 0.477352 0.574991
8 0.474740 0.571921 0.475073 0.579176 0.474508 0.579116 0.473818 0.571847
8 0.462604 0.554204 0.465143 0.557866 0.467422 0.561523 0.469885 0.566690 0.472167 0.569176 0.474740 0.571921 0.476581 0.574468 0.477352 0.574991 0.478487 0.577324 0.481029 0.577019 0.477021 0.572704 0.471247 0.565644 0.470341 0.563917 0.468268 0.560282 0.465768 0.555380 0.463599 0.552829
8 0.458383 0.553319 0.461021 0.556542 0.459622 0.552528 0.458607 0.551509
8 0.465979 0.559083 0.463628 0.559366 0.463279 0.559819 0.463310 0.560495 0.463849 0.561343 0.464995 0.561231 0.466932 0.560722
8 0.461721 0.554847 0.465026 0.559310 0.463628 0.559366 0.462643 0.558065 0.461880 0.556097 0.461531 0.555181
8 0.476417 0.583315 0.480940 0.589593 0.482266 0.591421 0.482042 0.592815 0.482552 0.594023 0.483404 0.593343 0.485096 0.595671 0.484729 0.598287 0.483221 0.600245 0.479281 0.594153 0.474482 0.587796
8 0.473635 0.580597 0.474958 0.582079 0.474443 0.583398 0.473148 0.587606 0.467292 0.572046
8 0.520281 0.547736 0.516495 0.548116 0.514536 0.547435 0.515010 0.546310 0.515180 0.545250 0.514669 0.544491 0.519602 0.544787
1 0.521018 0.544495 0.519833 0.540532 0.519516 0.539065 0.526740 0.536111 0.530016 0.535130 0.530935 0.548694 0.527234 0.546347
8 0.536068 0.591250 0.536378 0.598662 0.535354 0.600356 0.534888 0.591398
8 0.536492 0.601153 0.536672 0.604880 0.536854 0.609023 0.535492 0.609250 0.535482 0.604769 0.535542 0.604069 0.535279 0.603060
1 0.543867 0.592458 0.543229 0.592606 0.542292 0.594500 0.540846 0.594347 0.539951 0.593139 0.539357 0.590644 0.536068 0.591250 0.536617 0.598093 0.537706 0.597088 0.538112 0.596944 0.538312 0.597500 0.537099 0.598579 0.536492 0.601153 0.536930 0.604560 0.538122 0.602519 0.541203 0.598250 0.542529 0.598310 0.542203 0.599144 0.543164 0.598870 0.544570 0.596639 0.545823 0.594991 0.545620 0.593481 0.544534 0.593912 0.544049 0.594412
8 0.356115 0.283676 0.364977 0.285440 0.364755 0.287926 0.364461 0.288250 0.356974 0.286588
8 0.364719 0.295245 0.365125 0.294722 0.365714 0.295769 0.368875 0.304921 0.369135 0.310620 0.366581 0.302829 0.365305 0.301171 0.363984 0.296880 0.364544 0.295861
8 0.385628 0.286866 0.381594 0.293519 0.382104 0.293745 0.384060 0.293898 0.387125 0.288069 0.386232 0.287093
8 0.376586 0.250394 0.376354 0.255787 0.377240 0.271468 0.378268 0.271468 0.377474 0.254708 0.377753 0.250144
8 0.378471 0.246968 0.374479 0.248398 0.369435 0.249833 0.364435 0.250120 0.363789 0.249190 0.363909 0.248111 0.366453 0.247870 0.369719 0.247755 0.373953 0.246394 0.377422 0.245389 0.377964 0.245208 0.378352 0.245963
8 0.354523 0.245458 0.354039 0.249833 0.352224 0.249403 0.351740 0.254639 0.353635 0.255356 0.353516 0.257292 0.352547 0.257366 0.352589 0.259014 0.353232 0.259227 0.353393 0.261551 0.352599 0.271690 0.352505 0.273602 0.350898 0.274852 0.351201 0.267412 0.350930 0.265106 0.351378 0.260046 0.351862 0.257750 0.350958 0.255315 0.351880 0.245250 0.353766 0.245194
8 0.337906 0.268676 0.335195 0.281852 0.336021 0.283704 0.337997 0.283833 0.339990 0.273926 0.340977 0.267981 0.342190 0.259685
8 0.389828 0.253028 0.394464 0.260093 0.395195 0.258667 0.392826 0.254204 0.391604 0.252407 0.390245 0.251787
8 0.415802 0.226787 0.425568 0.223083 0.426214 0.225106 0.425828 0.226880 0.419135 0.227806 0.415620 0.228639
8 0.392898 0.209361 0.394888 0.210093 0.398195 0.210306 0.406870 0.210093 0.406781 0.207435 0.394573 0.207870
8 0.393755 0.216926 0.399927 0.213843 0.403557 0.213486 0.404404 0.212481 0.404484 0.211046 0.403516 0.210329 0.398195 0.210306 0.396901 0.211907 0.393755 0.213630 0.390206 0.214704 0.389115 0.216676
8 0.551023 0.770148 0.546740 0.776801 0.545234 0.777514 0.541979 0.779167 0.549792 0.767523
1 0.363424 0.263977 0.353159 0.275921 0.355474 0.280704 0.356115 0.283676 0.364977 0.285440 0.364755 0.287926 0.364461 0.288250 0.356974 0.286588 0.357224 0.293255 0.356036 0.297583 0.354286 0.298472 0.351727 0.299472 0.347227 0.305250 0.344229 0.307472 0.347341 0.315097 0.361013 0.294727 0.359310 0.288375 0.361096 0.288449 0.362372 0.292759 0.365000 0.288769 0.365125 0.294722 0.365714 0.295769 0.368875 0.304921 0.368370 0.293444 0.369313 0.293509 0.369128 0.292199 0.369055 0.282065 0.370122 0.282264 0.371482 0.283764 0.371630 0.293310 0.370901 0.294495 0.370901 0.294495 0.371224 0.295602 0.371536 0.303981 0.372083 0.309769 0.375833 0.303935 0.380406 0.295667 0.377469 0.292843 0.375878 0.289806 0.376513 0.287787 0.377654 0.290273 0.378755 0.291708 0.379823 0.292884 0.381594 0.293519 0.385628 0.286866 0.384102 0.284889 0.379109 0.287120 0.376792 0.287838 0.376573 0.286597 0.376719 0.286009 0.383148 0.282741 0.380797 0.277889 0.380797 0.277032 0.374599 0.277176 0.375164 0.286356 0.374964 0.287431 0.374195 0.287935 0.373430 0.286713 0.372820 0.276588 0.364885 0.277667 0.361526 0.278245 0.360641 0.276421 0.360826 0.274014 0.361852 0.272935 0.364708 0.272708
1 0.452117 0.536537 0.450219 0.528505 0.447932 0.519458 0.449479 0.518056 0.450513 0.523532 0.453526 0.532639
8 0.494930 0.687417 0.500836 0.702644 0.507237 0.719361 0.508172 0.719097 0.508307 0.718333 0.508565 0.716912 0.504036 0.704481 0.503544 0.703782 0.501448 0.697463 0.495932 0.684685 0.495555 0.685403
1 0.513068 0.762958 0.510130 0.767398 0.509380 0.768731 0.505383 0.763287 0.507443 0.776065 0.509805 0.786829 0.513052 0.787032 0.520286 0.787944 0.524297 0.787597 0.515729 0.768671 0.515953 0.781329 0.514714 0.779917 0.514617 0.766468 0.513758 0.764611
8 0.549573 0.799236 0.547315 0.806477 0.545378 0.804685 0.547799 0.796653
8 0.552799 0.789338 0.550542 0.796296 0.548888 0.793500 0.550594 0.788931
8 0.543482 0.790130 0.538763 0.791778 0.537836 0.791347 0.537875 0.788620 0.538320 0.788264 0.542083 0.787639
8 0.533526 0.799394 0.543323 0.808130 0.544195 0.808194 0.544719 0.807389 0.544648 0.806333 0.540185 0.801935 0.536526 0.798773 0.533177 0.796171
8 0.537240 0.799352 0.544333 0.804167 0.545378 0.804685 0.547315 0.806477 0.556258 0.813398 0.555734 0.815074 0.552214 0.812157 0.544648 0.806333 0.540185 0.801935
8 0.544195 0.808194 0.549167 0.811944 0.554609 0.816574 0.555234 0.816157 0.555286 0.815093 0.544648 0.806333 0.544719 0.807389
6 0.535586 0.751722 0.521813 0.760208 0.520104 0.760917 0.521763 0.755565 0.533365 0.748407 0.535154 0.750093
8 0.533242 0.753421 0.537677 0.767278 0.538378 0.767361 0.538844 0.766588 0.537258 0.761551 0.534643 0.752176
8 0.536276 0.751014 0.538565 0.759727 0.538958 0.760917 0.539870 0.765269 0.539870 0.765574 0.538844 0.766588 0.534643 0.752176 0.535586 0.751722
8 0.541622 0.746528 0.536276 0.751014 0.535773 0.749398 0.540969 0.744690
8 0.531862 0.743301 0.530612 0.749755 0.528070 0.751620 0.530167 0.737778
8 0.501240 0.645644 0.506362 0.651588 0.514951 0.661125 0.515586 0.664282 0.513125 0.662093 0.506018 0.653403 0.500997 0.647949
1 0.531677 0.784477 0.536065 0.782273 0.541979 0.779167 0.549792 0.767523 0.546656 0.759120 0.541622 0.746528 0.536276 0.751014 0.538565 0.759727 0.538958 0.760917 0.539870 0.755852 0.540724 0.750787 0.542547 0.750787 0.540326 0.772662 0.539641 0.773069 0.538901 0.773167 0.538388 0.769829 0.538844 0.766588 0.538378 0.767361 0.537677 0.767278 0.533242 0.753421 0.521813 0.760208 0.523237 0.764968 0.525742 0.760815 0.528307 0.757069 0.530016 0.756764 0.531211 0.757269 0.531552 0.759093 0.531211 0.762333 0.529901 0.766787 0.529888 0.767912
8 0.508516 0.718310 0.516091 0.725208 0.517263 0.730361 0.509557 0.722713
8 0.512638 0.316931 0.518742 0.317542 0.520661 0.318593 0.521500 0.320083 0.521596 0.321833 0.519234 0.321046 0.512596 0.318403
1 0.458500 0.511519 0.457612 0.524213 0.453021 0.539125 0.452872 0.538255 0.454497 0.533167 0.455674 0.527648 0.456758 0.523148 0.457000 0.521755 0.455974 0.521968 0.454708 0.527324 0.453857 0.531514 0.450784 0.520157 0.450151 0.520157 0.449969 0.519407 0.450391 0.519194 0.450518 0.519162 0.450271 0.517532
1 0.482344 0.396991 0.481938 0.399088 0.479151 0.416241 0.476685 0.425116 0.478792 0.427139 0.482401 0.432009 0.482573 0.423199 0.484453 0.424009 0.484602 0.434532 0.486195 0.436153 0.488320 0.441699 0.488013 0.436130 0.488930 0.419319 0.489750 0.408495 0.490599 0.406227 0.491448 0.404255 0.491919 0.401236
8 0.464464 0.375139 0.465724 0.390241 0.466612 0.388083 0.465305 0.374477 0.464635 0.374074
8 0.475479 0.367259 0.472633 0.375722 0.471932 0.376801 0.471698 0.378625 0.471326 0.380449 0.468198 0.389495 0.467266 0.389245 0.466612 0.388083 0.466799 0.386731 0.469120 0.380005 0.470049 0.379574 0.471372 0.373148 0.472724 0.367176
1 0.535680 0.327338 0.536701 0.328773 0.538062 0.328699 0.539211 0.328773 0.540063 0.330741 0.541552 0.330741 0.542359 0.332181 0.542956 0.335431 0.543594 0.336870 0.544440 0.337755 0.544112 0.341273 0.544773 0.340801 0.545099 0.336468 0.545747 0.339403 0.548193 0.341551 0.549466 0.342625 0.549815 0.343977 0.548797 0.344889 0.547909 0.344713 0.546573 0.345847 0.545172 0.344546 0.544505 0.343019 0.543552 0.341157 0.543203 0.340981 0.543299 0.343412 0.543031 0.345505 0.542156 0.343639 0.542156 0.341829 0.541552 0.341046 0.540620 0.341130 0.539305 0.342454 0.539380 0.343171 0.539802 0.344713 0.539263 0.345620 0.537896 0.344486 0.538055 0.342968 0.538466 0.341551 0.537451 0.342676 0.537102 0.341662 0.537833 0.340426 0.538211 0.339630 0.538117 0.338894 0.537940 0.337616 0.539081 0.336505 0.538721 0.334880 0.539263 0.333356 0.539008 0.332005 0.538404 0.330704 0.537513 0.330588 0.536815 0.330588 0.535440 0.327546
1 0.546052 0.450167 0.541109 0.460829 0.535740 0.455833 0.533526 0.454245 0.529513 0.452250 0.521188 0.449102 0.517789 0.447255 0.524523 0.439657 0.529375 0.443292 0.533544 0.442685 0.526432 0.437315 0.527234 0.436588 0.524992 0.436028 0.522396 0.433611 0.524141 0.433889 0.523320 0.421648 0.523320 0.419227 0.528443 0.435028 0.529411 0.435736 0.530380 0.434620 0.530729 0.435514 0.530648 0.436903 0.536721 0.442134
8 0.513427 0.435579 0.514089 0.448704 0.512867 0.450162 0.511904 0.439926
8 0.509190 0.445894 0.508945 0.448343 0.509536 0.448870 0.510323 0.450444 0.510516 0.456764 0.511104 0.454806 0.511987 0.452449 0.511654 0.449218 0.510964 0.445718 0.510323 0.445366
1 0.481193 0.339986 0.482604 0.335963 0.483401 0.338083 0.485846 0.338694 0.498211 0.328069 0.501461 0.325630 0.501966 0.324014 0.501966 0.322796 0.508443 0.326287 0.509232 0.326375 0.509328 0.324972 0.509034 0.324009 0.494854 0.316921 0.493990 0.315491 0.497534 0.316819 0.509156 0.320306 0.510740 0.321343 0.510466 0.331741 0.506125 0.334389 0.501997 0.336505 0.497997 0.338019 0.488469 0.339454
1 0.516120 0.334398 0.516156 0.353176 0.505940 0.355287 0.503786 0.349472 0.501323 0.341593 0.504612 0.340394 0.510893 0.337148 0.510893 0.343676 0.511000 0.345787 0.511919 0.346556 0.512729 0.346079 0.512781 0.336574 0.513776 0.335949
8 0.380052 0.257407 0.382047 0.270403 0.383188 0.276417 0.383591 0.280208 0.384732 0.282236 0.385135 0.281778 0.384841 0.277139 0.383906 0.273292 0.383018 0.270514 0.382122 0.260991 0.381797 0.256106 0.381073 0.253306 0.380307 0.253458 0.380052 0.255801
1 0.399083 0.282620 0.399987 0.274287 0.400128 0.269144 0.399380 0.262671 0.398076 0.256449 0.399604 0.256398 0.398396 0.247171 0.395331 0.244977 0.392227 0.244069 0.388651 0.244449 0.389432 0.245819 0.390714 0.251245 0.388990 0.250810 0.387956 0.247921 0.387169 0.245296 0.385594 0.244856 0.383755 0.244986 0.385417 0.250366 0.389549 0.262412 0.395721 0.276282 0.397828 0.281574
8 0.396047 0.309042 0.394557 0.318042 0.394388 0.322505 0.394557 0.330977 0.395763 0.326005 0.396727 0.318949 0.397792 0.308815 0.398940 0.302384 0.399664 0.297694 0.399216 0.296431 0.398042 0.302921
8 0.398914 0.230333 0.391937 0.230259 0.391937 0.232981 0.392958 0.233889 0.398914 0.233662
1 0.398227 0.240551 0.385008 0.229963 0.382299 0.226546 0.384698 0.224023 0.385234 0.224306 0.393172 0.224690 0.395685 0.225125 0.396529 0.224500 0.399581 0.224958 0.398914 0.230333 0.391937 0.230259 0.391937 0.232981 0.392958 0.233889 0.398914 0.233662
1 0.406781 0.202972 0.406823 0.201204 0.403693 0.199125 0.401865 0.197542 0.397039 0.190565 0.393956 0.190625 0.395385 0.197458 0.393224 0.196444 0.391214 0.198282 0.386940 0.205671 0.384148 0.211949 0.382214 0.214583 0.380503 0.217319 0.379193 0.219042 0.377742 0.219755 0.379297 0.220602 0.381201 0.217995 0.381576 0.218375 0.381969 0.216185 0.384086 0.215486 0.387878 0.215134 0.392555 0.205597 0.393195 0.203583 0.394375 0.203144
1 0.428943 0.192495 0.423021 0.199356 0.418057 0.206093 0.416034 0.208250 0.416096 0.213634 0.419510 0.213046 0.419859 0.215676 0.419391 0.216551 0.416042 0.216852 0.416146 0.217639 0.417708 0.217685 0.418164 0.222088 0.416674 0.225491 0.415781 0.225417 0.415802 0.226787 0.425568 0.223083 0.425997 0.221940 0.426214 0.219921 0.425404 0.210037 0.425513 0.206292 0.426492 0.205324 0.426445 0.204162 0.427893 0.200097 0.431508 0.185764 0.423344 0.193801 0.423534 0.196486 0.430302 0.188310
8 0.417583 0.201616 0.414477 0.201565 0.413055 0.202301 0.415247 0.203667 0.416206 0.204250 0.417445 0.204056 0.417630 0.203551
8 0.372401 0.184889 0.373909 0.186394 0.374388 0.185806 0.374388 0.185023 0.374057 0.184236 0.373359 0.182778 0.372951 0.183681
1 0.476854 0.480306 0.479219 0.474468 0.480188 0.475727 0.480281 0.472579 0.480755 0.462065 0.479128 0.460139 0.478977 0.457833 0.480815 0.459495 0.481276 0.447056 0.475313 0.440796 0.475174 0.437264 0.477010 0.439190 0.476161 0.436037 0.474740 0.430931 0.473198 0.431222 0.473260 0.434157 0.473451 0.439130 0.473594 0.440648 0.476458 0.443097 0.476698 0.444435 0.476427 0.445778 0.475854 0.445884 0.476732 0.451991 0.477669 0.456227 0.477880 0.458042 0.477201 0.460463 0.476859 0.460690 0.474987 0.458870 0.474477 0.455014 0.473896 0.445176 0.473997 0.452657 0.473753 0.467713 0.473240 0.468755 0.472539 0.468755 0.472172 0.467579 0.472172 0.466139 0.472292 0.448565 0.470810 0.455898 0.468654 0.466940 0.469687 0.468866 0.472544 0.473681 0.475763 0.462338 0.476909 0.461662 0.478841 0.461870 0.474721 0.477560
8 0.444583 0.304213 0.451409 0.304699 0.449794 0.300593 0.448779 0.299759 0.445794 0.300481
8 0.451589 0.300375 0.455443 0.300606 0.452919 0.304111
5 0.371536 0.174861 0.370464 0.176162 0.368992 0.177995 0.368992 0.177995 0.363917 0.183745 0.364404 0.185486 0.370469 0.178241
5 0.396010 0.141319 0.407776 0.134931 0.437560 0.119824 0.438172 0.122278 0.437841 0.125560 0.436065 0.127546 0.395065 0.148181 0.394917 0.145208 0.394818 0.144333
5 0.395065 0.148181 0.395000 0.156708 0.395198 0.158458 0.392846 0.158819 0.391211 0.159769 0.391211 0.153292 0.393453 0.147444 0.394818 0.144333 0.394917 0.145208
8 0.626768 0.795301 0.626706 0.805741 0.626206 0.806185 0.625456 0.805185 0.625831 0.793968
8 0.375760 0.178653 0.373737 0.183176 0.374057 0.184236 0.374388 0.185023 0.374388 0.185806 0.373909 0.186394 0.372867 0.185347 0.369310 0.194458 0.368440 0.196875 0.368987 0.198741 0.373221 0.190611 0.377365 0.180574 0.377328 0.179213 0.377016 0.178718
8 0.376109 0.176671 0.378341 0.176917 0.378234 0.178218 0.377643 0.178468 0.375552 0.178157
8 0.381583 0.181069 0.382490 0.184912 0.384057 0.191296 0.384719 0.191171 0.384737 0.190282 0.384643 0.187231 0.383917 0.180884
8 0.383359 0.174005 0.383951 0.174403 0.386846 0.175306 0.384685 0.176296 0.382906 0.175306
8 0.392495 0.177912 0.395492 0.179769 0.394271 0.181194 0.392458 0.179333 0.391737 0.178245
8 0.368802 0.177667 0.367659 0.177667 0.363169 0.181685 0.363469 0.183236 0.367237 0.179597 0.367779 0.179329 0.368992 0.177995
1 0.526495 0.307769 0.525516 0.306481 0.524536 0.304972 0.523471 0.304745 0.521388 0.305046 0.520068 0.304213 0.518836 0.303532 0.517474 0.303241 0.516409 0.304287 0.515516 0.303153 0.516836 0.301718 0.518323 0.301417 0.519940 0.302472 0.520833 0.303380 0.522750 0.303833 0.524026 0.303306 0.524919 0.303606 0.526068 0.305954
8 0.475284 0.248944 0.476133 0.248657 0.484740 0.250972 0.487245 0.252042 0.492682 0.253106 0.492977 0.255194 0.492536 0.256898 0.481638 0.254481 0.480146 0.253620 0.478773 0.252977 0.477443 0.253833 0.476326 0.250736
4 0.364505 0.191667 0.357990 0.202088 0.354951 0.207083 0.353409 0.209157 0.351544 0.213306 0.349687 0.216204 0.345846 0.222009 0.330661 0.216176 0.330174 0.216440 0.330268 0.218102 0.331109 0.220204 0.339586 0.224028 0.339440 0.225829 0.341031 0.228014 0.338854 0.230060 0.336854 0.230542 0.336854 0.232171 0.336594 0.232366 0.332021 0.227551 0.330620 0.227056 0.330479 0.230704 0.334901 0.235991 0.324534 0.249963 0.313234 0.218565 0.327974 0.199380 0.327063 0.197579 0.316935 0.210000 0.315922 0.209463 0.314302 0.206940 0.312479 0.201903 0.312174 0.200282 0.321492 0.187676 0.317948 0.178315 0.320076 0.175074 0.321695 0.178856 0.320987 0.180296 0.323315 0.185338 0.326151 0.180838 0.324328 0.174537 0.324125 0.171477 0.325138 0.168056 0.326555 0.167153 0.328378 0.167875 0.329391 0.168593 0.331112 0.168593 0.335164 0.177056 0.336276 0.177778 0.337289 0.179218 0.337492 0.181019 0.336076 0.184977 0.331820 0.192361 0.329997 0.194699 0.330703 0.196481 0.348289 0.171116 0.349742 0.170602 0.352352 0.172491 0.359125 0.181435 0.362187 0.185231
1 0.480794 0.197532 0.478740 0.199028 0.477995 0.200685 0.478320 0.203009 0.478273 0.205250 0.477107 0.207653 0.475286 0.208648 0.474586 0.209315 0.474167 0.211306 0.474167 0.212884 0.473419 0.213046 0.473234 0.210477 0.473935 0.208236 0.475104 0.207176 0.477154 0.205995 0.477526 0.204171 0.477341 0.201764 0.477341 0.199356 0.478089 0.197699 0.480701 0.196037
1 0.474461 0.193356 0.473763 0.194926 0.474021 0.196954 0.474094 0.200287 0.473727 0.203426 0.472622 0.204667 0.470932 0.205190 0.470049 0.207019 0.469901 0.209833 0.470159 0.213625 0.469755 0.213949 0.469349 0.209569 0.469607 0.206565 0.470562 0.203949 0.472219 0.203426 0.473102 0.202639 0.473690 0.200940 0.473065 0.198259 0.472880 0.195907 0.473542 0.194338 0.474021 0.193486
1 0.457203 0.187028 0.457779 0.188509 0.458102 0.189556 0.459784 0.193412 0.460065 0.193245 0.460443 0.191481 0.460833 0.190509 0.461016 0.189352 0.460104 0.187315 0.458667 0.187028 0.458031 0.186579 0.458411 0.184824 0.458411 0.183245 0.457680 0.182171 0.456474 0.182056 0.455456 0.181773 0.455615 0.180815 0.456156 0.179514 0.455839 0.178213 0.455010 0.177648 0.452872 0.177583 0.453263 0.176306 0.452479 0.176190 0.452094 0.177352 0.451956 0.178398 0.452021 0.179444 0.452349 0.180259 0.452872 0.181069 0.453328 0.182236 0.453263 0.183630 0.453068 0.184676 0.452349 0.184792 0.451107 0.185255 0.451107 0.186301 0.451562 0.187231 0.452151 0.186769 0.452872 0.186301 0.454047 0.185370 0.454310 0.183977 0.454898 0.184324 0.455943 0.185255
1 0.461003 0.195995 0.461568 0.196991 0.461568 0.199421 0.462268 0.201343 0.463729 0.202245 0.464492 0.203037 0.464268 0.205523 0.463919 0.206935 0.464174 0.208630 0.464714 0.210042 0.465031 0.209593 0.464620 0.207671 0.464872 0.206259 0.465224 0.204676 0.465128 0.203148 0.464365 0.202472 0.462807 0.201060 0.462299 0.199532 0.462109 0.197838 0.461948 0.196880 0.461346 0.195463
8 0.452865 0.200463 0.461354 0.196806 0.460599 0.198843 0.456198 0.200741 0.452969 0.201574 0.449687 0.202639
8 0.467898 0.184861 0.468948 0.185875 0.469266 0.187005 0.469266 0.188079 0.464818 0.195509 0.461948 0.196880 0.461669 0.196500
8 0.461484 0.197037 0.461568 0.199421 0.461997 0.201019 0.456740 0.211153 0.455857 0.211741 0.455086 0.210301 0.455010 0.208931 0.456849 0.204940 0.460370 0.199458 0.460958 0.197625
1 0.491458 0.287083 0.493326 0.290644 0.498219 0.294199 0.504745 0.300356 0.511169 0.305653 0.510190 0.306255 0.497133 0.295454 0.491359 0.290616 0.490604 0.290343 0.488560 0.292306 0.485539 0.292157 0.488604 0.296995 0.491729 0.297870 0.492732 0.294500 0.493497 0.293972 0.494646 0.295032 0.494688 0.296995 0.492391 0.303579 0.494091 0.307287 0.496049 0.308875 0.502474 0.309556 0.507539 0.308269 0.511104 0.307287 0.514133 0.306528 0.514771 0.305319 0.514302 0.303199 0.511354 0.300468 0.508565 0.298139 0.497539 0.289130 0.495026 0.285111
1 0.523904 0.316731 0.524417 0.313894 0.525727 0.312681 0.527208 0.312782 0.529143 0.313593 0.531479 0.313491 0.533073 0.312069 0.533758 0.310250 0.534727 0.309338 0.536263 0.309440 0.537706 0.311282 0.538714 0.311870 0.540651 0.311463 0.542188 0.308731 0.543440 0.307412 0.544466 0.307616 0.544466 0.306602 0.543440 0.306403 0.542073 0.307616 0.541049 0.309843 0.540081 0.310653 0.538289 0.310014 0.536508 0.308370 0.535466 0.307819 0.533758 0.308120 0.532846 0.309843 0.531820 0.311972 0.530568 0.312579 0.528576 0.312681 0.526979 0.311259 0.526010 0.311162 0.524987 0.312273 0.523620 0.314301 0.522935 0.316019
1 0.563474 0.309833 0.561898 0.309833 0.560125 0.311060 0.558698 0.312282 0.557073 0.312458 0.555104 0.310532 0.554070 0.308347 0.553036 0.308083 0.551656 0.309481 0.550229 0.310884 0.548112 0.311148 0.546784 0.310708 0.545995 0.309134 0.545406 0.308171 0.545406 0.307032 0.546143 0.307644 0.547326 0.309481 0.548508 0.310009 0.550229 0.309481 0.551854 0.307208 0.553036 0.306509 0.554315 0.306509 0.555792 0.308870 0.557122 0.310708 0.558352 0.311148 0.559732 0.309833 0.560961 0.308870 0.562341 0.308782 0.563424 0.308782
1 0.519385 0.348958 0.521693 0.350366 0.524065 0.351421 0.524594 0.352824 0.524526 0.355639 0.525516 0.356574 0.527625 0.359037 0.528021 0.359972 0.528021 0.361731 0.528284 0.363954 0.530128 0.366065 0.530854 0.367824 0.530919 0.369699 0.530523 0.370750 0.531711 0.372509 0.533094 0.376611 0.533029 0.379421 0.532487 0.380431 0.533708 0.383009 0.535388 0.385574 0.535771 0.387343 0.535539 0.389509 0.534703 0.390588 0.533708 0.390588 0.533938 0.388829 0.534703 0.387880 0.534320 0.385306 0.532258 0.383009 0.531724 0.380162 0.532185 0.377583 0.531883 0.375685 0.530049 0.372838 0.529438 0.371069 0.529747 0.368491 0.529286 0.367144 0.526997 0.364153 0.526695 0.362935 0.526919 0.361579 0.526768 0.359681 0.524099 0.356833 0.523273 0.355639 0.523737 0.355051 0.523737 0.353528 0.522747 0.351653 0.519716 0.351889
1 0.544344 0.370481 0.543026 0.373296 0.541115 0.376106 0.540193 0.378917 0.540193 0.380912 0.539271 0.384074 0.537227 0.386884 0.536305 0.386884 0.538810 0.383370 0.539203 0.380792 0.539336 0.378565 0.540523 0.376106 0.542630 0.372593 0.543224 0.370949 0.542763 0.370014 0.542763 0.368843 0.543224 0.368722 0.544081 0.368958 0.544411 0.369546
5 0.393224 0.196444 0.391214 0.198282 0.386940 0.205671 0.384148 0.211949 0.382214 0.214583 0.380503 0.217319 0.379193 0.219042 0.377742 0.219755 0.376589 0.216106 0.373688 0.207741 0.377005 0.204412 0.377474 0.199491 0.378099 0.197917 0.385612 0.194079 0.384737 0.190282 0.391826 0.190454
6 0.453698 0.242454 0.469370 0.242370 0.470536 0.243699 0.471935 0.246519 0.471656 0.247847 0.469648 0.249255 0.457693 0.248458
6 0.449667 0.236060 0.464870 0.235824 0.466701 0.235903 0.468625 0.240046 0.469370 0.242370 0.453698 0.242454 0.453096 0.241069
6 0.427734 0.239880 0.427943 0.241315 0.428932 0.241991 0.429427 0.242870 0.429714 0.244583 0.430266 0.247856 0.431594 0.248227 0.432245 0.248505 0.432609 0.249292 0.437953 0.249528 0.434609 0.246648 0.436021 0.245287 0.445781 0.252676 0.444815 0.250343 0.444711 0.248792 0.444781 0.247431 0.445409 0.247250 0.445654 0.247435 0.446349 0.248491 0.446870 0.249431 0.450914 0.249060 0.449427 0.244444 0.446893 0.240495 0.430185 0.240829
6 0.478940 0.240889 0.478797 0.241630 0.474518 0.246648 0.471958 0.241134 0.469859 0.237810 0.469273 0.236185 0.476565 0.237338 0.477266 0.238296 0.477266 0.240889
1 0.463388 0.198259 0.466667 0.206505 0.466409 0.207037 0.465146 0.203769 0.465128 0.203148 0.464365 0.202472 0.463875 0.201787 0.463016 0.198796
5 0.412646 0.170282 0.412745 0.173958 0.411315 0.176056 0.409102 0.175699 0.407328 0.177634 0.406099 0.181046 0.405122 0.180745 0.401716 0.178069 0.396115 0.185389 0.398289 0.187778 0.404458 0.188236 0.409948 0.189222 0.412117 0.189977 0.412117 0.184148 0.413229 0.184352 0.412969 0.190046 0.414466 0.190190 0.415102 0.188208 0.417516 0.185894 0.419583 0.185556 0.422029 0.183296 0.420250 0.182444 0.418310 0.180468 0.416911 0.177870 0.415641 0.174083 0.414815 0.171088 0.414401 0.169227
6 0.469648 0.249255 0.471091 0.253963 0.469940 0.253403 0.469487 0.254583 0.461242 0.254338 0.457693 0.248458
8 0.524120 0.737773 0.517279 0.715454 0.506318 0.680931 0.503716 0.675694 0.500096 0.667829 0.499862 0.669704 0.502177 0.677287 0.506333 0.689903 0.522898 0.741778
8 0.527878 0.749620 0.525706 0.750528 0.524599 0.746366 0.525448 0.743676 0.525854 0.745440 0.526479 0.745963 0.526813 0.745991
1 0.567638 0.467532 0.567638 0.470366 0.567182 0.473204 0.566156 0.474824 0.564505 0.475634 0.563253 0.475838 0.561885 0.477556 0.561430 0.479685 0.561544 0.481505 0.561372 0.483028 0.559607 0.485458 0.557898 0.485657 0.556474 0.485963 0.555734 0.486773 0.555563 0.487986 0.554823 0.491736 0.553682 0.492546 0.553682 0.491736 0.554479 0.489606 0.554536 0.486366 0.555734 0.483935 0.557841 0.483935 0.559891 0.483634 0.560802 0.481407 0.560859 0.477963 0.561602 0.476037 0.562625 0.474824 0.564448 0.474218 0.566443 0.473306 0.566500 0.470773 0.566727 0.468444 0.567068 0.467736
5 0.613578 0.486315 0.617451 0.500764 0.623643 0.522787 0.634414 0.556287 0.640987 0.581870 0.648156 0.608745 0.645021 0.608949 0.642109 0.611926 0.640542 0.615111 0.636599 0.611764 0.628539 0.573866 0.622120 0.544616 0.618578 0.523023 0.617927 0.513644 0.616612 0.512394 0.615924 0.512394 0.615924 0.514954 0.616669 0.523176 0.619812 0.543690 0.627924 0.578866 0.634070 0.607653 0.624826 0.574111 0.616424 0.542176 0.607917 0.516097 0.604753 0.502278 0.605044 0.498153 0.604464 0.492472 0.606591 0.490926 0.610753 0.488000
1 0.573961 0.457787 0.573680 0.459796 0.573680 0.462375 0.572750 0.464241 0.571542 0.465532 0.569323 0.466894 0.568154 0.466394 0.569807 0.465389 0.571945 0.464097 0.572831 0.462375 0.572831 0.459509 0.572872 0.458144 0.573638 0.457000
6 0.538359 0.705694 0.548648 0.737949 0.552430 0.734796 0.542279 0.703356 0.541531 0.704769 0.541484 0.706593 0.540552 0.707255 0.540318 0.704852 0.541018 0.701861 0.541719 0.700769 0.540599 0.698657
6 0.464557 0.607685 0.478740 0.626056 0.479651 0.625875 0.479750 0.616662 0.478029 0.616333 0.475891 0.613755 0.475245 0.614185 0.474276 0.616051 0.466484 0.604306 0.464172 0.604273 0.464172 0.604273 0.464503 0.604787
8 0.468549 0.612898 0.470039 0.618352 0.472891 0.624324 0.473448 0.626824 0.474260 0.624935 0.475349 0.624986 0.472995 0.619639 0.472602 0.618009
8 0.440193 0.534042 0.439216 0.523968 0.439753 0.523449 0.440729 0.531954
8 0.441560 0.527787 0.440193 0.523361 0.439753 0.523449 0.440289 0.528134 0.441120 0.530306
8 0.428617 0.530394 0.431695 0.541940 0.432318 0.547634 0.431596 0.548366 0.427005 0.532736 0.427180 0.531264
8 0.435664 0.525940 0.436799 0.525352 0.439826 0.529894 0.440193 0.534042 0.439935 0.535208 0.436068 0.528403
8 0.496143 0.456171 0.495151 0.459111 0.495151 0.459111 0.500398 0.466384 0.505391 0.472167 0.506930 0.472481 0.506904 0.470287 0.498302 0.460546 0.496919 0.458671
8 0.609893 0.641296 0.608492 0.631806 0.604555 0.632898 0.600646 0.636343 0.602805 0.649389 0.603417 0.647676 0.604992 0.646278 0.606042 0.646120 0.606393 0.649231 0.607531 0.648921
8 0.371581 0.309940 0.369391 0.313653 0.369135 0.310620 0.368318 0.293417 0.369313 0.293509 0.370901 0.294495 0.371224 0.295602 0.371536 0.303981 0.372083 0.309769
1 0.538312 0.597500 0.537099 0.598579 0.536492 0.601153 0.535279 0.603060 0.533271 0.603060 0.531078 0.604306 0.530378 0.605718 0.529865 0.607625 0.527391 0.609699 0.526453 0.609352 0.527904 0.608421 0.529276 0.606912 0.529719 0.604620 0.530690 0.603403 0.533029 0.602181 0.534924 0.601532 0.535773 0.599958 0.536617 0.598093 0.537706 0.597088 0.538112 0.596944
8 0.551857 0.588523 0.535818 0.591310 0.524370 0.593903 0.511708 0.596773 0.500365 0.599718 0.497682 0.600833 0.491646 0.602032 0.488823 0.602606 0.488661 0.601245 0.493698 0.600389 0.504633 0.597519 0.514958 0.595083 0.536234 0.589773 0.552099 0.586977
5 0.563698 0.499491 0.558638 0.502745 0.550315 0.518574 0.541411 0.533023 0.532703 0.546787 0.535711 0.586259 0.545081 0.574954 0.541742 0.574352 0.539815 0.572870 0.538732 0.569449 0.535964 0.567523 0.534966 0.566903 0.534966 0.565903 0.537716 0.567347 0.539089 0.568796 0.540589 0.571134 0.542089 0.572907 0.546211 0.573681 0.551148 0.568671 0.553906 0.565231 0.555464 0.560912 0.555010 0.555755 0.556771 0.549352 0.560951 0.544310 0.564378 0.541472 0.569651 0.537620 0.573745 0.535986 0.576174 0.533009 0.577094 0.529292
5 0.529292 0.593065 0.514977 0.609773 0.512953 0.605403 0.514398 0.603731 0.511190 0.597190 0.524370 0.593903
5 0.531143 0.549250 0.522458 0.563796 0.517146 0.571796 0.507464 0.587236 0.506339 0.589236 0.507089 0.590681 0.508086 0.591014 0.511086 0.596009 0.514958 0.595083 0.534401 0.590046
8 0.546094 0.610787 0.538544 0.612954 0.534005 0.614014 0.532409 0.615000 0.531896 0.615000 0.527375 0.616120 0.526893 0.616120 0.522701 0.615806 0.521974 0.615231 0.518690 0.613009 0.516180 0.611208 0.511997 0.608241 0.506911 0.603458 0.502292 0.599213 0.500365 0.599718 0.502128 0.601005 0.510453 0.608588 0.516469 0.611981 0.521263 0.615167 0.522594 0.616551 0.523615 0.617417 0.526172 0.618528 0.530083 0.618130 0.530711 0.618009 0.538797 0.616319 0.546638 0.613750
8 0.490260 0.590093 0.499740 0.598796 0.496797 0.599583 0.488964 0.592903
8 0.491068 0.588412 0.496276 0.593648 0.501797 0.598380 0.499870 0.598843 0.490234 0.590000 0.490734 0.588699
6 0.496724 0.565380 0.499768 0.573412 0.496122 0.574273 0.492987 0.565380 0.495164 0.564944 0.495164 0.564944
8 0.602805 0.649389 0.601263 0.656852 0.600391 0.658574 0.599521 0.659606 0.598263 0.660639 0.599133 0.655306 0.599456 0.654042 0.600487 0.644810 0.602419 0.646444
8 0.606042 0.646120 0.605841 0.653565 0.605466 0.653898 0.603508 0.653981 0.603367 0.653815 0.603417 0.647676 0.604992 0.646278
8 0.622224 0.613963 0.621208 0.605338 0.620122 0.606528 0.619286 0.606083 0.618867 0.605935 0.615687 0.613370 0.616859 0.625861 0.617948 0.624819 0.618617 0.622884 0.618784 0.620954 0.618784 0.617532 0.619286 0.616792 0.620792 0.616792 0.621961 0.616940 0.622130 0.616940
8 0.613818 0.552912 0.621409 0.567565 0.624826 0.574111 0.626831 0.581185 0.620180 0.569875 0.614609 0.559532
8 0.598190 0.543843 0.604125 0.543472 0.605383 0.546731 0.599073 0.546620
8 0.387182 0.169972 0.402799 0.160815 0.398185 0.161519 0.394362 0.161167 0.389880 0.164329
5 0.500060 0.342083 0.500664 0.346958 0.501029 0.354273 0.499888 0.352375 0.498628 0.350963 0.496997 0.350625 0.493914 0.351963 0.492424 0.352125 0.491534 0.351625 0.487198 0.350551 0.485000 0.350963 0.483880 0.351625 0.483276 0.352037 0.482115 0.350671 0.481427 0.347949 0.486474 0.346560
5 0.483893 0.353657 0.484297 0.358245 0.485026 0.362130 0.496240 0.360282 0.497057 0.361435 0.497005 0.363194 0.489833 0.365005 0.503581 0.377972 0.505914 0.380912 0.506078 0.378755 0.505271 0.375597 0.503979 0.371514 0.503336 0.366708 0.502852 0.361185 0.501883 0.357958 0.501513 0.357259 0.500378 0.355343 0.498596 0.353134 0.497031 0.353421 0.494492 0.354380 0.492333 0.352940 0.487203 0.352269
5 0.482849 0.322667 0.481797 0.326727 0.482474 0.330551 0.483349 0.328440 0.487091 0.318898 0.487964 0.317449 0.489995 0.311199 0.492391 0.303579 0.494688 0.296995 0.494646 0.295032 0.493497 0.293972 0.492732 0.294500 0.491729 0.297870 0.490156 0.302778 0.487242 0.310611 0.484563 0.319083 0.484927 0.319718 0.484807 0.321324 0.483812 0.322611
8 0.483125 0.291111 0.482526 0.290500 0.481271 0.289444 0.479146 0.290435 0.479146 0.292731
5 0.613047 0.832870 0.607299 0.828014 0.607065 0.825097 0.606362 0.822597 0.604839 0.820097 0.603198 0.817185 0.611049 0.797602 0.615620 0.784690 0.621711 0.784898 0.622648 0.787602 0.624523 0.790935 0.625831 0.793968 0.625456 0.805185 0.626206 0.806185 0.626706 0.805741 0.622193 0.816208 0.621323 0.820963 0.621685 0.823537 0.623638 0.825204 0.626167 0.825333 0.614365 0.835750
8 0.580000 0.726227 0.565922 0.692560 0.563896 0.692741 0.579492 0.730005
8 0.565589 0.708157 0.561148 0.698139 0.560482 0.697213 0.558906 0.695778 0.559523 0.699208 0.565612 0.713611 0.566156 0.713319 0.566271 0.711699 0.565417 0.709880
5 0.485380 0.365681 0.485609 0.372366 0.487031 0.377935 0.489711 0.385426 0.491247 0.389176 0.492130 0.392454 0.491492 0.396009 0.491875 0.398509 0.491919 0.401236 0.491448 0.404255 0.490599 0.406227 0.489750 0.408495 0.488930 0.419319 0.488013 0.436130 0.488320 0.441699 0.492164 0.443958 0.494859 0.446431 0.498789 0.451389 0.501807 0.453009 0.504484 0.454125 0.506878 0.455440 0.507617 0.455338 0.508417 0.451796 0.508872 0.447847 0.509669 0.439037 0.509896 0.434481 0.509474 0.418894 0.509448 0.417731 0.508935 0.409426 0.507794 0.403958 0.506997 0.399199 0.505404 0.393935 0.505630 0.386644 0.502099 0.378894 0.488336 0.366176 0.487266 0.365630
