2 0.336586 0.213931 0.344565 0.236977 0.348042 0.222833 0.342846 0.219606 0.342784 0.217935 0.342409 0.217046 0.341219 0.216713 0.339904 0.216602
8 0.463661 0.156551 0.473508 0.202153 0.468714 0.192481 0.461070 0.160236 0.460810 0.158162 0.461589 0.155167 0.462753 0.156088
6 0.480521 0.200741 0.468802 0.180139 0.471094 0.191250 0.472818 0.190019 0.475044 0.199134 0.478333 0.211898
8 0.485312 0.608704 0.493451 0.618718 0.501401 0.627588 0.511016 0.637481 0.514219 0.639398 0.513620 0.635972 0.506896 0.630412 0.492943 0.615120 0.485570 0.605481
8 0.523073 0.646898 0.529714 0.652060 0.532560 0.654051 0.530461 0.655130 0.522339 0.648907
8 0.515414 0.642056 0.517839 0.644593 0.521549 0.647676 0.522357 0.645380 0.520260 0.644088 0.516992 0.641366 0.516289 0.641727
8 0.516758 0.638940 0.519380 0.640231 0.521719 0.641093 0.523857 0.641380 0.523010 0.643458 0.520630 0.643458 0.518815 0.642310 0.517102 0.640949
8 0.526682 0.637505 0.528617 0.638440 0.530070 0.638509 0.531805 0.638440 0.533701 0.638727 0.533820 0.640662 0.531924 0.641236 0.529182 0.641236 0.526521 0.640731 0.525672 0.640157
8 0.527086 0.661787 0.540154 0.652407 0.540201 0.650583 0.539312 0.649338 0.532826 0.653819 0.530461 0.655130 0.526198 0.658301 0.526695 0.660537
6 0.464201 0.173394 0.460935 0.166093 0.459953 0.166343 0.458880 0.167255 0.458273 0.169329 0.458367 0.171699 0.468714 0.192481
8 0.452510 0.159194 0.451500 0.158806 0.450341 0.159579 0.450052 0.161120 0.462232 0.186046 0.477221 0.217306 0.478333 0.211898 0.473508 0.202153 0.458367 0.171699
8 0.433258 0.346579 0.434344 0.346431 0.435096 0.346727 0.432003 0.363394 0.431836 0.372167 0.441370 0.402042 0.438693 0.399676 0.431333 0.376630 0.430469 0.375000 0.430646 0.361389
8 0.433383 0.428153 0.435573 0.435259 0.436602 0.438625 0.439727 0.443509 0.442474 0.446620 0.443724 0.447500
4 0.328281 0.124074 0.339430 0.124431 0.330721 0.132176 0.326464 0.137162 0.331206 0.139917 0.329753 0.152648 0.328302 0.165208 0.326945 0.187745 0.313724 0.150838
4 0.330180 0.120755 0.338302 0.105157 0.339094 0.105157 0.342315 0.109389 0.343247 0.108394 0.344320 0.109722 0.347354 0.117440 0.343237 0.121056
8 0.446174 0.429116 0.448047 0.435671 0.450797 0.443444 0.453547 0.450222 0.450859 0.448667 0.448234 0.442444 0.446823 0.439028 0.445612 0.433560 0.445237 0.432005 0.445549 0.429894
8 0.511737 0.489611 0.514724 0.505046 0.514677 0.513343 0.509823 0.490278
8 0.507674 0.490940 0.513648 0.515750 0.514443 0.515167 0.514677 0.513343 0.509401 0.490361
8 0.516133 0.488296 0.516620 0.512199 0.515810 0.512296 0.514677 0.513343 0.514352 0.488681
8 0.516781 0.488106 0.518023 0.509032 0.519966 0.508648 0.518638 0.487565
8 0.506359 0.491176 0.509276 0.516713 0.507492 0.515079 0.504146 0.492231
8 0.495721 0.499912 0.492193 0.534491 0.490065 0.531912 0.489969 0.530537 0.490010 0.529171 0.493346 0.498667 0.494586 0.498954
8 0.492865 0.527546 0.503336 0.527463 0.504578 0.529958 0.504055 0.530213 0.502599 0.531208 0.492589 0.530824
8 0.480341 0.501458 0.481961 0.515856 0.479531 0.511102 0.478883 0.502417
8 0.486214 0.497829 0.490703 0.522500 0.491440 0.515894 0.488922 0.500926
8 0.481138 0.508671 0.488513 0.510495 0.489026 0.513481 0.481510 0.511657
8 0.507273 0.527921 0.508674 0.530324 0.513482 0.532731 0.515430 0.532060 0.518437 0.530463 0.515721 0.528667 0.509560 0.528005
8 0.460156 0.492130 0.463440 0.499028 0.470956 0.513384 0.469786 0.514463 0.462133 0.500606 0.459474 0.494796
8 0.521167 0.528884 0.527599 0.529014 0.528685 0.532356 0.525721 0.532611 0.522734 0.531194
8 0.532805 0.495727 0.536203 0.529912 0.534177 0.529912 0.531286 0.497782 0.531432 0.495986 0.531865 0.495343
8 0.536911 0.533889 0.538370 0.548093 0.536977 0.544181 0.535182 0.540926 0.534427 0.533407
8 0.393034 0.310444 0.393870 0.319810 0.394456 0.334532 0.395039 0.350296 0.395292 0.365014 0.394740 0.376389 0.393698 0.374074 0.394117 0.364472 0.393333 0.351731 0.392195 0.335574 0.391883 0.320468 0.391456 0.315829 0.391089 0.313644 0.390943 0.308657
8 0.406542 0.348218 0.400542 0.364278 0.398661 0.363509 0.405456 0.344745
8 0.397143 0.363380 0.398661 0.363509 0.400542 0.364278 0.412193 0.366213 0.413188 0.370065 0.400036 0.366852 0.396711 0.365181
8 0.414276 0.366338 0.427289 0.366977 0.427578 0.369037 0.427216 0.370065 0.415505 0.369037 0.414760 0.367898
8 0.520344 0.305523 0.525859 0.300231 0.522943 0.300046 0.519482 0.302931
8 0.456839 0.191130 0.462484 0.196366 0.459391 0.195852 0.458289 0.195792 0.456333 0.194829
8 0.452331 0.187653 0.456096 0.190704 0.455784 0.193926 0.453898 0.191713
8 0.445513 0.164745 0.441104 0.175028 0.440615 0.175407 0.440018 0.173611 0.439422 0.173481 0.438503 0.172616 0.441971 0.165903 0.445250 0.163898
8 0.429490 0.156625 0.433542 0.162931 0.431596 0.163250 0.429005 0.158833
8 0.426305 0.168435 0.427896 0.166583 0.429250 0.163759 0.430031 0.162194 0.429651 0.160657 0.428302 0.159889 0.425388 0.164125
8 0.448081 0.183199 0.442724 0.178194 0.442237 0.178968 0.444888 0.183968 0.450081 0.187815
1 0.450352 0.188199 0.448458 0.189162 0.445862 0.191472 0.443914 0.193204 0.443753 0.192241 0.446620 0.189741 0.448568 0.188296 0.450081 0.187815
8 0.430893 0.152880 0.429490 0.156625 0.428302 0.159889 0.425388 0.164125 0.424792 0.162481 0.428951 0.154898
8 0.437854 0.174347 0.439964 0.178292 0.441586 0.181468 0.444456 0.186370 0.446620 0.189741 0.448255 0.188380 0.444888 0.183968 0.442237 0.178968 0.440615 0.175407 0.439422 0.173481 0.438503 0.172616
8 0.427221 0.156722 0.427492 0.157588 0.424792 0.162481 0.423906 0.160394
8 0.425807 0.144722 0.420958 0.152593 0.419932 0.150194 0.424253 0.143282
8 0.424253 0.143282 0.419727 0.149731 0.418854 0.147639 0.416969 0.149384 0.422526 0.141574
8 0.426466 0.145296 0.420958 0.152593 0.422107 0.155898 0.428253 0.147194
8 0.415766 0.135157 0.409995 0.140958 0.408909 0.137981 0.414177 0.133523 0.415193 0.134417
8 0.418180 0.143782 0.413482 0.149954 0.414508 0.152722 0.419490 0.145875
8 0.430078 0.133472 0.425565 0.141005 0.423203 0.138519 0.426458 0.133935
8 0.415505 0.140023 0.412005 0.145829 0.411076 0.143509 0.414388 0.138361
8 0.407943 0.130148 0.412102 0.135292 0.414177 0.133523 0.412292 0.131213 0.409182 0.130060
8 0.413477 0.143398 0.416997 0.142532 0.418180 0.143782 0.416685 0.145755 0.412258 0.146620 0.412005 0.145829
8 0.419404 0.141787 0.421286 0.140486 0.422526 0.141574 0.420781 0.144028
8 0.400701 0.148181 0.409443 0.145699 0.407047 0.149505 0.398367 0.152657 0.397620 0.151745 0.397620 0.150667
8 0.412917 0.154963 0.406302 0.162315 0.403229 0.161620 0.411641 0.151505
8 0.395068 0.153009 0.400729 0.159259 0.398880 0.160000 0.393281 0.154630
8 0.436695 0.126426 0.439760 0.122324 0.440909 0.120713 0.442865 0.117454 0.437891 0.118565 0.433570 0.124426
8 0.428409 0.131412 0.431208 0.127593 0.432143 0.127426 0.433216 0.128421 0.433729 0.130000 0.433310 0.130662
8 0.441990 0.133069 0.443062 0.138046 0.444557 0.136639 0.444091 0.133981 0.442318 0.132500
8 0.481836 0.314977 0.477622 0.320560 0.477018 0.320417 0.476573 0.319194 0.480781 0.313981
2 0.552656 0.485556 0.552128 0.489417 0.547112 0.481681 0.547240 0.477639
2 0.542578 0.450051 0.550638 0.433833 0.548638 0.431278 0.541453 0.446051 0.541453 0.446051
8 0.539953 0.419505 0.542141 0.438056 0.540766 0.440056 0.538081 0.417171
2 0.539953 0.419505 0.544922 0.427148 0.547294 0.432032 0.541109 0.444366 0.540172 0.440810 0.542141 0.438056 0.545172 0.431699 0.540297 0.423481
8 0.545766 0.443162 0.555323 0.465046 0.554823 0.468157 0.544953 0.445162
8 0.551951 0.451718 0.555823 0.460157 0.555448 0.463157 0.551576 0.454162
8 0.551576 0.456606 0.552638 0.444495 0.551701 0.443940 0.551013 0.444384 0.550263 0.453606
8 0.566130 0.453889 0.561865 0.477236 0.560526 0.473370 0.564740 0.452176
8 0.436154 0.246792 0.439695 0.251792 0.440042 0.256361 0.438289 0.256097 0.434846 0.249366 0.434935 0.246403
8 0.420526 0.231495 0.422385 0.235412 0.422747 0.238949 0.424451 0.235532 0.423388 0.231648 0.422701 0.231648 0.421638 0.230426 0.421076 0.229204
8 0.429958 0.242019 0.429820 0.245449 0.430510 0.247037 0.431404 0.246546 0.432232 0.245815 0.432628 0.245671 0.432919 0.243083 0.431750 0.241162 0.431060 0.240796
8 0.429062 0.231741 0.434641 0.236023 0.434513 0.237787 0.427776 0.234329
8 0.379378 0.232815 0.378000 0.239426 0.377682 0.243912 0.376203 0.234852
8 0.375867 0.242852 0.375104 0.249213 0.376760 0.254356 0.377174 0.250931
8 0.386951 0.254236 0.387638 0.260968 0.386331 0.261699 0.385435 0.253134
8 0.391633 0.248727 0.391906 0.256194 0.390260 0.254708 0.389221 0.249463 0.389516 0.248741 0.390628 0.249361
1 0.568344 0.541454 0.565885 0.535542 0.564799 0.532972 0.561474 0.530014 0.557789 0.529245 0.551427 0.527958 0.548536 0.526417 0.547018 0.525259 0.546656 0.524231 0.547234 0.523204 0.549596 0.523440 0.551096 0.523551 0.559812 0.523333 0.561474 0.523718 0.562922 0.525648 0.564872 0.531042 0.567766 0.533356 0.569427 0.535157
8 0.558659 0.523366 0.561250 0.501958 0.562276 0.501861 0.563141 0.502819 0.560495 0.523556 0.559812 0.523333
8 0.562922 0.525648 0.564393 0.517222 0.564339 0.515588 0.563422 0.515111 0.562557 0.516167 0.561474 0.523718
8 0.559521 0.529509 0.557362 0.544870 0.556536 0.544630 0.555859 0.543287 0.557789 0.529245
8 0.566380 0.536671 0.565021 0.539463 0.562023 0.554403 0.563208 0.556755 0.566068 0.544731 0.566693 0.540889 0.567357 0.539153
8 0.556536 0.544630 0.563870 0.545657 0.563279 0.547954 0.558117 0.547519
8 0.560768 0.529611 0.559234 0.545042 0.561117 0.545347 0.562651 0.531102 0.561474 0.530014
8 0.564044 0.532273 0.563870 0.545657 0.561638 0.545287 0.562651 0.531102
8 0.554688 0.523472 0.557911 0.474250 0.556898 0.473611 0.556104 0.474125 0.554031 0.501005 0.552995 0.523472
8 0.558068 0.506593 0.558005 0.513921 0.556771 0.523426 0.555445 0.523361 0.556755 0.510477
8 0.549956 0.527148 0.553174 0.539347 0.549909 0.534282 0.548536 0.526417
8 0.552148 0.528144 0.553687 0.539926 0.553174 0.539347 0.550609 0.529639 0.550469 0.527648 0.551427 0.527958
8 0.554341 0.528727 0.554063 0.540176 0.553687 0.539926 0.552755 0.532958 0.552943 0.528227
8 0.466354 0.150463 0.472745 0.155394 0.476888 0.160968 0.479240 0.160569 0.474201 0.153602 0.467706 0.149620
8 0.464414 0.151843 0.474617 0.170282 0.475539 0.175190 0.462406 0.152736
8 0.472745 0.155394 0.475831 0.170681 0.481719 0.194491 0.480932 0.198190 0.475539 0.175190 0.474617 0.170282 0.471042 0.154213
8 0.474977 0.165894 0.475815 0.165894 0.482589 0.190727 0.481719 0.194491
8 0.470253 0.147773 0.471440 0.151995 0.469440 0.150773 0.468878 0.148884
8 0.438927 0.188551 0.442477 0.194213 0.439534 0.194213 0.437880 0.191634
8 0.546930 0.546722 0.551701 0.552634 0.557846 0.565102 0.560521 0.566514 0.562474 0.567157 0.562706 0.559792 0.561534 0.557134 0.560594 0.561245 0.560016 0.564329 0.559292 0.562917 0.558424 0.561759 0.556255 0.556491 0.553581 0.551352 0.551701 0.548264 0.548664 0.546593
1 0.553375 0.631380 0.549445 0.643870 0.543758 0.656213 0.541750 0.660375 0.539826 0.667810 0.538320 0.671824 0.537065 0.674801 0.533721 0.674949 0.533805 0.673759 0.535810 0.673315 0.536732 0.672421 0.538906 0.667069 0.539763 0.662431 0.542227 0.656657 0.544354 0.653074 0.548440 0.642829 0.552539 0.631528
8 0.550198 0.641935 0.550784 0.649819 0.550531 0.656806 0.550867 0.661713 0.552456 0.666176 0.554464 0.668852 0.555885 0.671231 0.550281 0.671231 0.548273 0.667958 0.547104 0.664093 0.546602 0.660671 0.546349 0.657403 0.546349 0.655764 0.546435 0.653236 0.546602 0.649370 0.549445 0.643870
8 0.580854 0.672204 0.584398 0.669713 0.585904 0.669713 0.586573 0.672986 0.579966 0.676852
8 0.571174 0.677796 0.578135 0.673458 0.577141 0.678278 0.571536 0.681227 0.570570 0.680102
8 0.580091 0.654046 0.570909 0.672810 0.570693 0.675125 0.570042 0.676926 0.569536 0.677954 0.570570 0.680102 0.571174 0.677796 0.583055 0.656875
8 0.554031 0.501005 0.553724 0.507037 0.550471 0.520884 0.551096 0.523551 0.549596 0.523440 0.549034 0.520884 0.549471 0.518333
8 0.553581 0.511301 0.550734 0.521755 0.551096 0.523551 0.552042 0.523495 0.553307 0.517870
8 0.559479 0.492750 0.555651 0.508750 0.556240 0.500144 0.557805 0.492944 0.558237 0.491889 0.558831 0.492079
8 0.561477 0.495986 0.558068 0.506593 0.556755 0.510477 0.555258 0.515134 0.555651 0.508750 0.560536 0.493671
8 0.547057 0.499676 0.549000 0.508880 0.549570 0.515579 0.549471 0.518333 0.549034 0.520884 0.549596 0.523440 0.547234 0.523204 0.546526 0.520519 0.546237 0.518204
8 0.547122 0.496644 0.550820 0.497755 0.550352 0.500255 0.547057 0.499676 0.547148 0.498259
8 0.514820 0.441866 0.523255 0.454088 0.526628 0.457861 0.524880 0.460417 0.515904 0.448898 0.513497 0.445241 0.511758 0.443088 0.513984 0.442222
8 0.527729 0.460579 0.529971 0.464176 0.531344 0.465463 0.531490 0.467259 0.530839 0.469060 0.529174 0.468032 0.526935 0.463407 0.526719 0.461736
8 0.523826 0.459551 0.525128 0.470218 0.526862 0.474074 0.534164 0.479472 0.537852 0.478315 0.537562 0.477287 0.528091 0.470472 0.526935 0.463407 0.526573 0.462634 0.525779 0.459421 0.524880 0.460417
8 0.427500 0.287269 0.426602 0.315894 0.428625 0.309852 0.429141 0.288611
8 0.410568 0.322370 0.409490 0.333699 0.409813 0.336097 0.411542 0.336866 0.411971 0.333315 0.414456 0.325153 0.413500 0.324139
8 0.414943 0.325347 0.422557 0.350116 0.423635 0.350116 0.424232 0.348000 0.417849 0.327856
8 0.396951 0.331338 0.401971 0.348616 0.402727 0.349671 0.403646 0.349384 0.403917 0.349000 0.400297 0.334792 0.399594 0.334764 0.396935 0.328954
8 0.401326 0.366958 0.405945 0.382639 0.403987 0.381560 0.400953 0.370523 0.400495 0.366898
8 0.423984 0.369861 0.420180 0.381227 0.418828 0.377824 0.421589 0.369491
8 0.425081 0.369944 0.422214 0.386250 0.420742 0.382722 0.421823 0.376435 0.423958 0.369861
8 0.425818 0.370028 0.423542 0.389120 0.425258 0.392264 0.428151 0.368866 0.427966 0.367454 0.427289 0.366977 0.427578 0.369037 0.427216 0.370065
8 0.430047 0.404389 0.437404 0.412815 0.435182 0.412454 0.429943 0.407546
8 0.430469 0.375000 0.431013 0.405380 0.432633 0.407398 0.432255 0.395875 0.431500 0.394245 0.431391 0.392806 0.432094 0.392519 0.432005 0.378426 0.431333 0.376630
8 0.577667 0.589495 0.579604 0.595519 0.598378 0.609282 0.611154 0.618227 0.614055 0.619435 0.617635 0.620981 0.620443 0.618574 0.616474 0.617542 0.612411 0.615306 0.592669 0.601713 0.589281 0.599130
8 0.585893 0.561454 0.592281 0.597583 0.593854 0.596620 0.586544 0.558042
8 0.446583 0.382847 0.450745 0.398676 0.452583 0.407106 0.452680 0.410032 0.454130 0.410204 0.453260 0.404699 0.449099 0.384088 0.447474 0.382532
8 0.492214 0.423824 0.496893 0.447718 0.498716 0.458088 0.499810 0.464782 0.499740 0.467736 0.500966 0.509787 0.503065 0.511917 0.501328 0.467866 0.501258 0.465037 0.500216 0.456222 0.499063 0.448241 0.494219 0.424398 0.493177 0.421111
8 0.596117 0.607509 0.598117 0.618644 0.596117 0.619412 0.593849 0.605875
8 0.592448 0.589583 0.600049 0.584644 0.601247 0.586944 0.601076 0.587426 0.592995 0.591852
8 0.427995 0.413380 0.426836 0.437653 0.426385 0.456750 0.427648 0.461727 0.428281 0.464134 0.429365 0.421120
8 0.429089 0.339907 0.428174 0.399699 0.428901 0.402278 0.429867 0.413236 0.430956 0.341685
8 0.428865 0.441620 0.443711 0.468324 0.446953 0.478148 0.446148 0.478468 0.428779 0.444560
8 0.421898 0.432875 0.426818 0.441463 0.426836 0.437653 0.424294 0.432875
8 0.431336 0.474574 0.439685 0.487060 0.438591 0.490667 0.433052 0.481514
8 0.574771 0.702426 0.576284 0.707319 0.585141 0.712505 0.585951 0.711931 0.586273 0.710681 0.586383 0.709625 0.586219 0.708569
8 0.581146 0.710093 0.581089 0.731606 0.579661 0.730324 0.579417 0.709046
8 0.581120 0.725046 0.591076 0.736449 0.590573 0.731944 0.581138 0.720704
8 0.581089 0.712199 0.589557 0.730773 0.584435 0.724676 0.581047 0.716213
8 0.592607 0.750301 0.594544 0.749745 0.596169 0.766296 0.594232 0.767407
8 0.600953 0.747667 0.610474 0.754222 0.608047 0.756051 0.597406 0.748745
8 0.525862 0.481755 0.520875 0.460139 0.519115 0.459954 0.518737 0.452370 0.523826 0.459551 0.525128 0.470218 0.526862 0.474074 0.534164 0.479472
8 0.515904 0.448898 0.516948 0.466625 0.519852 0.466750 0.519115 0.459954 0.518737 0.452370
8 0.521224 0.459662 0.520945 0.475713 0.519904 0.473986 0.519971 0.460278
8 0.521154 0.465338 0.524487 0.479912 0.521891 0.477139 0.520945 0.475713
8 0.515596 0.472134 0.516221 0.485468 0.517888 0.484787 0.516875 0.480384 0.517323 0.478593 0.517404 0.474727
8 0.514555 0.470403 0.514026 0.486269 0.516221 0.485468 0.515596 0.472134
8 0.511984 0.469907 0.514138 0.478676 0.514555 0.470403 0.513844 0.469556
8 0.533604 0.492171 0.540919 0.513032 0.541586 0.512569 0.543781 0.511079 0.537656 0.494769 0.535820 0.493653
8 0.449883 0.479153 0.452599 0.486162 0.457865 0.497810 0.457273 0.500352 0.453417 0.492333 0.448852 0.481708 0.449039 0.480500 0.449414 0.479639
8 0.447896 0.485431 0.451888 0.492815 0.453417 0.492333 0.448664 0.482509 0.448331 0.483912 0.447987 0.484926
8 0.445312 0.490662 0.448138 0.495898 0.447089 0.497264 0.445810 0.494954 0.445810 0.493620 0.445544 0.492347 0.445130 0.491208
8 0.458307 0.498875 0.462323 0.506606 0.467674 0.516125 0.468094 0.516421 0.466672 0.518204 0.464917 0.515231 0.464729 0.513986 0.463760 0.512093 0.462909 0.511810 0.457638 0.501847 0.457805 0.500657
8 0.461341 0.487995 0.466799 0.498032 0.470862 0.504838 0.477068 0.514463 0.480289 0.519356 0.486404 0.528236 0.484023 0.528236 0.476648 0.517782 0.470768 0.508569 0.464188 0.497949 0.460594 0.490731
8 0.427141 0.430657 0.427034 0.433731 0.426331 0.431907 0.425521 0.430944 0.414667 0.413472 0.412346 0.409537 0.410471 0.404736 0.407870 0.394333 0.409677 0.396259 0.411844 0.403713 0.413943 0.408722 0.417987 0.415412
8 0.416474 0.428125 0.425521 0.430944 0.425727 0.432755 0.424294 0.432875 0.421898 0.432875 0.417198 0.430824
8 0.529185 0.488315 0.531432 0.495986 0.531596 0.495315 0.532805 0.495727 0.533130 0.500931 0.538669 0.514463 0.539672 0.513648 0.540919 0.513032 0.533604 0.492171
8 0.501258 0.465037 0.501328 0.467866 0.519474 0.470306 0.519331 0.466838
8 0.444089 0.443426 0.449367 0.447468 0.455927 0.451796 0.461737 0.454685 0.471609 0.458463 0.472359 0.458685 0.470609 0.461463 0.461924 0.458241 0.455427 0.455019 0.448680 0.450463 0.446930 0.448685
8 0.436042 0.414444 0.441336 0.421472 0.448203 0.432523 0.454708 0.443190 0.461737 0.454685 0.464323 0.455782 0.455359 0.440361 0.448698 0.429815 0.442276 0.419926 0.438732 0.415171 0.437404 0.414708
8 0.541354 0.513981 0.544214 0.521991 0.544406 0.513014 0.543966 0.511907
8 0.538880 0.515394 0.543008 0.527565 0.544214 0.521991 0.541354 0.513981
8 0.537154 0.515722 0.541227 0.530361 0.541964 0.530278 0.543008 0.527565 0.538880 0.515394
8 0.544214 0.521991 0.543008 0.527565 0.541964 0.530278 0.543779 0.530505
8 0.545917 0.544236 0.550224 0.544236 0.552029 0.542880 0.554115 0.544856 0.556266 0.550042 0.553836 0.548560 0.548664 0.546593 0.546930 0.546722 0.544250 0.546708 0.545138 0.545130
8 0.547667 0.537162 0.548464 0.538833 0.548969 0.540505 0.550224 0.544236 0.552029 0.542880 0.549628 0.538134
8 0.538831 0.533866 0.539943 0.539176 0.539099 0.542713 0.536911 0.533889
8 0.500396 0.492782 0.489003 0.496565 0.487292 0.494361 0.500391 0.490370
5 0.495362 0.503491 0.495026 0.507218 0.501898 0.513477 0.508016 0.519139 0.513547 0.524648 0.518437 0.530463 0.522734 0.531194 0.519331 0.527181 0.509276 0.516713 0.507492 0.515079 0.503065 0.511917 0.500966 0.509787 0.499469 0.507667
5 0.492961 0.501407 0.489003 0.496565 0.487292 0.494361 0.484693 0.493019 0.483221 0.493134 0.482625 0.494000 0.484844 0.497269 0.486214 0.497829 0.488922 0.500926 0.492635 0.505157
8 0.494638 0.494963 0.497615 0.497944 0.500156 0.501023 0.500753 0.501981 0.500966 0.509787 0.499469 0.507667 0.499562 0.504292 0.498263 0.502657 0.495935 0.499384 0.492031 0.495602
8 0.486469 0.479477 0.489443 0.487843 0.488904 0.488519 0.487549 0.488611 0.485872 0.482648
1 0.488633 0.465625 0.489172 0.471491 0.490797 0.486403 0.491391 0.485537 0.489391 0.466009
8 0.503620 0.468412 0.505784 0.488903 0.504323 0.489287 0.501943 0.468319
8 0.420615 0.132884 0.451875 0.127370 0.452294 0.128560 0.452125 0.130199 0.419526 0.134968 0.418307 0.133704
8 0.428576 0.121264 0.417578 0.132870 0.415922 0.131097 0.424661 0.122361
8 0.441380 0.196667 0.443115 0.199171 0.445867 0.198023 0.444734 0.196486
8 0.448458 0.189162 0.451888 0.194324 0.449750 0.194250 0.447188 0.190417
8 0.463349 0.481222 0.473036 0.498560 0.471135 0.499750 0.462187 0.485231
8 0.473297 0.504523 0.486404 0.528236 0.488698 0.528394 0.485466 0.522449 0.479531 0.511102 0.475260 0.503796
1 0.453185 0.420250 0.454680 0.434259 0.454883 0.439505 0.452240 0.435278 0.446198 0.416898 0.449063 0.417593 0.449794 0.416074
1 0.436620 0.348421 0.440216 0.352731 0.435448 0.356005
1 0.435755 0.359810 0.434945 0.370176 0.434510 0.370977 0.435096 0.375884 0.435349 0.383023 0.436042 0.385093 0.444039 0.357625 0.441471 0.354963
8 0.559669 0.476898 0.560633 0.480329 0.559669 0.485759 0.558508 0.483620 0.558063 0.484472
8 0.493654 0.613792 0.503208 0.623944 0.510583 0.631407 0.513010 0.633153 0.513620 0.635972 0.506896 0.630412 0.492943 0.615120
8 0.523685 0.395634 0.522109 0.398148 0.529010 0.405880 0.530654 0.408593 0.532586 0.409977 0.557656 0.442731 0.557997 0.439245 0.532057 0.404722
8 0.464453 0.389213 0.477135 0.452593 0.478724 0.450509 0.466693 0.391019
1 0.496286 0.579306 0.500052 0.582940 0.500091 0.584218 0.502404 0.592009 0.504716 0.595690 0.491352 0.596519 0.489547 0.595273 0.493984 0.594972 0.494732 0.593639 0.495401 0.588130
8 0.499430 0.660593 0.499279 0.664718 0.500250 0.668519 0.500781 0.661759
8 0.550516 0.395412 0.553945 0.409685 0.556372 0.423218 0.558128 0.433181 0.556872 0.432884 0.555367 0.429611 0.551438 0.408495 0.548844 0.396454
8 0.537344 0.402222 0.539224 0.414148 0.536120 0.410093 0.535417 0.403287
5 0.538370 0.548093 0.539133 0.549093 0.541956 0.551940 0.549422 0.558759 0.551763 0.562773 0.550466 0.561824 0.547198 0.561963 0.545115 0.563597 0.543602 0.567319 0.542773 0.574306 0.541359 0.571231 0.541846 0.564306 0.541237 0.559981 0.539534 0.551755
8 0.612266 0.561157 0.613352 0.593523 0.611609 0.589569 0.609964 0.554472
8 0.620169 0.583056 0.615471 0.597065 0.613807 0.594750 0.618289 0.578431
8 0.610599 0.568611 0.605859 0.577685 0.607982 0.582042 0.610919 0.574491
8 0.463594 0.458889 0.467951 0.467130 0.469060 0.464750 0.466250 0.459907
8 0.458154 0.461917 0.464526 0.475162 0.463716 0.477949 0.458260 0.465755
8 0.438417 0.444912 0.460750 0.487144 0.459818 0.490093 0.456237 0.483889 0.448763 0.467481 0.439365 0.448282
8 0.503505 0.519833 0.509560 0.528005 0.507273 0.527921 0.503398 0.521565
8 0.570190 0.528463 0.568661 0.531606 0.567766 0.533356 0.569427 0.535157 0.569995 0.532204
8 0.596286 0.541477 0.597224 0.542032 0.610281 0.561139 0.609969 0.555250 0.602549 0.545551 0.599271 0.540421 0.597682 0.537880 0.595255 0.537282
8 0.609719 0.560361 0.602557 0.570824 0.601721 0.567801 0.608219 0.558250
8 0.589979 0.561806 0.593659 0.578458 0.591904 0.581435 0.586544 0.558042 0.586802 0.554500
8 0.562232 0.510032 0.570190 0.528463 0.568661 0.531606 0.563919 0.521032 0.564393 0.517222 0.564339 0.515588 0.563422 0.515111 0.562557 0.516167 0.561750 0.514176
8 0.563919 0.521032 0.568661 0.531606 0.567766 0.533356 0.564872 0.531042 0.562922 0.525648
8 0.548844 0.532620 0.547268 0.527134 0.546464 0.527421 0.545661 0.528708 0.545464 0.531194 0.547422 0.531468
8 0.544737 0.495037 0.543063 0.487431 0.542227 0.484292 0.542318 0.481977 0.543435 0.481315 0.544180 0.484125 0.545201 0.488426 0.545109 0.495204
1 0.537326 0.487185 0.541826 0.481185 0.542872 0.480329 0.543435 0.480329 0.543031 0.478755 0.541826 0.479185 0.536844 0.485898
8 0.526984 0.486537 0.531539 0.502218 0.531286 0.497782 0.531432 0.495986 0.529185 0.488315
8 0.539427 0.484491 0.543112 0.494329 0.539453 0.492407 0.537326 0.487185
8 0.539997 0.496176 0.544768 0.508384 0.545076 0.499412
8 0.533628 0.463324 0.531490 0.467259 0.531344 0.465463 0.529971 0.464176 0.532021 0.460468
8 0.533146 0.468611 0.534833 0.475329 0.537562 0.477287 0.534995 0.468611
8 0.478854 0.481528 0.484190 0.489741 0.484732 0.492741 0.483594 0.493315 0.478151 0.484074
8 0.474909 0.475116 0.477294 0.478778 0.476432 0.482454 0.473737 0.478204 0.474099 0.476838
8 0.490599 0.448514 0.488448 0.457407 0.487932 0.451588 0.488401 0.449093
1 0.497031 0.473241 0.496164 0.471708 0.494901 0.469546 0.492938 0.468296 0.491581 0.468630 0.490599 0.470046 0.489943 0.471542 0.489714 0.469630 0.490458 0.468213 0.491721 0.467468 0.492609 0.467218 0.493872 0.467551 0.494760 0.467884 0.495930 0.469630 0.496958 0.470875 0.497474 0.472361
1 0.489055 0.471042 0.488495 0.473949 0.488495 0.477028 0.488961 0.479690 0.489383 0.481352 0.490083 0.482847 0.490599 0.483514 0.490224 0.481352 0.489758 0.479523 0.489289 0.477611 0.489242 0.475616 0.489336 0.473204
8 0.487885 0.474532 0.486469 0.479477 0.485828 0.482097 0.485208 0.484306 0.484479 0.480787 0.485128 0.477940
1 0.497732 0.477921 0.498135 0.480648 0.498378 0.483588 0.498336 0.489681 0.498216 0.491116 0.499344 0.490685 0.499466 0.488463 0.499466 0.485449 0.499305 0.482940 0.498659 0.478782 0.498297 0.476773
8 0.441471 0.354963 0.436453 0.358977 0.433440 0.362995 0.433190 0.364926 0.432185 0.364630 0.432003 0.363394 0.432771 0.360019 0.435448 0.356005 0.440216 0.352731
8 0.436620 0.348421 0.435448 0.356005 0.433880 0.358241 0.435096 0.346727
8 0.435755 0.359810 0.434945 0.370176 0.433810 0.370944 0.433271 0.370176 0.433055 0.369505 0.433190 0.364926 0.433440 0.362995
8 0.438521 0.385069 0.438914 0.393972 0.436352 0.386306 0.436414 0.385088
8 0.449794 0.384704 0.453958 0.396718 0.454961 0.395380 0.453807 0.388718
8 0.535026 0.482037 0.539453 0.492407 0.536307 0.490583 0.533513 0.482634
1 0.493456 0.488389 0.495794 0.490398 0.496763 0.491477 0.498216 0.491116 0.496966 0.489824 0.496401 0.489106 0.494747 0.487819 0.494060 0.486958
8 0.524779 0.485495 0.530990 0.515829 0.531635 0.524852 0.531635 0.526199 0.522672 0.486167
8 0.526984 0.486537 0.531539 0.502218 0.534177 0.529912 0.532260 0.529616 0.531635 0.526199 0.531635 0.524852 0.530990 0.515829 0.524779 0.485495 0.525818 0.485407 0.526424 0.486069
8 0.533130 0.500931 0.541227 0.530361 0.538695 0.529977 0.534721 0.515069
8 0.537656 0.494769 0.544406 0.513014 0.544768 0.508384 0.539997 0.496176
1 0.537060 0.514977 0.539672 0.513648 0.541586 0.512569 0.543781 0.511079 0.543966 0.511907 0.541354 0.513981 0.538880 0.515394 0.537154 0.515722
8 0.537714 0.542356 0.542706 0.543352 0.541167 0.546255 0.538133 0.546009
8 0.543659 0.534912 0.541013 0.542880 0.539099 0.542713 0.541380 0.534583
8 0.545086 0.535222 0.544948 0.538625 0.544341 0.539866 0.543406 0.539620 0.543128 0.538542 0.543659 0.534912
8 0.439299 0.410546 0.439333 0.413153 0.437404 0.412815 0.437557 0.409991
8 0.434333 0.414343 0.435771 0.423116 0.437396 0.429338 0.437401 0.431819 0.433987 0.425500 0.433193 0.414028
8 0.429365 0.421120 0.429091 0.429662 0.433841 0.437435 0.432430 0.432681
8 0.423430 0.411588 0.422490 0.420324 0.420174 0.418269 0.421260 0.408245
8 0.423211 0.413514 0.425526 0.420713 0.427333 0.425597 0.427820 0.418412 0.423430 0.411588
8 0.418870 0.404287 0.420357 0.415597 0.421260 0.408245
8 0.417646 0.402079 0.415766 0.411718 0.414682 0.409917 0.415693 0.400148 0.416193 0.400569
8 0.417138 0.386528 0.424875 0.400537 0.425669 0.400792 0.426628 0.401097 0.425661 0.398301 0.418958 0.386528
8 0.419018 0.390255 0.421839 0.398222 0.422344 0.400407 0.421542 0.402861 0.419091 0.396681 0.415859 0.386250 0.417138 0.386528
8 0.410234 0.369306 0.415419 0.380171 0.417474 0.383824 0.415841 0.383574 0.413740 0.380255
8 0.433302 0.344468 0.432427 0.348019 0.430805 0.352574 0.430956 0.341685
8 0.426724 0.337551 0.426336 0.354824 0.428622 0.363681 0.429089 0.339907
8 0.425987 0.385870 0.426927 0.386000 0.428372 0.387542 0.428372 0.391653 0.427143 0.389597 0.425844 0.387926
8 0.427505 0.375588 0.426927 0.386000 0.428372 0.387542 0.428594 0.374120 0.427794 0.372505
8 0.425859 0.408194 0.424724 0.401579 0.424036 0.400134 0.422474 0.400046 0.421484 0.402778
8 0.407117 0.385319 0.407117 0.387208 0.408367 0.391097 0.405237 0.388079 0.405010 0.385310
8 0.405208 0.351435 0.409701 0.365782 0.407031 0.365556 0.403990 0.354731
8 0.428672 0.449722 0.444341 0.479269 0.446148 0.478468 0.428750 0.446204
8 0.428474 0.454468 0.433958 0.467551 0.437573 0.474903 0.441534 0.483259 0.441185 0.484579 0.440534 0.486204 0.434656 0.474130 0.432435 0.468634 0.428464 0.457824
8 0.428552 0.451819 0.443513 0.479579 0.442557 0.480384 0.442154 0.481282 0.428516 0.454676
8 0.459633 0.491116 0.458948 0.493625 0.453018 0.481079 0.448539 0.471181 0.441146 0.454583 0.439365 0.448282 0.448763 0.467481 0.456237 0.483889
5 0.403245 0.390986 0.404547 0.390986 0.405414 0.392144 0.408305 0.400366 0.412427 0.411162 0.415750 0.420801 0.418810 0.428810 0.416474 0.428125 0.417198 0.430824 0.420109 0.432278 0.421354 0.436157 0.421268 0.439602 0.426385 0.456750 0.427648 0.461727 0.428281 0.464134 0.430497 0.472866 0.430643 0.473894 0.427174 0.465023 0.418107 0.440106 0.418107 0.438435 0.418042 0.437213 0.416979 0.436764 0.416482 0.436431 0.407177 0.410995 0.406776 0.406019
8 0.558732 0.581551 0.560633 0.611412 0.562984 0.616389 0.561193 0.580954
8 0.567240 0.569606 0.568359 0.574782 0.568023 0.578167 0.549661 0.569407 0.547982 0.569606 0.547086 0.571597 0.546414 0.612407 0.544354 0.653074 0.542227 0.656657 0.539763 0.662431 0.541667 0.597537 0.542773 0.574306 0.543602 0.567319 0.545115 0.563597 0.547198 0.561963 0.550466 0.561824
8 0.456206 0.455319 0.456563 0.467500 0.458544 0.471597 0.458060 0.456324
8 0.429091 0.429662 0.433841 0.437435 0.437578 0.448889 0.429029 0.432880
8 0.429010 0.436944 0.440201 0.457190 0.437883 0.449875 0.429026 0.433736
8 0.421289 0.439218 0.426448 0.454343 0.426518 0.448269 0.421393 0.436181
8 0.412802 0.412000 0.422201 0.429852 0.420102 0.429139 0.415750 0.420801
1 0.498151 0.657977 0.505898 0.665639 0.505898 0.666861 0.498464 0.659528
8 0.502966 0.664051 0.502453 0.671852 0.504414 0.671769 0.504552 0.665542
8 0.502341 0.663310 0.501823 0.671801 0.501029 0.671764 0.500250 0.668519 0.500781 0.661759
5 0.493245 0.640537 0.497995 0.645644 0.499312 0.648477 0.500125 0.649477 0.502492 0.651310 0.504432 0.651986 0.504216 0.653616 0.502742 0.653977 0.500120 0.652755 0.497807 0.648755 0.494807 0.644648
8 0.500547 0.660370 0.500370 0.655088 0.501055 0.653199 0.502742 0.653977 0.504219 0.653657 0.505234 0.661806 0.504714 0.664352
8 0.499096 0.651005 0.499398 0.659199 0.500547 0.660370 0.500370 0.655088 0.500302 0.652986 0.500120 0.652755
8 0.544607 0.654532 0.543690 0.673250 0.538560 0.673824 0.539826 0.667810 0.541750 0.660375 0.543758 0.656213
8 0.539896 0.657546 0.530945 0.666338 0.531302 0.669398 0.539747 0.661250
8 0.533341 0.657343 0.535885 0.658333 0.538177 0.659259 0.536758 0.660815 0.534352 0.660630 0.531318 0.658708
8 0.535503 0.655671 0.538674 0.656227 0.539896 0.657546 0.538177 0.659259 0.535885 0.658333 0.533341 0.657343
8 0.520453 0.724500 0.535599 0.738704 0.535807 0.742912 0.520018 0.728620
8 0.524128 0.702269 0.525258 0.717144 0.524057 0.712097 0.522672 0.707588 0.522349 0.702199 0.523479 0.702204
1 0.528154 0.702514 0.529031 0.707074 0.529031 0.708856 0.528591 0.712750 0.528716 0.714977 0.530219 0.721431 0.530909 0.724102 0.531721 0.723324 0.530534 0.718537 0.529656 0.715421 0.529344 0.711750 0.529844 0.709079 0.529656 0.706296 0.529336 0.702588
8 0.593021 0.666250 0.606635 0.668671 0.606781 0.669699 0.606635 0.670856 0.605841 0.672273 0.592682 0.670213
8 0.524604 0.652361 0.528247 0.654486 0.529940 0.655491 0.528005 0.656782 0.525357 0.654889
8 0.545969 0.624028 0.548281 0.627111 0.549148 0.630324 0.549510 0.634051 0.549799 0.638806 0.548440 0.642829 0.548065 0.638806 0.546982 0.632380 0.545534 0.628782
8 0.550523 0.649088 0.553703 0.646005 0.554500 0.648574 0.552763 0.651273 0.550523 0.652556 0.550784 0.649819
8 0.590036 0.632986 0.592117 0.639708 0.592958 0.641616 0.593888 0.633074
8 0.594456 0.652736 0.600073 0.667282 0.603740 0.668250 0.594964 0.645597
5 0.586018 0.661491 0.590573 0.670870 0.589922 0.678454 0.583706 0.665602 0.583560 0.663676 0.584065 0.661745
8 0.419107 0.416764 0.423169 0.421208 0.427354 0.427426 0.427141 0.430657 0.419669 0.418208
2 0.392135 0.336019 0.393333 0.351731 0.394117 0.364472 0.393698 0.374074 0.385607 0.351731 0.385271 0.348148 0.385719 0.343769 0.387286 0.339588 0.388406 0.337398
2 0.420750 0.300005 0.421586 0.301343 0.421102 0.309787 0.421055 0.312444 0.419740 0.327083 0.417005 0.324583 0.417984 0.310583
2 0.393698 0.272269 0.394789 0.283755 0.399211 0.273611 0.399932 0.273894 0.397000 0.265648
2 0.460810 0.158162 0.459594 0.155051 0.452909 0.159269 0.458367 0.171699 0.458273 0.169329 0.458880 0.167255 0.459953 0.166343 0.460935 0.166093 0.464201 0.173394 0.461070 0.160236
2 0.454695 0.143884 0.457633 0.152329 0.458695 0.151773 0.458695 0.146884 0.458133 0.146440 0.457883 0.149551 0.455383 0.143333
9 0.446862 0.497463 0.448516 0.495463 0.450375 0.493440 0.453417 0.492333 0.454432 0.494551 0.455523 0.497185 0.456227 0.499407 0.457005 0.501157 0.456094 0.504861 0.455260 0.508750 0.452792 0.513417 0.451544 0.517856 0.452177 0.518685 0.453714 0.516898 0.452698 0.521741 0.451755 0.526412 0.451279 0.530977 0.437258 0.492250 0.438591 0.490667 0.439685 0.487060 0.440534 0.486204 0.441185 0.484579 0.441534 0.483259 0.442154 0.481282 0.442557 0.480384 0.443513 0.479579 0.444341 0.479269 0.446148 0.478468 0.447031 0.478241 0.448987 0.477801 0.450055 0.476963 0.450544 0.477088 0.450133 0.478361 0.449414 0.479639 0.449039 0.480500 0.448852 0.481708 0.448664 0.482509 0.448331 0.483912 0.447987 0.484926 0.447159 0.486255 0.446557 0.487657 0.445841 0.489597 0.445130 0.491208 0.445544 0.492347 0.445810 0.493620 0.445810 0.494954 0.445771 0.495954 0.445919 0.496630 0.446146 0.497019
2 0.543484 0.553745 0.545221 0.550167 0.548141 0.548560 0.551701 0.552634 0.557846 0.565102 0.551492 0.562491 0.549828 0.558894 0.548745 0.558380 0.545492 0.555810
2 0.559253 0.562269 0.559185 0.557329 0.558211 0.553991 0.556266 0.550042 0.553836 0.548560 0.551701 0.548264 0.553581 0.551352 0.556255 0.556491 0.558424 0.561759
7 0.548844 0.396454 0.550206 0.403417 0.548677 0.402699 0.547255 0.403588 0.548109 0.408426 0.548471 0.410356 0.547604 0.412542 0.546406 0.414491 0.540789 0.416412 0.539224 0.414148 0.537344 0.402222
2 0.527599 0.529014 0.520341 0.508894 0.518396 0.508648 0.517424 0.509389 0.516620 0.512199 0.515810 0.512296 0.514854 0.512722 0.514443 0.515167 0.511935 0.516551 0.510893 0.518032 0.519331 0.527181 0.521167 0.528884
2 0.547112 0.481681 0.547122 0.496644 0.550820 0.497755 0.552128 0.489417
2 0.496630 0.447514 0.498716 0.458088 0.499810 0.464782 0.488932 0.462407 0.488448 0.457407 0.490599 0.448514
2 0.497005 0.473333 0.491391 0.485537 0.489943 0.471542 0.490599 0.470046 0.491581 0.468630 0.492938 0.468296 0.494901 0.469546 0.496164 0.471708
2 0.417646 0.402079 0.418620 0.403097 0.418870 0.404287 0.420357 0.415597 0.420174 0.418269 0.419107 0.416764 0.417987 0.415412 0.415766 0.411718
2 0.538370 0.548093 0.539643 0.549500 0.541956 0.551940 0.545492 0.555810 0.548745 0.558380 0.549828 0.558894 0.551492 0.562491 0.550466 0.561824 0.547198 0.561963 0.545115 0.563597 0.543602 0.567319 0.542773 0.574306 0.541359 0.571231 0.541846 0.564306 0.541237 0.559981 0.539534 0.551755
2 0.524094 0.644023 0.526768 0.643380 0.530240 0.642736 0.533781 0.642097 0.534906 0.639815 0.536016 0.641065 0.534792 0.643125 0.535951 0.645181 0.536094 0.646079 0.534143 0.645565 0.531828 0.647106 0.528359 0.649292 0.525250 0.648648 0.523073 0.646898
2 0.546141 0.617838 0.555482 0.618125 0.559951 0.624310 0.561273 0.620708 0.561495 0.638343 0.557141 0.641264 0.555302 0.647806 0.553703 0.646005 0.550784 0.649819 0.550198 0.641935 0.553375 0.631380 0.552539 0.631528 0.549799 0.638806 0.549828 0.638958 0.549510 0.634051 0.549148 0.630324 0.548281 0.627111 0.545969 0.624028
2 0.546667 0.595880 0.546438 0.602056 0.552945 0.613806 0.555482 0.618125 0.559951 0.624310 0.561273 0.620708 0.554203 0.608556
2 0.418047 0.351574 0.417724 0.364111 0.417531 0.366694 0.414276 0.366338 0.415789 0.349144
2 0.472701 0.481838 0.472724 0.483042 0.480039 0.494046 0.478508 0.494829 0.473315 0.497713 0.473036 0.498560 0.466250 0.486250 0.471357 0.485222
2 0.482891 0.464630 0.481927 0.468569 0.484479 0.480787 0.485128 0.477940 0.487885 0.474532 0.488495 0.473949 0.489055 0.471042 0.488633 0.465625
2 0.416763 0.331588 0.416201 0.345593 0.419323 0.348889 0.419094 0.337449
2 0.418208 0.328444 0.424232 0.348000 0.425378 0.335736
2 0.421055 0.312444 0.419740 0.327083 0.425711 0.332167 0.426836 0.322727 0.427042 0.320125 0.426201 0.318736 0.426141 0.317231 0.426602 0.315894 0.426536 0.315324
2 0.375977 0.299287 0.380396 0.326861 0.386102 0.313000
2 0.387789 0.315287 0.380154 0.334435 0.385607 0.351731 0.385271 0.348148 0.385719 0.343769 0.387286 0.339588 0.388406 0.337398 0.392135 0.336019 0.391883 0.320468
2 0.547086 0.571597 0.547083 0.574491 0.552310 0.590639 0.556464 0.583912 0.556339 0.578801 0.556901 0.578134
7 0.448531 0.236532 0.447076 0.243083 0.445234 0.242051 0.443391 0.242394 0.442615 0.245153 0.449112 0.247051 0.448820 0.248944 0.446010 0.248944 0.445135 0.255667 0.445659 0.256366 0.446164 0.258421 0.445440 0.259319 0.444362 0.260153 0.440193 0.259463 0.440289 0.268597 0.445859 0.276389 0.455438 0.266148 0.464505 0.256204
2 0.540990 0.621667 0.538206 0.618120 0.535742 0.615931 0.530479 0.612148 0.515810 0.607171 0.512898 0.606773 0.508979 0.606972 0.505956 0.607171 0.501815 0.607370 0.500471 0.609560 0.502711 0.617324 0.505620 0.617324 0.508083 0.613741 0.510547 0.613343 0.533167 0.621306 0.540729 0.627824
2 0.517427 0.760731 0.520940 0.757014 0.527883 0.746755 0.533487 0.747944 0.541516 0.779616 0.541935 0.782741 0.543773 0.787796 0.547036 0.804894 0.545195 0.806681 0.540513 0.802667 0.522779 0.783481
10 0.524604 0.652361 0.525357 0.654889 0.526695 0.660537 0.529622 0.669014 0.530208 0.675856 0.527362 0.677491 0.522596 0.678236 0.519500 0.663958 0.518331 0.656671 0.518581 0.652361 0.520253 0.650579 0.522596 0.650278
2 0.539458 0.769968 0.543557 0.763722 0.545396 0.763574 0.546065 0.773833 0.548659 0.783199 0.551336 0.793310 0.551253 0.795542 0.545966 0.800199 0.543773 0.787796 0.541935 0.782741 0.541516 0.779616
2 0.520677 0.709528 0.521237 0.711972 0.522141 0.715935 0.520852 0.718995 0.521281 0.721866 0.521711 0.724926 0.520453 0.724500 0.520018 0.728620 0.518161 0.726292 0.517154 0.724699 0.514802 0.716736 0.514331 0.712972
2 0.388073 0.239028 0.389406 0.235176 0.389792 0.234352 0.392659 0.237019 0.393625 0.238162 0.392656 0.240833
2 0.387362 0.242199 0.385625 0.246023 0.383617 0.249176 0.388404 0.252694 0.389516 0.248741 0.389237 0.246273 0.390279 0.245037 0.391044 0.244171
2 0.445773 0.227981 0.455294 0.239773 0.458799 0.242019 0.462961 0.246009 0.464130 0.246426 0.462862 0.240949 0.462573 0.237903 0.457911 0.231472 0.452375 0.229481 0.452375 0.231306 0.450844 0.232181 0.450052 0.230634 0.448919 0.230537
2 0.436122 0.221991 0.440208 0.244676 0.442615 0.245153 0.443391 0.242394 0.445234 0.242051 0.447076 0.243083 0.448531 0.236532 0.436771 0.221250
2 0.398021 0.260417 0.409016 0.269324 0.406706 0.258861
2 0.406732 0.284111 0.410987 0.273741 0.399292 0.264181 0.402104 0.271750 0.403034 0.269407 0.404120 0.269667 0.404555 0.270181 0.404628 0.271981 0.403359 0.275231
2 0.500919 0.533398 0.499349 0.538750 0.500193 0.539060 0.501380 0.540389 0.502005 0.541611 0.501943 0.544278 0.500820 0.551755 0.503497 0.544611 0.509089 0.536713 0.505174 0.530213 0.504055 0.530213 0.502599 0.531208
2 0.602557 0.570824 0.617339 0.601676 0.619802 0.601278 0.620810 0.601676 0.621354 0.603565 0.619466 0.604861 0.623828 0.615509 0.620844 0.617403 0.617708 0.610833 0.616812 0.613620 0.615133 0.612625 0.614685 0.610435 0.615133 0.605657 0.604607 0.580375
2 0.641484 0.646574 0.649341 0.660949 0.648760 0.663875 0.648276 0.667144 0.633307 0.641157 0.635622 0.642884
2 0.625570 0.618750 0.636771 0.639861 0.632823 0.636514 0.630052 0.635935 0.622276 0.621630
9 0.489156 0.605611 0.490096 0.608773 0.490203 0.611375 0.492943 0.615120 0.493654 0.613792 0.494099 0.611648 0.493232 0.609593 0.493594 0.607667 0.493339 0.606542 0.490846 0.605995
2 0.401807 0.319759 0.401323 0.325616 0.401003 0.327903 0.403654 0.331333 0.404216 0.328190 0.406596 0.319718 0.405583 0.319472
2 0.365156 0.294000 0.378789 0.331431 0.373664 0.296421 0.371060 0.290912 0.370852 0.293134
2 0.406596 0.319718 0.410568 0.322370 0.409490 0.333699 0.409813 0.336097 0.411542 0.336866 0.411971 0.333315 0.414456 0.325153 0.414943 0.325347 0.416763 0.331588 0.416201 0.345593 0.411349 0.340157 0.403654 0.331333 0.404216 0.328190
2 0.390182 0.145787 0.397378 0.138375 0.400497 0.137037 0.400714 0.135315 0.401568 0.132977 0.403609 0.130611 0.406667 0.138472 0.399883 0.144810
2 0.563891 0.637750 0.564344 0.672856 0.566602 0.676245 0.567049 0.661116 0.567833 0.648977 0.568372 0.642380
2 0.579966 0.676852 0.578044 0.688088 0.581464 0.689375 0.589531 0.682625 0.589922 0.678454 0.586573 0.672986
2 0.484484 0.617046 0.492878 0.621829 0.494419 0.623731 0.497826 0.629671 0.498794 0.633495 0.490435 0.632250
2 0.598979 0.749671 0.596839 0.753824 0.596466 0.757111 0.595443 0.757917 0.596169 0.766296 0.608047 0.756051
2 0.593398 0.759264 0.591633 0.762236 0.588469 0.768356 0.585680 0.772981 0.587076 0.773148 0.594232 0.767407
2 0.590461 0.712005 0.590781 0.719306 0.593432 0.731426 0.595523 0.736926 0.596779 0.739306 0.601714 0.745102 0.620536 0.740458 0.615482 0.730375
2 0.632430 0.703370 0.634430 0.711370 0.631763 0.717593 0.630263 0.718185 0.628596 0.725000 0.624096 0.721444 0.620193 0.719782 0.621648 0.718190 0.623888 0.709829 0.622096 0.706926 0.622263 0.694778 0.624370 0.697361
2 0.589120 0.534949 0.596615 0.553935 0.600573 0.571019 0.603932 0.584120 0.601276 0.587130 0.595089 0.573009 0.586802 0.554500
2 0.512661 0.658426 0.511898 0.672259 0.515794 0.673023 0.517016 0.671662 0.517711 0.671472 0.518409 0.671907 0.520885 0.675380 0.522596 0.678236 0.519500 0.663958 0.516398 0.660542 0.513643 0.656894 0.518060 0.665532 0.517521 0.668125
2 0.576544 0.707394 0.579417 0.709046 0.579661 0.730324 0.576388 0.727699 0.575448 0.722944 0.573930 0.717292 0.571484 0.710602 0.576378 0.711259 0.576964 0.710370 0.576964 0.708731
2 0.561193 0.580954 0.562292 0.602731 0.566552 0.606838 0.566146 0.602685 0.566930 0.601847 0.567849 0.602519 0.567956 0.605972 0.568638 0.602852 0.569711 0.603681 0.570083 0.605421 0.569057 0.609653 0.574471 0.606338 0.573042 0.601764 0.568299 0.592130 0.565438 0.587630 0.567172 0.595727 0.566089 0.597014 0.564859 0.596241 0.562690 0.583005
2 0.428464 0.457824 0.428281 0.464134 0.431336 0.474574 0.439685 0.487060 0.440534 0.486204 0.434656 0.474130 0.432435 0.468634
2 0.408771 0.341454 0.415789 0.349144 0.414276 0.366338 0.409427 0.351296 0.407526 0.345000
2 0.416227 0.377792 0.416049 0.380861 0.415419 0.380171 0.413669 0.376417 0.414143 0.372398
2 0.417536 0.369222 0.417120 0.373773 0.415505 0.369037
2 0.397005 0.340000 0.396815 0.351250 0.398279 0.356000 0.399552 0.360958 0.401888 0.354278
2 0.395852 0.379398 0.399552 0.390412 0.401953 0.394907 0.401250 0.387963 0.399193 0.366852 0.396711 0.365181 0.396333 0.366681
2 0.400771 0.230870 0.398833 0.233870 0.397083 0.232204 0.394833 0.231648 0.393271 0.231981 0.392461 0.232093 0.395583 0.228537 0.394396 0.227870 0.390086 0.233648 0.391898 0.234870 0.393146 0.235532 0.394396 0.237977 0.395396 0.240644 0.395646 0.241977 0.403581 0.245088 0.406456 0.234644
2 0.377570 0.152315 0.377203 0.155782 0.376516 0.160894 0.375867 0.166704 0.374513 0.172898 0.372867 0.175134 0.373880 0.172269 0.374479 0.165417 0.374922 0.157037
2 0.523281 0.598796 0.522625 0.602032 0.530156 0.607407 0.530479 0.612148 0.515810 0.607171 0.512898 0.606773 0.509823 0.606810 0.508531 0.599542
2 0.369661 0.191204 0.371320 0.192829 0.375706 0.188593 0.376451 0.191005 0.378180 0.192167 0.380328 0.194903 0.383266 0.200134 0.384016 0.201870 0.384901 0.204444 0.384945 0.206931 0.384669 0.211662 0.383456 0.214648 0.382844 0.220120 0.357122 0.211954 0.354323 0.211806 0.354383 0.211306 0.354583 0.206204 0.362979 0.196940 0.363411 0.195523 0.363411 0.194111 0.364549 0.192148 0.365792 0.193106 0.363701 0.196551 0.363701 0.197324 0.364063 0.198481 0.365076 0.199250
2 0.357799 0.215394 0.381172 0.222597 0.380956 0.224037 0.377174 0.228069 0.376719 0.231898 0.356068 0.239398 0.355953 0.216157 0.356380 0.216222 0.357221 0.216222
2 0.364635 0.239583 0.368161 0.238324 0.370469 0.251296 0.361555 0.269773 0.357076 0.262009 0.356068 0.248477 0.356068 0.242704
2 0.351562 0.219028 0.346135 0.239958 0.350250 0.251722 0.351708 0.227986 0.352339 0.218829 0.351982 0.218995
2 0.365701 0.260903 0.366826 0.263236 0.366576 0.274231 0.366076 0.276787 0.362326 0.282120 0.359328 0.265681 0.361555 0.269773
2 0.565104 0.429769 0.564935 0.443898 0.565018 0.444940 0.570956 0.446426
2 0.413203 0.207745 0.412995 0.211449 0.410633 0.219597 0.410070 0.220083 0.398633 0.222421 0.398810 0.219407 0.399068 0.218694 0.405357 0.213296 0.410706 0.208417
2 0.561495 0.638343 0.557141 0.641264 0.555302 0.647806 0.555302 0.655028 0.556656 0.661394 0.558109 0.666213 0.559560 0.669139 0.560625 0.670171 0.561883 0.666042
2 0.533628 0.463324 0.534245 0.464028 0.545214 0.479074 0.545201 0.488426 0.544180 0.484125 0.543435 0.481315 0.543435 0.480329 0.543031 0.478755 0.541826 0.479185 0.536844 0.485898 0.535026 0.482037 0.539677 0.480759 0.539771 0.480097 0.539630 0.478519 0.538977 0.477940 0.537852 0.478315 0.534995 0.468611 0.533146 0.468611 0.534833 0.475329 0.528091 0.470472 0.526935 0.463407 0.529174 0.468032 0.530839 0.469060 0.531490 0.467259
2 0.544242 0.661134 0.547104 0.664093 0.548273 0.667958 0.550281 0.671231 0.555885 0.671231 0.556076 0.672801 0.554464 0.673569 0.557773 0.695875 0.553698 0.703519 0.550156 0.702963 0.548034 0.696093 0.554010 0.693218 0.555255 0.691227 0.554508 0.688347 0.547437 0.692611 0.547536 0.693440 0.547164 0.687907 0.542930 0.675514 0.543690 0.673250
2 0.397781 0.225403 0.401503 0.227625 0.407297 0.231699 0.410354 0.222685 0.400383 0.224838
2 0.520279 0.681894 0.521383 0.693463 0.521888 0.698606 0.519792 0.698347 0.516755 0.689736 0.516177 0.689093 0.514732 0.689995 0.511479 0.693463 0.511018 0.690481 0.510680 0.687014 0.511234 0.683380
2 0.550523 0.652556 0.550531 0.656806 0.550867 0.661713 0.552456 0.666176 0.554464 0.668852 0.555885 0.671231 0.556076 0.672801 0.556937 0.673949 0.558042 0.683468 0.561729 0.689634 0.561872 0.685648 0.561883 0.666042 0.560625 0.670171 0.559560 0.669139 0.558109 0.666213 0.556656 0.661394 0.555302 0.655028 0.555302 0.647806 0.554500 0.648574 0.552763 0.651273
2 0.524581 0.708412 0.525258 0.717144 0.525648 0.718523 0.527672 0.724824 0.527094 0.729190 0.526888 0.730616 0.534995 0.738389 0.533391 0.710713 0.529844 0.709079 0.529344 0.711750 0.529656 0.715421 0.530534 0.718537 0.531721 0.723324 0.530909 0.724102 0.530219 0.721431 0.528716 0.714977 0.528591 0.712750 0.529031 0.708856 0.529031 0.707074 0.528823 0.705755
2 0.391633 0.248727 0.391906 0.256194 0.394068 0.257463 0.392620 0.252319 0.394789 0.251032 0.396896 0.257639 0.405518 0.255750 0.398982 0.251884 0.398620 0.249532 0.399760 0.248681 0.409846 0.254870 0.413953 0.255417 0.406716 0.250042 0.398995 0.246394 0.398547 0.246519
2 0.391477 0.275255 0.393464 0.288565 0.390435 0.294583 0.389229 0.278722
2 0.376047 0.280815 0.375969 0.285287 0.376120 0.295463 0.387776 0.309523 0.388453 0.306755 0.385562 0.304361 0.384893 0.300199 0.384172 0.299569 0.383120 0.299644 0.382555 0.298852 0.379846 0.290519 0.378109 0.293102 0.377542 0.291236 0.379120 0.288792
2 0.356836 0.268153 0.356781 0.268398 0.363974 0.290912 0.369253 0.289431 0.370227 0.288935 0.365227 0.278148 0.362326 0.282120 0.359328 0.265681 0.357076 0.262009
2 0.448099 0.303977 0.443216 0.308093 0.447904 0.319523 0.451339 0.328907 0.455758 0.311792 0.456589 0.307824 0.454922 0.301806 0.450964 0.306509 0.450169 0.306509
2 0.393281 0.154630 0.387667 0.159630 0.387232 0.162199 0.386870 0.171838 0.386641 0.176157 0.381016 0.182407 0.390646 0.178870 0.398307 0.176556 0.398872 0.174801 0.400378 0.174505 0.401047 0.175843 0.404896 0.175301 0.407359 0.175542 0.416224 0.163657 0.415130 0.160741 0.409273 0.170458 0.408620 0.170125 0.408201 0.168463 0.409669 0.166051 0.408073 0.165463 0.407247 0.166676 0.405339 0.166389 0.406359 0.164769 0.400391 0.164491 0.397758 0.168801 0.396320 0.167690 0.398464 0.163958 0.395945 0.164708 0.395339 0.164542 0.394872 0.163296 0.394872 0.161634 0.398880 0.160000
2 0.420706 0.184074 0.421823 0.198056 0.429398 0.195792 0.426112 0.177426 0.424383 0.178870 0.426495 0.184264 0.424701 0.185662 0.423099 0.181667
2 0.445625 0.164537 0.441104 0.175028 0.442237 0.178968 0.442724 0.178194 0.448081 0.183199 0.446068 0.178852 0.446068 0.177218 0.446771 0.176065 0.447471 0.176065 0.448281 0.177028 0.448992 0.174472 0.450760 0.174144 0.452969 0.175602
2 0.444130 0.312519 0.447065 0.319671 0.450896 0.331009 0.441276 0.323241
2 0.440547 0.326574 0.436091 0.342458 0.445461 0.352569 0.449893 0.334282
2 0.468687 0.576162 0.470943 0.577644 0.472276 0.578398 0.474620 0.579292 0.476719 0.578537 0.478721 0.579292 0.480396 0.579880 0.480966 0.580741 0.482367 0.583139 0.484859 0.585167 0.487453 0.588116 0.486518 0.590792 0.484755 0.594389 0.483523 0.594384 0.481430 0.593194 0.479674 0.592898 0.475138 0.593347
9 0.454857 0.516394 0.459310 0.514500 0.462018 0.513468 0.463760 0.512093 0.464729 0.513986 0.464245 0.516736 0.464633 0.518630 0.465695 0.518801 0.468695 0.516051 0.470438 0.513810 0.472276 0.512435 0.473932 0.513472 0.474310 0.517083 0.477018 0.523273 0.478857 0.526028 0.480794 0.527231 0.482826 0.528782 0.484375 0.530329 0.486406 0.532736 0.486794 0.534287 0.486117 0.538245 0.485148 0.547019 0.484857 0.552352 0.486018 0.561296 0.486214 0.567662 0.485729 0.569727 0.484828 0.572153 0.484490 0.574236 0.484490 0.578245 0.483745 0.579588 0.481984 0.579880 0.480396 0.579880 0.478721 0.579292 0.476719 0.578537 0.474620 0.579292 0.472276 0.578398 0.470943 0.577644 0.468687 0.576162 0.465911 0.569120 0.451635 0.532199 0.452633 0.525389 0.454313 0.517597
2 0.403151 0.299537 0.403802 0.312963 0.407734 0.317546 0.409844 0.315370 0.408841 0.311954 0.406453 0.308991 0.405872 0.305514 0.406596 0.304356 0.407466 0.304356 0.406669 0.298560
2 0.536919 0.582060 0.542000 0.589588 0.541898 0.594519 0.522734 0.594389 0.525534 0.593523 0.529185 0.591579 0.532187 0.588981
7 0.492161 0.424213 0.486849 0.448380 0.486927 0.448102 0.487573 0.447343 0.487714 0.449157 0.496893 0.447718 0.492578 0.425556
7 0.472734 0.420417 0.478724 0.450509 0.480391 0.448009 0.481146 0.447644 0.481214 0.449440 0.483945 0.450384 0.485401 0.444505
7 0.455286 0.389907 0.454961 0.395380 0.453958 0.396718 0.456133 0.412333 0.457221 0.421106 0.459396 0.445343 0.461487 0.445787 0.462323 0.448468 0.464078 0.449356 0.469182 0.450250 0.471440 0.450995 0.473531 0.451144 0.477135 0.452593 0.466797 0.400926 0.464906 0.402745 0.464031 0.403190 0.462906 0.402745 0.462656 0.400412 0.463844 0.396861 0.463094 0.397083
7 0.466719 0.257500 0.467977 0.259259 0.461667 0.285778 0.459807 0.288171 0.454057 0.284005 0.453680 0.272037
7 0.479427 0.244028 0.481273 0.249060 0.478096 0.258574 0.482445 0.260509 0.484117 0.256343 0.487589 0.268843 0.490057 0.276269 0.488885 0.280880 0.488133 0.280731 0.481359 0.294412 0.465716 0.291287 0.465466 0.291884 0.465466 0.293519 0.471906 0.296046 0.479685 0.297384 0.467977 0.318648 0.467557 0.319986 0.467391 0.323111 0.467641 0.325343 0.467307 0.327125 0.466805 0.328463 0.466219 0.329801 0.465633 0.330843 0.465383 0.332329 0.462286 0.317759 0.460951 0.313593 0.458690 0.307495 0.462891 0.289620 0.464151 0.288213 0.475586 0.266472 0.474792 0.263403 0.470172 0.258176 0.471432 0.252699
2 0.484190 0.368519 0.484549 0.369875 0.484646 0.373662 0.483292 0.376417 0.482419 0.376241 0.481161 0.377620 0.480677 0.378995 0.480581 0.380718 0.480096 0.382435 0.478935 0.384671 0.469161 0.373833 0.469646 0.366435 0.478354 0.378824 0.478839 0.377449 0.469742 0.364718 0.469646 0.358694 0.469451 0.355597 0.469451 0.354046 0.470227 0.353704 0.471677 0.354565 0.476904 0.359384 0.480292 0.363338
10 0.510138 0.311185 0.509544 0.313394 0.508682 0.314931 0.507331 0.316370 0.505388 0.317713 0.501195 0.309176 0.499393 0.306866 0.500635 0.305713 0.503659 0.303699 0.504307 0.303602
10 0.504005 0.318806 0.502437 0.320009 0.501034 0.320199 0.499846 0.320199 0.499362 0.320009 0.497740 0.311560 0.497471 0.309639 0.497740 0.308778 0.498120 0.308491 0.498820 0.308296
7 0.522521 0.365421 0.524396 0.375852 0.525771 0.384074 0.526208 0.386292 0.527422 0.388843 0.530034 0.402690 0.523685 0.395634 0.522109 0.398148 0.526318 0.402843 0.516648 0.404079 0.514526 0.397856 0.516297 0.390292
7 0.520398 0.361301 0.510964 0.365310 0.510026 0.366644 0.509151 0.369412 0.509026 0.370977 0.509026 0.371866 0.508526 0.373074 0.508964 0.374644 0.511464 0.380852 0.512651 0.383194 0.512964 0.387972
2 0.510565 0.267431 0.512510 0.273861 0.512995 0.277699 0.515750 0.282694 0.511354 0.286662 0.504919 0.271241 0.506755 0.265444
2 0.501732 0.675986 0.512909 0.735009 0.516094 0.742222 0.515026 0.732065 0.516818 0.730671 0.518724 0.748009 0.521185 0.747194 0.521745 0.744606 0.521633 0.739630 0.520453 0.735407 0.528984 0.740907 0.531409 0.740759 0.529068 0.739421 0.521625 0.734069 0.520513 0.729875 0.518161 0.726292 0.517154 0.724699 0.514802 0.716736 0.511667 0.709569 0.511182 0.704884 0.511128 0.700852 0.511182 0.698644 0.510156 0.691921 0.508419 0.684088 0.506068 0.684287 0.505620 0.683889 0.505732 0.681306 0.506180 0.679912 0.507672 0.680116 0.506914 0.675505
2 0.476250 0.399491 0.475339 0.401745 0.472529 0.408745 0.473339 0.409968 0.477589 0.411523 0.480276 0.414407 0.484648 0.418074 0.485836 0.413856 0.481510 0.407083
7 0.529010 0.405880 0.535318 0.429093 0.531177 0.430250 0.524961 0.434102 0.524865 0.436264 0.524896 0.438426 0.525052 0.441407 0.525378 0.444810 0.514737 0.429625 0.512870 0.431866 0.518724 0.440694 0.513984 0.442222 0.507969 0.444907 0.503924 0.445926 0.502044 0.446829 0.499063 0.448241 0.494219 0.424398 0.500026 0.419537 0.504419 0.422495 0.505174 0.426014 0.506112 0.425875 0.504445 0.432634 0.505938 0.433981 0.510755 0.414398 0.514609 0.412639
7 0.485836 0.413856 0.487799 0.416417 0.490995 0.421403 0.487180 0.436852 0.485755 0.442870 0.473622 0.419907 0.472411 0.418977 0.468185 0.398537 0.469122 0.398204 0.470310 0.398648 0.471622 0.399426 0.473495 0.399426 0.475156 0.398565 0.476224 0.399583 0.475339 0.401745 0.472529 0.408745 0.473339 0.409968 0.477589 0.411523 0.480276 0.414407 0.484648 0.418074
2 0.506036 0.388458 0.506807 0.388935 0.507620 0.389935 0.509026 0.389847 0.509651 0.399403 0.509102 0.401222 0.507492 0.405690 0.507492 0.405690 0.500513 0.408606 0.496924 0.404583 0.498346 0.398153 0.499232 0.397769 0.500419 0.397000 0.502687 0.394505
2 0.552049 0.735556 0.555273 0.743560 0.556245 0.746310 0.558201 0.750671 0.558461 0.747634 0.558438 0.746759
8 0.481927 0.468569 0.487292 0.494361 0.484693 0.493019 0.484190 0.489741 0.480885 0.472454
8 0.499896 0.472972 0.491383 0.493338 0.487292 0.494361 0.499378 0.468250 0.499740 0.467736
8 0.390185 0.256634 0.390961 0.266458 0.391445 0.273528 0.393951 0.292773 0.394646 0.296454 0.394453 0.297315 0.395034 0.308694 0.396974 0.309727 0.396891 0.301213 0.396578 0.297542 0.396081 0.294130 0.392125 0.258356
8 0.486786 0.501755 0.484036 0.509444 0.481138 0.508671 0.484839 0.499731
8 0.490250 0.520824 0.489068 0.525750 0.488698 0.528394 0.490010 0.529171 0.490805 0.521921
8 0.481583 0.499931 0.483607 0.502792 0.482880 0.504639 0.480341 0.501458
8 0.480669 0.473944 0.482839 0.482694 0.482529 0.484278 0.481638 0.484278 0.481289 0.482898 0.479701 0.477593
8 0.442500 0.297222 0.441281 0.303134 0.439734 0.299694 0.440578 0.294958
8 0.472724 0.483042 0.480039 0.494046 0.480836 0.493963 0.483221 0.493134 0.478151 0.484074 0.476432 0.482454 0.473737 0.478204 0.472701 0.481838
8 0.479268 0.471046 0.478711 0.467833 0.477461 0.469565 0.478435 0.474380
8 0.476211 0.477588 0.475865 0.474009 0.476628 0.471912 0.477878 0.472032 0.478435 0.474380 0.477294 0.478778
8 0.439276 0.442898 0.444854 0.453644 0.453224 0.467528 0.456867 0.472125 0.456664 0.474306 0.451831 0.468356 0.441602 0.450500 0.438417 0.444912 0.436602 0.438625
8 0.473875 0.509856 0.476276 0.510069 0.473815 0.505907 0.470862 0.504838
8 0.465711 0.503454 0.468112 0.504306 0.470768 0.508569 0.467151 0.506333
8 0.458060 0.456324 0.458154 0.461917 0.464526 0.475162 0.465393 0.472917 0.466734 0.469222 0.460568 0.457968
8 0.423411 0.352685 0.420260 0.366569 0.422120 0.366569 0.424724 0.356981
8 0.425883 0.360241 0.425831 0.366880 0.427289 0.366977 0.427966 0.367454 0.428167 0.366417
8 0.424724 0.356981 0.422120 0.366569 0.425831 0.366880 0.425883 0.360241
8 0.427042 0.320125 0.426201 0.318736 0.426141 0.317231 0.426602 0.315894 0.428625 0.309852
8 0.397023 0.313079 0.397083 0.323634 0.395464 0.321727 0.395102 0.311481
8 0.396901 0.326620 0.396951 0.331338 0.396815 0.351250 0.396333 0.363537 0.396333 0.366681 0.395852 0.379398 0.394740 0.376389 0.395292 0.365014 0.395039 0.350296 0.395365 0.324861
8 0.375977 0.299287 0.380396 0.326861 0.378789 0.331431 0.373664 0.296421
8 0.387789 0.315287 0.380154 0.334435 0.378789 0.331431 0.386102 0.313000
8 0.396979 0.316620 0.402255 0.316574 0.406596 0.319718 0.397112 0.319431
8 0.393466 0.316435 0.395307 0.316375 0.395409 0.319292 0.393867 0.319176
8 0.374617 0.235616 0.378854 0.261606 0.380010 0.271889 0.382109 0.284481 0.382635 0.286782 0.384414 0.297773 0.384893 0.300199 0.387005 0.301685 0.383245 0.282185 0.382117 0.273060 0.378549 0.247509 0.377682 0.243912 0.376203 0.234852
8 0.383552 0.251454 0.384273 0.279630 0.382117 0.273060 0.381693 0.249861
8 0.381151 0.249426 0.381570 0.269491 0.380310 0.259995 0.379589 0.248574
8 0.391068 0.269491 0.384453 0.278139 0.384273 0.279630 0.385323 0.282662 0.387201 0.282106 0.391477 0.275255 0.391445 0.273528
8 0.383552 0.257750 0.387393 0.274616 0.385534 0.276963 0.384091 0.270773
8 0.384453 0.262236 0.390216 0.260208 0.390456 0.260208 0.390755 0.263194 0.385354 0.265542
8 0.409846 0.254870 0.399760 0.248681 0.398620 0.249532 0.398982 0.251884 0.407747 0.255940 0.409247 0.255616
8 0.393698 0.272269 0.397000 0.265648 0.395859 0.262556 0.392977 0.266824
8 0.419932 0.267463 0.425396 0.274616 0.426534 0.270694 0.426273 0.269931 0.420180 0.265949
8 0.423174 0.259671 0.428638 0.263620 0.428219 0.266505 0.424555 0.263514
8 0.432563 0.267750 0.430232 0.262319 0.430313 0.260319 0.431599 0.259894 0.432484 0.263463
8 0.400417 0.275750 0.399932 0.273894 0.399211 0.273611 0.394789 0.283755 0.395513 0.286468 0.396318 0.287181
8 0.530026 0.598796 0.533646 0.602194 0.537331 0.604194 0.540081 0.604861 0.541518 0.604972 0.541380 0.608102 0.538768 0.608190 0.536206 0.607412 0.532958 0.605079 0.528958 0.601972 0.525773 0.598861
8 0.564763 0.619528 0.566117 0.621685 0.570083 0.605421 0.569711 0.603681 0.568638 0.602852
8 0.569057 0.609653 0.574471 0.606338 0.576057 0.610403 0.567813 0.614769
8 0.562758 0.613306 0.566719 0.611157 0.565789 0.615046 0.562984 0.616389
8 0.571927 0.612569 0.578677 0.623032 0.578544 0.624884 0.576482 0.623551 0.569982 0.613722
8 0.582786 0.602593 0.586779 0.600755 0.590047 0.603120 0.584479 0.606565
8 0.553221 0.594528 0.556768 0.603903 0.557750 0.607222 0.553385 0.600463 0.551820 0.596519
8 0.553221 0.594528 0.555781 0.596171 0.559966 0.600264 0.560208 0.603546 0.554633 0.598278
8 0.547083 0.574491 0.552310 0.590639 0.549591 0.595130 0.546771 0.590787
2 0.466458 0.253935 0.438591 0.219315 0.436771 0.221250 0.464505 0.256204
8 0.434659 0.223657 0.428836 0.232449 0.427943 0.231157 0.427458 0.229556 0.434221 0.220875
8 0.432919 0.243083 0.438641 0.244634 0.449112 0.247051 0.449307 0.249463 0.438641 0.247394 0.432628 0.245671
8 0.530654 0.408593 0.535318 0.429093 0.539724 0.446366 0.545036 0.468477 0.545164 0.470782 0.545076 0.499412 0.543779 0.530505 0.545464 0.531194 0.547148 0.498259 0.547018 0.470389 0.546630 0.466245 0.540904 0.443375 0.534359 0.417278 0.532586 0.409977
8 0.501823 0.446806 0.514661 0.466435 0.512089 0.466148 0.500286 0.447870
8 0.506370 0.457278 0.503242 0.465162 0.501258 0.465037 0.501141 0.463333 0.504503 0.454292
8 0.511177 0.443171 0.509870 0.448236 0.507214 0.455000 0.505495 0.452407 0.508328 0.444833
8 0.507297 0.458787 0.509117 0.465843 0.507578 0.465676 0.505943 0.458787 0.506370 0.457278
8 0.505130 0.460306 0.506302 0.465630 0.504740 0.465398 0.504089 0.462806
8 0.513497 0.445241 0.514997 0.466500 0.516948 0.466625 0.515904 0.448898
8 0.509766 0.448588 0.513917 0.465324 0.510742 0.460426 0.509034 0.450449
8 0.516922 0.470134 0.521891 0.477139 0.527505 0.483574 0.536307 0.490583 0.545164 0.495764 0.545076 0.499412 0.535820 0.493653 0.526424 0.486069 0.520208 0.478333 0.513844 0.469556
8 0.525862 0.481755 0.538977 0.477940 0.539630 0.478519 0.539771 0.480097 0.539677 0.480759 0.527964 0.484079 0.527505 0.483574
8 0.521510 0.483657 0.523904 0.482917 0.525818 0.485407 0.522177 0.486403
8 0.502206 0.490009 0.517888 0.484787 0.518638 0.487565 0.502331 0.492671
8 0.508146 0.468926 0.512299 0.486435 0.514026 0.486269 0.509687 0.469028
8 0.507096 0.469009 0.511156 0.487014 0.509245 0.487685 0.504951 0.468597
8 0.504016 0.468431 0.507370 0.488333 0.508906 0.487870 0.504951 0.468597
8 0.557005 0.572870 0.561193 0.580954 0.568299 0.592130 0.573042 0.601764 0.574471 0.606338 0.576057 0.610403 0.583784 0.628431 0.588815 0.641681 0.591042 0.640130 0.587940 0.632306 0.587065 0.630639 0.587003 0.628528 0.577880 0.608991 0.576526 0.603310 0.569849 0.588514 0.566396 0.584556 0.563148 0.578778 0.561815 0.575097
8 0.562690 0.583005 0.564859 0.596241 0.566089 0.597014 0.567172 0.595727 0.565438 0.587630
8 0.547086 0.571597 0.556901 0.578134 0.558148 0.578579 0.560891 0.580227 0.557005 0.572870 0.549661 0.569407 0.547982 0.569606
8 0.562341 0.602708 0.566552 0.606838 0.566284 0.608852 0.566068 0.609523 0.562503 0.605972
8 0.606232 0.614889 0.602940 0.619241 0.599930 0.617463 0.603943 0.613148
8 0.608099 0.602528 0.605484 0.605181 0.602451 0.607176 0.601656 0.607505 0.598477 0.605630 0.599003 0.605343 0.599849 0.604481 0.600979 0.603981 0.602995 0.603264 0.607344 0.599352
8 0.597656 0.615926 0.602940 0.619241 0.611437 0.624019 0.611875 0.624241 0.611750 0.625352 0.608685 0.625019 0.598117 0.618644
8 0.585034 0.607926 0.590846 0.611699 0.595406 0.614810 0.595703 0.616713 0.589471 0.613032 0.586096 0.610259
8 0.576641 0.603843 0.579099 0.607815 0.589271 0.628704 0.587003 0.628528 0.577880 0.608991
8 0.609643 0.609144 0.608917 0.610361 0.607734 0.612222 0.605771 0.610648 0.609036 0.606704
8 0.601328 0.637593 0.605156 0.639824 0.608398 0.639727 0.610557 0.638958 0.612826 0.638671 0.613526 0.638259 0.613203 0.636653 0.612070 0.636366 0.608560 0.637519 0.605211 0.637421 0.602943 0.636366
8 0.610557 0.638958 0.607539 0.643556 0.605495 0.646273 0.607927 0.647579 0.609867 0.646708 0.612320 0.641514 0.612826 0.638671
8 0.598932 0.619120 0.596266 0.622157 0.596034 0.623569 0.596547 0.624398 0.597854 0.623903 0.600755 0.620231
8 0.592792 0.615236 0.592484 0.625597 0.589174 0.618116 0.589471 0.613032
8 0.593331 0.605731 0.592893 0.613125 0.590846 0.611699 0.589659 0.611111 0.590047 0.603120
8 0.577630 0.605556 0.580323 0.603824 0.581961 0.607356 0.579099 0.607815
8 0.488172 0.594944 0.488388 0.596870 0.500471 0.609560 0.501815 0.607370 0.494414 0.599625 0.491352 0.596519 0.489547 0.595273
8 0.435323 0.266116 0.444453 0.278241 0.445859 0.276389 0.440289 0.268597 0.434945 0.261773
8 0.426375 0.237278 0.430570 0.255866 0.429255 0.255866 0.425750 0.243731 0.425182 0.239676
8 0.422870 0.244514 0.421367 0.255593 0.419927 0.251856 0.420430 0.248963
8 0.424560 0.240727 0.424938 0.247741 0.425688 0.255639 0.423245 0.255639 0.422870 0.244514
8 0.424938 0.247741 0.427034 0.256019 0.429255 0.255866 0.425729 0.243426 0.425156 0.242778 0.424714 0.242917
8 0.444815 0.211528 0.438591 0.219315 0.436122 0.221991 0.435581 0.219019 0.443518 0.210282
8 0.446112 0.212583 0.450432 0.231593 0.451242 0.232167 0.452375 0.231306 0.452375 0.229481 0.449026 0.214889
8 0.438174 0.205958 0.440604 0.213639 0.442240 0.211713 0.441036 0.208361
5 0.439818 0.217778 0.442547 0.220551 0.444221 0.221898 0.446813 0.223241 0.448487 0.223815 0.450216 0.230250 0.450052 0.230634 0.448919 0.230537 0.446219 0.228329 0.442547 0.224199 0.438591 0.219315
8 0.441612 0.215532 0.445828 0.220991 0.446214 0.221421 0.446813 0.223241 0.444221 0.221898 0.440599 0.216898
8 0.453255 0.218694 0.455380 0.223528 0.455313 0.225079 0.454685 0.226380 0.453846 0.226690 0.452628 0.226815 0.451966 0.225949 0.450953 0.223282 0.449026 0.214889
8 0.443109 0.213648 0.446214 0.221421 0.445828 0.220991 0.441612 0.215532
8 0.439193 0.215046 0.433318 0.205963 0.432875 0.204111 0.433995 0.203370 0.440547 0.213565
8 0.433891 0.210037 0.435688 0.212444 0.437719 0.215130 0.438552 0.215731 0.437198 0.217259 0.434724 0.214111
8 0.550156 0.702963 0.551453 0.707690 0.576378 0.711259 0.576964 0.710370 0.576964 0.708731 0.576544 0.707394 0.575542 0.706949
8 0.524336 0.704819 0.528154 0.702514 0.528823 0.705755 0.524581 0.708412
8 0.529875 0.708630 0.533391 0.710713 0.532943 0.704972 0.529336 0.702588 0.529656 0.706296
8 0.535208 0.700440 0.544102 0.702019 0.544625 0.702736 0.544544 0.704750 0.537794 0.704819
1 0.526958 0.686551 0.544487 0.701579 0.544424 0.702134 0.528336 0.688556
1 0.536349 0.677648 0.531404 0.690227 0.530839 0.690005 0.535534 0.677537
1 0.536349 0.677648 0.537464 0.684384 0.538966 0.693509 0.539841 0.697625 0.540469 0.697958 0.537901 0.684273 0.536836 0.677704
8 0.543047 0.682657 0.542169 0.699241 0.540469 0.697958 0.537901 0.684273 0.538602 0.676870 0.541419 0.676204
8 0.533443 0.685106 0.534169 0.692782 0.531404 0.690227
8 0.530424 0.679472 0.531753 0.687681 0.533081 0.684139 0.532599 0.678398
8 0.534409 0.699167 0.536794 0.697449 0.537521 0.697449 0.537307 0.700671 0.535208 0.700440
8 0.534219 0.693565 0.534742 0.698898 0.534409 0.699167 0.531904 0.694764 0.531935 0.691597
8 0.523479 0.698477 0.526451 0.692060 0.526266 0.689903 0.524677 0.687250 0.523604 0.687500 0.522672 0.688579
1 0.429948 0.411944 0.435182 0.412454 0.443151 0.414028 0.449794 0.416074 0.449063 0.417593 0.442130 0.415944 0.435130 0.414167 0.430078 0.413935 0.429867 0.413236
8 0.420523 0.433144 0.426641 0.446620 0.426763 0.442875 0.421393 0.432833 0.420109 0.432278
8 0.512909 0.735009 0.522026 0.754935 0.520940 0.757014 0.515083 0.745120
8 0.528870 0.664106 0.530208 0.675856 0.532130 0.674963 0.530542 0.663514 0.529622 0.662769
8 0.561273 0.620708 0.562393 0.686023 0.564969 0.685824 0.563513 0.624509
8 0.491352 0.596519 0.504716 0.595690 0.508490 0.595472 0.522734 0.594389 0.541898 0.594519 0.541711 0.598630 0.504786 0.599403 0.494414 0.599625
8 0.512766 0.656449 0.511898 0.672259 0.509729 0.672259 0.511247 0.655551
8 0.490435 0.632250 0.502242 0.633991 0.501169 0.636481 0.491229 0.635898
8 0.502750 0.634704 0.500688 0.646477 0.500125 0.649477 0.499312 0.648477 0.499812 0.644593 0.501169 0.636481 0.501938 0.634259
8 0.502750 0.635481 0.509997 0.643370 0.518581 0.652361 0.518370 0.655477 0.502109 0.637870
8 0.510242 0.646523 0.513211 0.652569 0.516182 0.656894 0.517477 0.658718 0.518750 0.659352 0.519219 0.662361 0.516398 0.660542 0.513643 0.656894 0.509479 0.648472 0.507164 0.643259
8 0.503372 0.639227 0.504831 0.642875 0.511247 0.655551 0.512766 0.656449 0.512661 0.658426 0.517521 0.668125 0.518060 0.665532 0.506451 0.642588
1 0.528284 0.633148 0.521974 0.649810 0.521224 0.648921 0.524180 0.640060 0.526971 0.632259 0.528411 0.631713 0.539094 0.640926 0.540156 0.640926 0.540406 0.642037 0.540219 0.643593 0.537156 0.642481 0.534906 0.639815
1 0.487573 0.447343 0.488932 0.462407 0.488167 0.462319 0.486979 0.448014
2 0.539724 0.446366 0.545036 0.468477 0.545164 0.470782 0.545214 0.479074 0.534245 0.464028 0.512870 0.431866 0.514737 0.429625 0.525378 0.444810 0.525052 0.441407 0.524865 0.436264 0.534766 0.452963 0.539193 0.444144
8 0.512602 0.619819 0.517102 0.624708 0.524536 0.630042 0.526971 0.632259 0.528411 0.631713 0.531034 0.632593 0.535031 0.633259 0.540521 0.633704 0.540729 0.631065 0.534969 0.629931 0.529034 0.628486 0.520224 0.623153 0.511602 0.616819
8 0.512977 0.614602 0.514852 0.617153 0.521911 0.620153 0.533471 0.625042 0.540729 0.627824 0.540677 0.631019 0.534969 0.629931 0.529034 0.628486 0.520224 0.623153 0.511602 0.616819 0.510547 0.613343
8 0.535643 0.612319 0.541260 0.612704 0.541206 0.616736 0.538883 0.616736
8 0.556508 0.719667 0.560487 0.716796 0.557690 0.713926 0.554250 0.718435
8 0.560810 0.704361 0.556937 0.673949 0.556076 0.672801 0.554464 0.673569 0.557773 0.695875 0.558258 0.698278 0.558258 0.702213 0.556745 0.704167
8 0.401750 0.377713 0.402547 0.384153 0.405010 0.385310 0.409792 0.386083 0.414065 0.386213 0.413122 0.383509 0.408281 0.383102 0.405945 0.382639 0.403987 0.381560
8 0.432255 0.395875 0.455917 0.423440 0.456495 0.420866 0.441370 0.402042 0.438693 0.399676 0.432094 0.392519 0.431391 0.392806 0.431500 0.394245
8 0.440263 0.404963 0.443151 0.414028 0.445260 0.414676 0.443740 0.409083
8 0.432542 0.403602 0.440927 0.406968 0.442443 0.411588 0.434003 0.408796 0.432633 0.407398
8 0.446122 0.408218 0.452680 0.410032 0.454130 0.410204 0.455914 0.410722 0.456133 0.412333 0.456617 0.414759 0.450773 0.413606
8 0.437214 0.401477 0.437307 0.405384 0.439086 0.406130 0.439039 0.403889
8 0.433193 0.414028 0.433987 0.425500 0.431651 0.421676 0.431417 0.414028
8 0.440286 0.244907 0.429664 0.186236 0.426424 0.169884 0.425388 0.164125 0.418854 0.147639 0.416969 0.149384 0.423187 0.163898 0.425388 0.173338 0.438594 0.244537
8 0.383539 0.240602 0.383617 0.249176 0.381602 0.247287 0.381852 0.240319
8 0.384021 0.231032 0.383594 0.237269 0.382604 0.236898 0.382253 0.231889
8 0.392620 0.215315 0.387076 0.221602 0.385065 0.220602 0.384984 0.218745 0.390852 0.212171
8 0.383859 0.232602 0.390339 0.233102 0.389792 0.234352 0.389406 0.235176 0.383779 0.235176
8 0.395073 0.245162 0.390279 0.245037 0.389237 0.246273 0.389516 0.248741 0.390628 0.249361 0.398547 0.246519
8 0.384724 0.223671 0.384445 0.228736 0.382362 0.229477 0.382638 0.223056
8 0.382638 0.223056 0.381971 0.229440 0.379958 0.230431 0.380956 0.224037 0.381172 0.222597
8 0.386529 0.208731 0.385070 0.217995 0.385065 0.220602 0.383404 0.220338 0.384445 0.213917 0.385417 0.208856
8 0.385625 0.214167 0.389378 0.209843 0.390852 0.212171 0.385070 0.217995
8 0.400560 0.205769 0.399427 0.214454 0.397331 0.218051 0.398547 0.209102 0.396878 0.211324 0.396393 0.207991 0.398685 0.205519
8 0.386250 0.209843 0.388047 0.208009 0.389378 0.209843 0.385625 0.214167
8 0.427776 0.234329 0.434513 0.237787 0.434443 0.239639 0.434234 0.241370 0.426375 0.237278
8 0.418326 0.233648 0.422747 0.238949 0.421406 0.241713 0.418370 0.237713
8 0.432638 0.226551 0.435555 0.229639 0.436180 0.231491 0.435070 0.243718 0.434026 0.243593 0.434234 0.241370 0.434443 0.239639 0.434513 0.237787 0.435000 0.232477 0.435000 0.231120 0.432151 0.228032
8 0.428263 0.219019 0.429372 0.220870 0.430971 0.222352 0.430276 0.223833 0.430484 0.225565 0.428193 0.223463 0.427289 0.221981
8 0.429581 0.214944 0.432221 0.220745 0.430971 0.222352 0.429372 0.220870 0.428263 0.219019
8 0.421138 0.206542 0.421565 0.210671 0.422331 0.211162 0.422956 0.211162 0.424622 0.214130 0.425734 0.211657 0.423440 0.207708
8 0.421802 0.220995 0.421732 0.213833 0.421732 0.212597 0.422956 0.211162 0.424622 0.214130
8 0.457911 0.231472 0.462573 0.237903 0.463297 0.237616 0.463458 0.235616 0.460966 0.232903
8 0.467862 0.236134 0.468487 0.241940 0.470362 0.247616 0.471057 0.245519 0.469807 0.241074 0.469531 0.238611 0.468521 0.236759
8 0.465292 0.239222 0.467307 0.245148 0.470052 0.249815 0.468339 0.251662 0.464130 0.246426 0.462862 0.240949 0.462573 0.237903 0.463297 0.237616 0.463458 0.235616 0.463208 0.233662
8 0.434935 0.246403 0.434203 0.256264 0.432523 0.255977 0.433398 0.246120
8 0.438641 0.247394 0.439695 0.251792 0.440042 0.256361 0.441432 0.256361 0.441224 0.251917 0.440807 0.247963
8 0.462951 0.209301 0.466336 0.221944 0.463682 0.219944 0.462880 0.216370
8 0.435023 0.276333 0.440346 0.282259 0.442578 0.280440 0.437464 0.275810 0.435023 0.273144
8 0.417164 0.306991 0.415023 0.305833 0.414372 0.309634 0.416326 0.310792
8 0.387943 0.264292 0.388745 0.272579 0.387393 0.274616 0.386576 0.265153
8 0.421406 0.241713 0.401503 0.227625 0.397341 0.225389 0.392117 0.223153 0.382844 0.220120 0.357122 0.211954 0.357815 0.213255 0.357878 0.214699 0.357799 0.215394 0.381172 0.222597 0.390492 0.225625 0.406120 0.234213 0.419919 0.244606
2 0.417622 0.247875 0.415198 0.252903 0.417583 0.255130 0.419120 0.251968
8 0.415844 0.258509 0.424292 0.264903 0.426273 0.269931 0.409458 0.258866
8 0.420180 0.265949 0.418776 0.277472 0.416823 0.275926 0.418237 0.264509
8 0.427891 0.274259 0.425273 0.282972 0.423547 0.281644 0.426534 0.270694
8 0.416508 0.278176 0.418469 0.279671 0.417302 0.285148 0.416602 0.285477 0.415854 0.285315 0.415576 0.284236
5 0.618937 0.636884 0.625914 0.638227 0.629120 0.653981 0.631552 0.672019 0.635326 0.672019 0.639831 0.666819 0.641659 0.669435 0.639453 0.674398 0.637625 0.677213 0.635570 0.680028 0.638115 0.681972 0.640190 0.680903 0.641039 0.681972 0.644094 0.686968 0.644695 0.689782 0.643961 0.692602 0.643112 0.695417 0.642753 0.696690 0.642263 0.697125 0.640076 0.698870 0.639208 0.701685 0.638737 0.704500 0.637510 0.705370 0.636172 0.705773 0.634344 0.704935 0.624370 0.697361 0.618768 0.689986 0.616807 0.685227 0.613904 0.684153 0.611698 0.680903 0.610734 0.678083 0.609867 0.673963 0.610849 0.673125 0.608906 0.666819 0.605625 0.657972 0.602570 0.650394 0.605495 0.646273 0.607927 0.647579 0.609867 0.646708 0.612320 0.641514 0.613526 0.638259 0.614508 0.636750
8 0.446198 0.416898 0.452240 0.435278 0.448698 0.429815 0.445010 0.418843 0.445198 0.416843
1 0.472411 0.418977 0.473622 0.419907 0.485755 0.442778 0.485401 0.444505 0.473047 0.420787 0.472615 0.420125
8 0.439411 0.418769 0.439401 0.435185 0.437401 0.431819 0.437122 0.415773
8 0.440581 0.420264 0.440815 0.423255 0.440909 0.427000 0.440440 0.431403 0.439974 0.436111 0.440938 0.438056 0.441562 0.433148 0.442031 0.427412 0.442031 0.422843 0.441336 0.421472
8 0.443667 0.425250 0.443622 0.430491 0.443247 0.434648 0.442779 0.438884 0.442318 0.440324 0.441424 0.438634 0.442172 0.430324 0.442500 0.423176
8 0.453185 0.420250 0.454680 0.434259 0.454883 0.439505 0.455359 0.440361 0.456943 0.443241 0.456701 0.436991 0.455167 0.424130 0.454883 0.422046
8 0.460568 0.457968 0.466734 0.469222 0.467951 0.467130 0.463594 0.458889 0.461924 0.458241
8 0.452669 0.453255 0.456346 0.461718 0.456206 0.455319 0.455427 0.455019
8 0.455089 0.444000 0.455927 0.451796 0.457471 0.452644 0.457284 0.447657
8 0.452669 0.453255 0.452891 0.459995 0.451076 0.456454 0.450794 0.451981
8 0.470099 0.450690 0.472359 0.458685 0.473323 0.457236 0.473792 0.456509 0.472997 0.451190 0.471440 0.450995
8 0.475195 0.451690 0.475289 0.454597 0.473792 0.456509 0.472997 0.451190 0.473531 0.451144
1 0.467292 0.449861 0.468883 0.457676 0.467854 0.457009 0.466169 0.449694
8 0.458599 0.475495 0.458544 0.482995 0.456758 0.479819 0.456867 0.472125
8 0.447159 0.486255 0.450964 0.493338 0.450375 0.493440 0.449286 0.494296 0.446255 0.488333 0.446557 0.487657
1 0.468284 0.500694 0.471135 0.499750 0.473036 0.498560 0.473315 0.497713 0.478508 0.494829 0.480836 0.493963 0.482625 0.494000 0.484190 0.495981 0.482674 0.498194 0.480341 0.501458 0.478883 0.502417 0.476885 0.503481 0.475260 0.503796 0.473297 0.504523 0.470862 0.504838
8 0.503289 0.514736 0.503398 0.521565 0.502044 0.519259 0.501396 0.513102
8 0.503281 0.515787 0.514115 0.528472 0.511188 0.528301 0.503505 0.519833
8 0.494523 0.513102 0.503018 0.527051 0.505174 0.530213 0.509089 0.536713 0.511135 0.534745 0.508674 0.530324 0.507273 0.527921 0.503398 0.521565 0.502044 0.519259 0.495823 0.508102 0.495026 0.507218
8 0.495823 0.508102 0.501396 0.513102 0.502044 0.519259
8 0.494740 0.530704 0.495878 0.537051 0.493227 0.535324 0.492589 0.530824
1 0.494523 0.513102 0.496271 0.527796 0.495458 0.527574 0.494081 0.515995
8 0.437003 0.194116 0.440552 0.184199 0.440047 0.181370 0.439031 0.180468 0.437799 0.180338 0.431862 0.195662
8 0.420706 0.184074 0.421823 0.198056 0.420208 0.198148 0.419260 0.185912
8 0.422758 0.174347 0.425193 0.172426 0.425388 0.173338 0.426112 0.177426 0.424383 0.178870
8 0.416940 0.199139 0.429531 0.195787 0.430130 0.199074 0.417318 0.202454
8 0.447128 0.208713 0.454831 0.200167 0.454831 0.199421 0.454315 0.198921 0.452323 0.199046 0.445589 0.207384
1 0.455669 0.198843 0.455562 0.199944 0.453943 0.214773 0.452964 0.214023 0.454831 0.200167 0.455016 0.198921
8 0.448763 0.206806 0.449742 0.209463 0.450161 0.211699 0.447128 0.208713
8 0.446484 0.200787 0.447456 0.203153 0.447875 0.204648 0.445961 0.206889 0.445122 0.204815 0.444469 0.203074 0.443776 0.201713
8 0.431768 0.197843 0.440159 0.196838 0.445846 0.196338 0.450565 0.196264 0.452435 0.195852 0.456615 0.195907 0.456333 0.194829 0.455648 0.194472 0.454654 0.194500 0.452656 0.194403 0.437003 0.194116 0.431406 0.195764
8 0.373437 0.249306 0.372622 0.263903 0.372393 0.266958 0.372323 0.281769 0.372552 0.286435 0.372828 0.289880 0.374453 0.293426 0.373987 0.277648 0.374661 0.254028
8 0.403034 0.269407 0.395646 0.289366 0.396081 0.294130 0.404628 0.271981 0.404555 0.270181 0.404120 0.269667
8 0.376354 0.259907 0.375906 0.275273 0.375969 0.285287 0.376120 0.295463 0.374427 0.293380 0.373987 0.277648 0.374654 0.254130
8 0.376148 0.267644 0.379536 0.270685 0.380010 0.271889 0.380026 0.273542 0.376078 0.269880
8 0.375927 0.273560 0.380534 0.286639 0.379120 0.288792 0.376047 0.280815 0.375906 0.275273
8 0.382635 0.286782 0.378109 0.293102 0.377542 0.291236 0.379120 0.288792 0.380534 0.286639 0.382109 0.284481
8 0.381221 0.288866 0.384414 0.297773 0.384172 0.299569 0.383120 0.299644 0.382555 0.298852 0.379846 0.290519
8 0.398721 0.287139 0.406643 0.292384 0.406724 0.293389 0.406198 0.294829 0.405268 0.295042 0.397669 0.289727
8 0.417112 0.289866 0.412979 0.321361 0.411039 0.320023 0.414294 0.295764 0.415232 0.286968 0.416109 0.287639
8 0.424497 0.284968 0.414919 0.322917 0.413667 0.321694 0.422995 0.283407
8 0.396578 0.297542 0.413292 0.292644 0.413857 0.292870 0.414107 0.294537 0.413982 0.296431 0.396891 0.301213
8 0.382117 0.273060 0.383245 0.282185 0.390818 0.305889 0.393573 0.308005
8 0.393951 0.292773 0.394604 0.297426 0.392161 0.303750 0.391146 0.300231
8 0.385323 0.282662 0.387201 0.282106 0.391771 0.299134 0.391146 0.300231
8 0.589602 0.421245 0.599904 0.469019 0.607854 0.491912 0.593409 0.420648 0.591953 0.418259 0.590721 0.419056
8 0.368849 0.254542 0.368901 0.260602 0.370372 0.262125 0.370469 0.251296
8 0.581464 0.689375 0.585945 0.690662 0.589198 0.688477 0.591078 0.686681 0.593247 0.685648 0.595487 0.683852 0.600260 0.681282 0.605898 0.677426 0.607849 0.676269 0.606839 0.671644 0.602500 0.673569 0.597440 0.676653 0.591656 0.681153 0.589706 0.682435
8 0.561872 0.685648 0.561729 0.689634 0.570331 0.691046 0.586596 0.696315 0.587464 0.695931 0.587898 0.693875 0.587536 0.692333 0.585945 0.690662 0.581464 0.689375 0.578044 0.688088 0.573583 0.686681 0.569961 0.686199
8 0.580596 0.694259 0.570115 0.703644 0.568885 0.701329 0.568669 0.699917 0.577125 0.692977
5 0.577128 0.697347 0.586018 0.705315 0.587102 0.702616 0.587680 0.699144 0.587609 0.697986 0.586161 0.696315 0.580596 0.694259
5 0.558042 0.683468 0.558474 0.687194 0.562596 0.696315 0.567294 0.705829 0.570404 0.705954 0.570115 0.703644 0.568885 0.701329 0.568669 0.699917 0.561729 0.689634
8 0.564971 0.690097 0.565034 0.694653 0.562839 0.691111 0.562760 0.689722
8 0.563117 0.697370 0.563255 0.705005 0.565357 0.705338 0.565263 0.701685
8 0.565542 0.709736 0.565729 0.715208 0.565917 0.719028 0.563443 0.717037 0.563023 0.709486
8 0.553698 0.703519 0.557773 0.695875 0.558258 0.698278 0.558258 0.702213 0.556745 0.704167
8 0.571484 0.710602 0.573930 0.717292 0.575448 0.722944 0.576388 0.727699 0.575594 0.727185 0.574221 0.723204 0.571979 0.715361 0.569714 0.710417
6 0.599815 0.681162 0.620193 0.719782 0.621648 0.718190 0.623888 0.709829 0.605859 0.677579
8 0.483617 0.461310 0.482891 0.464630 0.499378 0.468250 0.499740 0.467736 0.499810 0.464782
8 0.520208 0.478333 0.535182 0.540926 0.531255 0.536824 0.529305 0.536125 0.516875 0.480384 0.517323 0.478593 0.518555 0.477597
5 0.625435 0.634921 0.624008 0.627333 0.623198 0.627236 0.619094 0.629829 0.616812 0.633130
1 0.478320 0.452449 0.473396 0.458565 0.471508 0.461801 0.467935 0.468755 0.463349 0.481222 0.459167 0.495611 0.456469 0.506208 0.454313 0.517597 0.452633 0.525389 0.451635 0.532199 0.451279 0.530977 0.451755 0.526412 0.452698 0.521741 0.453714 0.516898 0.455419 0.508139 0.456247 0.504181 0.459120 0.492699 0.462135 0.482176 0.462839 0.480370 0.465393 0.472917 0.470354 0.461912 0.473323 0.457236 0.477909 0.451597 0.480391 0.448009 0.481146 0.447644 0.481214 0.449440 0.480133 0.449921
8 0.431484 0.421157 0.449180 0.452546 0.462813 0.480231 0.462180 0.482079 0.433438 0.428148
8 0.399193 0.366852 0.400495 0.366898 0.402885 0.386093 0.403112 0.388972 0.403245 0.390986 0.406776 0.406019 0.401953 0.394907 0.401250 0.387963
8 0.483185 0.602912 0.481740 0.611523 0.484484 0.617046 0.484987 0.611958 0.485643 0.604583 0.484846 0.603940
8 0.512823 0.632213 0.505305 0.624889 0.496846 0.615375 0.494099 0.611648 0.493232 0.609593 0.493594 0.607667 0.499451 0.608824 0.500471 0.609560 0.501547 0.613319 0.496919 0.611523 0.503786 0.619616 0.511883 0.627972
8 0.499661 0.599491 0.504773 0.605736 0.505956 0.607171 0.504148 0.607222 0.497523 0.599662
8 0.497880 0.612671 0.498445 0.612241 0.502479 0.616042 0.502711 0.617324 0.504375 0.617477 0.505424 0.618338 0.508893 0.619125 0.509982 0.619199 0.510466 0.621565 0.507602 0.620991 0.503971 0.619917
8 0.370076 0.127495 0.380435 0.128407 0.379221 0.129319 0.376003 0.131477 0.373490 0.131204 0.370977 0.131366 0.369388 0.128838 0.369516 0.127824
8 0.393086 0.288583 0.390435 0.294583 0.391771 0.299134 0.394049 0.292583
8 0.390943 0.308657 0.389542 0.311736 0.387776 0.309523 0.388453 0.306755
8 0.363974 0.290912 0.365156 0.294000 0.370852 0.293134 0.371060 0.290912 0.370227 0.288935 0.369253 0.289431
8 0.381357 0.137449 0.388081 0.137134 0.389818 0.140324 0.387542 0.143065 0.379581 0.142681
8 0.392320 0.137421 0.395870 0.133403 0.397591 0.131301 0.399635 0.132449 0.400714 0.135315 0.400497 0.137037 0.397378 0.138375 0.390182 0.145787
8 0.369870 0.123380 0.378581 0.117125 0.378362 0.120218 0.378940 0.121528 0.373151 0.124120
8 0.364716 0.126958 0.361419 0.135815 0.364609 0.134722 0.366042 0.130472 0.367797 0.128097 0.368010 0.127815
8 0.359893 0.139958 0.358687 0.143958 0.361458 0.144028 0.363354 0.138694
8 0.420495 0.105273 0.420148 0.104778 0.411536 0.112190 0.413271 0.113546
8 0.438070 0.107370 0.438904 0.110458 0.438904 0.112190 0.437654 0.112310 0.437375 0.109347 0.437167 0.108111
8 0.408896 0.113301 0.410990 0.116157 0.413271 0.113546 0.411536 0.112190 0.410354 0.111199
8 0.409727 0.114394 0.403370 0.119616 0.403099 0.121389 0.406990 0.120579 0.410990 0.116157
8 0.419349 0.155088 0.420680 0.157958 0.417734 0.161255 0.416888 0.158889
8 0.590883 0.696491 0.602833 0.706231 0.606195 0.712870 0.590385 0.700477
8 0.578435 0.665065 0.583706 0.665602 0.585904 0.669713 0.584398 0.669713 0.576443 0.667944
8 0.571836 0.656657 0.576318 0.661968 0.574701 0.664847 0.571714 0.659977
8 0.600938 0.646204 0.605495 0.646273 0.602510 0.649755
8 0.599138 0.638838 0.601359 0.640333 0.606102 0.640759 0.608682 0.641505 0.607539 0.643556 0.605982 0.645347 0.602560 0.644495 0.599497 0.642787 0.598135 0.639412
8 0.573299 0.611787 0.576911 0.612648 0.578299 0.615241 0.573229 0.614625 0.571927 0.612569
8 0.585523 0.615611 0.586427 0.622528 0.583719 0.617588 0.583161 0.610796
8 0.596568 0.610796 0.600112 0.610676 0.603943 0.613148 0.602195 0.614995 0.597333 0.614130
8 0.578677 0.623032 0.581328 0.623000 0.583784 0.628431 0.580286 0.628431 0.578544 0.624884
8 0.597333 0.614130 0.597656 0.615926 0.599930 0.617463 0.602195 0.614995
8 0.581344 0.628481 0.588359 0.640333 0.588815 0.641681 0.587227 0.642546 0.580286 0.628431
8 0.587940 0.632306 0.591042 0.640130 0.592117 0.639708 0.590036 0.632986 0.589065 0.632639
8 0.576883 0.729375 0.577635 0.733106 0.578008 0.736509 0.578008 0.737171 0.577305 0.736593 0.576747 0.732361 0.575904 0.728542
8 0.582430 0.761134 0.583688 0.764870 0.584063 0.766278 0.584250 0.771505 0.582755 0.768852 0.582336 0.765616 0.581263 0.761718
8 0.581076 0.752009 0.581263 0.754579 0.581961 0.756486 0.582102 0.758727 0.580562 0.759227 0.579956 0.756324 0.579581 0.752093
8 0.592622 0.731648 0.593432 0.731426 0.595523 0.736926 0.596779 0.739306 0.601714 0.745102 0.600042 0.746144 0.598201 0.745255 0.594437 0.740495 0.593016 0.737968
8 0.455294 0.239773 0.458799 0.242019 0.462961 0.246009 0.464130 0.246426 0.468339 0.251662 0.466458 0.253935 0.466469 0.253824
2 0.428836 0.232449 0.419609 0.250787 0.418081 0.247005 0.419919 0.244606 0.427458 0.229556
8 0.572568 0.725792 0.571164 0.724639 0.572396 0.732731 0.574089 0.733981
8 0.506484 0.599412 0.507867 0.607204 0.508979 0.606972 0.509823 0.606810 0.508531 0.599542
8 0.547437 0.692611 0.554508 0.688347 0.555255 0.691227 0.554010 0.693218 0.548034 0.696093 0.547536 0.693440
8 0.547669 0.701685 0.557216 0.737671 0.559763 0.747634 0.560849 0.751218 0.563052 0.751042 0.562117 0.746713 0.560805 0.744144 0.555938 0.725208 0.554250 0.718435 0.551794 0.708690 0.551453 0.707690 0.550156 0.702963 0.547536 0.693440
8 0.547437 0.692611 0.547164 0.687907 0.542930 0.675514 0.541419 0.676204 0.543047 0.682657 0.545169 0.692519 0.545818 0.692037 0.546680 0.692037
8 0.541026 0.716741 0.540154 0.736440 0.538786 0.741528 0.536047 0.715634 0.536919 0.709218
8 0.546531 0.725718 0.540208 0.732648 0.540154 0.736440 0.540234 0.737894 0.541323 0.737273 0.548018 0.728843
8 0.553133 0.770833 0.554063 0.785051 0.553411 0.785713 0.551831 0.784884 0.550995 0.769181
8 0.559737 0.766718 0.555643 0.766537 0.556109 0.769676 0.562620 0.771329
8 0.548669 0.755458 0.555643 0.766537 0.557784 0.766537 0.554250 0.760255
8 0.573219 0.772324 0.572568 0.777778 0.571917 0.777778 0.571174 0.777116 0.571453 0.768852
8 0.564802 0.755750 0.566797 0.765153 0.567422 0.767593 0.567805 0.768769 0.571526 0.769620 0.571346 0.772718 0.567865 0.772611 0.565906 0.770255 0.561930 0.752773 0.562708 0.752236
8 0.513792 0.708954 0.519818 0.706468 0.520677 0.709528 0.514331 0.712972
8 0.399766 0.101296 0.392271 0.093306 0.384810 0.084032 0.376841 0.075403 0.376336 0.077722 0.383940 0.086477 0.392341 0.096139 0.398932 0.102963
8 0.386104 0.111639 0.380656 0.108208 0.377388 0.106569 0.366828 0.103292 0.349984 0.100463 0.329703 0.099421 0.329273 0.101060 0.330122 0.103144 0.349648 0.104190 0.361875 0.106421 0.365414 0.106412 0.381076 0.111787 0.384271 0.113102
8 0.403099 0.121389 0.397471 0.105801 0.395865 0.102282 0.394839 0.102954 0.394893 0.104394 0.396326 0.108884 0.397268 0.111333 0.397919 0.113264 0.399659 0.114935 0.398888 0.116778 0.400779 0.122056
8 0.391437 0.108519 0.386104 0.111639 0.384167 0.113148 0.382721 0.114856 0.383370 0.114954 0.383857 0.116398 0.393646 0.110648
8 0.388646 0.113630 0.392292 0.116037 0.391250 0.117935 0.386615 0.114787
8 0.394271 0.117361 0.396172 0.119093 0.395781 0.120620 0.393203 0.119139
8 0.362161 0.179861 0.364708 0.175255 0.363031 0.172273 0.359922 0.176667
8 0.390182 0.145787 0.399883 0.144810 0.395820 0.148472 0.389385 0.149028 0.389617 0.147551
8 0.392565 0.131500 0.381357 0.137449 0.377578 0.148472 0.374497 0.153361 0.373828 0.147708 0.377760 0.132824 0.383672 0.128750 0.392943 0.129685
8 0.375326 0.131963 0.376003 0.131477 0.379221 0.129319 0.380435 0.128407 0.383672 0.128796 0.377760 0.132824 0.373810 0.135722
8 0.378513 0.146847 0.379852 0.148926 0.364208 0.174208 0.363031 0.172273 0.372815 0.156944 0.374497 0.153361
8 0.388010 0.146231 0.376516 0.160894 0.377203 0.155782 0.389818 0.140324
8 0.378898 0.144852 0.385617 0.145315 0.383117 0.148417 0.379654 0.148833 0.378513 0.146847 0.377578 0.148472
8 0.388542 0.133611 0.390729 0.137333 0.389818 0.140324 0.386729 0.134444
8 0.371255 0.176273 0.366411 0.186042 0.364677 0.183597 0.368417 0.176167
8 0.421102 0.309787 0.426432 0.311991 0.426552 0.312875 0.426536 0.315324 0.421055 0.312444
8 0.396935 0.328954 0.399594 0.334764 0.400995 0.334764 0.401227 0.333185 0.400901 0.331861 0.396901 0.326620
8 0.425130 0.350926 0.428622 0.363681 0.428695 0.368056 0.423411 0.352685 0.424279 0.352861
5 0.565492 0.752394 0.571487 0.763046 0.568984 0.764264 0.562708 0.752236
8 0.371255 0.176273 0.366411 0.186042 0.368333 0.188681 0.377424 0.174542 0.383461 0.154481 0.384284 0.151495 0.376516 0.160894 0.375867 0.166704 0.374513 0.172898 0.372867 0.175134
8 0.414721 0.169185 0.416961 0.167792 0.416177 0.181329 0.415393 0.190486 0.417969 0.206213 0.418081 0.208005 0.418305 0.231097 0.418417 0.239458 0.416961 0.238463 0.417008 0.223556 0.416289 0.208801 0.413510 0.193602 0.414229 0.181940 0.414417 0.177792
8 0.396378 0.205088 0.397458 0.223231 0.395406 0.223806 0.395026 0.216894 0.395737 0.216769 0.396414 0.215394 0.396414 0.214532 0.395458 0.212287 0.394328 0.204824
5 0.593156 0.685532 0.607529 0.715856 0.608789 0.715801 0.609714 0.713634 0.595531 0.683755
8 0.400651 0.202593 0.405682 0.202347 0.414688 0.200093 0.415130 0.202500 0.407271 0.205306 0.402138 0.205949 0.394328 0.204824
8 0.415622 0.205718 0.410706 0.208417 0.405357 0.213296 0.399068 0.218694 0.398633 0.222421 0.397458 0.223231 0.397331 0.218051 0.399427 0.214454 0.402971 0.210472 0.409909 0.204685 0.415224 0.202477
8 0.396122 0.198079 0.398826 0.194565 0.404794 0.186319 0.407297 0.185958 0.404271 0.190838 0.400560 0.196000 0.395943 0.201866
8 0.532943 0.704972 0.537422 0.763296 0.539458 0.769968 0.540557 0.768671 0.535518 0.706565 0.534622 0.705370
8 0.608789 0.715801 0.620536 0.740458 0.622909 0.739236 0.609977 0.712134 0.596406 0.683421 0.595531 0.683755 0.609714 0.713634
8 0.599398 0.360292 0.600518 0.360889 0.601302 0.362481 0.600966 0.363676 0.588539 0.420407 0.587195 0.429764 0.588203 0.435736 0.588651 0.439519 0.586523 0.435537 0.585404 0.432352 0.585292 0.429963 0.586523 0.419810
8 0.568742 0.387403 0.570086 0.385810 0.571206 0.386407 0.575346 0.406514 0.572169 0.397861 0.570625 0.395509
8 0.587687 0.590097 0.589281 0.599130 0.585669 0.596120 0.585185 0.592824 0.585185 0.591028 0.585469 0.589454 0.586073 0.588662 0.586760 0.588662 0.587323 0.589310
8 0.588672 0.587741 0.589602 0.587657 0.590208 0.588569 0.590443 0.590065 0.590536 0.593301 0.591745 0.597963 0.589555 0.599028 0.587687 0.590097 0.587969 0.588324
8 0.563148 0.578778 0.573521 0.586333 0.575643 0.593106 0.566396 0.584556
8 0.584076 0.569991 0.583271 0.578741 0.582221 0.588491 0.581737 0.591505 0.581091 0.591574 0.580445 0.591074 0.580003 0.590069 0.580164 0.587273 0.581057 0.579940
8 0.596146 0.575370 0.591177 0.582542 0.591781 0.585625 0.597307 0.578093
8 0.583833 0.572787 0.589844 0.585338 0.588352 0.586912 0.583432 0.577306
8 0.583271 0.578741 0.587180 0.587653 0.586760 0.588662 0.585484 0.589014 0.582823 0.582921
8 0.597065 0.599463 0.599849 0.604481 0.599003 0.605343 0.598477 0.605630 0.597227 0.604843 0.595211 0.600250
8 0.600078 0.597639 0.602995 0.603264 0.600979 0.603981 0.598125 0.598657
8 0.603935 0.583787 0.604630 0.588125 0.602331 0.591907 0.600760 0.592898 0.599786 0.592032 0.599542 0.590731 0.599542 0.590111
8 0.593477 0.583231 0.595323 0.587630 0.593930 0.588560 0.592289 0.584778
8 0.596125 0.590046 0.598531 0.594074 0.596682 0.595130 0.594487 0.591042
8 0.592995 0.591852 0.595320 0.595806 0.593854 0.596620
8 0.589844 0.585338 0.589635 0.585556 0.588352 0.586912 0.587180 0.587653 0.586760 0.588662 0.587323 0.589310 0.587687 0.590097 0.587969 0.588324 0.588672 0.587741 0.589602 0.587657 0.590208 0.588569 0.590521 0.588102 0.590104 0.585324
8 0.584354 0.569458 0.589133 0.580056 0.589690 0.583653 0.583833 0.572787 0.584076 0.569991
8 0.585201 0.566602 0.587820 0.572310 0.589005 0.578694 0.584474 0.568713
8 0.546195 0.614000 0.552945 0.613806 0.555482 0.618125 0.546141 0.617838
8 0.590911 0.628551 0.593823 0.629148 0.584479 0.606565 0.579604 0.595519 0.577026 0.587306 0.575234 0.584120 0.568518 0.567398 0.564823 0.559435 0.555326 0.542514 0.548844 0.532620 0.547422 0.531468 0.545464 0.531194 0.543779 0.530505 0.532260 0.529616 0.533167 0.533079 0.543659 0.534912 0.547286 0.536065 0.549628 0.538134 0.554542 0.545282 0.562706 0.559792 0.567240 0.569606 0.573521 0.586333 0.575643 0.593106 0.586154 0.617144
8 0.547667 0.537162 0.543763 0.541273 0.539643 0.549500 0.541956 0.551940 0.545138 0.545130 0.548969 0.540505 0.548464 0.538833
8 0.589531 0.682625 0.591661 0.681269 0.595919 0.635139 0.595727 0.633250 0.593888 0.633074 0.591273 0.664046
8 0.512201 0.698347 0.513214 0.702718 0.523479 0.702204 0.527021 0.702204 0.529336 0.702588 0.532943 0.704972 0.532878 0.701431 0.532299 0.699505 0.526443 0.698477
8 0.511479 0.693463 0.514732 0.689995 0.516177 0.689093 0.516755 0.689736 0.519792 0.698347 0.517695 0.698347 0.516034 0.695005 0.515237 0.694236 0.514081 0.694750 0.511984 0.696806
8 0.520227 0.681898 0.521383 0.693463 0.521888 0.698606 0.523479 0.698477 0.522107 0.682926 0.521526 0.681514
8 0.521021 0.702333 0.524057 0.712097 0.525648 0.718523 0.527672 0.724824 0.527094 0.729190 0.525214 0.726236 0.521237 0.711972 0.518852 0.702458
8 0.545818 0.692037 0.546680 0.692037 0.547437 0.692611 0.547760 0.694343 0.546951 0.712292 0.544576 0.710278 0.544414 0.699333 0.544898 0.693093 0.545169 0.692519
8 0.566021 0.752398 0.570602 0.758292 0.572469 0.760861 0.572922 0.761560 0.573224 0.762417 0.571487 0.763046 0.565492 0.752394
1 0.538552 0.745194 0.548073 0.748431 0.558201 0.750671 0.558109 0.751750 0.548073 0.749509 0.538693 0.746190
8 0.591284 0.686144 0.589109 0.688375 0.588271 0.701162 0.588271 0.711273 0.589023 0.720199 0.591534 0.739972 0.593333 0.741620 0.592622 0.731648 0.590781 0.719306 0.590029 0.709935 0.590865 0.694472
5 0.521526 0.681514 0.523591 0.680718 0.557216 0.737671 0.558438 0.746759 0.535518 0.706565 0.532878 0.701431 0.528693 0.694250
1 0.552044 0.707694 0.599219 0.746458 0.598411 0.746713 0.551794 0.708690
1 0.599219 0.746458 0.611206 0.743088 0.620536 0.740458 0.622909 0.739236 0.626935 0.738278 0.627029 0.739190 0.616479 0.742921 0.600953 0.747667 0.597112 0.748565 0.594219 0.749727 0.592607 0.750301 0.584510 0.751301 0.572234 0.752880 0.561641 0.752134 0.560849 0.751218 0.567755 0.751718 0.572656 0.751718 0.584651 0.750222 0.592583 0.748481 0.597578 0.747069
8 0.579292 0.762264 0.585729 0.774370 0.583729 0.775704 0.577232 0.763597
8 0.577044 0.764264 0.580104 0.778815 0.582042 0.777481 0.580729 0.770370 0.577732 0.764486
5 0.585391 0.751204 0.588539 0.755819 0.588352 0.756708 0.578357 0.760153 0.568984 0.764264 0.566797 0.765153 0.567422 0.767593 0.572544 0.765819 0.577232 0.763597 0.579292 0.762264 0.587352 0.759819 0.590289 0.757819 0.591039 0.756597 0.591352 0.754486 0.588602 0.750935 0.586167 0.751157
8 0.549378 0.802606 0.559833 0.788481 0.559833 0.786843 0.559750 0.785653 0.558997 0.785060 0.551253 0.795542 0.546367 0.802606 0.547036 0.804894
8 0.540846 0.760523 0.545396 0.763574 0.565604 0.781935 0.565521 0.777329 0.545029 0.759782 0.541432 0.756954 0.540763 0.757699
8 0.565906 0.770255 0.575956 0.782718 0.573786 0.784134 0.567641 0.779120
8 0.567641 0.779120 0.569203 0.784699 0.571227 0.785981 0.573786 0.784134
5 0.558461 0.747634 0.557956 0.753032 0.560411 0.757528 0.565521 0.777329 0.565604 0.781935 0.567641 0.788245 0.569521 0.787088 0.569203 0.784699 0.565906 0.770255 0.561930 0.752773 0.560849 0.751218 0.559763 0.747634
5 0.570253 0.766704 0.577651 0.780912 0.580104 0.778815 0.572844 0.765648 0.572544 0.765819
8 0.575313 0.770185 0.578437 0.771194 0.579245 0.774639 0.577469 0.773991
8 0.574154 0.752856 0.578357 0.760153 0.576021 0.761069 0.570753 0.752690 0.572234 0.752880
8 0.577188 0.752273 0.579008 0.759907 0.578357 0.760153 0.576073 0.756255 0.575320 0.752356
8 0.560805 0.744144 0.562117 0.746713 0.562812 0.747875 0.570753 0.748458 0.571586 0.748954 0.572753 0.750032 0.573081 0.751444 0.574948 0.751361 0.574854 0.749037 0.574531 0.747708 0.573458 0.746301 0.567159 0.744806
5 0.554250 0.718435 0.555938 0.725208 0.568747 0.733870 0.574745 0.737870 0.579766 0.743102 0.579792 0.738657 0.570557 0.731208 0.559750 0.722542
5 0.580943 0.740505 0.587734 0.749491 0.584854 0.750111 0.580982 0.744375
8 0.580818 0.732412 0.580943 0.740505 0.580982 0.744375 0.580911 0.750579 0.579698 0.750829 0.579792 0.744028 0.579745 0.738051 0.579651 0.731579
8 0.591750 0.741185 0.592583 0.748481 0.594089 0.748069 0.593568 0.742824
8 0.580844 0.734935 0.592000 0.742495 0.592174 0.745468 0.580844 0.737662
8 0.593953 0.746213 0.596185 0.747514 0.597578 0.747069 0.598411 0.746713 0.593568 0.742824 0.593638 0.742806
8 0.574745 0.737870 0.577117 0.751116 0.574948 0.751361 0.574854 0.749037 0.574531 0.747708 0.572760 0.736491
8 0.570026 0.751569 0.570286 0.750042 0.570703 0.749301 0.571586 0.748954 0.572753 0.750032 0.573081 0.751444 0.572656 0.751718
8 0.546906 0.749014 0.551435 0.753412 0.555635 0.757560 0.558109 0.760546 0.562823 0.766519 0.564268 0.772495 0.555589 0.761875 0.543594 0.750505 0.540841 0.747023
8 0.541073 0.746106 0.542333 0.739306 0.542193 0.738394 0.540701 0.737644 0.540234 0.737894 0.539219 0.745370
8 0.541836 0.741792 0.550815 0.742704 0.555273 0.743560 0.556148 0.745917 0.555786 0.746829 0.541443 0.744204
8 0.545701 0.731134 0.549534 0.731389 0.552049 0.735556 0.553797 0.739486 0.540234 0.737894
8 0.578044 0.688088 0.580854 0.672204 0.580354 0.670870 0.579104 0.670537 0.578732 0.670981 0.575107 0.687310
8 0.572357 0.639769 0.572169 0.646324 0.583604 0.657653 0.584604 0.657097 0.585167 0.656097 0.585479 0.654542 0.585667 0.652986 0.585479 0.651431
8 0.595951 0.641093 0.606570 0.667750 0.608633 0.674181 0.609867 0.673963 0.610849 0.673125 0.608906 0.666819 0.605625 0.657972 0.602510 0.649755 0.598135 0.639412
8 0.592484 0.625597 0.608685 0.625019 0.611383 0.625597 0.608469 0.627898 0.593823 0.629148
8 0.615589 0.626583 0.616812 0.633130 0.613568 0.632657 0.613148 0.628565
8 0.613880 0.619208 0.614716 0.623111 0.612172 0.625097 0.611581 0.618463
2 0.589792 0.500912 0.592995 0.510370 0.593490 0.512546 0.595130 0.514028 0.599956 0.527856 0.602549 0.545551 0.599271 0.540421 0.597682 0.537880 0.595255 0.537282 0.593099 0.527130 0.591393 0.527824 0.591057 0.529616 0.596484 0.553796 0.589120 0.534949 0.588672 0.530370 0.587888 0.528380 0.584081 0.523204 0.585760 0.506287 0.588672 0.508074
8 0.589281 0.599130 0.605927 0.590014 0.606120 0.591991 0.606198 0.594167 0.592669 0.601713
8 0.587003 0.628528 0.587065 0.630639 0.587940 0.632306 0.589065 0.632639 0.593888 0.633074 0.595727 0.633250 0.610057 0.636306 0.614508 0.636750 0.618937 0.636884 0.625914 0.638227 0.630938 0.639954 0.633625 0.641593 0.641578 0.646356 0.642305 0.647769 0.647870 0.650588 0.651987 0.655343 0.652638 0.653287 0.647289 0.647125 0.641578 0.643014 0.636719 0.639815 0.632891 0.636574 0.630156 0.636065 0.625458 0.634917 0.616930 0.633241 0.608833 0.631829 0.593945 0.629083 0.591271 0.628819
6 0.589258 0.645782 0.592336 0.651255 0.591169 0.665444 0.585479 0.654542 0.585667 0.652986 0.585479 0.651431 0.583344 0.649579
8 0.595305 0.641426 0.594964 0.645597 0.603740 0.668250 0.606635 0.668671 0.606570 0.667750 0.595951 0.641093
6 0.593451 0.670060 0.597263 0.676722 0.602635 0.673505 0.601635 0.671616
6 0.594076 0.654065 0.600073 0.667282 0.593190 0.666231
8 0.611732 0.597644 0.612094 0.612421 0.613250 0.616019 0.613828 0.616403 0.613464 0.601667
8 0.603935 0.583787 0.604630 0.588125 0.605477 0.589861 0.605927 0.590014 0.606312 0.594769 0.608656 0.605032 0.610997 0.614250 0.612411 0.615306 0.613250 0.616019 0.612094 0.612421 0.605646 0.582727 0.604607 0.580375 0.595255 0.537282 0.593099 0.527130 0.591393 0.527824 0.591057 0.529616 0.597112 0.556259 0.600625 0.571278
8 0.501029 0.671764 0.506536 0.671764 0.506914 0.675505 0.501732 0.675986
8 0.504216 0.653616 0.506536 0.671764 0.506914 0.675505 0.507672 0.680116 0.509776 0.680208 0.506320 0.652852 0.505727 0.651315 0.504755 0.651315 0.504432 0.651986
8 0.508753 0.671856 0.517339 0.673296 0.517661 0.674644 0.517391 0.675986 0.516690 0.676657 0.509292 0.675699
8 0.508859 0.683472 0.511234 0.683380 0.510695 0.687986 0.511018 0.690481 0.511479 0.693463 0.512201 0.698347 0.513341 0.704500 0.512854 0.705648 0.511615 0.705648 0.511182 0.704884 0.511128 0.700852 0.511182 0.698644 0.510156 0.691921 0.509076 0.690292
5 0.522596 0.678236 0.520885 0.675380 0.518409 0.671907 0.517711 0.671472 0.517016 0.671662 0.515794 0.673023 0.517339 0.673296 0.517661 0.674644 0.517391 0.675986 0.516690 0.676657 0.516039 0.676556 0.517049 0.677981 0.518724 0.679532 0.520396 0.679407
8 0.514943 0.630806 0.517807 0.633176 0.521437 0.635611 0.525268 0.636903 0.524180 0.640060 0.521034 0.638838 0.518130 0.637046 0.515669 0.634463
8 0.382891 0.197083 0.385961 0.202319 0.388477 0.204213 0.391768 0.209370 0.394672 0.216769 0.395737 0.216769 0.396414 0.215394 0.396414 0.214532 0.392068 0.205069 0.390026 0.201801 0.387315 0.199051
8 0.390891 0.203157 0.394521 0.202310 0.395943 0.201866 0.403763 0.197935 0.404388 0.198269 0.412865 0.189583 0.413646 0.191065 0.413510 0.193602 0.404576 0.201824 0.400576 0.202602 0.394328 0.204824 0.392068 0.205069
8 0.394987 0.188593 0.387315 0.199051 0.388828 0.200625 0.394474 0.193574
8 0.393448 0.181792 0.389526 0.187347 0.387193 0.192574 0.385182 0.198056 0.387315 0.199051 0.388781 0.194403 0.390555 0.189588 0.396807 0.180796
8 0.389573 0.183366 0.382292 0.195972 0.381081 0.194069 0.386633 0.183949 0.388693 0.183366
1 0.377125 0.186963 0.375706 0.188593 0.376451 0.191005 0.378180 0.192167 0.380328 0.194903 0.383266 0.200134 0.384016 0.201870 0.386885 0.205602 0.394331 0.217681 0.394672 0.216769 0.385961 0.202319 0.381081 0.194069 0.377487 0.189148
8 0.394474 0.193574 0.389565 0.200958 0.390026 0.201801 0.390891 0.203157 0.394513 0.197389 0.394438 0.194431
8 0.386997 0.192972 0.382891 0.197083 0.382292 0.195972 0.385177 0.192060 0.388352 0.189986
8 0.406786 0.179199 0.401419 0.184926 0.396518 0.191065 0.396948 0.188333 0.397591 0.186338 0.402609 0.179449
8 0.396052 0.196458 0.402495 0.186463 0.404552 0.183306 0.406180 0.181278 0.405667 0.180611 0.401185 0.185176 0.396518 0.191065 0.396195 0.194134
8 0.413776 0.157083 0.407247 0.166676 0.405305 0.166389 0.412917 0.154963
8 0.419349 0.155088 0.416888 0.158889 0.415919 0.156597 0.418299 0.152579
8 0.417695 0.151431 0.415193 0.154657 0.414508 0.152722 0.416969 0.149384
8 0.421445 0.160037 0.418422 0.163120 0.419388 0.165417 0.422375 0.162046
8 0.420680 0.157958 0.417734 0.161255 0.418422 0.163120 0.421445 0.160037
8 0.430990 0.149815 0.423018 0.158389 0.423906 0.160394 0.432500 0.151296
8 0.429711 0.148676 0.423018 0.158028 0.422107 0.155898 0.428253 0.147194
8 0.434036 0.149537 0.445995 0.138264 0.445948 0.136935 0.444969 0.136106 0.432526 0.147963
8 0.431253 0.146593 0.442318 0.132500 0.441484 0.131759 0.439682 0.132176 0.429437 0.144870
8 0.427031 0.142454 0.431073 0.136111 0.431018 0.134861 0.429938 0.133903 0.425565 0.141005
8 0.431768 0.123421 0.440763 0.129269 0.437357 0.129935 0.431102 0.125537 0.431406 0.125144
8 0.444466 0.128588 0.447779 0.123875 0.447779 0.122699 0.446977 0.122079 0.441536 0.129269
8 0.440909 0.120713 0.442443 0.127968 0.441536 0.129269 0.440763 0.129269 0.439760 0.122324
8 0.434021 0.097486 0.431336 0.093333 0.430674 0.093579 0.430461 0.094694 0.432138 0.097731
8 0.436286 0.101204 0.437055 0.102690 0.437646 0.104921 0.436529 0.105481 0.435870 0.103250 0.434997 0.101514
8 0.424427 0.105046 0.426234 0.111620 0.424862 0.112477 0.423125 0.106528
8 0.404258 0.105782 0.408477 0.110310 0.407258 0.111856 0.403667 0.108264
8 0.448281 0.177028 0.453898 0.191713 0.454654 0.194500 0.452656 0.194403 0.451737 0.191426 0.446068 0.178852 0.446068 0.177218 0.446771 0.176065 0.447471 0.176065
8 0.440398 0.167713 0.434513 0.182787 0.433703 0.183940 0.432893 0.183171 0.432784 0.181347 0.438833 0.167810
8 0.426794 0.172000 0.443036 0.161792 0.445250 0.163898 0.427354 0.174653
8 0.440708 0.159384 0.434362 0.167190 0.429203 0.170537 0.439417 0.158083
8 0.445026 0.139167 0.448109 0.154250 0.446990 0.156162 0.443534 0.140477
8 0.440823 0.156204 0.445771 0.150727 0.446237 0.152968 0.442161 0.157685
8 0.439401 0.144491 0.440823 0.156204 0.442125 0.154875 0.440495 0.143472
8 0.433878 0.152694 0.435927 0.162333 0.434661 0.163889 0.432500 0.151296
8 0.429250 0.163759 0.433542 0.162931 0.434661 0.163889 0.433263 0.165588 0.427896 0.166583
8 0.416224 0.163657 0.407359 0.175542 0.410216 0.175551 0.414721 0.169185 0.416961 0.167792 0.417760 0.167500
8 0.415130 0.160741 0.409273 0.170458 0.408620 0.170125 0.408201 0.168463 0.414174 0.158259
8 0.409698 0.162944 0.411266 0.163269 0.409669 0.166051 0.408073 0.165463
8 0.473750 0.233380 0.470109 0.229046 0.439245 0.201833 0.437932 0.202611 0.437495 0.204500 0.437870 0.205611 0.469047 0.231935 0.473047 0.236204
8 0.455815 0.213333 0.458029 0.218324 0.470664 0.228981 0.474010 0.232269 0.474716 0.229463 0.471906 0.226389
8 0.455562 0.199944 0.455234 0.203347 0.458362 0.206667 0.460930 0.208491 0.469331 0.210648 0.468211 0.207495 0.461023 0.205588 0.458690 0.204259
8 0.421367 0.255593 0.422742 0.258806 0.445440 0.259319 0.446164 0.258421 0.445659 0.256366
1 0.414870 0.240926 0.421521 0.258222 0.423612 0.263130 0.431922 0.283995 0.432284 0.282194 0.422742 0.258806 0.421367 0.255593 0.416018 0.241713
8 0.379977 0.233181 0.379664 0.240509 0.379852 0.245843 0.381602 0.247287 0.381372 0.239931 0.381289 0.238148 0.381414 0.237736 0.381727 0.232403
8 0.417328 0.258417 0.406706 0.258861 0.398021 0.260417 0.396896 0.257639 0.405518 0.255750 0.413953 0.255417 0.416253 0.257329
8 0.516818 0.730671 0.518854 0.747870 0.516146 0.741898 0.515026 0.732065
8 0.502109 0.637870 0.500688 0.646477 0.500125 0.649477 0.502492 0.651310 0.503417 0.644926 0.503878 0.640505 0.503372 0.639227
8 0.505195 0.644273 0.505380 0.647060 0.504755 0.651315 0.504552 0.651481 0.502492 0.651310 0.503417 0.644926 0.503878 0.640505 0.504831 0.642875
8 0.564971 0.690097 0.565034 0.694653 0.568669 0.699917 0.577125 0.692977 0.570331 0.691046
8 0.539266 0.598486 0.541495 0.601176 0.541518 0.604972 0.540081 0.604861 0.538229 0.604292 0.533846 0.598912
8 0.541359 0.571231 0.542773 0.574306 0.542284 0.583208 0.538924 0.578157 0.539898 0.576213
8 0.494523 0.513102 0.496271 0.527796 0.503018 0.527051
8 0.483039 0.497639 0.484839 0.499731 0.486786 0.501755 0.486214 0.497829 0.484844 0.497269 0.484190 0.495981
8 0.408831 0.368977 0.408281 0.383102 0.405945 0.382639 0.405906 0.379981 0.407104 0.368838
8 0.408771 0.341454 0.407526 0.345000 0.406630 0.342194 0.407284 0.340079
8 0.396815 0.351250 0.398279 0.356000 0.399552 0.360958 0.398661 0.363509 0.397404 0.357417 0.396766 0.355153
8 0.380794 0.168532 0.383648 0.174560 0.381924 0.176468 0.380258 0.172444
8 0.360224 0.187565 0.364549 0.192148 0.365792 0.193106 0.367740 0.190315 0.361409 0.183389
8 0.355349 0.196569 0.354930 0.200653 0.356031 0.200653 0.358716 0.197347 0.357820 0.197102
4 0.345339 0.183778 0.348523 0.192324 0.354747 0.184421 0.354961 0.181315 0.356195 0.181514 0.358458 0.179255 0.357513 0.178005 0.357448 0.175880
8 0.418138 0.211139 0.421305 0.208815 0.421565 0.210671 0.421732 0.212597 0.418206 0.215546
8 0.431823 0.208097 0.424638 0.230315 0.423388 0.231648 0.422701 0.231648 0.421638 0.230426 0.421138 0.228426 0.428135 0.207653 0.429885 0.207542
8 0.426823 0.208097 0.418138 0.230537 0.418326 0.233648 0.419076 0.233870 0.419826 0.233426 0.421076 0.229204 0.421138 0.228426 0.427635 0.209208
8 0.417318 0.202454 0.421013 0.202213 0.425510 0.202991 0.425760 0.205324 0.425698 0.206875 0.424951 0.207986 0.421138 0.206542 0.417969 0.206213
2 0.433680 0.217537 0.430276 0.223833 0.430484 0.225565 0.434221 0.220875
8 0.405964 0.130213 0.426495 0.184264 0.424701 0.185662 0.403609 0.130611
8 0.397471 0.105801 0.407568 0.085852 0.415646 0.068699 0.422266 0.053542 0.428099 0.037787 0.429333 0.039778 0.422828 0.057134 0.415422 0.073884 0.408242 0.089843 0.398706 0.108991
8 0.394516 0.111718 0.387201 0.103861 0.386909 0.102060 0.387779 0.100903 0.395602 0.110171
8 0.396326 0.108884 0.395602 0.110171 0.394516 0.111718 0.388794 0.122662 0.391690 0.122278 0.397268 0.111333
8 0.339255 0.124801 0.346328 0.125231 0.333367 0.135769 0.333599 0.133412 0.331938 0.132255 0.331206 0.139917 0.326464 0.137162 0.330721 0.132176
8 0.365414 0.106412 0.366354 0.107694 0.366789 0.109625 0.366281 0.111681 0.355294 0.116949 0.349005 0.121574 0.343237 0.121056 0.348911 0.115829 0.357594 0.108773 0.362349 0.106537
4 0.350568 0.125833 0.355052 0.137546 0.339115 0.143102 0.339818 0.145972 0.356146 0.140648 0.365807 0.165926 0.360169 0.174148 0.358906 0.170833 0.345323 0.178778 0.342719 0.182347 0.344453 0.187593 0.348255 0.195278 0.328750 0.190093 0.330492 0.164255 0.333367 0.135769 0.346328 0.125231
8 0.331938 0.132255 0.333599 0.133412 0.330492 0.164255 0.328518 0.192838 0.326945 0.187745 0.328302 0.165208 0.329753 0.152648 0.331206 0.139917
8 0.394154 0.126269 0.397919 0.113264 0.399659 0.114935 0.396693 0.123153 0.396380 0.127037
8 0.378362 0.120218 0.380464 0.123051 0.381333 0.125111 0.383724 0.125111 0.380680 0.118028 0.379812 0.116352 0.378581 0.117125
8 0.382214 0.121667 0.383857 0.116398 0.383370 0.114954 0.382721 0.114856 0.382286 0.114954 0.381016 0.118750
8 0.395422 0.121630 0.393047 0.121505 0.391690 0.122278 0.388794 0.122662 0.387669 0.122935 0.387214 0.123431 0.387318 0.125356 0.387529 0.125727 0.390253 0.125792 0.394935 0.123556
8 0.382214 0.121667 0.383797 0.121181 0.384776 0.121306 0.385195 0.122111 0.385299 0.123542 0.385125 0.124657 0.384810 0.125218 0.383724 0.125111
8 0.379984 0.122560 0.374883 0.124361 0.381333 0.125111 0.380464 0.123051
8 0.364609 0.134722 0.355052 0.137546 0.339115 0.143102 0.339818 0.145972 0.356146 0.140648 0.363354 0.138694
8 0.357357 0.143736 0.361458 0.144028 0.360771 0.146088 0.360591 0.146519 0.358294 0.146380
6 0.580729 0.647324 0.592117 0.639708 0.592958 0.641616 0.592724 0.643440 0.583344 0.649579
6 0.595771 0.637606 0.600719 0.634204 0.604219 0.635282 0.598135 0.639412 0.595951 0.641093 0.595305 0.641426
6 0.587227 0.642546 0.578544 0.624884 0.576482 0.623551 0.572419 0.630995 0.572396 0.634444 0.576669 0.638546 0.577294 0.640880 0.575357 0.640102 0.577544 0.644435 0.580729 0.647324
5 0.650930 0.609681 0.662016 0.640333 0.653953 0.654667 0.649362 0.649690 0.647292 0.647037 0.641667 0.643102 0.632568 0.616648 0.631560 0.613861 0.647570 0.606097
6 0.604844 0.631157 0.608948 0.631648 0.622276 0.621630 0.625570 0.618750 0.631560 0.613861 0.647570 0.606097 0.650930 0.609681 0.671096 0.631500 0.673604 0.635514 0.672591 0.638769 0.662096 0.662028 0.663526 0.663171 0.675570 0.639454 0.676482 0.636463 0.676607 0.635542 0.673370 0.628407 0.671169 0.626102 0.651214 0.605597 0.650310 0.603750 0.649068 0.603060 0.644573 0.604125 0.630182 0.611056 0.623828 0.615509 0.620844 0.617403 0.620443 0.618574 0.604427 0.630787
6 0.569625 0.622898 0.569268 0.628032 0.569018 0.634579 0.567833 0.648977 0.567049 0.661116 0.566602 0.676245 0.567609 0.679630 0.569961 0.686199 0.573281 0.686343 0.571536 0.681227 0.569536 0.677954 0.570042 0.676926 0.570693 0.675125 0.570909 0.672810 0.572169 0.646324 0.572357 0.639769 0.572422 0.635093 0.572419 0.630995 0.572995 0.623097 0.571844 0.621824 0.571271 0.621824
5 0.517742 0.530546 0.522734 0.531194 0.527359 0.533792 0.531255 0.536824 0.534419 0.540069 0.536977 0.544181 0.539534 0.551755 0.541237 0.559981 0.541846 0.564306 0.541359 0.571231 0.539898 0.576213 0.538924 0.578157 0.537828 0.579676 0.536901 0.582176 0.532352 0.588764 0.529185 0.591579 0.525534 0.593523 0.522734 0.594389 0.508490 0.595472 0.504716 0.595690 0.502404 0.592009 0.500091 0.584218 0.498508 0.575778 0.498508 0.568634 0.498995 0.561495 0.500820 0.551755 0.503497 0.544611 0.508672 0.537269 0.512630 0.532926 0.515430 0.532060
5 0.414268 0.240116 0.413945 0.252042 0.410388 0.249167 0.411198 0.238056
5 0.415357 0.227995 0.415078 0.237380 0.412318 0.235324
5 0.407297 0.231699 0.410354 0.222685 0.411081 0.222269 0.415563 0.222269 0.412438 0.229602 0.411328 0.227500 0.409659 0.233306
5 0.410633 0.219597 0.412995 0.211449 0.413203 0.207745 0.415622 0.205718 0.416289 0.208801 0.417008 0.218542
8 0.353076 0.204394 0.352917 0.208333 0.350979 0.210690 0.349099 0.209792
8 0.354779 0.202255 0.361878 0.193500 0.362818 0.193370 0.363411 0.194111 0.363411 0.195523 0.362979 0.196940 0.354635 0.206250
8 0.328750 0.190093 0.328518 0.192838 0.329883 0.194875 0.353464 0.200093 0.353859 0.196681 0.348255 0.195278
8 0.351562 0.218889 0.346135 0.239958 0.344565 0.236977 0.348042 0.222833 0.349169 0.222389 0.349732 0.220940 0.348073 0.218481
8 0.342346 0.210611 0.352737 0.213616 0.352862 0.210833 0.350979 0.210690 0.349099 0.209792 0.341971 0.207384 0.341344 0.209389 0.341781 0.209722
8 0.354961 0.181315 0.353859 0.196681 0.353076 0.204394 0.352862 0.210833 0.352737 0.213616 0.351708 0.227986 0.350250 0.251722 0.352268 0.256306 0.354383 0.211306 0.354779 0.202255 0.356758 0.183106 0.356195 0.181514
8 0.354747 0.184421 0.348523 0.192324 0.349292 0.194843 0.354385 0.188231
8 0.368333 0.188681 0.359190 0.175602 0.358161 0.175602 0.357458 0.176852 0.357513 0.178005 0.362815 0.185509 0.367740 0.190315
8 0.361409 0.183389 0.357458 0.197241 0.355349 0.196569 0.357620 0.186759 0.359677 0.181083
8 0.356573 0.185528 0.359677 0.181083 0.358458 0.179255 0.356195 0.181514 0.356758 0.183106
8 0.371625 0.236546 0.378854 0.261606 0.380010 0.271889 0.377914 0.266106 0.370180 0.237190
8 0.556753 0.393833 0.560234 0.419616 0.559313 0.425713 0.555299 0.395676
8 0.561169 0.427986 0.563763 0.443005 0.562091 0.440926 0.560586 0.432894
8 0.346562 0.198704 0.335802 0.211912 0.335005 0.209593 0.343698 0.198009
8 0.336898 0.210477 0.348438 0.219213 0.349732 0.220940 0.349169 0.222389 0.348042 0.222833 0.342846 0.219606 0.342784 0.217935 0.342409 0.217046 0.341219 0.216713 0.339904 0.216602 0.336586 0.213931 0.335802 0.211912
8 0.347492 0.215519 0.347057 0.217065 0.347839 0.218333 0.351982 0.218995 0.352344 0.218657 0.352578 0.216713 0.352273 0.216032
8 0.390492 0.225625 0.393750 0.227315 0.371625 0.236546 0.370180 0.237190 0.368021 0.238287 0.356068 0.242704 0.353406 0.243486 0.353190 0.241944 0.353336 0.239889 0.356068 0.239398 0.376719 0.231898
8 0.366875 0.258792 0.370372 0.262125 0.372622 0.263903 0.372372 0.267347 0.368125 0.263903 0.365750 0.260792
8 0.366576 0.274231 0.372315 0.280963 0.372422 0.282884 0.372260 0.283847 0.371344 0.283847 0.370424 0.283171 0.366076 0.276787
8 0.370570 0.266093 0.370948 0.279440 0.369221 0.277519 0.368789 0.264366
8 0.368125 0.263903 0.368859 0.276838 0.367346 0.275111 0.366826 0.263236 0.366807 0.262245
8 0.381958 0.236810 0.404961 0.245583 0.408138 0.247218 0.421521 0.258222 0.423612 0.263130 0.416253 0.257329 0.406716 0.250042 0.402034 0.247662 0.381372 0.239931 0.381289 0.238148
8 0.354323 0.211806 0.357122 0.211954 0.357815 0.213255 0.357878 0.214699 0.357799 0.215394 0.357221 0.216222 0.356380 0.216222 0.355953 0.216157 0.354190 0.216028
8 0.355953 0.216157 0.356068 0.239398 0.354003 0.240023 0.353753 0.221361 0.354190 0.216028
4 0.329883 0.194875 0.335005 0.209593 0.343698 0.198009
8 0.394521 0.202310 0.395943 0.201866 0.396195 0.194134 0.396948 0.188333 0.400461 0.178074 0.401047 0.175843 0.400378 0.174505 0.398872 0.174801 0.395107 0.187588 0.394438 0.194431
8 0.394164 0.224069 0.400164 0.222398 0.410070 0.220083 0.417008 0.218542 0.417008 0.223556 0.412318 0.235324 0.410430 0.234093 0.415563 0.222269 0.411081 0.222269 0.400383 0.224838 0.397341 0.225389
8 0.411198 0.238056 0.408138 0.247218 0.406120 0.246157 0.409510 0.236593
8 0.386143 0.151264 0.377451 0.181264 0.374375 0.185093 0.383461 0.154481
8 0.377424 0.174542 0.368117 0.189356 0.365792 0.193106 0.363701 0.196551 0.363701 0.197324 0.364063 0.198481 0.365076 0.199250 0.369661 0.191204 0.374635 0.183981
8 0.398307 0.176556 0.390646 0.178870 0.381016 0.182407 0.377125 0.186963 0.388693 0.183366 0.397224 0.180667
8 0.400930 0.176213 0.404896 0.175301 0.410216 0.175551 0.414417 0.177792 0.414229 0.181940 0.409331 0.179449 0.402609 0.179449 0.399435 0.180611 0.400648 0.177708
8 0.394896 0.130199 0.389617 0.147551 0.387232 0.162199 0.386870 0.171838 0.385354 0.170167 0.385063 0.167343 0.385932 0.159759 0.387883 0.146907 0.392943 0.129685
8 0.407909 0.141639 0.387667 0.159630 0.388388 0.155519 0.406667 0.138472
8 0.409443 0.145699 0.396320 0.167690 0.397758 0.168801 0.410380 0.148028
8 0.436211 0.197208 0.433995 0.203370 0.432875 0.204111 0.431768 0.197843
8 0.444750 0.160301 0.470427 0.144542 0.471263 0.146324 0.471263 0.147218 0.452510 0.159194 0.451500 0.158806 0.450341 0.159579 0.449935 0.160153 0.446339 0.162681
8 0.443828 0.131606 0.458216 0.141866 0.459302 0.142907 0.462732 0.149153 0.460977 0.150343 0.458633 0.145134 0.456711 0.143796 0.441484 0.131759
8 0.420878 0.094532 0.419310 0.088583 0.416341 0.080421 0.414776 0.081574 0.418122 0.090310 0.419906 0.096069
8 0.417044 0.099620 0.419797 0.099523 0.429680 0.087907 0.428815 0.085991 0.420878 0.094532 0.419906 0.096069
8 0.414279 0.118560 0.440630 0.103204 0.441224 0.105315 0.422432 0.116449
8 0.411578 0.119139 0.426643 0.102625 0.425294 0.102528 0.422810 0.103009 0.406990 0.120579
8 0.416221 0.103394 0.403370 0.119616 0.402289 0.117986 0.413740 0.103875
8 0.485130 0.609954 0.484987 0.611958 0.494419 0.623731 0.500607 0.630727 0.507979 0.638949 0.515852 0.647389 0.519849 0.650611 0.520253 0.650579 0.522596 0.650278 0.518599 0.646611 0.508042 0.636060 0.495232 0.622176
8 0.498221 0.607407 0.490846 0.605995 0.484846 0.603940 0.479859 0.600981 0.477112 0.597255 0.476966 0.595199 0.477544 0.594431 0.479674 0.592898 0.481430 0.593194 0.483523 0.594384 0.480292 0.595713 0.480076 0.596356 0.482318 0.598926 0.490992 0.602653 0.495185 0.604194
8 0.563594 0.630694 0.568951 0.636338 0.568372 0.642380 0.563891 0.637750
8 0.402656 0.334583 0.405417 0.337685 0.409427 0.351296 0.414760 0.367898 0.418628 0.377569 0.423099 0.388310 0.427451 0.396259 0.428174 0.399699 0.428901 0.402278 0.429867 0.413236 0.430859 0.419144 0.435573 0.435259 0.443427 0.462329 0.448987 0.477801 0.447031 0.478241 0.445724 0.474579 0.432430 0.432681 0.429365 0.421120 0.428073 0.413472 0.427232 0.405606 0.426628 0.401097 0.425661 0.398301 0.419292 0.385366 0.413188 0.370065 0.412193 0.366213 0.407448 0.351852
8 0.425148 0.285324 0.426354 0.312037 0.426667 0.312870 0.427500 0.287269
8 0.402885 0.386093 0.403112 0.388972 0.404547 0.390986 0.405414 0.392144 0.407870 0.394333 0.409677 0.396259 0.416193 0.400569 0.418620 0.403097 0.418870 0.404287 0.427820 0.418412 0.428073 0.413472 0.427654 0.410236 0.421542 0.402861 0.421328 0.402500 0.417667 0.399037 0.411510 0.394620 0.405237 0.388079
8 0.408831 0.368977 0.410234 0.369306 0.412693 0.376741 0.421276 0.402407 0.417667 0.399037
8 0.414922 0.383657 0.418698 0.383889 0.420026 0.386667 0.415885 0.386343
8 0.482609 0.512042 0.489068 0.525750 0.488698 0.528394 0.481961 0.515856 0.481510 0.511657
8 0.510977 0.613403 0.517102 0.640949 0.516289 0.641727 0.515414 0.642056 0.514602 0.641171 0.508792 0.613403 0.510964 0.613241
8 0.396693 0.123153 0.396380 0.127037 0.403039 0.127991 0.449063 0.116019 0.449635 0.113472 0.448904 0.110486 0.448125 0.109565
8 0.389229 0.278722 0.390435 0.294583 0.387201 0.282106
8 0.569714 0.710417 0.570974 0.715056 0.572542 0.724722 0.570883 0.723250 0.569315 0.716366 0.568396 0.709977
8 0.557464 0.729690 0.560505 0.731491 0.562440 0.735259 0.563914 0.740338 0.564284 0.744764 0.560805 0.744144
8 0.564560 0.730833 0.567159 0.744806 0.564284 0.744764 0.562440 0.729690
8 0.562995 0.718708 0.564297 0.726250 0.561336 0.723625 0.560487 0.716796
8 0.569536 0.734440 0.571935 0.745907 0.568893 0.745255 0.566219 0.732144
8 0.566404 0.720838 0.568063 0.729032 0.565115 0.726903 0.563732 0.718708
8 0.542380 0.694528 0.545169 0.692519 0.544529 0.696935 0.542169 0.699241
8 0.560063 0.698634 0.562372 0.695375 0.560620 0.691551 0.559346 0.693111
8 0.590052 0.708435 0.613513 0.725120 0.615482 0.730375 0.590461 0.712005 0.590029 0.709935
8 0.577128 0.697347 0.586018 0.705315 0.588206 0.707111 0.588271 0.711273 0.586219 0.708569 0.572745 0.701611
8 0.521633 0.739630 0.533180 0.741236 0.535953 0.744269 0.521664 0.743319
8 0.506180 0.679912 0.509776 0.680208 0.518724 0.679532 0.520396 0.679407 0.522596 0.678236 0.527362 0.677491 0.532130 0.674963 0.533721 0.674949 0.538560 0.673824 0.543099 0.673556 0.542930 0.675514 0.541419 0.676204 0.538602 0.676870 0.536836 0.677704 0.535534 0.677537 0.532599 0.678398 0.530424 0.679472 0.522729 0.681139 0.520810 0.681704 0.520279 0.681894 0.511234 0.683380 0.508419 0.684088 0.505620 0.683889 0.505732 0.681306
8 0.511779 0.676398 0.511672 0.680190 0.509776 0.680208 0.509292 0.675699
8 0.397005 0.340000 0.401888 0.354278 0.403008 0.351292 0.401971 0.348616 0.396951 0.331338
8 0.566146 0.602685 0.566500 0.607412 0.566284 0.608852 0.565094 0.610963 0.562880 0.610773 0.562758 0.613306 0.566719 0.611157 0.567956 0.605972 0.567849 0.602519 0.566930 0.601847
8 0.385706 0.172500 0.386172 0.173611 0.386643 0.175944 0.375706 0.188593 0.371320 0.192829 0.369661 0.191204 0.377451 0.181264
8 0.567232 0.678861 0.564672 0.683792 0.564969 0.685824 0.567232 0.686065 0.568831 0.683032 0.567609 0.679630
8 0.396807 0.180796 0.390555 0.189588 0.391234 0.193806 0.394687 0.188940 0.395107 0.187588 0.397224 0.180667
8 0.390094 0.190745 0.391234 0.193806 0.389557 0.196144 0.388781 0.194403
8 0.388130 0.185986 0.389023 0.187995 0.388352 0.189986 0.387117 0.190537 0.386643 0.188523
8 0.393307 0.199315 0.394521 0.202310 0.392474 0.203019 0.391997 0.201431
8 0.353888 0.243250 0.354531 0.263894 0.356836 0.268153 0.357076 0.262009 0.356068 0.248477 0.356068 0.242704
8 0.384927 0.241088 0.384995 0.246718 0.385625 0.246023 0.386440 0.244273 0.386302 0.241944
8 0.398008 0.229708 0.398833 0.233870 0.397083 0.232204 0.395805 0.231787 0.395583 0.228537
8 0.380956 0.224037 0.379958 0.230431 0.376719 0.231898 0.377729 0.228500
8 0.434503 0.317773 0.450781 0.330880 0.449893 0.334282 0.434086 0.321046
1 0.435500 0.290616 0.441281 0.303134 0.443964 0.309986 0.447904 0.319523 0.451339 0.328907 0.450833 0.330972 0.447065 0.319671 0.440862 0.304176 0.434630 0.291611
8 0.463208 0.233662 0.470052 0.249815 0.470521 0.247824 0.468487 0.242681 0.464875 0.234157
8 0.454870 0.301574 0.456641 0.308009 0.457372 0.304472 0.456120 0.300417
8 0.502802 0.364116 0.504005 0.353056 0.504607 0.333792 0.504005 0.318806 0.498185 0.307389 0.492768 0.300255 0.493971 0.298116 0.501195 0.309176 0.506013 0.318806 0.506693 0.336806 0.505612 0.354481 0.504406 0.365542 0.500154 0.388375 0.498346 0.398153 0.493177 0.421111 0.492214 0.423824 0.486979 0.448014 0.486828 0.447954 0.483617 0.461310 0.481927 0.468569 0.480885 0.472454 0.480669 0.473944 0.478961 0.480671 0.478799 0.481097 0.478151 0.484074 0.476432 0.482454 0.479268 0.471046 0.481542 0.461653 0.483060 0.454458 0.483945 0.450384 0.485755 0.442870 0.487180 0.436852 0.490995 0.421403 0.491865 0.418481 0.496078 0.398579 0.499891 0.380065
8 0.444010 0.194144 0.443914 0.193204 0.443753 0.192241 0.440703 0.181449 0.439815 0.179727 0.438766 0.177505 0.437596 0.176861 0.438161 0.178653 0.438565 0.180301 0.439031 0.180468 0.440047 0.181370 0.440552 0.184199 0.439937 0.185968 0.441198 0.192037 0.442477 0.194213
8 0.404552 0.183306 0.408909 0.182806 0.413073 0.181343 0.414229 0.181940 0.414112 0.183449 0.412216 0.184384 0.408224 0.185958 0.403867 0.186389 0.402495 0.186463
8 0.411901 0.184491 0.405401 0.193347 0.401648 0.199014 0.396888 0.201523 0.400680 0.196500 0.408224 0.185958
8 0.419089 0.171065 0.420677 0.175046 0.420987 0.180620 0.419867 0.182264 0.419375 0.181713 0.418927 0.172620
8 0.433047 0.192593 0.430734 0.185060 0.430234 0.182065 0.429047 0.180287 0.428174 0.178065 0.427924 0.175509 0.429422 0.175509 0.431859 0.179731 0.433073 0.180324 0.432784 0.181347 0.432893 0.183171 0.433703 0.183940 0.434513 0.182787 0.436234 0.184394
8 0.418927 0.173287 0.419375 0.181852 0.416273 0.179111 0.416510 0.176944
8 0.418437 0.169306 0.416677 0.172731 0.416458 0.176944 0.418927 0.173287 0.419052 0.170954
8 0.402164 0.161472 0.407813 0.162593 0.406359 0.164769 0.400417 0.164352
8 0.548099 0.407731 0.554714 0.426111 0.552240 0.412778 0.548677 0.402699 0.547255 0.403588
8 0.430799 0.121630 0.431526 0.122204 0.431768 0.123421 0.431406 0.125144 0.420615 0.132884 0.418229 0.133657 0.417604 0.132778
8 0.448437 0.158148 0.450365 0.153866 0.450365 0.152690 0.449945 0.152009 0.449388 0.152009 0.444750 0.160301
8 0.427424 0.275833 0.427500 0.285046 0.429078 0.286375 0.429198 0.277125 0.427891 0.274259
8 0.401536 0.158889 0.394872 0.161634 0.394872 0.163296 0.395339 0.164542 0.395945 0.164708 0.398490 0.163981
8 0.415182 0.135602 0.420781 0.144028 0.419490 0.145875 0.413620 0.137454
8 0.415599 0.187639 0.418073 0.184769 0.419260 0.185912 0.415393 0.190486
8 0.462526 0.205972 0.462474 0.202278 0.461786 0.200403 0.457102 0.199500 0.457227 0.201514 0.460599 0.201736 0.460724 0.202847 0.461023 0.205588
8 0.460602 0.198657 0.465286 0.203657 0.466661 0.204324 0.466927 0.204120 0.464974 0.198889 0.461411 0.198444
8 0.471094 0.191250 0.475156 0.205417 0.478333 0.211898 0.475044 0.199134 0.472818 0.190019
1 0.456333 0.194829 0.457656 0.184569 0.457617 0.183639 0.456930 0.183352 0.456203 0.184352 0.453906 0.184639 0.451797 0.186019 0.452331 0.187653 0.453987 0.186435 0.456406 0.185500 0.456688 0.185574 0.456326 0.188370 0.455648 0.194472
8 0.442448 0.141713 0.444115 0.152454 0.442125 0.154875 0.440495 0.143472
8 0.423844 0.166894 0.421458 0.170926 0.422758 0.174347 0.424885 0.170597
8 0.422664 0.162694 0.419885 0.167019 0.420859 0.169444 0.423357 0.165412 0.423187 0.163898
8 0.453906 0.184639 0.452526 0.178440 0.450760 0.174144 0.448992 0.174472 0.448281 0.177028 0.451719 0.186019
8 0.422156 0.179051 0.419867 0.182264 0.420706 0.184074 0.423125 0.181528
8 0.416273 0.179111 0.419867 0.182264 0.420729 0.184074 0.420055 0.184917 0.419260 0.185912 0.416089 0.182759 0.416177 0.181329
8 0.464271 0.196667 0.459391 0.195852 0.452435 0.195852 0.440318 0.200042 0.440430 0.202037 0.441216 0.202435 0.452323 0.199046 0.457034 0.198444 0.461411 0.198444 0.465026 0.198843
8 0.425586 0.265551 0.432865 0.272083 0.433143 0.273884 0.433143 0.274819 0.427161 0.269644
8 0.434297 0.280880 0.437807 0.285500 0.435984 0.287481 0.433698 0.285093
8 0.462943 0.209074 0.462792 0.219301 0.460862 0.217301 0.460930 0.208491
8 0.520365 0.268981 0.513849 0.249833 0.511898 0.245468 0.510885 0.244824 0.510091 0.246106 0.507849 0.255361 0.508500 0.256005 0.507560 0.258319 0.506839 0.258060 0.505990 0.260880 0.507779 0.261917 0.511320 0.248806 0.518177 0.267778
8 0.504966 0.240245 0.508716 0.233912 0.509966 0.233356 0.510966 0.233801 0.511341 0.236134 0.510904 0.238690 0.504779 0.247130
8 0.546299 0.356486 0.553161 0.367602 0.553161 0.369264 0.552042 0.370593 0.548214 0.363370
8 0.555260 0.387454 0.553862 0.375403 0.553021 0.374407 0.552135 0.374657 0.552057 0.376713
8 0.435026 0.300324 0.432943 0.309093 0.431536 0.314722 0.431573 0.324676 0.432698 0.314435 0.434138 0.311875 0.436042 0.310046 0.435641 0.305532
8 0.437583 0.297532 0.436648 0.302273 0.437393 0.308870 0.439245 0.300880
8 0.438940 0.292796 0.438073 0.296157 0.439734 0.299694 0.440578 0.294958
8 0.439271 0.300972 0.437393 0.308870 0.440182 0.306528 0.440625 0.303796
8 0.433638 0.291620 0.434703 0.297741 0.435641 0.305532 0.436068 0.310185 0.437393 0.308870 0.436206 0.297856 0.435578 0.293403 0.434630 0.291611
8 0.439193 0.311620 0.437456 0.320111 0.435516 0.318444 0.436016 0.314324
8 0.448099 0.303977 0.443216 0.308093 0.441979 0.305000 0.445846 0.301194
8 0.442656 0.308565 0.435016 0.315218 0.434503 0.317773 0.434086 0.321046 0.433201 0.329685 0.431766 0.337931 0.430695 0.337361 0.431510 0.325343 0.432698 0.314435 0.434138 0.311875 0.441401 0.305421
8 0.431484 0.299861 0.431573 0.324676 0.430695 0.337361 0.429193 0.335806 0.429427 0.311806
8 0.440609 0.326398 0.436091 0.342458 0.434669 0.340972 0.438880 0.325093
8 0.444130 0.312519 0.441328 0.323241 0.439773 0.321907 0.443125 0.309815
8 0.436875 0.323426 0.433768 0.340046 0.431766 0.337931 0.434714 0.321528
5 0.342346 0.210611 0.340891 0.213370 0.345466 0.216944 0.348654 0.212505
5 0.349667 0.195509 0.349292 0.194843 0.348523 0.192324 0.345339 0.183778 0.360169 0.174148 0.358906 0.170833 0.345323 0.178778 0.342719 0.182347 0.344453 0.187593 0.348255 0.195278
8 0.483190 0.294875 0.485792 0.295264 0.484346 0.298088 0.481888 0.297704
10 0.374922 0.157037 0.374479 0.165417 0.373880 0.172269 0.372867 0.175134 0.370544 0.176685 0.368417 0.176167 0.366190 0.175477 0.365417 0.173412 0.365221 0.172556
10 0.400948 0.115454 0.403667 0.108264 0.404258 0.105782 0.404266 0.104588 0.403680 0.103097 0.402091 0.101907 0.399240 0.110431
10 0.402091 0.101907 0.417044 0.099620 0.419797 0.099523 0.447927 0.095662 0.448010 0.099829 0.425680 0.102653 0.404266 0.104588 0.403680 0.103097
7 0.482263 0.528171 0.484023 0.528236 0.488698 0.528394 0.490010 0.529171 0.489969 0.530537 0.490065 0.531912 0.492193 0.534491 0.498133 0.538394 0.500193 0.539060 0.501380 0.540389 0.502005 0.541611 0.501943 0.544278 0.500820 0.551755 0.497326 0.572370 0.495401 0.588130 0.494732 0.593639 0.493984 0.594972 0.487969 0.595278 0.489089 0.601806 0.484245 0.599769 0.484755 0.594389 0.486518 0.590792 0.487453 0.588116 0.484859 0.585167 0.482367 0.583139 0.480966 0.580741 0.480396 0.579815 0.481984 0.579880 0.483745 0.579588 0.484490 0.578245 0.484490 0.574236 0.484828 0.572153 0.485729 0.569727 0.486214 0.567662 0.486018 0.561296 0.484857 0.552352 0.485148 0.547019 0.486117 0.538245 0.486794 0.534287 0.486406 0.532736 0.484375 0.530329
10 0.367797 0.128097 0.369388 0.128838 0.370977 0.131366 0.375260 0.131481 0.373802 0.135833 0.377292 0.133102 0.373906 0.147315 0.374375 0.153565 0.372815 0.156944 0.366615 0.166250 0.365625 0.164676 0.364193 0.160926 0.363281 0.158875 0.359661 0.149815 0.360771 0.146088 0.366042 0.130472
8 0.493310 0.285222 0.492484 0.321491 0.490823 0.320079 0.491547 0.288463
8 0.503648 0.275472 0.509141 0.288838 0.508057 0.289991 0.502852 0.277782
8 0.503648 0.275472 0.504919 0.271241 0.511354 0.286662 0.509836 0.288208
8 0.514557 0.290139 0.520130 0.304903 0.523177 0.315972 0.524828 0.320708 0.526708 0.333431 0.526924 0.340116 0.524685 0.347056 0.520419 0.338185 0.522299 0.336773 0.524612 0.341273 0.524612 0.339472 0.524539 0.336773 0.524612 0.334972 0.524612 0.333560 0.522419 0.320296 0.520781 0.314282 0.515576 0.297574 0.513333 0.291148
8 0.517753 0.304560 0.512190 0.309361 0.513758 0.310995 0.518563 0.307060
5 0.347984 0.199032 0.343346 0.207778 0.349099 0.209792 0.352437 0.204310 0.352346 0.202167 0.351326 0.199528
2 0.459133 0.296745 0.450964 0.306509 0.450169 0.306509 0.448099 0.303977 0.445846 0.301194 0.442500 0.297222 0.442500 0.297222 0.438940 0.292796 0.436401 0.289407 0.439427 0.286583 0.450396 0.301111 0.458263 0.290889 0.461667 0.285778
8 0.448536 0.299199 0.452763 0.295435 0.453453 0.297319 0.450396 0.301111 0.450396 0.301111
8 0.454359 0.295838 0.450570 0.284810 0.444148 0.281986 0.442484 0.284139 0.449367 0.287903 0.453453 0.297319
8 0.458815 0.290324 0.452620 0.286829 0.452008 0.287634 0.451635 0.287634 0.450570 0.284810 0.450344 0.280778 0.450344 0.278088 0.450344 0.275264 0.451706 0.273648 0.452091 0.276741 0.453302 0.282926 0.454057 0.284005 0.459807 0.288171
8 0.450497 0.282042 0.447810 0.278134 0.446688 0.279435 0.446492 0.281000 0.448690 0.284037 0.450570 0.284810
8 0.447518 0.297583 0.450448 0.290204 0.451424 0.292981 0.449326 0.298796 0.448536 0.299199
8 0.445125 0.285514 0.443612 0.292028 0.441805 0.289944 0.443219 0.284560
5 0.465755 0.485602 0.466250 0.486250 0.471357 0.485222 0.472701 0.481838 0.474828 0.473676 0.481542 0.461653 0.483060 0.454458 0.478992 0.451556 0.478320 0.452449 0.473396 0.458565 0.471508 0.461801 0.467935 0.468755 0.463349 0.481222
5 0.562253 0.416009 0.561745 0.420741 0.578615 0.468213 0.584461 0.484468 0.593604 0.512449 0.594953 0.513782 0.630182 0.611056 0.644573 0.604125 0.649068 0.603060 0.634229 0.563352 0.588651 0.439519 0.586523 0.435537 0.585404 0.432352 0.572169 0.397861 0.570669 0.395727 0.569471 0.394926 0.568271 0.395463 0.567073 0.398657 0.568641 0.406060 0.573745 0.430037 0.571932 0.432088 0.566737 0.410759
5 0.406456 0.234644 0.403581 0.245088 0.404961 0.245583 0.406120 0.246157 0.408768 0.236310
1 0.439740 0.379352 0.438521 0.385069 0.438914 0.393972 0.441370 0.402042 0.446122 0.408218 0.452680 0.410032 0.452583 0.407106 0.450443 0.399583 0.445365 0.381713
8 0.541031 0.619264 0.532159 0.607824 0.530909 0.607046 0.530130 0.607778 0.530479 0.612148 0.535742 0.615931 0.538206 0.618120 0.540990 0.621667
10 0.583958 0.482824 0.583880 0.489398 0.582570 0.487551 0.582010 0.487551 0.579659 0.499894 0.580219 0.500491 0.582234 0.502681 0.580891 0.513231 0.579211 0.512435 0.577867 0.514227 0.576187 0.515620 0.573612 0.518208 0.571508 0.521352 0.570422 0.524458 0.570331 0.527444 0.569995 0.532204 0.567958 0.543907 0.566727 0.553264 0.564823 0.559435 0.568518 0.567398 0.575234 0.584120 0.577026 0.587306 0.579714 0.584718 0.581057 0.579940 0.585201 0.566602 0.586544 0.558042 0.589120 0.534949 0.588672 0.530370 0.587888 0.528380 0.584081 0.523204 0.585760 0.506287 0.588672 0.508074 0.589792 0.500912
6 0.538924 0.578157 0.542284 0.583208 0.542000 0.589588 0.536919 0.582060 0.537828 0.579676
6 0.546771 0.590787 0.549591 0.595130 0.551214 0.597463 0.560633 0.611412 0.562984 0.616389 0.564763 0.619528 0.569268 0.628032 0.569018 0.634579 0.563513 0.624509 0.554203 0.608556 0.546667 0.595880
6 0.549591 0.595130 0.551214 0.597463 0.558336 0.587130 0.558732 0.581551 0.559211 0.581023 0.558898 0.579468 0.558148 0.578579 0.556901 0.578134 0.556339 0.578801 0.556464 0.583912
8 0.487883 0.241968 0.492578 0.250833 0.492482 0.254708 0.487380 0.243556
8 0.483784 0.241819 0.481859 0.233343 0.480354 0.235125 0.481758 0.242921 0.482695 0.245384 0.482695 0.245384
8 0.492568 0.256389 0.482695 0.245384 0.484187 0.250310 0.492315 0.260704
8 0.494826 0.241667 0.493745 0.280269 0.491982 0.275380 0.492818 0.241921 0.494406 0.205042 0.496331 0.205194
8 0.494573 0.251630 0.501768 0.264421 0.500260 0.267245 0.494490 0.255944
2 0.532414 0.202333 0.555951 0.222852 0.559247 0.201532 0.561047 0.201801 0.557448 0.225250 0.553253 0.250037 0.547135 0.281667 0.546328 0.277176 0.548305 0.263361 0.549055 0.250301 0.549505 0.228056 0.535008 0.216713 0.534430 0.212597 0.549755 0.223653 0.551128 0.224296 0.550260 0.253727 0.551128 0.253083 0.555393 0.226222 0.545563 0.217356 0.533271 0.206690
8 0.494490 0.255944 0.494409 0.258921 0.499078 0.269644 0.500260 0.267245
8 0.503021 0.247764 0.503021 0.251287 0.494573 0.249801 0.494742 0.247125
6 0.502987 0.252986 0.494573 0.249801 0.494573 0.251630 0.494573 0.251630 0.495544 0.253282 0.502987 0.256551
6 0.520638 0.277815 0.523982 0.274694 0.527161 0.277968 0.524401 0.280343
6 0.521529 0.282944 0.504401 0.300032 0.501414 0.296384 0.517563 0.280866
6 0.480125 0.363185 0.491740 0.344259 0.498901 0.333764 0.500740 0.344088 0.490966 0.358884 0.484190 0.368519
6 0.529763 0.275935 0.534729 0.271347 0.534930 0.269264 0.534003 0.266398 0.533031 0.265824 0.525958 0.272181
6 0.427060 0.333833 0.434669 0.340972 0.436091 0.342458 0.445461 0.352569 0.444039 0.357625 0.435096 0.346727 0.430956 0.341685 0.426724 0.337551
5 0.410469 0.297361 0.413021 0.305278 0.411089 0.318778 0.408841 0.311954 0.406453 0.308991 0.405872 0.305514 0.406596 0.304356 0.407466 0.304356 0.406669 0.298560
5 0.403359 0.275231 0.406732 0.284111 0.408859 0.291454 0.409453 0.293796 0.406198 0.294829 0.406724 0.293389 0.406643 0.292384 0.403977 0.290454 0.400971 0.281662
5 0.422143 0.294153 0.424107 0.296810 0.425651 0.298472 0.426016 0.307685 0.421586 0.301343 0.420750 0.300005
5 0.394068 0.257463 0.392620 0.252319 0.394789 0.251032 0.396896 0.257639 0.398021 0.260417
5 0.395432 0.261181 0.395859 0.262556 0.397000 0.265648 0.399932 0.273894 0.400417 0.275750 0.402104 0.271750 0.399292 0.264181 0.396984 0.262032
5 0.413276 0.261181 0.413195 0.266750 0.416570 0.266324 0.417375 0.267324 0.417615 0.269181 0.417294 0.270468 0.413195 0.272611 0.409016 0.269324 0.406706 0.258861 0.409458 0.258866
5 0.406732 0.284111 0.410987 0.273741 0.412969 0.275556 0.415250 0.285375 0.415232 0.286968 0.409133 0.292282 0.408266 0.289708 0.412531 0.285338 0.411448 0.280458 0.407760 0.287912
5 0.421120 0.291019 0.418000 0.284009 0.417813 0.285500 0.416602 0.285477 0.415232 0.286968 0.416109 0.287639 0.417112 0.289866 0.416146 0.297176 0.417164 0.306991
5 0.400414 0.300194 0.400828 0.308199 0.401708 0.312986 0.403883 0.314644 0.403802 0.312963 0.403151 0.299537
6 0.425711 0.332167 0.414919 0.322917 0.414253 0.322056 0.412979 0.321361 0.411039 0.320023 0.396974 0.309727 0.393573 0.308005 0.384893 0.300199 0.385562 0.304361 0.390943 0.308657 0.393034 0.310444 0.413500 0.324139 0.417849 0.327856 0.425378 0.335736
6 0.365227 0.278148 0.373664 0.296421 0.391883 0.320468 0.391456 0.315829 0.391089 0.313644 0.374430 0.293421 0.366076 0.276787
6 0.504646 0.253690 0.507849 0.255361 0.508500 0.256005 0.507560 0.258319 0.506839 0.258060 0.504576 0.257282
6 0.377682 0.243912 0.378549 0.247509 0.396984 0.262032 0.416508 0.278176 0.418469 0.279671 0.422995 0.283407 0.424497 0.284968 0.431177 0.290306 0.431396 0.288505 0.425273 0.282972 0.423547 0.281644 0.418776 0.277472 0.398021 0.260417 0.390260 0.254708
6 0.471823 0.241759 0.468521 0.236759 0.465789 0.234616 0.452375 0.229481 0.451966 0.225949 0.452628 0.226815 0.453846 0.226690 0.454685 0.226380 0.455904 0.226329 0.460646 0.228759 0.465789 0.231333 0.468281 0.232759 0.470771 0.234190 0.472701 0.238333
6 0.425711 0.332167 0.428625 0.309852 0.431177 0.290306 0.431396 0.288505 0.431922 0.283995 0.432284 0.282194 0.432779 0.277329 0.433143 0.274819 0.432779 0.270551 0.432331 0.259579 0.434349 0.258782 0.434125 0.266162 0.435023 0.273144 0.435023 0.276333 0.433003 0.289495 0.432891 0.291491 0.429453 0.311620 0.427083 0.334074 0.426721 0.337764 0.425148 0.350931 0.424323 0.352731 0.419878 0.352324 0.418047 0.351574 0.405573 0.337917 0.400833 0.331898 0.393984 0.322639 0.393828 0.319861 0.411349 0.340157 0.419323 0.348889 0.422604 0.350093 0.423724 0.350046 0.424141 0.348338 0.425375 0.335370
6 0.412292 0.131213 0.409182 0.130060 0.405964 0.130213 0.403609 0.130611 0.394896 0.130199 0.392943 0.129685 0.380435 0.128407 0.370076 0.127495 0.350568 0.125833 0.346328 0.125231 0.339255 0.124801 0.328281 0.124074 0.304370 0.123153 0.302555 0.119236 0.330180 0.120755 0.343237 0.121056 0.349005 0.121574 0.374883 0.124361 0.381333 0.125111 0.383724 0.125111 0.387529 0.125727 0.390253 0.125792 0.393375 0.125917 0.394154 0.126269 0.394531 0.126389 0.396380 0.127037 0.403039 0.127991 0.412031 0.128009 0.415922 0.131097 0.419526 0.134968 0.444750 0.160301 0.446339 0.162681 0.462232 0.186046 0.476016 0.223056 0.475234 0.227176 0.461185 0.188079 0.445250 0.163898 0.442529 0.161134 0.415193 0.134417
6 0.468646 0.255324 0.443341 0.283009 0.434630 0.291611 0.432984 0.291440 0.432984 0.288856 0.435984 0.287481 0.455438 0.266148 0.470052 0.249815
6 0.441667 0.374417 0.441065 0.374417 0.440167 0.376278 0.439740 0.379491 0.447474 0.382532 0.449099 0.384088 0.463094 0.397083 0.463844 0.396861 0.462656 0.400412 0.462906 0.402745 0.464031 0.403190 0.464906 0.402745 0.466797 0.400926 0.465216 0.392861 0.458719 0.387528 0.448411 0.377310 0.446036 0.375755 0.443286 0.374532
2 0.531044 0.352440 0.537016 0.396801 0.549089 0.387421 0.535281 0.350407 0.537234 0.349509 0.551693 0.388065 0.551547 0.389222 0.550826 0.390375 0.540630 0.397444 0.534776 0.400014 0.534703 0.399116 0.534849 0.398347 0.534992 0.397060 0.529094 0.353468 0.528341 0.346426 0.529497 0.342699
2 0.470172 0.258176 0.474792 0.263403 0.475586 0.266472 0.464151 0.288213 0.462891 0.289620 0.465318 0.279333 0.471846 0.264481 0.469328 0.261412
6 0.472786 0.246894 0.478490 0.240926 0.479089 0.242639 0.479427 0.244028 0.471432 0.252699
8 0.479427 0.244028 0.483214 0.253384 0.487589 0.268843 0.490612 0.278056 0.492516 0.283037 0.493310 0.285222 0.498497 0.295912 0.508648 0.309546 0.521878 0.324134 0.522419 0.323463 0.522687 0.322310 0.522419 0.320296 0.508487 0.305032 0.500008 0.294667 0.494917 0.282500 0.493745 0.280269 0.488776 0.265481 0.484187 0.250310 0.481758 0.242921 0.478193 0.235046 0.476411 0.231495 0.475763 0.234282 0.479089 0.242639
8 0.446948 0.362181 0.450188 0.373894 0.447867 0.371972 0.445391 0.362083 0.445760 0.360454
8 0.445112 0.362759 0.446677 0.370727 0.443805 0.368384
8 0.452617 0.372551 0.456453 0.368611 0.458073 0.371685 0.453914 0.375907 0.453214 0.375718 0.452672 0.375236 0.452294 0.374278
6 0.447219 0.354981 0.451971 0.360259 0.456615 0.368231 0.456560 0.368611 0.456021 0.369287 0.446354 0.358343
5 0.489305 0.203750 0.492901 0.213713 0.493404 0.218324 0.493320 0.226056 0.492818 0.227542 0.489891 0.236019 0.487214 0.231259 0.491143 0.220551 0.487966 0.211778 0.486794 0.206278
8 0.484034 0.194384 0.487380 0.205685 0.486794 0.206278 0.487966 0.211778 0.487214 0.211931 0.483281 0.198843
5 0.487883 0.241968 0.485625 0.248213 0.482695 0.245384 0.485206 0.236611
5 0.484117 0.256343 0.482445 0.260509 0.478096 0.258574 0.481273 0.249060 0.483214 0.253384
6 0.495495 0.226667 0.503440 0.240181 0.503021 0.247764 0.498169 0.247171 0.494826 0.241667
6 0.487214 0.211931 0.482445 0.203407 0.480021 0.215005 0.487547 0.230176 0.491143 0.220551
8 0.487547 0.230176 0.487214 0.231259 0.489891 0.236019 0.490391 0.235824 0.492818 0.241921 0.492578 0.250833 0.487883 0.241968 0.485206 0.236611 0.478599 0.220806 0.480021 0.215005
8 0.490997 0.278940 0.489911 0.285236 0.489406 0.288708 0.487742 0.291921 0.487961 0.286653 0.488393 0.283824 0.488885 0.280880 0.490057 0.276269
8 0.506755 0.265444 0.498586 0.290894 0.497357 0.288194 0.504953 0.264509
8 0.488393 0.283824 0.479068 0.303745 0.470755 0.318653 0.469815 0.320324 0.469310 0.321093 0.469021 0.322250 0.470104 0.326750 0.468948 0.329190 0.467391 0.323111 0.467557 0.319986 0.467977 0.318648 0.479685 0.297384 0.481359 0.294412 0.488133 0.280731 0.488885 0.280880
8 0.497646 0.294106 0.495695 0.300787 0.493971 0.298116 0.496201 0.291148
2 0.458385 0.349352 0.472224 0.322500 0.484779 0.297176 0.492516 0.283037 0.493310 0.285222 0.480656 0.309653 0.504510 0.333296 0.504367 0.337148 0.480872 0.314144 0.479284 0.313889 0.459714 0.351852
8 0.458003 0.310130 0.460026 0.319000 0.461906 0.336796 0.463344 0.339792 0.464596 0.337801 0.463599 0.334690 0.462594 0.326028 0.461096 0.318255 0.461536 0.317806 0.462286 0.317759 0.460951 0.313593 0.458690 0.307495
2 0.458932 0.352861 0.456221 0.359227 0.469161 0.373833 0.478935 0.384671 0.495320 0.402926 0.494547 0.406194 0.477417 0.386583 0.458737 0.366282 0.453802 0.358366 0.457771 0.350454
1 0.458385 0.349352 0.452852 0.332356 0.452224 0.333745 0.457771 0.350454 0.458932 0.352861 0.469646 0.366435 0.478354 0.378824 0.478839 0.377449 0.469742 0.364718 0.459714 0.351852
8 0.466578 0.338236 0.470227 0.353704 0.469451 0.354046 0.469451 0.355597 0.468901 0.355958 0.465513 0.339958
8 0.465513 0.339958 0.464323 0.342523 0.467807 0.362134 0.469742 0.364718 0.469646 0.358694 0.469646 0.358694 0.468901 0.355958
8 0.478383 0.349421 0.490482 0.338583 0.489997 0.343398 0.481383 0.351139
8 0.479349 0.352917 0.475651 0.355880 0.475000 0.352731 0.476823 0.351157
8 0.485643 0.353894 0.481383 0.351139 0.478383 0.349421 0.474221 0.346838 0.474513 0.349593 0.484482 0.356301
8 0.475651 0.355880 0.476505 0.358949 0.474570 0.357394 0.472633 0.348060 0.474221 0.346838 0.474513 0.349593 0.475000 0.352731
8 0.481234 0.346894 0.480737 0.345009 0.478799 0.346338 0.471365 0.341565 0.470927 0.342009 0.470552 0.343343 0.470859 0.344907 0.474221 0.346838 0.478383 0.349421
8 0.473674 0.343009 0.470740 0.330347 0.469490 0.332787 0.471365 0.341565
8 0.468677 0.347782 0.472427 0.345787 0.474221 0.346838 0.472633 0.348060 0.469240 0.349671
8 0.461667 0.342546 0.454495 0.337454 0.452852 0.332356 0.463344 0.339792
8 0.465383 0.332329 0.465948 0.334620 0.464596 0.337801 0.463599 0.334690 0.462594 0.326028 0.461096 0.318255 0.461536 0.317806 0.462286 0.317759
8 0.481359 0.294412 0.465716 0.291287 0.465594 0.291806 0.465466 0.291884 0.465466 0.293519 0.471906 0.296046 0.479685 0.297384
6 0.497471 0.309639 0.496284 0.311273 0.495203 0.311463 0.494987 0.311847 0.497471 0.326343 0.501089 0.329991
6 0.498367 0.331250 0.502094 0.352176 0.503336 0.358801 0.504005 0.353056 0.504198 0.347954 0.502039 0.334898
5 0.485893 0.315028 0.483409 0.305810 0.483409 0.305042 0.483841 0.304560 0.488917 0.306097 0.489078 0.306481 0.491023 0.312051 0.490823 0.320079 0.490823 0.320079
5 0.494318 0.330579 0.495505 0.335282 0.495776 0.338449 0.491740 0.344259 0.492104 0.329907
5 0.490846 0.329546 0.488409 0.330213 0.488409 0.331755 0.489284 0.334644 0.489909 0.336542 0.490482 0.338583
8 0.498779 0.347417 0.498841 0.359870 0.498406 0.359870 0.497781 0.359426 0.497594 0.358523 0.497344 0.349426
5 0.497344 0.349426 0.494812 0.353171 0.497812 0.361278 0.501810 0.370167 0.502802 0.364116 0.503336 0.358801 0.501122 0.352838 0.499872 0.350282 0.498872 0.349171 0.498841 0.359870 0.498406 0.359870 0.497781 0.359426 0.497594 0.358523
8 0.506404 0.331324 0.515523 0.334866 0.518398 0.335764 0.521648 0.334435 0.524333 0.331866 0.524612 0.333560 0.524612 0.334972 0.524612 0.339472 0.524612 0.341273 0.522299 0.336773 0.520419 0.338185 0.520419 0.338185 0.520086 0.339532 0.519461 0.340431 0.518523 0.340653 0.513089 0.336542 0.506615 0.334676
5 0.504779 0.361870 0.508964 0.374644 0.511464 0.380852 0.512651 0.383194 0.512964 0.387972 0.509651 0.399403 0.509026 0.389847 0.507464 0.384528 0.507714 0.382852 0.507776 0.382306 0.507151 0.382306 0.506776 0.382417 0.505779 0.380519 0.503029 0.373310
5 0.514526 0.397856 0.516648 0.404079 0.512943 0.404773
8 0.532581 0.351639 0.539953 0.362745 0.545078 0.376532 0.548326 0.388292 0.546766 0.389417 0.541641 0.369866 0.539016 0.364523 0.538643 0.362537 0.538018 0.361301 0.537331 0.361412 0.536893 0.361745 0.535706 0.360426 0.531044 0.352440
8 0.538831 0.373310 0.532331 0.362537 0.533018 0.366644 0.543953 0.387861 0.545078 0.385750
8 0.538831 0.373310 0.539016 0.364523 0.538643 0.362537 0.538018 0.361301 0.537331 0.361412 0.537299 0.370611
8 0.543703 0.391736 0.538953 0.379194 0.537831 0.380519 0.541953 0.393069
8 0.540953 0.393634 0.537081 0.383750 0.536018 0.384528 0.539453 0.394968
8 0.526771 0.365190 0.533518 0.385972 0.533706 0.387069 0.532143 0.388403 0.527271 0.372310 0.526997 0.369148
8 0.527917 0.379907 0.528615 0.380051 0.531549 0.396935 0.530799 0.397046 0.529599 0.390866
8 0.505529 0.364412 0.515461 0.358856 0.522148 0.355417 0.521211 0.358426 0.511651 0.363644 0.506341 0.366523
8 0.522148 0.355417 0.522695 0.353250 0.514745 0.357282 0.504997 0.362611 0.505529 0.364412
8 0.513214 0.358190 0.520086 0.350759 0.521961 0.352426 0.518273 0.355537
8 0.533331 0.330755 0.536206 0.338542 0.537893 0.344431 0.536268 0.345417 0.534081 0.337875 0.532581 0.333199
8 0.506221 0.325079 0.514086 0.329954 0.519734 0.335329 0.518398 0.335764 0.514047 0.331602 0.506302 0.327083
8 0.504245 0.323644 0.501018 0.320847 0.499846 0.320199 0.499362 0.320009 0.499688 0.321708 0.502068 0.323787 0.504365 0.325648
8 0.493151 0.326079 0.487544 0.324792 0.483633 0.324648 0.481414 0.323713 0.479841 0.322565 0.478672 0.320991 0.478307 0.320486 0.477622 0.320560 0.477018 0.320417 0.476573 0.319194 0.474839 0.322708 0.475161 0.323426 0.475888 0.324792 0.476411 0.325579 0.476654 0.326440 0.476896 0.328019 0.477422 0.328875 0.478227 0.328806 0.478469 0.327944 0.478107 0.327370 0.478026 0.326583 0.478349 0.325292 0.490846 0.329546 0.492104 0.329907 0.494318 0.330579 0.495734 0.331458 0.496701 0.331676 0.497469 0.332245 0.498115 0.332319 0.498557 0.332319 0.498367 0.331250
5 0.482109 0.326458 0.481859 0.327681 0.477424 0.334009 0.474674 0.337231 0.472990 0.339898 0.470740 0.330347 0.474549 0.326903 0.475888 0.324792 0.476411 0.325579 0.476654 0.326440 0.476896 0.328019 0.477422 0.328875 0.478227 0.328806 0.478469 0.327944 0.478107 0.327370 0.478026 0.326583 0.478349 0.325292
5 0.471365 0.341565 0.468570 0.347060 0.466578 0.338236 0.469490 0.332787
5 0.462354 0.355185 0.463023 0.353250 0.464612 0.351764 0.465951 0.350722 0.464323 0.342523 0.459714 0.351852
5 0.462021 0.356523 0.460013 0.363810 0.456221 0.359227 0.458932 0.352861
8 0.453802 0.358366 0.453086 0.357162 0.452167 0.357310 0.451747 0.358500 0.451497 0.359690 0.451971 0.360259 0.456560 0.368611 0.467221 0.384671 0.471404 0.392106 0.479141 0.398796 0.468979 0.382292 0.458737 0.366282
8 0.461352 0.376005 0.463273 0.385222 0.465951 0.387750 0.464195 0.379870
5 0.484583 0.317778 0.483500 0.323176 0.481414 0.323713 0.479841 0.322565 0.478672 0.320991 0.482198 0.315463
8 0.489339 0.292829 0.489445 0.307616 0.489078 0.306481 0.488917 0.306097 0.487609 0.305889 0.487773 0.295713
8 0.496953 0.302912 0.502677 0.301472 0.504307 0.303602 0.498247 0.305023
8 0.492734 0.308380 0.497221 0.306079 0.498185 0.307389 0.492688 0.310593
8 0.504401 0.300032 0.508648 0.298694 0.515576 0.297574 0.516224 0.299769 0.508974 0.301579 0.506057 0.302056
8 0.517471 0.298014 0.537669 0.296287 0.538102 0.296769 0.538424 0.297824 0.538479 0.298782 0.538208 0.299551 0.537721 0.299648 0.518445 0.300509
8 0.525195 0.282944 0.530161 0.297153 0.528003 0.297153 0.524385 0.285056
8 0.525885 0.296389 0.518497 0.285917 0.516878 0.287648 0.523034 0.296477
8 0.519578 0.284477 0.523466 0.288032 0.526706 0.292255 0.527354 0.294750 0.523034 0.289278 0.519091 0.285343
8 0.530758 0.299838 0.534807 0.314333 0.533943 0.317310 0.529190 0.299935
8 0.532323 0.318847 0.525518 0.308574 0.526760 0.313375 0.531565 0.321245 0.532161 0.320287 0.532323 0.319806
8 0.531237 0.325722 0.526810 0.316486 0.521161 0.304773 0.520344 0.305523 0.521693 0.310509 0.530469 0.328139
8 0.527505 0.317972 0.526760 0.313375 0.525518 0.308574 0.524823 0.304648 0.524299 0.301796 0.523568 0.302417 0.524648 0.309111 0.525971 0.314625
8 0.516721 0.308500 0.519674 0.317231 0.517536 0.314981 0.515516 0.309468
8 0.515245 0.299931 0.517143 0.305181 0.517753 0.304560 0.516224 0.299769
8 0.490966 0.358884 0.498310 0.365657 0.496070 0.366403 0.489768 0.360593
8 0.460815 0.364505 0.465138 0.360727 0.466810 0.362773 0.462661 0.366676
1 0.535318 0.429093 0.539193 0.444144 0.534766 0.452963 0.524865 0.436264 0.524961 0.434102 0.531177 0.430250
2 0.475495 0.399028 0.466693 0.391019 0.464453 0.389213 0.442677 0.371356 0.440182 0.376296 0.438521 0.385069 0.436042 0.385093 0.445461 0.352569 0.449893 0.334282 0.451339 0.328907 0.455758 0.311792 0.457372 0.304472 0.459133 0.296745 0.468672 0.255370 0.470052 0.249815 0.471057 0.245519 0.471823 0.241759 0.472701 0.238333 0.473047 0.236204 0.473750 0.233380 0.474716 0.229463 0.475234 0.227176 0.477221 0.217306 0.480521 0.200741 0.480932 0.198190 0.482589 0.190727 0.491643 0.147315 0.493651 0.147315 0.489401 0.168380 0.530313 0.200648 0.530677 0.204676 0.492109 0.176389 0.487396 0.179583 0.476784 0.229806 0.466141 0.275644 0.456099 0.319347 0.443805 0.368384 0.479141 0.398796 0.493620 0.410648 0.492943 0.413657
8 0.476693 0.399954 0.487799 0.416417 0.490995 0.421403 0.491865 0.418481 0.483125 0.405324
6 0.467187 0.393704 0.470247 0.394093 0.475078 0.398657 0.473495 0.399426 0.471622 0.399426 0.470310 0.398648 0.469122 0.398204 0.468185 0.398537
2 0.532047 0.209685 0.507372 0.197787 0.506034 0.196449 0.505029 0.196153 0.504443 0.196153 0.502771 0.262176 0.493745 0.280269 0.494917 0.282500 0.503784 0.265995 0.504953 0.264509 0.522435 0.273875 0.524609 0.275662 0.542258 0.291273 0.527010 0.338815 0.523917 0.350560 0.506615 0.335231 0.506385 0.338231 0.522695 0.353250 0.509102 0.401222 0.504661 0.413190 0.496924 0.404583 0.495987 0.407037 0.502930 0.415644 0.503289 0.417310 0.495208 0.411898 0.494375 0.415463 0.505305 0.423185 0.506393 0.424208 0.504443 0.432699 0.506318 0.434116 0.516297 0.390292 0.523841 0.360759 0.537266 0.318440 0.546323 0.289042 0.545044 0.281148 0.543237 0.288093 0.523164 0.269894 0.504536 0.260704 0.506292 0.201787 0.532641 0.214426
2 0.510755 0.414444 0.514609 0.412639 0.529010 0.405880 0.526318 0.402843 0.516052 0.404000 0.512943 0.404773
8 0.462661 0.366676 0.463310 0.367384 0.468609 0.365153 0.467669 0.363972 0.463589 0.365769
2 0.530034 0.402690 0.527422 0.388843 0.525117 0.369662 0.525044 0.356421 0.526492 0.352440 0.528948 0.351023 0.529094 0.353468 0.526781 0.354880 0.526635 0.356935 0.526997 0.369148 0.527917 0.379907 0.529599 0.390866 0.531695 0.401662 0.550854 0.392792 0.554180 0.390866 0.547383 0.367218 0.541672 0.347042 0.531044 0.352440 0.530396 0.348713 0.540659 0.342671 0.535578 0.323676 0.536576 0.320671 0.544073 0.349880 0.548214 0.363370 0.552057 0.376713 0.555260 0.387454 0.556753 0.393833 0.555503 0.395505 0.554628 0.393949 0.550516 0.395412 0.548844 0.396454 0.537344 0.402222 0.535417 0.403287 0.532057 0.404722
8 0.520638 0.277815 0.515021 0.273736 0.511836 0.271815 0.512510 0.273861 0.512698 0.276713 0.517563 0.280866 0.521529 0.282944 0.521932 0.283528 0.523284 0.284681 0.524526 0.285065 0.525281 0.283241 0.525010 0.282088 0.524740 0.281222 0.524471 0.280264
8 0.484549 0.369875 0.499576 0.365222 0.501810 0.370167 0.498120 0.371273 0.498120 0.373097 0.497526 0.374537 0.496878 0.375782 0.496229 0.375977 0.495742 0.375111 0.495688 0.372134 0.495042 0.371944 0.494609 0.373194 0.493906 0.374921 0.493474 0.376074 0.492826 0.377032 0.491799 0.377319 0.490612 0.376935 0.490180 0.376264 0.490289 0.374727 0.490234 0.373671 0.488453 0.374153 0.486995 0.374153 0.485807 0.374153 0.484646 0.373662
8 0.501336 0.372810 0.482060 0.388074 0.479737 0.385958 0.481628 0.383755 0.491240 0.377222 0.491799 0.377319 0.492826 0.377032 0.493474 0.376074 0.495776 0.374250 0.495742 0.375111 0.496229 0.375977 0.496878 0.375782 0.497526 0.374537 0.498120 0.373097 0.498367 0.372519 0.500419 0.370602 0.501810 0.370167
8 0.482060 0.388074 0.486076 0.389032 0.490396 0.388843 0.493151 0.387977 0.495148 0.386634 0.496391 0.385097 0.497039 0.383560 0.497526 0.381162 0.497578 0.379046 0.497310 0.377130 0.496878 0.375782 0.495958 0.377032 0.496445 0.379241 0.496552 0.381352 0.495742 0.384042 0.494016 0.385769 0.490776 0.387019 0.488292 0.387403 0.486240 0.387208 0.484727 0.386921 0.483594 0.386824
6 0.488701 0.395847 0.497018 0.394694 0.495992 0.399306 0.492427 0.399690
6 0.498854 0.394407 0.500042 0.394310 0.502849 0.386343 0.504846 0.381352 0.505062 0.381255 0.505440 0.381736 0.505495 0.382505 0.505927 0.382792 0.506776 0.382417 0.507151 0.382306 0.507776 0.382306 0.507714 0.382852 0.507464 0.384528 0.506036 0.388458 0.502687 0.394505 0.500419 0.397000 0.499232 0.397769 0.498346 0.398153
8 0.475471 0.392968 0.480979 0.394602 0.484922 0.395079 0.488000 0.398824 0.486487 0.399977 0.485029 0.400074 0.483247 0.399880 0.481518 0.399593 0.479141 0.398796
8 0.485029 0.400074 0.487667 0.405917 0.484654 0.403398 0.483247 0.399880
8 0.480430 0.390046 0.482055 0.394815 0.483773 0.394921 0.483049 0.392991
8 0.488987 0.410185 0.490523 0.413935 0.489167 0.414579 0.486122 0.407935
8 0.490432 0.413722 0.492060 0.412866 0.492943 0.413657 0.492721 0.414634 0.490102 0.415972 0.489167 0.414579 0.489167 0.414579 0.490523 0.413935
8 0.495401 0.410977 0.498156 0.409616 0.499828 0.411843 0.496896 0.413023 0.495182 0.411852
8 0.500513 0.408606 0.507492 0.405690 0.506138 0.409162 0.502466 0.410782
8 0.498456 0.418190 0.493508 0.422032 0.494219 0.424398 0.500026 0.419537
8 0.451690 0.336648 0.451924 0.338060 0.452391 0.346856 0.452716 0.352083 0.453464 0.357560 0.453086 0.357162 0.452391 0.357560 0.452391 0.357560 0.451784 0.352167 0.451409 0.345944 0.451271 0.340634 0.451177 0.338556
8 0.446948 0.362181 0.453299 0.369352 0.453516 0.371755 0.455242 0.369931 0.454271 0.368968 0.454271 0.367241 0.453245 0.366185 0.453138 0.367431 0.446008 0.359079 0.445760 0.360454
8 0.477396 0.226935 0.480383 0.236148 0.481177 0.239630 0.480990 0.241125 0.479404 0.237806 0.476784 0.229806
8 0.478044 0.223657 0.481354 0.231213 0.481354 0.233875 0.481859 0.233343 0.483784 0.241819 0.485206 0.236611 0.478599 0.220806
8 0.451193 0.203972 0.453732 0.208773 0.453461 0.210407 0.450599 0.204861
8 0.434906 0.205162 0.437719 0.200722 0.440781 0.196944 0.440159 0.196838 0.439531 0.196944 0.436406 0.200833 0.434281 0.204051
1 0.547669 0.701685 0.557216 0.737671 0.537794 0.704819 0.544544 0.704750 0.544576 0.710278 0.546951 0.712292
1 0.540841 0.747023 0.543609 0.752375 0.544484 0.754153 0.544297 0.755931 0.544359 0.757042 0.544859 0.758597 0.546109 0.760815 0.545029 0.759782 0.544297 0.759481 0.543422 0.757931 0.543297 0.756597 0.543359 0.755042 0.543297 0.754042 0.541297 0.750597 0.540422 0.748597 0.539484 0.746597
2 0.540789 0.416412 0.546406 0.414491 0.546568 0.415741 0.558385 0.434944 0.558125 0.438472 0.553326 0.431167 0.552451 0.429722 0.551888 0.430944 0.550076 0.428500 0.551013 0.426949 0.545578 0.418949 0.543953 0.420171
8 0.551138 0.459491 0.549763 0.473597 0.547076 0.476819 0.547201 0.473153 0.548576 0.471046 0.549763 0.458269 0.550576 0.458157
8 0.550826 0.462824 0.553201 0.470157 0.553451 0.471819 0.553451 0.473486 0.553138 0.475042 0.552201 0.476597 0.551201 0.477264 0.548826 0.477264 0.549013 0.474486 0.551701 0.473375 0.552201 0.473042 0.550388 0.466380
8 0.549388 0.462935 0.546203 0.452940 0.544266 0.447495 0.543391 0.448940 0.547201 0.460380 0.549076 0.466380
8 0.543078 0.448829 0.548951 0.469491 0.548576 0.471046 0.548201 0.472264 0.546630 0.466245 0.542578 0.450051 0.542578 0.450051
2 0.547786 0.285185 0.530966 0.194463 0.530122 0.194023 0.529542 0.194463 0.529125 0.194759 0.546161 0.287537 0.555867 0.348662 0.563484 0.391940 0.562810 0.393417 0.557034 0.448718 0.552898 0.484069 0.549000 0.508880 0.549570 0.515579 0.550437 0.511319 0.554701 0.484602 0.559143 0.446736 0.562253 0.416009 0.566737 0.410759 0.571932 0.432088 0.573745 0.430037 0.568641 0.406060 0.563083 0.379986 0.563276 0.376764 0.562836 0.374875 0.562266 0.373653 0.561904 0.373102
2 0.572615 0.519787 0.556419 0.466352 0.557195 0.461056 0.570542 0.506199 0.574818 0.497218 0.577018 0.467963 0.559141 0.445162 0.559917 0.437560 0.577018 0.462898 0.578615 0.468213 0.577148 0.492838 0.583237 0.480403 0.583958 0.482824 0.583755 0.485241 0.582010 0.487551 0.582010 0.487551 0.577018 0.499519 0.576630 0.510116 0.576187 0.515620 0.573612 0.518208
8 0.559203 0.446153 0.560141 0.454704 0.560078 0.461259 0.559266 0.464926 0.558828 0.466366 0.558016 0.464259 0.558453 0.460593 0.558453 0.456037 0.558453 0.453593
8 0.563578 0.467477 0.564828 0.469699 0.564766 0.471255 0.562703 0.479917 0.561865 0.477236
8 0.559669 0.485759 0.566664 0.500125 0.572615 0.519787 0.571724 0.520894 0.566477 0.505009 0.561477 0.495986 0.560536 0.493671 0.557042 0.487352 0.557104 0.485130 0.558063 0.484472 0.558508 0.483620
8 0.564016 0.474477 0.574818 0.497218 0.575135 0.491917 0.564828 0.469699 0.564766 0.471255
8 0.575982 0.483412 0.564992 0.460921 0.563982 0.466574 0.575135 0.491917
8 0.563331 0.476856 0.572078 0.503847 0.570922 0.505773 0.565354 0.488296 0.562703 0.479917
1 0.458911 0.313361 0.457161 0.314472 0.456099 0.319347 0.452852 0.332356 0.463344 0.339792 0.461906 0.336796 0.460026 0.319000
