2 0.417849 0.354264 0.411260 0.353042 0.411451 0.355787 0.419042 0.378486 0.420169 0.377019 0.416659 0.369667 0.416503 0.367866 0.417906 0.367588 0.419544 0.365505 0.419745 0.364926 0.418159 0.356972
2 0.415729 0.319352 0.410000 0.339259 0.410870 0.346023 0.411141 0.351028 0.417396 0.351713 0.417190 0.350435
2 0.431461 0.129569 0.432068 0.131935 0.433518 0.135593 0.434276 0.136792 0.426224 0.135648 0.429370 0.129208
2 0.564286 0.788579 0.566961 0.799116 0.564826 0.802148 0.560953 0.791139 0.563297 0.789144
2 0.600505 0.707278 0.595370 0.706616 0.593924 0.706199 0.592758 0.705120 0.592094 0.703671 0.592094 0.702671 0.591844 0.701449 0.591969 0.700782 0.594844 0.700648 0.599089 0.700231 0.599104 0.700144
2 0.609297 0.680185 0.609716 0.687287 0.608797 0.687861 0.599940 0.684787
2 0.411060 0.215185 0.416669 0.223653 0.418771 0.222000 0.417234 0.218051 0.418529 0.216898 0.419276 0.218458 0.422036 0.217218 0.423992 0.216968 0.426997 0.216847 0.428107 0.217185 0.425760 0.212625 0.413727 0.213523
2 0.393216 0.204412 0.398177 0.206477 0.400021 0.206042 0.399906 0.208528 0.399714 0.210880 0.389375 0.213611
2 0.369125 0.239347 0.366711 0.226903 0.370536 0.216778 0.374609 0.216565 0.374396 0.219694 0.374521 0.221250 0.375833 0.221250 0.376021 0.218806 0.376896 0.216361 0.377958 0.215472 0.379521 0.214921 0.380771 0.214699 0.381826 0.215292 0.381615 0.216079 0.382148 0.218074 0.382927 0.217806 0.385755 0.227023 0.385594 0.234606 0.380419 0.235690 0.371948 0.238991 0.374893 0.232537 0.375297 0.231176 0.375336 0.230028 0.374893 0.229167 0.374370 0.228806 0.373724 0.228880 0.373078 0.229954
5 0.512216 0.646144 0.514552 0.656181 0.515708 0.655412 0.517008 0.654125 0.518237 0.652583
8 0.518112 0.653764 0.522487 0.665759 0.523174 0.661431 0.521549 0.656764 0.518794 0.653213 0.518237 0.652583
8 0.516487 0.654542 0.520987 0.665315 0.517174 0.662542 0.514552 0.656181
8 0.526227 0.637634 0.533089 0.644852 0.532948 0.648833 0.525573 0.640537 0.525435 0.638713
8 0.527172 0.571102 0.524255 0.582176 0.523445 0.584958 0.522237 0.588542 0.521237 0.590986 0.519799 0.592208 0.518737 0.592986 0.520487 0.595431 0.522862 0.591986 0.525172 0.585431 0.527047 0.579435 0.527797 0.574991 0.527484 0.573657 0.527484 0.572880
8 0.523237 0.591208 0.529984 0.602981 0.529234 0.606759 0.522049 0.593319
8 0.523776 0.592315 0.530047 0.593986 0.530859 0.597426 0.526047 0.596097
8 0.522237 0.588542 0.520617 0.586690 0.519497 0.586606 0.519216 0.587931 0.519638 0.589676 0.520805 0.591088 0.521237 0.590986
8 0.548341 0.580167 0.540729 0.585968 0.539224 0.584778 0.539391 0.582843 0.547672 0.577046
8 0.536258 0.597204 0.536320 0.600648 0.544880 0.602204 0.552378 0.605426 0.552440 0.602093 0.545078 0.599444
8 0.536945 0.592542 0.536445 0.593542 0.536633 0.596097 0.543693 0.598315 0.552440 0.602093 0.552315 0.598870 0.546440 0.596208
8 0.544661 0.582963 0.548687 0.586602 0.551867 0.592130 0.552518 0.598042 0.548326 0.590972 0.545435 0.587116 0.542180 0.584931
8 0.537060 0.577435 0.539065 0.578514 0.539906 0.578019 0.540747 0.578102 0.542987 0.580509 0.539766 0.582417 0.538133 0.581505 0.537060 0.580426 0.536732 0.579843
8 0.537201 0.585153 0.537573 0.588472 0.545974 0.590213 0.546161 0.588056 0.545435 0.587116 0.540729 0.585968
8 0.505859 0.628361 0.508284 0.635648 0.519742 0.645759 0.522672 0.650370 0.523508 0.648731 0.523591 0.646500 0.523255 0.645014
1 0.511565 0.643574 0.512216 0.646144 0.518794 0.653213 0.523276 0.659125 0.526529 0.664278 0.526674 0.662208 0.523495 0.657583 0.519156 0.652315
8 0.542695 0.623944 0.550224 0.636583 0.546542 0.635991 0.541440 0.627514 0.540771 0.624389
8 0.540771 0.624389 0.541440 0.627514 0.543497 0.635366 0.540854 0.635245 0.538898 0.625699 0.539148 0.624657
8 0.526792 0.649412 0.532732 0.654597 0.532617 0.657907 0.527549 0.653639
8 0.562784 0.687528 0.563219 0.704875 0.562060 0.713616 0.560831 0.705005 0.560904 0.690741 0.561411 0.685472
8 0.552896 0.675347 0.558206 0.696560 0.559393 0.695787 0.559768 0.694787 0.558268 0.688565 0.557081 0.687231 0.557018 0.685231 0.557268 0.684231 0.555706 0.678458
8 0.567083 0.660880 0.564669 0.673153 0.566289 0.675940 0.566883 0.672769 0.568112 0.662412
8 0.565495 0.679889 0.564089 0.685185 0.562984 0.683731 0.564273 0.677537
8 0.572875 0.700218 0.570076 0.702954 0.568768 0.704199 0.568255 0.705528 0.567974 0.707102 0.567974 0.708764 0.568068 0.712579 0.568510 0.716537 0.569430 0.720556 0.570271 0.721597 0.571443 0.722787 0.571107 0.723824 0.564766 0.718843 0.570018 0.695722
8 0.541039 0.698403 0.551081 0.707042 0.552573 0.711944 0.539849 0.701282
8 0.561294 0.707731 0.556542 0.711477 0.558865 0.713495 0.561727 0.711671
8 0.544586 0.711870 0.550208 0.719421 0.556456 0.729861 0.558018 0.732417 0.553708 0.730750 0.547896 0.719866 0.544086 0.717310 0.543586 0.714421 0.543461 0.713093
8 0.556513 0.722593 0.557161 0.731042 0.556456 0.729861 0.553922 0.725569 0.553516 0.721981 0.554094 0.719926 0.555354 0.719130
8 0.540044 0.725676 0.542529 0.723565 0.544508 0.725014 0.545599 0.726431 0.540693 0.728843
8 0.551776 0.781324 0.543966 0.788875 0.540844 0.786991 0.548846 0.779801 0.549568 0.780315
8 0.541719 0.744398 0.541852 0.752630 0.551466 0.775282 0.553240 0.779764 0.555063 0.779069 0.553875 0.775370 0.543359 0.749537
8 0.492333 0.488796 0.494130 0.498843 0.494443 0.496898 0.492750 0.485139 0.492490 0.485370 0.492568 0.488935
8 0.500500 0.522894 0.501344 0.529912 0.497516 0.525468 0.497427 0.524449
8 0.519995 0.416634 0.530326 0.435579 0.528953 0.438250 0.527078 0.433065 0.522732 0.426134 0.520909 0.423949 0.518391 0.418685
8 0.523396 0.412681 0.528299 0.431625 0.524508 0.425000 0.521565 0.414773
8 0.505799 0.583310 0.504964 0.585667 0.503917 0.588269 0.502622 0.590227 0.501958 0.590870 0.499849 0.589370 0.501068 0.588185 0.501716 0.588088 0.502526 0.587319 0.502794 0.585593 0.502245 0.585417 0.504510 0.581264
8 0.520424 0.607014 0.525435 0.638713 0.525573 0.640537 0.528487 0.661157 0.531398 0.677282 0.537198 0.708116 0.541620 0.734157 0.541813 0.755194 0.541219 0.757704 0.538505 0.755319 0.539198 0.746069 0.539219 0.737491 0.532005 0.693222 0.530109 0.681333 0.526674 0.662208 0.522453 0.633968 0.519568 0.615602 0.518906 0.605231
8 0.516719 0.612731 0.513669 0.620097 0.513107 0.620764 0.511919 0.619208 0.514948 0.610694
8 0.508143 0.614921 0.517370 0.626111 0.511245 0.621181 0.510492 0.622069 0.507641 0.618491 0.508724 0.617778
8 0.508065 0.586657 0.508516 0.596713 0.506198 0.594444 0.505799 0.583310 0.506172 0.583569
8 0.504964 0.585667 0.506068 0.588981 0.506276 0.594444 0.504609 0.593148 0.503917 0.588269
8 0.504661 0.521343 0.504266 0.533102 0.504120 0.536954 0.504003 0.550296 0.505005 0.564718 0.505687 0.567935 0.506135 0.572912 0.506594 0.576764 0.510352 0.585806 0.514703 0.595176 0.515193 0.597579 0.517813 0.602917 0.519010 0.605509 0.520424 0.607014 0.523031 0.611352 0.527682 0.616944 0.528258 0.612898 0.520781 0.602778 0.516995 0.596407 0.516307 0.594963 0.515682 0.591519 0.514057 0.586630 0.508310 0.575301 0.507935 0.570968 0.507260 0.565616 0.506479 0.554264 0.506133 0.538593 0.506451 0.532032 0.506667 0.525602 0.506771 0.520602
8 0.508365 0.516565 0.508737 0.515694 0.509607 0.515509 0.510549 0.515509 0.510966 0.516565 0.510339 0.516685 0.509714 0.516685 0.509328 0.516625 0.509120 0.517181 0.509016 0.517866 0.508911 0.518421 0.507898 0.518856 0.507794 0.518546 0.507794 0.518546
8 0.502135 0.255329 0.500969 0.256736 0.506336 0.267856 0.507943 0.268472 0.507268 0.265449
8 0.517135 0.519583 0.519471 0.526741 0.518352 0.528213 0.517010 0.525593 0.515922 0.520931
8 0.515883 0.514477 0.517083 0.515370 0.517523 0.515963 0.517617 0.517704 0.517456 0.519065 0.517135 0.519583 0.515922 0.520931 0.515156 0.521218 0.515034 0.521218 0.514688 0.520278 0.516164 0.519282 0.516729 0.518352 0.516768 0.517417 0.516406 0.516412 0.515680 0.515838
8 0.519784 0.535241 0.524536 0.544551 0.525615 0.542727 0.523563 0.539273
8 0.524536 0.544551 0.523974 0.545602 0.523174 0.545991 0.518586 0.533898 0.519784 0.535241
8 0.484924 0.524898 0.486732 0.538134 0.485833 0.538995 0.484859 0.538005 0.483052 0.523097 0.483836 0.523486 0.483836 0.523486
8 0.492107 0.583213 0.488701 0.580227 0.488188 0.580310 0.490055 0.585620 0.493227 0.587981
8 0.511096 0.607231 0.513742 0.614528 0.511919 0.619208 0.508503 0.606944 0.508232 0.604829
8 0.510284 0.617505 0.509906 0.615773 0.509583 0.614718 0.508503 0.606944 0.508232 0.604829 0.506667 0.603148 0.507344 0.608287 0.507630 0.613148 0.507638 0.613699 0.508143 0.614921
8 0.510492 0.622069 0.506922 0.629417 0.508378 0.631144 0.510000 0.627500 0.510742 0.625343 0.510326 0.623560
5 0.519568 0.615602 0.521771 0.629722 0.517344 0.626204 0.516534 0.625000 0.514534 0.617991 0.516797 0.612685 0.517500 0.613519 0.517500 0.613519 0.517682 0.613894
5 0.520424 0.607014 0.523031 0.611352 0.527682 0.616944 0.524844 0.634907
8 0.575779 0.707569 0.578625 0.723611 0.577693 0.723917 0.576760 0.723088 0.574286 0.707903
1 0.610964 0.684130 0.618620 0.685338 0.617773 0.690907 0.616023 0.692796 0.615711 0.693347 0.615711 0.695125 0.615586 0.697347 0.615773 0.698903 0.616086 0.700125 0.616211 0.702014 0.616047 0.703991 0.615096 0.710162 0.607771 0.699958
8 0.641602 0.702204 0.644279 0.711125 0.646620 0.724208 0.647792 0.737444 0.644948 0.738931 0.642612 0.721690 0.639753 0.711699 0.639753 0.711699 0.637503 0.704731
8 0.644612 0.713204 0.648208 0.706218 0.651305 0.705921 0.645701 0.717519
8 0.632010 0.658718 0.629826 0.659273 0.623531 0.639870 0.623490 0.636343 0.623490 0.636343
8 0.449951 0.328718 0.455260 0.340556 0.458693 0.347579 0.458445 0.343407 0.457951 0.338366 0.457828 0.333102 0.458885 0.329583 0.456745 0.331111 0.453568 0.329954
8 0.464401 0.341296 0.465630 0.343102 0.469190 0.350620 0.464805 0.359412 0.458693 0.347579 0.463503 0.344069
8 0.472573 0.359000 0.473008 0.369407 0.469258 0.372616 0.467034 0.373991 0.465677 0.377431 0.467089 0.385292 0.461411 0.370250 0.470276 0.353301
6 0.519232 0.514042 0.525195 0.519106 0.532745 0.523912 0.539190 0.528440 0.541888 0.532171 0.542807 0.535606 0.543815 0.538792 0.548034 0.564417 0.552232 0.585736 0.548635 0.555356 0.545036 0.535903 0.543987 0.530838 0.543237 0.528440 0.535893 0.523111 0.524992 0.515241 0.522958 0.514208 0.520669 0.512157
6 0.542807 0.535606 0.543815 0.538792 0.537060 0.577435 0.536732 0.579843 0.531497 0.608463 0.526227 0.637634 0.525435 0.638713 0.524844 0.634907 0.529234 0.606759 0.529984 0.602981 0.531477 0.596602 0.532359 0.591764 0.534352 0.578431 0.534958 0.575444 0.537297 0.561755 0.538268 0.558491 0.538852 0.555139 0.539607 0.550727 0.540807 0.545370
6 0.555346 0.618384 0.555924 0.638306 0.556286 0.642292 0.556745 0.660602 0.554992 0.657829 0.554320 0.640597 0.552750 0.616625 0.552378 0.605426 0.552518 0.598042 0.552232 0.585736 0.545638 0.531523 0.546690 0.525324 0.551471 0.551569 0.550760 0.552671 0.550906 0.555500 0.551497 0.560412 0.552036 0.565116 0.554320 0.577361 0.555354 0.611676
6 0.642057 0.567546 0.643294 0.577889 0.644302 0.582667 0.645310 0.587444 0.645646 0.594412 0.645310 0.599389 0.642253 0.598704 0.639823 0.596403 0.629409 0.589236 0.620898 0.583463 0.625042 0.590231 0.632432 0.595407 0.639375 0.601579 0.645086 0.605361 0.647437 0.605361 0.647773 0.601778 0.647885 0.599787 0.646430 0.582468 0.645052 0.570463
6 0.539701 0.462324 0.548094 0.476181 0.560688 0.492972 0.569081 0.503097 0.579273 0.512958 0.608411 0.533333 0.625391 0.545324 0.631456 0.550375 0.634469 0.550375 0.640299 0.549972 0.641859 0.565111 0.644609 0.566806 0.642203 0.546005 0.641529 0.546005 0.631560 0.546778 0.625398 0.544005 0.597966 0.522097 0.571885 0.502593 0.549294 0.473491 0.543477 0.463338
6 0.588253 0.523009 0.599740 0.544051 0.616776 0.574120 0.620898 0.583463 0.625042 0.590231 0.625638 0.591273 0.623732 0.595861 0.622833 0.595861 0.618828 0.585949 0.614573 0.577787 0.610716 0.574917 0.600508 0.554574 0.583341 0.521065 0.584482 0.521519 0.586661 0.522264
6 0.567544 0.454565 0.570237 0.457356 0.575062 0.465338 0.575958 0.467931 0.577979 0.479097 0.578573 0.480264 0.579245 0.483245 0.579914 0.484287 0.582018 0.487079 0.586841 0.497250 0.589310 0.500838 0.592339 0.505625 0.597344 0.508426 0.597969 0.513009 0.590880 0.510014 0.588862 0.507222 0.580896 0.494657 0.576297 0.488074 0.575286 0.484481 0.574164 0.469722 0.570237 0.464736 0.567008 0.460005 0.568935 0.458662
8 0.540122 0.432708 0.538620 0.456111 0.540185 0.457412 0.540438 0.453296 0.539935 0.451403 0.540060 0.450069 0.540750 0.449287 0.541375 0.434708
8 0.406961 0.152889 0.406089 0.146440 0.405635 0.145944 0.405008 0.145944 0.404729 0.146440 0.405602 0.156977
6 0.539138 0.464009 0.541099 0.472958 0.550464 0.502616 0.557005 0.520324 0.557117 0.519912 0.547180 0.485856 0.542146 0.466449 0.539701 0.462324 0.539922 0.464241
8 0.450029 0.462921 0.454909 0.472028 0.454586 0.473963 0.450190 0.474037 0.449719 0.471333 0.450367 0.471106 0.452286 0.471667 0.450151 0.467079
8 0.446560 0.455963 0.447771 0.458759 0.447971 0.463708 0.445391 0.457042
8 0.440638 0.409884 0.446044 0.417486 0.446206 0.421213 0.440961 0.413542
8 0.443099 0.399699 0.445802 0.410889 0.446044 0.417486 0.444229 0.412537 0.441607 0.400060 0.441849 0.399486 0.442576 0.399125
6 0.542146 0.466449 0.547180 0.485856 0.557117 0.519912 0.557263 0.518546 0.558852 0.519292 0.559784 0.520954 0.554438 0.499944 0.548094 0.476181
8 0.370294 0.242287 0.374893 0.232537 0.375297 0.231176 0.375336 0.230028 0.374893 0.229167 0.374370 0.228806 0.373724 0.228880 0.373078 0.229954 0.369125 0.239347
8 0.371948 0.238991 0.380419 0.235690 0.387961 0.234329 0.388810 0.234829 0.389052 0.235764 0.388849 0.237125 0.388326 0.238343 0.387641 0.238486 0.379612 0.239778 0.370294 0.242287
8 0.359789 0.212241 0.360727 0.215019 0.374971 0.209796 0.383594 0.204690 0.386094 0.203023 0.386406 0.199801 0.374784 0.206134 0.371232 0.207514
6 0.534036 0.462315 0.535367 0.469921 0.536237 0.472505 0.537883 0.480417 0.540398 0.492116 0.542914 0.505880 0.545044 0.516546 0.545625 0.520847 0.543237 0.528440 0.543987 0.530838 0.544948 0.535278 0.546690 0.525324 0.547172 0.521708 0.547172 0.519301 0.546109 0.513796 0.544656 0.507083 0.543177 0.494306 0.541464 0.483856 0.534964 0.465148
6 0.534036 0.462315 0.531979 0.455917 0.544146 0.525162 0.545625 0.520847 0.545044 0.516546 0.542914 0.505880 0.540398 0.492116 0.537883 0.480417 0.536237 0.472505 0.535367 0.469921 0.534036 0.462315 0.534964 0.465148
6 0.543867 0.526319 0.543237 0.528440 0.542318 0.527685 0.540529 0.518611 0.532674 0.475926 0.528411 0.444213 0.531979 0.455917 0.538701 0.496431
6 0.543177 0.494306 0.557526 0.550440 0.559141 0.549167 0.546083 0.497870 0.541464 0.483856
6 0.547172 0.519301 0.547703 0.519477 0.556414 0.550620 0.554591 0.551884 0.547703 0.525417 0.547172 0.521708
8 0.523984 0.412218 0.525234 0.410972 0.526469 0.412681 0.536536 0.454060 0.534966 0.452778 0.534966 0.452778 0.534771 0.454407 0.529867 0.436042 0.530326 0.435579 0.528299 0.431625
6 0.526469 0.412681 0.536536 0.454060 0.538620 0.456111 0.539013 0.450792 0.536076 0.433315 0.535424 0.432278 0.535909 0.426602
6 0.543195 0.452903 0.548224 0.464556 0.551727 0.467769 0.545398 0.452296
6 0.544948 0.448481 0.541273 0.439037 0.541104 0.444963 0.542630 0.448981
6 0.545286 0.448380 0.541375 0.434708 0.545794 0.441250 0.547602 0.447977
6 0.547602 0.447977 0.545794 0.441250 0.550112 0.447352
6 0.548508 0.451597 0.551388 0.461440 0.549807 0.463148 0.546302 0.452199
6 0.548508 0.451597 0.551937 0.451023 0.553802 0.458356 0.551542 0.460866
6 0.558151 0.420787 0.564870 0.431292 0.569565 0.437847 0.574508 0.446787 0.576435 0.451556 0.573922 0.453194 0.566547 0.439787 0.558724 0.428241 0.558641 0.424315
8 0.411388 0.156481 0.410307 0.158468 0.409089 0.159769 0.407031 0.160324 0.409367 0.156792 0.410760 0.154190
8 0.395117 0.125111 0.389539 0.120731 0.382846 0.115519 0.377443 0.110685 0.359987 0.093560 0.359117 0.093949 0.358828 0.096264 0.359336 0.097426 0.378094 0.115194 0.389974 0.124593 0.394971 0.127685
8 0.353021 0.144213 0.376034 0.121338 0.376990 0.121856 0.377206 0.123912 0.376482 0.126227 0.375870 0.126824 0.375547 0.127880 0.371562 0.131204 0.363021 0.139861 0.358104 0.142435 0.358083 0.144537 0.354167 0.147593
8 0.348708 0.143019 0.350984 0.140560 0.362135 0.129028 0.367161 0.123935 0.368339 0.122870 0.370508 0.120417 0.377380 0.114259 0.378094 0.115194 0.381276 0.117819 0.378464 0.119745 0.376677 0.121764 0.376034 0.121338 0.352984 0.144042 0.351630 0.143454
8 0.383177 0.131097 0.394971 0.127685 0.394615 0.131671 0.382693 0.135694 0.382578 0.135278
8 0.383063 0.121731 0.388904 0.123551 0.389974 0.124593 0.394971 0.127685 0.392500 0.128509 0.383367 0.126139 0.383495 0.124431
8 0.395747 0.122259 0.392029 0.119528 0.390492 0.119241 0.390331 0.120245 0.390451 0.121468 0.395117 0.125111 0.395271 0.123898
8 0.393208 0.132343 0.385240 0.166898 0.385729 0.168241 0.388122 0.163662 0.390531 0.152972 0.389891 0.151370 0.390018 0.150037 0.390956 0.149815 0.391549 0.150269 0.394018 0.137782 0.394615 0.131671
8 0.400313 0.152130 0.406695 0.141231 0.402812 0.141676 0.398555 0.150694
6 0.543581 0.394449 0.550307 0.407986 0.555544 0.416569 0.556432 0.424491 0.556615 0.429907 0.553792 0.423296 0.549341 0.413491 0.541883 0.398056 0.543031 0.395843
8 0.424096 0.118343 0.421380 0.120329 0.417154 0.124833 0.416523 0.125319 0.414133 0.125264 0.416518 0.122366 0.420172 0.118500 0.421833 0.117000
6 0.537096 0.428537 0.537935 0.433898 0.539695 0.438667 0.539443 0.443583 0.537852 0.440454 0.537096 0.437028 0.536427 0.433898 0.535424 0.432278 0.535909 0.426602
8 0.427685 0.157981 0.418107 0.168778 0.417417 0.166116 0.426120 0.155866
8 0.445357 0.131560 0.457250 0.115537 0.458003 0.116426 0.458253 0.118431 0.447484 0.133120
8 0.442167 0.128958 0.445357 0.131560 0.449042 0.134194 0.446469 0.136356 0.443943 0.134194
8 0.437021 0.109694 0.441578 0.098144 0.447422 0.081759 0.455638 0.053495 0.455542 0.051426 0.454378 0.051944 0.448656 0.070736 0.439930 0.096593 0.434661 0.111944
8 0.429807 0.110171 0.432286 0.108505 0.435372 0.107009 0.436495 0.107009 0.435279 0.110005 0.432893 0.111250 0.431398 0.112167
8 0.427328 0.111917 0.428497 0.113912 0.426453 0.116208 0.424055 0.114657
8 0.446003 0.102505 0.447862 0.102435 0.447055 0.095537 0.446609 0.094171 0.445599 0.093954 0.445034 0.094389 0.444911 0.095319
8 0.432404 0.113579 0.434661 0.111944 0.437021 0.109694 0.441940 0.105315 0.442708 0.105171 0.443115 0.105745 0.443154 0.106681 0.433534 0.115014
8 0.430068 0.086116 0.438615 0.100417 0.437565 0.103361 0.428172 0.088204 0.428625 0.087079 0.429255 0.086116
6 0.558667 0.429977 0.562982 0.439042 0.563177 0.443458 0.565466 0.449620 0.566708 0.449620 0.567492 0.447528 0.567690 0.444852 0.567885 0.441833 0.566904 0.440319 0.566773 0.442759 0.564029 0.437181 0.563570 0.435204 0.558724 0.428241
1 0.570828 0.447292 0.570044 0.453222 0.571677 0.456245 0.572659 0.455199 0.573703 0.456824 0.574945 0.455083 0.575667 0.456009 0.573966 0.458454 0.575404 0.462634 0.577888 0.468565 0.582987 0.477167 0.580372 0.478792 0.576776 0.469375 0.575958 0.467931 0.575062 0.465338 0.570237 0.457356 0.567544 0.454565 0.566315 0.451593 0.566708 0.449620 0.567492 0.448468 0.567820 0.449153 0.570174 0.446130
6 0.556232 0.487037 0.568047 0.532005 0.568138 0.534472 0.565104 0.529662 0.563268 0.526458 0.553396 0.482931
6 0.556232 0.487037 0.560688 0.492972 0.569352 0.518625 0.571461 0.537181 0.570370 0.537704 0.567586 0.526815 0.568047 0.532005
6 0.569448 0.508356 0.564984 0.498398 0.569081 0.503097 0.570674 0.505088 0.600956 0.565773 0.599120 0.564255 0.596055 0.563125 0.583276 0.536519 0.582867 0.534593 0.582555 0.533370 0.581055 0.533815 0.571286 0.513023 0.570229 0.508514
8 0.443154 0.106681 0.447414 0.107977 0.449190 0.109472 0.450266 0.110968 0.453586 0.120611 0.452182 0.122023 0.448490 0.112796 0.446852 0.110884 0.445451 0.109968 0.443346 0.109472 0.442161 0.107639
8 0.454768 0.123111 0.456849 0.127037 0.454479 0.129213 0.452792 0.125769
1 0.453760 0.138028 0.465659 0.133440 0.466185 0.132366 0.467031 0.132148 0.467510 0.132759 0.468596 0.132634 0.468742 0.134046 0.467510 0.134306 0.454003 0.139537
8 0.455576 0.132366 0.457552 0.136481 0.456146 0.137083 0.454078 0.133731
8 0.458216 0.138014 0.461641 0.144769 0.459888 0.144398 0.456771 0.138472
8 0.460484 0.137125 0.462961 0.144130 0.463135 0.145120 0.461719 0.144861 0.458216 0.138014
8 0.448768 0.138088 0.451987 0.139000 0.452268 0.140079 0.452221 0.141241 0.451940 0.141491 0.446201 0.140412
8 0.449188 0.157338 0.457961 0.147796 0.458151 0.146343 0.456563 0.145463 0.448307 0.154583
8 0.473940 0.159931 0.477451 0.164593 0.478539 0.166241 0.477570 0.167245 0.476682 0.166958 0.473568 0.163287 0.474018 0.161491
8 0.473307 0.154481 0.474620 0.150153 0.475557 0.149264 0.476120 0.150486 0.475995 0.152481 0.473940 0.159931
6 0.640911 0.556296 0.640299 0.549972 0.634469 0.550375
8 0.483594 0.184583 0.493242 0.202569 0.490380 0.202282 0.481794 0.185389
8 0.482135 0.181389 0.479174 0.175537 0.478365 0.175824 0.477932 0.176690 0.477932 0.177648 0.480365 0.182352
8 0.501156 0.238718 0.507943 0.268472 0.510000 0.269074 0.502891 0.238204 0.501951 0.237690
8 0.507503 0.258644 0.513430 0.270264 0.510000 0.269074
8 0.465885 0.236898 0.467049 0.240222 0.472615 0.206421 0.472904 0.204366 0.472182 0.203079 0.471169 0.203079
8 0.464445 0.230968 0.465604 0.235208 0.467411 0.221204 0.467771 0.214778 0.467844 0.209120 0.467555 0.205394 0.466615 0.205139 0.466326 0.206681 0.466109 0.215676 0.465674 0.221458
8 0.550859 0.353000 0.551026 0.372185 0.552615 0.392259 0.554036 0.391958 0.554372 0.389731 0.552615 0.371144 0.552448 0.355528
8 0.526938 0.310773 0.550859 0.353000 0.552448 0.355528 0.553367 0.355231 0.553703 0.353894 0.553703 0.353000 0.549789 0.347454 0.538562 0.327278 0.537828 0.327069 0.527969 0.306426 0.526997 0.309111
8 0.431672 0.123468 0.430365 0.126208 0.428292 0.125986 0.429898 0.122389
5 0.441393 0.110921 0.439893 0.119250 0.440081 0.120806 0.444206 0.126250 0.445357 0.131560 0.442167 0.128958 0.440581 0.125694 0.437458 0.120583 0.437083 0.117361 0.437146 0.115139 0.438271 0.113028 0.438958 0.110588 0.440479 0.109194
8 0.410156 0.178796 0.408237 0.175667 0.392180 0.150894 0.390956 0.149815 0.390018 0.150037 0.389891 0.151370 0.390531 0.152972 0.406406 0.176898 0.407552 0.178264 0.408859 0.180083
8 0.385990 0.214120 0.388089 0.213833 0.388508 0.195991 0.389117 0.188394 0.389313 0.175995 0.392000 0.164648 0.390320 0.163255 0.387667 0.174620 0.387180 0.180028 0.386500 0.191231 0.386406 0.199801 0.386094 0.203023
8 0.386370 0.194574 0.383786 0.198088 0.381406 0.202463 0.385036 0.200523 0.386409 0.198014
8 0.399714 0.210880 0.388089 0.213833 0.381826 0.215292 0.381826 0.216829 0.382148 0.218074 0.399427 0.214426
8 0.401768 0.210671 0.404943 0.210009 0.406669 0.212579 0.401815 0.213574
8 0.400990 0.187671 0.395833 0.192639 0.393542 0.193426 0.388539 0.197556 0.388445 0.201954 0.398898 0.192907 0.401513 0.191579 0.402555 0.190458 0.401367 0.190074 0.400828 0.189019
8 0.363620 0.214120 0.368049 0.216898 0.367799 0.218671 0.366737 0.219894 0.365674 0.219894 0.360727 0.215019
6 0.576458 0.572778 0.576789 0.571125 0.571685 0.545255 0.570766 0.539454 0.567586 0.526815 0.568021 0.534028 0.569763 0.544509 0.571685 0.553731
8 0.576641 0.596898 0.559427 0.664676 0.560885 0.667407 0.577956 0.600727 0.577997 0.597514 0.576849 0.595694
6 0.552922 0.565894 0.558049 0.589116 0.568229 0.629769 0.569375 0.625417 0.555534 0.567782
6 0.542469 0.601833 0.550406 0.616458 0.541953 0.613287 0.535792 0.603037 0.536320 0.600648
6 0.572135 0.495093 0.599000 0.519356 0.599521 0.523296 0.597966 0.522097 0.575208 0.501204
6 0.563776 0.482454 0.573083 0.503551 0.578411 0.507454 0.566547 0.484630
6 0.569297 0.541713 0.567547 0.542468 0.564484 0.544801 0.565047 0.547245 0.569763 0.544509
8 0.385247 0.217519 0.389406 0.228560 0.389406 0.230287 0.388813 0.231727 0.387570 0.231727 0.386922 0.231153 0.382927 0.217806
8 0.384456 0.214583 0.383581 0.212810 0.382206 0.211921 0.380458 0.211477 0.378396 0.211477 0.376833 0.211921 0.375609 0.213787 0.374859 0.216009 0.374609 0.216565 0.374396 0.219694 0.374521 0.221250 0.375833 0.221250 0.376021 0.218806 0.376896 0.216361 0.377958 0.215472 0.379521 0.214921 0.380771 0.214699 0.381826 0.215292
1 0.388445 0.201954 0.398177 0.206477 0.398388 0.205477 0.393453 0.203699 0.388742 0.201144
8 0.393875 0.215713 0.398865 0.219954 0.398865 0.220597 0.396841 0.223556 0.391201 0.218542 0.391852 0.216102
8 0.388130 0.216944 0.388023 0.224912 0.386242 0.220398 0.386188 0.217231
8 0.385755 0.227023 0.385594 0.234606 0.387961 0.234329 0.387570 0.231727 0.386922 0.231153
8 0.417865 0.141667 0.430510 0.150894 0.428672 0.153194 0.421734 0.147574
8 0.425187 0.138060 0.422083 0.144755 0.420104 0.143241 0.423096 0.137755 0.423568 0.137685
8 0.414797 0.136852 0.417760 0.138898 0.421563 0.140449 0.420620 0.142495 0.417865 0.141667
8 0.430047 0.154685 0.438307 0.161435 0.439927 0.159486 0.431641 0.152361
8 0.433073 0.153519 0.442484 0.156097 0.439927 0.159486
8 0.420234 0.147361 0.414352 0.153532 0.413844 0.151861 0.419234 0.145519
8 0.429370 0.129208 0.426190 0.135634 0.424760 0.135458 0.424167 0.135380 0.427474 0.128472
8 0.422805 0.187509 0.437979 0.172435 0.435661 0.169352 0.421563 0.182708
8 0.427344 0.161343 0.425612 0.160245 0.418161 0.169750 0.418477 0.170213 0.423831 0.165046 0.425018 0.162741 0.426206 0.162644
8 0.450961 0.136389 0.454003 0.139537 0.458583 0.143986 0.452422 0.141713 0.452221 0.141241 0.452268 0.140079 0.451987 0.139000 0.448768 0.138088
8 0.436276 0.174167 0.437516 0.178130 0.437786 0.180856 0.436344 0.181819 0.434990 0.178931 0.434513 0.175750
8 0.468984 0.253009 0.470880 0.257255 0.501302 0.270046 0.504036 0.270861 0.512065 0.272792 0.516380 0.274653 0.515211 0.270787 0.500320 0.265880
8 0.465010 0.240602 0.464010 0.253264 0.460026 0.269421 0.458937 0.272546 0.457263 0.271944 0.457263 0.270310 0.461612 0.253208 0.463880 0.236250
8 0.500990 0.312361 0.484435 0.294880 0.484578 0.293722 0.485159 0.293083 0.502651 0.310431
8 0.570562 0.592435 0.576536 0.597593 0.576042 0.599259 0.571901 0.595602
6 0.572857 0.540792 0.578964 0.552093 0.580299 0.554616 0.581456 0.557056 0.591000 0.574407 0.613784 0.615750 0.614193 0.623009 0.599479 0.596977 0.593096 0.584042 0.587161 0.574287 0.581651 0.563875 0.571685 0.545255 0.570766 0.539454
8 0.567021 0.581639 0.570635 0.584852 0.573672 0.587426 0.574320 0.589866 0.570852 0.587037 0.567599 0.584338
6 0.610169 0.576954 0.619036 0.595245 0.616945 0.599259 0.616193 0.598815 0.603143 0.571009 0.606063 0.573407
6 0.604302 0.524500 0.618688 0.534606 0.621581 0.536778 0.628339 0.541676 0.632464 0.544722 0.633547 0.546398 0.631560 0.546778 0.625398 0.544005 0.603828 0.526759
2 0.450896 0.391194 0.452526 0.399306 0.451182 0.398903 0.450565 0.399421 0.449523 0.400380 0.449083 0.401088 0.447797 0.402204 0.447388 0.402398 0.447370 0.407546 0.448456 0.408722 0.449682 0.410514 0.450167 0.410301 0.450570 0.410370 0.451133 0.410157 0.452102 0.409079 0.451859 0.407356 0.452224 0.406426 0.452586 0.405926 0.452990 0.405995 0.453674 0.406356 0.454161 0.408245 0.456094 0.420648 0.461516 0.423213 0.462484 0.420634 0.462292 0.418398 0.461615 0.415644 0.461130 0.414611 0.462000 0.409106 0.464419 0.408588 0.464711 0.408588 0.466010 0.406769 0.468151 0.404306 0.462500 0.396296 0.460406 0.396569 0.455810 0.381111
2 0.475646 0.367282 0.469258 0.372616 0.467034 0.373991 0.465677 0.377431 0.467089 0.385292 0.470477 0.394241 0.471445 0.399227 0.471445 0.400778 0.476070 0.383144 0.478612 0.373829
2 0.647437 0.605361 0.647034 0.609236 0.649159 0.613125 0.648034 0.613347 0.647034 0.611014 0.646096 0.613458 0.647034 0.614231 0.652344 0.618009 0.653219 0.619231 0.653219 0.621231 0.651094 0.626898 0.641474 0.603588 0.645086 0.605361
10 0.591000 0.574407 0.593674 0.575690 0.595263 0.577620 0.596638 0.579931 0.597359 0.581861 0.597794 0.584815 0.597794 0.587130
10 0.587161 0.574287 0.584026 0.575481 0.581674 0.579065 0.580555 0.584838 0.581115 0.591208 0.582570 0.595583 0.585482 0.598968 0.588729 0.600162 0.591865 0.600162 0.593432 0.598968 0.596232 0.601954 0.599479 0.596977 0.593096 0.584042
2 0.485070 0.459597 0.485917 0.461171 0.487292 0.463949 0.489227 0.465421 0.489372 0.464269 0.490745 0.464269 0.492096 0.467454 0.490031 0.450611 0.487750 0.453032 0.486953 0.455606
2 0.616081 0.650574 0.617086 0.661069 0.608464 0.660704 0.607922 0.660125 0.607807 0.658495
2 0.589880 0.646181 0.591680 0.656009 0.590844 0.657653 0.588578 0.654801 0.587323 0.655361 0.584044 0.665898 0.583813 0.652315 0.582742 0.650843 0.582135 0.651491 0.581854 0.653639 0.582216 0.663106 0.578437 0.657639 0.581370 0.645106
2 0.467286 0.316542 0.468810 0.322569 0.472862 0.328630 0.472880 0.329810 0.473729 0.331583 0.478932 0.336213 0.477974 0.337597 0.477302 0.340583 0.477302 0.343370 0.474732 0.343847 0.472263 0.340995 0.470906 0.334856 0.468562 0.335514 0.464984 0.339463 0.463503 0.344069 0.458693 0.347579 0.458445 0.343407 0.457951 0.338366 0.457828 0.333102 0.458885 0.329583 0.460049 0.327176 0.463005 0.325759 0.463753 0.325014 0.463846 0.322606 0.463503 0.321694 0.463109 0.319144 0.464823 0.318167 0.466641 0.317468
2 0.487083 0.477824 0.486198 0.477361 0.484667 0.481120 0.482555 0.485639 0.481906 0.486602 0.481693 0.491750 0.481661 0.493579 0.491615 0.497894
2 0.592193 0.522116 0.590682 0.523755 0.588253 0.523009 0.586661 0.522264 0.584482 0.521519 0.583490 0.520926 0.582135 0.519120 0.579792 0.520185 0.578951 0.518690 0.581130 0.517347 0.582052 0.515116 0.591354 0.521370
2 0.483036 0.548366 0.478318 0.553028 0.484708 0.570667 0.488786 0.570667
2 0.470409 0.530403 0.477669 0.550630 0.481286 0.546116 0.470495 0.528009
2 0.514682 0.557306 0.516182 0.559750 0.509237 0.572532 0.507935 0.570968 0.507260 0.565616 0.511477 0.558486 0.511914 0.559264
2 0.515643 0.452671 0.514875 0.464903 0.518932 0.471472 0.520055 0.467968 0.521576 0.465523
2 0.441844 0.414787 0.445664 0.424806 0.446539 0.427032 0.446979 0.442611 0.446039 0.440495 0.444286 0.434042 0.442159 0.429926 0.440961 0.413542
2 0.448273 0.428667 0.451388 0.439741 0.452766 0.444894 0.450667 0.446162 0.449818 0.447236 0.449255 0.449171
2 0.390466 0.191338 0.393542 0.193426 0.395833 0.192639 0.406357 0.182801 0.407552 0.178264 0.406406 0.176898 0.390531 0.152972 0.388122 0.163662 0.385729 0.168426 0.387667 0.174620 0.390320 0.163255 0.392000 0.164648 0.389313 0.175995 0.389117 0.188394
2 0.477747 0.278162 0.480784 0.287028 0.482664 0.292296 0.484578 0.293722 0.484435 0.294880 0.482664 0.297954 0.477776 0.280639
2 0.405451 0.187593 0.404826 0.191593 0.404076 0.195593 0.403013 0.198148 0.398388 0.205477 0.393453 0.203699 0.398513 0.192815 0.401013 0.191704 0.401513 0.191579 0.402555 0.190458
8 0.479581 0.480542 0.472823 0.479616 0.472258 0.479829 0.472115 0.483139 0.479687 0.484486
8 0.483729 0.502745 0.489284 0.506287 0.485721 0.507343 0.482760 0.504301
8 0.510453 0.461065 0.510458 0.462583 0.517990 0.475463 0.518932 0.471472 0.511247 0.459907
8 0.451919 0.232218 0.440529 0.239014 0.440896 0.240023 0.442599 0.240574 0.452956 0.234481
8 0.425315 0.280083 0.422057 0.289227 0.424232 0.290264 0.424716 0.289551 0.427146 0.282347
8 0.449971 0.310838 0.453932 0.318375 0.455039 0.321829 0.460049 0.327176 0.458885 0.329583 0.457154 0.326491 0.454378 0.322801 0.452820 0.319097 0.451258 0.315083 0.449961 0.312801
8 0.444292 0.304685 0.449961 0.312801 0.451258 0.315083 0.448831 0.314162 0.447091 0.314162 0.442034 0.305593
8 0.576945 0.621264 0.579547 0.622546 0.572633 0.649296 0.573331 0.641440
8 0.565599 0.688611 0.558076 0.740583 0.559138 0.741801 0.560385 0.741801 0.561018 0.737370 0.561643 0.733370 0.562685 0.727838 0.568365 0.688931 0.570708 0.667819 0.571435 0.657148 0.572633 0.649296 0.574214 0.629241 0.577956 0.600727 0.576094 0.607963 0.572526 0.621759 0.569919 0.645194 0.566565 0.678000
8 0.483503 0.360162 0.486099 0.364282 0.492305 0.374463 0.492034 0.375500 0.492659 0.375833 0.492747 0.375176 0.495458 0.378574 0.494979 0.379375 0.504529 0.394843 0.504797 0.397157 0.491521 0.377102 0.482760 0.363148 0.483240 0.361370
8 0.481823 0.361991 0.471604 0.346838 0.470727 0.343949 0.471125 0.342306 0.472240 0.343157 0.474232 0.344574 0.481203 0.356708 0.482786 0.359167
8 0.482789 0.351333 0.482956 0.359398 0.481203 0.356708 0.481109 0.352528 0.481109 0.349343 0.481893 0.348347
8 0.465630 0.343102 0.469190 0.350620 0.470276 0.353301 0.478612 0.373829 0.479409 0.370292 0.469771 0.347491
8 0.470568 0.346639 0.479888 0.368306 0.479409 0.370292 0.469771 0.347491
8 0.465867 0.338144 0.470727 0.343949 0.471047 0.345648 0.469771 0.347491 0.464435 0.341259 0.464984 0.339463
8 0.403932 0.296806 0.405102 0.298718 0.405102 0.342514 0.403305 0.338477
8 0.576513 0.611625 0.578680 0.612269 0.573331 0.641440 0.574214 0.629241
8 0.625208 0.608861 0.637302 0.646801 0.639398 0.649500 0.637229 0.641014 0.626745 0.608380
8 0.618229 0.647500 0.621029 0.650921 0.624716 0.655366 0.624341 0.658032 0.621029 0.654032 0.618469 0.650810
8 0.631276 0.665278 0.629495 0.672407 0.627120 0.680565 0.624148 0.688148 0.621286 0.694102 0.621417 0.697343 0.626417 0.691412 0.629010 0.682773 0.632089 0.670102 0.633125 0.663796
8 0.605612 0.629894 0.615599 0.644259 0.615807 0.647963 0.604859 0.632421 0.603938 0.629894
5 0.622076 0.672759 0.623948 0.674884 0.627029 0.679199 0.626591 0.669019
8 0.626591 0.669019 0.627120 0.680565 0.629021 0.674009 0.628750 0.667384
8 0.618620 0.685338 0.617055 0.696088 0.616622 0.698681 0.616625 0.702963 0.618510 0.700407 0.619461 0.696722 0.618766 0.689472
8 0.622076 0.672759 0.620677 0.682546 0.620055 0.674162
5 0.631456 0.678500 0.633143 0.679944 0.635211 0.683551 0.634948 0.685972 0.632760 0.686620 0.629557 0.683009
5 0.639398 0.687796 0.640599 0.689542 0.639349 0.697208 0.637786 0.693431 0.636224 0.692097 0.636500 0.688801
8 0.632089 0.670102 0.634286 0.665329 0.635536 0.665106 0.636161 0.666106 0.636224 0.667551 0.627656 0.687222 0.629010 0.682773
5 0.642203 0.692162 0.645641 0.697495 0.642516 0.700940 0.641453 0.698940
8 0.642766 0.686278 0.640953 0.702940 0.638456 0.704051 0.641266 0.684833 0.642245 0.685907
8 0.633854 0.674014 0.635664 0.681088 0.635211 0.683551 0.632711 0.675889 0.633284 0.674444
8 0.639091 0.669639 0.636797 0.685463 0.634948 0.685972 0.636906 0.670306 0.637594 0.668194 0.638341 0.668194 0.638529 0.668194
8 0.618070 0.675653 0.618453 0.682843 0.618766 0.689472 0.619461 0.696722 0.619914 0.698954 0.621417 0.697343 0.621065 0.691764 0.620857 0.685505 0.620055 0.674162 0.618534 0.675500
8 0.612578 0.678356 0.611388 0.683731 0.609716 0.691125 0.607771 0.699958 0.606354 0.697963 0.608797 0.687861 0.609716 0.687287 0.609445 0.684407 0.610362 0.679606
8 0.587971 0.690787 0.591969 0.700782 0.591534 0.700894 0.591159 0.700782 0.590534 0.701116 0.590034 0.701338 0.586846 0.692565 0.585810 0.687731
6 0.550760 0.552671 0.550906 0.555500 0.555823 0.554218 0.563568 0.548981 0.562734 0.546250 0.555604 0.551389
6 0.581456 0.557056 0.584786 0.563458 0.598448 0.567440 0.606063 0.573407 0.613229 0.579181 0.618828 0.585949 0.614573 0.577787 0.608862 0.573806 0.600938 0.565787 0.599120 0.564255 0.583047 0.557569
6 0.608307 0.533287 0.626687 0.552343 0.650154 0.575444 0.650930 0.573199 0.650154 0.570787 0.645000 0.565093 0.644557 0.566528 0.641875 0.565093 0.628984 0.550972 0.618281 0.540231
6 0.570766 0.539454 0.570370 0.537704 0.571461 0.537181 0.577430 0.534815 0.581055 0.533815 0.582555 0.533370 0.582867 0.534593 0.577120 0.537593 0.574432 0.539704 0.572857 0.540792
6 0.593122 0.510986 0.590880 0.510014 0.588862 0.507222 0.588969 0.508139 0.591036 0.512037 0.595698 0.516315 0.595698 0.516315
6 0.573260 0.490241 0.578685 0.500819 0.572135 0.495093 0.566547 0.484630
6 0.557656 0.569120 0.560310 0.571014 0.568781 0.603690 0.562654 0.588093
6 0.560310 0.571014 0.561974 0.572356 0.567042 0.591051 0.568781 0.603690
6 0.556523 0.476060 0.566591 0.495704 0.571885 0.502593 0.573083 0.503551 0.568385 0.495509 0.560573 0.479537
6 0.555151 0.474782 0.564172 0.492449 0.555411 0.481292 0.550312 0.470819
6 0.600604 0.539194 0.591073 0.523324 0.590682 0.523755 0.588253 0.523009 0.599740 0.544051
6 0.602117 0.541347 0.631089 0.590565 0.625341 0.586667 0.601495 0.545389
6 0.602117 0.541347 0.602669 0.536583 0.634896 0.593065 0.631089 0.590565
6 0.601589 0.535157 0.594781 0.523861 0.592193 0.522116 0.591073 0.523324 0.600604 0.539194
6 0.602669 0.536583 0.609922 0.534815 0.608307 0.533287 0.606224 0.531880 0.603352 0.533088
6 0.605901 0.535560 0.616870 0.561250 0.602669 0.536583
6 0.605901 0.535560 0.609922 0.534815 0.614818 0.541157 0.614818 0.541157 0.618826 0.563208 0.620523 0.567782 0.616870 0.561250
6 0.580180 0.519963 0.591982 0.544306 0.602552 0.567546 0.608862 0.573806 0.605672 0.568912 0.600508 0.554574 0.583341 0.521065 0.582148 0.519157 0.582161 0.518981
6 0.580180 0.519963 0.579792 0.520185 0.578951 0.518690 0.578924 0.518269 0.573984 0.507764 0.570693 0.504685 0.570734 0.505060 0.600956 0.565773 0.602422 0.567315 0.591982 0.544306
6 0.583276 0.536519 0.586380 0.543060 0.593021 0.561727 0.587602 0.559468 0.584281 0.550440 0.584130 0.549218 0.583625 0.546903 0.582685 0.546005 0.578956 0.536634 0.582867 0.534593
6 0.578620 0.534440 0.571685 0.517769 0.571461 0.514685 0.571286 0.513023 0.571286 0.513023 0.581055 0.533815
6 0.594253 0.566139 0.603667 0.595194 0.602628 0.595542 0.597794 0.587130 0.597794 0.584815 0.597359 0.581861 0.596638 0.579931 0.595263 0.577620 0.590854 0.565208
6 0.595625 0.570787 0.612625 0.605306 0.612951 0.607981 0.612565 0.608792 0.611513 0.608912 0.610336 0.608097 0.603667 0.595194
6 0.606747 0.593569 0.597326 0.567185 0.598448 0.567440 0.600398 0.569042 0.612492 0.602167 0.611318 0.602519
8 0.587284 0.705005 0.590534 0.701116 0.591159 0.700782 0.591844 0.701449 0.592094 0.702671 0.592094 0.703671 0.590195 0.706292 0.587659 0.709338
6 0.616940 0.605074 0.618117 0.604028 0.618771 0.602866 0.616945 0.599259 0.616193 0.598815 0.603143 0.571009 0.600398 0.569042 0.614893 0.604449
6 0.628641 0.592639 0.632565 0.602634 0.637089 0.599454 0.632432 0.595407 0.632432 0.595407
6 0.627115 0.571069 0.628820 0.577269 0.624424 0.570495 0.618076 0.558255 0.616805 0.551829
6 0.554609 0.585231 0.560758 0.635370 0.558307 0.635838 0.555354 0.611676
6 0.564258 0.645329 0.559268 0.623079 0.554557 0.585093 0.566096 0.639884
6 0.552036 0.565116 0.552922 0.565894 0.558049 0.589116 0.567578 0.632657 0.566161 0.638130 0.554557 0.585093 0.554320 0.577361 0.554320 0.577361
6 0.555534 0.567782 0.557656 0.569120 0.562654 0.588093 0.568719 0.603394 0.571883 0.612296 0.572339 0.613764 0.571557 0.617097 0.560232 0.587282
6 0.567042 0.591051 0.566208 0.587819 0.562654 0.572759 0.565302 0.574644 0.567021 0.581639 0.567599 0.584338 0.568555 0.589435 0.571883 0.612296 0.568781 0.603690
8 0.582688 0.737917 0.584523 0.744250 0.585604 0.744347 0.586253 0.743676 0.586469 0.742523 0.586576 0.741278
8 0.400651 0.260463 0.401919 0.253106 0.400883 0.252537 0.398596 0.263384
8 0.400156 0.263380 0.397299 0.279162 0.396104 0.279162 0.395706 0.278171 0.397935 0.266699
8 0.407169 0.266431 0.406214 0.283565 0.405313 0.281046 0.404474 0.276139 0.404057 0.271829 0.404560 0.269301 0.405896 0.266620
8 0.406151 0.289213 0.405740 0.295333 0.403724 0.292130 0.403854 0.282870 0.403807 0.282384
8 0.407773 0.254208 0.415404 0.251148 0.414174 0.254616 0.413685 0.257606 0.407552 0.258792
1 0.410312 0.182537 0.433138 0.227065 0.434091 0.226102 0.422388 0.204505 0.422156 0.203375 0.410930 0.182097
8 0.580896 0.726625 0.584242 0.735458 0.580896 0.732579 0.579276 0.727681 0.580380 0.726977
8 0.570258 0.736750 0.571099 0.742426 0.571937 0.747185 0.572521 0.750903 0.569677 0.747333 0.568924 0.742727 0.568758 0.739009 0.568758 0.736481 0.569766 0.736306
8 0.597331 0.771940 0.599143 0.775602 0.594854 0.779602 0.593737 0.772625 0.596299 0.771847
8 0.582935 0.724718 0.585625 0.736620 0.587734 0.738287 0.585185 0.725829
8 0.585185 0.725829 0.587760 0.738241 0.589383 0.739704 0.589570 0.740704 0.589383 0.742037 0.588870 0.742046 0.589245 0.744046 0.590729 0.742731 0.587747 0.726051
6 0.597732 0.685819 0.615096 0.710162 0.613841 0.718042 0.611953 0.725787 0.609995 0.722500 0.610747 0.718190 0.610521 0.716435 0.609409 0.715810 0.608490 0.720324 0.601602 0.708361 0.603888 0.708375 0.605060 0.705995 0.602466 0.701537 0.600443 0.701435 0.599688 0.697269
8 0.586589 0.772917 0.582648 0.770995 0.580107 0.770565 0.580216 0.773926 0.583779 0.774787 0.585570 0.773889
8 0.589974 0.774213 0.594143 0.775213 0.594854 0.779602 0.592680 0.779009 0.584586 0.776435 0.587490 0.775181
5 0.581521 0.777231 0.587990 0.772958 0.590052 0.771514 0.594424 0.769407 0.599299 0.769296 0.601266 0.769806 0.600924 0.771958 0.598549 0.772069 0.596299 0.771847 0.593737 0.772625 0.590615 0.773847 0.587490 0.775181 0.581805 0.777736
5 0.583523 0.754222 0.587333 0.760551 0.588914 0.760241 0.588833 0.756889 0.586396 0.752111
5 0.574013 0.738972 0.576872 0.745847 0.580385 0.750310 0.581138 0.750903 0.582682 0.749907 0.580049 0.747037 0.576789 0.741833 0.574695 0.735972
5 0.572052 0.781856 0.571937 0.783917 0.579047 0.782727 0.585820 0.782426 0.590003 0.781981 0.594854 0.779602 0.592680 0.779009 0.587745 0.779009 0.583396 0.779306 0.579130 0.779750 0.574698 0.780940
8 0.517984 0.271588 0.519659 0.275236 0.522195 0.281907 0.528112 0.294319 0.536935 0.311556 0.547990 0.332588 0.546146 0.335343 0.543820 0.329310 0.542948 0.325866 0.529568 0.303657 0.516380 0.274653 0.515211 0.270787
8 0.528385 0.278194 0.532404 0.288532 0.530729 0.289130 0.524945 0.276764
8 0.528943 0.295394 0.532951 0.296509 0.533763 0.297509 0.535266 0.298287 0.534703 0.299514 0.531948 0.302074 0.529193 0.296398
8 0.509971 0.272523 0.526414 0.304972 0.526943 0.304602 0.512065 0.272792
8 0.508039 0.469125 0.502687 0.462829 0.500953 0.460514 0.496833 0.455759 0.494807 0.455375 0.494664 0.458074 0.501083 0.464731 0.502003 0.465477 0.503049 0.468352 0.507747 0.474523
9 0.487750 0.453032 0.486953 0.455606 0.481956 0.466421 0.481159 0.465523 0.485070 0.456120
1 0.523531 0.461528 0.522951 0.463977 0.521576 0.465523 0.520055 0.467968 0.518932 0.471472 0.517990 0.475463 0.518461 0.479426 0.519185 0.481231 0.520779 0.482648 0.520852 0.480718 0.519620 0.478269 0.519331 0.475954 0.519958 0.472727 0.520346 0.470148 0.520927 0.469306 0.523315 0.465907 0.524112 0.464620
8 0.522156 0.467968 0.526792 0.480972 0.525125 0.469898 0.523315 0.465907
1 0.516341 0.445426 0.514875 0.464903 0.513862 0.463486 0.515716 0.444537
8 0.508031 0.430241 0.508943 0.452301 0.506727 0.446463 0.506922 0.437139 0.507341 0.431338
8 0.516062 0.448204 0.522180 0.451333 0.522516 0.453718 0.516062 0.450588
8 0.618826 0.563208 0.622346 0.572296 0.635922 0.592111 0.636844 0.591218 0.637263 0.589727 0.637263 0.588537 0.635229 0.586384 0.633221 0.584005 0.623602 0.569616
8 0.633151 0.606019 0.644763 0.641264 0.643505 0.643847 0.631406 0.606991
8 0.631833 0.603125 0.627401 0.591528 0.625638 0.591273 0.624471 0.593162 0.628404 0.604912 0.631094 0.603681
8 0.622833 0.595861 0.625802 0.605792 0.624047 0.605921 0.618443 0.590162 0.615263 0.582727 0.616099 0.582130 0.618828 0.585949
5 0.636203 0.657352 0.635271 0.652838 0.634758 0.649319 0.634250 0.646236 0.634901 0.644949 0.636781 0.646750 0.637302 0.646801 0.639398 0.649500 0.640208 0.650500 0.639016 0.653792 0.638984 0.655787
8 0.568138 0.534472 0.565104 0.529662 0.558852 0.519292 0.557263 0.518546 0.556703 0.520287 0.569167 0.540972
8 0.489539 0.264856 0.491414 0.272963 0.491120 0.274491 0.490852 0.275074 0.487664 0.264412 0.487664 0.264412
8 0.545260 0.466306 0.584063 0.499829 0.580896 0.494657 0.579792 0.493102 0.560143 0.476125 0.543477 0.463338
8 0.552383 0.450662 0.572078 0.482245 0.576297 0.488074 0.575286 0.484481 0.575104 0.481713 0.555060 0.450463
8 0.474352 0.321838 0.484388 0.330611 0.483885 0.334028 0.474234 0.326190
8 0.466406 0.309495 0.473872 0.327171 0.472862 0.328630 0.465234 0.310833 0.465401 0.309792
8 0.515672 0.319009 0.517677 0.326444 0.516674 0.328528 0.514081 0.318861 0.514750 0.317819
8 0.503292 0.306370 0.507977 0.309792 0.513664 0.320796 0.513664 0.323917 0.508979 0.316333 0.504547 0.309644
8 0.521961 0.257537 0.528021 0.269977 0.525648 0.273310 0.518776 0.261315 0.503490 0.231898 0.521430 0.258056
1 0.439031 0.172856 0.422445 0.148778 0.409044 0.128176 0.408510 0.128213 0.414268 0.137449 0.422010 0.150065 0.448620 0.187278 0.454818 0.195648 0.455443 0.195556
8 0.581935 0.642167 0.589357 0.643315 0.589880 0.646181 0.581370 0.645106
8 0.472286 0.170000 0.476023 0.166255 0.476682 0.166958 0.476771 0.166861 0.477570 0.167245 0.478539 0.166241 0.480982 0.171329 0.480643 0.173019 0.479896 0.175069 0.478365 0.175824 0.477932 0.176690 0.477932 0.177648 0.480365 0.182352 0.476302 0.184574 0.471065 0.177125 0.471404 0.172417
8 0.428487 0.328694 0.431716 0.346144 0.434039 0.354407 0.433141 0.356500 0.429779 0.345685 0.428487 0.336273 0.427128 0.330153
1 0.491521 0.377102 0.489219 0.389051 0.490055 0.390532 0.491216 0.383556 0.492292 0.378194
8 0.504484 0.379685 0.506237 0.388713 0.506487 0.393912 0.503901 0.390356 0.500484 0.373310
1 0.511490 0.377889 0.512776 0.366579 0.512943 0.363009 0.514323 0.356694 0.515156 0.355079 0.515990 0.356546 0.516409 0.367366 0.515406 0.387690 0.514427 0.386167 0.514719 0.382569 0.515073 0.370644 0.514906 0.360847 0.514740 0.359824 0.512156 0.379537
8 0.518492 0.394949 0.526328 0.378931 0.525161 0.377296 0.517797 0.391144 0.517242 0.393171
8 0.524828 0.382056 0.524328 0.398509 0.523578 0.399681 0.522661 0.398046 0.523047 0.385370
8 0.527539 0.385569 0.525607 0.397856 0.524328 0.398509 0.526107 0.385130
8 0.516703 0.403676 0.520091 0.412644 0.518620 0.414167 0.515695 0.408287 0.516487 0.404833
8 0.513245 0.392532 0.515927 0.400505 0.514490 0.403167 0.508057 0.384972
8 0.507263 0.383694 0.508273 0.388046 0.508849 0.394579 0.509138 0.398426 0.507120 0.395477 0.506544 0.389713 0.505823 0.381259
8 0.498596 0.357509 0.499247 0.360593 0.501188 0.368597 0.499846 0.368745 0.499594 0.372176 0.496904 0.362023 0.498089 0.357481
8 0.483424 0.364560 0.486703 0.375190 0.490563 0.383079 0.491521 0.377102
8 0.519529 0.368718 0.526594 0.375551 0.525872 0.376194 0.525945 0.377606 0.523227 0.374819 0.519898 0.371407
8 0.522872 0.341662 0.524661 0.349662 0.528341 0.359981 0.531253 0.366833 0.532549 0.371829 0.536984 0.382106 0.540909 0.389634 0.541096 0.387606 0.540419 0.381903 0.529068 0.355366
8 0.459362 0.425014 0.462411 0.438880 0.462031 0.439352 0.460729 0.437685 0.457612 0.425125
8 0.466419 0.448782 0.466701 0.454444 0.464320 0.455162 0.464078 0.445338
8 0.425760 0.212625 0.413727 0.213523 0.411060 0.215185 0.410052 0.213264 0.412573 0.210704 0.415948 0.209856 0.424318 0.209806
8 0.431091 0.223000 0.429167 0.226667 0.426648 0.226148 0.429948 0.220787
8 0.424810 0.229611 0.427344 0.234356 0.426849 0.235463 0.425375 0.235069 0.423620 0.231713
8 0.418607 0.230968 0.416607 0.233079 0.415484 0.232801 0.414789 0.232718 0.412734 0.231190 0.416732 0.227856
8 0.415107 0.225745 0.411422 0.229301 0.410047 0.228079 0.409422 0.226190 0.413422 0.222972
8 0.409172 0.216972 0.404924 0.220306 0.402424 0.223194 0.400779 0.221949 0.402674 0.218972 0.405987 0.216083 0.408109 0.214861
8 0.402799 0.222861 0.412484 0.223750 0.409422 0.226190 0.410047 0.228079 0.408797 0.228190 0.402424 0.223194
8 0.381495 0.206778 0.386094 0.207269 0.386055 0.210440 0.380807 0.209884
1 0.382646 0.199486 0.381057 0.198000 0.375703 0.192347 0.373109 0.191606 0.372609 0.192944 0.375620 0.194727 0.380219 0.199634 0.372776 0.199042 0.362654 0.200380 0.358807 0.201569 0.359477 0.203500 0.363240 0.201866 0.376456 0.200824 0.382060 0.201273
4 0.339276 0.154477 0.359789 0.212241 0.370935 0.207583 0.374576 0.201028 0.363240 0.201866 0.359477 0.203500 0.358807 0.201569 0.362654 0.200380 0.372776 0.199042 0.376833 0.199083 0.377919 0.197745 0.375620 0.194727 0.372609 0.192944 0.373109 0.191606 0.375703 0.192347 0.378672 0.195366 0.387036 0.180944 0.387667 0.174620 0.385729 0.168241 0.383771 0.162065 0.381823 0.160986 0.381214 0.157954 0.382065 0.155356 0.375370 0.136963 0.358935 0.145185 0.358083 0.144537 0.354167 0.147593 0.353021 0.144213 0.351630 0.143454 0.348708 0.143019
8 0.388247 0.207301 0.391885 0.207713 0.390628 0.210699 0.388060 0.210620
8 0.548557 0.349000 0.548484 0.357370 0.548773 0.365222 0.549570 0.376685 0.550729 0.379130 0.550521 0.369583 0.549932 0.358912 0.550151 0.351315
8 0.580643 0.434704 0.579385 0.438431 0.582823 0.444685 0.585672 0.451394 0.588185 0.461227 0.588857 0.467185 0.590810 0.472370 0.590333 0.463565 0.590951 0.463014 0.590820 0.460468 0.584924 0.442866
8 0.591747 0.486111 0.591747 0.504269 0.592339 0.505625 0.593849 0.506583 0.594354 0.497444 0.594815 0.492421
8 0.532289 0.255412 0.528945 0.245148 0.525849 0.233699 0.524846 0.231023 0.516815 0.219574 0.517904 0.217491 0.525599 0.228644 0.527104 0.232065 0.533628 0.253773 0.541617 0.278963 0.544526 0.288926 0.546768 0.300866 0.548115 0.311023 0.549237 0.325954 0.549789 0.347454 0.548333 0.345093 0.547781 0.323958 0.545766 0.303056 0.541508 0.284153 0.536497 0.268199
8 0.554297 0.360653 0.563297 0.369602 0.575005 0.380097 0.574716 0.381644 0.570003 0.377843 0.565521 0.373903 0.553909 0.362546
8 0.604932 0.503796 0.605914 0.503546 0.606102 0.508370 0.606047 0.509986 0.605974 0.512431 0.605365 0.517639 0.604221 0.513222
8 0.602781 0.511028 0.601378 0.522500 0.601424 0.524912 0.602396 0.525417 0.604172 0.514903
1 0.588315 0.478606 0.597732 0.498949 0.602510 0.510412 0.604172 0.514903 0.605917 0.520324 0.607727 0.526764 0.608089 0.526894 0.605365 0.517639 0.604221 0.513222 0.598094 0.498046 0.594385 0.489773 0.591630 0.483824 0.588966 0.478347
8 0.605313 0.518796 0.603828 0.526759 0.602396 0.525417 0.604172 0.514903
8 0.588211 0.473116 0.578573 0.480264 0.579245 0.483245 0.579914 0.484287 0.590391 0.477139
8 0.582427 0.453894 0.590810 0.472370 0.591227 0.478926 0.580375 0.456361
8 0.575984 0.432759 0.581305 0.445625 0.579896 0.448222 0.574237 0.434139
8 0.552615 0.392259 0.554479 0.394546 0.580375 0.456361 0.582023 0.454292 0.571357 0.428259 0.554036 0.391958
8 0.553971 0.386042 0.575984 0.432759 0.574237 0.434139 0.554036 0.391958 0.554372 0.389731
8 0.503339 0.444194 0.500953 0.460514 0.502687 0.462829 0.505073 0.448949
6 0.596036 0.512116 0.599000 0.519356 0.595698 0.516315 0.593122 0.510986
6 0.600286 0.510370 0.599099 0.509412 0.599943 0.513542 0.602266 0.515639 0.602734 0.512870
6 0.597247 0.497810 0.600286 0.510370 0.602734 0.512870 0.602781 0.511028
6 0.595250 0.488176 0.597404 0.490579 0.600906 0.504755 0.597359 0.496282
6 0.586805 0.479486 0.591784 0.489019 0.591862 0.494306 0.591828 0.494269 0.585159 0.480690
8 0.582961 0.482116 0.581836 0.482847 0.588378 0.498759 0.590518 0.501245
6 0.584602 0.480949 0.591862 0.494306 0.591740 0.502227 0.590518 0.501245 0.582961 0.482116
8 0.494289 0.481389 0.487292 0.463949 0.485917 0.461171 0.484542 0.461727 0.484542 0.462949 0.492039 0.482722
8 0.540521 0.408287 0.525945 0.377606 0.525872 0.376194 0.526594 0.375551 0.527245 0.375810 0.540469 0.403333
8 0.501198 0.358278 0.504812 0.366759 0.509513 0.375241 0.514211 0.382056 0.514719 0.382569 0.514427 0.386167 0.512839 0.386421 0.504453 0.372801 0.501706 0.366375 0.499247 0.360593 0.498596 0.357509 0.498724 0.355972
8 0.499714 0.353241 0.512943 0.363009 0.512776 0.366579 0.498724 0.355972 0.499344 0.354065
8 0.474234 0.326190 0.484880 0.338088 0.485719 0.338977 0.490862 0.343667 0.493646 0.346764 0.494128 0.347644 0.498688 0.351750 0.499031 0.352398 0.496354 0.354491 0.485141 0.343171 0.482229 0.336602 0.479990 0.336005 0.478932 0.336213 0.473729 0.331583 0.472789 0.329528 0.472862 0.328630 0.473872 0.327171
8 0.459156 0.370167 0.458094 0.372611 0.459031 0.375722 0.460406 0.373389
8 0.447346 0.335569 0.451315 0.342968 0.455380 0.352431 0.459057 0.363440 0.460576 0.368019 0.461411 0.370250 0.467089 0.385292 0.470477 0.394241 0.471445 0.399227 0.471445 0.400778 0.470583 0.405042 0.469122 0.399227 0.466607 0.391315 0.455089 0.358796 0.449237 0.343208
8 0.455810 0.381111 0.450896 0.391194 0.450247 0.387833 0.455055 0.378426
8 0.444432 0.342593 0.460406 0.396569 0.462500 0.396296 0.445904 0.338787 0.444456 0.339468
6 0.584872 0.475519 0.578576 0.462606 0.577602 0.463736 0.583766 0.476486
6 0.574703 0.477412 0.567865 0.465759 0.559672 0.454407 0.558281 0.455611 0.575104 0.481713 0.575104 0.481713
6 0.575664 0.451898 0.580477 0.460630 0.579638 0.461523 0.573922 0.453194
8 0.586927 0.473981 0.580477 0.460630 0.579638 0.461523 0.586120 0.474537
8 0.460576 0.368019 0.461411 0.370250 0.470276 0.353301 0.469190 0.350620
1 0.484357 0.354079 0.480214 0.367616 0.476070 0.383144 0.470583 0.405042 0.465701 0.424907 0.464974 0.427773 0.462411 0.438880 0.462969 0.439477 0.464146 0.434676 0.466255 0.425407 0.471367 0.404843 0.477078 0.383542 0.480937 0.368727 0.482901 0.361843 0.485253 0.354477
8 0.439904 0.302361 0.440044 0.304273 0.440557 0.305931 0.444292 0.304685 0.453299 0.313815 0.463005 0.325759 0.463753 0.325014 0.463846 0.322606 0.463753 0.321528 0.462266 0.319722 0.459844 0.316528 0.445794 0.301597 0.444664 0.300954 0.443078 0.301120
8 0.426104 0.306148 0.430807 0.312083 0.430789 0.312616 0.429349 0.313102 0.426104 0.308926
8 0.422357 0.297583 0.430651 0.305185 0.430781 0.308912 0.425586 0.303366 0.421547 0.300079
1 0.433747 0.304468 0.434958 0.308125 0.436573 0.311569 0.437823 0.314222 0.439396 0.316014 0.438594 0.316319 0.437339 0.315153 0.435443 0.311926 0.433385 0.306977 0.432620 0.302819
8 0.430521 0.300310 0.430789 0.312616 0.432458 0.313431 0.432094 0.302102 0.431354 0.301204
8 0.419049 0.308806 0.420755 0.316944 0.422466 0.315083 0.420182 0.305000
8 0.419297 0.378009 0.423841 0.386278 0.423526 0.388810 0.420867 0.385144 0.419042 0.378486
8 0.411141 0.351028 0.417487 0.351676 0.417849 0.354264 0.411260 0.353042
8 0.411451 0.355787 0.419924 0.381796 0.420867 0.385144 0.422242 0.394417 0.411885 0.362481
8 0.417839 0.313519 0.418073 0.335231 0.420190 0.358005 0.421547 0.365921 0.423193 0.374005 0.423870 0.375898 0.422612 0.378653 0.419997 0.366778 0.418159 0.356972 0.417190 0.350435 0.415729 0.319352
6 0.559242 0.440245 0.562352 0.449287 0.560599 0.450991 0.558677 0.445968
6 0.561164 0.467264 0.567719 0.482634 0.571336 0.485852 0.563536 0.468370 0.559281 0.461569
6 0.563521 0.479051 0.565555 0.480657 0.559281 0.461569 0.556812 0.457120 0.556174 0.457755
6 0.554383 0.460032 0.556174 0.457755 0.563521 0.479051 0.560143 0.476125
8 0.557378 0.454208 0.563029 0.448583 0.563424 0.449889 0.558281 0.455611
8 0.550484 0.464051 0.556812 0.457120 0.555797 0.456116 0.549807 0.463148
8 0.376456 0.200824 0.374784 0.206134 0.370935 0.207583 0.374576 0.201028
8 0.570513 0.381486 0.573638 0.385375 0.573138 0.386815 0.571201 0.384597
8 0.606570 0.738782 0.609995 0.722500 0.610747 0.718190 0.610521 0.716435 0.609409 0.715810 0.605779 0.734051
6 0.554383 0.460032 0.557716 0.470583 0.556701 0.471986 0.554779 0.470278 0.551898 0.462644
8 0.437708 0.132685 0.439375 0.138056 0.435956 0.137319 0.436021 0.136412
8 0.437734 0.132778 0.439375 0.138056 0.442727 0.139019 0.441602 0.134287 0.440846 0.134093 0.438229 0.131528
8 0.453703 0.133884 0.452005 0.137454 0.454003 0.139537 0.453760 0.138028 0.455000 0.135514 0.454078 0.133731
8 0.463958 0.152315 0.465979 0.156509 0.468667 0.157431 0.465914 0.153977
8 0.440729 0.141389 0.428125 0.156991 0.426927 0.155370 0.438932 0.140972
8 0.412969 0.134213 0.424760 0.135458 0.434276 0.136792 0.442727 0.139019 0.440781 0.141296 0.433211 0.139907 0.423568 0.137685 0.414661 0.136759
8 0.458148 0.130185 0.459948 0.135602 0.457552 0.136481 0.455576 0.132366
5 0.511823 0.633935 0.515643 0.628977 0.520443 0.632546 0.522453 0.633968 0.523958 0.644398 0.523255 0.645014
8 0.546685 0.411477 0.554562 0.435019 0.553893 0.436060 0.551328 0.432870 0.545094 0.412370 0.545930 0.411625
8 0.558878 0.431843 0.568935 0.458662 0.567008 0.460005 0.559010 0.438333
8 0.428109 0.361019 0.425242 0.365060 0.425620 0.368042 0.428596 0.364773
8 0.433141 0.356500 0.430057 0.362176 0.429354 0.358713 0.432005 0.353231
8 0.430057 0.362176 0.434872 0.364000 0.435240 0.367208 0.430435 0.365444
8 0.431172 0.381736 0.423807 0.332991 0.425208 0.331343 0.433656 0.386231 0.434034 0.389310 0.440068 0.431620 0.441951 0.450319 0.439833 0.444296 0.433357 0.396023
8 0.438568 0.382593 0.439716 0.381324 0.441229 0.382097 0.442203 0.384019 0.442638 0.385847 0.442690 0.388444 0.441495 0.401023 0.440638 0.409884 0.439974 0.399602 0.440414 0.393426 0.440630 0.389435 0.440776 0.386213 0.440555 0.384662 0.438747 0.385181
8 0.433656 0.386231 0.436523 0.383634 0.436846 0.386810 0.434034 0.389310
8 0.433229 0.329894 0.438497 0.380898 0.440638 0.409884 0.442401 0.431630 0.443729 0.448028 0.444339 0.455986 0.441951 0.450319 0.437273 0.393704 0.435240 0.367208 0.431466 0.329014
8 0.445310 0.327056 0.449237 0.343208 0.456979 0.369338 0.465841 0.398259 0.468151 0.404306 0.462500 0.396296 0.454635 0.369954 0.446320 0.340417 0.443852 0.326856
8 0.416617 0.091574 0.428805 0.079375 0.441896 0.066056 0.443792 0.067181 0.444151 0.069426 0.443971 0.071833 0.442797 0.073278 0.430068 0.086116 0.429255 0.086116 0.428625 0.087079 0.428172 0.088204 0.420318 0.096069
8 0.582242 0.682681 0.578393 0.702310 0.576302 0.699481 0.576570 0.694468 0.576638 0.693833 0.577977 0.690412 0.578482 0.690787 0.579292 0.689255 0.579292 0.686278 0.579779 0.678694
5 0.581122 0.710727 0.578937 0.717278 0.578125 0.720611 0.578625 0.723611 0.580755 0.724866 0.582935 0.724718 0.585185 0.725829 0.587747 0.726051 0.587122 0.721389 0.584810 0.720167 0.583622 0.719278 0.584247 0.716722 0.584747 0.715056
8 0.529914 0.712472 0.527747 0.730028 0.527049 0.727907 0.528930 0.708245
8 0.545286 0.688009 0.541039 0.698403 0.539849 0.701282 0.537198 0.708116 0.536508 0.704292 0.544414 0.685431
8 0.591667 0.715833 0.600841 0.727032 0.604966 0.735806 0.605344 0.737120 0.591875 0.720324
8 0.507245 0.513741 0.508365 0.516565 0.507844 0.518556 0.507036 0.517583
6 0.503482 0.521556 0.503875 0.530079 0.503904 0.530931 0.504417 0.530931 0.504719 0.521236
6 0.503482 0.520056 0.502638 0.511861 0.503875 0.511380 0.505198 0.514940 0.504930 0.519579
1 0.546099 0.672690 0.549529 0.683690 0.550198 0.687708 0.550448 0.696032 0.549279 0.692764 0.548943 0.686963 0.545013 0.673282
8 0.569172 0.681000 0.570734 0.682889 0.570047 0.685667 0.568859 0.684556
8 0.535378 0.621509 0.553018 0.620995 0.552872 0.625491 0.542695 0.623944 0.539148 0.624657 0.538898 0.625699 0.535740 0.623051
8 0.537268 0.634343 0.537917 0.640773 0.536797 0.650519 0.536380 0.653806 0.535000 0.668134 0.532813 0.684537 0.531398 0.677282 0.533536 0.658949 0.534622 0.658801 0.534719 0.651130 0.536091 0.640074 0.535875 0.633264
8 0.403555 0.266620 0.402469 0.269449 0.402049 0.273463 0.402885 0.277921 0.403807 0.282384 0.407234 0.292792 0.408656 0.291755 0.405313 0.281046 0.404474 0.276139 0.404057 0.271829 0.404560 0.269301 0.405896 0.266620
8 0.418932 0.334435 0.420578 0.345792 0.423193 0.363167 0.424643 0.375727 0.425417 0.374694 0.425708 0.374523 0.425901 0.369875 0.422128 0.343898 0.421352 0.338565 0.419997 0.335296
6 0.567599 0.584338 0.570964 0.592639 0.570562 0.592435 0.572135 0.596528 0.572422 0.596898 0.575000 0.603287 0.573802 0.607639 0.568932 0.592176 0.568555 0.589435
6 0.590844 0.657653 0.588578 0.654801 0.587323 0.655361 0.584044 0.665898 0.586125 0.669037
8 0.542641 0.559644 0.543398 0.571931 0.544047 0.573083 0.544693 0.573278 0.545073 0.572699 0.545729 0.571111 0.545125 0.560602 0.544208 0.559741
8 0.551497 0.560412 0.569034 0.572755 0.575607 0.577255 0.574870 0.580556 0.574870 0.580556 0.570987 0.578667 0.552036 0.565116
8 0.561737 0.550153 0.563568 0.548981 0.567370 0.560972 0.568484 0.560264 0.573385 0.575694 0.569505 0.572917
8 0.560982 0.547380 0.555513 0.529019 0.554094 0.528838 0.546083 0.497870 0.559323 0.535417 0.559323 0.535417 0.562734 0.546250 0.562734 0.546250
6 0.546690 0.525324 0.547172 0.521708 0.547703 0.525417 0.554591 0.551884 0.551615 0.552593
8 0.574870 0.580556 0.576354 0.585370 0.576354 0.585370 0.577786 0.589815 0.576849 0.595787 0.576641 0.596898 0.570987 0.578667
8 0.565492 0.546537 0.568672 0.559389 0.569089 0.560648 0.568484 0.560264 0.573385 0.575694 0.574732 0.575259 0.570297 0.561042 0.567609 0.545713
6 0.560286 0.551204 0.565565 0.570736 0.562529 0.568296 0.558406 0.552491
6 0.558406 0.552491 0.556969 0.553593 0.561089 0.567347 0.562529 0.568296
6 0.556969 0.553593 0.555823 0.554218 0.558992 0.565806 0.561089 0.567347
6 0.555823 0.554218 0.554367 0.554750 0.556680 0.564005 0.558992 0.565806
6 0.554367 0.554750 0.552271 0.555264 0.553500 0.561690 0.556680 0.564005
8 0.543081 0.543236 0.548034 0.564417 0.552232 0.585736 0.552406 0.589245 0.546047 0.562644 0.542286 0.547731
8 0.542286 0.547731 0.541716 0.550639 0.544208 0.559741 0.545125 0.560602 0.545258 0.564903 0.551867 0.592130 0.552414 0.594463 0.552406 0.589245 0.546047 0.562644
8 0.541492 0.552616 0.542648 0.553130 0.544208 0.559741 0.540841 0.556472
1 0.500990 0.312361 0.502831 0.316528 0.504505 0.319801 0.505005 0.327977 0.505630 0.329028 0.502693 0.328694 0.500573 0.326935 0.499234 0.323366 0.497979 0.320542 0.497630 0.318704 0.499766 0.311111
8 0.488047 0.288194 0.490443 0.298333 0.486263 0.294185 0.486409 0.291361 0.487349 0.289944
1 0.491667 0.273843 0.495719 0.290269 0.499044 0.305046 0.500029 0.307116 0.504612 0.293255 0.496510 0.277500 0.499359 0.285403 0.498776 0.288796 0.495260 0.279537 0.494557 0.276852 0.493698 0.273657 0.492503 0.268454
8 0.491667 0.274028 0.495719 0.290269 0.499044 0.305046 0.499427 0.307222 0.494089 0.302083 0.489531 0.285046 0.490023 0.282750 0.491253 0.276579
8 0.499443 0.329472 0.504029 0.342398 0.502656 0.344287 0.501031 0.348620 0.499031 0.352398 0.498688 0.351750 0.492474 0.336250 0.494870 0.327870 0.496320 0.328250
8 0.486411 0.309931 0.488104 0.316375 0.489042 0.320264 0.490703 0.325231 0.494648 0.326875 0.496224 0.321528 0.495815 0.320625 0.494404 0.318472 0.493073 0.315463 0.492266 0.314315 0.491339 0.312306 0.490409 0.311014 0.488474 0.308935 0.486458 0.306069
8 0.508698 0.342588 0.509948 0.351917 0.510320 0.358361 0.510659 0.361236 0.505703 0.357685 0.505055 0.347255 0.506570 0.344843
8 0.449951 0.328718 0.455448 0.341218 0.458247 0.347065 0.461430 0.352708 0.464805 0.359412 0.460576 0.368019 0.459057 0.363440 0.455380 0.352431 0.455990 0.347454 0.451682 0.340111 0.446555 0.332370 0.445310 0.327056 0.446667 0.327731
8 0.503669 0.348847 0.505529 0.353727 0.505729 0.357685 0.499714 0.353241 0.500576 0.350986
6 0.624130 0.609093 0.636781 0.646750 0.634901 0.644949 0.634250 0.646236 0.634758 0.649319 0.630997 0.642120 0.618273 0.608833 0.619430 0.608958
8 0.540234 0.395648 0.541883 0.398056 0.542302 0.412333 0.542302 0.419468 0.542112 0.424213 0.541797 0.429815 0.540294 0.427769 0.540609 0.422213 0.540891 0.418477
6 0.575833 0.636898 0.577307 0.641329 0.579557 0.641866 0.580417 0.638028 0.582492 0.635231 0.584000 0.635829 0.586005 0.633745 0.583078 0.627722 0.581573 0.625343 0.579648 0.613375 0.578680 0.612269 0.576945 0.621264 0.579547 0.622546
6 0.620820 0.615458 0.622951 0.628000 0.623432 0.633681 0.623531 0.639870 0.620156 0.629583 0.616016 0.608102 0.618273 0.608833
6 0.593464 0.598935 0.592227 0.602667 0.592060 0.605208 0.599589 0.625134 0.600974 0.630940 0.603938 0.629894 0.605612 0.629894 0.607047 0.628884 0.607625 0.627472 0.605167 0.622843 0.597187 0.600509 0.596232 0.601954
8 0.603880 0.609750 0.607682 0.619769 0.606823 0.621991 0.605167 0.622843 0.600484 0.609236 0.600964 0.608796
6 0.564104 0.721440 0.563010 0.727861 0.563799 0.727366 0.565904 0.730148 0.567417 0.731588 0.568552 0.732356 0.568875 0.732935 0.571792 0.730917 0.570982 0.728611 0.570224 0.726694
6 0.690391 0.662088 0.694240 0.662088 0.695495 0.663273 0.697753 0.666250 0.701432 0.674278 0.702018 0.677106 0.701182 0.678741 0.698755 0.676954 0.695995 0.675917 0.689138 0.667884 0.681846 0.669394 0.676508 0.666694 0.686378 0.663273 0.669815 0.641861 0.668656 0.640792 0.667089 0.640991 0.649583 0.651898 0.638495 0.659542 0.618534 0.675500 0.597732 0.685819 0.597448 0.683241 0.617766 0.672407 0.632276 0.660537 0.664505 0.638056 0.667049 0.637944 0.669578 0.638588 0.671932 0.639259 0.672708 0.640463
8 0.520779 0.602852 0.516995 0.596407 0.518182 0.595852 0.519005 0.595037 0.519648 0.594819 0.520487 0.595431 0.520578 0.596542 0.520779 0.598764
8 0.521250 0.594176 0.525378 0.599481 0.529234 0.606759 0.528932 0.608611 0.520779 0.598764 0.520578 0.596542 0.520487 0.595431 0.520487 0.595431
8 0.541883 0.398056 0.541878 0.395574 0.530409 0.381708 0.530013 0.381606 0.531708 0.385324 0.540234 0.395648
6 0.457260 0.237884 0.456602 0.240968 0.456893 0.244565 0.457083 0.246991 0.458828 0.247778 0.458635 0.243667 0.458128 0.239681 0.458055 0.238398
8 0.447917 0.237454 0.450964 0.244444 0.446742 0.242556 0.445417 0.238981
8 0.435943 0.254903 0.434323 0.261481 0.431576 0.261685 0.434010 0.254954 0.436354 0.252176
6 0.458932 0.251944 0.459641 0.259792 0.459641 0.261449 0.459221 0.262528 0.457401 0.254315 0.457214 0.251079
5 0.425018 0.237653 0.439622 0.242537 0.442875 0.244333 0.429500 0.260273 0.428055 0.260528 0.425091 0.259759 0.422128 0.259630 0.419815 0.260657 0.416417 0.260787 0.413596 0.262199 0.413453 0.258727 0.414174 0.254616 0.415404 0.251148 0.418875 0.245361
5 0.435766 0.224662 0.436737 0.228787 0.438628 0.234356 0.440896 0.240023 0.439544 0.239537 0.426849 0.235463 0.428474 0.232727 0.434091 0.226102
8 0.456013 0.197866 0.458326 0.207750 0.461448 0.223412 0.462698 0.230102 0.463880 0.236250 0.465010 0.240602 0.468984 0.253009 0.468984 0.253009 0.469633 0.253181 0.467049 0.240222 0.465885 0.236898 0.465604 0.235208 0.464445 0.230968 0.460948 0.211750 0.457951 0.197310
8 0.457951 0.197310 0.461760 0.209329 0.463573 0.212551 0.462578 0.206574 0.459385 0.196556
8 0.462578 0.206574 0.462698 0.203222 0.460635 0.195667 0.459385 0.196556
8 0.448641 0.170319 0.452576 0.182648 0.454763 0.192421 0.447078 0.169319
8 0.451953 0.274907 0.468940 0.309574 0.469565 0.308463 0.452883 0.273921
8 0.462943 0.297468 0.463628 0.308685 0.464563 0.310315 0.465401 0.309792 0.465401 0.309792 0.465503 0.302801
8 0.444078 0.167231 0.441495 0.165560 0.441495 0.165560 0.445953 0.178227 0.447141 0.178449 0.448750 0.186250 0.452344 0.191157
8 0.440982 0.165968 0.443266 0.178338 0.445953 0.178227 0.441495 0.165560
8 0.449849 0.160583 0.451138 0.160681 0.460760 0.192667 0.457549 0.194468
8 0.481794 0.185389 0.490380 0.202282 0.485781 0.199907 0.478758 0.187023
8 0.478594 0.186944 0.485755 0.199861 0.483612 0.198787 0.479779 0.195060 0.477466 0.192236 0.474948 0.188796
8 0.471198 0.190648 0.476266 0.204616 0.478307 0.210370 0.478130 0.213801 0.479174 0.217750 0.481224 0.225940 0.480974 0.227935 0.481286 0.230935 0.482099 0.232824 0.485596 0.242509 0.482953 0.242352 0.474497 0.206139 0.469714 0.191389
8 0.467135 0.176227 0.469044 0.184958 0.470044 0.188028 0.468135 0.189162 0.466589 0.182856 0.465862 0.178005 0.464974 0.173194
8 0.470313 0.193056 0.467602 0.198861 0.467872 0.201398 0.469164 0.203690 0.471677 0.197532
8 0.422383 0.233731 0.426849 0.235463 0.439544 0.239537 0.440896 0.240023 0.462109 0.249259 0.461612 0.253208 0.442875 0.244333 0.439622 0.242537 0.425018 0.237653 0.420677 0.236852
8 0.446201 0.140412 0.445667 0.140755 0.446130 0.142546 0.456724 0.145532 0.458125 0.146435 0.464378 0.148102 0.464706 0.147273 0.464706 0.146111 0.464518 0.145699 0.464331 0.145199 0.463135 0.145120 0.459888 0.144398 0.451940 0.141491
8 0.462083 0.147546 0.465156 0.150231 0.468667 0.154264 0.469854 0.155514 0.470203 0.158093 0.468667 0.157431 0.465914 0.153977 0.461216 0.149657 0.458151 0.146343
1 0.476245 0.151375 0.485026 0.180093 0.484219 0.180463 0.475995 0.153481 0.475995 0.152481
8 0.485312 0.203333 0.491432 0.213472 0.503490 0.231898 0.521430 0.258056 0.522500 0.257778 0.523047 0.255755 0.523047 0.253454 0.505396 0.227824 0.491068 0.205787
8 0.476302 0.184574 0.464807 0.168380 0.463216 0.170449 0.473568 0.186019
8 0.490380 0.202282 0.493242 0.202569 0.496695 0.202389 0.497563 0.203417 0.497708 0.205213 0.497708 0.206630 0.496758 0.207194 0.492745 0.206532 0.485339 0.203333 0.481224 0.200458 0.476021 0.195060 0.473229 0.189630 0.474974 0.188796 0.477466 0.192236 0.479779 0.195060 0.483612 0.198787
8 0.485161 0.203167 0.486198 0.205787 0.493159 0.218495 0.502891 0.238204 0.501951 0.237690 0.501156 0.238718 0.502180 0.243144 0.495240 0.230204 0.494846 0.227935 0.494409 0.225940 0.493846 0.224718 0.492784 0.223606 0.492034 0.223051 0.490596 0.221384 0.481458 0.201481 0.481224 0.200458
8 0.479216 0.198250 0.478130 0.213801 0.478927 0.215083 0.480010 0.214954 0.480625 0.211343 0.481276 0.200556
8 0.432159 0.139796 0.428393 0.149282 0.430510 0.150894 0.434427 0.140139 0.433211 0.139907
8 0.400310 0.126431 0.407383 0.125431 0.416523 0.125319 0.428292 0.125986 0.436323 0.127046 0.441357 0.131866 0.441625 0.134222 0.441000 0.134333 0.436805 0.129880 0.435805 0.129769 0.427526 0.128565 0.415146 0.128102 0.408510 0.128213 0.403359 0.128796
8 0.411823 0.128102 0.410260 0.130093 0.411432 0.131713 0.413440 0.129782 0.415146 0.128102
8 0.449685 0.156935 0.458437 0.156111 0.460417 0.157083 0.460055 0.158662 0.459622 0.159236 0.449849 0.160583 0.449188 0.157338
8 0.464583 0.245926 0.468661 0.257759 0.475187 0.276644 0.483719 0.311440 0.484974 0.311736 0.485557 0.309356 0.476023 0.273968 0.470880 0.257255 0.468914 0.252852 0.465026 0.240741
8 0.436510 0.227963 0.436737 0.228787 0.437289 0.230579 0.454096 0.229690 0.454909 0.230690 0.462198 0.249343 0.462734 0.244954 0.455417 0.226667
8 0.421682 0.231241 0.404648 0.205259 0.402326 0.201477 0.400875 0.200958 0.400003 0.202852 0.399906 0.208528 0.399229 0.217130 0.398745 0.220917 0.396326 0.224185 0.395260 0.227111 0.383490 0.254625 0.376294 0.271843 0.377068 0.273218 0.378620 0.272685 0.379680 0.272185 0.385490 0.256546 0.397583 0.228486 0.399714 0.224528 0.400779 0.221949 0.401745 0.216958 0.401841 0.207153 0.401841 0.205259 0.420284 0.233500
8 0.385990 0.256111 0.388695 0.264148 0.388695 0.266134 0.387820 0.267551 0.386385 0.266981 0.384844 0.258241 0.385490 0.256546
8 0.389010 0.253657 0.395625 0.266944 0.394112 0.268542 0.387422 0.254944
8 0.426484 0.276713 0.419818 0.266486 0.418943 0.267338 0.418437 0.269537 0.426302 0.277731
8 0.430411 0.264931 0.426250 0.277778 0.427812 0.279352 0.429154 0.275468 0.432883 0.264787
8 0.419375 0.289583 0.419648 0.279884 0.419094 0.276593 0.418266 0.277593 0.417474 0.289815
8 0.429453 0.291157 0.440044 0.304273 0.440557 0.305931 0.447091 0.314162 0.444844 0.314583 0.432094 0.298296 0.426432 0.292454
8 0.424716 0.289551 0.430339 0.287731 0.431906 0.290370 0.426380 0.292361 0.424232 0.290264
8 0.427943 0.282981 0.432643 0.291190 0.439904 0.302361 0.442411 0.301514 0.436016 0.291481
8 0.441016 0.246620 0.468750 0.296065 0.468354 0.296690 0.467266 0.297583 0.438951 0.249088
8 0.383490 0.254625 0.380781 0.261157 0.359753 0.280704 0.342956 0.298421 0.341948 0.297227 0.341724 0.294639 0.358745 0.276324 0.377555 0.260000
8 0.385677 0.238750 0.385469 0.249907 0.387625 0.244880 0.387641 0.238486
8 0.396289 0.231329 0.398451 0.233634 0.399531 0.236065 0.400964 0.239815 0.399242 0.241190 0.397370 0.236579 0.395711 0.232866
1 0.481581 0.302736 0.480135 0.305556 0.478594 0.307963 0.478594 0.306806 0.479482 0.304810 0.481302 0.301741
1 0.485885 0.296301 0.484880 0.338088 0.485719 0.338977 0.486458 0.306069 0.486380 0.296991
8 0.467266 0.297583 0.470862 0.312301 0.472786 0.321671 0.473456 0.325389 0.473872 0.327171 0.474711 0.327023 0.474125 0.320630 0.468698 0.296019 0.468354 0.296690
8 0.479818 0.306065 0.485354 0.319708 0.485211 0.322884 0.483167 0.321708 0.478594 0.307963
8 0.468750 0.296204 0.475518 0.308657 0.475378 0.310153 0.475049 0.310903 0.474115 0.311486 0.470391 0.303611
8 0.417187 0.293148 0.419010 0.301028 0.418216 0.303847 0.415391 0.293380
8 0.414297 0.293611 0.415648 0.296630 0.416630 0.299449 0.417143 0.302023 0.417422 0.304514 0.417318 0.306852 0.416026 0.311056 0.416026 0.305060 0.414865 0.300227 0.413568 0.295856 0.412138 0.293773
8 0.408438 0.290880 0.422057 0.289227 0.424232 0.290264 0.432094 0.298296 0.444844 0.314583 0.443490 0.314954 0.442383 0.315394 0.431354 0.301204 0.423672 0.293287 0.422224 0.292347 0.412214 0.293843 0.409956 0.292523 0.408656 0.291755
8 0.431380 0.282917 0.438625 0.280977 0.442898 0.278894 0.443401 0.282616 0.437201 0.285148 0.435440 0.285745 0.434169 0.284347 0.432328 0.284051
8 0.419477 0.292815 0.418870 0.300282 0.417214 0.293102
8 0.423690 0.293306 0.421172 0.301204 0.420182 0.305000 0.417784 0.313551 0.415729 0.319352 0.410000 0.339259 0.409271 0.334028 0.415156 0.313194 0.416026 0.311056 0.421651 0.292310 0.422240 0.292454
8 0.428854 0.218472 0.429948 0.220787 0.420276 0.237588 0.418036 0.240417 0.415651 0.242213 0.413409 0.242343 0.407047 0.243241 0.398445 0.247356 0.392849 0.250296 0.385490 0.256546 0.388021 0.250556 0.396284 0.243463 0.404307 0.240338 0.409078 0.239440 0.413091 0.238704 0.415940 0.237806 0.417862 0.236315 0.420284 0.233500
8 0.380411 0.239792 0.380331 0.244606 0.380253 0.249139 0.381128 0.252398 0.382323 0.255227 0.382344 0.255602 0.380094 0.257634 0.379138 0.255796 0.378341 0.252111 0.378341 0.248148 0.378102 0.243051 0.378898 0.239935 0.379612 0.239778
8 0.403047 0.245231 0.405982 0.253528 0.404867 0.255227 0.401536 0.245833
8 0.407674 0.234801 0.396284 0.243463 0.404810 0.240162 0.407005 0.239028 0.407299 0.237245
1 0.405982 0.253528 0.404867 0.255227 0.401865 0.258852 0.398596 0.263384 0.395570 0.267069 0.394112 0.268542 0.390073 0.272449 0.388161 0.275708 0.388099 0.277963 0.388516 0.278194 0.388958 0.276273 0.389914 0.274713 0.392464 0.271458 0.395013 0.269616 0.397323 0.267491 0.402341 0.260269 0.405755 0.256713
8 0.402159 0.247440 0.395625 0.261176 0.397299 0.262875 0.399927 0.257213 0.400883 0.252537 0.401919 0.253106 0.403151 0.250463
8 0.413221 0.276486 0.411310 0.283991 0.411469 0.287245 0.412586 0.290505 0.410521 0.290556 0.410036 0.286681 0.409797 0.282856 0.411151 0.278185 0.412505 0.275917
8 0.406221 0.281750 0.410036 0.286681 0.410521 0.290602 0.408974 0.290931 0.409044 0.288481 0.406495 0.284565 0.406214 0.283565
8 0.412417 0.280940 0.414531 0.290139 0.416458 0.289861 0.415445 0.286815 0.413586 0.278861
8 0.420284 0.233500 0.415484 0.232801 0.410859 0.232134 0.408674 0.233468 0.407674 0.234801 0.407299 0.237245 0.406927 0.239861 0.409078 0.239440 0.409234 0.237468 0.409797 0.236468 0.411047 0.236023 0.417357 0.236468 0.417862 0.236315
8 0.568172 0.545380 0.574794 0.566148 0.576406 0.572778 0.575607 0.577255 0.574732 0.575259 0.570297 0.561042 0.567609 0.545713
8 0.485596 0.242509 0.495339 0.263796 0.492370 0.262639 0.482734 0.242083
8 0.485495 0.507361 0.489284 0.506287 0.493333 0.505713 0.493549 0.506000 0.494214 0.505949 0.494971 0.504509 0.495549 0.508593 0.488367 0.509167
8 0.513164 0.527093 0.516742 0.530208 0.516742 0.531264 0.516714 0.531968 0.513958 0.530324 0.512721 0.528417
8 0.481885 0.511949 0.488432 0.517162 0.493820 0.524333 0.492523 0.524333 0.479714 0.514444 0.479943 0.512333
8 0.494646 0.501630 0.494971 0.504509 0.495708 0.509713 0.496958 0.518264 0.497370 0.522731 0.500268 0.521264 0.499831 0.517264 0.497456 0.503602 0.496333 0.497759 0.495620 0.500958
1 0.495870 0.523407 0.502555 0.520296 0.504930 0.519454 0.506938 0.519306 0.510927 0.517296 0.511740 0.518185 0.511740 0.519407 0.511240 0.520852 0.510240 0.520296 0.509990 0.519630 0.503742 0.521519 0.496745 0.524630 0.496312 0.524102
8 0.528672 0.518009 0.532581 0.513167 0.532219 0.510338 0.527031 0.516806
8 0.486357 0.233875 0.490396 0.246574 0.498143 0.264903 0.495365 0.263889 0.485336 0.241907 0.482099 0.232824 0.483724 0.233935
8 0.509453 0.293611 0.516591 0.312171 0.515922 0.312912 0.508669 0.294542
8 0.502500 0.329861 0.503794 0.339384 0.504029 0.342398 0.505654 0.340509 0.507716 0.337958 0.507641 0.332097 0.505443 0.330028
1 0.500615 0.308005 0.505104 0.294398 0.504612 0.293255 0.500029 0.307116
8 0.502289 0.313657 0.508393 0.319755 0.514164 0.328528 0.515521 0.331296 0.516195 0.329787 0.513664 0.323917 0.508979 0.316333 0.503375 0.310685
8 0.522917 0.356528 0.524424 0.373505 0.525672 0.373616 0.526604 0.373282 0.525495 0.362454
8 0.532049 0.350634 0.539552 0.364565 0.542219 0.374347 0.552974 0.397769 0.552544 0.394204 0.552615 0.392259 0.552391 0.390060 0.544721 0.373606 0.543721 0.368718 0.533133 0.347671 0.530188 0.344472 0.531380 0.349352
8 0.574766 0.641157 0.579557 0.641866 0.578854 0.645130 0.573940 0.644366
8 0.536016 0.657917 0.539701 0.661532 0.540669 0.663940 0.552776 0.703792 0.555544 0.713903 0.552573 0.711944 0.538638 0.666181 0.538346 0.664116 0.535677 0.661296
8 0.552544 0.394204 0.555544 0.416569 0.556513 0.425519 0.556641 0.436806 0.556432 0.442639 0.555352 0.445991 0.553464 0.446759 0.540750 0.449287 0.540060 0.450069 0.539935 0.451403 0.540438 0.453296 0.555060 0.450463 0.557771 0.448745 0.558737 0.445301 0.559125 0.441519 0.558641 0.424315 0.554479 0.394546 0.553706 0.394375
8 0.527771 0.541597 0.528406 0.542019 0.530674 0.544130 0.533667 0.547653 0.534422 0.547653 0.539607 0.550727 0.538852 0.555139 0.535935 0.553509 0.532966 0.551495 0.531237 0.549093 0.527969 0.543843
8 0.541883 0.398056 0.546685 0.411477 0.554562 0.435019 0.555669 0.437074 0.556586 0.436630 0.556536 0.429861 0.553792 0.423296 0.549341 0.413491
8 0.506693 0.294213 0.508255 0.293519 0.520781 0.324907 0.519581 0.325486 0.518750 0.326019 0.510768 0.304718
8 0.505833 0.275231 0.509880 0.285009 0.514536 0.289319 0.517833 0.292250 0.525487 0.306903 0.526414 0.304972 0.517734 0.288111 0.512888 0.282597 0.510023 0.278963
1 0.495070 0.327139 0.499130 0.328250 0.502693 0.328694 0.505630 0.329028 0.513253 0.335245 0.517448 0.339583 0.519062 0.341245 0.518875 0.342134 0.512940 0.335912 0.505443 0.330028 0.499443 0.329472 0.496320 0.328250 0.494870 0.327870
1 0.499792 0.311065 0.492448 0.336296 0.492135 0.335819 0.499349 0.310694
8 0.527969 0.306426 0.526997 0.309111 0.528943 0.323898 0.526927 0.323611 0.526354 0.320602 0.525107 0.308921 0.525487 0.306903 0.526943 0.304602
8 0.481661 0.493579 0.491615 0.497894 0.492552 0.501898 0.481505 0.497750
8 0.511042 0.535787 0.521523 0.545407 0.521307 0.547134 0.520117 0.548000 0.510469 0.538333
8 0.512422 0.529815 0.516987 0.541472 0.520333 0.544255 0.513854 0.530241 0.512786 0.528565
8 0.519349 0.531204 0.525599 0.538370 0.526034 0.541880 0.517878 0.533380
8 0.504266 0.533102 0.504120 0.536954 0.494289 0.525134 0.488432 0.517162 0.480482 0.506241 0.476867 0.500069 0.475565 0.494417 0.483542 0.506157 0.492047 0.518319 0.496312 0.524102
8 0.480482 0.506241 0.480164 0.510704 0.479714 0.514769 0.478352 0.508227 0.478841 0.503329
8 0.480807 0.469676 0.481443 0.476644 0.481693 0.485199 0.481693 0.491750 0.481505 0.497750 0.481120 0.502454 0.479445 0.500194 0.479630 0.493306 0.479693 0.479644 0.479383 0.468204
8 0.493542 0.266806 0.496211 0.276903 0.499359 0.285403 0.498693 0.288972 0.494594 0.277375 0.492503 0.268454 0.492813 0.266435
6 0.579299 0.559495 0.581651 0.563875 0.577956 0.584380 0.576354 0.585370 0.574870 0.580556
8 0.579930 0.591819 0.578698 0.597731 0.577956 0.600727 0.577997 0.597514 0.576849 0.595787 0.577786 0.589815 0.578281 0.582639
8 0.517523 0.515963 0.520273 0.523519 0.520990 0.524352 0.522586 0.522407 0.518836 0.514741 0.517398 0.515296
1 0.492813 0.266296 0.491253 0.276579 0.490023 0.282750 0.487349 0.289944 0.486409 0.291361 0.486263 0.294185 0.485831 0.293801 0.486193 0.289944 0.486841 0.289176 0.489115 0.281250 0.491120 0.274491 0.492263 0.266171
5 0.510234 0.637315 0.509253 0.638574 0.511565 0.643574 0.518594 0.651713 0.520169 0.648843 0.521107 0.647685 0.519742 0.645759
8 0.526875 0.634028 0.532836 0.638181 0.532836 0.639431 0.532510 0.640676 0.531701 0.641347 0.526406 0.636806
8 0.533786 0.624898 0.532617 0.657907 0.533536 0.658949 0.534622 0.658801 0.535469 0.621574
8 0.535367 0.626588 0.540854 0.635245 0.542779 0.638667 0.564669 0.673153 0.566823 0.676759 0.566432 0.680787 0.565495 0.679889 0.537268 0.634343 0.535312 0.631343
8 0.521771 0.629722 0.522453 0.633968 0.510742 0.625343 0.510326 0.623560 0.510492 0.622069 0.511245 0.621181
8 0.528411 0.444213 0.532674 0.475926 0.540529 0.518611 0.542318 0.527685 0.540807 0.526667 0.531440 0.476727 0.527404 0.447204 0.526729 0.439227
8 0.581651 0.563875 0.578802 0.581620 0.580260 0.589398 0.580555 0.584838 0.583443 0.567241
8 0.616510 0.625787 0.627763 0.661597 0.630703 0.661806 0.615911 0.617222
8 0.519341 0.351722 0.519503 0.368009 0.519898 0.371407 0.521146 0.379074 0.519661 0.382130 0.518776 0.375694 0.517909 0.365458 0.518068 0.350023
8 0.524208 0.340000 0.532174 0.355861 0.534792 0.362083 0.540294 0.374875 0.542396 0.383218 0.540419 0.381903 0.529068 0.355366 0.522872 0.341662
8 0.539104 0.350903 0.546583 0.366954 0.547937 0.369361 0.549141 0.371014 0.549570 0.376685 0.550651 0.378981 0.551771 0.381435 0.552135 0.386389 0.530995 0.341435
8 0.526742 0.334949 0.531099 0.338736 0.535453 0.344931 0.541112 0.351088 0.544443 0.354375 0.544815 0.356352 0.539115 0.350880 0.530995 0.341435 0.525885 0.337222
8 0.524411 0.466796 0.517906 0.424644 0.518391 0.418685 0.525786 0.465644 0.528940 0.484856 0.532143 0.502458 0.535893 0.523111 0.534193 0.521806 0.532581 0.513167 0.532219 0.510338 0.530396 0.501824 0.529458 0.495384
8 0.504036 0.270861 0.510674 0.274843 0.510599 0.277269 0.510023 0.278963 0.505885 0.275278
8 0.528365 0.548144 0.529922 0.547083 0.531237 0.549093 0.528687 0.551213
8 0.505781 0.316991 0.509969 0.332667 0.508089 0.330741 0.503620 0.315000
8 0.526146 0.582454 0.528784 0.590528 0.530047 0.593986 0.530859 0.597426 0.531536 0.597500 0.530547 0.587088 0.527500 0.577130 0.527047 0.579435
8 0.525862 0.684500 0.530799 0.704806 0.536219 0.727685 0.539219 0.737491 0.539167 0.742176 0.537635 0.740213 0.528930 0.708245 0.527701 0.701819 0.523734 0.685704 0.524508 0.685019
8 0.530677 0.685231 0.532005 0.693222 0.530799 0.704806 0.529583 0.699722
8 0.518250 0.672713 0.520062 0.670051 0.523122 0.668829 0.527318 0.669074 0.526747 0.666384 0.523810 0.665940 0.521813 0.666162 0.519875 0.666829 0.518500 0.667829 0.517563 0.668384
8 0.540854 0.635245 0.542779 0.638667 0.554320 0.640597 0.554089 0.637176
8 0.597143 0.769273 0.595831 0.763940 0.594893 0.763051 0.593208 0.763384 0.592083 0.766384 0.593161 0.767463 0.593594 0.768236 0.593516 0.769769 0.594424 0.769407
5 0.590052 0.763935 0.588151 0.771713 0.586589 0.772917 0.582648 0.770995 0.585599 0.764954
8 0.573880 0.762778 0.588914 0.760241 0.591096 0.759796 0.592352 0.759574 0.594969 0.759685 0.596349 0.759421 0.597849 0.759218 0.599219 0.759218 0.600703 0.758981 0.603927 0.758074 0.606352 0.757875 0.608539 0.757764 0.608828 0.758519 0.607852 0.760764 0.578799 0.765986 0.574245 0.767130 0.569422 0.766722
8 0.541667 0.735324 0.545664 0.746736 0.543438 0.749352 0.541719 0.744537
8 0.536406 0.581574 0.536445 0.593542 0.536258 0.597204 0.535792 0.603037 0.535495 0.617745 0.534406 0.617894 0.534323 0.619681 0.535469 0.621528 0.534740 0.623056 0.533786 0.624898 0.533404 0.597375
8 0.563016 0.745926 0.557839 0.771435 0.557180 0.772009 0.556328 0.767917 0.561643 0.740037
8 0.555956 0.733593 0.557393 0.736037 0.559167 0.753056 0.557943 0.759306 0.554396 0.733148
8 0.559714 0.761907 0.560740 0.769125 0.559349 0.770278 0.558688 0.767051
8 0.563237 0.767088 0.562698 0.755954 0.563776 0.755282 0.564641 0.756338 0.564922 0.765741
1 0.548773 0.778005 0.549568 0.778259 0.550870 0.779546 0.552604 0.779931 0.555786 0.779931 0.557594 0.780060 0.558388 0.781472 0.558893 0.781602 0.563448 0.780704 0.565112 0.781218 0.567424 0.781218 0.571328 0.780060 0.572341 0.780444 0.575089 0.778903 0.577328 0.778519 0.578630 0.777875 0.585570 0.773889 0.590919 0.769394 0.593161 0.767463 0.593594 0.768236 0.589714 0.771713 0.581521 0.777231 0.577836 0.779287 0.575378 0.779546 0.572052 0.781856 0.570318 0.781731 0.564966 0.783273 0.561497 0.782759 0.558966 0.783398 0.556797 0.781343 0.553760 0.781222 0.551521 0.780829 0.549568 0.780315 0.548846 0.779801
8 0.569422 0.766722 0.571328 0.780060 0.569115 0.780602 0.567164 0.768514
8 0.632833 0.719241 0.633323 0.722755 0.633164 0.724046 0.632034 0.724690 0.631750 0.727560 0.633083 0.726625 0.633807 0.725694 0.634333 0.723759 0.634427 0.718935
8 0.637917 0.725833 0.640651 0.720199 0.642099 0.720116 0.642612 0.721690 0.637523 0.730069
8 0.490833 0.570324 0.497474 0.570417 0.498724 0.572190 0.498359 0.573269 0.497594 0.573625 0.491706 0.573412
8 0.535026 0.712083 0.533385 0.715787 0.532656 0.712546 0.534323 0.706944
5 0.569557 0.785046 0.566490 0.787079 0.563297 0.789144 0.560953 0.791139 0.560682 0.790347 0.561651 0.787250 0.563102 0.785699 0.562424 0.783634 0.562424 0.782949 0.564966 0.783273 0.569180 0.782139
8 0.529948 0.655694 0.529453 0.666889 0.531398 0.677282 0.532617 0.657907
8 0.555859 0.637500 0.560208 0.638241 0.560521 0.641606 0.556198 0.641019
8 0.529349 0.677176 0.527922 0.693218 0.529557 0.699815 0.530609 0.685667 0.530109 0.681333
8 0.524167 0.588333 0.528784 0.590528 0.530047 0.593986 0.523776 0.592315 0.523151 0.591111
8 0.517552 0.590139 0.520805 0.591088 0.519799 0.592208 0.518737 0.592986 0.517995 0.592407
8 0.530625 0.573056 0.534958 0.575444 0.534352 0.578431 0.530911 0.576065
8 0.524081 0.568380 0.529115 0.571667 0.529401 0.575093 0.527797 0.574991 0.527484 0.573657 0.527484 0.572880 0.527172 0.571102 0.526432 0.573796 0.519437 0.570685
8 0.510805 0.574921 0.513185 0.579583 0.515036 0.578278 0.516656 0.577028 0.518169 0.575685 0.521354 0.575782 0.523622 0.577028 0.525391 0.577778 0.526432 0.573750 0.519437 0.570685
8 0.622310 0.623736 0.622951 0.628000 0.623432 0.633681 0.623490 0.636343 0.632656 0.660324 0.634505 0.658486 0.633440 0.655389
8 0.438367 0.261227 0.438703 0.262713 0.438034 0.264199 0.437195 0.264792 0.414167 0.265139 0.411589 0.262500
8 0.411000 0.261894 0.410581 0.264718 0.413091 0.267694 0.428482 0.283602 0.445794 0.301597 0.459844 0.316528 0.441615 0.292083 0.434169 0.284347 0.432328 0.284051
8 0.443047 0.289120 0.463026 0.317509 0.463109 0.319144 0.462266 0.319722 0.441615 0.292083
8 0.519294 0.393352 0.528008 0.404755 0.526474 0.406259 0.518492 0.394949
8 0.499594 0.372176 0.524193 0.408750 0.526198 0.406620 0.501188 0.368597 0.499846 0.368745
8 0.582031 0.594194 0.587646 0.618968 0.588031 0.620000 0.590161 0.618968 0.590258 0.614667 0.588130 0.613463 0.584646 0.598667 0.584714 0.598750 0.584549 0.597977
8 0.587451 0.599528 0.591031 0.612259 0.590258 0.614667 0.588130 0.613463 0.584792 0.598148 0.585482 0.598968
8 0.604505 0.606065 0.601458 0.604491 0.600260 0.605093 0.600286 0.607269 0.600964 0.608796 0.607271 0.610833
8 0.517352 0.349032 0.517112 0.350167 0.517909 0.365458 0.518784 0.376083 0.517271 0.380898 0.517031 0.384153 0.515836 0.383588 0.516076 0.379764 0.517112 0.374667 0.515917 0.351440 0.515836 0.349315 0.516396 0.348324
8 0.472669 0.257856 0.476357 0.267856 0.476331 0.259565
8 0.483479 0.262301 0.488852 0.282407 0.491120 0.274491 0.490852 0.275074 0.487664 0.264412
6 0.536539 0.416597 0.539250 0.426343 0.540294 0.427769 0.540609 0.422213
6 0.543602 0.426542 0.547445 0.438093 0.541797 0.429815 0.542112 0.424213
6 0.546146 0.429856 0.548518 0.439801 0.552701 0.445829 0.548857 0.432972
8 0.531260 0.488653 0.532674 0.489157 0.540133 0.524815 0.539849 0.526023 0.538104 0.524565
6 0.576339 0.509824 0.579818 0.518028 0.581130 0.517347 0.581482 0.516681 0.579273 0.512958
6 0.571685 0.517769 0.578620 0.534440 0.577430 0.534815 0.577430 0.534815 0.575211 0.535644 0.572487 0.528648
6 0.576565 0.537931 0.578956 0.536634 0.582685 0.546005 0.581891 0.545875 0.581255 0.549093
8 0.376604 0.109685 0.396625 0.069278 0.401844 0.059644 0.404240 0.060338 0.406927 0.071884 0.408719 0.081838 0.416617 0.091574 0.420318 0.096069 0.424620 0.102343 0.429807 0.110171 0.431398 0.112167 0.432404 0.113579 0.433534 0.115014 0.437458 0.120583 0.440581 0.125694 0.442167 0.128958 0.443943 0.134194 0.444979 0.137866 0.445667 0.140755 0.446130 0.142546 0.448307 0.154583 0.449188 0.157338 0.457549 0.194468 0.455495 0.195509 0.442727 0.139019 0.441667 0.133935 0.441354 0.131620 0.439711 0.126704 0.438549 0.125329 0.428497 0.113912 0.427328 0.111917 0.418000 0.098819 0.414977 0.094440 0.406938 0.084505 0.404677 0.071866 0.402424 0.064162 0.396177 0.076801 0.377812 0.111065
8 0.492969 0.176958 0.497904 0.178852 0.503034 0.177991 0.504292 0.180569 0.515518 0.185046 0.518323 0.186764 0.519680 0.188144 0.519099 0.191755 0.493065 0.181259 0.490839 0.181431 0.488711 0.181949 0.459870 0.196227 0.454547 0.198634 0.450677 0.198120 0.445935 0.198634 0.441482 0.199667 0.434388 0.200375 0.427904 0.202269 0.422388 0.204505 0.422000 0.203472 0.422680 0.202269 0.425872 0.200375 0.434872 0.196588 0.448906 0.195042 0.451034 0.196088 0.455313 0.195463 0.464680 0.190912 0.483542 0.180741
8 0.455451 0.159657 0.462510 0.187537 0.460948 0.187537 0.454138 0.159880
8 0.553521 0.373903 0.566201 0.411755 0.575984 0.432759 0.577542 0.435134 0.578411 0.432727 0.568250 0.410361 0.555185 0.372681
8 0.513651 0.345000 0.522383 0.355352 0.529326 0.371278 0.535260 0.382824 0.543031 0.395843 0.543581 0.394449 0.536984 0.382106 0.530602 0.367176 0.525823 0.357574 0.522318 0.351454 0.514479 0.342296
5 0.548266 0.312319 0.548768 0.321685 0.551695 0.328079 0.553534 0.331796 0.552951 0.335514 0.553534 0.338787 0.554622 0.342653 0.555042 0.345329 0.555292 0.349046 0.555961 0.352912 0.557047 0.357074 0.559055 0.362431 0.559138 0.361093 0.556964 0.350236 0.556044 0.344884 0.555794 0.337894 0.555625 0.334028 0.552112 0.321833 0.550190 0.316630
8 0.531388 0.327898 0.535260 0.335468 0.536615 0.338907 0.535453 0.338907 0.533130 0.336671 0.530807 0.334778 0.530807 0.337185 0.531099 0.338736 0.535453 0.344931 0.537099 0.345273 0.538646 0.343727 0.539227 0.341486 0.539326 0.338394 0.538745 0.336153 0.533227 0.327898
8 0.542422 0.338218 0.546583 0.366954 0.547937 0.369361 0.544841 0.342347
8 0.522872 0.341662 0.524661 0.349662 0.528341 0.359981 0.525823 0.357574 0.520646 0.343380
8 0.526432 0.337792 0.529411 0.348389 0.534852 0.362435 0.540294 0.374875 0.552990 0.405046 0.553768 0.402514 0.541201 0.373491 0.531354 0.349310 0.530188 0.344472
6 0.573917 0.539810 0.580299 0.554616 0.581255 0.549093 0.576565 0.537931
8 0.585870 0.619722 0.586927 0.619315 0.592370 0.635324 0.590484 0.636259
6 0.568932 0.592176 0.573766 0.608963 0.572339 0.613764 0.571883 0.612296
8 0.482953 0.242352 0.487065 0.255537 0.489378 0.261755 0.492370 0.262639
8 0.522898 0.487273 0.529458 0.495384 0.530396 0.501824 0.523336 0.492606
8 0.513005 0.486310 0.518885 0.490625 0.519260 0.491704 0.516924 0.503236 0.518185 0.506056 0.520893 0.493361 0.521312 0.490042 0.517005 0.485231 0.513893 0.483653
8 0.514078 0.476602 0.520893 0.484731 0.521312 0.490042 0.514307 0.482389
8 0.498487 0.487495 0.505833 0.505648 0.506109 0.500491 0.499174 0.483944
8 0.511109 0.488384 0.520669 0.512157 0.519232 0.514042 0.511422 0.498940 0.508734 0.489940 0.508872 0.488162 0.510922 0.488829
8 0.508695 0.459824 0.507273 0.482130 0.504930 0.519454 0.506938 0.519306 0.510453 0.461065
8 0.507273 0.482130 0.506979 0.486481 0.499911 0.467856 0.499911 0.465921 0.501083 0.464731 0.502003 0.465477
8 0.510310 0.464949 0.513182 0.472722 0.514307 0.477500 0.514307 0.482389 0.512870 0.487273 0.510997 0.489051 0.508872 0.488162 0.508872 0.487051 0.511372 0.483389 0.512682 0.479278 0.511247 0.473389 0.509997 0.470060
8 0.451513 0.198199 0.453492 0.203606 0.454169 0.205500 0.456763 0.213083 0.457638 0.212750 0.461448 0.223412 0.458326 0.207750 0.455263 0.198310 0.454547 0.198634
8 0.453589 0.212384 0.452815 0.215134 0.463464 0.239583 0.463880 0.236250 0.463880 0.236250
8 0.454297 0.208380 0.462698 0.230102 0.463880 0.236250 0.453589 0.212384 0.453589 0.212384
8 0.413721 0.166685 0.410276 0.174213 0.408732 0.176245 0.408237 0.175667 0.408680 0.170773 0.408924 0.169778
8 0.408719 0.167329 0.413117 0.164532 0.413721 0.166685 0.408680 0.170773 0.408924 0.169778
8 0.431966 0.160472 0.436081 0.159759 0.438307 0.161528 0.436927 0.163287 0.432490 0.163417 0.431352 0.161449
8 0.442727 0.139019 0.443542 0.142435 0.434253 0.153574 0.433073 0.153519 0.431641 0.152361
8 0.447461 0.128264 0.445312 0.122125 0.444099 0.122125 0.443539 0.122870 0.444206 0.126250 0.445357 0.131560
8 0.438307 0.131435 0.436021 0.136412 0.434760 0.135005 0.434529 0.134088 0.436805 0.129880
8 0.405263 0.152528 0.403406 0.155324 0.402156 0.153963 0.404979 0.149231
8 0.533786 0.624898 0.529729 0.618333 0.529112 0.621398 0.533664 0.627787
8 0.544224 0.616630 0.535495 0.617745 0.534406 0.617894 0.534323 0.619681 0.535469 0.621528 0.545242 0.617801
8 0.450172 0.198111 0.451719 0.202236 0.451073 0.201889 0.449245 0.200514 0.448240 0.198315
8 0.441299 0.195829 0.439742 0.192440 0.441068 0.191565 0.443148 0.195574
8 0.442516 0.199370 0.443523 0.201991 0.445073 0.199481 0.444708 0.198963
8 0.441482 0.199667 0.439779 0.199898 0.441685 0.204931 0.442956 0.202926
8 0.438227 0.196148 0.437331 0.193630 0.439005 0.192500 0.440393 0.195995
8 0.408893 0.144856 0.406352 0.148440 0.406716 0.150810 0.409141 0.147593 0.408820 0.145995
8 0.423906 0.140787 0.431305 0.142032 0.430063 0.145296 0.425310 0.144722 0.422609 0.143569
8 0.415182 0.156852 0.425104 0.154491 0.426120 0.155866 0.422411 0.160301 0.416536 0.162593
8 0.445625 0.152037 0.434547 0.166412 0.438982 0.163847 0.446604 0.155847
8 0.553396 0.482931 0.563268 0.526458 0.559784 0.520954 0.550977 0.480176
8 0.618333 0.544301 0.627115 0.571069 0.618836 0.555602 0.614818 0.541157
8 0.621344 0.547574 0.629625 0.575676 0.633221 0.584005 0.635229 0.586384 0.635982 0.584750 0.625276 0.551144
8 0.370536 0.216778 0.366711 0.226903 0.366057 0.223995 0.368763 0.216944
8 0.372964 0.210472 0.371609 0.214042 0.369510 0.214292 0.370771 0.211218
8 0.627953 0.553523 0.635982 0.572556 0.634393 0.574634 0.625276 0.551144
8 0.365112 0.219449 0.369125 0.239347 0.365237 0.228338 0.362292 0.216574
8 0.364453 0.214583 0.375609 0.213787 0.374859 0.216009 0.374609 0.216565 0.368049 0.216898
8 0.428880 0.163565 0.432836 0.167630 0.431385 0.168565 0.427633 0.164764
8 0.430417 0.161968 0.419203 0.173440 0.418477 0.170213 0.428964 0.159815
8 0.434008 0.167056 0.435661 0.169352 0.427956 0.174801 0.420333 0.177167 0.419404 0.174014 0.427029 0.171000
8 0.452763 0.160102 0.460760 0.192667 0.461885 0.192532 0.460948 0.187537 0.454138 0.159880
8 0.462510 0.187537 0.463010 0.191667 0.461885 0.192532 0.461885 0.192532 0.460948 0.187537
8 0.444076 0.163454 0.449130 0.167171 0.450036 0.171079 0.441495 0.165560
8 0.446604 0.155847 0.447542 0.160417 0.440982 0.165968 0.436380 0.168935 0.434547 0.166412 0.438982 0.163847
8 0.603339 0.629389 0.601987 0.633611 0.605135 0.641847 0.606271 0.645111 0.608792 0.651852 0.611383 0.650218 0.604859 0.632421 0.603938 0.629894
8 0.592060 0.605208 0.599589 0.625134 0.599255 0.627069 0.597747 0.627218 0.590305 0.606694
8 0.613807 0.626324 0.609542 0.636139 0.608036 0.633907 0.612219 0.624542
8 0.614893 0.604449 0.619214 0.661241 0.617086 0.661069 0.616081 0.650574 0.615807 0.647963 0.613784 0.615750 0.612729 0.603259
8 0.645286 0.587731 0.642344 0.592481 0.639732 0.596713 0.642253 0.598704 0.645417 0.592639
8 0.659219 0.547769 0.660974 0.547769 0.661393 0.549255 0.651021 0.580333 0.647135 0.590880 0.646667 0.585185 0.651188 0.572750
8 0.400779 0.221949 0.414789 0.232718 0.410859 0.232134 0.408674 0.233468 0.399102 0.225648 0.399714 0.224528
8 0.414339 0.169361 0.408732 0.176245 0.409781 0.178037 0.415190 0.173079
8 0.415190 0.173079 0.410008 0.178935 0.406357 0.182801 0.400990 0.187671 0.400828 0.189019 0.401367 0.190074 0.402555 0.190458 0.416164 0.176634
8 0.571461 0.537181 0.573365 0.536384 0.571461 0.514685 0.570229 0.508514 0.568549 0.508315 0.568102 0.508912
8 0.459505 0.124444 0.461427 0.120287 0.461148 0.119417 0.460729 0.118921 0.460135 0.119046 0.457237 0.126620
8 0.452310 0.126685 0.453953 0.129667 0.452870 0.130597 0.451297 0.127926
8 0.442161 0.107449 0.451068 0.123843 0.449878 0.125657 0.440479 0.109194
8 0.398995 0.125319 0.414268 0.137449 0.418672 0.144815 0.398492 0.128213 0.398630 0.126287
8 0.379349 0.112269 0.390505 0.103972 0.391865 0.104657 0.392154 0.107074 0.392154 0.108454 0.382846 0.115519
8 0.437836 0.337574 0.439422 0.342468 0.442005 0.351657 0.443505 0.357139 0.443674 0.365588 0.439839 0.351361 0.437086 0.340245 0.437086 0.338611
8 0.378312 0.136292 0.375370 0.136963 0.358935 0.145185 0.358083 0.144537 0.358104 0.142435 0.363021 0.139861 0.374016 0.134690 0.376792 0.133347
8 0.370841 0.120421 0.364708 0.119310 0.346427 0.118861 0.345990 0.120866 0.346615 0.122426 0.347055 0.123093 0.362578 0.122315 0.364271 0.120185 0.366461 0.122870 0.368339 0.122870
8 0.471727 0.241190 0.477039 0.243412 0.477602 0.244407 0.477602 0.256630 0.476539 0.256185 0.476164 0.246852 0.475664 0.246185 0.473039 0.245519
8 0.476745 0.283148 0.477055 0.319324 0.477633 0.320352 0.478789 0.319838 0.479005 0.318940 0.477995 0.287838
8 0.477776 0.260208 0.477776 0.280639 0.476258 0.274731 0.476331 0.259565
8 0.453245 0.229750 0.457023 0.238870 0.456602 0.240968 0.456893 0.244565 0.451086 0.229750
8 0.447977 0.206019 0.447396 0.208426 0.462995 0.243287 0.463464 0.239583 0.452815 0.215134 0.449273 0.206755
8 0.494682 0.556162 0.493469 0.559731 0.494870 0.562301 0.496596 0.558736
8 0.496875 0.528417 0.496437 0.551630 0.499539 0.545454 0.498333 0.530139
8 0.514172 0.549486 0.512813 0.554676 0.511477 0.558486 0.507260 0.565616 0.506979 0.558153 0.511164 0.552375
8 0.499539 0.545454 0.495867 0.553231 0.497432 0.555630 0.500026 0.549681
8 0.501250 0.533472 0.503760 0.564894 0.501656 0.561565 0.500846 0.560671 0.498333 0.530139
1 0.501042 0.350046 0.503115 0.348009 0.506461 0.343981 0.509648 0.340620 0.512456 0.337069 0.512940 0.335912 0.513375 0.336394 0.512617 0.338218 0.509701 0.341579 0.506570 0.344843 0.503276 0.349069 0.500576 0.350986
1 0.492034 0.375500 0.492659 0.375833 0.496281 0.362838 0.499344 0.354065 0.501406 0.349065 0.503531 0.344287 0.505841 0.341620 0.508529 0.338181 0.511651 0.334958 0.511154 0.334514 0.507716 0.337958 0.505654 0.340509 0.504029 0.342398 0.502656 0.344287 0.501031 0.348620 0.499031 0.352398 0.498531 0.354287 0.495781 0.362060
1 0.486099 0.364282 0.497156 0.355394 0.498724 0.353657 0.499031 0.352398 0.485786 0.363394
8 0.487760 0.324769 0.498688 0.351750 0.494128 0.347644 0.486156 0.324051
8 0.486068 0.323981 0.493646 0.346764 0.490521 0.343431 0.485911 0.328981
8 0.528687 0.551213 0.532508 0.553144 0.538852 0.555139 0.538268 0.558491 0.532008 0.556588 0.528948 0.555366
8 0.512813 0.554676 0.511477 0.558486 0.511914 0.559264 0.520224 0.552375 0.523974 0.545602 0.521307 0.547134 0.520117 0.548000
8 0.560602 0.373023 0.559807 0.374690 0.559872 0.386306 0.560622 0.388194 0.561247 0.373644
8 0.542302 0.412333 0.546836 0.426792 0.548109 0.429120 0.551294 0.433231 0.541893 0.402514
8 0.560602 0.373023 0.566328 0.379509 0.565893 0.376296 0.560977 0.370259
8 0.466198 0.190204 0.464680 0.190912 0.463448 0.187870 0.462510 0.187537 0.455451 0.159657 0.456826 0.159435 0.460448 0.168986
8 0.464375 0.193875 0.465617 0.209139 0.466109 0.215676 0.465674 0.221458 0.465076 0.226801 0.464482 0.224500 0.463573 0.212551 0.462578 0.206574 0.462698 0.203222 0.462323 0.199153 0.461891 0.195120
8 0.457604 0.212685 0.456099 0.213370 0.462698 0.230102 0.461448 0.223412
8 0.469836 0.212278 0.464375 0.193875 0.466755 0.192861 0.468156 0.197588 0.467602 0.198861 0.467872 0.201398 0.469164 0.203690 0.469883 0.201819 0.470815 0.205056
8 0.449523 0.188560 0.452607 0.196074 0.454818 0.195648
8 0.452607 0.196074 0.451034 0.196088 0.449750 0.195519 0.447622 0.189755 0.449432 0.189366 0.449523 0.188560
8 0.466891 0.184292 0.464352 0.179588 0.461654 0.167875 0.458359 0.159333 0.456826 0.159435 0.460448 0.168986 0.465055 0.185926 0.466945 0.189671 0.468135 0.189162
8 0.533682 0.618653 0.532875 0.617699 0.530326 0.614838 0.529729 0.618333 0.533682 0.622273
10 0.441971 0.103171 0.441862 0.104611 0.441940 0.105315 0.442708 0.105171 0.443115 0.105745 0.443154 0.106681 0.454417 0.107690 0.465885 0.109903 0.467510 0.132759 0.468596 0.132634 0.468742 0.134046 0.467510 0.134306 0.469826 0.154389 0.470203 0.158093 0.454047 0.152315 0.453820 0.153907 0.473568 0.163287 0.474018 0.161491 0.468406 0.104250
8 0.667089 0.640991 0.666615 0.651019 0.667005 0.652778 0.668464 0.653287 0.669323 0.651389 0.669375 0.641389 0.668656 0.640792
8 0.524242 0.646565 0.523495 0.657583 0.526674 0.662208
8 0.523276 0.659125 0.523174 0.661431 0.522487 0.665759 0.523810 0.665940 0.526747 0.666384 0.526529 0.664278
8 0.528747 0.654574 0.528055 0.658394 0.527549 0.653639
8 0.525573 0.640537 0.526792 0.649412 0.529190 0.651491 0.530091 0.645824
8 0.531927 0.628162 0.531029 0.636787 0.526875 0.634028 0.528693 0.624542
8 0.526406 0.636806 0.526227 0.637634 0.530534 0.642125 0.530766 0.640477
8 0.531711 0.607440 0.532562 0.608236 0.533143 0.613644 0.532875 0.617699 0.530326 0.614838 0.531497 0.608463
8 0.470406 0.161829 0.473794 0.168713 0.474802 0.167565 0.472383 0.162690
8 0.473794 0.168713 0.472286 0.170000 0.467841 0.160579 0.470406 0.161829
8 0.471063 0.215481 0.482497 0.258690 0.486435 0.260356 0.472000 0.209708
8 0.470628 0.218593 0.474812 0.233588 0.482497 0.258690 0.480060 0.257690 0.477563 0.248583 0.477602 0.244407 0.477039 0.243412 0.475937 0.243028 0.470003 0.221481
8 0.552424 0.365954 0.559807 0.374690 0.560602 0.373023 0.560385 0.371866 0.553909 0.362546 0.552505 0.360296
1 0.563487 0.355542 0.565510 0.371352 0.564721 0.370324 0.562763 0.355412
8 0.561318 0.381116 0.567969 0.390500 0.568836 0.394995 0.563198 0.387671 0.563060 0.386644 0.562047 0.385616 0.561180 0.385616
1 0.565951 0.374435 0.573534 0.421727 0.572378 0.419931 0.565521 0.373903
1 0.478789 0.319838 0.485211 0.322884 0.485211 0.323773 0.478714 0.321218
8 0.563060 0.386644 0.568250 0.410361 0.562844 0.394741 0.561245 0.386773 0.562047 0.385616
8 0.575776 0.426870 0.578250 0.428606 0.583518 0.432523 0.584240 0.437278 0.580643 0.434704 0.578411 0.432727
8 0.556617 0.409134 0.565372 0.428796 0.568039 0.435736 0.564870 0.431292 0.557492 0.415819
8 0.542396 0.383218 0.548544 0.399815 0.554688 0.412796 0.555544 0.416569 0.550307 0.407986 0.541096 0.387606 0.540419 0.381903
1 0.486156 0.323222 0.494648 0.326875 0.494510 0.327704 0.486156 0.324051
8 0.523516 0.276505 0.530159 0.290255 0.527781 0.293468 0.522195 0.281907 0.519659 0.275236
8 0.540867 0.300153 0.545992 0.321741 0.546786 0.325981 0.547437 0.331509 0.545060 0.326625 0.543461 0.320458 0.540505 0.309532 0.539419 0.300282
8 0.447078 0.169319 0.444078 0.167231 0.452344 0.191157 0.455638 0.195667
8 0.531948 0.302074 0.540086 0.294949 0.540953 0.297773 0.536255 0.300472 0.534859 0.302722 0.533578 0.304713
8 0.534859 0.302722 0.537758 0.308375 0.539052 0.315444 0.540794 0.318657 0.540135 0.312231 0.539341 0.308375 0.535727 0.300667
8 0.433229 0.329894 0.436701 0.346616 0.443307 0.389412 0.445323 0.400560 0.444609 0.384213 0.438380 0.346417 0.435245 0.329694 0.433677 0.326509 0.433117 0.327306
8 0.486396 0.553343 0.495242 0.586986 0.494458 0.588181 0.493227 0.587981 0.483036 0.548366
8 0.439505 0.328657 0.443487 0.337699 0.444784 0.344611 0.447552 0.412222 0.450367 0.471106 0.449719 0.471333 0.448036 0.467421 0.445573 0.406153 0.442867 0.345852 0.441195 0.338023 0.438630 0.330583
8 0.508885 0.304329 0.504612 0.293255 0.496211 0.276903 0.497513 0.275227 0.505698 0.291838 0.510768 0.304718
8 0.497732 0.268532 0.508669 0.294542 0.509971 0.293125 0.501328 0.270093
8 0.515615 0.291079 0.523646 0.307079 0.525208 0.310000 0.525872 0.315338 0.520453 0.306218 0.513677 0.291769
8 0.531982 0.545648 0.533667 0.547653 0.534422 0.547653 0.539984 0.545255 0.538732 0.541519
8 0.537977 0.539120 0.538732 0.541519 0.531982 0.545648 0.530674 0.544130 0.536940 0.538755
8 0.470003 0.221481 0.469383 0.224880 0.474133 0.242097 0.475937 0.243028
8 0.468503 0.231032 0.475250 0.255690 0.472250 0.254472 0.467565 0.237255
8 0.464065 0.250472 0.466503 0.251583 0.467565 0.254694 0.464010 0.253264
8 0.464010 0.253264 0.464823 0.256315 0.472508 0.277194 0.476818 0.287861 0.476745 0.283148 0.475187 0.276644 0.475187 0.276644 0.467565 0.254694
8 0.463315 0.255690 0.472508 0.277194 0.476818 0.287861 0.476805 0.296435 0.465289 0.263343 0.464346 0.263083 0.463549 0.264116 0.462255 0.261023
8 0.479268 0.260597 0.486193 0.289944 0.486841 0.289176 0.488049 0.285282 0.482279 0.262231
8 0.477846 0.263722 0.486193 0.289944 0.485831 0.293801 0.485159 0.293083 0.484578 0.293722 0.482664 0.292296 0.477760 0.273685
8 0.492398 0.302977 0.494240 0.312046 0.492232 0.308926 0.490560 0.301343
8 0.477063 0.309796 0.472937 0.315574 0.472625 0.314019 0.475378 0.310153 0.476562 0.308574 0.476953 0.308972
8 0.463065 0.383648 0.465365 0.392111 0.467299 0.401866 0.468151 0.404306 0.467685 0.404847 0.467685 0.404847 0.469497 0.408708 0.470003 0.407097 0.468591 0.399713 0.466607 0.391315 0.463469 0.382356
8 0.491615 0.358694 0.485281 0.351310 0.484469 0.352528 0.483992 0.352097 0.482862 0.353819 0.482943 0.355611 0.484357 0.354079 0.485253 0.354477 0.488388 0.361204
8 0.453409 0.317620 0.454659 0.317620 0.456635 0.317764 0.457362 0.318620 0.457281 0.319412 0.462565 0.325935 0.460466 0.327014 0.455505 0.319912 0.454336 0.319843
8 0.479292 0.321338 0.481833 0.328296 0.484388 0.330611 0.481229 0.322273
8 0.487859 0.347736 0.491615 0.358694 0.492901 0.357417 0.489474 0.348884
8 0.512034 0.373343 0.510581 0.371051 0.509453 0.370259 0.508565 0.368398 0.506385 0.361727 0.505339 0.360796 0.505539 0.363231 0.506789 0.368972 0.509615 0.374347 0.511630 0.376644
8 0.522320 0.386968 0.522924 0.390051 0.522661 0.398046 0.521714 0.396648 0.521513 0.392778 0.520948 0.389694
8 0.477687 0.465731 0.472563 0.477653 0.472203 0.477222 0.472094 0.472421 0.474333 0.468486 0.477068 0.465060
8 0.501536 0.472278 0.500661 0.477500 0.496953 0.479722 0.499786 0.467060 0.499911 0.467856
8 0.495469 0.480648 0.489227 0.465421 0.489372 0.464269 0.490745 0.464269 0.496891 0.478787 0.497031 0.479722
8 0.496979 0.494630 0.499154 0.500972 0.501971 0.513310 0.501755 0.515366 0.500310 0.515366 0.499659 0.514338 0.497490 0.501227 0.496333 0.497759
8 0.516432 0.389491 0.523227 0.374819 0.524383 0.376875 0.517797 0.391144
8 0.497701 0.490949 0.505573 0.509500 0.505198 0.514940 0.496953 0.494676
8 0.479818 0.430787 0.494104 0.437046 0.494544 0.436602 0.503781 0.419449 0.505625 0.416019 0.507755 0.412218 0.511133 0.405662 0.512240 0.407130 0.506120 0.419491 0.494542 0.438810 0.493542 0.439495 0.490036 0.438606 0.486354 0.436111 0.484349 0.435000 0.481102 0.433551 0.480055 0.431694
8 0.471755 0.403264 0.472677 0.409421 0.473000 0.415097 0.472995 0.419259 0.472161 0.417269 0.471161 0.414616 0.470891 0.409903 0.470891 0.407208 0.471367 0.404843
8 0.480508 0.412699 0.482969 0.421458 0.484898 0.429245 0.485477 0.431944 0.485729 0.433472 0.483333 0.432407 0.481521 0.425319 0.478914 0.415278 0.478622 0.413731
8 0.516432 0.389491 0.515406 0.387690 0.514427 0.386167 0.512839 0.386421 0.517242 0.393171 0.517242 0.393171 0.517797 0.391144
8 0.519083 0.402106 0.518617 0.408741 0.517917 0.407083 0.517964 0.402685 0.517169 0.400032 0.517729 0.399120 0.519083 0.400944
8 0.519083 0.402106 0.521133 0.411787 0.520091 0.412644 0.518753 0.405898
8 0.488664 0.406319 0.493477 0.407097 0.493432 0.407824 0.493432 0.409713 0.493852 0.411208 0.491477 0.411764
8 0.409547 0.341130 0.407167 0.349426 0.405997 0.345500 0.408820 0.335463
8 0.421812 0.334343 0.425185 0.342676 0.426060 0.348782 0.423122 0.351449 0.422747 0.348338 0.424560 0.346894 0.421563 0.340231 0.421352 0.338565 0.419997 0.335296
8 0.436591 0.362593 0.437526 0.364421 0.440185 0.372218 0.441445 0.377199 0.441586 0.378523 0.440513 0.379519 0.439065 0.372468 0.436966 0.366495
8 0.436143 0.425213 0.435818 0.429824 0.435604 0.432125 0.437060 0.436736 0.437602 0.431264 0.437602 0.428093 0.436198 0.416769 0.435495 0.416769
8 0.466255 0.425407 0.472128 0.427630 0.471953 0.430000 0.465630 0.428185
8 0.517984 0.271588 0.529974 0.275236 0.529865 0.278884 0.519659 0.275236
8 0.529568 0.303657 0.542799 0.326699 0.542529 0.327949 0.541990 0.328907 0.541177 0.328810 0.539667 0.326315 0.539750 0.325431
8 0.504036 0.270861 0.524945 0.322014 0.524612 0.323500 0.523690 0.324093 0.522937 0.323500 0.501328 0.270093
6 0.578437 0.657639 0.575391 0.672685 0.594844 0.700648 0.599089 0.700231 0.597031 0.685185 0.596354 0.684028
6 0.572633 0.649296 0.576747 0.655032 0.573021 0.671667 0.570708 0.667819 0.571435 0.657148
8 0.582977 0.430074 0.584924 0.442866 0.590820 0.460468 0.585193 0.428921
8 0.542346 0.420306 0.546836 0.426792 0.545385 0.429449 0.542112 0.424213
8 0.530786 0.404824 0.540891 0.418477 0.540609 0.422213 0.529130 0.406546
8 0.527161 0.408565 0.553464 0.446759 0.550112 0.447352 0.525234 0.410972
8 0.513185 0.579583 0.524255 0.582176 0.523445 0.584958 0.515078 0.583519
8 0.554557 0.710093 0.555544 0.713903 0.558560 0.715847 0.558453 0.717287 0.561099 0.719204 0.561638 0.715463 0.555464 0.710792
8 0.564844 0.718611 0.575857 0.727921 0.573477 0.729741 0.564104 0.721440
8 0.553214 0.679690 0.555464 0.710792 0.554557 0.710139 0.552776 0.703792 0.550839 0.679579 0.551964 0.678801 0.552526 0.678801
8 0.426758 0.396648 0.432956 0.424250 0.435523 0.431037 0.434896 0.426472 0.428518 0.395884
8 0.579367 0.594486 0.582055 0.602815 0.582867 0.607593 0.582305 0.609259 0.581180 0.608370 0.581117 0.608148 0.579742 0.603148 0.578698 0.597731
8 0.578698 0.597731 0.585253 0.627574 0.583078 0.627722 0.581573 0.625343 0.577956 0.600727
8 0.590161 0.618968 0.593177 0.629583 0.590927 0.631227 0.588031 0.620000
8 0.570651 0.693056 0.586224 0.712824 0.586807 0.717787 0.569896 0.696343
8 0.617062 0.636806 0.620659 0.647366 0.622497 0.645282 0.616341 0.625764
8 0.467766 0.481787 0.470646 0.476315 0.470625 0.480176 0.468880 0.483648
8 0.507940 0.246296 0.510190 0.252185 0.512503 0.253630 0.521312 0.270736 0.522250 0.270958 0.522750 0.269514 0.522437 0.268292 0.513753 0.251963
8 0.502701 0.217380 0.503456 0.225093 0.501495 0.222199 0.500563 0.214968
8 0.502297 0.213213 0.501385 0.205296 0.501073 0.204093 0.500526 0.203769 0.500161 0.204093 0.499615 0.205204 0.499667 0.205991 0.500214 0.210944
8 0.495125 0.483815 0.496245 0.487009 0.495672 0.489787 0.493510 0.484741
8 0.496758 0.207194 0.521076 0.233495 0.519487 0.235324 0.519021 0.233167 0.517714 0.233000 0.517388 0.233333 0.492745 0.206532
8 0.492750 0.485139 0.494443 0.496898 0.495224 0.492407 0.494313 0.486435 0.493510 0.484741
8 0.587451 0.599528 0.591031 0.612259 0.590258 0.614667 0.590161 0.618968 0.594604 0.635366 0.596026 0.638338 0.597951 0.637000 0.597448 0.632241 0.597448 0.629269 0.594018 0.618560 0.590305 0.606694 0.592060 0.605208 0.592227 0.602667 0.593464 0.598935 0.591865 0.600162 0.588729 0.600162
8 0.416510 0.194606 0.406117 0.205736 0.404930 0.204181 0.403552 0.202176 0.403615 0.201398 0.414445 0.190602
8 0.410312 0.182537 0.410443 0.190134 0.409755 0.190801 0.408878 0.190801 0.408253 0.189356 0.408440 0.184569
8 0.407057 0.209079 0.416948 0.206519 0.421081 0.203958 0.423396 0.208407 0.415948 0.209856 0.408685 0.211523
8 0.428091 0.206185 0.431471 0.211079 0.430784 0.213306 0.427716 0.209301 0.427089 0.206296
8 0.411628 0.181255 0.420453 0.194495 0.421956 0.201176 0.410930 0.182097
8 0.446302 0.381806 0.449523 0.400380 0.449083 0.401088 0.447797 0.402204 0.446878 0.395481
8 0.452526 0.399306 0.451182 0.398903 0.450565 0.399421 0.446016 0.373935 0.445651 0.364167 0.446250 0.366667
8 0.447370 0.407546 0.448456 0.408722 0.449396 0.410264 0.450521 0.418102 0.450219 0.421565 0.451036 0.422162 0.457406 0.457481 0.455323 0.458338 0.447552 0.411806
8 0.460411 0.459528 0.463911 0.476949 0.462198 0.478546 0.458901 0.460361
8 0.466589 0.477454 0.465078 0.479324 0.472682 0.508796 0.476927 0.526431 0.479680 0.530176 0.476208 0.514444
8 0.464557 0.479861 0.470904 0.507269 0.470484 0.508097 0.468828 0.507731 0.462917 0.481852
8 0.460940 0.459199 0.464396 0.476287 0.465911 0.474861 0.462708 0.458380
8 0.458307 0.434259 0.459068 0.438620 0.469859 0.453806 0.472240 0.452639 0.469948 0.450000
8 0.479323 0.462778 0.488219 0.474236 0.486964 0.478056 0.477078 0.465106
8 0.381724 0.274741 0.396612 0.282176 0.397867 0.283218 0.414846 0.309241 0.415625 0.311574 0.415156 0.313194 0.413594 0.311806 0.397617 0.286935 0.396026 0.285301 0.382477 0.278162
8 0.620820 0.615458 0.630997 0.642120 0.635667 0.656421 0.634505 0.658486 0.633440 0.655389 0.622310 0.623736
8 0.666896 0.617347 0.668625 0.617060 0.670135 0.617926 0.670674 0.618787 0.669578 0.638588 0.667049 0.637944 0.668299 0.621199 0.667167 0.620718 0.666518 0.621486 0.660859 0.640694 0.658281 0.642407 0.665870 0.618991 0.666086 0.617838
6 0.580299 0.554616 0.581891 0.545875 0.582685 0.546005 0.583625 0.546903 0.584130 0.549218 0.584565 0.552944 0.583047 0.557569 0.581456 0.557056
1 0.409956 0.292523 0.409688 0.301296 0.409021 0.300241 0.409089 0.292037
1 0.408667 0.304046 0.407578 0.325199 0.408820 0.335463 0.410276 0.346792 0.410979 0.361384 0.411789 0.362727 0.410870 0.346023 0.410000 0.339259 0.409271 0.334028 0.408414 0.325213 0.409385 0.305338
8 0.414977 0.094440 0.418000 0.098819 0.410276 0.105583 0.400310 0.120315 0.398630 0.126287 0.396419 0.150296 0.392919 0.150773 0.395271 0.123898 0.397396 0.116528 0.408596 0.100412 0.412628 0.095634
8 0.412180 0.144801 0.425951 0.200144 0.422367 0.202731 0.408820 0.145995 0.409044 0.144204 0.409828 0.143009 0.410836 0.143606
8 0.427089 0.206296 0.429406 0.214639 0.428216 0.214866 0.423779 0.207384
8 0.422388 0.204505 0.423779 0.207384 0.431039 0.205606 0.434547 0.204046 0.436128 0.200301 0.434388 0.200375 0.427904 0.202269
8 0.422805 0.187509 0.432029 0.197773 0.428672 0.199139 0.424510 0.194181 0.424510 0.194181
8 0.438419 0.202250 0.439815 0.203806 0.435685 0.212727 0.433703 0.215356 0.432865 0.214546 0.433109 0.212995
8 0.419276 0.218458 0.422036 0.217218 0.423992 0.216968 0.426997 0.216847 0.428107 0.217185 0.426047 0.219056 0.423992 0.219269 0.420185 0.220778
8 0.420185 0.220778 0.424188 0.219269 0.426047 0.219056 0.421484 0.223148
8 0.416669 0.223653 0.418771 0.222000 0.419943 0.224444 0.418206 0.226167
8 0.421432 0.223194 0.418529 0.216898 0.417234 0.218051 0.420000 0.224630
8 0.468729 0.429171 0.466328 0.445093 0.466185 0.434935 0.467057 0.428616
1 0.488729 0.397245 0.486922 0.409454 0.486271 0.418833 0.485477 0.431944 0.484898 0.429245 0.485477 0.418065 0.486271 0.408681 0.487716 0.397759 0.488078 0.395829
8 0.482995 0.383009 0.491560 0.404157 0.493307 0.406046 0.493432 0.407824 0.493432 0.409713 0.496057 0.419486 0.497245 0.420264 0.497932 0.418819 0.497995 0.417708 0.495182 0.408380 0.482891 0.378333
8 0.482891 0.375000 0.492310 0.395940 0.495307 0.403380 0.496557 0.407380 0.499870 0.412708 0.502805 0.417931 0.502805 0.419486 0.502305 0.420708 0.501742 0.420819 0.495182 0.408380 0.482812 0.378278
8 0.482760 0.363148 0.483000 0.389051 0.482625 0.390606 0.481938 0.391051 0.481063 0.390606 0.480625 0.389162 0.480937 0.368727
8 0.491937 0.380088 0.505313 0.412218 0.505510 0.416208 0.505052 0.417222 0.491216 0.383556
8 0.509112 0.402157 0.509206 0.409556 0.507755 0.412218 0.507568 0.399579
8 0.504529 0.394843 0.505044 0.402991 0.505510 0.416208 0.507344 0.413009 0.507102 0.399083
8 0.503781 0.419449 0.497609 0.407144 0.498169 0.405565 0.499245 0.405565 0.505052 0.417222
8 0.525607 0.397856 0.529693 0.402824 0.528977 0.403620 0.528294 0.404310 0.524557 0.400032 0.524661 0.399097 0.525156 0.398241
8 0.441424 0.191380 0.443617 0.195722 0.445620 0.195389 0.443805 0.190713
8 0.444870 0.190380 0.446747 0.195389 0.448906 0.195042 0.447122 0.189935
8 0.434378 0.158153 0.431352 0.161449 0.429617 0.159157 0.432362 0.156431
8 0.406659 0.160477 0.411789 0.158745 0.412922 0.163356 0.408279 0.164125 0.407799 0.162671
8 0.409898 0.150588 0.406589 0.160093 0.405362 0.157560 0.409141 0.147593
8 0.577138 0.729264 0.589383 0.739704 0.589570 0.740704 0.589383 0.742037 0.588258 0.742704 0.575326 0.731264
8 0.561643 0.733370 0.566328 0.747699 0.568828 0.762028 0.566766 0.764250 0.563891 0.749255 0.561018 0.737370
8 0.416010 0.176468 0.412003 0.181144 0.415508 0.186148 0.417135 0.187597 0.418513 0.186597
6 0.568763 0.644167 0.569919 0.645194 0.568112 0.662412 0.563919 0.656630 0.565508 0.650847
8 0.661273 0.604759 0.663596 0.607509 0.642682 0.653287 0.638984 0.655787 0.639016 0.653792
5 0.638495 0.659542 0.649583 0.651898 0.661799 0.652880 0.666690 0.655778 0.670438 0.659833 0.671742 0.663597 0.681846 0.669394 0.683802 0.672292 0.685432 0.675769 0.686247 0.678083 0.686247 0.681273 0.674513 0.693440 0.672393 0.694310 0.669297 0.691704 0.667831 0.691704 0.660984 0.701556 0.662289 0.705028 0.663919 0.709954 0.660659 0.712565 0.657888 0.711981 0.655120 0.709954 0.654305 0.707926 0.653490 0.704449 0.652023 0.702134 0.649740 0.703292 0.645992 0.691991 0.644852 0.687356 0.642245 0.685907 0.640940 0.684171 0.644201 0.674606 0.643221 0.672870 0.641430 0.670264 0.639474 0.667944 0.638333 0.664759
8 0.606341 0.490338 0.612690 0.508991 0.609969 0.508532 0.605953 0.496324
8 0.599477 0.465000 0.604398 0.482046 0.603880 0.491949 0.596625 0.468917 0.597273 0.466843
4 0.367161 0.123935 0.364271 0.120185 0.350984 0.140560 0.362135 0.129028
4 0.371562 0.131204 0.374016 0.134690 0.363021 0.139861
8 0.467685 0.404847 0.469497 0.408708 0.468854 0.412421 0.468102 0.411380 0.466010 0.406769
8 0.469786 0.410509 0.472323 0.417593 0.473844 0.421329 0.474208 0.423426 0.473206 0.425657 0.470026 0.420301 0.468385 0.416806
8 0.465440 0.411157 0.464427 0.417338 0.464427 0.420940 0.464570 0.424162 0.465701 0.424907 0.467107 0.414889 0.466263 0.413167
8 0.429826 0.400431 0.434958 0.407111 0.433435 0.397963 0.429888 0.397315 0.428823 0.395759
8 0.428823 0.395759 0.431953 0.411116 0.434021 0.420241 0.435083 0.427144 0.435208 0.430593 0.432768 0.424139 0.427320 0.400208 0.426633 0.396759
6 0.619253 0.717435 0.628883 0.731968 0.629443 0.740523 0.633250 0.749282 0.629667 0.752269 0.615669 0.730375 0.616901 0.723208
8 0.463786 0.120648 0.464786 0.121204 0.464911 0.122537 0.464661 0.124315 0.463786 0.125426 0.445667 0.140755 0.444979 0.137866
8 0.411406 0.106296 0.410339 0.110463 0.425388 0.119134 0.436323 0.127046 0.441357 0.131866 0.439711 0.126704 0.438549 0.125329 0.426453 0.116208 0.412711 0.107088
8 0.461893 0.261838 0.469635 0.280167 0.470010 0.282162 0.469516 0.282940 0.468510 0.283162 0.467391 0.282051 0.460990 0.265417
8 0.408568 0.243111 0.407255 0.263102 0.405505 0.263213 0.406380 0.243778 0.407047 0.243241
8 0.519497 0.434796 0.518073 0.441199 0.516604 0.440093 0.518828 0.430921
8 0.401979 0.263704 0.401664 0.265880 0.401906 0.266815 0.402466 0.266958 0.411789 0.266241 0.410581 0.264718 0.410938 0.262454
1 0.515643 0.452671 0.521576 0.465523 0.522526 0.464306 0.516062 0.450588
8 0.511201 0.445370 0.515224 0.447907 0.514971 0.450440 0.511201 0.447907
8 0.603542 0.529583 0.601495 0.545389 0.600312 0.545046 0.599740 0.544051 0.601747 0.533639 0.602333 0.531407 0.602214 0.528750
8 0.597247 0.497810 0.601307 0.521954 0.601424 0.524912 0.599521 0.523296 0.594815 0.492421
8 0.418206 0.226167 0.428107 0.217185 0.428854 0.218472 0.425198 0.224657 0.420227 0.229116
8 0.426648 0.226148 0.433138 0.227065 0.430922 0.229704 0.424810 0.229611
8 0.429141 0.217176 0.436128 0.200301 0.437971 0.202713 0.430391 0.219167
8 0.480635 0.211157 0.486536 0.221718 0.484099 0.222273 0.480010 0.214954
8 0.519497 0.434796 0.522180 0.451333 0.519599 0.449944 0.518594 0.438625
8 0.522732 0.426134 0.527078 0.433065 0.537422 0.465310 0.550464 0.502616 0.557005 0.520324 0.569089 0.560648 0.567370 0.560972 0.559323 0.535417 0.534964 0.465148 0.524115 0.432037
8 0.467852 0.418519 0.468854 0.421194 0.471448 0.426250 0.472128 0.427630 0.472260 0.426620 0.473206 0.425657 0.470026 0.420301 0.468385 0.416806
8 0.466010 0.406769 0.468102 0.411380 0.468854 0.412421 0.467852 0.416139 0.466263 0.413167 0.464740 0.408565
8 0.494458 0.445463 0.497971 0.456912 0.496833 0.455759 0.494807 0.455375 0.492201 0.448287
8 0.505878 0.432426 0.504419 0.439625 0.506003 0.445019 0.506922 0.437139 0.507341 0.431338
8 0.499937 0.439431 0.501883 0.440199 0.503339 0.444194 0.502964 0.446440 0.497185 0.442407
8 0.497932 0.418819 0.499701 0.422181 0.501320 0.424199 0.499609 0.427412 0.497245 0.420264
8 0.498177 0.429815 0.494102 0.419060 0.494156 0.418199 0.495128 0.416278 0.495721 0.419255 0.496057 0.419486 0.497245 0.420264 0.499609 0.427412
8 0.506763 0.421009 0.508776 0.424491 0.506927 0.426296 0.505359 0.423218
8 0.512904 0.425389 0.512417 0.431819 0.510852 0.429037 0.511013 0.426921
8 0.515427 0.408833 0.516487 0.404833 0.516799 0.402171 0.516737 0.400616 0.515927 0.400505 0.514490 0.403167 0.513740 0.406167
8 0.514802 0.411611 0.514115 0.415722 0.513552 0.419495 0.511115 0.421829 0.511302 0.417162 0.512659 0.411037 0.513159 0.408708
8 0.511849 0.436667 0.510604 0.456801 0.508943 0.452301 0.510242 0.433407
1 0.517448 0.419722 0.515810 0.438421 0.516604 0.440093 0.517906 0.424644 0.518391 0.418685
8 0.502917 0.435926 0.510885 0.457597 0.511247 0.459907 0.510453 0.461065 0.508828 0.460093 0.501198 0.438102
8 0.510312 0.427824 0.518094 0.443204 0.517844 0.445204 0.516341 0.445426 0.515716 0.444537 0.508516 0.429769
8 0.496427 0.377444 0.518620 0.414167 0.517109 0.415694 0.513159 0.408708 0.494979 0.379375
8 0.454844 0.485602 0.462198 0.478546 0.465911 0.474861 0.478508 0.460657 0.494010 0.441852 0.498229 0.435231 0.528977 0.403620 0.532440 0.399917 0.533177 0.402130 0.515078 0.422407 0.483125 0.458333 0.481094 0.460694 0.479687 0.462269 0.477078 0.465106 0.466589 0.477454 0.462917 0.481898 0.455859 0.488935
8 0.528940 0.484856 0.518391 0.418685 0.520909 0.423949 0.530586 0.484343 0.533693 0.502681 0.538104 0.524565 0.535893 0.523111 0.532143 0.502458
8 0.534966 0.452778 0.534557 0.455833 0.543477 0.463338 0.560143 0.476125 0.559807 0.474639
8 0.539190 0.528440 0.541888 0.532171 0.542807 0.535606 0.541979 0.539815
8 0.535469 0.525792 0.536234 0.529940 0.537070 0.534032 0.537263 0.535384 0.537977 0.539120 0.538732 0.541519 0.539984 0.545255 0.540487 0.546366 0.540807 0.545370 0.541224 0.543241 0.537307 0.527259
8 0.539190 0.528440 0.541979 0.539815 0.541224 0.543241 0.537307 0.527259
8 0.525026 0.553546 0.525172 0.554449 0.522786 0.557144 0.521484 0.559074 0.521057 0.560745 0.521268 0.561903 0.517370 0.562417 0.522930 0.552421 0.522857 0.552389
8 0.500979 0.577991 0.501060 0.579644 0.501503 0.581579 0.502672 0.584519 0.503802 0.582583 0.503359 0.579931 0.503359 0.579139 0.501729 0.576727
8 0.498188 0.560986 0.501284 0.570949 0.500755 0.571019 0.496766 0.565296 0.495763 0.560241 0.496596 0.558736
8 0.561328 0.527972 0.565203 0.544315 0.567547 0.542468 0.565529 0.534606
8 0.492201 0.448287 0.494812 0.473917 0.492349 0.468120 0.490031 0.450611
8 0.496443 0.443245 0.500643 0.450329 0.501367 0.453157 0.501547 0.454731 0.502964 0.446440 0.497185 0.442407
8 0.496443 0.443245 0.500643 0.450329 0.501367 0.453157 0.500953 0.460514 0.499411 0.458824 0.499484 0.453157 0.494919 0.445046
8 0.483344 0.505903 0.490203 0.510417 0.496411 0.514736 0.496958 0.518264 0.488042 0.512718
8 0.510461 0.521644 0.511391 0.525014 0.510865 0.527454 0.509654 0.523579
8 0.506451 0.532032 0.506240 0.535708 0.508346 0.537824 0.509206 0.534116
8 0.509042 0.520032 0.506667 0.525602 0.506451 0.532032 0.510826 0.520611 0.510240 0.520296 0.509990 0.519630
8 0.510211 0.505384 0.515576 0.508287 0.514831 0.511361 0.509229 0.508287 0.508117 0.505523
8 0.523992 0.550421 0.527117 0.550644 0.527492 0.554644 0.522930 0.552421
8 0.517370 0.562417 0.527990 0.560972 0.528250 0.562981 0.523492 0.565083 0.514807 0.567083
1 0.494935 0.526130 0.492690 0.527042 0.491102 0.528120 0.490029 0.526625 0.491615 0.525134 0.492523 0.524333 0.493820 0.524333 0.494289 0.525134
8 0.479943 0.512333 0.484370 0.511472 0.481940 0.508593 0.480375 0.509167 0.480164 0.510704
8 0.508117 0.505523 0.514490 0.504856 0.512927 0.501972 0.507995 0.502685 0.507760 0.504907
8 0.515740 0.507412 0.513302 0.517074 0.514688 0.520278 0.517049 0.509745
8 0.526625 0.527801 0.531810 0.533847 0.535266 0.536644 0.536940 0.538755 0.537977 0.539120 0.537263 0.535384 0.531701 0.529625 0.527760 0.525111 0.527273 0.524921 0.526680 0.525398 0.526518 0.526074
8 0.525654 0.501782 0.526841 0.506870 0.527112 0.508986 0.527057 0.510426 0.526841 0.511866 0.524992 0.515241 0.527031 0.516806 0.528190 0.515032 0.529164 0.512634 0.529380 0.510903 0.529380 0.508986 0.528677 0.504088 0.527977 0.501111 0.527544 0.499958 0.526896 0.499866 0.525977 0.500440
8 0.474867 0.490324 0.479438 0.492773 0.479563 0.495667 0.475565 0.494417
8 0.467417 0.480861 0.470547 0.486537 0.470443 0.492019
8 0.479383 0.468204 0.473672 0.479273 0.476990 0.480162 0.479745 0.475819
2 0.486536 0.221718 0.484099 0.222273 0.483099 0.223051 0.481974 0.223940 0.481224 0.225940 0.480974 0.227935 0.481286 0.230935 0.482099 0.232824 0.483724 0.233935 0.486357 0.233875 0.488596 0.232935 0.490909 0.234935 0.493534 0.235935 0.494846 0.235491 0.495284 0.233046 0.495034 0.231157 0.494846 0.227935 0.494409 0.225940 0.493846 0.224718 0.492784 0.223606 0.492034 0.223051 0.490596 0.221384 0.489909 0.221829 0.489221 0.223051 0.488159 0.223273 0.487411 0.222606
2 0.629174 0.691894 0.631742 0.710815 0.630859 0.717194 0.624792 0.718750 0.622734 0.716079 0.622003 0.716329 0.621690 0.717319 0.622552 0.719259 0.620818 0.719796 0.619253 0.717435 0.622130 0.705880 0.620542 0.703648 0.620297 0.702801
2 0.449255 0.449171 0.449818 0.447236 0.450667 0.446162 0.453005 0.444296 0.454901 0.455556 0.452279 0.454769 0.451393 0.454481 0.449578 0.454264
2 0.443729 0.448028 0.447198 0.448884 0.447682 0.455051 0.446560 0.455963 0.444937 0.457565 0.444339 0.455986
2 0.487563 0.541296 0.491883 0.536787 0.492070 0.537639 0.492396 0.538986 0.492448 0.540042 0.492396 0.541000 0.493042 0.544074 0.495526 0.552903
2 0.490995 0.588569 0.494440 0.588111 0.495242 0.586986 0.494721 0.585120 0.502474 0.591389 0.511055 0.598815 0.517451 0.604287 0.519318 0.611838 0.519568 0.615602 0.517682 0.613894 0.517500 0.613519 0.514948 0.610694 0.509687 0.606296 0.506667 0.603148 0.507344 0.608287 0.507638 0.613699 0.507630 0.613148 0.508724 0.617778 0.506823 0.618333 0.504992 0.620519 0.503411 0.621065
2 0.537870 0.641880 0.543750 0.644861 0.547154 0.650801 0.546401 0.655111 0.545336 0.656162 0.542799 0.658083 0.536797 0.650519
2 0.487760 0.404722 0.492497 0.413657 0.493828 0.416296 0.493255 0.423519 0.492161 0.430000 0.494544 0.436602 0.494104 0.437046 0.485729 0.433426 0.484898 0.429245 0.485477 0.431944 0.486271 0.418833 0.486922 0.409454
2 0.478047 0.379250 0.480568 0.382699 0.480763 0.388213 0.480625 0.389162 0.481063 0.390606 0.481938 0.391051 0.482625 0.390606 0.483000 0.389051 0.482896 0.388389 0.482995 0.383009 0.488078 0.395829 0.487716 0.397759 0.486271 0.408681 0.484896 0.429213 0.480664 0.412694 0.478594 0.413657 0.479891 0.418898 0.478047 0.416833 0.475818 0.409593 0.472422 0.409417 0.471745 0.404245 0.471745 0.403731
2 0.561406 0.773565 0.562435 0.780912 0.558893 0.781602 0.558177 0.776481
2 0.539849 0.701282 0.537198 0.708116 0.538047 0.713241 0.542094 0.715685 0.543396 0.717356 0.544190 0.720569 0.547896 0.719866 0.544086 0.717310 0.543586 0.714421 0.543461 0.713093 0.544586 0.711870 0.550208 0.719421 0.552070 0.722880 0.553516 0.721981 0.554094 0.719926 0.555354 0.719130 0.557784 0.719991 0.558453 0.717287 0.558560 0.715847 0.555544 0.713903 0.552573 0.711944
2 0.542799 0.658083 0.545336 0.656162 0.548307 0.653764 0.551979 0.659139 0.549927 0.661440 0.547388 0.663940
2 0.541568 0.675856 0.540193 0.684301 0.540193 0.687630 0.540693 0.692852 0.540818 0.694630 0.536508 0.704292 0.534133 0.691741 0.534320 0.680523 0.535383 0.675190 0.536445 0.671639 0.537443 0.668861 0.538638 0.666181
2 0.392180 0.150894 0.408237 0.175667 0.408612 0.172667 0.408924 0.169778 0.408674 0.165889 0.407799 0.162671 0.405362 0.157560 0.401115 0.152782 0.397865 0.150227 0.396419 0.150296
2 0.609031 0.665208 0.609141 0.677037 0.597448 0.683287 0.596401 0.677403
2 0.518880 0.246935 0.518445 0.243588 0.519172 0.240884 0.519823 0.238694 0.519487 0.235324 0.519021 0.233167 0.517714 0.233000 0.517432 0.233417 0.516635 0.234704 0.516346 0.239981 0.516346 0.243588
2 0.462917 0.481852 0.464518 0.488949 0.460878 0.496333 0.456240 0.490625 0.455859 0.488935
2 0.600443 0.701435 0.601602 0.708361 0.603888 0.708375 0.604974 0.705972 0.602466 0.701537
2 0.601602 0.708361 0.605779 0.734051 0.608490 0.720324
2 0.609643 0.756963 0.610786 0.754926 0.612203 0.753106 0.613680 0.752037 0.614615 0.752519 0.615609 0.753750 0.615820 0.756481 0.614794 0.756481 0.612880 0.756880 0.611529 0.759366 0.610396 0.761625
2 0.608828 0.758519 0.606221 0.764218 0.603346 0.766106 0.601599 0.768884 0.600161 0.774991 0.605779 0.770884 0.609349 0.763472
2 0.563010 0.727861 0.563760 0.728306 0.564323 0.733194 0.564828 0.734306 0.566641 0.734528 0.572758 0.730194 0.578255 0.726310 0.580755 0.724866 0.581505 0.725755 0.580380 0.726977 0.577138 0.729264 0.575326 0.731264 0.573826 0.732861 0.574201 0.734083 0.574695 0.735972 0.574013 0.738972 0.573638 0.740194 0.572076 0.739528 0.571076 0.738417 0.570258 0.736750 0.569766 0.736306 0.566828 0.737306 0.564573 0.736972 0.562948 0.735306 0.561643 0.733370
2 0.592266 0.659676 0.593857 0.668500 0.588945 0.673157 0.587292 0.670509
2 0.652911 0.631380 0.656901 0.643333 0.642682 0.653287
2 0.649021 0.621481 0.651094 0.626898 0.644763 0.641264 0.633151 0.606019 0.634214 0.605481 0.643313 0.625954 0.644182 0.623546 0.646117 0.621310
2 0.382477 0.278162 0.396026 0.285301 0.397617 0.286935 0.403932 0.296806 0.403305 0.338477
2 0.482229 0.336602 0.485141 0.343171 0.486372 0.346755 0.485812 0.350338 0.484469 0.352528 0.482789 0.351333 0.481893 0.348347 0.481109 0.349343 0.481109 0.352528 0.479542 0.351532 0.478198 0.349542 0.477526 0.347352 0.477302 0.343370 0.477302 0.340583 0.477974 0.337597 0.479990 0.336005
2 0.405102 0.298718 0.405102 0.342514 0.405997 0.345500 0.408820 0.335463 0.407578 0.325199 0.408667 0.304046
2 0.409385 0.305338 0.408414 0.325213 0.409271 0.334028 0.415260 0.313380 0.413828 0.311991
2 0.418062 0.334949 0.419997 0.335296 0.422872 0.333736 0.425208 0.331343 0.427128 0.330153 0.430039 0.328560 0.433229 0.329894 0.433117 0.327306 0.433677 0.326509 0.435245 0.329694 0.438630 0.330583 0.440990 0.325972 0.446667 0.327731 0.453568 0.329954 0.456745 0.331111 0.458885 0.329583 0.457154 0.326491 0.454378 0.322801 0.452820 0.319097 0.451258 0.315083 0.448831 0.314162 0.447091 0.314162 0.444193 0.314769 0.441370 0.315708 0.440156 0.315708 0.438594 0.316319 0.436862 0.316319 0.434435 0.315708 0.432177 0.313241 0.430789 0.312616 0.427669 0.313551 0.426456 0.314472 0.426281 0.311694 0.426104 0.308926 0.426104 0.306148 0.425586 0.303366 0.424031 0.302130 0.421172 0.301204 0.420182 0.305000 0.422466 0.315083 0.420755 0.316944 0.418477 0.314162 0.417784 0.313551 0.417784 0.322491
2 0.626745 0.608380 0.637229 0.641014 0.639398 0.649500 0.640208 0.650500 0.643505 0.643847 0.631406 0.606991 0.630607 0.607329
2 0.472677 0.409421 0.475846 0.409472 0.478367 0.417745 0.479919 0.424125 0.482052 0.431880 0.479818 0.430741 0.479000 0.427157 0.478107 0.423157 0.477188 0.421759 0.475555 0.419694 0.474208 0.423426 0.473844 0.421329 0.472995 0.419259 0.473000 0.415097
2 0.475555 0.419694 0.474208 0.423426 0.472260 0.426620 0.471953 0.429769 0.471958 0.432750 0.471508 0.436481 0.471508 0.439144 0.471508 0.443144 0.471807 0.446875 0.472109 0.450338 0.472240 0.452639 0.474208 0.451944 0.482456 0.449000 0.487995 0.444074 0.486354 0.436111 0.484349 0.435000 0.481102 0.433551 0.480078 0.431759 0.479000 0.427157 0.478107 0.423157 0.477188 0.421759
2 0.409956 0.292523 0.409688 0.301296 0.414576 0.308986 0.415625 0.311574 0.416026 0.311056 0.416026 0.305060 0.414865 0.300227 0.413568 0.295856 0.412138 0.293773
2 0.554872 0.737204 0.550573 0.739861 0.551044 0.743958 0.552122 0.746236 0.556328 0.767917 0.557943 0.759306
2 0.550573 0.739861 0.554872 0.737204 0.553979 0.733370 0.549279 0.731824
2 0.549089 0.743236 0.548648 0.741977 0.547896 0.737394 0.547833 0.732213 0.549279 0.731824 0.550573 0.739861 0.551044 0.743958
2 0.542109 0.736343 0.543865 0.736324 0.546026 0.734523 0.547833 0.732213 0.547896 0.737394 0.548648 0.741977 0.544784 0.744264
2 0.518250 0.672713 0.520062 0.670051 0.523122 0.668829 0.527917 0.669167 0.529349 0.677222 0.527922 0.693218 0.525862 0.684500 0.524508 0.685019 0.523734 0.685704 0.527701 0.701819 0.525852 0.722505 0.522695 0.702380 0.523161 0.699741 0.522695 0.694134 0.521953 0.686051 0.520469 0.679949 0.518799 0.677144
2 0.527747 0.730028 0.531432 0.738056 0.533302 0.742366 0.534857 0.745134 0.537635 0.740213 0.539167 0.742176 0.539198 0.746069 0.531016 0.750787 0.530198 0.746681
2 0.542695 0.623944 0.550224 0.636583 0.554141 0.637176 0.553359 0.625509
2 0.439682 0.174597 0.448620 0.187278 0.449523 0.188560 0.449432 0.189366 0.438148 0.192093 0.436523 0.190810 0.434266 0.189042 0.432370 0.187597 0.431378 0.184389 0.431469 0.181981 0.433365 0.180218 0.434990 0.178931 0.436344 0.181819 0.437786 0.180856 0.437516 0.178130 0.437786 0.176042 0.438690 0.174440
2 0.641474 0.603588 0.649021 0.621481 0.646117 0.621310 0.644182 0.623546 0.643313 0.625954 0.634214 0.605481 0.635414 0.604736 0.639625 0.601662
2 0.414352 0.153532 0.415182 0.156852 0.425104 0.154491 0.422010 0.150065 0.420234 0.147361
2 0.412180 0.144801 0.413568 0.145704 0.415505 0.145630 0.416997 0.145130 0.418672 0.144815 0.419234 0.145519 0.413844 0.151861
2 0.443542 0.142435 0.445625 0.152083 0.442344 0.156065 0.434253 0.153574
2 0.558966 0.783398 0.560953 0.791139 0.564826 0.802148 0.558630 0.805245 0.543966 0.788875 0.551875 0.781343 0.553760 0.781222 0.556797 0.781343
2 0.533203 0.761481 0.536857 0.782361 0.540844 0.786991 0.548846 0.779801 0.548773 0.778005 0.549568 0.778259 0.550870 0.779546 0.550503 0.779264 0.553255 0.779907 0.551466 0.775282 0.541852 0.752630 0.541813 0.755194 0.541219 0.757704 0.538505 0.755319
2 0.591849 0.724306 0.592883 0.740505 0.595424 0.738528 0.596299 0.739306 0.596737 0.740861 0.596799 0.742856 0.593469 0.745912 0.594969 0.759685 0.596349 0.759421 0.602742 0.751426 0.604745 0.739949
2 0.615469 0.730185 0.612682 0.744769 0.622638 0.751361 0.625776 0.746148
2 0.529914 0.712472 0.527786 0.730093 0.533302 0.742366 0.534857 0.745134 0.537635 0.740213
2 0.551823 0.640324 0.550253 0.644815 0.549453 0.649167 0.554992 0.657829 0.554320 0.640597
2 0.539086 0.719491 0.542492 0.721417 0.546461 0.725403 0.548122 0.727329 0.553708 0.730750 0.558461 0.732343 0.559242 0.732282 0.558974 0.734782 0.555956 0.733593 0.553979 0.733370 0.549279 0.731824 0.547833 0.732213 0.546026 0.734523 0.543865 0.736324 0.542109 0.736343 0.541760 0.735426 0.541620 0.734157 0.541471 0.732856 0.544508 0.731569 0.545953 0.730028 0.546315 0.729130 0.545599 0.726431 0.544508 0.725014 0.539167 0.721287
2 0.569422 0.766722 0.571328 0.780060 0.572341 0.780444 0.575089 0.778903 0.577328 0.778519 0.578630 0.777875 0.583779 0.774787 0.580216 0.773926 0.580107 0.770565 0.582648 0.770995 0.585599 0.764815 0.578242 0.766185 0.574245 0.767130
2 0.479711 0.514546 0.496693 0.534491 0.496641 0.539537 0.492260 0.535250 0.492099 0.534000 0.491667 0.532944 0.490857 0.532755 0.489708 0.532259 0.483836 0.523486 0.481648 0.523375 0.481273 0.521931 0.481961 0.521042 0.480286 0.518009
2 0.543620 0.673611 0.544365 0.671426 0.545013 0.669412 0.546417 0.666625 0.541557 0.660384 0.540151 0.662019 0.540669 0.663940
2 0.526357 0.320329 0.527323 0.325662 0.527323 0.331167 0.526742 0.334949 0.525099 0.339079 0.522872 0.341662 0.520646 0.343380 0.519484 0.342694 0.519062 0.341245 0.513880 0.335833 0.514839 0.332713 0.516195 0.329787 0.517552 0.326667 0.519581 0.325486 0.522388 0.324282 0.523690 0.324093 0.524612 0.323500 0.524945 0.322014 0.526065 0.321704
2 0.407169 0.266431 0.406221 0.281750 0.410036 0.286681 0.410008 0.283509 0.411151 0.278185 0.412505 0.275917 0.413221 0.276486 0.412417 0.280940 0.413586 0.278861 0.415445 0.286815 0.416755 0.283144 0.418266 0.277593 0.419094 0.276593 0.419648 0.279884 0.420542 0.281676 0.422469 0.282532 0.423638 0.282653 0.423854 0.284444 0.425156 0.280324 0.413091 0.267694 0.411789 0.266241
2 0.389036 0.253657 0.395677 0.266944 0.398596 0.263384 0.399927 0.257213 0.397299 0.262875 0.395625 0.261176 0.402159 0.247440 0.401536 0.245880 0.398445 0.247356 0.392849 0.250296
2 0.437117 0.251477 0.436279 0.252819 0.435943 0.254903 0.436195 0.256991 0.437034 0.258481 0.438367 0.261227 0.438542 0.261907 0.438703 0.262713 0.438034 0.264199 0.437195 0.264792 0.434182 0.264889 0.432812 0.264907 0.429154 0.275468 0.430831 0.276954 0.433763 0.276060 0.435607 0.274125 0.436026 0.273528 0.437034 0.274870 0.438625 0.280977 0.442898 0.278894 0.443401 0.282616 0.445581 0.286343 0.447174 0.287384 0.448180 0.286343 0.449102 0.285449 0.450273 0.289917 0.451279 0.293940 0.453542 0.296773 0.458068 0.307796 0.461320 0.314472 0.463109 0.319144 0.464823 0.318167 0.466641 0.317468 0.467286 0.316542 0.466122 0.313787 0.464563 0.310315 0.452880 0.285852 0.451456 0.278477 0.450281 0.273616 0.448724 0.269940 0.446914 0.265542 0.446779 0.263009 0.443661 0.256542 0.441065 0.256542 0.439120 0.255398 0.438734 0.254236
2 0.486458 0.297083 0.486458 0.306069 0.488474 0.308935 0.490409 0.311014 0.491339 0.312306 0.492266 0.314315 0.493073 0.315463 0.494404 0.318472 0.496250 0.321481 0.497214 0.318056 0.495089 0.313597 0.491539 0.307787 0.488435 0.302699 0.487951 0.301694
2 0.482664 0.297954 0.483281 0.300356 0.484727 0.304005 0.485651 0.305463 0.485885 0.296301 0.484435 0.294880
2 0.399102 0.225648 0.408674 0.233468 0.407674 0.234801 0.400964 0.239722 0.399531 0.236065 0.398451 0.233634 0.396289 0.231329 0.397583 0.228486
2 0.384896 0.258380 0.380000 0.271435 0.381724 0.274741 0.388073 0.277917 0.388161 0.275708 0.390073 0.272449 0.394112 0.268542 0.387422 0.254944 0.386016 0.256157 0.388695 0.264148 0.388695 0.266134 0.387820 0.267551 0.386385 0.266981
2 0.430411 0.264931 0.426563 0.276759 0.419818 0.266486 0.418943 0.267338 0.418411 0.269491 0.414167 0.265139
2 0.441016 0.246481 0.468698 0.295926 0.475518 0.308657 0.476953 0.308972 0.476951 0.303648 0.470010 0.282162 0.469516 0.282940 0.468510 0.283162 0.467391 0.282051 0.460990 0.265417 0.460026 0.269421 0.458937 0.272546 0.457263 0.271944 0.457263 0.270310 0.459297 0.262593 0.457401 0.254315 0.457214 0.251079
2 0.426042 0.131389 0.416466 0.129977 0.414359 0.129690 0.413440 0.129782 0.411406 0.131713 0.412995 0.134213 0.424167 0.135380
2 0.405583 0.136056 0.405206 0.134708 0.404018 0.134134 0.401156 0.135190 0.398023 0.137588 0.397552 0.138148 0.397268 0.141139 0.402812 0.141676 0.406695 0.141231 0.413516 0.140556 0.407583 0.135764
2 0.445073 0.199481 0.440911 0.206361 0.437620 0.210148 0.435685 0.212727 0.433943 0.215306 0.433266 0.219954 0.434091 0.226102 0.435766 0.224662 0.436563 0.228056 0.455417 0.226667 0.454609 0.224259 0.447396 0.208426 0.447977 0.206019 0.449234 0.206704 0.452815 0.215134 0.453589 0.212384 0.454297 0.208380 0.454169 0.205500 0.453492 0.203606 0.451073 0.201889 0.448750 0.200338 0.446622 0.198449 0.445750 0.198449
2 0.543357 0.749593 0.553875 0.775370 0.557180 0.772009 0.552122 0.746236 0.551044 0.743958 0.549089 0.743236 0.547536 0.744319
2 0.396612 0.282176 0.397867 0.283218 0.403724 0.292130 0.403854 0.282870 0.403807 0.282384 0.403307 0.280000 0.399833 0.275588 0.398536 0.276736
2 0.598062 0.648551 0.599479 0.649194 0.600172 0.649889 0.600562 0.650852 0.601076 0.652139 0.594698 0.667759 0.592932 0.658699
10 0.378724 0.120060 0.380747 0.119931 0.381904 0.120185 0.383063 0.121731 0.383495 0.124431 0.382990 0.131625 0.382578 0.135278 0.383930 0.143833 0.384724 0.146532 0.384724 0.148333 0.386531 0.151676 0.386531 0.153861 0.386531 0.155144 0.386026 0.158741 0.385086 0.160801 0.383771 0.162065 0.381823 0.160986 0.381214 0.157954 0.382065 0.155356 0.380312 0.150741 0.379807 0.148588 0.379880 0.145889 0.380096 0.144093 0.378312 0.136292 0.375471 0.130981 0.375688 0.127255 0.376482 0.126227 0.377206 0.123912 0.376990 0.121856
8 0.465701 0.424907 0.450521 0.418102 0.450219 0.421565 0.464974 0.427773
8 0.466151 0.428454 0.466328 0.445093 0.464424 0.442644 0.464146 0.434676 0.465630 0.428185
8 0.469036 0.429306 0.469948 0.450000 0.471406 0.451713 0.470990 0.429676
8 0.606047 0.509986 0.609969 0.508532 0.615826 0.509468 0.616258 0.511014 0.615534 0.512431 0.614159 0.512690 0.610898 0.511917 0.605974 0.512431
8 0.610000 0.500926 0.625026 0.517824 0.626109 0.517968 0.627630 0.515523 0.628284 0.515653 0.628284 0.518097 0.627341 0.520157 0.624805 0.522347 0.624008 0.521574 0.616258 0.511014 0.615826 0.509468 0.612690 0.508991
8 0.609531 0.512176 0.618688 0.534606 0.621581 0.536778 0.611958 0.512171 0.610898 0.511917
8 0.614159 0.512690 0.618638 0.528986 0.611958 0.512171
8 0.605648 0.497565 0.605164 0.501222 0.608313 0.509181 0.609969 0.508532
8 0.603052 0.509954 0.604221 0.513222 0.605164 0.501222 0.605648 0.497565 0.605953 0.496324 0.606341 0.490338 0.607987 0.454639 0.606063 0.454338 0.604398 0.482046 0.603880 0.491949
8 0.603867 0.493417 0.595432 0.473426 0.594120 0.470204 0.593432 0.473093 0.593870 0.475310 0.603542 0.498565
8 0.590333 0.463565 0.591901 0.463088 0.592549 0.463949 0.594385 0.489773 0.591630 0.483824
8 0.586146 0.434213 0.590003 0.438333 0.596438 0.466435 0.596063 0.471102 0.595432 0.473426 0.594120 0.470204 0.593281 0.473565 0.592875 0.469102 0.594500 0.468324 0.587940 0.439667 0.586927 0.438796
8 0.593490 0.477593 0.603568 0.498519 0.603404 0.503005 0.593953 0.483037
8 0.568440 0.378731 0.576187 0.427051 0.578250 0.428606 0.570003 0.377843 0.569128 0.377509
8 0.515495 0.274130 0.539750 0.325431 0.539250 0.327069 0.537828 0.327069 0.527969 0.306426 0.512065 0.272792
8 0.527737 0.314565 0.532620 0.323736 0.532701 0.325250 0.532297 0.326319 0.531409 0.326676 0.530482 0.325681 0.528383 0.319648
8 0.550411 0.317588 0.552302 0.322773 0.554409 0.326324 0.555164 0.326421 0.555542 0.325556 0.555435 0.323829
5 0.542398 0.293185 0.545766 0.303056 0.546612 0.310944 0.547151 0.317282 0.545044 0.313153 0.543641 0.308352 0.542292 0.302116 0.540185 0.293667 0.541156 0.292898
8 0.637089 0.599454 0.639625 0.601662 0.635414 0.604736 0.630607 0.607329 0.625208 0.608861 0.619430 0.608958 0.614893 0.608093 0.614893 0.604449 0.620133 0.605597 0.625802 0.605792 0.631094 0.603681
8 0.592372 0.654981 0.600393 0.637815 0.601159 0.638185 0.602169 0.640292 0.592932 0.658699
8 0.593857 0.668500 0.588945 0.673157 0.590995 0.676106 0.594458 0.671500
8 0.594852 0.674014 0.592260 0.677870 0.594068 0.680657 0.595695 0.678407
8 0.630703 0.661806 0.608464 0.660704 0.607922 0.660125 0.607005 0.660319 0.595609 0.673181 0.596401 0.677403 0.609031 0.665208 0.627031 0.664815
8 0.615807 0.647963 0.616081 0.650574 0.595292 0.671120 0.594698 0.667759
8 0.605135 0.641847 0.606271 0.645111 0.598333 0.664259 0.594698 0.667759
8 0.592266 0.659676 0.587240 0.670463 0.586125 0.669037 0.591680 0.656009
8 0.583549 0.651417 0.584044 0.665898 0.582216 0.663106 0.581854 0.653639 0.582135 0.651491 0.582742 0.650843
8 0.590281 0.643764 0.592755 0.643208 0.593068 0.643852 0.595255 0.648898 0.594474 0.650616 0.592807 0.646912 0.590620 0.645755
8 0.562685 0.727838 0.568875 0.690667 0.576747 0.655032 0.580417 0.638028 0.581607 0.638028 0.582359 0.638917 0.582417 0.639588 0.581935 0.642167 0.581370 0.645106 0.578437 0.657639 0.575424 0.672241 0.568966 0.700407
8 0.572422 0.685556 0.576786 0.693028 0.576570 0.694468 0.575057 0.695426 0.571440 0.689282
8 0.579779 0.678694 0.579292 0.686278 0.579292 0.689255 0.578482 0.690787 0.577510 0.690116 0.577185 0.689347 0.578049 0.676676
8 0.553875 0.775370 0.555063 0.779069 0.596799 0.742856 0.596737 0.740861 0.596299 0.739306 0.595424 0.738528 0.568828 0.762028 0.566766 0.764250 0.557180 0.772009
8 0.536797 0.650519 0.565740 0.687245 0.565312 0.690694 0.536380 0.653806
8 0.591875 0.720324 0.591839 0.724245 0.604745 0.739949 0.605344 0.737120
8 0.605344 0.737120 0.604745 0.739949 0.602742 0.751426 0.604729 0.749194 0.606193 0.741509
8 0.592445 0.740838 0.592883 0.740505 0.591839 0.724245 0.591875 0.720324 0.591695 0.710181 0.591383 0.707958 0.590883 0.706625 0.590195 0.706292 0.589570 0.706958 0.589383 0.707958 0.590570 0.728509
8 0.590729 0.742731 0.592445 0.740838 0.590570 0.728509 0.587872 0.710838 0.586310 0.693394 0.585810 0.687731 0.583310 0.683847 0.583685 0.690398 0.584497 0.700616 0.586185 0.712944 0.586810 0.717500 0.588094 0.729134
8 0.586568 0.784917 0.574422 0.788259 0.574641 0.789931 0.575219 0.791727 0.576375 0.791343
8 0.593469 0.745912 0.594969 0.759685 0.592352 0.759574 0.590977 0.747690
8 0.589102 0.749579 0.588914 0.760241 0.591096 0.759796 0.591284 0.751356 0.590977 0.747690
8 0.491604 0.485741 0.491656 0.488843 0.492568 0.488935 0.492490 0.485370
8 0.594539 0.706926 0.604591 0.732028 0.604966 0.735806 0.600841 0.727032 0.599786 0.725366 0.592844 0.708370 0.593164 0.706815 0.593656 0.706481
8 0.571641 0.781921 0.573779 0.794472 0.571237 0.795977 0.569180 0.782139 0.570318 0.781731
8 0.565227 0.770236 0.565591 0.781204 0.565112 0.781218 0.563448 0.780704 0.563250 0.771884
8 0.527701 0.701819 0.525750 0.722125 0.527049 0.727907 0.528930 0.708245
8 0.555354 0.719130 0.559242 0.732282 0.559997 0.727481 0.557784 0.719991
8 0.563604 0.739694 0.574914 0.753690 0.575169 0.755134 0.574794 0.755907 0.574164 0.756685 0.573419 0.756574 0.566328 0.747699
8 0.612888 0.746472 0.612398 0.748889 0.618430 0.756019 0.620906 0.755583
8 0.612880 0.756880 0.618430 0.756019 0.620906 0.755583 0.624643 0.755468 0.621096 0.758954 0.611529 0.759366
8 0.625776 0.746148 0.622135 0.752292 0.621482 0.752787 0.620503 0.751625 0.612888 0.746472 0.620906 0.755583 0.624643 0.755468 0.627549 0.748806
8 0.607724 0.744824 0.610336 0.733162 0.613841 0.718042 0.615096 0.710162 0.616047 0.703991 0.616625 0.702963 0.629711 0.687667 0.638964 0.684713 0.639542 0.687282 0.639398 0.687796 0.630794 0.690366 0.629565 0.691394 0.617784 0.705917 0.615469 0.720310 0.612763 0.732792 0.609893 0.743218 0.609078 0.743431
8 0.606570 0.738782 0.608594 0.741019 0.607971 0.743801 0.607240 0.742315
8 0.630794 0.690366 0.632581 0.702764 0.631742 0.710815 0.629174 0.691894 0.629565 0.691394
8 0.630859 0.717194 0.620818 0.719796 0.622247 0.721968 0.630544 0.719861
8 0.624792 0.718750 0.622734 0.716079 0.622003 0.716329 0.621690 0.717319 0.622552 0.719259
8 0.626721 0.720870 0.629922 0.724120 0.629609 0.726296 0.623656 0.721514
8 0.626151 0.728014 0.627924 0.726602 0.629609 0.726296 0.629464 0.728426 0.627971 0.729176 0.627271 0.729588
8 0.639753 0.711699 0.636065 0.741519 0.635052 0.745500 0.634401 0.746014 0.632956 0.744472 0.638378 0.707588
8 0.632992 0.716944 0.637188 0.715440 0.636784 0.718454 0.632833 0.719241
8 0.607109 0.747454 0.603927 0.758074 0.605974 0.757963 0.607844 0.751750
1 0.600703 0.758981 0.605391 0.751046 0.607109 0.747454 0.606844 0.745736 0.605875 0.747458 0.604906 0.748963 0.602742 0.751426 0.596349 0.759421 0.597849 0.759218 0.600753 0.755778 0.602083 0.753769 0.602526 0.753986 0.599219 0.759218
8 0.467292 0.500926 0.467737 0.514852 0.466120 0.512630 0.464953 0.494056 0.465477 0.493338
8 0.464188 0.509903 0.463622 0.502806 0.463865 0.501227 0.464388 0.500440 0.464870 0.501157 0.465318 0.502088 0.466120 0.512630
8 0.467414 0.505671 0.468419 0.507968 0.469547 0.510551 0.470036 0.512486 0.469672 0.514134 0.469125 0.516713 0.467737 0.514852
8 0.488151 0.233194 0.502117 0.266389 0.499443 0.265491 0.486357 0.233875
8 0.455865 0.490708 0.458432 0.497593 0.463622 0.502806 0.463865 0.501227 0.464388 0.500440 0.456240 0.490625
8 0.465477 0.493338 0.462651 0.498407 0.460878 0.496333 0.464518 0.488949
8 0.457083 0.463639 0.458021 0.466528 0.453958 0.484630 0.452708 0.481079
8 0.465289 0.263343 0.476805 0.296435 0.476951 0.303648 0.470010 0.282162 0.469562 0.279954 0.463549 0.264116 0.464346 0.263083
8 0.453674 0.406356 0.452990 0.405995 0.452586 0.405926 0.452224 0.406426 0.451859 0.407356 0.452102 0.409079 0.454036 0.419537 0.456094 0.420648
8 0.451133 0.410157 0.452943 0.419259 0.451094 0.418380 0.449682 0.410514 0.450167 0.410301 0.450570 0.410370
8 0.470990 0.455833 0.476458 0.463009 0.478508 0.460657 0.473464 0.455000
1 0.596432 0.677407 0.578802 0.581620 0.578281 0.582639 0.596875 0.684815 0.597031 0.685185 0.599089 0.700231 0.600469 0.706806 0.600784 0.709625 0.605344 0.737120 0.608333 0.754306 0.609719 0.767662 0.611057 0.766634 0.609115 0.753046 0.605875 0.734852 0.601602 0.708361 0.600174 0.700301 0.597732 0.685819 0.597422 0.683148
8 0.456901 0.424398 0.458307 0.434259 0.459068 0.438620 0.461997 0.455843 0.460552 0.456426 0.454625 0.423569
8 0.451646 0.422208 0.458018 0.457440 0.460044 0.456653 0.453776 0.423102
1 0.622638 0.751361 0.611760 0.744181 0.609893 0.743218 0.609078 0.743431 0.607656 0.744815 0.607969 0.746435 0.609711 0.744986 0.610253 0.744986 0.612888 0.746472 0.622135 0.752292
8 0.620542 0.703648 0.616109 0.719259 0.612763 0.732792 0.611172 0.743750 0.612604 0.744676 0.615669 0.730375 0.616901 0.723208 0.619253 0.717435 0.622130 0.705880
8 0.636500 0.688801 0.630497 0.737634 0.629271 0.736866 0.629089 0.735880 0.628883 0.731968 0.631742 0.710815 0.632581 0.702764 0.634474 0.689056
6 0.630794 0.734694 0.633784 0.738926 0.632956 0.744472 0.634401 0.746014 0.635052 0.745500 0.636065 0.741519 0.637898 0.745093 0.633250 0.749282 0.629443 0.740523 0.629271 0.736866 0.630497 0.737634
8 0.636818 0.735796 0.637521 0.740403 0.637898 0.745093 0.636065 0.741519
8 0.610885 0.745236 0.609529 0.755833 0.609643 0.756963 0.610786 0.754926 0.611935 0.753417 0.612398 0.748889 0.612888 0.746472
8 0.495284 0.233046 0.501404 0.244778 0.503784 0.250676 0.502344 0.252458 0.494846 0.235491
8 0.603159 0.761556 0.601747 0.766722 0.601599 0.768884 0.603346 0.766106 0.603846 0.765787 0.605258 0.761199
8 0.600901 0.761986 0.599651 0.769662 0.601266 0.769806 0.601599 0.768884 0.601747 0.766722 0.602516 0.761843
8 0.526594 0.545264 0.510805 0.574921 0.509237 0.572532 0.526034 0.541880
8 0.506240 0.535708 0.513367 0.542718 0.513099 0.544736 0.512018 0.545792 0.506133 0.538593
8 0.510156 0.539537 0.513747 0.524477 0.513422 0.523037 0.512612 0.522269 0.512073 0.522269 0.508346 0.537824
8 0.523979 0.520417 0.524195 0.524449 0.517878 0.533380 0.516906 0.532801 0.516742 0.531264 0.516742 0.530208
8 0.535266 0.536644 0.536940 0.538755 0.530674 0.544130 0.528406 0.542019 0.531432 0.539236
8 0.532359 0.591764 0.527771 0.541597 0.525867 0.520500 0.525195 0.519106 0.523979 0.520417 0.524195 0.524449 0.525599 0.538370 0.526594 0.545264 0.531536 0.597500
8 0.513430 0.570176 0.528250 0.562981 0.528539 0.566324 0.510805 0.574921
8 0.529573 0.562236 0.529951 0.565787 0.537297 0.561755 0.538268 0.558491
8 0.507935 0.570968 0.509237 0.572532 0.510805 0.574921 0.515932 0.585185 0.517432 0.589407 0.517995 0.592407 0.518182 0.595852 0.516995 0.596407 0.516307 0.594963 0.515682 0.591519 0.514057 0.586630 0.508310 0.575301
8 0.470911 0.523194 0.501320 0.565148 0.506135 0.572912 0.505687 0.567935 0.501656 0.561565 0.479680 0.530176 0.476927 0.526431 0.471094 0.518889
8 0.470781 0.508329 0.469521 0.514472 0.468635 0.520940 0.468495 0.525838 0.470409 0.530403 0.470828 0.524176 0.471109 0.518787 0.472883 0.509162 0.472682 0.508796
8 0.462052 0.506824 0.469125 0.516713 0.468635 0.520940 0.464643 0.514310
8 0.472885 0.485968 0.481406 0.532778 0.483677 0.535782 0.476867 0.500069 0.475565 0.494417 0.474057 0.485370
8 0.503784 0.250676 0.502344 0.252458 0.500026 0.255019 0.498586 0.257912 0.499276 0.259694 0.500969 0.256736 0.502135 0.255329 0.504659 0.252681
8 0.492508 0.235509 0.501461 0.253426 0.502344 0.252458 0.494846 0.235491 0.493534 0.235935
8 0.489503 0.236509 0.495451 0.244079 0.501461 0.253426 0.500026 0.255019 0.496641 0.249977 0.493260 0.245523
8 0.502661 0.230713 0.503581 0.238315 0.507503 0.258644 0.509047 0.261880 0.506177 0.245144 0.504448 0.233602 0.503490 0.231898
8 0.506070 0.244375 0.520479 0.272296 0.517984 0.271588 0.515211 0.270787 0.507948 0.255944
8 0.490326 0.483870 0.501396 0.476958 0.502044 0.477727 0.502044 0.479454 0.501396 0.480222 0.499937 0.481088 0.496914 0.482718 0.490919 0.486366
8 0.507878 0.504981 0.518352 0.528213 0.516742 0.530208 0.507661 0.508917
8 0.522378 0.469648 0.521797 0.473431 0.524992 0.515241 0.522958 0.514208 0.520443 0.477218 0.519958 0.472727 0.520346 0.470148 0.520927 0.469306
8 0.506479 0.554264 0.506979 0.558153 0.511164 0.552375 0.515039 0.548375 0.515852 0.547602 0.515602 0.545269 0.514852 0.544157 0.509792 0.549486
8 0.472167 0.470778 0.472203 0.477222 0.470703 0.473940 0.470565 0.472639
8 0.456250 0.461019 0.457083 0.463639 0.458021 0.466528 0.459753 0.470319 0.461247 0.473060 0.459846 0.466009 0.458820 0.462852 0.458307 0.460366
8 0.460500 0.471981 0.457841 0.482602 0.454844 0.485602 0.459240 0.469407 0.459753 0.470319
8 0.487086 0.477532 0.493513 0.506144 0.494214 0.505949 0.494971 0.504509 0.488219 0.474236
8 0.499937 0.481088 0.495620 0.500958 0.494646 0.501630 0.494052 0.500769 0.493891 0.500000 0.496914 0.482718
8 0.453237 0.458741 0.453612 0.461477 0.458901 0.460361 0.460411 0.459528 0.460940 0.459199 0.462708 0.458380 0.470990 0.455833 0.473464 0.455000 0.482734 0.451602 0.483529 0.451106 0.494854 0.440694 0.512659 0.411037 0.513159 0.408708 0.512534 0.408815 0.494542 0.438810 0.492667 0.440361 0.482456 0.449000 0.474208 0.451944 0.472240 0.452639 0.469859 0.453806 0.461997 0.455843 0.460552 0.456426 0.458904 0.457181 0.457406 0.457481 0.455323 0.458338
1 0.463609 0.458023 0.469349 0.470884 0.468648 0.471796 0.462708 0.458380
8 0.472010 0.457194 0.472289 0.467565 0.470281 0.469972 0.469956 0.456032 0.470990 0.455833
8 0.466641 0.457130 0.466643 0.464579 0.464401 0.460019 0.464542 0.457861
8 0.464495 0.462671 0.464263 0.466407 0.465911 0.474861 0.466781 0.473870 0.466781 0.467648
1 0.470234 0.473148 0.472984 0.478755 0.472823 0.479616 0.472258 0.479829 0.469596 0.473806
8 0.470646 0.476315 0.470443 0.492019 0.472177 0.498977 0.472258 0.479829
8 0.487563 0.541296 0.491883 0.536787 0.492260 0.535250 0.492099 0.534000 0.491667 0.532944 0.490857 0.532755 0.485833 0.538995
8 0.483036 0.548366 0.478318 0.553028 0.477669 0.550630 0.481286 0.546116
8 0.470755 0.525139 0.486409 0.549398 0.510352 0.585806 0.514703 0.595176 0.514451 0.595907 0.506172 0.583569 0.486396 0.553343 0.481286 0.546116 0.470495 0.528009
8 0.493182 0.578968 0.502794 0.585593 0.502526 0.587319 0.501716 0.588088 0.501068 0.588185 0.494318 0.583481
8 0.500102 0.574264 0.496607 0.581389 0.498654 0.582833 0.501729 0.576727
8 0.493182 0.578968 0.498885 0.576773 0.496607 0.581389
8 0.486068 0.574634 0.490495 0.577361 0.491401 0.580954 0.487286 0.578167
8 0.484708 0.570667 0.488786 0.570667 0.489555 0.573644 0.485336 0.573023
2 0.425417 0.374694 0.423906 0.376111 0.422604 0.378657 0.421029 0.372718 0.419997 0.366778 0.419544 0.365505 0.417906 0.367588 0.416503 0.367866 0.416659 0.369667 0.420169 0.377019 0.422745 0.381042 0.424148 0.384787 0.423526 0.388810 0.423992 0.392972 0.425242 0.394773 0.426255 0.397134 0.428518 0.395884 0.430313 0.397273 0.432419 0.397546 0.433435 0.397963 0.433357 0.396023 0.431484 0.392833 0.431484 0.389921 0.432185 0.387005 0.431172 0.381736 0.429768 0.379375 0.428987 0.377296 0.429690 0.374384 0.429299 0.371194 0.428518 0.370917 0.427349 0.372301
