8 0.470391 0.305310 0.473893 0.309866 0.472435 0.310921 0.472057 0.310829 0.469195 0.307755 0.469266 0.304199
8 0.413979 0.271565 0.421328 0.275417 0.420990 0.278565 0.411536 0.273935 0.412406 0.273074
8 0.406945 0.170519 0.409010 0.173426 0.410312 0.172407 0.409495 0.171028
8 0.405026 0.176481 0.411276 0.171667 0.413646 0.172546 0.405414 0.179264
8 0.590810 0.632250 0.594690 0.640491 0.589430 0.637065 0.588388 0.634657 0.589214 0.634102
8 0.467227 0.304722 0.464005 0.301653 0.462326 0.299579 0.459758 0.296921 0.459703 0.294407 0.460992 0.294838 0.462138 0.296093 0.465297 0.299231 0.466646 0.302398
8 0.472844 0.328676 0.471844 0.327824 0.471159 0.326894 0.470109 0.325171 0.468133 0.320727 0.466641 0.316495 0.465068 0.313269 0.464260 0.311690 0.463576 0.310185 0.463495 0.309255 0.463896 0.308894 0.464784 0.309468 0.465792 0.311259 0.467664 0.315278 0.469198 0.318861 0.469786 0.320440 0.470956 0.322593 0.471802 0.324741 0.472286 0.326106 0.472984 0.327560
8 0.467664 0.315278 0.467562 0.306144 0.467328 0.300421 0.467453 0.296648 0.469328 0.297204 0.469237 0.303588 0.469266 0.304199 0.469198 0.318861
8 0.463203 0.294352 0.463839 0.296065 0.465297 0.299231 0.466646 0.302398 0.467562 0.306144 0.467328 0.300421 0.465953 0.296870 0.464828 0.293648 0.464023 0.291472 0.463453 0.293046
8 0.455188 0.278569 0.456339 0.280301 0.457698 0.281727 0.458359 0.282222 0.458846 0.282843 0.459128 0.283278 0.459581 0.284454 0.459128 0.285444 0.457802 0.285139 0.456581 0.283523 0.454977 0.281667
8 0.473339 0.329662 0.473018 0.329667 0.472844 0.328676 0.472984 0.327560 0.473508 0.326505 0.473924 0.325269 0.474378 0.323347 0.474971 0.320185 0.475633 0.315907 0.475740 0.313181 0.475599 0.303264 0.475216 0.300722 0.474971 0.299111 0.475042 0.297625 0.475544 0.297417 0.475753 0.298282 0.476102 0.298653 0.476539 0.299671 0.476820 0.302894 0.476854 0.306921 0.476823 0.309120 0.476161 0.310773 0.476474 0.311838 0.476734 0.311884 0.476901 0.315079 0.476576 0.317287 0.476646 0.318634 0.476018 0.321981 0.475719 0.323065 0.475357 0.324426 0.475076 0.326722 0.474268 0.328727 0.473661 0.328727 0.473339 0.329088
8 0.477370 0.326574 0.476977 0.321500 0.476576 0.317287 0.478406 0.321685 0.479276 0.325653 0.479870 0.328750 0.480221 0.330426 0.480893 0.332083 0.480711 0.333056 0.480815 0.335370 0.481154 0.337037 0.481180 0.338194 0.481260 0.338657 0.481961 0.338889 0.481487 0.339843 0.480802 0.337477 0.478141 0.328657
8 0.484185 0.338051 0.485745 0.341259 0.489125 0.348509 0.489635 0.352130 0.487906 0.349810 0.485953 0.347454 0.484911 0.346542 0.485276 0.345537 0.485237 0.343894 0.484969 0.343625 0.484216 0.342176 0.483883 0.341106 0.483763 0.339819 0.483854 0.339019 0.483945 0.338481
8 0.481487 0.339843 0.481961 0.338889 0.482326 0.337778 0.483096 0.336574 0.484026 0.336074 0.484430 0.335931 0.485195 0.337505 0.484667 0.337894 0.484185 0.338051 0.483945 0.338481 0.483854 0.339019 0.483763 0.339819 0.483883 0.341106 0.484216 0.342176 0.484969 0.343625 0.485237 0.343894 0.485276 0.345537 0.484911 0.346542 0.483057 0.344676 0.482174 0.342856 0.482174 0.341708 0.481891 0.340634
8 0.474268 0.328727 0.477161 0.333241 0.477898 0.334681 0.478260 0.335611 0.479875 0.339199 0.477333 0.335755 0.474469 0.331454 0.473542 0.330236 0.473339 0.329662 0.473339 0.329088 0.473661 0.328727
8 0.477161 0.333241 0.475076 0.326722 0.475357 0.324426 0.475719 0.323065 0.476164 0.323208 0.478141 0.328657 0.480802 0.337477 0.481487 0.339843 0.481891 0.340634 0.482174 0.341708 0.482174 0.342856 0.481568 0.342352 0.479875 0.339199 0.478260 0.335611 0.477898 0.334681
8 0.476576 0.317287 0.484029 0.334954 0.486404 0.340426 0.488510 0.343977 0.487646 0.337833 0.485755 0.334088 0.481328 0.324106 0.477602 0.315657 0.476901 0.315079
8 0.477893 0.308838 0.480862 0.314486 0.484977 0.322125 0.485836 0.323606 0.485810 0.326894 0.485263 0.326940 0.484326 0.325829 0.482346 0.321986 0.481227 0.319671 0.479690 0.316662 0.478102 0.314116 0.477086 0.312356 0.476734 0.311884
8 0.485599 0.307593 0.486878 0.317602 0.484794 0.311398 0.484273 0.309593 0.484227 0.306167
8 0.476823 0.309120 0.478479 0.304523 0.479547 0.301977 0.479651 0.301699 0.480375 0.302398 0.480146 0.303505 0.478870 0.306463 0.476734 0.311884 0.476474 0.311838 0.476161 0.310773
8 0.481128 0.300190 0.483672 0.301389 0.484336 0.302468 0.485807 0.303611 0.487544 0.305162 0.490432 0.307602 0.491206 0.309324 0.491326 0.310759 0.490841 0.311333 0.489510 0.311116 0.488341 0.310255 0.484227 0.306167 0.482693 0.304880
8 0.474909 0.293245 0.478214 0.297005 0.478807 0.297625 0.479635 0.299935 0.480375 0.302398 0.477831 0.299731 0.476102 0.298653 0.475753 0.298282 0.475544 0.297417 0.475076 0.294880
8 0.474698 0.289111 0.477070 0.293296 0.479635 0.299935 0.480375 0.302398 0.480146 0.303505 0.483026 0.313602 0.484224 0.316657 0.484951 0.317907 0.487849 0.325491 0.495737 0.350380 0.499753 0.362579 0.504091 0.375769 0.510206 0.393940 0.515945 0.412773 0.522341 0.430944 0.524674 0.438829 0.525466 0.439657 0.526393 0.439597 0.526672 0.438171 0.526987 0.437241 0.527188 0.436250 0.526380 0.435245 0.522768 0.426269 0.509924 0.386556 0.493638 0.338185 0.481128 0.300190 0.479240 0.293949 0.477188 0.288671 0.476102 0.288056 0.475398 0.289019
8 0.470495 0.265231 0.476964 0.280917 0.483711 0.301468 0.484336 0.302468 0.485807 0.303611 0.485461 0.299579 0.484398 0.296245 0.479836 0.283583 0.477151 0.276810 0.472917 0.266065 0.471617 0.265657
8 0.469271 0.282037 0.468622 0.276949 0.468482 0.274130 0.470000 0.277977 0.470815 0.280685 0.471747 0.283505 0.472122 0.289231 0.469505 0.285417 0.469714 0.284630 0.469687 0.283194 0.469453 0.282454
8 0.461549 0.272037 0.464427 0.275787 0.469271 0.282037 0.469453 0.282454 0.469687 0.283194 0.469714 0.284630 0.469505 0.285417 0.467109 0.281481 0.463646 0.275509
8 0.458161 0.266870 0.458120 0.260106 0.459055 0.260523 0.459010 0.268148
8 0.456104 0.263148 0.458161 0.266870 0.461549 0.272037 0.468906 0.284537 0.474909 0.293245 0.475076 0.294880 0.473904 0.297264 0.472484 0.297412 0.470560 0.295032 0.466042 0.288190 0.459102 0.276000 0.455758 0.269296
8 0.452216 0.257111 0.454596 0.260481 0.455159 0.261417 0.454797 0.267940 0.453424 0.265287 0.452505 0.263500 0.452398 0.263037 0.451672 0.257481
8 0.485599 0.307593 0.487172 0.313556 0.490117 0.327394 0.493638 0.338185 0.493990 0.338079 0.494391 0.337435 0.494432 0.336074 0.494271 0.334926 0.492536 0.327537 0.488703 0.311833 0.488341 0.310255
8 0.445349 0.259324 0.446753 0.262204 0.448151 0.265648 0.446839 0.266574 0.444188 0.262731 0.443315 0.261370 0.442729 0.260134
8 0.438948 0.260713 0.439141 0.262083 0.439969 0.262009 0.439867 0.260597
8 0.436135 0.265083 0.438510 0.265565 0.440130 0.266296 0.439969 0.262009 0.435896 0.262347
8 0.449255 0.210042 0.451544 0.209866 0.456083 0.218069 0.457307 0.219644 0.457594 0.219829 0.460094 0.229417 0.462581 0.236000 0.461831 0.236111 0.460581 0.237444 0.459581 0.234926
8 0.449070 0.226671 0.453789 0.236708 0.457201 0.243764 0.452346 0.236546 0.449135 0.231958
8 0.445755 0.226713 0.444823 0.215741 0.445885 0.214519 0.446885 0.221736 0.447323 0.223292 0.447760 0.224181 0.448635 0.224847 0.449010 0.225847 0.449135 0.231958
8 0.451849 0.274421 0.451484 0.268903 0.451727 0.266963 0.451688 0.264023 0.451979 0.263333 0.451266 0.262731 0.450565 0.262829 0.450266 0.263130 0.449924 0.258176 0.451255 0.257667 0.451672 0.257481 0.452398 0.263037 0.452505 0.263500 0.454159 0.277421 0.453669 0.276861 0.452276 0.275130
8 0.442729 0.260134 0.443315 0.261370 0.444188 0.262731 0.446839 0.266574 0.450568 0.272028 0.452276 0.275130 0.453669 0.276861 0.454159 0.277421 0.454107 0.278352 0.453914 0.280148 0.452799 0.278782 0.450602 0.276491 0.447966 0.272954 0.446753 0.270213 0.445771 0.268801 0.444138 0.266894 0.443143 0.266722 0.442398 0.265227 0.442023 0.264727 0.441724 0.260380
8 0.448104 0.280917 0.446378 0.277597 0.445198 0.275681 0.444419 0.272120 0.443143 0.266722 0.444138 0.266894 0.445771 0.268801 0.446753 0.270213 0.447966 0.272954 0.450346 0.278426 0.452818 0.284319 0.453378 0.285977 0.453003 0.289602 0.452026 0.288218 0.451044 0.285894 0.449878 0.283819 0.448898 0.282574
8 0.441042 0.289861 0.440836 0.280032 0.439867 0.260597 0.441234 0.260463 0.441724 0.260380 0.442023 0.264727 0.442023 0.265972 0.442352 0.270954 0.443081 0.291319 0.443242 0.293625 0.443255 0.295880
8 0.448125 0.293426 0.443242 0.293625 0.443081 0.291319 0.443297 0.290745 0.446807 0.290551 0.447341 0.290648
8 0.454464 0.289134 0.456422 0.289134 0.456573 0.289620 0.456633 0.290690 0.456513 0.292296 0.456091 0.292671 0.455789 0.292727 0.454224 0.292565
8 0.449258 0.290037 0.453003 0.289602 0.452612 0.293514 0.450292 0.293620
8 0.451406 0.304907 0.449023 0.296509 0.444078 0.279417 0.442352 0.270954 0.442023 0.265972 0.442023 0.264727 0.442398 0.265227 0.443143 0.266722 0.445198 0.275681 0.449258 0.290037 0.452010 0.299426
8 0.448568 0.310787 0.450372 0.308519 0.451065 0.307875 0.450703 0.310981 0.450042 0.311782 0.449258 0.312588
8 0.450234 0.315509 0.452010 0.299426 0.454107 0.278352 0.455206 0.260407 0.455023 0.258778 0.456174 0.259264 0.456211 0.260986 0.455487 0.274468 0.454034 0.295403 0.452422 0.308319 0.451331 0.315634 0.451120 0.318009
8 0.464005 0.262713 0.470000 0.277977 0.472646 0.286231 0.473562 0.288250 0.474698 0.289111 0.475398 0.289019 0.476102 0.288056 0.475992 0.286616 0.475669 0.285755 0.468596 0.266745 0.467190 0.264046
8 0.484951 0.317907 0.485836 0.323606 0.485810 0.326894 0.486406 0.329676 0.489635 0.352130 0.491172 0.351481 0.490755 0.349074 0.487604 0.327778 0.487214 0.323889
8 0.475313 0.266713 0.471617 0.265657 0.467190 0.264046 0.460323 0.261134 0.455023 0.258778 0.454430 0.258032 0.454255 0.257227 0.454221 0.256546 0.455721 0.256111 0.460112 0.258343 0.463320 0.260153 0.468302 0.262444 0.470328 0.262991 0.473076 0.263880 0.474401 0.264537
8 0.462375 0.242306 0.460581 0.237444 0.461831 0.236111 0.462581 0.236000 0.463219 0.237417 0.466221 0.246074 0.471328 0.257546 0.473076 0.263880 0.470328 0.262991 0.469154 0.259537 0.468992 0.258458
8 0.449255 0.210042 0.459581 0.234926 0.462375 0.242306 0.468992 0.258458 0.469154 0.259537 0.469427 0.260417 0.468443 0.260727 0.466831 0.259509 0.464651 0.256065 0.459729 0.243801 0.458763 0.241579 0.458896 0.239981 0.459016 0.237685 0.459380 0.235894 0.459380 0.235176 0.458734 0.235032 0.458331 0.235963 0.457714 0.239449 0.457482 0.238620 0.446943 0.210486
8 0.450914 0.205352 0.454049 0.205352 0.455133 0.209694 0.453596 0.209745
8 0.445068 0.205514 0.448932 0.205463 0.451240 0.209227 0.451544 0.209866 0.446943 0.210486
8 0.458763 0.241579 0.459729 0.243801 0.464651 0.256065 0.466831 0.259509 0.468443 0.260713 0.469427 0.260417 0.470328 0.262991 0.468302 0.262444 0.463320 0.260153 0.462755 0.258574 0.462232 0.256926 0.461909 0.255032 0.461880 0.254764 0.461789 0.254120 0.461336 0.253157 0.460938 0.252685 0.460836 0.252157 0.458331 0.245500 0.458693 0.243995 0.458773 0.242204
8 0.449010 0.253759 0.448010 0.245431 0.447573 0.233880 0.449141 0.236204 0.449573 0.238542 0.450260 0.245875 0.450945 0.253204 0.451008 0.254204 0.449539 0.254588
8 0.630771 0.665787 0.633688 0.673194 0.633688 0.673843 0.633036 0.674306 0.630042 0.666481
8 0.458331 0.245500 0.460836 0.252157 0.457404 0.247296
8 0.457404 0.247296 0.460836 0.252157 0.460938 0.252685 0.460464 0.252750 0.458724 0.252870 0.456797 0.250306
8 0.455992 0.249375 0.452792 0.245519 0.449898 0.241875 0.449573 0.238542 0.450169 0.239250 0.451435 0.240588 0.455448 0.245097 0.456703 0.246153
8 0.455469 0.253162 0.455992 0.249375 0.456703 0.246153 0.457201 0.243764 0.457714 0.239449 0.458331 0.235963 0.458734 0.235032 0.459380 0.235176 0.459380 0.235894 0.459016 0.237685 0.458896 0.239981 0.458773 0.242204 0.458693 0.243995 0.458331 0.245500 0.457404 0.247296 0.456797 0.250306 0.456435 0.253176
8 0.440526 0.232847 0.440682 0.234796 0.442518 0.237005 0.446622 0.243435 0.447432 0.246218 0.447159 0.250856 0.447919 0.252074 0.448437 0.249259 0.448010 0.245431 0.446622 0.240074 0.443977 0.235852
8 0.513773 0.418125 0.519062 0.450324 0.519818 0.445787 0.516354 0.421898
8 0.510070 0.450755 0.515703 0.470093 0.516529 0.465153 0.511815 0.450569
8 0.442122 0.227824 0.445445 0.233111 0.447687 0.236194 0.447786 0.239259 0.446747 0.238255 0.440526 0.232847 0.439904 0.229190 0.440953 0.229190 0.441638 0.228903
8 0.441310 0.248815 0.444276 0.256144 0.441328 0.257019 0.441365 0.256028
8 0.427594 0.243852 0.428904 0.249403 0.430677 0.254630 0.431891 0.256208 0.432685 0.256625 0.432872 0.255625 0.432172 0.254134 0.431284 0.252227 0.430352 0.249486 0.429510 0.246833 0.428766 0.244259 0.427971 0.241356
8 0.434161 0.263278 0.435128 0.273676 0.437589 0.280347 0.437549 0.278269 0.435896 0.262347 0.434794 0.262954
8 0.430859 0.261296 0.433885 0.259917 0.435378 0.259556 0.438398 0.257921 0.439969 0.257514 0.441328 0.257019 0.447484 0.255255 0.449539 0.254588 0.451008 0.254204 0.455469 0.253162 0.460432 0.252727 0.460938 0.252685 0.461336 0.253157 0.461789 0.254120 0.461880 0.254764 0.461909 0.255032 0.460281 0.255083 0.459437 0.255236 0.453417 0.256815 0.448469 0.258722 0.442729 0.260134 0.441234 0.260463 0.438948 0.260713 0.434794 0.262954 0.433302 0.263782 0.431854 0.264449
8 0.440859 0.240463 0.443984 0.245713 0.446458 0.250111 0.447159 0.250856 0.449539 0.254588 0.447484 0.255255 0.445339 0.251685 0.441698 0.244968 0.441042 0.243889
8 0.438424 0.236181 0.439299 0.237898 0.439391 0.241273 0.438065 0.238384
8 0.436951 0.244829 0.439023 0.251671 0.439883 0.254634 0.439453 0.243264 0.437958 0.238866
8 0.434443 0.228569 0.436917 0.233060 0.436516 0.235083 0.433073 0.228519
8 0.433073 0.228519 0.436516 0.235083 0.435701 0.239903 0.433815 0.234958 0.432331 0.230282 0.432208 0.228472
8 0.434036 0.247361 0.434505 0.244444 0.435247 0.246625 0.436185 0.250375 0.435482 0.254634 0.435065 0.256301
8 0.432331 0.230282 0.433815 0.234958 0.435440 0.240940 0.436951 0.244829 0.439023 0.251671 0.439883 0.254634 0.439969 0.257514 0.438398 0.257921 0.438112 0.257551 0.435247 0.246625 0.433372 0.241116 0.432516 0.233023
8 0.435440 0.240940 0.437471 0.230199 0.437680 0.228856 0.438305 0.228977 0.439063 0.232287 0.438643 0.235014 0.436951 0.244829
8 0.440596 0.222972 0.440380 0.225278 0.439260 0.224958 0.438435 0.219625
8 0.439260 0.224958 0.441195 0.225458 0.441880 0.226106 0.442122 0.226963 0.442122 0.227824 0.441638 0.228903 0.440953 0.229190 0.439904 0.229190 0.439831 0.228694
8 0.439099 0.216838 0.439818 0.215019 0.441547 0.214634 0.442141 0.215019 0.442357 0.215981 0.441492 0.220588
8 0.435911 0.225000 0.431789 0.221764 0.431667 0.219759 0.431143 0.218755 0.432188 0.218648 0.433701 0.219222 0.435753 0.220472 0.437107 0.221875 0.437633 0.225028
8 0.431984 0.224944 0.437633 0.225028 0.437807 0.226093 0.438156 0.228319 0.438305 0.228977 0.436568 0.228685 0.432208 0.228472
8 0.437633 0.214546 0.439099 0.216838 0.442201 0.221611 0.452346 0.236546 0.457201 0.243764 0.456703 0.246153 0.455448 0.245097 0.451229 0.239523 0.445896 0.231218 0.440596 0.222972 0.438435 0.219625 0.437755 0.215583
8 0.435542 0.211898 0.435682 0.214190 0.436341 0.218903 0.437107 0.221875 0.437807 0.226093 0.438156 0.228319 0.439063 0.232287 0.439203 0.235079 0.439969 0.257514 0.441328 0.257019 0.441365 0.256028 0.441260 0.248032 0.440526 0.232847 0.439831 0.228694 0.437755 0.215583 0.437396 0.211718
8 0.435320 0.207204 0.435138 0.205444 0.437586 0.205769 0.437638 0.206972 0.436953 0.207060
8 0.444693 0.210866 0.431857 0.212259 0.429299 0.212472 0.429068 0.211236 0.428576 0.209634 0.428633 0.208884 0.429266 0.208134 0.431177 0.207917 0.433198 0.207421 0.436953 0.207060 0.442966 0.206343
8 0.422870 0.181500 0.425664 0.182792 0.427164 0.183412 0.433599 0.186662 0.436263 0.191398 0.431703 0.189458 0.425461 0.186662 0.423805 0.184449 0.421169 0.182639
8 0.418620 0.184042 0.418854 0.185616 0.419870 0.186759 0.419740 0.184134 0.419245 0.183704
8 0.428841 0.204759 0.431177 0.207917 0.433198 0.207421 0.433130 0.207111 0.431385 0.205069
8 0.427057 0.204583 0.427667 0.206343 0.429068 0.211236 0.430336 0.218468 0.429651 0.221407 0.429651 0.221407 0.427760 0.216380 0.426221 0.208583 0.425365 0.204352
8 0.413315 0.188278 0.414102 0.187056 0.415565 0.187551 0.417831 0.189907 0.418948 0.191644 0.418880 0.195880 0.415411 0.189713 0.414081 0.188278
8 0.418880 0.195880 0.418982 0.189176 0.420203 0.190912 0.420552 0.195870 0.420625 0.199120 0.420292 0.198458
8 0.435391 0.203380 0.432034 0.198144 0.421508 0.185810 0.419245 0.183704 0.421169 0.182639 0.423805 0.184449 0.429573 0.191764 0.436552 0.201444 0.437721 0.203593
8 0.427812 0.202407 0.421708 0.193051 0.416328 0.185370 0.417917 0.184537 0.421143 0.188250 0.429938 0.201731 0.430422 0.202736
8 0.421818 0.201648 0.427260 0.202389 0.442000 0.204148 0.442966 0.206343 0.439445 0.205954 0.423380 0.204148 0.422909 0.203917
8 0.419708 0.201616 0.413919 0.192907 0.411862 0.190500 0.412266 0.189282 0.412708 0.188565 0.413315 0.188278 0.414081 0.188278 0.415411 0.189713 0.420292 0.198458 0.423802 0.205773 0.429651 0.221407 0.429266 0.223032 0.428359 0.222625 0.426786 0.219472 0.423440 0.211153 0.423201 0.208810 0.422677 0.207694 0.422049 0.207014 0.421596 0.207139 0.420172 0.204625 0.420370 0.204134 0.420370 0.203060
8 0.421932 0.219676 0.421568 0.218333 0.420711 0.216111 0.419539 0.212917 0.418602 0.211204 0.418021 0.210046 0.418357 0.209245 0.419042 0.207546 0.419432 0.208102 0.420451 0.210278 0.421336 0.212639 0.422323 0.215787 0.422781 0.220116
5 0.410633 0.212565 0.415026 0.223102 0.424560 0.250648 0.423969 0.253806 0.423375 0.256782 0.423219 0.259880 0.423031 0.258769 0.421594 0.254440 0.417719 0.241556 0.415284 0.232000 0.414034 0.228889 0.413659 0.228338 0.412596 0.228560 0.411909 0.229556 0.412409 0.232222 0.416714 0.248472 0.415990 0.247181 0.411510 0.239722 0.407891 0.224370 0.409792 0.226361 0.410318 0.226213 0.410398 0.225134 0.410276 0.224204 0.407568 0.221991 0.405849 0.215056 0.406969 0.215968 0.409909 0.219120 0.413130 0.223269 0.414763 0.225426 0.414904 0.224431 0.413596 0.221856 0.405221 0.212685 0.403680 0.206259 0.406526 0.208667 0.409792 0.212389
5 0.420370 0.204134 0.418357 0.209245 0.416443 0.213810 0.415836 0.214889 0.414818 0.212963 0.413958 0.212037 0.413437 0.211944 0.412839 0.212176 0.410729 0.206296 0.409974 0.203981
8 0.407823 0.204245 0.409245 0.208194 0.410492 0.210981 0.404099 0.204185
5 0.406924 0.223560 0.409984 0.236931 0.408698 0.234954 0.405849 0.228005 0.403096 0.220986
5 0.402169 0.218403 0.400104 0.213056 0.400104 0.211259 0.402396 0.212565 0.404823 0.214556 0.406404 0.221398
5 0.410677 0.189028 0.413919 0.192907 0.419708 0.201616 0.412656 0.201398 0.409432 0.201347 0.409323 0.200787 0.408229 0.195463 0.407370 0.191250
5 0.403802 0.196667 0.404531 0.196065 0.405599 0.195139 0.406016 0.194213 0.406328 0.196574 0.406979 0.198565 0.407552 0.200741 0.407898 0.201838 0.402768 0.202301 0.402448 0.200741 0.403099 0.200185 0.403828 0.199074 0.404219 0.197778 0.404115 0.196944
5 0.404099 0.204185 0.407823 0.204245 0.409245 0.208194 0.410492 0.210981
5 0.404357 0.212481 0.396818 0.206009 0.399339 0.206167 0.402044 0.206009 0.402760 0.205509 0.403578 0.209065
8 0.423219 0.259880 0.423375 0.256782 0.423969 0.253806 0.424560 0.250648 0.425956 0.254551 0.424979 0.261306 0.424594 0.263537 0.422594 0.263769
8 0.427104 0.234949 0.427836 0.228046 0.428227 0.227306 0.428878 0.224065 0.429266 0.223032 0.430336 0.218468 0.431143 0.218755 0.431667 0.219759 0.431789 0.221764 0.432516 0.233023 0.435378 0.259556 0.433885 0.259917 0.433201 0.253389 0.431224 0.234532 0.430659 0.229153 0.430094 0.229079 0.427594 0.243852 0.426625 0.249444 0.425469 0.246389 0.426065 0.241394 0.426380 0.239597
8 0.423128 0.235111 0.424115 0.242454 0.425469 0.246389 0.426065 0.241394 0.424289 0.237611
8 0.423073 0.227269 0.423159 0.232324 0.425568 0.237681 0.426380 0.239597 0.427104 0.234949 0.425990 0.229005 0.425870 0.227718
8 0.422865 0.222222 0.423023 0.223963 0.425156 0.223981 0.424948 0.223148
8 0.422781 0.220116 0.421526 0.208315 0.421596 0.207139 0.422049 0.207014 0.422677 0.207694 0.423201 0.208810 0.424456 0.220833
8 0.417026 0.217338 0.422781 0.220116 0.429266 0.223032 0.428878 0.224065 0.426661 0.223958 0.422208 0.221921 0.418490 0.220602
8 0.419763 0.223926 0.425570 0.223972 0.428878 0.224065 0.428227 0.227306 0.427836 0.228046 0.420753 0.226981 0.420365 0.226157 0.420104 0.224769
8 0.412839 0.212176 0.413437 0.211944 0.413958 0.212037 0.414818 0.212963 0.416380 0.215880 0.418490 0.220602 0.420104 0.224769 0.421302 0.230926 0.421745 0.233102 0.422135 0.234907 0.423490 0.237713 0.424115 0.242454 0.422031 0.237065 0.420833 0.234028 0.419922 0.231481 0.419479 0.229398 0.418333 0.225509 0.416953 0.221620 0.416302 0.220417 0.415547 0.219259
8 0.409432 0.201347 0.412656 0.201398 0.419708 0.201616 0.420370 0.203060 0.420370 0.204134 0.409974 0.203981
8 0.402768 0.202301 0.407898 0.201838 0.408083 0.202486 0.408237 0.203319 0.408055 0.203968 0.407823 0.204245 0.404099 0.204185 0.403305 0.204519
8 0.401859 0.198296 0.403802 0.196667 0.404115 0.196944 0.404219 0.197778 0.403828 0.199074 0.403099 0.200185 0.402448 0.200741
8 0.399427 0.199352 0.400755 0.199028 0.401172 0.198796 0.401797 0.201389 0.401432 0.201944
8 0.399427 0.199352 0.402044 0.202690 0.398438 0.203009 0.396570 0.201250 0.397424 0.200574
8 0.405221 0.212685 0.413596 0.221856 0.414904 0.224431 0.414763 0.225426 0.413130 0.223269 0.409909 0.219120 0.406969 0.215968 0.405849 0.215056
8 0.396818 0.206009 0.404357 0.212481 0.404823 0.214556 0.402396 0.212565 0.400104 0.211259 0.399091 0.210884
8 0.395547 0.203333 0.402044 0.202690 0.402760 0.205509 0.402044 0.206009 0.399339 0.206167 0.396818 0.206009
8 0.404099 0.204185 0.410492 0.210981 0.410633 0.212565 0.409792 0.212389 0.406526 0.208667 0.403680 0.206259 0.403305 0.204519
8 0.400729 0.193426 0.402083 0.191713 0.404010 0.190926 0.404844 0.190556 0.405391 0.190463 0.406016 0.194213 0.405599 0.195139 0.404531 0.196065 0.401859 0.198296
8 0.416714 0.248472 0.412409 0.232222 0.411909 0.229556 0.412596 0.228560 0.413659 0.228338 0.414034 0.228889 0.415284 0.232000 0.417719 0.241556 0.421594 0.254440 0.423031 0.258769 0.423219 0.259880 0.422594 0.263769 0.421763 0.263894 0.421232 0.264069 0.418656 0.256106 0.416555 0.249620
8 0.402169 0.218403 0.406404 0.221398 0.407568 0.221991 0.410276 0.224204 0.410398 0.225134 0.410318 0.226213 0.409792 0.226361 0.407891 0.224370 0.406924 0.223560 0.403096 0.220986
8 0.413466 0.259537 0.414331 0.260880 0.415141 0.263088 0.415672 0.266190 0.414115 0.268056 0.413797 0.263468
8 0.412721 0.252736 0.414698 0.256824 0.412221 0.246407 0.412302 0.249051
8 0.412578 0.244491 0.415909 0.252736 0.420385 0.262491 0.421232 0.264069 0.417339 0.265523 0.414128 0.251019
8 0.407516 0.247056 0.408109 0.244079 0.409784 0.246884 0.410354 0.248542 0.410677 0.251204 0.410229 0.251282 0.409622 0.251856 0.409401 0.252176 0.408070 0.249301
8 0.406924 0.223560 0.410534 0.239444 0.411234 0.240556 0.412221 0.246407 0.416745 0.265769 0.417339 0.265523 0.414128 0.251019 0.407891 0.224370
8 0.408221 0.254431 0.409487 0.257000 0.410271 0.259574 0.410651 0.259426 0.411724 0.259759 0.410729 0.252037 0.410349 0.252213 0.409703 0.253218 0.409461 0.253792 0.408695 0.254366
8 0.408221 0.254431 0.409487 0.257000 0.410271 0.259574 0.409719 0.259676 0.409284 0.260356 0.408349 0.258588 0.406599 0.255370 0.407122 0.254866 0.407930 0.254579
8 0.406599 0.255370 0.408349 0.258588 0.409284 0.260356 0.409018 0.260755 0.408932 0.261991 0.406234 0.256014
8 0.407164 0.253361 0.406510 0.251356 0.407516 0.247056 0.408070 0.249301 0.409401 0.252176 0.409180 0.252500 0.408010 0.253361
8 0.412865 0.269398 0.410354 0.248542 0.409784 0.246884 0.410312 0.245509 0.411284 0.245551 0.411823 0.245685 0.412221 0.246407 0.412302 0.249051 0.413797 0.263468 0.414115 0.268056 0.413615 0.268625
8 0.399128 0.219810 0.403411 0.230444 0.406286 0.237333 0.406922 0.238991 0.408003 0.239088 0.408219 0.240625 0.408109 0.244079 0.409784 0.246884 0.410260 0.245509 0.411284 0.245551 0.411284 0.245551 0.411823 0.245685 0.412221 0.246407 0.411227 0.240528 0.410531 0.239398 0.405849 0.228005 0.400104 0.213056
8 0.409984 0.236931 0.408698 0.234954 0.410534 0.239444
8 0.411510 0.239722 0.415990 0.247181 0.416714 0.248472 0.416555 0.249620 0.415747 0.248829 0.412279 0.243236
8 0.414698 0.256824 0.414331 0.260880 0.413466 0.259537 0.412721 0.252736
8 0.408932 0.261991 0.409018 0.260755 0.409719 0.259676 0.410651 0.259426 0.411724 0.259759 0.412865 0.269398 0.412458 0.269736 0.412458 0.269736
8 0.395091 0.202472 0.399091 0.210884 0.398359 0.214912 0.397951 0.217157 0.394659 0.208319 0.394089 0.207500 0.393073 0.207579 0.391997 0.204593
8 0.402036 0.246940 0.400607 0.238944 0.400641 0.237954 0.401547 0.237704 0.402141 0.238699 0.402698 0.240866 0.404372 0.249792 0.404609 0.250968 0.404271 0.251852 0.402354 0.247667
8 0.404271 0.251852 0.405573 0.248880 0.406490 0.246287 0.406813 0.241005 0.406922 0.238991 0.408003 0.239088 0.408219 0.240625 0.408109 0.244079 0.407516 0.247056 0.406328 0.252144 0.405680 0.254829
8 0.393031 0.247477 0.392693 0.256616 0.393646 0.248380
8 0.393646 0.248380 0.393031 0.247477 0.393031 0.246116 0.392865 0.241157 0.394065 0.244282
8 0.399703 0.260356 0.394844 0.251250 0.395315 0.247222 0.400076 0.258532
8 0.394844 0.251250 0.399703 0.260356 0.399234 0.261685 0.398768 0.262931 0.396576 0.258699 0.395315 0.256375 0.394474 0.255130 0.394589 0.253745
8 0.397417 0.265333 0.398115 0.263926 0.398768 0.262931 0.399234 0.261685 0.399703 0.260356 0.400076 0.258532 0.401896 0.263093 0.401802 0.265088 0.401661 0.266245 0.401010 0.268819 0.399094 0.268889 0.398120 0.266880
8 0.394245 0.257176 0.395852 0.261116 0.398120 0.266880 0.399094 0.268889 0.396503 0.269088 0.394828 0.265625 0.394070 0.263801 0.393695 0.262648
8 0.472448 0.235301 0.471143 0.228912 0.468984 0.222361 0.472490 0.228171 0.475062 0.233144 0.476510 0.238287 0.479964 0.248491 0.480708 0.251810 0.478563 0.248324 0.477023 0.245088 0.473943 0.238120
8 0.481469 0.266611 0.473737 0.244593 0.472870 0.241523 0.472870 0.241523 0.475622 0.246500 0.477023 0.249157 0.478003 0.250981 0.479557 0.253981 0.479682 0.254218 0.482404 0.263014 0.482214 0.265833
8 0.481003 0.256787 0.479682 0.254218 0.478003 0.250981 0.477023 0.249157 0.475622 0.246500 0.472870 0.241523 0.471096 0.235630 0.470984 0.234773 0.469794 0.230958 0.466497 0.219537 0.468958 0.222269 0.471143 0.228912 0.472448 0.235301 0.472448 0.235301 0.473943 0.238120 0.477023 0.245088 0.478563 0.248324 0.480708 0.251810 0.485096 0.260690 0.485891 0.262181 0.490185 0.273713 0.490370 0.274958 0.490229 0.275625 0.489904 0.275870 0.489063 0.275125 0.487776 0.273389 0.484401 0.263060 0.483336 0.261676 0.481424 0.257194
8 0.479089 0.267685 0.477375 0.267745 0.476753 0.266222 0.477195 0.266125 0.478646 0.266111
8 0.475078 0.262361 0.475362 0.261463 0.475927 0.261245 0.477031 0.260370 0.478273 0.264819 0.480979 0.274366 0.480031 0.274065 0.476135 0.264644
8 0.476016 0.256819 0.473693 0.252019 0.468833 0.238676 0.468130 0.236176 0.467104 0.234162 0.462568 0.225139 0.460786 0.222259 0.459969 0.221417 0.472089 0.254273 0.473687 0.258181 0.474552 0.260602 0.475161 0.261319 0.475362 0.261463 0.475927 0.261245 0.477031 0.260370
8 0.432281 0.175523 0.432750 0.176449 0.433870 0.178764 0.434729 0.180477 0.435927 0.182005 0.444677 0.195384 0.449443 0.203023 0.454000 0.210431 0.456318 0.214551 0.456909 0.216981 0.457411 0.218903 0.457594 0.219829 0.457307 0.219644 0.456083 0.218069 0.451240 0.209227 0.447464 0.202931 0.435458 0.184412 0.431917 0.177792 0.430953 0.176449
8 0.429521 0.177329 0.429755 0.178023 0.430128 0.177773 0.430651 0.177708 0.430896 0.177898 0.431138 0.178329 0.431279 0.179324 0.431242 0.180375 0.430896 0.180935 0.432411 0.184088 0.436422 0.191819 0.442966 0.206343 0.442966 0.206343 0.446888 0.216546 0.457201 0.243764 0.457714 0.239449 0.457482 0.238620 0.445068 0.205514 0.440901 0.196032 0.435458 0.184412 0.431917 0.177792 0.430953 0.176449
8 0.425664 0.182792 0.426573 0.181120 0.428490 0.178889 0.430128 0.177773 0.430651 0.177708 0.430896 0.177898 0.431138 0.178329 0.431279 0.179324 0.431242 0.180375 0.430896 0.180935 0.429604 0.181491 0.428490 0.182421 0.427896 0.183042 0.427164 0.183412
8 0.448750 0.188750 0.448180 0.183417 0.450914 0.187074 0.451279 0.187907 0.451771 0.188519 0.453177 0.194259 0.453359 0.195648
8 0.436891 0.172417 0.438594 0.175046 0.443464 0.181065 0.448750 0.188750 0.454583 0.197500 0.456927 0.201759 0.457708 0.203657 0.456805 0.203773 0.454495 0.199824 0.451937 0.196167 0.450299 0.195486 0.444966 0.187551 0.436807 0.175343 0.435625 0.174120 0.435651 0.173287
8 0.436997 0.164708 0.439273 0.168370 0.443378 0.174310 0.445784 0.177815 0.446510 0.178981 0.449820 0.183972 0.451461 0.185593 0.452414 0.186671 0.455799 0.191116 0.456034 0.190838 0.456294 0.190097 0.456216 0.189310 0.456008 0.188755 0.454602 0.187088 0.454211 0.186255 0.453221 0.184634 0.449810 0.180699 0.446734 0.177134 0.446529 0.176468 0.446172 0.174074 0.435539 0.160347 0.434435 0.161046 0.436042 0.163347 0.436667 0.163069 0.437031 0.163625 0.437083 0.164319
8 0.435112 0.164190 0.433810 0.162384 0.433344 0.161741 0.434435 0.161046 0.436042 0.163347 0.435443 0.163764
8 0.433177 0.166667 0.434375 0.165245 0.435443 0.163764 0.436042 0.163347 0.436667 0.163069 0.437031 0.163625 0.437083 0.164319 0.436875 0.165292 0.436536 0.165894 0.435625 0.166958 0.435182 0.167468 0.434635 0.167977 0.434167 0.168301
8 0.425661 0.165898 0.426536 0.167639 0.426146 0.168333 0.424766 0.169722 0.423307 0.170833 0.422187 0.171806 0.421745 0.172176 0.420219 0.171639 0.421208 0.170389 0.423240 0.168444 0.425036 0.166454
8 0.418578 0.167287 0.420401 0.165759 0.422120 0.164833 0.424333 0.163907 0.424698 0.163954 0.425661 0.165898 0.425036 0.166454 0.423240 0.168444 0.421208 0.170389 0.420219 0.171639 0.418716 0.171074 0.418591 0.169634
8 0.415115 0.169556 0.417875 0.167843 0.417849 0.169088 0.417935 0.170657
8 0.418716 0.171074 0.424393 0.173157 0.426372 0.174361 0.427258 0.175056 0.426958 0.175269 0.425130 0.176343 0.424078 0.177000 0.422083 0.176250 0.420625 0.175648 0.419107 0.175472
8 0.418065 0.173991 0.415044 0.173065 0.409495 0.171028 0.406945 0.170519 0.404654 0.170333 0.404081 0.169917 0.403742 0.168435 0.404003 0.167324 0.405122 0.166815 0.406867 0.166583 0.408250 0.166944 0.409401 0.167333 0.412128 0.168454 0.417935 0.170657
8 0.406492 0.186787 0.407505 0.186648 0.408185 0.186694 0.408984 0.187083 0.406807 0.188657
8 0.438250 0.167954 0.437628 0.167954 0.435740 0.169375 0.435331 0.170019 0.431935 0.171676 0.431336 0.172755 0.429503 0.173694 0.426958 0.175269 0.419477 0.179759 0.418594 0.180454 0.415279 0.182708 0.411620 0.185185 0.409977 0.186361 0.406807 0.188657 0.407154 0.190579 0.407370 0.191250 0.413083 0.187292 0.421169 0.182639 0.432917 0.175199 0.433948 0.174662 0.434766 0.173963 0.436891 0.172417 0.437138 0.172417 0.437521 0.172722 0.438081 0.173097 0.439018 0.173347 0.439401 0.173157 0.439646 0.172292 0.439682 0.171176 0.439440 0.170181 0.439125 0.169815 0.438878 0.169620
8 0.423195 0.138153 0.424081 0.135236 0.424706 0.135144 0.424758 0.135421 0.424185 0.137597 0.423771 0.138847
8 0.420740 0.147384 0.421542 0.144597 0.421995 0.143481 0.422448 0.144222 0.422169 0.145028 0.421784 0.146454 0.421331 0.148190
8 0.418594 0.180454 0.418128 0.174981 0.417849 0.169088 0.417987 0.161032 0.418781 0.155889 0.419435 0.153157 0.419818 0.153889 0.419805 0.154278 0.419492 0.155574 0.419229 0.156917 0.418917 0.159847 0.418638 0.162250 0.418591 0.169634 0.419477 0.179759
8 0.431935 0.171676 0.426721 0.163481 0.419732 0.149037 0.425529 0.158032 0.434120 0.170736
8 0.413104 0.135815 0.419841 0.145995 0.429427 0.160255 0.429398 0.160898 0.430904 0.163255 0.435331 0.170019 0.434120 0.170736 0.430167 0.165144 0.419732 0.149037
8 0.432052 0.158769 0.420372 0.140981 0.420023 0.139931 0.419677 0.139185 0.410924 0.128028 0.410297 0.127347 0.409810 0.125551 0.410159 0.123815 0.410750 0.122884 0.411867 0.122824 0.412703 0.123630 0.413820 0.125486 0.419292 0.132741 0.427380 0.143958 0.431773 0.150403 0.436104 0.155870 0.433737 0.157630
8 0.441482 0.155648 0.437234 0.158051 0.435943 0.159412 0.435539 0.160347 0.430904 0.163255 0.429398 0.160898 0.429427 0.160255 0.433737 0.157630 0.436570 0.155542 0.439643 0.153560 0.440786 0.152866
8 0.450094 0.142370 0.449813 0.133495 0.447945 0.113579 0.444445 0.090264 0.444492 0.089685 0.445940 0.089106 0.446406 0.090185 0.447573 0.097815 0.449393 0.109847 0.451633 0.128352 0.452146 0.140463 0.452055 0.145356 0.451820 0.147102
8 0.442583 0.150667 0.444211 0.150509 0.444214 0.151060 0.444633 0.153185 0.444542 0.153560 0.443427 0.153935
8 0.444792 0.168333 0.442081 0.158199 0.437977 0.141588 0.434737 0.128051 0.434034 0.124500 0.434521 0.121620 0.435331 0.119796 0.436466 0.118838 0.437760 0.119319 0.439651 0.121139 0.440839 0.123731 0.442159 0.129097 0.441646 0.130176 0.441646 0.131255 0.440414 0.128931 0.439201 0.127602 0.438641 0.127602 0.437987 0.129347 0.438453 0.130755 0.441677 0.146380 0.447482 0.172116 0.446432 0.170745
8 0.465148 0.202690 0.463896 0.198889 0.458896 0.183185 0.456070 0.173866 0.453732 0.167838 0.449497 0.158519 0.444937 0.148046 0.445435 0.147917 0.448026 0.153481 0.453016 0.164403 0.463971 0.191315 0.468323 0.202023
8 0.457839 0.193801 0.455870 0.187093 0.456313 0.187597 0.457039 0.187380 0.457362 0.186449 0.457201 0.185444 0.455224 0.182505 0.453531 0.180245 0.452448 0.178796 0.445302 0.156009 0.444214 0.151060 0.444357 0.148611 0.444937 0.148046 0.449497 0.158519 0.453732 0.167838 0.456070 0.173866 0.458896 0.183185 0.463896 0.198889 0.465148 0.202690 0.462294 0.203204 0.462060 0.204130 0.461469 0.201829 0.458711 0.194917
8 0.455870 0.187093 0.446633 0.174690 0.435539 0.160347 0.435943 0.159412 0.437234 0.158051 0.437961 0.158481 0.446432 0.170745 0.455224 0.182505 0.457201 0.185444 0.457362 0.186449 0.457039 0.187380 0.456313 0.187597
8 0.468724 0.231250 0.466893 0.227403 0.464661 0.223375 0.461630 0.217116 0.457794 0.208995 0.455594 0.204866 0.454161 0.202546 0.453406 0.202648 0.447510 0.195176 0.434333 0.175653 0.433984 0.175032 0.433948 0.174662 0.435133 0.173731 0.436807 0.175343 0.444966 0.187551 0.450299 0.195486 0.451937 0.196167 0.454495 0.199824 0.456805 0.203773 0.457422 0.204843 0.458180 0.207148 0.460339 0.210699 0.464339 0.218991 0.465464 0.220153
8 0.462318 0.210139 0.458404 0.197815 0.452109 0.188921 0.451279 0.187907 0.450914 0.187074 0.448180 0.183417 0.442216 0.175037 0.439682 0.171176 0.439440 0.170181 0.439125 0.169815 0.438878 0.169620 0.438250 0.167954 0.437628 0.167954 0.436536 0.165894 0.436875 0.165292 0.437008 0.164713 0.439273 0.168370 0.445784 0.177815 0.449820 0.183972 0.451461 0.185593 0.452242 0.186426 0.452424 0.186704 0.457839 0.193801 0.458727 0.194944 0.461469 0.201829 0.462060 0.204130 0.462503 0.205190 0.463310 0.207926 0.464078 0.212338 0.462930 0.210986
8 0.466052 0.214769 0.466104 0.213750 0.466104 0.212685 0.465479 0.210556 0.465062 0.209676 0.464464 0.208657 0.464471 0.207412 0.467273 0.206750 0.470401 0.214713 0.475253 0.227907 0.468169 0.217227
8 0.497594 0.314630 0.492896 0.300519 0.484904 0.274407 0.483716 0.273722 0.482526 0.270056 0.481469 0.266611 0.482214 0.265833 0.482404 0.263014 0.482404 0.263014 0.479557 0.253981 0.481003 0.256787 0.481424 0.257194 0.483336 0.261676 0.484401 0.263060 0.487776 0.273389 0.493398 0.290611 0.498250 0.306847 0.498250 0.307727 0.499396 0.311431 0.500979 0.316134 0.501945 0.320097 0.501852 0.321671 0.502878 0.323495 0.503948 0.326218 0.510375 0.340042 0.509740 0.341204 0.505453 0.331940 0.501398 0.323838
8 0.429503 0.173694 0.413596 0.141287 0.402646 0.119981 0.401281 0.118106 0.400846 0.117315 0.400255 0.116185 0.399583 0.115199 0.398242 0.115069 0.372289 0.118778 0.350307 0.124699 0.343862 0.128454 0.320401 0.144421 0.272151 0.179157 0.240940 0.201852 0.240344 0.201120 0.240344 0.199338 0.253086 0.189269 0.282221 0.167269 0.317120 0.141426 0.348560 0.121139 0.350990 0.119819 0.368638 0.115782 0.391146 0.112120 0.398385 0.111931 0.399971 0.112213 0.401714 0.113528 0.403034 0.115782 0.419716 0.148977 0.426721 0.163481 0.431935 0.171676 0.431336 0.172755
8 0.456805 0.203773 0.460271 0.203611 0.461477 0.207468 0.460331 0.207361 0.459206 0.205806 0.458070 0.204556 0.457422 0.204843
8 0.462294 0.203204 0.468323 0.202023 0.470286 0.205602 0.469141 0.206417 0.467273 0.206750 0.464471 0.207412 0.463310 0.207926 0.462503 0.205190 0.462060 0.204130
8 0.442839 0.133565 0.441646 0.131255 0.441646 0.130176 0.442159 0.129097 0.442906 0.128847 0.443654 0.129181 0.444352 0.130176 0.446732 0.134491 0.450094 0.142370 0.458167 0.164940 0.462927 0.177139 0.471747 0.193731 0.475529 0.201116 0.471365 0.201801 0.470583 0.200093 0.463219 0.181505 0.453016 0.156370
8 0.481497 0.205199 0.480872 0.206912 0.479701 0.210060 0.478646 0.207806 0.477141 0.206023
8 0.486333 0.204259 0.485760 0.214306 0.485448 0.218611 0.485135 0.221991 0.485755 0.223421 0.486359 0.224630 0.486698 0.218750 0.487323 0.210000 0.487555 0.204074
8 0.481427 0.200227 0.485042 0.191616 0.486203 0.189977 0.486987 0.189671 0.487531 0.189856 0.487872 0.190463 0.488044 0.192583 0.487635 0.199315 0.486641 0.199491 0.486781 0.195676 0.486747 0.193556 0.486508 0.192829 0.485997 0.193009 0.484633 0.196949 0.483779 0.199255 0.483508 0.199921
8 0.490500 0.199519 0.502328 0.196505 0.503232 0.196667 0.503893 0.197630 0.504016 0.199236 0.503563 0.200681 0.502177 0.201593 0.490305 0.203898 0.488880 0.203843 0.489750 0.202407 0.490310 0.201523
8 0.471365 0.201801 0.489997 0.198963 0.490500 0.199519 0.490310 0.201523 0.489750 0.202407 0.488880 0.203843 0.477141 0.206023 0.473422 0.206125
8 0.475253 0.227907 0.470401 0.214713 0.467273 0.206750 0.469141 0.206417 0.470286 0.205602 0.471836 0.208417 0.477943 0.222125 0.476701 0.222218 0.476430 0.222986 0.482641 0.239690 0.485826 0.250060 0.483612 0.245741 0.482370 0.243148 0.480859 0.239787 0.477833 0.231722
8 0.493820 0.275097 0.493333 0.271755 0.492198 0.268685 0.490307 0.264745 0.485727 0.256838 0.481391 0.245653 0.477633 0.236917 0.476331 0.235764 0.472490 0.228171 0.470870 0.225481 0.468870 0.222218 0.466497 0.219537 0.465797 0.218190 0.464716 0.216944 0.460339 0.210699 0.458180 0.207148 0.457422 0.204843 0.458070 0.204556 0.459206 0.205806 0.462930 0.210986 0.468169 0.217227 0.472219 0.223468 0.477833 0.231722 0.480859 0.239787 0.482370 0.243148 0.483612 0.245741 0.485826 0.250060 0.491620 0.261681 0.493497 0.268880 0.494758 0.274986 0.494258 0.274875
8 0.491620 0.261681 0.487445 0.251500 0.482641 0.239690 0.476430 0.222986 0.476701 0.222218 0.477943 0.222125 0.480870 0.228343 0.493740 0.255801 0.492656 0.255644 0.499586 0.272463 0.499766 0.275569 0.494294 0.261681 0.493065 0.258981 0.492268 0.257824 0.491547 0.257699 0.491328 0.259241
8 0.501995 0.285958 0.506315 0.296926 0.516268 0.317884 0.526135 0.341389 0.527547 0.342259 0.525557 0.337597 0.518177 0.319708 0.510794 0.300264 0.505130 0.287514 0.503622 0.287301
8 0.511943 0.328449 0.510589 0.324037 0.506323 0.311366 0.501167 0.297125 0.505792 0.307231 0.513289 0.327338 0.514685 0.331046
8 0.505792 0.307231 0.501167 0.297125 0.496427 0.284213 0.493383 0.276319 0.493820 0.275097 0.494258 0.274875 0.494758 0.274986 0.495607 0.276995 0.498031 0.283097 0.505060 0.298556 0.517766 0.326319 0.517253 0.326569 0.516646 0.327065 0.516180 0.328972 0.511253 0.315861 0.507065 0.307755
8 0.514685 0.331046 0.513289 0.327338 0.505792 0.307231 0.507065 0.307755 0.511253 0.315861 0.516180 0.328972 0.517417 0.333801 0.516974 0.333954 0.516552 0.333204
8 0.525859 0.349653 0.519974 0.338468 0.520185 0.338468 0.521242 0.338366 0.521289 0.337454 0.521383 0.336625 0.521151 0.335713 0.519844 0.334384 0.517417 0.333801 0.516180 0.328972 0.516646 0.327065 0.517253 0.326569 0.517766 0.326319 0.521956 0.335569 0.527734 0.350231
8 0.531875 0.359347 0.529422 0.354093 0.527734 0.350231 0.521956 0.335569 0.505060 0.298556 0.498031 0.283097 0.495594 0.276977 0.494758 0.274986 0.493497 0.268880 0.491620 0.261681 0.491328 0.259241 0.491547 0.257699 0.492268 0.257824 0.493065 0.258981 0.494294 0.261681 0.499766 0.275569 0.501755 0.283069 0.501995 0.285958 0.501995 0.285958 0.506315 0.296926 0.516268 0.317884 0.526135 0.341389 0.533784 0.357685 0.534745 0.360083 0.534151 0.361139 0.533615 0.362102 0.533396 0.362292
8 0.497693 0.260546 0.496510 0.258231 0.486724 0.235630 0.475682 0.210944 0.473422 0.206125 0.475133 0.206023 0.481909 0.218366 0.490773 0.241264 0.498818 0.259102 0.498318 0.259324
8 0.498818 0.259102 0.490773 0.241264 0.481909 0.218366 0.475133 0.206023 0.477141 0.206023 0.478646 0.207806 0.485755 0.223421 0.491820 0.236222 0.491508 0.237667 0.500255 0.255995 0.501693 0.259324 0.501943 0.260546 0.501193 0.260435 0.500380 0.260657 0.499630 0.259991
5 0.517453 0.300708 0.517943 0.300324 0.517563 0.298787 0.516643 0.297060 0.516482 0.293894 0.516807 0.289477 0.517135 0.285926 0.522276 0.311884
8 0.517453 0.300708 0.522276 0.311884 0.523557 0.318546 0.515349 0.300421 0.515349 0.300421
5 0.501943 0.260546 0.501693 0.259324 0.500255 0.255995 0.491508 0.237667 0.491820 0.236222 0.492695 0.236444 0.497880 0.246106 0.510690 0.274208 0.515401 0.283815 0.514701 0.284199 0.513781 0.285060 0.512919 0.285639 0.511784 0.285444 0.510867 0.284005
8 0.507885 0.281574 0.498776 0.262963 0.497682 0.260602 0.498318 0.259324 0.498818 0.259102 0.499630 0.259991 0.500380 0.260657 0.501193 0.260435 0.501943 0.260546 0.510867 0.284005 0.510219 0.284389 0.509677 0.286213
8 0.523557 0.318546 0.515349 0.276787 0.513404 0.266898 0.513620 0.265264 0.514591 0.264787 0.515833 0.265556 0.523464 0.302380 0.526435 0.317162 0.525786 0.319852 0.525083 0.321963
5 0.528594 0.310542 0.527135 0.309005 0.525893 0.306796 0.524490 0.303722 0.523464 0.302380 0.526435 0.317162 0.527622 0.312074
5 0.530107 0.312556 0.530917 0.312074 0.531833 0.312366 0.532214 0.313806 0.533240 0.317546 0.535398 0.322250 0.535937 0.324556 0.535937 0.328875 0.537344 0.331949 0.542581 0.342894 0.542148 0.343949 0.540799 0.345005 0.540690 0.347306 0.542148 0.350954 0.542687 0.351532 0.542365 0.352972 0.541930 0.353630 0.541099 0.353884 0.536474 0.342778 0.532914 0.334792 0.532914 0.334792 0.531432 0.331079 0.529745 0.323972 0.529057 0.319861 0.529458 0.318986 0.529513 0.317454 0.529997 0.315338 0.530161 0.313898
8 0.541099 0.353884 0.541930 0.353630 0.543180 0.355630 0.545927 0.360958 0.547740 0.363847 0.548615 0.365403 0.549365 0.367514 0.549284 0.368889 0.543221 0.362005 0.542286 0.359894 0.542036 0.357338 0.541536 0.355440
8 0.543221 0.362005 0.549284 0.368889 0.560466 0.383995 0.560654 0.385440 0.560654 0.387319 0.559841 0.389884 0.558727 0.389912 0.551328 0.380986
8 0.420365 0.226157 0.426380 0.239597 0.426065 0.241394 0.424289 0.237611 0.421302 0.230926
8 0.556490 0.395796 0.556049 0.393505 0.552365 0.383287 0.542286 0.359894 0.542036 0.357338 0.541536 0.355440 0.541099 0.353884 0.536474 0.342778 0.532914 0.334792 0.532914 0.334792 0.531432 0.331079 0.529745 0.323972 0.529057 0.319861 0.528560 0.319750 0.528060 0.320306 0.527622 0.321528 0.527247 0.322972 0.527247 0.324528 0.527997 0.328968 0.532870 0.340968 0.539836 0.358597 0.545359 0.371838 0.547870 0.376593 0.548128 0.379574 0.552453 0.390495 0.553185 0.390903 0.553732 0.391958 0.554052 0.393093 0.554781 0.393824 0.555833 0.394394
8 0.547419 0.381269 0.549372 0.385755 0.550961 0.389319 0.551490 0.390699 0.550628 0.389644 0.549547 0.388875 0.547766 0.387245 0.546354 0.386065 0.546018 0.384630 0.545445 0.383023 0.546419 0.383227 0.546732 0.382921 0.547115 0.381926
8 0.548128 0.379574 0.547779 0.380690 0.547115 0.381926 0.546732 0.382921 0.546419 0.383227 0.545445 0.383023 0.544693 0.381681 0.531945 0.347884 0.525016 0.331815 0.514982 0.305352 0.508383 0.287940 0.500008 0.269194 0.493740 0.255801 0.480870 0.228343 0.471836 0.208417 0.468323 0.202023 0.463971 0.191315 0.453016 0.164403 0.439885 0.135704 0.438453 0.130755 0.437987 0.129347 0.438641 0.127602 0.439201 0.127602 0.440414 0.128931 0.442839 0.133565 0.453016 0.156370 0.463219 0.181505 0.470583 0.200093 0.475682 0.210944 0.486724 0.235630 0.496510 0.258231 0.507885 0.281574 0.514495 0.298523 0.527289 0.326931 0.539836 0.358597 0.545359 0.371838 0.547870 0.376593
8 0.544010 0.384861 0.541229 0.378866 0.540414 0.375523 0.533784 0.357685 0.527547 0.342259 0.525557 0.337597 0.518177 0.319708 0.510794 0.300264 0.505130 0.287514 0.503622 0.287301 0.501995 0.285958 0.501755 0.283069 0.499766 0.275569 0.499586 0.272463 0.492656 0.255644 0.493740 0.255801 0.500008 0.269194 0.508383 0.287940 0.514982 0.305352 0.525016 0.331815 0.531945 0.347884 0.544693 0.381681 0.545445 0.383023 0.546018 0.384630 0.546354 0.386065 0.545120 0.385037
8 0.501167 0.297125 0.505792 0.307231 0.513289 0.327338 0.514685 0.331046 0.511943 0.328449 0.510589 0.324037 0.506323 0.311366
8 0.482135 0.278472 0.478273 0.264819 0.469596 0.234120 0.464664 0.217620 0.464716 0.216944 0.465797 0.218190 0.466497 0.219537 0.469794 0.230958 0.473737 0.244593 0.483076 0.278097 0.484159 0.281458 0.484404 0.283407
8 0.503823 0.318606 0.500698 0.313282 0.499396 0.311431 0.498250 0.307727 0.498250 0.306847 0.499083 0.306616 0.499422 0.306801 0.501401 0.309949 0.504500 0.314625 0.507000 0.319347 0.508932 0.325741 0.506167 0.323236 0.504578 0.320319
8 0.508932 0.325741 0.505609 0.314926 0.491654 0.277532 0.482039 0.252083 0.476331 0.235764 0.477633 0.236917 0.481391 0.245653 0.485727 0.256838 0.496427 0.284213 0.506323 0.311366 0.510589 0.324037 0.511943 0.328449
8 0.510870 0.330569 0.504557 0.325324 0.502878 0.323495 0.501852 0.321671 0.501945 0.320097 0.502552 0.319847 0.505073 0.322255 0.510953 0.327565 0.514685 0.331046 0.516552 0.333204 0.516974 0.333954 0.516203 0.334134 0.514789 0.335134 0.513807 0.332722 0.513201 0.331981 0.512128 0.331069
8 0.512943 0.336991 0.511615 0.333468 0.510870 0.330569 0.512128 0.331069 0.513201 0.331981 0.513807 0.332722 0.514789 0.335134 0.514383 0.335463
8 0.513073 0.339676 0.514049 0.341194 0.514557 0.342093 0.517969 0.349537 0.519906 0.349676 0.515352 0.336954 0.514466 0.337602 0.513664 0.338838
8 0.509740 0.341204 0.511161 0.338944 0.514383 0.335463 0.516203 0.334134 0.517417 0.333801 0.519844 0.334384 0.521151 0.335713 0.521383 0.336625 0.521289 0.337454 0.521242 0.338366 0.520185 0.338468 0.519974 0.338468 0.519255 0.337083 0.518461 0.335796 0.517013 0.335542 0.515352 0.336954 0.514466 0.337602 0.513664 0.338838 0.512409 0.340639 0.512242 0.340940 0.510755 0.343194
8 0.530521 0.373472 0.528003 0.370755 0.526339 0.365611 0.519906 0.349676 0.515352 0.336954 0.517013 0.335542 0.518461 0.335796 0.519255 0.337083 0.525859 0.349653 0.525234 0.350097 0.525484 0.351431 0.542667 0.386750 0.547734 0.397662 0.547573 0.399815 0.547896 0.406486 0.548177 0.412778
8 0.541328 0.407556 0.538068 0.400366 0.530451 0.383486 0.519893 0.361602 0.512451 0.346944 0.511276 0.344398 0.510755 0.343194 0.512242 0.340940 0.513073 0.339676 0.514049 0.341194 0.514557 0.342093 0.517969 0.349537 0.519906 0.349676 0.526339 0.365611 0.528003 0.370755 0.530521 0.373472 0.540365 0.394917 0.548177 0.412778 0.548255 0.414444
8 0.520182 0.367454 0.525911 0.383713 0.533508 0.403903 0.533758 0.401690 0.534698 0.401046 0.536404 0.402810 0.532242 0.391968 0.525661 0.378032
8 0.536404 0.402810 0.532242 0.391968 0.525661 0.378032 0.520182 0.367454 0.518461 0.362551 0.514396 0.353949 0.512461 0.348787 0.509948 0.346199 0.507185 0.339213 0.504513 0.334449 0.502203 0.329602 0.497424 0.317935 0.495328 0.313690 0.489214 0.298736 0.479779 0.276731 0.466221 0.246074 0.463219 0.237417 0.461779 0.234306 0.460094 0.229417 0.456909 0.216981 0.453406 0.202648 0.454161 0.202546 0.455594 0.204866 0.456716 0.208431 0.458536 0.216431 0.459969 0.221417 0.461779 0.228745 0.463346 0.233083 0.465716 0.238519 0.469279 0.249306 0.471776 0.254417 0.480031 0.274065 0.484404 0.283407 0.492583 0.302847 0.501398 0.323838 0.505453 0.331940 0.512451 0.346944 0.519893 0.361602 0.530451 0.383486 0.538068 0.400366 0.541328 0.407556
8 0.551724 0.395935 0.547333 0.391852 0.544471 0.385806 0.544010 0.384861 0.545120 0.385037 0.547766 0.387245 0.549547 0.388875 0.550628 0.389644 0.551490 0.390699 0.551768 0.391227 0.551404 0.392852 0.551495 0.395366
8 0.551328 0.380986 0.558727 0.389912 0.564773 0.397690 0.564773 0.399032 0.563964 0.399898 0.562344 0.399514 0.556049 0.393505 0.552365 0.383287
8 0.506026 0.351861 0.497063 0.322046 0.494531 0.313690 0.495328 0.313690 0.497424 0.317935 0.506604 0.346208 0.515568 0.373708 0.519544 0.386046 0.520846 0.391574 0.513833 0.371523 0.507398 0.353273
8 0.525250 0.407852 0.520411 0.396329 0.507906 0.364583 0.505302 0.352759 0.506026 0.351861 0.507398 0.353273 0.522870 0.397616 0.526904 0.407926 0.526299 0.407352
8 0.528661 0.418009 0.526969 0.414852 0.527195 0.412444 0.526927 0.411676 0.526331 0.411579 0.525331 0.408856 0.525250 0.407852 0.526299 0.407352 0.526904 0.407926 0.530534 0.418324 0.532995 0.424491
8 0.524005 0.420505 0.518693 0.410287 0.518255 0.408287 0.518943 0.407509 0.519693 0.406176 0.520755 0.405509 0.521693 0.405843 0.522693 0.407287 0.525378 0.414065 0.525091 0.415227 0.524388 0.418875
8 0.522768 0.426269 0.524388 0.418875 0.525091 0.415227 0.525792 0.412250 0.526331 0.411579 0.526927 0.411676 0.527195 0.412444 0.526872 0.416282 0.527034 0.417722 0.526656 0.419356 0.526440 0.422907 0.526078 0.423551 0.525266 0.425935 0.525299 0.426315 0.524112 0.426028 0.523628 0.427083 0.523896 0.429292
8 0.538359 0.432454 0.528661 0.418009 0.526969 0.414852 0.526846 0.416218 0.527034 0.417722 0.528924 0.421565 0.531677 0.426366 0.534594 0.432125 0.536430 0.435194 0.541714 0.440704
8 0.526078 0.423551 0.527708 0.425046 0.532375 0.431185 0.541687 0.440685 0.543440 0.443023 0.544000 0.444852 0.543859 0.446097 0.542927 0.447259 0.542107 0.447065 0.541224 0.447269 0.540961 0.447435 0.533563 0.437741 0.525299 0.426315 0.525266 0.425935
8 0.542068 0.460204 0.536120 0.451042 0.533995 0.447708 0.532745 0.445153 0.532182 0.443819 0.532432 0.443486 0.533125 0.443472 0.538438 0.450046 0.543242 0.456042 0.542867 0.458259
8 0.537266 0.470046 0.537990 0.469806 0.539016 0.470954 0.542365 0.478829 0.540469 0.480046
6 0.532419 0.484185 0.530828 0.484185 0.530180 0.480713 0.528805 0.473130 0.525984 0.456935 0.526565 0.453208 0.527143 0.450898 0.526016 0.448532 0.524786 0.444935 0.527750 0.440181 0.528380 0.439884 0.530992 0.445565 0.534130 0.452324 0.532568 0.452102 0.531943 0.452764 0.532073 0.454875 0.533255 0.457870 0.537266 0.470046 0.540469 0.480046 0.533654 0.484287
8 0.527096 0.397199 0.523497 0.389917 0.509948 0.346199 0.512461 0.348787 0.514396 0.353949 0.518461 0.362551 0.525911 0.383713 0.533508 0.403903 0.533195 0.404125 0.533383 0.405565 0.534008 0.407231 0.535318 0.408565 0.536568 0.409898 0.538237 0.411796 0.537169 0.412019 0.536987 0.413574 0.537737 0.414907 0.538992 0.416273 0.539242 0.417495 0.541555 0.424829 0.543992 0.430602 0.545768 0.434681 0.544602 0.435426 0.544555 0.437167 0.545208 0.438079 0.548307 0.440528 0.548495 0.441690 0.549474 0.444843 0.550828 0.448741 0.551995 0.452227 0.550159 0.452634 0.549026 0.453713 0.546745 0.448329 0.542987 0.438431 0.534456 0.416236
8 0.545768 0.434681 0.543992 0.430602 0.541555 0.424829 0.539242 0.417495 0.538992 0.416273 0.544797 0.422574 0.549052 0.436000 0.547729 0.435093
8 0.549052 0.436000 0.544797 0.422574 0.547664 0.425458 0.548359 0.426014 0.549003 0.426671 0.550128 0.429894 0.551625 0.434889 0.552438 0.438556
8 0.551995 0.452227 0.550828 0.448741 0.549474 0.444843 0.548495 0.441690 0.548307 0.440528 0.550927 0.442185 0.552094 0.443102 0.552932 0.445921 0.553867 0.447912 0.554286 0.450815 0.554193 0.451894 0.553484 0.451991
8 0.554193 0.451894 0.554286 0.450815 0.553867 0.447912 0.553536 0.446255 0.553143 0.443889 0.555018 0.445310 0.555518 0.447421 0.555807 0.451759
8 0.555807 0.451759 0.555518 0.447421 0.555018 0.445310 0.556177 0.446130 0.558091 0.447870 0.559581 0.451639 0.557750 0.451602
8 0.550661 0.408102 0.551414 0.406634 0.559849 0.426069 0.558120 0.424051 0.555596 0.421486 0.555596 0.420000
8 0.549469 0.404977 0.550661 0.408102 0.555596 0.420000 0.555596 0.421486 0.550396 0.416454 0.550354 0.414370 0.550193 0.411074
8 0.577695 0.521000 0.575534 0.526042 0.574831 0.513898
8 0.548255 0.414444 0.547896 0.406486 0.547573 0.399815 0.547734 0.397662 0.548701 0.399458 0.549023 0.401032 0.549469 0.404977 0.550193 0.411074 0.550354 0.414370 0.550396 0.416454
8 0.555474 0.400440 0.556122 0.399412 0.557424 0.399028 0.558438 0.400056 0.559120 0.403727 0.560461 0.406995 0.565378 0.422162 0.567617 0.430000 0.567690 0.430384 0.567438 0.431088 0.566674 0.432236 0.566596 0.431292 0.565971 0.429625 0.561401 0.416250 0.556195 0.401468
8 0.555286 0.407523 0.553932 0.404537 0.554245 0.401083 0.555474 0.400440 0.556195 0.401468 0.561401 0.416250 0.565971 0.429625 0.563721 0.425514
8 0.566674 0.432236 0.567438 0.431088 0.568242 0.428977 0.569268 0.426574 0.570029 0.424944 0.570406 0.423597 0.570779 0.421968 0.570779 0.418991 0.569758 0.415440 0.567870 0.412366 0.564898 0.409389 0.559096 0.403657 0.558438 0.400056 0.557424 0.399028 0.556122 0.399412 0.555474 0.400440 0.554872 0.398463 0.555583 0.396500 0.556490 0.395796 0.558070 0.397130 0.558576 0.397440 0.561513 0.400769 0.566135 0.405764 0.567258 0.406759 0.567635 0.407991 0.569198 0.410764 0.571135 0.414986 0.571885 0.417319 0.572195 0.420431 0.572010 0.423542 0.571320 0.426977 0.570135 0.430426 0.569073 0.432759 0.568826 0.433755 0.568643 0.435704 0.566846 0.433625
8 0.549977 0.402412 0.542667 0.386750 0.525484 0.351431 0.525234 0.350097 0.525859 0.349653 0.527672 0.350097 0.529422 0.354093 0.541229 0.378866 0.549289 0.396194 0.550469 0.396157 0.551510 0.398796 0.555286 0.407523 0.563721 0.425514 0.565971 0.429625 0.566596 0.431292 0.566846 0.433625 0.559849 0.426069 0.551414 0.406634
8 0.544281 0.451491 0.542927 0.447259 0.543859 0.446097 0.544000 0.444852 0.543440 0.443023 0.541714 0.440704 0.535786 0.426019 0.526479 0.404139 0.522607 0.394912 0.515672 0.372477 0.504513 0.334449 0.507185 0.339213 0.509948 0.346199 0.517500 0.370370 0.523497 0.389917 0.527096 0.397199 0.534456 0.416236 0.542987 0.438431 0.546745 0.448329 0.549026 0.453713 0.548714 0.454046 0.547846 0.455718
8 0.561130 0.444866 0.556193 0.432870 0.550818 0.423148 0.559753 0.434093 0.560299 0.435713 0.559174 0.436157 0.561922 0.440824 0.567284 0.449611 0.563784 0.446625
8 0.557005 0.441866 0.552625 0.432449 0.551500 0.429449 0.550690 0.427227 0.549315 0.423338 0.546315 0.417009 0.550818 0.423148 0.556193 0.432870 0.561130 0.444866 0.558745 0.443306
8 0.570661 0.451611 0.573344 0.452625 0.574042 0.453537 0.576797 0.456523 0.574482 0.458037
8 0.567284 0.449611 0.561922 0.440824 0.559174 0.436157 0.560299 0.435713 0.561859 0.436491 0.566547 0.444708 0.574482 0.458037 0.572698 0.459153 0.569570 0.453097
15 0.568651 0.435731 0.576320 0.443796 0.575815 0.450468 0.574464 0.449722 0.573576 0.449889 0.573156 0.451051 0.566977 0.443699 0.565638 0.441398 0.561859 0.436491 0.550818 0.423148 0.546315 0.417009 0.544315 0.414009 0.540380 0.410009 0.536505 0.406565 0.534258 0.404125 0.533508 0.403903 0.533758 0.401690 0.534698 0.401046 0.558120 0.424051
8 0.552438 0.438556 0.551625 0.434889 0.550128 0.429894 0.549003 0.426671 0.548359 0.426014 0.548234 0.424463 0.547797 0.423685 0.546234 0.422019 0.538237 0.411796 0.536568 0.409898 0.535318 0.408565 0.534008 0.407231 0.533383 0.405565 0.533195 0.404125 0.533508 0.403903 0.534258 0.404125 0.536505 0.406565 0.540380 0.410009 0.544315 0.414009 0.546315 0.417009 0.549315 0.423338 0.550690 0.427227 0.551500 0.429449 0.552625 0.432449 0.553625 0.435667 0.554438 0.440111
8 0.547664 0.425458 0.544797 0.422574 0.537737 0.414907 0.536987 0.413574 0.537169 0.412019 0.538237 0.411796 0.546234 0.422019 0.547797 0.423685 0.548234 0.424463 0.548359 0.426014
8 0.562305 0.451602 0.559490 0.449199 0.558091 0.447870 0.556177 0.446130 0.553143 0.443889 0.545208 0.438079 0.544555 0.437167 0.544602 0.435426 0.545768 0.434681 0.547729 0.435093 0.558745 0.443306 0.563784 0.446625 0.567284 0.449611 0.569570 0.453097 0.572698 0.459153 0.570456 0.460662 0.569167 0.457639 0.569099 0.456231 0.567870 0.454690 0.566497 0.453403
8 0.567714 0.457505 0.568667 0.458287 0.569167 0.457639 0.570456 0.460662 0.569039 0.461523 0.566875 0.463009 0.564609 0.456620
8 0.561120 0.455972 0.562305 0.455972 0.564609 0.456620 0.566875 0.463009 0.564148 0.464782
8 0.561120 0.455972 0.564148 0.464782 0.561112 0.466755 0.557750 0.455843
8 0.557750 0.455843 0.561112 0.466755 0.559159 0.468074 0.556594 0.465227 0.552917 0.455093 0.553773 0.455074
8 0.552917 0.455093 0.556594 0.465227 0.551607 0.459829 0.550159 0.455843 0.551461 0.455074
8 0.567727 0.457514 0.562305 0.455972 0.557750 0.455843 0.553773 0.455074 0.551461 0.455074 0.550159 0.455843 0.549331 0.457421 0.547846 0.455718 0.548714 0.454046 0.550159 0.452634 0.553484 0.451991 0.557750 0.451602 0.562305 0.451602 0.566497 0.453403 0.567870 0.454690 0.569099 0.456231 0.569167 0.457639 0.568667 0.458287
8 0.569271 0.468579 0.572812 0.477921 0.574458 0.479102 0.575112 0.479764 0.575437 0.480514 0.575857 0.481426 0.576604 0.481921 0.577398 0.481755 0.577586 0.480843 0.577516 0.479898 0.578534 0.479736 0.574992 0.469713 0.573523 0.466347 0.572672 0.466750
8 0.578312 0.482588 0.581146 0.486037 0.581714 0.487574 0.579932 0.487449 0.577313 0.484806 0.577625 0.483699
8 0.569271 0.468579 0.572812 0.477921 0.570875 0.476699 0.568440 0.474810 0.565594 0.470606
8 0.565594 0.470606 0.568440 0.474810 0.566128 0.473588 0.563021 0.473796 0.562151 0.472764 0.562885 0.472106
8 0.529135 0.438509 0.526380 0.435245 0.523896 0.429292 0.523628 0.427083 0.524112 0.426028 0.525299 0.426315 0.533563 0.437741 0.540961 0.447435 0.549331 0.457421 0.559159 0.468074 0.556768 0.470338 0.545177 0.458481 0.543242 0.456042
8 0.553565 0.472310 0.542068 0.460204 0.542867 0.458259 0.543242 0.456042 0.545177 0.458481 0.556799 0.470370 0.555648 0.471532
8 0.549367 0.474755 0.542943 0.468421 0.533255 0.457870 0.532073 0.454875 0.531943 0.452764 0.532568 0.452102 0.534130 0.452324 0.542068 0.460204 0.553565 0.472310 0.552625 0.472778
8 0.559969 0.475083 0.562151 0.472764 0.563690 0.474755 0.573568 0.486852 0.566474 0.487093 0.564672 0.484653 0.563609 0.482884 0.558604 0.475833
8 0.607909 0.546324 0.608961 0.544606 0.609401 0.544532 0.609615 0.545278 0.614138 0.559181
8 0.564672 0.484653 0.566474 0.487093 0.563750 0.487227 0.565130 0.485278
8 0.559810 0.486704 0.552820 0.479972 0.552161 0.479167 0.555104 0.477639 0.557065 0.476602 0.558604 0.475833 0.563609 0.482884 0.563609 0.482884
8 0.576797 0.456523 0.574042 0.453537 0.573344 0.452625 0.573156 0.451051 0.573576 0.449889 0.574464 0.449722 0.575815 0.450468 0.577357 0.451880 0.579549 0.454616
8 0.577943 0.463704 0.580435 0.462218 0.580755 0.461944 0.582763 0.463903 0.584214 0.465769 0.585221 0.467417 0.585867 0.468778 0.586997 0.472005 0.587401 0.473227 0.587891 0.474213 0.587516 0.478579 0.584216 0.474222 0.580841 0.468222
8 0.580755 0.461944 0.582763 0.463903 0.584214 0.465769 0.585221 0.467417 0.585867 0.468778 0.586997 0.472005 0.587401 0.473227 0.587891 0.474213 0.588333 0.468926 0.588708 0.468514 0.586432 0.465120 0.584859 0.463329 0.584336 0.461894 0.583648 0.460889 0.582964 0.459958 0.582161 0.460685
8 0.577943 0.463704 0.580841 0.468222 0.584216 0.474222 0.587516 0.478579 0.587208 0.482130 0.587208 0.482130 0.585734 0.480241 0.583885 0.478199 0.580818 0.474176 0.578099 0.470458 0.576654 0.466755 0.575643 0.465083
8 0.585565 0.495894 0.585258 0.496060 0.583956 0.494773 0.581823 0.491083 0.583268 0.490569 0.582906 0.487741 0.581714 0.487574 0.578534 0.479736 0.574992 0.469713 0.573523 0.466347 0.575643 0.465083 0.576654 0.466755 0.578823 0.472412 0.582221 0.482176 0.584792 0.487463 0.587016 0.493495 0.586914 0.495551
8 0.598307 0.509167 0.604313 0.514963 0.604891 0.516634 0.604964 0.517532 0.603518 0.517148 0.599542 0.513551
8 0.590372 0.472370 0.590979 0.473949 0.593594 0.479676 0.597141 0.487306 0.600828 0.496019 0.603021 0.500000 0.606148 0.507222 0.610115 0.518088 0.614549 0.533273 0.615622 0.538333 0.612987 0.536380 0.612174 0.532542 0.610555 0.526106 0.607208 0.514972 0.604185 0.507481 0.602260 0.503472 0.601682 0.502060 0.601013 0.500255 0.600031 0.498593 0.596112 0.489463 0.592422 0.482495 0.589896 0.476528
8 0.599409 0.501301 0.596245 0.494773 0.596318 0.493361 0.594437 0.490148 0.592341 0.486806 0.590823 0.483977 0.589956 0.481537 0.589503 0.480042 0.589766 0.477870 0.589896 0.476528 0.592422 0.482495 0.596112 0.489463 0.600031 0.498593 0.601013 0.500255 0.601682 0.502060
8 0.589503 0.480042 0.589956 0.481537 0.590823 0.483977 0.592341 0.486806 0.594437 0.490148 0.596318 0.493361 0.596245 0.494773 0.595883 0.495931 0.594805 0.497431 0.594047 0.494935 0.593021 0.491866 0.591294 0.489176 0.590430 0.486778 0.589891 0.485722 0.589638 0.483366
8 0.592859 0.499065 0.591294 0.492921 0.590159 0.488694 0.589891 0.485722 0.590430 0.486778 0.591294 0.489176 0.593021 0.491866 0.594047 0.494935 0.594805 0.497431 0.595398 0.500023 0.594091 0.499491
8 0.610885 0.534352 0.606560 0.518907 0.604453 0.513917 0.601464 0.506431 0.602333 0.506042 0.602260 0.503472 0.604185 0.507481 0.607208 0.514972 0.610555 0.526106 0.612174 0.532542 0.612987 0.536380 0.612474 0.535903
8 0.596716 0.518588 0.595036 0.510801 0.595411 0.509912 0.595411 0.508912 0.595224 0.508134 0.594849 0.507023 0.594099 0.504500 0.594352 0.504347 0.594596 0.503912 0.595182 0.502421 0.596693 0.503602 0.600536 0.516796 0.604289 0.528125 0.605164 0.531792 0.608034 0.540681 0.606659 0.541458 0.605784 0.541676 0.603299 0.536653
6 0.621982 0.577023 0.614138 0.559181 0.609615 0.545278 0.605164 0.531792 0.612620 0.538597 0.614643 0.545278 0.618185 0.556977 0.623789 0.574708 0.622849 0.575866
6 0.624945 0.576769 0.623789 0.577667 0.622703 0.578824 0.626602 0.587731 0.625018 0.578954
6 0.627917 0.582704 0.631096 0.589389 0.631068 0.597593 0.628630 0.592444 0.628198 0.585634
8 0.612620 0.538597 0.614643 0.545278 0.618185 0.556977 0.623789 0.574708 0.624396 0.573222 0.624146 0.572111 0.622396 0.566005 0.614711 0.540458
8 0.604289 0.528125 0.607977 0.531458 0.612474 0.535903 0.619411 0.541236 0.627846 0.547343 0.628656 0.548009 0.628469 0.549787 0.627534 0.550231 0.626596 0.549454 0.617586 0.542454 0.616273 0.541458 0.614711 0.540458 0.605164 0.531792
8 0.624146 0.572111 0.622396 0.566005 0.614711 0.540458 0.616273 0.541458 0.617586 0.542454 0.620023 0.550009 0.625083 0.566782 0.625646 0.569116 0.626083 0.573444 0.624396 0.573222
8 0.626602 0.587731 0.625018 0.578954 0.624945 0.576769 0.626969 0.577282 0.627620 0.579981 0.628198 0.585634 0.628630 0.592444
8 0.594099 0.504500 0.594849 0.507023 0.595224 0.508134 0.595411 0.508912 0.595411 0.509912 0.595036 0.510801 0.593911 0.512023 0.592560 0.508773 0.591974 0.508773 0.591503 0.503306
8 0.590964 0.498194 0.594091 0.499491 0.597779 0.500773 0.601682 0.502060 0.602260 0.503472 0.602333 0.506042 0.601464 0.506431 0.599586 0.505528 0.596693 0.503602 0.595182 0.502421 0.594596 0.503912 0.594352 0.504347 0.594099 0.504500 0.591503 0.503306
8 0.583706 0.505579 0.586630 0.513792 0.587208 0.524282 0.585990 0.524907 0.582052 0.515190 0.583464 0.509167
8 0.577924 0.491806 0.585109 0.499245 0.585797 0.500023 0.585922 0.503579 0.585109 0.504801 0.584422 0.505468 0.583706 0.505579 0.582737 0.505292 0.582292 0.505824 0.581698 0.504477 0.576406 0.495454 0.574245 0.492407
8 0.582052 0.515190 0.585990 0.524907 0.582854 0.526528 0.580133 0.520097 0.581018 0.518310
8 0.578542 0.523426 0.580133 0.527903 0.582854 0.526528 0.580133 0.520097
8 0.573698 0.494537 0.579698 0.508481 0.580964 0.511389 0.580398 0.514546 0.579552 0.516625 0.574107 0.501208
8 0.574107 0.501208 0.579552 0.516625 0.577695 0.521000 0.574831 0.513898
8 0.571682 0.494889 0.571172 0.495722 0.570328 0.496880 0.572419 0.504023
8 0.570328 0.496880 0.572419 0.504023 0.573016 0.512167 0.571503 0.508222 0.566372 0.496319 0.569073 0.497046
8 0.571682 0.494889 0.571172 0.495722 0.570328 0.496880 0.569073 0.497046 0.566372 0.496319 0.564268 0.491625 0.571484 0.492370
8 0.568161 0.519560 0.570943 0.528574 0.571594 0.529602 0.572029 0.530370 0.572750 0.531787 0.574232 0.527838 0.570495 0.517153 0.570495 0.518560 0.570076 0.519477 0.569234 0.519889
8 0.564268 0.491625 0.566372 0.496319 0.571503 0.508222 0.573016 0.512167 0.574232 0.527838 0.570495 0.517153 0.570169 0.515491 0.569656 0.514412 0.564063 0.497454 0.562279 0.491597
8 0.562279 0.491597 0.564063 0.497454 0.569656 0.514412 0.566622 0.511843 0.564185 0.504977 0.559271 0.492495 0.560352 0.491343
8 0.559271 0.492495 0.564185 0.504977 0.566622 0.511843 0.562794 0.506532 0.560695 0.504125 0.559529 0.502796 0.558875 0.501056 0.557135 0.495000 0.557604 0.494319
8 0.557135 0.495000 0.558875 0.501056 0.559529 0.502796 0.560695 0.504125 0.562794 0.506532 0.566622 0.511843 0.569656 0.514412 0.570169 0.515491 0.570495 0.517153 0.570495 0.518560 0.570076 0.519477 0.569234 0.519889 0.568161 0.519560 0.565875 0.516903 0.563281 0.513792 0.561401 0.510065 0.560099 0.508139 0.558510 0.506468 0.556484 0.502097 0.554792 0.498796
8 0.570914 0.536708 0.566112 0.527755 0.564857 0.525866 0.565232 0.525032 0.564857 0.522630 0.563643 0.520389 0.561185 0.515208 0.558276 0.511477 0.553284 0.501190 0.554750 0.498755 0.556484 0.502097 0.558510 0.506468 0.560099 0.508139 0.561401 0.510065 0.563281 0.513792 0.565016 0.517519 0.566245 0.520606 0.567328 0.522792 0.568195 0.524972 0.569714 0.526903 0.570943 0.528574 0.571594 0.529602 0.572029 0.530370 0.572750 0.531787
8 0.552526 0.486343 0.552174 0.485134 0.551448 0.482986 0.550682 0.480620 0.550641 0.480046 0.551490 0.479542 0.551490 0.479542 0.552161 0.479167 0.552799 0.479968 0.553344 0.481190 0.554594 0.485421 0.554870 0.486435
8 0.565573 0.548926 0.568529 0.541333 0.570914 0.536708 0.574232 0.527838 0.575534 0.526042 0.580398 0.514546 0.580398 0.514546 0.581932 0.506296 0.582737 0.505292 0.583706 0.505579 0.583464 0.509167 0.582052 0.515190 0.581018 0.518310 0.577544 0.525569 0.573031 0.536495 0.567523 0.549838
8 0.574245 0.492407 0.576406 0.495454 0.581698 0.504477 0.582292 0.505824 0.581932 0.506296 0.580964 0.511389 0.579698 0.508481 0.573659 0.494495 0.573581 0.492500
15 0.533654 0.484287 0.542365 0.478829 0.552625 0.472778 0.555648 0.471532 0.559159 0.468074 0.586591 0.450028 0.587562 0.449546 0.587833 0.449931 0.587833 0.450986 0.587833 0.451657 0.588372 0.452907 0.589344 0.453676 0.588966 0.454829 0.586430 0.456745 0.582161 0.460685 0.580435 0.462218 0.573523 0.466347 0.562885 0.472106 0.559969 0.475083 0.551490 0.479542 0.550641 0.480046 0.547979 0.482125 0.546406 0.482685 0.545721 0.483273 0.544995 0.483630 0.543057 0.484704 0.541615 0.485787 0.534948 0.485440 0.534570 0.484676
8 0.395859 0.300972 0.399930 0.301079 0.400763 0.303764 0.400737 0.303949 0.398497 0.304042
2 0.541797 0.533889 0.544456 0.534514 0.545083 0.534287 0.547057 0.539537 0.541990 0.536810 0.541203 0.533968
11 0.544193 0.687824 0.542240 0.679986 0.538932 0.666065 0.542708 0.666111 0.545104 0.665833 0.545573 0.667731 0.544771 0.668292 0.545422 0.669319 0.545495 0.670991 0.547010 0.680755
8 0.551685 0.541208 0.563042 0.547731 0.569198 0.550481 0.570000 0.550648 0.572745 0.551977 0.573747 0.552491 0.574167 0.553528 0.574083 0.555167 0.573414 0.556653 0.572159 0.556801 0.569734 0.555463 0.548990 0.544162 0.542828 0.541347 0.541961 0.540319 0.534083 0.536079 0.527865 0.532736 0.526565 0.532736 0.519547 0.529144 0.517792 0.527806 0.517372 0.524236 0.520443 0.526102 0.521526 0.526296 0.526490 0.528699 0.530539 0.530907 0.534159 0.532634 0.547057 0.539537
8 0.400490 0.294324 0.408065 0.304537 0.407924 0.306194 0.407458 0.306278 0.401250 0.300222 0.399167 0.293750 0.399885 0.294056
8 0.389844 0.235556 0.391250 0.238204 0.391216 0.240019 0.391151 0.241620 0.389706 0.239370
8 0.389706 0.239370 0.391151 0.241620 0.391068 0.244676 0.390826 0.244389 0.389534 0.242093 0.389586 0.241338
8 0.389089 0.244630 0.387799 0.242481 0.388526 0.239898 0.389211 0.240546
8 0.391013 0.247667 0.389534 0.245176 0.389534 0.242093 0.390826 0.244389 0.391068 0.244676
6 0.515990 0.529491 0.516591 0.534639 0.503943 0.524653 0.497594 0.520227 0.497156 0.517847 0.512047 0.525301
8 0.499167 0.527083 0.517786 0.543935 0.516836 0.536255 0.509414 0.529741 0.497594 0.520227 0.497594 0.520227
6 0.519719 0.545889 0.529438 0.554833 0.531586 0.555963 0.531292 0.552491 0.528411 0.548060 0.523625 0.543458 0.519625 0.544176
5 0.350214 0.183245 0.350914 0.182574 0.352372 0.182190 0.353182 0.182097 0.354208 0.181231 0.354750 0.180657 0.359771 0.172593 0.363659 0.166833 0.364901 0.164144 0.366034 0.162801 0.366719 0.158194 0.367224 0.141681 0.367732 0.139750 0.368669 0.138588 0.369609 0.137819 0.382214 0.165000 0.378927 0.173148 0.372898 0.180356 0.372898 0.180356 0.371935 0.181602 0.371898 0.181662 0.371203 0.181324 0.371096 0.179685 0.369982 0.178343 0.369333 0.178819 0.369227 0.180454 0.364312 0.178917 0.363557 0.179398 0.363125 0.179972 0.363826 0.181509 0.368849 0.182949 0.368612 0.184648 0.368333 0.186384 0.367602 0.188306 0.367112 0.189361 0.365823 0.193699 0.364427 0.197292 0.363503 0.197255 0.362422 0.199079 0.360802 0.204741 0.359557 0.203287 0.358750 0.200037 0.357508 0.195620 0.355997 0.192264 0.354701 0.190343 0.353458 0.188519 0.352271 0.187750 0.351516 0.187176
8 0.549687 0.740833 0.553299 0.745287 0.555799 0.750065 0.556487 0.757949 0.554737 0.756282 0.553430 0.751667
8 0.517695 0.674338 0.521521 0.693292 0.523518 0.705963 0.524138 0.706597 0.519469 0.673593
8 0.439448 0.321713 0.441740 0.324861 0.442216 0.327792 0.442208 0.329167 0.438849 0.323704
8 0.440938 0.327083 0.441245 0.332824 0.439891 0.330000 0.439578 0.324907
8 0.434281 0.291991 0.433435 0.295148 0.431250 0.295139 0.429714 0.291991
8 0.431378 0.301315 0.426536 0.290486 0.426818 0.289625 0.427990 0.288477 0.432578 0.297778
8 0.407242 0.277444 0.404862 0.277801 0.404133 0.278079 0.404029 0.279375 0.404289 0.280903 0.405435 0.281319 0.407081 0.280815
8 0.418479 0.310218 0.422906 0.320403 0.421083 0.318782 0.418193 0.312301
8 0.414859 0.304708 0.417438 0.309662 0.417646 0.308412 0.415354 0.303505
8 0.455430 0.308755 0.453633 0.300560 0.453841 0.299032 0.454336 0.297968 0.454570 0.298384 0.456875 0.308935 0.456286 0.308727
8 0.454224 0.292565 0.457492 0.309208 0.457763 0.309745 0.457883 0.310546 0.458646 0.313796 0.458125 0.299444 0.456513 0.292296 0.456091 0.292671 0.455789 0.292727
8 0.446190 0.329491 0.448638 0.327130 0.448352 0.329491 0.446406 0.333009
8 0.438797 0.338704 0.440560 0.336866 0.440951 0.336171 0.441367 0.335245 0.441758 0.334968 0.442242 0.334546 0.442052 0.338056 0.439943 0.340046
8 0.440992 0.310806 0.442945 0.304694 0.443385 0.304417 0.443857 0.305157 0.444063 0.305528 0.443247 0.308148 0.443091 0.308935 0.441513 0.313769 0.441357 0.312884
8 0.440870 0.282449 0.437745 0.271477 0.437797 0.270412 0.438266 0.269810 0.438891 0.270782 0.440766 0.278236 0.440836 0.280032
5 0.517396 0.623889 0.518510 0.630569 0.523633 0.655116 0.524945 0.659338 0.525883 0.659449 0.526008 0.658338 0.525945 0.657338 0.524820 0.651671 0.524513 0.650005 0.525076 0.650671 0.525701 0.652449 0.528201 0.657671 0.528951 0.658560 0.529701 0.658560 0.530076 0.658005 0.535198 0.654782 0.541258 0.650894 0.545070 0.649116 0.547195 0.648560 0.548130 0.647449 0.549193 0.645565 0.549068 0.643787 0.547320 0.639120 0.546320 0.636676 0.544133 0.630792 0.541883 0.623347 0.541258 0.621236 0.541133 0.619458 0.543008 0.614574 0.544758 0.615574 0.549255 0.621236 0.555380 0.628458 0.557190 0.630347 0.558440 0.632343 0.561628 0.641898 0.563750 0.642787 0.564937 0.644120 0.567438 0.649449 0.567500 0.652894 0.566187 0.653227 0.555068 0.656671 0.544008 0.663111 0.538823 0.665889 0.532010 0.668778 0.529638 0.670000 0.527951 0.670333 0.526763 0.670333 0.525326 0.671778 0.524513 0.672222 0.523453 0.672222 0.522141 0.672222 0.521380 0.672222 0.518576 0.651801 0.515953 0.631903
8 0.462336 0.361315 0.463333 0.368287 0.466034 0.370065 0.464784 0.363583 0.463617 0.361847 0.464458 0.359824 0.464003 0.357750 0.463438 0.357778 0.462917 0.357130 0.462208 0.354903
8 0.482135 0.352130 0.483568 0.363519 0.481250 0.358194 0.480911 0.354676
8 0.645339 0.663657 0.643641 0.659755 0.641266 0.653907 0.642909 0.651880 0.644326 0.655125 0.647112 0.660810 0.648664 0.664542 0.649302 0.666167 0.647042 0.666588 0.646313 0.664722 0.645945 0.663667
8 0.652107 0.675704 0.651672 0.685551 0.649711 0.685699 0.650146 0.683315 0.650638 0.674569
8 0.613286 0.689287 0.616427 0.694806 0.616641 0.693611 0.614896 0.689722 0.614187 0.688671 0.613859 0.688778
8 0.619794 0.679546 0.625281 0.679806 0.622740 0.681185
8 0.628068 0.681606 0.629055 0.684625 0.625740 0.682801
8 0.622740 0.681185 0.627357 0.678593 0.629646 0.677329 0.630237 0.680065 0.629409 0.680907 0.625740 0.682801
8 0.649401 0.669907 0.652013 0.672236 0.655573 0.675792 0.656510 0.677125 0.656385 0.678898 0.654323 0.677569 0.650638 0.674569 0.648451 0.672347 0.647576 0.670903 0.648589 0.670310
8 0.636172 0.659491 0.639122 0.672611 0.640747 0.679278 0.641310 0.681722 0.641435 0.683722 0.641497 0.686500 0.641622 0.686940 0.642247 0.686940 0.643435 0.686611 0.643685 0.684944 0.643622 0.682389 0.642935 0.677944 0.642247 0.675833 0.641245 0.673861 0.640703 0.670981 0.640867 0.670023 0.640867 0.670023 0.639310 0.664171 0.639497 0.660282 0.639247 0.657843 0.639185 0.656509 0.637461 0.658528
8 0.637292 0.654213 0.642708 0.648310 0.649518 0.640426 0.655893 0.632981 0.658828 0.630093 0.662016 0.630981 0.664016 0.632870 0.663453 0.634870 0.661828 0.633648 0.660328 0.632426 0.659016 0.632759 0.655893 0.636315 0.643333 0.651310 0.637461 0.658528 0.635523 0.659972 0.635745 0.656088
8 0.656797 0.668292 0.654745 0.668676 0.651125 0.669444 0.648589 0.670310 0.646211 0.671653 0.641245 0.673861 0.640703 0.670981 0.640867 0.670023 0.643891 0.668005 0.646482 0.666759 0.656039 0.665028 0.656310 0.666278 0.656526 0.667046
8 0.633352 0.684227 0.632672 0.679111 0.634398 0.678032 0.634818 0.678366 0.635190 0.679690 0.635247 0.683079 0.634443 0.682861 0.633674 0.683222
8 0.635260 0.693565 0.633594 0.685370 0.634885 0.686662 0.636536 0.688056 0.635424 0.688153
8 0.639815 0.691190 0.638758 0.689819 0.637396 0.688565 0.636536 0.688056 0.634885 0.686662 0.633594 0.685370 0.633352 0.684227 0.633674 0.683222 0.634443 0.682861 0.635247 0.683079 0.640776 0.688384 0.641661 0.689315
8 0.637904 0.694181 0.639815 0.691190 0.642010 0.688954 0.644810 0.687125 0.647703 0.685880 0.651672 0.685551 0.653677 0.686380 0.655219 0.687208 0.655544 0.688620 0.654797 0.689699 0.652977 0.689116 0.650549 0.688704 0.648451 0.688704 0.646164 0.689032 0.643237 0.690509 0.642695 0.690699 0.641771 0.691759 0.640937 0.692185 0.639536 0.693847 0.638370 0.696833
8 0.636826 0.702065 0.639758 0.705588 0.639596 0.707403 0.640698 0.709514 0.640552 0.710611 0.639310 0.708977 0.638177 0.707060 0.636719 0.704852
8 0.645430 0.695116 0.641771 0.691759 0.642695 0.690699 0.643237 0.690509 0.644586 0.690889 0.646437 0.692301 0.650557 0.690329 0.653885 0.690796 0.653516 0.691829 0.647805 0.694259 0.647805 0.694259
8 0.635005 0.703755 0.632161 0.689528 0.632378 0.689046 0.632107 0.686648 0.631190 0.685782 0.628276 0.669528 0.627839 0.668972 0.615406 0.662750 0.614719 0.661972 0.615281 0.661194 0.616219 0.661083 0.626651 0.666639 0.629151 0.668306 0.635211 0.698074
8 0.633422 0.734537 0.634023 0.724162 0.635005 0.703755 0.635424 0.688153 0.636536 0.688056 0.637396 0.688565 0.636872 0.699440 0.636357 0.717856 0.635424 0.735116
6 0.648151 0.645648 0.650039 0.643310 0.650094 0.646241 0.650391 0.651250
8 0.577656 0.625972 0.578471 0.627324 0.580383 0.630356 0.581031 0.631931 0.577685 0.630014 0.577474 0.629917 0.576839 0.629824 0.576172 0.628704
8 0.571229 0.632324 0.577055 0.621352 0.579927 0.618958 0.580930 0.618042 0.580982 0.618042 0.581997 0.617213 0.581893 0.617954 0.573753 0.633306 0.571674 0.637218 0.570727 0.639306 0.569768 0.638412 0.569219 0.636139 0.569951 0.634597
6 0.651932 0.641028 0.658414 0.660176 0.657693 0.663000 0.656310 0.666278 0.656039 0.665028 0.651461 0.654019 0.651932 0.649394
8 0.636172 0.721759 0.637372 0.730750 0.637310 0.732417 0.635526 0.732454
8 0.637758 0.716620 0.640268 0.726907 0.640378 0.724819 0.640305 0.721329 0.638898 0.716412
8 0.636633 0.705764 0.638755 0.713069 0.637500 0.714444 0.636596 0.710412
5 0.647997 0.729292 0.647581 0.727208 0.646417 0.726824 0.645255 0.726319 0.644318 0.724639 0.643305 0.721426 0.642586 0.719759 0.641357 0.718347 0.638898 0.716412 0.636362 0.716801 0.636362 0.715389 0.637307 0.714616 0.638755 0.713069 0.640411 0.712042 0.643229 0.711148 0.646049 0.711019 0.648727 0.711921 0.650391 0.713338 0.651042 0.713977 0.648867 0.727847 0.648727 0.729144
8 0.626589 0.687824 0.627344 0.689583 0.630570 0.698495 0.630690 0.699713 0.630448 0.700431 0.629078 0.700931 0.628378 0.699023 0.627443 0.696949 0.626789 0.695787 0.624495 0.688810 0.625521 0.688644
8 0.627422 0.687176 0.630953 0.698134 0.631336 0.699000 0.632417 0.698815 0.632870 0.698319 0.633010 0.697759 0.632802 0.696398 0.632000 0.693981 0.631057 0.691625 0.629461 0.688282
8 0.622333 0.684250 0.624130 0.690394 0.625716 0.694542 0.626789 0.695787 0.627443 0.696949 0.628378 0.699023 0.629078 0.700931 0.629357 0.702926 0.629404 0.704167 0.629685 0.705412 0.634352 0.718690 0.634023 0.724162 0.632156 0.718606 0.631365 0.716944 0.631643 0.715537 0.628937 0.710556 0.628609 0.707653 0.627911 0.705000 0.626510 0.703088 0.625531 0.702343 0.624164 0.696917 0.620635 0.683301
8 0.621279 0.701370 0.622057 0.703519 0.622370 0.704398 0.621979 0.705509 0.624443 0.708227 0.622995 0.701903
8 0.617911 0.681787 0.621422 0.694625 0.622667 0.699810 0.622995 0.701903 0.625375 0.712407 0.627513 0.719579 0.627771 0.717028 0.627995 0.712838 0.625904 0.704750 0.625250 0.702676 0.625531 0.702343 0.624164 0.696917 0.620635 0.683301
8 0.619154 0.693194 0.619789 0.693912 0.622667 0.699810 0.620628 0.699241 0.619505 0.695833
8 0.614018 0.679546 0.615563 0.687903 0.615667 0.688324 0.615693 0.688921 0.615615 0.689019 0.617747 0.697037 0.618344 0.697227 0.618828 0.697130 0.619505 0.695833 0.619154 0.693194 0.618128 0.689356 0.615695 0.680523
8 0.618440 0.701042 0.622057 0.703519 0.622370 0.704398 0.621979 0.705509 0.621250 0.705741 0.619599 0.704880 0.616948 0.701398
8 0.610422 0.690769 0.614596 0.695412 0.617044 0.699255 0.615523 0.700218 0.611974 0.696056 0.609401 0.691741 0.608224 0.689602 0.608964 0.689009 0.609354 0.690028 0.609875 0.690537
8 0.611016 0.681157 0.611023 0.681759 0.612305 0.684602 0.613859 0.687667 0.614563 0.687389 0.615000 0.687500 0.615104 0.686713 0.613906 0.683009 0.612643 0.680708 0.612539 0.681269
8 0.610378 0.682403 0.612245 0.686852 0.613078 0.688222 0.613859 0.687667 0.612305 0.684602 0.611023 0.681759 0.610539 0.682190
8 0.603810 0.671097 0.610831 0.673977 0.619794 0.679546 0.631190 0.685782 0.632107 0.686648 0.632378 0.689046 0.632161 0.689528 0.631458 0.689528 0.629461 0.688282 0.622333 0.684250 0.614018 0.679546 0.612120 0.678667 0.609914 0.677241 0.605378 0.675606 0.603487 0.675222
8 0.611016 0.681157 0.611023 0.681759 0.610539 0.682190 0.610378 0.682403 0.604115 0.682454 0.602987 0.680463 0.604380 0.680588
8 0.603279 0.678199 0.612120 0.678667 0.612539 0.679472 0.612643 0.680708 0.612539 0.681269 0.604380 0.680588 0.602987 0.680463 0.601849 0.678264
8 0.601320 0.677384 0.603839 0.648986 0.604208 0.646074 0.606234 0.623708 0.607310 0.623329 0.607747 0.623903 0.607852 0.624671 0.605906 0.645694 0.603279 0.678199 0.601849 0.678264
8 0.546406 0.482685 0.547979 0.482125 0.548503 0.482699 0.549271 0.484347 0.549917 0.486213 0.546927 0.486065 0.546367 0.485065 0.546003 0.483991 0.545721 0.483273
8 0.601664 0.712120 0.601112 0.708093 0.601042 0.707782 0.601005 0.706356 0.601005 0.706106 0.601565 0.705736 0.602214 0.705741 0.603307 0.706759 0.603490 0.710185 0.603443 0.713546 0.603492 0.714412
8 0.592654 0.696838 0.595112 0.700926 0.597292 0.703940 0.599672 0.707597 0.600237 0.707954 0.600479 0.707523 0.600745 0.705495
8 0.606385 0.693829 0.607198 0.697204 0.608281 0.702083 0.609128 0.702829 0.609729 0.703148 0.610302 0.702722 0.610362 0.701917 0.610062 0.699861
8 0.612112 0.704361 0.610062 0.699861 0.600500 0.684194 0.600526 0.683500 0.600161 0.683130 0.597185 0.678005 0.596625 0.676264 0.595971 0.673440 0.595365 0.671866 0.596466 0.670546 0.597687 0.670546 0.605839 0.685676 0.606646 0.686741 0.609401 0.691741 0.614771 0.700606 0.614172 0.700921
8 0.615536 0.702190 0.620956 0.710889 0.622497 0.713380 0.622776 0.714542 0.622497 0.715454 0.621609 0.716199 0.620453 0.716736 0.619549 0.715824 0.618464 0.714699 0.617169 0.713681 0.616430 0.713213 0.616401 0.709884 0.615740 0.709389 0.615078 0.709449 0.612995 0.706713 0.613716 0.705065 0.614563 0.703120
8 0.628937 0.710556 0.631643 0.715537 0.631365 0.716944 0.630617 0.717361 0.629964 0.716944 0.628750 0.714125
8 0.613276 0.716171 0.613594 0.711806 0.613870 0.712120 0.614781 0.711213 0.614781 0.711213 0.614911 0.714546 0.614651 0.714639 0.614326 0.718611
8 0.612591 0.708148 0.614763 0.710130 0.614792 0.711250 0.613870 0.712120 0.612427 0.710792
8 0.602346 0.697819 0.611737 0.707028 0.611409 0.709394 0.610401 0.708537 0.601508 0.700472 0.601927 0.699227
8 0.596844 0.706273 0.603492 0.714412 0.603924 0.715755 0.603818 0.717579 0.602930 0.718579 0.601943 0.717949 0.594529 0.708458 0.594917 0.708181 0.595638 0.707750 0.596562 0.706912
8 0.611185 0.726347 0.608036 0.721903 0.608159 0.720255 0.608440 0.720255 0.611547 0.724412
8 0.612578 0.728750 0.611810 0.733625 0.610362 0.741588 0.609708 0.744162 0.609477 0.744991 0.607609 0.745157 0.607563 0.744491 0.608122 0.741093 0.610268 0.731301 0.612182 0.720931 0.612836 0.717940 0.613612 0.720245 0.612818 0.726759
8 0.618016 0.736940 0.615573 0.732583 0.612578 0.728750 0.612818 0.726759 0.613516 0.726898 0.616687 0.731657 0.617036 0.734134 0.617523 0.734444 0.618362 0.733949 0.618750 0.734769
8 0.616174 0.727245 0.616687 0.731657 0.617036 0.734134 0.617523 0.734444 0.618362 0.733949 0.618708 0.732958 0.618500 0.731593 0.618234 0.729870 0.617427 0.729653
8 0.615182 0.720792 0.614763 0.710130 0.615078 0.709449 0.615740 0.709389 0.616401 0.709884 0.616401 0.720046 0.616464 0.723991
8 0.622995 0.701903 0.620211 0.701042 0.618440 0.701042 0.616948 0.701398 0.615536 0.702190 0.614563 0.703120 0.613716 0.705065 0.612995 0.706713 0.612591 0.708148 0.612427 0.710792 0.612391 0.711940 0.612471 0.713162 0.612708 0.714667 0.613276 0.716171 0.614326 0.718611 0.616464 0.723991 0.617471 0.727287 0.618234 0.729870 0.617427 0.729653 0.616174 0.727245 0.613612 0.720245 0.612237 0.716245 0.611487 0.713023 0.611237 0.710917 0.611737 0.707028 0.612112 0.704361 0.614172 0.700921 0.617044 0.699255 0.619169 0.698917 0.622667 0.699810
8 0.626841 0.725949 0.624971 0.723806 0.620393 0.719144 0.616776 0.715824 0.616656 0.714218 0.617169 0.713681 0.618464 0.714699 0.619549 0.715824 0.620453 0.716736 0.620844 0.717000 0.624732 0.721181 0.627081 0.723537
8 0.633578 0.738676 0.633174 0.742764 0.631289 0.742625 0.631805 0.741759 0.633378 0.739032
8 0.632995 0.744630 0.630352 0.744269 0.631289 0.742625 0.633174 0.742764
8 0.625156 0.750509 0.627023 0.752292 0.628143 0.752042 0.628518 0.752375 0.629206 0.751995 0.628971 0.751255 0.627904 0.750236 0.626120 0.749259
8 0.619878 0.744514 0.618849 0.743009 0.618458 0.741782 0.618729 0.740597 0.619693 0.740810 0.620448 0.741569 0.622604 0.744398 0.621656 0.744394
8 0.618529 0.737606 0.619818 0.739537 0.622604 0.744398 0.624094 0.744403 0.624427 0.743981 0.623672 0.742778 0.622812 0.740972 0.620703 0.737917 0.619974 0.736713 0.619219 0.735741
8 0.627062 0.740931 0.625786 0.742134 0.624094 0.744403 0.627211 0.744394 0.627396 0.744352
8 0.627771 0.740611 0.629424 0.738963 0.630313 0.738171 0.633578 0.738676 0.633378 0.739032 0.631805 0.741759 0.630352 0.744269 0.629344 0.745704 0.629089 0.745926 0.629031 0.745389 0.628378 0.744644 0.627943 0.741273
8 0.632529 0.749574 0.633174 0.742764 0.633578 0.738676 0.635393 0.738889 0.635273 0.743051 0.635112 0.745917 0.634828 0.748139
8 0.631406 0.734213 0.630062 0.727898 0.628242 0.720847 0.628568 0.716861 0.628615 0.715866 0.629174 0.716861 0.630341 0.720931 0.632536 0.730551 0.633422 0.734537
8 0.626169 0.733060 0.626745 0.727236 0.627771 0.717028 0.628049 0.711306 0.627771 0.709065 0.627258 0.706907 0.625904 0.704750 0.625250 0.702676 0.625531 0.702343 0.626510 0.703088 0.627911 0.705000 0.628609 0.707653 0.628937 0.710556 0.628750 0.714125 0.628049 0.722671 0.627396 0.730472 0.627617 0.733227
8 0.625891 0.736708 0.625062 0.735282 0.623617 0.733458 0.622591 0.732213 0.621422 0.730139 0.620862 0.729806 0.621003 0.729144 0.621237 0.728894 0.621703 0.728810 0.622776 0.730472 0.624365 0.732546 0.625484 0.734454 0.625810 0.734782
8 0.627396 0.744352 0.627010 0.740611 0.626729 0.738866 0.626266 0.737375 0.627430 0.737620 0.627943 0.741273 0.628378 0.744644
8 0.641807 0.740125 0.636966 0.739120 0.628456 0.737870 0.626266 0.737375 0.625891 0.736708 0.625750 0.733639 0.626169 0.733060 0.627617 0.733227 0.642505 0.736796
8 0.626120 0.749259 0.623654 0.752301 0.621609 0.751875 0.619323 0.750796 0.617549 0.750051
8 0.616570 0.744727 0.621656 0.744394 0.627211 0.744394 0.628378 0.744644 0.629031 0.745389 0.629263 0.747546 0.628797 0.748625 0.628143 0.749120 0.617549 0.750051 0.615969 0.749912 0.615443 0.749769 0.615870 0.748722 0.616242 0.747148 0.616477 0.745403
8 0.635286 0.742176 0.640031 0.742611 0.641380 0.742528 0.640997 0.743148 0.639641 0.744005 0.638557 0.744389 0.635208 0.744750 0.635273 0.743051
8 0.603932 0.745185 0.615260 0.744954 0.614333 0.746449 0.613260 0.747444 0.612466 0.748278 0.612000 0.749106 0.611299 0.750681 0.606820 0.750514
8 0.615969 0.749912 0.617549 0.750051 0.619323 0.750796 0.621609 0.751875 0.625016 0.752542 0.627023 0.752292 0.628143 0.752042 0.628518 0.752375 0.628565 0.753204 0.628284 0.753866 0.627023 0.754366 0.625003 0.754625 0.623229 0.754292 0.615755 0.753056 0.615969 0.750917
8 0.615052 0.759583 0.617823 0.757778 0.619219 0.756352 0.615443 0.755926
8 0.615755 0.753056 0.623229 0.754292 0.625003 0.754625 0.625190 0.756449 0.624161 0.756944 0.615443 0.755926
8 0.605224 0.753204 0.599786 0.752833 0.599922 0.752019 0.600133 0.750838 0.604044 0.750986
8 0.614401 0.755069 0.608578 0.753954 0.607526 0.751852 0.608961 0.751972 0.614576 0.752963
8 0.614323 0.755926 0.614878 0.750343 0.615443 0.749769 0.615969 0.749912 0.615969 0.750917 0.614878 0.761241 0.614716 0.764542 0.613932 0.764815 0.613503 0.763870 0.613828 0.763625
8 0.592813 0.720046 0.593745 0.724662 0.590266 0.717894
8 0.590096 0.711500 0.590617 0.713148 0.591503 0.714894 0.588167 0.712250 0.588740 0.712037 0.589281 0.711713
8 0.600206 0.738083 0.600641 0.734157 0.601589 0.727912 0.601943 0.717949 0.602930 0.718579 0.603404 0.719630 0.603560 0.721949 0.603284 0.727000 0.602969 0.731912 0.602063 0.738014 0.601589 0.740681 0.600495 0.738657
8 0.595141 0.751667 0.597307 0.755796 0.596576 0.759731 0.595458 0.759273 0.594466 0.752782 0.594281 0.751704
8 0.588122 0.743139 0.591177 0.745898 0.589039 0.746111
8 0.595638 0.704384 0.596536 0.705648 0.595701 0.706088 0.595247 0.706625 0.594435 0.707481 0.593932 0.707778 0.592604 0.705880 0.594266 0.705245
8 0.584055 0.688565 0.587839 0.694597 0.594831 0.703523 0.592935 0.704597 0.591641 0.705000 0.585716 0.698000 0.585594 0.695852 0.585070 0.695921 0.585099 0.696588 0.583516 0.694213
8 0.641807 0.740125 0.641661 0.741880 0.641380 0.742528 0.640492 0.742671 0.635286 0.742176 0.635393 0.738889 0.636966 0.739120
8 0.595156 0.677778 0.594617 0.671949 0.595365 0.671866 0.595971 0.673440 0.596625 0.676264 0.597185 0.678005 0.598893 0.688773 0.600154 0.697153 0.600620 0.700222 0.598589 0.698824 0.598562 0.698176 0.596688 0.686509 0.596427 0.685194 0.596187 0.683963 0.595417 0.681157
15 0.598893 0.688773 0.604167 0.693338 0.604026 0.694333 0.603187 0.695824 0.602766 0.696741 0.602346 0.697819 0.601927 0.699227 0.601508 0.700472 0.600620 0.700222 0.600154 0.697153
15 0.594891 0.685306 0.596688 0.686509 0.598562 0.698176 0.598589 0.698824 0.596427 0.696509 0.596193 0.693685 0.595594 0.690213 0.595464 0.688917
15 0.589721 0.679981 0.593281 0.683704 0.594440 0.685287 0.595005 0.690310 0.595409 0.692028 0.595693 0.693394 0.595693 0.695759 0.585495 0.685370 0.585789 0.684699 0.586797 0.682264 0.587685 0.679968
8 0.590974 0.677162 0.595156 0.677778 0.595417 0.681157 0.593896 0.681338 0.593625 0.680162 0.593143 0.679088 0.592690 0.678338 0.592029 0.677699
8 0.592609 0.680611 0.587685 0.679968 0.588232 0.678019 0.590039 0.678181 0.591547 0.678824 0.592240 0.679838
8 0.587685 0.679968 0.586797 0.682264 0.585789 0.684699 0.584055 0.688565 0.584240 0.687051 0.584747 0.683222 0.586714 0.677699 0.587227 0.677449 0.587086 0.676454 0.589315 0.670144 0.591266 0.664940 0.592107 0.662644 0.592490 0.660477 0.592594 0.658931 0.592174 0.656139 0.591719 0.654648 0.590883 0.652977 0.589456 0.652167 0.588547 0.652046 0.587714 0.652602 0.586177 0.654032 0.579448 0.659731 0.577461 0.661472 0.576586 0.661037 0.575443 0.661403 0.574685 0.660769 0.575091 0.660227 0.579417 0.656940 0.585062 0.652537 0.587607 0.649384 0.588617 0.648759 0.589977 0.648824 0.591094 0.650250 0.592279 0.652231 0.592695 0.653593 0.592940 0.655394 0.593219 0.656690 0.593255 0.657875 0.593219 0.661218 0.592594 0.663444 0.591792 0.666181 0.590185 0.671014 0.589456 0.672625 0.589036 0.675162
8 0.585495 0.685370 0.595693 0.695759 0.596427 0.696509 0.600620 0.700222 0.601794 0.701838 0.601997 0.702199 0.601997 0.702986 0.601674 0.703704 0.601471 0.704634 0.601271 0.705495 0.600745 0.705495 0.590581 0.694667 0.586427 0.690940 0.584055 0.688565
8 0.580656 0.680764 0.583438 0.683380 0.583151 0.686296 0.582578 0.687130 0.582214 0.687963 0.577505 0.682176 0.578427 0.681556 0.579159 0.681440 0.580211 0.680986
8 0.611169 0.759060 0.613268 0.756241 0.613958 0.755926 0.614323 0.755926 0.613828 0.763625 0.613503 0.763870 0.612242 0.761468
8 0.565130 0.729537 0.565615 0.727069 0.567427 0.718407 0.569924 0.708745 0.571299 0.705523 0.571987 0.704634 0.572924 0.703301 0.573799 0.702301 0.576484 0.699079 0.578297 0.696194 0.580023 0.692824 0.580914 0.691065 0.582578 0.687130 0.583151 0.686296 0.582797 0.689750 0.582297 0.691750 0.582083 0.693611 0.581716 0.694120 0.581039 0.695370 0.580109 0.696306 0.578672 0.698634 0.577859 0.699968 0.577297 0.701079 0.576174 0.702079 0.574737 0.702968 0.573737 0.704079 0.572674 0.705523 0.570737 0.710634 0.568237 0.724407 0.566740 0.731181 0.566115 0.732847 0.565557 0.730972
8 0.602589 0.706060 0.602992 0.701685 0.603958 0.702764 0.603716 0.703981 0.603635 0.706995
8 0.576242 0.676208 0.579893 0.679685 0.577599 0.680593 0.576836 0.681046 0.576771 0.681273 0.572661 0.676329 0.574180 0.676319 0.575305 0.676319
8 0.572661 0.676329 0.582214 0.687963 0.581359 0.689972 0.580914 0.691065 0.579516 0.689296 0.575315 0.683727 0.571807 0.679444 0.570719 0.678222 0.570245 0.677097 0.571307 0.676319
8 0.586521 0.706032 0.586805 0.706606 0.587732 0.707037 0.588820 0.707106 0.590052 0.710741 0.589703 0.710801 0.587987 0.711176 0.587443 0.711444
8 0.583516 0.694213 0.585099 0.696588 0.585232 0.698000 0.586521 0.706032 0.587438 0.711403 0.587414 0.711662 0.586901 0.711250 0.583750 0.704722 0.583349 0.703995 0.582888 0.700088
8 0.586901 0.711250 0.591503 0.714894 0.599789 0.721968 0.599909 0.722556 0.599729 0.723468 0.599487 0.724000 0.599427 0.724593 0.599185 0.725019 0.598763 0.724968 0.595570 0.722287 0.590266 0.717894
8 0.599711 0.741944 0.598464 0.739444 0.592161 0.726991 0.589091 0.720963 0.587383 0.717125 0.586057 0.714889 0.586057 0.714889 0.582604 0.708009 0.582083 0.707130 0.582427 0.704528 0.582552 0.703194 0.583750 0.704722 0.586901 0.711250 0.595807 0.728843 0.600495 0.738657 0.607526 0.751852 0.611169 0.759060 0.612242 0.761468 0.613503 0.763870 0.613932 0.764815 0.611898 0.766509 0.611953 0.765644 0.611737 0.764880 0.610927 0.763532 0.609469 0.761324 0.607781 0.758611 0.607828 0.757532 0.607221 0.756125 0.606568 0.755792 0.604044 0.750986 0.603760 0.749843 0.601706 0.745468 0.601307 0.744463 0.600643 0.742912
8 0.600133 0.750838 0.599922 0.752019 0.598987 0.757750 0.597992 0.763213 0.597180 0.767981 0.596909 0.769106 0.596805 0.768343 0.596065 0.763264 0.596576 0.759731 0.598263 0.751051 0.599445 0.750843
8 0.598896 0.745481 0.599711 0.741944 0.600643 0.742912 0.601307 0.744463 0.601156 0.745431
8 0.593315 0.745537 0.601706 0.745468 0.603760 0.749843 0.604044 0.750986 0.599445 0.750843 0.594281 0.751704
8 0.589039 0.746111 0.591177 0.745898 0.591797 0.749236 0.591904 0.749625 0.590089 0.749625
8 0.579323 0.732546 0.580484 0.733940 0.584284 0.738440 0.585576 0.742569 0.585036 0.742403 0.583857 0.741227 0.581781 0.739194 0.581271 0.738764 0.580677 0.736968 0.579289 0.733097
8 0.593245 0.760167 0.591797 0.749236 0.588391 0.729574 0.586477 0.717736 0.586057 0.714889 0.587383 0.717125 0.589091 0.720963 0.589755 0.723009 0.590313 0.726389 0.592005 0.736931 0.594466 0.752782 0.596805 0.768343 0.597320 0.772366 0.597372 0.776972 0.595865 0.778509 0.595633 0.772782 0.595539 0.772204 0.595164 0.772037 0.594484 0.767301 0.593979 0.763190
8 0.585651 0.750019 0.588372 0.758505 0.589766 0.763718 0.593255 0.774213 0.593299 0.774111 0.593719 0.773199 0.594372 0.772454 0.595164 0.772037 0.594268 0.770000 0.587909 0.749755 0.587232 0.749708
1 0.423359 0.363833 0.424453 0.363333 0.425495 0.362824 0.426719 0.362037 0.427839 0.361667 0.428182 0.355102 0.427365 0.355634 0.426555 0.356278 0.425651 0.357296 0.424232 0.358583 0.422846 0.359708 0.421885 0.360403 0.422305 0.361102 0.422727 0.361958 0.423208 0.363190
1 0.432401 0.345861 0.434094 0.349935 0.435760 0.354426 0.436802 0.357343 0.437714 0.357574 0.438365 0.358361 0.438781 0.358870 0.439380 0.358778 0.439745 0.358269 0.440500 0.355213 0.441359 0.352667 0.441359 0.351046 0.439615 0.346880 0.437948 0.342944 0.437844 0.342343 0.434674 0.338069
8 0.584055 0.746792 0.586953 0.746852 0.587909 0.749755 0.587232 0.749708 0.585240 0.750074
8 0.607781 0.758611 0.605307 0.762097 0.601573 0.766579 0.600453 0.766824 0.599893 0.766162 0.599753 0.764505 0.600219 0.763259 0.606568 0.755792 0.607221 0.756125 0.607828 0.757532
8 0.597320 0.772366 0.602180 0.767375 0.606878 0.762764 0.609469 0.761324 0.610927 0.763532 0.611737 0.764880 0.611953 0.765644 0.611898 0.766509 0.611253 0.767083 0.599966 0.775727 0.597859 0.776782 0.597372 0.776972
8 0.593112 0.780500 0.583081 0.788329 0.582323 0.788907 0.581318 0.788856 0.581297 0.788907 0.581883 0.788273 0.583346 0.786847 0.583661 0.786227 0.585745 0.784495 0.587047 0.783083 0.588057 0.781616 0.588589 0.781009 0.590401 0.779565 0.590958 0.779218 0.592526 0.777412 0.592737 0.779588
8 0.593299 0.774111 0.593719 0.773199 0.594372 0.772454 0.595164 0.772037 0.595539 0.772204 0.595633 0.772782 0.595865 0.778509 0.593112 0.780500 0.592737 0.779588 0.592526 0.777412 0.592917 0.775606
8 0.441464 0.347157 0.441307 0.358407 0.441516 0.359194 0.442792 0.359194 0.443104 0.349380
8 0.580208 0.725278 0.583859 0.737097 0.590078 0.756713 0.594268 0.770000 0.594484 0.767301 0.593979 0.763190 0.592534 0.757532 0.588122 0.743139 0.580966 0.721676 0.580625 0.721204
8 0.575156 0.697176 0.574943 0.697935 0.574177 0.699162 0.569930 0.688958 0.569276 0.687963 0.567792 0.686079 0.567474 0.684787 0.568198 0.684352 0.569208 0.684931 0.570297 0.686079 0.574089 0.694537 0.574661 0.695463 0.575135 0.696111
8 0.568016 0.689292 0.568109 0.688625 0.568576 0.688130 0.569276 0.687963 0.569930 0.688958 0.574177 0.699162 0.574177 0.700157 0.571003 0.697917 0.569510 0.692278 0.568904 0.690037
8 0.568953 0.696333 0.567456 0.690949 0.567409 0.690037 0.568016 0.689292 0.568904 0.690037 0.569510 0.692278 0.571003 0.697917
8 0.570729 0.706759 0.569818 0.700556 0.572013 0.702468 0.572375 0.704046 0.571987 0.704634 0.571299 0.705523
8 0.577500 0.697454 0.575518 0.693069 0.569589 0.680231 0.569466 0.679444 0.569870 0.678653 0.570719 0.678222 0.571807 0.679444 0.574469 0.684319 0.578221 0.693856 0.578745 0.695292 0.578297 0.696194
8 0.578229 0.699352 0.581016 0.704306 0.581432 0.700231 0.580258 0.697810 0.579630 0.697005 0.578672 0.698634
8 0.573737 0.704079 0.576383 0.706153 0.578922 0.708458 0.579461 0.708843 0.579893 0.709032 0.580487 0.709032 0.580703 0.706634 0.579893 0.705005 0.578760 0.703852 0.576174 0.702079 0.574737 0.702968
8 0.565065 0.692398 0.568953 0.696333 0.575003 0.700750 0.573799 0.702301 0.572924 0.703301 0.569818 0.700556 0.567117 0.698639
8 0.561826 0.683056 0.563391 0.687375 0.567872 0.701009 0.570411 0.707440 0.569924 0.708745 0.569182 0.711532 0.569182 0.711532 0.564995 0.702426 0.561122 0.692315 0.559372 0.683764 0.559997 0.684208 0.561060 0.683764
8 0.561336 0.698269 0.558122 0.689315 0.556435 0.685986 0.557685 0.682097 0.558497 0.683986 0.561122 0.692315 0.564995 0.702426 0.569182 0.711532 0.568438 0.714306 0.566107 0.707583 0.565315 0.706505 0.564367 0.702606 0.562659 0.699755
8 0.556112 0.687296 0.559766 0.697463 0.558268 0.696843 0.556315 0.696222 0.554901 0.690829
1 0.444526 0.376000 0.442521 0.369745 0.441917 0.367546 0.441737 0.365083 0.442430 0.362833 0.443424 0.361546 0.444750 0.360958 0.446167 0.360958 0.447409 0.361204 0.449089 0.383440 0.449135 0.385764 0.448023 0.381704 0.448143 0.379769 0.448180 0.378264 0.447901 0.377403 0.447336 0.377333 0.447096 0.378551 0.446740 0.380028 0.445714 0.379116 0.445237 0.378648 0.445133 0.377657 0.444807 0.377218 0.445055 0.376213 0.444888 0.376000
8 0.455286 0.354954 0.457630 0.367176 0.457406 0.354944
8 0.555026 0.696718 0.554076 0.693417 0.554901 0.690829 0.556315 0.696222 0.555339 0.696347
8 0.548620 0.723426 0.552833 0.730028 0.551755 0.723981 0.549542 0.719278 0.549057 0.720843
8 0.552299 0.738579 0.554081 0.738889 0.554622 0.742444 0.553542 0.742444 0.551198 0.742134 0.551612 0.741579 0.552003 0.740884 0.552318 0.739958
8 0.577208 0.739940 0.570122 0.718731 0.569479 0.717454 0.570737 0.710634 0.571589 0.708333 0.572193 0.709245 0.572773 0.711653 0.574708 0.719741 0.576935 0.726278 0.578453 0.728884
8 0.576680 0.744745 0.572664 0.734926 0.572826 0.734352 0.572771 0.732528 0.570396 0.724171 0.569062 0.719954 0.569479 0.717500 0.570122 0.718731 0.577208 0.739940
5 0.569036 0.720000 0.570396 0.724171 0.572771 0.732528 0.572826 0.734352 0.572664 0.734926 0.571854 0.733583 0.571096 0.732620 0.570451 0.732528 0.569964 0.733968 0.570180 0.735694 0.570612 0.737134 0.570773 0.738477 0.570018 0.739245 0.569586 0.740111 0.569099 0.740685 0.568495 0.740856 0.568432 0.739745 0.567682 0.737856 0.566115 0.732847 0.566740 0.731181 0.568237 0.724407
8 0.579289 0.733097 0.580677 0.736968 0.585240 0.750074 0.593255 0.774213 0.592924 0.775620 0.591987 0.773625 0.589844 0.767824 0.582677 0.749185 0.578805 0.737190
8 0.565315 0.706505 0.566107 0.707583 0.568438 0.714306 0.567891 0.716574 0.566391 0.710972
5 0.555312 0.697759 0.555026 0.696718 0.555339 0.696347 0.556315 0.696222 0.558268 0.696843 0.559766 0.697463 0.561336 0.698269 0.562659 0.699755 0.564367 0.702606 0.566391 0.710972 0.567891 0.716667 0.567427 0.718407 0.565615 0.727069 0.565130 0.729537
8 0.570089 0.714023 0.571674 0.719083 0.574615 0.728625 0.576810 0.735764 0.577510 0.737421 0.578229 0.730926 0.577229 0.727546 0.576935 0.726278 0.575990 0.723426 0.574708 0.719741 0.572773 0.711653 0.572193 0.709245 0.571589 0.708333 0.570737 0.710634
8 0.572674 0.705523 0.573159 0.708194 0.575471 0.719889 0.576052 0.722977 0.575990 0.723426 0.574708 0.719741 0.572773 0.711653 0.572193 0.709245 0.571589 0.708333
8 0.582427 0.755574 0.583180 0.756616 0.585187 0.761375 0.590875 0.778625 0.590958 0.779218 0.590401 0.779565 0.583391 0.761704
8 0.578490 0.740231 0.577760 0.746620 0.580654 0.754907 0.583391 0.761704 0.581078 0.748153 0.580203 0.743597 0.579641 0.741713 0.579016 0.740491
8 0.585602 0.777301 0.585781 0.775880 0.586068 0.776481 0.587901 0.780231 0.588151 0.780898 0.588057 0.781616 0.587047 0.783083
8 0.577760 0.746620 0.580654 0.754907 0.590401 0.779565 0.588589 0.781009 0.588151 0.780898 0.587901 0.780231 0.583589 0.771347 0.580758 0.762903 0.577216 0.753463 0.577057 0.753333
8 0.572664 0.734926 0.576680 0.744745 0.575979 0.750606 0.570773 0.738477 0.570612 0.737134 0.570180 0.735694 0.569964 0.733968 0.570451 0.732528 0.571096 0.732620 0.571854 0.733583
6 0.577070 0.753009 0.580758 0.762903 0.585602 0.777301 0.587047 0.783083 0.585745 0.784495 0.583661 0.786227 0.580768 0.777486 0.579932 0.775338 0.580294 0.775231 0.580503 0.774912 0.580565 0.774699 0.580622 0.773787 0.580380 0.773412 0.579870 0.773144 0.578958 0.772963 0.578396 0.771477 0.575714 0.765403
6 0.570773 0.738477 0.575979 0.750606 0.574930 0.761097 0.574367 0.759190 0.572456 0.754958 0.570120 0.750477 0.569609 0.750227 0.569740 0.749537 0.569643 0.749250 0.569552 0.748389 0.569375 0.746889 0.569281 0.745981 0.569070 0.744907 0.568620 0.744264 0.567745 0.741523 0.568495 0.740856 0.569099 0.740685 0.569586 0.740111 0.570018 0.739245
8 0.554076 0.713338 0.560581 0.731069 0.561305 0.732741 0.560266 0.732926 0.559984 0.733213 0.558859 0.730574 0.555130 0.723509 0.553979 0.721773 0.553573 0.719394 0.552979 0.716106 0.552721 0.714565 0.552466 0.713815
8 0.565729 0.746301 0.562242 0.738259 0.559984 0.733213 0.560266 0.732926 0.561305 0.732741 0.562823 0.733514 0.564195 0.734926 0.565120 0.738412 0.565995 0.740523 0.566398 0.742750 0.567021 0.744963 0.566268 0.745449
8 0.553979 0.721773 0.555130 0.723509 0.558859 0.730574 0.562242 0.738259 0.565729 0.746301 0.565544 0.747750 0.565487 0.748981 0.565253 0.749236 0.561461 0.742208 0.557547 0.735324 0.556339 0.733245 0.556016 0.732958
8 0.578958 0.772963 0.579870 0.773144 0.580380 0.773412 0.580622 0.773787 0.580565 0.774699 0.580503 0.774912 0.580294 0.775231 0.579932 0.775338
8 0.574932 0.772704 0.576617 0.772801 0.577281 0.774569 0.576708 0.774569 0.575714 0.774569 0.574930 0.774514 0.574719 0.774514
8 0.572456 0.771968 0.573664 0.772125 0.573513 0.773949 0.572552 0.773935
8 0.559646 0.744218 0.557346 0.741065 0.556674 0.736560 0.556016 0.732958 0.556339 0.733245 0.557547 0.735324 0.561461 0.742208 0.565253 0.749236 0.566664 0.751819 0.566906 0.752537 0.567310 0.753468 0.567714 0.754042 0.568018 0.754528 0.570187 0.757745 0.571185 0.760463 0.571354 0.760810 0.570750 0.760667 0.569581 0.760741 0.568492 0.761097 0.568518 0.757704 0.568237 0.756773 0.567820 0.756588 0.566458 0.756759 0.565372 0.754472 0.563760 0.750889
8 0.574130 0.767773 0.572042 0.762389 0.571185 0.760463 0.568906 0.754468 0.569234 0.754051 0.569331 0.752801 0.569516 0.751310 0.569609 0.750227 0.570120 0.750477 0.572456 0.754958 0.574367 0.759190 0.574930 0.761097
8 0.559297 0.754722 0.559818 0.762130 0.560391 0.768611 0.560503 0.772069 0.562190 0.775176 0.562120 0.771019 0.561284 0.757505 0.560445 0.755954 0.559714 0.754963
8 0.557865 0.766944 0.556487 0.757949 0.555799 0.750065 0.551266 0.720236 0.550599 0.716435 0.551206 0.715287 0.552185 0.714125 0.552466 0.713815 0.552721 0.714565 0.552979 0.716106 0.553573 0.719394 0.556674 0.736560 0.558471 0.749194 0.559193 0.753333 0.559818 0.762130 0.560391 0.768611 0.560503 0.772069 0.560003 0.770736 0.558753 0.768514
8 0.557240 0.765741 0.558753 0.768514 0.560003 0.770736 0.560503 0.772069 0.562190 0.775176 0.563628 0.777287 0.565940 0.779287 0.569000 0.780176 0.570500 0.780176 0.571375 0.780398 0.572250 0.780843 0.572625 0.781287 0.572313 0.784398 0.571563 0.784620 0.570438 0.784843 0.568125 0.784176 0.564190 0.782176 0.562253 0.780731 0.560469 0.779074 0.559844 0.776528 0.558383 0.769898
5 0.567161 0.665125 0.567870 0.664991 0.569120 0.663435 0.570495 0.662991 0.574417 0.662171 0.575229 0.662949 0.576292 0.663060 0.577104 0.663282 0.577229 0.663505 0.578086 0.664880 0.578406 0.665750 0.578497 0.666745 0.578685 0.668157 0.578966 0.669403 0.579432 0.670894 0.581112 0.671727 0.581859 0.671889 0.583167 0.672139 0.584286 0.672389 0.585125 0.672722 0.585547 0.673551 0.585669 0.674963 0.585076 0.674407 0.584380 0.674593 0.584177 0.676431 0.582552 0.676431 0.579117 0.675875 0.577680 0.675986 0.576242 0.676208 0.575305 0.676319 0.574180 0.676319 0.571307 0.676319 0.570245 0.677097 0.569245 0.678319 0.568370 0.679764 0.567807 0.680875 0.567557 0.681431 0.566620 0.681208 0.566120 0.680986 0.564995 0.680542 0.564057 0.680875 0.562810 0.681986 0.561060 0.683764 0.559997 0.684208 0.559372 0.683764 0.558185 0.681875 0.557935 0.681431 0.558672 0.679083 0.560370 0.674051 0.561289 0.673296 0.561784 0.672671 0.564049 0.668898 0.564755 0.667514 0.566737 0.666130
8 0.583151 0.686296 0.584380 0.674593 0.585076 0.674407 0.585669 0.674963 0.585703 0.675708 0.584240 0.687051 0.582427 0.704528 0.579289 0.733097 0.574932 0.772704 0.566320 0.849926 0.555617 0.926653 0.550667 0.961116 0.550214 0.964278 0.547773 0.979833 0.547008 0.979458 0.547042 0.978593 0.549971 0.958264 0.559836 0.887796 0.568203 0.821977 0.578453 0.728884 0.582297 0.691750 0.582797 0.689750
8 0.575234 0.769815 0.576234 0.771907 0.577526 0.775130 0.578130 0.777069 0.578656 0.777644 0.578857 0.779366 0.579060 0.780727 0.579664 0.782019 0.580872 0.785046 0.581883 0.788273 0.583346 0.786847 0.583661 0.786227 0.580768 0.777486 0.578396 0.771477 0.575714 0.765403
8 0.554076 0.693417 0.555312 0.697759 0.565557 0.730972 0.567682 0.737856 0.568432 0.739745 0.568495 0.740856 0.567745 0.741523 0.566932 0.741634 0.565995 0.740523 0.565120 0.738412 0.564195 0.734926 0.562677 0.729273 0.559135 0.717833 0.554365 0.702671 0.552802 0.697315
8 0.544771 0.668292 0.545604 0.667944 0.546036 0.668713 0.547818 0.675912 0.548203 0.677824 0.547010 0.680755 0.545495 0.670991 0.545422 0.669319
11 0.552802 0.697315 0.554365 0.702671 0.559135 0.717833 0.562677 0.729273 0.564195 0.734926 0.562823 0.733514 0.561305 0.732741 0.560581 0.731069 0.554076 0.713338 0.553305 0.712880 0.554240 0.711718 0.554471 0.710889 0.554471 0.709727 0.552885 0.704745 0.551672 0.703667 0.551008 0.703796 0.549831 0.700333 0.550680 0.700588 0.551315 0.699579 0.551810 0.698449
8 0.534609 0.667685 0.535508 0.669560 0.536878 0.673792 0.540510 0.682037 0.543365 0.688593 0.543651 0.689116 0.543393 0.689773 0.543747 0.691657 0.545091 0.693921 0.549831 0.700333 0.551008 0.703796 0.550411 0.703917 0.548312 0.706657 0.542906 0.694954 0.541562 0.692407 0.540349 0.688097 0.537177 0.681125 0.535404 0.676894 0.533490 0.671500 0.532474 0.668519
8 0.532461 0.668514 0.533490 0.671500 0.535404 0.676894 0.537177 0.681125 0.540349 0.688097 0.541562 0.692407 0.543242 0.696551 0.545156 0.701287 0.547070 0.705023 0.547958 0.707255 0.546677 0.709894 0.546302 0.711250 0.545620 0.710157 0.542393 0.701981 0.539125 0.694093 0.535698 0.684843 0.534487 0.682690 0.532995 0.679394 0.531422 0.674731 0.529638 0.670000
8 0.545258 0.715176 0.544289 0.713528 0.542393 0.709870 0.538479 0.701764 0.536422 0.696028 0.531987 0.684769 0.528701 0.674782 0.526763 0.670333 0.527951 0.670333 0.529638 0.670000 0.531422 0.674731 0.532995 0.679394 0.534487 0.682690 0.535698 0.684843 0.539125 0.694093 0.542393 0.701981 0.545620 0.710157 0.546302 0.711250 0.545698 0.713542
5 0.543878 0.718852 0.544391 0.718023 0.544904 0.716361 0.545698 0.713542 0.546677 0.709894 0.548312 0.706657 0.550411 0.703917 0.551672 0.703667 0.552885 0.704745 0.554471 0.709727 0.554471 0.710889 0.554240 0.711718 0.553305 0.712880 0.552185 0.714125 0.551206 0.715287 0.550133 0.717361 0.549057 0.720843 0.548266 0.725241 0.548125 0.726653 0.547799 0.727481 0.545169 0.721676
8 0.533271 0.696741 0.533516 0.696120 0.533880 0.696806 0.536510 0.702870 0.538430 0.707153 0.545169 0.721676 0.552083 0.737042 0.552299 0.738579 0.552318 0.739958 0.552003 0.740884 0.551612 0.741579 0.551198 0.742134 0.551013 0.742458 0.549687 0.740833 0.548268 0.736829 0.543599 0.723750 0.536031 0.704259
8 0.526763 0.670333 0.528701 0.674782 0.536362 0.697912 0.537159 0.699329 0.537159 0.700741 0.536510 0.702870 0.533880 0.696806 0.531997 0.693190 0.527906 0.684676 0.525013 0.674523 0.524513 0.672222 0.525326 0.671778
8 0.529482 0.700495 0.535253 0.714773 0.541495 0.730171 0.544349 0.734444 0.541901 0.727269 0.529875 0.696208 0.528167 0.692606 0.529034 0.697153
8 0.521667 0.674537 0.523370 0.676218 0.527471 0.683509 0.531997 0.693190 0.536031 0.704259 0.543599 0.723750 0.548268 0.736829 0.553430 0.751667 0.558383 0.769898 0.562414 0.788009 0.564401 0.801991 0.562552 0.802731 0.562130 0.801968 0.561635 0.798194 0.559302 0.783481 0.552583 0.758958 0.541901 0.727269 0.529875 0.696208 0.524146 0.683884 0.522661 0.681245
8 0.576193 0.639014 0.574846 0.641731 0.573135 0.645208 0.569344 0.652491 0.567695 0.655968 0.565555 0.658356 0.564331 0.657380 0.565982 0.654880 0.567500 0.652894 0.568419 0.650991 0.569880 0.649167 0.569919 0.648255 0.571276 0.643852 0.572591 0.642435 0.575586 0.637764 0.575807 0.636435 0.576497 0.638250
5 0.573753 0.633306 0.575341 0.635153 0.575807 0.636389 0.575586 0.637764 0.572591 0.642435 0.571276 0.643852 0.571138 0.640199 0.570727 0.639306 0.571674 0.637218
8 0.532458 0.715907 0.535568 0.720532 0.541495 0.730171 0.544349 0.734444 0.542969 0.734444 0.542604 0.735231 0.542474 0.736667 0.540151 0.733514 0.539609 0.732648 0.539177 0.731208 0.536099 0.726602 0.533229 0.722083 0.532302 0.720796 0.529430 0.716343 0.527031 0.713519 0.526385 0.708722 0.529125 0.711847 0.531318 0.715014
8 0.537503 0.736106 0.536531 0.735435 0.535937 0.734472 0.534792 0.731620 0.533872 0.725208 0.533229 0.722083 0.536099 0.726602 0.539177 0.731208 0.539609 0.732648 0.538745 0.733227 0.537667 0.734472
8 0.539826 0.740181 0.537667 0.737449 0.537503 0.736106 0.537667 0.734472 0.538745 0.733227 0.539609 0.732648 0.540151 0.733514 0.542474 0.736667 0.542734 0.737685 0.543359 0.738796 0.544219 0.740694 0.545156 0.742917 0.546172 0.745231 0.547328 0.749861 0.543940 0.745269
8 0.551979 0.757083 0.550151 0.754162 0.547328 0.749861 0.546172 0.745231 0.545156 0.742917 0.544219 0.740694 0.543359 0.738796 0.542734 0.737685 0.542474 0.736667 0.542604 0.735231 0.542969 0.734444 0.544349 0.734444
8 0.535187 0.736667 0.536318 0.737523 0.539826 0.740181 0.543940 0.745269 0.547328 0.749861 0.550151 0.754162 0.551979 0.757083 0.552583 0.758958 0.553339 0.761764 0.552128 0.760259 0.549508 0.756528 0.545716 0.751292 0.541279 0.745125 0.537203 0.740894 0.535411 0.739574
8 0.540492 0.775356 0.539143 0.770796 0.537956 0.764940 0.537253 0.761194 0.536914 0.755301 0.538823 0.758593 0.540008 0.760620 0.540818 0.763884 0.542490 0.772046 0.545083 0.783468 0.545948 0.789421 0.546216 0.792491 0.542815 0.788315 0.542815 0.786014
8 0.537469 0.765370 0.540492 0.775356 0.542815 0.786014 0.542815 0.788315 0.541734 0.787356 0.540385 0.781884 0.538495 0.775259 0.537792 0.772861 0.537661 0.768574
8 0.536914 0.755301 0.537661 0.768574 0.537849 0.778366 0.538034 0.783181 0.538034 0.783593 0.537102 0.783097 0.536680 0.781685 0.535747 0.778116 0.535911 0.776134 0.534802 0.755940 0.534062 0.750787
8 0.534062 0.750787 0.534802 0.755940 0.535911 0.776134 0.535435 0.775759 0.533734 0.763491 0.532148 0.754472 0.532940 0.754472 0.532148 0.747431 0.533589 0.750042
8 0.532148 0.747431 0.532940 0.754472 0.532148 0.754472 0.529982 0.742375 0.530971 0.745014
8 0.535411 0.739574 0.536573 0.741940 0.542065 0.754917 0.544656 0.761769 0.544930 0.763162 0.542362 0.758722 0.538117 0.750546 0.535495 0.745972 0.535500 0.740801
8 0.535495 0.745972 0.538117 0.750546 0.542362 0.758722 0.548445 0.769407 0.554031 0.779093 0.557781 0.785005 0.560185 0.789153 0.561635 0.798194 0.560609 0.796824 0.558841 0.793301 0.552052 0.782111 0.538823 0.758593 0.533589 0.750042 0.530971 0.745014 0.529982 0.742375 0.529531 0.739519 0.530125 0.739606 0.530234 0.738847 0.530234 0.737792 0.531013 0.738880 0.531435 0.740102 0.532122 0.740759 0.533021 0.741509 0.534437 0.744324
8 0.533229 0.722083 0.533872 0.725208 0.534792 0.731620 0.535500 0.740801 0.535495 0.745972 0.534437 0.744324 0.533021 0.741509 0.532492 0.735125 0.531276 0.724699 0.530484 0.719157 0.529430 0.716343 0.532302 0.720796
8 0.533021 0.741509 0.532122 0.740759 0.531435 0.740102 0.531013 0.738880 0.530234 0.737792 0.529909 0.734329 0.527031 0.713519 0.529430 0.716343 0.530484 0.719157 0.531276 0.724699 0.532492 0.735125
8 0.523370 0.682699 0.524193 0.687005 0.526521 0.697963 0.529125 0.711847 0.526385 0.708722 0.524646 0.696125 0.522661 0.681245
8 0.523370 0.682699 0.524193 0.687005 0.526521 0.697963 0.529125 0.711847 0.531318 0.715014 0.532458 0.715907 0.532276 0.713958 0.531635 0.711278 0.530221 0.703972 0.529034 0.697153 0.528167 0.692606 0.524146 0.683884
8 0.521667 0.674537 0.521380 0.672222 0.522141 0.672222 0.523453 0.672222 0.524513 0.672222 0.526346 0.681514 0.523370 0.676218
5 0.564755 0.667514 0.564049 0.668898 0.561784 0.672671 0.561289 0.673296 0.560370 0.674051 0.558672 0.679083 0.554076 0.693417 0.552802 0.697315 0.551810 0.698449 0.551315 0.699579 0.550680 0.700588 0.549831 0.700333 0.545091 0.693921 0.543747 0.691657 0.543393 0.689773 0.550185 0.672921 0.553013 0.666634 0.556198 0.662736 0.558885 0.660597 0.560724 0.659968 0.563766 0.657579 0.564331 0.657380 0.565555 0.658356 0.566878 0.661477 0.567586 0.662736 0.567586 0.663991 0.567161 0.665125 0.566737 0.666130
8 0.576172 0.628704 0.576839 0.629824 0.576365 0.630199 0.576258 0.631329 0.576734 0.632546 0.577474 0.633208 0.582198 0.640866 0.581633 0.643384 0.581065 0.644634 0.579792 0.644764 0.576497 0.638250 0.575341 0.635153 0.573753 0.633306
8 0.592214 0.641940 0.583073 0.636116 0.577474 0.633208 0.576734 0.632546 0.576258 0.631329 0.576365 0.630199 0.576839 0.629824 0.577474 0.629917 0.577685 0.630014 0.584448 0.633866 0.596865 0.641847 0.604208 0.646074 0.603839 0.648986
8 0.552852 0.580639 0.549672 0.569769 0.548570 0.565639 0.548448 0.564338 0.549305 0.564662 0.550221 0.566185 0.551568 0.569444 0.554440 0.579551 0.554068 0.579806
8 0.549141 0.587778 0.550776 0.590352 0.552966 0.585157 0.552630 0.584472 0.550193 0.586583
8 0.548203 0.584815 0.545234 0.580639 0.542721 0.575870 0.542583 0.574657 0.541969 0.574171 0.537622 0.565796 0.533286 0.556921 0.532648 0.552894 0.532237 0.548093 0.533138 0.548236 0.534367 0.549838 0.535594 0.552019 0.537721 0.555657 0.543042 0.565403 0.548687 0.577481 0.551005 0.581963 0.550443 0.582472
8 0.570182 0.627454 0.572151 0.630532 0.574805 0.625662 0.573755 0.624037 0.572164 0.625375
8 0.568802 0.625000 0.563867 0.615556 0.553734 0.595185 0.551557 0.593167 0.553924 0.587611 0.556766 0.592157 0.561172 0.600741 0.568414 0.614546 0.572581 0.621449
8 0.577055 0.621352 0.572164 0.625375 0.567805 0.629889 0.566206 0.629157 0.565990 0.627870 0.566721 0.626676 0.575281 0.619287 0.586284 0.609616 0.589341 0.606787 0.590443 0.608745 0.590198 0.609722 0.589526 0.610810
8 0.547370 0.602491 0.548484 0.605148 0.551896 0.613528 0.552357 0.615023 0.552497 0.615852 0.552544 0.616931 0.549505 0.614213 0.549563 0.612366 0.547789 0.610208 0.545625 0.607315 0.546891 0.604116
8 0.545599 0.607315 0.547789 0.610208 0.549563 0.612366 0.549505 0.614213 0.544729 0.609495
8 0.539951 0.616708 0.540521 0.614764 0.543224 0.608394 0.543945 0.606685 0.545120 0.604208 0.545438 0.603097 0.546438 0.600435 0.548445 0.595991 0.553943 0.582917 0.555255 0.580694 0.555690 0.578472 0.556383 0.576625 0.556383 0.575069 0.556008 0.573847 0.555568 0.572523 0.555820 0.570519 0.556630 0.569185 0.557505 0.568412 0.558133 0.568514 0.558568 0.569417 0.558820 0.571407 0.558755 0.573181 0.557945 0.577407 0.556440 0.581407 0.550659 0.595417 0.549318 0.597662 0.549042 0.598435 0.548487 0.599417 0.546891 0.604116 0.544729 0.609495 0.543008 0.614574 0.541133 0.619458 0.539919 0.623718 0.540154 0.625542 0.539966 0.626292 0.538612 0.626787 0.538146 0.626208 0.537914 0.625375 0.537633 0.624713 0.537539 0.623468 0.537961 0.621644 0.538893 0.619653 0.539779 0.617412
8 0.542370 0.596111 0.543878 0.599769 0.545438 0.603097 0.546438 0.600435 0.545932 0.598546 0.545063 0.596880 0.544562 0.595435 0.544057 0.593880 0.543195 0.594912
8 0.541510 0.597454 0.542628 0.598991 0.543620 0.601319 0.544253 0.602764 0.545120 0.604208 0.543945 0.606685 0.542432 0.604319 0.541815 0.603208 0.540815 0.601431 0.540003 0.599324
8 0.538448 0.601468 0.540195 0.602690 0.542445 0.605241 0.543945 0.606685 0.543224 0.608394 0.537438 0.603579
5 0.532349 0.570227 0.535831 0.573449 0.536831 0.579917 0.537810 0.582819 0.537018 0.583403 0.536583 0.582116
8 0.541820 0.592912 0.540471 0.589792 0.537810 0.582819 0.536831 0.579917 0.535831 0.573449 0.537810 0.574606 0.538044 0.574856 0.538836 0.578093 0.539490 0.581162 0.540237 0.583569 0.541263 0.586306 0.542198 0.588796 0.542992 0.591366
8 0.532349 0.570227 0.536583 0.582116 0.538966 0.589398 0.540495 0.594505 0.539029 0.596681 0.538234 0.594722 0.536031 0.589181 0.535755 0.587690 0.536211 0.587690 0.536211 0.587444 0.536167 0.586556 0.535435 0.586481 0.534523 0.586074 0.533586 0.582986 0.534076 0.582671 0.533771 0.580931 0.531612 0.573463 0.531953 0.571065 0.531260 0.569185
5 0.534076 0.582671 0.532396 0.583796 0.530229 0.578236 0.530742 0.578162 0.531102 0.577394 0.531299 0.575426 0.531612 0.573463 0.533771 0.580931
8 0.523583 0.555634 0.522852 0.553708 0.521760 0.549949 0.521625 0.548796 0.521760 0.548370 0.522510 0.548370 0.523888 0.549579 0.524281 0.551051 0.524776 0.552944 0.525664 0.557074 0.526073 0.559681 0.525378 0.560134 0.524935 0.559648 0.524768 0.556685
8 0.523888 0.549579 0.524281 0.551051 0.524776 0.552944 0.525664 0.557074 0.526073 0.559681 0.526586 0.561500 0.527352 0.564199 0.527826 0.565111 0.528966 0.566866 0.530115 0.568269 0.531260 0.569185 0.532349 0.570227 0.534398 0.572171 0.535831 0.573449 0.539682 0.575750 0.541870 0.576602 0.542414 0.576602 0.542721 0.575870 0.542583 0.574657 0.541969 0.574171 0.536036 0.570111 0.533031 0.567199 0.530643 0.564468 0.529622 0.563134 0.528802 0.561801 0.527336 0.557620 0.526586 0.555556 0.526008 0.553130 0.525391 0.551130 0.525185 0.550528
8 0.522365 0.559338 0.523148 0.557176 0.523583 0.555634 0.524768 0.556685 0.524570 0.557880 0.523781 0.560194 0.523385 0.561736
8 0.530641 0.584444 0.527526 0.577769 0.526310 0.575560 0.526805 0.575421 0.527117 0.575236 0.527169 0.574958 0.527143 0.574310 0.526857 0.573245 0.526336 0.573106 0.525841 0.573245 0.524945 0.571389 0.524219 0.569093 0.521766 0.563255 0.520766 0.556037 0.520911 0.555681 0.521276 0.556255 0.522365 0.559338 0.528133 0.573037 0.532878 0.585019 0.531555 0.584532
8 0.525112 0.575884 0.525398 0.574264 0.525555 0.573708 0.525841 0.573245 0.526336 0.573106 0.526857 0.573245 0.527143 0.574310 0.527169 0.574958 0.527117 0.575236 0.526805 0.575421 0.526310 0.575560 0.526128 0.575931 0.526076 0.576810 0.525872 0.577546
8 0.531682 0.586009 0.532813 0.588301 0.534667 0.593611 0.535917 0.596551 0.536724 0.598699 0.537047 0.599704 0.537823 0.598356 0.538135 0.597769 0.537289 0.595185 0.535432 0.590454 0.534385 0.587588 0.533427 0.585995 0.532057 0.585903
8 0.530273 0.586042 0.531487 0.588769 0.533914 0.594750 0.535919 0.598977 0.536479 0.600718 0.535943 0.601657 0.533357 0.598620 0.532878 0.597815 0.532344 0.597787 0.529154 0.588444 0.528133 0.586079 0.527445 0.582898 0.529865 0.585903
8 0.525229 0.582208 0.524667 0.579912 0.524099 0.577690 0.523534 0.576111 0.522849 0.574750 0.522516 0.571699 0.522323 0.569370 0.522768 0.569944 0.523620 0.572023 0.524987 0.575537 0.525872 0.577546 0.526560 0.578838 0.526964 0.579912 0.527125 0.581278 0.527169 0.582088 0.527445 0.582898 0.528133 0.586079 0.529810 0.592343 0.530383 0.594426 0.530927 0.596407 0.527943 0.593565 0.527464 0.589782 0.525865 0.582958
1 0.535755 0.587690 0.535391 0.587213 0.534432 0.586718 0.533427 0.585995 0.532057 0.585903 0.531281 0.586157 0.529865 0.585903 0.527445 0.582898 0.527169 0.582088 0.527125 0.581278 0.527628 0.581611 0.528266 0.582259 0.529635 0.583713 0.530641 0.584444 0.531555 0.584532 0.532878 0.585019 0.534523 0.586074 0.535435 0.586481 0.536167 0.586556 0.536211 0.587444 0.536211 0.587690
5 0.554109 0.657269 0.554346 0.658111 0.554464 0.661269 0.554424 0.662954 0.553990 0.664074 0.552964 0.664287 0.551503 0.664495 0.550990 0.664917 0.547635 0.665481 0.541242 0.666394 0.539898 0.666250 0.538823 0.665889 0.544008 0.663111
15 0.555878 0.620301 0.549198 0.602505 0.548487 0.599417 0.549042 0.598435 0.549318 0.597662 0.550659 0.595417 0.551292 0.595486 0.552000 0.595838 0.552555 0.596681 0.557052 0.608819 0.565380 0.632606 0.568617 0.641097 0.568695 0.642782 0.568776 0.643903 0.569445 0.645657 0.569802 0.646569 0.569919 0.648255 0.569880 0.649167 0.568419 0.650991 0.567500 0.652894 0.567438 0.649449 0.564937 0.644120 0.563750 0.642787 0.561628 0.641898 0.558440 0.632343 0.559049 0.630444 0.559682 0.629495 0.560159 0.628000 0.560474 0.626301 0.560688 0.624153
5 0.565380 0.632606 0.565612 0.629486 0.566206 0.629157 0.567805 0.629889 0.570865 0.632000 0.571229 0.632324 0.569951 0.634597 0.569219 0.636139 0.569768 0.638412 0.570727 0.639306 0.571138 0.640199 0.571276 0.643852 0.569919 0.648255 0.569802 0.646569 0.569445 0.645657 0.568776 0.643903 0.568695 0.642782 0.568617 0.641097
15 0.544729 0.609495 0.555878 0.620301 0.560688 0.624153 0.560474 0.626301 0.560159 0.628000 0.559682 0.629495 0.559049 0.630444 0.558440 0.632343 0.557190 0.630347 0.555380 0.628458 0.549255 0.621236 0.544758 0.615574 0.543008 0.614574
15 0.537438 0.603579 0.543224 0.608394 0.540521 0.614764 0.538464 0.613565 0.537773 0.611602 0.536047 0.607620 0.535581 0.607620
15 0.533357 0.598620 0.535943 0.601657 0.534628 0.604028
8 0.534628 0.604028 0.537823 0.598356 0.541820 0.592912 0.547133 0.586028 0.550443 0.582472 0.554068 0.579806 0.555690 0.578472 0.555255 0.580694 0.553943 0.582917 0.552630 0.584472 0.550193 0.586583 0.543195 0.594912 0.538448 0.601468 0.535581 0.607620 0.534552 0.610111 0.528953 0.621810 0.524331 0.631185 0.524193 0.631435 0.523539 0.631269 0.523073 0.630523 0.522510 0.629444 0.522651 0.628444 0.523026 0.627782 0.524099 0.626125 0.527039 0.620398 0.528859 0.616829 0.530305 0.614426 0.532500 0.609611 0.533667 0.606875
5 0.538464 0.613565 0.540521 0.614764 0.539779 0.617412
5 0.519828 0.607255 0.522716 0.605634 0.523643 0.604417 0.524594 0.603755 0.524872 0.603338 0.526667 0.602222 0.527844 0.601231 0.529156 0.600565 0.530531 0.599898 0.531656 0.598898 0.532344 0.597787 0.532878 0.597815 0.533357 0.598620 0.534628 0.604028 0.533667 0.606875 0.532500 0.609611 0.530305 0.614426 0.528859 0.616829 0.527039 0.620398 0.524099 0.626125 0.523026 0.627782 0.522651 0.628444 0.522510 0.629444 0.523073 0.630523 0.523539 0.631269 0.524193 0.631435 0.524331 0.631185 0.528953 0.621810 0.534552 0.610111 0.535581 0.607620 0.536047 0.607620 0.537773 0.611602 0.539779 0.617412 0.538893 0.619653 0.537961 0.621644 0.537539 0.623468 0.537633 0.624713 0.537914 0.625375 0.538146 0.626208 0.538612 0.626787 0.539966 0.626292 0.540154 0.625542 0.539919 0.623718 0.541133 0.619458 0.541258 0.621236 0.541883 0.623347 0.544133 0.630792 0.546320 0.636676 0.547320 0.639120 0.549068 0.643787 0.549193 0.645565 0.548130 0.647449 0.547195 0.648560 0.545070 0.649116 0.541258 0.650894 0.535198 0.654782 0.530076 0.658005 0.529701 0.658560 0.528951 0.658560 0.528201 0.657671 0.525701 0.652449 0.525076 0.650671 0.524513 0.650005 0.519448 0.627014 0.518510 0.620681 0.518198 0.618792
5 0.515781 0.608718 0.517656 0.608023 0.516859 0.613764
5 0.512760 0.610093 0.514474 0.609495 0.516273 0.618903 0.514956 0.624569 0.514091 0.617690
5 0.513109 0.649269 0.513682 0.651106 0.514336 0.653843 0.515503 0.660981 0.516576 0.668611 0.517695 0.674338 0.519469 0.673593 0.519117 0.671204 0.514948 0.639630 0.514352 0.643704 0.513974 0.647157 0.513596 0.648981
8 0.514922 0.639537 0.514352 0.643704 0.513974 0.647157 0.513596 0.648981 0.513109 0.649269 0.512185 0.645949 0.512617 0.642106 0.513482 0.636731 0.514089 0.633009
5 0.501471 0.616630 0.501844 0.615963 0.502086 0.615963 0.503458 0.614815 0.504534 0.614125 0.505341 0.613769 0.507214 0.613380 0.507768 0.612810 0.508245 0.612546 0.508971 0.612190 0.509698 0.611977 0.510102 0.611690 0.510805 0.611569 0.511500 0.615662 0.513096 0.625556 0.514089 0.633009 0.513482 0.636731 0.512617 0.642106 0.512185 0.645949 0.511755 0.643259 0.505922 0.627324 0.504573 0.624542
15 0.522409 0.588236 0.532344 0.597787 0.531656 0.598898 0.530531 0.599898 0.529156 0.600565 0.527844 0.601231 0.526667 0.602222 0.526333 0.601250 0.525633 0.600005 0.524982 0.598426 0.524047 0.596519 0.522693 0.594361 0.521760 0.593199
8 0.521760 0.593199 0.522693 0.594361 0.524047 0.596519 0.524982 0.598426 0.525633 0.600005 0.526333 0.601250 0.526667 0.602222 0.524872 0.603338 0.524312 0.601093 0.523474 0.598769 0.522727 0.597028 0.521839 0.595375 0.521578 0.595356
8 0.521279 0.597690 0.522875 0.601977 0.523482 0.602769 0.523724 0.603412 0.523643 0.604417 0.524594 0.603755 0.524872 0.603338 0.524312 0.601093 0.523474 0.598769 0.522727 0.597028 0.521839 0.595375 0.521578 0.595356
8 0.520651 0.601713 0.522875 0.601977 0.523482 0.602769 0.523724 0.603412 0.523643 0.604417 0.522716 0.605634 0.521786 0.605634 0.520094 0.605421
8 0.504612 0.546676 0.503768 0.544213 0.501667 0.538477 0.501034 0.535231 0.500430 0.532662 0.501727 0.533523 0.504380 0.535505 0.503867 0.536583
8 0.506698 0.541940 0.509534 0.548014 0.509443 0.549301 0.509466 0.552903 0.507461 0.547593 0.507367 0.546454
8 0.509466 0.552903 0.509443 0.549301 0.509534 0.548014 0.509534 0.546995 0.509534 0.546194 0.511086 0.549486 0.510602 0.551199 0.510237 0.552324 0.509792 0.553704
8 0.509792 0.553704 0.510237 0.552324 0.510602 0.551199 0.511086 0.549486 0.511930 0.551199 0.511779 0.552005 0.511445 0.553074 0.511086 0.554255 0.510904 0.554792 0.510510 0.555486
8 0.510935 0.556449 0.512258 0.551949 0.513044 0.553611 0.512984 0.554148 0.512563 0.555968 0.512258 0.557361 0.512049 0.558056 0.511865 0.558699
8 0.512471 0.560199 0.512891 0.557630 0.513284 0.556023 0.513763 0.555060 0.514758 0.557148 0.514581 0.557736 0.514219 0.558806 0.513948 0.560093 0.513797 0.561111 0.513617 0.561806 0.513372 0.562343
8 0.518823 0.554620 0.518258 0.553690 0.517531 0.552255 0.517250 0.551468 0.516885 0.550750 0.516562 0.550176 0.515516 0.547449 0.514586 0.545014 0.514039 0.542644 0.515354 0.542144 0.516000 0.543005 0.517008 0.546157 0.517854 0.548884 0.518419 0.550319
8 0.509193 0.541060 0.509284 0.540259 0.509706 0.539991 0.510398 0.540204 0.510760 0.540685 0.511060 0.541653 0.511120 0.542829 0.511211 0.545454
8 0.506456 0.540208 0.508370 0.543856 0.516745 0.561213 0.517349 0.561213 0.517510 0.561782 0.518117 0.562718 0.519448 0.564009 0.519104 0.562611 0.517938 0.559208 0.514203 0.552074 0.508380 0.539255 0.507568 0.538231 0.506844 0.537968 0.506154 0.538241
8 0.499526 0.528491 0.505508 0.533431 0.515120 0.542167 0.515172 0.543319 0.514039 0.542644 0.505594 0.536250 0.505359 0.535421 0.504380 0.535505 0.501727 0.533523 0.500430 0.532662
8 0.502232 0.541426 0.503768 0.544213 0.504612 0.546676 0.504883 0.551120 0.503680 0.548546
8 0.487268 0.533292 0.487737 0.535282 0.484193 0.532727 0.485094 0.532338 0.485568 0.531866
8 0.493919 0.540685 0.491180 0.537843 0.491305 0.537398 0.491466 0.536750 0.491857 0.536546 0.493042 0.537227 0.494297 0.538032 0.495133 0.539028 0.496180 0.540204 0.496992 0.542917 0.498766 0.547366 0.500466 0.557065 0.497177 0.548954 0.494839 0.543505 0.493911 0.541926 0.494195 0.541250
8 0.493911 0.541926 0.494839 0.543505 0.497177 0.548954 0.500466 0.557065 0.502180 0.565236 0.501695 0.565236 0.500203 0.561935 0.498130 0.557819 0.497589 0.555995 0.496888 0.553500 0.494891 0.549662 0.494349 0.548986 0.492826 0.544255 0.493372 0.543769
8 0.488536 0.523843 0.490055 0.526856 0.491990 0.531514 0.493914 0.534500 0.491820 0.533574 0.490055 0.532375 0.489570 0.530440 0.488117 0.527213 0.486117 0.522194 0.487125 0.523125
8 0.486750 0.529625 0.484044 0.522481 0.483979 0.520546 0.484383 0.521116 0.484745 0.521403 0.485552 0.521764 0.486117 0.522194 0.488117 0.527213 0.489570 0.530440 0.490055 0.532375 0.488495 0.531292
8 0.485760 0.529069 0.486750 0.529625 0.488495 0.531292 0.491820 0.533574 0.493914 0.534500 0.496250 0.536486 0.496911 0.537042 0.497435 0.540144 0.497331 0.540514 0.496841 0.540699 0.496180 0.540204 0.495133 0.539028 0.494297 0.538032 0.493042 0.537227 0.491857 0.536546 0.489940 0.535431 0.487604 0.533634 0.485568 0.531866 0.485831 0.530972 0.485859 0.530032
8 0.482784 0.520509 0.484125 0.523843 0.485536 0.527500 0.485859 0.530032 0.485359 0.528250 0.484802 0.527514 0.483737 0.526519 0.482646 0.525630 0.482505 0.523083
8 0.495516 0.529292 0.494023 0.528574 0.492693 0.528000 0.491724 0.526782 0.490393 0.525347 0.488536 0.523843 0.487125 0.523125 0.486117 0.522194 0.485552 0.521764 0.484745 0.521403 0.484383 0.521116 0.483979 0.520546 0.484021 0.518954 0.484625 0.518523 0.485594 0.518162 0.486318 0.518449 0.487409 0.519167 0.488536 0.520171 0.489547 0.521190 0.491401 0.522194 0.492328 0.522769 0.493258 0.523773 0.494143 0.524704 0.494750 0.524917
8 0.514586 0.552755 0.515435 0.550389 0.516000 0.550102 0.516562 0.550176 0.516885 0.550750 0.516966 0.551898 0.516724 0.552898 0.516401 0.553759 0.515839 0.555194
8 0.513339 0.544222 0.513531 0.544208 0.514094 0.544852 0.514378 0.545713 0.514497 0.546505 0.514378 0.547796 0.513612 0.550806 0.512651 0.548667
8 0.485497 0.494931 0.487971 0.500157 0.488951 0.501486 0.489604 0.502810 0.490070 0.504056 0.490443 0.505218 0.491143 0.505384 0.489836 0.498995 0.488622 0.496921 0.487456 0.494931 0.486943 0.493519 0.486477 0.492690 0.486010 0.491944
8 0.513208 0.506500 0.511232 0.491287 0.510500 0.485093 0.510057 0.479569 0.509615 0.478708 0.509081 0.471620 0.509365 0.471880 0.511276 0.472991 0.511276 0.472991 0.511706 0.476060 0.512328 0.482926 0.512828 0.487032 0.513854 0.495556 0.515828 0.511162 0.516391 0.515940 0.519141 0.539375 0.520766 0.556037 0.521766 0.563255 0.522516 0.571699 0.523141 0.577139 0.523203 0.581694 0.521578 0.595356 0.518198 0.618792 0.517396 0.623889 0.515953 0.631903 0.514956 0.624569 0.516273 0.618903 0.516859 0.613764 0.518013 0.605250 0.518339 0.604750 0.518714 0.601764 0.519057 0.598454 0.519919 0.593245 0.520297 0.590653 0.520721 0.587958 0.521216 0.586199 0.521430 0.582819 0.521430 0.578755 0.520870 0.574856 0.520078 0.566144 0.520013 0.564870 0.519852 0.564296 0.517703 0.543375 0.515672 0.527282 0.515497 0.524616 0.515479 0.522889 0.514591 0.515505 0.514505 0.515278 0.514062 0.511574 0.513872 0.511537 0.513841 0.510463 0.513510 0.507194
8 0.510857 0.511856 0.512865 0.518824 0.514034 0.522880 0.514404 0.523139 0.514966 0.523306 0.515479 0.522889 0.514591 0.515505 0.514078 0.514778
8 0.507031 0.507917 0.507159 0.508736 0.507190 0.509912 0.507339 0.511144 0.507490 0.512699 0.507641 0.514356 0.509375 0.516713 0.509359 0.516125 0.509359 0.515056 0.509237 0.513125 0.508937 0.511356 0.508755 0.509593
8 0.506828 0.498181 0.506797 0.498769 0.506768 0.500269 0.506857 0.502412 0.507099 0.505412 0.508727 0.507343 0.508635 0.506162 0.508456 0.504500 0.508273 0.503218 0.507279 0.499963
8 0.500357 0.501088 0.500583 0.502806 0.500766 0.504574 0.500854 0.505481 0.502573 0.507731 0.502422 0.505963 0.502091 0.502856
8 0.512763 0.506921 0.513208 0.506500 0.513510 0.507194 0.513841 0.510463 0.513872 0.511537 0.513331 0.511542 0.512404 0.511042 0.511557 0.510546 0.512440 0.509574 0.512844 0.508282
8 0.509971 0.508801 0.509255 0.506347 0.507279 0.499963 0.505260 0.491574 0.503487 0.484690 0.502841 0.480315 0.505737 0.480676 0.506833 0.482611 0.507318 0.485264 0.507924 0.489134 0.508487 0.491931 0.509659 0.496306 0.510344 0.498315 0.511352 0.501755 0.512198 0.504481 0.512763 0.506921 0.512844 0.508282 0.512440 0.509574 0.511557 0.510546 0.510203 0.509551
8 0.500122 0.498144 0.499477 0.492403 0.498388 0.481648 0.498146 0.479713 0.499018 0.479931 0.500107 0.479991 0.500286 0.480917 0.500924 0.487213 0.501484 0.493287 0.501797 0.497810 0.501938 0.499921
8 0.512828 0.487032 0.513651 0.488731 0.515464 0.492329 0.517625 0.496852 0.518602 0.498648 0.519297 0.499824 0.519612 0.506333 0.519229 0.505653 0.518565 0.504352 0.518078 0.503111 0.516893 0.500324 0.515776 0.498403 0.515289 0.497532 0.514870 0.497097 0.513854 0.495556
8 0.505737 0.480676 0.506833 0.482611 0.508367 0.485764 0.510182 0.489495 0.510867 0.490713 0.511232 0.491287 0.510500 0.485093 0.510258 0.484875 0.508565 0.483227 0.506911 0.481648 0.506253 0.480343
8 0.505135 0.469815 0.507193 0.474190 0.506708 0.474190 0.506831 0.475481 0.506951 0.476444 0.505784 0.476194 0.504320 0.476074 0.504018 0.475056 0.503297 0.473773 0.502242 0.472593 0.501760 0.471736 0.501427 0.470130 0.501128 0.468736 0.501065 0.467880
8 0.499073 0.468134 0.499651 0.469218 0.500224 0.470023 0.500706 0.470880 0.500977 0.471574 0.501549 0.475861 0.504320 0.476074 0.504018 0.475056 0.503297 0.473773 0.502242 0.472593 0.501760 0.471736 0.501427 0.470130 0.501128 0.468736 0.501065 0.467880 0.499193 0.467014
8 0.493404 0.419856 0.501997 0.418852 0.502844 0.418852 0.502948 0.420778 0.500193 0.421361 0.498560 0.421616 0.497497 0.422722 0.494453 0.422356 0.493891 0.421162
8 0.492411 0.417120 0.495836 0.416458 0.499237 0.416074 0.502492 0.415644 0.502844 0.418852 0.501997 0.418852 0.493404 0.419856
6 0.498560 0.421616 0.503682 0.427056 0.504094 0.430889 0.504432 0.435389 0.499560 0.434315 0.497456 0.428940 0.495622 0.424944 0.497497 0.422722
8 0.511276 0.472991 0.514099 0.479806 0.515135 0.483000 0.516062 0.483787 0.516628 0.483787 0.517117 0.483856 0.516391 0.482565 0.515664 0.480704 0.512682 0.473375 0.512120 0.473463
8 0.509609 0.459907 0.511872 0.465213 0.513687 0.469083 0.515141 0.473389 0.515018 0.474319 0.515099 0.475250 0.515865 0.476042 0.516391 0.476759 0.517802 0.480486 0.518206 0.482065 0.518568 0.484000 0.517117 0.483856 0.516391 0.482565 0.515664 0.480704 0.512682 0.473375 0.512961 0.473125 0.513471 0.471880 0.513706 0.470722 0.513333 0.469560 0.510628 0.468315 0.510388 0.465972
15 0.504526 0.444634 0.506073 0.444468 0.506497 0.446356 0.506641 0.448116 0.507130 0.451421 0.506365 0.451421 0.505339 0.449292 0.504023 0.444634
8 0.500904 0.456648 0.503401 0.459231 0.506539 0.462514 0.507120 0.463213 0.508417 0.463884 0.508763 0.467606 0.505701 0.466171 0.504760 0.464481 0.503953 0.463556 0.503797 0.463463 0.503185 0.462662 0.497464 0.456699 0.497294 0.454449
8 0.497906 0.462764 0.497701 0.460060 0.497701 0.460060 0.498331 0.460486 0.502240 0.464699 0.500919 0.464171
8 0.497464 0.456699 0.503185 0.462662 0.503797 0.463463 0.503953 0.463556 0.504740 0.464444 0.504734 0.465778 0.503875 0.465407 0.502240 0.464699 0.498331 0.460486 0.497701 0.460060
8 0.507391 0.453514 0.506641 0.448116 0.506497 0.446356 0.506073 0.444468 0.505706 0.443116 0.505557 0.442435 0.505292 0.441542 0.504732 0.438657 0.504526 0.437560 0.504094 0.430889 0.502042 0.411398 0.502536 0.410139 0.503669 0.410014 0.504023 0.410389 0.504448 0.414287 0.506117 0.435880 0.506943 0.441333 0.507297 0.442694 0.507430 0.443644 0.507669 0.448676 0.507977 0.449889 0.508620 0.453523 0.509398 0.458426 0.510388 0.465972 0.510628 0.468315 0.508763 0.467606 0.508417 0.463884 0.507878 0.458222
15 0.503961 0.456236 0.500904 0.456648 0.497294 0.454449 0.497229 0.453134 0.502797 0.452778 0.504146 0.456074
8 0.489198 0.481097 0.491094 0.479199 0.492078 0.478500 0.494089 0.478852 0.493693 0.479343 0.492786 0.480463 0.491844 0.481796 0.490857 0.482778 0.489789 0.483620 0.489630 0.482889
8 0.499042 0.470324 0.499609 0.472458 0.497370 0.470931 0.497292 0.469954 0.498125 0.469398 0.498719 0.468838
8 0.496536 0.470463 0.499609 0.472458 0.500320 0.473019 0.500716 0.473931 0.500716 0.474843 0.500417 0.475778 0.495891 0.474782 0.495521 0.474028 0.495245 0.473537 0.494771 0.472838 0.494219 0.472417 0.495245 0.471366
8 0.491693 0.466667 0.494990 0.469176 0.492706 0.471125 0.490560 0.469662
8 0.492089 0.471574 0.497258 0.467292 0.498086 0.466523 0.499193 0.467014 0.499073 0.468134 0.498719 0.468838 0.498125 0.469398 0.495245 0.471366 0.494219 0.472417
8 0.489984 0.471176 0.492089 0.471574 0.494219 0.472417 0.494771 0.472838 0.495245 0.473537 0.495521 0.474028 0.495891 0.474782 0.487909 0.473870 0.487396 0.473704 0.487063 0.471806 0.487971 0.471176 0.488484 0.471032 0.489352 0.471102
15 0.492708 0.463889 0.489984 0.471176 0.489352 0.471102 0.488484 0.471032 0.487971 0.471176 0.487063 0.471806 0.486146 0.467130 0.484495 0.460171 0.489531 0.462343
8 0.490872 0.420708 0.491305 0.421657 0.491789 0.423519 0.490497 0.423736 0.489974 0.424236 0.489167 0.424954 0.487755 0.425315 0.484083 0.425745 0.482430 0.425815 0.481221 0.425958 0.478799 0.426245 0.476823 0.426819 0.474565 0.427894 0.472615 0.425292 0.478974 0.423292 0.485104 0.421787
8 0.471068 0.423361 0.479620 0.421356 0.489984 0.418630 0.490833 0.420208 0.490872 0.420708 0.485104 0.421787 0.478974 0.423292 0.472615 0.425292
8 0.516273 0.618903 0.514336 0.608907 0.509151 0.584361 0.503911 0.561019 0.500182 0.542778 0.497990 0.531727 0.496586 0.524009 0.495513 0.519861 0.493883 0.511653 0.491406 0.500528 0.489867 0.493065 0.488656 0.487829 0.489016 0.488060 0.490693 0.489722 0.492169 0.495667 0.495260 0.509218 0.501034 0.535231 0.508758 0.574208 0.513997 0.600708 0.516859 0.613764
8 0.511753 0.546630 0.512026 0.544167 0.512326 0.543259 0.512747 0.542884 0.513049 0.543148 0.513201 0.543523 0.513339 0.544222 0.512651 0.548667
8 0.464482 0.372435 0.465940 0.384704 0.466701 0.383000 0.465341 0.371741 0.464352 0.371694
8 0.462630 0.384213 0.463023 0.391000 0.464794 0.387296 0.464299 0.383731
8 0.460302 0.397162 0.460547 0.388380 0.460938 0.387315 0.462057 0.387083 0.462292 0.388194 0.462005 0.393241
8 0.455966 0.399194 0.457789 0.402806 0.458310 0.402667 0.458258 0.399565 0.457102 0.397843 0.456560 0.398644
8 0.496703 0.347384 0.496922 0.335500 0.498302 0.340991 0.498302 0.343056 0.498396 0.346287 0.497823 0.347213 0.498891 0.349713 0.498594 0.352870
8 0.471747 0.361745 0.477833 0.374384 0.478341 0.371606 0.474315 0.363157
8 0.466875 0.366944 0.463617 0.361847 0.464458 0.359824 0.466953 0.363241
8 0.461122 0.369856 0.463047 0.370630 0.464216 0.382495 0.462424 0.382593
8 0.459844 0.347407 0.459719 0.351375 0.459745 0.354986 0.460784 0.367565 0.461393 0.367444 0.460964 0.350833
8 0.462208 0.354903 0.462479 0.367542 0.461393 0.367444 0.460964 0.350833
8 0.491326 0.310759 0.505844 0.362028 0.501052 0.348278 0.495372 0.330644 0.488341 0.310255 0.489510 0.311116 0.490841 0.311333
8 0.507906 0.364583 0.514492 0.389231 0.518943 0.407509 0.519693 0.406176 0.520755 0.405509 0.518042 0.395898
8 0.507906 0.364583 0.518042 0.395898 0.520755 0.405509 0.521693 0.405843 0.522693 0.407287 0.524698 0.412176 0.526331 0.411579 0.525331 0.408856 0.525250 0.407852 0.520411 0.396329
8 0.526813 0.728602 0.524138 0.706597 0.519117 0.671204 0.513096 0.625556 0.507057 0.588542 0.506633 0.586375 0.505664 0.582861 0.505286 0.582731 0.505073 0.582009 0.504740 0.579657 0.504646 0.578500 0.504320 0.577338 0.504177 0.576042 0.504039 0.572468 0.503172 0.570111 0.500466 0.557065 0.492805 0.514134 0.487576 0.487014 0.488656 0.487829 0.489867 0.493065 0.491406 0.500528 0.493883 0.511653 0.495513 0.519861 0.496586 0.524009 0.497990 0.531727 0.503911 0.561019 0.507417 0.580352 0.510495 0.596944 0.514091 0.617690 0.518576 0.651801 0.524646 0.696125 0.529909 0.734329 0.530234 0.737792 0.530234 0.738847 0.530125 0.739606 0.529531 0.739519 0.528880 0.738745 0.528286 0.736824
8 0.495443 0.450523 0.493333 0.432810 0.493146 0.430819 0.493474 0.430319 0.494266 0.430236 0.495013 0.430403 0.496833 0.447745 0.497906 0.462764 0.496510 0.462176 0.495938 0.454491 0.496154 0.453894 0.496271 0.452560 0.495995 0.451648
8 0.493089 0.308153 0.492359 0.309264 0.495776 0.320819 0.503076 0.345273 0.497063 0.322046 0.494531 0.313690
8 0.486891 0.293213 0.489214 0.298736 0.495776 0.320819 0.503076 0.345273 0.505302 0.352759 0.507906 0.364583 0.514492 0.389231 0.518943 0.407509 0.518255 0.408287 0.516937 0.404713 0.511104 0.381426 0.505844 0.362028 0.491326 0.310759 0.491206 0.309324 0.490432 0.307602
8 0.497823 0.347213 0.498396 0.346287 0.499307 0.345315 0.501052 0.348278 0.505844 0.362028 0.511104 0.381426 0.516937 0.404713 0.516443 0.405824 0.510062 0.382259 0.505271 0.364667 0.504333 0.362491 0.501885 0.356889 0.500974 0.354435 0.498891 0.349713
8 0.479516 0.373417 0.481547 0.376704 0.480297 0.378278 0.479099 0.375824
8 0.483109 0.379157 0.486573 0.385315 0.485323 0.387167 0.481781 0.381009
8 0.478578 0.380500 0.482484 0.375500 0.483057 0.376426 0.479281 0.381889
8 0.489951 0.389708 0.488542 0.394120 0.490034 0.396394 0.490883 0.392778
8 0.469000 0.365958 0.477086 0.378519 0.478258 0.379861 0.479625 0.382625 0.479279 0.383755 0.479591 0.384356 0.485815 0.393616 0.494747 0.406949 0.495190 0.406116 0.495242 0.404588 0.495615 0.405356 0.497076 0.411083 0.482820 0.391690 0.478393 0.386509 0.477042 0.384204 0.476180 0.382667 0.475693 0.381134 0.474073 0.378731 0.468885 0.370917
8 0.479279 0.383755 0.479904 0.381949 0.480242 0.382458 0.480581 0.382690 0.480971 0.382875 0.484695 0.388153 0.484695 0.388569 0.485867 0.390190 0.490034 0.396394 0.494878 0.403662 0.495242 0.404588 0.495190 0.406116 0.494747 0.406949 0.485815 0.393616 0.479591 0.384356
8 0.487560 0.383894 0.484695 0.388153 0.484695 0.388569 0.485867 0.390190 0.488737 0.386639
8 0.480581 0.382690 0.483966 0.377968 0.483289 0.376856 0.479956 0.381486 0.479904 0.381949 0.480242 0.382458
8 0.479924 0.371435 0.478258 0.379861 0.477086 0.378519 0.478727 0.369676 0.479451 0.370708
8 0.466987 0.357847 0.466701 0.383000 0.467323 0.381708 0.468492 0.380444 0.469276 0.359588
1 0.451328 0.389829 0.452266 0.399250 0.452578 0.399537 0.453367 0.398644 0.453969 0.398111 0.454661 0.397519 0.455326 0.396718 0.455896 0.396074 0.456560 0.395644 0.456982 0.395806 0.456747 0.394634 0.457096 0.392778 0.458107 0.391907 0.458107 0.390917 0.457724 0.389986 0.456711 0.388005 0.455979 0.385833 0.454935 0.384222 0.454237 0.382861 0.453609 0.381250 0.453924 0.379329 0.454378 0.378273 0.454794 0.377097 0.455005 0.374806 0.454898 0.374060 0.454307 0.372944 0.454167 0.372634 0.454062 0.371644 0.453750 0.369472 0.453643 0.367736 0.453609 0.365755 0.453609 0.364389 0.455630 0.360671 0.455737 0.359310 0.455422 0.358778 0.454714 0.359907 0.453828 0.360648 0.453227 0.362472 0.452911 0.363463 0.452562 0.365755 0.452354 0.367241 0.452076 0.364764 0.451448 0.363398 0.450820 0.363028 0.450471 0.364204 0.449484 0.362713 0.448948 0.362120 0.450031 0.373593 0.450536 0.379208
8 0.459349 0.361667 0.462005 0.381764 0.461563 0.382912 0.460633 0.382194 0.459586 0.369861
8 0.457406 0.354944 0.458333 0.404356 0.459169 0.404171 0.459331 0.401963 0.460302 0.397162 0.459182 0.355019
8 0.434870 0.298537 0.437266 0.310528 0.437878 0.309088 0.435755 0.298074 0.435625 0.297889 0.435234 0.297889 0.434974 0.298167
8 0.433203 0.312546 0.434766 0.316315 0.435547 0.314370 0.433464 0.309185
8 0.433776 0.321963 0.435625 0.326315 0.436081 0.325708 0.436289 0.325801 0.436003 0.327606 0.436589 0.325852 0.434401 0.320574
8 0.429688 0.312426 0.431250 0.316037 0.431432 0.313722 0.430130 0.311083
8 0.427755 0.315162 0.435258 0.293532 0.435607 0.295329 0.431911 0.305866 0.428146 0.317083
8 0.425125 0.340394 0.427313 0.340532 0.427625 0.342245 0.424370 0.341875
8 0.434674 0.338069 0.444440 0.351218 0.445169 0.351218 0.445482 0.350106 0.444393 0.348287 0.443242 0.346912 0.435221 0.336264
8 0.435573 0.334815 0.441826 0.342282 0.443544 0.346861 0.443242 0.346912 0.435221 0.336264
8 0.437096 0.329644 0.440560 0.336866 0.440951 0.336171 0.440951 0.335338 0.437435 0.328394
8 0.438112 0.326125 0.441784 0.333949 0.441758 0.334968 0.441367 0.335245 0.437747 0.327653
8 0.440508 0.317977 0.431589 0.348704 0.430810 0.345620 0.433438 0.335463 0.433854 0.334120 0.434193 0.333102 0.436003 0.327606 0.439987 0.315245
8 0.432344 0.330556 0.436081 0.325708 0.436289 0.325801 0.436003 0.327606 0.434466 0.331310 0.433581 0.332282 0.432708 0.331065
8 0.432747 0.320894 0.437878 0.309088 0.438607 0.309273 0.438919 0.310384 0.438945 0.311356 0.432539 0.324412
8 0.430315 0.327611 0.431953 0.307222 0.432500 0.306667 0.433490 0.306852 0.433542 0.307454 0.432161 0.330324
8 0.566047 0.588593 0.566003 0.595676 0.566073 0.610028 0.564458 0.607065 0.563937 0.583778
8 0.561698 0.578778 0.562271 0.602806 0.564458 0.607065 0.563937 0.583778
8 0.566594 0.599769 0.573706 0.620593 0.574438 0.620097 0.567187 0.599088
8 0.578378 0.616500 0.572904 0.602866 0.570781 0.596204 0.574516 0.604255 0.579297 0.615727
8 0.566003 0.595676 0.574438 0.620097 0.575281 0.619287 0.576167 0.618528 0.566583 0.589884
8 0.575318 0.605194 0.579297 0.615727 0.581112 0.614241 0.577414 0.606245 0.576716 0.605856
8 0.568401 0.584083 0.575820 0.600597 0.577091 0.600880 0.578258 0.601213 0.574701 0.593380
8 0.571536 0.574028 0.584409 0.604495 0.584362 0.606329 0.582961 0.607648 0.582122 0.607407 0.580161 0.601519 0.581141 0.600523 0.581281 0.599444 0.581003 0.598449 0.575401 0.590394 0.569375 0.574444
15 0.483458 0.454204 0.484904 0.450944 0.487271 0.445051 0.488219 0.443856 0.488654 0.443435 0.489128 0.443366 0.495443 0.450523 0.495995 0.451648 0.496271 0.452560 0.496154 0.453894 0.493667 0.460907 0.487396 0.458083 0.483823 0.456560
6 0.520880 0.508255 0.522354 0.519491 0.522716 0.520778 0.523620 0.521204 0.526182 0.521046 0.526034 0.518000 0.523799 0.518472 0.523440 0.518259 0.522716 0.511778
8 0.568177 0.583750 0.575076 0.600440 0.574701 0.603593 0.574516 0.604255 0.570781 0.596204 0.564247 0.577954
8 0.568167 0.574634 0.572974 0.586824 0.569008 0.581097 0.565880 0.575296 0.567214 0.574833
8 0.565880 0.575296 0.569008 0.581097 0.581003 0.598449 0.581281 0.599444 0.581141 0.600523 0.580161 0.601519 0.564247 0.577954 0.563922 0.576454 0.565279 0.575829
8 0.561208 0.577667 0.566583 0.589884 0.576167 0.618528 0.577560 0.617352 0.570781 0.596204 0.564247 0.577954 0.563922 0.576454
8 0.568651 0.566551 0.571484 0.571435 0.568776 0.571898 0.565937 0.565926 0.566878 0.566120
8 0.561815 0.569588 0.563568 0.573287 0.566102 0.572588 0.562690 0.566287 0.562469 0.566769 0.562047 0.569093
8 0.565305 0.565759 0.568393 0.571981 0.567482 0.572176 0.566102 0.572588 0.562690 0.566287 0.563401 0.564528 0.563609 0.563681
8 0.542828 0.541347 0.548878 0.560148 0.547667 0.558028 0.542867 0.547986 0.541294 0.542468 0.542107 0.542375
8 0.541294 0.542468 0.542867 0.547986 0.547667 0.558028 0.552750 0.567065 0.554122 0.570292 0.554081 0.574231 0.551568 0.569444 0.550221 0.566185 0.549305 0.564662 0.548448 0.564338 0.540286 0.547843 0.538703 0.542523
8 0.538703 0.542523 0.544453 0.561861 0.545328 0.567005 0.545641 0.569796 0.545747 0.571222 0.543042 0.565403 0.541786 0.563106 0.541924 0.562426 0.541820 0.561310 0.538250 0.549778 0.536404 0.542713
8 0.530417 0.542963 0.531935 0.560069 0.532281 0.561125 0.533188 0.561870 0.533503 0.561435 0.533286 0.556921 0.532648 0.552894 0.532237 0.548093 0.531724 0.542903
8 0.582057 0.646759 0.585062 0.652537 0.583776 0.653588 0.582359 0.650194 0.581664 0.649218 0.581464 0.648602
8 0.504729 0.396037 0.504307 0.396625 0.504307 0.396995 0.515945 0.412773 0.514883 0.409259
8 0.498237 0.385162 0.498055 0.382940 0.498341 0.382292 0.499227 0.382060 0.499695 0.382662 0.500424 0.387569 0.499240 0.386245
8 0.495055 0.502829 0.500378 0.515505 0.497253 0.513852 0.494810 0.507602 0.493326 0.500819 0.493326 0.500819
8 0.505729 0.413889 0.498620 0.388333 0.501596 0.392287 0.507440 0.413444 0.506510 0.413657
8 0.499240 0.386245 0.503003 0.390384 0.512674 0.401954 0.514031 0.406509 0.511531 0.404204 0.502341 0.393278 0.498620 0.388333 0.499370 0.387403
8 0.495443 0.384722 0.499456 0.406000 0.499607 0.406157 0.501174 0.405194 0.501203 0.404551 0.497557 0.387144
8 0.496714 0.374810 0.508536 0.395412 0.508979 0.395134 0.509604 0.393931 0.509656 0.393097 0.508276 0.390273 0.498198 0.372681
8 0.495724 0.376292 0.497083 0.383843 0.495339 0.381806 0.494500 0.377958
8 0.493349 0.379569 0.499240 0.386245 0.499370 0.387403 0.498620 0.388333 0.493188 0.382162 0.492688 0.380606
8 0.488896 0.373134 0.492177 0.377625 0.490885 0.379352 0.488229 0.373958
8 0.498464 0.360139 0.498047 0.369676 0.496279 0.372056 0.496747 0.362519
8 0.495000 0.373704 0.500833 0.365926 0.501484 0.367963 0.492688 0.380606 0.491352 0.380333 0.490885 0.379352 0.493594 0.375741
8 0.497008 0.355435 0.496604 0.359815 0.498177 0.357755 0.497414 0.355583
8 0.481690 0.348968 0.482135 0.350787 0.482135 0.352130 0.480336 0.355940 0.479596 0.353884 0.479784 0.352472 0.479784 0.351477 0.479690 0.350148 0.479224 0.347991 0.478523 0.345750 0.478010 0.343843 0.476844 0.341106 0.479917 0.345815
8 0.492109 0.366227 0.487448 0.372292 0.488229 0.373958 0.492474 0.368773
8 0.498177 0.357755 0.496604 0.359815 0.495471 0.361343 0.493542 0.364190 0.493906 0.366551 0.498802 0.359699
8 0.490052 0.353472 0.493594 0.375741 0.495000 0.373704 0.491719 0.352449 0.490745 0.353069
1 0.491719 0.352449 0.490745 0.353069 0.490052 0.353472 0.488617 0.355116 0.488266 0.356667 0.488443 0.358773 0.489349 0.361130 0.489698 0.363296 0.488958 0.364537 0.488094 0.364412 0.487185 0.364287 0.486036 0.364662 0.485341 0.365713 0.485057 0.367079 0.484604 0.366088 0.484849 0.364907 0.485549 0.363296 0.486247 0.362801 0.487154 0.362616 0.487919 0.362676 0.488234 0.362676 0.488333 0.361995 0.488302 0.361190 0.488164 0.360324 0.488060 0.359454 0.487919 0.358648 0.487880 0.357657 0.487849 0.356727 0.487919 0.355611 0.488021 0.354991 0.488477 0.353690 0.488930 0.353134 0.489635 0.352130 0.491172 0.351481
8 0.519547 0.529144 0.525479 0.537620 0.529745 0.543019 0.529036 0.544630 0.528438 0.545741 0.526130 0.543273 0.522010 0.536977 0.518255 0.531991 0.517792 0.527806
8 0.518568 0.413241 0.523750 0.421898 0.522768 0.426269
8 0.508594 0.432630 0.506224 0.427778 0.506146 0.426898 0.507943 0.425509 0.508984 0.426157 0.516328 0.442176 0.513229 0.442546 0.510893 0.437088 0.509508 0.433782 0.509036 0.432944
8 0.522044 0.444556 0.526016 0.448532 0.527143 0.450898 0.526732 0.452519 0.521680 0.446731
8 0.522956 0.438583 0.526471 0.440204 0.526497 0.440963 0.526536 0.442176 0.522617 0.440806
8 0.521357 0.448963 0.526302 0.454907 0.525984 0.456935 0.521070 0.450769
8 0.524409 0.472898 0.527708 0.483657 0.530008 0.484009 0.526154 0.471509 0.524721 0.473495
8 0.523185 0.471000 0.526719 0.483472 0.524281 0.483083
8 0.522742 0.465764 0.526102 0.470671 0.526154 0.471509 0.524721 0.473495 0.523185 0.471000
6 0.520935 0.451722 0.526862 0.461764 0.528805 0.473130 0.529440 0.476634 0.522503 0.463065 0.522190 0.459653 0.521911 0.459407 0.521180 0.459407 0.520760 0.459653 0.519854 0.458042 0.520271 0.455861
8 0.520760 0.459653 0.522573 0.483269 0.524281 0.483083 0.522190 0.459653 0.521911 0.459407 0.521180 0.459407
8 0.491352 0.380333 0.492688 0.380606 0.493188 0.382162 0.501997 0.415708 0.499237 0.416074 0.499398 0.415500 0.498266 0.413102 0.497076 0.411083 0.493544 0.396593 0.491865 0.389792 0.491443 0.388296 0.490883 0.385810 0.491122 0.385898 0.491211 0.383319 0.491211 0.381495
8 0.468703 0.399769 0.469049 0.409773 0.470503 0.404468 0.470464 0.398875 0.469536 0.400926
8 0.469646 0.382861 0.470302 0.395574 0.468729 0.399120 0.468133 0.384588
8 0.501357 0.510468 0.501893 0.516282 0.503896 0.517412 0.503435 0.513273
8 0.468133 0.384588 0.468047 0.413102 0.467961 0.415366 0.466349 0.414935 0.466484 0.409306 0.466380 0.408935 0.466060 0.406644 0.466349 0.389051
8 0.464466 0.468644 0.465820 0.469639 0.474971 0.475199 0.481034 0.479597 0.485659 0.482917 0.488315 0.484491 0.490648 0.485986 0.491443 0.487148 0.493034 0.489222 0.494010 0.490551 0.494664 0.491792 0.495315 0.492954 0.496016 0.494032 0.497654 0.495778 0.504698 0.502579 0.509971 0.508801 0.510203 0.509551 0.511557 0.510546 0.512404 0.511042 0.513331 0.511542 0.514062 0.511574 0.514505 0.515278 0.511792 0.512620 0.509643 0.510546 0.504604 0.505481 0.500357 0.501088 0.495784 0.496356 0.494242 0.493949 0.492328 0.491630 0.489016 0.488060 0.478841 0.481088 0.466193 0.472875 0.464219 0.471648 0.464349 0.470394
8 0.646154 0.640125 0.649607 0.637968 0.649740 0.640046 0.649518 0.640426 0.647172 0.643218
8 0.603464 0.698935 0.604026 0.694333 0.604167 0.693338 0.604581 0.693181 0.604880 0.693662 0.604609 0.695912 0.604247 0.699662
8 0.496130 0.513245 0.507656 0.518977 0.512047 0.525301 0.497156 0.517847
8 0.492266 0.511389 0.489378 0.509347 0.489052 0.507954 0.487875 0.507722 0.486763 0.508769 0.486438 0.511208 0.486633 0.512718 0.487026 0.513995 0.488464 0.514463 0.491797 0.516088 0.493346 0.516838
8 0.630503 0.729884 0.629018 0.728356 0.627664 0.727384 0.627872 0.724606 0.628315 0.724884 0.628914 0.725486 0.629669 0.726319 0.630062 0.727898
8 0.632258 0.729417 0.633706 0.730167 0.633422 0.734537 0.632536 0.730551
8 0.420521 0.349907 0.426964 0.349815 0.427771 0.349958 0.428617 0.350245 0.428451 0.351620 0.428120 0.351296 0.427456 0.351352 0.425995 0.352398 0.420122 0.352505 0.420539 0.351449
1 0.577229 0.663505 0.577104 0.663282 0.576292 0.663060 0.575229 0.662949 0.574417 0.662171 0.572732 0.659838 0.572607 0.657727 0.572482 0.655616 0.571482 0.654505 0.569982 0.653949 0.569570 0.653806 0.568750 0.653694 0.569344 0.652491 0.569750 0.652407 0.570620 0.652407 0.571375 0.652671 0.572250 0.653486 0.572581 0.654074 0.572974 0.654981 0.573331 0.657606 0.573635 0.658838 0.574055 0.659861 0.574685 0.660769 0.575443 0.661403 0.576586 0.661037 0.577461 0.661472 0.578328 0.662583 0.578891 0.663514 0.579135 0.664380 0.579245 0.665750 0.579758 0.667412 0.580365 0.668574 0.581299 0.669731 0.582698 0.669981 0.584005 0.670398 0.585034 0.670977 0.585732 0.672556 0.586154 0.673884 0.586620 0.675458 0.587086 0.676454 0.587227 0.677449 0.586714 0.677699 0.586107 0.676787 0.585703 0.675708 0.585669 0.674963 0.585547 0.673551 0.585125 0.672722 0.584286 0.672389 0.583167 0.672139 0.581859 0.671889 0.581112 0.671727 0.579432 0.670894 0.578966 0.669403 0.578685 0.668157 0.578497 0.666745 0.578406 0.665750 0.578086 0.664880
8 0.635526 0.732454 0.637060 0.734315 0.638456 0.735801 0.635424 0.735116
8 0.407888 0.313949 0.408008 0.312727 0.408089 0.312009 0.408305 0.310458 0.408490 0.310231 0.408438 0.309537 0.408281 0.308657 0.408008 0.307065 0.407924 0.306194 0.407924 0.299972 0.407820 0.298852 0.407750 0.298181 0.407721 0.294111 0.406995 0.286847 0.407081 0.280815 0.407242 0.277444 0.407565 0.275366 0.407846 0.274218 0.408724 0.272778 0.409531 0.272269 0.410807 0.271435 0.411411 0.270731 0.411518 0.270731 0.412458 0.269736 0.413615 0.268625 0.415672 0.266190 0.421763 0.263894 0.425078 0.263546 0.428904 0.262602 0.429104 0.262676 0.429388 0.263894 0.429508 0.264898 0.429508 0.265616 0.427698 0.266023 0.426201 0.266259 0.424896 0.266648 0.424279 0.266921 0.423281 0.267111 0.421198 0.267838 0.419021 0.268986 0.415430 0.270847 0.413979 0.271565 0.412406 0.273074 0.410711 0.274722 0.409742 0.276083 0.409219 0.277088 0.408695 0.277806 0.409057 0.287630 0.409904 0.302833 0.410268 0.311292 0.410026 0.312370 0.409742 0.313301 0.409823 0.314449 0.411557 0.326782 0.412849 0.332880 0.414180 0.339690 0.415875 0.346000 0.418375 0.356185 0.424224 0.379491 0.428339 0.394407 0.436568 0.425171 0.440440 0.439083 0.441086 0.440157 0.441971 0.441449 0.443625 0.442023 0.444716 0.442093 0.445482 0.442310 0.445885 0.442454 0.446167 0.443741 0.445885 0.445176 0.445240 0.445537 0.443786 0.445032 0.441729 0.443310 0.439794 0.441736 0.438706 0.440588 0.433583 0.421227 0.416063 0.356463 0.416063 0.355764 0.415914 0.354639 0.415641 0.353944 0.415107 0.351065 0.413594 0.344694 0.412727 0.341505 0.412414 0.339468 0.412154 0.338866 0.411659 0.338356 0.410398 0.330009 0.408344 0.320880 0.408250 0.319139 0.408065 0.316565 0.407852 0.315269
15 0.480552 0.462454 0.481271 0.459829 0.481508 0.458861 0.482552 0.459306 0.483456 0.464194 0.486047 0.475792
8 0.486047 0.475792 0.483456 0.464194 0.482552 0.459306 0.484495 0.460171 0.486146 0.467130 0.487396 0.473704 0.488284 0.477523 0.489630 0.482889 0.490182 0.485606 0.488315 0.484491 0.487792 0.481708
15 0.476635 0.471370 0.478167 0.468218 0.479096 0.466505 0.479297 0.464991 0.482542 0.472546 0.481469 0.472380 0.476328 0.471944
8 0.543057 0.484704 0.544995 0.483630 0.546328 0.486019 0.543594 0.485833
8 0.551146 0.490833 0.552396 0.494468 0.550997 0.497287 0.547578 0.490833
15 0.485659 0.482917 0.481034 0.479597 0.476242 0.476111 0.479930 0.476028 0.483755 0.476778 0.486682 0.483495
8 0.478599 0.457662 0.480552 0.462454 0.486047 0.475792 0.487792 0.481708 0.488315 0.484491 0.486682 0.483495 0.483755 0.476778 0.483523 0.475532 0.482542 0.472546 0.479297 0.464991 0.476232 0.457519 0.476503 0.456657
8 0.517760 0.569588 0.518182 0.571819 0.519224 0.575912 0.520062 0.579815 0.521005 0.584773 0.521216 0.586199 0.520721 0.587958 0.519708 0.584736 0.517654 0.574509 0.516589 0.571435 0.516867 0.570963
8 0.516589 0.571435 0.517654 0.574509 0.519708 0.584736 0.520721 0.587958 0.520297 0.590653 0.520081 0.589310 0.515005 0.574236
8 0.513979 0.575963 0.515383 0.580190 0.519919 0.593245 0.520297 0.590653 0.520081 0.589310 0.515005 0.574236
8 0.507461 0.547593 0.509466 0.552903 0.514555 0.565264 0.513464 0.567500 0.513302 0.567319 0.512987 0.567134 0.512745 0.567259 0.512510 0.567681 0.510503 0.562782 0.507797 0.555148
8 0.507797 0.555148 0.510503 0.562782 0.512510 0.567681 0.511344 0.568593 0.510461 0.566560 0.509247 0.563491 0.508346 0.561972 0.508068 0.559898 0.507833 0.556412
8 0.547578 0.490833 0.550589 0.497931 0.549831 0.499032 0.546096 0.490815
8 0.546096 0.490815 0.549831 0.499032 0.548672 0.500926 0.544797 0.490815
8 0.553284 0.501190 0.558276 0.511477 0.560331 0.515708 0.560937 0.516903 0.556971 0.512171 0.554635 0.508773 0.552677 0.504787 0.552070 0.504125 0.551464 0.504125
8 0.508346 0.561972 0.509247 0.563491 0.510461 0.566560 0.510508 0.567639 0.510042 0.570542 0.509576 0.572949 0.509122 0.575769 0.508758 0.574208 0.508115 0.570847 0.508581 0.570847 0.509000 0.570019 0.508953 0.569356 0.508859 0.567032 0.508581 0.564292 0.508487 0.563051
8 0.505313 0.556907 0.503867 0.536583 0.504380 0.535505 0.505359 0.535421 0.505594 0.536250 0.506154 0.538241 0.507367 0.546454 0.507833 0.556412 0.508068 0.559898 0.508346 0.561972 0.508487 0.563051 0.508581 0.564292 0.508859 0.567032 0.508953 0.569356 0.509000 0.570019 0.508581 0.570847 0.508115 0.570847
15 0.539674 0.516810 0.538299 0.513032 0.536737 0.508921 0.535674 0.505588 0.534487 0.501815 0.532740 0.496704 0.532542 0.490870 0.544797 0.490815 0.548672 0.500926 0.544732 0.507000 0.541135 0.514435
8 0.425172 0.297583 0.429479 0.306528 0.428880 0.308241 0.425539 0.301644
8 0.435005 0.319222 0.437089 0.324176 0.436589 0.325852 0.434401 0.320574
8 0.428245 0.287574 0.428755 0.290088 0.429714 0.291991 0.431951 0.292074 0.431138 0.288856
15 0.568023 0.554574 0.569943 0.558731 0.570508 0.561602 0.570831 0.563181 0.570466 0.564611 0.569177 0.566551 0.568651 0.566551 0.566878 0.566120 0.565305 0.565759 0.563609 0.563681 0.563820 0.562454 0.564289 0.560213 0.565409 0.557806 0.566576 0.556065 0.567370 0.555069
15 0.551685 0.545625 0.557560 0.556653 0.559940 0.560380 0.560141 0.560810 0.564336 0.552495
15 0.563349 0.541593 0.565888 0.548218 0.565573 0.548926 0.563042 0.547731 0.553411 0.542130
15 0.545336 0.529380 0.542094 0.519630 0.544255 0.514921 0.546091 0.513481 0.547927 0.511949 0.548844 0.510509 0.548844 0.509069 0.549492 0.507917 0.550437 0.506116 0.551604 0.508940 0.561482 0.537194 0.548937 0.537991 0.546422 0.529977
8 0.511729 0.585593 0.511719 0.579630 0.512833 0.577991 0.513083 0.579620 0.513177 0.581778 0.513411 0.584181 0.513596 0.585426 0.514484 0.587083 0.516583 0.592727 0.519057 0.598454 0.518714 0.601764 0.513854 0.590079
8 0.493000 0.323491 0.495940 0.339634 0.496823 0.339259 0.496922 0.335500 0.495372 0.330644
8 0.555807 0.583023 0.558620 0.595801 0.556766 0.592157 0.555885 0.590662 0.554740 0.585523
8 0.556779 0.580523 0.559669 0.597745 0.558620 0.595801 0.555807 0.583023 0.556440 0.581407
8 0.558281 0.578472 0.561172 0.600741 0.559669 0.597745 0.556779 0.580523 0.557945 0.577407
8 0.559159 0.578718 0.562271 0.602806 0.561172 0.600741 0.558281 0.578472
8 0.580690 0.571190 0.579518 0.566375 0.579909 0.565819 0.581081 0.565310 0.581471 0.565727 0.582617 0.571421
8 0.576315 0.567671 0.580690 0.571190 0.579289 0.571097 0.577148 0.569708
8 0.554367 0.513917 0.553003 0.511426 0.551604 0.508940 0.550437 0.506116 0.551464 0.504125 0.552070 0.504125 0.552677 0.504787 0.554635 0.508773 0.556971 0.512171 0.560937 0.516903 0.563643 0.520389 0.564857 0.522630 0.565232 0.525032 0.564857 0.525866 0.563570 0.523736 0.558633 0.517782 0.556292 0.514662
8 0.558633 0.517782 0.563570 0.523736 0.566112 0.527755 0.570914 0.536708 0.567417 0.536815 0.560724 0.522838
15 0.509122 0.575769 0.511984 0.570319 0.516745 0.561213 0.517349 0.561213 0.517510 0.561782 0.518117 0.562718 0.519448 0.564009 0.519852 0.564296 0.520013 0.564870 0.519810 0.565870 0.516867 0.570963 0.512833 0.577991 0.510250 0.581866
8 0.510547 0.583287 0.513854 0.590079 0.518714 0.601764 0.518060 0.601597 0.516005 0.601764 0.513167 0.596523
8 0.510078 0.594537 0.511758 0.596620 0.512878 0.601764 0.511432 0.602181 0.510495 0.596944
8 0.514279 0.601931 0.516005 0.601764 0.518060 0.601597 0.518714 0.601764 0.518339 0.604750 0.518013 0.605250 0.516099 0.605495 0.515073 0.605579
8 0.511432 0.602181 0.512878 0.601764 0.513437 0.604417 0.511945 0.605412
8 0.506523 0.607931 0.507076 0.609319 0.507560 0.610398 0.508245 0.612546 0.508971 0.612190 0.509698 0.611977 0.510102 0.611690 0.510102 0.610685 0.509859 0.609394 0.509617 0.607958 0.509117 0.606731 0.507391 0.607644
8 0.506523 0.607931 0.506766 0.609509 0.507083 0.612083 0.507214 0.613380 0.505341 0.613769 0.504656 0.610829 0.504133 0.609106 0.504870 0.608722
8 0.502086 0.609722 0.503255 0.613454 0.503458 0.614815 0.504534 0.614125 0.505341 0.613769 0.504656 0.610829 0.504133 0.609106 0.502771 0.609639
8 0.502086 0.609722 0.503255 0.613454 0.503458 0.614815 0.502086 0.615963 0.501844 0.615963 0.499786 0.610083 0.500576 0.610051
8 0.507310 0.590060 0.505844 0.592227 0.505260 0.591250 0.506591 0.587880 0.506857 0.587519 0.507057 0.588542
8 0.504401 0.593519 0.505602 0.596255 0.507987 0.604144 0.509536 0.603662 0.508729 0.598907 0.507190 0.595588 0.506255 0.593102 0.505260 0.591250
8 0.504682 0.596778 0.506401 0.600245 0.507987 0.604144 0.505849 0.604907 0.505617 0.602750 0.505104 0.599681
8 0.502266 0.597593 0.503937 0.603167 0.504076 0.605653 0.505849 0.604907 0.505617 0.602750 0.505104 0.599681 0.504682 0.596778 0.504357 0.595699 0.504029 0.594870 0.503688 0.595481 0.502922 0.596843
8 0.499875 0.600843 0.500576 0.603083 0.501648 0.606486 0.504076 0.605653 0.503844 0.605074 0.502909 0.602255 0.501753 0.598278 0.500503 0.599639
8 0.498523 0.604162 0.499362 0.607315 0.500435 0.606898 0.501135 0.606731 0.500435 0.604991 0.499969 0.603412 0.499453 0.601579 0.498846 0.603370
8 0.498195 0.607565 0.500435 0.606898 0.505849 0.604907 0.509536 0.603662 0.509922 0.606157 0.509117 0.606731 0.507391 0.607644 0.504870 0.608722 0.502771 0.609639 0.500576 0.610051 0.499315 0.610134
8 0.517396 0.623889 0.518510 0.630569 0.523633 0.655116 0.524945 0.659338 0.525883 0.659449 0.526008 0.658338 0.525945 0.657338 0.524820 0.651671 0.519448 0.627014 0.518510 0.620681 0.518198 0.618792
15 0.495404 0.599148 0.495888 0.598958 0.496646 0.597995 0.497185 0.596843 0.497940 0.595213 0.499211 0.592801 0.501268 0.589338 0.502724 0.587417 0.504865 0.583620 0.505286 0.582731 0.505664 0.582861 0.506633 0.586375 0.506591 0.587880 0.505260 0.591250 0.503688 0.595481 0.502922 0.596843 0.501753 0.598278 0.500503 0.599639 0.499453 0.601579 0.498846 0.603370 0.498323 0.604731 0.498042 0.605162 0.497396 0.605093
8 0.501484 0.578519 0.502500 0.576671 0.503172 0.576204 0.503904 0.576690 0.504320 0.577338 0.504646 0.578500 0.504740 0.579657 0.503945 0.580819 0.502872 0.581981 0.502078 0.582481
8 0.495919 0.574269 0.494453 0.570125 0.492680 0.564731 0.491979 0.562907 0.491607 0.561250 0.491560 0.560171 0.492026 0.559838 0.492958 0.561417 0.494081 0.564898 0.496273 0.570708 0.498794 0.577264 0.499755 0.579546 0.499979 0.581236 0.499979 0.581236 0.499419 0.581569 0.498997 0.580324 0.498112 0.577833 0.497271 0.576009 0.496479 0.574681
8 0.497839 0.582407 0.496898 0.580157 0.496198 0.578250 0.495523 0.576361 0.494961 0.575472 0.494984 0.574764 0.495125 0.574352 0.495919 0.574269 0.496479 0.574681 0.497271 0.576009 0.498112 0.577833 0.498997 0.580324 0.499419 0.581569 0.498859 0.581736
8 0.497086 0.583060 0.498859 0.581736 0.499979 0.581236 0.500586 0.584968 0.499839 0.585634 0.499419 0.586380 0.498719 0.587046 0.498018 0.587375
8 0.501268 0.589338 0.499755 0.579546 0.498406 0.572921 0.498081 0.570042 0.499083 0.571829 0.499612 0.572394 0.500563 0.571829 0.501375 0.577815 0.502563 0.585787 0.502724 0.587417
8 0.493273 0.577139 0.490464 0.569477 0.487839 0.560037 0.485276 0.553259 0.482917 0.547310 0.482672 0.546005 0.482531 0.545014 0.483216 0.544597 0.484341 0.546750 0.486026 0.549593 0.487089 0.552148 0.491648 0.566366 0.493898 0.573477 0.494523 0.575472 0.493898 0.575472 0.493273 0.575806
8 0.494323 0.581773 0.493273 0.577139 0.493273 0.575806 0.493898 0.575472 0.494961 0.575472 0.495523 0.576361 0.498648 0.590023 0.499211 0.592801 0.497940 0.595213 0.497346 0.591852 0.495456 0.584269
8 0.484518 0.562616 0.485953 0.565454 0.489786 0.572750 0.492810 0.578986 0.494323 0.581773 0.495456 0.584269 0.497346 0.591852 0.497940 0.595213 0.497185 0.596843 0.497130 0.595884 0.487141 0.571116 0.484589 0.566148
8 0.484589 0.566148 0.487141 0.571116 0.497130 0.595884 0.497185 0.596843 0.496646 0.597995 0.495888 0.598958 0.495404 0.599148 0.491732 0.589162 0.482820 0.564588 0.481578 0.561037 0.482393 0.560880 0.482531 0.561440 0.483299 0.563111
8 0.473815 0.538394 0.476893 0.540250 0.477698 0.540750 0.478547 0.540968 0.480198 0.542162 0.481940 0.543653 0.482531 0.545014 0.482672 0.546005 0.482917 0.547310 0.483438 0.549847 0.484172 0.555736 0.484518 0.562616 0.484589 0.566148 0.483299 0.563111 0.482531 0.561440 0.482393 0.560880 0.482044 0.554065 0.481172 0.547556 0.480685 0.546565 0.480091 0.545634 0.476396 0.543653 0.475073 0.542847 0.473885 0.539870 0.473432 0.538384
8 0.485469 0.538241 0.485956 0.539505 0.486549 0.541616 0.486870 0.543810 0.487875 0.545435 0.489245 0.548111 0.491755 0.551523 0.494633 0.555583 0.493229 0.551574 0.491068 0.545185 0.490026 0.542269
8 0.485469 0.538241 0.485956 0.539505 0.486549 0.541616 0.486870 0.543810 0.487875 0.545435 0.489245 0.548111 0.491755 0.551523 0.494633 0.555583 0.497281 0.559722 0.500385 0.564917 0.503172 0.570111 0.504039 0.572468 0.504177 0.576042 0.503904 0.576690 0.503172 0.576204 0.500563 0.571829 0.501039 0.570986 0.500880 0.570329 0.494380 0.559148 0.483919 0.539611 0.483159 0.537269 0.483187 0.536301 0.484240 0.537111
8 0.484193 0.532727 0.491180 0.537843 0.493919 0.540685 0.494195 0.541250 0.493372 0.543769 0.492826 0.544255 0.492138 0.544176 0.484240 0.537111 0.483187 0.536301 0.483206 0.535444 0.483096 0.534028
8 0.479125 0.527532 0.480859 0.529319 0.481010 0.532625 0.481151 0.534782 0.479841 0.532269 0.479904 0.531491 0.479341 0.528491
8 0.464224 0.512435 0.465953 0.515190 0.471448 0.523361 0.475411 0.530028 0.484341 0.546750 0.494961 0.564880 0.499083 0.571829 0.499612 0.572394 0.500563 0.571829 0.501039 0.570986 0.500880 0.570329 0.494380 0.559148 0.483919 0.539611 0.483159 0.537269 0.482784 0.537023 0.481151 0.534782 0.479841 0.532269 0.476841 0.527046 0.474250 0.521574 0.472237 0.518338 0.464083 0.508620 0.464505 0.510861
8 0.480581 0.520292 0.480638 0.525157 0.481010 0.532625 0.481151 0.534782 0.482784 0.537023 0.483159 0.537269 0.483206 0.535444 0.482971 0.531875 0.482505 0.523083 0.482784 0.520509 0.482924 0.517440 0.482971 0.516278 0.482971 0.515366 0.482784 0.515032 0.481617 0.514620 0.481276 0.516204 0.480721 0.519486
8 0.482432 0.490907 0.483411 0.489120 0.484453 0.487361 0.484948 0.486806 0.483646 0.493287 0.482891 0.494861 0.479427 0.501019 0.479036 0.501713 0.478542 0.502083 0.477951 0.501940 0.477297 0.501690 0.476734 0.501190 0.476784 0.499704 0.477297 0.498704 0.478182 0.497292 0.481542 0.492148
8 0.479948 0.520699 0.479625 0.520792 0.478760 0.520315 0.478435 0.519065 0.480867 0.507162 0.485208 0.485463 0.487029 0.486704 0.486440 0.489736 0.483474 0.505787 0.481276 0.516204 0.480721 0.519486 0.480581 0.520292
8 0.466484 0.479819 0.466346 0.479074 0.465719 0.477838 0.465299 0.477093 0.464568 0.475542 0.465690 0.475509 0.466659 0.475481 0.466867 0.475792 0.467357 0.477153 0.467813 0.478426
8 0.467594 0.482847 0.468135 0.483222 0.468557 0.484292 0.468951 0.485792 0.469341 0.486861 0.469552 0.488042 0.469596 0.489060 0.469885 0.488968 0.470042 0.488968 0.470469 0.489259 0.471180 0.487505 0.470849 0.486486 0.470547 0.485472 0.470005 0.484292 0.469344 0.483088 0.468971 0.482593 0.468789 0.481287 0.468182 0.482204
8 0.465018 0.495736 0.464669 0.494495 0.464424 0.492759 0.464076 0.489537 0.463557 0.486741 0.464070 0.486079 0.466516 0.493875 0.465924 0.494435
8 0.467802 0.491931 0.467982 0.491699 0.468453 0.491144 0.468844 0.490449 0.469284 0.489523 0.469596 0.489060 0.469885 0.488968 0.470042 0.488968 0.470469 0.489259 0.468594 0.494352
15 0.468594 0.494352 0.473841 0.480282 0.474495 0.478208 0.478841 0.481088 0.484766 0.485176 0.484021 0.487176 0.482432 0.490907 0.481542 0.492148 0.478182 0.497292 0.477297 0.498704 0.476784 0.499704 0.476734 0.501190 0.477297 0.501690 0.477951 0.501940 0.477760 0.502773 0.477388 0.504347 0.474682 0.513306 0.471969 0.504495
8 0.473841 0.480282 0.471818 0.481764 0.470745 0.482843 0.469904 0.483255 0.469344 0.483088 0.468971 0.482593 0.468789 0.481287 0.469628 0.480130 0.470841 0.479463 0.472336 0.478301 0.472896 0.477556 0.472896 0.477139 0.474495 0.478208
8 0.464531 0.482130 0.465943 0.480458 0.467247 0.478968 0.469021 0.477306 0.470888 0.475898 0.472896 0.477139 0.472896 0.477556 0.472336 0.478301 0.470841 0.479463 0.469628 0.480130 0.468789 0.481287 0.468182 0.482204 0.467294 0.483282 0.466081 0.484028 0.465336 0.484606
15 0.463805 0.507301 0.464294 0.505875 0.464958 0.503954 0.466000 0.501102 0.466836 0.498870 0.467604 0.497134 0.473531 0.515171 0.472237 0.518338 0.464083 0.508620
8 0.462776 0.499079 0.463831 0.497162 0.465018 0.495736 0.465924 0.494435 0.466516 0.493875 0.467159 0.495722 0.466690 0.496292 0.465784 0.497843 0.464773 0.499824 0.464216 0.500569 0.463656 0.501375 0.463099 0.501870
8 0.454052 0.483056 0.455510 0.481620 0.456370 0.480926 0.457021 0.480370 0.457802 0.480093 0.458029 0.482083 0.457073 0.482500 0.456005 0.483472 0.455484 0.484259 0.455146 0.484722 0.454781 0.485093
8 0.455398 0.487037 0.455971 0.486296 0.456570 0.484815 0.457013 0.483889 0.457456 0.483056 0.457690 0.482593 0.458029 0.482083 0.458250 0.483829 0.457177 0.487477 0.456523 0.490468
8 0.458250 0.483829 0.457557 0.478569 0.459141 0.477986 0.459401 0.479537
8 0.460417 0.482870 0.460615 0.483940 0.460797 0.484898 0.461036 0.486181 0.459823 0.487403 0.459622 0.485542 0.460070 0.484245
8 0.459977 0.491194 0.460258 0.494681 0.461003 0.499574 0.461750 0.505134 0.464224 0.512435 0.464505 0.510861 0.464083 0.508620 0.463570 0.505718 0.462776 0.499079 0.461750 0.491032 0.461667 0.489352
8 0.458576 0.488806 0.459823 0.487403 0.462297 0.484917 0.463229 0.483671 0.464070 0.486079 0.463557 0.486741 0.462716 0.488069 0.461036 0.490060 0.459263 0.491968 0.458469 0.493130 0.457815 0.493625 0.457456 0.492375 0.457969 0.490713
8 0.456523 0.490468 0.457177 0.487477 0.458250 0.483829 0.459604 0.478852 0.460266 0.477431 0.460766 0.476319 0.461909 0.479505 0.461609 0.479847 0.460677 0.481505 0.460070 0.484245 0.459229 0.486731 0.458576 0.488806 0.457969 0.490713 0.457456 0.492375
8 0.487909 0.473870 0.495891 0.474782 0.500417 0.475778 0.505784 0.476194 0.506951 0.476444 0.507138 0.476856 0.507044 0.477935 0.506625 0.479514 0.506253 0.480343 0.505737 0.480676 0.499018 0.479931 0.490711 0.478269 0.488284 0.477523 0.487396 0.473704
8 0.476328 0.471944 0.481469 0.472380 0.482542 0.472546 0.483523 0.475532 0.483755 0.476778 0.479930 0.476028 0.476242 0.476111 0.474971 0.475199
6 0.476635 0.471370 0.474971 0.475199 0.469776 0.471963 0.472453 0.471370
6 0.460346 0.470287 0.462227 0.470139 0.462250 0.472551 0.462810 0.473218 0.463789 0.473051 0.464164 0.472222 0.464219 0.471648 0.466193 0.472875 0.467708 0.473787 0.469685 0.475009 0.469685 0.475583 0.465690 0.475509 0.463956 0.475509 0.462424 0.475796
8 0.458953 0.472097 0.460766 0.476319 0.461909 0.479505 0.467159 0.495722 0.475591 0.521602 0.476841 0.527046 0.479841 0.532269 0.479904 0.531491 0.479341 0.528491 0.476904 0.520491 0.471969 0.504495 0.464065 0.480690 0.462424 0.475796 0.460346 0.470287 0.459951 0.470361 0.459411 0.470509
6 0.452581 0.474764 0.458953 0.472097 0.460766 0.476319 0.460266 0.477431 0.459141 0.477986 0.456643 0.478870 0.454456 0.480759 0.453831 0.481870 0.452823 0.479606 0.452961 0.478361 0.452729 0.476120
5 0.476635 0.471370 0.472453 0.471370 0.469776 0.471963 0.465820 0.469639 0.464466 0.468644 0.464724 0.465250 0.464865 0.461185 0.464872 0.460782 0.474018 0.458958 0.475964 0.458287 0.476232 0.457519 0.479297 0.464991 0.479096 0.466505 0.478167 0.468218
8 0.451445 0.463833 0.450956 0.465417 0.450768 0.467074 0.450674 0.469069 0.450674 0.473963 0.452823 0.479606 0.452961 0.478361 0.452729 0.476120 0.452542 0.473301 0.452682 0.469069 0.452823 0.466329 0.452917 0.464671
8 0.478539 0.426338 0.481805 0.431144 0.489187 0.441468 0.489307 0.442329 0.489128 0.443366 0.488654 0.443435 0.488219 0.443856 0.487271 0.445051 0.484063 0.442190 0.483792 0.441324 0.480013 0.435370 0.474565 0.427894 0.476823 0.426819
8 0.489984 0.418630 0.487086 0.411565 0.481417 0.396875 0.480930 0.395051 0.482120 0.396491 0.485628 0.401389 0.486979 0.403310 0.487518 0.404843 0.490490 0.411755 0.493891 0.421162 0.497456 0.428940 0.499560 0.434315 0.501961 0.440653 0.504023 0.444634 0.505339 0.449292 0.507391 0.453514 0.507878 0.458222 0.508417 0.463884 0.507120 0.463213 0.506258 0.461005 0.502797 0.452778 0.500740 0.445750 0.499810 0.443949 0.495013 0.430403 0.494266 0.430236 0.491789 0.423519 0.491305 0.421657 0.490872 0.420708 0.490833 0.420208
8 0.466549 0.426875 0.469497 0.426144 0.470734 0.428352 0.470221 0.428560 0.469630 0.428634 0.468336 0.429157 0.466805 0.428440 0.466195 0.426875
8 0.466224 0.424727 0.468289 0.424097 0.469497 0.426144 0.466549 0.426875 0.466195 0.426875 0.466055 0.426602
8 0.453289 0.431199 0.456044 0.428417 0.460195 0.426671 0.462484 0.426088 0.463948 0.425880 0.464427 0.427222 0.462604 0.427778 0.460286 0.428657 0.456198 0.430185
15 0.507430 0.443644 0.509135 0.443097 0.516674 0.442130 0.517188 0.442370 0.517323 0.443343 0.517461 0.447468 0.517391 0.449282 0.516846 0.449954 0.509648 0.450801 0.509273 0.449162 0.507977 0.449889 0.507669 0.448676
15 0.506117 0.435880 0.508594 0.432630 0.509036 0.432944 0.509508 0.433782 0.510893 0.437088 0.510716 0.438241 0.510010 0.439602 0.507297 0.442694 0.506943 0.441333
15 0.501961 0.440653 0.504526 0.437560 0.504732 0.438657 0.505292 0.441542 0.505557 0.442435 0.505706 0.443116 0.505586 0.443588 0.504526 0.444634 0.504023 0.444634
15 0.497852 0.445884 0.498214 0.445130 0.498664 0.444435 0.499268 0.444060 0.499810 0.443949 0.500740 0.445750
15 0.496667 0.445968 0.500740 0.445750 0.502797 0.452778 0.497229 0.453134 0.496833 0.447745
15 0.492198 0.446856 0.494948 0.446296 0.495443 0.450523
8 0.480078 0.438861 0.487271 0.445051 0.486141 0.447759 0.484125 0.446181 0.481141 0.443958
8 0.466805 0.428440 0.468336 0.429157 0.478617 0.437806 0.478479 0.438616 0.478904 0.441278 0.479107 0.441991 0.477250 0.440773 0.472169 0.436972 0.469617 0.435000
15 0.482180 0.448931 0.485911 0.448565 0.484904 0.450944 0.483458 0.454204 0.482956 0.452907
8 0.480346 0.449912 0.479758 0.445843 0.478479 0.438616 0.478617 0.437806 0.479349 0.437806 0.480078 0.438861 0.482180 0.448931 0.482956 0.452907 0.483458 0.454204 0.483823 0.456560 0.482234 0.455991 0.482174 0.455574 0.482086 0.454051 0.481555 0.452532
15 0.475688 0.450593 0.480346 0.449912 0.481555 0.452532 0.482086 0.454051 0.482174 0.455574 0.482234 0.455991 0.478219 0.454366 0.476367 0.453426 0.475776 0.451037
15 0.465487 0.452431 0.466674 0.452144 0.472964 0.455120 0.476503 0.456657 0.476232 0.457519 0.475964 0.458287 0.474018 0.458958 0.464872 0.460782 0.465049 0.458694 0.465471 0.454218
15 0.451445 0.463833 0.449125 0.464171 0.447018 0.464366 0.445237 0.459685 0.446219 0.460014 0.447898 0.461009
15 0.447432 0.454208 0.452029 0.453963 0.453615 0.454056 0.455349 0.453981 0.457956 0.453634 0.459727 0.453056 0.461052 0.452949 0.463182 0.452556 0.463089 0.454880 0.462716 0.460523 0.459216 0.461685 0.455417 0.463167 0.451445 0.459769 0.445052 0.454954
8 0.459755 0.449361 0.459727 0.451130 0.459727 0.453056 0.461052 0.452949 0.461083 0.451718 0.461203 0.449648
8 0.453234 0.450106 0.453534 0.453481 0.453615 0.454056 0.452029 0.453963 0.451878 0.452569 0.451823 0.451639 0.452802 0.450481
8 0.451607 0.446782 0.451424 0.443731 0.451424 0.442981 0.451667 0.442551 0.452354 0.442370 0.452693 0.443157 0.453109 0.443898 0.453161 0.446093 0.452115 0.446588
8 0.456961 0.449032 0.456799 0.449750 0.456276 0.450755 0.455792 0.452120 0.455591 0.453051 0.455349 0.453981 0.453615 0.454056 0.453534 0.453481 0.454057 0.451546 0.454945 0.449250 0.456490 0.448986
8 0.462320 0.467153 0.462203 0.465583 0.462297 0.464005 0.462622 0.462347 0.462716 0.460523 0.463089 0.454880 0.463276 0.451560 0.463276 0.450398 0.464844 0.451144 0.465516 0.451560 0.465471 0.454218 0.465049 0.458694 0.464865 0.461185 0.464724 0.465250 0.464349 0.470394 0.464164 0.472222 0.463789 0.473051 0.462810 0.473218 0.462250 0.472551 0.462227 0.470139
8 0.445052 0.454954 0.451445 0.459769 0.455417 0.463167 0.458026 0.464829 0.462320 0.467153 0.462227 0.470139 0.461339 0.469722 0.458398 0.467815 0.451445 0.463833 0.447898 0.461009 0.446219 0.460014 0.445237 0.459685 0.444542 0.459352 0.444070 0.458606 0.443839 0.457111 0.443982 0.455208
8 0.442945 0.451792 0.444201 0.451361 0.445385 0.450926 0.447305 0.449250 0.448523 0.448444 0.449779 0.447579 0.451068 0.447023 0.452115 0.446588 0.453161 0.446093 0.454177 0.445843 0.454828 0.445704 0.455487 0.445565 0.456523 0.445181 0.458086 0.445227 0.459599 0.445380 0.460148 0.445361 0.460992 0.445630 0.463013 0.446495 0.463797 0.446898 0.465680 0.447519 0.469594 0.449417 0.473784 0.452042 0.478219 0.454366 0.487396 0.458083 0.500919 0.464171 0.510628 0.468315 0.513333 0.469560 0.513706 0.470722 0.513471 0.471880 0.512961 0.473125 0.512682 0.473375 0.512120 0.473463 0.509365 0.471880 0.495643 0.465329 0.489531 0.462343 0.472964 0.455120 0.464844 0.451144 0.461203 0.449648 0.458867 0.449148 0.456490 0.448986 0.454247 0.449481 0.452802 0.450481 0.451823 0.451639 0.450654 0.452634 0.447432 0.454208 0.443982 0.455208
8 0.468854 0.445616 0.469193 0.443949 0.469323 0.443208 0.469505 0.442468 0.469609 0.442190 0.469766 0.441449 0.470755 0.443903 0.470703 0.444875 0.470625 0.445940 0.470521 0.447005
8 0.465768 0.443042 0.466883 0.443949 0.471102 0.447486 0.472396 0.448931 0.473831 0.451509 0.473784 0.452042 0.469594 0.449417 0.465680 0.447519 0.465750 0.445968
8 0.461414 0.441449 0.462286 0.441898 0.463130 0.442222 0.463914 0.442380 0.463826 0.445597 0.462589 0.445222 0.461052 0.444847 0.461052 0.444287 0.461203 0.442843
8 0.460148 0.445361 0.460326 0.439718 0.460664 0.438236 0.460768 0.437542 0.461867 0.437056 0.461776 0.437968 0.461716 0.439199 0.461565 0.440218 0.461414 0.441449 0.461203 0.442843 0.461052 0.444287 0.460992 0.445630
8 0.456523 0.445181 0.458086 0.445227 0.458919 0.442958 0.460326 0.439718 0.460664 0.438236 0.460768 0.437542 0.459414 0.438005 0.458945 0.439023 0.458451 0.440088 0.457070 0.443653
8 0.454177 0.445241 0.453682 0.444778 0.453109 0.443898 0.452693 0.443157 0.452354 0.442370 0.451807 0.441028 0.452432 0.440796 0.452562 0.440981 0.453109 0.442000 0.453370 0.442787 0.453604 0.443343 0.453813 0.443620 0.454073 0.443806 0.454281 0.443806 0.454203 0.444361
8 0.454177 0.445843 0.454203 0.444361 0.454542 0.441491 0.454750 0.439870 0.455557 0.439546 0.455531 0.439917 0.455245 0.441306 0.455063 0.442648 0.454906 0.444546 0.454854 0.445148 0.454828 0.445380 0.454828 0.445565 0.454828 0.445704
8 0.464583 0.428745 0.464240 0.433847 0.464042 0.436421 0.463797 0.446898 0.465680 0.447519 0.465750 0.445968 0.465854 0.439769 0.465854 0.434315 0.465854 0.431278 0.464724 0.428079
8 0.449185 0.442037 0.448875 0.443009 0.444969 0.446759 0.443326 0.448287 0.442154 0.449074 0.441193 0.446620 0.441424 0.446111 0.442154 0.445602 0.443786 0.445032 0.445240 0.445537 0.445885 0.445176 0.446167 0.443741 0.446047 0.443167 0.447740 0.442597
8 0.440440 0.439083 0.444234 0.438204 0.454549 0.433806 0.464023 0.429657 0.464583 0.428745 0.464240 0.433847 0.464089 0.436250 0.447740 0.442597 0.446047 0.443167 0.445885 0.442454 0.445482 0.442310 0.444716 0.442093 0.443625 0.442023 0.441971 0.441449 0.441086 0.440157
8 0.465602 0.419491 0.466055 0.419861 0.466536 0.421009 0.466456 0.422014 0.466055 0.426602 0.464036 0.421796 0.464953 0.420546
8 0.462706 0.423000 0.463948 0.425880 0.462484 0.426088 0.460195 0.426671 0.456044 0.428417 0.460310 0.425157
8 0.456198 0.430185 0.460286 0.428657 0.462604 0.427778 0.464427 0.427222 0.464724 0.428079 0.464583 0.428745 0.464023 0.429657 0.454549 0.433806 0.444234 0.438204 0.440440 0.439083 0.439414 0.435333 0.441844 0.434370 0.450211 0.432259 0.453289 0.431199
8 0.462706 0.423000 0.463948 0.425880 0.467081 0.434806 0.473831 0.451509 0.473831 0.451509 0.473784 0.452042 0.476367 0.453426 0.475776 0.451037 0.475411 0.450148 0.469617 0.435000 0.464036 0.421796
8 0.463552 0.419287 0.462471 0.420352 0.461737 0.420722 0.460922 0.418213 0.462083 0.417269 0.462414 0.416356
8 0.452578 0.399537 0.453367 0.398644 0.453969 0.398111 0.454661 0.397519 0.455326 0.396718 0.455896 0.396074 0.456560 0.395644 0.456982 0.395806 0.457253 0.396500 0.457253 0.397144 0.457102 0.397843 0.456560 0.398644 0.455294 0.399824 0.454570 0.400574 0.454148 0.400843 0.453018 0.399894
8 0.452266 0.399250 0.453018 0.399894 0.454586 0.401181 0.456966 0.403319 0.457599 0.404019 0.457901 0.404606 0.457930 0.405569 0.457750 0.406801 0.457448 0.407500 0.457026 0.407662 0.456031 0.406750 0.454523 0.405620 0.453688 0.404194 0.452919 0.403079 0.452495 0.402440 0.452495 0.401694
8 0.445885 0.392606 0.447060 0.392662 0.447060 0.394375 0.445643 0.394324 0.445763 0.393755
8 0.447872 0.392824 0.449060 0.392778 0.449331 0.395028 0.448789 0.395134 0.448005 0.395134 0.447674 0.395083
8 0.446578 0.398556 0.446698 0.397481 0.446940 0.395981 0.447060 0.394375 0.447060 0.392662 0.447151 0.390356 0.446935 0.387875 0.447180 0.386556 0.447331 0.386449 0.447451 0.386662 0.447661 0.387306 0.447753 0.388269 0.447813 0.390731 0.447872 0.392824 0.447391 0.399037
8 0.453021 0.406759 0.452776 0.407528 0.452620 0.408130 0.452255 0.408778 0.451839 0.406176 0.451617 0.405458 0.452021 0.405028 0.452182 0.404167 0.452745 0.406056
8 0.452495 0.402440 0.452919 0.403079 0.453688 0.404194 0.454523 0.405620 0.455117 0.406861 0.455745 0.408718 0.456477 0.409773 0.457000 0.410579 0.457279 0.411509 0.457208 0.412250 0.456930 0.412810 0.456440 0.413306 0.455888 0.413625 0.455570 0.413491 0.455151 0.412375 0.454036 0.409463 0.453302 0.407542 0.452745 0.406056 0.452182 0.404167
8 0.449883 0.400722 0.449461 0.396301 0.448716 0.389995 0.448854 0.387838 0.449135 0.385764 0.449089 0.383440 0.447409 0.361204 0.446849 0.355565 0.447128 0.355148 0.447034 0.353157 0.446521 0.351995 0.446195 0.350917 0.445914 0.345440 0.446849 0.343949 0.447315 0.344111 0.447456 0.345273 0.447922 0.350171 0.448948 0.362120 0.450536 0.379208 0.451328 0.389829 0.452169 0.398292 0.452495 0.401694 0.452495 0.402440 0.452021 0.402301 0.451656 0.401583 0.450852 0.401153
8 0.450406 0.405171 0.450964 0.410375 0.451417 0.411875 0.451477 0.412574 0.451445 0.412838 0.450826 0.413421 0.451068 0.413852 0.451279 0.415083 0.452138 0.414269 0.452622 0.413981 0.453060 0.413676 0.452536 0.410639 0.451839 0.406176 0.451617 0.405458
15 0.507214 0.579213 0.507836 0.578606 0.509060 0.583931 0.508305 0.585130
8 0.471771 0.432037 0.470779 0.431051 0.470346 0.430477 0.469630 0.428634 0.470221 0.428560 0.470734 0.428352 0.469497 0.426144 0.468289 0.424097 0.468289 0.424097 0.466224 0.424727 0.466456 0.422014 0.466536 0.421009 0.466055 0.419861 0.465602 0.419491 0.465227 0.418625 0.464521 0.418528 0.463552 0.419287 0.462414 0.416356 0.462214 0.415773 0.460922 0.413120 0.460680 0.412690 0.460195 0.411486 0.459029 0.409662 0.459060 0.406380 0.459169 0.404171 0.459331 0.401963 0.460302 0.397162 0.462354 0.392366 0.465055 0.386699 0.467323 0.381708 0.469698 0.379019 0.471372 0.378444 0.473208 0.378347 0.474073 0.378731 0.475693 0.381134 0.476180 0.382667 0.477042 0.384204 0.478393 0.386509 0.482820 0.391690 0.497076 0.411083 0.498266 0.413102 0.499398 0.415500 0.499237 0.416074 0.495836 0.416458 0.494810 0.415690 0.493190 0.413486 0.491245 0.410125 0.490273 0.408014 0.489031 0.406282 0.482120 0.396491 0.479635 0.393611 0.478177 0.391981 0.476448 0.389773 0.475315 0.387755 0.474344 0.385838 0.472776 0.383630 0.472076 0.382764 0.470940 0.382282 0.469646 0.382861 0.468133 0.384588 0.465216 0.391884 0.462031 0.399565 0.461544 0.401292 0.461221 0.403213 0.461112 0.406380 0.461654 0.409259 0.463273 0.411852 0.466784 0.417806 0.472615 0.425292 0.480013 0.435370 0.483792 0.441324 0.484063 0.442190 0.480078 0.438861 0.479349 0.437806 0.478617 0.437806 0.476159 0.435681 0.476263 0.433944 0.476263 0.433208 0.476195 0.432278 0.475740 0.431898
8 0.471771 0.432037 0.475740 0.431898 0.476195 0.432278 0.476263 0.433208 0.476263 0.433944 0.476159 0.435681
8 0.445549 0.417454 0.446750 0.416898 0.447482 0.416713 0.448039 0.416778 0.448422 0.416778 0.448875 0.416838 0.449016 0.416963 0.449120 0.417333 0.448771 0.418264 0.448458 0.418699 0.448073 0.419009 0.447445 0.419315 0.446888 0.419440 0.446260 0.419690 0.445549 0.419986 0.444818 0.419181 0.444583 0.418889 0.444583 0.418889
8 0.444000 0.413616 0.444484 0.412898 0.444888 0.412037 0.445010 0.410958 0.446245 0.411870 0.447060 0.412727 0.448174 0.413907 0.447503 0.414727 0.446810 0.415847 0.446112 0.416838 0.445549 0.417454 0.444583 0.418889 0.444089 0.418333
8 0.444089 0.418333 0.444818 0.419181 0.445549 0.419986 0.446875 0.421102 0.447294 0.421537 0.447607 0.422157 0.447466 0.423273 0.447154 0.424389 0.446839 0.424759 0.446281 0.424264 0.445586 0.423704 0.444818 0.423394 0.444331 0.422963 0.444086 0.422838
8 0.444716 0.389019 0.447096 0.378551 0.447336 0.377333 0.447901 0.377403 0.448180 0.378264 0.448143 0.379769 0.448023 0.381704 0.447701 0.384218 0.446935 0.387875 0.445966 0.392102 0.445763 0.393755 0.445521 0.394972 0.445320 0.395759 0.444997 0.396120 0.444427 0.394894
8 0.445721 0.398056 0.448880 0.400000 0.449883 0.400722 0.450852 0.401153 0.451656 0.401583 0.452021 0.402301 0.452182 0.403088 0.452182 0.404167 0.452021 0.405028 0.451617 0.405458 0.450406 0.405171 0.448510 0.404523 0.448107 0.403593
8 0.444305 0.397037 0.445521 0.400000 0.445365 0.400046 0.444818 0.400093 0.444193 0.400093
8 0.444427 0.394894 0.445721 0.398056 0.450964 0.410375 0.451417 0.411875 0.451477 0.412574 0.451445 0.412838 0.450826 0.413421 0.450151 0.411824 0.448161 0.406574 0.444305 0.397037
8 0.441794 0.402069 0.441977 0.401097 0.442107 0.399755 0.442307 0.399088 0.442388 0.397509 0.442685 0.394222 0.442784 0.394199 0.442589 0.402690 0.442167 0.402421
8 0.443987 0.406727 0.444771 0.407583 0.447633 0.409940 0.449380 0.411551 0.450042 0.412458 0.450826 0.413421 0.451068 0.413852 0.451279 0.415083 0.450646 0.415727 0.450375 0.415727 0.449862 0.415727 0.448776 0.414815 0.448174 0.413907 0.447060 0.412727 0.446245 0.411870 0.445010 0.410958 0.444497 0.410639 0.444016 0.410370
8 0.440375 0.408269 0.441143 0.404546 0.441474 0.404940 0.441865 0.405528 0.442497 0.406333 0.441771 0.408574 0.441667 0.410870 0.441771 0.412667 0.441911 0.414278 0.441924 0.416704 0.441542 0.416329 0.440773 0.415588 0.440286 0.415463 0.440310 0.412745
8 0.440172 0.425579 0.440961 0.425579 0.441867 0.425079 0.442482 0.424449 0.442495 0.428736 0.442042 0.429171 0.441240 0.429231 0.440484 0.429111
8 0.442448 0.430769 0.442482 0.424449 0.442552 0.412301 0.442828 0.406597 0.442799 0.403065 0.442589 0.402690 0.442823 0.391806 0.442901 0.381560 0.443115 0.380875 0.443961 0.379083 0.444807 0.377218 0.444807 0.377218 0.445133 0.377657 0.445237 0.378648 0.445096 0.381500 0.443982 0.404245 0.444146 0.430037 0.442995 0.430657
8 0.440286 0.415463 0.440773 0.415588 0.441542 0.416329 0.441924 0.416704 0.442203 0.416824 0.442552 0.416824 0.442516 0.420046 0.442344 0.419801 0.441609 0.419181 0.441089 0.418685 0.440703 0.418375 0.440216 0.418194
8 0.439063 0.399958 0.439333 0.399583 0.439815 0.399477 0.440208 0.399477 0.440630 0.399852 0.440810 0.400440 0.441112 0.401083 0.441562 0.401884 0.442167 0.402421 0.442589 0.402690 0.442799 0.403065 0.442828 0.406597 0.442497 0.406333 0.441865 0.405528 0.441474 0.404940 0.440781 0.404190 0.440484 0.404144 0.440354 0.403681 0.439966 0.403449 0.439846 0.401778 0.439776 0.400602 0.439638 0.400292 0.439253 0.399981
8 0.437708 0.399815 0.438487 0.400042 0.439253 0.399981 0.439638 0.400292 0.439776 0.400602 0.439846 0.401778 0.439966 0.403449 0.439523 0.403403 0.438951 0.403449 0.438193 0.403681 0.437859 0.403634 0.437422 0.400463
8 0.437417 0.385801 0.438003 0.386028 0.439026 0.386190 0.439630 0.386296 0.440081 0.386565 0.439719 0.388120 0.439146 0.388014 0.437820 0.387796 0.437219 0.387421 0.436737 0.387208 0.435651 0.387046 0.435523 0.385583
8 0.438435 0.396792 0.438203 0.397778 0.437943 0.399074 0.437708 0.399815 0.437422 0.400463 0.437161 0.398611 0.437552 0.396713
8 0.437917 0.394861 0.438516 0.391704 0.439201 0.389907 0.440451 0.385319 0.441823 0.381806 0.443357 0.377574 0.444081 0.376426 0.444526 0.376000 0.444888 0.376000 0.445055 0.376213 0.444807 0.377218 0.443961 0.379083 0.443115 0.380875 0.441461 0.386324 0.439969 0.390625 0.439281 0.393421 0.438880 0.395000
8 0.436620 0.394787 0.438154 0.394931 0.439888 0.395144 0.441258 0.395505 0.441622 0.396005 0.441984 0.396648 0.442388 0.397509 0.442307 0.399088 0.441784 0.399019 0.441219 0.398083 0.440049 0.397153 0.439323 0.397009 0.438435 0.396792 0.436901 0.396722
8 0.436901 0.413843 0.437091 0.416157 0.437198 0.417894 0.437266 0.418819 0.437440 0.419505 0.437755 0.419625 0.438138 0.419565 0.438115 0.416912 0.438151 0.413380 0.437604 0.413519
8 0.438219 0.431042 0.438115 0.416912 0.438151 0.413380 0.438385 0.413194 0.438464 0.412593 0.438437 0.412083 0.438250 0.411889 0.438201 0.406477 0.438193 0.403681 0.438951 0.403449 0.439523 0.403403 0.439966 0.403449 0.440354 0.403681 0.440484 0.404144 0.440310 0.412745 0.440172 0.425579 0.440484 0.429111 0.440484 0.430657 0.440589 0.431403 0.441112 0.431528 0.441914 0.430907 0.442995 0.430657 0.444146 0.430037 0.449445 0.428116 0.453794 0.425819 0.457982 0.422708 0.462471 0.420352 0.464521 0.418528 0.465227 0.418625 0.465602 0.419491 0.464953 0.420546 0.464036 0.421796 0.460310 0.425157 0.456044 0.428417 0.453289 0.431199 0.450211 0.432259 0.441844 0.434370 0.439414 0.435333
5 0.434714 0.379398 0.435266 0.378671 0.435839 0.377653 0.436109 0.376847 0.436531 0.376259 0.437255 0.375778 0.437948 0.374704 0.438461 0.374116 0.438943 0.373903 0.439232 0.374616 0.439516 0.375759 0.440443 0.377051 0.441169 0.377556 0.441612 0.377769 0.441812 0.378273 0.441896 0.378847 0.441612 0.379778 0.441005 0.381856 0.440604 0.383005 0.439073 0.384370 0.437417 0.385801 0.435495 0.385602
5 0.432776 0.381356 0.433154 0.381324 0.433990 0.387708 0.432664 0.388144
8 0.433393 0.409032 0.433984 0.409722 0.434375 0.410185 0.434688 0.410880 0.434180 0.413579 0.433880 0.412963 0.433281 0.411991 0.432943 0.411574 0.432615 0.410468 0.432609 0.408815
8 0.435247 0.412468 0.436042 0.412130 0.436302 0.411991 0.436828 0.411995 0.438250 0.411889 0.438437 0.412083 0.438464 0.412593 0.438385 0.413194 0.438151 0.413380 0.437604 0.413519 0.436901 0.413843 0.436302 0.414306 0.435807 0.414676 0.435312 0.414769 0.434766 0.414769
8 0.433841 0.414875 0.434180 0.413579 0.435326 0.407699 0.435456 0.407236 0.435664 0.406773 0.435951 0.406356 0.436289 0.406269 0.436289 0.407005 0.436133 0.408023 0.435638 0.410708 0.435247 0.412468 0.434596 0.415662 0.434336 0.416866
8 0.432609 0.406995 0.432880 0.406194 0.433362 0.404852 0.433784 0.403727 0.434477 0.401745 0.434990 0.400782 0.435260 0.400458 0.435562 0.400352 0.435862 0.402764 0.435531 0.403352 0.435109 0.404745 0.433964 0.407852 0.433573 0.408657 0.433393 0.409032 0.432609 0.408815
8 0.432578 0.394782 0.434898 0.394782 0.435201 0.397352 0.434628 0.397301 0.433693 0.397407 0.433120 0.397463 0.432820 0.397514 0.432518 0.397514
8 0.432065 0.372481 0.431581 0.368912 0.431607 0.368310 0.431581 0.367523 0.431398 0.366782 0.431013 0.362074 0.431034 0.361472 0.431430 0.361009 0.432003 0.361106 0.432286 0.361569 0.432471 0.361847 0.433276 0.367403 0.436117 0.390731 0.438201 0.406477 0.438250 0.411889 0.436828 0.411995 0.436104 0.404708
8 0.429245 0.365880 0.431008 0.366227 0.431398 0.366782 0.431581 0.367523 0.431607 0.368310 0.431581 0.368912 0.431398 0.369097 0.430930 0.369005 0.429081 0.368588
6 0.428245 0.409463 0.428323 0.401639 0.429573 0.406500 0.432125 0.415898 0.432724 0.422426
6 0.428339 0.394407 0.428539 0.388597 0.428956 0.388537 0.429346 0.387731 0.429711 0.386074 0.429888 0.384463 0.430102 0.382861 0.430253 0.381204 0.432776 0.381356 0.432492 0.399495 0.432615 0.410468
8 0.425174 0.400727 0.425365 0.398699 0.425419 0.397162 0.425635 0.395338 0.426068 0.394477 0.426068 0.393324 0.427232 0.397898 0.427154 0.398593 0.427023 0.400032 0.426789 0.401514 0.426633 0.402486 0.426451 0.403319 0.426372 0.403685 0.426346 0.403782 0.426346 0.403782
8 0.427581 0.365588 0.428182 0.355102 0.428617 0.350245 0.430190 0.331060 0.431271 0.332051 0.431445 0.332921 0.431445 0.338375 0.429841 0.356162 0.427680 0.391861 0.426443 0.387528 0.427451 0.369815 0.427474 0.369028
8 0.418948 0.341722 0.418646 0.345898 0.418284 0.349380 0.417161 0.351065 0.416742 0.349440 0.417052 0.343745 0.417914 0.341657
8 0.418786 0.339574 0.423182 0.339935 0.422378 0.341500 0.419219 0.341667 0.417914 0.341657
8 0.417135 0.351065 0.419354 0.347671 0.424060 0.338065 0.426221 0.333106 0.428104 0.329759 0.429359 0.330625 0.429221 0.331620 0.428768 0.332981 0.427826 0.334778 0.422875 0.345005 0.420505 0.349468 0.419982 0.348972 0.419562 0.348847 0.419146 0.349282 0.418693 0.349653 0.417263 0.351759
8 0.417263 0.351759 0.418693 0.349653 0.419146 0.349282 0.419562 0.348847 0.419982 0.348972 0.420505 0.349468 0.420539 0.351449 0.420122 0.352505 0.418760 0.354181 0.418099 0.354921
8 0.421885 0.360403 0.422305 0.361102 0.422727 0.361958 0.423208 0.363190 0.423359 0.363833 0.423419 0.364259 0.423448 0.364690 0.421792 0.364421 0.421523 0.363671 0.421099 0.362977 0.420529 0.362921 0.420104 0.362921 0.419802 0.361741 0.420557 0.361421 0.421549 0.360616
8 0.418872 0.358208 0.421219 0.356065 0.424172 0.353759 0.427456 0.351352 0.428120 0.351296 0.428451 0.351620 0.428182 0.355102 0.427365 0.355634 0.426555 0.356278 0.425651 0.357296 0.424232 0.358583 0.422846 0.359708 0.421549 0.360616 0.420557 0.361421 0.419802 0.361741
8 0.415747 0.330546 0.417388 0.330593 0.418846 0.330833 0.419758 0.331343 0.417753 0.336796 0.417284 0.335639 0.416685 0.334574 0.416112 0.333833 0.415331 0.333278
8 0.414461 0.338153 0.415513 0.338324 0.416615 0.339398 0.415711 0.341949 0.415138 0.341532 0.414513 0.340838 0.414180 0.339690
8 0.404620 0.310222 0.402849 0.308954 0.401927 0.307917 0.401875 0.307593 0.402109 0.306991 0.402578 0.306801 0.404372 0.308417 0.407289 0.309949 0.407865 0.310361 0.408305 0.310458 0.408089 0.312009 0.408008 0.312727 0.406807 0.311796 0.405323 0.310593
8 0.402995 0.309120 0.404620 0.310222 0.405323 0.310593 0.406807 0.311796 0.408008 0.312727 0.407888 0.313949 0.407852 0.315269
8 0.407500 0.323657 0.408258 0.325019 0.408823 0.325736 0.409589 0.326597 0.408344 0.320880
8 0.405911 0.320880 0.403458 0.317130 0.402531 0.315269 0.401562 0.313472 0.400432 0.312398 0.399143 0.311106 0.398417 0.309745 0.397359 0.307981 0.398948 0.308861 0.400745 0.309231 0.401578 0.309370 0.402893 0.311755 0.404951 0.314981 0.405958 0.316917 0.406281 0.317491 0.406807 0.318065
8 0.415141 0.343356 0.416815 0.338926 0.417753 0.336796 0.419758 0.331343 0.420305 0.331204 0.420513 0.330278 0.420409 0.329861 0.423135 0.323403 0.423813 0.323958 0.424073 0.324514 0.424307 0.325671 0.421495 0.333079 0.416833 0.344282 0.416042 0.346713
8 0.415331 0.333278 0.416112 0.333833 0.416685 0.334574 0.417284 0.335639 0.417753 0.336796 0.416815 0.338926 0.416615 0.339398 0.415513 0.338324 0.415279 0.337352 0.414966 0.336009 0.414870 0.335741
8 0.416458 0.325833 0.417622 0.326528 0.418039 0.326898 0.418352 0.327593 0.418638 0.328148 0.418951 0.329074 0.419159 0.329491 0.419549 0.329676 0.420122 0.329630 0.420409 0.329861 0.420513 0.330278 0.420305 0.331204 0.419758 0.331343 0.418846 0.330833 0.418299 0.330046 0.417831 0.329306 0.417128 0.328426 0.416242 0.327500
8 0.414456 0.323130 0.415477 0.324139 0.415260 0.325556 0.414508 0.324750
8 0.412727 0.323167 0.410737 0.320968 0.410586 0.319361 0.411159 0.319843 0.412664 0.321449
8 0.413771 0.307481 0.413797 0.313361 0.412177 0.312074 0.413599 0.308102
8 0.471901 0.307338 0.471250 0.302199 0.472214 0.298542 0.473893 0.309866
8 0.413641 0.337097 0.415477 0.324139 0.418503 0.302153 0.422174 0.267495 0.423297 0.267120 0.424279 0.266921 0.423685 0.271241 0.419529 0.302343 0.415909 0.329898 0.414180 0.339690
8 0.461612 0.317931 0.461849 0.316944 0.462396 0.316898 0.465312 0.322037 0.468021 0.326944 0.467969 0.330134 0.467292 0.330787 0.462786 0.320602 0.462083 0.319306 0.461883 0.318315
8 0.413279 0.348106 0.413943 0.348000 0.414365 0.348056 0.415125 0.351125 0.414919 0.354801 0.414940 0.355440 0.414146 0.357431 0.413539 0.358093 0.412885 0.358343 0.412466 0.355495
8 0.410146 0.309264 0.414440 0.296903 0.416073 0.293088 0.417008 0.293088 0.418359 0.293750 0.418594 0.294579 0.418406 0.295574 0.417240 0.298398 0.413599 0.308102 0.410753 0.316153 0.410240 0.317065 0.409823 0.314449 0.409742 0.313301 0.410026 0.312370 0.410268 0.311292
8 0.407187 0.324954 0.409945 0.329852 0.409898 0.331426 0.409711 0.332421 0.409245 0.332009 0.408872 0.331014 0.406352 0.327944
8 0.441081 0.387343 0.441812 0.389324 0.442823 0.391806 0.442760 0.394213 0.442336 0.393727 0.441779 0.392486 0.441010 0.391185 0.440523 0.390319 0.440286 0.389769
8 0.420401 0.364037 0.427581 0.365588 0.427451 0.369815 0.427240 0.369444 0.426724 0.369028 0.425635 0.369097 0.424104 0.368741 0.423013 0.367523 0.421159 0.367093
8 0.414919 0.354801 0.415641 0.353944 0.415914 0.354639 0.416063 0.355764 0.416063 0.356463 0.415883 0.357264 0.413232 0.361551 0.412146 0.362782 0.411484 0.360278 0.412047 0.359782 0.412510 0.358620 0.412885 0.358343 0.413539 0.358093 0.414146 0.357431 0.414940 0.355440
8 0.415125 0.351125 0.414940 0.355440 0.414146 0.357431 0.413539 0.358093 0.412885 0.358343 0.412510 0.358620 0.412326 0.357463 0.413594 0.344694
8 0.411922 0.349528 0.412336 0.344606 0.412518 0.344144 0.412596 0.342940 0.412727 0.341505 0.413594 0.344694 0.412326 0.357463 0.411365 0.355542 0.411432 0.354551 0.411607 0.353495 0.411956 0.350644 0.411956 0.350644
8 0.409576 0.344514 0.411503 0.348477 0.411781 0.348847 0.411922 0.349528 0.411956 0.350644 0.411607 0.353495 0.411432 0.354551 0.411365 0.355542 0.410740 0.354556 0.409805 0.352231 0.404672 0.334153 0.406568 0.338889 0.408424 0.343190 0.408948 0.343264
8 0.410201 0.338727 0.411164 0.338356 0.411659 0.338356 0.412154 0.338866 0.412414 0.339468 0.412727 0.341505 0.412596 0.342940 0.412518 0.344144 0.412336 0.344606 0.409992 0.344653 0.409576 0.344514 0.408948 0.343264 0.409352 0.342690 0.409432 0.341755 0.409393 0.341111 0.410164 0.340713 0.410164 0.340046
8 0.409393 0.341111 0.409510 0.338056 0.409711 0.332421 0.409898 0.331426 0.409945 0.329852 0.410398 0.330009 0.410352 0.335236 0.410164 0.340046 0.410164 0.340713
8 0.405307 0.322694 0.407326 0.316556 0.407852 0.315269 0.408065 0.316565 0.408250 0.319139 0.408344 0.320880 0.405638 0.330176 0.404995 0.332292 0.404310 0.332935 0.403289 0.329366 0.404701 0.324991
8 0.404995 0.332292 0.405844 0.333796 0.407336 0.337454 0.409393 0.341111 0.409432 0.341755 0.409352 0.342690 0.408948 0.343264 0.408424 0.343190 0.406568 0.338889 0.404672 0.334153 0.404310 0.332935
8 0.404268 0.320815 0.405307 0.322694 0.404701 0.324991 0.403289 0.329366 0.402664 0.327093 0.403948 0.321750
8 0.398984 0.313792 0.403221 0.319097 0.402253 0.319958 0.401487 0.322755
8 0.401487 0.322755 0.402253 0.319958 0.403221 0.319097 0.404107 0.319454 0.404268 0.320815 0.403948 0.321750 0.402664 0.327093
8 0.394992 0.307148 0.396122 0.309588 0.397292 0.313171 0.398419 0.317907 0.398904 0.320417 0.399227 0.321278 0.400276 0.323787 0.401326 0.327657 0.401930 0.329380 0.402091 0.330815 0.402091 0.331958 0.402091 0.333394 0.402253 0.334185 0.407375 0.348810 0.411484 0.360278 0.412047 0.359782 0.412510 0.358620 0.412326 0.357463 0.411672 0.356134 0.410740 0.354556 0.409805 0.352231 0.402664 0.327093 0.397359 0.307981 0.395667 0.307333
8 0.389354 0.260718 0.390094 0.260792 0.390635 0.260954 0.390969 0.261111 0.391536 0.265602 0.391323 0.267412 0.390690 0.266074 0.389333 0.263611
8 0.383307 0.260185 0.384578 0.262069 0.386505 0.264801 0.386711 0.265819 0.386737 0.266005 0.386815 0.266606 0.386276 0.269028 0.385391 0.268704 0.384784 0.267255 0.384654 0.266421 0.384542 0.265931 0.384391 0.264537 0.384180 0.264213 0.383516 0.264106 0.382914 0.264056 0.382599 0.263319
8 0.389076 0.282486 0.390143 0.282903 0.389833 0.285218 0.389076 0.285125
8 0.383633 0.280125 0.388531 0.282162 0.388555 0.284755 0.384935 0.284014 0.384208 0.282023
8 0.381284 0.270829 0.384737 0.275667 0.386026 0.277773 0.387664 0.278704 0.387664 0.277958 0.386792 0.276532 0.385818 0.274796 0.383549 0.271634 0.382609 0.270829 0.382422 0.270833
8 0.386276 0.269028 0.387172 0.265236 0.387893 0.266361 0.387172 0.269361 0.387057 0.269560 0.387682 0.269329 0.388740 0.269093 0.388698 0.273819 0.387422 0.273819 0.387031 0.273542 0.386719 0.272801 0.386448 0.273218 0.386328 0.273218 0.385995 0.272736 0.385755 0.272042 0.385990 0.270648
8 0.379417 0.268153 0.380253 0.268278 0.381159 0.268028 0.381927 0.267657 0.382763 0.267806 0.384427 0.268241 0.385391 0.268704 0.386276 0.269028 0.386068 0.270139 0.385990 0.270648 0.385703 0.270926 0.384661 0.271019 0.383255 0.270833 0.382422 0.270833 0.380990 0.270880 0.380495 0.270833
8 0.398680 0.291944 0.400997 0.291991 0.402484 0.291847 0.401589 0.290880 0.400156 0.290093 0.398263 0.289477 0.398232 0.290708
8 0.398203 0.287546 0.399917 0.287736 0.401031 0.288380 0.403594 0.290926 0.404766 0.293148 0.406935 0.298713 0.404870 0.295694 0.403932 0.293472 0.401589 0.290880 0.400156 0.290093 0.398263 0.289477 0.398263 0.288727
8 0.393375 0.304741 0.394937 0.305389 0.397958 0.306870 0.400953 0.308528 0.401578 0.309370 0.400745 0.309231 0.398948 0.308861 0.397359 0.307981 0.395667 0.307333 0.394052 0.306685 0.393167 0.306361 0.392646 0.306037 0.392273 0.304875
8 0.389333 0.263611 0.390690 0.266074 0.391323 0.267412 0.391172 0.269213 0.389245 0.269236
8 0.391172 0.269120 0.392008 0.261634 0.392693 0.256616 0.394065 0.244282 0.394628 0.245528 0.395315 0.247222 0.394589 0.253745 0.393216 0.267083 0.392935 0.269306
8 0.391016 0.301389 0.394773 0.301542 0.396831 0.303856 0.396805 0.304088 0.392273 0.304875
8 0.391224 0.290218 0.396617 0.295111 0.398464 0.297407 0.399427 0.299907 0.399128 0.299884 0.398359 0.299019 0.393620 0.293875 0.391143 0.292139
8 0.407326 0.316556 0.404826 0.313759 0.400953 0.308528 0.392161 0.298560 0.390911 0.296620 0.390909 0.295616 0.392766 0.297481 0.402849 0.308954 0.407852 0.315269
8 0.404143 0.299477 0.408065 0.304537 0.407924 0.299972 0.407552 0.299310 0.406938 0.298718 0.405763 0.298074 0.403805 0.296519 0.402026 0.295556 0.401182 0.294806 0.400490 0.294324
8 0.391849 0.263611 0.391536 0.265602 0.390807 0.259769 0.390893 0.253069 0.391052 0.250190 0.391013 0.247667 0.391216 0.240019 0.391224 0.236898 0.392154 0.239472 0.392865 0.241157 0.393031 0.246116 0.393031 0.247477 0.392693 0.256616 0.392008 0.261634
8 0.388055 0.258162 0.388958 0.255139 0.388862 0.259273
8 0.387690 0.261079 0.388003 0.259319 0.388185 0.259551 0.388854 0.260463 0.388823 0.263074
8 0.388854 0.260463 0.388185 0.259551 0.386831 0.258023 0.384513 0.255361 0.384747 0.254227 0.385607 0.254875 0.387143 0.256819 0.388055 0.258162 0.388862 0.259273
8 0.389427 0.254028 0.390539 0.249491 0.391013 0.247667 0.391052 0.250190 0.390893 0.253069 0.389354 0.260718
8 0.386596 0.246991 0.389010 0.252500 0.389010 0.250231 0.386911 0.245727
8 0.391719 0.232361 0.390802 0.230593 0.391531 0.226722
8 0.396990 0.282384 0.396187 0.281449 0.394828 0.279713 0.393539 0.278046 0.392409 0.275653 0.392583 0.273917 0.395073 0.273708 0.395875 0.275194 0.397617 0.277486 0.399987 0.280213 0.402638 0.283245 0.405253 0.285787 0.406995 0.286847 0.407721 0.294111 0.406823 0.293148 0.406635 0.292662 0.402948 0.286690 0.398651 0.281843 0.397508 0.281551 0.396966 0.281551
8 0.397508 0.281551 0.398651 0.281843 0.402961 0.286718 0.406635 0.292662 0.406823 0.293148 0.406062 0.292398 0.401031 0.288380 0.399917 0.287736 0.398203 0.287546 0.398112 0.286046 0.397961 0.284333 0.397630 0.282301
8 0.398203 0.287546 0.399917 0.287736 0.401031 0.288380 0.406062 0.292398 0.407721 0.294111 0.407750 0.298181 0.407820 0.298852 0.407924 0.299972 0.407552 0.299310 0.406935 0.298713 0.405763 0.298074 0.403805 0.296519 0.402026 0.295556 0.401182 0.294806 0.400490 0.294324 0.399885 0.294056 0.399167 0.293750 0.398232 0.290708 0.398263 0.289477 0.398263 0.288727
8 0.396927 0.286852 0.397422 0.286898 0.397479 0.288565
8 0.397479 0.288565 0.397359 0.285782 0.397026 0.283477 0.396966 0.281551 0.397508 0.281551 0.397630 0.282301 0.397961 0.284333 0.398112 0.286046 0.398203 0.287546 0.398263 0.288727 0.398263 0.289477 0.398232 0.290708
8 0.391693 0.283750 0.394464 0.285088 0.394661 0.285593 0.395167 0.287310 0.394984 0.287588 0.394021 0.287310 0.392615 0.286662 0.391521 0.286292
8 0.391935 0.280630 0.393018 0.280736 0.394195 0.281218 0.395008 0.281806 0.395461 0.282394 0.396727 0.286250 0.401938 0.302213 0.402292 0.303468 0.402628 0.304116 0.403411 0.305134 0.408281 0.308657 0.408438 0.309537 0.408490 0.310231 0.408305 0.310458 0.407865 0.310361 0.407289 0.309949 0.404372 0.308417 0.402578 0.306801 0.401797 0.306102 0.401042 0.304856 0.399922 0.301106 0.398044 0.296241 0.395937 0.290505 0.394661 0.285593 0.394219 0.284435 0.393669 0.283648 0.392576 0.283139 0.391797 0.282866
8 0.388698 0.273819 0.387422 0.273819 0.387031 0.273542 0.386719 0.272801 0.386719 0.271736 0.386823 0.270856 0.386927 0.270208 0.387057 0.269560 0.387682 0.269329 0.388740 0.269093
8 0.389245 0.269236 0.392935 0.269306 0.395104 0.269259 0.404148 0.268509 0.410872 0.270060 0.411411 0.270731 0.410807 0.271435 0.409531 0.272269 0.408724 0.272778 0.405781 0.272685 0.404557 0.272176 0.403203 0.272037 0.402474 0.272269 0.401875 0.272917 0.401172 0.273194 0.400417 0.273333 0.392583 0.273917 0.391083 0.273856 0.389193 0.273981
8 0.389201 0.297097 0.389724 0.286125 0.390305 0.281681 0.390461 0.279782 0.391083 0.273856 0.392583 0.273917 0.392409 0.275653 0.392026 0.279681 0.391224 0.290218 0.390945 0.296106 0.390596 0.300380
8 0.389141 0.279213 0.390461 0.279782 0.390305 0.281681 0.389115 0.281481
8 0.388542 0.280741 0.386576 0.279801 0.384763 0.278685 0.382812 0.277940 0.382393 0.276574 0.382742 0.276204 0.383021 0.276204 0.388633 0.279116
8 0.382341 0.264375 0.382914 0.264056 0.383516 0.264106 0.384180 0.264213 0.384391 0.264537 0.384542 0.265931 0.384419 0.266681 0.384299 0.267056 0.384120 0.267431 0.383693 0.267806 0.382763 0.267806 0.381927 0.267657 0.381805 0.266574
8 0.383516 0.259398 0.385328 0.262056 0.388750 0.267917 0.388823 0.263074 0.385688 0.257398 0.384513 0.255361
8 0.388378 0.294264 0.388740 0.269093 0.389224 0.237111 0.389628 0.235602 0.389870 0.234676 0.389586 0.241338 0.388940 0.295912
8 0.390102 0.233912 0.390414 0.232671 0.390802 0.230593 0.391719 0.232361 0.393385 0.234907 0.395706 0.239940 0.402927 0.257296 0.407969 0.269273 0.404148 0.268509 0.394628 0.245528 0.392154 0.239472
8 0.396937 0.235398 0.398401 0.239528 0.401023 0.244903 0.402354 0.247667 0.412458 0.269736 0.411518 0.270731 0.411411 0.270731 0.410872 0.270060 0.410753 0.269199 0.410549 0.268481 0.399901 0.245106 0.396687 0.236792
8 0.393385 0.234907 0.395706 0.239940 0.402927 0.257296 0.407969 0.269273 0.410872 0.270060 0.410753 0.269199 0.410549 0.268481 0.399901 0.245106 0.396687 0.236792 0.393594 0.230477
8 0.397917 0.228481 0.398401 0.230204 0.399529 0.235440 0.401023 0.244903 0.398401 0.239528 0.397271 0.233074 0.397594 0.230593
8 0.394076 0.208833 0.394948 0.211065 0.396724 0.220796 0.397073 0.223708 0.396367 0.229245 0.395344 0.225014 0.393836 0.219981
8 0.383305 0.246162 0.384711 0.246764 0.384320 0.248477 0.383070 0.247875 0.382656 0.247685 0.383091 0.246819
8 0.380948 0.251366 0.380260 0.250370 0.379766 0.249676 0.378438 0.247454 0.377917 0.246481 0.376979 0.245139 0.376849 0.242963 0.377057 0.242824 0.377396 0.243148 0.377682 0.243611 0.378073 0.244398 0.379198 0.246861 0.379484 0.248065 0.379875 0.248898 0.380292 0.249222 0.380995 0.248759 0.383281 0.252639 0.383117 0.253292 0.382065 0.251417 0.381552 0.251204
8 0.380573 0.263889 0.380000 0.263894 0.379427 0.263755 0.378854 0.262875 0.378594 0.261856 0.378932 0.259958 0.379818 0.259310 0.380859 0.258662 0.381927 0.258245
8 0.375573 0.240648 0.376625 0.240634 0.376703 0.240958 0.377042 0.246097 0.377224 0.248968 0.377354 0.252903 0.377302 0.253551 0.377198 0.253875 0.376964 0.254060 0.376521 0.254060 0.376599 0.251926 0.376227 0.244542
8 0.379930 0.241250 0.382404 0.240463 0.383315 0.240139 0.383992 0.241667 0.380372 0.242824
8 0.381060 0.245106 0.381229 0.245750 0.381359 0.247000 0.381229 0.248111 0.380995 0.248759 0.382180 0.248718 0.383091 0.246819 0.383716 0.245523 0.383898 0.244875 0.383872 0.244088 0.383456 0.242931 0.383117 0.242699 0.382492 0.242745 0.381971 0.243023 0.381633 0.243486
8 0.382214 0.257042 0.380891 0.255704 0.380315 0.255116 0.380195 0.253667 0.380466 0.252329 0.380948 0.251366 0.381552 0.251204 0.382065 0.251417 0.383117 0.253292
8 0.376336 0.228681 0.377500 0.228981 0.376589 0.231250 0.375214 0.234315 0.374172 0.233898 0.373990 0.233065 0.374771 0.231398 0.375682 0.229639
8 0.368518 0.232505 0.369542 0.232449 0.371109 0.232611 0.371380 0.232662 0.371802 0.232824 0.372865 0.236162 0.372977 0.236574 0.372193 0.236093 0.371409 0.235556 0.370747 0.235343 0.370055 0.235236 0.369240 0.235236 0.368065 0.235343 0.367820 0.234528
8 0.371198 0.243889 0.373359 0.238472 0.374096 0.241917 0.374271 0.242917 0.374133 0.243407 0.373573 0.244644 0.372737 0.245824 0.372143 0.246759
8 0.396367 0.229245 0.397383 0.221361 0.398359 0.214912 0.399091 0.210884 0.400104 0.211259 0.400104 0.213056 0.399128 0.219810 0.397594 0.230593 0.397141 0.234250 0.396687 0.236792 0.395432 0.234120 0.395977 0.232727
8 0.393836 0.219981 0.395344 0.225014 0.396367 0.229245 0.395977 0.232727 0.395432 0.234120 0.393594 0.230477
8 0.394089 0.207500 0.394089 0.209630 0.393620 0.229537 0.393385 0.234907 0.391719 0.232361 0.391531 0.226722 0.392471 0.225111 0.392786 0.224366 0.392786 0.223685 0.392612 0.222940 0.392297 0.222444 0.391635 0.222384 0.392062 0.217282 0.392018 0.211903 0.392406 0.211486 0.392487 0.209051 0.392245 0.207829 0.391760 0.207542
8 0.388599 0.213116 0.390935 0.222750 0.391635 0.222384 0.392062 0.217282 0.392044 0.211917 0.390833 0.212708
5 0.380305 0.265023 0.383581 0.251389 0.385294 0.244611 0.385659 0.243176 0.386458 0.240231 0.386589 0.239213 0.387005 0.237639 0.387456 0.236657 0.387776 0.235162 0.387969 0.234028 0.388193 0.232852 0.388620 0.231806 0.388701 0.230889 0.389612 0.226769 0.389643 0.226218 0.390443 0.224491 0.390935 0.222750 0.391635 0.222384 0.392297 0.222444 0.392612 0.222940 0.392786 0.223685 0.392786 0.224366 0.392471 0.225111 0.391531 0.226722 0.390414 0.232671 0.385708 0.250273 0.381805 0.266574
8 0.388701 0.230889 0.386539 0.225843 0.384065 0.219593 0.384375 0.218981 0.384714 0.217731 0.385104 0.216852 0.385339 0.216250 0.389643 0.226218 0.389612 0.226769
8 0.382539 0.217921 0.383060 0.216810 0.383893 0.214912 0.384375 0.213889 0.385339 0.216250 0.385104 0.216852 0.384714 0.217731 0.384375 0.218981 0.383646 0.220417
8 0.381745 0.220093 0.382229 0.219134 0.383635 0.222375 0.383375 0.223208 0.382620 0.221773
8 0.380495 0.222639 0.381161 0.221171 0.382984 0.224551 0.382464 0.225986
8 0.379456 0.224565 0.380026 0.223500 0.381328 0.225769 0.382031 0.227065 0.381539 0.228037 0.380937 0.226991
8 0.378125 0.227806 0.378544 0.226972 0.378831 0.226278 0.379036 0.225444 0.380312 0.227546 0.381044 0.228824 0.380703 0.229843 0.380208 0.230769 0.379896 0.231370
8 0.381849 0.216435 0.382513 0.215329 0.382826 0.214773 0.383112 0.214079 0.384375 0.213889 0.383893 0.214912 0.383060 0.216810 0.382539 0.217921
8 0.387969 0.234028 0.380615 0.220028 0.378255 0.214907 0.379089 0.214815 0.388193 0.232852
8 0.387456 0.236657 0.377841 0.219565 0.376211 0.216463 0.375667 0.215259 0.376341 0.215167 0.376888 0.215634 0.377411 0.216556 0.378867 0.219838 0.387776 0.235162
8 0.375214 0.234315 0.376589 0.231250 0.377500 0.228981 0.379487 0.232713 0.378078 0.235565 0.376177 0.234731
8 0.374172 0.233898 0.375214 0.234315 0.376177 0.234731 0.377635 0.235380 0.378208 0.236213 0.378344 0.236907 0.378964 0.238574 0.379745 0.240657 0.381229 0.245750 0.381359 0.247000 0.381229 0.248111 0.380995 0.248759 0.380292 0.249222 0.379875 0.248898 0.379484 0.248065 0.379198 0.246861 0.378625 0.244685 0.377349 0.241954 0.377063 0.240704 0.376490 0.239407 0.375734 0.238065 0.375005 0.237093 0.374727 0.235630
8 0.372948 0.229917 0.373964 0.228528 0.375109 0.226769 0.375812 0.225565 0.376831 0.227759 0.376568 0.228296 0.375682 0.229639 0.374771 0.231398 0.373990 0.233065 0.373747 0.232310
8 0.376492 0.224519 0.377552 0.223009 0.378568 0.224722 0.377708 0.226157 0.377526 0.226574
8 0.386589 0.239213 0.385365 0.236806 0.380312 0.227546 0.373906 0.217037 0.372969 0.215694 0.373932 0.215556 0.374609 0.216389 0.376510 0.219630 0.380937 0.226991 0.383099 0.230741 0.387005 0.237639
8 0.369224 0.219611 0.370656 0.216509 0.371068 0.215833 0.372247 0.217944 0.373130 0.219889 0.372661 0.221278 0.372193 0.223037 0.371724 0.224333 0.371333 0.225120 0.370294 0.222023
8 0.381510 0.236898 0.379487 0.232713 0.376831 0.227759 0.372247 0.217944 0.371068 0.215833 0.371753 0.215861 0.372188 0.215833 0.373602 0.218546 0.376492 0.224519 0.382924 0.237528
8 0.385294 0.244611 0.382560 0.238454 0.382802 0.238560 0.383419 0.238824 0.385659 0.243176
8 0.386458 0.240231 0.384609 0.239204 0.382802 0.238560 0.379216 0.237171 0.378339 0.236907 0.378208 0.236213 0.377635 0.235380 0.378078 0.235565 0.378674 0.235514 0.380573 0.236472 0.386589 0.239213
8 0.365966 0.229509 0.366974 0.226139 0.367539 0.224060 0.367901 0.222769 0.370120 0.227644 0.370253 0.228028 0.370242 0.228000 0.369758 0.229079 0.367820 0.234528
5 0.360333 0.213435 0.358393 0.207384 0.357828 0.205523 0.359792 0.207833 0.361198 0.210046
8 0.360333 0.213435 0.361198 0.210046 0.361990 0.211269 0.362815 0.212801 0.361849 0.217824
8 0.361849 0.217824 0.362815 0.212801 0.364872 0.216458 0.364469 0.219037 0.364227 0.220690 0.364065 0.221907 0.363703 0.222625
5 0.366797 0.210694 0.368810 0.210986 0.370141 0.211056 0.373729 0.210769 0.380750 0.209838 0.391760 0.207542 0.392245 0.207829 0.392487 0.209051 0.392406 0.211486 0.392044 0.211917 0.390833 0.212708 0.381031 0.214500 0.371753 0.215861 0.368164 0.215574 0.367438 0.215574 0.366794 0.214056 0.366049 0.212958 0.366500 0.211727
8 0.393167 0.195764 0.393073 0.196806 0.390495 0.200602 0.390667 0.197745 0.390846 0.197315 0.391268 0.196995 0.392505 0.196139
8 0.397125 0.196477 0.400023 0.193935 0.400549 0.196093 0.400971 0.198167 0.400156 0.198935 0.397424 0.200574 0.390656 0.205718 0.389984 0.202782
8 0.547057 0.539537 0.545083 0.534287 0.544081 0.530870 0.545336 0.529380 0.546422 0.529977 0.548937 0.537991 0.549531 0.540417
8 0.564896 0.536944 0.556292 0.518528 0.554367 0.513917 0.556292 0.514662 0.558633 0.517782 0.560724 0.522838 0.567417 0.536815
8 0.575289 0.570972 0.572758 0.564671 0.572253 0.562616 0.572831 0.561204 0.573771 0.560306 0.574492 0.559792 0.575794 0.559532 0.577529 0.559315 0.579698 0.560343 0.579698 0.561074 0.577745 0.561074 0.575578 0.561333 0.575216 0.561588 0.574711 0.562231 0.574638 0.563130 0.577674 0.571097
8 0.585677 0.572731 0.583096 0.564713 0.581289 0.561884 0.579698 0.560343 0.577529 0.559315 0.576010 0.557898 0.575359 0.557000 0.574083 0.555167 0.574167 0.553528 0.573747 0.552491 0.576758 0.553384 0.578974 0.555074 0.581000 0.557773 0.581721 0.558671 0.582445 0.559315 0.586482 0.568204 0.589938 0.574921
8 0.567523 0.549838 0.573031 0.536495 0.577544 0.525569 0.578432 0.525505 0.578755 0.526148 0.578755 0.526787 0.577724 0.529106 0.574568 0.536157 0.573328 0.541065 0.570458 0.547662 0.569198 0.550481
8 0.560055 0.574519 0.558427 0.575083 0.558755 0.573181 0.558820 0.571407
8 0.560055 0.574519 0.558820 0.571407 0.558568 0.569417 0.558133 0.568514 0.557505 0.568412 0.548990 0.544162 0.551685 0.545625 0.557680 0.559736 0.562755 0.573560 0.561552 0.573838
2 0.526130 0.543273 0.519625 0.544176 0.519141 0.539375 0.518901 0.537491 0.520997 0.536977 0.522010 0.536977
2 0.542107 0.542375 0.529745 0.543019 0.525479 0.537620 0.525406 0.536463 0.526708 0.536208 0.526565 0.532736 0.527865 0.532736 0.528154 0.536593 0.534083 0.536079 0.541961 0.540319 0.542828 0.541347
2 0.548937 0.537991 0.570914 0.536708 0.568529 0.541333 0.553411 0.542130 0.551685 0.541208 0.549531 0.540417
2 0.574232 0.527838 0.571484 0.492370 0.560352 0.491343 0.563750 0.487227 0.574810 0.486843 0.582906 0.487741 0.583268 0.490569 0.581823 0.491083 0.573581 0.492500 0.575534 0.526042
2 0.574568 0.536157 0.577724 0.529106 0.582854 0.526528 0.587208 0.524282 0.585565 0.495894 0.586914 0.495551 0.587016 0.493495 0.584792 0.487463 0.585659 0.486097 0.587208 0.482130 0.588333 0.468926 0.588708 0.468514 0.589969 0.468593 0.590388 0.469259 0.590576 0.470667 0.589503 0.480042 0.589638 0.483366 0.591974 0.508773 0.593044 0.518588 0.594198 0.515657 0.594875 0.516176 0.595268 0.518407 0.593352 0.529005 0.592906 0.532005 0.592198 0.536157 0.591909 0.538338 0.589414 0.540588 0.587526 0.540463 0.584859 0.540565 0.583961 0.540690 0.580781 0.540648 0.576724 0.540681 0.575279 0.540681 0.573328 0.541065
8 0.593352 0.529005 0.594971 0.528333 0.595948 0.527699 0.598557 0.527699 0.599042 0.528042 0.599427 0.529588 0.597880 0.531134 0.596924 0.530949 0.594914 0.531671 0.593888 0.531505 0.593888 0.531505 0.592906 0.532005
8 0.594914 0.531671 0.596924 0.530949 0.599935 0.537204 0.609219 0.561139 0.609891 0.565574 0.610477 0.573454
8 0.592198 0.536157 0.592906 0.532005 0.593888 0.531505 0.594914 0.531671 0.610477 0.573454 0.610341 0.580495 0.598630 0.549009 0.593570 0.536157
8 0.591727 0.540255 0.591909 0.538338 0.592198 0.536157 0.593570 0.536157 0.598630 0.549009 0.610341 0.580495 0.610224 0.585204 0.608221 0.584241
8 0.591727 0.540255 0.608221 0.584241 0.604596 0.582352 0.589414 0.540588
8 0.589414 0.540588 0.604596 0.582352 0.602542 0.581292 0.587526 0.540463
8 0.587526 0.540463 0.602542 0.581292 0.599513 0.579764 0.584859 0.540565
8 0.588359 0.556796 0.591471 0.571130 0.587714 0.563940 0.585021 0.558199 0.586232 0.558444 0.587026 0.557949 0.587307 0.557037
8 0.583961 0.540690 0.590982 0.557778 0.599513 0.579764 0.596510 0.578236 0.594576 0.577231 0.590237 0.557051 0.589732 0.556667 0.588359 0.556796 0.587307 0.557037 0.587214 0.556287 0.586839 0.555625 0.580781 0.540648
8 0.580781 0.540648 0.586839 0.555625 0.582448 0.553056 0.581568 0.551088 0.576724 0.540681
8 0.582448 0.553056 0.586839 0.555625 0.587214 0.556287 0.587307 0.557037 0.587026 0.557949 0.586232 0.558444 0.585021 0.558199
8 0.570458 0.547662 0.575424 0.549282 0.577448 0.550829 0.579474 0.553139 0.580560 0.555194 0.576758 0.553384 0.572745 0.551977 0.570000 0.550648 0.569198 0.550481
8 0.589938 0.574921 0.586482 0.568204 0.580560 0.555194 0.579474 0.553139 0.577448 0.550829 0.575424 0.549282 0.572708 0.542731 0.573328 0.541065 0.575279 0.540681 0.576724 0.540681 0.581568 0.551088 0.587714 0.563940 0.591471 0.571130 0.592474 0.576204
8 0.592474 0.576204 0.588359 0.556796 0.589732 0.556667 0.590237 0.557051 0.594576 0.577231
8 0.607214 0.589514 0.606068 0.586250 0.607133 0.586829 0.608766 0.587579
8 0.606068 0.586250 0.607214 0.589514 0.605807 0.590926 0.603958 0.585231 0.604659 0.585588
8 0.603958 0.585231 0.605807 0.590926 0.604583 0.592176 0.602766 0.587454 0.601568 0.583796
8 0.601568 0.583796 0.602766 0.587454 0.604583 0.592176 0.603451 0.593278 0.601956 0.588880 0.599375 0.582546
8 0.599375 0.582546 0.601956 0.588880 0.603451 0.593278 0.602102 0.594639 0.600982 0.591069 0.598367 0.584019 0.597482 0.581528 0.598172 0.581852
8 0.597482 0.581528 0.598367 0.584019 0.600982 0.591069 0.602102 0.594639 0.600328 0.596630 0.598786 0.593060 0.596500 0.582866 0.595990 0.581019
8 0.626768 0.600356 0.631151 0.611032 0.631146 0.617440 0.629297 0.613241 0.629195 0.612398
8 0.629297 0.613241 0.631146 0.617440 0.631146 0.622917
8 0.638010 0.634815 0.632943 0.623472 0.632904 0.616731 0.637289 0.627343 0.637766 0.627625 0.638057 0.632301
8 0.627214 0.613472 0.617919 0.592042 0.618208 0.591519 0.618302 0.590023 0.617880 0.589611 0.617089 0.589361 0.616187 0.589111 0.614945 0.585944 0.612187 0.579028 0.612232 0.576727 0.611898 0.570037 0.611227 0.566194 0.615594 0.577602 0.624930 0.601097
8 0.612214 0.579028 0.614945 0.585944 0.616187 0.589111 0.614193 0.588282 0.612234 0.586954 0.611484 0.586065 0.612148 0.584606
8 0.611484 0.586065 0.612234 0.586954 0.614193 0.588282 0.617089 0.589361 0.617880 0.589611 0.618302 0.590023 0.618208 0.591519 0.617919 0.592042 0.614977 0.590944 0.610565 0.588116
8 0.598023 0.599125 0.593099 0.579630 0.595193 0.580625 0.595990 0.581019 0.596500 0.582866 0.599768 0.597097
8 0.583604 0.585588 0.581128 0.574356 0.583534 0.574852 0.584440 0.578880 0.585870 0.587060 0.586219 0.587991 0.586737 0.589236
8 0.588680 0.594995 0.589495 0.596421 0.590156 0.597847 0.591172 0.599352 0.591849 0.599815 0.592240 0.600324 0.592245 0.601384 0.592602 0.601880 0.592974 0.601546 0.593974 0.601657 0.591758 0.595287 0.590841 0.595671 0.589815 0.595574 0.589807 0.595616
8 0.589844 0.601157 0.591172 0.599352 0.591849 0.599815 0.592240 0.600324 0.592245 0.601384 0.591758 0.602625 0.590755 0.603426
8 0.617919 0.592042 0.627240 0.613565 0.629612 0.626375 0.631872 0.637231 0.629724 0.633481 0.624953 0.619602 0.618807 0.602509 0.614977 0.590944
8 0.631146 0.622917 0.631034 0.584264 0.631703 0.583671 0.632456 0.583671 0.632792 0.584861 0.632484 0.594398 0.632437 0.601120 0.632763 0.606347 0.632625 0.607921 0.632641 0.609495 0.632693 0.611940 0.632904 0.616731 0.632943 0.623472 0.633125 0.633366
8 0.634130 0.647343 0.631872 0.637231 0.629609 0.626296 0.624930 0.601097 0.625599 0.600356 0.626768 0.600356 0.629195 0.612398 0.633125 0.633366 0.635049 0.643032 0.635802 0.646750 0.636823 0.651250 0.637292 0.654213 0.635745 0.656088 0.635427 0.651759 0.634992 0.649870 0.634557 0.649319
8 0.586484 0.576134 0.587672 0.580356 0.589107 0.586241 0.591109 0.592310 0.591758 0.593171 0.591974 0.594324 0.591758 0.595287 0.593974 0.601657 0.594667 0.602898 0.596510 0.600852 0.589112 0.578389 0.588789 0.577236
8 0.588294 0.590352 0.585422 0.580134 0.584297 0.575579 0.586484 0.576134 0.587672 0.580356 0.589107 0.586241 0.591109 0.592310
8 0.583604 0.585588 0.586737 0.589236 0.591109 0.592310 0.591758 0.593171 0.591974 0.594324 0.591758 0.595287 0.590841 0.595671 0.589815 0.595574 0.588680 0.594995 0.586164 0.592329
8 0.389643 0.226218 0.384375 0.213889 0.385391 0.213699 0.390443 0.224491
8 0.388193 0.232852 0.380286 0.214583 0.381031 0.214500 0.388620 0.231806
8 0.596510 0.600852 0.589112 0.578389 0.588789 0.577236 0.590083 0.577620 0.591164 0.578676 0.596250 0.594028 0.598023 0.599125
8 0.594451 0.605426 0.594224 0.607991 0.594224 0.609546 0.593911 0.610991 0.593161 0.611657 0.591977 0.611769 0.590977 0.610769 0.590198 0.609722 0.590443 0.608745 0.589341 0.606787 0.586102 0.598880 0.576419 0.574111 0.578354 0.574111 0.579417 0.574778 0.586164 0.592329 0.590977 0.603991 0.591914 0.606213 0.592477 0.604880 0.592602 0.601880 0.592974 0.601546 0.593974 0.601657 0.594667 0.602898
8 0.594667 0.602898 0.599768 0.597097 0.607214 0.589514 0.609724 0.586394 0.610224 0.585204 0.610477 0.573454 0.609891 0.565574 0.609219 0.561139 0.610138 0.562329 0.610893 0.563370 0.611227 0.566194 0.611898 0.570037 0.612232 0.576727 0.612148 0.584606 0.610565 0.588116 0.609258 0.589449 0.607956 0.591764 0.605234 0.594259 0.604349 0.595708 0.602615 0.597125 0.601602 0.598023 0.600807 0.599435 0.595820 0.604431 0.594451 0.605426
8 0.629724 0.633481 0.631872 0.637231 0.634115 0.647315 0.632891 0.647222 0.629245 0.644829 0.626753 0.639190 0.627547 0.638157 0.627474 0.636745 0.628784 0.635921 0.629578 0.634894
8 0.614977 0.590944 0.618807 0.602509 0.624953 0.619602 0.629724 0.633481 0.629578 0.634894 0.628784 0.635921 0.627474 0.636745 0.626969 0.634560 0.620180 0.617287 0.621193 0.617287 0.621844 0.616130 0.621771 0.614977 0.610565 0.588116
8 0.610565 0.588116 0.621771 0.614977 0.621844 0.616130 0.621193 0.617287 0.620180 0.617287 0.609258 0.589449
2 0.464078 0.212338 0.463310 0.207926 0.464471 0.207412 0.464464 0.208657 0.465062 0.209676 0.465479 0.210556 0.466104 0.212685 0.466104 0.213750 0.466052 0.214769
2 0.447482 0.172116 0.443427 0.153935 0.444542 0.153560 0.444633 0.153185 0.445302 0.156009 0.452448 0.178796
2 0.455297 0.193431 0.457552 0.196574 0.458247 0.198889 0.458760 0.200394 0.459031 0.201296 0.459214 0.203602 0.457708 0.203657 0.456927 0.201759 0.454583 0.197500 0.453359 0.195648 0.453177 0.194259 0.451771 0.188519 0.452109 0.188921
2 0.415836 0.214889 0.416443 0.213810 0.418021 0.210046 0.418602 0.211204 0.419539 0.212917 0.420711 0.216111 0.421568 0.218333 0.421932 0.219676 0.417026 0.217338 0.416380 0.215880
2 0.420625 0.199120 0.420552 0.195870 0.420203 0.190912 0.421708 0.193051 0.427799 0.202375 0.427260 0.202389 0.421818 0.201648
1 0.399930 0.301079 0.395859 0.300972 0.392766 0.297481 0.390909 0.295616 0.391143 0.292139 0.393620 0.293875 0.398359 0.299019 0.399128 0.299884 0.399427 0.299907
2 0.376487 0.255880 0.377115 0.255449 0.378021 0.255324 0.378823 0.255759 0.379484 0.256500 0.379799 0.257306 0.379818 0.259310 0.378932 0.259958 0.378594 0.261856 0.378854 0.262875 0.379427 0.263755 0.380000 0.263894 0.380573 0.263889 0.380305 0.265023 0.381805 0.266574 0.381927 0.267657 0.381159 0.268028 0.380253 0.268278 0.379417 0.268153 0.376411 0.259060
1 0.391224 0.290218 0.391521 0.286292 0.392615 0.286662 0.394021 0.287310 0.394984 0.287588 0.395117 0.287366 0.395937 0.290505 0.398464 0.297407 0.396617 0.295111
2 0.435432 0.421218 0.437266 0.418819 0.437440 0.419505 0.437755 0.419625 0.438138 0.419565 0.438185 0.425282 0.437766 0.426032 0.437206 0.427440 0.436568 0.425171
2 0.437917 0.394861 0.436620 0.394787 0.436221 0.391181 0.436117 0.390731 0.435651 0.387046 0.436737 0.387208 0.437219 0.387421 0.437820 0.387796 0.439146 0.388014 0.439719 0.388120 0.439201 0.389907 0.438516 0.391704
2 0.440286 0.389769 0.440523 0.390319 0.441010 0.391185 0.441779 0.392486 0.442336 0.393727 0.442685 0.394222 0.442388 0.397509 0.441984 0.396648 0.441622 0.396005 0.441258 0.395505 0.439888 0.395144 0.438880 0.395000 0.439281 0.393421 0.439969 0.390625
1 0.450042 0.412458 0.449380 0.411551 0.447633 0.409940 0.444771 0.407583 0.443987 0.406727 0.443982 0.404245 0.444193 0.400093 0.444818 0.400093 0.445365 0.400046 0.445521 0.400000 0.448161 0.406574 0.450151 0.411824 0.450826 0.413421
2 0.449531 0.417500 0.449797 0.416921 0.450375 0.415727 0.450646 0.415727 0.451279 0.415083 0.452138 0.414269 0.452622 0.413981 0.453589 0.413264 0.454396 0.413194 0.454919 0.413194 0.455888 0.413625 0.456211 0.414773 0.456253 0.416278 0.455888 0.418356 0.455203 0.420005 0.454437 0.422157 0.453630 0.423949 0.452742 0.426389 0.450404 0.427606 0.450120 0.426963 0.449839 0.425097 0.449758 0.423088 0.449919 0.421153 0.449839 0.419792
1 0.453060 0.413676 0.452536 0.410639 0.452255 0.408778 0.452620 0.408130 0.452776 0.407528 0.453021 0.406759 0.453302 0.407542 0.454036 0.409463 0.455151 0.412375 0.455570 0.413491 0.454919 0.413194 0.454396 0.413194 0.453589 0.413264
2 0.446839 0.424759 0.446854 0.426194 0.446609 0.427500 0.446609 0.429111 0.444146 0.430037 0.444086 0.422838 0.444331 0.422963 0.444818 0.423394 0.445586 0.423704 0.446281 0.424264
1 0.446750 0.416898 0.447794 0.416028 0.448427 0.415759 0.449862 0.415727 0.449797 0.416921 0.449531 0.417500 0.449422 0.418810 0.449151 0.420153 0.448698 0.421116 0.448307 0.421546 0.447607 0.422157 0.447294 0.421537 0.446875 0.421102 0.445549 0.419986 0.446260 0.419690 0.446888 0.419440 0.447445 0.419315 0.448073 0.419009 0.448458 0.418699 0.448771 0.418264 0.449120 0.417333 0.449016 0.416963 0.448875 0.416838 0.448422 0.416778 0.448039 0.416778 0.447482 0.416713
2 0.553073 0.402731 0.552818 0.397963 0.552409 0.396991 0.551724 0.395935 0.551495 0.395366 0.551404 0.392852 0.551768 0.391227 0.552453 0.390495 0.553185 0.390903 0.553732 0.391958 0.554052 0.393093 0.554781 0.393824 0.555833 0.394394 0.556490 0.395796 0.555583 0.396500 0.554872 0.398463 0.555474 0.400440 0.554245 0.401083 0.553854 0.404491
2 0.542943 0.468421 0.543924 0.471676 0.544732 0.473898 0.545055 0.475046 0.545500 0.476912 0.542365 0.478829 0.539016 0.470954 0.537990 0.469806 0.537266 0.470046 0.533255 0.457870
2 0.542927 0.447259 0.544281 0.451491 0.540961 0.447435 0.541224 0.447269 0.542107 0.447065
2 0.527997 0.328968 0.527289 0.326931 0.525083 0.321963 0.525786 0.319852 0.527622 0.312074 0.528594 0.310542 0.529568 0.311500 0.530107 0.312556 0.530161 0.313898 0.529997 0.315338 0.529513 0.317454 0.529458 0.318986 0.529057 0.319861 0.528560 0.319750 0.528060 0.320306 0.527622 0.321528 0.527247 0.322972 0.527247 0.324528
2 0.509677 0.286213 0.510219 0.284389 0.510867 0.284005 0.511784 0.285444 0.512919 0.285639 0.513781 0.285060 0.514701 0.284199 0.515401 0.283815 0.515997 0.283620 0.516719 0.283704 0.517135 0.285926 0.516807 0.289477 0.516482 0.293894 0.516643 0.297060 0.517563 0.298787 0.517943 0.300324 0.517453 0.300708 0.515349 0.300421 0.514495 0.298523
2 0.419042 0.207546 0.420172 0.204625 0.421596 0.207139 0.421526 0.208315 0.422323 0.215787 0.421336 0.212639 0.420451 0.210278 0.419432 0.208102
2 0.426625 0.249444 0.430651 0.260787 0.430859 0.261296 0.433885 0.259917 0.433201 0.253389 0.431224 0.234532 0.430659 0.229153 0.430094 0.229079 0.427971 0.241356 0.428766 0.244259 0.429510 0.246833 0.430352 0.249486 0.431284 0.252227 0.432172 0.254134 0.432872 0.255625 0.432685 0.256625 0.431891 0.256208 0.430677 0.254630 0.428904 0.249403 0.427594 0.243852
2 0.448151 0.265648 0.448674 0.264940 0.449646 0.263884 0.450565 0.262829 0.451266 0.262731 0.451969 0.263306 0.451688 0.264023 0.451727 0.266963 0.451484 0.268903 0.451849 0.274421 0.450568 0.272028 0.446839 0.266574
2 0.459010 0.268148 0.459055 0.260523 0.460323 0.261134 0.464005 0.262713 0.468482 0.274130 0.468622 0.276949 0.469271 0.282037 0.464427 0.275787 0.461549 0.272037
2 0.474245 0.269444 0.472917 0.266065 0.475313 0.266713 0.479758 0.276676 0.486891 0.293213 0.490432 0.307602 0.487544 0.305162 0.485807 0.303704 0.485461 0.299579 0.484398 0.296245 0.479836 0.283583 0.477151 0.276810
2 0.483672 0.301389 0.481128 0.300190 0.479240 0.293949 0.477188 0.288671 0.476102 0.288056 0.475992 0.286616 0.475669 0.285755 0.473299 0.279454 0.474326 0.280032 0.474487 0.278880 0.474271 0.276574 0.469951 0.268032 0.467190 0.264046 0.470495 0.265231 0.476964 0.280917
2 0.457698 0.281727 0.458531 0.281069 0.460953 0.281213 0.462161 0.281431 0.464461 0.285375 0.464542 0.287667 0.464299 0.288889 0.464036 0.291528 0.463453 0.293046 0.463049 0.294981 0.462242 0.295412 0.460992 0.294838 0.459703 0.294407 0.459128 0.285444 0.459581 0.284454 0.459128 0.283278 0.458846 0.282843 0.458359 0.282222
2 0.470828 0.303977 0.470391 0.305310 0.469266 0.304199 0.469328 0.297204 0.467453 0.296648 0.467328 0.300421 0.465953 0.296870 0.464828 0.293648 0.464023 0.291472 0.464299 0.288889 0.464542 0.287667 0.464461 0.285375 0.466042 0.288190 0.469245 0.293009 0.470560 0.295032 0.472484 0.297412
2 0.470956 0.322593 0.471625 0.321194 0.472490 0.320426 0.472326 0.318125 0.471786 0.315435 0.471625 0.312940 0.472057 0.310829 0.472435 0.310921 0.473893 0.309866 0.474755 0.309102 0.475404 0.310060 0.475674 0.310444 0.475740 0.313181 0.475633 0.315907 0.474971 0.320185 0.474378 0.323347 0.473924 0.325269 0.473508 0.326505 0.472984 0.327560 0.472286 0.326106 0.471802 0.324741
2 0.466901 0.317269 0.465206 0.315787 0.463148 0.313931 0.461930 0.312870 0.460500 0.311324 0.460255 0.302708 0.460745 0.302769 0.461826 0.304505 0.462591 0.305745 0.464266 0.305815 0.464893 0.306116 0.465555 0.307481 0.466008 0.308787 0.466672 0.310329 0.467612 0.310833 0.467664 0.315278 0.465792 0.311259 0.464784 0.309468 0.463896 0.308894 0.463495 0.309255 0.463576 0.310185 0.464260 0.311690 0.465068 0.313269 0.466641 0.316495
2 0.448047 0.343241 0.448516 0.344537 0.449063 0.345787 0.449323 0.347407 0.449583 0.347963 0.450495 0.347130 0.451823 0.346806 0.452943 0.347269 0.454141 0.348472 0.454818 0.350185 0.455026 0.351667 0.452010 0.351884 0.451568 0.354940 0.455286 0.354954 0.455234 0.355926 0.454896 0.357685 0.454714 0.359907 0.453828 0.360648 0.453151 0.360000 0.452266 0.357778 0.451380 0.355509 0.450599 0.355972 0.449948 0.356944 0.449479 0.358750 0.448938 0.362097 0.447922 0.350171 0.447456 0.345273 0.447315 0.344111 0.447362 0.343287
2 0.449445 0.428116 0.446609 0.429111 0.446609 0.427500 0.446854 0.426194 0.447411 0.424773 0.448180 0.423593 0.449919 0.421153 0.449758 0.423088 0.449839 0.425097 0.450120 0.426963 0.450404 0.427606
2 0.457279 0.411509 0.459029 0.409662 0.460195 0.411486 0.460680 0.412690 0.460922 0.413120 0.462214 0.415773 0.462414 0.416356 0.462083 0.417269 0.460922 0.418287 0.460357 0.421370 0.457982 0.422708 0.453794 0.425819 0.452742 0.426389 0.453630 0.423949 0.454437 0.422157 0.455203 0.420005 0.455888 0.418356 0.456253 0.416278 0.456211 0.414773 0.455888 0.413625 0.456440 0.413306 0.456930 0.412810 0.457208 0.412250
2 0.504448 0.414287 0.506510 0.413657 0.510273 0.412648 0.511956 0.411981 0.513169 0.411403 0.513961 0.411569 0.514336 0.414139 0.514148 0.415718 0.514008 0.417130 0.513773 0.418125 0.512935 0.419449 0.511815 0.420032 0.510089 0.420032 0.508081 0.419866 0.506073 0.419866 0.504859 0.419866
2 0.481073 0.411685 0.481352 0.408463 0.481422 0.407532 0.481771 0.406222 0.482677 0.407278 0.483234 0.406907 0.483966 0.404986 0.483828 0.404120 0.484063 0.403796 0.487086 0.411565
2 0.526536 0.442176 0.526497 0.440963 0.526393 0.439597 0.526672 0.438171 0.526987 0.437241 0.527188 0.436250 0.529135 0.438509 0.533125 0.443472 0.532432 0.443486 0.532182 0.443819 0.532745 0.445153 0.533995 0.447708 0.536120 0.451042 0.542068 0.460204 0.534130 0.452324 0.530992 0.445565 0.528380 0.439884 0.527750 0.440181
2 0.464453 0.413843 0.465107 0.410542 0.465589 0.408894 0.466060 0.408079 0.466060 0.407194 0.466060 0.406644 0.465904 0.406181 0.465643 0.405852 0.465148 0.405486 0.464602 0.404838 0.464542 0.403657 0.464096 0.402653 0.463250 0.402296 0.462484 0.403009 0.462000 0.404301 0.461112 0.406380 0.461654 0.409259 0.463273 0.411852
2 0.451380 0.355509 0.453227 0.362472 0.452911 0.363463 0.452562 0.365755 0.452354 0.367241 0.452076 0.364764 0.451448 0.363398 0.450820 0.363028 0.450471 0.364204 0.449479 0.358750 0.449948 0.356944 0.450599 0.355972
2 0.453875 0.363912 0.457755 0.373449 0.457885 0.381968 0.454794 0.377097 0.455005 0.374806 0.454898 0.374060 0.454307 0.372944 0.454167 0.372634 0.454062 0.371644 0.453750 0.369472 0.453643 0.367736 0.453609 0.365755 0.453609 0.364389
2 0.462424 0.382593 0.464216 0.382495 0.464299 0.383731 0.462630 0.384213 0.460938 0.387315 0.460547 0.388380 0.460104 0.388796 0.460026 0.387546 0.460312 0.386713 0.460938 0.385324 0.461641 0.383843
2 0.462479 0.367542 0.463333 0.368287 0.464531 0.369213 0.466172 0.370093 0.466771 0.370741 0.466823 0.372361 0.465341 0.371741 0.464352 0.371694 0.463047 0.370630 0.461122 0.369856 0.460938 0.369444 0.460833 0.368704 0.460784 0.367565 0.461393 0.367444
2 0.444328 0.351370 0.443599 0.351509 0.443026 0.351741 0.442792 0.359194 0.441516 0.359194 0.441307 0.358407 0.441359 0.352667 0.440500 0.355213 0.439745 0.358269 0.439380 0.358778 0.438339 0.358963 0.437557 0.359611 0.436698 0.360815 0.436464 0.363269 0.436490 0.366602 0.436984 0.369426 0.438260 0.371046 0.438859 0.371648 0.438911 0.372343 0.438943 0.373903 0.439232 0.374616 0.439516 0.375759 0.440443 0.377051 0.441169 0.377556 0.441612 0.377769 0.441812 0.378273 0.442193 0.377343 0.442323 0.376046 0.442714 0.374333 0.442714 0.372343 0.442521 0.369745 0.441917 0.367546 0.441737 0.365083 0.442430 0.362833 0.443424 0.361546 0.444750 0.360958 0.446167 0.360958 0.447409 0.361204 0.446849 0.355565 0.447128 0.355148 0.447034 0.353157 0.446521 0.351995 0.446195 0.350917 0.445482 0.350106 0.445169 0.351218 0.444440 0.351218
2 0.449063 0.345787 0.451406 0.334259 0.451953 0.333889 0.452344 0.336389 0.452552 0.338796 0.452344 0.340648 0.450495 0.347130 0.449583 0.347963 0.449323 0.347407
2 0.452000 0.346806 0.453224 0.345833 0.453771 0.344722 0.453875 0.342963 0.453667 0.341065 0.453224 0.338426 0.452677 0.336574 0.452937 0.335000 0.453953 0.334769 0.454891 0.336019 0.455307 0.338333 0.455958 0.347407 0.455854 0.348102 0.455411 0.348287 0.454141 0.348472 0.452943 0.347269
2 0.486510 0.413380 0.487354 0.414329 0.487667 0.415352 0.486937 0.416741 0.485583 0.417389 0.482276 0.417338 0.479411 0.417389 0.477432 0.417574 0.477276 0.414940 0.479862 0.413588
2 0.481690 0.348968 0.485776 0.356222 0.488060 0.359454 0.487919 0.358648 0.487880 0.357657 0.487849 0.356727 0.487919 0.355611 0.488021 0.354991 0.488477 0.353690 0.488930 0.353134 0.489635 0.352130 0.487906 0.349810 0.485953 0.347454 0.484911 0.346542 0.483057 0.344676 0.483044 0.347310 0.482437 0.348556
2 0.449992 0.320972 0.449193 0.322870 0.448854 0.324259 0.448151 0.325926 0.447240 0.327222 0.446190 0.329491 0.445279 0.316574 0.447336 0.313287
2 0.443255 0.295880 0.445391 0.296528 0.446042 0.296898 0.446224 0.298287 0.446146 0.299815 0.446120 0.301111 0.447292 0.303565 0.448203 0.305231 0.448672 0.307361 0.448568 0.310787 0.446198 0.304028
2 0.456813 0.320995 0.457115 0.325657 0.458018 0.326083 0.458622 0.325870 0.459073 0.326727 0.459242 0.339648 0.458906 0.338472 0.453763 0.324972 0.454333 0.324597 0.455299 0.323472 0.456232 0.321921
2 0.489187 0.441468 0.489880 0.441523 0.490859 0.441685 0.491792 0.441023 0.492445 0.440194 0.493005 0.438949 0.493052 0.437375 0.492867 0.434968 0.493565 0.434551 0.494948 0.446296 0.492198 0.446856 0.489128 0.443366 0.489307 0.442329
2 0.495904 0.438958 0.496583 0.438958 0.497315 0.438815 0.497961 0.438458 0.499810 0.443949 0.499268 0.444060 0.498664 0.444435 0.498214 0.445130 0.497852 0.445884 0.496667 0.445968
2 0.491789 0.423519 0.494266 0.430236 0.493474 0.430319 0.493146 0.430819 0.493333 0.432810 0.493565 0.434551 0.492867 0.434968 0.493052 0.437375 0.493005 0.438949 0.492445 0.440194 0.491792 0.441023 0.490859 0.441685 0.489880 0.441523 0.489187 0.441468 0.481805 0.431144 0.478539 0.426338 0.478826 0.426250 0.481221 0.425958 0.482430 0.425815 0.484083 0.425745 0.487755 0.425315 0.489167 0.424954 0.489974 0.424236 0.490497 0.423736
2 0.478940 0.516537 0.478141 0.515852 0.477513 0.515111 0.477128 0.513190 0.476990 0.511083 0.477388 0.504347 0.477760 0.502773 0.477951 0.501940 0.478542 0.502083 0.479036 0.501713 0.479427 0.501019 0.482891 0.494861 0.483646 0.493287 0.480867 0.507162
2 0.476841 0.527046 0.474250 0.521574 0.472237 0.518338 0.473531 0.515171 0.475591 0.521602
2 0.482646 0.525630 0.483737 0.526519 0.484802 0.527514 0.485359 0.528250 0.485859 0.530032 0.485831 0.530972 0.485568 0.531866 0.485094 0.532338 0.484193 0.532727 0.483096 0.534028 0.482971 0.531875
2 0.492029 0.548028 0.493055 0.548796 0.494349 0.548986 0.494891 0.549662 0.496888 0.553500 0.497589 0.555995 0.498130 0.557819 0.498292 0.559454 0.498237 0.560125 0.498021 0.560699 0.497281 0.559722 0.494633 0.555583 0.493229 0.551574
2 0.478021 0.534944 0.477779 0.535806 0.477055 0.536954 0.476690 0.538889 0.476893 0.540250 0.477698 0.540750 0.478547 0.540968 0.479555 0.539463 0.479917 0.538528
2 0.483828 0.552338 0.485016 0.552338 0.485276 0.553259 0.487839 0.560037 0.490464 0.569477 0.493273 0.577139 0.492810 0.578986 0.489786 0.572750 0.485953 0.565454 0.484518 0.562616 0.484172 0.555736
9 0.498018 0.587375 0.498719 0.587046 0.499419 0.586380 0.499839 0.585634 0.500586 0.584968 0.501268 0.589338 0.499211 0.592801 0.498648 0.590023
9 0.502078 0.582481 0.502872 0.581981 0.503945 0.580819 0.504740 0.579657 0.505073 0.582009 0.505286 0.582731 0.504865 0.583620 0.502724 0.587417 0.502563 0.585787
2 0.479112 0.554097 0.480607 0.554097 0.482044 0.554065 0.481586 0.556833 0.481445 0.557829 0.481026 0.559241
9 0.511984 0.570319 0.510792 0.572588 0.510583 0.571907 0.510583 0.569986 0.510687 0.569241 0.511344 0.568593 0.512510 0.567681 0.512745 0.567259 0.512987 0.567134 0.513302 0.567319 0.513464 0.567500
2 0.518182 0.571819 0.519141 0.572782 0.520029 0.574111 0.520870 0.574856 0.521430 0.578755 0.521430 0.582819 0.521216 0.586199 0.521005 0.584773 0.520062 0.579815 0.519224 0.575912
2 0.509648 0.450801 0.509607 0.451606 0.509745 0.452597 0.509990 0.453403 0.510094 0.454208 0.509990 0.454769 0.509607 0.454954 0.508839 0.455014 0.508620 0.453523 0.507977 0.449889 0.509273 0.449162
2 0.510258 0.484875 0.508565 0.483227 0.506911 0.481648 0.506253 0.480343 0.506625 0.479514 0.507044 0.477935 0.507138 0.476856 0.506951 0.476444 0.506831 0.475481 0.506708 0.474190 0.507193 0.474190 0.507880 0.475407 0.508523 0.476556 0.508969 0.477347 0.509615 0.478708 0.510057 0.479569 0.510500 0.485093
2 0.502245 0.504546 0.503833 0.505843 0.505578 0.507926 0.506411 0.508991 0.506542 0.509315 0.506620 0.510102 0.506646 0.511259 0.506516 0.512231 0.506385 0.512741 0.505109 0.511046 0.502573 0.507731 0.502422 0.505963
2 0.523216 0.580528 0.523854 0.580685 0.524630 0.581412 0.525865 0.582958 0.527464 0.589782 0.527943 0.593565 0.522409 0.588236 0.523203 0.581694
2 0.524896 0.565324 0.525216 0.564551 0.525773 0.563782 0.526760 0.563639 0.527352 0.564199 0.527826 0.565111 0.528966 0.566866 0.530115 0.568269 0.531260 0.569185 0.531953 0.571065 0.531612 0.573463 0.531299 0.575426 0.531102 0.577394 0.530742 0.578162 0.530229 0.578236 0.528133 0.573037
2 0.553698 0.599764 0.554656 0.599398 0.555523 0.600370 0.556667 0.602236 0.558766 0.605324 0.560638 0.608977 0.560776 0.610278 0.560411 0.612060 0.560229 0.614495 0.560000 0.615472 0.559680 0.616366 0.557052 0.608819
2 0.562086 0.623139 0.560625 0.616616 0.560229 0.614495 0.560411 0.612060 0.560776 0.610278 0.560638 0.608977 0.563867 0.615556 0.567865 0.623083 0.567805 0.625801 0.566721 0.626676 0.565990 0.627870 0.566206 0.629157 0.565612 0.629486 0.565380 0.632606
2 0.546036 0.668713 0.546828 0.667056 0.548320 0.666222 0.549302 0.666139 0.549862 0.667139 0.550701 0.671699 0.550185 0.672921 0.548203 0.677824 0.547818 0.675912
2 0.615260 0.744954 0.615870 0.743829 0.616477 0.742583 0.617083 0.740343 0.618016 0.736940 0.619323 0.732958 0.620862 0.729806 0.621422 0.730139 0.621096 0.731218 0.620070 0.733458 0.618529 0.737606 0.617409 0.741921 0.616477 0.745403 0.616242 0.747148 0.615870 0.748722 0.615443 0.749769 0.614878 0.750343 0.614328 0.750713 0.613396 0.751130 0.612417 0.751213 0.611299 0.750681 0.612000 0.749106 0.612466 0.748278 0.613260 0.747444 0.614333 0.746449
2 0.603492 0.714412 0.604672 0.715060 0.608440 0.720255 0.608159 0.720255 0.608036 0.721903 0.607174 0.720366 0.606448 0.719792 0.605279 0.719648 0.604148 0.719505 0.603404 0.719630 0.602930 0.718579 0.603818 0.717579 0.603924 0.715755
2 0.626875 0.686806 0.626687 0.687481 0.626174 0.688148 0.625521 0.688644 0.624495 0.688810 0.623654 0.688727 0.622333 0.684250
10 0.647190 0.737370 0.644753 0.737370 0.644378 0.735148 0.643503 0.734259 0.642628 0.734481 0.642505 0.736796 0.639878 0.736370 0.639878 0.733481 0.640128 0.729926 0.640378 0.724819 0.640190 0.719042 0.640130 0.717361 0.641357 0.718347 0.642586 0.719759 0.643305 0.721426 0.644318 0.724639 0.645255 0.726319 0.646417 0.726824 0.647581 0.727208 0.647997 0.729292 0.648727 0.729144
10 0.640411 0.712042 0.640698 0.709514 0.639596 0.707403 0.639758 0.705588 0.640245 0.702699 0.641594 0.698861 0.643000 0.696940 0.645430 0.695116 0.647805 0.694259 0.650451 0.693866 0.651854 0.693866 0.654500 0.694634 0.652740 0.701356 0.651607 0.705773 0.651042 0.713977 0.650391 0.713338 0.648727 0.711921 0.646049 0.711019 0.643229 0.711148
2 0.641245 0.673861 0.646211 0.671653 0.647576 0.670903 0.648451 0.672347 0.650638 0.674569 0.650146 0.683315 0.649711 0.685699 0.647703 0.685880 0.646849 0.686213 0.646305 0.685486 0.645586 0.685241 0.643685 0.684944 0.643622 0.682389 0.642935 0.677944 0.642247 0.675833
2 0.656385 0.678898 0.655747 0.682764 0.655378 0.683329 0.655219 0.687208 0.653677 0.686380 0.651672 0.685551 0.652135 0.675833 0.654323 0.677569
2 0.656797 0.668292 0.657859 0.671588 0.657859 0.673088 0.655904 0.672903 0.655378 0.673653 0.654742 0.674968 0.652013 0.672236 0.649401 0.669907 0.651125 0.669444 0.654745 0.668676
2 0.639370 0.662935 0.642932 0.663505 0.645945 0.663667 0.646313 0.664722 0.647042 0.666588 0.646482 0.666759 0.643891 0.668005 0.640867 0.670023 0.639310 0.664171
2 0.639122 0.672611 0.636354 0.673528 0.635643 0.662972 0.636898 0.662824
2 0.624945 0.576769 0.623789 0.577667 0.622703 0.578824 0.621982 0.577023 0.622849 0.575866 0.623789 0.574708 0.624396 0.573222 0.626083 0.573444 0.627763 0.575481 0.628849 0.576509 0.629138 0.577023 0.629281 0.577537 0.628849 0.578181 0.626969 0.577282
2 0.563021 0.473796 0.566128 0.473588 0.568440 0.474810 0.570875 0.476699 0.572812 0.477921 0.574458 0.479102 0.575112 0.479764 0.575437 0.480514 0.575857 0.481426 0.576604 0.481921 0.577398 0.481755 0.577586 0.480843 0.577539 0.479931 0.578534 0.479736 0.578706 0.481009 0.578312 0.482588 0.577625 0.483699 0.577313 0.484806 0.576625 0.487028 0.574810 0.486843 0.573568 0.486852 0.563690 0.474755
2 0.595820 0.604431 0.596797 0.606019 0.597214 0.606343 0.597865 0.606065 0.598516 0.604537 0.599401 0.603981 0.600469 0.604167 0.600990 0.604306 0.601484 0.603750 0.601385 0.602778 0.600734 0.600722 0.600807 0.599435
2 0.585674 0.646639 0.590154 0.642852 0.588617 0.639657 0.587060 0.638722 0.583797 0.640880
2 0.598919 0.622398 0.598047 0.629306 0.597682 0.632685 0.596432 0.635880 0.594245 0.639583 0.592266 0.635324 0.592656 0.634028 0.593516 0.633148 0.594896 0.633056 0.595547 0.631296 0.596016 0.628704 0.596250 0.625694
2 0.571375 0.652671 0.576721 0.647162 0.578630 0.645259 0.579792 0.644764 0.581065 0.644634 0.581633 0.643384 0.582198 0.640866 0.577474 0.633208 0.583073 0.636116 0.583573 0.636523 0.583862 0.637394 0.583776 0.639296 0.582880 0.642329 0.582474 0.644954 0.582057 0.646759 0.581464 0.648602 0.581664 0.649218 0.582359 0.650194 0.575508 0.657032 0.574870 0.657750 0.573635 0.658838 0.573331 0.657606 0.572974 0.654981 0.572581 0.654074 0.572250 0.653486
2 0.566823 0.656866 0.568617 0.659796 0.569802 0.661185 0.570495 0.662991 0.574417 0.662171 0.572732 0.659838 0.572607 0.657727 0.572482 0.655616 0.571482 0.654505 0.569982 0.653949 0.569570 0.653806 0.568750 0.653694 0.567695 0.655968
2 0.536404 0.542713 0.538250 0.549778 0.538182 0.550708 0.536263 0.553185 0.535594 0.552019 0.534367 0.549838 0.533138 0.548236 0.531724 0.542903
2 0.538250 0.549778 0.541820 0.561310 0.541924 0.562426 0.541786 0.563106 0.537721 0.555657 0.536263 0.553185 0.538182 0.550708
2 0.575076 0.600440 0.577091 0.600880 0.578258 0.601213 0.580172 0.605278 0.581057 0.606935 0.580917 0.608097 0.579891 0.607847 0.578211 0.606769 0.576716 0.605856 0.575318 0.605194 0.574516 0.604255 0.574701 0.603593
2 0.554081 0.574231 0.554440 0.579551 0.555690 0.578472 0.556383 0.576625 0.556383 0.575069 0.556008 0.573847 0.555568 0.572523 0.555820 0.570519 0.555089 0.570653 0.554099 0.571347
2 0.586680 0.613227 0.590404 0.617486 0.593867 0.619986 0.595378 0.619431 0.596211 0.618366 0.595846 0.617301 0.588919 0.611329
2 0.605570 0.666037 0.607557 0.664935 0.613404 0.662347 0.616979 0.675833 0.616224 0.675694 0.615911 0.675833 0.615260 0.675972 0.614635 0.676389 0.610831 0.673977 0.609451 0.673444
2 0.605573 0.650000 0.610495 0.653056 0.611469 0.656458 0.612172 0.656551 0.613422 0.655625 0.614141 0.657083 0.610083 0.659120 0.604635 0.661435
2 0.582052 0.657593 0.583094 0.659213 0.584656 0.660972 0.585594 0.661991 0.586328 0.664028 0.585625 0.665324 0.584453 0.666944 0.579758 0.667412 0.579245 0.665750 0.579135 0.664380 0.578891 0.663514 0.578328 0.662583 0.577461 0.661472 0.579448 0.659731
2 0.499638 0.494218 0.495237 0.489819 0.494091 0.488106 0.492971 0.485653 0.492581 0.483153 0.492633 0.481671 0.493727 0.480745 0.495159 0.480745 0.496122 0.481301 0.496279 0.482968 0.496826 0.485282 0.499039 0.488060 0.499477 0.492403
2 0.483943 0.503306 0.484914 0.501944 0.485839 0.500796 0.486367 0.500509 0.487971 0.500157 0.488951 0.501486 0.489604 0.502810 0.490070 0.504056 0.490443 0.505218 0.491078 0.505282 0.492266 0.511389 0.489378 0.509347 0.489052 0.507954 0.487875 0.507722 0.486763 0.508769 0.486438 0.511208 0.486633 0.512718 0.487026 0.513995 0.488464 0.514463 0.491797 0.516088 0.491159 0.517088 0.490555 0.518162 0.490109 0.519597 0.489586 0.520384 0.488536 0.520171 0.487409 0.519167 0.486318 0.518449 0.485594 0.518162 0.484625 0.518523 0.484021 0.518954 0.483656 0.518954 0.482924 0.517440 0.482971 0.516278 0.482971 0.515366 0.482784 0.515032 0.481617 0.514620 0.483474 0.505787
8 0.468133 0.320727 0.467969 0.330134 0.468893 0.330366 0.469432 0.329787 0.469531 0.323935
8 0.463016 0.324653 0.463203 0.323935 0.463724 0.324213 0.467292 0.330787 0.467034 0.331213 0.466896 0.332792 0.466617 0.332190 0.464547 0.327694 0.464258 0.327051 0.463448 0.326282
8 0.495745 0.298574 0.494148 0.288259 0.494651 0.287366 0.495240 0.288037 0.497089 0.297301 0.499083 0.306616 0.498250 0.306847
8 0.475969 0.252759 0.484135 0.276407 0.484135 0.278065 0.483076 0.278097
8 0.467083 0.355231 0.467206 0.350491 0.467701 0.349750 0.468352 0.349981 0.469393 0.353685 0.469185 0.356787 0.468062 0.356023
8 0.490878 0.375861 0.492727 0.373269 0.493143 0.373917 0.493169 0.375213 0.492177 0.377625
8 0.450372 0.308519 0.447839 0.297315 0.447813 0.296759 0.448776 0.295648 0.449023 0.296509 0.451406 0.304907 0.451065 0.307875
2 0.550411 0.772685 0.551060 0.770861 0.552411 0.769037 0.553544 0.767792 0.554786 0.767120 0.559302 0.783481 0.560185 0.789153 0.557781 0.785005 0.554031 0.779093
2 0.560469 0.779074 0.562253 0.780731 0.564190 0.782176 0.568125 0.784176 0.570438 0.784843 0.571563 0.784620 0.572313 0.784398 0.570930 0.796972 0.564234 0.800907 0.562414 0.788009
2 0.561641 0.763056 0.564135 0.762176 0.568492 0.761097 0.569581 0.760741 0.570750 0.760667 0.571354 0.760810 0.571919 0.761745 0.572042 0.762389 0.572404 0.770921 0.572807 0.779889 0.572625 0.781287 0.572250 0.780843 0.571375 0.780398 0.570500 0.780176 0.569000 0.780176 0.565940 0.779287 0.563628 0.777287 0.562190 0.775176 0.562120 0.771019
2 0.561284 0.757505 0.567820 0.756588 0.568237 0.756773 0.568518 0.757704 0.568492 0.761097 0.564135 0.762176 0.561674 0.763037 0.561615 0.763056
10 0.574380 0.777500 0.576034 0.777069 0.577487 0.776995 0.578130 0.777069 0.578656 0.777644 0.578857 0.779366 0.579060 0.780727 0.579664 0.782019 0.579906 0.783380 0.579625 0.784958 0.578615 0.785745 0.577164 0.786532 0.575591 0.787755 0.574219 0.788829 0.573615 0.789046 0.573130 0.788972
2 0.579906 0.783380 0.580430 0.785704 0.580852 0.787111 0.581318 0.788523 0.581318 0.788856 0.575062 0.794662 0.572216 0.796653 0.573130 0.788972 0.573615 0.789046 0.574219 0.788829 0.575591 0.787755 0.577164 0.786532 0.578615 0.785745 0.579625 0.784958
2 0.559193 0.753333 0.559297 0.752287 0.559943 0.752000 0.560508 0.750995 0.561034 0.750278 0.562284 0.750065 0.563760 0.750889 0.565372 0.754472 0.566458 0.756759 0.561284 0.757505 0.560445 0.755954 0.559714 0.754963 0.559297 0.754722
2 0.568906 0.754468 0.568018 0.754528 0.567714 0.754042 0.567310 0.753468 0.566906 0.752537 0.566953 0.749306 0.567656 0.748935 0.569740 0.749537 0.569609 0.750227 0.569516 0.751310 0.569331 0.752801 0.569234 0.754051
2 0.566901 0.750319 0.565755 0.750106 0.565253 0.749236 0.565487 0.748981 0.565544 0.747750 0.565729 0.746301 0.566268 0.745449 0.567021 0.744963 0.567773 0.744375 0.568620 0.744264 0.569070 0.744907 0.569281 0.745981 0.569375 0.746889 0.569552 0.748389 0.569643 0.749250 0.569740 0.749537 0.567656 0.748935 0.566953 0.749306
2 0.591172 0.771347 0.590755 0.771625 0.590234 0.772644 0.590104 0.773986 0.590078 0.775699 0.590677 0.777273 0.590938 0.777366 0.591797 0.777458 0.592526 0.777412 0.592917 0.775606 0.591987 0.773625
2 0.598263 0.751051 0.597307 0.755796 0.595141 0.751667
2 0.599617 0.754181 0.600526 0.757130 0.601354 0.760847 0.601393 0.761829 0.600763 0.762389 0.598435 0.760778 0.598987 0.757750
2 0.615648 0.759190 0.619844 0.759120 0.620086 0.759764 0.620044 0.759907 0.614708 0.764500 0.614708 0.764500 0.614878 0.761241 0.615052 0.759583
2 0.619245 0.756389 0.622812 0.756782 0.622693 0.758000 0.620044 0.759907 0.620086 0.759764 0.619844 0.759120 0.615648 0.759190 0.617823 0.757778
2 0.630352 0.744269 0.631036 0.746319 0.632529 0.749574 0.632995 0.744630
2 0.638557 0.744389 0.634828 0.748139 0.635112 0.745917 0.635208 0.744750
2 0.637331 0.689958 0.637904 0.694181 0.638370 0.696833 0.638620 0.699440 0.638445 0.700306 0.638096 0.700495 0.636807 0.700616 0.636872 0.699440
2 0.640776 0.688384 0.638695 0.686394 0.635247 0.683079 0.635216 0.682148 0.636104 0.681847 0.636753 0.681361 0.637503 0.681056 0.638492 0.681602 0.639583 0.683000 0.640333 0.684088 0.640914 0.684514 0.641221 0.684880 0.641424 0.684940 0.641497 0.686500 0.641622 0.686940 0.642247 0.686940 0.643435 0.686611 0.643685 0.684944 0.645586 0.685241 0.646305 0.685486 0.646849 0.686213 0.644810 0.687125 0.642010 0.688954 0.641661 0.689315
2 0.637503 0.681056 0.636805 0.679593 0.636490 0.678542 0.636451 0.676718 0.639688 0.675046 0.640747 0.679278 0.641310 0.681722 0.641435 0.683722 0.641424 0.684940 0.641221 0.684880 0.640914 0.684514 0.640333 0.684088 0.639583 0.683000 0.638492 0.681602
8 0.389703 0.201704 0.394193 0.195227 0.395307 0.194421 0.396271 0.193671 0.396844 0.194153 0.397125 0.194898 0.397125 0.196477 0.394979 0.198384 0.389984 0.202782
8 0.399443 0.187431 0.400563 0.185162 0.403742 0.181514 0.404849 0.187037 0.403203 0.187639 0.401484 0.188194 0.399792 0.188750
8 0.406404 0.221398 0.403578 0.209065 0.400023 0.193935 0.399622 0.192176 0.399042 0.189065 0.398500 0.187458 0.398651 0.186120 0.398711 0.185801 0.399013 0.185852 0.399792 0.188750 0.400539 0.192713 0.405221 0.212685 0.407568 0.221991
8 0.399792 0.188750 0.401484 0.188194 0.403203 0.187639 0.404849 0.187037 0.405391 0.190463 0.404844 0.190556 0.404010 0.190926 0.402083 0.191713 0.400469 0.192361
8 0.391357 0.193602 0.393648 0.192282 0.394734 0.191264 0.397354 0.189495 0.399042 0.189065 0.399661 0.192361 0.398560 0.192921 0.397716 0.193245 0.396271 0.193671 0.395307 0.194421 0.394193 0.195227 0.393167 0.195764 0.392505 0.196139 0.391268 0.196995 0.390846 0.197315 0.390667 0.197745 0.390034 0.198440 0.389070 0.198764 0.388599 0.196611 0.389081 0.195000 0.390797 0.194185
8 0.391359 0.189870 0.392354 0.189282 0.392523 0.189847 0.393089 0.189917 0.393773 0.189847 0.394016 0.189560 0.394297 0.188912 0.394313 0.187995 0.397234 0.185426 0.401815 0.180389 0.403320 0.178833 0.403742 0.181514 0.400008 0.185745 0.399464 0.186227 0.399013 0.185852 0.398711 0.185801 0.398651 0.186120 0.398479 0.187431 0.399042 0.189065 0.397354 0.189495 0.397354 0.189495 0.394734 0.191264 0.391536 0.192593 0.391635 0.192028
8 0.390182 0.184755 0.390747 0.182745 0.391151 0.182028 0.391758 0.181454 0.392724 0.181097 0.393573 0.181454 0.393612 0.181815 0.393815 0.182458 0.394057 0.184824 0.394135 0.186190 0.394258 0.187407 0.394297 0.188912 0.394016 0.189560 0.393773 0.189847 0.393089 0.189917 0.392523 0.189847 0.392201 0.188556 0.392401 0.187046 0.392081 0.186546 0.391393 0.187046 0.390870 0.187620
8 0.387208 0.176755 0.389656 0.176157 0.392703 0.175509 0.396453 0.175046 0.399786 0.175046 0.401974 0.175231 0.402755 0.175412 0.402964 0.175509 0.403250 0.178144 0.403016 0.178375 0.401974 0.178565 0.396245 0.179301 0.390203 0.179676 0.388172 0.179444 0.387708 0.178444
5 0.387708 0.178444 0.389396 0.181824 0.391263 0.189042 0.391635 0.192028 0.391357 0.193602 0.390797 0.194185 0.389081 0.195000 0.388148 0.192644 0.385495 0.186056 0.384352 0.183648 0.386596 0.181926 0.387466 0.180694 0.387617 0.180000 0.387737 0.179356
8 0.379669 0.210009 0.378646 0.205926 0.380172 0.205407 0.382031 0.209537 0.380750 0.209838
5 0.379328 0.201579 0.375594 0.195588 0.374349 0.194491 0.373633 0.191861 0.373938 0.191514 0.375234 0.190509 0.376068 0.191759 0.379219 0.197593 0.380297 0.200069 0.379935 0.200069 0.379651 0.200644
8 0.492328 0.491630 0.492490 0.492139 0.492906 0.493319 0.493292 0.494250 0.493745 0.495116 0.494406 0.496292 0.494893 0.497347 0.495417 0.498403 0.496359 0.499704 0.498451 0.502366 0.505109 0.511046 0.514034 0.522880 0.515497 0.524616 0.515672 0.527282 0.515990 0.529491 0.512047 0.525301 0.503435 0.513273 0.494719 0.502616 0.493326 0.500819 0.492169 0.495667 0.490693 0.489722
5 0.380172 0.205407 0.378646 0.205926 0.377891 0.203153 0.375312 0.198333 0.374862 0.196644 0.375872 0.197264 0.376953 0.199616 0.379708 0.204329
5 0.375625 0.206713 0.375417 0.206204 0.373984 0.202421 0.374349 0.202653 0.375026 0.203486 0.375521 0.204352
1 0.429036 0.369444 0.430070 0.368986 0.430372 0.369255 0.430672 0.370000 0.430523 0.371069 0.429799 0.372898 0.429346 0.375301 0.429318 0.378042 0.429589 0.380602 0.430253 0.381204 0.430102 0.382861 0.429888 0.384463 0.429711 0.386074 0.429346 0.387731 0.428956 0.388537 0.427872 0.388801
1 0.421159 0.367093 0.423013 0.367523 0.424104 0.368741 0.425635 0.369097 0.426724 0.369028 0.427289 0.369528 0.427451 0.369815 0.426443 0.387528 0.424224 0.379491
1 0.416063 0.356463 0.426068 0.393324 0.426068 0.394477 0.425635 0.395338 0.425419 0.397162 0.425352 0.398662 0.425174 0.400727 0.424753 0.399542 0.412146 0.362782 0.413232 0.361551
8 0.375521 0.204352 0.375625 0.206713 0.376823 0.210384 0.377917 0.210199 0.377917 0.210199 0.377549 0.208579 0.376823 0.206819 0.375857 0.204921
5 0.371406 0.196389 0.372943 0.192477 0.375534 0.203065 0.374531 0.201773 0.373464 0.201125 0.373229 0.200523
5 0.370833 0.197931 0.371406 0.198671 0.372708 0.201588 0.373568 0.203194 0.373646 0.204352 0.373437 0.203843 0.371961 0.201324 0.371479 0.200412 0.370448 0.198921
5 0.369474 0.202046 0.370094 0.200144 0.372323 0.204000 0.373135 0.205662 0.374794 0.210588 0.373729 0.210769 0.372940 0.210829 0.372669 0.209704 0.372339 0.208097 0.371977 0.206866 0.371555 0.205472 0.371102 0.204134 0.370529 0.203222
5 0.368539 0.205060 0.369010 0.203611 0.369958 0.204940 0.370862 0.206759 0.372247 0.210884 0.371380 0.210972 0.371065 0.209597 0.370596 0.208208 0.369841 0.206634 0.369034 0.205477
5 0.369688 0.211019 0.367917 0.207222 0.368253 0.205986 0.368958 0.206944 0.370805 0.211032 0.370141 0.211056
8 0.445211 0.290620 0.443362 0.286171 0.443232 0.285528 0.443206 0.284782 0.443698 0.283981 0.446807 0.290551
8 0.442633 0.279227 0.445732 0.285153 0.447341 0.290648 0.446807 0.290551 0.442789 0.282144
8 0.489698 0.363296 0.492109 0.366227 0.490052 0.353472 0.488617 0.355116 0.488266 0.356667 0.488443 0.358773 0.489349 0.361130
8 0.486036 0.364662 0.488255 0.371250 0.487448 0.372292 0.485891 0.369130 0.485057 0.367079 0.485341 0.365713
8 0.477987 0.403171 0.481555 0.406829 0.481422 0.407532 0.481352 0.408463 0.480565 0.409144 0.476945 0.405583 0.477380 0.404843
8 0.473951 0.416088 0.476008 0.413731 0.479862 0.413588 0.477276 0.414940 0.476755 0.414847 0.474984 0.415588
8 0.477701 0.411833 0.481352 0.408463 0.481073 0.411685
8 0.518693 0.410287 0.518906 0.411065 0.518828 0.411991 0.518568 0.413241 0.509924 0.386556 0.508984 0.383750 0.509583 0.383194 0.509922 0.383472 0.511354 0.387176 0.516443 0.405824 0.516937 0.404713 0.518255 0.408287
8 0.499260 0.371019 0.500190 0.371019 0.501802 0.371662 0.504091 0.375769 0.509143 0.390597 0.502609 0.379625 0.499302 0.373671 0.498938 0.372310 0.498818 0.371662
8 0.502448 0.389662 0.499948 0.384644 0.499695 0.382662 0.499227 0.382060 0.498779 0.381199 0.498779 0.380843 0.499464 0.380056 0.499786 0.379981 0.503255 0.386292 0.506320 0.394324 0.503003 0.390384
8 0.511875 0.465185 0.513497 0.464509 0.513914 0.464694 0.514253 0.466315 0.514201 0.466778 0.512872 0.467333
8 0.510789 0.462657 0.512638 0.461315 0.512951 0.461500 0.513393 0.463074 0.513419 0.463537 0.511648 0.464694
8 0.509609 0.459907 0.511198 0.458565 0.511432 0.458565 0.511641 0.459074 0.511901 0.460046 0.511510 0.461204 0.510495 0.461944
8 0.520008 0.437852 0.518263 0.431417 0.518263 0.431231 0.519747 0.430120 0.519904 0.430491 0.521466 0.436278 0.521062 0.438514
8 0.518531 0.436907 0.521062 0.438514 0.520458 0.441838 0.519073 0.440657
8 0.518839 0.463458 0.521104 0.473366 0.521521 0.470032 0.521417 0.468412 0.519411 0.460634
8 0.521521 0.470032 0.520930 0.474736 0.520565 0.477565 0.520435 0.480199 0.520271 0.483454 0.522146 0.483181 0.522042 0.476421
8 0.516385 0.499343 0.515005 0.504523 0.514510 0.500773 0.515448 0.497810 0.515776 0.498403
8 0.517349 0.490634 0.516411 0.494338 0.517625 0.496852 0.518677 0.491560 0.518391 0.490972
8 0.521281 0.520130 0.524432 0.524384 0.526177 0.525356 0.526359 0.525356 0.526411 0.527352 0.524641 0.526426 0.522661 0.524662 0.521411 0.523505
8 0.516255 0.514940 0.520109 0.518875 0.520240 0.521653 0.516672 0.518463 0.516391 0.515940
8 0.524695 0.515431 0.524906 0.518218 0.523799 0.518472 0.523279 0.512755
8 0.520307 0.492611 0.522357 0.506218 0.524406 0.510556 0.521935 0.491005 0.520227 0.490870
8 0.520669 0.502630 0.525823 0.513556 0.526034 0.518000 0.520880 0.508255
8 0.533370 0.515583 0.535922 0.523731 0.535365 0.524847 0.535240 0.527417 0.535615 0.528755 0.537112 0.533204 0.537589 0.534472 0.535453 0.533361 0.533727 0.525630
8 0.540237 0.523773 0.539948 0.524398 0.539401 0.526296 0.541797 0.533889 0.544456 0.534514
8 0.540237 0.523773 0.544456 0.534514 0.545083 0.534287 0.544081 0.530870 0.545336 0.529380 0.541435 0.521088
8 0.584766 0.655231 0.588195 0.663347 0.589357 0.663134 0.586177 0.654032
8 0.598440 0.626060 0.600315 0.633282 0.599690 0.639579 0.597682 0.632685 0.598047 0.629306
8 0.607122 0.632815 0.609414 0.643556 0.608440 0.643185 0.606094 0.643611
8 0.588156 0.652301 0.592490 0.660477 0.592107 0.662644 0.589357 0.663134 0.586177 0.654032 0.587714 0.652602
8 0.368810 0.210986 0.366797 0.210694 0.367526 0.208472
8 0.609258 0.589449 0.626969 0.634560 0.627474 0.636745 0.627547 0.638157 0.626753 0.639190 0.625956 0.639190 0.615331 0.610912 0.607956 0.591764
5 0.366797 0.210694 0.367526 0.208472 0.368810 0.210986
8 0.363315 0.208819 0.364849 0.202796 0.365974 0.198241 0.366844 0.197542 0.365833 0.207458 0.364784 0.211028
5 0.383229 0.166991 0.383646 0.168162 0.382122 0.169708
5 0.386315 0.173440 0.387497 0.177750 0.386682 0.177426 0.375859 0.184815 0.377982 0.179264 0.378161 0.177870 0.379029 0.176806 0.379375 0.176481 0.384292 0.171171 0.384612 0.170384
8 0.384352 0.183648 0.385495 0.186056 0.388148 0.192644 0.389081 0.195000 0.388599 0.196611 0.388284 0.196611 0.387029 0.196736 0.387375 0.195319 0.387096 0.194162 0.386674 0.192833 0.385927 0.190926 0.385135 0.188852 0.384341 0.186528 0.383490 0.184352
5 0.383490 0.184352 0.384341 0.186528 0.385135 0.188852 0.385927 0.190926 0.386674 0.192833 0.387096 0.194162 0.387375 0.195319 0.387029 0.196736 0.386401 0.197292 0.385669 0.197977 0.385182 0.198407 0.385357 0.199153 0.387656 0.208380 0.384734 0.209037 0.381354 0.201991 0.381302 0.200370 0.381146 0.199583 0.380937 0.198704 0.380521 0.197778 0.379531 0.195972 0.377057 0.191019 0.376328 0.189769 0.380294 0.186856 0.381956 0.185514
8 0.387656 0.208380 0.385357 0.199153 0.385182 0.198407 0.385669 0.197977 0.386401 0.197292 0.387029 0.196736 0.388284 0.196611 0.388599 0.196611 0.391109 0.207708
8 0.380297 0.200069 0.379219 0.197593 0.376068 0.191759 0.375234 0.190509 0.376302 0.189722 0.377057 0.191019 0.379531 0.195972 0.380521 0.197778 0.380937 0.198704 0.381146 0.199583 0.381302 0.200370 0.381354 0.201991 0.380500 0.200213
8 0.379953 0.202593 0.379328 0.201579 0.379651 0.200644 0.379935 0.200069 0.380297 0.200069 0.380500 0.200213 0.384734 0.209037 0.383612 0.209227
8 0.607956 0.591764 0.615331 0.610912 0.627836 0.643944 0.625482 0.642750 0.624099 0.642019 0.623451 0.639713 0.619776 0.629741 0.611680 0.609435 0.605234 0.594259
8 0.605234 0.594259 0.611680 0.609435 0.619776 0.629741 0.623451 0.639713 0.621940 0.637412 0.620542 0.635292 0.616495 0.626296 0.610565 0.610491 0.606734 0.600852 0.604349 0.595708
8 0.374349 0.194491 0.375594 0.195588 0.379953 0.202593 0.383612 0.209227 0.382031 0.209537 0.379708 0.204329 0.376953 0.199616 0.375872 0.197264 0.374862 0.196644
8 0.375312 0.198333 0.377891 0.203153 0.379216 0.208245 0.379669 0.210009 0.378852 0.210106 0.377810 0.206542 0.377174 0.205519
8 0.375534 0.203065 0.372943 0.192477 0.373633 0.191861 0.377174 0.205519 0.376143 0.203810
8 0.373464 0.201125 0.374531 0.201773 0.376143 0.203810 0.377810 0.206542 0.378852 0.210106 0.377917 0.210199 0.377549 0.208579 0.376823 0.206819 0.375857 0.204921 0.375026 0.203486 0.374349 0.202653 0.373984 0.202421
8 0.371406 0.196389 0.373229 0.200523 0.375417 0.206204 0.376823 0.210384 0.375849 0.210481 0.373646 0.204352 0.373568 0.203194 0.372708 0.201588 0.371406 0.198671 0.370833 0.197931
8 0.370094 0.200144 0.372323 0.204000 0.373135 0.205662 0.374794 0.210588 0.375849 0.210481 0.373437 0.203843 0.371961 0.201324 0.371479 0.200412 0.370448 0.198921
8 0.369010 0.203611 0.369958 0.204940 0.370862 0.206759 0.372247 0.210884 0.372940 0.210829 0.372669 0.209704 0.372339 0.208097 0.371977 0.206866 0.371555 0.205472 0.371102 0.204134 0.370529 0.203222 0.369474 0.202046
8 0.370805 0.211032 0.368958 0.206944 0.368253 0.205986 0.368539 0.205060 0.369034 0.205477 0.369841 0.206634 0.370596 0.208208 0.371065 0.209597 0.371380 0.210972
8 0.368810 0.210986 0.367526 0.208472 0.367917 0.207222 0.369688 0.211019
8 0.375859 0.184815 0.386682 0.177426 0.387497 0.177750 0.387708 0.178444 0.387737 0.179356 0.387617 0.180000 0.387466 0.180694 0.386596 0.181926 0.381956 0.185514 0.380294 0.186856 0.373938 0.191514 0.372943 0.192477
8 0.368333 0.186384 0.368612 0.184648 0.368849 0.182949 0.370547 0.183472
8 0.369227 0.180454 0.369333 0.178819 0.369982 0.178343 0.371117 0.179685 0.371203 0.181324
8 0.370547 0.183472 0.368849 0.182949 0.363826 0.181509 0.363125 0.179972 0.363557 0.179398 0.364312 0.178917 0.369227 0.180454 0.371898 0.181662
8 0.360802 0.204741 0.362422 0.199079 0.363503 0.197255 0.364427 0.197292 0.364122 0.199926 0.362307 0.207028
8 0.382122 0.169708 0.383646 0.168162 0.384250 0.168519 0.384612 0.169093 0.384612 0.170384 0.384292 0.171171 0.379047 0.176838 0.371383 0.186157 0.369729 0.187880 0.369003 0.188815 0.366422 0.196556 0.364849 0.202796 0.363315 0.208819 0.362458 0.207417 0.362307 0.207028 0.364122 0.199926 0.364427 0.197292 0.365823 0.193699 0.367112 0.189361 0.367602 0.188306 0.368333 0.186384 0.372898 0.180356 0.378927 0.173148
8 0.359792 0.207833 0.356669 0.204181 0.350924 0.197463 0.349711 0.196634 0.348690 0.195556 0.348456 0.194639 0.348359 0.193727 0.348826 0.192648 0.350042 0.192153 0.350505 0.192565 0.355039 0.197810 0.360802 0.204741 0.362458 0.207417 0.366794 0.214056 0.370294 0.222023 0.373747 0.232310 0.374727 0.235630 0.376227 0.244542 0.376599 0.251926 0.376411 0.259060 0.375104 0.255079 0.375104 0.252171 0.375151 0.248606 0.374544 0.243958 0.372865 0.236162 0.370253 0.228028 0.366471 0.219398 0.361990 0.211269
12 0.355039 0.197810 0.351516 0.187176 0.352271 0.187750 0.353458 0.188519 0.354701 0.190343 0.355997 0.192264 0.357508 0.195620 0.358750 0.200037 0.359557 0.203287
8 0.402604 0.114954 0.404562 0.110458 0.406411 0.107356 0.412276 0.100028 0.418563 0.093926 0.440281 0.075324 0.460695 0.060144 0.461654 0.059968 0.462266 0.060755 0.462435 0.062634 0.462060 0.063481 0.453768 0.069426 0.438044 0.081551 0.418464 0.098657 0.407823 0.109509 0.403813 0.117333
8 0.416604 0.147361 0.405547 0.129435 0.405487 0.128389 0.406107 0.127602 0.406490 0.127444 0.413596 0.141287
8 0.604349 0.595708 0.606734 0.600852 0.610565 0.610491 0.616495 0.626296 0.620542 0.635292 0.621940 0.637412 0.623451 0.639713 0.624099 0.642019 0.621940 0.640963 0.619542 0.638139 0.617284 0.635315 0.616021 0.633579 0.615372 0.631278 0.612349 0.622542 0.609432 0.614861 0.607758 0.610921 0.608594 0.609866 0.608594 0.608343 0.607310 0.605083 0.606661 0.605991 0.603482 0.597380 0.602615 0.597125
8 0.603984 0.609861 0.601385 0.602778 0.600734 0.600722 0.600807 0.599435 0.601602 0.598023 0.602615 0.597125 0.603482 0.597380 0.606661 0.605991 0.605362 0.607792
8 0.609422 0.626093 0.606083 0.615819 0.605328 0.613995 0.607310 0.611713 0.607758 0.610921 0.609432 0.614861 0.612349 0.622542 0.615372 0.631278 0.616021 0.633579 0.614190 0.631148 0.611430 0.628176
8 0.613586 0.636597 0.615500 0.643981 0.616013 0.646718 0.616294 0.647713 0.619573 0.649741 0.624336 0.653356 0.624174 0.652491 0.622362 0.650204 0.618953 0.646306 0.617833 0.643565 0.616807 0.640245 0.614943 0.638139
8 0.624174 0.652491 0.621984 0.647000 0.620909 0.644097 0.622729 0.644759 0.624227 0.645722 0.625109 0.647333 0.626323 0.651231 0.624661 0.651722
8 0.627052 0.650949 0.625604 0.646389 0.629898 0.648130 0.630693 0.649625
8 0.631953 0.651944 0.633677 0.650926 0.634096 0.653602 0.634161 0.657875
5 0.579758 0.667412 0.584453 0.666944 0.585625 0.665324 0.586328 0.664028 0.587656 0.663426 0.592107 0.662644 0.591266 0.664940 0.589315 0.670144 0.587086 0.676454 0.586620 0.675458 0.586154 0.673884 0.585732 0.672556 0.585034 0.670977 0.584005 0.670398 0.582698 0.669981 0.581299 0.669731 0.580365 0.668574
8 0.631294 0.659088 0.629695 0.657963 0.628766 0.657361 0.628484 0.656000 0.627758 0.654352 0.629521 0.653366
8 0.629521 0.653366 0.631294 0.659088 0.632224 0.659634 0.633221 0.658773 0.634161 0.657875 0.631953 0.651944
5 0.371250 0.193426 0.369010 0.195602 0.368065 0.200639
8 0.409401 0.167333 0.399966 0.140528 0.399734 0.138986 0.400919 0.138213 0.401547 0.138421 0.412128 0.168454
8 0.403516 0.164352 0.401768 0.161792 0.390937 0.148102 0.389661 0.146574 0.388500 0.144991 0.388464 0.143903 0.389010 0.143296 0.390240 0.145106 0.391555 0.146602 0.403815 0.161731 0.408250 0.166944
5 0.593255 0.657875 0.598487 0.659611 0.599320 0.659519 0.599763 0.658824 0.601951 0.663398 0.596125 0.667157 0.592995 0.662083 0.593219 0.661218
8 0.378927 0.173148 0.389661 0.146574 0.390937 0.148102 0.382122 0.169708
8 0.390240 0.145106 0.398516 0.124861 0.401281 0.118106 0.402646 0.119981 0.401414 0.123301 0.391555 0.146602
5 0.365833 0.207458 0.364784 0.211028 0.363315 0.208819 0.365974 0.198241 0.366844 0.197542
8 0.368065 0.200639 0.371250 0.193426 0.373315 0.187620 0.376174 0.180282 0.378161 0.177870 0.377982 0.179264 0.375542 0.185690 0.370448 0.198921 0.366500 0.211727 0.366049 0.212958 0.364784 0.211028 0.365833 0.207458
8 0.627758 0.654352 0.628484 0.656000 0.628766 0.657361 0.625990 0.655417
8 0.633677 0.650926 0.626016 0.655417 0.625094 0.654602 0.624336 0.653356 0.624174 0.652491 0.624661 0.651722 0.632341 0.649144
8 0.634307 0.662245 0.633005 0.663657 0.628523 0.667898 0.626651 0.666639 0.625547 0.665972 0.626211 0.665069 0.633221 0.658773 0.634161 0.657875
8 0.631151 0.611032 0.626768 0.600356 0.625599 0.600356 0.615594 0.577602 0.611227 0.566194 0.610893 0.563370 0.610138 0.562329 0.609219 0.561139 0.599935 0.537204 0.596924 0.530949 0.597880 0.531134 0.599813 0.534065 0.605047 0.544713 0.610818 0.557500 0.623701 0.587685 0.630977 0.603301
8 0.631068 0.597593 0.626602 0.587731 0.614138 0.559181 0.603299 0.536653 0.596716 0.518588 0.592560 0.508773 0.591974 0.508773 0.593044 0.518588 0.594198 0.515657 0.594875 0.516176 0.595268 0.518407 0.595169 0.524773 0.595948 0.527699 0.598557 0.527699 0.599042 0.528042 0.599427 0.529588 0.597880 0.531134 0.599813 0.534065 0.605047 0.544713 0.610818 0.557500 0.623701 0.587685 0.630977 0.603301
8 0.632437 0.601120 0.635378 0.607343 0.635750 0.608505 0.635143 0.609000 0.634211 0.608750 0.633370 0.607343 0.632763 0.606347
8 0.632943 0.623472 0.638010 0.634815 0.637870 0.644579 0.633125 0.633366
8 0.637870 0.644579 0.635643 0.645949 0.635049 0.643032 0.633125 0.633366
8 0.637292 0.654213 0.636531 0.649931 0.637589 0.649588
8 0.639331 0.643792 0.639667 0.632981 0.643672 0.641634
8 0.642708 0.648310 0.641839 0.649236 0.641135 0.647519 0.642318 0.646778 0.644604 0.644954 0.644932 0.644370 0.645323 0.645190
8 0.643633 0.650644 0.646258 0.656972 0.647508 0.658861 0.648570 0.660861 0.649695 0.662750 0.650818 0.664639 0.651380 0.665861 0.652344 0.665764 0.651060 0.661741 0.645802 0.648375
8 0.641135 0.647519 0.641839 0.649236 0.639484 0.651884 0.639609 0.648519
8 0.639609 0.648519 0.639484 0.651884 0.637292 0.654213 0.637544 0.651241 0.637589 0.649588 0.638958 0.648935
8 0.583833 0.615704 0.585846 0.619171 0.583289 0.622176 0.582721 0.623088 0.581159 0.619245 0.581893 0.617954 0.581997 0.617213
8 0.586984 0.622417 0.588651 0.626815 0.586951 0.628449 0.585839 0.629407 0.584250 0.625380 0.585299 0.624046 0.586578 0.622662
8 0.584021 0.625750 0.585495 0.629676 0.584995 0.630079 0.584609 0.630463 0.583359 0.626944
8 0.581159 0.619245 0.582721 0.623088 0.581888 0.624523 0.580352 0.620912
8 0.637870 0.644579 0.638057 0.632301 0.637766 0.627625 0.638135 0.626593 0.639456 0.627060 0.639667 0.632981 0.639331 0.643792
8 0.469646 0.382861 0.470729 0.394583 0.471953 0.391759 0.470940 0.382282
8 0.635643 0.645949 0.639331 0.643792 0.643672 0.641634 0.644932 0.644370 0.644604 0.644954 0.642318 0.646778 0.638958 0.648935 0.636531 0.649931 0.635802 0.646750
6 0.646154 0.640125 0.644794 0.636176 0.639932 0.625088 0.635229 0.613255 0.633380 0.608935 0.632852 0.608935 0.632625 0.607921 0.632763 0.606347 0.633370 0.607343 0.634211 0.608750 0.635143 0.609000 0.635750 0.608505 0.635378 0.607343 0.632437 0.601120 0.632484 0.594398 0.633232 0.595727 0.637057 0.605269 0.640745 0.615222 0.647513 0.631486 0.649607 0.637968
8 0.575299 0.581977 0.575716 0.581236 0.576471 0.580588 0.582148 0.591977 0.582253 0.592440 0.581862 0.593134 0.581263 0.593366 0.579336 0.590125
8 0.574336 0.577718 0.575716 0.575588 0.578359 0.579120 0.581680 0.587532
8 0.365833 0.207458 0.366844 0.197542 0.367870 0.196736 0.369010 0.195602 0.368065 0.200639
8 0.370216 0.187389 0.369404 0.191194 0.367422 0.193565 0.369003 0.188815 0.369729 0.187880
8 0.367396 0.193611 0.369885 0.190704 0.373315 0.187620 0.371250 0.193426 0.367870 0.196736 0.365974 0.198241 0.366422 0.196556
8 0.380755 0.218102 0.381427 0.217171 0.382078 0.218653 0.381583 0.219718
8 0.379141 0.220324 0.380156 0.219074 0.380615 0.220028 0.380896 0.220602 0.380193 0.222125
8 0.645323 0.645190 0.640354 0.634389 0.639667 0.632981 0.639456 0.627060 0.638135 0.626593 0.637766 0.627625 0.637289 0.627343 0.632904 0.616731 0.632693 0.611940 0.632641 0.609495 0.632852 0.608935 0.633380 0.608935 0.635229 0.613255 0.639932 0.625088 0.644794 0.636176 0.647172 0.643218
8 0.587201 0.605356 0.581211 0.593921 0.581263 0.593366 0.581862 0.593134 0.587799 0.604384
8 0.651932 0.641028 0.651932 0.649394 0.651461 0.654019 0.650391 0.651250 0.650094 0.646241 0.650039 0.643310
8 0.588112 0.603782 0.585586 0.607995 0.585482 0.609060 0.585898 0.609523 0.586602 0.608968 0.588841 0.605634
8 0.544776 0.544773 0.547354 0.544588 0.547823 0.545097 0.551573 0.556255 0.554906 0.569356 0.555089 0.570653 0.554099 0.571347 0.554122 0.570292 0.552750 0.567065 0.548878 0.560148
8 0.539193 0.526944 0.541990 0.536810 0.540063 0.535745 0.538492 0.529426
8 0.537958 0.519644 0.533281 0.507315 0.533255 0.505556 0.533464 0.504444 0.534401 0.504398 0.534896 0.505556 0.539323 0.517407
8 0.533138 0.508514 0.537435 0.520736 0.536344 0.522912 0.533349 0.513977
8 0.515344 0.434153 0.516641 0.435417 0.517318 0.439583 0.513177 0.435231 0.509766 0.427824 0.513391 0.431421
8 0.509250 0.419940 0.513391 0.431421 0.509766 0.427824 0.507630 0.419907 0.508081 0.419866
8 0.510708 0.420032 0.515578 0.432255 0.515604 0.433412 0.515344 0.434153 0.513391 0.431421 0.509250 0.419940 0.510089 0.420032
8 0.649740 0.640046 0.647536 0.609866 0.647747 0.608231 0.649375 0.607981 0.649940 0.608611 0.651638 0.635394 0.651771 0.637917
8 0.504333 0.362491 0.502474 0.364398 0.503411 0.367176 0.505271 0.364667
8 0.499648 0.356060 0.500974 0.354435 0.501885 0.356889 0.500612 0.358745
8 0.645802 0.648375 0.648151 0.645648 0.651461 0.654019 0.656039 0.665028 0.652344 0.665764 0.651060 0.661741
8 0.377943 0.222083 0.378708 0.221111 0.379620 0.222731 0.379099 0.223843
8 0.645802 0.648375 0.651060 0.661741 0.652344 0.665764 0.649302 0.666167 0.648664 0.664542 0.647112 0.660810 0.644326 0.655125 0.642909 0.651880 0.643333 0.651310
8 0.390443 0.224491 0.385391 0.213699 0.386646 0.213454 0.388320 0.217171 0.390935 0.222750
8 0.463482 0.396083 0.463716 0.402523 0.464096 0.402653 0.464542 0.403657 0.464602 0.404838 0.465148 0.405486 0.465643 0.405852 0.465216 0.391884
8 0.465589 0.408894 0.466380 0.408935 0.466484 0.409306 0.466331 0.417088 0.464453 0.413843 0.465107 0.410542
8 0.472294 0.413894 0.469508 0.418523 0.467979 0.419338 0.467268 0.418431 0.471018 0.413940
8 0.466331 0.417088 0.470302 0.412620 0.470302 0.413685 0.470562 0.413963 0.471018 0.413940 0.467268 0.418431 0.466784 0.417806
8 0.474484 0.385972 0.468729 0.399120 0.468703 0.399769 0.469536 0.400926 0.475315 0.387755
8 0.479635 0.393611 0.477969 0.396991 0.479401 0.398565 0.480930 0.395051
8 0.579362 0.628755 0.580732 0.626398 0.583289 0.622176 0.585846 0.619171 0.587948 0.617389 0.589180 0.617227 0.590276 0.617713 0.590917 0.618685 0.591008 0.619417 0.590734 0.620310 0.590049 0.620958 0.588313 0.621690 0.586578 0.622662 0.585299 0.624046 0.584021 0.625750 0.583016 0.627537 0.582148 0.629319 0.581031 0.631931 0.580383 0.630356
6 0.535365 0.524847 0.537958 0.519644 0.541135 0.514435 0.544732 0.507000 0.550589 0.497931 0.554411 0.490778 0.556872 0.489815 0.558182 0.489148 0.559810 0.486704 0.563609 0.482884 0.564672 0.484653 0.565130 0.485278 0.563750 0.487227 0.560352 0.491343 0.557604 0.494319 0.551464 0.504125 0.550437 0.506116 0.549492 0.507917 0.548844 0.509069 0.548844 0.510509 0.547927 0.511949 0.546091 0.513481 0.544255 0.514921 0.542094 0.519630 0.539948 0.524398 0.538492 0.529426 0.538299 0.532417 0.537682 0.533426 0.537112 0.533204 0.535615 0.528755 0.535240 0.527417
8 0.568023 0.554574 0.567370 0.555069 0.566576 0.556065 0.565409 0.557806 0.564289 0.560213 0.563820 0.562454 0.563401 0.564528 0.562469 0.566769 0.562047 0.569093 0.561815 0.569588 0.561484 0.570093 0.560495 0.567500 0.560789 0.566685 0.561862 0.563449 0.563354 0.559051 0.564568 0.556148 0.566201 0.553491
8 0.558992 0.563269 0.564336 0.552495 0.566201 0.553491 0.564568 0.556148 0.563354 0.559051 0.561862 0.563449 0.560789 0.566685 0.560547 0.567500
8 0.608766 0.587579 0.607133 0.586829 0.604659 0.585588 0.598172 0.581852 0.595990 0.581019 0.595193 0.580625 0.593099 0.579630 0.590083 0.577620 0.588789 0.577236 0.586484 0.576134 0.584297 0.575579 0.583534 0.574852 0.581128 0.574356 0.579417 0.574778 0.578354 0.574111 0.576419 0.574111 0.573063 0.573806 0.567214 0.574833 0.565279 0.575829 0.559159 0.578718 0.558281 0.578472 0.557945 0.577407 0.558427 0.575083 0.561552 0.573838 0.567482 0.572176 0.574063 0.570935 0.579289 0.571097 0.583302 0.571514 0.596510 0.578236 0.610224 0.585204 0.609724 0.586394
2 0.512328 0.482926 0.515135 0.483000 0.516062 0.483787 0.516628 0.483787 0.517117 0.483856 0.518568 0.484000 0.520271 0.483454 0.524281 0.483083 0.530828 0.484185 0.532419 0.484185 0.533625 0.484259 0.534570 0.484676 0.534948 0.485440 0.559810 0.486704 0.558182 0.489148 0.556872 0.489815 0.554411 0.490778 0.532542 0.490870 0.533727 0.525630 0.534159 0.532634 0.530539 0.530907 0.526490 0.528699 0.524872 0.491352 0.520227 0.490870 0.521526 0.526296 0.520443 0.526102 0.518932 0.492023 0.518391 0.490972 0.516987 0.490491 0.516177 0.490389 0.515531 0.490009 0.514232 0.488375 0.512828 0.487032
8 0.480930 0.395051 0.481417 0.396875 0.480755 0.400278 0.479401 0.398565
8 0.467979 0.419338 0.474984 0.415588 0.476755 0.414847 0.477276 0.414940 0.477432 0.417574 0.469594 0.421375
6 0.582857 0.632903 0.583651 0.631491 0.584995 0.630079 0.586951 0.628449 0.590070 0.625407 0.591354 0.623991 0.601867 0.612796 0.607310 0.605083 0.608594 0.608343 0.608594 0.609866 0.607310 0.611713 0.604313 0.615079 0.600211 0.620921 0.598919 0.622398 0.596250 0.625694 0.593935 0.628468 0.589214 0.634102 0.587073 0.635514 0.584448 0.633866
8 0.481771 0.406222 0.475354 0.398106 0.475180 0.397421 0.475250 0.396185 0.476122 0.394889 0.477063 0.395255 0.477969 0.396991 0.479401 0.398565 0.483828 0.404120 0.483966 0.404986 0.483234 0.406907 0.482677 0.407278
8 0.478438 0.402037 0.477380 0.404843 0.475766 0.407620 0.473734 0.411838 0.470432 0.411926 0.477120 0.400310
8 0.583565 0.640111 0.586875 0.650278 0.585469 0.652037 0.582669 0.643759 0.582880 0.642329
8 0.470432 0.411926 0.487086 0.411565 0.487776 0.413269 0.470562 0.413963 0.470302 0.413685 0.470302 0.412620
8 0.476128 0.389060 0.469115 0.413472 0.468047 0.413102 0.475315 0.387755
8 0.426609 0.337329 0.428794 0.347699 0.429344 0.340894 0.427826 0.334778
8 0.424307 0.325671 0.425885 0.333796 0.426221 0.333106 0.427187 0.331389 0.426276 0.327037 0.424073 0.324514
8 0.421841 0.332144 0.424943 0.336079 0.424445 0.337190 0.421495 0.333079
8 0.397917 0.228481 0.401547 0.237704 0.402141 0.238699 0.406083 0.247421 0.406490 0.246287 0.406729 0.243046 0.400076 0.228847 0.398419 0.224690
8 0.399885 0.221657 0.399401 0.222444 0.399078 0.224023 0.401174 0.230259 0.405854 0.240588 0.406742 0.241949 0.406813 0.241005 0.406922 0.238991 0.406286 0.237333 0.403411 0.230444
8 0.430810 0.345620 0.436487 0.368583 0.436513 0.369833 0.435914 0.370759 0.434638 0.370944 0.430211 0.352287
8 0.449609 0.334815 0.449185 0.339259 0.448594 0.341296 0.447362 0.343287 0.446849 0.343949 0.445914 0.345440 0.444393 0.348287 0.443544 0.346861 0.445721 0.343194 0.446971 0.341991 0.447161 0.341435 0.447448 0.340833 0.447883 0.339769 0.448534 0.337593 0.448742 0.335139 0.448872 0.334259
8 0.449992 0.320972 0.448638 0.327130 0.448352 0.329491 0.447388 0.337083 0.447128 0.339676 0.447232 0.340509 0.447883 0.339769 0.449003 0.331759 0.450279 0.324907 0.450703 0.322917
8 0.445279 0.316574 0.446190 0.329491 0.446997 0.341019 0.446971 0.341991 0.445721 0.343194 0.444237 0.326759 0.443690 0.319213
8 0.443437 0.316389 0.443091 0.308935 0.443247 0.308148 0.444237 0.307639 0.444497 0.307731 0.444914 0.314259
8 0.442362 0.317963 0.446737 0.311574 0.447336 0.313287 0.442883 0.320509
8 0.436539 0.285241 0.437529 0.298343 0.439638 0.313713 0.440810 0.319458 0.442216 0.327792 0.442242 0.334546 0.441826 0.342282 0.443544 0.346861 0.444039 0.331264 0.444065 0.327792 0.443883 0.325519 0.441357 0.312884 0.440081 0.304361 0.439039 0.294963 0.438258 0.287231 0.436732 0.282935
8 0.427552 0.318565 0.425990 0.322824 0.425130 0.321991 0.427247 0.317259
8 0.426719 0.314167 0.423938 0.321167 0.424844 0.321972 0.427109 0.316023
8 0.424773 0.292157 0.425539 0.301644 0.426448 0.308273 0.427182 0.312931 0.427630 0.314486 0.429516 0.322903 0.430211 0.326310 0.430315 0.327611 0.429271 0.326125 0.427247 0.317259 0.427109 0.316023 0.426062 0.311185 0.425331 0.306972 0.424911 0.302944 0.424599 0.299102 0.424112 0.291972
8 0.436732 0.282935 0.436247 0.288130 0.435674 0.291560 0.432784 0.300449 0.429648 0.309130 0.427630 0.314486 0.427182 0.312931 0.433023 0.296648 0.434802 0.290435 0.435466 0.287972 0.435740 0.285935 0.436156 0.282773 0.436128 0.281167
8 0.423055 0.276079 0.436156 0.282773 0.435740 0.285935 0.422568 0.279398
8 0.427698 0.266023 0.428844 0.268431 0.430172 0.270097 0.431604 0.271486 0.432490 0.272134 0.433505 0.274449 0.433792 0.275282 0.432828 0.275051 0.431109 0.273755 0.429312 0.271764 0.427203 0.268245 0.426201 0.266259
8 0.419315 0.294569 0.413247 0.280958 0.415174 0.282394 0.419646 0.291426
8 0.415453 0.282537 0.419646 0.291426 0.419906 0.289065 0.417120 0.283741
8 0.410193 0.284065 0.409828 0.284620 0.409359 0.285963 0.409411 0.287815 0.412604 0.294444 0.413188 0.294296 0.413422 0.294991 0.413448 0.295963 0.414177 0.297583 0.414440 0.296903 0.415182 0.295185
8 0.409414 0.278296 0.409010 0.280139 0.409271 0.281944 0.415182 0.295185 0.416073 0.293088
8 0.411885 0.304250 0.411885 0.295269 0.412016 0.294574 0.413188 0.294296 0.413422 0.294991 0.413552 0.299389
8 0.590154 0.642852 0.598487 0.659611 0.599320 0.659519 0.599763 0.658824 0.591768 0.642056 0.591456 0.641454 0.588617 0.639657
8 0.605570 0.666037 0.609451 0.673444 0.606586 0.672194 0.604203 0.666750
8 0.596091 0.644278 0.598617 0.649972 0.598555 0.650731 0.598633 0.651843 0.599997 0.652148 0.603018 0.658167 0.602578 0.663009 0.601951 0.663398 0.591768 0.642056 0.591456 0.641454 0.592214 0.641940
8 0.595026 0.605046 0.597747 0.617148 0.599414 0.615389 0.597214 0.606343 0.596797 0.606019 0.595820 0.604431
8 0.601484 0.603750 0.603307 0.610741 0.602565 0.611824 0.599909 0.604093 0.600469 0.604167 0.600990 0.604306
8 0.599909 0.604093 0.602565 0.611824 0.601867 0.612796 0.600820 0.613907 0.597865 0.606065 0.598516 0.604537 0.599401 0.603981
8 0.591542 0.666972 0.592922 0.669241 0.596125 0.667157 0.592995 0.662083 0.592594 0.663444 0.591792 0.666181
8 0.590185 0.671014 0.602578 0.663009 0.602214 0.667593 0.597687 0.670546 0.596466 0.670546 0.595365 0.671866 0.594617 0.671949 0.594766 0.673519 0.589036 0.675162 0.589456 0.672625
8 0.599049 0.646102 0.598555 0.650731 0.598633 0.651843 0.600690 0.652306 0.601055 0.647306
8 0.602044 0.634111 0.601198 0.644352 0.599349 0.643241 0.600716 0.629250
8 0.598919 0.622398 0.604466 0.643278 0.605091 0.636241 0.600872 0.620037 0.600219 0.620949
8 0.600872 0.620037 0.605091 0.636241 0.605703 0.629583 0.602500 0.617685
8 0.604313 0.615079 0.606234 0.623708 0.605703 0.629583 0.602500 0.617685
8 0.608242 0.631241 0.611419 0.644389 0.610682 0.643954 0.609414 0.643556 0.607122 0.632815 0.607292 0.630556
8 0.612120 0.650903 0.618005 0.655208 0.615766 0.656273 0.612917 0.653843
8 0.605839 0.646528 0.609609 0.650000 0.610495 0.653056 0.605573 0.650000
8 0.608578 0.646505 0.611469 0.656458 0.612172 0.656551 0.613422 0.655625 0.611115 0.647296 0.609164 0.646528
8 0.627839 0.668972 0.618698 0.675417 0.617891 0.672222 0.624375 0.667269
8 0.613404 0.662347 0.617589 0.678213 0.619794 0.679546 0.615406 0.662750 0.614719 0.661972 0.614424 0.661856
8 0.629260 0.667222 0.632229 0.676852 0.632464 0.677500 0.633349 0.677500 0.634078 0.676759 0.634182 0.675880 0.633974 0.674306 0.633688 0.673843 0.633036 0.674306 0.630042 0.666481
8 0.517805 0.469134 0.520930 0.474736 0.520565 0.477565 0.517206 0.472375
8 0.412411 0.316009 0.412604 0.318704 0.412786 0.329907 0.412849 0.332880 0.413641 0.337097 0.413641 0.337097 0.414583 0.330370 0.414479 0.323611 0.414365 0.317213
1 0.484070 0.330231 0.484255 0.329306 0.484385 0.328611 0.484591 0.328194 0.485167 0.327870 0.485427 0.327824 0.485997 0.327824 0.486406 0.329676 0.486753 0.331898 0.486674 0.332361 0.486232 0.333148 0.485755 0.334088
1 0.483359 0.333426 0.483003 0.333241 0.482195 0.332917 0.481753 0.333102 0.481674 0.333796 0.481883 0.335046 0.482326 0.337778 0.481961 0.338889 0.481260 0.338657 0.481180 0.338194 0.481154 0.337037 0.480815 0.335370 0.480711 0.333056 0.480893 0.332083 0.481521 0.331481 0.482656 0.331713
8 0.407898 0.201838 0.407552 0.200741 0.406979 0.198565 0.406328 0.196574 0.406016 0.194213 0.405391 0.190463 0.404841 0.186995 0.403742 0.181514 0.403320 0.178833 0.403250 0.178144 0.402964 0.175509 0.402107 0.168755 0.401927 0.165602 0.402188 0.162407 0.403516 0.164352 0.403742 0.168435 0.404081 0.169917 0.404609 0.173611 0.406492 0.186787 0.406807 0.188657 0.407154 0.190579 0.407370 0.191250 0.408229 0.195463 0.409323 0.200787 0.409974 0.203981 0.410729 0.206296 0.412839 0.212176 0.415547 0.219259 0.417708 0.225093 0.420833 0.234028 0.424115 0.242454 0.425469 0.246389 0.430651 0.260787 0.433333 0.268611 0.439427 0.285463 0.446198 0.304028 0.451120 0.318009 0.458906 0.338472 0.463672 0.353241 0.464688 0.357639 0.463438 0.357778 0.462917 0.357130 0.459844 0.347407 0.452318 0.327593 0.435130 0.278333 0.430156 0.266667 0.429508 0.265616 0.429508 0.264898 0.429388 0.263894 0.429104 0.262676 0.428904 0.262602 0.426641 0.256713 0.415026 0.223102 0.410633 0.212565 0.410492 0.210981 0.409245 0.208194 0.407823 0.204245 0.408055 0.203968 0.408237 0.203319 0.408083 0.202486
1 0.410349 0.252213 0.409703 0.253218 0.409461 0.253792 0.408695 0.254366 0.407930 0.254579 0.407122 0.254866 0.406599 0.255370 0.406234 0.256014 0.405680 0.254829 0.406195 0.253861 0.406638 0.253361 0.407164 0.253361 0.408010 0.253361 0.409180 0.252500 0.409622 0.251856 0.410229 0.251282 0.410677 0.251204 0.410729 0.252037
8 0.425469 0.173796 0.427562 0.171278 0.428135 0.170815 0.428865 0.172523 0.427953 0.173495 0.426911 0.174704 0.426372 0.174361
1 0.515747 0.283690 0.515591 0.282856 0.515307 0.281282 0.514940 0.279616 0.514185 0.277949 0.513458 0.277069 0.512518 0.276144 0.511997 0.275403 0.511948 0.273245 0.512250 0.269338 0.512672 0.265856 0.513365 0.261250 0.513607 0.258519 0.513365 0.257231 0.512883 0.257019 0.512159 0.257657 0.511948 0.258894 0.511526 0.260500 0.510805 0.261356 0.510383 0.262264 0.510201 0.267514 0.509690 0.267356 0.509536 0.265481 0.509508 0.262319 0.509839 0.260282 0.510531 0.258894 0.511164 0.257551 0.511557 0.256269 0.512490 0.255250 0.514268 0.255301 0.514539 0.255838 0.514539 0.258250 0.514328 0.261625 0.513620 0.265264 0.513404 0.266898 0.513305 0.267569 0.513154 0.270514 0.513154 0.271426 0.513185 0.272713 0.513214 0.273995 0.513607 0.275338 0.514388 0.276194 0.515349 0.276787 0.516719 0.283704 0.515997 0.283620
1 0.564880 0.420542 0.565635 0.420403 0.566312 0.419986 0.567042 0.419338 0.567562 0.418736 0.569758 0.415440 0.569958 0.416097 0.569802 0.416606 0.569281 0.417764 0.568578 0.419153 0.567693 0.420310 0.566703 0.421236 0.566078 0.421653 0.565378 0.422162
1 0.570474 0.413560 0.571232 0.412681 0.572036 0.411153 0.572870 0.409579 0.573495 0.408699 0.573836 0.408421 0.574120 0.408745 0.573391 0.410042 0.572583 0.411477 0.571727 0.413005 0.571281 0.413838 0.570841 0.414347
8 0.622831 0.656472 0.619693 0.658287 0.615281 0.661194 0.614424 0.661856 0.607557 0.664935 0.604203 0.666750 0.604635 0.661435 0.610083 0.659120 0.620018 0.654227 0.621453 0.655394
8 0.630055 0.661690 0.632224 0.659634 0.629695 0.657963 0.626042 0.655463 0.625094 0.654602 0.624336 0.653356 0.619573 0.649741 0.610682 0.643954 0.608440 0.643185 0.606094 0.643611 0.605839 0.646528 0.609164 0.646528 0.611115 0.647296 0.621453 0.655394
8 0.634849 0.673829 0.634346 0.664014 0.634096 0.653602 0.633677 0.650926 0.632341 0.649144 0.624227 0.645722 0.618872 0.642602 0.614943 0.638139 0.612266 0.635167 0.610008 0.632787 0.607292 0.630556 0.607852 0.624671 0.609422 0.626093 0.611430 0.628176 0.614190 0.631148 0.617284 0.635315 0.619542 0.638139 0.621969 0.640963 0.625482 0.642750 0.629245 0.644829 0.632841 0.647208 0.634130 0.647343 0.634557 0.649319 0.634992 0.649870 0.635427 0.651759 0.635745 0.656088 0.635523 0.659972 0.636354 0.673528
1 0.581380 0.713796 0.582125 0.713991 0.583089 0.714037 0.584391 0.714269 0.586057 0.714889 0.586187 0.715755 0.584911 0.715523 0.583063 0.715380 0.581995 0.715292 0.581292 0.715194
1 0.574622 0.715560 0.575492 0.715560 0.576438 0.715630 0.577464 0.715069 0.578333 0.714227 0.579044 0.713667 0.580052 0.713565 0.579870 0.715093 0.579240 0.715139 0.578531 0.715773 0.578096 0.716333 0.577346 0.716755 0.576359 0.716894 0.574859 0.716755
1 0.605839 0.685676 0.607115 0.685583 0.608000 0.685676 0.608599 0.685954 0.609094 0.686370 0.609510 0.687250 0.609719 0.688130 0.609875 0.688870 0.610292 0.689472 0.611125 0.689704 0.612063 0.689241 0.613078 0.688222 0.613859 0.687667 0.614563 0.687389 0.615016 0.687486 0.615563 0.687903 0.615667 0.688324 0.615693 0.688921 0.615615 0.689019 0.614755 0.688509 0.614458 0.688546 0.613859 0.688778 0.613286 0.689287 0.612818 0.690444 0.612271 0.690861 0.611411 0.690861 0.610422 0.690769 0.609875 0.690537 0.609354 0.690028 0.608964 0.689009 0.608755 0.687898 0.608521 0.687065 0.607271 0.686833 0.606646 0.686741
1 0.597922 0.682620 0.599120 0.682852 0.600161 0.683130 0.600526 0.683500 0.600500 0.684194 0.599745 0.684148 0.598807 0.683963 0.598130 0.683870
1 0.594440 0.685287 0.594258 0.684338 0.594818 0.684583 0.594891 0.685306 0.595464 0.688917 0.595594 0.690213 0.596193 0.693685 0.596427 0.696509 0.595693 0.695759 0.595693 0.693394 0.595409 0.692028 0.595005 0.690310
1 0.596065 0.685037 0.595161 0.684713 0.594258 0.684338 0.593534 0.683481 0.593052 0.682144 0.592721 0.680963 0.592240 0.679838 0.591547 0.678824 0.590039 0.678181 0.588232 0.678019 0.588745 0.676250 0.589466 0.676463 0.590974 0.677162 0.592029 0.677699 0.592690 0.678338 0.593143 0.679088 0.593625 0.680162 0.593896 0.681338 0.594198 0.682306 0.594529 0.683106 0.595432 0.683806 0.595945 0.683963 0.596096 0.683963 0.596187 0.683963 0.596427 0.685194
1 0.583747 0.680366 0.583172 0.680421 0.582185 0.680648 0.581198 0.680704 0.580211 0.680986 0.579159 0.681440 0.578427 0.681556 0.577505 0.682176 0.576771 0.681273 0.576836 0.681046 0.577599 0.680593 0.579893 0.679685 0.581964 0.679176 0.583906 0.679167
1 0.595638 0.704384 0.594266 0.705245 0.590839 0.706532 0.588820 0.707106 0.587732 0.707037 0.586805 0.706606 0.586521 0.706032 0.585232 0.698000 0.585070 0.695921 0.585594 0.695852 0.585716 0.698000 0.586521 0.702593 0.586924 0.704741 0.587328 0.705745 0.587893 0.706032 0.588620 0.706032 0.592935 0.704597 0.594831 0.703523 0.595677 0.703162 0.596081 0.703019 0.596203 0.703449 0.596203 0.703736
1 0.595638 0.707750 0.594917 0.708181 0.594133 0.708769 0.593591 0.709463 0.593047 0.710481 0.592505 0.710963 0.591812 0.711231 0.590096 0.711500 0.589281 0.711713 0.588740 0.712037 0.588167 0.712250 0.587414 0.711662 0.587443 0.711444 0.587987 0.711176 0.589703 0.710801 0.591180 0.710319 0.592477 0.709787 0.593500 0.708606 0.594435 0.707481 0.595247 0.706625 0.595701 0.706088 0.596724 0.705556 0.596883 0.705981 0.596844 0.706273 0.596562 0.706912
8 0.636451 0.676718 0.634398 0.678032 0.632672 0.679111 0.631458 0.679583 0.631031 0.677593 0.632229 0.676852 0.632464 0.677500 0.633349 0.677500 0.634078 0.676759 0.634182 0.675880 0.633974 0.674306 0.634849 0.673829 0.636354 0.673528 0.639122 0.672611 0.639688 0.675046
8 0.516919 0.473903 0.520565 0.477565 0.520435 0.480199 0.516391 0.476759
8 0.523526 0.434889 0.520271 0.455861 0.516391 0.476759 0.515865 0.476042 0.515099 0.475250 0.515018 0.474319 0.515141 0.473389 0.522341 0.430944
8 0.631497 0.665093 0.634677 0.670560 0.634453 0.665648 0.633005 0.663657
8 0.514336 0.414139 0.517839 0.418102 0.520781 0.426481 0.516354 0.421898 0.513773 0.418125 0.514008 0.417130 0.514148 0.415718
8 0.414167 0.279028 0.413346 0.277278 0.413375 0.276815 0.414102 0.276444 0.414573 0.277046 0.415820 0.280148
8 0.413034 0.281583 0.418359 0.293750 0.417008 0.293088 0.416073 0.293088 0.409414 0.278296 0.412565 0.280519
8 0.400417 0.273333 0.405253 0.285787 0.403151 0.283750 0.398646 0.273426
8 0.409742 0.276083 0.420495 0.283287 0.420208 0.285880 0.408695 0.277806 0.409219 0.277088
8 0.407242 0.277444 0.401693 0.274491 0.401589 0.273750 0.401875 0.272917 0.402474 0.272269 0.403203 0.272037 0.404557 0.272176 0.405781 0.272685 0.407846 0.274218 0.407565 0.275366
8 0.410232 0.175329 0.414268 0.182412 0.414659 0.182319 0.415414 0.181116 0.415310 0.180421 0.411664 0.174171
8 0.452010 0.351884 0.459719 0.351375 0.459745 0.354986 0.451568 0.354940
8 0.417552 0.317361 0.419740 0.318935 0.423802 0.322454 0.426406 0.324769 0.430286 0.329398 0.433854 0.334120 0.433438 0.335463 0.431445 0.332921 0.431271 0.332051 0.430190 0.331060 0.429359 0.330625 0.424073 0.324514 0.423813 0.323958 0.423135 0.323403 0.417266 0.319630
8 0.430315 0.327611 0.432708 0.331065 0.434193 0.333102 0.433854 0.334120 0.430286 0.329398 0.426406 0.324769 0.423802 0.322454 0.419740 0.318935 0.417552 0.317361 0.417760 0.316065 0.423938 0.321167 0.424844 0.321972 0.425130 0.321991 0.425990 0.322824 0.429271 0.326125
8 0.411727 0.313375 0.411224 0.314769 0.412411 0.316009 0.414365 0.317213 0.416250 0.318565 0.416492 0.316801
8 0.411727 0.313375 0.416492 0.316801 0.416701 0.315227 0.413797 0.313361 0.412177 0.312074
8 0.425539 0.301644 0.428880 0.308241 0.428255 0.309907 0.425911 0.304537
8 0.420953 0.291750 0.424599 0.299102 0.424911 0.302944 0.420667 0.293926
8 0.435318 0.287852 0.422089 0.283361 0.421854 0.284981 0.434802 0.290435 0.435466 0.287972
8 0.424896 0.266648 0.428438 0.278824 0.424870 0.277065 0.423685 0.271241 0.424279 0.266921
8 0.416898 0.322153 0.421039 0.328310 0.421768 0.326597 0.417185 0.320347
8 0.419339 0.303875 0.425484 0.317255 0.425052 0.318333 0.419052 0.305912
8 0.418583 0.309616 0.423938 0.321167 0.424557 0.319537 0.418818 0.307440
8 0.425052 0.318333 0.419052 0.305912 0.418818 0.307440 0.424557 0.319537
8 0.489477 0.340125 0.492177 0.343486 0.494716 0.346944 0.495737 0.350380 0.497414 0.355583 0.495578 0.355111 0.491906 0.347037 0.489909 0.343102
8 0.489909 0.343102 0.491906 0.347037 0.495578 0.355111 0.496604 0.359815 0.495471 0.361343 0.494661 0.359144 0.493581 0.356361 0.492771 0.353856 0.491172 0.351481 0.490755 0.349074
8 0.476844 0.341106 0.479917 0.345815 0.481690 0.348968 0.482437 0.348556 0.483044 0.347310 0.483057 0.344676 0.482174 0.342856 0.481831 0.342745 0.481568 0.342352 0.474469 0.331454 0.473542 0.330236 0.474437 0.333181 0.475443 0.336792
8 0.470427 0.330681 0.470609 0.329014 0.470792 0.328319 0.471844 0.327824 0.472844 0.328676 0.473018 0.329667 0.473339 0.329662 0.473542 0.330236 0.474437 0.333181 0.475443 0.336792 0.476844 0.341106 0.478010 0.343843 0.478523 0.345750 0.479224 0.347991 0.479690 0.350148 0.479784 0.351477 0.479784 0.352472 0.479596 0.353884 0.472870 0.336690 0.470768 0.331296
8 0.460977 0.325565 0.462143 0.331704 0.463031 0.336431 0.461677 0.337843 0.460883 0.334356 0.460815 0.331764 0.460745 0.325648
8 0.462404 0.339514 0.462807 0.342231 0.463776 0.347472 0.464299 0.350486 0.465753 0.350412 0.465680 0.349324 0.465031 0.346727 0.464120 0.341176 0.464120 0.339185 0.463961 0.337148 0.463576 0.338218
8 0.462807 0.350560 0.465753 0.350412 0.465953 0.350843 0.466076 0.351560 0.466115 0.354574 0.465589 0.354116 0.463672 0.353241
8 0.460990 0.338380 0.463453 0.336000 0.463977 0.336287 0.463977 0.337148 0.463576 0.338218 0.461758 0.340301 0.461073 0.341019
8 0.463672 0.353241 0.465589 0.354116 0.468062 0.356023 0.470638 0.357741 0.472130 0.358745 0.473102 0.359426 0.475250 0.361662 0.478237 0.365731 0.479729 0.367722 0.481602 0.371000 0.482729 0.373227 0.483940 0.374014 0.487336 0.379917 0.489484 0.383819 0.489951 0.384815 0.490883 0.385810 0.491443 0.388296 0.491865 0.389792 0.493544 0.396593 0.492797 0.397259 0.491724 0.396264 0.490883 0.392778 0.489951 0.389708 0.488737 0.386639 0.487104 0.382903 0.479451 0.370708 0.476370 0.366477 0.474315 0.363157 0.471747 0.361745 0.469276 0.359588 0.466987 0.357847 0.464688 0.357639
8 0.471490 0.342852 0.466896 0.332792 0.467034 0.331213 0.467969 0.330134 0.468893 0.330366 0.469432 0.329787 0.469974 0.329968 0.470768 0.331296 0.472870 0.336690 0.480336 0.355940 0.485891 0.369130 0.491352 0.380333 0.491211 0.381495 0.491211 0.383319 0.491122 0.385898 0.490883 0.385810 0.489951 0.384815 0.489484 0.383819 0.487336 0.379917 0.483940 0.374014 0.483802 0.371435 0.482297 0.368370 0.477112 0.357069 0.476362 0.355185
8 0.419529 0.302343 0.425208 0.315370 0.425313 0.312315 0.419870 0.299815
8 0.475729 0.358657 0.469927 0.345407 0.463458 0.331569 0.462651 0.330065 0.462328 0.328699 0.462154 0.327722 0.461344 0.325421 0.460695 0.322921 0.460586 0.317931 0.461612 0.317931 0.461883 0.318315 0.462693 0.321963 0.463016 0.324653 0.463448 0.326282 0.464258 0.327051 0.464547 0.327694 0.466617 0.332190 0.471490 0.342852 0.476362 0.355185 0.476891 0.356528 0.482344 0.368384 0.483802 0.371435 0.483940 0.374014 0.482729 0.373227 0.481602 0.371000 0.478214 0.364407 0.476052 0.359806
8 0.473151 0.399491 0.473552 0.406514 0.472172 0.408875 0.472109 0.403009
8 0.418073 0.269491 0.421432 0.274657 0.421328 0.275417 0.417526 0.273407 0.415430 0.270847
8 0.470638 0.357741 0.465917 0.341824 0.463458 0.331569 0.467773 0.340819 0.471042 0.352940 0.472089 0.356810 0.472130 0.358245 0.472130 0.358745
8 0.451120 0.318009 0.451331 0.315634 0.452521 0.313116 0.453966 0.310065 0.454901 0.308884 0.456286 0.308727 0.457492 0.309208 0.457763 0.309745 0.457883 0.310546 0.457854 0.311134 0.456648 0.311083 0.455654 0.311083 0.455021 0.311565 0.453937 0.314884 0.453727 0.315102 0.453182 0.316009 0.451979 0.320190
8 0.452648 0.322079 0.454062 0.320366 0.455388 0.318810 0.457107 0.316829 0.458703 0.315435 0.458794 0.317903 0.458492 0.318759 0.457497 0.320204 0.456232 0.321921 0.455299 0.323472 0.454333 0.324597 0.453763 0.324972
8 0.459242 0.339648 0.459000 0.323801 0.457628 0.286227 0.457802 0.285139 0.459128 0.285444 0.459703 0.294407 0.459758 0.296921 0.460255 0.302708 0.460500 0.311324 0.460815 0.331764 0.461177 0.345458
8 0.470065 0.315801 0.470581 0.321755 0.469786 0.320440 0.469198 0.318861 0.469201 0.311866
8 0.470117 0.308602 0.471143 0.312824 0.471786 0.315435 0.472326 0.318125 0.472490 0.320426 0.471625 0.321194 0.471091 0.319255 0.470065 0.315801 0.469201 0.311866 0.469195 0.307755
