0 0.124096 1.000000 0.124875 0.988931 0.127469 0.982685 0.131484 0.978815 0.143945 0.973463 0.164354 0.969894 0.177740 0.969301 0.186102 0.966773 0.189448 0.966028 0.191958 0.967218 0.194133 0.970343 0.195638 0.972722 0.196977 0.974356 0.198815 0.975546 0.205172 0.977329 0.206763 0.976884 0.208435 0.975694 0.209773 0.971083 0.210193 0.965435 0.213203 0.955917 0.216799 0.948333 0.218221 0.945213 0.227089 0.935843 0.234531 0.922611 0.239466 0.916810 0.242143 0.914282 0.245237 0.912051 0.247581 0.911310 0.248836 0.911458 0.249922 0.913685 0.250591 0.916366 0.251510 0.919190 0.254021 0.921569 0.255693 0.924097 0.257367 0.925731 0.258620 0.928259 0.259875 0.929449 0.260544 0.930935 0.260711 0.932273 0.261297 0.938074 0.260880 0.941940 0.260378 0.944764 0.260294 0.948481 0.261047 0.950269 0.261716 0.954875 0.259708 0.960824 0.257867 0.963949 0.256029 0.966329 0.252013 0.966773 0.248250 0.965139 0.245154 0.964838 0.242477 0.964245 0.240638 0.968704 0.239885 0.973912 0.237292 0.978667 0.234951 0.984764 0.232859 0.988778 0.231102 0.992944 0.230193 1.000000
6 0.557917 0.485352 0.571099 0.514787 0.568289 0.510676 0.561979 0.504343 0.558292 0.498236 0.556479 0.493347
6 0.552318 0.483750 0.543161 0.462815 0.543815 0.460162 0.544747 0.457588 0.544701 0.456509 0.544094 0.457088 0.543440 0.459083 0.542880 0.462236 0.541995 0.460241 0.542414 0.457838 0.543581 0.455931 0.544935 0.455181 0.545635 0.455847 0.554596 0.476921 0.556302 0.480741
8 0.527047 0.575292 0.529630 0.578338 0.529294 0.576889 0.528576 0.574157 0.527359 0.573440
8 0.530414 0.579245 0.534479 0.585833 0.536135 0.585667 0.531648 0.579139
10 0.518906 0.612269 0.520833 0.610556 0.522880 0.607157 0.525495 0.601264 0.529414 0.591806 0.532214 0.587241 0.534479 0.585833 0.536135 0.585667 0.537349 0.586162 0.538141 0.586329 0.539216 0.587657 0.540286 0.589491 0.541315 0.591472 0.543695 0.592884 0.545190 0.591972 0.547055 0.591472 0.548643 0.594463 0.550323 0.598778 0.552190 0.602593 0.554896 0.609810 0.555924 0.617528 0.554570 0.620514 0.551815 0.623005 0.547643 0.625060 0.544578 0.625278 0.542560 0.622616 0.540706 0.617602 0.536648 0.607819 0.534641 0.602509 0.535760 0.599856 0.537443 0.596949 0.537396 0.594875 0.536135 0.592801 0.535154 0.592306 0.533987 0.591889 0.532682 0.594630 0.531607 0.597282 0.529927 0.601514 0.527687 0.608069 0.525469 0.613194 0.524771 0.613954 0.523378 0.616185 0.520406 0.619019
8 0.434901 0.443435 0.435469 0.442583 0.437167 0.441005 0.438281 0.444111 0.436885 0.446218 0.436117 0.448139 0.435599 0.449093
8 0.432841 0.449380 0.433398 0.447704 0.433852 0.446306 0.434786 0.453806 0.434193 0.455046
8 0.420430 0.415662 0.426565 0.433824 0.427716 0.434505 0.429180 0.436981 0.432177 0.446528 0.432841 0.449380 0.433398 0.447704 0.431865 0.442870 0.430888 0.439278 0.425781 0.427037
8 0.443154 0.405264 0.441557 0.412120 0.440953 0.410032 0.441901 0.404028
8 0.491276 0.569537 0.485583 0.576884 0.483596 0.579546 0.477049 0.585833 0.476523 0.586912 0.476727 0.588347 0.478281 0.590093 0.479896 0.588130 0.481664 0.585935 0.488102 0.578380 0.493958 0.570648 0.493151 0.568611 0.492370 0.568565
8 0.385682 0.349269 0.404641 0.368213 0.406799 0.370653 0.412357 0.376231 0.414331 0.378139 0.417862 0.380463 0.422555 0.385528 0.427917 0.390875 0.431513 0.394944 0.436612 0.399245 0.441901 0.404028 0.443549 0.406046 0.451458 0.413972 0.452362 0.413773 0.453099 0.411565 0.452760 0.410157 0.443888 0.402722 0.442247 0.401222 0.437951 0.396699 0.435638 0.394282 0.427727 0.386750 0.425862 0.384949 0.417161 0.376407 0.414740 0.374394 0.412534 0.372319 0.406555 0.366144 0.403172 0.363106 0.384557 0.345162
8 0.467448 0.552454 0.467909 0.554278 0.466740 0.557074 0.466096 0.556148
8 0.465260 0.553194 0.463372 0.546949 0.466133 0.546995 0.466719 0.549722
8 0.469102 0.547366 0.470596 0.550773 0.471227 0.552787 0.470620 0.553120 0.469724 0.551625 0.468997 0.552343 0.468698 0.552963 0.468073 0.550509
8 0.467669 0.547273 0.466719 0.549722 0.465260 0.553194 0.464909 0.554519 0.466096 0.556148 0.467448 0.552454 0.468073 0.550509 0.469102 0.547366
8 0.463068 0.551523 0.462018 0.547273 0.463372 0.546949 0.464497 0.553079
8 0.480469 0.518241 0.482206 0.515014 0.484612 0.511356 0.486669 0.508880 0.486529 0.512843 0.485622 0.514083 0.484367 0.515944 0.482625 0.518671 0.481693 0.520093
5 0.474812 0.507574 0.477604 0.512102 0.479766 0.516005 0.480469 0.518241 0.481693 0.520093 0.484891 0.525056 0.486109 0.525921 0.486042 0.531375 0.485938 0.534167
8 0.486844 0.501056 0.484284 0.494792 0.482927 0.491306 0.483107 0.490667 0.486641 0.493935 0.487169 0.495954
8 0.490068 0.502236 0.488773 0.499986 0.488724 0.503236 0.489844 0.503056
8 0.475195 0.502449 0.478620 0.503889 0.480044 0.504380 0.486667 0.507176 0.486852 0.505394 0.484563 0.504324 0.480677 0.502611 0.476219 0.501162 0.475313 0.501019
8 0.486852 0.504324 0.485497 0.504264 0.483839 0.502657 0.481911 0.500944 0.478628 0.498051 0.477242 0.496819 0.475651 0.495463 0.475786 0.493819 0.480044 0.497625 0.485378 0.502606 0.486943 0.502824
8 0.485602 0.542199 0.485656 0.539620 0.486042 0.531375 0.486667 0.507176 0.486852 0.505394 0.486852 0.504324 0.486943 0.502824 0.486914 0.500736 0.487365 0.489972 0.487052 0.485759 0.487505 0.484583 0.488307 0.484583 0.488831 0.486009 0.489109 0.490037 0.489073 0.493630 0.488935 0.496421 0.488724 0.503236 0.488620 0.509125 0.488586 0.515819 0.488516 0.517986 0.488281 0.522824 0.487643 0.535278 0.487297 0.541417 0.487331 0.543088
5 0.504753 0.502657 0.505789 0.500398 0.508073 0.501574 0.507669 0.511037
5 0.512578 0.499815 0.509609 0.491991 0.509479 0.499583
5 0.509323 0.502269 0.509609 0.513565 0.514115 0.515046 0.517570 0.506986
5 0.515555 0.515801 0.518750 0.507639 0.529255 0.513843 0.527365 0.519449 0.526302 0.518894 0.524052 0.517782 0.523365 0.518449
8 0.515555 0.515801 0.523365 0.518449 0.523594 0.520370 0.515055 0.516745
5 0.502031 0.494954 0.502185 0.494944 0.505036 0.496528 0.508568 0.489074 0.506276 0.483426 0.503422 0.482514 0.501714 0.483440 0.500495 0.481333 0.497807 0.480264 0.499401 0.486528
8 0.574453 0.521708 0.573581 0.517801 0.573406 0.516375 0.573477 0.515324 0.574034 0.514579 0.575010 0.514579 0.575497 0.515324 0.576370 0.521458
6 0.557255 0.523801 0.559810 0.523505 0.561065 0.523255 0.564516 0.522389 0.569117 0.522204 0.572430 0.521708 0.574453 0.521708 0.576370 0.521458 0.582471 0.520713 0.586583 0.520157 0.588503 0.520097 0.588273 0.523551 0.588333 0.525801 0.585677 0.526477 0.576484 0.526954 0.572937 0.525542 0.571070 0.524958 0.570138 0.525125 0.567570 0.524713 0.566682 0.524958 0.566310 0.525792 0.565237 0.527532 0.564070 0.527032 0.562016 0.526037 0.559310 0.524380
8 0.583344 0.556241 0.585625 0.551111 0.587672 0.547583 0.588062 0.548463 0.588297 0.549620 0.588271 0.550870 0.587240 0.553796 0.584948 0.558935 0.584115 0.558657 0.583594 0.557685
8 0.589578 0.559431 0.589117 0.558528 0.588938 0.556227 0.588878 0.543583 0.588333 0.525801 0.588273 0.523551 0.588755 0.522051 0.589630 0.521676 0.590685 0.522264 0.590924 0.543583 0.591135 0.559278
8 0.594401 0.576389 0.590315 0.571227 0.582888 0.561125 0.572396 0.546931 0.561901 0.532741 0.555729 0.524722 0.542203 0.506398 0.535440 0.497847 0.533698 0.495736 0.533036 0.496171 0.533383 0.497537 0.536521 0.501750 0.540008 0.506273 0.545586 0.513713 0.551130 0.521148 0.554651 0.525611 0.567026 0.543028 0.574313 0.552384 0.580599 0.561435 0.583021 0.564583 0.585807 0.568241 0.588333 0.571574 0.592448 0.576991 0.594323 0.577972
8 0.517664 0.591708 0.518479 0.591264 0.518133 0.594301 0.517344 0.594491
8 0.514609 0.592222 0.516638 0.592042 0.516224 0.594537 0.515182 0.594796
8 0.512474 0.592157 0.510729 0.592343 0.509922 0.592759 0.509922 0.593685 0.510208 0.594704 0.510573 0.594981 0.513073 0.594935
8 0.521419 0.574995 0.522174 0.571616 0.522813 0.565324 0.523203 0.562500 0.522669 0.561986 0.521849 0.561968 0.521432 0.562755 0.520977 0.571106
8 0.522292 0.582824 0.523594 0.572778 0.524776 0.563875 0.523828 0.562269 0.523203 0.562500 0.522813 0.565324 0.521641 0.576944
8 0.522292 0.582824 0.523490 0.575000 0.524687 0.567778 0.525078 0.566574 0.525563 0.565963 0.525964 0.567130 0.525547 0.568611
8 0.526510 0.568519 0.525471 0.574264 0.522646 0.586597 0.522292 0.582824 0.525547 0.568611 0.525964 0.567130
8 0.522974 0.589449 0.525464 0.577931 0.527240 0.570694 0.526724 0.569366 0.525471 0.574264 0.522646 0.586597
8 0.523203 0.559213 0.524776 0.563875 0.525563 0.565963 0.526510 0.568519 0.527240 0.570694 0.527656 0.571787 0.528576 0.574157 0.529294 0.576889 0.529630 0.578338 0.530414 0.579245 0.531648 0.579139 0.532187 0.577685 0.531901 0.575139 0.530391 0.571389 0.528456 0.566282 0.526497 0.562000 0.525865 0.559801
8 0.520833 0.610556 0.520883 0.608556 0.521328 0.605685 0.522013 0.603750 0.521893 0.601454 0.521529 0.602315 0.521086 0.603894 0.520682 0.606190 0.520198 0.608125 0.519956 0.611352
8 0.517331 0.604713 0.517992 0.607801 0.521276 0.593565 0.520826 0.587292 0.519945 0.591634
8 0.516771 0.602236 0.518133 0.594301 0.518479 0.591264 0.519734 0.581597 0.520224 0.581472 0.520503 0.584569 0.520826 0.587292 0.519945 0.591634 0.517331 0.604713
8 0.517992 0.607801 0.521276 0.593565 0.521615 0.598056 0.518643 0.610870
8 0.528466 0.594139 0.524482 0.589556 0.524690 0.588398 0.525549 0.588306 0.526357 0.587981 0.527060 0.588167 0.528258 0.590204 0.529414 0.591806
8 0.533750 0.595417 0.536563 0.598472 0.535760 0.599856 0.535339 0.600833 0.531607 0.597282 0.532682 0.594630
6 0.532682 0.594630 0.533750 0.595417 0.537396 0.594875 0.536135 0.592801 0.535154 0.592306 0.533987 0.591889
6 0.542057 0.589028 0.540286 0.589491 0.541315 0.591472 0.542284 0.592014
6 0.544141 0.588102 0.550359 0.585713 0.552729 0.590157 0.547937 0.593074 0.547055 0.591472 0.545190 0.591972 0.544583 0.592407
8 0.542284 0.592014 0.542057 0.589028 0.542195 0.586921 0.542706 0.586333 0.543672 0.586546 0.544154 0.588102 0.544583 0.592407 0.543695 0.592884
6 0.552917 0.585417 0.555370 0.584190 0.557990 0.583926 0.559466 0.582907 0.560674 0.582208 0.561849 0.581458 0.562992 0.580815 0.564888 0.579907 0.566344 0.579727 0.567214 0.582102 0.567031 0.584398 0.566328 0.584306 0.565651 0.584537 0.561451 0.586458 0.559740 0.587037 0.554859 0.589065
8 0.552448 0.593051 0.548643 0.594463 0.549766 0.597361 0.552917 0.596296
8 0.556406 0.603491 0.559063 0.602662 0.560599 0.605532 0.557344 0.606458 0.556703 0.605356
8 0.554320 0.606005 0.552190 0.602593 0.550909 0.599940 0.551065 0.598875 0.551456 0.598227 0.551951 0.597903 0.552680 0.598597 0.553435 0.600079
8 0.561424 0.601273 0.560208 0.599028 0.558568 0.594769 0.560052 0.594213 0.562370 0.600972
8 0.562995 0.604306 0.566638 0.603204 0.567638 0.603250 0.568828 0.600917 0.567753 0.599236 0.566937 0.600417 0.566185 0.599773 0.561424 0.601273
8 0.572474 0.595935 0.569870 0.597824 0.571701 0.600778 0.573846 0.598657
8 0.580000 0.585185 0.574432 0.568227 0.575755 0.567421 0.576977 0.568227 0.579766 0.577523 0.580388 0.585120
8 0.576013 0.586417 0.574104 0.583745 0.571628 0.578727 0.568875 0.573148 0.567271 0.569245 0.568526 0.568315 0.569328 0.568190 0.570651 0.569986 0.574000 0.577486 0.575289 0.582199
6 0.578568 0.608708 0.573846 0.598657 0.572474 0.595935 0.570620 0.590625 0.569732 0.588116 0.567635 0.583167 0.566344 0.579727 0.562510 0.570764 0.561979 0.568727 0.562302 0.567190 0.563279 0.566963 0.564690 0.569616 0.572107 0.587574 0.573096 0.589935 0.575414 0.595028 0.576247 0.596694 0.578284 0.599949 0.580180 0.603389 0.582122 0.607296 0.582349 0.610417
8 0.559740 0.587037 0.566823 0.597731 0.568828 0.600917 0.569768 0.603148 0.575112 0.609403 0.576180 0.609944 0.578633 0.611616 0.579682 0.611616 0.583255 0.614120 0.586935 0.615898 0.590422 0.617880 0.591849 0.618565 0.593937 0.620296 0.595026 0.620185 0.597393 0.621602 0.599310 0.621912 0.602779 0.621926 0.599815 0.620384 0.598154 0.619227 0.597987 0.617634 0.595893 0.617384 0.594466 0.616208 0.592826 0.615218 0.591536 0.615218 0.588922 0.613481 0.584565 0.611310 0.578568 0.608708 0.575396 0.606972 0.573023 0.603255 0.571701 0.600778 0.568945 0.596435 0.566052 0.592593 0.561451 0.586458
8 0.568185 0.592301 0.569870 0.597824 0.571016 0.596944 0.569435 0.592069
8 0.567466 0.588917 0.565651 0.584537 0.566328 0.584306 0.567031 0.584398 0.568482 0.588778
8 0.563820 0.589704 0.567466 0.588917 0.568482 0.588778 0.569732 0.588116 0.570620 0.590625 0.570320 0.591468 0.569435 0.592069 0.568185 0.592301 0.566052 0.592593
8 0.556201 0.591667 0.561982 0.590417 0.563857 0.593287 0.560052 0.594213 0.558568 0.594769 0.557997 0.594861
8 0.479128 0.363231 0.479701 0.364343 0.481966 0.368833 0.482656 0.371343 0.482781 0.373847 0.481445 0.373236 0.478763 0.363653
8 0.478763 0.363653 0.481445 0.373236 0.480201 0.372630 0.477497 0.365019
8 0.468865 0.335407 0.473383 0.352838 0.470195 0.349727 0.465622 0.334662
8 0.456477 0.344065 0.458396 0.346495 0.465227 0.359389 0.469242 0.368171 0.467555 0.367481 0.461620 0.355338 0.458031 0.348384 0.456862 0.346806 0.456693 0.345884
8 0.457370 0.367500 0.458542 0.367722 0.458203 0.364213 0.456589 0.363981
8 0.456146 0.361574 0.457917 0.361852 0.458203 0.364213 0.456589 0.363981
8 0.452229 0.355347 0.453906 0.355880 0.454453 0.356435 0.454635 0.357546 0.455078 0.358380 0.455703 0.359537 0.456146 0.361574 0.456589 0.363981 0.457370 0.367500 0.457760 0.369444 0.458620 0.372639 0.459833 0.375569 0.457969 0.376528 0.457344 0.373287 0.456719 0.369630 0.455536 0.365477 0.454659 0.360657 0.453310 0.358514
8 0.423555 0.346704 0.432034 0.350931 0.447964 0.358611 0.454443 0.361681 0.454659 0.360657 0.452932 0.359088 0.449583 0.357458 0.437477 0.349769 0.426148 0.343824 0.422096 0.342000 0.423070 0.344935
8 0.505216 0.401222 0.504552 0.395583 0.504609 0.391375 0.505599 0.391884 0.505807 0.400106
8 0.503333 0.394815 0.504065 0.397815 0.505216 0.401222 0.504971 0.404074 0.500385 0.393282
8 0.494964 0.389236 0.497859 0.391616 0.499063 0.392727 0.500385 0.393282 0.503333 0.394815 0.504552 0.395583 0.504609 0.391375 0.498190 0.388519
8 0.499063 0.392727 0.500667 0.398366 0.501938 0.402903 0.499568 0.398625 0.497544 0.392236 0.497859 0.391616
6 0.500385 0.393282 0.504971 0.404074 0.505109 0.406616 0.504797 0.409287 0.501938 0.402903 0.500667 0.398366 0.499063 0.392727
8 0.504797 0.409287 0.505109 0.406616 0.504971 0.404074 0.505216 0.401222 0.505807 0.400106 0.505844 0.404009 0.506365 0.408042 0.506227 0.411944
6 0.507062 0.406120 0.508594 0.410000 0.510052 0.412870 0.511062 0.413551 0.510792 0.420560 0.507237 0.413810 0.507378 0.412130 0.507271 0.409588
8 0.505781 0.385528 0.507005 0.389213 0.508307 0.389509 0.505677 0.382935
8 0.509089 0.389676 0.505635 0.381949 0.505474 0.377792 0.506771 0.380764 0.508341 0.383773 0.509365 0.386968 0.510932 0.390500
8 0.495286 0.385139 0.498065 0.386634 0.500172 0.387111 0.505070 0.388620 0.505919 0.388833 0.507005 0.389213 0.509089 0.389676 0.511521 0.390782 0.513255 0.391144 0.517698 0.392921 0.519271 0.394139 0.519448 0.396713 0.519016 0.397481 0.513130 0.395079 0.506250 0.392162 0.505599 0.391884 0.504609 0.391375 0.502734 0.390588 0.499844 0.389292 0.497201 0.387782 0.494896 0.387037
8 0.475688 0.389819 0.476312 0.391560 0.480224 0.392852 0.478750 0.389907
8 0.478750 0.389907 0.480224 0.392852 0.483047 0.394069 0.481417 0.389968
8 0.481417 0.389968 0.483047 0.394069 0.484904 0.394569 0.483156 0.389889
8 0.492211 0.389389 0.496490 0.397019 0.497563 0.400338 0.502531 0.413921 0.493070 0.395088 0.490388 0.389532
8 0.499185 0.401972 0.504237 0.415852 0.506198 0.421162 0.506057 0.424815 0.503909 0.417995 0.503495 0.416144 0.502531 0.413921 0.497563 0.400338 0.496490 0.397019
8 0.462977 0.386940 0.474005 0.386750 0.476909 0.386602 0.479901 0.386968 0.480870 0.387111 0.481919 0.387042 0.483539 0.386685 0.487865 0.387227 0.490794 0.387213 0.492956 0.387213 0.494896 0.387037 0.497201 0.387782 0.498190 0.388519 0.494964 0.389236 0.490388 0.389532 0.484628 0.389870 0.483156 0.389889 0.481432 0.390000 0.473776 0.389815 0.469792 0.389667 0.463260 0.389319
8 0.485591 0.338134 0.486867 0.341421 0.488820 0.345403 0.490747 0.348505 0.491893 0.346838 0.489940 0.343505 0.487969 0.339139
5 0.489479 0.339074 0.490010 0.341713 0.491018 0.343935 0.492224 0.346347 0.491953 0.343102 0.491760 0.339208
5 0.489299 0.337060 0.488898 0.335218 0.486005 0.326847 0.484471 0.322199 0.483490 0.320005 0.484883 0.319444 0.489401 0.330602 0.490995 0.337060
8 0.480917 0.323069 0.482833 0.325176 0.487156 0.332491 0.489299 0.337060 0.487849 0.336556 0.482693 0.327903
8 0.477057 0.314116 0.479904 0.322759 0.481682 0.329204 0.483320 0.333602 0.484620 0.335694 0.485992 0.335769 0.483669 0.330505 0.482693 0.327903 0.480917 0.323069 0.479026 0.315852
8 0.454805 0.332366 0.463240 0.334472 0.465052 0.334532 0.470625 0.335838 0.471956 0.335769 0.479982 0.336343 0.484135 0.337704 0.487969 0.339139 0.491760 0.339208 0.490995 0.337060 0.489299 0.337060 0.487849 0.336556 0.485992 0.335769 0.484620 0.335694 0.480016 0.334741 0.470544 0.333713 0.464250 0.332185 0.462112 0.331968 0.461427 0.331898 0.459651 0.331106 0.457370 0.330694 0.454630 0.330380
5 0.458685 0.403824 0.458299 0.406333 0.457578 0.407352 0.455047 0.407782 0.450060 0.398727 0.449865 0.394694 0.454440 0.398681
5 0.451172 0.393449 0.451570 0.391616 0.452349 0.389792 0.457156 0.389708 0.460469 0.389259 0.460789 0.392310 0.461844 0.397134 0.461844 0.399167 0.461633 0.400935 0.459945 0.402412 0.455932 0.397764 0.454531 0.395690
8 0.433620 0.376296 0.437951 0.377574 0.440323 0.378574 0.443635 0.379352 0.447883 0.379907 0.451508 0.379130 0.457318 0.376907 0.459833 0.375569 0.460346 0.377315 0.457193 0.378907 0.453542 0.381019 0.451224 0.381528 0.446448 0.382130 0.440573 0.381796 0.436951 0.380130 0.434302 0.379403
8 0.468594 0.305139 0.469927 0.306630 0.472010 0.309037 0.473625 0.310889 0.475318 0.312787 0.477057 0.314116 0.479026 0.315852 0.483490 0.320005 0.484883 0.319444 0.484466 0.317958 0.480112 0.312519 0.479424 0.312306 0.475391 0.308505 0.470229 0.302838
8 0.436612 0.399245 0.438305 0.407222 0.440565 0.415463 0.443005 0.425231 0.445385 0.434935 0.447391 0.443153 0.449971 0.451796 0.451424 0.451653 0.449633 0.444148 0.446318 0.430954 0.442677 0.417181 0.441557 0.412120 0.440625 0.408884 0.438776 0.401157
8 0.436003 0.389176 0.436081 0.383574 0.436797 0.383907 0.436979 0.389583 0.436578 0.390981
8 0.439232 0.386167 0.437344 0.393565 0.436578 0.390981 0.438245 0.385148
8 0.440573 0.381796 0.439818 0.384120 0.438828 0.383287 0.439427 0.381296
8 0.441070 0.367491 0.439430 0.365269 0.439690 0.363093 0.441096 0.364991
8 0.443206 0.369435 0.442346 0.368417 0.442372 0.366565 0.443727 0.367907
8 0.444685 0.369204 0.447161 0.372222 0.446872 0.374204 0.444138 0.371056
8 0.453198 0.375574 0.455008 0.375694 0.456805 0.375926 0.457318 0.376907 0.454878 0.377870 0.452951 0.378009
8 0.451089 0.376824 0.451505 0.363685 0.453432 0.364463 0.453198 0.375574 0.452891 0.378611
8 0.448143 0.373727 0.452891 0.378611 0.451508 0.379130 0.447865 0.375185
8 0.451719 0.346389 0.452005 0.347222 0.451615 0.350139 0.451068 0.354120 0.449909 0.352944 0.450651 0.349583
8 0.449401 0.349259 0.450104 0.347407 0.451354 0.345324 0.451771 0.345370 0.451719 0.346389 0.450651 0.349583 0.449909 0.352944 0.448594 0.351667 0.448854 0.351157
8 0.443776 0.334352 0.450104 0.347407 0.451354 0.345324 0.445354 0.332671
8 0.446224 0.346296 0.441005 0.342486 0.441375 0.345648 0.446344 0.349681 0.448594 0.351667 0.448854 0.351157
8 0.443776 0.334352 0.449401 0.349259 0.448854 0.351157 0.446224 0.346296 0.441927 0.336296
8 0.441172 0.333380 0.439740 0.330694 0.439427 0.329491 0.438987 0.328181 0.442943 0.330926
8 0.440133 0.334986 0.441172 0.333380 0.442943 0.330926 0.445354 0.332671 0.443776 0.334352 0.441927 0.336296 0.440464 0.337880
8 0.437292 0.337824 0.435003 0.341236 0.436839 0.342481 0.438667 0.340176 0.438172 0.336194
8 0.435909 0.321977 0.434458 0.315167 0.436070 0.316241 0.437081 0.322912
8 0.436698 0.326440 0.437198 0.329019 0.437477 0.331125 0.438172 0.336194 0.438667 0.340176 0.438839 0.344208 0.440133 0.344977 0.439560 0.339431 0.439167 0.336431 0.437781 0.327167
8 0.437292 0.317176 0.437690 0.323440 0.438620 0.324213 0.438294 0.317870
8 0.438987 0.328181 0.440133 0.334986 0.440464 0.337880 0.441005 0.342486 0.441375 0.345648 0.440133 0.344977 0.439560 0.339431 0.439167 0.336431 0.437781 0.327167
8 0.437784 0.308843 0.440622 0.310370 0.445727 0.313935 0.449089 0.316620 0.450781 0.317917 0.451318 0.318231 0.451805 0.321148 0.448878 0.318843 0.446977 0.317731 0.445102 0.316435 0.439867 0.312454 0.437888 0.310926
8 0.437417 0.302343 0.437669 0.304773 0.437760 0.307667 0.438151 0.315958 0.437310 0.315208 0.436901 0.309907 0.436667 0.307824 0.436354 0.303935
8 0.437758 0.380468 0.437680 0.382366 0.436820 0.381764 0.436951 0.380130
8 0.434003 0.307921 0.436901 0.309907 0.436667 0.307824 0.434802 0.306556
8 0.416758 0.309583 0.416250 0.309736 0.416331 0.310671 0.420969 0.316190 0.421573 0.317338 0.425768 0.321500 0.427099 0.322787 0.429302 0.320218
8 0.415417 0.319444 0.416107 0.319227 0.417885 0.323690 0.420883 0.329949 0.421568 0.330773 0.422349 0.331005 0.424474 0.331806 0.430016 0.330875 0.437198 0.329019 0.437477 0.331125 0.429982 0.332426 0.425339 0.334130 0.418919 0.331736
8 0.401745 0.299398 0.405060 0.305588 0.412612 0.318431 0.414328 0.320884 0.413086 0.315838 0.404568 0.300685
8 0.418687 0.300773 0.422854 0.299213 0.421844 0.298009 0.416635 0.299111
8 0.424000 0.298731 0.428698 0.302685 0.429505 0.303519 0.431563 0.304537 0.432956 0.306310 0.432018 0.307963 0.429065 0.305565 0.422854 0.299213
8 0.430734 0.321514 0.422349 0.331005 0.421568 0.330773 0.421333 0.329569 0.429302 0.320218
8 0.419594 0.341292 0.418773 0.338074 0.418333 0.334778 0.416576 0.329222 0.414328 0.320884 0.410276 0.304824 0.411594 0.305866 0.412471 0.308819 0.414523 0.316023 0.415417 0.319444 0.418919 0.331736 0.420969 0.338769 0.423070 0.344935 0.425951 0.354745 0.430151 0.364384 0.431422 0.368116 0.433034 0.373583 0.434302 0.379403 0.433130 0.378968 0.431977 0.373574 0.429602 0.366440 0.427964 0.362319 0.422427 0.348356 0.420813 0.344449
8 0.424966 0.312741 0.428490 0.310810 0.429297 0.311389 0.427214 0.314537
8 0.430776 0.312639 0.429010 0.316019 0.427214 0.314537 0.429297 0.311389
8 0.414135 0.296949 0.416635 0.299111 0.418687 0.300773 0.420836 0.302102 0.424289 0.304755 0.426997 0.306995 0.428771 0.308574 0.430443 0.310602 0.431875 0.311329 0.434276 0.312806 0.436378 0.314630 0.437310 0.315208 0.438151 0.315958 0.440018 0.317366 0.441557 0.318194 0.442398 0.319356 0.444078 0.322426 0.446878 0.327324 0.447484 0.328319 0.449445 0.332468 0.447018 0.330560 0.445523 0.328319 0.441232 0.320352 0.438758 0.318194 0.436609 0.316704 0.430776 0.312639 0.428490 0.310810 0.414396 0.300190 0.411453 0.297875 0.411766 0.297227 0.412417 0.296116 0.413146 0.296023
5 0.486099 0.452144 0.487456 0.458361 0.491102 0.459861 0.496615 0.461843 0.497036 0.461306 0.496885 0.460125 0.495620 0.458949 0.493151 0.457236 0.489594 0.454449
5 0.485388 0.449287 0.485755 0.446801 0.486875 0.444231 0.489909 0.438921 0.493828 0.443481 0.503211 0.455347 0.500318 0.465306 0.498451 0.472940 0.497331 0.476671 0.496042 0.476102 0.492786 0.468787 0.489609 0.461194 0.491221 0.461731 0.493964 0.462912 0.496013 0.463231 0.498031 0.463287 0.499659 0.463343 0.499930 0.462269 0.499388 0.460394 0.498513 0.459269 0.491854 0.454074 0.486612 0.450056
5 0.458599 0.445468 0.460708 0.441764 0.462234 0.440681 0.464815 0.449431 0.460461 0.446292
5 0.464495 0.465185 0.461797 0.463056 0.460078 0.460648 0.458698 0.457222 0.458229 0.455324 0.458047 0.452407 0.458073 0.449907 0.458151 0.447500 0.459656 0.448375 0.464516 0.451352 0.465964 0.451806 0.468750 0.458755
8 0.461484 0.472546 0.459453 0.475602 0.461589 0.477315 0.463698 0.474167
8 0.456773 0.473685 0.459453 0.475602 0.461589 0.477315 0.466120 0.481481 0.467969 0.483704 0.467568 0.484875 0.466172 0.483796 0.463776 0.481944 0.460260 0.478426 0.457474 0.476296
8 0.454299 0.464060 0.461484 0.472546 0.463698 0.474167 0.464688 0.474954 0.468125 0.478287 0.469406 0.479356 0.470099 0.477213 0.467479 0.474671 0.463938 0.471199 0.457161 0.465046
8 0.473406 0.470944 0.472682 0.475185 0.470807 0.473704 0.471458 0.470278
8 0.482102 0.484278 0.484589 0.485199 0.485477 0.489431 0.483854 0.488056 0.481823 0.485370 0.478820 0.482611
8 0.476094 0.479352 0.478820 0.482611 0.481823 0.485370 0.483854 0.488056 0.485477 0.489431 0.486641 0.493935 0.481224 0.488657 0.476719 0.483796 0.476224 0.482778
8 0.467094 0.486676 0.467568 0.484875 0.468172 0.483000 0.469406 0.479356 0.470099 0.477213 0.471099 0.478005 0.471667 0.478500 0.469203 0.488120
8 0.468599 0.490315 0.467599 0.493338 0.465943 0.489856 0.466612 0.488551
8 0.459680 0.483620 0.462211 0.483833 0.463839 0.484426 0.467094 0.486676 0.469203 0.488120 0.473841 0.492139 0.473771 0.493245 0.473753 0.494282 0.470529 0.491708 0.468599 0.490315 0.466612 0.488551 0.465198 0.488347 0.463635 0.486907 0.461260 0.486130 0.460435 0.485870
8 0.470854 0.534644 0.471443 0.531977 0.472146 0.528231 0.472198 0.522069 0.472760 0.511102 0.473206 0.505218 0.473771 0.493245 0.474174 0.484995 0.474336 0.480694 0.473771 0.474097 0.473406 0.470944 0.472883 0.461190 0.472479 0.457245 0.474013 0.454806 0.475060 0.468218 0.475365 0.472685 0.476094 0.479352 0.476224 0.482778 0.475786 0.493819 0.475424 0.499412 0.474698 0.510597 0.474133 0.518343 0.473529 0.528097 0.473529 0.530319 0.473245 0.534333 0.473096 0.535894
6 0.491872 0.525861 0.497917 0.512301 0.498992 0.510491 0.501307 0.504764 0.505036 0.496528 0.508568 0.489074 0.510687 0.485079 0.508490 0.484259 0.485156 0.475602 0.484687 0.472407 0.499896 0.477343 0.511930 0.481662 0.512552 0.483972 0.511648 0.487588 0.503286 0.505870 0.492776 0.531787
8 0.504539 0.514801 0.506891 0.516028 0.510065 0.517185 0.512646 0.518620 0.513940 0.519102 0.517044 0.520014 0.519667 0.520495 0.521021 0.521245 0.521865 0.522426 0.523250 0.521676 0.523594 0.520370 0.515055 0.516745 0.504117 0.512727
5 0.505547 0.543704 0.510518 0.548111 0.512896 0.543694 0.514529 0.547880 0.514474 0.553065 0.513000 0.552500 0.503958 0.549398
5 0.487982 0.528134 0.490161 0.530602 0.488508 0.534120 0.489818 0.537500 0.491505 0.534273 0.491703 0.536009 0.492661 0.537213 0.493396 0.535806 0.492997 0.533269 0.501036 0.539565 0.502086 0.541185 0.504219 0.542454 0.502188 0.548796 0.490268 0.544685 0.487331 0.543088 0.487297 0.541417 0.487643 0.535278
5 0.493302 0.548458 0.493753 0.550491 0.496253 0.554509 0.498302 0.557991 0.500232 0.561097 0.500984 0.562597 0.500865 0.563296 0.499786 0.563375 0.501763 0.566171 0.505310 0.571065 0.509971 0.568421 0.510312 0.569028 0.510964 0.570602 0.511068 0.571759 0.507344 0.573750 0.507896 0.574565 0.509669 0.577574 0.510719 0.579440 0.511393 0.581088 0.512375 0.581917 0.513060 0.580833 0.513333 0.573935 0.513359 0.565741 0.513547 0.559079 0.513357 0.558278 0.511690 0.557537 0.509971 0.557028 0.506143 0.555361 0.502497 0.553787 0.502182 0.555412 0.500984 0.555181 0.500781 0.554676 0.501479 0.551708
8 0.502497 0.553787 0.506143 0.555361 0.509971 0.557028 0.511690 0.557537 0.513357 0.558278 0.514763 0.558602 0.516638 0.558972 0.517732 0.559250 0.518617 0.559157 0.518021 0.557662 0.514089 0.556435 0.502990 0.552125
8 0.502990 0.552125 0.502182 0.555412 0.500984 0.555181 0.500781 0.554676 0.501479 0.551708
8 0.518021 0.557662 0.520234 0.562894 0.521432 0.562755 0.521849 0.561968 0.520651 0.558403
8 0.512375 0.581917 0.516682 0.582741 0.517406 0.583597 0.517586 0.584028 0.517315 0.586648 0.516109 0.588259 0.514664 0.588523 0.513849 0.588523
8 0.509609 0.491991 0.512578 0.499815 0.514974 0.498426 0.511198 0.488519
8 0.509609 0.491991 0.509479 0.499583 0.508182 0.498935 0.508260 0.494907
8 0.505789 0.500398 0.508073 0.501574 0.509323 0.502269 0.517570 0.506986 0.529255 0.513843 0.530070 0.509824 0.520971 0.505486 0.506781 0.498204
8 0.507669 0.511037 0.508073 0.501574 0.509323 0.502269 0.509609 0.513565 0.508424 0.513306
8 0.505742 0.512565 0.503286 0.505870 0.504753 0.502657 0.508424 0.513306
8 0.510065 0.517185 0.511549 0.520935 0.512435 0.523204 0.516758 0.535333 0.515958 0.541310 0.506891 0.516028
8 0.506891 0.516028 0.515958 0.541310 0.514844 0.542866 0.508211 0.525185 0.504539 0.514801
8 0.501505 0.510116 0.502432 0.514060 0.503685 0.518005 0.505984 0.524602 0.508076 0.530440 0.508854 0.532292 0.512896 0.543694 0.515802 0.551222 0.516648 0.553806 0.519221 0.554644 0.516018 0.546079 0.508211 0.525185 0.504539 0.514801 0.503937 0.512019 0.503906 0.510463 0.502732 0.507301
8 0.492211 0.389389 0.499185 0.401972 0.506435 0.416412 0.509607 0.422176 0.510620 0.424407 0.511177 0.425153 0.511664 0.423727 0.511818 0.422958 0.510792 0.420560 0.507237 0.413810 0.504797 0.409287 0.501938 0.402903 0.499568 0.398625 0.496779 0.393296 0.494964 0.389236
8 0.468378 0.436407 0.466901 0.428319 0.468646 0.428102 0.469953 0.437204
8 0.471195 0.451722 0.468698 0.439676 0.472318 0.442407 0.473107 0.450310 0.472279 0.451875
8 0.469898 0.461958 0.473284 0.467750 0.472966 0.463139 0.471503 0.459296
8 0.471214 0.453940 0.470177 0.456403 0.468750 0.458755 0.464495 0.465185 0.467599 0.466051 0.469898 0.461958 0.471503 0.459296 0.472479 0.457245 0.474013 0.454806
8 0.465964 0.451806 0.468750 0.458755 0.470177 0.456403 0.468083 0.452602
8 0.464815 0.449431 0.462234 0.440681 0.459974 0.432315 0.462500 0.435093 0.465299 0.442977 0.467362 0.450421
8 0.463151 0.432083 0.454690 0.412644 0.459719 0.415417 0.464706 0.427995 0.466065 0.431343 0.467109 0.433449 0.467292 0.435833
8 0.454690 0.412644 0.455807 0.416528 0.457266 0.421574 0.458255 0.424907 0.459062 0.427222 0.460807 0.429491 0.463151 0.432083 0.467292 0.435833 0.469953 0.437204 0.471456 0.438986 0.473646 0.440370 0.476794 0.441833 0.476474 0.443917 0.476016 0.444907 0.472318 0.442407 0.468698 0.439676 0.462500 0.435093 0.459974 0.432315 0.458646 0.430231 0.456849 0.425139 0.453958 0.415972 0.453099 0.411565
8 0.452760 0.410157 0.457187 0.411880 0.458805 0.412931 0.461628 0.414292 0.466914 0.417519 0.467154 0.419167 0.454690 0.412644 0.453099 0.411565
8 0.472279 0.451875 0.476474 0.443917 0.476794 0.441833 0.478974 0.438394 0.479620 0.437032 0.480505 0.437676 0.481393 0.438602 0.481393 0.439606 0.481753 0.440116 0.480870 0.440773 0.480336 0.441986 0.478591 0.445630 0.477352 0.448468 0.474786 0.452713
8 0.481026 0.455750 0.478552 0.454574 0.476565 0.453458 0.474786 0.452713 0.471195 0.451722 0.467362 0.450421 0.464815 0.449431 0.460461 0.446292 0.448964 0.441273 0.449633 0.444148 0.455609 0.446167 0.459656 0.448375 0.464516 0.451352 0.468083 0.452602 0.471214 0.453940 0.474013 0.454806 0.475859 0.455370 0.478047 0.456806 0.481096 0.457190
8 0.483451 0.447852 0.482362 0.442519 0.481753 0.440116 0.481393 0.439606 0.481393 0.438602 0.482320 0.437454 0.483128 0.438528 0.483854 0.441685 0.485388 0.449287
8 0.483906 0.450458 0.486195 0.457644 0.487456 0.458361 0.486099 0.452144
8 0.482935 0.458593 0.486628 0.460417 0.488451 0.460833 0.489609 0.461194 0.491221 0.461731 0.493964 0.462912 0.496013 0.463231 0.498031 0.463287 0.499659 0.463343 0.499930 0.462269 0.499388 0.460394 0.498513 0.459269 0.491854 0.454074 0.486612 0.450056 0.482484 0.447056 0.482604 0.449574 0.486099 0.452144 0.489594 0.454449 0.493151 0.457236 0.495620 0.458949 0.496885 0.460125 0.497036 0.461306 0.496615 0.461843 0.491102 0.459861 0.487456 0.458361 0.484682 0.456861 0.482906 0.456324
8 0.457161 0.465046 0.463938 0.471199 0.467479 0.474671 0.471099 0.478005 0.474336 0.480694 0.474013 0.476431 0.466099 0.469579 0.463312 0.467264
8 0.452557 0.456986 0.460130 0.463889 0.453701 0.462023
6 0.453701 0.462023 0.473284 0.467750 0.473406 0.470944 0.454299 0.464060
6 0.482523 0.470755 0.475060 0.468218 0.475349 0.472477 0.483073 0.475181
8 0.515750 0.597769 0.516263 0.594199 0.516638 0.592042 0.517992 0.581088 0.519328 0.573685 0.519766 0.577523 0.519065 0.582088 0.517664 0.591708 0.516451 0.600838
8 0.474812 0.507574 0.485938 0.534167 0.485656 0.539620 0.474435 0.514583 0.474698 0.510597
8 0.472760 0.511102 0.461260 0.486130 0.463635 0.486907 0.465198 0.488347 0.473206 0.505218
8 0.458638 0.480569 0.461393 0.488537 0.463539 0.493514 0.464846 0.499569 0.470167 0.516995 0.472198 0.522069 0.472146 0.528231 0.471010 0.526023 0.462466 0.496171 0.461206 0.493019
8 0.447633 0.457532 0.455372 0.477088 0.453083 0.466218 0.449141 0.456231
8 0.462641 0.510954 0.460693 0.498741 0.457471 0.486296 0.455372 0.477088 0.452385 0.463231 0.450737 0.455093 0.451706 0.453731 0.454299 0.464060 0.456773 0.473685 0.458638 0.480569 0.459667 0.485468 0.461206 0.493019 0.463260 0.501977 0.464940 0.509278 0.465734 0.513509 0.465935 0.517000
8 0.445966 0.458931 0.450148 0.470023 0.451404 0.474921 0.452276 0.477958 0.453602 0.481986 0.455310 0.486384 0.459240 0.496065 0.460219 0.499468 0.462641 0.510954 0.458862 0.504231 0.457276 0.498144 0.452469 0.485282 0.449112 0.475241 0.443977 0.460639
8 0.434896 0.400000 0.432318 0.411116 0.431745 0.412315 0.431089 0.409296 0.431284 0.408296 0.432096 0.405741 0.433828 0.398981
8 0.431284 0.408296 0.428409 0.396190 0.428956 0.395361 0.430409 0.397745 0.432096 0.405741
8 0.442953 0.458106 0.436628 0.439222 0.433299 0.429671 0.430805 0.419051 0.427628 0.403718 0.425583 0.393093 0.427552 0.393148 0.434812 0.426444 0.439201 0.440296 0.445172 0.456458
8 0.435885 0.376898 0.435771 0.375778 0.435536 0.369389 0.435060 0.361384 0.436310 0.362519 0.436891 0.377356
8 0.429797 0.355532 0.435536 0.369389 0.435771 0.375778 0.430151 0.364384 0.425951 0.354745 0.424479 0.349847
8 0.441156 0.375917 0.441057 0.359384 0.442469 0.359597 0.442271 0.372444
8 0.424479 0.349847 0.429797 0.355532 0.434510 0.360926 0.438245 0.364245 0.438430 0.361755 0.435258 0.358356 0.430771 0.352500
8 0.440250 0.358667 0.437951 0.377574 0.436891 0.377356 0.438852 0.357773
8 0.424479 0.349847 0.430771 0.352500 0.437870 0.357301 0.440250 0.358667 0.441057 0.359384 0.442469 0.359597 0.445898 0.361083 0.446906 0.361944 0.448721 0.362755 0.451505 0.363685 0.455536 0.365477 0.454443 0.361681 0.447964 0.358611 0.432034 0.350931 0.423555 0.346704
8 0.440323 0.378574 0.445898 0.361083 0.446906 0.361944 0.441784 0.378866
8 0.433727 0.381606 0.436797 0.383907 0.440065 0.386898 0.445625 0.391713 0.449865 0.394694 0.454440 0.398681 0.458685 0.403824 0.465594 0.412782 0.466388 0.414028 0.465854 0.411324 0.459945 0.402412 0.455932 0.397764 0.454531 0.395690 0.451172 0.393449 0.443284 0.386898 0.435305 0.380509 0.434302 0.379403 0.433130 0.378968 0.433219 0.379597
8 0.418919 0.331736 0.425339 0.334130 0.430469 0.337778 0.435003 0.341236 0.436839 0.342481 0.438839 0.344208 0.440133 0.344977 0.441375 0.345648 0.446344 0.349681 0.449909 0.352944 0.452229 0.355347 0.453310 0.358514 0.452932 0.359088 0.449583 0.357458 0.444021 0.352176 0.431602 0.343250 0.424365 0.338259 0.420208 0.336435
8 0.399315 0.309324 0.402857 0.313755 0.408667 0.321787 0.411557 0.325449 0.418333 0.334778 0.418773 0.338074 0.410643 0.326444 0.406690 0.322000 0.402771 0.316333
8 0.388948 0.294250 0.393052 0.301259 0.396453 0.307403 0.400935 0.315278 0.404776 0.324060 0.406729 0.326227 0.410495 0.330630 0.409143 0.326412 0.402771 0.316333 0.399315 0.309324 0.391320 0.295046
8 0.395182 0.296528 0.411557 0.325449 0.418333 0.334778 0.416576 0.329222 0.412432 0.322782 0.408310 0.313449 0.402000 0.303120 0.399562 0.298565
8 0.435638 0.394282 0.431523 0.378898 0.431070 0.376588 0.428573 0.366644 0.428190 0.365593 0.423107 0.354157 0.421299 0.349870 0.420456 0.347407 0.420094 0.345486 0.419208 0.344079 0.420813 0.344449 0.422427 0.348356 0.427964 0.362319 0.429602 0.366440 0.431977 0.373574 0.433219 0.379597 0.433727 0.381606 0.435422 0.387236 0.437344 0.393565 0.437951 0.396699
8 0.425862 0.384949 0.423896 0.377894 0.424234 0.374778 0.424630 0.372870 0.426211 0.372870 0.431070 0.376588 0.431523 0.378898 0.426326 0.374778 0.425138 0.375181 0.425534 0.376588 0.427727 0.386750
8 0.417161 0.376407 0.415023 0.368852 0.417906 0.370458 0.424234 0.374778 0.424630 0.372870 0.416211 0.366241 0.414401 0.365838 0.413573 0.366843 0.413435 0.368171 0.413435 0.369579 0.414740 0.374394
8 0.433299 0.429671 0.420336 0.401713 0.414331 0.378139 0.417862 0.380463 0.424857 0.403245 0.430805 0.419051
8 0.441016 0.436398 0.439773 0.427213 0.438982 0.418778 0.438305 0.410440 0.438305 0.407222 0.440565 0.415463 0.441750 0.425810 0.443898 0.437361 0.444859 0.441981 0.445310 0.444394 0.447628 0.451222 0.448474 0.453435 0.447310 0.454593 0.446328 0.455602 0.445102 0.451324
8 0.445172 0.456458 0.438898 0.435588 0.433982 0.419319 0.432318 0.411116 0.433375 0.409903 0.436781 0.422278 0.441016 0.436398 0.445102 0.451324 0.446328 0.455602
8 0.474870 0.540463 0.476758 0.545699 0.478893 0.545884 0.477542 0.541750
8 0.473529 0.530319 0.475198 0.533917 0.476594 0.537699 0.474154 0.536458 0.473245 0.534333
8 0.452352 0.492671 0.455458 0.498856 0.458862 0.504231 0.462641 0.510954 0.465935 0.517000 0.471010 0.526023 0.472146 0.528231 0.471443 0.531977 0.459130 0.509801 0.450940 0.494106 0.452310 0.495106
8 0.447448 0.488287 0.450760 0.503463 0.455000 0.515338 0.458685 0.521394 0.450940 0.494106
8 0.455000 0.515338 0.458685 0.521394 0.460927 0.525625 0.462964 0.531333 0.464320 0.535394 0.468190 0.545745 0.465547 0.545454 0.458500 0.526370
8 0.444604 0.503755 0.450846 0.529819 0.453664 0.535343 0.454388 0.535472 0.446727 0.503602 0.445576 0.503944
8 0.439294 0.477153 0.441326 0.484884 0.446552 0.498407 0.447951 0.503389 0.450146 0.509444 0.452667 0.516333 0.456214 0.528861 0.461107 0.544958 0.462122 0.545005 0.464180 0.545329 0.465547 0.545454 0.458500 0.526370 0.455000 0.515338 0.449026 0.498245 0.441177 0.476394 0.438594 0.471944
8 0.438034 0.467667 0.440815 0.471731 0.445495 0.480120 0.449083 0.487148 0.449771 0.488079 0.452229 0.490880 0.452352 0.492671 0.452310 0.495106 0.450940 0.494106 0.447448 0.488287 0.443518 0.481699 0.441177 0.476394 0.438594 0.471944
8 0.443315 0.461333 0.445979 0.471444 0.447552 0.476463 0.450656 0.486431 0.452229 0.490880 0.449771 0.488079 0.445938 0.474028 0.443799 0.464704
8 0.440495 0.464583 0.445495 0.480120 0.449083 0.487148 0.449771 0.488079 0.445938 0.474028 0.443799 0.464704 0.443315 0.461333
8 0.437482 0.462773 0.439221 0.461218 0.441940 0.458921 0.442953 0.458106 0.445172 0.456458 0.447310 0.454593 0.449971 0.451796 0.451424 0.451653 0.451706 0.453731 0.450737 0.455093 0.447633 0.457532 0.443315 0.461333 0.440495 0.464583 0.438034 0.467667
8 0.435948 0.451986 0.439221 0.461218 0.441940 0.458921 0.437372 0.446343 0.436885 0.446218 0.436117 0.448139
8 0.434901 0.443435 0.435948 0.451986 0.437307 0.461097 0.437482 0.462773 0.438034 0.467667 0.439294 0.477153 0.441352 0.494875 0.442500 0.506093 0.439500 0.497782 0.437023 0.477394 0.436362 0.471866 0.435799 0.461537 0.433719 0.445806
8 0.433719 0.445806 0.425781 0.427037 0.420430 0.415662 0.420844 0.414375 0.422594 0.415153 0.425094 0.420148 0.428784 0.425370 0.434841 0.440699 0.435469 0.442583
8 0.412432 0.408509 0.414495 0.405889 0.415396 0.408819 0.412885 0.411236
8 0.416964 0.405042 0.417953 0.403699 0.418930 0.404384 0.418698 0.405602 0.417214 0.406486
8 0.410497 0.387005 0.412026 0.386718 0.416964 0.405042 0.417214 0.406486
8 0.404810 0.378454 0.409060 0.390894 0.411432 0.397444 0.414495 0.405889 0.415932 0.410440 0.419305 0.421106 0.423367 0.432435 0.432552 0.459981 0.436362 0.471866 0.435799 0.461537 0.427865 0.437764 0.420430 0.415662 0.410497 0.387005 0.406935 0.376454 0.405372 0.376787
8 0.511495 0.394352 0.511440 0.402801 0.511062 0.413551 0.510792 0.420560 0.511818 0.422958 0.512466 0.416333 0.512411 0.412593 0.512792 0.405005 0.512682 0.401069 0.513008 0.398000 0.513130 0.395079
8 0.508359 0.383421 0.511521 0.390782 0.511078 0.385764 0.511036 0.383185 0.508263 0.380051 0.508625 0.382060
8 0.512813 0.381245 0.517495 0.387616 0.519714 0.390481 0.522294 0.393565 0.525201 0.397079 0.525766 0.398301 0.524674 0.401384 0.523224 0.399662 0.519271 0.394139 0.517698 0.392921 0.513094 0.385981 0.513055 0.383542
8 0.507969 0.377556 0.510190 0.379454 0.511036 0.383185 0.508263 0.380051 0.507898 0.378042
8 0.502229 0.311644 0.502208 0.316620 0.502612 0.326014 0.503255 0.335481 0.503792 0.344259 0.504794 0.365995 0.505313 0.373630 0.505474 0.377792 0.505635 0.381949 0.505919 0.388833 0.505070 0.388620 0.504508 0.379227 0.503844 0.372134 0.503112 0.355806 0.501232 0.314681 0.500831 0.311144 0.501763 0.312306
8 0.500831 0.311144 0.500221 0.312495 0.500872 0.334213 0.502750 0.368403 0.503844 0.372134 0.503112 0.355806 0.501232 0.314681
8 0.484701 0.312176 0.485346 0.316190 0.486435 0.317912 0.486193 0.319634 0.484883 0.319444 0.489401 0.330602 0.490995 0.337060 0.491760 0.339208 0.491953 0.343102 0.492224 0.346347 0.492505 0.347343 0.495992 0.358773 0.500792 0.376986 0.503229 0.385866 0.504271 0.385741 0.503844 0.378088 0.491823 0.333796 0.489922 0.326991 0.486435 0.311389
8 0.477188 0.294907 0.483331 0.309380 0.485677 0.309583 0.484766 0.307361 0.483255 0.303657 0.478672 0.293333
8 0.486641 0.308194 0.495042 0.305583 0.497609 0.307657 0.488177 0.311806
8 0.480555 0.309579 0.483331 0.309380 0.485677 0.309583 0.486435 0.311389 0.484701 0.312176 0.482482 0.312606 0.480674 0.311301
8 0.480674 0.311301 0.482482 0.312606 0.485346 0.316190 0.486435 0.317912 0.486193 0.319634 0.484883 0.319444 0.484466 0.317958 0.480112 0.312519
8 0.448146 0.294000 0.450313 0.294167 0.451276 0.294444 0.454297 0.294306 0.455911 0.294306 0.458125 0.294676 0.459010 0.293981 0.459036 0.292778 0.458802 0.292315 0.457083 0.292519 0.455305 0.292463 0.454003 0.292264 0.450760 0.292264 0.449552 0.292306 0.448047 0.292269
8 0.424674 0.457171 0.415279 0.422611 0.415063 0.421171 0.416898 0.420787 0.419977 0.432116 0.426456 0.454870
8 0.410987 0.413032 0.406508 0.407144 0.405201 0.404153 0.406180 0.403907 0.410849 0.410958
8 0.413320 0.414528 0.419305 0.421106 0.421120 0.426157 0.413555 0.416519
8 0.422594 0.415153 0.418698 0.405602 0.418930 0.404384 0.417953 0.403699 0.412026 0.386718 0.408591 0.378273 0.407716 0.374829 0.408654 0.374056 0.409779 0.374940 0.414276 0.386829 0.420336 0.401713 0.425273 0.414597 0.428784 0.425370 0.425094 0.420148
8 0.457443 0.314417 0.449036 0.299472 0.448146 0.294000 0.450313 0.294167 0.451276 0.294444 0.452685 0.297324 0.452654 0.299894 0.452867 0.301769 0.459135 0.312481
8 0.455875 0.315810 0.449487 0.302417 0.449036 0.299472 0.457443 0.314417
8 0.459964 0.324741 0.456966 0.318421 0.458359 0.316870 0.462753 0.326042 0.461810 0.325421 0.461393 0.324185 0.460312 0.323810
8 0.463398 0.326755 0.459529 0.315662 0.459771 0.314792 0.460497 0.314565 0.462596 0.319444 0.463432 0.321796 0.464339 0.325144 0.465107 0.328120
8 0.461810 0.325421 0.469750 0.331787 0.470544 0.333713 0.462682 0.328338
8 0.459964 0.324741 0.454839 0.320713 0.453305 0.322139 0.460870 0.327157
8 0.462112 0.331968 0.460870 0.327157 0.459964 0.324741 0.460312 0.323810 0.461393 0.324185 0.461810 0.325421 0.462682 0.328338 0.464250 0.332185
6 0.479982 0.336343 0.489773 0.349907 0.482401 0.356074 0.481164 0.357963 0.472352 0.336542 0.471956 0.335769
8 0.468133 0.347727 0.463240 0.334472 0.465052 0.334532 0.470195 0.349727
8 0.463568 0.346713 0.467690 0.358356 0.471854 0.366134 0.473245 0.364903 0.468258 0.351282
8 0.459232 0.344329 0.460086 0.343403 0.463729 0.349606 0.467690 0.358356 0.471854 0.366134 0.471120 0.366639 0.468401 0.361741 0.465750 0.356907 0.462719 0.351269
8 0.469242 0.368171 0.465227 0.359389 0.458396 0.346495 0.456339 0.342343 0.457000 0.341227 0.458047 0.341787 0.462719 0.351269 0.465750 0.356907 0.468401 0.361741 0.471120 0.366639
8 0.455680 0.346861 0.450617 0.336630 0.452956 0.338352 0.455260 0.343546 0.455354 0.344704
8 0.459219 0.362454 0.465654 0.366023 0.466422 0.368176 0.459456 0.364935
8 0.467227 0.370755 0.460091 0.369181 0.459456 0.364935 0.466422 0.368176
8 0.461112 0.374847 0.467227 0.370755 0.467969 0.372778 0.461654 0.377347
8 0.481000 0.380116 0.483539 0.386685 0.481919 0.387042 0.479380 0.379347
8 0.477497 0.365019 0.480201 0.372630 0.477982 0.370907 0.476367 0.366315 0.476352 0.366361
8 0.473880 0.369074 0.476125 0.370259 0.477982 0.370907 0.480201 0.372630 0.482781 0.373847 0.485612 0.376333 0.487253 0.380037 0.482862 0.376444 0.477214 0.373125 0.473013 0.370056
8 0.476367 0.366315 0.477982 0.370907 0.476125 0.370259 0.475159 0.367681
8 0.479380 0.379347 0.481919 0.387042 0.480870 0.387111 0.477276 0.377523
8 0.477276 0.377523 0.480870 0.387111 0.479901 0.386968 0.474466 0.375796
8 0.472188 0.374398 0.474729 0.381440 0.476909 0.386602 0.479901 0.386968 0.474466 0.375796
8 0.468258 0.351282 0.473245 0.364903 0.475164 0.363417 0.471945 0.354394
8 0.475068 0.357838 0.476547 0.362315 0.475703 0.363009 0.471945 0.354394
8 0.469242 0.368171 0.477643 0.361426 0.479128 0.363231 0.473013 0.370056
8 0.474005 0.386750 0.468719 0.375347 0.467227 0.370755 0.466422 0.368176 0.465654 0.366023 0.460815 0.356773 0.457466 0.351037 0.457062 0.347736 0.456862 0.346806 0.458031 0.348384 0.461620 0.355338 0.467555 0.367481 0.468440 0.369556 0.470523 0.373296 0.474729 0.381440 0.476909 0.386602
8 0.470523 0.373296 0.472188 0.374398 0.474466 0.375796 0.477276 0.377523 0.479380 0.379347 0.481000 0.380116 0.484404 0.382324 0.488344 0.384912 0.489609 0.385370 0.487930 0.381750 0.480529 0.376856 0.475581 0.374037 0.472781 0.371713 0.468440 0.369556
8 0.487253 0.380037 0.482862 0.376444 0.477214 0.373125 0.473013 0.370056 0.467555 0.367481 0.468440 0.369556 0.472781 0.371713 0.475581 0.374037 0.480529 0.376856 0.487930 0.381750
8 0.492560 0.383125 0.493904 0.384116 0.495286 0.385139 0.494896 0.387037 0.492956 0.387213 0.489805 0.381514 0.490711 0.381574
8 0.492560 0.383125 0.492630 0.382069 0.488586 0.368931 0.486221 0.366759 0.483659 0.363495 0.482060 0.359398 0.483234 0.361093 0.486315 0.364991 0.488461 0.366819 0.489956 0.368310 0.493549 0.379926 0.494083 0.381384 0.494354 0.382616 0.494326 0.383579 0.493904 0.384116
8 0.455815 0.339926 0.458885 0.342398 0.463568 0.346713 0.468258 0.351282 0.471945 0.354394 0.475068 0.357838 0.477643 0.361426 0.479128 0.363231 0.479701 0.364343 0.481966 0.368833 0.484310 0.373324 0.485612 0.376333 0.487253 0.380037 0.487930 0.381750 0.489609 0.385370 0.490794 0.387213 0.492956 0.387213 0.489805 0.381514 0.484159 0.368190 0.480526 0.361477 0.479240 0.360042 0.477687 0.357593 0.473383 0.352838 0.470195 0.349727 0.468133 0.347727 0.460823 0.341509 0.455500 0.336764
8 0.482060 0.359398 0.483234 0.361093 0.486315 0.364991 0.488461 0.366819 0.489956 0.368310 0.493549 0.379926 0.494016 0.380343 0.494716 0.380176 0.494763 0.378102 0.494104 0.376097 0.490982 0.366769 0.486919 0.363208 0.483328 0.358023
8 0.491130 0.380458 0.486529 0.370111 0.487539 0.369181 0.488586 0.368931 0.492630 0.382069 0.492560 0.383125 0.490711 0.381574
8 0.481052 0.360833 0.484159 0.368190 0.489805 0.381514 0.490711 0.381574 0.491130 0.380458 0.485867 0.368745 0.482060 0.359398
8 0.480365 0.359037 0.478974 0.355991 0.470625 0.335838 0.471956 0.335769 0.472352 0.336542 0.481164 0.357963
8 0.481164 0.357963 0.482401 0.356074 0.489773 0.349907 0.492224 0.346347 0.492505 0.347343 0.490570 0.351319 0.484917 0.356991 0.482060 0.359398 0.481052 0.360833 0.480526 0.361477 0.479240 0.360042 0.480365 0.359037
6 0.452867 0.301769 0.452654 0.299894 0.452685 0.297324 0.453016 0.296306 0.454297 0.294306 0.455911 0.294306 0.459016 0.299468 0.463320 0.307074 0.459135 0.312481
8 0.446094 0.302731 0.446693 0.305324 0.447500 0.308657 0.448047 0.311296 0.448594 0.314444 0.449089 0.316620 0.450781 0.317917 0.450833 0.315648 0.449974 0.311435 0.448828 0.307222 0.447865 0.302407 0.447404 0.301454
8 0.447404 0.301454 0.446094 0.302731 0.444792 0.303657 0.443396 0.304560 0.440352 0.306648 0.437760 0.307667 0.437669 0.304773 0.438784 0.304185 0.440232 0.303329 0.443469 0.300963 0.445237 0.299759 0.446177 0.299065
8 0.491497 0.547829 0.493302 0.548458 0.493753 0.550491 0.496253 0.554509 0.498302 0.557991 0.500232 0.561097 0.500984 0.562597 0.500865 0.563296 0.499786 0.563375 0.496802 0.559148 0.493172 0.553625 0.489388 0.548245 0.491159 0.548245
8 0.505310 0.571065 0.509971 0.568421 0.510312 0.569028 0.510964 0.570602 0.511068 0.571759 0.507344 0.573750
11 0.500753 0.584431 0.504240 0.583250 0.505563 0.582694 0.506047 0.583884 0.507193 0.583870 0.506172 0.590463 0.503633 0.591958 0.500818 0.593023 0.497758 0.593333 0.497107 0.589398 0.496299 0.586250
8 0.419870 0.424491 0.427940 0.454694 0.431018 0.459593 0.431773 0.459019 0.431875 0.457963 0.423367 0.432435 0.421120 0.426157
8 0.494930 0.577796 0.495591 0.574810 0.496253 0.571653 0.496885 0.569134 0.497518 0.567366 0.498211 0.567153 0.498453 0.567903 0.497971 0.569991 0.497526 0.572037 0.497344 0.573009 0.496927 0.574444 0.495768 0.576681
8 0.493359 0.583056 0.493674 0.582009 0.495490 0.579968 0.497651 0.579162 0.499917 0.578106 0.502112 0.576806 0.502669 0.576060 0.502495 0.574634 0.501799 0.573954 0.500648 0.573894 0.498904 0.574204 0.496883 0.575750 0.495768 0.576681 0.494930 0.577796 0.493708 0.577884 0.492138 0.582750 0.492419 0.583569
8 0.491154 0.582361 0.487891 0.583935 0.487187 0.580833 0.491615 0.579366 0.492284 0.579310
8 0.492284 0.579310 0.491615 0.579366 0.491615 0.574384 0.491763 0.573796 0.492125 0.573472 0.492729 0.573579 0.492880 0.574171 0.492518 0.578347
10 0.493487 0.600884 0.493148 0.594403 0.492315 0.591440 0.491716 0.590051 0.491273 0.588565 0.491117 0.586995 0.491612 0.585046 0.492419 0.583569 0.493359 0.583056 0.494815 0.583472 0.495648 0.584630 0.496299 0.586250 0.497107 0.589398 0.497758 0.593333 0.497992 0.596111 0.498253 0.600139 0.498201 0.602782 0.498591 0.605051 0.499242 0.606806 0.500128 0.608523 0.501273 0.610190 0.503148 0.610556 0.502370 0.615509 0.496185 0.604991
8 0.463513 0.563815 0.465813 0.558574 0.466740 0.557074 0.467909 0.554278 0.468997 0.552343 0.469724 0.551625 0.470620 0.553120 0.469779 0.555528 0.469120 0.556551 0.467771 0.559431 0.466982 0.561880 0.466378 0.562741 0.464682 0.566611
8 0.460612 0.547088 0.462018 0.547273 0.463372 0.546949 0.466133 0.546995 0.467669 0.547273 0.469102 0.547366 0.472305 0.547426 0.476104 0.547551 0.477245 0.547731 0.479161 0.547731 0.481901 0.548097 0.483385 0.547963 0.483958 0.548056 0.484583 0.548144 0.485094 0.548000 0.485932 0.547630 0.487081 0.548065 0.489388 0.548245 0.491159 0.548245 0.491497 0.547829 0.490531 0.547421 0.487852 0.546255 0.485299 0.545977 0.484076 0.545977 0.478893 0.545884 0.476758 0.545699 0.475482 0.545606 0.471966 0.545884 0.470143 0.545699 0.468190 0.545745 0.464180 0.545329 0.462122 0.545005 0.461107 0.544958 0.460404 0.545421
8 0.483799 0.574505 0.481185 0.565148 0.479974 0.558148 0.479453 0.556852 0.479104 0.555546 0.478023 0.551519 0.477987 0.550218 0.477245 0.547731 0.479161 0.547731 0.480156 0.551759 0.480677 0.554162 0.481146 0.555690 0.484112 0.568431
8 0.477682 0.562958 0.481792 0.570528 0.483810 0.574116 0.483779 0.576097 0.482365 0.575829 0.481146 0.573889 0.480339 0.572500 0.478047 0.568102 0.478440 0.567444 0.478302 0.565093
8 0.480156 0.551759 0.481901 0.548097 0.483385 0.547963 0.480677 0.554162
8 0.480677 0.554162 0.483385 0.547963 0.483958 0.548056 0.484583 0.548144 0.481146 0.555690
8 0.476771 0.559255 0.478128 0.557778 0.479104 0.555546 0.479453 0.556852 0.477318 0.561431
8 0.477318 0.561431 0.479453 0.556852 0.479974 0.558148 0.477682 0.562958
5 0.471227 0.552787 0.470596 0.550773 0.471190 0.550463 0.471922 0.550958 0.472305 0.551394 0.472305 0.547426 0.476104 0.547551 0.477987 0.550218 0.478023 0.551519 0.477534 0.551764 0.479104 0.555546 0.478128 0.557778 0.475721 0.552819 0.475128 0.550403 0.474919 0.551023 0.476771 0.559255 0.477318 0.561431 0.477682 0.562958 0.478302 0.565093 0.478440 0.567444 0.477620 0.568884 0.476174 0.565481
8 0.507750 0.653556 0.502266 0.637037 0.500628 0.631954 0.494375 0.614907 0.490948 0.607106 0.483878 0.590611 0.481664 0.585935 0.483305 0.583898 0.487625 0.591815 0.487294 0.592083 0.487536 0.593148 0.491430 0.601722 0.497326 0.615583 0.502344 0.630833 0.503812 0.636056 0.510549 0.654472
8 0.538073 0.611111 0.533568 0.612593 0.533276 0.613375 0.533641 0.614718 0.534422 0.615042 0.539089 0.613657
5 0.525469 0.613194 0.526898 0.619347 0.527388 0.620028 0.528370 0.619833 0.531695 0.618139 0.532539 0.617606 0.532729 0.617023 0.529052 0.604042 0.527687 0.608069
8 0.506047 0.583884 0.504070 0.578940 0.502669 0.576060 0.502495 0.574634 0.501799 0.573954 0.499034 0.568639 0.498953 0.567486 0.499500 0.567208 0.501563 0.570185 0.504354 0.574347 0.506612 0.578579 0.508146 0.581088 0.508516 0.583287 0.507812 0.583102 0.507193 0.583870
8 0.501589 0.570231 0.498698 0.565815 0.492849 0.558144 0.487687 0.549750 0.487081 0.548065 0.489388 0.548245 0.493172 0.553625 0.496802 0.559148 0.499786 0.563375 0.501763 0.566171 0.507896 0.574565 0.509669 0.577574 0.510719 0.579440 0.511393 0.581088 0.511380 0.582685 0.508516 0.583287 0.508146 0.581088 0.506612 0.578579 0.504354 0.574347
8 0.609818 0.604306 0.610547 0.591713 0.612198 0.593616 0.611867 0.605560 0.611174 0.617343 0.610227 0.614088 0.609937 0.611389 0.611021 0.610491 0.611167 0.607792
8 0.593531 0.567824 0.597969 0.572486 0.601760 0.576787 0.607487 0.583384 0.611763 0.588259 0.615393 0.592708 0.615674 0.595648 0.614789 0.596866 0.613698 0.596005 0.612852 0.594500 0.610547 0.591713 0.597430 0.576944 0.595984 0.574889 0.595427 0.572699
8 0.592875 0.573093 0.591594 0.572412 0.591432 0.570833 0.591432 0.569185 0.588690 0.561296 0.588448 0.559574 0.589578 0.559431 0.591029 0.562157 0.593531 0.567824 0.595427 0.572699 0.595984 0.574889 0.593453 0.572833
8 0.576013 0.586417 0.575289 0.582199 0.574000 0.577486 0.571768 0.568935 0.574104 0.568315 0.575185 0.572218 0.576682 0.578852 0.578461 0.585537
8 0.578047 0.592917 0.576849 0.589074 0.579164 0.588500 0.579786 0.591495
8 0.578904 0.595444 0.580414 0.601722 0.581112 0.604384 0.582122 0.607296 0.581039 0.594194
8 0.585635 0.611778 0.583964 0.608120 0.583495 0.602560 0.586763 0.609514 0.588922 0.613481
8 0.583495 0.602560 0.586763 0.609514 0.588922 0.613481 0.591536 0.615218 0.590836 0.609449 0.588732 0.606190 0.586755 0.601671 0.585141 0.598014 0.582781 0.593417
8 0.582781 0.593417 0.585141 0.598014 0.586755 0.601671 0.588732 0.606190 0.590836 0.609449 0.590495 0.606574 0.588299 0.600685 0.584880 0.592255
8 0.584880 0.592255 0.588299 0.600685 0.590495 0.606574 0.589810 0.600616 0.589768 0.594426 0.589044 0.591338 0.587904 0.591065 0.586198 0.591745
8 0.580388 0.585120 0.578461 0.585537 0.576013 0.586417 0.574503 0.586741 0.572107 0.587574 0.573096 0.589935 0.576849 0.589074 0.579164 0.588500 0.580622 0.588361
8 0.581039 0.594194 0.578904 0.595444 0.576247 0.596694 0.575414 0.595028 0.576924 0.593778 0.578047 0.592917 0.580831 0.590769
8 0.582042 0.584375 0.584182 0.584000 0.585328 0.583782 0.586966 0.587222 0.584909 0.587713 0.582404 0.588338
8 0.589044 0.591338 0.587904 0.591065 0.586198 0.591745 0.582781 0.593417 0.582466 0.589634 0.584909 0.587713 0.586966 0.587222
8 0.591536 0.615218 0.590836 0.609449 0.589810 0.600616 0.589768 0.594426 0.592620 0.600231 0.593914 0.608394 0.594466 0.616208 0.592826 0.615218
8 0.577073 0.610532 0.582526 0.625796 0.584685 0.630981 0.585065 0.633380 0.586792 0.637412 0.587586 0.639176 0.589219 0.636528 0.578633 0.611616
8 0.604659 0.625398 0.604219 0.626125 0.604622 0.629708 0.605510 0.634583 0.606237 0.638097 0.607560 0.642194 0.607893 0.638713 0.607367 0.638315 0.607044 0.633750 0.605888 0.629894
8 0.607440 0.644389 0.604542 0.638745 0.600190 0.631185 0.600232 0.627745 0.599828 0.625093 0.599310 0.621912 0.601477 0.624690 0.604180 0.631000 0.605510 0.634583 0.606237 0.638097 0.607560 0.642194
8 0.613393 0.649755 0.611906 0.646431 0.609820 0.635069 0.609971 0.630944 0.611672 0.631051 0.614870 0.642903 0.615417 0.654773
6 0.617865 0.654954 0.617128 0.644407 0.617128 0.638745 0.616927 0.633866 0.619323 0.640417 0.620130 0.641065 0.621042 0.640093 0.625247 0.649704 0.624104 0.649167 0.622565 0.648792 0.621331 0.649222 0.620396 0.649810 0.619281 0.651741 0.618497 0.653347
6 0.614870 0.642903 0.611672 0.631051 0.613117 0.630407 0.614273 0.628995 0.614909 0.631000 0.614828 0.637380
8 0.620062 0.636519 0.620935 0.638181 0.621026 0.640056 0.620156 0.641065 0.619323 0.640417 0.616927 0.633866 0.617008 0.630069
8 0.614273 0.628995 0.614909 0.631000 0.614789 0.626481 0.614201 0.624884
8 0.615417 0.654773 0.614870 0.642903 0.614828 0.637380 0.614909 0.631000 0.614789 0.626481 0.614708 0.620102 0.615435 0.619023 0.616766 0.619528 0.617008 0.621176 0.617008 0.630069 0.616927 0.633866 0.617128 0.638745 0.617128 0.644407 0.617865 0.654954 0.616391 0.658222
8 0.610568 0.653417 0.613984 0.659398 0.614844 0.659028 0.609581 0.647708 0.609279 0.650602
8 0.610031 0.642782 0.613393 0.649755 0.615417 0.654773 0.616391 0.658222 0.614844 0.659028 0.609581 0.647708
8 0.607318 0.646528 0.607440 0.644389 0.607560 0.642194 0.607893 0.638713 0.608130 0.633236 0.609286 0.630921 0.609971 0.630944 0.609820 0.635069 0.609852 0.639245 0.610031 0.642782 0.609581 0.647708 0.609279 0.650602
8 0.610052 0.654491 0.611797 0.657500 0.612240 0.658426 0.612656 0.659866 0.610878 0.660616 0.609557 0.656634 0.609245 0.655269
8 0.608135 0.661153 0.607656 0.656944 0.607240 0.653426 0.607187 0.652106 0.608786 0.655528 0.609245 0.655269 0.609557 0.656634 0.609943 0.661093 0.608932 0.661481
8 0.605393 0.659718 0.604948 0.657083 0.604583 0.653426 0.604010 0.651481 0.602651 0.644301 0.602771 0.643440 0.603055 0.643440 0.605273 0.648032 0.607128 0.656421 0.608135 0.661153
8 0.444042 0.294157 0.446177 0.299065 0.445237 0.299759 0.444667 0.298648 0.443312 0.296194 0.441893 0.294139
8 0.441893 0.294139 0.443312 0.296194 0.444667 0.298648 0.445237 0.299759 0.443469 0.300963 0.442531 0.299111 0.441698 0.297213 0.441047 0.295593
8 0.422292 0.255324 0.427464 0.265995 0.432344 0.277037 0.434885 0.281625 0.435693 0.282056 0.436216 0.284926 0.436578 0.286000 0.440078 0.293287 0.440755 0.292037 0.441057 0.291310 0.437992 0.285069 0.432547 0.274028 0.423307 0.254662
8 0.593372 0.657009 0.595995 0.664106 0.595747 0.665708 0.594818 0.664306 0.591880 0.656292
8 0.377604 0.325671 0.391146 0.332500 0.393125 0.333361 0.394841 0.334222 0.398432 0.336236 0.401807 0.338000 0.403805 0.339213 0.406385 0.340375 0.408440 0.341866 0.412841 0.344042 0.413094 0.344208 0.416057 0.345264 0.417443 0.346444 0.420456 0.347407 0.420094 0.345486 0.419208 0.344079 0.411664 0.340500 0.399250 0.333944 0.392062 0.330542 0.382589 0.325815 0.376708 0.323074
8 0.417443 0.346444 0.420487 0.351477 0.421964 0.353676 0.423107 0.354157 0.421299 0.349870 0.420456 0.347407
8 0.413094 0.344208 0.416057 0.345264 0.418359 0.348796 0.421927 0.354537 0.424354 0.358463 0.426203 0.361810 0.428190 0.365593 0.428573 0.366644 0.427701 0.368134 0.425784 0.365157 0.422542 0.360324 0.420729 0.356542 0.417383 0.351213 0.415081 0.347560
8 0.408440 0.341866 0.410339 0.344537 0.412135 0.347130 0.413102 0.348162 0.414039 0.348486 0.414872 0.348208 0.415081 0.347560 0.412841 0.344042
8 0.403805 0.339213 0.405065 0.345269 0.406698 0.352157 0.408518 0.359125 0.410154 0.364519 0.412534 0.372319 0.414740 0.374394 0.413435 0.369579 0.413435 0.368171 0.413573 0.366843 0.412734 0.364023 0.411893 0.362528 0.410633 0.357301 0.408859 0.350662 0.407086 0.343778 0.406385 0.340375
8 0.393151 0.334120 0.394841 0.334222 0.395711 0.337014 0.396164 0.338560 0.397385 0.341907 0.398187 0.344079 0.399477 0.347611 0.400911 0.351620 0.403172 0.357653 0.404602 0.361431 0.405997 0.364347 0.406555 0.366144 0.403172 0.363106 0.397036 0.346620 0.395182 0.342412 0.394729 0.340366
8 0.376708 0.323074 0.382589 0.325815 0.392062 0.330542 0.399250 0.333944 0.411664 0.340500 0.419208 0.344079 0.416135 0.340167 0.414964 0.339958 0.407570 0.336463 0.398068 0.331759 0.392398 0.328977 0.384245 0.324750 0.375766 0.320718
8 0.375766 0.320718 0.384245 0.324750 0.392398 0.328977 0.398068 0.331759 0.407570 0.336463 0.414964 0.339958 0.416135 0.340167 0.414643 0.338190 0.412969 0.336519 0.410849 0.336801 0.409927 0.334505 0.409078 0.333287 0.408281 0.332963 0.407370 0.332593 0.404596 0.332532 0.400859 0.330764 0.398880 0.330370 0.396094 0.328889 0.395286 0.328194 0.389557 0.325602 0.382552 0.321773 0.382365 0.320190 0.381057 0.319699 0.379049 0.319088 0.377922 0.318944 0.376568 0.318273 0.375690 0.317972 0.374659 0.317819
8 0.404596 0.332532 0.407370 0.332593 0.408281 0.332963 0.405195 0.327468 0.402161 0.324991 0.397786 0.320745 0.397474 0.321759 0.400781 0.326713 0.403964 0.331139
8 0.397516 0.316625 0.400279 0.318977 0.404776 0.324060 0.406729 0.326227 0.410495 0.330630 0.413909 0.334472 0.419594 0.341292 0.420813 0.344449 0.419208 0.344079 0.414643 0.338190 0.412969 0.336519 0.408438 0.331495 0.405195 0.327468 0.402161 0.324991 0.397786 0.320745 0.397604 0.319676 0.397182 0.318981 0.397031 0.317907
8 0.591880 0.656292 0.594818 0.664306 0.587839 0.654167
8 0.372104 0.292361 0.371932 0.290912 0.372385 0.290000 0.373771 0.290324 0.374609 0.291898 0.375833 0.293750 0.376484 0.294352 0.377469 0.295236 0.379917 0.297088 0.383443 0.301194 0.384531 0.302407 0.383984 0.305694 0.383307 0.304769 0.382422 0.303333 0.380260 0.300648 0.377865 0.298102 0.375932 0.296764 0.375602 0.296069 0.375211 0.296009 0.374102 0.294759
8 0.392865 0.320278 0.393646 0.320324 0.395443 0.323056 0.394401 0.323102
8 0.390073 0.311907 0.393448 0.315551 0.395417 0.318611 0.397474 0.321759 0.400781 0.326713 0.403964 0.331139 0.404596 0.332532 0.400859 0.330764 0.395443 0.323056 0.393646 0.320324 0.387760 0.310972 0.388047 0.310051
8 0.386016 0.312824 0.388828 0.317083 0.390365 0.319537 0.392318 0.323194 0.394193 0.326528 0.395286 0.328194 0.396094 0.328889 0.398880 0.330370 0.396823 0.326759 0.394401 0.323102 0.392865 0.320278 0.389583 0.315093 0.387760 0.312500 0.387266 0.311759
8 0.385500 0.311940 0.383646 0.309306 0.384323 0.306528 0.386750 0.310829
8 0.380677 0.303843 0.379141 0.301667 0.377891 0.299815 0.377682 0.298611 0.377865 0.298102 0.380260 0.300648 0.382422 0.303333 0.383307 0.304769 0.383984 0.305694 0.383307 0.308472 0.383125 0.309074 0.382760 0.307870 0.382422 0.307176 0.381510 0.305370
1 0.377922 0.318944 0.379695 0.316509 0.381849 0.312361 0.383125 0.309074 0.383307 0.308472 0.383984 0.305694 0.384531 0.302407 0.384737 0.299083 0.385182 0.299227 0.385060 0.303241 0.384323 0.306528 0.383646 0.309306 0.383255 0.310370 0.382237 0.313282 0.382422 0.314352 0.383958 0.312824 0.384693 0.312542 0.385500 0.311940 0.386750 0.310829 0.387482 0.309912 0.388047 0.310051 0.387760 0.310972 0.387266 0.311759 0.386016 0.312824 0.384479 0.314167 0.383690 0.314569 0.382841 0.315287 0.382279 0.316079 0.381068 0.317079 0.380260 0.317796 0.379049 0.319088
8 0.375841 0.300301 0.377682 0.302037 0.378828 0.303148 0.380469 0.305139 0.380651 0.307176 0.380182 0.306713 0.378984 0.305648 0.377656 0.303981 0.375729 0.301926
8 0.380833 0.308750 0.379844 0.307870 0.377292 0.305324 0.375820 0.304250 0.375729 0.301926 0.377656 0.303981 0.378984 0.305648 0.380182 0.306713 0.380651 0.307176
5 0.381849 0.312361 0.381224 0.309815 0.380833 0.308750 0.380651 0.307176 0.380469 0.305139 0.380521 0.304398 0.380677 0.303843 0.381510 0.305370 0.382422 0.307176 0.382760 0.307870 0.383125 0.309074
5 0.383255 0.310370 0.383958 0.312824 0.382422 0.314352 0.382237 0.313282
5 0.382841 0.315287 0.383409 0.319995 0.384815 0.320412 0.385622 0.320273 0.384479 0.314167 0.383690 0.314569
8 0.377161 0.293889 0.377469 0.295236 0.379917 0.297088 0.379453 0.294861 0.378958 0.292917 0.378854 0.291481 0.377448 0.291157 0.377005 0.293009
8 0.376568 0.318273 0.376568 0.312463 0.376102 0.308815 0.375914 0.306241 0.375820 0.304250 0.375729 0.301926 0.375841 0.300301 0.375901 0.298690 0.375932 0.296764 0.375602 0.296069 0.375211 0.296009 0.374911 0.297065 0.375076 0.300616 0.375292 0.306856 0.375880 0.311991 0.375565 0.312801 0.375690 0.317972
8 0.511521 0.390782 0.511078 0.385764 0.511036 0.383185 0.510190 0.379454 0.509182 0.374361 0.508456 0.369273 0.507367 0.364468 0.506604 0.360079 0.507250 0.355634 0.508133 0.355861 0.508464 0.357222 0.510182 0.367269 0.511521 0.374074 0.512370 0.379097 0.512813 0.381245 0.513055 0.383542 0.513094 0.385981 0.513297 0.387843 0.513255 0.391144
8 0.577073 0.610532 0.582526 0.625796 0.584685 0.630981 0.585065 0.633380 0.586792 0.637412 0.587586 0.639176 0.593326 0.653454 0.590693 0.652093 0.590414 0.651181 0.581732 0.628199 0.576180 0.609944
8 0.503792 0.344259 0.504352 0.344815 0.505755 0.359259 0.506000 0.361514 0.506568 0.365995 0.506849 0.368574 0.507372 0.373523 0.507898 0.378042 0.508263 0.380051 0.508625 0.382060 0.508341 0.383773 0.506771 0.380764 0.505961 0.376819 0.505721 0.373593 0.505237 0.368144 0.504794 0.365995
8 0.508878 0.301463 0.508542 0.308949 0.508099 0.317407 0.507815 0.324440 0.507612 0.330245 0.507169 0.339352 0.507047 0.344806 0.506927 0.348319 0.506404 0.352977 0.505878 0.356921 0.505755 0.359259 0.506000 0.361514 0.506604 0.360079 0.507250 0.355634 0.507815 0.349394 0.508299 0.341579 0.508703 0.333690 0.509023 0.325370 0.509388 0.320352 0.509669 0.313324 0.510034 0.303931 0.510115 0.300662
8 0.498672 0.303704 0.500742 0.302481 0.503576 0.300875 0.506951 0.299162 0.509060 0.297713 0.510234 0.296750 0.512474 0.294491 0.514664 0.291231 0.517578 0.287870 0.519922 0.284861 0.522604 0.280741 0.525331 0.276662 0.527349 0.274574 0.528464 0.274093 0.529096 0.274894 0.529036 0.276394 0.527831 0.278375 0.524094 0.283787 0.520932 0.288338 0.517828 0.292787 0.514633 0.296588 0.513021 0.298935 0.511875 0.299722 0.510115 0.300662 0.508878 0.301463 0.506891 0.302856 0.504029 0.304519 0.501375 0.305532 0.499057 0.306417 0.497057 0.303935
8 0.463672 0.258333 0.463773 0.256051 0.461393 0.255634 0.458484 0.255634 0.457057 0.255699 0.453693 0.254310 0.452339 0.253894 0.451862 0.253704 0.450833 0.254120 0.450424 0.254889 0.450240 0.256713 0.450753 0.258042 0.451732 0.259037 0.453180 0.262606 0.453971 0.264597 0.454451 0.265199 0.456469 0.267505 0.458607 0.269644 0.460357 0.270986 0.464870 0.274769 0.475156 0.285000 0.477422 0.286898 0.479583 0.289120 0.483385 0.292963 0.487857 0.297787 0.492010 0.302102 0.495042 0.305583 0.497609 0.307657 0.498870 0.308653 0.500831 0.311144 0.501763 0.312306 0.502229 0.311644 0.502229 0.310065 0.501810 0.309486 0.499057 0.306417 0.497057 0.303935 0.490609 0.297704 0.483563 0.290815 0.479271 0.286389 0.475768 0.283102 0.473667 0.281190 0.467227 0.274639 0.464240 0.271981 0.458586 0.266750 0.457161 0.265278 0.456224 0.264167 0.455276 0.263370 0.453271 0.256981 0.454807 0.257352 0.457682 0.258750 0.458464 0.258657
8 0.475156 0.285000 0.477708 0.290509 0.478672 0.293333 0.483255 0.303657 0.484766 0.307361 0.485677 0.309583 0.487370 0.313472 0.488021 0.315185 0.489115 0.321481 0.489583 0.323704 0.489922 0.326991 0.491823 0.333796 0.491094 0.326250 0.489766 0.317454 0.488854 0.313519 0.488177 0.311806 0.486641 0.308194 0.483177 0.300417 0.480365 0.293935 0.477422 0.286898
8 0.473667 0.281190 0.469648 0.272375 0.466182 0.264556 0.465000 0.261250 0.465521 0.261481 0.465885 0.259722 0.468172 0.265519 0.471997 0.273769 0.474440 0.279500 0.475615 0.282287 0.475768 0.283102
8 0.595430 0.659435 0.595479 0.658046 0.597253 0.658926 0.597562 0.664991 0.595747 0.665708 0.595995 0.664106 0.595469 0.662731 0.596036 0.662458 0.596117 0.661454
8 0.385060 0.303241 0.388669 0.307324 0.391424 0.309620 0.394841 0.313958 0.396672 0.315981 0.395417 0.318611 0.393448 0.315551 0.390073 0.311907 0.388047 0.310051 0.387482 0.309912 0.386750 0.310829 0.384323 0.306528
6 0.457682 0.258750 0.454807 0.257352 0.456224 0.264167
6 0.458221 0.262630 0.458586 0.266750 0.457161 0.265278 0.458047 0.262500
8 0.456224 0.264167 0.457682 0.258750 0.458464 0.258657 0.463672 0.258333 0.465625 0.259028 0.465885 0.259722 0.465521 0.261481 0.465000 0.261250 0.462786 0.260370 0.459010 0.259907 0.458047 0.262500 0.457161 0.265278
8 0.453271 0.256981 0.455276 0.263370 0.456224 0.264167 0.454807 0.257352
8 0.430732 0.233366 0.430852 0.232005 0.431336 0.231861 0.432021 0.231787 0.432786 0.233153 0.434120 0.237310 0.436693 0.243148 0.437604 0.245185 0.439479 0.249444 0.442388 0.256028 0.444784 0.261370 0.450336 0.276556 0.447268 0.272949 0.444888 0.266782 0.442107 0.260546 0.440008 0.255884 0.438596 0.252657 0.435870 0.246532 0.435305 0.244810 0.431250 0.235370
8 0.439021 0.264889 0.444849 0.270657 0.443073 0.265852 0.440896 0.262407 0.436901 0.256296
8 0.436901 0.256296 0.440896 0.262407 0.443073 0.265852 0.444849 0.270657 0.447268 0.272949 0.444888 0.266782 0.442107 0.260546 0.440008 0.255884 0.438596 0.252657 0.436224 0.249213 0.434844 0.247176
8 0.434844 0.247176 0.436901 0.256296 0.438880 0.264491 0.436068 0.261389 0.434323 0.253287 0.433281 0.248056
8 0.435667 0.271981 0.427302 0.251579 0.427141 0.250866 0.426414 0.249431 0.420628 0.234375 0.419063 0.230440 0.417604 0.227079 0.417281 0.225546 0.417336 0.224778 0.417641 0.224532 0.418339 0.226208 0.420187 0.230176 0.422380 0.236250 0.425104 0.242380 0.428003 0.249829 0.428648 0.251551 0.431914 0.259722 0.436828 0.272106 0.438719 0.276329 0.441068 0.282060
8 0.428206 0.249542 0.430424 0.247681 0.431641 0.246667 0.432630 0.246111 0.434219 0.245046 0.435305 0.244810 0.435870 0.246532 0.434844 0.247176 0.433281 0.248056 0.432563 0.248542 0.431312 0.249185 0.429336 0.250764 0.428648 0.251551 0.428003 0.249829
8 0.425937 0.252731 0.429297 0.259500 0.430969 0.262764 0.435667 0.271981 0.427302 0.251579
8 0.422438 0.245866 0.421232 0.242560 0.421302 0.240699 0.418896 0.234625 0.417953 0.232148 0.418060 0.231528 0.419000 0.231713 0.420628 0.234375 0.426414 0.249431 0.424948 0.250648
6 0.418880 0.221898 0.422042 0.228347 0.421708 0.229255 0.422404 0.231185 0.424362 0.234773 0.427180 0.240444 0.430424 0.247681 0.428206 0.249542 0.428003 0.249829 0.425104 0.242380 0.422380 0.236250 0.420187 0.230176 0.418339 0.226208 0.417641 0.224532 0.417432 0.223606 0.417526 0.222824
8 0.403661 0.235801 0.405156 0.232778 0.406302 0.230694 0.409115 0.228472 0.408828 0.229676 0.407370 0.232315 0.405156 0.236250 0.403802 0.238426
8 0.420747 0.220731 0.422904 0.222046 0.423810 0.222417 0.426617 0.223759 0.428755 0.224616 0.433161 0.226690 0.437464 0.228796 0.442214 0.230926 0.443802 0.231296 0.444732 0.231079 0.444078 0.228921 0.442609 0.228792 0.440198 0.227611 0.435271 0.225144 0.432578 0.224213 0.428214 0.222079 0.426073 0.221435 0.422492 0.219620
8 0.424060 0.229685 0.422904 0.225079 0.422836 0.223407 0.422836 0.222542 0.422904 0.222046 0.423810 0.222417 0.424544 0.224833 0.426635 0.229171 0.428414 0.233074 0.429398 0.234657 0.430852 0.239389 0.432630 0.246111 0.428339 0.237343 0.426380 0.233972
8 0.431641 0.246667 0.429062 0.242648 0.427083 0.239028 0.424362 0.234773 0.422404 0.231185 0.421708 0.229255 0.422042 0.228347 0.423036 0.228454 0.424060 0.229685 0.426380 0.233972 0.428339 0.237343 0.432630 0.246111
8 0.432630 0.246111 0.430852 0.239389 0.429398 0.234657 0.426617 0.223759 0.428755 0.224616 0.430732 0.233366 0.431250 0.235370 0.433047 0.241111 0.434219 0.245046
8 0.475609 0.304167 0.474427 0.298611 0.474531 0.297500 0.475234 0.297083 0.475729 0.299074 0.476820 0.305528
8 0.468456 0.301250 0.465531 0.297875 0.465260 0.296056 0.465641 0.295130 0.469701 0.299444
8 0.472180 0.300079 0.475609 0.304167 0.476820 0.305528 0.480555 0.309579 0.480674 0.311301 0.480112 0.312519 0.479424 0.312306 0.475391 0.308505 0.470229 0.302838
8 0.451000 0.279829 0.453919 0.282662 0.455419 0.284181 0.457005 0.285588 0.458779 0.287662 0.461719 0.290486 0.464240 0.293556 0.465641 0.295130 0.469701 0.299444 0.470833 0.298102 0.468685 0.295324 0.463609 0.290213 0.461448 0.287704 0.459766 0.286019 0.458464 0.284537 0.457318 0.283472 0.455260 0.281296 0.453674 0.279667 0.451820 0.277949
8 0.447409 0.288130 0.448047 0.292269 0.449552 0.292306 0.447734 0.287454
8 0.416391 0.237995 0.416823 0.237130 0.418117 0.236843 0.422438 0.245866 0.424948 0.250648 0.425937 0.252731 0.429297 0.259500 0.430969 0.262764 0.435667 0.271981 0.441068 0.282060 0.443333 0.286713 0.442039 0.289069 0.424167 0.254213 0.423464 0.251620
6 0.448404 0.286292 0.450760 0.292264 0.454003 0.292264 0.450182 0.282139 0.449833 0.283005
8 0.450182 0.282139 0.454003 0.292264 0.455305 0.292463 0.451000 0.279829
8 0.451000 0.279829 0.455305 0.292463 0.457083 0.292519 0.455667 0.287963 0.453919 0.282662
6 0.463609 0.290213 0.459602 0.278699 0.456529 0.270449 0.455625 0.268199 0.455112 0.267236 0.454391 0.266005 0.454451 0.265199 0.456469 0.267505 0.458607 0.269644 0.460357 0.270986 0.461641 0.274120 0.466521 0.288134 0.467917 0.291912 0.468370 0.293588 0.468685 0.295324
6 0.433161 0.226690 0.439555 0.245773 0.443802 0.257884 0.444784 0.261370 0.450336 0.276556 0.452109 0.272819 0.449964 0.270167 0.449823 0.268505 0.450711 0.267176 0.451549 0.267014 0.445951 0.252491 0.442964 0.243532 0.441758 0.240579 0.437464 0.228796
6 0.453693 0.254310 0.450891 0.245019 0.448932 0.239042 0.444964 0.227426 0.439099 0.210069 0.440518 0.211662 0.443453 0.218102 0.449703 0.233653 0.453451 0.243875 0.455313 0.249440 0.454372 0.249130 0.454094 0.250245 0.455174 0.252597 0.457057 0.255699
8 0.457057 0.255699 0.455174 0.252597 0.454094 0.250245 0.454372 0.249130 0.455313 0.249440 0.456708 0.251917 0.457927 0.254398 0.458484 0.255634
8 0.410344 0.225213 0.412255 0.220171 0.412943 0.219023 0.414112 0.218880 0.414878 0.219454 0.413466 0.223111
8 0.423289 0.216412 0.417883 0.213977 0.415664 0.213185 0.415060 0.211537 0.415745 0.210319 0.416927 0.210324 0.419583 0.211389 0.424714 0.215421
8 0.438089 0.211222 0.438781 0.218023 0.439445 0.222468 0.439896 0.226060 0.440198 0.227611 0.442609 0.228792 0.442307 0.227130 0.440859 0.220278 0.440378 0.217810
8 0.438297 0.207838 0.437224 0.205616 0.436820 0.201310 0.436620 0.196005 0.436862 0.195144 0.438073 0.195144 0.438354 0.196292 0.439029 0.207282
8 0.438297 0.207838 0.439029 0.207282 0.443003 0.204741 0.444328 0.204060 0.444956 0.204366 0.445372 0.205671 0.444852 0.207157 0.441086 0.209079 0.439099 0.210069
8 0.426484 0.213843 0.429823 0.212111 0.437047 0.208384 0.437891 0.210319 0.436318 0.211611 0.431763 0.214120 0.430911 0.214620 0.429177 0.215125 0.427039 0.216986
8 0.426073 0.221435 0.425318 0.217833 0.424714 0.215421 0.423693 0.209745 0.424297 0.208454 0.425508 0.209458 0.426510 0.213796 0.427039 0.216986 0.428214 0.222079
8 0.437224 0.205616 0.436609 0.204611 0.436096 0.205106 0.436424 0.207181 0.437047 0.208384 0.437891 0.210319 0.438089 0.211222 0.440378 0.217810 0.441698 0.221782 0.444078 0.228921 0.444732 0.231079 0.446458 0.235639 0.448232 0.240866 0.452339 0.253894 0.453693 0.254310 0.450891 0.245019 0.448932 0.239042 0.444964 0.227426 0.439099 0.210069 0.438297 0.207838
5 0.423078 0.271005 0.426042 0.272495 0.427339 0.273380 0.428021 0.273935 0.421349 0.276769 0.418854 0.269491
5 0.413185 0.279259 0.407565 0.275037 0.407216 0.271255 0.410562 0.266917 0.411747 0.266171 0.412794 0.266171 0.415682 0.267769 0.419240 0.277356 0.415161 0.278472
5 0.414714 0.286296 0.413031 0.283093 0.411932 0.282199 0.414232 0.281343 0.416771 0.280602 0.418255 0.280046 0.420052 0.279662 0.421953 0.284722 0.420104 0.285324 0.417682 0.285509
6 0.419240 0.277356 0.415161 0.278472 0.413185 0.279259 0.408073 0.280648 0.408263 0.282991 0.411932 0.282199 0.414232 0.281343 0.416771 0.280602 0.418255 0.280046 0.420052 0.279662
6 0.421349 0.276769 0.428021 0.273935 0.430328 0.273343 0.430810 0.274093 0.430930 0.275162 0.430643 0.275653 0.422042 0.278912
5 0.422042 0.278912 0.430643 0.275653 0.432344 0.277037 0.434885 0.281625 0.433906 0.281991 0.431458 0.282593 0.428958 0.283241 0.423906 0.284352
6 0.421953 0.284722 0.420052 0.279662 0.419240 0.277356 0.415682 0.267769 0.414388 0.263968 0.414177 0.262255 0.414628 0.261023 0.416076 0.260699 0.416648 0.262148 0.418854 0.269491 0.421349 0.276769 0.422042 0.278912 0.423906 0.284352
6 0.426922 0.297875 0.428698 0.302685 0.429505 0.303519 0.431563 0.304537 0.431719 0.303426 0.429031 0.297500
8 0.422216 0.297431 0.426320 0.296213 0.428430 0.295787 0.431594 0.294819 0.432768 0.294231 0.434333 0.293912 0.435781 0.293704 0.435833 0.295417 0.434273 0.295731 0.432948 0.296162 0.431224 0.296898 0.429544 0.297394 0.429031 0.297500 0.426922 0.297875 0.424935 0.298412 0.424000 0.298731 0.422854 0.299213 0.421844 0.298009
5 0.424557 0.286111 0.425208 0.287731 0.426198 0.289074 0.427370 0.289722 0.428307 0.290417 0.429427 0.291528 0.430417 0.292824 0.431641 0.294074 0.432448 0.293981 0.432734 0.293102 0.434635 0.287731 0.435156 0.285648 0.434948 0.283611 0.431719 0.284167 0.425677 0.285648
6 0.422578 0.286759 0.426320 0.296213 0.428430 0.295787 0.424557 0.286111
6 0.412182 0.287139 0.414714 0.286296 0.417682 0.285509 0.420104 0.285324 0.421953 0.284722 0.423906 0.284352 0.428958 0.283241 0.431458 0.282593 0.433906 0.281991 0.434885 0.281625 0.435693 0.282056 0.436216 0.284926 0.436578 0.286000 0.437031 0.291713 0.437161 0.293426 0.437292 0.295185 0.437318 0.297593 0.437396 0.298704 0.436042 0.300694 0.435964 0.298056 0.435859 0.295972 0.435833 0.295417 0.435781 0.293704 0.435156 0.285648 0.434948 0.283611 0.431719 0.284167 0.425677 0.285648 0.424557 0.286111 0.422578 0.286759 0.418594 0.287546 0.414036 0.289028
8 0.410990 0.287037 0.408620 0.287315 0.408880 0.289769 0.412734 0.288889
8 0.408263 0.282991 0.410875 0.285648 0.412182 0.287139 0.414036 0.289028 0.416430 0.291454 0.419651 0.294361 0.422216 0.297431 0.421844 0.298009 0.418716 0.295440 0.412734 0.288889 0.410990 0.287037 0.408398 0.284699
8 0.379948 0.277778 0.378380 0.274491 0.378667 0.273704 0.379526 0.273704 0.380594 0.276065
8 0.392365 0.267227 0.391375 0.266579 0.391297 0.265745 0.391406 0.265139 0.392604 0.264583 0.394115 0.265741 0.395401 0.266514
8 0.399060 0.276273 0.394893 0.271625 0.393672 0.269667 0.396128 0.268787 0.398990 0.272324 0.402365 0.275968 0.404044 0.279000 0.400349 0.277079
8 0.387013 0.270847 0.387555 0.271875 0.389367 0.274042 0.390677 0.275463 0.391589 0.275972 0.393935 0.277079 0.396513 0.278630 0.399094 0.279931 0.401813 0.280676 0.403974 0.281852 0.406518 0.283713 0.406328 0.281296 0.404044 0.279000 0.400349 0.277079 0.399060 0.276273 0.395398 0.274292 0.389070 0.270472
8 0.386453 0.267167 0.391406 0.265139 0.394648 0.263792 0.394497 0.261486 0.387964 0.263912
8 0.384635 0.270972 0.387013 0.270847 0.389070 0.270472 0.393672 0.269667 0.395964 0.268796 0.399984 0.267347 0.401352 0.266644 0.405232 0.264931 0.405240 0.263079 0.400607 0.264977 0.395401 0.266514 0.388594 0.268102 0.385922 0.268273
8 0.385510 0.281028 0.390451 0.291366 0.392083 0.291806 0.394911 0.291259 0.389547 0.281991 0.387891 0.278940 0.387409 0.278403 0.386323 0.278940 0.385781 0.279477
8 0.396732 0.290912 0.393333 0.285093 0.391042 0.281111 0.389818 0.278889 0.389792 0.277917 0.390000 0.276435 0.390677 0.275463 0.391589 0.275972 0.392813 0.278241 0.395182 0.282917 0.399141 0.290269
8 0.400938 0.293472 0.402396 0.296250 0.399250 0.294921 0.398859 0.293370
8 0.392083 0.291806 0.394948 0.291250 0.396732 0.290912 0.399141 0.290269 0.404633 0.289333 0.404945 0.290583 0.404919 0.292296 0.404596 0.293269 0.400938 0.293472 0.395977 0.293407
8 0.364529 0.285227 0.364417 0.280542 0.365250 0.279616 0.366432 0.279213 0.366508 0.285597
8 0.366716 0.289162 0.366638 0.295551 0.364711 0.289949 0.364922 0.288935
8 0.364922 0.288935 0.375214 0.290523 0.391320 0.295046 0.404568 0.300685 0.416758 0.309583 0.435555 0.325718 0.445354 0.332671 0.454716 0.339773 0.454232 0.335977 0.438620 0.324213 0.422768 0.310801 0.412151 0.302519 0.405492 0.297685 0.395977 0.293407 0.392083 0.291806 0.389596 0.291130 0.387193 0.290338 0.378464 0.288046 0.375521 0.287588 0.362943 0.284861 0.363932 0.287782 0.364219 0.288704
8 0.360875 0.277949 0.371266 0.272394 0.372385 0.271468 0.377542 0.271468 0.374417 0.274616 0.371292 0.276005 0.366432 0.279213 0.365250 0.279616 0.364417 0.280542 0.363661 0.281931 0.362281 0.282162
8 0.424167 0.254213 0.423307 0.254662 0.432547 0.274028 0.437992 0.285069 0.441057 0.291310 0.442039 0.289069
8 0.412734 0.260324 0.422292 0.255324 0.424167 0.254213 0.423464 0.251620 0.413000 0.257523 0.412430 0.258681 0.406440 0.261968 0.406872 0.264181
3 0.403802 0.238426 0.403576 0.247569 0.405398 0.257014 0.406440 0.261968 0.412430 0.258681 0.413000 0.257523 0.412896 0.254560 0.412271 0.251366 0.411693 0.248287 0.410755 0.245787 0.409219 0.242731 0.406776 0.239190 0.405604 0.238403
8 0.387193 0.290338 0.376284 0.265000 0.374688 0.262912 0.373352 0.262079 0.364583 0.250829 0.344247 0.223722 0.343404 0.223778 0.342771 0.224579 0.342648 0.225278 0.341328 0.221324 0.343383 0.219440 0.343599 0.219440 0.344409 0.220009 0.357794 0.238620 0.371487 0.256963 0.375758 0.261731 0.377122 0.262778 0.380599 0.271250 0.381628 0.273750 0.382562 0.276301 0.389596 0.291130
3 0.400607 0.264977 0.399120 0.262523 0.398078 0.260301 0.397422 0.258009 0.397141 0.256273 0.397115 0.254421 0.397141 0.251829 0.397427 0.249931 0.397969 0.246759 0.402344 0.239583 0.402039 0.248634 0.405164 0.260718 0.405240 0.263079
8 0.358878 0.272000 0.379112 0.271449 0.377862 0.268625 0.369297 0.269213 0.358227 0.268991 0.357549 0.268991 0.357549 0.269963 0.357836 0.271634
8 0.594664 0.657583 0.596117 0.661454 0.596036 0.662458 0.595469 0.662731 0.593372 0.657009
5 0.506781 0.498204 0.508260 0.494907 0.508182 0.498935
8 0.477977 0.599310 0.474385 0.584681 0.471911 0.573773 0.471875 0.572968 0.472198 0.573065 0.473062 0.575324 0.475503 0.583875 0.477070 0.590819 0.478953 0.599000
8 0.466982 0.561880 0.468958 0.568287 0.470000 0.572315 0.471146 0.576481 0.472448 0.581157 0.474844 0.589028 0.476016 0.593935 0.476302 0.596296 0.476120 0.597407 0.475469 0.595000 0.472604 0.585741 0.469714 0.574583 0.468047 0.569120 0.466378 0.562741
8 0.488880 0.602310 0.488385 0.604255 0.487477 0.606829 0.486646 0.606394 0.485885 0.604255 0.487734 0.599625
8 0.486719 0.597218 0.485286 0.602449 0.485885 0.604255 0.487734 0.599625
8 0.502370 0.615509 0.507193 0.583870 0.507812 0.583102 0.508516 0.583287 0.509115 0.584398 0.504432 0.611977 0.503508 0.617472
8 0.582349 0.610417 0.579268 0.571505 0.581383 0.576046 0.584216 0.611079
8 0.560909 0.570356 0.514089 0.556435 0.490531 0.547421 0.480893 0.543412 0.467307 0.536968 0.464320 0.535394 0.462964 0.531333 0.466935 0.532407 0.470854 0.534644 0.473096 0.535894 0.485602 0.542199 0.490268 0.544685 0.513000 0.552500 0.527214 0.557222 0.549018 0.562870 0.561656 0.566708 0.562302 0.567190 0.561979 0.568727 0.561547 0.570167
8 0.560911 0.606250 0.563036 0.615296 0.568297 0.623444 0.565458 0.615111
8 0.558672 0.620046 0.570424 0.631884 0.575792 0.640421 0.573258 0.639407 0.570260 0.636296 0.570190 0.636185 0.568055 0.634523 0.567474 0.634120 0.564221 0.630301 0.561406 0.627037 0.559464 0.625144
8 0.552844 0.633181 0.555708 0.643046 0.557401 0.646056 0.558755 0.650403 0.560552 0.655403 0.561776 0.660495 0.561464 0.662347 0.558964 0.663273 0.557305 0.663069 0.551568 0.632718 0.552063 0.632167 0.552427 0.632167
5 0.527031 0.644444 0.530922 0.647241 0.534188 0.648898 0.537549 0.650477 0.539930 0.651801 0.542357 0.652634 0.543896 0.653296 0.545016 0.654125 0.545391 0.654870 0.545669 0.656782 0.545716 0.657861 0.554643 0.662324 0.548099 0.628380 0.544659 0.628792 0.540302 0.629509 0.535622 0.631509 0.529008 0.632440 0.528643 0.632162 0.528523 0.631944 0.527716 0.631657 0.527393 0.632088 0.526563 0.632454 0.526302 0.632639
8 0.478281 0.590093 0.493440 0.634269 0.494612 0.634454 0.495549 0.633949 0.496378 0.633593 0.484023 0.599032 0.479896 0.588130
5 0.500628 0.631954 0.498596 0.632694 0.497112 0.633208 0.495549 0.633949 0.494612 0.634454 0.493440 0.634269 0.491305 0.634546 0.490133 0.635009 0.491174 0.637838 0.494117 0.638157 0.496174 0.638157 0.497138 0.638579 0.498570 0.638620 0.500237 0.638435 0.500859 0.638009 0.502266 0.637037
5 0.511833 0.633648 0.503812 0.636056 0.502344 0.630833 0.508266 0.628093
5 0.510302 0.627157 0.516396 0.625722 0.518896 0.624519 0.520198 0.624194 0.521500 0.624009 0.523792 0.623778 0.524286 0.633963 0.524000 0.634056 0.522854 0.633778 0.520771 0.632944 0.518531 0.632852 0.516266 0.633130 0.514208 0.633222
8 0.518375 0.643593 0.500141 0.615625 0.492266 0.603657 0.487536 0.593148 0.487294 0.592083 0.487625 0.591815 0.496185 0.604991 0.503508 0.617472 0.508669 0.624593 0.519948 0.642056 0.519948 0.642472 0.519531 0.642750
5 0.630026 0.655602 0.629195 0.653560 0.628562 0.651792 0.627417 0.650134 0.625247 0.649704 0.624104 0.649167 0.622565 0.648792 0.621331 0.649222 0.620396 0.649810 0.619281 0.651741 0.618497 0.653347 0.617865 0.654954 0.616391 0.658222 0.618281 0.657519 0.626729 0.655528
8 0.548099 0.628380 0.554643 0.662324 0.557305 0.663069 0.550818 0.628801 0.550023 0.627310 0.548951 0.626894 0.548370 0.626782
5 0.526563 0.632454 0.527393 0.632088 0.527716 0.631657 0.528523 0.631944 0.528643 0.632162 0.529008 0.632440 0.535622 0.631509 0.540302 0.629509 0.544659 0.628792 0.548128 0.628361 0.548370 0.626782 0.547643 0.625060 0.544578 0.625278 0.542560 0.622616 0.540706 0.617602 0.535945 0.618968 0.533969 0.619537 0.532354 0.620329 0.529401 0.622685 0.525578 0.623333 0.526302 0.632639
8 0.483596 0.579546 0.485094 0.548000 0.485932 0.547630 0.487081 0.548065 0.485583 0.576884
8 0.481646 0.607222 0.481797 0.612361 0.483786 0.617292 0.483815 0.606097 0.482461 0.602454 0.482490 0.604222 0.482401 0.605454 0.482250 0.605880
8 0.589219 0.636528 0.578633 0.611616 0.579682 0.611616 0.583255 0.614120 0.593599 0.637718 0.594352 0.648468
10 0.517031 0.613009 0.512190 0.616046 0.508982 0.617472 0.506018 0.614685 0.504451 0.612019 0.503508 0.617472 0.508669 0.624593 0.511701 0.625157 0.514211 0.623981 0.518430 0.620014
8 0.524945 0.644074 0.523378 0.616185 0.524771 0.613954 0.525578 0.623333 0.526302 0.632639 0.526969 0.644259
5 0.547719 0.790935 0.547966 0.790037 0.548026 0.788750 0.548578 0.785750 0.544622 0.781676
5 0.537086 0.781579 0.534609 0.785852 0.534714 0.787032 0.536109 0.789324 0.537365 0.791060 0.538828 0.793477 0.539734 0.795458 0.540083 0.796639 0.540849 0.797630 0.541755 0.797380 0.545453 0.791991 0.542318 0.781667
8 0.385112 0.240912 0.401706 0.231958 0.403484 0.230657 0.408490 0.226713 0.407807 0.224894 0.398385 0.230972 0.393281 0.233843 0.390953 0.235056 0.388690 0.236491 0.388760 0.237074 0.385435 0.239093
8 0.398208 0.220028 0.404667 0.218407 0.404927 0.218708 0.406055 0.220431 0.407807 0.224894 0.408464 0.226667 0.410344 0.225213 0.407589 0.218778 0.406458 0.216528 0.402531 0.216185 0.400422 0.217204 0.399068 0.218176
8 0.607865 0.664278 0.610448 0.675968 0.612302 0.675750 0.610898 0.665958
5 0.620276 0.670727 0.613339 0.679218 0.612708 0.678847 0.610898 0.665958
8 0.579773 0.625208 0.575112 0.609403 0.576180 0.609944 0.581732 0.628199 0.590414 0.651181 0.590693 0.652093 0.587539 0.650509
8 0.593326 0.653454 0.587586 0.639176 0.589219 0.636528 0.594352 0.648468 0.594865 0.654199
8 0.594865 0.654199 0.593466 0.635532 0.596172 0.642574 0.597432 0.655685
8 0.569768 0.603148 0.575112 0.609403 0.582841 0.635625
8 0.569768 0.603148 0.582841 0.635625 0.587539 0.650509 0.579810 0.635819 0.567638 0.603250 0.568828 0.600917
8 0.567638 0.603250 0.579810 0.635819 0.567703 0.613088 0.565529 0.606681
8 0.544414 0.574426 0.553690 0.591898 0.554932 0.592954 0.555336 0.595333 0.570130 0.624287 0.577844 0.638181 0.585086 0.649194 0.587539 0.650509 0.567703 0.613088 0.545909 0.572269 0.545068 0.572597
8 0.595747 0.665708 0.587839 0.654167 0.585086 0.649194 0.577844 0.638181 0.561995 0.613708 0.556703 0.605356 0.557568 0.611694 0.579557 0.646296 0.582865 0.651389 0.585651 0.656361 0.590453 0.662384 0.592792 0.666977
8 0.582057 0.651065 0.584687 0.657130 0.584120 0.657796 0.582909 0.659806 0.579260 0.649935
8 0.576255 0.648829 0.581451 0.661968 0.582909 0.659806 0.579260 0.649935
8 0.576255 0.648829 0.582865 0.651389 0.579557 0.646296 0.574792 0.643560 0.574234 0.644426 0.574201 0.646102 0.574792 0.647898
8 0.570260 0.636296 0.573258 0.639407 0.574792 0.643560 0.574234 0.644426 0.574201 0.646102 0.574792 0.647898 0.576255 0.648829 0.581451 0.661968 0.579497 0.664755
8 0.570190 0.636185 0.579497 0.664755 0.578206 0.666685 0.568055 0.634523
8 0.581086 0.783963 0.582992 0.781315 0.585133 0.780565 0.585974 0.779546 0.596076 0.770389 0.596458 0.770329 0.597190 0.770824 0.599526 0.771505 0.598865 0.772495 0.580875 0.787000 0.580979 0.785699
8 0.568107 0.789667 0.575461 0.787005 0.577310 0.785264 0.578112 0.784213 0.578180 0.783528 0.578130 0.782412 0.564714 0.786296
8 0.568055 0.634523 0.578206 0.666685 0.576797 0.668241 0.567474 0.634120
8 0.567474 0.634120 0.576797 0.668241 0.575831 0.670139 0.564221 0.630301
8 0.561406 0.627037 0.563464 0.639130 0.564706 0.642972 0.566542 0.649884 0.573292 0.669278 0.575831 0.670139 0.564221 0.630301
8 0.562115 0.644509 0.570807 0.666875 0.571727 0.668028 0.573021 0.668699 0.566542 0.649884 0.564706 0.642972 0.563464 0.639130 0.561789 0.635773 0.560602 0.633565
8 0.562924 0.665917 0.552448 0.593051 0.552826 0.592190 0.553690 0.591898 0.554932 0.592954 0.565138 0.666106
8 0.542315 0.781764 0.546581 0.795556 0.547719 0.790935 0.544622 0.781676
5 0.541518 0.765032 0.552906 0.765032 0.553086 0.775745
5 0.546943 0.781435 0.553253 0.781454 0.553284 0.779421 0.540370 0.767403 0.539951 0.766782 0.539742 0.765481 0.532615 0.766088
5 0.522708 0.781481 0.526833 0.782463 0.532641 0.781597 0.544622 0.781676 0.534388 0.770731 0.530469 0.766528 0.526430 0.767542 0.524453 0.769699 0.521346 0.770704 0.520104 0.771250
8 0.525990 0.760093 0.530143 0.766088 0.534388 0.770731 0.548578 0.785750 0.549323 0.783097 0.546943 0.781435 0.532615 0.766088 0.528508 0.760111
8 0.406885 0.289417 0.405414 0.268912 0.405232 0.264931 0.405240 0.263079 0.405164 0.260718 0.402039 0.248634 0.402344 0.239583 0.402214 0.236944 0.402464 0.231444 0.403484 0.230657 0.403661 0.235801 0.403802 0.238426 0.403576 0.247569 0.405398 0.257014 0.406440 0.261968 0.406872 0.264181 0.407003 0.268347 0.409057 0.291949 0.407599 0.290144
3 0.401352 0.266644 0.405232 0.264931 0.405414 0.268912 0.403174 0.268681 0.402315 0.268264
3 0.406872 0.264181 0.412734 0.260324 0.409477 0.266912 0.407003 0.268347
8 0.387604 0.259630 0.392292 0.252130 0.398021 0.242361 0.402214 0.236944 0.402344 0.239583 0.389583 0.260417 0.384419 0.271569 0.382562 0.276301 0.381628 0.273750
8 0.406419 0.216630 0.431992 0.185866 0.432839 0.187870 0.407589 0.218778
8 0.393281 0.233843 0.404927 0.218708 0.406055 0.220431 0.398385 0.230972
8 0.391667 0.224167 0.397583 0.223611 0.398279 0.224602 0.398070 0.227144 0.386799 0.228532
8 0.386815 0.225491 0.402151 0.211352 0.419422 0.195449 0.426250 0.188958 0.427094 0.189602 0.426643 0.191639 0.407599 0.209375 0.386799 0.228532 0.386763 0.227903
8 0.386589 0.215833 0.408021 0.197870 0.414961 0.194264 0.415232 0.195926 0.414841 0.196245 0.408359 0.200509 0.386901 0.218194
11 0.484628 0.389870 0.492451 0.410403 0.496177 0.421329 0.496854 0.423921 0.497948 0.425773 0.499146 0.426699 0.500995 0.425542 0.502141 0.424477 0.502844 0.423551 0.503417 0.422440 0.503833 0.420958 0.503990 0.419569 0.503909 0.417995 0.503495 0.416144 0.502531 0.413921 0.493070 0.395088 0.490388 0.389532
8 0.380807 0.275463 0.377109 0.285269 0.377760 0.287958 0.378464 0.288046 0.381927 0.277954
8 0.372552 0.275319 0.375521 0.287588 0.377760 0.287958 0.374417 0.274616
8 0.356010 0.265718 0.368091 0.265292 0.375661 0.264269 0.374688 0.262912 0.373352 0.262079 0.355305 0.263204
8 0.340578 0.224458 0.348143 0.250986 0.355745 0.281764 0.356542 0.284926 0.357310 0.284551 0.358216 0.283065 0.357802 0.280708 0.348523 0.246995 0.343885 0.230579 0.342648 0.225278 0.341328 0.221324 0.341115 0.220444 0.340185 0.220065 0.339404 0.220630
8 0.558701 0.788056 0.563021 0.800921 0.564156 0.799958 0.558917 0.785370 0.558107 0.783546 0.557784 0.783162 0.557242 0.783162 0.557135 0.783546 0.557081 0.784986 0.557945 0.785847 0.558648 0.787384
8 0.510164 0.434935 0.510625 0.435134 0.511432 0.435639 0.512320 0.436213 0.513893 0.436713 0.515391 0.437685 0.516070 0.438074 0.517201 0.438792 0.518570 0.439653 0.520385 0.442306 0.521458 0.444458 0.520669 0.444458 0.518693 0.443597 0.516393 0.442380 0.515747 0.441806 0.514013 0.440801 0.511271 0.439079 0.510221 0.438579 0.509323 0.437593
8 0.522557 0.484231 0.521852 0.472741 0.521667 0.465509 0.521518 0.458653 0.521406 0.453426 0.521484 0.449491 0.521458 0.444458 0.522333 0.445690 0.522422 0.449708 0.522422 0.453352 0.522724 0.457796 0.522966 0.462671 0.523388 0.472634 0.523542 0.479213 0.523810 0.483079 0.523794 0.485301
5 0.491341 0.437255 0.491758 0.435310 0.492177 0.434134 0.493000 0.433458 0.493661 0.433954 0.494464 0.432278 0.494289 0.430606 0.493932 0.428981 0.495042 0.429833 0.498659 0.431079 0.498591 0.433634 0.499323 0.437667 0.500508 0.441134 0.502182 0.445537 0.503437 0.448389 0.504375 0.450833 0.503727 0.453380 0.500594 0.448986 0.496464 0.443361
8 0.519589 0.402875 0.520292 0.402162 0.519779 0.400505 0.519031 0.400671 0.518052 0.402245 0.517258 0.404986 0.516557 0.407306 0.515651 0.410602 0.514271 0.415023 0.511818 0.422958 0.511664 0.423727 0.511177 0.425153 0.509792 0.430787 0.508974 0.434440 0.508164 0.436843 0.507177 0.440829 0.505357 0.447051 0.503727 0.453380 0.504661 0.454449 0.505216 0.453106 0.505833 0.450833 0.506430 0.448625 0.507130 0.446389 0.508112 0.442403 0.508578 0.440329 0.509323 0.437593 0.510164 0.434935 0.510724 0.432199 0.511424 0.430125 0.512266 0.426972 0.512872 0.424981 0.513711 0.422407 0.514318 0.420167 0.515260 0.416435 0.515990 0.413611 0.516693 0.411111 0.517180 0.408713 0.517990 0.406120
8 0.476036 0.427130 0.477344 0.428750 0.478203 0.429167 0.478776 0.428519 0.479271 0.427685 0.478266 0.427005 0.474289 0.424611
8 0.489687 0.508333 0.497917 0.512301 0.498992 0.510491 0.489159 0.506273
8 0.513008 0.398000 0.514740 0.400694 0.517258 0.404986 0.516557 0.407306 0.512682 0.401069
8 0.515651 0.410602 0.512792 0.405005 0.512682 0.401069 0.516557 0.407306
8 0.529323 0.492917 0.531971 0.500782 0.531276 0.503944 0.529081 0.497125 0.527448 0.491319
8 0.529453 0.504213 0.525312 0.489537 0.526474 0.490606 0.527448 0.491319 0.530794 0.504028
8 0.535130 0.475185 0.527273 0.455977 0.533112 0.466532 0.536172 0.475093
8 0.534401 0.475139 0.537279 0.474991 0.537839 0.475972 0.537359 0.476088 0.536526 0.476181 0.534948 0.476250
8 0.529844 0.474815 0.530286 0.474769 0.530885 0.476667 0.530443 0.476528
8 0.532656 0.475093 0.531536 0.474954 0.531953 0.476574 0.533281 0.476435
8 0.483565 0.428306 0.484438 0.426449 0.486833 0.426954 0.485497 0.429435
8 0.435799 0.461537 0.434193 0.455046 0.432177 0.446528 0.429180 0.436981 0.427716 0.434505 0.426565 0.433824 0.427865 0.437764
8 0.417862 0.380463 0.423630 0.393995 0.427628 0.403718 0.430805 0.419051 0.424857 0.403245
8 0.491792 0.496731 0.493021 0.492639 0.493802 0.493102 0.492805 0.497968
8 0.491966 0.500449 0.491172 0.503241 0.489844 0.503056 0.490818 0.499083
8 0.489073 0.493630 0.491792 0.496731 0.492805 0.497968 0.496289 0.501440 0.496255 0.502120 0.495391 0.503565 0.493919 0.503421 0.491966 0.500449 0.490818 0.499083 0.488935 0.496421
8 0.498958 0.505880 0.495625 0.505324 0.495391 0.503565 0.491172 0.503241 0.489844 0.503056 0.488724 0.503236 0.489159 0.506273 0.498992 0.510491 0.500633 0.506352
8 0.498958 0.505880 0.495867 0.494269 0.498471 0.495750 0.501307 0.504764 0.500633 0.506352
8 0.499870 0.496528 0.502057 0.503102 0.504036 0.498796
8 0.520992 0.546773 0.521641 0.548843 0.520430 0.551884 0.519617 0.549884 0.519617 0.547995 0.520242 0.546662
8 0.523203 0.592269 0.525464 0.577931 0.527240 0.570694 0.527656 0.571787 0.524904 0.587056 0.523922 0.592699
8 0.555289 0.781347 0.540370 0.767403 0.539951 0.766782 0.539742 0.765481 0.540404 0.764056 0.555987 0.778310 0.555917 0.780046 0.555708 0.781287
8 0.558880 0.781065 0.559008 0.765065 0.561297 0.764958 0.561146 0.782731 0.559826 0.781546
8 0.558107 0.783546 0.570247 0.795565 0.572109 0.793426 0.559826 0.781546 0.558880 0.781065 0.558312 0.781259 0.558042 0.781644
8 0.556648 0.805815 0.556326 0.786231 0.557081 0.784986 0.557945 0.785847 0.558648 0.787384 0.558865 0.803704
8 0.495115 0.638565 0.499513 0.651111 0.502487 0.651042 0.497685 0.638565 0.497138 0.638579 0.496174 0.638157 0.495003 0.638190
8 0.522315 0.608120 0.520826 0.587292 0.519328 0.573685 0.518674 0.568625 0.519003 0.566384 0.519701 0.563894 0.520169 0.563648 0.522974 0.589449 0.524010 0.604537 0.522880 0.607157
5 0.519948 0.642056 0.514208 0.633222 0.516266 0.633130 0.518531 0.632852 0.520771 0.632944 0.522854 0.633778 0.524000 0.634056 0.524286 0.633963 0.524945 0.644074 0.524599 0.643477 0.523531 0.643292 0.522542 0.643199
5 0.505984 0.641991 0.508516 0.634704 0.511833 0.633648 0.518375 0.643593 0.517312 0.644560 0.517133 0.645259 0.516951 0.646278 0.516651 0.646917 0.514781 0.647722 0.513185 0.648634 0.512341 0.649491 0.511406 0.650773 0.510865 0.651898 0.510654 0.653398 0.510549 0.654472
5 0.502487 0.651042 0.504958 0.645259 0.507750 0.653556
5 0.502370 0.678657 0.500318 0.667319 0.508307 0.670005 0.508740 0.672500 0.510469 0.678935
8 0.457766 0.354116 0.462648 0.364347 0.465052 0.365708 0.460815 0.356773 0.457466 0.351037
8 0.446956 0.333856 0.452953 0.347407 0.455513 0.352602 0.455664 0.350995 0.455544 0.347514 0.450240 0.336319
8 0.447862 0.329134 0.449294 0.329227 0.453164 0.330319 0.453591 0.332468 0.449060 0.331634
8 0.451805 0.321148 0.446878 0.327324 0.447484 0.328319 0.452240 0.323889
8 0.455208 0.316620 0.449487 0.302417 0.450620 0.308875 0.452956 0.319537
8 0.445089 0.288458 0.446042 0.292028 0.446427 0.294384 0.446987 0.297269 0.448003 0.300787 0.447865 0.302407 0.448828 0.307222 0.449974 0.311435 0.450833 0.315648 0.451318 0.318231 0.451805 0.321148 0.453164 0.330319 0.454232 0.335977 0.454716 0.339773 0.455260 0.343546 0.455354 0.344704 0.455680 0.346861 0.456375 0.354398 0.457917 0.361852 0.458203 0.364213 0.458542 0.367722 0.459833 0.375569 0.460346 0.377315 0.461328 0.384949 0.462508 0.391991 0.465854 0.411324 0.468276 0.425894 0.469953 0.437204 0.471456 0.438986 0.471208 0.436306 0.469867 0.428722 0.469117 0.425454 0.468362 0.421139 0.468193 0.418310 0.466943 0.413106 0.463260 0.389319 0.461654 0.377347 0.461112 0.374847 0.460091 0.369181 0.459172 0.362463 0.457766 0.354116 0.457466 0.351037 0.457062 0.347736 0.456862 0.346806 0.456693 0.345884 0.455815 0.339926 0.455500 0.336764 0.454805 0.332366 0.454630 0.330380 0.453305 0.322139 0.452956 0.319537 0.450620 0.308875 0.448146 0.294000 0.448047 0.292269 0.447409 0.288130 0.447365 0.286454 0.446971 0.285111
8 0.523922 0.592699 0.525547 0.592824 0.527214 0.592593 0.528466 0.594139 0.527292 0.594630 0.525078 0.594630 0.523281 0.594259 0.523177 0.592269
8 0.523068 0.781579 0.527602 0.794537 0.525766 0.793287 0.522365 0.782056
8 0.473625 0.310889 0.478161 0.323935 0.481195 0.334968 0.480016 0.334741 0.477786 0.327778 0.477344 0.325926 0.472010 0.309037
2 0.618914 0.675718 0.620102 0.676718 0.620602 0.678940 0.619852 0.683162 0.617164 0.688713 0.622852 0.691269 0.629161 0.692046 0.634409 0.693602 0.646344 0.695602 0.650716 0.696046 0.651716 0.695713 0.651654 0.692602 0.652216 0.691269 0.653154 0.689046 0.653154 0.686940 0.652904 0.684495 0.651841 0.682940 0.650654 0.682051 0.649654 0.682384 0.648904 0.683718 0.647966 0.684940 0.647344 0.685495 0.645458 0.683370 0.645458 0.685574 0.644539 0.687208 0.630411 0.676718 0.628974 0.677829 0.626161 0.676162 0.622734 0.674815 0.620234 0.674722 0.618594 0.674861
8 0.473654 0.324463 0.470833 0.319579 0.470000 0.318241 0.466117 0.307949 0.468182 0.305704
8 0.472010 0.309037 0.477344 0.325926 0.477786 0.327778 0.477031 0.328333 0.476406 0.327546 0.474641 0.322602 0.469927 0.306630
8 0.468182 0.305704 0.473654 0.324463 0.474536 0.323991 0.474641 0.322602 0.469927 0.306630 0.468594 0.305139
8 0.455690 0.332537 0.459505 0.336435 0.463380 0.340468 0.462096 0.336796 0.460247 0.333648
8 0.460964 0.333889 0.463380 0.340468 0.463927 0.340838 0.464370 0.340514 0.464370 0.339403 0.462573 0.334310
8 0.458956 0.325819 0.461427 0.331898 0.459651 0.331106 0.457005 0.324583
8 0.457370 0.330694 0.454870 0.324028 0.455078 0.323241 0.457005 0.324583 0.459651 0.331106
8 0.455310 0.330449 0.454008 0.326699 0.453305 0.322139 0.457370 0.330694
2 0.501693 0.637454 0.504219 0.647056 0.502487 0.651042 0.497685 0.638565 0.498570 0.638620 0.500237 0.638435 0.500859 0.638009
8 0.444690 0.388167 0.443984 0.382037 0.445443 0.382037
8 0.445469 0.382083 0.444690 0.388167 0.446089 0.389079 0.446448 0.382130
8 0.443826 0.392417 0.442547 0.390056 0.442547 0.393898 0.443276 0.395565
8 0.448776 0.406778 0.444661 0.398120 0.445253 0.394218 0.452760 0.410157
8 0.441323 0.387981 0.441328 0.400231 0.442247 0.401222 0.442573 0.399417 0.442547 0.389046
8 0.441229 0.381778 0.441307 0.385389 0.442349 0.386130 0.442245 0.381870
8 0.476779 0.314000 0.480823 0.329620 0.482076 0.335134 0.481195 0.334968 0.478161 0.323935 0.473625 0.310889 0.475318 0.312787
8 0.587839 0.654167 0.627693 0.674537 0.644539 0.687208 0.645458 0.685574 0.645458 0.683370 0.628125 0.671463 0.622031 0.668287 0.599612 0.656778 0.585086 0.649194
2 0.451549 0.267014 0.453469 0.269755 0.452109 0.272819 0.449964 0.270167 0.449823 0.268505 0.450711 0.267176
2 0.367622 0.297255 0.368594 0.292935 0.370268 0.291977 0.372104 0.292361 0.374102 0.294759 0.374911 0.297065 0.375076 0.300616 0.375292 0.306856 0.375880 0.311991 0.375565 0.312801 0.374799 0.312926 0.374971 0.314718 0.375182 0.317139 0.374659 0.317819 0.372461 0.311435 0.370544 0.305542
9 0.395417 0.318611 0.397474 0.321759 0.397786 0.320745 0.397604 0.319676 0.397182 0.318981 0.397031 0.317907 0.397516 0.316625 0.397695 0.315389 0.397333 0.315231 0.396672 0.315981
2 0.391146 0.332500 0.390615 0.339500 0.390719 0.341731 0.391732 0.343403 0.393125 0.344148 0.394518 0.343278 0.395182 0.342412 0.394729 0.340366 0.393151 0.334120 0.393125 0.333361
10 0.581383 0.576046 0.589044 0.591338 0.589768 0.594426 0.596419 0.607792 0.595260 0.608306 0.594901 0.609847 0.596419 0.612671 0.597865 0.616273 0.598154 0.619227 0.599815 0.620384 0.602779 0.621926 0.604659 0.625398 0.605888 0.629894 0.607044 0.633750 0.608130 0.633236 0.609286 0.630921 0.611672 0.631051 0.613117 0.630407 0.614273 0.628995 0.614201 0.624884 0.612323 0.621282 0.610227 0.614088 0.609937 0.611389 0.611021 0.610491 0.611167 0.607792 0.609818 0.604306 0.597430 0.576944 0.595984 0.574889 0.593453 0.572833 0.592875 0.573093 0.594401 0.576389 0.594323 0.577972 0.592448 0.576991 0.588333 0.571574 0.585807 0.568241 0.583021 0.564583 0.580599 0.561435 0.578995 0.563065 0.577768 0.565250 0.577260 0.566921
2 0.506172 0.590463 0.501130 0.601384 0.498865 0.605782 0.499242 0.606806 0.500128 0.608523 0.501273 0.610190 0.503148 0.610556
2 0.424674 0.457171 0.426456 0.454870 0.427940 0.454694 0.431018 0.459593 0.432596 0.461588 0.433781 0.465991 0.435734 0.471755 0.437023 0.477394 0.439500 0.497782 0.430609 0.473736 0.429982 0.465616 0.429354 0.462644 0.427227 0.458426 0.425414 0.459542
10 0.513359 0.565741 0.516638 0.558972 0.517732 0.559250 0.518617 0.559157 0.520234 0.562894 0.520169 0.563648 0.519701 0.563894 0.519003 0.566384 0.518674 0.568625 0.519328 0.573685 0.517992 0.581088 0.517586 0.584028 0.517406 0.583597 0.516682 0.582741 0.512375 0.581917 0.513060 0.580833 0.513333 0.573935
10 0.519221 0.554644 0.522195 0.547653 0.523552 0.543690 0.524698 0.543208 0.526385 0.542296 0.527169 0.542514 0.528284 0.543046 0.529276 0.541602 0.529880 0.541014 0.530453 0.540796 0.531174 0.541120 0.531477 0.541977 0.531206 0.543852 0.530664 0.546745 0.530513 0.548940 0.529398 0.551727 0.527951 0.553333 0.526807 0.552958 0.525964 0.552259 0.524245 0.556171
2 0.527422 0.444583 0.525443 0.438287 0.525391 0.436528 0.525443 0.434537 0.525833 0.433426 0.526458 0.433287 0.527135 0.433750 0.528099 0.432130 0.528672 0.432176 0.529297 0.434074 0.529297 0.435509 0.528542 0.436389 0.531797 0.440741 0.533438 0.443519 0.534089 0.445000 0.534036 0.446389 0.533359 0.446250 0.531224 0.443287 0.529479 0.440324 0.528021 0.438750 0.527839 0.439306 0.528854 0.442361 0.529479 0.445556
2 0.560909 0.570356 0.559570 0.574602 0.557518 0.576713 0.555521 0.578727 0.553576 0.582472 0.552172 0.582472 0.550984 0.581898 0.545909 0.572269 0.545068 0.572597 0.544414 0.574426 0.550359 0.585713 0.544141 0.588102 0.543672 0.586546 0.542706 0.586333 0.542195 0.586921 0.542057 0.589028 0.540286 0.589491 0.539216 0.587657 0.536297 0.585931 0.531648 0.579139 0.532187 0.577685 0.531901 0.575139 0.530391 0.571389 0.528456 0.566282 0.526497 0.562000 0.525865 0.559801
1 0.443549 0.406046 0.441557 0.412120 0.448964 0.441273 0.458599 0.445468 0.460708 0.441764 0.462234 0.440681 0.459974 0.432315 0.458646 0.430231 0.456849 0.425139 0.453958 0.415972 0.453099 0.411565 0.452362 0.413773
2 0.519714 0.390481 0.519755 0.388884 0.519878 0.388185 0.519815 0.383153 0.520237 0.381815 0.520630 0.381972 0.520901 0.383690 0.520932 0.387866 0.521414 0.388079 0.521714 0.388454 0.522016 0.389259 0.522016 0.389954 0.522294 0.393565
2 0.516758 0.535333 0.513682 0.526782 0.514370 0.522449 0.517044 0.520014 0.519667 0.520495 0.521021 0.521245 0.521865 0.522426 0.523250 0.521676 0.523594 0.520370 0.523365 0.518449 0.524052 0.517782 0.526302 0.518894 0.527365 0.519449 0.529255 0.513843 0.530070 0.509824 0.531612 0.509009 0.533112 0.509676 0.534049 0.511454 0.536862 0.513787 0.538984 0.515454 0.539734 0.517005 0.542047 0.520116 0.543547 0.521894 0.543859 0.523671 0.546172 0.523227 0.546919 0.522671 0.548419 0.523560 0.550419 0.524671 0.551357 0.526005 0.553044 0.526449 0.554651 0.525611 0.567026 0.543028 0.574313 0.552384 0.580599 0.561435 0.578995 0.563065 0.577768 0.565250 0.577260 0.566921 0.576977 0.568227 0.575755 0.567421 0.574432 0.568227 0.574104 0.568315 0.571768 0.568935 0.569328 0.568190 0.568526 0.568315 0.567271 0.569245 0.564690 0.569616 0.563279 0.566963 0.562302 0.567190 0.561656 0.566708 0.549018 0.562870 0.533799 0.558995 0.534237 0.555995 0.534987 0.553995 0.534112 0.553551 0.524245 0.556171 0.525964 0.552259 0.526807 0.552958 0.527951 0.553333 0.529398 0.551727 0.530513 0.548940 0.530664 0.546745 0.531206 0.543852 0.531477 0.541977 0.531174 0.541120 0.530453 0.540796 0.529880 0.541014 0.529276 0.541602 0.528284 0.543046 0.527169 0.542514 0.526385 0.542296 0.524698 0.543208 0.523552 0.543690 0.522195 0.547653 0.520992 0.546773 0.520242 0.546662 0.519617 0.547995 0.519617 0.549884 0.520430 0.551884 0.519221 0.554644 0.516018 0.546079 0.514844 0.542866 0.515958 0.541310
2 0.555729 0.524722 0.557255 0.523801 0.559310 0.524380 0.562016 0.526037 0.564070 0.527032 0.565237 0.527532 0.566310 0.525792 0.566682 0.524958 0.567570 0.524713 0.570138 0.525125 0.571070 0.524958 0.572937 0.525542 0.576484 0.526954 0.579844 0.528944 0.582458 0.530602 0.584091 0.532181 0.585070 0.533671 0.585818 0.534750 0.585865 0.535745 0.585117 0.535829 0.585539 0.537241 0.586052 0.540806 0.585865 0.543713 0.584185 0.553005 0.583344 0.556241 0.582924 0.558231 0.582888 0.561125 0.561901 0.532741
2 0.395651 0.282315 0.404633 0.289333 0.404945 0.290583 0.404919 0.292296 0.406586 0.294287 0.407260 0.296764 0.408302 0.299356 0.408719 0.299912 0.412286 0.302597 0.413458 0.302505 0.412885 0.300699 0.412104 0.299356 0.411453 0.297875 0.411766 0.297227 0.412417 0.296116 0.413146 0.296023 0.414135 0.296949 0.414344 0.295699 0.413641 0.293708 0.411792 0.292782 0.410333 0.292319 0.409057 0.291949 0.407599 0.290144 0.405438 0.288292 0.396427 0.280745 0.395411 0.281023
2 0.555729 0.764074 0.555987 0.778310 0.555917 0.780046 0.555708 0.781287 0.555276 0.781347 0.553284 0.779421 0.553253 0.781454 0.550497 0.781468 0.546943 0.781435 0.549323 0.783097 0.548578 0.785750 0.548026 0.788750 0.547966 0.790037 0.546581 0.795556 0.545674 0.797102 0.544891 0.799407 0.544982 0.801176 0.545828 0.802245 0.546669 0.804394 0.547966 0.806481 0.550529 0.808463 0.552185 0.808833 0.556648 0.805815 0.556503 0.797810 0.554099 0.799296 0.552424 0.800662 0.551589 0.800167 0.551063 0.798741 0.550471 0.795454 0.556365 0.789444 0.556326 0.786231 0.557081 0.784986 0.557135 0.783546 0.557242 0.783162 0.557784 0.783162 0.558107 0.783546 0.558042 0.781644 0.558312 0.781259 0.558125 0.764630
2 0.580672 0.769426 0.580128 0.767532 0.561297 0.764958 0.561146 0.782731 0.564714 0.786296 0.578130 0.782412 0.578130 0.781259 0.570638 0.781102 0.570065 0.780458 0.569977 0.779282 0.569734 0.777833 0.569193 0.776176 0.569583 0.771782 0.570096 0.770815 0.571271 0.770551 0.578893 0.769532
2 0.578206 0.666685 0.582909 0.659806 0.584120 0.657796 0.585008 0.656792 0.585651 0.656361 0.590453 0.662384 0.592792 0.666977 0.587708 0.669343 0.584320 0.671208 0.582628 0.673287 0.575831 0.670139 0.576797 0.668241
1 0.458698 0.457222 0.456182 0.460208 0.452557 0.456986 0.451706 0.453731 0.451706 0.453731 0.451424 0.451653 0.449633 0.444148 0.455609 0.446167 0.458151 0.447500 0.458073 0.449907 0.458047 0.452407 0.458229 0.455324
2 0.558799 0.797056 0.561135 0.795259 0.563021 0.800921 0.558865 0.803704
2 0.477070 0.590819 0.478508 0.590560 0.482461 0.602454 0.482490 0.604222 0.482401 0.605454 0.482250 0.605880 0.481646 0.607222 0.481732 0.607810 0.480315 0.609255 0.476120 0.597407 0.476302 0.596296 0.476216 0.595435 0.477000 0.595273 0.477977 0.599310 0.478953 0.599000
2 0.486211 0.562931 0.488469 0.561787 0.488953 0.562718 0.489195 0.563648 0.489557 0.564870 0.489880 0.565657 0.491453 0.567380 0.489073 0.571394 0.487419 0.574694 0.485583 0.576884
2 0.454143 0.271667 0.453375 0.273630 0.454339 0.274833 0.455120 0.275667 0.455680 0.275926 0.456122 0.275324 0.456279 0.274167
10 0.569583 0.771782 0.569193 0.776176 0.569734 0.777833 0.569977 0.779282 0.570065 0.780458 0.570638 0.781102 0.582992 0.781315 0.585133 0.780565 0.585974 0.779546 0.586578 0.777245 0.587091 0.776551 0.587542 0.774889 0.587812 0.772907 0.587661 0.770977 0.586818 0.769532 0.585643 0.769907 0.584859 0.770495 0.580672 0.769426 0.578893 0.769532 0.571271 0.770551 0.570096 0.770815
2 0.501036 0.539565 0.501042 0.538241 0.501849 0.537130 0.501927 0.534769 0.501901 0.532778 0.501901 0.531296 0.502292 0.530370 0.503047 0.530648 0.503802 0.530972 0.504375 0.530787 0.504349 0.530231 0.504479 0.529537 0.505339 0.528843 0.506198 0.529537 0.506484 0.530648 0.506875 0.531898 0.507500 0.532222 0.504219 0.542454 0.502086 0.541185
2 0.508854 0.532292 0.505547 0.543704 0.510518 0.548111 0.512896 0.543694
2 0.438029 0.314926 0.443547 0.320194 0.448432 0.325347 0.451805 0.321148 0.448878 0.318843 0.446977 0.317731 0.445102 0.316435 0.439867 0.312454 0.437888 0.310926
2 0.494323 0.614588 0.492161 0.619264 0.491953 0.620375 0.492266 0.621347 0.494375 0.623060 0.496198 0.619819
2 0.495911 0.612176 0.496755 0.610338 0.498786 0.613579 0.497326 0.615583
2 0.599708 0.660319 0.600076 0.661338 0.599995 0.663421 0.599917 0.664625 0.597562 0.664991 0.597253 0.658926
8 0.497807 0.480264 0.499401 0.486528 0.502031 0.494954 0.499036 0.493519 0.496250 0.485602
8 0.493719 0.478782 0.491328 0.477870 0.492813 0.483194 0.494740 0.490880 0.497474 0.492639 0.495802 0.487023 0.495099 0.485403 0.495229 0.484755
8 0.495229 0.484755 0.493719 0.478782 0.496505 0.479801
8 0.497807 0.480264 0.495802 0.487023 0.495099 0.485403 0.496505 0.479801
8 0.506276 0.483426 0.508568 0.489074 0.508516 0.484306
8 0.491836 0.489009 0.485156 0.475602 0.488372 0.476741 0.494740 0.490880
8 0.488852 0.486843 0.494740 0.490880 0.497474 0.492639 0.499036 0.493519 0.502185 0.494944 0.505036 0.496528 0.504036 0.498796 0.489646 0.490972 0.489109 0.490037
8 0.514115 0.515046 0.517570 0.506986 0.518750 0.507639 0.515055 0.516745 0.513698 0.516250
8 0.503937 0.512019 0.505742 0.512565 0.508424 0.513306 0.509609 0.513565 0.514115 0.515046 0.513698 0.516250 0.504117 0.512727
8 0.485755 0.446801 0.483620 0.439537 0.483802 0.438657 0.484453 0.437870 0.485286 0.437685 0.486875 0.444231
8 0.476234 0.463787 0.478240 0.465032 0.479932 0.466519 0.482266 0.469028 0.482523 0.470755 0.480401 0.470037 0.475557 0.466287
8 0.445951 0.379620 0.448721 0.362755 0.449682 0.362944 0.448797 0.369745 0.448143 0.373727 0.447865 0.375185 0.447208 0.379704
8 0.507841 0.418894 0.510724 0.426806 0.510305 0.429046 0.507924 0.421829
8 0.469880 0.492273 0.473422 0.500282 0.473604 0.497597 0.470896 0.492042
8 0.452971 0.486542 0.452760 0.487074 0.455172 0.498486 0.456198 0.500148 0.455591 0.496398 0.454206 0.490074
8 0.470326 0.483625 0.474174 0.484995 0.472682 0.483241 0.470747 0.482019
8 0.454740 0.484954 0.457299 0.485444 0.456878 0.483458 0.454107 0.483194
8 0.410344 0.225213 0.424714 0.215421 0.425318 0.217833 0.411276 0.226898 0.403542 0.232824 0.403484 0.230657
8 0.481096 0.457190 0.481901 0.466583 0.482523 0.470755 0.483073 0.475181 0.484589 0.485199 0.485477 0.489431 0.487169 0.495954 0.487365 0.489972 0.487052 0.485759 0.485156 0.475602 0.484687 0.472407 0.484065 0.467056 0.482935 0.458593 0.482651 0.450347 0.482362 0.442519 0.481753 0.440116 0.480870 0.440773 0.480495 0.443931 0.480542 0.450815
8 0.475060 0.468218 0.478047 0.456806 0.475859 0.455370 0.474479 0.460880
8 0.477128 0.473028 0.482102 0.484278 0.478820 0.482611 0.475349 0.472477
8 0.512682 0.613426 0.514635 0.602269 0.515331 0.605236 0.513977 0.614778 0.512190 0.616046
8 0.427552 0.393148 0.428956 0.395361 0.432878 0.398431 0.436331 0.401083 0.436612 0.399245 0.431513 0.394944 0.427917 0.390875
8 0.443888 0.402722 0.445253 0.394218 0.445625 0.391713 0.444172 0.390569 0.442247 0.401222
8 0.445625 0.391713 0.450060 0.398727 0.457187 0.411880 0.452760 0.410157 0.445253 0.394218
8 0.446146 0.385880 0.447773 0.386306 0.450388 0.387056 0.453003 0.387222 0.454961 0.387301 0.461729 0.387056 0.462008 0.389046 0.457156 0.389708 0.452349 0.389792 0.447867 0.389046 0.446089 0.389079
6 0.490826 0.529171 0.488508 0.534120 0.489818 0.537500 0.491505 0.534273
8 0.508737 0.480477 0.509044 0.464681 0.510641 0.466986 0.510219 0.480968
8 0.466117 0.307949 0.470000 0.318241 0.468667 0.316236 0.464328 0.309681
8 0.505013 0.479181 0.502018 0.470940 0.501940 0.469273 0.502227 0.468023 0.503086 0.466866 0.508086 0.480245
8 0.455875 0.315810 0.457443 0.314417 0.459135 0.312481 0.463320 0.307074 0.465052 0.304782 0.466589 0.303111 0.468456 0.301250 0.469701 0.299444 0.470833 0.298102 0.477708 0.290509 0.478672 0.293333 0.475234 0.297083 0.474531 0.297500 0.472180 0.300079 0.470229 0.302838 0.468602 0.305167 0.466117 0.307949 0.464328 0.309681 0.460497 0.314565 0.459771 0.314792 0.459529 0.315662 0.458359 0.316870 0.456966 0.318421 0.454839 0.320713 0.453305 0.322139 0.452956 0.319537
8 0.458802 0.292315 0.456372 0.287181 0.455419 0.284181 0.457005 0.285588 0.460521 0.293319 0.459036 0.292778
8 0.508568 0.489074 0.508516 0.484306 0.509974 0.484769 0.509818 0.486713
8 0.459010 0.293981 0.459370 0.295116 0.461464 0.296481 0.462682 0.299329 0.466589 0.303111 0.468456 0.301250 0.465531 0.297875 0.462823 0.295176 0.460521 0.293319 0.459036 0.292778
8 0.463320 0.307074 0.459370 0.295116 0.461464 0.296481 0.462682 0.299329 0.465052 0.304782
6 0.452685 0.297324 0.451276 0.294444 0.454297 0.294306 0.453016 0.296306
8 0.458125 0.294676 0.459016 0.299468 0.455911 0.294306
5 0.492232 0.328648 0.499307 0.342088 0.500003 0.359880
8 0.502188 0.548796 0.508076 0.530440 0.508854 0.532292 0.503958 0.549398
8 0.467969 0.372778 0.468719 0.375347 0.472445 0.386718 0.470742 0.386787 0.466526 0.373833
8 0.466526 0.373833 0.470742 0.386787 0.468232 0.386847 0.464781 0.375074
8 0.466276 0.386852 0.463247 0.376190 0.464781 0.375074 0.468232 0.386847
8 0.466458 0.425880 0.465484 0.422384 0.464286 0.419745 0.462177 0.416412 0.465224 0.418218 0.466448 0.421644 0.467516 0.425903
8 0.469117 0.425454 0.474289 0.424611 0.476036 0.427130 0.469617 0.427718
8 0.501451 0.364380 0.503844 0.372134 0.503844 0.378088 0.491823 0.333796 0.491094 0.326250 0.492232 0.328648 0.500003 0.359880
6 0.490570 0.351319 0.495992 0.358773 0.500792 0.376986 0.503229 0.385866 0.500099 0.384981 0.496917 0.377319 0.494104 0.376097 0.490982 0.366769 0.486919 0.363208 0.484917 0.356991
6 0.464328 0.309681 0.468667 0.316236 0.470833 0.319579 0.473654 0.324463 0.479221 0.333329 0.480016 0.334741 0.470544 0.333713 0.469750 0.331787 0.467083 0.328194 0.463823 0.320736 0.460497 0.314565
8 0.468193 0.418310 0.470956 0.420042 0.473766 0.421384 0.478964 0.424028 0.482484 0.426074 0.483565 0.428306 0.483701 0.430310 0.481719 0.429546 0.478266 0.427005 0.468362 0.421139
8 0.466943 0.413106 0.473766 0.421384 0.470956 0.420042 0.467500 0.415722
8 0.482320 0.437454 0.483701 0.430310 0.484943 0.432042 0.483128 0.438528
8 0.500003 0.359880 0.497609 0.307657 0.498870 0.308653 0.501451 0.364380
8 0.445815 0.294306 0.446987 0.297269 0.448003 0.300787 0.447865 0.302407 0.446177 0.299065 0.444042 0.294157
8 0.480747 0.582329 0.476919 0.573116 0.472953 0.563741 0.469779 0.555528 0.470620 0.553120 0.471227 0.552787 0.476174 0.565481 0.477620 0.568884 0.480560 0.576185 0.482380 0.580667
8 0.483073 0.588796 0.482854 0.595944 0.484023 0.599032 0.483878 0.590611
8 0.485630 0.581259 0.485016 0.587023 0.483305 0.583898
8 0.477049 0.585833 0.472198 0.573065 0.467771 0.559431 0.469120 0.556551 0.473495 0.568935 0.478732 0.584199
8 0.488951 0.589074 0.489914 0.585667 0.491154 0.582361 0.492284 0.579310 0.493125 0.577042 0.494146 0.574903 0.495057 0.572630 0.495495 0.570167 0.495312 0.567639 0.495276 0.566731 0.495641 0.566014 0.496224 0.566731 0.496297 0.569065 0.495422 0.573407 0.493708 0.577884 0.492138 0.582750 0.490607 0.587481 0.489453 0.591157
8 0.487625 0.591815 0.485630 0.581259 0.486948 0.579611 0.488951 0.589074 0.491049 0.597324
8 0.487867 0.610042 0.491333 0.611954 0.493581 0.613079 0.490948 0.607106 0.487477 0.606829 0.486646 0.606394
8 0.612852 0.594500 0.612680 0.604486 0.611745 0.619167 0.611174 0.617343 0.611867 0.605560 0.612198 0.593616
8 0.594940 0.633352 0.597443 0.637884 0.598839 0.641454 0.599044 0.645736 0.598128 0.643241
8 0.591849 0.618565 0.593214 0.627306 0.594940 0.633352 0.594583 0.625181 0.593937 0.620296
8 0.598294 0.627241 0.597393 0.621602 0.599310 0.621912 0.599828 0.625093 0.600232 0.627745 0.600190 0.631185
8 0.599044 0.645736 0.598839 0.641454 0.598466 0.633486 0.600380 0.637551 0.600893 0.640787 0.600940 0.644769 0.600911 0.651019
8 0.590422 0.617880 0.593214 0.627306 0.594940 0.633352 0.598128 0.643241 0.599044 0.645736 0.600911 0.651019 0.603687 0.658792 0.599612 0.656778 0.596172 0.642574 0.593466 0.635532 0.592294 0.629319 0.586935 0.615898
8 0.586935 0.615898 0.592294 0.629319 0.593466 0.635532 0.593599 0.637718 0.583255 0.614120
8 0.600940 0.644769 0.602690 0.648319 0.604010 0.651481 0.604583 0.653426 0.604948 0.657083 0.604466 0.656995 0.602529 0.653120 0.601724 0.651259 0.600911 0.651019
8 0.594583 0.625181 0.608786 0.655528 0.610052 0.654491 0.610568 0.653417 0.595026 0.620185 0.593937 0.620296
8 0.511276 0.585509 0.509115 0.584398 0.508516 0.583287 0.511380 0.582685
8 0.442591 0.291907 0.446042 0.292028 0.446427 0.294384 0.441893 0.294139
8 0.511440 0.587556 0.517031 0.613009 0.518430 0.620014 0.520406 0.619019 0.512375 0.581917 0.511393 0.581088 0.511276 0.585509
8 0.437161 0.293426 0.438281 0.292787 0.439070 0.292468 0.439688 0.292361 0.440078 0.293287 0.439513 0.294644 0.437292 0.295185
8 0.375214 0.290523 0.374609 0.291898 0.375833 0.293750 0.376484 0.294352 0.377005 0.293009 0.377448 0.291157
5 0.366638 0.295551 0.366716 0.289162 0.369612 0.289625 0.369492 0.292412 0.368594 0.292935 0.367622 0.297255
8 0.497057 0.303935 0.496667 0.296574 0.496693 0.295463 0.497109 0.294630 0.497943 0.294630 0.498490 0.295093 0.498672 0.303704
8 0.478880 0.445926 0.476565 0.453458 0.478552 0.454574 0.480182 0.447269
8 0.478880 0.445926 0.480513 0.447616 0.480495 0.443931 0.479654 0.443449 0.478591 0.445630
8 0.468646 0.428102 0.466901 0.428319 0.464706 0.427995 0.464141 0.426481 0.466458 0.425880 0.468276 0.425894
8 0.489609 0.461194 0.492786 0.468787 0.496042 0.476102 0.492487 0.474907 0.488451 0.460833
8 0.490404 0.474306 0.487982 0.466296 0.486628 0.460417 0.488451 0.460833 0.492487 0.474907
8 0.409115 0.228472 0.420529 0.253194 0.423448 0.251731 0.412427 0.230093 0.411276 0.226949
8 0.447734 0.287454 0.449552 0.292306 0.450760 0.292264 0.448404 0.286292
8 0.452372 0.276560 0.453674 0.279667 0.455260 0.281296 0.457318 0.283472 0.453375 0.273630
8 0.453375 0.273630 0.457318 0.283472 0.458464 0.284537 0.458333 0.283241 0.457995 0.282361 0.455120 0.275667 0.454339 0.274833
8 0.456122 0.275324 0.458948 0.281269 0.461448 0.287704 0.459766 0.286019 0.457943 0.281343 0.455680 0.275926
6 0.432578 0.224213 0.429177 0.215125 0.430911 0.214620 0.431763 0.214120 0.435271 0.225144
8 0.450833 0.254120 0.443555 0.235199 0.442214 0.230926 0.443802 0.231296 0.446693 0.238935 0.451862 0.253704
8 0.424948 0.250648 0.426414 0.249431 0.427141 0.250866 0.427302 0.251579 0.425937 0.252731
8 0.412271 0.251366 0.419052 0.249671 0.420125 0.252491 0.412896 0.254560
8 0.409219 0.242731 0.411594 0.243356 0.415049 0.244185 0.416635 0.244602 0.418221 0.248250 0.410755 0.245787
8 0.398021 0.242361 0.395120 0.243023 0.393159 0.244102 0.392646 0.245019 0.392974 0.246014 0.395914 0.245931
8 0.391615 0.257037 0.397115 0.254421 0.397141 0.256273 0.397422 0.258009 0.389583 0.260417
8 0.375758 0.261731 0.376120 0.261625 0.386401 0.258769 0.388578 0.258106 0.387604 0.259630 0.387260 0.260468 0.377781 0.264264 0.377122 0.262778
8 0.389583 0.260417 0.397422 0.258009 0.398078 0.260301 0.387964 0.263912
8 0.379505 0.268611 0.384245 0.267593 0.385081 0.265556 0.379297 0.268102
8 0.380599 0.271250 0.382682 0.271250 0.384245 0.267593 0.379505 0.268611
8 0.377781 0.264264 0.387260 0.260468 0.385081 0.265556 0.379297 0.268102
8 0.472682 0.483241 0.471065 0.480963 0.471305 0.479731 0.474349 0.483801 0.474174 0.484995
8 0.468849 0.481056 0.466107 0.480356 0.466120 0.481481 0.466560 0.481856 0.468487 0.482287
8 0.464964 0.475218 0.465023 0.480468 0.463727 0.479343 0.463698 0.474167
8 0.476138 0.485370 0.482430 0.493329 0.481826 0.494333 0.475977 0.487093
8 0.475937 0.489958 0.481826 0.494333 0.482107 0.495194 0.481302 0.497704 0.480453 0.495912 0.479365 0.494981 0.475815 0.492755
8 0.500820 0.512042 0.501909 0.517130 0.503281 0.521435 0.503966 0.521866 0.504451 0.521648 0.504773 0.521218 0.503685 0.518005 0.502432 0.514060 0.501505 0.510116
8 0.556432 0.577644 0.556432 0.579375 0.556607 0.580741 0.557094 0.581981 0.557721 0.583218 0.557990 0.583926 0.559466 0.582907 0.558315 0.580926 0.557966 0.579750 0.557518 0.576713
8 0.511651 0.430852 0.511432 0.435639 0.510625 0.435134 0.510714 0.432144 0.511424 0.430125
8 0.512266 0.426972 0.516456 0.435352 0.518570 0.439653 0.520385 0.442306 0.521458 0.444458 0.522333 0.445690 0.523388 0.448370 0.527273 0.455977 0.529654 0.460208 0.533029 0.466208 0.537279 0.474991 0.538346 0.477009 0.553167 0.503616 0.554612 0.505412 0.555914 0.503741 0.538859 0.473134 0.532552 0.459769 0.528630 0.452278 0.524049 0.444727 0.521911 0.441032 0.520133 0.437870 0.515823 0.429620 0.512872 0.424981
8 0.473495 0.568935 0.478445 0.576579 0.480193 0.581028 0.475221 0.573903
8 0.505867 0.624296 0.497849 0.617421 0.497326 0.615583 0.498161 0.614259 0.500359 0.616116
8 0.559930 0.615352 0.561664 0.623167 0.564245 0.625750 0.562391 0.619296
8 0.578904 0.595444 0.580547 0.602361 0.576979 0.596296
8 0.573516 0.598898 0.578568 0.608708 0.576589 0.607602 0.572656 0.599731
8 0.560003 0.573088 0.563326 0.580741 0.561365 0.581856 0.558802 0.575412 0.559570 0.574602
8 0.560302 0.572023 0.563708 0.580551 0.564633 0.579968 0.560909 0.570356
8 0.562510 0.570764 0.564888 0.579907 0.565865 0.579671 0.564693 0.575796
8 0.369297 0.269213 0.376284 0.265000 0.377862 0.268625
8 0.574841 0.586782 0.568130 0.572676 0.566612 0.573426 0.572107 0.587574
8 0.575547 0.589398 0.577628 0.593463 0.576151 0.594514 0.573411 0.589769
8 0.563161 0.585648 0.564411 0.589537 0.566625 0.589167 0.564948 0.584815
7 0.530070 0.509824 0.531276 0.503944 0.533036 0.496171 0.533383 0.497537 0.536521 0.501750 0.540008 0.506273 0.545586 0.513713 0.551130 0.521148 0.550419 0.524671 0.548419 0.523560 0.546919 0.522671 0.546172 0.523227 0.543859 0.523671 0.543547 0.521894 0.542047 0.520116 0.539734 0.517005 0.538984 0.515454 0.536862 0.513787 0.534049 0.511454 0.533112 0.509676 0.531612 0.509009
7 0.534279 0.493338 0.535987 0.484907 0.538362 0.477019 0.553167 0.503616 0.554612 0.505412 0.555914 0.503741 0.538859 0.473134 0.539792 0.464801 0.542797 0.469912 0.544797 0.474463 0.549036 0.481157 0.551607 0.483907 0.552318 0.483750 0.556302 0.480741 0.557729 0.478463 0.559167 0.478796 0.559542 0.481463 0.557917 0.485352 0.556479 0.493347 0.558292 0.498236 0.561979 0.504343 0.568289 0.510676 0.571099 0.514787 0.572430 0.521708 0.569117 0.522204 0.564516 0.522389 0.561065 0.523255 0.559810 0.523505 0.557255 0.523801 0.555729 0.524722 0.542203 0.506398 0.535440 0.497847 0.533698 0.495736 0.534490 0.495481 0.534609 0.494144
8 0.509060 0.297713 0.509617 0.268287 0.502099 0.242199 0.504414 0.241426 0.510776 0.264301 0.510234 0.296750
8 0.498591 0.578634 0.495930 0.585440 0.495648 0.584630 0.494815 0.583472 0.494016 0.583366 0.495490 0.579968 0.497651 0.579162
8 0.522747 0.760028 0.521346 0.770704 0.520104 0.771250 0.519685 0.770370 0.520622 0.762926 0.521497 0.759704
8 0.521497 0.759704 0.519117 0.768370 0.518180 0.762815 0.519367 0.759481
8 0.524411 0.760185 0.523831 0.770167 0.524453 0.769699 0.526430 0.767542 0.528281 0.766898 0.525990 0.760093
5 0.478792 0.524125 0.476841 0.526356 0.475516 0.529019 0.476667 0.530694 0.484531 0.541620 0.485602 0.542199 0.485656 0.539620
8 0.454141 0.526389 0.455891 0.536083 0.457240 0.545111 0.458591 0.549236 0.460859 0.552023 0.463396 0.555671 0.464260 0.557398 0.465813 0.558574 0.466740 0.557074 0.466096 0.556148 0.464909 0.554519 0.464497 0.553079 0.463068 0.551523 0.461328 0.548611 0.460612 0.547088 0.459828 0.546375 0.459060 0.544583 0.458536 0.541231 0.456214 0.528861 0.455820 0.527542
8 0.430443 0.310602 0.432956 0.306310 0.436042 0.300694 0.437396 0.298704 0.439513 0.294644 0.440078 0.293287 0.440755 0.292037 0.441057 0.291310 0.442039 0.289069 0.443333 0.286713 0.445958 0.280398 0.446591 0.278671 0.447099 0.278523 0.444818 0.272667 0.446177 0.274056 0.447719 0.276213 0.448279 0.277995 0.447755 0.283722 0.446971 0.285111 0.445089 0.288458 0.442591 0.291907 0.441893 0.294139 0.441047 0.295593 0.440417 0.296949 0.439125 0.299056 0.438672 0.300481 0.437417 0.302343 0.436354 0.303935 0.434802 0.306556 0.434003 0.307921 0.433094 0.309718 0.432258 0.310833 0.431875 0.311329
8 0.421198 0.339676 0.428352 0.344199 0.437477 0.349769 0.449583 0.357458 0.444021 0.352176 0.431615 0.343843 0.424583 0.339769 0.420208 0.336435
8 0.441172 0.493056 0.444604 0.503755 0.445576 0.503944 0.447951 0.503389 0.446552 0.498407 0.441326 0.484884 0.439294 0.477153
8 0.411432 0.397444 0.412432 0.408509 0.412885 0.411236 0.413320 0.414528 0.413555 0.416519 0.415049 0.431204 0.411594 0.421579 0.410987 0.413032 0.410849 0.410958 0.408594 0.389630
8 0.436068 0.261389 0.433669 0.258375 0.432737 0.258208 0.432878 0.260032 0.433810 0.261778 0.435443 0.263352 0.437732 0.265676 0.439401 0.267731 0.443143 0.271069 0.446177 0.274056 0.447719 0.276213 0.448510 0.277125 0.449859 0.278792 0.450336 0.276556 0.447268 0.272949 0.444849 0.270657 0.439021 0.264889 0.438880 0.264491
8 0.447409 0.288130 0.448404 0.286292 0.449833 0.283005 0.450182 0.282139 0.451000 0.279829 0.451820 0.277949 0.452372 0.276560 0.453375 0.273630 0.454143 0.271667 0.455625 0.268199 0.455112 0.267236 0.453469 0.269755 0.452109 0.272819 0.450336 0.276556 0.449859 0.278792 0.447839 0.282315 0.447271 0.285861 0.447365 0.286454
5 0.373352 0.262079 0.355305 0.263204 0.343885 0.230579 0.342648 0.225278 0.342771 0.224579 0.343404 0.223778 0.344247 0.223722 0.364583 0.250829
5 0.344409 0.220009 0.357794 0.238620 0.371487 0.256963 0.375758 0.261731 0.376120 0.261625 0.386401 0.258769 0.385112 0.240912 0.385435 0.239093 0.388760 0.237074 0.388604 0.235264 0.387682 0.231833 0.386945 0.229593 0.386763 0.227903 0.386917 0.223370 0.387456 0.222148 0.383401 0.192644 0.382695 0.191375 0.380956 0.191375 0.378927 0.194856 0.372169 0.213806 0.365846 0.220380 0.364750 0.219685 0.363857 0.218546 0.361440 0.219125 0.359628 0.220565 0.356643 0.220829 0.353909 0.220380 0.352625 0.220565 0.352375 0.217343 0.339049 0.217407 0.338872 0.218676 0.339404 0.220630 0.340185 0.220065 0.341115 0.220444 0.341328 0.221324 0.343383 0.219440 0.343599 0.219440
8 0.383292 0.292648 0.397333 0.315231 0.396672 0.315981 0.394841 0.313958 0.391424 0.309620 0.385258 0.301125 0.385182 0.299227 0.384797 0.299106 0.384797 0.299106 0.379578 0.292111
8 0.416737 0.318032 0.420521 0.315519 0.421573 0.317338 0.417641 0.320241
8 0.409391 0.316120 0.412612 0.318431 0.414328 0.320884 0.416576 0.329222 0.412432 0.322782 0.412432 0.322782
8 0.418714 0.257255 0.426906 0.267602 0.429563 0.270616 0.427464 0.265995 0.426456 0.264185 0.420521 0.256153
8 0.435552 0.258560 0.431312 0.249185 0.429870 0.250231 0.433234 0.258463 0.433669 0.258375 0.436068 0.261389
8 0.429870 0.250231 0.428648 0.251551 0.431914 0.259722 0.436828 0.272106 0.438719 0.276329 0.441068 0.282060 0.439424 0.274620 0.433810 0.261778 0.432878 0.260032 0.432737 0.258208 0.433234 0.258463
8 0.439505 0.267546 0.443849 0.285949 0.443333 0.286713 0.441068 0.282060 0.439424 0.274620 0.437474 0.265389
8 0.440049 0.269819 0.445831 0.280699 0.446591 0.278671 0.441273 0.269593 0.439669 0.268093
8 0.444818 0.272667 0.447099 0.278523 0.446591 0.278671 0.443805 0.273718 0.443143 0.271069
8 0.440513 0.272218 0.445706 0.281222 0.444523 0.284074 0.442581 0.280625
8 0.429031 0.297500 0.436021 0.298426 0.435859 0.295972 0.434273 0.295731
8 0.444492 0.303940 0.448047 0.311296 0.448182 0.312907 0.447992 0.313579 0.447299 0.313917 0.446667 0.313412 0.440552 0.306458
8 0.433229 0.309333 0.435469 0.311912 0.435943 0.312866 0.436378 0.314630 0.437310 0.315208 0.436901 0.309907 0.434003 0.307921
8 0.446094 0.302731 0.446693 0.305324 0.447500 0.308657 0.448047 0.311296 0.444792 0.303657
8 0.460497 0.314565 0.463823 0.320736 0.467083 0.328194 0.468164 0.330606 0.465107 0.328120 0.464339 0.325144 0.463432 0.321796 0.462596 0.319444
8 0.453557 0.525565 0.454724 0.535023 0.453745 0.532949 0.452484 0.524819
8 0.456451 0.504657 0.460651 0.525236 0.462471 0.530046 0.462565 0.530046 0.457898 0.507394
8 0.459672 0.377569 0.460922 0.387176 0.459430 0.387176 0.458341 0.378356
8 0.458596 0.511546 0.463826 0.521917 0.466531 0.532537 0.463964 0.531625
8 0.459310 0.385241 0.454831 0.380435 0.453542 0.381019 0.453542 0.381801 0.458542 0.387250 0.459430 0.387176
6 0.453542 0.381019 0.453721 0.387329 0.451302 0.387111 0.451224 0.381528
8 0.461753 0.377843 0.464039 0.378426 0.465393 0.383403 0.462266 0.381991
8 0.461432 0.389676 0.465854 0.411324 0.464255 0.409093 0.460523 0.389880
8 0.436107 0.401764 0.434414 0.413454 0.433646 0.411301 0.434898 0.401259
8 0.408740 0.390606 0.400432 0.384051 0.399310 0.386699 0.399591 0.388440 0.409206 0.395162
8 0.409951 0.401718 0.404164 0.399898 0.404630 0.402046 0.410138 0.403954
8 0.447023 0.505236 0.450146 0.509444 0.452667 0.516333 0.454677 0.523324 0.449451 0.515111
8 0.441172 0.493056 0.444604 0.503755 0.450846 0.529819 0.442500 0.506093
8 0.450990 0.521417 0.455331 0.524903 0.455820 0.527542 0.451737 0.524319
8 0.463826 0.521917 0.462513 0.515667 0.464893 0.520148 0.468346 0.533421 0.466935 0.532407 0.466531 0.532537 0.466531 0.532537
8 0.465411 0.522412 0.466391 0.522662 0.469565 0.528884 0.470854 0.534644 0.468911 0.533699 0.466812 0.526065 0.466112 0.525236
8 0.472227 0.539338 0.470143 0.545699 0.468190 0.545745 0.468117 0.545315 0.470638 0.538509
8 0.471992 0.539921 0.475130 0.545602 0.473151 0.545880 0.471667 0.541065
8 0.471667 0.541065 0.471055 0.542551 0.471966 0.545884 0.473151 0.545880
8 0.466331 0.536301 0.468753 0.544042 0.468117 0.545315 0.464320 0.535394
8 0.484531 0.541620 0.475516 0.529019 0.473690 0.525657 0.473529 0.528097 0.479216 0.536269 0.482805 0.540931
8 0.601526 0.661176 0.602422 0.663815 0.605229 0.662981
8 0.601526 0.661176 0.601448 0.664231 0.599917 0.664625 0.599995 0.663421 0.600076 0.661338 0.599708 0.660319
8 0.608016 0.674093 0.608852 0.675829 0.610448 0.675968 0.607865 0.664278 0.605661 0.664903 0.606794 0.666903
8 0.605661 0.664903 0.606794 0.666903 0.608016 0.674093 0.605401 0.673227 0.603971 0.667338 0.602909 0.666245
8 0.587141 0.673926 0.582628 0.673287 0.584320 0.671208 0.587708 0.669343 0.592792 0.666977 0.595747 0.665708 0.597562 0.664991 0.599917 0.664625 0.605229 0.662981 0.607865 0.664278 0.605661 0.664903 0.602909 0.666245 0.600370 0.665671 0.596859 0.666819 0.592107 0.670468
5 0.628125 0.671463 0.626742 0.664843 0.626049 0.664306 0.624753 0.665269 0.622031 0.668287 0.612578 0.663426 0.620604 0.660458 0.628273 0.658806 0.631112 0.659162 0.632076 0.664625 0.632708 0.667736 0.633552 0.670250 0.635331 0.672606 0.636143 0.673894 0.636445 0.677106
8 0.608932 0.661481 0.609943 0.661093 0.610878 0.660616 0.612656 0.659866 0.613984 0.659398 0.614844 0.659028 0.616391 0.658222 0.618281 0.657519 0.626729 0.655528 0.630026 0.655602 0.634008 0.655611 0.645211 0.656523 0.647404 0.657352 0.649870 0.661667 0.662156 0.699181 0.659693 0.698315 0.658362 0.696458 0.657797 0.694667 0.657073 0.693014 0.656424 0.689861 0.655859 0.686917 0.654651 0.683472 0.653443 0.680102 0.652471 0.676380 0.650534 0.671069 0.648440 0.664472 0.647232 0.662463 0.646138 0.661319 0.635049 0.659741 0.628273 0.658806 0.620604 0.660458 0.612630 0.663472
8 0.522010 0.617338 0.522190 0.623981 0.523792 0.623778 0.523378 0.616185
5 0.559362 0.641218 0.552844 0.633181 0.552427 0.632167 0.552063 0.632167 0.551568 0.632718 0.550818 0.628801 0.550023 0.627310 0.549479 0.624032 0.550669 0.623556 0.552174 0.627204 0.554177 0.629315 0.556177 0.627972 0.557581 0.628259
8 0.513940 0.519102 0.512435 0.523204 0.511549 0.520935 0.512646 0.518620
8 0.486438 0.517014 0.484328 0.518032 0.483635 0.518620 0.483544 0.519694 0.483635 0.520495 0.484891 0.525056 0.486109 0.525921 0.486286 0.522639 0.484870 0.520602 0.484961 0.519852 0.486378 0.519588
8 0.489479 0.515648 0.488586 0.515819 0.488516 0.517986 0.489479 0.517269
8 0.490807 0.514676 0.495911 0.511296 0.497917 0.512301 0.497214 0.513843 0.490911 0.516759
8 0.488724 0.503236 0.489159 0.506273 0.489687 0.508333 0.490182 0.509676 0.490807 0.514676 0.490911 0.516759 0.491302 0.520278 0.491872 0.525861 0.492776 0.531787 0.492997 0.533269 0.493396 0.535806 0.492661 0.537213 0.491703 0.536009 0.491505 0.534273 0.490826 0.529171 0.489479 0.517269 0.489479 0.515648 0.489375 0.513009 0.488620 0.509125
8 0.480656 0.512389 0.481247 0.515486 0.482016 0.515116 0.480411 0.507366 0.480044 0.504380 0.478620 0.503889
5 0.481719 0.429546 0.481198 0.433926 0.479846 0.434694 0.479620 0.437032 0.478974 0.438394 0.476794 0.441833 0.473646 0.440370 0.471456 0.438986 0.471208 0.436306 0.469867 0.428722 0.469617 0.427718 0.476036 0.427130 0.477344 0.428750 0.478203 0.429167 0.478776 0.428519 0.479271 0.427685
5 0.510464 0.473718 0.510219 0.480968 0.511930 0.481662 0.512552 0.483972 0.511648 0.487588 0.511198 0.488519 0.514974 0.498426 0.515742 0.498093 0.514456 0.493292 0.513974 0.490782 0.514297 0.489204 0.515062 0.488630
5 0.504208 0.456431 0.506510 0.460319 0.506721 0.461926 0.508799 0.468731 0.508982 0.469106 0.508737 0.480477 0.508086 0.480245 0.503086 0.466866 0.502227 0.468023 0.501940 0.469273 0.502018 0.470940 0.505013 0.479181 0.499896 0.477343 0.498792 0.476880
8 0.517195 0.477856 0.519917 0.485875 0.521036 0.490023 0.521477 0.491713 0.521073 0.491713 0.520466 0.492287 0.518203 0.485509 0.513125 0.471065
8 0.512422 0.463056 0.515990 0.472449 0.513518 0.468000 0.511927 0.465417
8 0.512422 0.463056 0.515990 0.472449 0.517768 0.476037 0.512833 0.460954
8 0.516393 0.442380 0.519870 0.453769 0.521518 0.458653 0.521667 0.465509 0.515839 0.447194 0.515979 0.445644 0.515747 0.441806
8 0.521667 0.465509 0.515839 0.447194 0.515391 0.449722 0.519214 0.463111 0.521852 0.472741
8 0.513893 0.436713 0.512563 0.435046 0.512005 0.432565 0.511424 0.430125 0.512266 0.426972 0.515078 0.432685 0.515456 0.436037 0.515391 0.437685
5 0.513958 0.445324 0.514013 0.440801 0.515747 0.441806 0.515979 0.445644 0.515839 0.447194 0.515391 0.449722
8 0.511271 0.439079 0.512464 0.439588 0.513958 0.445324 0.515391 0.449722 0.519214 0.463111 0.521852 0.472741 0.522557 0.484231 0.520289 0.474426 0.514969 0.456338 0.511203 0.442421
8 0.522557 0.484231 0.520289 0.474426 0.514969 0.456338 0.511203 0.442421 0.511062 0.448370 0.512484 0.454074 0.512904 0.454630 0.513357 0.456801 0.513531 0.458037 0.512833 0.460954 0.517768 0.476037
8 0.521094 0.493657 0.522352 0.495389 0.521458 0.497870 0.520885 0.496481 0.520391 0.495509
8 0.520990 0.499213 0.520026 0.498611 0.519896 0.496944 0.520391 0.495509 0.520885 0.496481 0.521458 0.497870
8 0.520466 0.492287 0.518203 0.485509 0.513125 0.471065 0.510641 0.466986 0.510633 0.468176 0.511104 0.469148 0.519766 0.493935
8 0.519766 0.493935 0.511104 0.469148 0.510633 0.468176 0.510547 0.470231 0.510906 0.472139 0.512602 0.477231 0.518854 0.496162
8 0.515062 0.488630 0.510464 0.473718 0.510464 0.471708 0.510906 0.472139 0.512602 0.477231 0.518854 0.496162 0.518115 0.497907
5 0.515742 0.498093 0.514456 0.493292 0.513974 0.490782 0.514297 0.489204 0.515062 0.488630 0.518115 0.497907
8 0.518115 0.497907 0.520466 0.492287 0.521073 0.491713 0.521477 0.491713 0.521094 0.493657 0.519404 0.498218
8 0.505216 0.453106 0.506953 0.457731 0.507552 0.458657 0.507344 0.455648 0.505729 0.451204
8 0.506430 0.448625 0.507292 0.450972 0.507396 0.452824 0.506979 0.453519 0.506641 0.453009 0.505833 0.450833
8 0.508057 0.459278 0.508112 0.442403 0.508578 0.440329 0.509138 0.460954
8 0.508799 0.468731 0.506721 0.461926 0.506510 0.460319 0.509044 0.464681 0.508982 0.469106
8 0.504208 0.456431 0.498792 0.476880 0.497331 0.476671 0.498451 0.472940 0.500318 0.465306 0.503211 0.455347
5 0.510680 0.460889 0.511432 0.458380 0.511927 0.455125 0.512484 0.454074 0.512904 0.454630 0.513357 0.456801 0.513531 0.458037 0.512833 0.460954 0.511927 0.465417 0.510536 0.463231
8 0.510883 0.401500 0.511440 0.402801 0.511458 0.398009 0.510974 0.396356 0.509346 0.397856
8 0.506745 0.397685 0.508443 0.398713 0.509346 0.397856 0.510974 0.396356 0.511154 0.394806 0.510281 0.393838 0.506250 0.392162
8 0.510052 0.412870 0.509466 0.405676 0.508443 0.398713 0.509346 0.397856 0.510883 0.401500 0.511250 0.408519 0.511062 0.413551
8 0.505599 0.391884 0.505844 0.404009 0.506365 0.408042 0.506227 0.411944 0.507237 0.413810 0.507378 0.412130 0.507271 0.409588 0.507062 0.406120 0.506888 0.402463 0.506745 0.397685 0.506250 0.392162
8 0.515938 0.413796 0.517539 0.417431 0.518656 0.419912 0.520435 0.424931 0.523117 0.432306 0.524060 0.434847 0.524687 0.434722 0.525443 0.434537 0.525833 0.433426 0.525628 0.431625 0.522318 0.420509 0.519661 0.416343 0.517552 0.413102 0.516693 0.411111
8 0.520443 0.428565 0.521641 0.430046 0.522188 0.431806 0.522396 0.434491 0.521849 0.436620 0.521380 0.432546
8 0.514318 0.420167 0.518047 0.424120 0.519633 0.428694 0.520279 0.433000 0.513711 0.422407
8 0.513711 0.422407 0.520279 0.433000 0.520841 0.436370 0.520844 0.439236 0.520133 0.437870 0.515823 0.429620 0.512872 0.424981
8 0.520844 0.439236 0.520841 0.436370 0.520279 0.433000 0.519633 0.428694 0.518047 0.424120 0.515260 0.416435 0.515594 0.415069 0.517656 0.420162 0.519633 0.425898 0.520443 0.428565 0.521380 0.432546 0.521849 0.436620 0.521911 0.441032
8 0.509635 0.461620 0.509669 0.456921 0.509878 0.452338 0.510016 0.446324 0.510401 0.441616 0.510221 0.438579 0.511271 0.439079 0.511203 0.442421 0.511062 0.448370 0.510888 0.454505 0.510680 0.460889 0.510536 0.463231
8 0.483565 0.428306 0.485497 0.429435 0.488057 0.432861 0.491341 0.437255 0.496464 0.443361 0.500594 0.448986 0.503727 0.453380 0.504661 0.454449 0.508057 0.459278 0.509138 0.460954 0.509635 0.461620 0.510536 0.463231 0.513518 0.468000 0.515990 0.472449 0.517768 0.476037 0.520870 0.481287 0.522557 0.484231 0.523794 0.485301 0.524818 0.486389 0.526964 0.488241 0.526938 0.488144 0.529099 0.489995 0.529896 0.490880 0.531094 0.491759 0.531432 0.491944 0.534279 0.493338 0.534609 0.494144 0.534490 0.495481 0.533698 0.495736 0.531174 0.494250 0.526474 0.490606 0.523161 0.487444 0.521773 0.485838 0.517195 0.477856 0.510641 0.466986 0.509044 0.464681 0.504208 0.456431 0.503211 0.455347 0.493828 0.443481 0.489909 0.438921 0.484943 0.432042 0.483701 0.430310
8 0.521406 0.453426 0.518880 0.445926 0.518385 0.444352 0.517969 0.443241 0.518693 0.443597 0.519687 0.443981 0.521484 0.449491
8 0.535536 0.481458 0.533281 0.476435 0.532656 0.475093 0.527396 0.463843 0.525104 0.458148 0.523177 0.453241 0.522370 0.451852 0.522422 0.449708 0.522891 0.449583 0.523776 0.450972 0.525521 0.455370 0.527266 0.460556 0.528932 0.464213 0.532500 0.471111 0.534401 0.475139 0.534948 0.476250 0.536083 0.478819 0.535823 0.480162
8 0.532604 0.482037 0.530885 0.476667 0.530286 0.474769 0.527500 0.468102 0.524141 0.459074 0.522865 0.456528 0.522422 0.453352 0.522370 0.451852 0.523177 0.453241 0.525104 0.458148 0.527396 0.463843 0.529740 0.470185 0.531068 0.474074 0.531536 0.474954 0.531953 0.476574 0.533229 0.480417 0.534271 0.483472 0.534859 0.485579 0.534635 0.486528
8 0.534193 0.488472 0.532083 0.483843 0.529375 0.476250 0.529219 0.475139 0.526198 0.468472 0.524818 0.463704 0.525234 0.463657 0.526042 0.464907 0.529844 0.474815 0.530443 0.476528 0.532604 0.482037 0.534635 0.486528
8 0.533740 0.491644 0.534193 0.488472 0.534859 0.485579 0.535094 0.482801 0.535536 0.481458 0.535823 0.480162 0.536083 0.478819 0.536266 0.477523 0.536526 0.476181 0.537359 0.476088 0.537229 0.477569 0.536943 0.480023 0.535987 0.484907 0.534279 0.493338
8 0.527865 0.474398 0.523828 0.460278 0.523255 0.460093 0.523255 0.461019 0.523508 0.463370 0.524276 0.466032 0.526354 0.474722
8 0.525547 0.475694 0.522951 0.464611 0.522966 0.462671 0.523508 0.463370 0.524276 0.466032 0.526354 0.474722
8 0.529099 0.489995 0.525391 0.478981 0.524505 0.481528 0.525443 0.483750 0.526354 0.485833 0.526938 0.488144
8 0.529896 0.490880 0.526354 0.476620 0.526641 0.476065 0.527240 0.475741 0.531432 0.491944 0.531094 0.491759
8 0.534279 0.493338 0.528411 0.475741 0.527240 0.475741 0.531432 0.491944
8 0.524010 0.480324 0.524687 0.477778 0.525547 0.475694 0.526354 0.474722 0.527865 0.474398 0.528724 0.474815 0.529219 0.475139 0.529375 0.476250 0.528411 0.475741 0.527240 0.475741 0.526641 0.476065 0.526354 0.476620 0.525391 0.478981 0.524505 0.481528
8 0.533177 0.451481 0.539859 0.464912 0.539305 0.470060 0.535755 0.460736 0.532932 0.455287 0.531599 0.452491 0.529453 0.449537
8 0.541995 0.460241 0.538724 0.452778 0.535755 0.445509 0.531953 0.436852 0.530703 0.432778 0.526792 0.425130 0.535865 0.441352 0.535648 0.442407 0.542414 0.457838
8 0.516693 0.411111 0.517552 0.413102 0.519661 0.416343 0.522318 0.420509 0.524844 0.424769 0.527500 0.430046 0.528672 0.432176 0.529297 0.434074 0.530365 0.436713 0.531797 0.440741 0.533438 0.443519 0.534089 0.445000 0.535573 0.448935 0.536276 0.450694 0.537630 0.453704 0.539740 0.458935 0.541698 0.464301 0.542880 0.462236 0.541995 0.460241 0.538724 0.452778 0.535755 0.445509 0.531953 0.436852 0.530703 0.432778 0.526792 0.425130 0.517180 0.408713
8 0.521911 0.441032 0.527422 0.444583 0.529479 0.445556 0.532891 0.447870 0.535286 0.449815 0.536276 0.450694 0.536068 0.452546 0.535781 0.452917 0.533177 0.451481 0.529453 0.449537 0.525755 0.447454 0.524049 0.444727
8 0.523542 0.479213 0.524010 0.480324 0.524505 0.481528 0.525443 0.483750 0.526354 0.485833 0.526938 0.488144 0.524818 0.486389 0.523810 0.483079
5 0.509479 0.499583 0.512578 0.499815 0.514974 0.498426 0.515742 0.498093 0.518115 0.497907 0.519404 0.498218 0.520990 0.499213 0.522161 0.500000 0.524737 0.501380 0.526062 0.502306 0.527284 0.503051 0.528328 0.503921 0.529453 0.504213 0.531276 0.503944 0.530070 0.509824 0.520971 0.505486
8 0.523862 0.493074 0.528328 0.503921 0.527284 0.503051 0.526062 0.502306 0.523341 0.496407 0.523628 0.494833
8 0.520990 0.499213 0.521674 0.497426 0.522352 0.495389 0.522664 0.494324 0.522716 0.491269 0.522664 0.486963 0.523161 0.487444 0.523758 0.488028 0.523966 0.489741 0.523862 0.493074 0.523628 0.494833 0.523341 0.496407 0.523029 0.497704 0.522161 0.500000
3 0.504451 0.612019 0.509115 0.584398 0.511276 0.585509 0.512474 0.592157 0.510729 0.592343 0.509922 0.592759 0.509922 0.593685 0.510208 0.594704 0.510573 0.594981 0.513073 0.594935 0.514635 0.602269 0.512682 0.613426 0.512190 0.616046 0.508982 0.617472 0.506018 0.614685
8 0.506208 0.435741 0.507693 0.438843 0.507177 0.440829 0.504583 0.434861
8 0.504583 0.434861 0.507177 0.440829 0.506276 0.443843 0.502578 0.433519
8 0.505547 0.446389 0.501563 0.434722 0.500703 0.432454 0.502578 0.433519 0.506276 0.443843
8 0.504922 0.448796 0.503620 0.445648 0.500026 0.436111 0.499792 0.434907 0.499141 0.433565 0.498854 0.432315 0.499115 0.431250 0.500703 0.432454 0.501563 0.434722 0.505547 0.446389 0.505357 0.447051
8 0.498591 0.433634 0.499141 0.433565 0.499792 0.434907 0.500026 0.436111 0.503620 0.445648 0.504922 0.448796 0.504375 0.450833 0.503437 0.448389 0.502182 0.445537 0.500508 0.441134 0.499323 0.437667
8 0.478964 0.424028 0.485214 0.423977 0.487156 0.424167 0.489870 0.424676 0.491745 0.425046 0.494115 0.425972 0.497255 0.427241 0.499792 0.428583 0.502654 0.429833 0.506219 0.432329 0.508974 0.434440 0.508164 0.436843 0.504583 0.434861 0.498659 0.431079 0.495042 0.429833 0.492935 0.428491 0.488255 0.427222 0.486833 0.426954 0.482484 0.426074
8 0.502654 0.429833 0.500995 0.425542 0.502141 0.424477 0.504349 0.431065
8 0.503417 0.422440 0.506172 0.429815 0.506120 0.426019 0.503990 0.419569 0.503833 0.420958
8 0.506435 0.416412 0.506198 0.421162 0.506057 0.424815 0.506219 0.432329 0.507422 0.433287 0.507107 0.427384 0.506969 0.421245 0.507003 0.417282
8 0.507422 0.433287 0.507107 0.427384 0.506969 0.421245 0.507003 0.417282 0.507841 0.418894 0.507945 0.422736 0.508083 0.428190 0.508398 0.434074
8 0.508083 0.428190 0.509505 0.432222 0.509219 0.433287 0.508542 0.433194 0.508307 0.432407
8 0.499146 0.426699 0.499792 0.428583 0.502654 0.429833 0.500995 0.425542
8 0.485388 0.396148 0.495990 0.424398 0.496641 0.426843 0.494115 0.425972 0.493396 0.423102 0.489503 0.411708 0.487042 0.405903 0.484943 0.400306
8 0.484583 0.403333 0.487260 0.409653 0.490328 0.416532 0.493396 0.423102 0.494115 0.425972 0.491745 0.425046 0.488865 0.418514 0.487505 0.416032 0.484089 0.408148
8 0.489870 0.424676 0.488445 0.420000 0.488865 0.418514 0.491745 0.425046
8 0.491049 0.428065 0.493000 0.433458 0.493661 0.433954 0.494464 0.432278 0.494289 0.430606 0.493932 0.428981 0.492935 0.428491
8 0.488255 0.427222 0.491341 0.437255 0.488057 0.432861 0.486878 0.429792 0.486669 0.428245 0.486833 0.426954
8 0.485867 0.420806 0.483357 0.415602 0.482867 0.421426 0.485214 0.423977
8 0.485214 0.423977 0.485867 0.420806 0.486982 0.417273 0.487505 0.416032 0.488865 0.418514 0.488445 0.420000 0.487156 0.424167
8 0.483156 0.389889 0.495964 0.424306 0.497255 0.427241 0.498958 0.428148 0.497948 0.425773 0.496854 0.423921 0.496177 0.421329 0.492451 0.410403 0.484628 0.389870
5 0.473776 0.389815 0.476312 0.391560 0.480224 0.392852 0.483047 0.394069 0.484904 0.394569 0.485388 0.396148 0.484583 0.403333 0.482604 0.423898 0.478964 0.424028 0.473766 0.421384 0.466943 0.413106 0.463260 0.389319 0.469792 0.389667
8 0.503417 0.422440 0.506172 0.429815 0.506219 0.432329 0.504349 0.431065 0.502141 0.424477 0.502844 0.423551
6 0.519589 0.402875 0.526253 0.407755 0.534406 0.414759 0.532786 0.422727 0.526284 0.408907 0.524034 0.410352
8 0.519589 0.402875 0.524034 0.410352 0.524909 0.412019 0.523221 0.414352 0.517990 0.406120
8 0.539216 0.446454 0.537378 0.442602 0.535865 0.441352 0.526792 0.425130 0.517180 0.408713 0.517990 0.406120 0.523221 0.414352 0.527284 0.422569 0.535156 0.435898 0.539904 0.444676
8 0.542414 0.457838 0.535648 0.442407 0.535865 0.441352 0.537378 0.442602 0.539216 0.446454 0.543581 0.455931
8 0.549036 0.481157 0.542430 0.464921 0.543161 0.462815 0.552318 0.483750 0.551607 0.483907
8 0.540792 0.466597 0.541698 0.464301 0.542880 0.462236 0.543440 0.459083 0.544094 0.457088 0.544701 0.456509 0.544747 0.457588 0.543815 0.460162 0.543161 0.462815 0.542430 0.464921 0.541839 0.466102 0.541385 0.467463
6 0.526284 0.408907 0.549589 0.458894 0.557023 0.475000 0.554596 0.476921 0.545635 0.455847 0.544935 0.455181 0.543581 0.455931 0.539216 0.446454 0.539904 0.444676 0.535156 0.435898 0.527284 0.422569 0.523221 0.414352 0.524909 0.412019 0.524034 0.410352
