0 0.650792 0.233014 0.651180 0.235778 0.650143 0.237157 0.649365 0.238542 0.648070 0.241074 0.647810 0.244069 0.647810 0.247981 0.649495 0.259269 0.651956 0.268481 0.653253 0.272167 0.654289 0.276315 0.655065 0.282301 0.655583 0.286218 0.653771 0.289213 0.650531 0.289440 0.646255 0.288981 0.639130 0.286676 0.632523 0.286218 0.628508 0.286218 0.625786 0.287370 0.619568 0.292667 0.616458 0.297042 0.612443 0.304412 0.609333 0.315699 0.608297 0.328597 0.607779 0.344259 0.608424 0.357389 0.609203 0.362917 0.610240 0.364528 0.611534 0.368444 0.612570 0.372356 0.613479 0.374431 0.615552 0.373741 0.616458 0.370977 0.616458 0.361074 0.616846 0.356236 0.618271 0.350019 0.620992 0.343106 0.627859 0.331819 0.632654 0.324222 0.635763 0.322606 0.641464 0.323991 0.656620 0.328366 0.657529 0.329519 0.657786 0.332051 0.658174 0.335046 0.658565 0.337810 0.670872 0.343569 0.672685 0.345639 0.672557 0.359921 0.669576 0.365449 0.666078 0.372588 0.664005 0.379958 0.663487 0.387097 0.664784 0.397926 0.669836 0.417273 0.672685 0.431324 0.677740 0.442606 0.678516 0.443759 0.680201 0.442148 0.686419 0.425102 0.689268 0.418194 0.695359 0.391704 0.696005 0.384106 0.695359 0.376736 0.692638 0.368903 0.690305 0.364528 0.687714 0.361995 0.687974 0.341954 0.696005 0.337810 0.703521 0.332741 0.711294 0.327213 0.718419 0.324912 0.721789 0.323991 0.725935 0.328366 0.728914 0.333435 0.732281 0.340343 0.735651 0.348176 0.737336 0.352319 0.737206 0.367292 0.737982 0.379037 0.739536 0.379037 0.741740 0.375583 0.744331 0.369824 0.745758 0.362917 0.747958 0.352551 0.748477 0.342417 0.746016 0.315468 0.743943 0.305796 0.740964 0.299116 0.735909 0.293356 0.732370 0.291157 0.727630 0.289537 0.715203 0.290065 0.714182 0.290861 0.713570 0.291662 0.707607 0.291731 0.704039 0.291056 0.704169 0.281148 0.703003 0.277005 0.701060 0.270787 0.701060 0.262264 0.700411 0.256968 0.699633 0.255125 0.698857 0.249366 0.700151 0.245912 0.707406 0.230250 0.707797 0.226792 0.706630 0.222880 0.705594 0.219884 0.704039 0.217579 0.702872 0.215968 0.700799 0.213667 0.698857 0.211593 0.696523 0.209981 0.694323 0.209981 0.692896 0.210671 0.690305 0.213894 0.688622 0.215278 0.687068 0.216889 0.685253 0.217120 0.680589 0.216199 0.675794 0.213667 0.672427 0.212972 0.671003 0.215968 0.669576 0.221037 0.668669 0.227255 0.667763 0.231171 0.665948 0.233241 0.659341 0.233014 0.655714 0.231398 0.652474 0.231171
6 0.405844 0.272171 0.406081 0.271750 0.406539 0.270713 0.403698 0.248565 0.402682 0.243778 0.402286 0.241250 0.402083 0.239769 0.401068 0.238519 0.400000 0.237315 0.401130 0.248273 0.405365 0.274120
5 0.435914 0.245986 0.434914 0.248537 0.434352 0.249315 0.433664 0.250759 0.433352 0.251759 0.432539 0.253426 0.431664 0.255870 0.431727 0.256870 0.431414 0.258204 0.430852 0.259759 0.430289 0.261199 0.429789 0.262532 0.428914 0.264644 0.428539 0.265421 0.428167 0.266088 0.427604 0.267977 0.427042 0.268532 0.426479 0.269310 0.427604 0.270977 0.427979 0.271310 0.428229 0.271310 0.429102 0.269644 0.429289 0.269532 0.431164 0.265755 0.432977 0.263421 0.434477 0.260755 0.436349 0.257315 0.438724 0.253759 0.440724 0.250315 0.440911 0.249759 0.439974 0.248648 0.438974 0.247759
5 0.443773 0.253505 0.444367 0.253380 0.444958 0.253875 0.445516 0.254060 0.445307 0.254806 0.444820 0.255671 0.444297 0.256106 0.444052 0.256727 0.442414 0.259764 0.441820 0.260509 0.441367 0.261250 0.440357 0.263046 0.439763 0.264662 0.439135 0.265218 0.438680 0.266208 0.438299 0.266704 0.437602 0.267699 0.437148 0.268315 0.436732 0.268875 0.436169 0.269620 0.435477 0.270671 0.434812 0.271662 0.434185 0.272843 0.433659 0.274019 0.433245 0.274824 0.432547 0.275444 0.432268 0.276375 0.431956 0.276745 0.431432 0.276375 0.430979 0.275815 0.430453 0.275319 0.430979 0.274204 0.431815 0.273338 0.432409 0.272157 0.433802 0.270176 0.435128 0.267264 0.436552 0.264782 0.436870 0.264287
6 0.389932 0.280046 0.389828 0.268009 0.389802 0.266296 0.391302 0.267778 0.392432 0.268889 0.392224 0.275139 0.392224 0.279444 0.392135 0.281806 0.390677 0.280370
6 0.514531 0.330926 0.511797 0.334861 0.511302 0.335324 0.511870 0.336014 0.512706 0.336944 0.511974 0.339116 0.511591 0.339671 0.512411 0.340560 0.513331 0.340861 0.513667 0.341009 0.513667 0.342347 0.515849 0.344278 0.516930 0.345171 0.517682 0.346361 0.518518 0.347551 0.519104 0.348444 0.519687 0.349782 0.520273 0.350972 0.521445 0.352755 0.522474 0.354167 0.522891 0.354861 0.523203 0.355417 0.523672 0.356620 0.525208 0.356898 0.525573 0.357963 0.527135 0.358287 0.527526 0.359769 0.529245 0.361204 0.532820 0.365843 0.533826 0.367625 0.535026 0.369306 0.535831 0.370449 0.536901 0.371481 0.539010 0.374444 0.539818 0.375648 0.540443 0.376667 0.541771 0.378472 0.542698 0.379819 0.543779 0.381454 0.544948 0.383241 0.546286 0.385319 0.547523 0.387000 0.547552 0.386991 0.547734 0.387083 0.534081 0.360477 0.528070 0.351866 0.526979 0.350477 0.523333 0.344782 0.518852 0.337699
8 0.615763 0.658532 0.616414 0.662236 0.617742 0.670384 0.618133 0.672236 0.618445 0.672931 0.618706 0.672699 0.618836 0.672005 0.618732 0.670940 0.618341 0.666542 0.616961 0.659597
6 0.521169 0.293218 0.521370 0.291356 0.521909 0.288574 0.522448 0.286176 0.522503 0.284444 0.523042 0.282815 0.523367 0.282046 0.524122 0.282431 0.524284 0.283676 0.524555 0.285694 0.524609 0.289727 0.523930 0.296338 0.523930 0.296338 0.523594 0.300204 0.523344 0.304222 0.522240 0.307546 0.519362 0.303204 0.519362 0.303204 0.520250 0.301912 0.520750 0.300056 0.521086 0.296935
5 0.509180 0.325120 0.507760 0.326065 0.504531 0.325463 0.504453 0.322222 0.504891 0.322329 0.506112 0.322949 0.508167 0.324375
5 0.505253 0.321259 0.505799 0.319921 0.505966 0.319245 0.506185 0.319097 0.506255 0.318847 0.506742 0.317917 0.507440 0.317111 0.508219 0.316583 0.512719 0.315236 0.517560 0.314662 0.517560 0.315380 0.517156 0.316310 0.516469 0.316954 0.515461 0.317602 0.513404 0.317745 0.511185 0.321690 0.509612 0.324199 0.508167 0.323074 0.505867 0.321588
8 0.504453 0.320926 0.505867 0.321588 0.508167 0.323074 0.511690 0.325801 0.512526 0.326792 0.512771 0.327472 0.512909 0.328463 0.512560 0.329204 0.512247 0.329884 0.511898 0.330389 0.511445 0.330759 0.510781 0.330884 0.510120 0.330690 0.507784 0.330199 0.504401 0.329468 0.504609 0.327347 0.504609 0.327347 0.504531 0.325463 0.507760 0.326065 0.509453 0.326843 0.510779 0.327708 0.510609 0.326731 0.509945 0.325861 0.509180 0.325120 0.508167 0.324375 0.506112 0.322949 0.504891 0.322329 0.504453 0.322222
8 0.503359 0.317176 0.503211 0.320227 0.503266 0.320644 0.503266 0.321431 0.503289 0.321940 0.503286 0.323171 0.503339 0.324190 0.503484 0.326181 0.503615 0.326597 0.503615 0.327662 0.503437 0.328588 0.503776 0.328912 0.503724 0.329606 0.504401 0.329468 0.504609 0.327347 0.504367 0.318023 0.504430 0.317148 0.503964 0.317093
8 0.495365 0.444815 0.493557 0.442944 0.490169 0.440074 0.487547 0.438495 0.486539 0.437995 0.485063 0.435380 0.487057 0.435694 0.489375 0.437083 0.491302 0.438287 0.492969 0.439444 0.493424 0.440042 0.495312 0.441343 0.497039 0.445560
2 0.621284 0.683005 0.618776 0.674676 0.619359 0.673787 0.624547 0.679435 0.633831 0.668731 0.634359 0.668042 0.641609 0.671556 0.643198 0.672301 0.643617 0.701444 0.646461 0.698620 0.649638 0.702037 0.629229 0.718097 0.629315 0.717356 0.635755 0.710514 0.625969 0.699810 0.625633 0.697727 0.623961 0.691333
5 0.440516 0.239731 0.441169 0.238699 0.445680 0.228227 0.448753 0.231375 0.445484 0.237991 0.445940 0.240894 0.443849 0.244625 0.443260 0.245662 0.439208 0.242069
6 0.353359 0.255000 0.359904 0.263065 0.360289 0.266102 0.360651 0.268981 0.353984 0.260648 0.354156 0.260333 0.354156 0.258671
8 0.371677 0.268185 0.365924 0.268185 0.362721 0.267954 0.362982 0.272255 0.371872 0.272718
8 0.365271 0.266792 0.372500 0.259630 0.371742 0.263185 0.365924 0.268185
8 0.359320 0.258074 0.360956 0.271903 0.363505 0.275625 0.361544 0.257843 0.360826 0.256681 0.359779 0.256560
5 0.430232 0.215361 0.418021 0.203241 0.387911 0.219065 0.388307 0.224352 0.390677 0.227176 0.392370 0.228194 0.396536 0.234120 0.400130 0.237454 0.410638 0.249731 0.411948 0.250023 0.413589 0.252065 0.413589 0.254394
8 0.379154 0.252958 0.379661 0.255667 0.389896 0.257778 0.390651 0.255648
5 0.396745 0.249306 0.395076 0.247546 0.393732 0.246560 0.392625 0.245718 0.391677 0.245440 0.390648 0.245440 0.389857 0.245014 0.388831 0.244875 0.387487 0.244032 0.386617 0.243750 0.384719 0.242769 0.383297 0.241926 0.382505 0.240801 0.381872 0.240519 0.381477 0.240380 0.380214 0.239537 0.379896 0.239111 0.379422 0.238269 0.379107 0.236583 0.378315 0.235880 0.377604 0.235880 0.376893 0.236162 0.376180 0.236722 0.375549 0.236583 0.374836 0.235741 0.373096 0.234477 0.372466 0.232782 0.371068 0.231991 0.369206 0.231273 0.367367 0.229514 0.366656 0.229514 0.365667 0.230264 0.364427 0.229815 0.363398 0.230778 0.362831 0.231019 0.361698 0.231773 0.364242 0.233773 0.365826 0.234616 0.366693 0.235880 0.368039 0.237005 0.369539 0.238130 0.370568 0.238833 0.372148 0.240097 0.374505 0.241296 0.376458 0.239815 0.377609 0.238667 0.378359 0.241296 0.378711 0.244171 0.379581 0.245296 0.380924 0.245579 0.381953 0.246704 0.383375 0.248389 0.384560 0.248528 0.386773 0.250356 0.389068 0.252463 0.391518 0.253167 0.392466 0.253310 0.392604 0.254394 0.393753 0.252065 0.394573 0.250898
8 0.378768 0.248648 0.385422 0.250671 0.386773 0.250356 0.389068 0.252463 0.391518 0.253167 0.392466 0.253310 0.392604 0.254394 0.392604 0.254394 0.390651 0.255648 0.390651 0.255648 0.387258 0.254403 0.379120 0.252069
8 0.361086 0.257259 0.365466 0.254236 0.366120 0.255282 0.366315 0.256560 0.365951 0.257722 0.361935 0.261213 0.361544 0.257843 0.361544 0.257843
8 0.535312 0.400361 0.534583 0.397954 0.534557 0.397352 0.534583 0.396889 0.534740 0.396565 0.534948 0.396333 0.535312 0.396380 0.535625 0.396796 0.535859 0.397213 0.536042 0.398139 0.536406 0.399759
8 0.544117 0.395157 0.542711 0.393861 0.542555 0.393306 0.542659 0.392426 0.543180 0.392148 0.543701 0.392241 0.544091 0.392750 0.545469 0.394259
8 0.546354 0.394537 0.548354 0.397593 0.550479 0.400500 0.549508 0.400116 0.549508 0.400787 0.548966 0.400787 0.548643 0.401556 0.547867 0.400088 0.546849 0.398333 0.545807 0.396157 0.546380 0.395741
5 0.606839 0.454963 0.609872 0.456792 0.606953 0.461296 0.607214 0.465093 0.608359 0.475000 0.608620 0.477639 0.609583 0.486481 0.609245 0.487083 0.608333 0.485694 0.607411 0.482417 0.606211 0.481616 0.604714 0.477620 0.601094 0.469352 0.602143 0.468338 0.601529 0.466977 0.600867 0.465162 0.600049 0.464347 0.598065 0.460477 0.598018 0.459644 0.598065 0.460477 0.597831 0.461389 0.597547 0.463958 0.596664 0.463213 0.596711 0.462384 0.596008 0.462384 0.595633 0.460972 0.594750 0.461139 0.591945 0.459148 0.589799 0.456907 0.590172 0.456245 0.589292 0.456491 0.588964 0.455495 0.587885 0.455495 0.587003 0.454917 0.586677 0.453838 0.586677 0.452426 0.587143 0.451347 0.588125 0.451102 0.588917 0.451264 0.588445 0.451847 0.589052 0.452509 0.589799 0.452926 0.590505 0.453255 0.591018 0.453671 0.593753 0.455778 0.597174 0.458815 0.599328 0.455403 0.600414 0.454116 0.601497 0.452833 0.602654 0.452190 0.605206 0.454051
15 0.533555 0.399787 0.533724 0.400000 0.533958 0.400278 0.534297 0.401019 0.533698 0.401389 0.532773 0.401917 0.532878 0.401454 0.532956 0.401083 0.533294 0.400296
15 0.538680 0.416417 0.539341 0.417046 0.539474 0.417435 0.539693 0.418380 0.539914 0.418611 0.540443 0.419162 0.540753 0.419556 0.541148 0.420653 0.541458 0.421278 0.541813 0.421907 0.542430 0.422690 0.542826 0.422847 0.543135 0.422847 0.543531 0.423005 0.543797 0.422926 0.544414 0.423005 0.545120 0.422926 0.545560 0.422847 0.545385 0.422222 0.544766 0.422222 0.544414 0.422222 0.544297 0.421574 0.544018 0.421046 0.544458 0.420653 0.544547 0.420102 0.544414 0.419319 0.544060 0.418847 0.543708 0.417907 0.543443 0.417671 0.543135 0.417046 0.542604 0.416417 0.541898 0.415162 0.541018 0.414926 0.540451 0.414079 0.538680 0.416023
8 0.515711 0.366463 0.515893 0.366324 0.516336 0.365907 0.516440 0.365676 0.516987 0.365213 0.517456 0.364843 0.517820 0.364333 0.518419 0.363454 0.518784 0.363176 0.519271 0.363009 0.519773 0.364565 0.519878 0.365306 0.519826 0.365861 0.519695 0.366093 0.519174 0.366139 0.518784 0.366463 0.518185 0.366833 0.517482 0.367296 0.517143 0.367528 0.516753 0.367574
8 0.503286 0.323171 0.503003 0.323171 0.502687 0.323032 0.502245 0.322662 0.501961 0.322477 0.501544 0.322292 0.501310 0.322292 0.500865 0.322292 0.500112 0.322153 0.499510 0.322153 0.498836 0.322153 0.498365 0.322153 0.498576 0.321875 0.498159 0.321829 0.497638 0.321829 0.497063 0.321644 0.496437 0.321597 0.496125 0.321597 0.495685 0.321597 0.495526 0.321597 0.495859 0.322014 0.496536 0.322801 0.497005 0.323218 0.497479 0.323218 0.497768 0.323218 0.498130 0.323310 0.498599 0.323310 0.498859 0.323310 0.498911 0.323542 0.499380 0.323727 0.499536 0.323727 0.499747 0.323542 0.499927 0.323495 0.500138 0.323588 0.500242 0.323727 0.500865 0.323681 0.501154 0.323449 0.501229 0.323773 0.501414 0.324097 0.501594 0.324236 0.501880 0.324282 0.502297 0.324329 0.502552 0.324444 0.503107 0.324329 0.503339 0.324190
8 0.495224 0.292644 0.495987 0.293324 0.496409 0.293574 0.496654 0.293759 0.497451 0.294690 0.497802 0.295000 0.498044 0.295806 0.498466 0.296176 0.498990 0.297352 0.499232 0.297417 0.499792 0.296921 0.500484 0.296921 0.500698 0.297602 0.500070 0.298282 0.500000 0.298468 0.499716 0.298778 0.499477 0.298963 0.499302 0.298963 0.498742 0.298593 0.498326 0.298222 0.498083 0.298037 0.497591 0.297292 0.497591 0.296486 0.497068 0.296426 0.496896 0.295556 0.496513 0.295681 0.495987 0.295681 0.495987 0.294810 0.495432 0.294810 0.495010 0.294005 0.494734 0.293819 0.494596 0.293574 0.494667 0.292829
6 0.543154 0.401292 0.544690 0.403421 0.547971 0.401245 0.547656 0.400509 0.547370 0.399954 0.547086 0.399856 0.546589 0.398657 0.546198 0.398009 0.545495 0.396898 0.544479 0.396852 0.542974 0.397796
13 0.615729 0.448472 0.612125 0.453731 0.612341 0.449875 0.602654 0.452190 0.601497 0.452833 0.600414 0.454116 0.599328 0.455403 0.596943 0.456815 0.595719 0.456944 0.593753 0.455778 0.593096 0.454611 0.592112 0.453449 0.590638 0.450824 0.590474 0.449949 0.590474 0.447329 0.590474 0.444412 0.588997 0.444120 0.588505 0.444412 0.586703 0.444412 0.585227 0.444120 0.584898 0.443537 0.583753 0.442370 0.581784 0.439167 0.582440 0.436250 0.580474 0.436250 0.580310 0.436542 0.578997 0.437417 0.577688 0.437417 0.576539 0.437125 0.575227 0.435963 0.574081 0.433630 0.573589 0.432171 0.573096 0.430421 0.572932 0.428384 0.573096 0.425176 0.571784 0.423139 0.570182 0.420417 0.570885 0.417083 0.571328 0.415000 0.571948 0.412352 0.572440 0.411190 0.573096 0.410606 0.573753 0.409440 0.573917 0.407106 0.574734 0.405361 0.575391 0.405069 0.576047 0.404194 0.576375 0.400986 0.577523 0.399241 0.578833 0.399241 0.580474 0.400116 0.581784 0.400116 0.583589 0.398657 0.585555 0.396907 0.587852 0.395741 0.588997 0.395449 0.595555 0.396907 0.596867 0.396907 0.598594 0.396343 0.600260 0.396065 0.600443 0.399769 0.601432 0.402083 0.602865 0.403657 0.606375 0.402153 0.610417 0.402963 0.614297 0.403843 0.618490 0.403380 0.620677 0.405139 0.631784 0.410606 0.633424 0.408273 0.634245 0.410023 0.634409 0.412935 0.636375 0.413519 0.639490 0.414977 0.643917 0.413519 0.643753 0.422556 0.639490 0.424014 0.638997 0.421097 0.637195 0.421681 0.637195 0.423431 0.637031 0.445287 0.632932 0.445579 0.634081 0.428384 0.635391 0.426634 0.635391 0.425759 0.635062 0.425176 0.634409 0.424014 0.634245 0.422556 0.633589 0.421389 0.632604 0.421097 0.631620 0.421972 0.631130 0.424014 0.631784 0.425176 0.631784 0.426926 0.631948 0.428676 0.622276 0.431880 0.621948 0.429259 0.619161 0.429843 0.618013 0.426634
8 0.490971 0.318005 0.491961 0.318051 0.492768 0.318190 0.493654 0.318236 0.494956 0.318468 0.495659 0.318375 0.496258 0.318699 0.496701 0.318653 0.497195 0.318838 0.497638 0.319162 0.497872 0.319255 0.498680 0.319347 0.500112 0.319579 0.500320 0.319532 0.500633 0.319579 0.500711 0.319764 0.501232 0.319718 0.501596 0.319671 0.501622 0.320088 0.501964 0.320134 0.502794 0.320181 0.503211 0.320227 0.503266 0.320644 0.503266 0.321431 0.503289 0.321940 0.502560 0.322079 0.502195 0.321940 0.502326 0.321662 0.501909 0.321662 0.501052 0.321755 0.500164 0.321616 0.500242 0.321292 0.499122 0.321292 0.498862 0.320829 0.498628 0.321014 0.498289 0.321199 0.497742 0.321106 0.497326 0.320968 0.497326 0.320690 0.496909 0.320690 0.496648 0.320736 0.496128 0.320505 0.495477 0.320412 0.495216 0.320134 0.494852 0.319995 0.494542 0.319995 0.494281 0.319995 0.494151 0.319671 0.493992 0.319579 0.493576 0.319579 0.493159 0.319671 0.493055 0.319671 0.492951 0.319255 0.492768 0.319116 0.492482 0.319069 0.492247 0.319023 0.492013 0.318884
15 0.525091 0.381968 0.524672 0.382278 0.524464 0.382894 0.524602 0.383699 0.525091 0.384199 0.525651 0.384352 0.526615 0.384630 0.526536 0.386528 0.526953 0.386389 0.529844 0.390509 0.530000 0.391667 0.530156 0.392778 0.530677 0.394028 0.531328 0.395185 0.532109 0.396806 0.532516 0.397894 0.532794 0.398389 0.533138 0.398444 0.532695 0.399509 0.532044 0.401407 0.531602 0.402657 0.530982 0.402296 0.530669 0.402046 0.530495 0.401611 0.530495 0.401056 0.530391 0.400435 0.530250 0.400375 0.530005 0.400065 0.529589 0.399259 0.529167 0.398194 0.528568 0.396991 0.528047 0.395972 0.527656 0.395417 0.527240 0.394167 0.526745 0.393009 0.526146 0.391898 0.525625 0.390556 0.525156 0.389722 0.524948 0.389074 0.524531 0.388611 0.524062 0.387824 0.523646 0.387130 0.523594 0.386574 0.523958 0.386713 0.524245 0.387222 0.524638 0.387236 0.524464 0.386181 0.524464 0.385560 0.523940 0.384319 0.523591 0.384074 0.523417 0.383204 0.523487 0.382958 0.523557 0.382648 0.523766 0.382088 0.523940 0.381778 0.524156 0.381292 0.525661 0.381292
8 0.530469 0.391653 0.531018 0.391560 0.531409 0.391514 0.532031 0.391745 0.532292 0.391792 0.532370 0.392301 0.532607 0.392532 0.532917 0.392347 0.533073 0.392069 0.532813 0.391468 0.532422 0.390773 0.532190 0.390032 0.532292 0.389847 0.532630 0.389755 0.532737 0.389755 0.533232 0.390310 0.533464 0.391005 0.533724 0.391699 0.533909 0.392069 0.534013 0.392208 0.534193 0.392394 0.534820 0.392532 0.535185 0.392486 0.535448 0.392676 0.535839 0.393694 0.535862 0.394153 0.535836 0.394292 0.535677 0.394569 0.535547 0.394662 0.535341 0.394662 0.535234 0.394662 0.535039 0.394417 0.534831 0.394185 0.534570 0.394139 0.534323 0.394106 0.533854 0.394014 0.533698 0.394106 0.533047 0.394060 0.532971 0.393829 0.532813 0.393782 0.532292 0.393736 0.532060 0.393736 0.531279 0.393690 0.530990 0.393644 0.530758 0.393134 0.530599 0.393088 0.530156 0.392778 0.530000 0.391667
8 0.557547 0.407380 0.557729 0.407426 0.558250 0.407843 0.558458 0.407935 0.559115 0.408426 0.558359 0.409583 0.557013 0.409236
8 0.552880 0.403088 0.553557 0.403782 0.554026 0.404153 0.554339 0.404847 0.554964 0.405773 0.554964 0.406051 0.554417 0.405773 0.553896 0.405218 0.553297 0.404060 0.552333 0.402764 0.552206 0.402417 0.549823 0.403926 0.550667 0.404199 0.551266 0.404384 0.551344 0.404477 0.551760 0.404755 0.552229 0.404847 0.552542 0.405495 0.552854 0.405819 0.553271 0.406282 0.553687 0.406792 0.553948 0.407116 0.554703 0.407486 0.555589 0.407579 0.556042 0.406741 0.555987 0.405491 0.555849 0.404801 0.555667 0.404338 0.555615 0.403782 0.555380 0.403551 0.554937 0.403227 0.554755 0.402903 0.554286 0.402301 0.553818 0.401560 0.553333 0.400926 0.552135 0.402407
8 0.551245 0.398824 0.550190 0.397218 0.549557 0.396417 0.549438 0.396255 0.548924 0.395505 0.548443 0.394810 0.547932 0.394167 0.547268 0.393417 0.546846 0.392824 0.546365 0.392292 0.545911 0.391755 0.545279 0.391005 0.544557 0.390310 0.544315 0.390310 0.543924 0.390310 0.543773 0.390792 0.543773 0.391273 0.544016 0.392185 0.544919 0.393093 0.546034 0.393843 0.546214 0.394167 0.546354 0.394537 0.546607 0.394648 0.546906 0.394699 0.547268 0.395343 0.547599 0.395773 0.547872 0.396199 0.547932 0.396310 0.548229 0.396667 0.548568 0.397269 0.548880 0.397500 0.549318 0.398074 0.549469 0.398236 0.549589 0.398824 0.549620 0.399042 0.549891 0.399361 0.550161 0.399361 0.550432 0.399523 0.550747 0.399829 0.551638 0.399417
8 0.583646 0.451019 0.583935 0.449056 0.580917 0.444667 0.577440 0.439787 0.575227 0.435963 0.574081 0.433630 0.573589 0.432171 0.573096 0.430421 0.572135 0.429218 0.571586 0.427431 0.570398 0.426778 0.570854 0.424991 0.569573 0.423528 0.568932 0.421736 0.568201 0.419296 0.567195 0.417347 0.565914 0.413120 0.565719 0.412352 0.565732 0.412306 0.562440 0.408273 0.559115 0.408426 0.558359 0.409583 0.557500 0.413444 0.557318 0.414421 0.558411 0.415556 0.559036 0.416111 0.559328 0.413769 0.559878 0.412144 0.559695 0.410356 0.560609 0.409704 0.561708 0.410028 0.563536 0.411329 0.564086 0.413769 0.564451 0.416532 0.565182 0.419463 0.566464 0.421736 0.567286 0.422389 0.563078 0.421412 0.562896 0.422551 0.564635 0.423472 0.565367 0.423852 0.566555 0.424338 0.567286 0.425315 0.568201 0.426292 0.569573 0.427269 0.570214 0.428407 0.570031 0.430032 0.570078 0.431389 0.571693 0.433796 0.573411 0.436991 0.574604 0.438648 0.575336 0.440602 0.576068 0.442083 0.576891 0.442880 0.577917 0.444815 0.578630 0.446130 0.579544 0.446454 0.581745 0.450602 0.582865 0.450602
8 0.535391 0.422917 0.534331 0.421440 0.534904 0.420051 0.535320 0.419727 0.535372 0.418662 0.536128 0.418940 0.540451 0.414079 0.540581 0.412227 0.541023 0.412042 0.541648 0.411440 0.542109 0.409042 0.543674 0.408083 0.546409 0.405917 0.547635 0.405407 0.547948 0.404111 0.548573 0.404620 0.548911 0.403741 0.549823 0.403926 0.552161 0.402454 0.553612 0.400597 0.554529 0.399347 0.555878 0.399250 0.555987 0.405491 0.556042 0.406741 0.555555 0.408370 0.555232 0.409620 0.554906 0.410773 0.554583 0.411574 0.555799 0.412884 0.556094 0.413171 0.556958 0.411444 0.557013 0.409236 0.557891 0.406065 0.557214 0.399444 0.555260 0.398148 0.552370 0.398963 0.550747 0.399829 0.550479 0.400500 0.549508 0.400116 0.549508 0.400787 0.548966 0.400787 0.548643 0.401556 0.547971 0.401245 0.544690 0.403421 0.541406 0.406069 0.540974 0.407505 0.539031 0.408565 0.537034 0.408852 0.536547 0.409426 0.536440 0.410676 0.535198 0.411537 0.533901 0.412019 0.532875 0.412403 0.532010 0.413366 0.531362 0.413366 0.530984 0.412306 0.530612 0.412611 0.530534 0.413306 0.530430 0.414093 0.530326 0.414741 0.530299 0.415157 0.530117 0.416083 0.529909 0.417194 0.529727 0.418259 0.529518 0.419278 0.529362 0.419926 0.529102 0.420620 0.529349 0.422037
8 0.542057 0.396574 0.543542 0.395556 0.545469 0.394259 0.546354 0.394537 0.546380 0.395741 0.542974 0.397796 0.542055 0.398241 0.540833 0.399028 0.539687 0.399769 0.538281 0.400602 0.537474 0.401250 0.536458 0.402269 0.535112 0.402556 0.534089 0.403194 0.533255 0.403843 0.531693 0.404722 0.530391 0.405509 0.529341 0.406125 0.528422 0.407014 0.527250 0.407759 0.525492 0.408653 0.524156 0.408949 0.522482 0.409097 0.520859 0.409074 0.518880 0.408704 0.518333 0.408704 0.515456 0.406718 0.513784 0.405231 0.512734 0.403565 0.511589 0.401389 0.511172 0.400000 0.510437 0.398389 0.509935 0.396755 0.509602 0.395417 0.509435 0.393931 0.509036 0.391713 0.509219 0.390787 0.509401 0.389630 0.509766 0.388519 0.510052 0.387731 0.510234 0.386806 0.510242 0.385921 0.510521 0.385750 0.510997 0.384769 0.511875 0.384491 0.512682 0.383657 0.513724 0.382361 0.513958 0.381111 0.514870 0.381736 0.515708 0.381440 0.515990 0.379491 0.517044 0.380398 0.517714 0.380546 0.518635 0.379653 0.519305 0.379505 0.520141 0.379505 0.521227 0.379505 0.521896 0.379505 0.522984 0.379505 0.524240 0.379505 0.524656 0.379505 0.525995 0.379505 0.527083 0.379356 0.528339 0.380102 0.529591 0.380995 0.530534 0.379722 0.532750 0.382120 0.533344 0.382120 0.535833 0.383056 0.536786 0.384264 0.537706 0.385306 0.538122 0.385602 0.537453 0.386347 0.535625 0.385370 0.534557 0.384769 0.533021 0.383819 0.531096 0.382778 0.529591 0.382630 0.527919 0.381736 0.527000 0.381588 0.525661 0.381292 0.524156 0.381292 0.523151 0.381292 0.522398 0.381292 0.520557 0.380995 0.517799 0.382032 0.515792 0.382630 0.515039 0.382926 0.514286 0.383523 0.513531 0.384412 0.512448 0.385880 0.511328 0.386019 0.510940 0.388875 0.510604 0.390065 0.510437 0.391699 0.510354 0.392741 0.510687 0.395565 0.512195 0.399282 0.513617 0.401218 0.514117 0.402106 0.514401 0.403380 0.515625 0.404259 0.516719 0.405787 0.517883 0.407014 0.520643 0.407463 0.523820 0.407162 0.526581 0.405824 0.528620 0.404537 0.533698 0.401389 0.540521 0.397176
15 0.535305 0.402829 0.535435 0.403014 0.535695 0.403662 0.535982 0.404218 0.536424 0.405097 0.536477 0.405190 0.537049 0.406162 0.537987 0.407644 0.537674 0.407782 0.537258 0.407736 0.536919 0.407690 0.536268 0.407597 0.536138 0.407551 0.535469 0.406991 0.535130 0.406528 0.534583 0.406481 0.534531 0.407130 0.534818 0.407685 0.534271 0.407685 0.533742 0.407968 0.533638 0.407968 0.533638 0.407968 0.533273 0.407273 0.533013 0.406579 0.532727 0.406255 0.532440 0.405745 0.532180 0.405329 0.532154 0.405005 0.532076 0.404727 0.532023 0.404449 0.533255 0.403843 0.534089 0.403194 0.535112 0.402556
16 0.459557 0.420648 0.451771 0.408843 0.452135 0.405231 0.452474 0.401620 0.453151 0.397778 0.453589 0.394574 0.454323 0.391667 0.454922 0.389352 0.455391 0.388167 0.456047 0.386125 0.456867 0.383792 0.457578 0.382639 0.458333 0.381574 0.458997 0.380005 0.459982 0.379130 0.460966 0.378546 0.461294 0.377963 0.461979 0.377731 0.462604 0.377917 0.464089 0.377824 0.465062 0.378255 0.467688 0.379713 0.468750 0.380231 0.469490 0.380880 0.470948 0.382042 0.472227 0.383296 0.473438 0.384370 0.473438 0.384370 0.477672 0.387023 0.477672 0.387023 0.479568 0.387958 0.481964 0.388199 0.484141 0.389259 0.485719 0.390495 0.488997 0.392245 0.491620 0.393120 0.495063 0.394866 0.498180 0.396324 0.500802 0.397782 0.502440 0.398657 0.504557 0.399954 0.506432 0.403796 0.507318 0.406435 0.498177 0.407963 0.493255 0.409028 0.486667 0.409769 0.486693 0.411713 0.504375 0.410694 0.503917 0.411190 0.501917 0.413315 0.500604 0.415648 0.499784 0.417398 0.498638 0.420310 0.497161 0.423806 0.496867 0.425176 0.496669 0.428181 0.495547 0.432963 0.494573 0.428384 0.492932 0.426343 0.492932 0.427801 0.493424 0.431880 0.493917 0.433630 0.494573 0.438292 0.495312 0.441343 0.493424 0.440042 0.492969 0.439444 0.491302 0.438287 0.489375 0.437083 0.487057 0.435694 0.485063 0.435380 0.480747 0.427343 0.475187 0.417014 0.474500 0.416014 0.473938 0.415014 0.473000 0.413569 0.472062 0.412130 0.471187 0.410907 0.470438 0.409685 0.469687 0.408574 0.469062 0.407241 0.468562 0.406019 0.468000 0.405907 0.467688 0.406019 0.467128 0.406574 0.467065 0.406907 0.465940 0.407685 0.465940 0.407685 0.462760 0.413519
8 0.362721 0.267954 0.363792 0.268069 0.367453 0.257606 0.366799 0.256912 0.365951 0.257722 0.362615 0.266907
6 0.389109 0.229079 0.388536 0.228662 0.388042 0.227968 0.387469 0.227227 0.387052 0.226671 0.386922 0.225838 0.387026 0.225190 0.387026 0.224079 0.386818 0.224032 0.386323 0.224125 0.385464 0.224264 0.384578 0.224588 0.384500 0.224588 0.384240 0.224125 0.383953 0.223384 0.383953 0.222458 0.384109 0.222273 0.384240 0.222134 0.384682 0.222736 0.384865 0.222968 0.384969 0.222875 0.384839 0.222412 0.384474 0.221810 0.384109 0.221069 0.383901 0.220282 0.383536 0.219495 0.383536 0.219218 0.383458 0.218708 0.383745 0.217875 0.383953 0.218106 0.384318 0.218153 0.384734 0.218014 0.385490 0.218014 0.386036 0.218014 0.386531 0.218014 0.387078 0.218014 0.387417 0.218014 0.387495 0.218106 0.387573 0.218801 0.387677 0.218986 0.387911 0.219065 0.388307 0.224352 0.390677 0.227176 0.392370 0.228194 0.391391 0.228528 0.391188 0.228597 0.389857 0.229889
3 0.511396 0.404704 0.510839 0.405199 0.510560 0.405389 0.510107 0.405819 0.509792 0.406255 0.509513 0.406380 0.508677 0.406380 0.508281 0.406435 0.507604 0.406667 0.506953 0.406620 0.506250 0.406713 0.505339 0.406759 0.504687 0.406667 0.497995 0.408009 0.493255 0.409028 0.486667 0.409769 0.486693 0.411713 0.504375 0.410694 0.506669 0.409819 0.510130 0.408657 0.510547 0.408009 0.511276 0.407731 0.511719 0.407407 0.512266 0.407083 0.512786 0.406667 0.513307 0.406065 0.513490 0.404722 0.512969 0.403935 0.511919 0.404208
8 0.597174 0.458815 0.597693 0.459231 0.598018 0.459644 0.598065 0.460477 0.597831 0.461389 0.597547 0.463958 0.596664 0.463213 0.596711 0.462384 0.596008 0.462384 0.595633 0.460972 0.594750 0.461139 0.591945 0.459148 0.589799 0.456907 0.590172 0.456245 0.589292 0.456491 0.588964 0.455495 0.587885 0.455495 0.587003 0.454917 0.586677 0.453838 0.586677 0.452426 0.587143 0.451347 0.588125 0.451102 0.588917 0.451264 0.588445 0.451847 0.589052 0.452509 0.589799 0.452926 0.590505 0.453255 0.591018 0.453671 0.593753 0.455778
8 0.535448 0.392676 0.536589 0.390324 0.538443 0.387292 0.539505 0.385417 0.540057 0.384667 0.540549 0.384713 0.540549 0.385361 0.535839 0.393694
8 0.533138 0.398444 0.533242 0.397704 0.533503 0.397380 0.533997 0.395991 0.534258 0.395157 0.534466 0.394463 0.534570 0.394139 0.534831 0.394185 0.535039 0.394417 0.535065 0.394880 0.534883 0.395389 0.534492 0.396500 0.534362 0.397194 0.534206 0.397796 0.533958 0.398565 0.533776 0.398981 0.533555 0.399787 0.533294 0.400296 0.532956 0.401083 0.532878 0.401454 0.532773 0.401917 0.531602 0.402657 0.532044 0.401407 0.532695 0.399509
8 0.529102 0.420620 0.529362 0.419926 0.529518 0.419278 0.529727 0.418259 0.529909 0.417194 0.530117 0.416083 0.530299 0.415157 0.530326 0.414741 0.530430 0.414093 0.530534 0.413306 0.530612 0.412611 0.530768 0.411731 0.530872 0.410944 0.531003 0.410343 0.531159 0.409648 0.531211 0.409185 0.531315 0.408398 0.531445 0.407750 0.531471 0.407287 0.531680 0.406407 0.531784 0.405852 0.531797 0.404630 0.531120 0.405093 0.530781 0.406389 0.530391 0.408102 0.530391 0.409213 0.530104 0.410139 0.529948 0.411435 0.529779 0.412704 0.529622 0.413259 0.529453 0.414120 0.529245 0.415324 0.529141 0.416435 0.529010 0.417222 0.528906 0.417870 0.528776 0.418657 0.528646 0.419583 0.528229 0.420000 0.528099 0.421898 0.529349 0.422037
5 0.682422 0.607824 0.682029 0.608796 0.680615 0.610426 0.680016 0.610426 0.679674 0.610380 0.679279 0.610171 0.678651 0.610171 0.678109 0.610426 0.676768 0.610069 0.676526 0.609662 0.676159 0.609986 0.673893 0.609940 0.673870 0.609569 0.673557 0.609523 0.673349 0.609523 0.673112 0.609843 0.672984 0.609986 0.671237 0.609940 0.671135 0.609713 0.670768 0.609569 0.670456 0.609806 0.670276 0.610125 0.668633 0.609940 0.668086 0.609477 0.667487 0.609713 0.667359 0.609986 0.665961 0.609968 0.665727 0.609468 0.665599 0.608148 0.662292 0.602731 0.661784 0.601208 0.661784 0.600333 0.661784 0.596833 0.661292 0.593338 0.660802 0.592171 0.659982 0.588968 0.663964 0.590875 0.666901 0.592819 0.669089 0.594639 0.671070 0.595731 0.672846 0.596829 0.675443 0.598894 0.677151 0.600347 0.679680 0.603870
8 0.711352 0.616019 0.712305 0.616694 0.713958 0.618491 0.716297 0.621500 0.717750 0.623940 0.718193 0.625157 0.718315 0.626093 0.718315 0.628602 0.717953 0.630681 0.717104 0.632546 0.716297 0.633764 0.715331 0.635125 0.714352 0.635292 0.714927 0.633977 0.716378 0.631898 0.716904 0.630537 0.717266 0.629463 0.717508 0.628315 0.717508 0.626806 0.717104 0.625301 0.716500 0.624083 0.715573 0.622792 0.714120 0.620856 0.712305 0.618491 0.711536 0.617454
8 0.721789 0.630880 0.720495 0.622912 0.719630 0.619361 0.718065 0.614273 0.717039 0.612259 0.715742 0.610241 0.714607 0.608995 0.713042 0.608417 0.711367 0.608227 0.708992 0.608898 0.705836 0.611546 0.705255 0.612236 0.704674 0.614472 0.703987 0.613958 0.704565 0.611778 0.705482 0.609759 0.706995 0.608319 0.709208 0.606977 0.711583 0.606495 0.713365 0.606593 0.715417 0.607745 0.716984 0.609185 0.718495 0.611681 0.719305 0.614176 0.720115 0.617537 0.720872 0.620227 0.721737 0.623583 0.722763 0.630977
8 0.563846 0.486778 0.563271 0.487394 0.562891 0.487296 0.562461 0.486819 0.564211 0.478889 0.565042 0.476556 0.566711 0.469384 0.567336 0.467560 0.568995 0.460250 0.569635 0.459407 0.571130 0.453222 0.571453 0.450130 0.571453 0.448023 0.571294 0.446338 0.571049 0.444088 0.570656 0.441699 0.570260 0.439731 0.570031 0.437764 0.569549 0.436639 0.571130 0.436921 0.571208 0.439167 0.571526 0.441278 0.571604 0.442542 0.571919 0.444509 0.572633 0.447602 0.572633 0.448866 0.572560 0.449991 0.572474 0.450833 0.572315 0.451537 0.572008 0.453505 0.571682 0.454907 0.570901 0.457157 0.570583 0.459269 0.569310 0.463625 0.568995 0.465028 0.568443 0.467417 0.567617 0.472741 0.567294 0.473819 0.566932 0.475468 0.566529 0.477046 0.566328 0.477764 0.565964 0.479194 0.565721 0.479699 0.565440 0.480199 0.565198 0.481060 0.565036 0.481921 0.564755 0.483139 0.564594 0.484144 0.564310 0.485218 0.564229 0.486296
5 0.682448 0.603889 0.683651 0.597222 0.685750 0.593491 0.686951 0.588963 0.687852 0.585759 0.684583 0.583241 0.682370 0.582037 0.679688 0.579954 0.676867 0.576727 0.655768 0.560181 0.656120 0.558380 0.653917 0.552829 0.653753 0.551079 0.652604 0.549329 0.651456 0.551079 0.650638 0.555157 0.651130 0.557199 0.651292 0.558074 0.651784 0.559241 0.652932 0.560694 0.653589 0.561861 0.654409 0.563611 0.656211 0.567106 0.657195 0.568856 0.658669 0.571190 0.660474 0.572935 0.660966 0.572935 0.661948 0.575269 0.663260 0.574685 0.663424 0.576727 0.660310 0.577019 0.659654 0.580806 0.659326 0.583431 0.660266 0.584431 0.664464 0.587097 0.667911 0.589227 0.671060 0.591361 0.674958 0.594824 0.678255 0.598023
6 0.498003 0.332569 0.489768 0.324981 0.488323 0.323796 0.487854 0.323241 0.487620 0.322917 0.486604 0.322731 0.486031 0.322824 0.485927 0.322639 0.485224 0.322454 0.485172 0.322222 0.485042 0.321944 0.484547 0.321759 0.484156 0.321574 0.483505 0.321065 0.482167 0.320023 0.484885 0.313329 0.485375 0.313208 0.485620 0.313269 0.486315 0.314014 0.486839 0.314199 0.487187 0.313764 0.487362 0.313394 0.487953 0.313519 0.488268 0.314014 0.488651 0.314694 0.488792 0.315625 0.488896 0.316181 0.490971 0.318005 0.492013 0.318884 0.495526 0.321597 0.495859 0.322014 0.496536 0.322801 0.499878 0.326037 0.501771 0.327338 0.502448 0.327708 0.502656 0.328032 0.503125 0.328218 0.503229 0.328356 0.503437 0.328588 0.503776 0.328912 0.503724 0.329606 0.504401 0.329468 0.507721 0.332046 0.510289 0.334301 0.511870 0.336014 0.512706 0.336944 0.511974 0.339116 0.511591 0.339671 0.507964 0.335755 0.506992 0.335847 0.506180 0.336903 0.505586 0.337866 0.505073 0.337810 0.505052 0.336759 0.504591 0.337148 0.504104 0.336287 0.503755 0.335421 0.503057 0.334546 0.502534 0.334236 0.501315 0.333995 0.500859 0.333741 0.501000 0.333375 0.501453 0.332935 0.502255 0.332444 0.501349 0.332130 0.500477 0.332255 0.500094 0.332375 0.499849 0.332190 0.500164 0.330083 0.499466 0.330144 0.499221 0.331449 0.498698 0.331699 0.498385 0.331699 0.498003 0.332130
1 0.458633 0.370523 0.458167 0.370185 0.457776 0.369542 0.457503 0.368634 0.457414 0.368310 0.461089 0.360171 0.475161 0.332421 0.475401 0.332102 0.475552 0.332102 0.477419 0.333870 0.480917 0.337403 0.482302 0.338745 0.480643 0.333546 0.479289 0.329421 0.480208 0.329722 0.480826 0.331727 0.482151 0.335370 0.482964 0.338745 0.483867 0.339333 0.484289 0.339653 0.485104 0.339921 0.486279 0.341153 0.487182 0.342708 0.487846 0.344366 0.488560 0.345333 0.488706 0.346361 0.489323 0.348333 0.489245 0.351343 0.489349 0.352361 0.490312 0.351296 0.491094 0.349769 0.491792 0.353097 0.492065 0.354704 0.492422 0.356759 0.492526 0.362037 0.492474 0.365972 0.492344 0.368287 0.492135 0.372130 0.491667 0.373657 0.490740 0.375759 0.490286 0.376991 0.489411 0.378491 0.489081 0.379454 0.488810 0.380310 0.488086 0.381116 0.486693 0.382407 0.486510 0.382222 0.486380 0.382731 0.486354 0.383009 0.486068 0.382685 0.485885 0.382269 0.485651 0.381759 0.485260 0.381806 0.485156 0.382176 0.484974 0.382315 0.484766 0.382315 0.484635 0.381898 0.484401 0.381667 0.484115 0.381713 0.483932 0.381713 0.483880 0.381157 0.483854 0.380880 0.483385 0.380926 0.483203 0.380926 0.482917 0.380926 0.482630 0.380694 0.482370 0.380509 0.482161 0.380278 0.481875 0.380185 0.481667 0.380324 0.481432 0.380370 0.481172 0.380093 0.480937 0.379815 0.480677 0.379352 0.480573 0.379213 0.480391 0.379537 0.480130 0.379444 0.479922 0.379444 0.479557 0.379213 0.479427 0.379120 0.479193 0.378889 0.478932 0.378889 0.478828 0.378935 0.478646 0.378704 0.478646 0.378426 0.478568 0.378333 0.478385 0.378194 0.478099 0.378194 0.477917 0.378194 0.477708 0.378194 0.477422 0.378194 0.477214 0.377963 0.477292 0.377731 0.477240 0.377546 0.477005 0.377500 0.476641 0.377500 0.476380 0.377454 0.476432 0.377222 0.476224 0.377130 0.475964 0.377130 0.475703 0.377130 0.475495 0.377037 0.475573 0.376806 0.475599 0.376343 0.475651 0.376204 0.475339 0.376065 0.475078 0.376296 0.474870 0.376481 0.474740 0.376528 0.474714 0.376296 0.474505 0.376204 0.474219 0.376204 0.474219 0.376111 0.474062 0.375509 0.473984 0.375139 0.474010 0.374167 0.473776 0.374630 0.473698 0.375093 0.473698 0.375787 0.473698 0.375787 0.473333 0.375833 0.473203 0.375833 0.473151 0.375833 0.473047 0.376111 0.473047 0.376713 0.473047 0.376991 0.473073 0.377130 0.473073 0.377269 0.473047 0.377315 0.472891 0.377361 0.472708 0.377407 0.472500 0.377407 0.472604 0.377731 0.472474 0.378287 0.472396 0.378333 0.472292 0.378472 0.472188 0.378519 0.471953 0.378657 0.471953 0.379167 0.471875 0.379491 0.471641 0.379537 0.471458 0.379583 0.471354 0.379630 0.471328 0.380139 0.471328 0.380648 0.469375 0.379509 0.464464 0.377204 0.463531 0.376884 0.462391 0.376560 0.460510 0.372833
8 0.445617 0.227394 0.445729 0.226204 0.445729 0.225648 0.445521 0.224907 0.445260 0.224074 0.445443 0.223056 0.445990 0.222593 0.446667 0.222361 0.449167 0.222037 0.449523 0.222347 0.449604 0.222903 0.449807 0.223644 0.449966 0.224569 0.449786 0.225449 0.449523 0.225583 0.449052 0.225815 0.448534 0.226231 0.447727 0.226653 0.446607 0.226977 0.446214 0.227111
5 0.329320 0.223435 0.328977 0.222824 0.328977 0.220273 0.326451 0.217481 0.326518 0.215657 0.326724 0.212866 0.327474 0.211648 0.348451 0.234366 0.349477 0.237282 0.349339 0.239468 0.350432 0.244569 0.351320 0.247120 0.352552 0.252343 0.353359 0.255000 0.354156 0.258671 0.354156 0.260333 0.353737 0.261079
5 0.388102 0.313273 0.388102 0.313273 0.374495 0.293454 0.372201 0.290250 0.369583 0.283843 0.372552 0.284630 0.371380 0.264602 0.372500 0.259630 0.372396 0.255278 0.374505 0.241296 0.376458 0.239815 0.377609 0.238667 0.378359 0.241296 0.378307 0.247593 0.378438 0.253241 0.380104 0.264398 0.380130 0.273519 0.382969 0.277222 0.390677 0.280370 0.398776 0.288657
8 0.479677 0.324028 0.479990 0.324676 0.480432 0.325463 0.480458 0.325880 0.480823 0.326528 0.481161 0.326852 0.481370 0.326852 0.481995 0.326852 0.482490 0.326852 0.483193 0.327037 0.483453 0.327037 0.483635 0.326944 0.484078 0.326759 0.484469 0.327176 0.484911 0.327361 0.485302 0.327083 0.485589 0.326944 0.486057 0.326667 0.486396 0.326481 0.486448 0.326435 0.486760 0.326111 0.486943 0.325926 0.487411 0.325185 0.487333 0.325046 0.487073 0.324769 0.486786 0.324583 0.486057 0.324583 0.485380 0.324306 0.484781 0.323935 0.484339 0.323287 0.483844 0.322546 0.483323 0.322500 0.482464 0.322361 0.481240 0.321944 0.480927 0.321852 0.481448 0.320694 0.481813 0.320231 0.482177 0.320602 0.482281 0.320926 0.482542 0.320972 0.482932 0.321065 0.483505 0.321065 0.484156 0.321574 0.484547 0.321759 0.485042 0.321944 0.485172 0.322222 0.485224 0.322454 0.485927 0.322639 0.486031 0.322824 0.486604 0.322731 0.487620 0.322917 0.487854 0.323241 0.488323 0.323796 0.488792 0.324769 0.488792 0.325093 0.488505 0.325417 0.488401 0.326157 0.488219 0.326389 0.487906 0.326620 0.487698 0.326852 0.487359 0.327407 0.487151 0.327500 0.486719 0.327486 0.486404 0.327394 0.486169 0.327764 0.486013 0.328046 0.485693 0.327870 0.485458 0.327963 0.485172 0.328333 0.484495 0.328287 0.484443 0.328426 0.484000 0.328472 0.483818 0.328472 0.483453 0.328472 0.483245 0.328472 0.483010 0.328472 0.482724 0.328472 0.481742 0.328509 0.481250 0.328412 0.480849 0.327963 0.480589 0.327963 0.480380 0.327963 0.480250 0.327500 0.480016 0.327269 0.479729 0.326852 0.479469 0.327176 0.479391 0.326528 0.478974 0.326713 0.478766 0.326713 0.478792 0.326343 0.478557 0.325833
8 0.477630 0.327394 0.477995 0.327625 0.478331 0.328088 0.478878 0.327815 0.479219 0.327583 0.479583 0.328278 0.479974 0.328458 0.480154 0.328319 0.480781 0.328319 0.481250 0.328412 0.481742 0.328509 0.481846 0.328833 0.482263 0.328972 0.482943 0.328972 0.483776 0.329384 0.484115 0.329898 0.484451 0.330130 0.484635 0.330130 0.484997 0.329898 0.485232 0.329477 0.485599 0.328875 0.485753 0.328509 0.485909 0.328370 0.486013 0.328046 0.486169 0.327764 0.486404 0.327394 0.486719 0.327486 0.487445 0.328139 0.487552 0.328227 0.487992 0.327583 0.488307 0.326889 0.488568 0.326699 0.489063 0.326699 0.489219 0.327718 0.488773 0.328370 0.488307 0.329940 0.487917 0.330773 0.487341 0.330958 0.486664 0.330222 0.486510 0.329528 0.486250 0.329477 0.485883 0.329667 0.485909 0.329898 0.486534 0.330727 0.486615 0.331329 0.486430 0.331699 0.486068 0.332023 0.485492 0.332023 0.484505 0.331750 0.483464 0.331560 0.483305 0.331056 0.482682 0.330542 0.481872 0.330403 0.481326 0.330264 0.480859 0.330222 0.480208 0.329722 0.477057 0.328796
8 0.553544 0.397940 0.552896 0.397653 0.551870 0.396981 0.551276 0.396116 0.550628 0.395255 0.549979 0.394199 0.549063 0.392375 0.548523 0.391222 0.548036 0.390551 0.547659 0.390167 0.547281 0.389685 0.546201 0.388630 0.545281 0.387671 0.544797 0.386519 0.543932 0.384981 0.543339 0.384116 0.542312 0.382773 0.541016 0.380852 0.540315 0.379796 0.539451 0.378259 0.538263 0.376435 0.536318 0.374995 0.535401 0.373556 0.534591 0.372213 0.533294 0.370292 0.532323 0.368662 0.531513 0.367222 0.531081 0.366259 0.531026 0.365782 0.530547 0.365185 0.529896 0.365185 0.529062 0.364167 0.529062 0.363148 0.528380 0.363093 0.527948 0.362903 0.527570 0.362519 0.527516 0.362134 0.526977 0.361366 0.524924 0.359926 0.524331 0.359157 0.523305 0.358583 0.523089 0.358486 0.522333 0.357620 0.522333 0.357333 0.522062 0.356662 0.521469 0.355991 0.520820 0.354838 0.520388 0.353972 0.520117 0.353014 0.519523 0.351958 0.519146 0.351093 0.517687 0.349079 0.516771 0.347926 0.515745 0.345815 0.514664 0.344662 0.513206 0.344375 0.513315 0.343028 0.512451 0.342551 0.511641 0.341852 0.510122 0.339398 0.507964 0.335755 0.512411 0.340560 0.513331 0.340861 0.513667 0.341009 0.513667 0.342347 0.515849 0.344278 0.516930 0.345171 0.517682 0.346361 0.518518 0.347551 0.519104 0.348444 0.519687 0.349782 0.520273 0.350972 0.521445 0.352755 0.522474 0.354167 0.522891 0.354861 0.523203 0.355417 0.523672 0.356620 0.525208 0.356898 0.525573 0.357963 0.527135 0.358287 0.527526 0.359769 0.529245 0.361204 0.532820 0.365843 0.533826 0.367625 0.535026 0.369306 0.535831 0.370449 0.536901 0.371481 0.539010 0.374444 0.539818 0.375648 0.540443 0.376667 0.541771 0.378472 0.542698 0.379819 0.543779 0.381454 0.544948 0.383241 0.546286 0.385319 0.547523 0.387000 0.547552 0.386991 0.553307 0.395278 0.555260 0.398148 0.553867 0.398519
6 0.514753 0.296009 0.525813 0.313102 0.533693 0.325440 0.541797 0.337500 0.539258 0.344588 0.533474 0.334176 0.533404 0.332120 0.533115 0.330838 0.532607 0.330579 0.532174 0.330579 0.531667 0.329292 0.531018 0.329037 0.530510 0.329037 0.529570 0.328653 0.528560 0.327625 0.526969 0.325310 0.526391 0.324667 0.523570 0.321968 0.523427 0.320810 0.523859 0.320171 0.523716 0.319269 0.523138 0.318241 0.522341 0.317083 0.521474 0.315926 0.520753 0.315801 0.520753 0.314644 0.520245 0.314000 0.519813 0.313102 0.518727 0.312074 0.518078 0.311046 0.517643 0.310144 0.517065 0.309245 0.516487 0.309116 0.515547 0.308986 0.514969 0.307319 0.513883 0.305389 0.512727 0.304231 0.511138 0.303204 0.510919 0.301407 0.510776 0.299347 0.511570 0.298833 0.512945 0.298319
13 0.596211 0.394579 0.596979 0.396991 0.595555 0.396907 0.596867 0.396907 0.596745 0.396898 0.595495 0.396898 0.588997 0.395449 0.587852 0.395741 0.585555 0.396907 0.583589 0.398657 0.581784 0.400116 0.580474 0.400116 0.578833 0.399241 0.577523 0.399241 0.576375 0.400986 0.576047 0.404194 0.575391 0.405069 0.574734 0.405361 0.573917 0.407106 0.573753 0.409440 0.573096 0.410606 0.572440 0.411190 0.571948 0.412352 0.570182 0.420278 0.565719 0.412352 0.562440 0.408273 0.557891 0.406065 0.557214 0.399444 0.555260 0.398148 0.553307 0.395278 0.547734 0.387083 0.534081 0.360477 0.536211 0.356551 0.537341 0.350690 0.538073 0.348523 0.539258 0.344588 0.547031 0.322824 0.544245 0.322009 0.542276 0.317634 0.544245 0.314431 0.567031 0.319968 0.568505 0.324921 0.566703 0.324921 0.589818 0.367472 0.590966 0.370389 0.591456 0.370968 0.590474 0.373009 0.590638 0.375343 0.591784 0.376509 0.593096 0.378546 0.593096 0.378838 0.594734 0.385542 0.595391 0.387583 0.595227 0.389037 0.596211 0.391370 0.596667 0.393750
13 0.655990 0.557917 0.658281 0.557593 0.660310 0.560986 0.661620 0.559241 0.664573 0.560694 0.666047 0.558657 0.667031 0.556616 0.668013 0.554866 0.669982 0.556907 0.671620 0.561569 0.673096 0.565069 0.673260 0.568856 0.675391 0.574977 0.676867 0.576727 0.679688 0.579954 0.682370 0.582037 0.684583 0.583241 0.687852 0.585759 0.690310 0.584884 0.691948 0.586051 0.695063 0.588384 0.697359 0.585759 0.698013 0.581681 0.698505 0.574685 0.698177 0.572060 0.696867 0.569148 0.695719 0.566231 0.696867 0.563611 0.697688 0.559824 0.698833 0.558366 0.699982 0.556324 0.700310 0.548454 0.698669 0.545250 0.697359 0.544375 0.695719 0.542625 0.695391 0.541171 0.694898 0.540005 0.694409 0.539130 0.694570 0.537671 0.694570 0.534468 0.694898 0.533009 0.695391 0.528931 0.695555 0.524269 0.695391 0.520477 0.694570 0.519310 0.692932 0.518440 0.691292 0.518440 0.690310 0.518440 0.688833 0.518440 0.689326 0.512319 0.687523 0.510569 0.687523 0.510569 0.686047 0.506199 0.684409 0.506199 0.682768 0.507361 0.680638 0.509694 0.678505 0.510569 0.677031 0.504449 0.678177 0.499787 0.680966 0.491625 0.661784 0.453449 0.663589 0.450532 0.663096 0.448491 0.659326 0.450532 0.657359 0.454903 0.658505 0.457236 0.659982 0.458694 0.642112 0.462190 0.639490 0.457819 0.640802 0.455194 0.639326 0.454028 0.635883 0.455194 0.633753 0.459856 0.633096 0.462773 0.634081 0.463940 0.634898 0.463940 0.635719 0.463940 0.636703 0.464231 0.638013 0.465398 0.638341 0.467144 0.636211 0.468019 0.630146 0.490750 0.629654 0.490750 0.629654 0.490458 0.628505 0.488421 0.628997 0.485796 0.626867 0.485505 0.625555 0.485796 0.624409 0.486671 0.623917 0.487255 0.622932 0.491625 0.622440 0.493667 0.623917 0.493958 0.624734 0.493083 0.625719 0.494542 0.627839 0.497269 0.630000 0.502546 0.627969 0.502731 0.629161 0.505907 0.628177 0.508528 0.643917 0.533593 0.646867 0.537380 0.648505 0.540005 0.651130 0.544667 0.653753 0.551079 0.653917 0.552829 0.656120 0.558380
5 0.577161 0.496204 0.580398 0.491171 0.583281 0.485926 0.587508 0.479764 0.591326 0.474213 0.596182 0.470514 0.599823 0.468356 0.600518 0.468046 0.604714 0.477620 0.606211 0.481616 0.607411 0.482417 0.608333 0.485694 0.615607 0.497958 0.614565 0.499806 0.614393 0.503199 0.612138 0.505051 0.607802 0.505667 0.606935 0.510292 0.608841 0.512759 0.606935 0.516458 0.604177 0.516824 0.603755 0.517093 0.602820 0.517792 0.602398 0.518435 0.601737 0.517685 0.600953 0.516824 0.599096 0.516866 0.597620 0.518319 0.596474 0.519486 0.596310 0.520361 0.596094 0.522454 0.596146 0.524907 0.580956 0.502394
7 0.603589 0.558949 0.605063 0.556032 0.606211 0.553704 0.607195 0.550204 0.607688 0.547875 0.608997 0.544667 0.608341 0.542625 0.607359 0.541755 0.606539 0.540005 0.605883 0.538255 0.605555 0.537963 0.604245 0.536509 0.604898 0.534759 0.605391 0.533009 0.605417 0.533009 0.607523 0.530097 0.609740 0.527824 0.610026 0.524815 0.609661 0.520556 0.609271 0.519491 0.608440 0.519486 0.607130 0.518611 0.604177 0.516824 0.603755 0.517093 0.602820 0.517792 0.602398 0.518435 0.601737 0.517685 0.600953 0.516824 0.599096 0.516866 0.597620 0.518319 0.596474 0.519486 0.596310 0.520361 0.596094 0.522454 0.596224 0.525046 0.597578 0.526852 0.600768 0.531639 0.597326 0.536884 0.599096 0.543676 0.600245 0.548921 0.602047 0.554750
13 0.549896 0.551343 0.533932 0.528380 0.529609 0.522315 0.537292 0.515417 0.539784 0.510366 0.542081 0.506574 0.543063 0.505995 0.544375 0.505120 0.547326 0.503954 0.549948 0.504245 0.552737 0.501912 0.554047 0.501912 0.554867 0.500458 0.556177 0.498708 0.558310 0.501329 0.560112 0.501912 0.564427 0.500926 0.567370 0.499954 0.569870 0.499769 0.570365 0.497917 0.572266 0.493565 0.575469 0.493704 0.580956 0.502394 0.600768 0.531639 0.597326 0.536884 0.594375 0.533389 0.583883 0.571565 0.588802 0.575940 0.589831 0.577190 0.589620 0.578560 0.587326 0.584681 0.583883 0.580894 0.583148 0.578843 0.582549 0.578843 0.570990 0.580880
13 0.522081 0.499583 0.523883 0.486759 0.524703 0.482389 0.525031 0.477139 0.526016 0.471602 0.525852 0.469565 0.523555 0.466356 0.521917 0.464903 0.516016 0.460236 0.516016 0.460236 0.511917 0.456741 0.510604 0.456741 0.508802 0.457032 0.506669 0.456741 0.506016 0.456157 0.505687 0.454699 0.505359 0.453241 0.503719 0.451204 0.502573 0.448870 0.500932 0.446833 0.499458 0.445667 0.498802 0.444792 0.497654 0.442750 0.497214 0.440231 0.495755 0.433843 0.495469 0.433241 0.496669 0.428181 0.496997 0.424681 0.497161 0.423806 0.498638 0.420310 0.499784 0.417398 0.500604 0.415648 0.501917 0.413315 0.504375 0.410694 0.506669 0.409819 0.510112 0.408653 0.510932 0.409236 0.514047 0.410403 0.515852 0.411569 0.516669 0.412148 0.518474 0.415940 0.520604 0.414190 0.522409 0.414190 0.524047 0.414190 0.528229 0.420000 0.528099 0.421898 0.529349 0.422037 0.537552 0.423333 0.554063 0.433981 0.558646 0.430509 0.558966 0.441583 0.555031 0.446250 0.558474 0.470148 0.560604 0.472185 0.562898 0.469856 0.564211 0.478889 0.559948 0.483259 0.558638 0.478014 0.556997 0.476847 0.536669 0.499875 0.538474 0.506866 0.533391 0.511824 0.530313 0.508889
6 0.546409 0.405917 0.548281 0.409231 0.548992 0.408528 0.549547 0.408106 0.550099 0.407968 0.550656 0.408324 0.551411 0.405824 0.551177 0.405222 0.550422 0.405639 0.550292 0.404852 0.549901 0.404667 0.549823 0.403926 0.548911 0.403741 0.548573 0.404620 0.547948 0.404111 0.547635 0.405407
5 0.543539 0.427079 0.543854 0.426657 0.544724 0.426097 0.546464 0.426097 0.547578 0.425815 0.548599 0.425255 0.549547 0.424972 0.549547 0.424551 0.548438 0.422315 0.546227 0.419912 0.546156 0.417806 0.545990 0.416120 0.546068 0.414009 0.546779 0.412042 0.547333 0.410495 0.548281 0.409231 0.548992 0.408528 0.549547 0.408106 0.550099 0.407968 0.551214 0.408528 0.553430 0.410356 0.554141 0.411199 0.555799 0.412884 0.556510 0.413588 0.558411 0.415556 0.560286 0.417315 0.561484 0.419634 0.561880 0.421176 0.561880 0.422583 0.561651 0.423847 0.561096 0.425394 0.561010 0.426380 0.561255 0.426940 0.561651 0.427083 0.562432 0.427083 0.562828 0.428065 0.563469 0.429611 0.564180 0.431157 0.565201 0.432000 0.565674 0.432000 0.566622 0.430454 0.567573 0.431019 0.568529 0.431019 0.568924 0.431718 0.568924 0.434106 0.569477 0.435093 0.569549 0.436639 0.570031 0.437764 0.570260 0.439731 0.570656 0.441699 0.571049 0.444088 0.571294 0.446338 0.571453 0.448023 0.571453 0.450130 0.571130 0.453222 0.569635 0.459407 0.568995 0.460250 0.567336 0.467560 0.566711 0.469384 0.565042 0.476556 0.564211 0.478889 0.562898 0.469856 0.560604 0.472185 0.558474 0.470148 0.555031 0.446250 0.558966 0.441583 0.558646 0.430509 0.554063 0.433981
7 0.403672 0.276343 0.402344 0.275694 0.399896 0.276528 0.398620 0.275093 0.394505 0.270972 0.391302 0.267778 0.388984 0.265509 0.389453 0.260787 0.389896 0.257778 0.390651 0.255648 0.392604 0.254394 0.393753 0.252065 0.394573 0.250898 0.396375 0.249731 0.396539 0.249440 0.397682 0.249954 0.398333 0.250602 0.398984 0.250509 0.399661 0.250417 0.400521 0.250185 0.401146 0.250093 0.401406 0.250000 0.402112 0.253810 0.405391 0.274505
15 0.499034 0.284847 0.501458 0.281250 0.506029 0.286375 0.510797 0.290542 0.516151 0.295745 0.519078 0.298866 0.520750 0.300056 0.520250 0.301912 0.519362 0.303204 0.514753 0.296009 0.512945 0.298319 0.512466 0.298542 0.506091 0.292519 0.504760 0.290583 0.504195 0.290944 0.504195 0.292088 0.503349 0.292088 0.502745 0.292519 0.502422 0.291731 0.502219 0.291301 0.501737 0.290296 0.501896 0.289722 0.502299 0.289366 0.502945 0.289866 0.503430 0.290227 0.503552 0.289722 0.503471 0.289005 0.503026 0.288792 0.502180 0.288718 0.499073 0.285852
5 0.489536 0.304954 0.489927 0.305463 0.490214 0.306250 0.490396 0.306481 0.490708 0.306991 0.491255 0.307824 0.491437 0.308426 0.491698 0.308843 0.491984 0.309306 0.492297 0.309954 0.492583 0.310556 0.492974 0.311111 0.493391 0.311991 0.493391 0.313148 0.493885 0.313009 0.493990 0.313843 0.494276 0.314306 0.494667 0.315231 0.494823 0.315741 0.495005 0.316204 0.495240 0.316574 0.495396 0.316759 0.495917 0.316852 0.496437 0.316667 0.496672 0.316574 0.497010 0.316574 0.497219 0.316574 0.498052 0.316574 0.498547 0.316435 0.498625 0.316389 0.498625 0.316204 0.499719 0.316111 0.500995 0.316065 0.501464 0.316065 0.502271 0.316343 0.503104 0.316250 0.503182 0.315602 0.503307 0.315046 0.503047 0.314213 0.502500 0.313657 0.502031 0.313565 0.501904 0.313088 0.501563 0.312870 0.501172 0.312546 0.500964 0.311852 0.500599 0.311435 0.500208 0.310972 0.499794 0.310495 0.499534 0.310171 0.499219 0.309634 0.499010 0.309542 0.498880 0.309356 0.498490 0.308940 0.498229 0.308431 0.498568 0.307366 0.498253 0.307644 0.497862 0.307736 0.497422 0.307597 0.496927 0.307088 0.496250 0.306162 0.495885 0.305653 0.495339 0.304958 0.495052 0.303986 0.494453 0.303894 0.494216 0.302921 0.493672 0.302782 0.493646 0.302042 0.493385 0.301440 0.493385 0.301023 0.492891 0.300792 0.492839 0.300097 0.492419 0.300051 0.492263 0.299819 0.492159 0.299310 0.492083 0.299032 0.491693 0.298569
6 0.533701 0.378329 0.532674 0.376792 0.531865 0.375352 0.530513 0.373431 0.527760 0.368153 0.524195 0.362394 0.520740 0.356056 0.517552 0.351546 0.513773 0.345208 0.510122 0.339398 0.507964 0.335755 0.506992 0.335847 0.506180 0.336903 0.505586 0.337866 0.506120 0.340417 0.506667 0.339782 0.506612 0.340935 0.506992 0.342088 0.507531 0.342856 0.508070 0.342759 0.508341 0.341898 0.508503 0.342282 0.508503 0.343241 0.508664 0.344009 0.509042 0.344296 0.509529 0.344296 0.509799 0.344296 0.510016 0.344778 0.510016 0.345546 0.510826 0.347273 0.511474 0.349481 0.517630 0.359352 0.523776 0.369259 0.525000 0.369861 0.525547 0.371250 0.526146 0.373472 0.527188 0.374537 0.526701 0.374824 0.527318 0.375787 0.527891 0.375185 0.528490 0.375926 0.530534 0.379722 0.532750 0.382120 0.533344 0.382120 0.535833 0.383056
13 0.609245 0.487083 0.609583 0.486481 0.608620 0.477639 0.608359 0.475000 0.607214 0.465093 0.606953 0.461296 0.615729 0.448472 0.617904 0.445907 0.632932 0.445579 0.646685 0.445106 0.648333 0.446440 0.649383 0.448306 0.649234 0.450704 0.648185 0.452306 0.646385 0.454435 0.646836 0.457102 0.647586 0.460565 0.642112 0.462190 0.639490 0.457819 0.640802 0.455194 0.639326 0.454028 0.635883 0.455194 0.633753 0.459856 0.633096 0.462773 0.634081 0.463940 0.634898 0.463940 0.635719 0.463940 0.636703 0.464231 0.638013 0.465398 0.638341 0.467144 0.636211 0.468019 0.630146 0.490750 0.629654 0.490750 0.629654 0.490458 0.628505 0.488421 0.628997 0.485796 0.626867 0.485505 0.625555 0.485796 0.624409 0.486671 0.623917 0.487255 0.622932 0.491625 0.622440 0.493667 0.621951 0.492278 0.620521 0.492130 0.619552 0.491477 0.618255 0.488148 0.617266 0.486435 0.616198 0.484676 0.615651 0.483935 0.614557 0.484954 0.613411 0.485602 0.612630 0.485926 0.612057 0.486148 0.611719 0.487315 0.611276 0.487963 0.610599 0.489444 0.610156 0.488796
5 0.571130 0.436921 0.572078 0.438606 0.572633 0.439028 0.572956 0.439449 0.573271 0.440435 0.573271 0.441417 0.573516 0.442824 0.573828 0.445046 0.573932 0.446481 0.574193 0.448380 0.574245 0.449491 0.574766 0.452083 0.574896 0.454491 0.575000 0.456667 0.574792 0.458426 0.574818 0.459676 0.574922 0.460833 0.574427 0.461481 0.574607 0.461514 0.574349 0.461667 0.573271 0.461935 0.572008 0.462778 0.571682 0.463481 0.571049 0.464185 0.570497 0.465028 0.569943 0.465870 0.569706 0.466718 0.569232 0.467417 0.568995 0.467838 0.568766 0.468120 0.568443 0.467417 0.568995 0.465028 0.569310 0.463625 0.570583 0.459269 0.570901 0.457157 0.571682 0.454907 0.572008 0.453505 0.572315 0.451537 0.572474 0.450833 0.572560 0.449991 0.572633 0.448866 0.572633 0.447602 0.571919 0.444509 0.571604 0.442542 0.571526 0.441278 0.571208 0.439167
13 0.594081 0.567981 0.595062 0.568856 0.595883 0.567690 0.597523 0.569440 0.599818 0.573519 0.601948 0.578764 0.604573 0.582556 0.609490 0.590421 0.611948 0.593046 0.615555 0.597417 0.618833 0.603245 0.620966 0.607037 0.621784 0.609074 0.623753 0.611407 0.626211 0.606454 0.626867 0.606454 0.629326 0.608782 0.630146 0.612574 0.631784 0.621606 0.632440 0.623356 0.633917 0.628019 0.634898 0.629185 0.636375 0.630352 0.638669 0.632097 0.639654 0.632389 0.642932 0.633264 0.644898 0.632681 0.646703 0.628894 0.648013 0.627144 0.648341 0.625394 0.648341 0.623356 0.648669 0.621898 0.650802 0.618986 0.651784 0.616653 0.653260 0.614028 0.655227 0.611407 0.657031 0.609657 0.658359 0.608519 0.659271 0.605185 0.660911 0.606667 0.665599 0.608148 0.662292 0.602731 0.661784 0.601208 0.661784 0.600333 0.661784 0.596833 0.661292 0.593338 0.660802 0.592171 0.659982 0.588968 0.658013 0.587509 0.654734 0.585468 0.653096 0.583431 0.653424 0.581097 0.654870 0.581343 0.658669 0.583431 0.659326 0.583431 0.659654 0.580806 0.660310 0.577019 0.663424 0.576727 0.663260 0.574685 0.661948 0.575269 0.660966 0.572935 0.660474 0.572935 0.658669 0.571190 0.657195 0.568856 0.656211 0.567106 0.654409 0.563611 0.653589 0.561861 0.652932 0.560694 0.651784 0.559241 0.651292 0.558074 0.651130 0.557199 0.650638 0.555157 0.651456 0.551079 0.652604 0.549329 0.651948 0.545833 0.651130 0.544667 0.648505 0.540005 0.646867 0.537380 0.643917 0.533593 0.628177 0.508528 0.629161 0.505907 0.628177 0.503380 0.624409 0.511444 0.623753 0.514940 0.626211 0.516690 0.627688 0.518148 0.626867 0.518440 0.613260 0.535634 0.611294 0.535634 0.609818 0.533009 0.610802 0.529222 0.609818 0.527764 0.607523 0.530097 0.606484 0.531389 0.605391 0.533009 0.604898 0.534759 0.604245 0.536509 0.605555 0.537963 0.605883 0.538255 0.606539 0.540005 0.607359 0.541755 0.608341 0.542625 0.608997 0.544667 0.607688 0.547875 0.607195 0.550204 0.606211 0.553704 0.605063 0.556032 0.603589 0.558949 0.602440 0.562444 0.601784 0.564486 0.599326 0.561569 0.599654 0.558366 0.598833 0.558074 0.598016 0.558074 0.595719 0.560403 0.594409 0.561861 0.594409 0.563028
6 0.536687 0.352769 0.536297 0.352815 0.535516 0.352306 0.535073 0.352306 0.534656 0.352074 0.534083 0.351889 0.533432 0.351889 0.531479 0.352167 0.530828 0.352074 0.530594 0.352398 0.530672 0.353000 0.531036 0.353833 0.531531 0.354343 0.531714 0.355824 0.531896 0.356426 0.532130 0.356565 0.532859 0.356519 0.533328 0.356981 0.533667 0.357167 0.534005 0.356704 0.534370 0.356843 0.534500 0.357120 0.535385 0.357259 0.535516 0.356657 0.535984 0.356333 0.536211 0.356551 0.536922 0.352769
5 0.570443 0.474750 0.570039 0.474537 0.569635 0.474394 0.569393 0.473745 0.569393 0.473458 0.569070 0.473171 0.568547 0.473028 0.567859 0.472815 0.567617 0.472741 0.567294 0.473819 0.566932 0.475468 0.566529 0.477046 0.566328 0.477764 0.565964 0.479194 0.565721 0.479699 0.565440 0.480199 0.565198 0.481060 0.565036 0.481921 0.564755 0.483139 0.564594 0.484144 0.564310 0.485218 0.564229 0.486296 0.564229 0.486727 0.564471 0.486940 0.564875 0.486940 0.565279 0.485935 0.565479 0.485435 0.565521 0.485005 0.565802 0.483787 0.566125 0.482782 0.566490 0.481847 0.567013 0.480199 0.567456 0.478907 0.567779 0.478264 0.568263 0.477764 0.568747 0.477477 0.569836 0.476185 0.570120 0.475755 0.570562 0.474681
5 0.562461 0.486819 0.562891 0.487296 0.563271 0.487394 0.563755 0.487681 0.563594 0.488546 0.563216 0.489986 0.562513 0.492097 0.562081 0.491810 0.561703 0.491426 0.561164 0.490944 0.561055 0.490944 0.560461 0.491523 0.559977 0.491713 0.559651 0.491620 0.559435 0.491713 0.559383 0.492097 0.558357 0.492866 0.558086 0.493440 0.556844 0.493634 0.556573 0.493731 0.555924 0.494306 0.555169 0.494593 0.554469 0.495074 0.553333 0.495745 0.552740 0.496227 0.551930 0.496514 0.551552 0.496514 0.550849 0.497954 0.550365 0.498722 0.549555 0.500449 0.548961 0.501412 0.548365 0.502176 0.547935 0.502944 0.547326 0.503954 0.547339 0.504000 0.544375 0.505120 0.543063 0.505995 0.542081 0.506574 0.539784 0.510366 0.537292 0.515417 0.529609 0.522315 0.520932 0.509514 0.520898 0.505787 0.522081 0.499583 0.530313 0.508889 0.533391 0.511824 0.538474 0.506866 0.536669 0.499875 0.556997 0.476847 0.558638 0.478014 0.559948 0.483259 0.564211 0.478889
5 0.574052 0.463259 0.573633 0.463491 0.572930 0.463722 0.572385 0.464463 0.571497 0.465250 0.570898 0.466037 0.570406 0.467241 0.570302 0.467611 0.570146 0.468074 0.569818 0.469120 0.571198 0.468889 0.571367 0.468120 0.571865 0.467750 0.572044 0.467657 0.572305 0.467657 0.572620 0.467565 0.572906 0.467426 0.573503 0.467426 0.573737 0.467426 0.573893 0.467472 0.573971 0.467472 0.574414 0.466130 0.574443 0.465528 0.574443 0.464694 0.574414 0.463861
2 0.683674 0.605528 0.683370 0.604843 0.682891 0.604481 0.682448 0.603889 0.678255 0.598023 0.674958 0.594824 0.671060 0.591361 0.667911 0.589227 0.664464 0.587097 0.660266 0.584431 0.659326 0.583431 0.658669 0.583431 0.655208 0.581343 0.653424 0.581097 0.653096 0.583431 0.654734 0.585468 0.658013 0.587509 0.659982 0.588968 0.663964 0.590875 0.666901 0.592819 0.669089 0.594639 0.671070 0.595731 0.672846 0.596829 0.675443 0.598894 0.677151 0.600347 0.679680 0.603870 0.680635 0.605694 0.681456 0.606787 0.681591 0.607032 0.682422 0.607824
16 0.588802 0.575940 0.589831 0.577190 0.593773 0.570310 0.593427 0.569944 0.594081 0.567981 0.594409 0.563028 0.594409 0.561861 0.595719 0.560403 0.598016 0.558074 0.598833 0.558074 0.599654 0.558366 0.599326 0.561569 0.601784 0.564486 0.602440 0.562444 0.603589 0.558949 0.602047 0.554750 0.600245 0.548921 0.599096 0.543676 0.597326 0.536884 0.594375 0.533389 0.583883 0.571565
7 0.579323 0.592130 0.592372 0.611185 0.598750 0.620713 0.604943 0.628648 0.608310 0.640412 0.612914 0.654898 0.614586 0.657486 0.617648 0.660208 0.625151 0.663565 0.652758 0.676991 0.653820 0.677616 0.654826 0.677407 0.655299 0.676991 0.655359 0.676153 0.655299 0.675310 0.654768 0.673949 0.654531 0.672583 0.657602 0.666801 0.658430 0.665023 0.659534 0.664370 0.659885 0.664370 0.660505 0.664134 0.661341 0.662255 0.662313 0.660685 0.663458 0.659509 0.663813 0.659352 0.664828 0.659745 0.665490 0.659824 0.665753 0.658569 0.665974 0.657394 0.666503 0.656764 0.667078 0.655745 0.667034 0.654727 0.666813 0.653940 0.666328 0.652449 0.667208 0.650014 0.673562 0.638884 0.674977 0.635944 0.675260 0.635384 0.675375 0.634477 0.676115 0.633616 0.676768 0.632454 0.678565 0.627134 0.681357 0.619639 0.682979 0.614935 0.684201 0.613208 0.684544 0.611593 0.684544 0.610833 0.684315 0.610528 0.680615 0.610426 0.680016 0.610426 0.679674 0.610380 0.679279 0.610171 0.678651 0.610171 0.678109 0.610426 0.676768 0.610069 0.676526 0.609662 0.676159 0.609986 0.673893 0.609940 0.673870 0.609569 0.673557 0.609523 0.673349 0.609523 0.673112 0.609843 0.672984 0.609986 0.671237 0.609940 0.671135 0.609713 0.670768 0.609569 0.670456 0.609806 0.670276 0.610125 0.668633 0.609940 0.668086 0.609477 0.667487 0.609713 0.667359 0.609986 0.665961 0.609968 0.665727 0.609468 0.665414 0.609375 0.665026 0.609838 0.663279 0.609741 0.662784 0.609329 0.662419 0.609468 0.662292 0.609602 0.662003 0.609838 0.660076 0.609741 0.659424 0.609509 0.659089 0.609509 0.658828 0.609329 0.658341 0.608491 0.657031 0.609657 0.655227 0.611407 0.653260 0.614028 0.651784 0.616653 0.650802 0.618986 0.648669 0.621898 0.648341 0.623356 0.648341 0.625394 0.648013 0.627144 0.646703 0.628894 0.644898 0.632681 0.642932 0.633264 0.639654 0.632389 0.638669 0.632097 0.636375 0.630352 0.634898 0.629185 0.633917 0.628019 0.632440 0.623356 0.631784 0.621606 0.630146 0.612574 0.629326 0.608782 0.626867 0.606454 0.626211 0.606454 0.623753 0.611407 0.621784 0.609074 0.620966 0.607037 0.618833 0.603245 0.615555 0.597417 0.611948 0.593046 0.609490 0.590421 0.604573 0.582556 0.601948 0.578764 0.599818 0.573519 0.597523 0.569440 0.595883 0.567690 0.595062 0.568856 0.594081 0.567981 0.593427 0.569944 0.593773 0.570310 0.589831 0.577190 0.589620 0.578560 0.587326 0.584681 0.583883 0.580894
7 0.403753 0.248856 0.405391 0.249731 0.406375 0.250606 0.408669 0.250898 0.409161 0.250898 0.410638 0.249731 0.411948 0.250023 0.413589 0.252065 0.413589 0.254394 0.406539 0.270713
16 0.573057 0.583241 0.578180 0.590634 0.579323 0.592130 0.583883 0.580894 0.583148 0.578843 0.582549 0.578843 0.571289 0.580708
6 0.533021 0.383819 0.536589 0.390324 0.538443 0.387292 0.537453 0.386347 0.535625 0.385370
2 0.503615 0.327662 0.503615 0.326597 0.503484 0.326181 0.503276 0.326690 0.503094 0.326505 0.502810 0.326227 0.502495 0.326181 0.502260 0.326551 0.501974 0.326921 0.501771 0.327338 0.502448 0.327708 0.502656 0.328032 0.503125 0.328218 0.503229 0.328356 0.503437 0.328588
2 0.525000 0.369861 0.524271 0.371019 0.523776 0.371296 0.522995 0.371250 0.522422 0.372083 0.521953 0.372315 0.520990 0.371435 0.520052 0.370463 0.519609 0.370046 0.519661 0.369630 0.520156 0.368704 0.520260 0.367824 0.520052 0.367361 0.519609 0.367315 0.519141 0.366898 0.518802 0.366898 0.518672 0.366898 0.518229 0.367778 0.518151 0.368611 0.517500 0.368194 0.516953 0.368009 0.516641 0.369120 0.516562 0.370278 0.516615 0.371991 0.516667 0.373148 0.516875 0.373657 0.517005 0.373889 0.517370 0.374028 0.517656 0.373935 0.517865 0.374120 0.518281 0.373102 0.518333 0.371991 0.518776 0.371852 0.519792 0.372361 0.520677 0.373380 0.520885 0.373796 0.522005 0.374630 0.522891 0.374630 0.523385 0.374028 0.523385 0.373380 0.523151 0.373194 0.523177 0.372963 0.523542 0.372778 0.524818 0.372731 0.525026 0.372222 0.525365 0.371806 0.525547 0.371250
2 0.528549 0.367403 0.529018 0.367079 0.529279 0.366708 0.529487 0.366523 0.529747 0.366060 0.529896 0.365185 0.530547 0.365185 0.531026 0.365782 0.531081 0.366259 0.531513 0.367222 0.531076 0.367542 0.530763 0.368329 0.530555 0.368745 0.530164 0.368931 0.529643 0.369208 0.529047 0.369394 0.528628 0.369856 0.527760 0.368153
1 0.621951 0.492278 0.620521 0.492130 0.619552 0.491477 0.618255 0.488148 0.617266 0.486435 0.616198 0.484676 0.615651 0.483935 0.614557 0.484954 0.613411 0.485602 0.612630 0.485926 0.612057 0.486148 0.611719 0.487315 0.611276 0.487963 0.610547 0.489491 0.615607 0.497958 0.614565 0.499806 0.614393 0.503199 0.612138 0.505051 0.607802 0.505667 0.606935 0.510292 0.608841 0.512759 0.606935 0.516458 0.604177 0.516824 0.607130 0.518611 0.608440 0.519486 0.609271 0.519491 0.609661 0.520556 0.610026 0.524815 0.609740 0.527824 0.610802 0.529222 0.609818 0.533009 0.611294 0.535634 0.613260 0.535634 0.626867 0.518440 0.627688 0.518148 0.626211 0.516690 0.623753 0.514940 0.624409 0.511444 0.628177 0.503380 0.627969 0.502731 0.630000 0.502546 0.627839 0.497269 0.625719 0.494542 0.624734 0.493083 0.623917 0.493958 0.622440 0.493667
2 0.494773 0.389361 0.495138 0.389083 0.495581 0.388759 0.495424 0.388250 0.495346 0.387833 0.495294 0.387370 0.495398 0.386259 0.495659 0.385657 0.495763 0.385056 0.496128 0.384176 0.496362 0.383667 0.496721 0.383319 0.497083 0.381778 0.497661 0.381394 0.498096 0.381009 0.499034 0.379593 0.499396 0.377926 0.500052 0.377083 0.500911 0.376991 0.500990 0.378750 0.501565 0.378954 0.501711 0.379722 0.502505 0.379981 0.502578 0.380880 0.501060 0.381778 0.500482 0.382292 0.499685 0.383065 0.499253 0.383838 0.498818 0.384606 0.498745 0.384736 0.499615 0.386148 0.505974 0.390778 0.506406 0.386944 0.506693 0.384352 0.507161 0.385093 0.507682 0.384398 0.507604 0.386759 0.507083 0.388889 0.506797 0.392361 0.508203 0.390602 0.508646 0.387454 0.509661 0.385648 0.510052 0.387731 0.509766 0.388519 0.509401 0.389630 0.509219 0.390787 0.509036 0.391713 0.509435 0.393931 0.509602 0.395417 0.509935 0.396755 0.510437 0.398389 0.511172 0.400000 0.511589 0.401389 0.512734 0.403565 0.512969 0.403935 0.511919 0.404208 0.511396 0.404704 0.510839 0.405199 0.510560 0.405389 0.510107 0.405819 0.509792 0.406255 0.509513 0.406380 0.508677 0.406380 0.508281 0.406435 0.507604 0.406667 0.507318 0.406435 0.506432 0.403796 0.504557 0.399954 0.502440 0.398657 0.500802 0.397782 0.498180 0.396324 0.495063 0.394866 0.493776 0.394167 0.494167 0.393426 0.494349 0.392407 0.494349 0.391806 0.494591 0.391676
1 0.655823 0.696778 0.656365 0.696028 0.656635 0.695065 0.656875 0.693940 0.657419 0.691903 0.657539 0.690833 0.657781 0.689866 0.657690 0.688958 0.657750 0.688796 0.657961 0.688634 0.658052 0.687884 0.658052 0.687458 0.658112 0.686597 0.658263 0.685796 0.658414 0.685102 0.658443 0.684565 0.658443 0.683921 0.658534 0.683384 0.659076 0.682153 0.659255 0.681134 0.659406 0.679583 0.659406 0.679583 0.659497 0.678296 0.659648 0.677333 0.659740 0.676528 0.659740 0.675833 0.659799 0.674653 0.659828 0.674065 0.659859 0.673477 0.659951 0.673208 0.660039 0.673208 0.660070 0.672514 0.660161 0.671602 0.660401 0.671171 0.660432 0.670370 0.660461 0.670208 0.660461 0.669514 0.660461 0.667745 0.660461 0.667370 0.660039 0.666028 0.660010 0.666028 0.659799 0.666778 0.659617 0.668495 0.659529 0.671120 0.659286 0.673046 0.659107 0.674440 0.658924 0.673903 0.658773 0.673903 0.658654 0.673690 0.658352 0.672995 0.657992 0.672352 0.657630 0.672296 0.656966 0.672352 0.656755 0.672352 0.656695 0.672833 0.657057 0.673046 0.657659 0.673634 0.658021 0.674384 0.658292 0.674870 0.658503 0.675134 0.658503 0.675995 0.658594 0.676315 0.658443 0.678190 0.658263 0.679796 0.657810 0.680440 0.657690 0.681833 0.657539 0.682477 0.657388 0.683440 0.657177 0.684616 0.656966 0.685634 0.656755 0.687565 0.656727 0.687991 0.656393 0.690028 0.656393 0.690671 0.656273 0.691796 0.656031 0.692921 0.655732 0.693722 0.655310 0.694366 0.654917 0.695116 0.654557 0.696241 0.654586 0.696565 0.654646 0.696722 0.654646 0.696722
2 0.500940 0.306329 0.500654 0.306653 0.500654 0.307347 0.500497 0.308366 0.500367 0.309014 0.500367 0.309106 0.500081 0.309153 0.499977 0.309153 0.499661 0.309264 0.499531 0.309634 0.499534 0.310171 0.499794 0.310495 0.500208 0.310972 0.500599 0.311435 0.500964 0.311852 0.501172 0.312546 0.501563 0.312870 0.501904 0.313088 0.502031 0.313565 0.502500 0.313657 0.503047 0.314213 0.503307 0.315046 0.503701 0.315866 0.504352 0.316329 0.504430 0.317148 0.504687 0.317546 0.504820 0.318181 0.505029 0.318505 0.505471 0.318736 0.505992 0.318736 0.505966 0.319245 0.506185 0.319097 0.506255 0.318847 0.506742 0.317917 0.507440 0.317111 0.507060 0.316792 0.506878 0.316653 0.506799 0.315958 0.506461 0.315727 0.506383 0.315634 0.506253 0.315171 0.506044 0.314847 0.505810 0.314199 0.505419 0.313597 0.504898 0.312810 0.504560 0.312394 0.504273 0.312023 0.504065 0.311745 0.503987 0.311699 0.503648 0.311560 0.503570 0.311097 0.503414 0.311051 0.503128 0.311051 0.502815 0.311051 0.502555 0.311190 0.502555 0.310773 0.502503 0.309894 0.502372 0.309708 0.502138 0.309292 0.502034 0.308597 0.502086 0.308181 0.502164 0.308088 0.502086 0.307347 0.502060 0.307347 0.502060 0.307162
2 0.494323 0.294403 0.497901 0.300444 0.498990 0.299944 0.499516 0.299657 0.500323 0.299370 0.501208 0.298727 0.502096 0.297935 0.503065 0.296935 0.503872 0.295856 0.504677 0.295069 0.505365 0.294639 0.506130 0.294926 0.505849 0.296718 0.504880 0.298940 0.505242 0.300449 0.506492 0.302310 0.507341 0.303315 0.508065 0.306616 0.507299 0.308620 0.506654 0.309338 0.505888 0.309338 0.504557 0.309125 0.504154 0.309699 0.503987 0.311699 0.504273 0.312023 0.504560 0.312394 0.504898 0.312810 0.505419 0.313597 0.505810 0.314199 0.506044 0.314847 0.506253 0.315171 0.506383 0.315634 0.506461 0.315727 0.506799 0.315958 0.506878 0.316653 0.507060 0.316792 0.507440 0.317111 0.508219 0.316583 0.512719 0.315236 0.517560 0.314662 0.517560 0.315380 0.517156 0.316310 0.516469 0.316954 0.515461 0.317602 0.513404 0.317745 0.511185 0.321690 0.509612 0.324199 0.511690 0.325801 0.512526 0.326792 0.512771 0.327472 0.512846 0.328167 0.513211 0.327227 0.513542 0.326319 0.513904 0.325194 0.514237 0.324120 0.514596 0.323106 0.515049 0.321926 0.515292 0.321176 0.515591 0.320370 0.515833 0.320051 0.516073 0.320213 0.516195 0.320532 0.516315 0.320801 0.516435 0.321282 0.516406 0.321606 0.516315 0.321713 0.516526 0.322032 0.516857 0.322620 0.516917 0.323532 0.517310 0.323801 0.517609 0.324495 0.517760 0.325782 0.517852 0.326745 0.517760 0.327227 0.518273 0.327176 0.518393 0.327120 0.518695 0.327389 0.518755 0.327926 0.519026 0.327870 0.519448 0.327444 0.519448 0.326264 0.519500 0.325981 0.519758 0.325750 0.520073 0.326162 0.520409 0.326259 0.520773 0.326162 0.521193 0.326398 0.521245 0.326907 0.521349 0.327370 0.521896 0.327736 0.522154 0.328523 0.522182 0.328991 0.522365 0.329222 0.522625 0.329361 0.523016 0.329403 0.523016 0.329731 0.523380 0.329870 0.523927 0.329870 0.523898 0.330329 0.524292 0.330380 0.524474 0.329917 0.524526 0.329403 0.524630 0.329315 0.525070 0.329403 0.525333 0.329542 0.525810 0.329727 0.526096 0.329819 0.526669 0.329403 0.526721 0.329403 0.527060 0.329495 0.527477 0.329866 0.527659 0.329866 0.528206 0.329727 0.528362 0.329542 0.528596 0.328986 0.528987 0.328616 0.528987 0.328616 0.529570 0.328653 0.528560 0.327625 0.526969 0.325310 0.526896 0.325991 0.526870 0.326222 0.526635 0.327380 0.526271 0.327657 0.525932 0.327657 0.525750 0.327704 0.525333 0.327935 0.524500 0.327611 0.524083 0.327380 0.523589 0.326963 0.522755 0.326593 0.522339 0.326130 0.521792 0.325481 0.521740 0.325204 0.521609 0.324602 0.521401 0.324324 0.521245 0.324278 0.520958 0.323954 0.520802 0.323259 0.520776 0.322889 0.520568 0.322380 0.520281 0.322380 0.519865 0.322519 0.519708 0.322148 0.519630 0.321454 0.519500 0.320852 0.519474 0.320481 0.519214 0.320111 0.518979 0.319787 0.518745 0.319694 0.518510 0.319694 0.518250 0.319463 0.518172 0.319139 0.518068 0.318491 0.518094 0.318120 0.518198 0.317704 0.518328 0.317426 0.518380 0.317333 0.518615 0.317333 0.518849 0.317333 0.519135 0.317287 0.519500 0.317333 0.519396 0.316037 0.519057 0.314509 0.519057 0.314324 0.519161 0.313815 0.519161 0.313444 0.519318 0.313259 0.519552 0.313120 0.519813 0.313102 0.518727 0.312074 0.518078 0.311046 0.517643 0.310144 0.517065 0.309245 0.516487 0.309116 0.515547 0.308986 0.514969 0.307319 0.513883 0.305389 0.512727 0.304231 0.511138 0.303204 0.510919 0.301407 0.510776 0.299347 0.511570 0.298833 0.512466 0.298542 0.506091 0.292519 0.504760 0.290583 0.504195 0.290944 0.504195 0.292088 0.503349 0.292088 0.502745 0.292519 0.502422 0.291731 0.502219 0.291301 0.501737 0.290296 0.501896 0.289722 0.502299 0.289366 0.502945 0.289866 0.503430 0.290227 0.503552 0.289722 0.503471 0.289005 0.503026 0.288792 0.502180 0.288718 0.499073 0.285852 0.495224 0.292644 0.495987 0.293324 0.496409 0.293574 0.496654 0.293759 0.497451 0.294690 0.497802 0.295000 0.498044 0.295806 0.498466 0.296176 0.498990 0.297352 0.499232 0.297417 0.499792 0.296921 0.500484 0.296921 0.500698 0.297602 0.500070 0.298282 0.500000 0.298468 0.499716 0.298778 0.499477 0.298963 0.499302 0.298963 0.498742 0.298593 0.498326 0.298222 0.498083 0.298037 0.497591 0.297292 0.497591 0.296486 0.497068 0.296426 0.496896 0.295556 0.496513 0.295681 0.495987 0.295681 0.495987 0.294810 0.495432 0.294810 0.495010 0.294005 0.494734 0.293819 0.494596 0.293574
2 0.398247 0.245162 0.399271 0.245231 0.399948 0.245648 0.400859 0.245926 0.401130 0.248273 0.401406 0.250000 0.401146 0.250093 0.400521 0.250185 0.400102 0.248894 0.399539 0.247889 0.399174 0.247528 0.398651 0.246310
2 0.380862 0.239782 0.380862 0.239782 0.381305 0.238565 0.381911 0.238208 0.382354 0.238208 0.382958 0.238065 0.382958 0.237273 0.383161 0.236843 0.383727 0.236486 0.383766 0.236269 0.384049 0.235625 0.384693 0.234981 0.385219 0.234551 0.385823 0.234120 0.386065 0.233616 0.386792 0.232829 0.387276 0.232255 0.388445 0.231324 0.388807 0.230894 0.389857 0.229889 0.391188 0.228597 0.391391 0.228528 0.392370 0.228194 0.396536 0.234120 0.396271 0.234477 0.396552 0.235625 0.397159 0.236917 0.397724 0.238208 0.397724 0.239282 0.397924 0.240500 0.398367 0.241361 0.398651 0.243009 0.398570 0.244088 0.398247 0.245162 0.398651 0.246310 0.399174 0.247528 0.399539 0.247889 0.400102 0.248894 0.400521 0.250185 0.399661 0.250417 0.398984 0.250509 0.398333 0.250602 0.397682 0.249954 0.396997 0.248676 0.396552 0.247384 0.395786 0.246523 0.395828 0.245093 0.395706 0.243801 0.394818 0.241722 0.394133 0.240144 0.393891 0.238782 0.394495 0.238565 0.394898 0.239426 0.394818 0.238782 0.394576 0.237921 0.394294 0.235912 0.393810 0.234620 0.393648 0.234046 0.393206 0.235269 0.393125 0.236412 0.392922 0.237347 0.392641 0.237704 0.392115 0.238208 0.391714 0.238421 0.391229 0.238421 0.390099 0.238134 0.389495 0.238278 0.389292 0.238995 0.388849 0.239352 0.388445 0.239495 0.388083 0.239639 0.387638 0.240000 0.386388 0.240356 0.385622 0.241218 0.385542 0.241579 0.385177 0.242440 0.384719 0.242769 0.383297 0.241926 0.382505 0.240801 0.381872 0.240519 0.381477 0.240380
2 0.403083 0.245940 0.404620 0.246449 0.407641 0.247884 0.408500 0.248486 0.408943 0.248810 0.409255 0.249227 0.409333 0.249736 0.409161 0.250898 0.408669 0.250898 0.406375 0.250606 0.405391 0.249731 0.403753 0.248856 0.403698 0.248565
2 0.416641 0.247222 0.416448 0.246255 0.416214 0.245236 0.415802 0.243111 0.415742 0.241556 0.415742 0.240218 0.415862 0.239093 0.416164 0.237056 0.417219 0.234162 0.418513 0.232931 0.419659 0.232505 0.420622 0.232662 0.421195 0.233255 0.421677 0.233736 0.422135 0.234352
2 0.354023 0.245273 0.352872 0.246264 0.352349 0.246759 0.351320 0.247120 0.350432 0.244569 0.349339 0.239468 0.349771 0.238333 0.351792 0.236843 0.354232 0.234801 0.355487 0.234921 0.356044 0.235417 0.356568 0.236287 0.357021 0.237153 0.357229 0.238083 0.357195 0.239759 0.357091 0.241120 0.356883 0.242176 0.356289 0.243167
2 0.393164 0.275463 0.394487 0.275708 0.395708 0.275833 0.396544 0.275833 0.397276 0.275463 0.397766 0.274222 0.398620 0.275093 0.399896 0.276528 0.402344 0.275694 0.403672 0.276343 0.402471 0.279551 0.402018 0.279801 0.400904 0.280236 0.400484 0.280977 0.400102 0.282032 0.400206 0.285625 0.398776 0.288657 0.396302 0.286120 0.396474 0.285440 0.396823 0.284199 0.396893 0.283273 0.396755 0.282343 0.396091 0.281972 0.395010 0.281972 0.393792 0.281972 0.392604 0.282032 0.392128 0.281773 0.392224 0.279444 0.392224 0.275139
2 0.537005 0.352375 0.536589 0.351912 0.536250 0.351727 0.536169 0.351264 0.535964 0.350894 0.535779 0.349968 0.535362 0.349968 0.535128 0.349829 0.534971 0.349273 0.534661 0.348903 0.534401 0.348069 0.534060 0.347977 0.533646 0.347977 0.533409 0.347931 0.533279 0.347236 0.533255 0.346727 0.532654 0.345662 0.532578 0.345384 0.531716 0.344505 0.531326 0.344366 0.530651 0.343810 0.530130 0.343579 0.528591 0.342931 0.528070 0.342329 0.527995 0.341958 0.528047 0.341681 0.528672 0.341819 0.529089 0.342282 0.529633 0.342745 0.530130 0.342838 0.530365 0.342838 0.530805 0.343023 0.530961 0.343162 0.531797 0.343625 0.532083 0.343625 0.533279 0.343255 0.533669 0.343023 0.534271 0.342699 0.534167 0.342421 0.534010 0.342144 0.533956 0.342005 0.533620 0.341634 0.533516 0.341634 0.533359 0.341356 0.532784 0.340708 0.532318 0.340616 0.532057 0.340616 0.531771 0.341079 0.531195 0.341681 0.530729 0.341449 0.530339 0.340708 0.530208 0.340338 0.529529 0.339875 0.529349 0.339829 0.528771 0.339454 0.528716 0.339593 0.528224 0.339773 0.527779 0.339731 0.527573 0.339870 0.527469 0.340333 0.527234 0.340560 0.527078 0.340796 0.526922 0.341028 0.526193 0.340889 0.524891 0.340519 0.524370 0.339731 0.523927 0.339731 0.523276 0.339639 0.522961 0.339639 0.522937 0.339361 0.522521 0.339176 0.522076 0.338944 0.521531 0.338616 0.521479 0.338296 0.520932 0.338296 0.520594 0.338296 0.520594 0.337880 0.520044 0.337787 0.519786 0.337690 0.519266 0.337690 0.518979 0.337690 0.518852 0.337699 0.523333 0.344782 0.526979 0.350477 0.528070 0.351866 0.528255 0.351264 0.528227 0.350338 0.527786 0.349875 0.527810 0.349366 0.527445 0.348718 0.527185 0.348718 0.526745 0.348162 0.526875 0.347838 0.527604 0.347977 0.528201 0.348394 0.528698 0.348023 0.528776 0.347097 0.528227 0.346542 0.527966 0.346310 0.527474 0.345986 0.527266 0.345894 0.527029 0.345847 0.526404 0.345292 0.526224 0.345292 0.525883 0.345106 0.525573 0.345106 0.525206 0.345060 0.525206 0.345014 0.525156 0.344551 0.524896 0.344319 0.524661 0.344181 0.524349 0.344088 0.524164 0.344088 0.523880 0.344088 0.523438 0.343995 0.523464 0.343532 0.522992 0.343255 0.522422 0.343116 0.522341 0.342653 0.522888 0.342884 0.523383 0.343208 0.524060 0.343856 0.524635 0.344042 0.525336 0.344597 0.525547 0.344597 0.525937 0.344597 0.526328 0.344968 0.526719 0.345292 0.527185 0.345477 0.527630 0.345477 0.527734 0.344968 0.527604 0.344366 0.527240 0.344042 0.526924 0.343856 0.526823 0.343810 0.526615 0.343486 0.526247 0.343208 0.525703 0.343208 0.525417 0.342838 0.525000 0.342792 0.524740 0.342838 0.524581 0.342421 0.524245 0.342097 0.523904 0.341681 0.523698 0.341912 0.523409 0.341958 0.523333 0.341588 0.523099 0.341495 0.522628 0.341542 0.522031 0.341403 0.521820 0.341032 0.521430 0.340755 0.521065 0.340569 0.520755 0.340292 0.520312 0.339968 0.519893 0.339273 0.519818 0.338903 0.520078 0.338764 0.520443 0.339181 0.520443 0.339412 0.520833 0.339644 0.521016 0.339644 0.521641 0.339736 0.521820 0.340477 0.522031 0.340755 0.522758 0.340708 0.523229 0.340662 0.523359 0.340986 0.523904 0.341449 0.524555 0.341681 0.525336 0.341866 0.525547 0.342329 0.526198 0.342653 0.526404 0.342421 0.527604 0.343162 0.527917 0.343671 0.527966 0.344366 0.527966 0.344644 0.528047 0.345292 0.528487 0.345662 0.528958 0.346171 0.529138 0.346634 0.529372 0.347144 0.529609 0.347838 0.530078 0.348903 0.530990 0.350060 0.531586 0.350477 0.531667 0.350986 0.531901 0.351588 0.531742 0.351588 0.531250 0.351079 0.530729 0.349921 0.530391 0.349921 0.530130 0.349921 0.529974 0.350662 0.529789 0.350940 0.529633 0.351495 0.529529 0.351912 0.529427 0.352468 0.529398 0.352792 0.529557 0.353069 0.530049 0.353532 0.530310 0.353532 0.530414 0.353394 0.530672 0.353000 0.530594 0.352398 0.530828 0.352074 0.531479 0.352167 0.533432 0.351889 0.534083 0.351889 0.534656 0.352074 0.535073 0.352306 0.535516 0.352306 0.536297 0.352815 0.536687 0.352769 0.536922 0.352769
2 0.497901 0.300444 0.498990 0.299944 0.499516 0.299657 0.500323 0.299370 0.501208 0.298727 0.502096 0.297935 0.503065 0.296935 0.503872 0.295856 0.504677 0.295069 0.505365 0.294639 0.506130 0.294926 0.505849 0.296718 0.504880 0.298940 0.505242 0.300449 0.506492 0.302310 0.507341 0.303315 0.508065 0.306616 0.507299 0.308620 0.506654 0.309338 0.505888 0.309338 0.504557 0.309125 0.504154 0.309699 0.503987 0.311699 0.503648 0.311560 0.503570 0.311097 0.503414 0.311051 0.503128 0.311051 0.502815 0.311051 0.502555 0.311190 0.502555 0.310773 0.502503 0.309894 0.502372 0.309708 0.502138 0.309292 0.502034 0.308597 0.502086 0.308181 0.502164 0.308088 0.502086 0.307347 0.502060 0.307347 0.502060 0.307162 0.500940 0.306329 0.500654 0.306653 0.500654 0.307347 0.500497 0.308366 0.500367 0.309014 0.500367 0.309106 0.500081 0.309153 0.499977 0.309153 0.499661 0.309264 0.499870 0.308708 0.499971 0.308199 0.500232 0.306856 0.500336 0.306069 0.500336 0.305699 0.500362 0.305144 0.500391 0.304866 0.500391 0.304588
2 0.519396 0.316037 0.519396 0.316037 0.519057 0.314509 0.519057 0.314324 0.519161 0.313815 0.519161 0.313444 0.519318 0.313259 0.519552 0.313120 0.519813 0.313102 0.520245 0.314000 0.520753 0.314644 0.520753 0.315801 0.521474 0.315926 0.522341 0.317083 0.523138 0.318241 0.523716 0.319269 0.523859 0.320171 0.523427 0.320810 0.523570 0.321968 0.522911 0.321315 0.522208 0.320806 0.522104 0.320481 0.521896 0.320250 0.521687 0.320343 0.521297 0.320296 0.521271 0.319926 0.521089 0.319463 0.520984 0.319417 0.520750 0.319046 0.520333 0.318583 0.520047 0.318167 0.519839 0.318028 0.519500 0.317333
10 0.489146 0.342671 0.489286 0.341245 0.489599 0.341116 0.489773 0.340991 0.490052 0.340750 0.490052 0.340060 0.490122 0.339565 0.490680 0.339505 0.490961 0.339380 0.491029 0.338824 0.491935 0.338759 0.492076 0.338079 0.491693 0.337713 0.491518 0.337032 0.491831 0.336782 0.492320 0.336718 0.492982 0.336653 0.492982 0.336468 0.493156 0.336287 0.494063 0.335972 0.494133 0.335667 0.494969 0.335481 0.495214 0.335042 0.495563 0.334736 0.496154 0.334736 0.496432 0.334056 0.496992 0.334120 0.497271 0.334486 0.497687 0.333870 0.498003 0.333741 0.498456 0.334120 0.498734 0.333681 0.498281 0.333060 0.498003 0.332569 0.498003 0.332130 0.498385 0.331699 0.498698 0.331699 0.499221 0.331449 0.499466 0.330144 0.500164 0.330083 0.499849 0.332190 0.500094 0.332375 0.500477 0.332255 0.501349 0.332130 0.502255 0.332444 0.501453 0.332935 0.501000 0.333375 0.500859 0.333741 0.501315 0.333995 0.502534 0.334236 0.503057 0.334546 0.503755 0.335421 0.504104 0.336287 0.504591 0.337148 0.505052 0.336759 0.505156 0.338796 0.505148 0.340250 0.505951 0.342176 0.506508 0.342977 0.506823 0.344282 0.507206 0.346014 0.507380 0.347259 0.507763 0.348861 0.508042 0.350792 0.508286 0.351778 0.509018 0.354009 0.509508 0.355255 0.509750 0.356801 0.510133 0.359407 0.510552 0.360019 0.510656 0.360579 0.510831 0.362065 0.510552 0.362810 0.509924 0.363426 0.509924 0.364171 0.510482 0.365542 0.510727 0.367208 0.511109 0.367829 0.511495 0.367403 0.512122 0.366968 0.512526 0.367926 0.512057 0.368472 0.511380 0.368704 0.511443 0.369472 0.512383 0.371269 0.512891 0.373519 0.513906 0.374630 0.514115 0.376153 0.514115 0.376796 0.514404 0.377954 0.514404 0.378468 0.514336 0.378852 0.513466 0.378593 0.513104 0.377440 0.512599 0.376028 0.511948 0.374606 0.511299 0.373069 0.510862 0.371269 0.510794 0.372940 0.510503 0.374606 0.511878 0.376282 0.512815 0.378852 0.513177 0.380269 0.513958 0.381111 0.513776 0.382222 0.512995 0.383287 0.512344 0.380602 0.510208 0.377083 0.509766 0.377454 0.509083 0.379338 0.508648 0.378440 0.507565 0.377412 0.507492 0.377412 0.505326 0.375866 0.503661 0.372912 0.501854 0.370472 0.500625 0.369569 0.500047 0.370597 0.499685 0.369440 0.498456 0.368028 0.498023 0.367000 0.497299 0.365074 0.497010 0.364046 0.496289 0.363273 0.495130 0.361218 0.495130 0.360190 0.495060 0.351194 0.493854 0.350509 0.493542 0.349722 0.493099 0.348056 0.491885 0.348287 0.491094 0.349769 0.490312 0.351296 0.489349 0.352361 0.489245 0.351343 0.489323 0.348333 0.488706 0.346361 0.488560 0.345333 0.488344 0.343662 0.488417 0.342375
2 0.494323 0.294403 0.493411 0.294352 0.493385 0.295139 0.493125 0.295972 0.492630 0.296579 0.492370 0.297412 0.492109 0.297551 0.491693 0.298523 0.491693 0.298569 0.492083 0.299032 0.492159 0.299310 0.492263 0.299819 0.492419 0.300051 0.492839 0.300097 0.492891 0.300792 0.493385 0.301023 0.493385 0.301440 0.493646 0.302042 0.493672 0.302782 0.494216 0.302921 0.494453 0.303894 0.495052 0.303986 0.495339 0.304958 0.495885 0.305653 0.496250 0.306162 0.496927 0.307088 0.497422 0.307597 0.497862 0.307736 0.498253 0.307644 0.498568 0.307366 0.498229 0.308431 0.498490 0.308940 0.498880 0.309356 0.499010 0.309542 0.499219 0.309634 0.499531 0.309634 0.499661 0.309264 0.499870 0.308708 0.499971 0.308199 0.500232 0.306856 0.500336 0.306069 0.500336 0.305699 0.500362 0.305144 0.500391 0.304866 0.500391 0.304588
2 0.358021 0.236343 0.358594 0.237454 0.358984 0.238426 0.359505 0.239306 0.359896 0.239722 0.360625 0.239861 0.361172 0.239861 0.361589 0.239861 0.361570 0.240315 0.361505 0.242407 0.361896 0.244847 0.362747 0.248796 0.364120 0.251472 0.365466 0.254236 0.367453 0.257606 0.367977 0.258444 0.368695 0.258213 0.369937 0.257282 0.372357 0.256935 0.372396 0.255278 0.373339 0.248449 0.374505 0.241296 0.372148 0.240097 0.370568 0.238833 0.369539 0.238130 0.368039 0.237005 0.366693 0.235880 0.365826 0.234616 0.364242 0.233773 0.361698 0.231773 0.360419 0.232782 0.360138 0.233546 0.359859 0.234301 0.359427 0.235806
2 0.419646 0.184347 0.420534 0.183014 0.421560 0.178759 0.422036 0.177181 0.421490 0.177060 0.420807 0.175968 0.419646 0.173782 0.419099 0.173782 0.418552 0.174995 0.418143 0.175241 0.416367 0.174875 0.415341 0.174509 0.414521 0.173657 0.414315 0.172204 0.413701 0.171593 0.413633 0.169407 0.413565 0.168556 0.413086 0.166736 0.412607 0.165644 0.411857 0.164065 0.411036 0.163333 0.410284 0.163093 0.408919 0.162847 0.408031 0.162847 0.407073 0.163093 0.406117 0.163458 0.405911 0.163819 0.405365 0.164306 0.404341 0.163819 0.403862 0.163333 0.402154 0.162000 0.401060 0.162120 0.400719 0.162727 0.399557 0.162972 0.398122 0.162972 0.396826 0.162847 0.396073 0.162847 0.395117 0.162847 0.394773 0.163458 0.394365 0.163819 0.393065 0.163458 0.390674 0.163333 0.389922 0.163579 0.389581 0.164065 0.388557 0.164551 0.386849 0.164671 0.385823 0.164426 0.383159 0.164426 0.382133 0.164671 0.380698 0.165398 0.378990 0.166736 0.378034 0.167222 0.376872 0.167222 0.375984 0.169167 0.375846 0.170380 0.375505 0.171352 0.374070 0.171958 0.372568 0.172079 0.371815 0.173782 0.371680 0.174875 0.370859 0.176333 0.369289 0.176694 0.367443 0.178278 0.365872 0.179125 0.364505 0.179491 0.363138 0.181676 0.361771 0.184593 0.360474 0.186657 0.359245 0.187509 0.359039 0.188481 0.357878 0.190421 0.356990 0.192486 0.355417 0.194917 0.353846 0.196495 0.352344 0.198074 0.351591 0.199898 0.350292 0.201236 0.348995 0.201477 0.347013 0.201843 0.345578 0.201477 0.344417 0.202083 0.344076 0.203301 0.343461 0.205241 0.342367 0.206458 0.340794 0.208278 0.340453 0.209856 0.341068 0.212046 0.342229 0.213259 0.342318 0.215509 0.342943 0.217870 0.343932 0.221273 0.348297 0.230093 0.349268 0.231116 0.350703 0.232574 0.351182 0.232940 0.353094 0.233787 0.354505 0.232963 0.358021 0.236343 0.359427 0.235806 0.359859 0.234301 0.360138 0.233546 0.360419 0.232782 0.361698 0.231773 0.362831 0.231019 0.363398 0.230778 0.364427 0.229815 0.365667 0.230264 0.366656 0.229514 0.367367 0.229514 0.369206 0.231273 0.371068 0.231991 0.372466 0.232782 0.373880 0.231528 0.375445 0.230778 0.377138 0.230264 0.378135 0.230264 0.379695 0.230778 0.380807 0.230046 0.381615 0.220463 0.383052 0.219824 0.383536 0.219218 0.383458 0.218708 0.383745 0.217875 0.383953 0.218106 0.384318 0.218153 0.384734 0.218014 0.385490 0.218014 0.386036 0.218014 0.386531 0.218014 0.387078 0.218014 0.387417 0.218014 0.387487 0.218069 0.387677 0.218986 0.387909 0.218972 0.387951 0.218898 0.418021 0.203241 0.418021 0.203241 0.430232 0.215361 0.433021 0.208514 0.434094 0.206810 0.436242 0.208616 0.437372 0.206606 0.437711 0.204495 0.437542 0.202486 0.427818 0.189347 0.426297 0.186644 0.424073 0.185565 0.421135 0.185204
2 0.342318 0.215509 0.341016 0.217204 0.340510 0.218644 0.339193 0.217565 0.337573 0.216481 0.335648 0.216843 0.334536 0.218282 0.334232 0.219005 0.348005 0.233764 0.347701 0.231426 0.346789 0.229264 0.345471 0.226926 0.344763 0.224764 0.343932 0.221273 0.342943 0.217870
2 0.389932 0.280046 0.382969 0.277222 0.380130 0.273519 0.380104 0.264398 0.378927 0.256875 0.378438 0.253241 0.378307 0.247593 0.378359 0.241296 0.378711 0.244171 0.379581 0.245296 0.380924 0.245579 0.381953 0.246704 0.383375 0.248389 0.384560 0.248528 0.386773 0.250356 0.385422 0.250671 0.378768 0.248648 0.379120 0.252069 0.387258 0.254403 0.390651 0.255648 0.390651 0.255648 0.379154 0.252958 0.379661 0.255667 0.389896 0.257778 0.389211 0.262199 0.388984 0.265509 0.389802 0.266296 0.389828 0.268009
10 0.538102 0.343708 0.538023 0.343986 0.537242 0.345236 0.537138 0.345421 0.536331 0.347042 0.535914 0.347319 0.535628 0.347551 0.535159 0.347551 0.534482 0.346856 0.534430 0.345792 0.534221 0.345421 0.534039 0.345375 0.533701 0.345884 0.533232 0.346255 0.533102 0.345792 0.532971 0.345282 0.533180 0.344634 0.533857 0.343940 0.533753 0.343292 0.533669 0.343023 0.534271 0.342699 0.534167 0.342421 0.534010 0.342144 0.533956 0.342005 0.533620 0.341634 0.533516 0.341634 0.533359 0.341356 0.532784 0.340708 0.532318 0.340616 0.532057 0.340616 0.531771 0.341079 0.531195 0.341681 0.530729 0.341449 0.530339 0.340708 0.530208 0.340338 0.529529 0.339875 0.529349 0.339829 0.528771 0.339454 0.528716 0.339593 0.528794 0.338755 0.528794 0.337787 0.528849 0.336769 0.529005 0.336162 0.528589 0.336162 0.528042 0.336213 0.527573 0.336301 0.526971 0.336301 0.526271 0.335981 0.525956 0.335981 0.525721 0.335745 0.525721 0.335375 0.525721 0.335102 0.526164 0.334315 0.526062 0.333940 0.525984 0.333806 0.525956 0.333667 0.525854 0.333481 0.525776 0.333250 0.525542 0.333019 0.525281 0.332134 0.524995 0.331537 0.524760 0.331116 0.525021 0.330796 0.525359 0.329917 0.525333 0.329542 0.525810 0.329727 0.526096 0.329819 0.526669 0.329403 0.526721 0.329403 0.527060 0.329495 0.527477 0.329866 0.527659 0.329866 0.528206 0.329727 0.528362 0.329542 0.528596 0.328986 0.528987 0.328616 0.528987 0.328616 0.529570 0.328653 0.530510 0.329037 0.531018 0.329037 0.531667 0.329292 0.532174 0.330579 0.532607 0.330579 0.533115 0.330838 0.533404 0.332120 0.533474 0.334176 0.538544 0.343292
10 0.520932 0.509514 0.505737 0.488088 0.489677 0.464292 0.489677 0.461917 0.490596 0.455370 0.491352 0.453736 0.490849 0.450315 0.490766 0.449125 0.491266 0.448088 0.492271 0.447787 0.493943 0.445856 0.495365 0.444815 0.497039 0.445560 0.495234 0.440926 0.494573 0.438292 0.493917 0.433630 0.493424 0.431880 0.492932 0.427801 0.492932 0.426343 0.494573 0.428384 0.495547 0.432870 0.497214 0.440602 0.497654 0.442750 0.498802 0.444792 0.499458 0.445667 0.500932 0.446833 0.502573 0.448870 0.503719 0.451204 0.505359 0.453241 0.505687 0.454699 0.506016 0.456157 0.506669 0.456741 0.508802 0.457032 0.510604 0.456741 0.511901 0.456667 0.516016 0.460236 0.516016 0.460236 0.521917 0.464903 0.523555 0.466356 0.525852 0.469565 0.526016 0.471602 0.525031 0.477139 0.524703 0.482389 0.523883 0.486759 0.522081 0.499583 0.520898 0.505787
2 0.470948 0.382042 0.472227 0.383296 0.473438 0.384370 0.473438 0.384370 0.477672 0.387023 0.477672 0.387023 0.479568 0.387958 0.481964 0.388199 0.484141 0.389259 0.485719 0.390495 0.488997 0.392245 0.491620 0.393120 0.493776 0.394167 0.494167 0.393426 0.494349 0.392407 0.494349 0.391806 0.494323 0.390880 0.494271 0.390463 0.494219 0.389954 0.494219 0.389306 0.494193 0.388611 0.494167 0.387917 0.494063 0.387222 0.493932 0.387083 0.493490 0.386296 0.493437 0.386296 0.493281 0.386296 0.493099 0.386296 0.492448 0.385880 0.491953 0.385741 0.491849 0.385833 0.491589 0.385324 0.491380 0.385370 0.490755 0.385046 0.490286 0.384954 0.489974 0.384444 0.489740 0.384213 0.489193 0.384167 0.488724 0.384167 0.488464 0.384167 0.488333 0.383565 0.488073 0.383565 0.487969 0.382731 0.487813 0.382685 0.487734 0.383056 0.487760 0.383519 0.487708 0.383796 0.487578 0.383843 0.487161 0.383611 0.486875 0.383241 0.486771 0.382870 0.486693 0.382407 0.486510 0.382222 0.486380 0.382731 0.486354 0.383009 0.486068 0.382685 0.485885 0.382269 0.485651 0.381759 0.485260 0.381806 0.485156 0.382176 0.484974 0.382315 0.484766 0.382315 0.484635 0.381898 0.484401 0.381667 0.484115 0.381713 0.483932 0.381713 0.483880 0.381157 0.483854 0.380880 0.483385 0.380926 0.483203 0.380926 0.482917 0.380926 0.482630 0.380694 0.482370 0.380509 0.482161 0.380278 0.481875 0.380185 0.481667 0.380324 0.481432 0.380370 0.481172 0.380093 0.480937 0.379815 0.480677 0.379352 0.480573 0.379213 0.480391 0.379537 0.480130 0.379444 0.479922 0.379444 0.479557 0.379213 0.479427 0.379120 0.479193 0.378889 0.478932 0.378889 0.478828 0.378935 0.478646 0.378704 0.478646 0.378426 0.478568 0.378333 0.478385 0.378194 0.478099 0.378194 0.477917 0.378194 0.477708 0.378194 0.477422 0.378194 0.477214 0.377963 0.477292 0.377731 0.477240 0.377546 0.477005 0.377500 0.476641 0.377500 0.476380 0.377454 0.476432 0.377222 0.476224 0.377130 0.475964 0.377130 0.475703 0.377130 0.475495 0.377037 0.475573 0.376806 0.475599 0.376343 0.475651 0.376204 0.475339 0.376065 0.475078 0.376296 0.474870 0.376481 0.474740 0.376528 0.474714 0.376296 0.474505 0.376204 0.474219 0.376204 0.474219 0.376111 0.474062 0.375509 0.473984 0.375139 0.474010 0.374167 0.473776 0.374630 0.473698 0.375093 0.473698 0.375787 0.473698 0.375787 0.473333 0.375833 0.473203 0.375833 0.473151 0.375833 0.473047 0.376111 0.473047 0.376713 0.473047 0.376991 0.473073 0.377130 0.473073 0.377269 0.473047 0.377315 0.472891 0.377361 0.472708 0.377407 0.472500 0.377407 0.472604 0.377731 0.472474 0.378287 0.472396 0.378333 0.472292 0.378472 0.472188 0.378519 0.471953 0.378657 0.471953 0.379167 0.471875 0.379491 0.471641 0.379537 0.471458 0.379583 0.471354 0.379630 0.471328 0.380139 0.471328 0.380648 0.471146 0.381389
2 0.459557 0.420648 0.474867 0.442671 0.489677 0.464292 0.489677 0.461917 0.490596 0.455370 0.491352 0.453736 0.490849 0.450315 0.490766 0.449125 0.491266 0.448088 0.492271 0.447787 0.485063 0.435380 0.480747 0.427343 0.475187 0.417014 0.474500 0.416014 0.473938 0.415014 0.473000 0.413569 0.472062 0.412130 0.471187 0.410907 0.470438 0.409685 0.469687 0.408574 0.469062 0.407241 0.468562 0.406019 0.468000 0.405907 0.467688 0.406019 0.467128 0.406574 0.467065 0.406907 0.465940 0.407685 0.465940 0.407685 0.462760 0.413519
10 0.648302 0.674782 0.648172 0.675569 0.648068 0.676542 0.648016 0.677745 0.647964 0.679181 0.647755 0.680523 0.647443 0.681218 0.646974 0.681819 0.646844 0.682514 0.646792 0.684273 0.647182 0.685662 0.648276 0.686032 0.649526 0.686449 0.650047 0.686588 0.651167 0.686819 0.651609 0.686542 0.652469 0.686495 0.653120 0.686542 0.653771 0.686264 0.654396 0.685153 0.654969 0.683764 0.655464 0.682190 0.655698 0.680662 0.656271 0.679968 0.656427 0.678903 0.656349 0.678023 0.656219 0.677329 0.656349 0.670616 0.656219 0.669829 0.656167 0.669412 0.654531 0.672583 0.654768 0.673949 0.655299 0.675310 0.655359 0.676153 0.655299 0.676991 0.654826 0.677407 0.653820 0.677616 0.652758 0.676991
2 0.526953 0.386389 0.527315 0.384977 0.527490 0.383986 0.527698 0.383116 0.527906 0.382745 0.528221 0.382685 0.528813 0.382685 0.529302 0.382810 0.529406 0.383616 0.529336 0.384542 0.529581 0.385722 0.529651 0.386958 0.529826 0.388324 0.529844 0.390509
2 0.528576 0.413565 0.529453 0.414120 0.529245 0.415324 0.529141 0.416435 0.529010 0.417222 0.528906 0.417870 0.528776 0.418657 0.528646 0.419583 0.528229 0.420000 0.524047 0.414190 0.522409 0.414190 0.520604 0.414190 0.518474 0.415940 0.516669 0.412148 0.515852 0.411569 0.514047 0.410403 0.510932 0.409236 0.510112 0.408653 0.510547 0.408009 0.511276 0.407731 0.511719 0.407407 0.512266 0.407083 0.512786 0.406667 0.513307 0.406065 0.513490 0.404722 0.513784 0.405231 0.515456 0.406718 0.518333 0.408704 0.518880 0.408704 0.520859 0.409074 0.522482 0.409097 0.524156 0.408949 0.524870 0.408843 0.524896 0.409537 0.526120 0.410000 0.526406 0.410417 0.526693 0.410787 0.527117 0.411296 0.526987 0.412176 0.527091 0.413245 0.527221 0.413292 0.527977 0.413755
2 0.525987 0.393991 0.525466 0.394176 0.525388 0.393944 0.525102 0.393389 0.525258 0.393065 0.524763 0.392694 0.524841 0.392000 0.524659 0.391769 0.524268 0.391769 0.523852 0.391815 0.524008 0.391537 0.523617 0.391259 0.523253 0.391259 0.522862 0.390657 0.522784 0.390194 0.523018 0.389824 0.523044 0.389500 0.523305 0.389361 0.523643 0.389361 0.523773 0.389407 0.523904 0.389315 0.523799 0.388898 0.523383 0.388620 0.522914 0.388435 0.522732 0.388435 0.522367 0.389037 0.521846 0.388852 0.521977 0.388343 0.522185 0.387833 0.522185 0.387278 0.522133 0.386861 0.522029 0.386213 0.521951 0.385750 0.521690 0.385519 0.521326 0.385472 0.520883 0.385102 0.520310 0.384593 0.519945 0.384269 0.519763 0.383944 0.519581 0.383667 0.519320 0.383296 0.519008 0.383713 0.518747 0.383759 0.518383 0.383296 0.518174 0.382926 0.518201 0.382694 0.518409 0.382509 0.518539 0.382417 0.518643 0.382324 0.518799 0.382231 0.519034 0.382093 0.519138 0.381954 0.519190 0.381769 0.519242 0.381630 0.519294 0.381537 0.519711 0.381722 0.519945 0.381815 0.520128 0.382370 0.520284 0.382694 0.520440 0.382741 0.520883 0.383435 0.521013 0.383157 0.521013 0.383065 0.520831 0.382556 0.520674 0.382046 0.520544 0.381630 0.520557 0.380995 0.521013 0.381120 0.521326 0.381352 0.521716 0.381491 0.521872 0.382046 0.522107 0.382602 0.522237 0.382880 0.522576 0.383204 0.522758 0.383296 0.522862 0.383852 0.522862 0.384407 0.522862 0.384685 0.523591 0.384963 0.524060 0.384917 0.524242 0.385009 0.524464 0.385560 0.524464 0.386181 0.524638 0.387236 0.524320 0.387231 0.523956 0.386676 0.523721 0.386491 0.523539 0.386491 0.523669 0.387093 0.523982 0.387787 0.524372 0.388343 0.524659 0.388759 0.524971 0.389176 0.525128 0.389870 0.525180 0.389963 0.525362 0.390611 0.525388 0.391352 0.525596 0.391907 0.525805 0.392093 0.526065 0.392833 0.526117 0.393343
2 0.685117 0.670731 0.682609 0.670389 0.680674 0.669014 0.679417 0.668495 0.677867 0.667463 0.676609 0.662130 0.676513 0.660236 0.675255 0.658343 0.673706 0.655421 0.672740 0.653356 0.671956 0.650431 0.671674 0.647333 0.671383 0.644407 0.671674 0.641829 0.674977 0.635944 0.675260 0.635384 0.675375 0.634477 0.676115 0.633616 0.676768 0.632454 0.678565 0.627134 0.681357 0.619639 0.682979 0.614935 0.684201 0.613208 0.684544 0.611593 0.684544 0.610833 0.684315 0.610528 0.680615 0.610426 0.682029 0.608796 0.682987 0.606731 0.683674 0.605528 0.684836 0.604667 0.685417 0.604495 0.686383 0.604319 0.687643 0.603977 0.688901 0.603977 0.690352 0.603977 0.692867 0.604838 0.695674 0.606042 0.697901 0.607074 0.699448 0.608278 0.700805 0.609481 0.701771 0.610685 0.703128 0.612579 0.703987 0.613958 0.704674 0.614472 0.705255 0.612236 0.705836 0.611546 0.707385 0.612579 0.709128 0.614301 0.709901 0.614991 0.711352 0.616019 0.711932 0.619806 0.711932 0.621699 0.712224 0.624449 0.713193 0.627546 0.713289 0.628755 0.714352 0.634431 0.714352 0.635292 0.713674 0.636667 0.714352 0.638903 0.714063 0.641657 0.714063 0.644065 0.713482 0.646644 0.713094 0.648537 0.712224 0.653009 0.711740 0.654389 0.711643 0.657657 0.711643 0.661440 0.710578 0.662301 0.709417 0.661958 0.708247 0.658690 0.707578 0.656625 0.707094 0.655250 0.706805 0.654218 0.705643 0.652324 0.705052 0.652324 0.703513 0.655074 0.701482 0.656796 0.701190 0.657310 0.700224 0.659375 0.700029 0.660755 0.699352 0.662130 0.698482 0.663162 0.697214 0.664023 0.695674 0.665227 0.694997 0.665741 0.694513 0.665741 0.693063 0.666431 0.691513 0.668324 0.690544 0.669699 0.689578 0.670731 0.686964 0.671593
2 0.523930 0.296338 0.523930 0.296338 0.535891 0.309870 0.540909 0.316264 0.542276 0.317634 0.542414 0.320278 0.542750 0.323551 0.542081 0.326079 0.540406 0.328606 0.539487 0.329796 0.538734 0.331579 0.538398 0.332620 0.533693 0.325440 0.522240 0.307500 0.523344 0.304222 0.523594 0.300204
2 0.505445 0.273884 0.521169 0.293218 0.521086 0.296935 0.520750 0.300056 0.519078 0.298866 0.516151 0.295745 0.510797 0.290542 0.506029 0.286375 0.501484 0.281204
2 0.518776 0.378426 0.518516 0.377824 0.518333 0.377500 0.518359 0.377361 0.518724 0.377083 0.519141 0.376157 0.519297 0.375972 0.519557 0.375556 0.519505 0.375278 0.519427 0.375139 0.519245 0.374861 0.519036 0.374722 0.518698 0.374907 0.518464 0.375417 0.518307 0.375926 0.518125 0.376435 0.518047 0.376574 0.517656 0.376157 0.517526 0.375787 0.517422 0.375602 0.517578 0.375278 0.517865 0.375093 0.518151 0.374907 0.518151 0.374722 0.517995 0.374259 0.517865 0.374120 0.517656 0.373935 0.517370 0.374028 0.517005 0.374630 0.516875 0.374722 0.516719 0.374769 0.516510 0.374769 0.516198 0.374491 0.515885 0.374120 0.515729 0.374074 0.515417 0.374722 0.515339 0.375093 0.515286 0.375833 0.515286 0.376111 0.515286 0.376343 0.515807 0.376389 0.516042 0.376435 0.516250 0.376898 0.516406 0.377361 0.516771 0.377870 0.517057 0.378333 0.517266 0.378981 0.517578 0.379491 0.517917 0.379954 0.517891 0.380000 0.517714 0.380546 0.518635 0.379653 0.519305 0.379505 0.519583 0.378519 0.519661 0.378148 0.519948 0.377824 0.520286 0.377593 0.520495 0.376806 0.520469 0.376111 0.520417 0.375972 0.520208 0.375787 0.520000 0.375741 0.519818 0.375833 0.519557 0.376065 0.519401 0.376435 0.519375 0.376991 0.519375 0.377361 0.519375 0.377500 0.519010 0.377731
2 0.536128 0.418940 0.538211 0.421000 0.539904 0.422218 0.541276 0.423292 0.542083 0.423796 0.542729 0.423722 0.543531 0.423005 0.543797 0.422926 0.544414 0.423005 0.545120 0.422926 0.545560 0.422847 0.545385 0.422222 0.544766 0.422222 0.544414 0.422222 0.544297 0.421574 0.544018 0.421046 0.544458 0.420653 0.544547 0.420102 0.544414 0.419319 0.544987 0.420282 0.545349 0.420713 0.546076 0.421000 0.546521 0.421213 0.547164 0.421356 0.547568 0.421356 0.548438 0.422315 0.549547 0.424551 0.549547 0.424972 0.548599 0.425255 0.547578 0.425815 0.546464 0.426097 0.544724 0.426097 0.543854 0.426657 0.543539 0.427079 0.537552 0.423333 0.535391 0.422917 0.534331 0.421440 0.534904 0.420051 0.535320 0.419727 0.535372 0.418662
2 0.683651 0.597222 0.685474 0.597023 0.688174 0.597597 0.691146 0.598653 0.693359 0.599037 0.695302 0.599616 0.697896 0.601440 0.699461 0.602495 0.700974 0.604222 0.702539 0.606333 0.703404 0.608829 0.704565 0.611778 0.703987 0.613958 0.703128 0.612579 0.701771 0.610685 0.700805 0.609481 0.699448 0.608278 0.697901 0.607074 0.695674 0.606042 0.692867 0.604838 0.690352 0.603977 0.688901 0.603977 0.687643 0.603977 0.686383 0.604319 0.685417 0.604495 0.684836 0.604667 0.683674 0.605528 0.683370 0.604843 0.682891 0.604481 0.682448 0.603889
2 0.511901 0.384537 0.511758 0.383194 0.511253 0.382806 0.511180 0.381653 0.510385 0.381778 0.509807 0.381264 0.509083 0.379338 0.508648 0.378440 0.507565 0.377412 0.507492 0.377412 0.505758 0.376125 0.505326 0.375866 0.503661 0.372912 0.501854 0.370472 0.500625 0.369569 0.500047 0.370597 0.499685 0.369440 0.498456 0.368028 0.498023 0.367000 0.497299 0.365074 0.497010 0.364046 0.496289 0.363273 0.495130 0.361218 0.495130 0.360190 0.495060 0.351194 0.493854 0.350509 0.493203 0.353889 0.492422 0.356759 0.492526 0.362037 0.492474 0.365972 0.492344 0.368287 0.493203 0.369120 0.493646 0.371806 0.492135 0.372130 0.491667 0.373657 0.491510 0.376204 0.491878 0.376639 0.493180 0.378565 0.493758 0.380495 0.494193 0.380625 0.495203 0.382935 0.495854 0.383838 0.496721 0.383319 0.497083 0.381778 0.497661 0.381394 0.498096 0.381009 0.499034 0.379593 0.499396 0.377926 0.500052 0.377083 0.500911 0.376991 0.500990 0.378750 0.501565 0.378954 0.501711 0.379722 0.502505 0.379981 0.502578 0.380880 0.501060 0.381778 0.500482 0.382292 0.499685 0.383065 0.499253 0.383838 0.498818 0.384606 0.498745 0.384736 0.499615 0.386148 0.505974 0.390778 0.506406 0.386944 0.506693 0.384352 0.507161 0.385093 0.507682 0.384398 0.507604 0.386759 0.507083 0.388889 0.506797 0.392361 0.508203 0.390602 0.508646 0.387454 0.509661 0.385648 0.510052 0.387731 0.510234 0.386806 0.510242 0.385921 0.510521 0.385750 0.510997 0.384769
2 0.542240 0.404495 0.542448 0.403940 0.542422 0.403292 0.542292 0.402551 0.541745 0.401764 0.541667 0.401301 0.541380 0.401301 0.541276 0.401486 0.540964 0.401440 0.540651 0.401208 0.540260 0.401162 0.539844 0.401116 0.539766 0.401116 0.539609 0.401162 0.539401 0.401764 0.539453 0.402366 0.539141 0.402458 0.539089 0.403153 0.539401 0.403616 0.539115 0.404403 0.538906 0.405375 0.539115 0.405838 0.539401 0.406347 0.539271 0.407319 0.539219 0.407875 0.539031 0.408565 0.540974 0.407505 0.541406 0.406069 0.542135 0.405421
2 0.543594 0.408940 0.543490 0.409819 0.543490 0.410699 0.543411 0.411995 0.543594 0.412782 0.544115 0.413338 0.544661 0.413755 0.545052 0.413616 0.545417 0.413292 0.546068 0.413292 0.546068 0.414009 0.545990 0.415046 0.545391 0.414907 0.544792 0.414819 0.544635 0.415236 0.544036 0.415236 0.543698 0.414958 0.543698 0.414958 0.543516 0.414310 0.543281 0.413940 0.543151 0.414403 0.542924 0.415356 0.543135 0.417046 0.542604 0.416417 0.541898 0.415162 0.541018 0.414926 0.540451 0.414079 0.540581 0.412227 0.541023 0.412042 0.541648 0.411440 0.542109 0.409042 0.543674 0.408083
2 0.517211 0.396162 0.518211 0.397796 0.519703 0.399625 0.520776 0.401699 0.521805 0.403773 0.522596 0.405514 0.522690 0.406176 0.522784 0.407176 0.520643 0.407463 0.517883 0.407014 0.516719 0.405787 0.515625 0.404259 0.514401 0.403380 0.514117 0.402106 0.513617 0.401218 0.512195 0.399282 0.511255 0.396968 0.511263 0.396634 0.511643 0.396634 0.512216 0.396565 0.512786 0.396227 0.513359 0.395819 0.513818 0.395755 0.514159 0.395958 0.514122 0.396704 0.513740 0.397111 0.513740 0.398125 0.513969 0.398463 0.514273 0.398398 0.514807 0.397856 0.515305 0.397042 0.515914 0.397042 0.516180 0.396769 0.516372 0.396296
2 0.545990 0.416120 0.545677 0.416111 0.545312 0.415602 0.544922 0.415602 0.544609 0.416343 0.544401 0.416528 0.543906 0.416852 0.543828 0.417454 0.544271 0.417917 0.544766 0.418380 0.545312 0.418889 0.545521 0.419028 0.545703 0.419167 0.545859 0.419352 0.546227 0.419912 0.546156 0.417806
10 0.511797 0.334861 0.514531 0.330926 0.518875 0.337690 0.518979 0.337690 0.519266 0.337690 0.519786 0.337690 0.520044 0.337787 0.520594 0.337880 0.520594 0.338296 0.520932 0.338296 0.521479 0.338296 0.521531 0.338616 0.522076 0.338944 0.522521 0.339176 0.522937 0.339361 0.522961 0.339639 0.523276 0.339639 0.523927 0.339731 0.524370 0.339731 0.524891 0.340519 0.526193 0.340889 0.526844 0.341069 0.526922 0.341028 0.527078 0.340796 0.527234 0.340560 0.527469 0.340333 0.527573 0.339870 0.527779 0.339731 0.528224 0.339773 0.528716 0.339593 0.528771 0.339454 0.528794 0.338755 0.528794 0.337787 0.528849 0.336769 0.529005 0.336162 0.528589 0.336162 0.528042 0.336213 0.527573 0.336301 0.526971 0.336301 0.526271 0.335981 0.525956 0.335981 0.525721 0.335745 0.525721 0.335375 0.525721 0.335102 0.526164 0.334315 0.526062 0.333940 0.525984 0.333806 0.525956 0.333667 0.525854 0.333481 0.525776 0.333250 0.525542 0.333019 0.525281 0.332134 0.524995 0.331537 0.524760 0.331116 0.525021 0.330796 0.525359 0.329917 0.525333 0.329542 0.525070 0.329403 0.524630 0.329315 0.524526 0.329403 0.524474 0.329917 0.524292 0.330380 0.523898 0.330329 0.523927 0.329870 0.523380 0.329870 0.523016 0.329731 0.523016 0.329403 0.522625 0.329361 0.522365 0.329222 0.522182 0.328991 0.522154 0.328523 0.521896 0.327736 0.521349 0.327370 0.521245 0.326907 0.521193 0.326398 0.520773 0.326162 0.520409 0.326259 0.520073 0.326162 0.519758 0.325750 0.519500 0.325981 0.519448 0.326264 0.519448 0.327444 0.519026 0.327870 0.518755 0.327926 0.518695 0.327389 0.518393 0.327120 0.518273 0.327176 0.517760 0.327227 0.517852 0.326745 0.517760 0.325782 0.517609 0.324495 0.517310 0.323801 0.516917 0.323532 0.516857 0.322620 0.516526 0.322032 0.516315 0.321713 0.516406 0.321606 0.516435 0.321282 0.516315 0.320801 0.516195 0.320532 0.516073 0.320213 0.515833 0.320051 0.515591 0.320370 0.515292 0.321176 0.515049 0.321926 0.514596 0.323106 0.514237 0.324120 0.513904 0.325194 0.513542 0.326319 0.513211 0.327227 0.512846 0.328167 0.512909 0.328463 0.512638 0.329745 0.512367 0.330551 0.511706 0.331676 0.511133 0.332583 0.510862 0.333176 0.510591 0.333708 0.510289 0.334301 0.510680 0.334676 0.510990 0.335093 0.511302 0.335324
2 0.522891 0.374630 0.523911 0.375148 0.524302 0.375611 0.524797 0.375657 0.524953 0.376074 0.525578 0.376120 0.525781 0.376806 0.525948 0.378116 0.525995 0.379505 0.524656 0.379505 0.524240 0.379505 0.522984 0.379505 0.521896 0.379505 0.521227 0.379505 0.519948 0.377824 0.520286 0.377593 0.520495 0.376806 0.520469 0.376111 0.520417 0.375972 0.520208 0.375787 0.520000 0.375741 0.519818 0.375833 0.519557 0.376065 0.519297 0.375972 0.519557 0.375556 0.519505 0.375278 0.519427 0.375139 0.519245 0.374861 0.519036 0.374722 0.518698 0.374907 0.518464 0.375417 0.518151 0.374907 0.518151 0.374722 0.517995 0.374259 0.517865 0.374120 0.518281 0.373102 0.518333 0.371991 0.518776 0.371852 0.519792 0.372361 0.520677 0.373380 0.520885 0.373796 0.522005 0.374630
2 0.512122 0.366968 0.513474 0.365764 0.514102 0.365639 0.514904 0.365889 0.515711 0.366463 0.516753 0.367574 0.516953 0.368009 0.516641 0.369120 0.516562 0.370278 0.516615 0.371991 0.516667 0.373148 0.516875 0.373657 0.517005 0.373889 0.517370 0.374028 0.517005 0.374630 0.516875 0.374722 0.516719 0.374769 0.516510 0.374769 0.516198 0.374491 0.515885 0.374120 0.515729 0.374074 0.515417 0.374722 0.515339 0.375093 0.515286 0.375833 0.515286 0.376111 0.515286 0.376343 0.515807 0.376389 0.516042 0.376435 0.516250 0.376898 0.516406 0.377361 0.516771 0.377870 0.517057 0.378333 0.517266 0.378981 0.515990 0.379491 0.515531 0.380269 0.515112 0.380579 0.514693 0.380639 0.514068 0.380329 0.513719 0.379583 0.513466 0.378593 0.514336 0.378852 0.514404 0.378468 0.514404 0.377954 0.514115 0.376796 0.514115 0.376153 0.513906 0.374630 0.512891 0.373519 0.512383 0.371269 0.511443 0.369472 0.511380 0.368704 0.512057 0.368472 0.512526 0.367926
2 0.507206 0.346014 0.507865 0.345833 0.508255 0.345648 0.508724 0.345648 0.509375 0.345602 0.510016 0.345546 0.510826 0.347273 0.511474 0.349481 0.511120 0.349861 0.510833 0.350046 0.510703 0.350556 0.510703 0.351065 0.511667 0.359815 0.511875 0.361852 0.512552 0.363102 0.512943 0.363704 0.513464 0.364398 0.513932 0.364815 0.514089 0.365046 0.514141 0.365278 0.514102 0.365639 0.513474 0.365764 0.512122 0.366968 0.511495 0.367403 0.511109 0.367829 0.510727 0.367208 0.510482 0.365542 0.509924 0.364171 0.509924 0.363426 0.510552 0.362810 0.510831 0.362065 0.510656 0.360579 0.510552 0.360019 0.510133 0.359407 0.509750 0.356801 0.509508 0.355255 0.509018 0.354009 0.508286 0.351778 0.508042 0.350792 0.507763 0.348861 0.507380 0.347259
2 0.482964 0.338745 0.482151 0.335370 0.480826 0.331727 0.480859 0.330222 0.481326 0.330264 0.481872 0.330403 0.482682 0.330542 0.483305 0.331056 0.483464 0.331560 0.484505 0.331750 0.485492 0.332023 0.486068 0.332023 0.486430 0.331699 0.486615 0.331329 0.486534 0.330727 0.485909 0.329898 0.485883 0.329667 0.486250 0.329477 0.486510 0.329528 0.486664 0.330222 0.487341 0.330958 0.487917 0.330773 0.488307 0.329940 0.488773 0.328370 0.489219 0.327718 0.489063 0.326699 0.490721 0.327356 0.492120 0.328019 0.493333 0.328269 0.495529 0.330343 0.495854 0.331255 0.495995 0.332333 0.495995 0.333412 0.495563 0.334736 0.495214 0.335042 0.494969 0.335481 0.494133 0.335667 0.494063 0.335972 0.493156 0.336287 0.492982 0.336468 0.492982 0.336653 0.492320 0.336718 0.491831 0.336782 0.491000 0.335653 0.490021 0.334741 0.489039 0.334074 0.488107 0.333662 0.487081 0.333662 0.486333 0.333912 0.485867 0.334907 0.485820 0.336315 0.486146 0.337810 0.486474 0.338722 0.486615 0.339551 0.486615 0.340218 0.486279 0.341153
10 0.547339 0.504000 0.547326 0.503954 0.547935 0.502944 0.548365 0.502176 0.548961 0.501412 0.549555 0.500449 0.550365 0.498722 0.550849 0.497954 0.551552 0.496514 0.551930 0.496514 0.552740 0.496227 0.553333 0.495745 0.554469 0.495074 0.555169 0.494593 0.555924 0.494306 0.556573 0.493731 0.556844 0.493634 0.558086 0.493440 0.558357 0.492866 0.559383 0.492097 0.559435 0.491713 0.559651 0.491620 0.559977 0.491713 0.560461 0.491523 0.561055 0.490944 0.561164 0.490944 0.561703 0.491426 0.562081 0.491810 0.562513 0.492097 0.563216 0.489986 0.563594 0.488546 0.563755 0.487681 0.563271 0.487394 0.563846 0.486778 0.564229 0.486296 0.564229 0.486727 0.564471 0.486940 0.564875 0.486940 0.565279 0.485935 0.565479 0.485435 0.565521 0.485005 0.565802 0.483787 0.566125 0.482782 0.566490 0.481847 0.567013 0.480199 0.567456 0.478907 0.567779 0.478264 0.568263 0.477764 0.568747 0.477477 0.569836 0.476185 0.570120 0.475755 0.570562 0.474681 0.571008 0.475144 0.570701 0.476144 0.570701 0.478319 0.570445 0.480134 0.570701 0.481949 0.571060 0.483130 0.571773 0.483764 0.571927 0.484764 0.571927 0.486032 0.571620 0.487394 0.571060 0.488667 0.571315 0.490028 0.571417 0.492296 0.572266 0.493565 0.570365 0.497917 0.570109 0.498968 0.569901 0.499708 0.567370 0.499954 0.564427 0.500926 0.560112 0.501912 0.558310 0.501329 0.556177 0.498708 0.554867 0.500458 0.554047 0.501912 0.552737 0.501912 0.549948 0.504245
2 0.528576 0.413565 0.528497 0.412551 0.528497 0.412366 0.527977 0.411065 0.527924 0.410699 0.527872 0.410005 0.527872 0.409259 0.527456 0.409125 0.527378 0.408199 0.527250 0.407759 0.525599 0.408657 0.524870 0.408843 0.524896 0.409537 0.526120 0.410000 0.526406 0.410417 0.526693 0.410787 0.527117 0.411296 0.526987 0.412176 0.527091 0.413245 0.527221 0.413292 0.527977 0.413755
2 0.523844 0.406532 0.523615 0.406329 0.523195 0.405787 0.522966 0.405042 0.522776 0.404157 0.522013 0.401449 0.522052 0.400769 0.521557 0.398667 0.521138 0.397856 0.520794 0.396634 0.520451 0.395958 0.519651 0.395481 0.519117 0.395213 0.518391 0.394736 0.517781 0.394329 0.517211 0.396162 0.516372 0.396296 0.516180 0.396769 0.515914 0.397042 0.515305 0.397042 0.514807 0.397856 0.514273 0.398398 0.513969 0.398463 0.513740 0.398125 0.513740 0.397111 0.514122 0.396704 0.514159 0.395958 0.513818 0.395755 0.513359 0.395819 0.512786 0.396227 0.512216 0.396565 0.511643 0.396634 0.511263 0.396634 0.510687 0.395565 0.510354 0.392741 0.510437 0.391699 0.510604 0.390065 0.510940 0.388875 0.511328 0.386019 0.512448 0.385880 0.513531 0.384412 0.513932 0.384505 0.514542 0.385722 0.514961 0.385449 0.515341 0.384639 0.515531 0.384366 0.515990 0.383755 0.516219 0.383755 0.516828 0.384435 0.516867 0.384569 0.516677 0.384907 0.516409 0.385384 0.515646 0.386199 0.515646 0.386333 0.515953 0.386468 0.516372 0.386333 0.516562 0.385995 0.516753 0.386741 0.516562 0.387282 0.516372 0.388162 0.516943 0.388773 0.517211 0.389111 0.517971 0.389449 0.518391 0.390130 0.518924 0.390194 0.518391 0.389588 0.518240 0.389111 0.517935 0.388435 0.517935 0.388028 0.517706 0.387486 0.517516 0.386741 0.517326 0.386199 0.517211 0.385384 0.517057 0.384773 0.517057 0.384231 0.517057 0.383352 0.517096 0.383213 0.517591 0.383417 0.518010 0.383894 0.518469 0.384977 0.518924 0.386130 0.519344 0.387347 0.519766 0.388569 0.520185 0.389653 0.520411 0.390602 0.520336 0.391144 0.520221 0.391551 0.520070 0.392227 0.519956 0.392366 0.520565 0.392977 0.520945 0.393380 0.521862 0.393991 0.522586 0.394602 0.523271 0.395347 0.523690 0.395958 0.524073 0.396500 0.524453 0.396769 0.524872 0.397176 0.524721 0.395958 0.524607 0.395620 0.524378 0.395417 0.524378 0.394806 0.524492 0.394532 0.524682 0.394468 0.525331 0.394940 0.525750 0.395958 0.525940 0.396500 0.526438 0.397514 0.526664 0.398060 0.526971 0.398532 0.527391 0.398667 0.527885 0.398667 0.528419 0.399009 0.528570 0.399551 0.528570 0.400227 0.528305 0.400500 0.527885 0.400903 0.527198 0.401106 0.527047 0.401106 0.526552 0.400500 0.526169 0.399481 0.525826 0.398667 0.525789 0.398667 0.525789 0.399278 0.525940 0.399616 0.526169 0.400431 0.526398 0.400838 0.526628 0.401583 0.526857 0.401921 0.527047 0.403005 0.527161 0.403750 0.527391 0.404634 0.527391 0.405310 0.526581 0.405824 0.523820 0.407162
1 0.559036 0.416111 0.559328 0.413769 0.559878 0.412144 0.559695 0.410356 0.560609 0.409704 0.561708 0.410028 0.563536 0.411329 0.564086 0.413769 0.564451 0.416532 0.565182 0.419463 0.566464 0.421736 0.567286 0.422389 0.563078 0.421412 0.562896 0.422551 0.564635 0.423472 0.565367 0.423852 0.566555 0.424338 0.567286 0.425315 0.568201 0.426292 0.569573 0.427269 0.570214 0.428407 0.570031 0.430032 0.570078 0.431389 0.571693 0.433796 0.573411 0.436991 0.574604 0.438648 0.575336 0.440602 0.574922 0.441343 0.574688 0.441898 0.575547 0.443287 0.577057 0.445093 0.577292 0.445463 0.577370 0.446389 0.577031 0.446574 0.576068 0.445926 0.575104 0.444815 0.574453 0.444167 0.573880 0.443611 0.573620 0.443565 0.573516 0.442824 0.573271 0.441417 0.573271 0.440435 0.572956 0.439449 0.572633 0.439028 0.572078 0.438606 0.571130 0.436921 0.569549 0.436639 0.569477 0.435093 0.568924 0.434106 0.568924 0.431718 0.568529 0.431019 0.567573 0.431019 0.566622 0.430454 0.565674 0.432000 0.565201 0.432000 0.564180 0.431157 0.563469 0.429611 0.562828 0.428065 0.562432 0.427083 0.561651 0.427083 0.561255 0.426940 0.561010 0.426380 0.561096 0.425394 0.561651 0.423847 0.561880 0.422583 0.561880 0.421176 0.561484 0.419634 0.560286 0.417315
2 0.536799 0.391819 0.537497 0.393185 0.538299 0.394111 0.539102 0.395227 0.539693 0.396097 0.540521 0.397176 0.542057 0.396574 0.543542 0.395556 0.544117 0.395157 0.542711 0.393861 0.542555 0.393306 0.542659 0.392426 0.543180 0.392148 0.543701 0.392241 0.543773 0.391273 0.543773 0.390792 0.543924 0.390310 0.544315 0.390310 0.544557 0.390310 0.545279 0.391005 0.545911 0.391755 0.546365 0.392292 0.546846 0.392824 0.547719 0.392847 0.548581 0.392894 0.548841 0.392847 0.549063 0.392375 0.548523 0.391222 0.548036 0.390551 0.547659 0.390167 0.547281 0.389685 0.546201 0.388630 0.545281 0.387671 0.544797 0.386519 0.543932 0.384981 0.543320 0.385208 0.543109 0.385537 0.542982 0.385713 0.542719 0.385764 0.542276 0.385764 0.541625 0.385255 0.541862 0.384843 0.542331 0.384606 0.542383 0.383912 0.541497 0.382940 0.540586 0.381963 0.539164 0.381023 0.538669 0.380606 0.537888 0.380194 0.537628 0.379500 0.537341 0.378755 0.536693 0.378153 0.535857 0.377875 0.535049 0.377833 0.534737 0.378111 0.534294 0.378389 0.533701 0.378329 0.535833 0.383056 0.536786 0.384264 0.537706 0.385306 0.538122 0.385602 0.537453 0.386347 0.538443 0.387292 0.539505 0.385417 0.540057 0.384667 0.540549 0.384713 0.540549 0.385361
2 0.534451 0.386454 0.533964 0.386639 0.533091 0.386949 0.532289 0.387074 0.531312 0.387134 0.530651 0.387259 0.530198 0.387134 0.530023 0.386329 0.529953 0.384843 0.530023 0.383972 0.530372 0.383417 0.531068 0.383537 0.532010 0.384037 0.533021 0.383819
8 0.522911 0.321315 0.522208 0.320806 0.522104 0.320481 0.521896 0.320250 0.521687 0.320343 0.521297 0.320296 0.521271 0.319926 0.521089 0.319463 0.520984 0.319417 0.520750 0.319046 0.520333 0.318583 0.520047 0.318167 0.519839 0.318028 0.519500 0.317333 0.519135 0.317287 0.518849 0.317333 0.518615 0.317333 0.518380 0.317333 0.518328 0.317426 0.518198 0.317704 0.518094 0.318120 0.518068 0.318491 0.518172 0.319139 0.518250 0.319463 0.518510 0.319694 0.518745 0.319694 0.518979 0.319787 0.519214 0.320111 0.519474 0.320481 0.519500 0.320852 0.519630 0.321454 0.519708 0.322148 0.519865 0.322519 0.520281 0.322380 0.520568 0.322380 0.520776 0.322889 0.520802 0.323259 0.520958 0.323954 0.521245 0.324278 0.521401 0.324324 0.521609 0.324602 0.521740 0.325204 0.521792 0.325481 0.522339 0.326130 0.522755 0.326593 0.523589 0.326963 0.524083 0.327380 0.524500 0.327611 0.525333 0.327935 0.525750 0.327704 0.525932 0.327657 0.526271 0.327657 0.526635 0.327380 0.526870 0.326222 0.526896 0.325991 0.526969 0.325310 0.526391 0.324667 0.523570 0.321968
2 0.525057 0.374361 0.525057 0.374361 0.524797 0.373991 0.524146 0.374037 0.523807 0.374407 0.523911 0.375148 0.524302 0.375611 0.524797 0.375657 0.524953 0.376074 0.525578 0.376120 0.525781 0.376806 0.526490 0.377000 0.526724 0.377185 0.526750 0.377463 0.527031 0.377778 0.527687 0.377972 0.527661 0.378250 0.527661 0.378296 0.527974 0.378389 0.528026 0.378389 0.528182 0.378620 0.528495 0.378852 0.529068 0.378852 0.529224 0.379407 0.529641 0.379500 0.530161 0.379546 0.530318 0.379546 0.530534 0.379722 0.528490 0.375926 0.528104 0.376352 0.527766 0.376028 0.527318 0.375787 0.526701 0.374824 0.526438 0.374454
10 0.459185 0.374884 0.457570 0.375676 0.456320 0.376394 0.455393 0.376894 0.454786 0.377398 0.454305 0.377398 0.453659 0.376250 0.452852 0.377685 0.453214 0.378329 0.453740 0.378903 0.453740 0.379833 0.453052 0.380838 0.452529 0.381769 0.451479 0.383278 0.450995 0.385139 0.450552 0.386218 0.450432 0.386718 0.449987 0.387435 0.449060 0.387366 0.448737 0.387222 0.448375 0.387292 0.446437 0.390519 0.444542 0.394463 0.443937 0.396111 0.444057 0.397190 0.444826 0.397116 0.444904 0.398620 0.445914 0.400847 0.446518 0.400773 0.448253 0.400486 0.449018 0.400630 0.450471 0.400417 0.451398 0.400991 0.450956 0.402278 0.450391 0.403213 0.450109 0.404361 0.449664 0.405148 0.449544 0.405218 0.449060 0.404574 0.448495 0.403931 0.448456 0.404718 0.448818 0.405148 0.449060 0.405361 0.449625 0.405792 0.450229 0.406440 0.450714 0.407227 0.451279 0.408162 0.451771 0.408843 0.452135 0.405231 0.452474 0.401620 0.453151 0.397778 0.453589 0.394574 0.454323 0.391667 0.454922 0.389352 0.455391 0.388167 0.456047 0.386125 0.456867 0.383792 0.457578 0.382639 0.458333 0.381574 0.458997 0.380005 0.459982 0.379130 0.460966 0.378546 0.461294 0.377963 0.461979 0.377731 0.462604 0.377917 0.462391 0.376560 0.460510 0.372833 0.458633 0.370523 0.458578 0.372931
1 0.572266 0.493565 0.571417 0.492296 0.571315 0.490028 0.571060 0.488667 0.571620 0.487394 0.571927 0.486032 0.571927 0.484764 0.571773 0.483764 0.571060 0.483130 0.570701 0.481949 0.570445 0.480134 0.570701 0.478319 0.570701 0.476144 0.571008 0.475144 0.570562 0.474681 0.570443 0.474750 0.570039 0.474537 0.569635 0.474394 0.569393 0.473745 0.569393 0.473458 0.569070 0.473171 0.568547 0.473028 0.567859 0.472815 0.567617 0.472741 0.568443 0.467417 0.569818 0.469120 0.571198 0.468889 0.571367 0.468120 0.571865 0.467750 0.572044 0.467657 0.572305 0.467657 0.572620 0.467565 0.572906 0.467426 0.573503 0.467426 0.573737 0.467426 0.573893 0.467472 0.573971 0.467472 0.574414 0.466130 0.574443 0.465528 0.574443 0.464694 0.574414 0.463861 0.574052 0.463259 0.569833 0.469065 0.568766 0.468120 0.568995 0.467838 0.569232 0.467417 0.569706 0.466718 0.569943 0.465870 0.570497 0.465028 0.571049 0.464185 0.571682 0.463481 0.572008 0.462778 0.573271 0.461935 0.574349 0.461667 0.574607 0.461514 0.575294 0.461083 0.576469 0.460264 0.577286 0.459356 0.577286 0.459356 0.576979 0.456727 0.576417 0.455454 0.576417 0.454005 0.575805 0.453551 0.575294 0.452551 0.575193 0.451282 0.575091 0.450375 0.574734 0.449287 0.574581 0.448014 0.573932 0.446481 0.573828 0.445046 0.573969 0.445019 0.574836 0.446292 0.575396 0.448741 0.576010 0.450282 0.576367 0.452009 0.576927 0.454005 0.577438 0.454366 0.577693 0.455727 0.578052 0.457361 0.578664 0.458542 0.579685 0.458088 0.580552 0.457995 0.581216 0.457000 0.581471 0.456454 0.582135 0.457088 0.582286 0.456907 0.582031 0.455727 0.582286 0.454639 0.582594 0.453912 0.582747 0.453731 0.583411 0.454093 0.583667 0.454912 0.584023 0.454093 0.584023 0.452370 0.584023 0.451190 0.583646 0.451019 0.583935 0.449056 0.584482 0.449556 0.584482 0.447380 0.583258 0.447380 0.582951 0.446472 0.583716 0.446019 0.584227 0.445565 0.584687 0.444565 0.585227 0.444120 0.586703 0.444412 0.588505 0.444412 0.587901 0.446653 0.587443 0.448380 0.586779 0.448468 0.585349 0.448741 0.585247 0.453370 0.585349 0.454093 0.586677 0.453838 0.587003 0.454917 0.587885 0.455495 0.588964 0.455495 0.589292 0.456491 0.590172 0.456245 0.589799 0.456907 0.592057 0.459259 0.594766 0.461111 0.595633 0.460972 0.596008 0.462384 0.596711 0.462384 0.596664 0.463213 0.597547 0.463958 0.597831 0.461389 0.598065 0.460477 0.600049 0.464347 0.600867 0.465162 0.601529 0.466977 0.602143 0.468338 0.601094 0.469352 0.600518 0.468046 0.598826 0.468977 0.596182 0.470514 0.591326 0.474213 0.587508 0.479764 0.583281 0.485926 0.580398 0.491171 0.577161 0.496204 0.575469 0.493704
