8 0.567206 0.379546 0.576359 0.393028 0.576227 0.390468 0.576555 0.388380 0.567344 0.375000
8 0.519979 0.406310 0.519263 0.417940 0.518966 0.423653 0.517193 0.422444 0.517573 0.414713 0.518081 0.409019
8 0.519263 0.417940 0.524602 0.415014 0.523630 0.418616 0.518987 0.420343
8 0.522596 0.402866 0.527029 0.406986 0.525974 0.409986 0.521161 0.405037
8 0.527029 0.406986 0.529771 0.399259 0.531461 0.393630 0.533190 0.394829 0.531503 0.400384 0.528484 0.410213 0.527724 0.407963
8 0.532643 0.396481 0.537833 0.399931 0.540703 0.402333 0.543870 0.405708 0.546823 0.409236 0.549990 0.414940 0.549568 0.420194 0.541885 0.408644 0.538044 0.405037 0.533992 0.401282 0.531503 0.400384
8 0.533656 0.401134 0.529766 0.412593 0.529349 0.411574 0.528484 0.410213 0.531503 0.400384
8 0.529766 0.412593 0.531734 0.411037 0.534646 0.409463 0.538107 0.407884 0.540219 0.406986 0.541885 0.408644 0.543258 0.410514 0.537221 0.412088 0.532747 0.414417 0.530427 0.416366
8 0.539523 0.411412 0.539227 0.413523 0.539607 0.416815 0.542857 0.427694 0.540703 0.428148 0.538086 0.419593 0.536609 0.414792 0.536779 0.413898 0.537221 0.412088
8 0.530427 0.416366 0.530047 0.420491 0.528737 0.427694 0.525698 0.442329 0.523461 0.440380 0.527388 0.421394 0.528104 0.415917 0.527513 0.411940 0.527219 0.410889 0.526164 0.410815 0.525974 0.409986 0.527029 0.406986 0.527724 0.407963 0.528484 0.410213 0.529349 0.411574 0.529766 0.412593
8 0.526164 0.410815 0.524602 0.415014 0.523630 0.418616 0.520930 0.425296 0.522914 0.427097 0.526542 0.418167 0.528104 0.415917 0.527513 0.411940 0.527219 0.410889
8 0.525594 0.430023 0.522914 0.427097 0.520930 0.425296 0.518966 0.423653 0.517193 0.422444 0.515250 0.421583 0.513026 0.421815 0.511065 0.423213 0.508607 0.424861 0.508148 0.426606 0.507148 0.427417 0.506560 0.429162 0.506102 0.431023 0.504674 0.436597 0.504138 0.437810 0.503260 0.445106 0.503112 0.451620 0.503964 0.460065 0.504529 0.466190 0.505349 0.475306 0.505461 0.486662 0.507836 0.483343 0.507836 0.472995 0.506591 0.465065 0.505742 0.458838 0.505404 0.450801 0.506083 0.441963 0.507385 0.434324 0.507776 0.432009 0.508625 0.430106 0.511060 0.426884 0.512956 0.425611 0.514328 0.425259 0.515310 0.425380 0.516484 0.425722 0.519102 0.428282 0.522372 0.431773 0.524724 0.434444
8 0.521388 0.430838 0.519557 0.436296 0.517727 0.434440 0.519753 0.428861
8 0.519102 0.428282 0.519133 0.430907 0.517727 0.434440 0.516779 0.433694 0.517172 0.429509 0.517172 0.425907
8 0.515310 0.425380 0.515276 0.429162 0.515143 0.431486 0.513182 0.429509 0.512956 0.425611 0.514328 0.425259
8 0.514792 0.435370 0.513477 0.446296 0.511844 0.452685 0.508836 0.460356 0.506417 0.459546 0.509750 0.451407 0.511516 0.444898 0.512299 0.438389 0.512628 0.433856
8 0.568141 0.362968 0.565461 0.404000 0.563695 0.400278 0.566049 0.367269
8 0.566432 0.391157 0.573677 0.402093 0.572417 0.404523 0.566008 0.394759
8 0.564516 0.389194 0.561391 0.385634 0.558216 0.383639 0.556508 0.382944 0.555578 0.383032 0.557531 0.386940 0.561732 0.389806 0.564370 0.392583
8 0.564370 0.392583 0.564159 0.395292 0.560935 0.392944 0.560203 0.392426 0.558690 0.389213 0.561815 0.390255
8 0.564956 0.384333 0.560560 0.379731 0.558753 0.377995 0.557141 0.379384 0.561927 0.384681 0.564661 0.388417
8 0.561831 0.373394 0.562953 0.382162 0.560560 0.379731 0.560159 0.376597
8 0.562807 0.372699 0.565346 0.377130 0.565737 0.372699 0.564174 0.370528
8 0.556555 0.375741 0.553430 0.373222 0.549914 0.371310 0.551477 0.375130 0.554065 0.376866 0.555042 0.377560
8 0.568141 0.362968 0.577883 0.387389 0.578385 0.386981 0.580177 0.387389 0.569240 0.359866
8 0.567482 0.336287 0.567982 0.336435 0.569294 0.338250 0.568930 0.351028 0.568328 0.357301 0.566193 0.362051
8 0.579406 0.390644 0.584120 0.402125 0.584792 0.404185 0.585297 0.403593 0.585297 0.403593 0.584492 0.397519 0.581469 0.390616
8 0.578292 0.391264 0.580531 0.394736 0.581990 0.398486 0.582693 0.401125 0.582242 0.400463 0.580216 0.398954 0.579464 0.396218 0.578578 0.395292 0.578516 0.394653
8 0.587781 0.407894 0.589617 0.408699 0.590182 0.409417 0.590344 0.410491 0.590182 0.411782 0.593409 0.420458 0.595870 0.430426 0.599258 0.444551 0.600065 0.450648 0.597323 0.444481 0.592078 0.424185 0.588971 0.416157
8 0.593552 0.421338 0.599971 0.421338 0.598164 0.424338 0.594367 0.424500
8 0.601177 0.424769 0.597711 0.428894 0.596023 0.431301 0.595180 0.427926 0.598164 0.424338 0.599971 0.421338
8 0.598073 0.428463 0.601086 0.430231 0.603526 0.432426 0.604219 0.433176 0.612576 0.456500 0.610698 0.456801 0.604823 0.439019 0.603135 0.435213 0.600875 0.433287 0.598344 0.432801 0.596445 0.432644 0.596023 0.431301
8 0.598706 0.442606 0.603646 0.438319 0.604521 0.438375 0.604823 0.439019 0.606148 0.442713 0.606961 0.457764 0.606479 0.457755 0.605154 0.457657 0.604190 0.441375 0.599458 0.446625 0.599258 0.444551
8 0.602081 0.443569 0.604883 0.453745 0.605003 0.454069 0.605154 0.457657 0.603135 0.453264 0.600633 0.445176
8 0.608609 0.437806 0.618208 0.451000 0.616839 0.453366 0.613893 0.449565 0.610867 0.444403
8 0.610383 0.440458 0.610263 0.426190 0.612159 0.426481 0.612036 0.442611
8 0.612036 0.432579 0.612562 0.432282 0.613448 0.432213 0.613974 0.432579 0.614297 0.433218 0.614781 0.434074 0.615547 0.434866 0.616232 0.436444 0.616596 0.437875 0.618411 0.450782 0.618208 0.451000 0.616193 0.448417 0.614620 0.440102 0.614013 0.437231 0.613128 0.436227 0.612078 0.436227
8 0.607680 0.435009 0.610302 0.432856 0.610383 0.436514 0.609052 0.438380 0.608609 0.437806
8 0.618734 0.431852 0.619135 0.440384 0.619823 0.448560 0.618411 0.450782 0.616596 0.437875 0.616112 0.429995
8 0.592013 0.553019 0.587951 0.545463 0.586190 0.544949 0.585664 0.546023 0.585326 0.546685 0.590513 0.556903
8 0.599323 0.567458 0.593260 0.555796 0.592263 0.559792 0.597510 0.570236
8 0.618734 0.431852 0.625922 0.438815 0.626982 0.437181 0.628094 0.436486 0.628664 0.436236 0.627172 0.435287 0.625406 0.434125 0.624424 0.432963 0.618672 0.427616 0.616122 0.425523 0.612005 0.423111 0.611159 0.422968 0.610594 0.422968 0.609182 0.422824 0.607206 0.425907 0.610263 0.426190 0.612159 0.426481 0.616112 0.429995
8 0.602880 0.421958 0.603487 0.421597 0.606471 0.422102 0.604253 0.425472
8 0.601320 0.552463 0.602383 0.551241 0.603320 0.550352 0.603758 0.550463 0.604945 0.558569 0.604133 0.560569
8 0.598635 0.553574 0.601779 0.563546 0.600260 0.566125 0.596635 0.554463
8 0.615318 0.576231 0.619128 0.582676 0.617628 0.584676 0.614005 0.578454 0.615068 0.577898
8 0.520740 0.391250 0.520284 0.401009 0.518060 0.404384 0.518898 0.392681
8 0.520284 0.401009 0.524297 0.396968 0.527044 0.395690 0.529070 0.395338 0.530573 0.395690 0.530901 0.395806 0.529789 0.399292 0.526521 0.400454 0.524820 0.401269 0.522990 0.402662 0.521552 0.404287 0.518674 0.408125 0.515930 0.412426 0.515211 0.414051 0.514490 0.409519 0.518060 0.404384
8 0.513026 0.421815 0.512896 0.415657 0.512307 0.409148 0.511654 0.403338 0.512768 0.400565 0.514490 0.409519 0.515211 0.414051 0.515250 0.421583
8 0.513026 0.417282 0.511849 0.421120 0.511065 0.423213 0.508607 0.424861 0.508784 0.423352 0.510156 0.419398 0.512701 0.413218
8 0.647143 0.690463 0.653893 0.697088 0.655188 0.694593 0.651031 0.690750
8 0.644120 0.690750 0.653083 0.690366 0.651487 0.689653 0.648492 0.687199 0.644820 0.687005 0.642497 0.684704 0.638826 0.680384 0.636883 0.680769 0.642552 0.688542
8 0.765375 0.791764 0.769031 0.791162 0.770161 0.791060 0.769219 0.794880 0.765094 0.795079
8 0.725466 0.837792 0.723953 0.852454 0.722440 0.860657 0.719187 0.860384 0.721682 0.847611 0.722440 0.839005 0.723477 0.834995
8 0.712242 0.827616 0.711901 0.843468 0.711221 0.860681 0.708724 0.922139 0.712659 0.912324 0.715154 0.855440 0.715154 0.832574 0.715154 0.826523 0.715609 0.823296 0.723477 0.834995 0.735201 0.852074 0.736865 0.847907 0.728693 0.835634 0.726318 0.832417 0.724057 0.828801 0.724057 0.828801 0.717424 0.819130 0.716516 0.818454 0.715685 0.818995 0.715154 0.819264 0.713107 0.822806 0.712544 0.823847
8 0.703612 0.814690 0.710495 0.835806 0.710268 0.837014 0.709586 0.837551 0.708906 0.837551 0.704216 0.825718 0.699753 0.811597 0.700964 0.810523
8 0.697721 0.790296 0.706536 0.812097 0.713107 0.822806 0.712544 0.823847 0.702581 0.808681 0.699755 0.801449 0.695857 0.791505
8 0.696818 0.787384 0.694273 0.780815 0.692466 0.780815 0.694953 0.788449
8 0.698909 0.786181 0.697664 0.779046 0.696393 0.779185 0.696393 0.780801 0.695745 0.780856 0.696818 0.787384
8 0.640987 0.691037 0.647844 0.701310 0.649789 0.703231 0.651570 0.700806 0.646872 0.694301 0.642552 0.688542 0.636883 0.680769 0.635802 0.681630 0.635318 0.683361 0.639096 0.689023 0.640068 0.689023 0.640609 0.689213
8 0.683716 0.620745 0.686526 0.633898 0.684958 0.637931 0.680586 0.615468 0.681286 0.610282
8 0.689117 0.616523 0.683500 0.621324 0.682906 0.617389 0.686849 0.613931
8 0.643307 0.698912 0.645052 0.699977 0.645000 0.701130 0.644297 0.701991 0.642299 0.703144 0.640786 0.702375 0.639005 0.700264 0.637708 0.697958 0.635818 0.694505 0.632094 0.683273 0.628422 0.670602 0.624263 0.654088 0.627070 0.656394 0.632740 0.676745 0.637438 0.690185 0.639961 0.695167 0.642013 0.698241
8 0.691784 0.637537 0.693297 0.640417 0.691352 0.642722 0.688036 0.640426
8 0.692755 0.639458 0.699021 0.644449 0.703503 0.644546 0.704292 0.646889 0.696406 0.645352 0.696406 0.645352 0.691352 0.642722 0.693297 0.640417
8 0.700479 0.656931 0.694107 0.662116 0.692805 0.661921 0.692271 0.659523 0.696159 0.656352 0.697995 0.655204 0.700479 0.654148 0.702924 0.656153
8 0.715042 0.671921 0.723289 0.696694 0.721977 0.699912 0.712604 0.671477
8 0.715042 0.671921 0.718490 0.673398 0.726016 0.685556 0.725049 0.690949 0.716802 0.677731
8 0.710792 0.670699 0.720102 0.697583 0.716727 0.693583 0.709854 0.673255 0.709104 0.670148
8 0.709104 0.670148 0.706682 0.669403 0.710555 0.686398 0.713055 0.689171
8 0.725049 0.690949 0.723987 0.694616 0.723289 0.696694 0.721977 0.699912 0.723924 0.702056 0.726612 0.692616 0.728424 0.684287 0.729487 0.678176 0.727549 0.676843
8 0.727497 0.687801 0.736180 0.703977 0.740940 0.712773 0.740427 0.717005 0.731326 0.699583 0.726750 0.691949
8 0.727872 0.693773 0.730065 0.702486 0.731885 0.711444 0.727779 0.706718 0.726518 0.701074 0.725305 0.696926 0.726612 0.692616 0.726750 0.691949
8 0.730112 0.703565 0.733286 0.702898 0.734685 0.705796 0.730906 0.706801
8 0.735104 0.702236 0.740612 0.701074 0.740659 0.704144 0.736552 0.704810
8 0.740612 0.701074 0.740206 0.697458 0.739740 0.693227 0.741794 0.698782 0.742448 0.706088 0.742586 0.711810 0.741932 0.716125 0.740010 0.720921 0.740427 0.717005 0.740940 0.712773
8 0.739740 0.693227 0.737266 0.687250 0.734370 0.681329 0.738714 0.684681 0.742307 0.692315 0.744781 0.700111 0.745526 0.707995 0.744919 0.713056 0.743661 0.718449 0.740674 0.725005 0.735445 0.733218 0.730966 0.739273 0.724898 0.745250 0.721023 0.748898 0.716404 0.752051 0.711831 0.751968 0.710336 0.751222 0.715049 0.749398 0.723313 0.743176 0.729052 0.736870 0.734232 0.730315 0.737695 0.726065 0.738997 0.723750 0.740010 0.720921 0.741932 0.716125 0.742586 0.711810 0.742448 0.706088 0.741794 0.698782
8 0.744781 0.700111 0.756789 0.697282 0.758805 0.698551 0.759802 0.700167 0.759802 0.700167 0.744982 0.703611
8 0.748188 0.702769 0.751685 0.716764 0.752435 0.722986 0.752747 0.725537 0.750497 0.724431 0.749560 0.716542 0.747625 0.709546 0.746125 0.703324
8 0.746125 0.703324 0.747625 0.709546 0.749560 0.716542 0.750104 0.720606 0.748417 0.721829 0.746607 0.712722 0.745526 0.707995 0.744982 0.703611 0.744982 0.703611
8 0.751872 0.718431 0.753497 0.716542 0.751810 0.706769 0.750810 0.701991 0.748810 0.702657 0.750310 0.709657
8 0.753497 0.716542 0.756977 0.713611 0.759102 0.711500 0.759664 0.709722 0.759352 0.707500 0.758727 0.703167 0.758039 0.700505 0.759802 0.700167 0.761747 0.704681 0.762539 0.708278 0.762102 0.712611 0.759352 0.715833 0.755414 0.719384 0.752167 0.721718 0.751872 0.718431
8 0.759682 0.715097 0.761932 0.729315 0.759807 0.728537 0.758307 0.727759 0.758120 0.716986
8 0.762102 0.712611 0.762352 0.722051 0.762602 0.729829 0.764849 0.730935 0.764771 0.729639 0.763906 0.715338 0.762539 0.708278
8 0.764849 0.730935 0.764724 0.734269 0.754479 0.729384 0.747479 0.726051 0.745521 0.722037
8 0.767492 0.731981 0.776990 0.735870 0.783737 0.738315 0.788609 0.739310 0.793359 0.738537 0.792172 0.742199 0.788049 0.741977 0.783049 0.741421 0.776302 0.738977 0.767555 0.735759
8 0.768867 0.707102 0.769805 0.733315 0.767867 0.732426 0.766589 0.705231
8 0.768867 0.707102 0.778409 0.713389 0.779219 0.712944 0.779656 0.711833 0.779656 0.710278 0.765974 0.700838 0.762664 0.698282 0.761255 0.698454 0.762727 0.702056
8 0.760214 0.686949 0.761779 0.696167 0.760461 0.696463 0.759964 0.695273 0.759964 0.695273 0.758216 0.687333
8 0.757674 0.675620 0.759078 0.683588 0.757622 0.684167 0.755406 0.674468 0.757052 0.675718 0.757052 0.675718
8 0.737982 0.674750 0.733984 0.671963 0.735174 0.675708 0.738682 0.678588
8 0.740518 0.676477 0.744948 0.680125 0.746081 0.684060 0.741005 0.680509
8 0.738924 0.670403 0.742685 0.673194 0.744305 0.678472 0.740310 0.675111
8 0.734370 0.681329 0.733286 0.689824 0.732708 0.697792 0.730612 0.694065 0.732057 0.679671
8 0.733279 0.690736 0.740508 0.699861 0.740612 0.701074 0.738628 0.701787 0.732917 0.694593
8 0.745521 0.722037 0.743661 0.718449 0.742396 0.721310 0.749625 0.735060 0.760469 0.756139 0.763865 0.765134 0.764661 0.767444 0.764805 0.759866 0.750057 0.730435
8 0.762773 0.761546 0.763352 0.767588 0.762919 0.769130 0.761182 0.770801 0.759159 0.772088 0.753737 0.770028 0.754099 0.769000 0.757570 0.769000 0.759810 0.768486 0.760677 0.767718 0.760677 0.762060 0.760469 0.756139
8 0.753750 0.769259 0.756781 0.765648 0.758951 0.760764 0.759818 0.757037 0.759602 0.754079 0.749625 0.735060 0.749625 0.735060 0.743984 0.724134 0.743479 0.724778 0.745432 0.730435 0.752010 0.746370 0.754469 0.751384 0.756419 0.754597 0.757143 0.756778 0.757432 0.758324 0.755479 0.764106 0.753818 0.766292
8 0.536609 0.414792 0.532747 0.419444 0.532789 0.420866 0.539740 0.428148 0.535990 0.428750 0.531312 0.424468 0.530172 0.421917 0.530047 0.420491 0.530299 0.419065 0.530594 0.417866 0.531396 0.417269 0.534057 0.413588 0.537221 0.412088
8 0.604253 0.425472 0.606471 0.422102 0.608940 0.419097 0.612086 0.416157 0.612974 0.415583 0.613740 0.415583 0.614305 0.415870 0.615534 0.416458 0.618018 0.416343 0.621549 0.416921 0.624034 0.417505 0.626583 0.418435 0.633344 0.422181 0.640966 0.428347 0.644477 0.432218 0.648227 0.438241 0.652260 0.445986 0.649318 0.446130 0.643669 0.437023 0.640401 0.432074 0.634513 0.427269 0.627091 0.422468 0.625234 0.421963 0.622331 0.421319 0.618177 0.420315 0.615594 0.419597 0.612044 0.419884 0.608940 0.423255 0.607125 0.426125 0.605591 0.429065
8 0.647484 0.443060 0.646784 0.446213 0.649318 0.446130
8 0.634427 0.441912 0.632768 0.440495 0.631167 0.438227 0.632023 0.444477 0.634216 0.446468 0.635148 0.446389 0.635896 0.445722
8 0.625805 0.444852 0.626549 0.451708 0.625068 0.452361 0.623622 0.448213
8 0.619482 0.445375 0.621674 0.440653 0.623451 0.437583 0.624055 0.437005 0.622516 0.435593 0.620836 0.438083 0.620089 0.439741 0.619109 0.441639
8 0.602000 0.419315 0.608628 0.410519 0.611008 0.408940 0.611474 0.409190 0.611521 0.410019 0.609885 0.413505 0.603911 0.422051 0.603487 0.421597 0.602880 0.421958
8 0.582727 0.411574 0.584346 0.418968 0.581159 0.413398
8 0.581159 0.413398 0.579443 0.415815 0.586464 0.427241 0.591268 0.435977 0.596292 0.447782 0.599964 0.457097 0.602716 0.457384 0.600065 0.450648 0.597323 0.444481 0.591068 0.429986 0.588062 0.425454 0.584346 0.418968
8 0.577974 0.421463 0.581214 0.421847 0.583159 0.421463 0.584779 0.424343 0.581430 0.424727 0.579055 0.424532 0.577542 0.424343 0.576893 0.423190
8 0.584185 0.424343 0.586560 0.433653 0.590664 0.447287 0.590232 0.440181 0.586464 0.427241 0.584779 0.424343
8 0.582781 0.424343 0.584237 0.431542 0.585479 0.428949 0.584185 0.424343
8 0.585479 0.428949 0.586247 0.432134 0.585490 0.435111 0.585112 0.437704 0.583438 0.434921 0.584237 0.431542
8 0.588125 0.430102 0.589315 0.435671 0.590232 0.440181 0.590664 0.447287 0.590664 0.448727 0.592487 0.452407 0.593742 0.453620 0.592607 0.443542 0.591268 0.435977
8 0.592607 0.443542 0.593753 0.444134 0.595049 0.445866 0.596292 0.447782 0.599964 0.457097 0.596831 0.455847 0.594617 0.449801 0.592888 0.447019
8 0.551839 0.427222 0.563935 0.426644 0.570143 0.426935 0.573276 0.428375 0.573654 0.428671 0.581268 0.436111 0.582768 0.436255 0.584250 0.438926 0.584250 0.438926 0.590068 0.453338 0.594893 0.468750 0.598456 0.485639 0.600617 0.498014 0.601409 0.501611 0.603581 0.507773 0.604591 0.510866 0.611443 0.536662 0.619177 0.564542 0.623357 0.580005 0.625612 0.586995 0.627875 0.592648 0.629878 0.596519 0.630047 0.602315 0.625948 0.593389 0.621935 0.583431 0.617836 0.569597 0.610557 0.542690 0.604120 0.517699 0.602529 0.512796 0.601021 0.509523 0.600104 0.506403 0.599018 0.502389 0.595307 0.480551 0.591500 0.466218 0.590049 0.462829 0.588818 0.461042 0.584115 0.447898 0.580755 0.441130 0.575378 0.435162 0.571349 0.432569 0.566867 0.431176 0.563508 0.430986 0.551753 0.430986
8 0.552305 0.419644 0.556224 0.427028 0.553471 0.427111 0.552023 0.423713
8 0.557625 0.430764 0.562292 0.440968 0.561917 0.442546 0.560750 0.443954 0.560052 0.444120 0.559305 0.443792 0.554823 0.430931
8 0.553612 0.430931 0.559258 0.457398 0.562044 0.474167 0.566292 0.493380 0.567565 0.501884 0.567271 0.509213 0.566409 0.512167 0.564307 0.515634 0.558310 0.520778 0.556214 0.517949 0.558021 0.516796 0.560117 0.514606 0.563583 0.510755 0.564018 0.509593 0.564383 0.508310 0.564742 0.505745 0.564815 0.502917 0.564815 0.500218 0.561779 0.485690 0.558310 0.470264 0.553901 0.445722 0.551753 0.430986
8 0.541318 0.445644 0.548339 0.440940 0.548555 0.437005 0.538240 0.443819
8 0.548339 0.441611 0.545799 0.444972 0.544396 0.449102 0.543586 0.453130 0.543047 0.457644 0.542938 0.463306 0.543586 0.468106 0.543857 0.469546 0.543047 0.471657 0.540833 0.473102 0.542076 0.477227 0.546232 0.469838 0.545422 0.463019 0.545477 0.456106 0.545854 0.452556 0.547042 0.448620 0.548016 0.446218
8 0.541318 0.445644 0.541805 0.446921 0.542128 0.448648 0.542237 0.449417 0.536242 0.457579 0.527656 0.470153 0.526469 0.467847 0.526091 0.466792 0.536784 0.450667 0.537323 0.449130 0.536784 0.448264 0.534190 0.446056 0.534138 0.445194 0.529492 0.443273 0.528792 0.438667 0.538240 0.443819
8 0.536784 0.450667 0.525698 0.442329 0.523461 0.440380 0.519557 0.436296 0.517727 0.434440 0.516779 0.433694 0.515143 0.431486 0.513182 0.429509 0.511060 0.426884 0.509568 0.428778 0.509352 0.430505 0.512628 0.433856 0.514792 0.435370 0.519557 0.440681 0.523823 0.444231 0.528034 0.447977 0.535000 0.453639
8 0.525336 0.445356 0.522203 0.460333 0.521448 0.460426 0.520474 0.459755 0.520042 0.459083 0.519935 0.458412 0.523068 0.443532
8 0.523823 0.451981 0.526956 0.449866 0.529492 0.451500 0.525281 0.454380 0.523174 0.455148
8 0.527766 0.452653 0.529763 0.461292 0.532086 0.457644 0.530250 0.451597 0.529492 0.451500 0.529492 0.451500
8 0.532086 0.457644 0.533706 0.455463 0.532193 0.451241 0.528034 0.447977 0.525336 0.445356 0.524904 0.447782 0.526956 0.449866 0.529492 0.451500 0.530250 0.451597 0.530250 0.451597
8 0.517667 0.449676 0.521987 0.442569 0.519557 0.440681 0.516534 0.446218 0.516370 0.446894 0.516424 0.448236
8 0.517073 0.448523 0.515182 0.457259 0.513724 0.454282 0.515724 0.445838 0.518044 0.438829 0.518799 0.439690 0.517560 0.444394 0.516534 0.446218 0.516370 0.446894 0.516424 0.448236
8 0.513724 0.454282 0.512104 0.457384 0.510646 0.461319 0.508836 0.460356 0.511844 0.452685 0.513750 0.446667 0.516695 0.437319 0.518044 0.438829 0.515724 0.445838
8 0.510107 0.430958 0.509836 0.433838 0.509404 0.436333 0.509352 0.440171 0.509729 0.443148 0.510810 0.447565 0.509750 0.451407 0.508703 0.449005 0.507677 0.444301 0.507245 0.439787 0.507190 0.436426 0.507385 0.434324 0.507776 0.432009 0.508625 0.430106 0.509568 0.428778 0.509352 0.430505
8 0.509513 0.435565 0.512159 0.440745 0.511516 0.444898 0.509352 0.441611 0.509352 0.440171
8 0.500807 0.446130 0.501594 0.445639 0.501667 0.447310 0.501956 0.449236 0.502029 0.450653 0.502099 0.451935 0.501451 0.453481 0.500292 0.455023 0.498195 0.451935 0.498323 0.451245 0.499237 0.451014 0.500479 0.449037
8 0.495104 0.452361 0.471070 0.460139 0.472258 0.464269 0.497260 0.456204
8 0.490133 0.448139 0.491266 0.453708 0.489430 0.454282 0.488404 0.448810
8 0.488081 0.462444 0.492346 0.461389 0.496125 0.461389 0.494721 0.464745 0.492563 0.464940 0.489375 0.465708
8 0.489375 0.465708 0.489208 0.468616 0.488021 0.469958 0.486346 0.471111 0.484404 0.471495 0.479706 0.471495 0.475547 0.470727 0.474089 0.470250 0.472956 0.466694 0.474143 0.466986 0.477167 0.467944 0.480461 0.468329 0.483107 0.468329 0.485646 0.467560 0.486995 0.466310 0.486940 0.465065 0.485214 0.462569 0.483268 0.460745 0.486076 0.459690 0.488081 0.462444
8 0.477167 0.467944 0.479651 0.466505 0.486292 0.463625 0.486940 0.465065 0.486995 0.466310 0.485646 0.467560 0.483107 0.468329 0.480461 0.468329
8 0.487323 0.470412 0.491211 0.474347 0.490456 0.477037 0.484948 0.471278
8 0.490185 0.477806 0.483435 0.471852 0.481005 0.472042 0.482734 0.473866 0.489375 0.480394
8 0.474089 0.470250 0.479057 0.474185 0.486346 0.479560 0.490721 0.482250 0.496284 0.484745 0.498766 0.485514 0.498875 0.489352 0.494068 0.487241 0.488237 0.484458 0.484404 0.481481 0.479490 0.478310 0.477112 0.475528
8 0.474089 0.470250 0.475482 0.474366 0.478247 0.482824 0.484781 0.496745 0.497375 0.521208 0.498898 0.524315 0.504437 0.535722 0.508326 0.542343 0.510268 0.541287 0.510161 0.539463 0.492286 0.505769 0.483052 0.486954 0.477112 0.475528
8 0.490174 0.485176 0.486909 0.495000 0.485417 0.492204 0.487956 0.484315
8 0.490982 0.482454 0.499211 0.458931 0.498143 0.457755 0.497758 0.457065 0.496125 0.461389 0.494721 0.464745 0.491211 0.474347 0.490456 0.477037 0.490185 0.477806 0.489375 0.480394 0.489005 0.481449
8 0.497919 0.462301 0.500664 0.462662 0.502076 0.462588 0.503648 0.464954 0.502357 0.466889 0.498203 0.466102 0.496792 0.465458
8 0.500380 0.466389 0.500784 0.484889 0.501107 0.494069 0.499130 0.496292 0.498323 0.475065 0.498081 0.468468 0.498203 0.466102
8 0.503648 0.464954 0.502357 0.466889 0.500474 0.469940 0.500513 0.474815 0.503336 0.470009 0.504669 0.467718 0.504529 0.466190
8 0.498323 0.473704 0.494411 0.478509 0.491385 0.481375 0.490982 0.482454 0.492312 0.482954 0.493766 0.481949 0.495781 0.481231 0.496911 0.480227 0.498161 0.478653 0.498484 0.477861
8 0.495781 0.481231 0.497852 0.481125 0.498659 0.480769 0.498698 0.483995 0.497005 0.484139 0.494948 0.484208 0.492312 0.482954 0.493766 0.481949
8 0.500622 0.480083 0.502880 0.478653 0.505383 0.475926 0.505341 0.480014 0.503245 0.482310 0.501872 0.483310 0.500664 0.483528
8 0.502880 0.478653 0.504466 0.476394 0.505354 0.474028 0.504831 0.469653 0.504143 0.470801 0.503135 0.474458 0.501354 0.477917 0.500622 0.480083
8 0.503768 0.481662 0.503365 0.485250 0.503203 0.485894 0.502680 0.486255 0.500664 0.486394 0.500865 0.489907 0.503003 0.489838 0.503487 0.489694 0.505461 0.486662 0.505341 0.480014
8 0.505461 0.486662 0.503487 0.489694 0.501107 0.494069 0.499130 0.496292 0.498013 0.497977 0.498375 0.499194 0.499706 0.500560 0.505878 0.491667 0.511484 0.483921 0.512615 0.482630 0.512576 0.481625 0.514391 0.479259 0.514148 0.477611 0.514068 0.475963 0.514148 0.474741 0.509266 0.481625 0.507836 0.483343
8 0.514862 0.473917 0.516070 0.474347 0.517039 0.474995 0.517885 0.475856 0.521638 0.470907 0.522404 0.469829 0.522849 0.468898 0.523372 0.468255 0.527487 0.470546 0.527656 0.470153 0.526469 0.467847 0.526091 0.466792 0.524260 0.462519 0.523734 0.462444 0.523010 0.462588 0.522365 0.462731 0.521599 0.463375 0.521073 0.464380 0.520521 0.465880
8 0.520521 0.465880 0.516971 0.460116 0.515182 0.457259 0.513724 0.454282 0.512104 0.457384 0.515518 0.463773 0.516406 0.464773 0.519997 0.467000
8 0.519997 0.467000 0.518383 0.469079 0.512896 0.466282 0.506281 0.463056 0.505742 0.458838 0.506417 0.459546 0.506417 0.459546 0.508836 0.460356 0.510646 0.461319 0.516406 0.464773 0.516406 0.464773
8 0.514378 0.466745 0.514620 0.471694 0.514148 0.474741 0.512159 0.477505 0.512078 0.472699 0.512318 0.466019
8 0.511029 0.470764 0.506510 0.464380 0.506591 0.465065 0.507359 0.469903 0.508854 0.472963 0.509536 0.474278 0.510182 0.474421 0.510828 0.473773 0.511232 0.473273 0.511313 0.472486
8 0.517667 0.449676 0.520690 0.455370 0.519935 0.458412 0.519232 0.459111 0.518693 0.459111 0.515885 0.454218 0.517073 0.448523
8 0.528411 0.429213 0.542857 0.427694 0.549315 0.427185 0.548937 0.431505 0.527500 0.433134
8 0.535417 0.434056 0.541227 0.442014 0.543927 0.440079 0.538443 0.434125
8 0.535417 0.434056 0.527500 0.433134 0.548937 0.431505 0.548833 0.432611 0.548797 0.433366
8 0.528076 0.433051 0.528792 0.438667 0.529492 0.443273 0.530013 0.445745 0.527914 0.443949 0.526826 0.436634 0.527500 0.433134
8 0.521219 0.431259 0.524284 0.434199 0.524284 0.436708 0.523034 0.440005 0.521461 0.438644 0.522510 0.436421 0.520089 0.434556
8 0.502263 0.430787 0.502159 0.431838 0.502227 0.433019 0.502193 0.434009 0.501810 0.435310 0.501740 0.436611 0.501914 0.438593 0.503797 0.440639 0.503260 0.445106 0.501594 0.445639 0.500807 0.446130 0.500484 0.442125 0.500414 0.439042 0.500102 0.433944 0.501182 0.430597
8 0.491083 0.465083 0.492216 0.471708 0.493620 0.468060 0.493099 0.464769
8 0.494513 0.472032 0.495279 0.477546 0.494411 0.478509 0.493711 0.479282 0.493258 0.475690
8 0.497406 0.488519 0.498451 0.497380 0.498013 0.497977 0.498375 0.499194 0.498836 0.499676 0.499393 0.505005 0.497370 0.505935 0.496047 0.495458 0.495104 0.487588
8 0.488727 0.498681 0.495419 0.489694 0.495802 0.493412 0.492247 0.498000 0.489911 0.501162
8 0.492768 0.497319 0.494688 0.506801 0.493154 0.507481 0.492286 0.505769 0.491026 0.499611
8 0.493154 0.507481 0.494688 0.506801 0.497370 0.505935 0.499393 0.505005 0.499638 0.508009 0.496570 0.509435 0.494339 0.510181
8 0.486495 0.508537 0.490781 0.508042 0.492385 0.511509 0.487750 0.512255
8 0.487750 0.512255 0.494443 0.515259 0.496047 0.518731 0.488724 0.515259
8 0.474432 0.503454 0.478544 0.506366 0.481893 0.508352 0.484263 0.508722 0.485273 0.511944 0.482310 0.511634 0.480742 0.511449 0.479521 0.510894 0.478581 0.510333 0.476354 0.508657 0.475302 0.507481
8 0.479242 0.510644 0.477359 0.517338 0.478029 0.520120 0.478232 0.521181 0.479242 0.518083 0.480289 0.514176 0.481266 0.511574 0.480742 0.511449 0.479521 0.510894
8 0.482310 0.511634 0.486388 0.525486 0.490086 0.536208 0.491828 0.540546 0.492211 0.540301 0.492526 0.539310 0.495279 0.529764 0.495792 0.529444 0.497430 0.528838 0.498333 0.527736 0.498898 0.524315 0.499464 0.525301 0.497893 0.531435 0.495174 0.540486 0.493781 0.544079 0.492839 0.545194 0.491654 0.545384 0.490922 0.545074 0.486180 0.533111 0.483216 0.522699 0.481544 0.515014 0.481266 0.511574
8 0.482102 0.501843 0.480044 0.507236 0.481893 0.508352 0.482346 0.508412 0.483357 0.505995
8 0.483216 0.498745 0.484193 0.495398 0.485622 0.498435 0.484508 0.502523
8 0.484716 0.503208 0.486911 0.500727 0.487992 0.503083 0.485727 0.505935
8 0.472008 0.491736 0.477857 0.488727 0.478745 0.491454 0.472773 0.495037
8 0.470070 0.482630 0.470677 0.483134 0.476565 0.489370 0.474750 0.490375 0.471081 0.486792
8 0.469667 0.480551 0.476445 0.484065 0.477292 0.487005 0.472128 0.484639 0.470070 0.482630
8 0.468458 0.475602 0.472977 0.473523 0.471966 0.471014 0.470393 0.471301 0.467609 0.472449
8 0.470878 0.474171 0.474227 0.477324 0.475557 0.481625 0.474266 0.480769 0.468740 0.476750 0.468458 0.475602 0.468458 0.475602
8 0.466240 0.476319 0.463635 0.478685 0.463779 0.475745 0.465755 0.474171
8 0.458737 0.480694 0.461398 0.477611 0.461036 0.482343 0.460068 0.483421 0.459391 0.482060
8 0.462971 0.489014 0.466440 0.494824 0.469547 0.498764 0.471443 0.500917 0.472169 0.504505 0.468901 0.501134 0.465271 0.497477 0.463214 0.494963 0.462568 0.493315
8 0.463617 0.490162 0.469708 0.492741 0.470151 0.495611 0.465917 0.493963
8 0.480930 0.479111 0.481563 0.481361 0.484576 0.481630 0.487956 0.484315 0.487768 0.485486 0.483310 0.483931 0.480898 0.483181 0.479242 0.479648 0.479490 0.478310
8 0.463763 0.511977 0.462068 0.516134 0.463721 0.520079 0.471023 0.513912
8 0.471023 0.513912 0.469346 0.520444 0.468654 0.525583 0.470130 0.527032 0.471516 0.519852 0.472542 0.514176
8 0.474789 0.516301 0.472406 0.516407 0.472073 0.517588 0.472344 0.522569 0.472891 0.525088 0.474365 0.527120 0.473792 0.522569 0.473404 0.517856 0.473669 0.517750 0.475237 0.518389
8 0.476143 0.522301 0.474789 0.523426 0.474156 0.524014 0.474005 0.524282 0.474365 0.527120 0.474935 0.530551 0.478042 0.535319 0.479333 0.537079 0.478370 0.532588 0.477315 0.531301 0.476443 0.530176 0.475151 0.525463 0.475117 0.524819 0.476417 0.523907
8 0.471260 0.520931 0.472891 0.525088 0.474365 0.527120 0.474935 0.530551 0.474935 0.530551 0.474971 0.531838 0.473924 0.530620 0.472029 0.527241 0.470737 0.524231
8 0.479242 0.518083 0.482000 0.529315 0.484823 0.539926 0.484096 0.540431 0.482039 0.536986 0.478232 0.521181
8 0.480255 0.515481 0.481544 0.515014 0.483216 0.522699 0.486180 0.533111 0.490922 0.545074 0.491654 0.545384 0.492839 0.545194 0.497271 0.551208 0.502560 0.557597 0.506716 0.562208 0.504341 0.562690 0.497318 0.554620 0.490190 0.545889 0.488896 0.544250 0.487383 0.540894 0.484359 0.533310 0.481068 0.521986
8 0.487060 0.527454 0.493971 0.534847 0.492945 0.537917 0.489167 0.533792
8 0.496130 0.537343 0.506823 0.548477 0.506932 0.550880 0.506771 0.552032 0.506445 0.552319 0.497427 0.542718 0.495174 0.540486
8 0.498130 0.530528 0.503961 0.539935 0.503313 0.541565 0.502990 0.542718 0.497266 0.533694
8 0.501802 0.540509 0.500883 0.542333 0.496130 0.537343 0.497266 0.533694 0.497266 0.533694
8 0.503422 0.548861 0.503044 0.553856 0.501964 0.556829 0.500451 0.555296 0.501424 0.551167 0.501857 0.547519
8 0.501802 0.548671 0.497753 0.551741 0.496456 0.550014 0.500831 0.546366 0.501857 0.547519
8 0.509578 0.541662 0.511737 0.548958 0.512872 0.551167 0.513521 0.552125 0.514167 0.554815 0.512763 0.555773 0.511143 0.553278 0.509956 0.549537 0.508930 0.546653 0.508326 0.542343
8 0.510161 0.539463 0.509242 0.537833 0.509836 0.537449 0.511565 0.540134 0.513888 0.546282 0.515885 0.553097 0.514815 0.553856 0.514167 0.554815 0.513521 0.552125 0.511349 0.545319 0.509945 0.541481 0.510268 0.541287
8 0.517409 0.537917 0.519406 0.538014 0.521836 0.546079 0.520216 0.548000
8 0.513672 0.530231 0.514815 0.528032 0.517245 0.532542 0.518919 0.536671 0.516706 0.536093
8 0.513672 0.530231 0.510214 0.536106 0.509836 0.537449 0.509242 0.537833 0.507568 0.534667 0.514534 0.522569 0.522203 0.510375 0.524740 0.506634 0.526036 0.510088 0.520206 0.519782
8 0.515951 0.520542 0.510443 0.512861 0.507742 0.509213 0.507581 0.513630 0.512008 0.520352 0.515464 0.521505
8 0.515464 0.521505 0.512008 0.520352 0.507568 0.517384 0.507732 0.521898 0.512104 0.524199 0.513456 0.524681
8 0.507581 0.489245 0.507742 0.509213 0.507581 0.513630 0.507568 0.517384 0.507732 0.521898 0.507568 0.534667 0.505745 0.531486 0.505690 0.505472 0.505878 0.491667
8 0.505742 0.506241 0.501094 0.498657 0.499706 0.500560 0.500451 0.503264 0.505797 0.511713
8 0.507526 0.501440 0.515141 0.497213 0.527073 0.487806 0.535341 0.479014 0.534904 0.477898 0.530464 0.475681 0.521638 0.470907 0.522404 0.469829 0.522849 0.468898 0.523372 0.468255 0.527487 0.470546 0.533214 0.473347 0.537214 0.475681 0.538214 0.477019 0.538404 0.479014 0.537026 0.481903 0.530216 0.488903 0.520784 0.497454 0.511596 0.502782 0.507661 0.504778
8 0.515141 0.497213 0.511495 0.490458 0.509557 0.486463 0.508057 0.488569 0.511057 0.495458 0.512870 0.498903
8 0.507471 0.494227 0.511719 0.499222 0.509471 0.500333 0.507596 0.498333
8 0.514391 0.479259 0.513245 0.493681 0.511495 0.490458 0.511870 0.483352 0.512615 0.482630 0.512576 0.481625
8 0.514391 0.479259 0.517992 0.490347 0.519305 0.494014 0.521805 0.491903 0.517305 0.480130 0.517492 0.479574 0.522055 0.485463 0.524427 0.488019 0.525865 0.488903 0.527927 0.487241 0.525427 0.484352 0.519867 0.477574 0.517885 0.475856 0.517039 0.474995 0.516070 0.474347 0.514862 0.473917 0.514148 0.474741 0.514068 0.475963 0.514068 0.475963 0.514148 0.477611
8 0.520029 0.472787 0.520904 0.476565 0.522221 0.480787 0.525427 0.484352 0.522654 0.476676 0.522029 0.473898 0.523284 0.475009 0.526096 0.479120 0.529651 0.485449 0.531094 0.483671 0.527526 0.475898 0.525284 0.472787 0.521638 0.470907
8 0.525427 0.484352 0.527365 0.486574 0.526096 0.479120 0.523284 0.475009 0.522029 0.473898 0.522654 0.476676
8 0.531094 0.483671 0.532862 0.481685 0.529615 0.475352 0.525284 0.472787 0.527526 0.475898
8 0.534148 0.484671 0.535844 0.488227 0.533964 0.491116 0.531969 0.487005
8 0.533531 0.490338 0.530216 0.488903 0.527221 0.491894 0.531094 0.495894 0.533964 0.491116
8 0.529594 0.494005 0.530406 0.496889 0.529089 0.498667 0.527221 0.491894
8 0.527221 0.491894 0.525240 0.493347 0.527240 0.501681 0.529089 0.498667
8 0.531839 0.501000 0.535273 0.506111 0.533776 0.507333 0.530589 0.503111
8 0.530589 0.503111 0.531487 0.508343 0.529490 0.509343 0.528802 0.506454
8 0.533276 0.498889 0.536594 0.502222 0.538461 0.503778 0.536711 0.505333 0.533964 0.503222 0.531839 0.501000
8 0.534849 0.495926 0.537299 0.498681 0.539609 0.503231 0.538461 0.503778 0.536594 0.502222 0.533276 0.498889
8 0.537299 0.498681 0.535362 0.495236 0.537174 0.491903 0.540922 0.501014 0.543672 0.505343 0.549857 0.515343 0.557792 0.528227 0.557167 0.529560 0.556229 0.530449 0.555417 0.530560 0.554669 0.530449 0.552294 0.526227 0.543172 0.510454 0.539609 0.503231
8 0.707161 0.582546 0.696823 0.610546 0.690883 0.629282 0.685195 0.644745 0.682604 0.645042 0.691888 0.617681 0.699833 0.595375 0.705990 0.579120 0.706953 0.579894
8 0.740219 0.729931 0.747086 0.747926 0.748388 0.747023 0.748966 0.745741 0.748823 0.743810 0.741302 0.727870
8 0.741302 0.727870 0.740219 0.729931 0.734516 0.741356 0.730107 0.747912 0.725914 0.753954 0.722154 0.753694 0.729961 0.743287 0.735021 0.734806 0.737914 0.729792 0.740674 0.725005 0.741961 0.722981 0.743479 0.724778
8 0.729232 0.715412 0.730026 0.726847 0.729521 0.736486 0.732195 0.732889 0.732268 0.724537 0.731690 0.718495
8 0.731690 0.718495 0.733432 0.720407 0.733865 0.726708 0.733865 0.730949 0.732195 0.732889 0.732268 0.724537
8 0.729810 0.730704 0.727495 0.722477 0.724388 0.712838 0.722870 0.712069 0.719328 0.710653 0.720339 0.708213 0.723953 0.708856 0.727206 0.712838 0.729953 0.722991 0.730026 0.726847
8 0.715641 0.717079 0.723448 0.719264 0.723375 0.722352 0.714411 0.719394
8 0.723375 0.722352 0.727430 0.729662 0.729052 0.736870 0.729521 0.736486 0.729521 0.736486 0.729810 0.730704 0.729810 0.730704 0.726924 0.723880 0.724250 0.719509 0.719328 0.710653 0.718250 0.713083 0.721792 0.718866 0.723448 0.719264 0.723310 0.719255
8 0.724893 0.741755 0.721930 0.728005 0.719328 0.721449 0.718677 0.720681 0.714411 0.719394 0.707617 0.717852 0.696917 0.716310 0.685568 0.715023 0.672799 0.705630 0.664768 0.700282 0.659969 0.696366 0.658133 0.694435 0.656622 0.697250 0.665659 0.704833 0.681469 0.715991 0.685315 0.718662 0.694516 0.720449 0.707479 0.721940 0.714172 0.724176 0.718438 0.726991 0.721279 0.736356 0.722703 0.744097
8 0.701841 0.713889 0.713039 0.716394 0.711474 0.718694 0.707617 0.717852 0.703849 0.717458
8 0.713039 0.716394 0.717359 0.709481 0.720383 0.705065 0.721354 0.706023 0.719328 0.710653 0.718250 0.713083 0.715641 0.717079 0.714411 0.719394 0.711474 0.718694
8 0.690510 0.697806 0.705469 0.702417 0.714000 0.704718 0.718969 0.707120 0.717359 0.709481 0.709302 0.706829 0.703578 0.705486 0.697745 0.703759 0.693372 0.701935
8 0.700607 0.712208 0.705469 0.710769 0.709247 0.709134 0.712109 0.710671 0.708979 0.712301 0.704927 0.713838 0.703039 0.714222 0.701841 0.713889
8 0.712109 0.710671 0.716117 0.711880 0.717359 0.709481 0.709302 0.706829 0.703578 0.705486 0.703049 0.706986 0.709247 0.709134
8 0.700076 0.689606 0.701646 0.701130 0.699810 0.700745 0.698404 0.690796
8 0.685919 0.692144 0.692401 0.690125 0.697044 0.688977 0.694221 0.686037 0.688115 0.687824 0.687865 0.689606 0.686023 0.689014 0.685542 0.688977 0.682789 0.689838
8 0.679508 0.687125 0.686904 0.684519 0.686146 0.688264 0.682422 0.689417
8 0.690995 0.670157 0.690781 0.674093 0.690401 0.676593 0.688620 0.674861 0.689268 0.668333
8 0.697367 0.685134 0.698177 0.684366 0.695693 0.675440 0.692995 0.672750 0.692724 0.673421 0.694344 0.681296
8 0.698177 0.684366 0.700456 0.684616 0.703805 0.685000 0.706776 0.689130 0.700578 0.688417 0.697367 0.685134 0.697367 0.685134
8 0.675937 0.677319 0.683232 0.672519 0.685336 0.675306 0.681070 0.678759 0.676643 0.680296
8 0.671448 0.663824 0.674526 0.673421 0.673013 0.678222 0.670315 0.668333
8 0.671448 0.663824 0.673349 0.655912 0.674536 0.651977 0.671135 0.652843 0.668651 0.663111 0.666977 0.669546 0.668596 0.673958
8 0.672151 0.660944 0.675065 0.658255 0.677549 0.655097 0.679008 0.656912 0.676685 0.660750 0.673500 0.663824 0.671664 0.664880 0.671448 0.663824
8 0.665151 0.664968 0.668651 0.663111 0.667570 0.667431 0.666276 0.668009
8 0.662107 0.658255 0.669557 0.659505 0.670315 0.656431 0.664169 0.655144 0.661091 0.655815
8 0.681005 0.652014 0.679602 0.650287 0.675401 0.651782 0.677549 0.655097 0.677549 0.655097 0.679008 0.656912 0.679331 0.657389
8 0.633461 0.653801 0.653315 0.663208 0.653693 0.662153 0.654070 0.660616 0.654180 0.659079 0.654232 0.657931 0.635711 0.650824 0.632740 0.649671
8 0.644609 0.650384 0.651414 0.656815 0.644609 0.654125 0.641154 0.650769 0.641964 0.649806
8 0.644609 0.650384 0.656448 0.655241 0.657365 0.654472 0.655745 0.650343 0.645594 0.646986 0.641878 0.645727 0.639854 0.647333 0.641706 0.648810 0.641964 0.649806
8 0.647565 0.641713 0.650021 0.638537 0.651370 0.641222 0.649372 0.643815 0.645594 0.646986 0.641878 0.645727 0.643299 0.644981 0.644805 0.643644 0.646560 0.642755
8 0.641154 0.650769 0.639221 0.651495 0.638086 0.651782 0.635711 0.650824 0.632740 0.649671 0.632667 0.648829 0.633599 0.648829 0.635701 0.648329 0.636961 0.648162 0.638128 0.648162 0.639013 0.648079 0.639854 0.647333 0.641706 0.648810 0.641964 0.649806
8 0.629130 0.664347 0.633943 0.671792 0.634255 0.672236 0.635443 0.675676 0.634193 0.675676 0.633068 0.675454 0.631880 0.673898
8 0.625133 0.657907 0.622698 0.652458 0.618000 0.648713 0.617573 0.648685 0.621195 0.656241 0.627307 0.665968
8 0.599635 0.662005 0.603581 0.665991 0.596885 0.652648 0.596508 0.652648
8 0.598036 0.655009 0.602732 0.652227 0.602563 0.652977 0.602708 0.654519 0.603057 0.655681 0.599547 0.657986
8 0.649417 0.604074 0.653417 0.606185 0.655766 0.607102 0.656203 0.606324 0.656641 0.604991 0.656815 0.603977 0.653581 0.603102 0.652456 0.602880 0.650831 0.602102 0.650018 0.602546
8 0.705990 0.579120 0.702117 0.575426 0.701109 0.578796 0.704982 0.582093
8 0.507687 0.541185 0.506500 0.543102 0.506823 0.548477 0.506932 0.550880 0.506771 0.552032 0.507958 0.557981 0.509091 0.560190 0.510279 0.560769 0.513357 0.560769 0.514977 0.558653 0.524401 0.546806 0.523255 0.544491 0.514815 0.553856 0.512115 0.556449 0.511521 0.556829 0.511089 0.555773 0.508930 0.546653 0.508326 0.542343
8 0.522841 0.495338 0.530151 0.515662 0.527526 0.514329 0.526096 0.510000 0.524534 0.506444 0.520904 0.497222
8 0.529276 0.513884 0.534773 0.510667 0.539086 0.507667 0.540836 0.505667 0.539609 0.503231 0.538461 0.503778 0.538461 0.503778 0.536711 0.505333 0.535273 0.506111 0.533776 0.507333 0.531487 0.508343 0.529490 0.509343 0.527901 0.509889
8 0.518779 0.484338 0.523154 0.486338 0.524427 0.488019 0.524427 0.488019 0.524479 0.489676 0.520529 0.488671
8 0.513974 0.482894 0.515844 0.483449 0.517099 0.487894 0.513719 0.486560
8 0.516531 0.499889 0.519591 0.505444 0.523029 0.509222 0.521466 0.511995 0.519716 0.509667 0.516286 0.505111 0.514094 0.501333
8 0.512906 0.501889 0.511844 0.515218 0.509596 0.511995 0.510156 0.503444
8 0.512094 0.509667 0.517849 0.513218 0.520341 0.513662 0.521466 0.511995 0.519716 0.509667 0.516286 0.505111 0.514094 0.501333 0.512906 0.501889 0.512656 0.503222 0.518224 0.510333 0.514724 0.507889 0.512531 0.506444
8 0.537211 0.508667 0.545214 0.518551 0.541523 0.519106 0.534773 0.510667
8 0.532656 0.511995 0.534719 0.520440 0.531401 0.516662 0.530781 0.512995
8 0.534719 0.520440 0.546047 0.530782 0.545984 0.533889 0.545609 0.534778 0.537049 0.527227 0.531237 0.522116 0.528677 0.519560 0.525865 0.517005 0.524240 0.514787 0.523677 0.514120 0.526096 0.510000 0.527526 0.514329 0.530151 0.515662 0.531401 0.516662
8 0.518341 0.521995 0.530406 0.521218 0.530651 0.524884 0.524279 0.525657 0.516469 0.525324
8 0.530651 0.524884 0.532299 0.527894 0.535237 0.529894 0.542234 0.531667 0.537049 0.527227 0.531237 0.522116 0.530406 0.521218
8 0.534719 0.520440 0.545214 0.518551 0.548044 0.518227 0.549732 0.522005 0.540672 0.523227 0.537799 0.523449
8 0.543083 0.528102 0.558391 0.532102 0.571576 0.535769 0.586607 0.540565 0.596854 0.544009 0.594542 0.547898 0.574424 0.540787 0.561117 0.537120 0.554141 0.534954 0.554271 0.533148 0.552370 0.532778 0.552240 0.534491 0.546057 0.532125 0.546047 0.530782 0.546047 0.530782
8 0.554297 0.533148 0.552732 0.551884 0.550982 0.553329 0.552344 0.532824
8 0.557180 0.535713 0.557786 0.547245 0.556294 0.550231 0.555547 0.543926 0.555174 0.535296
8 0.552281 0.535546 0.545599 0.551157 0.542852 0.551727 0.550133 0.533972 0.552240 0.534491 0.552240 0.534491
8 0.545599 0.551157 0.551281 0.549519 0.550982 0.553329 0.543302 0.555329 0.526500 0.560139 0.507549 0.565532 0.505823 0.565120 0.504341 0.562690 0.506716 0.562208 0.510279 0.560769 0.513357 0.560769 0.514977 0.558653 0.533081 0.554250 0.542852 0.551727
8 0.541016 0.552269 0.535237 0.529894 0.537344 0.530384 0.543122 0.550736 0.543122 0.551505 0.542852 0.551727
1 0.516706 0.536093 0.510214 0.536106 0.509836 0.537449 0.517409 0.537917 0.519406 0.538014 0.523552 0.538792 0.526792 0.538602 0.529492 0.537931 0.531383 0.536583 0.533112 0.535144 0.534784 0.533898 0.535326 0.533704 0.536297 0.533514 0.535865 0.532361 0.535000 0.532551 0.533922 0.533417 0.531977 0.534759 0.530195 0.536394 0.528792 0.536968 0.527172 0.537255 0.521932 0.537352 0.518919 0.536671
8 0.519523 0.536815 0.519039 0.534991 0.519091 0.529329 0.519687 0.529134 0.520659 0.529421 0.521036 0.530000 0.520982 0.534417 0.521036 0.535565 0.521932 0.537352
8 0.520172 0.538065 0.525573 0.549102 0.528326 0.553421 0.529839 0.555343 0.532161 0.554574 0.526273 0.545551 0.522602 0.538639
8 0.524693 0.542824 0.527758 0.538449 0.529492 0.537931 0.529531 0.538736 0.528523 0.540889 0.525982 0.545120
8 0.530219 0.537231 0.531346 0.543472 0.531992 0.547125 0.533081 0.554250 0.535099 0.553866 0.533404 0.542394 0.532234 0.535796 0.531383 0.536583
8 0.531065 0.541319 0.528000 0.545620 0.526990 0.546625 0.528443 0.548991 0.530781 0.545907 0.531630 0.544759
8 0.523240 0.556810 0.522594 0.552218 0.522029 0.549495 0.523924 0.548634 0.524612 0.549352 0.525943 0.556236
8 0.522997 0.554440 0.520536 0.557454 0.517310 0.558097 0.518156 0.556523 0.519448 0.555375 0.522474 0.551356
8 0.520740 0.561685 0.519852 0.562833 0.518964 0.565125 0.520578 0.573519 0.521747 0.581333 0.519044 0.578176 0.517510 0.570718 0.516745 0.566060 0.516786 0.564051 0.517875 0.562472
8 0.519852 0.562833 0.523951 0.565315 0.524271 0.567606 0.518964 0.565125
8 0.516786 0.564051 0.512776 0.570764 0.510234 0.568611 0.514188 0.563519 0.517875 0.562472
8 0.523279 0.560824 0.526547 0.582338 0.527313 0.587000 0.529169 0.588431 0.531023 0.585634 0.530823 0.584991 0.527958 0.583486 0.527354 0.581620 0.527273 0.580042 0.527958 0.578681 0.528604 0.577245 0.529169 0.575454 0.526500 0.560139
8 0.541917 0.559819 0.540383 0.559750 0.538487 0.559963 0.537318 0.560681 0.536591 0.560968 0.535299 0.559819 0.533849 0.559032 0.532396 0.558384 0.529250 0.559176 0.528846 0.559894 0.528242 0.561972 0.528323 0.565986 0.528323 0.568569 0.528081 0.569861 0.528966 0.574449 0.529654 0.573231 0.530138 0.572083 0.530500 0.570074 0.530339 0.563694 0.530781 0.563120 0.531953 0.563120 0.533969 0.563907 0.536268 0.564838
8 0.557044 0.553856 0.558609 0.565088 0.560339 0.562782 0.558664 0.553185
8 0.699924 0.620551 0.703857 0.626796 0.708984 0.639120 0.706115 0.637204 0.703690 0.632894 0.702685 0.629472 0.700510 0.625606 0.698755 0.622782
8 0.511536 0.371574 0.513393 0.374264 0.506352 0.377583 0.490977 0.382889 0.483365 0.384079 0.481380 0.385139 0.478542 0.381852 0.481023 0.380060 0.482948 0.380060 0.491479 0.378130 0.505732 0.373481
8 0.692422 0.793051 0.695336 0.791829 0.701313 0.806755
8 0.460372 0.455162 0.462497 0.458491 0.462747 0.462380 0.459875 0.459491
8 0.462747 0.462380 0.458750 0.463935 0.458188 0.467269 0.462310 0.465824
8 0.462310 0.465824 0.460385 0.489347 0.458948 0.514009 0.459948 0.516894 0.460573 0.517005 0.461010 0.517227 0.463635 0.478685 0.464323 0.466356 0.463500 0.463819 0.462497 0.458491 0.462497 0.458491 0.462747 0.462380
8 0.456065 0.473838 0.459391 0.482060 0.460836 0.484759 0.460385 0.489347 0.457078 0.482449 0.454258 0.476023
8 0.453815 0.487273 0.457078 0.482449 0.458508 0.485352 0.454823 0.491264
8 0.449487 0.487204 0.450081 0.489981 0.451107 0.495704 0.452911 0.505356 0.452943 0.504370 0.453195 0.502662 0.453490 0.500093 0.453555 0.496880 0.453195 0.493014 0.452544 0.490190 0.451531 0.487750 0.450159 0.486977
8 0.455198 0.490542 0.460331 0.492088 0.460385 0.489347 0.456859 0.487843
8 0.456859 0.490801 0.459896 0.496454 0.459753 0.502495 0.455487 0.494269 0.455320 0.492773 0.454823 0.491264 0.454823 0.491264 0.455198 0.490542 0.455198 0.490542
8 0.455560 0.500310 0.459318 0.510593 0.458948 0.514009 0.455237 0.505116 0.455487 0.502588
8 0.461633 0.508023 0.473560 0.510463 0.474354 0.514574 0.461414 0.511620
8 0.462138 0.499926 0.466042 0.507380 0.465607 0.508921 0.463221 0.508921 0.461703 0.506222
8 0.462138 0.499926 0.462341 0.496532 0.463279 0.497431 0.465594 0.502444 0.467690 0.504630 0.470003 0.505787 0.472823 0.506685 0.473560 0.510463 0.468992 0.509255 0.466042 0.507380
8 0.472440 0.418699 0.473979 0.427991 0.471646 0.429653 0.470013 0.416708
8 0.472440 0.418699 0.475302 0.420500 0.478849 0.424153 0.476747 0.425977 0.472875 0.421995
8 0.470013 0.416708 0.467927 0.415440 0.468115 0.412866 0.468253 0.411870 0.475534 0.417264 0.480714 0.422157 0.478849 0.424153 0.475302 0.420500 0.472440 0.418699
8 0.468253 0.411870 0.468346 0.408884 0.477122 0.414194 0.479456 0.418843
8 0.470526 0.410236 0.470760 0.407167 0.475661 0.410486 0.477122 0.414194 0.477122 0.414194
8 0.470852 0.405398 0.470760 0.407167 0.470526 0.410236 0.469141 0.409380 0.469820 0.404912
8 0.472487 0.404509 0.475661 0.410486 0.477122 0.414194 0.479456 0.418843 0.480714 0.422157 0.484388 0.430231 0.486815 0.434713 0.494375 0.446162 0.494703 0.446079 0.488635 0.433218 0.483268 0.420940 0.477760 0.408245 0.475521 0.402685
8 0.475521 0.402685 0.476701 0.402991 0.479594 0.403907 0.482255 0.404569 0.484076 0.407722 0.484076 0.408301 0.481836 0.409134 0.478661 0.407722 0.477307 0.407306
8 0.485078 0.403750 0.491435 0.402602 0.493909 0.405838 0.487003 0.407333 0.486602 0.406144
8 0.497221 0.404264 0.507818 0.400278 0.509591 0.399449 0.510383 0.398370 0.510758 0.397125 0.510758 0.395218 0.510617 0.393560 0.508854 0.393736 0.508471 0.393560 0.506977 0.394889 0.503148 0.397292 0.499602 0.399199 0.496661 0.400861 0.494935 0.401440
8 0.485042 0.383685 0.493161 0.386259 0.490128 0.388250 0.481526 0.384968
8 0.472440 0.390157 0.476034 0.388000 0.478320 0.386343 0.476453 0.383935 0.470107 0.388333
8 0.476828 0.387255 0.479674 0.395051 0.479003 0.395417 0.477201 0.393889 0.474914 0.388500
8 0.473607 0.386009 0.471086 0.378792 0.471966 0.378486 0.474120 0.381116 0.475661 0.384597
8 0.479815 0.371653 0.477154 0.380282 0.474961 0.377963 0.476875 0.371653
8 0.464971 0.371157 0.463479 0.381032 0.460539 0.382940 0.462872 0.370991
8 0.464693 0.372898 0.469219 0.372981 0.469313 0.376884 0.463992 0.377296
8 0.453305 0.375306 0.461052 0.381116 0.460539 0.382940 0.458953 0.383972 0.458953 0.383972 0.451344 0.377796 0.449617 0.376718 0.448685 0.374394
1 0.443690 0.373148 0.446724 0.384431 0.448451 0.390157 0.447143 0.390157 0.444318 0.379463 0.443185 0.375139 0.442570 0.372898
8 0.464497 0.331199 0.464560 0.341866 0.464602 0.348532 0.462185 0.338755 0.462185 0.332088 0.462435 0.325537 0.463086 0.324630
8 0.471359 0.342935 0.472758 0.347616 0.470258 0.354060 0.470219 0.353366 0.469859 0.349509
8 0.471932 0.348972 0.471932 0.360634 0.473870 0.361301 0.473745 0.350194 0.472758 0.347616
8 0.606633 0.571787 0.611568 0.590894 0.608695 0.586005 0.607508 0.582787 0.605383 0.574343
8 0.612005 0.569014 0.614630 0.589005 0.612818 0.591782 0.612130 0.591449 0.609818 0.570125
8 0.614630 0.567458 0.602901 0.574208 0.602029 0.573653 0.601966 0.571769 0.602341 0.571213 0.608339 0.567324 0.615836 0.561657 0.616818 0.565681
8 0.617568 0.567792 0.615068 0.577898 0.614005 0.578454 0.613255 0.577343 0.612880 0.575454 0.612818 0.574343 0.614630 0.567458 0.616818 0.565681
8 0.611880 0.550463 0.613023 0.551329 0.613961 0.553884 0.611461 0.560991 0.608339 0.567324 0.604026 0.570435 0.609651 0.556995 0.600216 0.571102 0.592656 0.584764 0.591594 0.584875 0.591656 0.583319 0.592094 0.581208 0.596029 0.572324 0.601779 0.563546 0.609214 0.552662 0.610505 0.551685 0.610818 0.550463
8 0.610505 0.551685 0.609214 0.552662 0.601654 0.549440 0.597279 0.547995 0.599029 0.545000 0.602404 0.545884
8 0.611818 0.548019 0.612005 0.548907 0.611880 0.550463 0.610818 0.550463 0.610505 0.551685 0.601570 0.545130 0.600135 0.544019 0.599323 0.544574 0.594885 0.552019 0.593510 0.555019 0.593138 0.556681 0.591451 0.563125 0.591138 0.566458 0.590763 0.574454 0.590576 0.582120 0.589076 0.577565 0.588763 0.570681 0.589451 0.562347 0.590513 0.556903 0.592388 0.552019 0.594542 0.547898 0.596854 0.544009 0.599198 0.541579 0.600885 0.542023 0.602070 0.542352 0.606508 0.545352
8 0.630188 0.530023 0.627393 0.531778 0.626083 0.537444 0.627062 0.540690
8 0.630188 0.530023 0.627062 0.540690 0.628312 0.545352 0.630500 0.539579 0.631437 0.529690
8 0.623690 0.528579 0.630250 0.525806 0.630852 0.520745 0.632255 0.517097 0.632255 0.517097 0.632740 0.514602 0.632740 0.514602 0.632531 0.517940 0.632531 0.517940 0.631437 0.529690 0.625065 0.533023
8 0.675937 0.677319 0.678974 0.688500 0.678901 0.692995 0.678034 0.694412 0.677240 0.694412 0.675505 0.693241 0.674276 0.691315 0.671641 0.687593 0.670557 0.684449 0.662708 0.666778 0.654828 0.648273 0.647482 0.633829 0.643133 0.624463 0.638951 0.615838 0.635185 0.610634 0.633352 0.606648 0.632456 0.600463 0.636607 0.607810 0.643049 0.618218 0.648651 0.629222 0.657315 0.647644 0.665151 0.664968 0.671979 0.681921 0.673654 0.684894 0.675794 0.687856 0.676125 0.687060 0.674406 0.682810
8 0.620128 0.526472 0.616880 0.531134 0.612505 0.533023 0.617193 0.527583 0.617193 0.526472 0.618753 0.524472
8 0.610443 0.533801 0.621396 0.529106 0.622690 0.533579 0.612005 0.538356
8 0.584516 0.537356 0.593906 0.539333 0.593698 0.541356 0.591138 0.542352 0.586607 0.540565 0.586607 0.540565 0.584534 0.540000
8 0.582891 0.534468 0.590888 0.534579 0.593760 0.534356 0.593760 0.537690 0.584516 0.537356 0.584583 0.535218 0.584583 0.535218
8 0.584034 0.517227 0.583464 0.520694 0.582266 0.528245 0.581346 0.533667 0.578846 0.532333 0.581034 0.521671
8 0.593760 0.531245 0.582266 0.528245 0.581766 0.531468 0.588951 0.533690 0.593760 0.534356
8 0.470245 0.359745 0.473870 0.361301 0.477617 0.360856 0.478117 0.362412 0.476680 0.364745 0.472870 0.364301 0.470245 0.363301
8 0.487740 0.344306 0.485177 0.352083 0.483339 0.350870 0.486615 0.341310
8 0.485677 0.338088 0.483216 0.342542 0.482430 0.339088 0.484865 0.335088
8 0.489672 0.372181 0.494943 0.377236 0.490508 0.378426 0.485323 0.371736
8 0.739654 0.840352 0.743435 0.829231 0.744620 0.825917 0.746315 0.820292 0.747445 0.819190 0.748406 0.819088 0.749594 0.820593 0.750044 0.822204 0.749990 0.823606 0.749198 0.825014 0.748411 0.826597 0.747682 0.830296 0.743039 0.842694 0.738914 0.853444 0.735128 0.862486 0.733940 0.864491 0.732247 0.865398 0.729818 0.865898 0.726596 0.866403 0.714583 0.866435 0.714956 0.860074 0.731625 0.860477 0.732292 0.860093
8 0.448185 0.408019 0.453956 0.409505 0.454034 0.412944 0.448177 0.410759 0.446495 0.409194
8 0.556214 0.517949 0.549234 0.510796 0.544174 0.504884 0.543672 0.505343 0.549857 0.515343 0.557763 0.523009 0.572221 0.532773 0.584005 0.539588 0.584583 0.539329 0.584583 0.535218 0.571138 0.527634 0.559281 0.519921 0.558310 0.520778
8 0.560070 0.514500 0.556602 0.513472 0.553565 0.510903 0.548221 0.505014 0.544174 0.499616 0.542148 0.495505 0.542583 0.494606 0.543161 0.493190 0.542294 0.491394 0.541208 0.491519 0.540341 0.492546 0.539909 0.494606 0.539763 0.496792 0.540271 0.498847 0.543305 0.503343 0.544174 0.504884 0.549234 0.510796 0.556214 0.517949 0.558021 0.516796
8 0.547492 0.474144 0.552768 0.487898 0.555951 0.493935 0.555589 0.495736 0.555227 0.498949 0.555010 0.501389 0.555516 0.512569 0.553565 0.510903 0.552914 0.510514 0.552047 0.499463 0.551974 0.496250 0.552117 0.494708 0.552625 0.493421 0.549227 0.485838 0.547273 0.479801 0.546117 0.476713
8 0.551396 0.485069 0.553057 0.478000 0.554937 0.466819 0.556310 0.458981 0.557828 0.466819 0.554937 0.483014 0.553276 0.489181
8 0.551901 0.491750 0.548792 0.497537 0.545539 0.501389 0.544174 0.499616 0.543732 0.498819 0.547419 0.493810 0.550456 0.488153
8 0.548359 0.492523 0.543516 0.480569 0.542143 0.482755 0.546695 0.495352
8 0.555951 0.493935 0.556391 0.494093 0.561089 0.503602 0.564018 0.509593 0.563583 0.510755 0.562174 0.512083 0.557693 0.503856 0.555227 0.498949 0.555589 0.495736
8 0.557828 0.466819 0.558052 0.469157 0.556680 0.479954 0.556245 0.487153 0.555951 0.493935 0.554005 0.490750 0.554937 0.483014
8 0.556680 0.479954 0.561018 0.481880 0.562102 0.487278 0.556536 0.484194
8 0.550391 0.463000 0.553362 0.461755 0.555628 0.464153 0.554937 0.466819 0.554766 0.468375 0.550500 0.465977
8 0.554333 0.467801 0.551362 0.473944 0.549797 0.477208 0.548068 0.476153 0.548500 0.473176 0.550336 0.468856 0.552227 0.466843
8 0.550500 0.460218 0.556331 0.458106 0.556310 0.458981 0.555898 0.461560 0.553362 0.461755 0.553362 0.461755 0.550391 0.463000
8 0.536836 0.463671 0.542992 0.462042 0.542938 0.463306 0.543154 0.465306 0.537862 0.466458
8 0.536836 0.463671 0.535216 0.458824 0.533758 0.460935 0.538565 0.473801 0.540672 0.479847 0.542076 0.477227 0.540833 0.473102
8 0.533380 0.461560 0.537214 0.475681 0.533214 0.473347 0.530734 0.465111
8 0.529492 0.467130 0.532031 0.468472 0.532786 0.472120 0.527656 0.470153
8 0.537000 0.456282 0.542938 0.460986 0.543047 0.457644 0.538620 0.454074
8 0.540779 0.451000 0.543857 0.451866 0.543586 0.453130 0.543318 0.455704 0.538620 0.454074
8 0.550607 0.452634 0.555305 0.453111 0.555953 0.457338 0.550607 0.457241
8 0.550768 0.448120 0.555305 0.453111 0.550607 0.452634
8 0.561461 0.442843 0.560380 0.453111 0.559354 0.459065 0.559258 0.457398 0.557789 0.451000 0.558870 0.442167 0.559305 0.443792 0.560052 0.444120 0.560750 0.443954
8 0.560706 0.449370 0.574313 0.464343 0.586786 0.478167 0.585383 0.480954 0.570318 0.464343 0.560326 0.453782
8 0.564484 0.441880 0.565078 0.441306 0.565781 0.441593 0.566104 0.442745 0.566482 0.449847 0.566375 0.455514 0.564268 0.453208
8 0.562216 0.435352 0.565078 0.441306 0.565781 0.441593 0.566104 0.442745 0.567023 0.445625 0.569453 0.451481 0.571451 0.454458 0.573664 0.455898 0.581656 0.461944 0.589378 0.466843 0.591971 0.468088 0.591500 0.466218 0.590049 0.462829 0.581388 0.456667 0.575177 0.452250 0.574042 0.451671 0.573286 0.451287 0.567672 0.440634 0.563508 0.430986 0.560867 0.431991
8 0.566969 0.439097 0.573070 0.440824 0.573719 0.443704 0.568589 0.442458
8 0.573070 0.440824 0.572477 0.436361 0.572370 0.433000 0.574258 0.434634 0.574799 0.438954 0.576042 0.445481 0.577284 0.451046 0.577930 0.454120 0.575177 0.452250
8 0.575068 0.441019 0.581872 0.443222 0.582466 0.444088 0.582682 0.445046 0.582576 0.446870 0.578687 0.445528 0.575826 0.444667
8 0.581982 0.446394 0.582305 0.452727 0.582953 0.456472 0.583276 0.458106 0.585112 0.459449 0.584518 0.453977 0.584357 0.450134 0.584115 0.447898 0.582682 0.445046 0.582576 0.446870
8 0.585112 0.459449 0.588190 0.461606 0.588299 0.459880 0.584115 0.447898 0.584357 0.450134 0.584518 0.453977
8 0.568859 0.458296 0.574638 0.460505 0.583654 0.463769 0.589378 0.466843 0.591971 0.468088 0.592404 0.469241 0.583490 0.466574 0.575878 0.463866 0.572477 0.462329
8 0.567185 0.456375 0.569992 0.456375 0.573664 0.455898 0.575393 0.456856 0.574906 0.457912 0.573232 0.458870 0.572477 0.459255 0.571937 0.459352 0.568859 0.458296
8 0.581872 0.466167 0.584195 0.471931 0.586786 0.478167 0.580846 0.471736 0.578471 0.465019
8 0.583492 0.466648 0.587380 0.478218 0.588893 0.481000 0.591214 0.483593 0.588190 0.475338 0.585654 0.467273
8 0.584544 0.487449 0.577927 0.480708 0.572927 0.475903 0.570870 0.472819 0.569982 0.471458 0.570586 0.470097 0.571758 0.468731 0.573370 0.467514 0.571232 0.465074 0.570143 0.466366 0.568932 0.467944 0.568609 0.468731 0.568289 0.470741 0.568570 0.472750 0.569497 0.475259 0.572482 0.479130 0.578734 0.486231 0.584583 0.491324
8 0.570143 0.466366 0.563602 0.460833 0.561948 0.459255 0.560372 0.459181 0.560294 0.460472 0.560857 0.462338 0.568563 0.469435 0.568609 0.468731 0.568932 0.467944
8 0.570224 0.470884 0.576435 0.475833 0.577000 0.475116 0.577242 0.473968 0.577203 0.472532 0.571758 0.468731 0.570586 0.470097
8 0.568771 0.473394 0.566232 0.471245 0.562841 0.469093 0.564255 0.474042 0.569174 0.477194 0.571193 0.477481 0.569497 0.475259
8 0.571151 0.473468 0.575227 0.474685 0.576435 0.475833 0.577000 0.475116 0.579503 0.474255 0.581719 0.476764 0.579099 0.477481 0.576961 0.477843 0.575508 0.477912 0.574781 0.477769 0.572927 0.475903
8 0.560372 0.459181 0.559354 0.459065 0.562044 0.474167 0.562044 0.474167 0.566625 0.491093 0.573362 0.517269 0.574531 0.522356 0.576146 0.519130 0.564255 0.474042 0.562841 0.469093 0.560857 0.462338 0.560294 0.460472
8 0.565516 0.479167 0.571193 0.477481 0.572482 0.479130 0.572482 0.479130 0.573237 0.479741 0.566487 0.482815
8 0.436141 0.398648 0.431039 0.397606 0.427609 0.395676 0.425016 0.395227 0.421586 0.391213 0.426021 0.391361 0.430956 0.393000 0.435724 0.393593
8 0.566979 0.484829 0.583391 0.492222 0.583990 0.492704 0.584146 0.493472 0.583935 0.494528 0.583286 0.495102 0.582203 0.495486 0.572643 0.491167 0.568161 0.489153
8 0.415370 0.395009 0.419992 0.393185 0.422932 0.392440 0.425016 0.395227 0.421112 0.395843 0.416443 0.397917
8 0.421531 0.395593 0.431938 0.404139 0.429044 0.403722 0.425826 0.401815 0.418544 0.396838
8 0.418544 0.396838 0.416443 0.397917 0.417148 0.399676 0.423076 0.403657 0.427604 0.407222 0.431198 0.408884 0.437031 0.407722 0.436651 0.403940 0.431938 0.404139 0.429044 0.403722 0.425826 0.401815
8 0.417148 0.399676 0.418503 0.403574 0.423169 0.407389 0.427836 0.410380 0.430823 0.412037 0.432318 0.413449 0.434745 0.414194 0.437417 0.411898 0.431198 0.408884 0.427604 0.407222 0.423076 0.403657
8 0.422044 0.409449 0.429232 0.411023 0.430823 0.412037 0.432318 0.413449 0.434745 0.414194 0.430727 0.414343 0.424237 0.412685
8 0.415651 0.402065 0.413784 0.400236 0.412570 0.401315 0.412151 0.401898 0.415138 0.405546 0.417750 0.408704
8 0.411638 0.401981 0.414810 0.399491 0.413596 0.396255 0.410424 0.399241
8 0.410424 0.399241 0.409029 0.396190 0.406786 0.397185 0.410802 0.406310 0.418221 0.420000 0.421964 0.428269 0.422990 0.428940 0.424177 0.430861 0.424716 0.431819 0.425503 0.433028 0.426023 0.432634 0.422750 0.423653 0.417242 0.412532
8 0.403177 0.407963 0.408977 0.401815 0.410096 0.404884 0.404451 0.410111
8 0.403003 0.408699 0.407156 0.412102 0.409862 0.412852 0.408510 0.416088 0.406922 0.415588 0.403516 0.413097 0.402302 0.412019
1 0.397313 0.404153 0.399638 0.411162 0.400206 0.413032 0.401141 0.415023 0.402633 0.417264 0.403893 0.418676 0.405529 0.419088 0.407161 0.418843 0.409635 0.416519 0.410849 0.414111 0.411128 0.412532 0.411128 0.410542 0.410708 0.408884 0.409682 0.407060 0.408328 0.406227 0.407628 0.407144 0.409542 0.409301 0.410055 0.410625 0.410195 0.411870 0.409862 0.412852 0.408510 0.416088 0.406833 0.417014 0.404969 0.417347 0.403615 0.416519 0.402495 0.415106 0.401935 0.414194 0.399927 0.409630 0.398060 0.404236
8 0.570701 0.498273 0.584146 0.498079 0.584260 0.499134 0.584146 0.500477 0.583391 0.501630 0.582693 0.502398 0.571672 0.502593
8 0.582693 0.502398 0.575826 0.518440 0.576146 0.519130 0.574531 0.522356 0.573773 0.523625 0.575609 0.526218 0.580414 0.516134 0.582898 0.509991 0.584146 0.500477 0.583391 0.501630
8 0.406083 0.392769 0.403003 0.408699 0.401935 0.414194 0.399927 0.409630 0.402789 0.397856 0.404187 0.394454 0.404729 0.392690
8 0.582898 0.509991 0.582250 0.515273 0.584680 0.511241 0.587380 0.485898 0.587380 0.478218 0.586786 0.478167 0.586786 0.478167 0.585383 0.480954 0.585490 0.480519 0.584544 0.487449 0.584583 0.491324 0.584146 0.493472 0.583935 0.494528 0.584146 0.498079 0.584260 0.499134 0.584146 0.500477
8 0.595544 0.481662 0.585497 0.503648 0.586474 0.494625 0.594521 0.477056
8 0.591544 0.483870 0.588893 0.481000 0.588893 0.481000 0.587380 0.478218 0.587385 0.482241 0.590302 0.486463
8 0.595544 0.481662 0.596237 0.485319 0.596076 0.490792 0.593753 0.494250 0.593862 0.485130
8 0.593753 0.494250 0.589703 0.501162 0.584734 0.510185 0.584680 0.511241 0.582250 0.515273 0.573826 0.529097 0.575826 0.530537 0.585060 0.515463 0.591917 0.503370 0.597534 0.492810 0.596885 0.488870
8 0.598133 0.484639 0.605315 0.472255 0.611471 0.462463 0.613797 0.459389 0.616763 0.458912 0.611471 0.467838 0.605583 0.478111 0.599159 0.490208
8 0.604297 0.480509 0.610174 0.495199 0.616437 0.510176 0.613576 0.507968 0.610234 0.501824 0.607906 0.497120 0.602620 0.483102
8 0.607852 0.474079 0.611909 0.491935 0.615417 0.506815 0.621396 0.529106 0.626352 0.547778 0.634258 0.578306 0.634760 0.579306 0.635823 0.579639 0.636445 0.579190 0.636510 0.577634 0.636198 0.575301 0.631419 0.554667 0.629596 0.549449 0.621201 0.519208 0.613841 0.488468 0.609844 0.470468
8 0.609844 0.470468 0.617320 0.478995 0.617089 0.482977 0.611021 0.475843
8 0.619029 0.481458 0.627430 0.493491 0.628971 0.496810 0.628083 0.498051 0.623091 0.490667 0.619029 0.484944
8 0.401695 0.415588 0.400109 0.424630 0.399643 0.427370 0.399643 0.428116 0.402956 0.426292 0.404263 0.425958 0.409909 0.423306 0.416724 0.420153 0.418221 0.420000 0.419570 0.422889 0.409818 0.427787 0.402161 0.430690 0.399409 0.430106 0.398383 0.429278 0.397729 0.427787 0.397354 0.425958 0.397216 0.424301 0.397029 0.422722 0.396982 0.421477 0.397169 0.420319 0.397635 0.419736 0.399081 0.414634 0.399638 0.411162 0.400206 0.413032 0.401141 0.415023
8 0.659016 0.692921 0.653578 0.703037 0.647221 0.711810 0.645130 0.709278 0.651570 0.700806 0.656841 0.692032
8 0.686479 0.558056 0.685031 0.568977 0.683443 0.566537 0.684742 0.557412
8 0.717010 0.639551 0.721539 0.643204 0.726253 0.649009 0.726859 0.650088 0.728159 0.649162 0.723497 0.641958 0.719719 0.638222 0.716031 0.635819
8 0.748854 0.691995 0.747167 0.699991 0.745169 0.700213 0.746878 0.690324
8 0.753573 0.701926 0.755758 0.709921 0.754635 0.713810 0.751135 0.702148 0.751135 0.702148
8 0.753385 0.728694 0.753323 0.737023 0.751573 0.733801 0.751385 0.727806
8 0.753385 0.728694 0.755039 0.729606 0.755914 0.742380 0.754042 0.738380
8 0.758133 0.731028 0.758070 0.746801 0.760320 0.751130 0.760508 0.732139
8 0.760508 0.732139 0.762852 0.733269 0.762914 0.747042 0.762414 0.755486 0.760320 0.751130
8 0.619029 0.481458 0.619188 0.477917 0.619047 0.474931 0.614802 0.464639 0.614102 0.463231 0.613214 0.464972 0.617273 0.475926 0.617508 0.476921 0.617367 0.479162 0.616714 0.486792 0.618721 0.490444
8 0.616836 0.485690 0.611021 0.475843 0.613242 0.485856 0.618398 0.494907 0.618727 0.492894 0.619427 0.492130 0.620018 0.491940 0.618721 0.490444 0.616714 0.486792
8 0.620018 0.491940 0.620536 0.492519 0.621023 0.493671 0.621130 0.494921 0.621130 0.496264 0.621023 0.497898 0.624964 0.505671 0.632255 0.517097 0.630852 0.520745 0.624695 0.510282 0.621185 0.504042 0.618971 0.498954 0.618594 0.497417 0.618398 0.494907 0.618727 0.492894 0.619427 0.492130
8 0.621023 0.493671 0.624154 0.498569 0.631284 0.508745 0.633281 0.508074 0.632740 0.514602 0.631120 0.513255 0.629339 0.511815 0.624964 0.505671 0.621023 0.497898 0.621130 0.496264 0.621130 0.494921
8 0.616456 0.459144 0.621367 0.474407 0.623906 0.479685 0.626229 0.484102 0.631305 0.495815 0.633789 0.500995 0.633357 0.506759 0.628971 0.496810 0.627430 0.493491 0.620505 0.482083 0.619154 0.479204 0.619188 0.477917 0.619047 0.474931 0.614781 0.461926
8 0.617372 0.458662 0.619911 0.467014 0.621531 0.470949 0.624555 0.475079 0.628227 0.477861 0.631411 0.479301 0.633302 0.479398 0.632979 0.475847 0.630279 0.474787 0.627740 0.472870 0.625471 0.471046 0.623258 0.468644 0.621854 0.466727 0.621477 0.465671 0.620451 0.463079 0.619315 0.458083
8 0.619911 0.457894 0.628875 0.471333 0.632060 0.475653 0.632979 0.475847 0.632924 0.472005 0.627091 0.464037 0.622070 0.457028
8 0.626984 0.455204 0.627849 0.465477 0.631034 0.469412 0.629091 0.454435
8 0.607221 0.460486 0.608841 0.466819 0.606734 0.470083 0.605331 0.464134 0.605115 0.460773
8 0.605331 0.464134 0.596937 0.479079 0.596128 0.475528 0.602500 0.462569 0.601852 0.460843 0.605115 0.460773
8 0.598635 0.462597 0.597445 0.473060 0.596128 0.475528 0.595448 0.471815 0.596529 0.461542
8 0.569221 0.493398 0.572255 0.492403 0.573656 0.492319 0.574911 0.492319 0.576031 0.492898 0.576826 0.493815 0.577010 0.494727 0.576826 0.495722 0.576549 0.496384 0.575844 0.498292 0.570701 0.498273
8 0.576549 0.496384 0.581010 0.496255 0.582203 0.495486 0.583286 0.495102 0.583935 0.494528 0.584146 0.498079 0.575844 0.498292
8 0.557831 0.497130 0.564276 0.497213 0.564815 0.500218 0.564883 0.501361 0.559701 0.501199
8 0.552328 0.501444 0.549708 0.495889 0.548792 0.497537 0.548310 0.498046 0.552654 0.506838
8 0.567271 0.509213 0.571174 0.508505 0.571911 0.511556 0.566409 0.512167
8 0.573234 0.508333 0.580417 0.507838 0.579128 0.510875 0.574036 0.511556
8 0.565844 0.513042 0.574003 0.528907 0.573826 0.529097 0.570237 0.527171 0.564307 0.515634
8 0.565844 0.513042 0.573773 0.523625 0.575609 0.526218 0.574003 0.528907
8 0.563021 0.516574 0.568216 0.522898 0.570237 0.527171 0.566229 0.524444 0.561279 0.518125
8 0.555872 0.522898 0.555594 0.523639 0.555490 0.524819 0.558802 0.528042 0.566995 0.533000 0.570690 0.534116 0.570935 0.532625
8 0.538956 0.524380 0.548404 0.524315 0.548333 0.525616 0.540453 0.525806
8 0.537779 0.532708 0.546833 0.542333 0.547953 0.539431 0.539505 0.531301 0.537344 0.530384 0.537344 0.530384
8 0.540159 0.540259 0.540487 0.538519 0.541141 0.537690 0.546461 0.543162 0.545013 0.546648
8 0.520779 0.528912 0.525070 0.529741 0.533922 0.533417 0.535000 0.532551 0.535865 0.532361 0.528945 0.528329 0.523857 0.526255 0.519797 0.525593 0.516469 0.525324 0.516484 0.527583 0.517044 0.528579 0.518070 0.529491 0.519091 0.529329 0.519687 0.529134
8 0.510789 0.523185 0.508831 0.532810 0.507568 0.534667 0.507661 0.526505 0.508409 0.522106
8 0.501596 0.504847 0.502482 0.519037 0.502250 0.520944 0.501643 0.521361 0.500802 0.521278 0.500430 0.521194 0.499542 0.519616 0.499776 0.510491 0.499638 0.508009 0.499393 0.505005 0.499706 0.500560 0.500451 0.503264
8 0.497862 0.508995 0.498096 0.512815 0.498188 0.515634 0.498141 0.517046 0.499542 0.519616 0.499776 0.510491 0.499638 0.508009
8 0.581250 0.502407 0.576763 0.508227 0.573497 0.508472 0.577464 0.502583
8 0.561362 0.486736 0.562203 0.497440 0.564276 0.497213 0.562102 0.487278
8 0.561362 0.486736 0.560055 0.485796 0.559448 0.497250 0.561784 0.497083
8 0.558422 0.484995 0.557862 0.493208 0.556229 0.493125 0.557023 0.484579
8 0.565495 0.436093 0.572477 0.436361 0.572370 0.433000 0.563823 0.431778
8 0.567352 0.414417 0.562438 0.426801 0.564706 0.426801 0.568810 0.417773
8 0.564706 0.426801 0.568318 0.426759 0.571990 0.424551 0.570318 0.421287 0.565565 0.424648
8 0.564867 0.409037 0.564112 0.422671 0.562438 0.426801 0.561195 0.426894 0.563141 0.405296
8 0.552880 0.407505 0.563086 0.407981 0.563141 0.405296 0.562115 0.404815 0.553203 0.404431
8 0.557578 0.418829 0.562331 0.407981 0.563086 0.407981 0.562385 0.413454 0.559143 0.421616
8 0.561195 0.426894 0.561461 0.426088 0.556437 0.416491 0.552930 0.409384 0.552549 0.415144 0.558276 0.427046
8 0.533190 0.394829 0.543263 0.399690 0.550552 0.401801 0.550823 0.397769 0.539867 0.392833 0.536438 0.391051 0.531599 0.389222 0.526630 0.384519 0.524849 0.386921 0.529008 0.391815
8 0.549208 0.401167 0.550557 0.404144 0.550180 0.410190 0.545859 0.400208
8 0.546401 0.395694 0.543484 0.390417 0.541271 0.392144 0.542404 0.393968
8 0.542297 0.387153 0.539703 0.381486 0.537273 0.384560 0.538247 0.390032
8 0.536849 0.385602 0.535547 0.387824 0.534359 0.390319 0.532091 0.389648 0.533495 0.385421 0.536896 0.380144 0.538409 0.378509 0.541271 0.380815 0.539703 0.381486 0.537273 0.384560
8 0.533385 0.402032 0.535331 0.409329 0.537760 0.408079 0.535870 0.402801 0.533656 0.401134
8 0.522315 0.389838 0.528419 0.395505 0.529070 0.395338 0.530573 0.395690 0.530901 0.395806 0.531461 0.393630 0.531461 0.393630 0.529008 0.391815 0.524849 0.386921
8 0.518430 0.398824 0.514039 0.393546 0.512706 0.393593 0.513292 0.395681 0.513370 0.397380 0.518242 0.403153
8 0.502370 0.384815 0.506932 0.390157 0.506932 0.390713 0.503810 0.390713 0.499622 0.386495
8 0.473690 0.398843 0.469229 0.392056 0.469013 0.395319 0.469013 0.395319 0.468828 0.397213 0.470664 0.400861
8 0.546844 0.335319 0.553003 0.344616 0.551977 0.346273 0.546190 0.337398
8 0.543156 0.330926 0.545255 0.333662 0.544734 0.335852 0.542268 0.333000
8 0.539281 0.327523 0.541383 0.329347 0.540542 0.331338 0.538490 0.329764
8 0.553435 0.392944 0.561664 0.405060 0.562115 0.404815 0.563141 0.405296 0.561859 0.402801 0.559245 0.397606 0.556422 0.393157 0.553516 0.389644
8 0.553435 0.398894 0.559445 0.401833 0.559568 0.402769 0.559607 0.404204 0.559406 0.404917 0.558195 0.404704 0.553234 0.402769
8 0.543714 0.391148 0.551055 0.392583 0.551016 0.395236 0.545690 0.394236
8 0.571490 0.415847 0.576781 0.411431 0.577797 0.413366 0.573000 0.417764
8 0.638432 0.451093 0.642995 0.457269 0.641716 0.460519 0.637859 0.454731 0.635961 0.452000
8 0.640211 0.451949 0.643555 0.449963 0.645729 0.449537 0.645273 0.450875 0.641536 0.454625
8 0.645729 0.449537 0.647721 0.449574 0.645341 0.456806 0.641635 0.466019 0.638865 0.473356 0.637117 0.476144 0.635880 0.476681 0.635701 0.474699 0.636966 0.472181 0.641716 0.460519 0.643021 0.457019
8 0.644279 0.459125 0.645966 0.461537 0.647654 0.464000 0.648016 0.464213 0.648227 0.463731 0.648768 0.464213 0.648948 0.464963 0.649130 0.466144 0.649310 0.467426 0.647953 0.468981 0.646568 0.470319 0.645966 0.468819 0.645302 0.466463 0.644760 0.465287 0.643885 0.464051 0.642953 0.462662
8 0.636021 0.479792 0.639531 0.479074 0.642154 0.477782 0.644331 0.476278 0.646630 0.474556 0.649453 0.471403 0.651753 0.468463 0.653487 0.465667 0.655060 0.462579 0.655544 0.460931 0.655667 0.458495 0.655505 0.456343 0.655060 0.453903 0.654456 0.451537 0.653729 0.449458 0.651349 0.449458 0.651268 0.449815 0.651995 0.452324 0.653003 0.455412 0.653568 0.457704 0.653648 0.459569 0.651794 0.463727 0.649310 0.467426 0.647953 0.468981 0.646568 0.470319 0.643727 0.473051 0.642273 0.474125 0.639570 0.475204 0.637117 0.476144 0.635880 0.476681
8 0.650422 0.469968 0.651471 0.473051 0.652117 0.474773 0.652156 0.475847 0.651026 0.476060 0.650826 0.482301 0.647557 0.473481
8 0.650826 0.482301 0.651133 0.483852 0.650607 0.484282 0.646615 0.482704 0.645888 0.481769 0.645122 0.478903 0.643589 0.479190 0.642661 0.479333 0.642154 0.477782 0.644331 0.476278 0.646630 0.474556 0.647557 0.473481
8 0.652156 0.475847 0.652906 0.475889 0.653109 0.483204 0.651938 0.484708 0.652383 0.485931 0.653432 0.487509 0.653794 0.497046 0.653753 0.504431 0.653109 0.511889 0.651617 0.517699 0.650445 0.522287 0.648995 0.519204 0.651172 0.511028 0.651617 0.506796 0.651576 0.493389 0.651133 0.483852 0.650826 0.482301 0.651026 0.476060
8 0.653109 0.483204 0.657224 0.478745 0.662685 0.474764 0.665812 0.473019 0.670013 0.471361 0.671133 0.471194 0.673047 0.471361 0.673979 0.472356 0.674773 0.474181 0.675240 0.476671 0.675055 0.478912 0.674167 0.483394 0.672812 0.488537 0.672021 0.490694 0.669974 0.490046 0.672534 0.481153 0.673141 0.478329 0.673326 0.476505 0.673000 0.475014 0.671927 0.474764 0.670573 0.474764 0.669312 0.475176 0.662125 0.478829 0.657599 0.482560 0.653432 0.487509 0.652383 0.485931 0.651938 0.484708
8 0.654784 0.485583 0.667198 0.489565 0.672021 0.490694 0.680826 0.493218 0.679987 0.497116 0.667667 0.493796 0.659685 0.491222 0.655857 0.489731 0.653430 0.488903 0.653432 0.487509
8 0.651133 0.483852 0.650607 0.484282 0.650607 0.484282 0.646615 0.482704 0.645888 0.481769 0.642430 0.480074 0.639531 0.479074 0.636021 0.479792 0.636224 0.480903 0.639865 0.481815 0.642852 0.483144 0.643224 0.483972 0.647378 0.486296 0.650039 0.487292 0.651206 0.485880
8 0.650039 0.487292 0.647096 0.490694 0.648732 0.492519 0.651438 0.488866 0.651206 0.485880
8 0.647096 0.490694 0.643036 0.484884 0.642664 0.484884 0.642292 0.488037 0.642383 0.489032 0.651625 0.500486 0.651531 0.495838
8 0.647318 0.495042 0.642930 0.503088 0.642044 0.502093 0.641437 0.500185 0.644096 0.495125 0.645443 0.492870
8 0.644937 0.499356 0.648156 0.509148 0.650305 0.514375 0.649276 0.518440 0.646758 0.512218 0.644750 0.506991 0.643302 0.502593
8 0.644750 0.506991 0.645557 0.511435 0.648995 0.519204 0.650445 0.522287 0.653911 0.529773 0.653958 0.531102 0.653771 0.532181 0.653117 0.532926 0.652557 0.533176 0.651578 0.533259 0.650971 0.532509 0.649758 0.530352 0.649057 0.528444 0.648826 0.526704 0.647659 0.524213 0.643643 0.514421 0.642852 0.512347 0.642198 0.510856 0.641263 0.509528 0.640609 0.507370 0.640378 0.505380 0.640052 0.503657 0.641437 0.500185 0.642044 0.502093 0.642930 0.503088 0.643302 0.502593
8 0.640052 0.503657 0.637763 0.513593 0.637297 0.515500 0.641638 0.520148 0.645232 0.525208 0.648357 0.530852 0.650878 0.535250 0.651438 0.540144 0.651531 0.545537 0.649292 0.545037 0.649010 0.540144 0.647937 0.535579 0.646677 0.532509 0.644018 0.528032 0.639818 0.522306 0.636362 0.518986 0.635057 0.517574 0.635523 0.513426 0.637951 0.503801 0.638698 0.499736 0.639956 0.494426 0.640049 0.492435 0.640096 0.488287 0.638091 0.493764 0.637763 0.497829 0.637253 0.497796 0.636878 0.489944 0.636815 0.488611 0.638276 0.485384 0.639023 0.483227 0.639865 0.481815 0.642852 0.483144 0.642292 0.488037 0.642383 0.489032 0.642010 0.494509 0.641685 0.497995 0.641437 0.500185
8 0.407810 0.418060 0.410331 0.423037 0.407997 0.424199 0.407016 0.421463 0.406409 0.418972
8 0.633563 0.482912 0.629188 0.490880 0.627945 0.488000 0.633302 0.479398
8 0.632753 0.484352 0.633724 0.496542 0.634049 0.497773 0.633789 0.500995 0.631617 0.496449 0.630917 0.487616
8 0.659401 0.494722 0.660646 0.494181 0.664583 0.510843 0.665146 0.513731 0.662958 0.510843
8 0.661083 0.496403 0.666518 0.499625 0.665331 0.502954 0.662021 0.500181
8 0.655857 0.489731 0.660383 0.504565 0.661195 0.508009 0.657198 0.502787 0.656198 0.500792 0.653573 0.491236 0.653430 0.488903
8 0.670768 0.494514 0.664583 0.510843 0.663771 0.507065 0.668456 0.494069
8 0.410984 0.413662 0.416865 0.417315 0.418221 0.420000 0.416724 0.420153 0.415792 0.420796 0.409635 0.416519
8 0.391102 0.403625 0.396143 0.403458 0.397313 0.404153 0.398102 0.406694 0.395255 0.406194 0.391516 0.406579
8 0.379247 0.406694 0.384615 0.405449 0.386294 0.408685 0.379667 0.410097
8 0.384240 0.408852 0.383961 0.417481 0.384141 0.424352 0.382560 0.420903 0.382141 0.415819 0.382000 0.409597
8 0.384141 0.424352 0.393253 0.427222 0.393682 0.429222 0.394234 0.430620 0.385693 0.427884
8 0.428805 0.481773 0.430729 0.483259 0.436836 0.484449 0.442104 0.484153 0.447961 0.483259 0.449466 0.482810 0.451891 0.483852 0.453815 0.487273 0.455320 0.492773 0.455654 0.498870 0.455487 0.502588 0.455237 0.505116 0.461844 0.526829 0.470552 0.554856 0.474315 0.573505 0.475997 0.590319 0.475997 0.603227 0.475669 0.611778 0.475536 0.618231 0.476315 0.640806 0.477753 0.677579 0.477310 0.705829 0.475503 0.726870 0.473706 0.740995 0.470326 0.753296 0.466820 0.765264 0.463719 0.777250 0.461208 0.805889 0.460557 0.825694 0.460815 0.831449 0.464003 0.851125 0.477870 0.932046 0.488216 0.986407 0.478021 0.999463 0.476432 0.997606 0.477326 0.994616 0.479234 0.990843 0.484495 0.983866 0.475536 0.940880 0.466018 0.885727 0.460557 0.850560 0.457846 0.828894 0.457654 0.814097 0.458909 0.790486 0.462096 0.770185 0.465292 0.757801 0.469547 0.744713 0.471773 0.735079 0.473805 0.717014 0.474674 0.702394 0.474599 0.675185 0.474039 0.648315 0.473253 0.624032 0.472919 0.607704 0.473370 0.594366 0.472133 0.577444 0.468594 0.559227 0.463911 0.541681 0.459227 0.525472 0.453773 0.510245 0.453128 0.507407 0.452911 0.505356 0.453195 0.502662 0.453490 0.500093 0.453555 0.496880 0.453195 0.493014 0.452544 0.490190 0.451531 0.487750 0.450159 0.486977 0.447992 0.486977 0.445391 0.487111 0.442641 0.487495 0.440115 0.487616 0.437729 0.487495 0.434544 0.487495 0.432453 0.486977 0.428112 0.482606
8 0.440115 0.487616 0.452943 0.504370 0.453375 0.509000 0.446508 0.500389 0.435810 0.487667
8 0.441224 0.487500 0.447654 0.495870 0.448398 0.493796 0.442940 0.487407
8 0.445086 0.487157 0.450641 0.496037 0.451107 0.495704 0.450081 0.489981 0.448307 0.486991
8 0.368437 0.309352 0.369409 0.313287 0.357367 0.311560 0.340521 0.308968 0.327776 0.308199 0.320172 0.309019 0.314362 0.311245 0.310237 0.314019 0.307430 0.316907 0.305862 0.319681 0.304237 0.323361 0.302719 0.329014 0.301927 0.333514 0.301419 0.339296 0.301419 0.346361 0.299247 0.343537 0.299464 0.334792 0.300187 0.328630 0.302289 0.321690 0.304167 0.316417 0.306549 0.313079 0.309729 0.309861 0.313779 0.307162 0.317036 0.305755 0.323612 0.304343 0.337706 0.305236 0.360263 0.308324
8 0.354245 0.307731 0.350505 0.278116 0.347375 0.255176 0.345315 0.255292 0.352068 0.307394
8 0.339979 0.305676 0.351065 0.299074 0.351456 0.301852 0.343789 0.306194
8 0.343789 0.306194 0.348984 0.303782 0.351719 0.303694 0.351867 0.305954 0.348888 0.305866 0.347177 0.306472
8 0.336609 0.305241 0.333630 0.299250 0.332948 0.299769 0.332164 0.300810 0.332117 0.301769 0.333875 0.305153
8 0.338026 0.308625 0.360294 0.354032 0.358000 0.355769 0.335193 0.308713
8 0.337635 0.313403 0.336169 0.315139 0.334656 0.317657 0.332948 0.321824 0.331773 0.325903 0.330260 0.333370 0.329430 0.338926 0.328503 0.346653 0.328258 0.350213 0.328404 0.352731 0.328992 0.354991 0.329479 0.356204 0.333190 0.358028 0.339003 0.359069 0.346620 0.359935 0.347500 0.362454 0.338466 0.361759 0.335487 0.361412 0.332164 0.360806 0.329479 0.359417 0.327672 0.358199 0.327086 0.357245 0.326794 0.355074 0.326500 0.352208 0.326500 0.346218 0.327867 0.336060 0.330260 0.325296 0.331628 0.319824 0.333289 0.315745 0.336536 0.311481
8 0.593698 0.526250 0.584034 0.517227 0.583464 0.520694 0.593781 0.528894
8 0.587888 0.512588 0.593760 0.521583 0.593698 0.526250 0.585951 0.514139
8 0.593760 0.506699 0.585326 0.514806 0.589576 0.507032 0.593760 0.502699
8 0.401810 0.241241 0.400810 0.242250 0.401404 0.236968 0.402448 0.229028 0.403836 0.231880 0.403294 0.237931 0.401734 0.239356
8 0.396005 0.233032 0.395734 0.229579 0.395357 0.229097 0.394708 0.229481 0.394438 0.230440 0.395026 0.238333
8 0.600104 0.506403 0.598341 0.510009 0.597385 0.505366 0.599216 0.502898
8 0.605820 0.523583 0.600260 0.518361 0.601198 0.522806 0.606945 0.528245
8 0.604695 0.503144 0.609651 0.514343 0.610943 0.519250 0.612755 0.518139 0.610151 0.509565 0.608839 0.506231
8 0.609820 0.507144 0.604695 0.503144 0.603383 0.503366 0.602133 0.503921 0.601409 0.501611 0.601198 0.501144 0.605820 0.500588 0.608133 0.503810
1 0.607633 0.522806 0.609568 0.521250 0.610943 0.519250 0.612755 0.518139 0.614380 0.516583 0.616005 0.513810 0.617253 0.513810 0.618940 0.519028 0.618315 0.519583 0.617378 0.520583 0.616193 0.522917 0.614130 0.523139 0.611880 0.523139 0.608570 0.525806
8 0.600260 0.497370 0.607633 0.496704 0.607906 0.497120 0.610234 0.501824 0.613576 0.507968 0.616005 0.513810 0.614380 0.516583 0.608133 0.503810 0.605820 0.500588 0.601258 0.501032
8 0.671641 0.687593 0.668466 0.691583 0.664370 0.692921 0.660271 0.693370 0.657927 0.692625 0.653831 0.690843 0.651487 0.689653 0.646302 0.685338 0.641284 0.678944 0.637687 0.673593 0.635260 0.668685 0.633253 0.662736 0.636432 0.665116 0.639359 0.671065 0.643122 0.676866 0.645966 0.680431 0.651154 0.685486 0.655419 0.687866 0.659266 0.689056 0.662612 0.689949 0.665622 0.689949 0.667214 0.688611 0.669135 0.686676 0.670557 0.684449
8 0.684109 0.648907 0.677919 0.671509 0.674406 0.682810 0.673654 0.684894 0.671979 0.681921 0.676747 0.665116 0.681766 0.649653
3 0.631453 0.633810 0.632154 0.633727 0.632995 0.633477 0.633786 0.633148 0.634534 0.633394 0.635094 0.634144 0.635935 0.634639 0.637148 0.636134 0.637661 0.637130 0.639854 0.647333 0.639013 0.648079 0.638128 0.648162 0.636961 0.648162 0.635701 0.648329 0.633599 0.648829 0.632667 0.648829
3 0.635185 0.610634 0.635102 0.611676 0.635102 0.613310 0.635185 0.616134 0.639536 0.635167 0.641878 0.645727 0.643299 0.644981 0.644805 0.643644 0.646560 0.642755 0.647565 0.641713 0.647482 0.639630 0.646477 0.638884 0.646393 0.637102 0.647146 0.634870 0.647482 0.633829 0.643133 0.624463 0.638951 0.615838
3 0.636607 0.607810 0.639786 0.603347 0.640622 0.602157 0.642797 0.602157 0.645224 0.603051 0.648318 0.610338 0.648318 0.612565 0.648234 0.615245 0.650659 0.615838 0.651664 0.616731 0.652583 0.619111 0.649906 0.623569 0.649406 0.626097 0.648651 0.629222 0.643049 0.618218
3 0.647331 0.602769 0.647956 0.601991 0.648081 0.600213 0.648081 0.598435 0.648206 0.596769 0.648143 0.594546 0.648893 0.593769 0.650456 0.593218 0.651393 0.593218 0.652143 0.593218 0.652831 0.593329 0.653331 0.592440 0.654891 0.592106 0.655578 0.592773 0.656516 0.593546 0.657578 0.592773 0.658516 0.592218 0.659328 0.591773 0.659641 0.590329 0.659953 0.589551 0.660391 0.588995 0.661453 0.589662 0.662638 0.589773 0.662513 0.591106 0.661828 0.592329 0.660516 0.592551 0.659703 0.593880 0.659266 0.595657 0.658766 0.597991 0.658266 0.600880 0.658203 0.602991 0.658016 0.605435 0.656703 0.609431 0.654703 0.615208 0.653206 0.614653 0.653581 0.612986 0.654203 0.611542 0.654766 0.610097 0.655266 0.608431 0.655766 0.607102 0.656203 0.606324 0.656641 0.604991 0.656891 0.603324 0.657453 0.600546 0.656641 0.600102 0.655203 0.600991 0.654203 0.602102 0.653581 0.603102 0.652456 0.602880 0.650831 0.602102 0.650018 0.602546 0.649206 0.604546 0.648518 0.605213
8 0.769880 0.735912 0.770005 0.774681 0.767505 0.767236 0.767943 0.735801
8 0.770755 0.777454 0.777440 0.776120 0.782187 0.773236 0.780500 0.778120 0.776253 0.780343 0.771753 0.781120
8 0.777003 0.779898 0.774815 0.784454 0.773628 0.787676 0.772878 0.790005 0.772315 0.784676 0.773940 0.780454
8 0.772315 0.784676 0.771753 0.781120 0.770755 0.777454 0.770005 0.774681 0.767505 0.767236 0.767036 0.766370 0.766786 0.772704 0.769786 0.781810 0.770724 0.789139 0.771096 0.795917 0.770724 0.800694 0.769786 0.808579 0.768661 0.813801 0.766474 0.820907 0.764036 0.828241 0.761727 0.833014 0.758477 0.837792 0.754229 0.841903 0.750604 0.844343 0.745607 0.846120 0.743044 0.846676 0.744107 0.850231 0.750604 0.848120 0.756227 0.844565 0.759727 0.841014 0.761914 0.836681 0.771721 0.805912 0.772534 0.800250 0.772909 0.793917 0.772878 0.790005
8 0.753497 0.749120 0.753750 0.769259 0.751685 0.768449 0.751560 0.749009 0.749435 0.744898 0.750185 0.742009
8 0.751685 0.768449 0.743232 0.763259 0.742419 0.766259 0.753292 0.773032 0.764161 0.777921 0.764349 0.775144
8 0.747188 0.751454 0.747875 0.766227 0.746000 0.765005 0.745812 0.754898
8 0.748388 0.747023 0.747188 0.751454 0.745812 0.754898 0.743232 0.763259 0.742419 0.766259 0.739357 0.775144 0.738172 0.784810 0.737859 0.791583 0.738047 0.792806 0.739169 0.796917 0.737609 0.795806 0.736734 0.794361 0.736422 0.792361 0.735609 0.788472 0.735797 0.780366 0.736609 0.774477 0.738797 0.767148 0.742794 0.755375 0.743419 0.753375 0.746419 0.749708 0.747086 0.747926
8 0.740565 0.735236 0.738253 0.746454 0.737190 0.743787 0.737940 0.738458
8 0.738253 0.745787 0.737940 0.747676 0.736940 0.748454 0.734315 0.749231 0.734378 0.746787 0.734878 0.743565 0.734516 0.741356 0.735378 0.739347 0.736190 0.742787 0.737190 0.743787
8 0.737940 0.747676 0.737172 0.754264 0.736734 0.756375 0.735359 0.758042 0.735547 0.752931 0.735984 0.748486
8 0.735359 0.758042 0.734984 0.761926 0.733109 0.765481 0.730612 0.768259 0.729924 0.764148 0.732547 0.761481 0.733172 0.759148 0.733922 0.753042 0.734315 0.749231 0.735984 0.748486 0.735547 0.752931
8 0.731568 0.745565 0.730755 0.753120 0.727693 0.753787 0.725914 0.753954 0.722154 0.753694 0.721945 0.752787 0.716404 0.752051 0.711831 0.751968 0.710336 0.751222 0.704513 0.748787 0.700016 0.745787 0.692206 0.741236 0.687393 0.737792 0.689206 0.741676 0.692331 0.744898 0.701576 0.751231 0.705888 0.753898 0.712323 0.755894 0.720133 0.757227 0.727755 0.757560 0.729505 0.758560 0.731130 0.759449 0.733172 0.759148 0.734878 0.743565 0.734516 0.741356
8 0.687393 0.737792 0.683250 0.730713 0.681378 0.727606 0.676253 0.722495 0.671693 0.718606 0.664570 0.713944 0.657698 0.712611 0.654885 0.712278 0.651010 0.712278 0.653198 0.715167 0.663008 0.717273 0.668380 0.721495 0.674568 0.725940 0.678378 0.729051 0.682378 0.735269 0.687375 0.742935 0.689813 0.747042 0.694997 0.751931 0.701682 0.756042 0.706432 0.757931 0.715927 0.759926 0.723362 0.760370 0.725174 0.759815 0.725174 0.757486 0.720133 0.757227 0.712323 0.755894 0.705888 0.753898 0.701576 0.751231 0.692331 0.744898 0.689206 0.741676
8 0.728333 0.757731 0.733250 0.779449 0.736938 0.798343 0.736721 0.801042 0.735635 0.801810 0.734479 0.801296 0.733828 0.798213 0.733901 0.795259 0.730648 0.778806 0.726456 0.757472
8 0.714089 0.768519 0.705672 0.775931 0.702419 0.778241 0.698659 0.779014 0.692948 0.779144 0.683406 0.778370 0.681815 0.774514 0.681815 0.763593 0.682393 0.752667 0.683984 0.757421 0.683622 0.769116 0.683984 0.775417 0.695044 0.775542 0.700034 0.775287 0.705094 0.772588 0.711526 0.766546 0.718685 0.759866 0.722010 0.760120
8 0.707297 0.770583 0.698117 0.754389 0.695875 0.753745 0.695516 0.754389 0.701227 0.766472 0.704260 0.773153
8 0.651143 0.581551 0.662638 0.588329 0.662638 0.589773 0.661453 0.589662 0.660391 0.588995 0.659953 0.589551 0.659641 0.590329 0.651018 0.586329
8 0.651268 0.576778 0.651206 0.579773 0.662826 0.586329 0.662826 0.582884
8 0.650831 0.569778 0.654018 0.571111 0.658141 0.576667 0.657828 0.577111 0.651268 0.573556
8 0.651331 0.561671 0.661703 0.575333 0.662016 0.576556 0.662763 0.579773 0.662826 0.582884 0.654018 0.571111 0.650893 0.567778
8 0.652081 0.556338 0.655078 0.556338 0.660203 0.564894 0.663513 0.572333 0.664951 0.578444 0.665326 0.587773 0.665013 0.594546 0.663951 0.599657 0.662888 0.603991 0.660641 0.606991 0.658578 0.607435 0.658578 0.605991 0.658891 0.604435 0.659766 0.603769 0.660641 0.602991 0.661953 0.598213 0.662701 0.592329 0.662638 0.588329 0.662763 0.579773 0.662016 0.576556 0.659766 0.570778 0.657578 0.566111 0.654018 0.559560 0.651534 0.556551
8 0.671385 0.561782 0.667076 0.554894 0.664326 0.555560 0.666013 0.557560 0.669388 0.562560 0.671510 0.566667 0.674573 0.573333 0.676635 0.580773 0.677698 0.590329 0.677010 0.599435 0.675948 0.606657 0.674135 0.610431 0.674073 0.611542 0.675260 0.612319 0.678258 0.606546 0.679570 0.602102 0.680133 0.598546 0.680070 0.590106 0.679133 0.582773 0.677635 0.576444 0.674378 0.568375 0.671703 0.564005
8 0.393740 0.242278 0.394156 0.242157 0.394508 0.242403 0.394784 0.242778 0.394823 0.245069 0.393948 0.247921 0.389943 0.251454
8 0.389943 0.251454 0.387451 0.254458 0.390690 0.255227 0.392435 0.252787 0.396513 0.248819 0.397091 0.248556 0.398594 0.247037 0.400492 0.246060 0.402435 0.244718 0.402682 0.240741 0.401810 0.241241 0.400810 0.242250 0.398169 0.244042 0.396659 0.245481 0.394708 0.247046 0.394708 0.247046 0.393948 0.247921 0.393948 0.247921
8 0.404372 0.240046 0.404581 0.253190 0.404857 0.264968 0.404078 0.268269 0.400977 0.272843 0.402151 0.264968 0.402484 0.255403 0.402484 0.251755 0.402435 0.244718 0.402682 0.240694
8 0.404372 0.240046 0.405052 0.239722 0.410104 0.239954 0.413776 0.241296 0.414896 0.241991 0.413932 0.244583 0.410547 0.243287 0.408073 0.242963 0.404427 0.243565
8 0.409625 0.236963 0.410667 0.238722 0.411135 0.240435 0.410104 0.239954 0.408479 0.239880 0.407698 0.238213
8 0.408714 0.233769 0.397125 0.211315 0.396370 0.211917 0.395562 0.213028 0.395432 0.213815 0.395484 0.214648 0.405693 0.235620
8 0.405953 0.220991 0.405068 0.226870 0.403453 0.223815 0.403740 0.221870 0.404938 0.219509
8 0.405953 0.220991 0.412943 0.231435 0.414956 0.230037 0.400000 0.206056 0.399792 0.206056 0.399339 0.206551 0.398745 0.207231 0.398500 0.207912 0.398432 0.208472 0.398432 0.208968
8 0.405953 0.220991 0.410763 0.232435 0.413003 0.231278 0.412943 0.231287
8 0.414430 0.234005 0.416206 0.238736 0.414896 0.241991 0.412130 0.235509
8 0.414924 0.234019 0.416581 0.237769 0.417667 0.234875 0.416943 0.233375
8 0.419659 0.237602 0.426039 0.248111 0.429898 0.256565 0.440971 0.279907 0.452932 0.298495 0.456727 0.305356 0.456026 0.306602 0.455484 0.307852 0.446630 0.293356 0.440906 0.284523 0.438799 0.280685 0.432372 0.266477 0.429242 0.259468 0.424268 0.249852 0.422216 0.245699 0.419182 0.242218 0.418576 0.240556
8 0.424268 0.249852 0.422034 0.249162 0.420521 0.248106 0.419495 0.247144 0.418253 0.246759 0.417659 0.247241 0.417120 0.247815 0.416740 0.247528 0.416146 0.246472 0.417469 0.243389 0.417659 0.242921 0.420305 0.244843 0.422216 0.245699
8 0.419495 0.247144 0.421115 0.250310 0.418846 0.250986 0.417120 0.247815 0.417659 0.247241 0.418253 0.246759
8 0.593698 0.541356 0.593573 0.513810 0.593823 0.499481 0.595698 0.496148 0.596010 0.509699 0.595760 0.540356
8 0.608945 0.527801 0.615255 0.526250 0.617193 0.526472 0.617193 0.527583 0.615068 0.529690 0.610068 0.531579
8 0.595823 0.534468 0.595779 0.537556 0.601216 0.537667 0.601820 0.537468 0.601404 0.535000
8 0.600323 0.530356 0.595823 0.530801 0.595823 0.534468 0.601135 0.533912
8 0.602695 0.529690 0.606945 0.528245 0.607820 0.531801 0.603383 0.533134
8 0.604258 0.536690 0.600260 0.518361 0.597385 0.505366 0.596448 0.495370 0.595698 0.496148 0.596010 0.509699 0.599323 0.525694 0.601820 0.537468
8 0.385693 0.427884 0.389427 0.430542 0.393299 0.432616 0.395633 0.433528 0.396154 0.434704 0.397359 0.437093 0.391526 0.434935 0.388120 0.433028
8 0.426596 0.249394 0.432208 0.249083 0.434823 0.249644 0.443724 0.251528 0.454437 0.253648 0.454357 0.257301 0.446409 0.255940 0.439875 0.254366 0.436003 0.253431 0.433622 0.252787 0.431969 0.252500 0.428219 0.253144
8 0.435721 0.249991 0.442417 0.248843 0.445320 0.248843 0.447901 0.249630 0.451693 0.253218
8 0.425958 0.253037 0.419828 0.252963 0.417083 0.253380 0.415633 0.251458 0.418846 0.250986 0.421115 0.250310 0.424268 0.249852
8 0.416922 0.253394 0.418956 0.255111 0.424732 0.257032 0.429646 0.260009 0.426568 0.254440 0.422302 0.252903 0.419828 0.252963
8 0.432677 0.252606 0.436133 0.256926 0.434997 0.259231 0.429435 0.252991 0.431969 0.252500
8 0.440776 0.254431 0.434729 0.264991 0.434081 0.265088 0.432729 0.262495 0.437643 0.253949
8 0.671510 0.566667 0.669388 0.562560 0.666013 0.557560 0.664326 0.555560 0.662159 0.555907 0.661641 0.556005 0.666951 0.563782 0.669513 0.567667 0.672510 0.574000 0.674948 0.582773 0.675323 0.586662 0.675198 0.595546 0.674635 0.602546 0.672823 0.609319 0.673448 0.610431 0.674135 0.610431 0.675948 0.606657 0.677010 0.599435 0.677698 0.590329 0.676635 0.580773 0.674573 0.573333
8 0.674883 0.555907 0.671839 0.555009 0.673503 0.562074 0.674659 0.562333 0.675021 0.562977 0.676539 0.570171 0.683190 0.593435 0.686224 0.603972 0.688971 0.602560 0.678352 0.564389 0.675966 0.557833
8 0.678281 0.556551 0.690497 0.578912 0.690424 0.580713 0.689846 0.582509 0.688906 0.583537 0.678352 0.564389 0.675966 0.557833 0.674883 0.555907
8 0.684812 0.541222 0.685964 0.542315 0.685268 0.554185 0.682755 0.553722 0.683479 0.545495 0.682755 0.543829 0.681190 0.542556 0.681440 0.541333 0.683813 0.541444 0.683813 0.541444
8 0.405875 0.243028 0.406091 0.243796 0.409440 0.245810 0.411870 0.249264 0.413005 0.246769 0.410737 0.244273 0.409169 0.243028 0.408073 0.242963
8 0.411115 0.251380 0.404419 0.251764 0.404581 0.254546 0.409711 0.254259
8 0.401841 0.250380 0.402378 0.250602 0.402484 0.251755 0.396437 0.253384 0.397031 0.251944 0.397737 0.250861 0.398979 0.249898 0.400055 0.249227
8 0.398125 0.257454 0.402323 0.259815 0.402378 0.262792 0.398047 0.260093
8 0.688036 0.640426 0.695813 0.635051 0.695273 0.633227 0.687497 0.638412
8 0.610102 0.652681 0.614078 0.676843 0.610826 0.673245 0.606344 0.643042 0.608279 0.644199 0.608875 0.644583
8 0.336536 0.311481 0.335505 0.309468 0.329924 0.315861 0.326992 0.320176 0.324974 0.323986 0.322359 0.330940 0.320625 0.337495 0.319867 0.343102 0.319867 0.347810 0.320466 0.351398 0.322516 0.358852 0.323841 0.362384 0.325385 0.364343 0.330461 0.367037 0.330870 0.363278 0.327844 0.361880 0.325763 0.359972 0.323776 0.355486 0.322107 0.350333 0.321979 0.346241 0.321979 0.342204 0.322862 0.336880 0.324503 0.330880 0.326268 0.326565 0.329388 0.320903 0.332953 0.315750
8 0.345375 0.329991 0.338440 0.329819 0.334583 0.330514 0.331654 0.331644 0.330260 0.333370 0.330089 0.335028 0.332044 0.337023 0.335070 0.337806 0.336438 0.335898 0.333997 0.334940 0.332581 0.334333 0.332872 0.333551 0.336828 0.332685 0.338635 0.332338 0.344008 0.332426
8 0.344008 0.332426 0.341268 0.337903 0.340633 0.336861 0.340341 0.336079 0.341023 0.335384 0.341172 0.334083 0.341122 0.332259
8 0.677052 0.541000 0.680378 0.548324 0.682328 0.553593 0.679221 0.552694 0.677122 0.546912 0.674521 0.540741
8 0.674521 0.540741 0.671622 0.550894 0.671188 0.551537 0.669966 0.545755 0.671630 0.540741
8 0.669026 0.539972 0.674378 0.568375 0.671703 0.564005 0.669245 0.551153 0.667365 0.539458
8 0.662521 0.535602 0.666859 0.549995 0.667727 0.549995 0.668810 0.551023 0.669245 0.551153 0.666786 0.538944
8 0.649292 0.545037 0.646898 0.544856 0.647766 0.546014 0.657742 0.549741 0.661430 0.551921 0.661430 0.551921 0.652609 0.552051 0.640328 0.552565 0.634109 0.553722 0.631419 0.554667 0.632159 0.557833 0.635701 0.557319 0.640328 0.556935 0.651534 0.556551 0.662159 0.555907 0.668016 0.554750 0.668883 0.553722 0.668956 0.552051 0.668810 0.551023 0.667727 0.549995 0.657245 0.546782 0.653919 0.545884
8 0.668411 0.500694 0.676453 0.505954 0.676516 0.507509 0.676453 0.509176 0.675766 0.510176 0.668706 0.512843 0.665083 0.513620 0.664583 0.510620 0.671893 0.509176 0.672956 0.508398 0.673206 0.507620 0.667266 0.503935
8 0.657198 0.502787 0.653760 0.498681 0.653823 0.503231 0.661633 0.513454 0.665883 0.519560 0.674005 0.533111 0.679565 0.542667 0.680503 0.543111 0.681190 0.542556 0.681440 0.541333 0.681378 0.540000 0.667880 0.517005 0.665083 0.513620 0.662958 0.510843 0.662958 0.510843 0.661195 0.508009
8 0.657516 0.507556 0.660078 0.516551 0.657141 0.517662 0.653753 0.504431 0.653823 0.503231 0.653823 0.503231
8 0.650831 0.523218 0.653706 0.520106 0.657141 0.517662 0.660078 0.516551 0.663013 0.515440 0.665201 0.518551 0.658078 0.521218 0.654703 0.523440 0.652206 0.525991
8 0.665083 0.513620 0.668706 0.512843 0.675766 0.510176 0.681003 0.508343 0.684000 0.507787 0.685250 0.507787 0.686125 0.508231 0.686625 0.508898 0.687562 0.510454 0.687875 0.511454 0.688250 0.517782 0.688187 0.524005 0.688062 0.528560 0.687750 0.533556 0.687125 0.536111 0.686750 0.538778 0.685813 0.540222 0.684812 0.541222 0.683813 0.541444 0.681440 0.541333 0.681378 0.540000 0.680190 0.538111 0.684625 0.539111 0.685438 0.530560 0.686063 0.524338 0.685750 0.520227 0.685312 0.511120 0.680065 0.513009 0.675503 0.514676 0.673005 0.515454 0.668318 0.517560 0.668068 0.517227
8 0.677135 0.513884 0.676760 0.515218 0.673823 0.518106 0.670760 0.519995 0.669388 0.520106 0.668318 0.517560 0.673005 0.515454 0.675503 0.514676
8 0.680878 0.512741 0.675930 0.530907 0.674438 0.528338 0.678312 0.513486
8 0.676536 0.528588 0.680224 0.530662 0.681159 0.531491 0.681297 0.532403 0.681065 0.534560 0.680646 0.535472 0.679992 0.536056 0.679292 0.536551 0.675930 0.530907
8 0.680646 0.535472 0.684948 0.536329 0.684625 0.539111 0.680190 0.538111 0.679292 0.536551 0.679992 0.536056
8 0.684659 0.498634 0.682185 0.508176 0.681003 0.508343 0.679945 0.508838 0.682839 0.498218
8 0.680826 0.493218 0.681635 0.481815 0.684016 0.458088 0.686909 0.427139 0.688354 0.409963 0.689474 0.407972 0.690641 0.407389 0.691201 0.407806 0.687422 0.448958 0.682708 0.494176 0.681448 0.502806 0.679945 0.508838 0.677854 0.509444
8 0.682068 0.497926 0.689565 0.500528 0.707474 0.506560 0.725552 0.512458 0.725932 0.511023 0.726042 0.509778 0.726042 0.508333 0.725984 0.507662 0.693531 0.497292 0.682708 0.494176
8 0.683435 0.494412 0.687000 0.482125 0.690995 0.473773 0.691805 0.473963 0.692617 0.474829 0.692724 0.475500 0.688404 0.485773 0.685596 0.495083
8 0.663964 0.518528 0.666464 0.534523 0.667776 0.535968 0.668464 0.537634 0.669336 0.537856 0.667651 0.528190 0.665883 0.519560 0.665201 0.518551
8 0.667276 0.526194 0.673586 0.533190 0.672836 0.535856 0.668026 0.530856
8 0.666464 0.522417 0.668586 0.523639 0.671398 0.528523 0.667276 0.526194
8 0.663964 0.518528 0.662070 0.519560 0.665258 0.533778 0.666464 0.534523
8 0.665258 0.533778 0.660945 0.530116 0.658078 0.521218 0.660820 0.520227
8 0.643802 0.544491 0.637141 0.542542 0.632367 0.542412 0.632224 0.547426 0.647187 0.549097 0.652609 0.552051 0.661430 0.551921 0.657742 0.549741 0.647766 0.546014 0.646898 0.544856
8 0.398125 0.257454 0.395628 0.256935 0.395531 0.260333 0.395362 0.262764 0.395091 0.266894 0.394870 0.270954 0.395250 0.272681 0.395573 0.275463 0.395844 0.276616 0.395789 0.277671 0.395818 0.279806 0.398542 0.275657
8 0.341372 0.329991 0.343813 0.326435 0.345375 0.329991
8 0.398208 0.263472 0.402258 0.263472 0.402151 0.264968 0.401935 0.266833 0.398315 0.266546
8 0.394870 0.270954 0.394385 0.271815 0.393034 0.271815 0.391792 0.271528 0.391146 0.272009 0.390388 0.273162 0.389740 0.272870 0.389633 0.271912 0.389956 0.270667 0.390177 0.269194 0.395091 0.266894
8 0.547646 0.570190 0.551893 0.572097 0.550727 0.574750 0.546526 0.572509
8 0.346742 0.331815 0.341174 0.343449 0.340393 0.341278 0.341268 0.337903 0.344008 0.332426 0.345375 0.329991
8 0.341174 0.343449 0.351174 0.361981 0.348820 0.364074 0.339471 0.345130 0.338617 0.343606 0.337599 0.344009 0.336130 0.344509 0.335000 0.343606 0.334435 0.341495 0.334492 0.339588 0.335070 0.337806 0.336438 0.335898 0.337656 0.334468 0.338898 0.334468 0.339747 0.335472 0.340341 0.336079 0.340633 0.336861 0.341268 0.337903 0.340393 0.341278 0.340393 0.341278 0.340393 0.341278
8 0.409224 0.262324 0.414625 0.260690 0.426990 0.260019 0.428177 0.260208 0.428826 0.260884 0.430284 0.261074 0.431203 0.264051 0.430339 0.264435 0.422508 0.263380 0.416081 0.264435 0.411924 0.264912 0.410466 0.265106 0.409440 0.265875 0.408253 0.267986 0.406201 0.275954 0.403516 0.287954 0.401328 0.286176 0.404193 0.273287 0.405591 0.271361
8 0.414076 0.264509 0.408016 0.291394 0.405828 0.290171 0.411924 0.264912 0.411924 0.264912
8 0.413797 0.252009 0.419284 0.260403 0.422227 0.260259 0.414724 0.249787
8 0.413354 0.252801 0.417023 0.260546 0.414625 0.260690 0.412344 0.255236
8 0.436198 0.287167 0.434578 0.280449 0.432849 0.275454 0.429932 0.267486 0.418862 0.264606 0.418594 0.263935 0.422508 0.263380 0.430339 0.264435 0.431203 0.264051 0.432372 0.266477 0.436630 0.279583 0.439276 0.289565
8 0.669336 0.537856 0.677128 0.538111 0.678690 0.541444 0.668005 0.539889 0.663633 0.536444 0.657448 0.531444 0.653885 0.528449 0.653198 0.528227 0.652206 0.525991 0.654073 0.524338 0.660945 0.530116 0.665258 0.533778 0.666464 0.534523 0.667776 0.535968 0.668464 0.537634
8 0.687125 0.536111 0.713930 0.539333 0.713867 0.540889 0.713492 0.543000 0.685813 0.540222 0.686750 0.538778
8 0.685964 0.542315 0.686518 0.542079 0.687393 0.542852 0.687831 0.544074 0.687331 0.554630 0.685268 0.554185
8 0.639669 0.531491 0.635693 0.521977 0.634393 0.525579 0.640609 0.538815 0.643802 0.544491 0.646898 0.544856
8 0.689018 0.554852 0.689831 0.554074 0.699266 0.550852 0.700203 0.551296 0.701013 0.552519 0.702888 0.562736 0.703201 0.569292 0.703013 0.571843 0.702388 0.574731 0.699677 0.584051 0.694836 0.596139 0.694042 0.597681 0.691224 0.599991 0.697221 0.584440 0.700115 0.574931 0.700690 0.572102 0.701052 0.568889 0.700039 0.560282 0.698883 0.554241 0.691872 0.555782
8 0.691872 0.555782 0.695117 0.556551 0.695406 0.557579 0.695479 0.559250 0.695406 0.560532 0.685214 0.558093 0.671839 0.555009 0.671188 0.551537 0.671622 0.550894 0.687331 0.554630
8 0.656448 0.530458 0.663750 0.549097 0.657966 0.539458 0.653771 0.532181 0.653958 0.531102 0.653911 0.529773 0.653885 0.528449 0.653885 0.528449
8 0.663750 0.549097 0.659984 0.547810 0.651578 0.533259 0.652557 0.533176 0.653117 0.532926 0.653771 0.532181 0.657966 0.539458
8 0.651172 0.538301 0.657245 0.546782 0.653919 0.545884 0.651388 0.542671
8 0.640760 0.523394 0.641268 0.528019 0.646328 0.536116 0.649010 0.540144 0.647937 0.535579 0.646677 0.532509 0.644018 0.528032
8 0.641268 0.528019 0.641693 0.534704 0.639669 0.531491 0.638659 0.521079 0.639818 0.522306 0.640760 0.523394 0.640760 0.523394
8 0.434146 0.279009 0.432956 0.278625 0.425883 0.266333 0.422643 0.265662 0.431174 0.280352 0.435063 0.281597
8 0.418862 0.264606 0.424896 0.277671 0.422844 0.278824 0.416081 0.264435 0.418594 0.263935
8 0.418539 0.269505 0.413518 0.267005 0.414076 0.264509 0.416081 0.264435
8 0.413518 0.267005 0.412799 0.269898 0.420953 0.274986 0.418539 0.269505
8 0.419997 0.267389 0.423831 0.267583 0.422643 0.265662 0.418862 0.264606
8 0.419997 0.267389 0.430727 0.279690 0.426029 0.277481 0.423815 0.275463
8 0.424896 0.277671 0.426029 0.277481 0.430727 0.279690 0.431174 0.280352 0.435063 0.281597 0.435750 0.285546 0.430294 0.282954 0.429268 0.282088 0.425326 0.281319 0.423977 0.280167 0.422844 0.278824
8 0.425326 0.281319 0.427432 0.285449 0.424841 0.285546 0.422789 0.282185 0.421437 0.280935 0.420305 0.280745 0.419008 0.281319 0.417549 0.282282 0.414852 0.285255 0.410370 0.288713 0.409938 0.287944 0.413339 0.282472 0.414852 0.280361 0.415500 0.278250 0.416687 0.277579 0.418198 0.277769 0.419440 0.277481 0.421276 0.277579 0.422844 0.278824 0.423977 0.280167
8 0.418198 0.277769 0.412745 0.270472 0.411880 0.273639 0.415336 0.279019 0.415500 0.278250 0.416687 0.277579
8 0.411880 0.273639 0.411070 0.276903 0.414526 0.280935 0.414852 0.280361 0.415336 0.279019 0.415336 0.279019
8 0.404336 0.283806 0.408440 0.279681 0.407146 0.284769 0.404336 0.288894 0.403516 0.287954
8 0.402500 0.275648 0.400719 0.285056 0.398938 0.283713 0.399422 0.280352
8 0.398073 0.282560 0.409089 0.292352 0.406552 0.294176 0.396398 0.284861
8 0.409938 0.287944 0.408586 0.288810 0.408016 0.291394 0.409089 0.292352 0.409089 0.292352 0.412312 0.289769 0.414310 0.288134 0.415229 0.287176 0.417065 0.287176 0.419982 0.287847 0.427758 0.286694 0.427432 0.285449 0.424841 0.285546 0.420250 0.285255 0.416039 0.284199 0.414852 0.285255 0.410370 0.288713
8 0.396893 0.295639 0.401008 0.288972 0.399758 0.287954 0.396841 0.291935
8 0.679508 0.687125 0.686284 0.692477 0.692221 0.700208 0.701841 0.713889 0.703849 0.717458 0.700753 0.717014 0.692305 0.704523 0.686701 0.697236 0.684193 0.694259 0.679091 0.690245 0.678974 0.688500 0.678672 0.686829 0.678672 0.686829
8 0.688031 0.678454 0.679508 0.687125 0.678672 0.686829 0.677919 0.684148 0.682518 0.679394 0.686115 0.676120
8 0.688115 0.687824 0.694221 0.686037 0.691878 0.683065 0.688951 0.683810
8 0.740661 0.761639 0.737333 0.759620 0.734984 0.761926 0.739526 0.764866
8 0.734984 0.761926 0.743419 0.753375 0.746419 0.749708 0.747086 0.747926 0.744203 0.739921 0.744052 0.740995 0.744807 0.746912 0.736734 0.756375 0.735359 0.758042
8 0.396841 0.291935 0.396745 0.288796 0.397682 0.286065 0.396398 0.284861 0.394948 0.286852 0.394896 0.292870 0.395391 0.298657 0.396510 0.307176 0.397135 0.313241 0.397604 0.313333 0.397943 0.312824 0.398646 0.310231 0.397031 0.298935
8 0.399443 0.307616 0.398885 0.301231 0.399685 0.297273 0.400872 0.289278 0.400977 0.289028 0.402823 0.290829 0.401081 0.300310 0.400628 0.303782
8 0.395049 0.294106 0.389159 0.297088 0.388669 0.301296 0.392005 0.299074 0.395234 0.296343
8 0.395826 0.301384 0.394536 0.304755 0.393690 0.307764 0.393648 0.309417 0.395344 0.314792 0.395464 0.312713 0.395464 0.308194 0.395867 0.306046 0.396271 0.305255
8 0.400628 0.303782 0.403180 0.298264 0.405359 0.295181 0.406552 0.294176 0.409089 0.292352 0.412312 0.289769 0.415081 0.288870 0.419982 0.287847 0.427758 0.286694 0.431940 0.286287 0.433997 0.286218 0.436198 0.287167 0.439276 0.289565 0.441945 0.293171 0.444203 0.297690 0.446461 0.306653 0.446906 0.313324 0.446341 0.325944 0.444727 0.322000 0.445130 0.313755 0.444849 0.308662 0.442750 0.300847 0.441542 0.296829 0.438797 0.292597 0.435490 0.289944 0.431779 0.288940 0.427706 0.289875 0.420930 0.291310 0.416492 0.292310 0.413747 0.293171 0.409432 0.295824 0.407294 0.296972 0.405117 0.299338 0.402615 0.303787 0.401203 0.307514 0.400195 0.311889 0.399307 0.314972 0.399146 0.316907 0.405964 0.328884 0.409313 0.334120 0.408484 0.334250 0.400708 0.323880 0.397362 0.318981 0.396565 0.317556 0.397135 0.313241 0.397604 0.313333 0.397943 0.312824 0.398646 0.310231 0.399443 0.307616 0.399443 0.307616
8 0.400185 0.311148 0.404721 0.309037 0.410607 0.307787 0.414115 0.308380 0.419354 0.309995 0.425833 0.314412 0.429885 0.317676 0.441279 0.326986 0.441766 0.327657 0.442089 0.329579 0.441818 0.331500 0.434745 0.325546 0.426266 0.318157 0.420164 0.314028 0.416331 0.312394 0.411146 0.311532 0.406125 0.312014 0.403154 0.313069 0.399307 0.314972
8 0.406503 0.308653 0.407151 0.303852 0.408393 0.299245 0.409432 0.295824 0.407294 0.296972 0.405909 0.300106 0.404828 0.306060 0.404721 0.309037
8 0.549932 0.565792 0.546945 0.571764 0.543445 0.577324 0.540888 0.580745 0.539375 0.584583 0.537099 0.583630 0.541159 0.576329 0.545938 0.570171
8 0.411523 0.294542 0.413747 0.293171 0.415229 0.292745 0.426299 0.302921 0.426622 0.304648
8 0.424268 0.290412 0.424591 0.291755 0.425349 0.293194 0.425510 0.296556 0.425672 0.299338 0.425943 0.301162 0.426299 0.302921 0.426622 0.304648 0.428534 0.305866 0.428589 0.304139 0.428479 0.300972 0.427508 0.295787 0.426591 0.291370 0.426266 0.290028
8 0.426266 0.290028 0.427706 0.289875 0.427706 0.289875 0.428513 0.289866 0.429917 0.298023 0.430294 0.303208 0.430456 0.307046 0.428534 0.305866 0.428589 0.304139 0.428479 0.300972 0.427508 0.295787 0.426591 0.291370
8 0.428513 0.289866 0.430188 0.289384 0.430727 0.291495 0.433211 0.293898 0.436180 0.295528 0.438503 0.296009 0.439042 0.298792 0.436721 0.298407 0.434508 0.297736 0.432023 0.295722 0.430943 0.294856 0.429214 0.293801
8 0.429214 0.293801 0.429971 0.297449 0.431159 0.299560 0.433805 0.300810 0.436667 0.301384 0.439474 0.301769 0.439042 0.298792 0.436721 0.298407 0.434508 0.297736 0.432023 0.295722 0.430943 0.294856
8 0.430102 0.302218 0.439474 0.301769 0.439766 0.303755 0.430370 0.304333
8 0.436148 0.303755 0.435661 0.304620 0.434906 0.305676 0.430370 0.305963 0.430370 0.304333
8 0.557794 0.557449 0.551143 0.564773 0.545938 0.570171 0.539070 0.579171 0.536539 0.583153 0.532924 0.581866 0.543984 0.567602 0.551648 0.558222 0.553516 0.555704 0.557044 0.553856 0.557044 0.553856
8 0.439766 0.303755 0.441852 0.315403 0.444388 0.321255 0.443794 0.314537 0.441797 0.303019 0.440393 0.295046 0.438797 0.292597 0.438797 0.292597 0.437854 0.292167
8 0.430188 0.289384 0.431779 0.288940 0.431779 0.288940 0.435534 0.292745 0.438503 0.296009 0.436180 0.295528 0.433211 0.293898 0.430727 0.291495
8 0.415229 0.292745 0.418576 0.296009 0.425651 0.298310 0.425510 0.296556 0.425349 0.293194 0.424591 0.291755 0.424268 0.290412 0.420930 0.291310 0.416492 0.292310
8 0.406995 0.305185 0.419211 0.303384 0.421406 0.305194 0.423115 0.306338 0.412633 0.308009 0.410607 0.307787 0.406503 0.308653 0.406503 0.308653
8 0.412443 0.308162 0.414820 0.307588 0.416315 0.307801 0.421276 0.309306 0.427286 0.312102 0.427367 0.315546 0.425833 0.314412 0.419354 0.309995 0.414115 0.308380
8 0.430352 0.314981 0.433839 0.317829 0.433419 0.320681 0.429885 0.317676 0.429885 0.317676 0.429505 0.317269 0.429495 0.317227 0.430190 0.315977
8 0.549635 0.593222 0.561083 0.605898 0.571180 0.617319 0.576526 0.622889 0.580792 0.628264 0.595156 0.629032 0.597750 0.634218 0.581602 0.632583 0.578310 0.630569 0.565620 0.616843 0.548232 0.597255 0.543911 0.591495 0.542938 0.588426 0.540672 0.585162 0.539375 0.584583 0.540888 0.580745 0.550445 0.575176 0.557951 0.558569 0.558276 0.563657 0.556018 0.569051 0.554937 0.570491 0.554937 0.570491 0.551753 0.576250 0.550120 0.580458 0.543047 0.584681 0.545919 0.588829
8 0.547971 0.591227 0.549635 0.593222 0.551956 0.592551 0.549687 0.589769
8 0.562930 0.586333 0.562768 0.592667 0.562391 0.594204 0.562336 0.594972 0.562552 0.596894 0.562820 0.598042 0.563469 0.598907 0.562875 0.601306 0.561633 0.601116 0.560823 0.600634 0.560500 0.595259 0.560878 0.591227 0.560878 0.587194
8 0.552398 0.588250 0.568005 0.579421 0.567141 0.582472 0.566924 0.584218 0.554234 0.591324
8 0.767505 0.779708 0.768523 0.785236 0.769031 0.791162 0.770161 0.791060 0.770724 0.789139 0.769786 0.781810 0.769427 0.779912
8 0.550672 0.585370 0.552995 0.589213 0.559148 0.598236 0.561633 0.601116 0.562875 0.601306 0.563794 0.597657 0.565143 0.601787 0.563956 0.604380 0.562391 0.605148 0.560339 0.604380 0.557260 0.601213 0.551320 0.591995 0.549430 0.589403 0.548781 0.589019 0.547971 0.591227 0.545919 0.588829 0.549159 0.582301 0.549969 0.583741 0.549701 0.583931 0.549701 0.583931 0.550294 0.585657
8 0.766661 0.778602 0.767505 0.779708 0.769427 0.779912 0.768240 0.776796 0.766714 0.775894
8 0.556503 0.573278 0.558609 0.574810 0.553208 0.582394 0.550294 0.585657 0.549701 0.583931
8 0.771096 0.795917 0.763151 0.826079 0.762529 0.824264 0.761742 0.823407 0.767224 0.801708 0.770724 0.789139
8 0.750570 0.838778 0.755599 0.835162 0.757805 0.832449 0.759159 0.830236 0.760669 0.829708 0.760911 0.831144 0.760289 0.833352 0.757409 0.837370 0.753734 0.841088 0.751474 0.842190
8 0.750005 0.836565 0.751305 0.840884 0.751646 0.843801 0.749724 0.844806 0.749271 0.841690 0.748424 0.839079
8 0.689956 0.680833 0.687865 0.689606 0.686023 0.689014 0.688031 0.678454
8 0.678914 0.667750 0.698404 0.690796 0.700076 0.689606 0.700578 0.688417 0.686776 0.672509 0.680003 0.664329
8 0.556773 0.572699 0.549969 0.583741 0.549159 0.582301 0.551753 0.576250 0.554937 0.570491
8 0.569951 0.553403 0.570922 0.554458 0.571245 0.556190 0.571354 0.558204 0.571622 0.560796 0.571193 0.562810 0.570383 0.563773 0.568492 0.565116 0.568167 0.564250 0.568708 0.563579 0.569031 0.562810 0.569141 0.556764 0.563685 0.563389 0.558339 0.570778 0.556018 0.569051 0.558609 0.565088 0.560339 0.562782 0.560500 0.561181 0.563740 0.555898 0.565737 0.553787 0.567573 0.552634 0.569625 0.553690
8 0.753849 0.831144 0.748706 0.838778 0.742773 0.845708 0.742474 0.844301 0.743039 0.842694 0.743039 0.842694 0.743961 0.840384 0.748820 0.833856 0.750966 0.830741
8 0.743044 0.846676 0.742474 0.844301 0.741174 0.847718 0.742247 0.857361 0.744846 0.862384 0.744677 0.854546 0.744107 0.850231
8 0.732307 0.835130 0.732703 0.838745 0.736432 0.845778 0.737292 0.846806 0.738411 0.844074
8 0.728578 0.829505 0.728693 0.835634 0.726318 0.832417 0.726659 0.824782
8 0.728523 0.822171 0.731687 0.829505 0.735755 0.835130 0.739654 0.840352 0.738359 0.844167 0.732760 0.835935 0.730443 0.832921 0.728862 0.830407 0.728240 0.829005 0.726659 0.824782 0.727674 0.822069
8 0.728523 0.818454 0.736031 0.822204 0.744620 0.825917 0.743435 0.829231 0.736880 0.826722 0.730438 0.823306 0.727674 0.822069
8 0.353784 0.317338 0.348076 0.328889 0.346776 0.326880 0.352878 0.314125
8 0.726940 0.802079 0.727617 0.801778 0.729654 0.802384 0.730331 0.803991 0.728523 0.818454 0.727674 0.822069 0.726659 0.824782 0.726318 0.832417 0.724057 0.828801 0.725870 0.814782 0.726638 0.810046
8 0.711352 0.779889 0.713536 0.778153 0.723349 0.789370 0.729844 0.796958 0.734841 0.801889 0.743268 0.807532 0.750164 0.812199 0.755234 0.816157 0.757859 0.818343 0.759641 0.820843 0.762529 0.824264 0.763151 0.826079 0.762893 0.827505 0.761690 0.829319 0.760669 0.829708 0.755234 0.831139 0.747682 0.830296 0.748411 0.826597 0.755891 0.827505 0.759940 0.826403 0.760341 0.826014 0.757385 0.822056 0.750674 0.816935 0.743487 0.812005 0.738016 0.808505 0.731557 0.802796 0.722036 0.792551
8 0.711352 0.779889 0.726638 0.810046 0.725870 0.814782 0.713284 0.790593 0.709016 0.782292
8 0.719159 0.773208 0.712224 0.779449 0.703615 0.787231 0.698107 0.790407 0.693510 0.792745 0.690081 0.793653 0.689060 0.790602 0.693646 0.789074 0.701279 0.784898 0.710180 0.777764 0.714010 0.774843
8 0.714125 0.764324 0.710039 0.758551 0.706208 0.757838 0.706536 0.758944 0.708760 0.760889 0.711935 0.766204
8 0.709857 0.772171 0.716385 0.770551 0.719159 0.773208 0.710404 0.775741 0.703471 0.777880 0.702815 0.777944 0.705672 0.775931 0.705672 0.775931
8 0.732294 0.636759 0.731458 0.638394 0.732294 0.641370 0.740576 0.653713 0.745344 0.662486 0.750195 0.666796 0.743839 0.653713 0.737398 0.643750
8 0.728198 0.626648 0.737557 0.633296 0.746172 0.641176 0.750279 0.651926 0.751951 0.657130 0.752286 0.663824 0.752117 0.667838 0.750195 0.666796 0.750195 0.661296 0.749776 0.657579 0.749107 0.654306 0.747768 0.649398 0.745177 0.644046 0.743253 0.641074 0.733383 0.633190 0.729945 0.631361
8 0.727109 0.623333 0.727352 0.624227 0.728271 0.625861 0.737557 0.633296 0.746172 0.641176 0.746005 0.640282 0.739313 0.632403 0.733625 0.627199 0.729201 0.624120
8 0.728951 0.633639 0.727612 0.632894 0.722341 0.627093 0.717659 0.620551 0.712714 0.613963 0.712714 0.613963 0.718654 0.617829 0.722167 0.621102 0.725094 0.624671 0.728523 0.631810
8 0.708539 0.612222 0.709378 0.614454 0.714313 0.620699 0.721422 0.631407 0.729034 0.645088 0.728029 0.659958 0.730036 0.661000 0.730279 0.657236 0.730698 0.645639 0.730789 0.643153 0.723430 0.630069 0.717659 0.620551 0.712138 0.613713
8 0.705112 0.611630 0.704776 0.615940 0.705029 0.617727 0.717406 0.632000 0.722760 0.640181 0.723763 0.639736 0.718076 0.627986 0.706534 0.612227
8 0.727109 0.614602 0.741831 0.624417 0.744005 0.626056 0.751784 0.649694 0.759143 0.670958 0.759229 0.674380 0.758391 0.675569 0.757052 0.675718 0.749859 0.670218 0.743922 0.665310 0.741664 0.662486 0.738234 0.657130 0.739404 0.656981 0.745344 0.662486 0.752117 0.667838 0.756885 0.671556 0.756635 0.669773 0.749776 0.651481 0.744841 0.636759 0.742417 0.629028 0.732211 0.621296 0.727695 0.618171
8 0.724935 0.613565 0.720000 0.609995 0.719247 0.612671 0.725771 0.617282
8 0.718828 0.614157 0.722594 0.603301 0.726523 0.621444 0.727109 0.623333 0.729201 0.624120 0.725771 0.609102 0.723260 0.599736 0.720753 0.599884 0.718745 0.608954 0.717148 0.612773
8 0.718745 0.608954 0.714396 0.599287 0.712724 0.596019 0.711635 0.595421 0.709878 0.592894 0.710214 0.597949 0.712724 0.605088 0.715148 0.609546 0.717148 0.612773
8 0.705865 0.608954 0.700669 0.609505 0.696823 0.610546 0.695568 0.613667 0.703932 0.612329 0.707445 0.612181 0.712714 0.613963 0.718654 0.617829 0.722167 0.621102 0.725094 0.624671 0.728523 0.631810 0.730112 0.638944 0.730698 0.645639 0.730279 0.657236 0.729609 0.665861 0.728523 0.673444 0.730195 0.674782 0.731784 0.663185 0.732706 0.652032 0.732453 0.642366 0.729945 0.631361 0.726932 0.623630 0.724591 0.619764 0.719490 0.614708 0.717148 0.612773 0.711469 0.609699
8 0.709125 0.604940 0.707453 0.609250 0.705865 0.608954 0.706534 0.607167 0.707536 0.604194 0.708625 0.602111
8 0.699758 0.602560 0.705445 0.605981 0.706534 0.607167 0.705865 0.608954 0.701932 0.606870 0.698419 0.606278
8 0.702182 0.595569 0.707536 0.604194 0.706534 0.607167 0.704776 0.605088 0.701013 0.599435
8 0.707120 0.582931 0.707620 0.588134 0.702685 0.594528
8 0.706458 0.575509 0.708372 0.575644 0.711469 0.609699 0.709378 0.609398
8 0.689052 0.567468 0.699339 0.577282 0.700594 0.574009 0.689971 0.565088
8 0.690424 0.580713 0.697826 0.577981 0.698495 0.578722 0.698661 0.579912 0.698076 0.581398 0.693141 0.583630
8 0.690424 0.580713 0.696404 0.586755 0.695318 0.589875 0.689378 0.583185 0.689846 0.582509
8 0.686708 0.579065 0.688466 0.591407 0.686711 0.588583 0.685789 0.588731 0.684034 0.575199
8 0.685036 0.588435 0.686711 0.588583 0.688466 0.591407 0.690224 0.601815 0.688971 0.602560
8 0.693568 0.601370 0.697500 0.602412 0.696495 0.605384 0.689805 0.604491 0.692398 0.602412
8 0.715781 0.766389 0.725805 0.774954 0.730648 0.778806 0.731878 0.785106 0.723057 0.776750 0.714089 0.768519
8 0.689805 0.604491 0.691979 0.614306 0.688633 0.610292 0.687294 0.606278
8 0.683029 0.609546 0.691310 0.619657 0.692732 0.615347 0.686292 0.607019
8 0.684703 0.604940 0.680133 0.598546 0.679516 0.601963 0.681943 0.606870
8 0.661115 0.630218 0.665799 0.625014 0.667891 0.622486 0.671906 0.617875 0.674081 0.615347 0.678346 0.612375 0.685456 0.607912 0.692398 0.602856 0.697417 0.598394 0.699833 0.595375 0.703021 0.587394 0.702685 0.587838 0.694836 0.596139 0.694042 0.597681 0.691224 0.599991 0.688971 0.602560 0.686224 0.603972 0.679182 0.608208 0.675260 0.612319 0.674073 0.611542 0.671820 0.614009 0.669060 0.615940 0.664117 0.622144 0.662109 0.624968 0.659609 0.627093
8 0.666133 0.613412 0.661115 0.620403 0.659276 0.619065 0.664794 0.611481
8 0.666385 0.609250 0.675000 0.597949 0.675083 0.598394 0.674635 0.602546 0.668307 0.610884
8 0.660195 0.607019 0.664042 0.611333 0.669060 0.615940 0.671820 0.614009 0.664042 0.607167 0.663372 0.606130 0.662286 0.604792
8 0.354583 0.311019 0.359208 0.342051 0.361016 0.353500 0.360294 0.354032 0.358982 0.349986 0.358133 0.344963 0.352370 0.310708
8 0.355253 0.315130 0.355818 0.314324 0.356156 0.313620 0.357060 0.313722 0.357398 0.314426 0.358078 0.314727 0.358586 0.314926 0.360904 0.339134 0.362599 0.350185 0.363898 0.354306 0.367289 0.361639 0.369604 0.366361 0.366609 0.366361 0.363219 0.360032 0.361862 0.356213 0.361016 0.353500 0.359208 0.342051
8 0.354008 0.327181 0.349602 0.325778 0.348076 0.328889 0.353896 0.330296
8 0.353784 0.319245 0.354122 0.333713 0.355534 0.338032 0.355818 0.332005
8 0.569625 0.553690 0.571948 0.552926 0.575349 0.549852 0.575716 0.548009 0.575096 0.547458 0.575096 0.547458 0.574271 0.547259 0.567573 0.552634
8 0.689333 0.660894 0.682755 0.653579 0.681310 0.658977 0.700755 0.681597 0.715938 0.699463 0.737695 0.726065 0.738997 0.723750 0.740010 0.720921
8 0.689768 0.648815 0.692805 0.661921 0.689911 0.661023 0.687453 0.648815
8 0.706344 0.659148 0.709070 0.666690 0.705888 0.665792 0.702924 0.656153
8 0.574331 0.561125 0.572638 0.559528 0.575716 0.548009 0.576589 0.548176 0.577714 0.548583
8 0.638341 0.510431 0.647214 0.526537 0.647659 0.524213 0.643643 0.514421 0.639216 0.507097
8 0.616148 0.496019 0.617906 0.495583 0.621250 0.511926 0.622672 0.515199 0.624346 0.517444 0.626437 0.519972 0.628026 0.525324 0.628945 0.526500 0.626437 0.527556 0.624346 0.522944 0.622339 0.519380 0.620833 0.516241 0.619911 0.514472
8 0.603042 0.579838 0.607742 0.589130 0.610169 0.593148 0.610940 0.595088 0.613552 0.595088 0.615102 0.592509 0.617948 0.588389 0.618828 0.587005 0.620471 0.584940 0.621935 0.583431 0.620958 0.580060 0.619128 0.582676 0.617628 0.584676 0.614630 0.589005 0.612818 0.591782 0.612130 0.591449 0.611568 0.590894 0.608695 0.586005 0.605065 0.578574 0.602901 0.574208 0.602029 0.573653 0.601966 0.571769 0.600883 0.570097 0.599044 0.572625
8 0.597354 0.581028 0.600633 0.577088 0.599461 0.574111 0.598708 0.574412 0.592656 0.584764 0.591594 0.584875 0.592185 0.587495 0.595365 0.585713
8 0.603042 0.579838 0.599279 0.583556 0.595365 0.585713 0.597354 0.581028 0.599362 0.580134 0.601620 0.577162
8 0.592826 0.589560 0.610940 0.595088 0.610169 0.593148 0.607742 0.589130 0.595365 0.585713 0.592185 0.587495
8 0.586229 0.587866 0.589909 0.599167 0.588823 0.602144 0.587148 0.600208 0.582799 0.588167
8 0.577615 0.586231 0.588487 0.582810 0.588763 0.584676 0.588951 0.587005 0.587651 0.587421 0.580039 0.589505 0.580878 0.590991 0.591583 0.605264 0.592299 0.613310 0.580458 0.596046 0.577698 0.591884 0.577365 0.590245
8 0.541917 0.559819 0.546336 0.556134 0.550982 0.553329 0.552732 0.551884 0.556294 0.550231 0.562391 0.546597 0.567997 0.544088 0.570378 0.543370 0.574370 0.543083 0.576953 0.543727 0.578607 0.544301 0.580503 0.544301 0.583810 0.544088 0.584414 0.544088 0.585786 0.544519 0.586190 0.544949 0.585664 0.546023 0.585180 0.547241 0.584375 0.548463 0.583083 0.548606 0.582357 0.549319 0.576589 0.548176 0.575096 0.547458 0.573281 0.547028 0.572070 0.547315 0.564810 0.550181 0.562349 0.551259 0.559891 0.552690 0.553516 0.555704 0.550654 0.558287 0.548193 0.560079 0.547990 0.561727 0.547385 0.562801 0.546094 0.563088 0.545047 0.563088 0.544521 0.563088 0.539599 0.567032 0.537060 0.569472 0.534599 0.570690 0.534479 0.571898 0.533430 0.573273 0.531815 0.575139 0.531049 0.577074 0.530323 0.578366 0.530039 0.580227 0.527958 0.578681 0.528604 0.577245 0.529169 0.575454 0.528966 0.574449 0.529654 0.573231 0.530138 0.572083 0.532258 0.568755 0.536268 0.564838
8 0.690031 0.781176 0.693646 0.789074 0.691497 0.789944 0.687443 0.781782
8 0.683406 0.778370 0.685349 0.782148 0.695034 0.780801 0.696393 0.780801 0.696393 0.779185 0.692948 0.779144
8 0.683747 0.764958 0.689193 0.771819 0.690570 0.775958 0.688208 0.775449 0.683622 0.769116
10 0.571622 0.560796 0.572638 0.559528 0.574331 0.561125 0.575016 0.562310 0.575284 0.564042 0.575122 0.566440 0.574529 0.568074 0.573557 0.569514 0.572490 0.570264 0.570104 0.572574 0.569742 0.574505 0.568659 0.576431 0.566536 0.579403 0.565294 0.579495 0.563513 0.578824 0.562271 0.577481 0.561352 0.575176 0.561245 0.572870 0.561784 0.568648 0.562810 0.566056 0.564107 0.565097 0.565349 0.565097 0.566482 0.565579 0.567562 0.565958 0.568492 0.565116 0.570383 0.563773 0.571193 0.562810
8 0.708562 0.652926 0.714130 0.668731 0.711167 0.667190 0.708826 0.659051 0.709096 0.657995 0.708664 0.655981 0.707768 0.655625 0.706682 0.652282
8 0.719984 0.660894 0.723310 0.671815 0.725263 0.672204 0.722299 0.661148
8 0.704474 0.756620 0.707044 0.769935 0.703867 0.765227 0.701682 0.756042
8 0.718612 0.660634 0.723310 0.671815 0.720635 0.670917 0.716081 0.660380
8 0.710081 0.657421 0.717815 0.657421 0.724323 0.658838 0.724755 0.659481 0.726057 0.661792 0.717815 0.660509 0.711237 0.660634
8 0.689333 0.660894 0.701552 0.664236 0.718974 0.670148 0.728523 0.673444 0.730195 0.674782 0.733143 0.677097 0.736539 0.679671 0.739143 0.681454 0.741383 0.682486 0.749695 0.688921 0.756346 0.693667 0.758805 0.698162 0.758805 0.698551 0.746878 0.690324 0.734370 0.681329 0.726708 0.676574 0.713984 0.671815 0.704297 0.668731 0.697286 0.666676 0.692008 0.664750
8 0.729240 0.668347 0.724755 0.659481 0.721648 0.655755 0.719190 0.653694 0.714201 0.650356 0.711958 0.649000 0.707154 0.647560 0.706971 0.647269 0.705526 0.644444 0.708779 0.644699 0.711599 0.645602 0.721086 0.651593 0.723677 0.654250 0.728029 0.659958 0.729961 0.664491
8 0.731406 0.665648 0.734948 0.674528 0.736539 0.679671 0.733143 0.677097 0.730396 0.671315
8 0.731841 0.662176 0.736396 0.666032 0.738924 0.670403 0.740154 0.674000 0.741383 0.682486 0.739143 0.681454 0.738130 0.675671 0.736828 0.671815 0.735672 0.669375 0.731406 0.665648
8 0.740443 0.648426 0.744419 0.649583 0.748828 0.657167 0.744635 0.655366
8 0.653206 0.614653 0.664117 0.622144 0.662109 0.624968 0.655836 0.620060 0.654563 0.617208 0.654563 0.617208
1 0.675167 0.593042 0.667974 0.602111 0.664042 0.607167 0.663372 0.606130 0.672073 0.594977 0.674164 0.592301 0.674656 0.591213
8 0.665047 0.579361 0.664951 0.578444 0.664951 0.578444 0.663513 0.572333 0.674656 0.591213 0.674164 0.592301
8 0.665047 0.579361 0.674164 0.592301 0.672073 0.594977 0.664964 0.584866
8 0.625375 0.556106 0.628469 0.555509 0.628602 0.556731 0.628635 0.558190 0.624878 0.558569
8 0.585661 0.617519 0.588620 0.629074 0.591299 0.628829 0.588346 0.617963 0.587753 0.618347 0.586781 0.618157
8 0.597289 0.590880 0.603099 0.608046 0.599951 0.606810 0.594536 0.589968
8 0.604820 0.595139 0.603099 0.608046 0.601276 0.602454 0.602758 0.592583 0.604383 0.593250
8 0.609651 0.607866 0.612211 0.602532 0.613023 0.606977 0.610836 0.611310 0.608526 0.610310
8 0.604820 0.595139 0.608089 0.610310 0.608526 0.610310 0.609651 0.607866 0.608651 0.603755 0.606526 0.593537 0.604383 0.593250
8 0.609195 0.614792 0.606875 0.619324 0.605583 0.620625 0.604677 0.621616 0.604120 0.621926 0.603633 0.621245 0.603388 0.620625 0.604281 0.618574 0.606651 0.613736
8 0.604607 0.625148 0.604573 0.624343 0.606490 0.624343 0.606943 0.624278 0.609732 0.622051 0.612104 0.619630 0.613497 0.618269 0.613987 0.616593 0.611198 0.615417 0.606875 0.619324 0.605583 0.620625 0.604677 0.621616 0.604120 0.621926 0.603633 0.621245 0.603388 0.620625 0.599518 0.615912 0.595370 0.610708 0.594044 0.608907 0.594755 0.613056 0.595333 0.616037 0.599031 0.620315 0.599589 0.621120 0.602203 0.623537
8 0.596779 0.622829 0.600703 0.626509 0.603318 0.628310 0.604802 0.628366 0.604607 0.625148 0.602203 0.623537 0.599589 0.621120 0.599031 0.620315 0.595823 0.618394
8 0.600375 0.632519 0.602885 0.632269 0.605083 0.631463 0.604802 0.628366 0.601596 0.628986 0.598703 0.629106
8 0.608172 0.640264 0.607187 0.632463 0.606490 0.624343 0.604573 0.624343 0.605063 0.633269 0.605688 0.638907 0.606281 0.639208
8 0.610521 0.637662 0.614495 0.632394 0.615680 0.635431 0.612857 0.638963
8 0.631195 0.628551 0.632833 0.627250 0.633740 0.630907 0.631437 0.632454
8 0.630951 0.620431 0.632971 0.627991 0.634122 0.632454 0.634534 0.633394 0.635094 0.634144 0.635935 0.634639 0.637148 0.636134 0.635693 0.628986 0.631823 0.618139 0.631159 0.617023 0.630857 0.617171
8 0.625859 0.632764 0.629102 0.630162 0.629346 0.634250 0.628232 0.635245
8 0.621677 0.640884 0.624292 0.644046 0.626245 0.646338 0.619505 0.642824
8 0.619898 0.637972 0.623398 0.635190 0.625875 0.637606 0.619505 0.642731 0.619333 0.642694 0.618156 0.640264
8 0.613971 0.623468 0.617458 0.633139 0.619898 0.637972 0.618156 0.640264 0.615367 0.634560 0.613344 0.629602 0.612542 0.626505
8 0.616307 0.618449 0.613880 0.623907 0.610396 0.630662 0.609698 0.631468 0.610227 0.637426 0.610443 0.641282 0.608172 0.640264 0.607919 0.630912 0.608372 0.629236 0.612591 0.620375 0.613987 0.616593 0.616622 0.617829
8 0.616307 0.618449 0.618747 0.624088 0.619620 0.622352 0.617703 0.618324 0.616622 0.617829
8 0.623049 0.620898 0.624724 0.621616 0.623260 0.630352 0.621203 0.628806
8 0.616099 0.629106 0.620945 0.619810 0.623245 0.621051 0.620281 0.627931 0.619646 0.627620 0.618344 0.630704 0.617250 0.632519
8 0.629411 0.636319 0.624417 0.631218 0.619646 0.627620 0.618344 0.630704 0.623693 0.635458 0.629911 0.641884
8 0.630857 0.617171 0.631453 0.633810 0.632667 0.648829 0.633461 0.653801 0.634906 0.659583 0.631508 0.656500 0.630828 0.652977 0.630466 0.648477 0.629411 0.636319 0.628471 0.620255
8 0.628117 0.597495 0.627815 0.607699 0.628687 0.607917 0.629195 0.608690 0.629339 0.609847 0.628687 0.610745 0.628182 0.612032 0.628247 0.616056 0.630417 0.613097 0.630047 0.602315
8 0.620591 0.607532 0.625292 0.607278 0.627242 0.607278 0.628687 0.607917 0.629195 0.608690 0.629339 0.609847 0.628687 0.610745 0.628182 0.612032 0.627461 0.614088 0.625219 0.617042 0.622687 0.616273 0.623990 0.613829 0.624641 0.612032 0.624495 0.610745 0.622906 0.610745 0.621169 0.610745 0.620232 0.610616 0.619219 0.611903 0.617990 0.614343 0.616070 0.613500 0.617424 0.612639 0.618052 0.610917 0.618732 0.610403
8 0.614880 0.617171 0.623049 0.620898 0.625797 0.622056 0.628471 0.620255 0.632883 0.614986 0.631943 0.610491 0.627750 0.616657 0.625943 0.617301 0.615893 0.613190 0.603099 0.608046 0.593411 0.604190 0.593773 0.608176 0.608086 0.614343
8 0.641701 0.596736 0.640760 0.600852 0.639786 0.603347 0.636607 0.607810 0.635122 0.605347 0.637654 0.600977 0.638305 0.598792 0.639604 0.596611 0.640039 0.594426
8 0.642786 0.591981 0.646039 0.596866 0.647182 0.597782 0.648081 0.598435 0.648081 0.600213 0.647956 0.601991 0.647331 0.602769 0.642641 0.593782
8 0.642641 0.593782 0.643219 0.588384 0.643292 0.582986 0.642620 0.578898 0.641195 0.579514 0.641268 0.581574 0.641953 0.582097 0.642078 0.583986 0.641891 0.585319 0.641701 0.586069 0.641557 0.587356 0.641049 0.590185
8 0.628919 0.577639 0.634609 0.581995 0.639641 0.587542 0.647331 0.602769 0.654563 0.617208 0.663380 0.634301 0.668948 0.647028 0.669669 0.649727 0.667792 0.650495 0.663599 0.641370 0.658755 0.630833 0.652583 0.619111 0.651664 0.616731 0.650659 0.615838 0.648318 0.610338 0.645224 0.603051 0.637430 0.589708 0.635404 0.586366 0.631573 0.583153 0.628971 0.581227
8 0.626302 0.577847 0.622906 0.578616 0.623990 0.581958 0.627172 0.581444
8 0.631654 0.594296 0.632594 0.595579 0.638305 0.598792 0.639604 0.596611 0.634544 0.591981
8 0.630380 0.590634 0.635404 0.586366 0.637430 0.589708 0.631357 0.594977
8 0.566021 0.611685 0.568771 0.610796 0.570331 0.614019 0.569021 0.615019
8 0.566208 0.605468 0.563083 0.608134 0.560086 0.605134 0.560339 0.604380 0.562391 0.605148 0.563956 0.604380 0.565143 0.601787 0.565398 0.603083
8 0.553151 0.611130 0.557586 0.607579 0.559961 0.610468 0.554523 0.615130
8 0.740227 0.642384 0.750130 0.660120 0.749776 0.657579 0.749107 0.654306 0.748180 0.650611 0.743336 0.643801 0.741818 0.642130
8 0.747383 0.681843 0.751503 0.684412 0.753383 0.688394 0.748685 0.685824
8 0.738742 0.661194 0.746951 0.686866 0.749695 0.688921 0.743841 0.670671
8 0.759961 0.657681 0.766323 0.659352 0.766612 0.664236 0.763938 0.663593 0.761047 0.658838 0.761047 0.658838
8 0.755523 0.844898 0.755000 0.851898 0.753773 0.858593 0.749836 0.871194 0.748609 0.869329 0.752023 0.857968 0.752987 0.851435 0.753510 0.845986
8 0.742182 0.864824 0.737242 0.857051 0.739437 0.852074 0.748969 0.869963 0.764398 0.899009 0.784445 0.938009 0.789135 0.947690 0.791177 0.956838 0.789362 0.959255 0.788682 0.959528 0.784747 0.950111 0.783234 0.945542 0.782479 0.942444 0.761221 0.900759 0.744604 0.868454
8 0.691083 0.752319 0.695044 0.775542 0.697437 0.775449 0.693354 0.752856
8 0.554523 0.615130 0.549401 0.598579 0.545589 0.593806 0.544966 0.594250 0.549464 0.608356 0.550964 0.611685
8 0.557961 0.618907 0.565620 0.616843 0.562208 0.612796 0.555586 0.615352 0.554961 0.615907
8 0.577018 0.629236 0.578078 0.632903 0.577766 0.635792 0.576393 0.635792 0.574643 0.635125 0.573456 0.634014 0.566771 0.618019
8 0.580141 0.641787 0.594635 0.649343 0.595760 0.650343 0.599635 0.662005 0.593635 0.655449
8 0.586193 0.633162 0.588781 0.646407 0.586284 0.644963 0.583909 0.632856
8 0.585594 0.612685 0.582466 0.608106 0.580414 0.604745 0.578849 0.597162 0.582792 0.602824 0.590081 0.614537 0.598505 0.628648 0.602122 0.635755 0.607146 0.647463 0.607198 0.648810 0.604875 0.649894 0.602708 0.650662 0.600232 0.649000 0.595750 0.644583 0.589865 0.637671 0.586193 0.633162 0.590568 0.633639 0.596885 0.639977 0.602122 0.645162 0.602826 0.645449 0.602500 0.643722 0.597750 0.634218 0.595156 0.629032 0.588346 0.617963
8 0.581596 0.610569 0.585594 0.612685 0.588346 0.617963 0.587753 0.618347 0.586781 0.618157 0.584352 0.616333 0.582570 0.615278
8 0.694562 0.759042 0.700237 0.764287 0.701227 0.766472 0.702128 0.768185 0.695169 0.762940
8 0.683823 0.751241 0.691992 0.756755 0.692521 0.760926 0.685411 0.755681
8 0.683984 0.757421 0.690570 0.775958 0.693216 0.775824 0.685349 0.754847 0.682477 0.747181 0.679526 0.745704
8 0.458953 0.383972 0.452203 0.378694 0.444427 0.376005 0.445508 0.379940 0.452042 0.382148 0.454255 0.383301 0.457008 0.385222
8 0.443185 0.375139 0.444318 0.379463 0.437732 0.376486 0.436867 0.376676 0.436596 0.376968 0.437893 0.391750 0.438703 0.401926 0.437677 0.401926 0.437516 0.402884 0.437461 0.403556 0.436651 0.403940 0.435451 0.391917 0.434883 0.387810 0.434557 0.380176 0.434328 0.377444 0.434437 0.375144 0.434544 0.374083 0.434922 0.373222 0.435409 0.372551 0.436326 0.371972 0.436849 0.371389 0.437945 0.373412 0.440701 0.374083
8 0.354122 0.333713 0.352924 0.329676 0.349703 0.329171 0.356315 0.345949 0.358065 0.349463 0.358687 0.348560 0.358180 0.345745
8 0.352945 0.298097 0.358818 0.294727 0.364729 0.291616 0.365276 0.294727 0.359807 0.297644 0.353383 0.301148
8 0.366799 0.291505 0.365482 0.280218 0.364750 0.279611 0.363969 0.279782 0.363578 0.280218 0.364729 0.291616 0.365578 0.296889 0.368437 0.309352 0.370659 0.319463 0.376362 0.343102 0.385010 0.375981 0.387961 0.379213 0.383576 0.362273 0.375180 0.330130
8 0.330461 0.367037 0.339667 0.369884 0.358169 0.379648 0.373599 0.386972 0.370526 0.381972 0.354443 0.373491 0.341107 0.366514 0.331104 0.361750
8 0.337255 0.364806 0.348820 0.364074 0.350461 0.366435 0.346016 0.367245 0.342029 0.367014
8 0.350807 0.362222 0.355562 0.370384 0.352682 0.370370 0.348820 0.364074
8 0.350659 0.361319 0.361016 0.353500 0.361862 0.356213 0.362164 0.357250 0.352424 0.365273 0.350703 0.362269 0.351174 0.361981 0.351174 0.361981
8 0.346573 0.369250 0.352682 0.370370 0.355562 0.370384 0.366469 0.371403 0.368964 0.371537 0.380159 0.373958 0.380310 0.376514 0.368510 0.373014 0.367451 0.373421 0.367299 0.375167 0.356029 0.374227
8 0.374107 0.372477 0.363216 0.366023 0.357315 0.362931 0.356633 0.363199 0.356104 0.364139 0.355878 0.365218 0.355802 0.366694 0.358070 0.370731
8 0.364122 0.366560 0.370477 0.366292 0.379404 0.365755 0.379404 0.366963 0.377057 0.369653 0.369115 0.369384
8 0.379404 0.366963 0.380198 0.370903 0.378534 0.373593 0.374297 0.372731
8 0.375091 0.389421 0.374562 0.391171 0.373654 0.392111 0.372367 0.392648 0.364805 0.388616 0.353607 0.381894 0.340898 0.373287 0.333940 0.372611 0.332276 0.372343 0.332125 0.370056 0.336438 0.369921 0.339667 0.369884 0.358146 0.379606 0.373919 0.387713
8 0.341953 0.378796 0.339008 0.375569 0.336208 0.373287 0.333940 0.372611 0.332276 0.372343 0.331596 0.372074 0.321836 0.368310 0.327133 0.374361 0.335755 0.376111 0.338253 0.378125 0.339453 0.379213
8 0.339453 0.379213 0.348427 0.387444 0.349714 0.390403 0.350771 0.391750 0.352586 0.391750 0.354023 0.392153 0.360529 0.397801 0.357049 0.399417 0.345477 0.389463 0.336549 0.382472 0.336172 0.380722 0.336474 0.378972 0.337232 0.377898
8 0.339453 0.379213 0.341953 0.378796 0.345250 0.378435 0.348047 0.378435 0.346687 0.381259 0.346383 0.381931 0.346232 0.382606 0.343510 0.382606
8 0.349146 0.378935 0.348388 0.380009 0.348161 0.380949 0.348539 0.382296 0.352474 0.384986 0.353760 0.386731 0.355576 0.388884 0.357768 0.387676 0.352625 0.381625 0.351641 0.380412
8 0.357768 0.387676 0.359091 0.387444 0.360604 0.385968 0.363555 0.387847 0.363026 0.388657 0.361438 0.390134 0.359547 0.391079 0.357503 0.392153 0.355536 0.392421 0.354023 0.392153 0.352586 0.391750 0.350771 0.391750 0.349714 0.390403 0.348427 0.387444 0.348352 0.385565 0.348729 0.384889 0.350167 0.385565 0.351604 0.387176 0.353419 0.387986 0.355576 0.388884
8 0.365745 0.388981 0.367760 0.393333 0.365495 0.394769 0.362469 0.389185 0.363026 0.388657 0.363555 0.387847 0.364805 0.388616
8 0.367760 0.393333 0.370385 0.391542 0.372367 0.392648 0.372484 0.394032 0.365578 0.398431 0.358391 0.402245 0.354516 0.403574 0.351948 0.401417 0.357049 0.399417 0.360529 0.397801 0.365495 0.394769
8 0.369427 0.395907 0.373208 0.404120 0.372648 0.405366 0.372414 0.407273 0.370453 0.403792 0.367135 0.397500
8 0.366620 0.397662 0.368151 0.399097 0.369562 0.402037 0.368878 0.402968 0.366620 0.400315 0.365208 0.398667
8 0.368878 0.402968 0.371073 0.406620 0.370789 0.406620 0.367523 0.403532 0.363812 0.399375 0.365208 0.398667
8 0.363659 0.395972 0.359547 0.391079 0.357812 0.392060 0.362063 0.396935
8 0.359547 0.391079 0.361438 0.390134 0.364883 0.393704 0.365495 0.394769 0.364490 0.395366
8 0.362901 0.399884 0.367523 0.403532 0.370789 0.406620 0.372177 0.407843 0.371935 0.411644 0.361641 0.402546 0.360260 0.401296
8 0.361641 0.402546 0.364456 0.408699 0.366755 0.413287 0.362883 0.410778 0.360906 0.406259 0.359859 0.403463 0.359333 0.401528 0.360318 0.401319
8 0.358391 0.402245 0.361380 0.409398 0.358411 0.407083 0.356432 0.402870
8 0.358411 0.407083 0.354516 0.403574 0.354401 0.404213 0.363750 0.414028 0.371380 0.420648 0.371589 0.417500 0.366755 0.413287 0.366755 0.413287 0.362883 0.410778 0.361380 0.409398 0.361380 0.409398
8 0.362852 0.405051 0.363458 0.404222 0.371935 0.411644 0.371672 0.415755 0.364456 0.408699
8 0.352865 0.395843 0.354404 0.400403 0.352865 0.401069 0.350810 0.394181
8 0.350810 0.394181 0.348974 0.392528 0.350419 0.399435 0.351948 0.401417 0.352865 0.401069
8 0.348253 0.391856 0.346203 0.394426 0.343974 0.392176 0.345271 0.389287
8 0.409310 0.296366 0.421406 0.305194 0.431289 0.311532 0.435284 0.315181 0.437604 0.316620 0.437065 0.313838 0.436471 0.310954 0.430857 0.306926 0.428534 0.305866 0.424862 0.303468 0.417031 0.298569 0.413685 0.296171 0.411523 0.294542 0.409432 0.295824
8 0.430406 0.313060 0.438359 0.318102 0.439609 0.322130 0.433839 0.317829 0.430352 0.314981 0.430471 0.314255
8 0.750203 0.644958 0.752372 0.646884 0.761047 0.658838 0.764732 0.664750 0.765313 0.667060 0.764516 0.672986 0.763505 0.677213 0.761698 0.672718 0.761625 0.671560 0.762346 0.670662 0.763070 0.670019 0.763070 0.667704 0.762997 0.665519 0.761698 0.662694 0.758010 0.658324 0.753310 0.651509 0.751784 0.649694
8 0.763070 0.682741 0.759229 0.674380 0.759143 0.670958 0.758227 0.668088 0.760396 0.671046 0.761698 0.672718 0.763505 0.677213 0.765083 0.681694
8 0.763286 0.686083 0.764010 0.695852 0.766396 0.695079 0.765672 0.685185
8 0.438359 0.318102 0.437604 0.316620 0.437065 0.313838 0.436471 0.310954 0.435526 0.309000 0.434758 0.307324 0.434906 0.305676 0.435661 0.304620 0.436148 0.303755 0.437339 0.303917 0.439289 0.308319 0.441852 0.315403 0.444388 0.321255 0.444727 0.322000 0.446341 0.325944 0.452398 0.339181 0.455607 0.344944 0.460346 0.353065 0.465018 0.361866 0.463518 0.362731 0.459161 0.355977 0.450237 0.340176 0.444659 0.326972 0.444031 0.327963 0.451422 0.349968 0.456826 0.366639 0.454352 0.366764 0.443474 0.333852 0.442089 0.329579 0.441766 0.327657 0.441279 0.326986 0.439609 0.322130
8 0.424885 0.322481 0.425898 0.321583 0.427352 0.321583 0.428003 0.330319 0.429013 0.338806 0.431031 0.348829 0.433706 0.361167 0.435086 0.362838 0.436315 0.366306 0.433922 0.366435 0.433128 0.365148 0.432188 0.361421 0.431393 0.358468 0.429521 0.350625 0.428357 0.346130 0.427633 0.342273
8 0.427633 0.325310 0.430958 0.322097 0.433568 0.324796 0.428003 0.330319
8 0.425617 0.328009 0.419323 0.334676 0.422083 0.336481 0.426268 0.331736
8 0.427279 0.338676 0.422083 0.336481 0.419323 0.334676 0.415063 0.331736 0.412596 0.330194 0.407760 0.330065 0.409313 0.334120 0.411586 0.334306 0.420260 0.338546 0.427633 0.342273
8 0.429224 0.339833 0.441305 0.345231 0.441305 0.346384 0.440935 0.348056 0.440654 0.348569 0.429896 0.343194
8 0.430242 0.340472 0.432477 0.337773 0.435948 0.333662 0.439852 0.329681 0.441232 0.331093 0.436380 0.336620 0.432268 0.341245
8 0.434948 0.342454 0.439344 0.336491 0.441305 0.334690 0.443177 0.335074 0.443474 0.333852 0.443104 0.332634 0.441440 0.332505 0.432656 0.341389
8 0.435711 0.342838 0.442612 0.339519 0.442099 0.343157 0.439266 0.344282
8 0.443359 0.333657 0.444404 0.336773 0.443315 0.349606 0.443034 0.352120 0.440773 0.355060 0.442099 0.343157
8 0.444628 0.337079 0.444424 0.350273 0.446078 0.348699 0.445997 0.341454
8 0.442943 0.353565 0.442328 0.366625 0.440352 0.366338 0.440917 0.356514 0.440917 0.356514
8 0.440654 0.348569 0.441581 0.348750 0.441138 0.352333 0.430609 0.346810 0.429896 0.343194
8 0.446401 0.349417 0.446411 0.366569 0.444219 0.366486 0.444497 0.351718 0.445031 0.350991
8 0.446688 0.349111 0.449721 0.366537 0.451914 0.366704 0.448833 0.349856 0.448258 0.348194
8 0.452474 0.353176 0.460641 0.358319 0.463518 0.362731 0.459336 0.360727 0.453734 0.357162
8 0.454294 0.354505 0.453174 0.345542 0.455089 0.348616 0.455786 0.355500
8 0.453128 0.353843 0.452755 0.348944 0.452521 0.343884 0.450888 0.341477 0.450747 0.344713 0.451422 0.349968 0.452474 0.353176 0.452474 0.353176
8 0.450362 0.299310 0.448409 0.326426 0.449060 0.328741 0.449206 0.329769 0.448987 0.331440 0.446341 0.325944 0.448698 0.296741
8 0.449495 0.311005 0.449927 0.309593 0.450867 0.308949 0.452023 0.309977 0.455857 0.318843 0.461133 0.333755 0.464602 0.348532 0.466193 0.359069 0.464674 0.359329 0.460482 0.342106 0.457156 0.330796 0.454555 0.321931 0.451445 0.313963 0.451083 0.314218 0.451880 0.322829 0.455638 0.332852 0.458820 0.342361 0.461060 0.350074 0.463445 0.357528 0.463664 0.359199 0.460346 0.353065 0.456435 0.343648 0.453904 0.334653 0.451302 0.327713 0.450651 0.325782 0.449927 0.322315 0.449133 0.317301
8 0.454555 0.321931 0.453810 0.327792 0.452219 0.323806 0.452870 0.317509
8 0.454555 0.321931 0.456122 0.327019 0.455255 0.332287 0.453810 0.327792
8 0.453109 0.331954 0.452313 0.337481 0.451372 0.337481 0.450578 0.335810 0.451302 0.327713
8 0.458242 0.326296 0.462578 0.321671 0.463086 0.324630 0.459326 0.328995
8 0.457156 0.317046 0.459615 0.314991 0.460698 0.318074 0.456867 0.321157
8 0.571284 0.610093 0.574091 0.609037 0.577008 0.608750 0.578844 0.609611 0.579654 0.614028 0.577008 0.613069 0.574740 0.612588 0.573443 0.612588 0.572471 0.611435
8 0.457156 0.317046 0.457714 0.310440 0.456701 0.308769 0.455617 0.311338 0.455255 0.317634 0.456867 0.321157
8 0.456073 0.304569 0.456826 0.287319 0.456909 0.276759 0.456409 0.265014 0.453479 0.245088 0.455740 0.244495 0.458583 0.264718 0.458917 0.273935 0.458917 0.287319 0.457914 0.304269
8 0.451807 0.284046 0.456826 0.290889 0.456576 0.295199 0.451557 0.287764
8 0.455313 0.272917 0.453898 0.276315 0.452643 0.279588 0.451974 0.282708 0.451807 0.284046 0.451557 0.287764 0.450971 0.295495 0.448964 0.292523 0.450635 0.278843 0.451388 0.274231 0.452979 0.270514 0.455154 0.267542
8 0.455313 0.272917 0.455094 0.280880 0.456935 0.281028 0.456909 0.276759 0.456409 0.265014 0.454927 0.253370 0.454437 0.253648 0.454357 0.257301 0.455154 0.267542
8 0.454901 0.263231 0.444112 0.262634 0.445201 0.266500 0.455154 0.267542
8 0.444112 0.262634 0.435940 0.262440 0.434729 0.264991 0.435021 0.265861 0.443552 0.266606 0.443552 0.270023 0.445560 0.270917 0.445201 0.266500
8 0.443552 0.270023 0.435021 0.265861 0.434729 0.264991 0.434081 0.265088 0.435690 0.269134 0.447398 0.274338 0.449406 0.279838 0.450326 0.280134 0.450635 0.278843 0.449573 0.274931 0.448068 0.271958
8 0.449406 0.279838 0.440729 0.279306 0.442799 0.282667 0.450159 0.283556 0.450326 0.280134
8 0.443193 0.283454 0.449966 0.284644 0.449883 0.287912 0.445367 0.287023
8 0.452057 0.280032 0.456935 0.281028 0.456909 0.284343 0.451979 0.283056
8 0.458711 0.281148 0.472458 0.281704 0.472458 0.285481 0.458961 0.285037
8 0.460336 0.281148 0.465271 0.269708 0.468271 0.263380 0.471771 0.258602 0.473206 0.257491 0.476393 0.256602 0.479143 0.255935 0.482703 0.256380 0.486016 0.258269 0.487766 0.259157 0.490576 0.261935 0.494388 0.267153 0.498260 0.273042 0.500510 0.277708 0.503135 0.278486 0.501885 0.275042 0.498885 0.269042 0.493513 0.261046 0.488078 0.255157 0.483641 0.252713 0.478831 0.252046 0.475081 0.252713 0.472396 0.254269 0.469458 0.256602 0.467583 0.259380 0.464461 0.265269 0.459648 0.276264 0.459023 0.278708 0.458711 0.281148
8 0.467333 0.265602 0.470083 0.274375 0.472458 0.281704 0.469646 0.281593 0.467396 0.275486 0.465708 0.268819
8 0.466333 0.262380 0.464211 0.252602 0.462273 0.256602 0.464461 0.265269
8 0.463648 0.248495 0.463336 0.242495 0.463398 0.238495 0.463273 0.236944 0.462398 0.236389 0.461398 0.237056 0.460773 0.238495 0.461398 0.248718 0.461961 0.252380
8 0.464211 0.252602 0.467008 0.246870 0.467445 0.244208 0.467383 0.239653 0.466883 0.239319 0.466010 0.239986 0.465323 0.242208 0.464760 0.245097 0.463648 0.248495 0.458076 0.261421 0.458513 0.265977 0.462273 0.256602
8 0.375091 0.389421 0.374674 0.390667 0.374674 0.390667 0.374729 0.400361 0.375214 0.405449 0.376565 0.412361 0.379427 0.419560 0.384719 0.432616 0.389633 0.440968 0.396005 0.448167 0.408641 0.461319 0.412312 0.465639 0.414635 0.468519 0.425326 0.478310 0.424841 0.474856 0.418956 0.470056 0.414474 0.465546 0.413932 0.463625 0.413016 0.461514 0.411664 0.459208 0.409560 0.457287 0.404862 0.453931 0.396112 0.444713 0.390982 0.437704 0.387904 0.432426 0.382560 0.420903 0.378888 0.410250 0.377591 0.405065 0.376836 0.396231 0.376727 0.392009
8 0.378451 0.381264 0.376638 0.387704 0.375388 0.385481 0.376513 0.380486
8 0.379404 0.365755 0.379065 0.362588 0.377617 0.356444 0.375146 0.345907 0.371365 0.326657 0.371737 0.323671 0.376362 0.343102 0.380513 0.360181 0.382146 0.369806 0.382378 0.376028 0.381865 0.382583 0.381211 0.387477 0.380604 0.389801 0.380513 0.391296 0.381073 0.392292 0.383031 0.392620 0.385273 0.392620 0.387932 0.393782 0.394885 0.398181 0.399602 0.400671 0.399740 0.401417 0.399740 0.402662 0.399039 0.404653 0.397313 0.404153 0.393440 0.401583 0.389893 0.398514 0.387466 0.397352 0.384292 0.395528 0.382164 0.395245 0.379365 0.393634 0.378836 0.392556 0.378534 0.390810 0.379719 0.384907 0.380349 0.382333 0.380273 0.378569 0.380310 0.376514 0.380159 0.373958 0.380198 0.370903 0.379404 0.366963
8 0.372646 0.332778 0.371565 0.333639 0.369458 0.336616 0.368271 0.339019 0.367893 0.340843 0.367622 0.343241 0.367677 0.348426 0.368487 0.352843 0.369620 0.355144 0.372159 0.356968 0.374589 0.357639 0.377937 0.357639 0.377018 0.353898 0.373828 0.353417 0.372753 0.353130 0.371456 0.351880 0.370318 0.350056 0.369513 0.348042 0.369344 0.346120 0.369297 0.343338 0.369513 0.341898 0.370370 0.339782 0.371727 0.337671 0.373346 0.336810
8 0.370659 0.319463 0.366359 0.327977 0.364740 0.331625 0.363497 0.335079 0.362794 0.338250 0.362956 0.339593 0.365818 0.344394 0.367602 0.347079 0.367677 0.348426 0.368250 0.350921 0.366682 0.349481 0.363010 0.344394 0.361229 0.341417 0.360904 0.339134 0.360687 0.337384 0.362768 0.329491 0.363333 0.328792 0.363388 0.327787 0.365927 0.322023 0.368302 0.318185 0.369870 0.315782
8 0.365578 0.296889 0.361336 0.308394 0.360263 0.308324 0.358367 0.308199 0.363714 0.295528 0.365276 0.294727
8 0.363714 0.295528 0.358367 0.308199 0.355667 0.307815 0.361391 0.296778
1 0.447974 0.347190 0.446078 0.348699 0.444424 0.350273 0.443034 0.352120 0.440773 0.355060 0.438898 0.358449 0.437568 0.362106 0.436802 0.364042 0.436922 0.366051 0.437969 0.366065 0.437729 0.364116 0.438617 0.361676 0.439706 0.358880 0.440917 0.356514 0.443578 0.352713 0.445031 0.350991 0.446401 0.349417 0.448258 0.348194
8 0.390307 0.362894 0.390029 0.363417 0.389820 0.365088 0.389820 0.366699 0.390203 0.368560 0.390555 0.369880 0.390997 0.370528 0.391643 0.373106 0.391633 0.372958 0.392120 0.374819 0.393271 0.377051 0.395294 0.378662 0.399141 0.382500 0.403451 0.384981 0.406065 0.385977 0.406729 0.384116 0.406938 0.383370 0.405786 0.382319 0.404219 0.381389 0.399198 0.378662 0.395536 0.375875 0.394789 0.375181 0.393818 0.374218 0.392469 0.369324
8 0.404982 0.371310 0.405052 0.373667 0.405052 0.373667 0.405620 0.377685 0.406320 0.380838 0.407349 0.383579 0.408701 0.383829 0.406482 0.376458 0.406482 0.376458
8 0.403487 0.372884 0.404701 0.379190 0.405307 0.382259 0.405786 0.382319 0.405786 0.382319 0.406938 0.383370 0.407349 0.383579 0.406320 0.380838 0.405620 0.377685 0.405052 0.373667 0.404388 0.373481
8 0.404516 0.378278 0.402789 0.375454 0.400221 0.371972 0.399508 0.371870 0.399508 0.371870 0.398073 0.372134 0.401529 0.377282 0.404219 0.381389 0.405307 0.382259
8 0.359773 0.327986 0.361469 0.327282 0.361354 0.326176 0.359320 0.319648 0.359263 0.318542 0.361299 0.312116 0.363099 0.312222 0.361977 0.315130 0.360958 0.318644 0.363388 0.327787 0.363333 0.328792 0.362768 0.329491 0.360112 0.330398
8 0.383805 0.298528 0.379266 0.288037 0.376089 0.278625 0.375258 0.276069 0.375409 0.271495 0.376242 0.264370 0.376620 0.261815 0.377677 0.260065 0.378888 0.259125 0.381612 0.257917 0.386076 0.257917 0.391823 0.258991 0.394471 0.259796 0.395531 0.260333 0.395682 0.256301 0.390690 0.255227 0.386982 0.254417 0.382292 0.254417 0.379721 0.254685 0.377451 0.256301 0.375409 0.258991 0.373896 0.263833 0.373065 0.269616 0.373203 0.277130 0.377148 0.288171 0.382135 0.300833
8 0.395086 0.372551 0.395555 0.375042 0.396581 0.376532 0.398495 0.377694 0.400174 0.377861 0.401529 0.377282 0.399474 0.374458 0.398867 0.374458 0.397841 0.374208 0.397422 0.373380 0.397234 0.372218
8 0.387573 0.377444 0.395294 0.378662 0.399198 0.382319 0.393641 0.382093 0.389677 0.381968 0.387961 0.379213
8 0.385318 0.302023 0.393336 0.289384 0.398331 0.282120 0.402943 0.274995 0.405591 0.271361 0.411039 0.258454 0.417469 0.243389 0.422461 0.230616 0.422234 0.229537 0.421854 0.228329 0.421023 0.227120 0.420039 0.226847 0.414062 0.230481 0.405969 0.235319 0.401734 0.239356 0.401810 0.241241 0.405591 0.239491 0.414216 0.234245 0.417318 0.233306 0.418375 0.232903 0.414669 0.242718 0.406651 0.261681 0.404078 0.268269 0.400977 0.272843 0.399237 0.274588 0.393867 0.282657 0.386227 0.294356 0.382135 0.300833 0.376846 0.311440 0.372812 0.319398 0.373669 0.323542 0.375409 0.322060 0.382596 0.306060
8 0.367299 0.375167 0.370526 0.381972 0.373919 0.387713 0.373919 0.387713 0.378987 0.395917 0.385031 0.403417 0.390260 0.409921 0.394477 0.412773 0.399081 0.414634 0.399638 0.411162 0.395768 0.409116 0.391516 0.406579 0.387401 0.401991 0.385240 0.399014 0.382164 0.395245 0.379365 0.393634 0.378836 0.392556 0.378534 0.390810 0.371044 0.377630 0.380349 0.382333 0.380273 0.378569 0.368510 0.373014 0.367451 0.373421
8 0.366536 0.300694 0.363646 0.308657 0.362060 0.308583 0.365836 0.298407
8 0.366536 0.300694 0.367331 0.304167 0.365755 0.308981 0.363646 0.308843
8 0.393688 0.378356 0.390326 0.375620 0.388599 0.373546 0.388094 0.373537 0.386482 0.373681 0.387013 0.375208 0.389159 0.377444 0.389766 0.377944
8 0.399141 0.382500 0.401560 0.384741 0.403380 0.387065 0.398388 0.387065 0.394089 0.383843 0.393641 0.382093 0.393581 0.382083
8 0.366547 0.312907 0.369870 0.315782 0.368547 0.317681 0.362737 0.313130 0.363073 0.312315
8 0.364464 0.314329 0.367208 0.320134 0.365927 0.322023 0.365271 0.323792 0.361883 0.315690 0.361977 0.315130 0.362737 0.313130 0.362737 0.313130
8 0.342393 0.340602 0.353000 0.345333 0.351065 0.341463 0.343562 0.338306
8 0.343320 0.347773 0.354130 0.351787 0.354289 0.354227 0.354253 0.356019 0.349451 0.353940 0.345943 0.352292
8 0.765083 0.681694 0.764516 0.672986 0.764878 0.671829 0.765745 0.671315 0.766612 0.671315 0.767552 0.671574 0.767914 0.672218 0.768492 0.680954
8 0.665357 0.634477 0.669029 0.630157 0.670271 0.631019 0.669784 0.632843 0.667302 0.636204
8 0.672214 0.632556 0.670542 0.636014 0.668490 0.636301 0.670271 0.631019
8 0.767552 0.684667 0.768346 0.694819 0.766396 0.695079 0.765672 0.685185
8 0.754008 0.685269 0.765083 0.681694 0.777917 0.677708 0.797193 0.666176 0.800924 0.664602 0.809326 0.662940 0.811987 0.662528 0.812453 0.663106 0.812594 0.667088 0.810773 0.670824 0.802185 0.685926 0.786036 0.694718 0.768396 0.698287 0.761255 0.698454 0.760461 0.696463 0.779036 0.691981 0.789164 0.688745 0.800133 0.683019 0.805266 0.675634 0.808813 0.669662 0.809560 0.666843 0.799292 0.669662 0.789305 0.675634 0.778383 0.681361 0.766810 0.685176 0.759156 0.687250 0.757708 0.687250 0.755328 0.687583
8 0.340695 0.347269 0.339326 0.346556 0.337956 0.346269 0.337266 0.345838 0.337068 0.344185 0.336302 0.344185 0.335857 0.344185 0.335656 0.345120 0.335979 0.346625 0.337029 0.348634 0.338036 0.349708 0.342594 0.351644
8 0.354120 0.347593 0.354130 0.351787 0.354289 0.354227 0.354253 0.356019 0.353698 0.359292 0.355706 0.357468 0.356078 0.357218 0.356641 0.352903
8 0.473742 0.264917 0.484492 0.266509 0.484716 0.270292 0.473854 0.269296
8 0.471839 0.264718 0.467807 0.264718 0.467333 0.265602 0.467807 0.268301 0.471503 0.268301
8 0.748729 0.669005 0.748870 0.670167 0.751995 0.679708 0.752836 0.683079 0.754008 0.685269 0.755635 0.684769 0.753909 0.678301 0.751576 0.671662
8 0.745729 0.822273 0.742667 0.811227 0.740654 0.810139 0.744620 0.825917
8 0.732586 0.647560 0.732750 0.650727 0.738742 0.661194 0.747383 0.677417 0.754026 0.689704 0.759802 0.700167 0.761747 0.704681 0.763906 0.715338 0.764771 0.729639 0.764878 0.749801 0.764500 0.770440 0.762880 0.792426 0.761531 0.803176 0.759750 0.812778 0.757859 0.818343 0.759641 0.820843 0.761315 0.814986 0.763583 0.804903 0.765419 0.792713 0.766661 0.778602 0.767201 0.761801 0.767526 0.734824 0.767201 0.723111 0.765687 0.711019 0.763367 0.703338 0.759964 0.695273 0.752836 0.683079 0.742846 0.664458 0.741664 0.662486 0.738234 0.657130
8 0.471503 0.268301 0.472466 0.297685 0.472578 0.321176 0.472578 0.337898 0.474258 0.340884 0.475042 0.322769 0.474706 0.294898 0.473922 0.260856 0.471458 0.261255
8 0.476542 0.269296 0.480013 0.274273 0.484156 0.282435 0.485612 0.286616 0.482477 0.284625 0.480349 0.281838 0.479117 0.279051 0.478221 0.276662 0.475422 0.273676 0.473966 0.271685 0.473854 0.269296
8 0.464336 0.271287 0.467396 0.275486 0.469646 0.281593 0.467359 0.281440 0.463229 0.274676
8 0.463104 0.268301 0.459745 0.263125 0.458583 0.264718 0.458513 0.265977 0.458513 0.265977 0.459633 0.269296 0.461536 0.272083
8 0.474302 0.281440 0.480339 0.282222 0.482477 0.284625 0.485612 0.286616 0.487180 0.291792 0.488188 0.296370 0.486060 0.296370 0.485164 0.293583 0.484492 0.289801 0.481469 0.287611 0.478221 0.285819 0.474531 0.285046
8 0.363034 0.351991 0.366682 0.349481 0.368250 0.350921 0.368354 0.352407 0.364154 0.355310
8 0.369513 0.348042 0.375005 0.343917 0.375518 0.347153 0.370570 0.350722
8 0.367607 0.342782 0.367047 0.341370 0.366346 0.339630 0.365508 0.338384 0.364667 0.337801 0.363081 0.337884 0.362794 0.338250 0.362956 0.339593 0.364154 0.340208 0.365367 0.341620 0.366068 0.343778 0.366487 0.345519 0.367602 0.347079
8 0.364667 0.337801 0.366323 0.331222 0.368190 0.332218 0.366745 0.340597 0.366346 0.339630 0.365508 0.338384
8 0.369063 0.329259 0.371060 0.321208 0.370659 0.319463 0.367935 0.324611 0.366721 0.328759
8 0.369063 0.329259 0.371971 0.329565 0.372646 0.332778 0.368190 0.332218 0.368190 0.332218 0.366323 0.331222 0.364740 0.331625 0.366044 0.328486
8 0.371609 0.356338 0.372984 0.366000 0.371047 0.366222 0.369620 0.355144
8 0.373609 0.357338 0.374482 0.359449 0.377294 0.362889 0.379404 0.365755 0.379065 0.362588 0.378669 0.360889 0.377107 0.359338 0.375794 0.357449
8 0.374570 0.405880 0.373078 0.422972 0.371258 0.421315 0.372177 0.407843 0.372648 0.405366 0.373208 0.404120 0.374896 0.401898 0.375214 0.405449
8 0.374104 0.410528 0.378445 0.429194 0.381664 0.432681 0.376565 0.412361 0.375214 0.405449 0.374570 0.405880
8 0.373208 0.404120 0.372656 0.398366 0.372367 0.392648 0.373654 0.392111 0.374073 0.391560 0.374253 0.397935 0.374734 0.402167
8 0.376768 0.421824 0.373385 0.418912 0.373107 0.421454 0.377534 0.425667
8 0.389875 0.409426 0.391130 0.419407 0.393682 0.429222 0.396154 0.434704 0.399188 0.440343 0.406786 0.448454 0.411323 0.451144 0.414943 0.452296 0.419802 0.453157 0.423201 0.453065 0.426495 0.452389 0.426279 0.448648 0.420987 0.449125 0.417857 0.449125 0.415911 0.448838 0.412836 0.447977 0.408406 0.445380 0.404409 0.441931 0.401172 0.438185 0.398685 0.433866 0.396797 0.430023 0.394799 0.424167 0.393826 0.420616 0.393125 0.418218 0.392044 0.411116
8 0.389539 0.390736 0.390185 0.395250 0.388247 0.394032 0.387763 0.390806
8 0.387763 0.390806 0.385836 0.390986 0.384383 0.391056 0.382568 0.391417 0.381357 0.391056 0.380471 0.390338 0.380604 0.389801 0.381211 0.387477 0.381437 0.385681 0.383414 0.386398 0.384221 0.386968 0.385956 0.387329 0.388620 0.387329 0.390313 0.387329 0.400638 0.387042 0.412255 0.387042 0.420807 0.386968 0.435128 0.388907 0.435451 0.391917 0.419677 0.391056 0.411208 0.391199 0.403341 0.390699
8 0.392615 0.387361 0.389677 0.381968 0.387961 0.379213 0.385010 0.375981 0.384307 0.375083 0.383372 0.374667 0.382305 0.374667 0.382159 0.377157 0.384172 0.378069 0.385339 0.379065 0.386453 0.380477 0.389258 0.385787 0.389953 0.387444
8 0.394201 0.390597 0.399602 0.400671 0.394885 0.398181 0.391495 0.390931
8 0.390659 0.399088 0.391516 0.406579 0.389534 0.404532 0.388721 0.397866
8 0.385339 0.379065 0.385956 0.387329 0.384740 0.387269 0.384172 0.378069
8 0.385552 0.370310 0.390555 0.369880 0.390997 0.370528 0.391643 0.373106 0.391281 0.373537 0.389547 0.373537 0.388094 0.373537 0.386482 0.373681
8 0.387367 0.355181 0.384102 0.364648 0.383094 0.360560 0.386078 0.352528
8 0.387852 0.354032 0.390958 0.345426 0.395396 0.330370 0.393943 0.326856 0.390193 0.340481 0.386482 0.351454
8 0.381232 0.353403 0.385427 0.351106 0.386078 0.352528 0.385185 0.354907 0.382081 0.356412
1 0.380870 0.352542 0.381354 0.350963 0.381878 0.348241 0.382039 0.347236 0.382565 0.346519 0.382888 0.345370 0.382927 0.343579 0.383169 0.333681 0.383531 0.332532 0.383854 0.331315 0.383977 0.329880 0.384177 0.328806 0.384461 0.327014 0.384846 0.320653 0.385677 0.301241 0.385318 0.302023 0.384536 0.315431 0.383781 0.327157 0.383458 0.328806 0.383057 0.329954 0.382612 0.332389 0.382411 0.333468 0.381805 0.344079 0.381885 0.346014 0.381643 0.346731 0.380596 0.351324
1 0.382047 0.341787 0.379427 0.335116 0.377128 0.328519 0.375409 0.322060 0.374747 0.322421 0.376924 0.330958 0.379789 0.338986 0.381805 0.344079
1 0.382844 0.344458 0.386482 0.351454 0.387852 0.354032 0.389919 0.358954 0.391971 0.364139 0.393979 0.370764 0.394789 0.375181 0.393818 0.374218 0.392469 0.369324 0.390307 0.362894 0.387367 0.355181 0.386078 0.352528 0.385427 0.351106 0.383320 0.347023 0.382727 0.345782 0.382888 0.345370 0.382888 0.345370
8 0.390042 0.340963 0.383977 0.329880 0.383854 0.331315 0.383531 0.332532 0.383169 0.333681 0.388781 0.344782
8 0.377674 0.316653 0.380893 0.324782 0.383458 0.328806 0.383057 0.329954 0.382612 0.332389 0.379448 0.326444 0.376414 0.319889
8 0.394089 0.383843 0.389940 0.382500 0.392615 0.387361 0.398388 0.387065
8 0.374729 0.315792 0.373102 0.311722 0.372380 0.309042 0.372107 0.306954 0.372289 0.305079 0.373224 0.302403 0.374849 0.301009 0.381359 0.298653 0.382135 0.300833 0.380846 0.303472 0.376536 0.304704 0.375302 0.305028 0.374609 0.305829 0.374367 0.306685 0.374458 0.307542 0.374880 0.310384 0.375964 0.313329
8 0.372714 0.310042 0.370695 0.310042 0.371177 0.311968 0.373227 0.312181
8 0.374703 0.309931 0.377445 0.310148 0.376846 0.311440 0.376328 0.312343 0.375336 0.312074
8 0.374849 0.301009 0.377930 0.290106 0.379315 0.293537 0.377568 0.300069
8 0.384125 0.277116 0.380188 0.290194 0.379266 0.288037 0.378615 0.286292 0.382500 0.274398
8 0.382500 0.274398 0.382326 0.273856 0.375247 0.274972 0.375258 0.276069 0.375734 0.277949 0.381766 0.276894
8 0.380742 0.288273 0.389911 0.287343 0.390328 0.287963 0.388172 0.291310 0.381339 0.291745 0.380711 0.291495 0.380188 0.290194
8 0.394807 0.391968 0.404187 0.394454 0.402789 0.397856 0.396768 0.395616
8 0.604883 0.540912 0.609505 0.538690 0.608383 0.534245 0.591138 0.542352 0.596854 0.544009 0.599198 0.541579 0.600885 0.542023 0.602070 0.542352
8 0.611380 0.545574 0.606508 0.545352 0.605695 0.543463 0.610693 0.543463
8 0.672628 0.743037 0.680495 0.748551 0.681854 0.751509 0.681854 0.752856 0.675047 0.748148
8 0.613193 0.543241 0.623753 0.543796 0.622815 0.546241 0.614005 0.545796
8 0.625875 0.545685 0.624646 0.541222 0.620583 0.551662 0.617648 0.559329 0.617940 0.560903 0.620083 0.559106
8 0.627125 0.550130 0.624878 0.558569 0.623628 0.560014 0.622440 0.561458 0.619378 0.563681 0.619177 0.564542 0.617940 0.560903 0.621815 0.557458 0.623190 0.555352 0.625875 0.545685
8 0.457714 0.310440 0.459615 0.314991 0.460698 0.318074 0.462578 0.321671 0.463086 0.324630 0.465378 0.335884 0.468268 0.351435 0.468052 0.366602 0.470292 0.367116 0.470219 0.353366 0.469859 0.349509 0.467617 0.337301 0.465956 0.332546 0.465448 0.329333 0.466484 0.329491 0.464943 0.321620 0.461763 0.313907 0.460823 0.311213 0.457930 0.307481 0.457135 0.307741 0.456701 0.308769
8 0.422052 0.314838 0.419859 0.334204 0.419323 0.334676 0.417513 0.334069 0.420164 0.314028
8 0.418497 0.328153 0.413352 0.316856 0.409872 0.311611 0.406125 0.312014 0.406846 0.313630 0.410023 0.317125 0.414865 0.325329 0.417740 0.332727
8 0.406125 0.312014 0.406370 0.316037 0.407052 0.322356 0.407656 0.327736 0.407760 0.330065 0.409313 0.334120 0.405964 0.328884 0.404706 0.322222 0.404404 0.315634 0.404404 0.312139
8 0.407151 0.324792 0.412219 0.324926 0.414865 0.325329 0.416453 0.329769 0.411917 0.328287 0.407656 0.327736
8 0.402687 0.313093 0.404427 0.318338 0.404805 0.323042 0.404201 0.322773 0.402156 0.316454 0.401477 0.313764
8 0.401477 0.313764 0.402060 0.322088 0.400396 0.319532 0.400167 0.314556
8 0.413581 0.317935 0.420237 0.316051 0.419630 0.319009 0.414865 0.320620
8 0.411688 0.319815 0.408737 0.318606 0.406393 0.317125 0.406370 0.316037 0.406143 0.313440 0.408935 0.315769 0.410023 0.317125
8 0.432693 0.325736 0.432060 0.333088 0.430242 0.340472 0.429224 0.339833 0.430034 0.331287 0.430201 0.328213
8 0.438513 0.286037 0.440604 0.286037 0.446820 0.298394 0.444203 0.297690
8 0.437802 0.270074 0.442604 0.279616 0.440729 0.279306 0.435690 0.269134
8 0.429898 0.256565 0.434997 0.259231 0.433445 0.261565 0.431977 0.261065
8 0.458385 0.293310 0.464375 0.301046 0.461776 0.302352 0.458159 0.298333
8 0.458443 0.292403 0.462284 0.290699 0.463529 0.291301 0.472344 0.293810 0.472570 0.296824 0.468896 0.295319 0.467201 0.294718 0.465109 0.294412 0.463529 0.294718 0.461719 0.294616 0.459065 0.294514 0.458385 0.293310
8 0.472466 0.297685 0.472263 0.300741 0.471359 0.302051 0.470229 0.302449 0.469099 0.301949 0.468648 0.300139 0.468083 0.299435 0.467461 0.299537 0.467065 0.301347 0.466784 0.302954 0.464943 0.321620 0.463448 0.318023 0.464354 0.306167 0.464375 0.301046 0.464466 0.297227 0.464974 0.295722 0.466161 0.294718 0.467201 0.294718 0.468896 0.295319 0.469948 0.297227 0.471417 0.297329 0.472570 0.296824
8 0.466693 0.302250 0.472625 0.302449 0.472625 0.305764 0.466354 0.305764
8 0.465789 0.311593 0.472625 0.307875 0.472682 0.311792 0.465393 0.316616
8 0.465109 0.319630 0.470479 0.316514 0.472740 0.315407 0.472740 0.319125 0.469065 0.321236 0.465224 0.323847 0.464943 0.321620
8 0.466185 0.328671 0.468331 0.327060 0.472964 0.340625 0.478039 0.355171 0.481315 0.363810 0.483576 0.367324 0.479651 0.366759 0.476174 0.356875 0.469846 0.338894
8 0.466484 0.329491 0.471359 0.342935 0.470852 0.344944 0.468026 0.337611 0.465956 0.332546 0.465448 0.329333
8 0.472578 0.337898 0.471302 0.334597 0.470852 0.334597 0.474807 0.345648 0.477180 0.350569 0.480458 0.353079 0.488143 0.357699 0.491250 0.359509 0.490516 0.355292 0.483339 0.350870 0.479893 0.349060 0.476503 0.344843 0.474258 0.340884
8 0.475440 0.343213 0.480185 0.332167 0.483352 0.323926 0.483010 0.319810 0.481938 0.319106 0.478604 0.329551 0.475156 0.337491 0.474253 0.339699 0.474258 0.340884
8 0.475102 0.322222 0.477870 0.325838 0.479000 0.328949 0.477982 0.331560 0.476625 0.328347 0.474818 0.326236
8 0.670583 0.738199 0.681815 0.763593 0.681854 0.769398 0.669146 0.740213 0.666044 0.737662 0.664987 0.733625
8 0.727385 0.686894 0.731698 0.685278 0.731471 0.688375 0.728672 0.689986 0.727497 0.687801
8 0.733664 0.685278 0.736992 0.686088 0.737266 0.687250 0.739112 0.690389 0.733513 0.688236
8 0.719669 0.731250 0.717859 0.739889 0.720742 0.741093 0.721279 0.736356
8 0.709497 0.725324 0.718367 0.729440 0.719328 0.729644 0.718438 0.726991 0.714172 0.724176 0.711531 0.723417
8 0.714979 0.738181 0.722380 0.741898 0.722703 0.744097 0.721589 0.744713 0.717182 0.742403
8 0.706560 0.727736 0.713734 0.740593 0.715406 0.744347 0.717159 0.747968 0.719159 0.746417 0.713961 0.735870 0.708594 0.726028
8 0.706083 0.736315 0.709078 0.741338 0.711000 0.745755 0.716333 0.748731 0.717159 0.747968 0.715406 0.744347 0.713995 0.744750 0.712357 0.741338 0.710547 0.738625 0.708909 0.735708 0.707440 0.733801 0.703258 0.729884 0.700794 0.731352 0.704333 0.734102
8 0.700909 0.734366 0.706198 0.737417 0.706083 0.736315 0.704333 0.734102 0.700263 0.731190 0.696818 0.732796
8 0.697630 0.733060 0.700909 0.734366 0.704016 0.741296 0.700740 0.739588
8 0.477417 0.325333 0.478773 0.322319 0.479846 0.318102 0.481430 0.319106 0.481430 0.320412 0.479000 0.328949 0.477870 0.325838
8 0.475052 0.318102 0.476172 0.318009 0.476570 0.323926 0.475102 0.322222
8 0.474844 0.314690 0.476667 0.314815 0.478398 0.315991 0.479234 0.316796 0.479620 0.317727 0.479409 0.318037 0.475018 0.318037
8 0.474844 0.314690 0.474922 0.312037 0.480010 0.314579 0.483112 0.316500 0.483010 0.319810 0.481938 0.319106 0.481430 0.319106 0.479846 0.318102 0.479620 0.317727 0.479234 0.316796 0.478398 0.315991 0.476667 0.314815
1 0.484000 0.317454 0.483919 0.307699 0.484000 0.297588 0.484281 0.292787 0.483596 0.292787 0.483234 0.297949 0.483154 0.307269 0.483112 0.316500 0.483010 0.319810 0.483352 0.323926 0.483721 0.329903 0.485229 0.336620 0.488581 0.347241 0.490042 0.352426 0.490516 0.355292 0.491250 0.359509 0.491253 0.362630 0.490312 0.367958 0.491628 0.368074 0.492188 0.362741 0.492372 0.358852 0.491503 0.354074 0.489628 0.347079 0.486625 0.337417 0.485380 0.333088 0.484815 0.329528 0.484315 0.324639
8 0.484000 0.317454 0.490422 0.324421 0.496956 0.329977 0.497143 0.330560 0.497096 0.332134 0.496208 0.335042 0.492055 0.345412 0.490237 0.349977 0.489490 0.346491 0.492010 0.340269 0.495370 0.331968 0.490375 0.327903 0.487203 0.324421 0.484122 0.321102
8 0.492177 0.329264 0.488211 0.342458 0.487229 0.339634 0.490917 0.328269
8 0.490917 0.328269 0.489255 0.333213 0.486625 0.337417 0.485661 0.334375 0.489674 0.326907
8 0.488677 0.325616 0.485661 0.334375 0.485784 0.334324 0.485380 0.333088 0.485380 0.333088 0.485036 0.331421 0.487203 0.324421
8 0.480323 0.331755 0.482143 0.337727 0.483216 0.342542 0.483589 0.348019 0.483339 0.350870 0.481583 0.350338 0.481255 0.343866 0.480276 0.338556 0.479156 0.334741
8 0.481023 0.341046 0.478125 0.347037 0.479109 0.348264 0.479297 0.347935 0.481583 0.344944
8 0.483187 0.313995 0.479357 0.311921 0.474870 0.310102 0.475023 0.312037 0.480010 0.314579 0.483112 0.316500
8 0.476073 0.310556 0.480341 0.308157 0.483224 0.306796 0.483224 0.303421 0.478336 0.305694 0.474797 0.307380 0.474870 0.310102
8 0.478956 0.305500 0.476875 0.304139 0.474724 0.303421 0.474724 0.305954 0.476766 0.306537
8 0.481508 0.307509 0.483187 0.309907 0.483224 0.313023 0.479466 0.308611
8 0.474701 0.294125 0.476677 0.296333 0.477411 0.298042 0.478372 0.300852 0.481198 0.304468 0.478956 0.305500 0.476875 0.304139 0.476393 0.301153 0.475659 0.300653 0.474701 0.300852
8 0.474701 0.294125 0.474693 0.290398 0.477180 0.294111 0.479044 0.296222 0.481693 0.298241 0.477857 0.299338 0.477411 0.298042 0.476677 0.296333
8 0.477857 0.299338 0.481693 0.298241 0.483234 0.297949 0.483339 0.300944 0.479271 0.302148 0.478372 0.300852
8 0.483234 0.297949 0.483565 0.295218 0.480401 0.293407 0.479044 0.292204 0.477633 0.290796 0.476164 0.288486 0.475484 0.287384 0.474354 0.285875 0.474693 0.290398 0.477180 0.294111 0.479044 0.296222 0.481693 0.298241
8 0.483596 0.292787 0.483406 0.291653 0.479818 0.288426 0.479185 0.287301 0.477839 0.285602 0.474531 0.285046 0.474354 0.285875 0.475484 0.287384 0.476164 0.288486 0.477633 0.290796 0.479044 0.292204 0.480401 0.293407 0.483565 0.295218
8 0.467211 0.285995 0.465862 0.287102 0.465206 0.287944 0.465607 0.289759 0.466263 0.290472 0.471005 0.290472 0.472320 0.292093 0.472138 0.287361 0.471260 0.286648
8 0.484125 0.295162 0.486060 0.296370 0.490982 0.299699 0.494667 0.303269 0.501070 0.310125 0.504607 0.314208 0.506714 0.317995 0.509648 0.325796 0.512286 0.337667 0.513120 0.343852 0.511151 0.345333 0.509411 0.334708 0.507125 0.325176 0.504250 0.318556 0.500065 0.313204 0.493201 0.305537 0.489081 0.301699 0.483852 0.298792
8 0.483917 0.303056 0.488805 0.301431 0.491042 0.303620 0.483789 0.306366
8 0.489245 0.304181 0.485872 0.309505 0.484263 0.307824 0.486156 0.305468
8 0.483919 0.307699 0.483945 0.307620 0.484263 0.307824 0.484167 0.307898 0.486057 0.309639 0.486057 0.309639 0.489464 0.312778 0.494349 0.306500 0.495547 0.308069 0.490156 0.315806 0.489682 0.315861 0.486120 0.312440 0.483914 0.310088
8 0.488141 0.311801 0.494068 0.306310 0.493201 0.305537 0.492492 0.304907 0.486503 0.310120
8 0.483917 0.314773 0.489781 0.317856 0.493880 0.320491 0.499617 0.325088 0.501130 0.326991 0.501099 0.330579 0.494542 0.324412 0.489813 0.320602 0.484000 0.317454
8 0.503128 0.328806 0.506344 0.331833 0.508456 0.334356 0.509875 0.336935 0.510630 0.341866 0.506500 0.336208 0.503284 0.332620
8 0.506122 0.322588 0.503096 0.326620 0.502685 0.323370 0.504956 0.320120
8 0.504987 0.324042 0.507125 0.325176 0.508362 0.329931 0.503096 0.326620
8 0.500732 0.321579 0.497294 0.319111 0.495750 0.321352 0.500984 0.325500
8 0.499659 0.314912 0.497294 0.319111 0.495750 0.321352 0.495370 0.321801 0.493510 0.320287 0.498966 0.311769 0.500065 0.313204
8 0.500065 0.313204 0.501810 0.315292 0.502443 0.320769 0.502685 0.323370 0.503096 0.326620 0.503128 0.328806 0.503284 0.332620 0.503539 0.341403 0.503411 0.350481 0.501260 0.351532 0.501385 0.341852 0.501099 0.330579 0.501130 0.326991 0.500984 0.325500 0.500732 0.321579 0.499659 0.314912
8 0.497096 0.332134 0.497589 0.332551 0.496617 0.353560 0.494591 0.353782 0.495352 0.339079 0.495521 0.336528
8 0.497469 0.334176 0.501479 0.346259 0.501268 0.350685 0.497258 0.339806
8 0.497258 0.339806 0.500161 0.352134 0.498346 0.353111 0.496956 0.346056
8 0.491745 0.294769 0.488188 0.296370 0.486060 0.296370 0.489349 0.298676
8 0.491745 0.294769 0.495352 0.287528 0.499615 0.280097 0.500510 0.277708 0.503135 0.278486 0.504047 0.278523 0.504932 0.279046 0.508815 0.284750 0.511094 0.289176 0.508773 0.290528 0.505016 0.283926 0.503750 0.282199 0.503201 0.281671 0.502484 0.281597 0.501893 0.282046 0.500542 0.283773 0.495013 0.293306 0.491635 0.300509 0.490982 0.299699 0.489349 0.298676 0.489349 0.298676
8 0.492471 0.298602 0.498214 0.293949 0.502349 0.290495 0.503320 0.288699 0.504036 0.285847 0.503995 0.283819 0.503750 0.282199 0.503201 0.281671 0.502484 0.281597 0.501893 0.282046 0.502221 0.284343 0.501630 0.286519 0.499521 0.289148 0.497622 0.290796 0.495427 0.292449
8 0.495385 0.296278 0.498297 0.295602 0.501125 0.295148 0.503193 0.295148 0.499604 0.298454 0.498549 0.298676 0.496398 0.299051 0.494964 0.299426 0.493570 0.300176 0.492810 0.300403 0.491635 0.300509 0.492471 0.298602
8 0.505052 0.292685 0.507753 0.288699 0.508773 0.290528
8 0.498203 0.304306 0.505135 0.296574 0.509820 0.293722 0.513365 0.291773 0.518232 0.291528 0.523753 0.292921 0.531073 0.297380 0.537003 0.301694 0.534461 0.297176 0.531128 0.293764 0.526833 0.290648 0.520844 0.288338 0.516323 0.288241 0.513555 0.288639 0.511094 0.289176 0.508773 0.290528 0.505052 0.292685 0.503193 0.295148 0.499604 0.298454 0.495755 0.302097
8 0.550437 0.289366 0.551831 0.289213 0.556979 0.289514 0.565802 0.292514 0.566898 0.293417 0.567237 0.295444 0.562135 0.324907 0.565969 0.299644 0.565000 0.300171 0.562888 0.301370 0.552464 0.311352 0.533604 0.330185 0.519794 0.342782 0.507419 0.351519 0.499622 0.355843 0.496570 0.356847 0.493688 0.357347 0.492104 0.357347 0.491503 0.354074 0.494591 0.353782 0.496617 0.353560 0.498346 0.353111 0.500161 0.352134 0.501260 0.351532 0.503411 0.350481 0.511151 0.345333 0.513120 0.343852 0.522508 0.336556 0.526339 0.332991 0.528599 0.331181 0.538867 0.320769 0.541359 0.318218 0.553083 0.305773 0.558880 0.300319 0.560948 0.298218 0.563424 0.296037 0.563143 0.295630 0.560260 0.294625 0.556870 0.293824 0.555063 0.293222
8 0.498203 0.304306 0.499161 0.306769 0.499669 0.308778 0.494667 0.303269 0.491635 0.300509 0.492810 0.300403 0.493570 0.300176 0.493570 0.300176
8 0.749669 0.848259 0.751419 0.859931 0.752023 0.857968 0.752646 0.853551 0.751768 0.847792
8 0.499161 0.306769 0.501703 0.302352 0.503172 0.298634 0.505135 0.296574 0.506563 0.295722 0.503341 0.304157 0.500461 0.309884 0.499669 0.308778
8 0.500461 0.309884 0.506505 0.301745 0.511930 0.295116 0.513255 0.297917 0.506281 0.306972 0.502437 0.311792
8 0.509654 0.302602 0.513495 0.305014 0.517734 0.309935 0.519826 0.313046 0.520786 0.312745 0.517565 0.306620 0.515813 0.303505 0.513948 0.301597 0.511745 0.299889
8 0.520786 0.312745 0.522836 0.319630 0.525154 0.327264 0.526339 0.332991 0.528599 0.331181 0.526849 0.323648 0.523797 0.314806 0.520406 0.307273 0.516620 0.299236 0.512667 0.292204 0.510914 0.293106
8 0.688930 0.732759 0.689326 0.733861 0.697234 0.740593 0.705995 0.746519 0.712831 0.750537 0.715372 0.749431 0.716333 0.748731 0.698648 0.738384 0.694581 0.735069 0.691698 0.732759
8 0.686273 0.732556 0.696195 0.742944 0.696534 0.743745 0.692206 0.741236 0.690771 0.740532 0.687099 0.736412 0.684893 0.733699 0.683786 0.731852
8 0.514716 0.295958 0.518232 0.291528 0.514633 0.291759 0.513365 0.293486
8 0.515813 0.294458 0.524846 0.293333 0.529573 0.296412 0.515646 0.297759 0.514716 0.295958
8 0.509440 0.298287 0.505260 0.298662 0.506563 0.295722 0.507625 0.294986 0.511719 0.294458 0.511930 0.295116
8 0.509188 0.286130 0.511255 0.283505 0.513070 0.281931 0.514799 0.281403 0.516701 0.281477 0.519190 0.282227 0.522734 0.283880 0.524172 0.285079 0.520753 0.285981 0.516826 0.285454 0.514885 0.285532 0.513112 0.286356 0.511297 0.287856 0.510581 0.288532
8 0.517966 0.288458 0.520753 0.285981 0.524172 0.285079 0.528729 0.283954 0.537888 0.284028 0.544727 0.285829 0.549664 0.288532 0.560948 0.298218 0.558880 0.300319 0.547693 0.291542 0.542797 0.288917 0.532794 0.287713 0.528953 0.287338 0.524438 0.288315 0.521945 0.288764 0.520844 0.288338
8 0.528953 0.287338 0.534857 0.292931 0.538531 0.298181 0.541526 0.305537 0.542034 0.311014 0.541737 0.315741 0.541359 0.318218 0.538867 0.320769 0.539755 0.313491 0.539669 0.308764 0.538487 0.305009 0.537003 0.301694 0.534461 0.297176 0.531128 0.293764 0.524729 0.288204
8 0.533216 0.291616 0.538914 0.290417 0.545076 0.289963 0.549974 0.292894 0.539927 0.293644 0.535536 0.293940
8 0.563758 0.300602 0.568560 0.305324 0.572234 0.310847 0.574607 0.317278 0.575115 0.324009 0.574607 0.333449 0.573195 0.345463 0.570448 0.357208 0.566956 0.366130 0.560159 0.376597 0.555063 0.381708 0.553422 0.378917 0.559831 0.372528 0.564536 0.365435 0.568328 0.357301 0.570883 0.347074 0.572578 0.338231 0.572844 0.328940 0.572646 0.321032 0.571799 0.317319 0.570747 0.313481 0.567221 0.308477 0.564346 0.305222 0.561531 0.302671
8 0.690682 0.793454 0.705586 0.818065 0.712242 0.827616 0.712544 0.823847 0.692422 0.793051
8 0.713164 0.804620 0.711583 0.796384 0.712487 0.793269 0.715706 0.808440
8 0.613622 0.668782 0.613190 0.671227 0.619622 0.677782 0.621430 0.676625
8 0.616081 0.678551 0.621430 0.676625 0.622805 0.679838 0.618396 0.680866
8 0.572516 0.312319 0.573234 0.308713 0.573755 0.307088 0.574083 0.305458 0.573755 0.299301 0.573755 0.296509 0.575521 0.295579 0.576307 0.296278 0.576633 0.296977 0.576503 0.299648 0.576372 0.303602 0.576174 0.307667 0.576044 0.309528 0.575719 0.311273 0.575195 0.313944 0.574997 0.315806 0.574607 0.317278
8 0.571799 0.317319 0.569802 0.331528 0.569997 0.334319 0.570883 0.347074 0.572578 0.338231 0.572844 0.328940 0.572646 0.321032
8 0.573195 0.345463 0.574117 0.364190 0.574573 0.368491 0.579805 0.379880 0.587323 0.392782 0.587518 0.394407 0.587388 0.395806 0.586406 0.396736 0.585557 0.396736 0.579151 0.383366 0.574966 0.374653 0.571633 0.365935 0.571500 0.352102
8 0.574117 0.364190 0.579805 0.366514 0.580260 0.370231 0.574573 0.368491
8 0.681583 0.728338 0.686669 0.729745 0.692490 0.730144 0.698987 0.728741 0.704523 0.725824 0.707125 0.724019 0.708536 0.722208 0.711531 0.723417 0.707237 0.727333 0.700794 0.731352 0.695315 0.732958 0.689891 0.733060 0.686273 0.732556 0.683786 0.731852
8 0.579805 0.366514 0.576404 0.342806 0.577190 0.342106 0.578628 0.342454 0.581112 0.360935 0.582680 0.372560 0.583401 0.379764 0.584445 0.387088 0.584445 0.387782 0.581437 0.382671
8 0.678419 0.724722 0.685990 0.727833 0.689268 0.728537 0.694581 0.727435 0.703508 0.723718 0.707479 0.721940 0.698987 0.721005 0.693367 0.723801 0.691276 0.725199 0.688792 0.724616 0.686763 0.724616 0.680115 0.722208 0.672995 0.719699
8 0.657398 0.715880 0.657341 0.718593 0.668870 0.726227 0.677685 0.730648 0.679607 0.730847 0.678378 0.729051 0.676102 0.727231 0.667570 0.722009 0.662484 0.718190
8 0.660846 0.727231 0.666891 0.734565 0.676102 0.743204 0.684747 0.749032 0.695880 0.754356 0.698117 0.754389 0.694997 0.751931 0.690510 0.748426 0.678531 0.740995 0.669208 0.733060 0.661638 0.725426 0.651010 0.712278 0.648867 0.709852 0.647622 0.711463
8 0.579901 0.352532 0.584414 0.370546 0.588076 0.384264 0.589250 0.388329 0.591734 0.388796 0.586245 0.367991 0.580948 0.348815 0.579836 0.345208 0.578987 0.341375 0.578333 0.341375
8 0.586310 0.369037 0.605138 0.376361 0.603372 0.379264 0.587422 0.372870
8 0.607760 0.377870 0.620044 0.383565 0.624883 0.386005 0.625797 0.386935 0.626320 0.388329 0.626648 0.390190 0.627367 0.398560 0.628151 0.401000 0.628216 0.403208 0.627693 0.408440 0.627237 0.410880 0.626583 0.418435 0.624034 0.417505 0.625013 0.408088 0.624753 0.401231 0.624622 0.399023 0.624555 0.393676 0.624424 0.392051 0.623641 0.390306 0.623380 0.389144 0.613508 0.384611 0.605339 0.381250
8 0.662565 0.670069 0.663096 0.671384 0.659565 0.682310 0.657409 0.680333 0.660807 0.670569
8 0.607760 0.377870 0.619031 0.363375 0.619292 0.362213 0.618771 0.359889 0.618049 0.359889 0.605138 0.376361 0.603372 0.379264 0.593534 0.392898 0.572807 0.419398 0.574378 0.422421 0.595560 0.394644
8 0.614094 0.385773 0.614750 0.385773 0.615599 0.386819 0.616906 0.386935 0.617234 0.387634 0.617430 0.404486 0.618018 0.416343 0.615534 0.416458
8 0.617299 0.393097 0.621352 0.406810 0.623901 0.415065 0.624034 0.417505 0.621549 0.416921 0.618737 0.407509 0.617430 0.404486
8 0.625208 0.422153 0.626385 0.426801 0.627172 0.435287 0.625406 0.434125 0.624424 0.432963 0.623836 0.430171 0.623313 0.427037 0.622857 0.424245 0.622398 0.421222
8 0.618203 0.420417 0.618672 0.427616 0.616122 0.425523 0.615794 0.419597
8 0.629721 0.432731 0.629393 0.430639 0.629917 0.429009 0.632008 0.428431 0.633120 0.429361 0.633578 0.431685 0.638807 0.447144 0.636521 0.447722 0.634427 0.441912 0.632531 0.437727 0.631224 0.434708 0.630375 0.434009 0.629917 0.433662
8 0.638807 0.447144 0.643549 0.446130 0.648583 0.446130 0.653224 0.445898 0.655250 0.446481 0.657802 0.448574 0.669438 0.461241 0.677023 0.469495 0.677872 0.469611 0.678984 0.470190 0.679180 0.471819 0.678461 0.473796 0.677807 0.474375 0.676695 0.474028 0.671531 0.467403 0.664469 0.459847 0.657214 0.452755 0.655318 0.450546 0.654141 0.449620 0.646229 0.449500 0.640279 0.450667 0.635375 0.452292 0.623281 0.456593 0.615565 0.459380 0.606479 0.460778 0.599482 0.461009 0.595888 0.459616 0.592422 0.457523 0.591245 0.456361 0.590068 0.453338 0.584250 0.438926 0.574378 0.422421 0.575620 0.420676 0.586865 0.440903 0.592487 0.452407 0.595755 0.455315 0.600268 0.457171 0.606479 0.457755 0.616352 0.455662 0.626549 0.451708
8 0.632932 0.449500 0.631167 0.438227 0.630773 0.436833 0.630250 0.436019 0.629138 0.436019 0.628094 0.436486 0.626982 0.437181 0.614951 0.456009 0.619789 0.454384 0.626589 0.443574 0.628682 0.440319 0.629203 0.441597 0.630120 0.450083
8 0.627766 0.441366 0.628615 0.451130 0.626549 0.451708 0.625805 0.444852
8 0.633518 0.452875 0.635284 0.469259 0.636815 0.488611 0.637253 0.497796 0.636115 0.508523 0.634747 0.520241 0.632648 0.541241 0.631419 0.554667 0.629596 0.549449 0.632531 0.517940 0.634049 0.497773 0.632833 0.470773 0.631016 0.453301
8 0.593740 0.396731 0.606195 0.430579 0.614951 0.456009 0.612576 0.456500 0.598805 0.418333 0.591818 0.399250
8 0.587474 0.405000 0.591068 0.429986 0.588062 0.425454 0.585510 0.407440
8 0.587474 0.405000 0.590526 0.402778 0.592945 0.401731 0.593927 0.405102 0.590919 0.406148 0.587781 0.407894
8 0.595187 0.400699 0.602182 0.398491 0.606630 0.397676 0.606432 0.396977 0.596299 0.393606 0.598391 0.390588 0.610617 0.395236 0.610682 0.398375 0.610422 0.399769 0.610029 0.400231 0.596234 0.403954
8 0.584445 0.387088 0.596214 0.389412 0.593534 0.392898 0.586211 0.391157 0.584445 0.387782 0.584445 0.387782
8 0.586406 0.396736 0.586930 0.401500 0.585297 0.403593 0.583857 0.393014 0.585557 0.396736
8 0.577667 0.399069 0.576359 0.393028 0.576227 0.390468 0.576555 0.388380 0.577273 0.387213 0.578385 0.386981 0.581195 0.386981 0.582307 0.390468 0.578581 0.390819 0.578320 0.391514 0.578516 0.394653 0.579367 0.398838 0.578711 0.398722
8 0.570344 0.414296 0.574984 0.405463 0.576227 0.403718 0.577469 0.402324 0.579299 0.402556 0.582112 0.404764 0.583289 0.406394 0.584792 0.404185 0.582242 0.400463 0.580216 0.398954 0.578711 0.398722 0.577667 0.399069 0.573677 0.402093 0.571326 0.405810 0.568906 0.411157
8 0.574201 0.407088 0.577797 0.413366 0.579758 0.410579 0.575313 0.404417
8 0.576620 0.403370 0.578711 0.405463 0.579497 0.408370 0.579758 0.410579 0.581852 0.408134 0.580346 0.403255 0.579299 0.402556 0.577469 0.402324
8 0.577273 0.399301 0.570997 0.391514 0.566552 0.386519 0.566357 0.390468 0.573482 0.400231 0.574659 0.401278
8 0.711130 0.801810 0.718872 0.812759 0.725031 0.821500 0.724352 0.826620 0.714352 0.811250 0.710792 0.806630
8 0.625117 0.677269 0.618560 0.662833 0.614005 0.654352 0.612995 0.652296 0.611766 0.650755 0.610536 0.645227 0.608875 0.644583 0.610102 0.652681 0.612490 0.657565 0.618490 0.670671 0.623982 0.682495
8 0.629526 0.674824 0.627656 0.681898 0.626924 0.686389 0.626563 0.689218 0.623237 0.686648 0.625117 0.677269 0.628422 0.670602
8 0.632708 0.687935 0.635818 0.694505 0.637708 0.697958 0.636539 0.698986 0.634443 0.697056 0.631263 0.691148
8 0.684258 0.640648 0.683339 0.643241 0.676266 0.640361 0.672214 0.639403 0.668273 0.639495 0.665844 0.640167 0.664385 0.636810 0.672266 0.635833 0.674862 0.636713 0.677560 0.637194
8 0.680531 0.634477 0.678263 0.632491 0.677560 0.637194 0.684258 0.640648 0.684958 0.637931 0.682906 0.636204 0.682906 0.636204
8 0.633503 0.686903 0.630323 0.693329 0.628443 0.691403 0.632346 0.683949
8 0.553891 0.336361 0.556422 0.335611 0.561362 0.370653 0.559503 0.373056
8 0.560727 0.367653 0.561362 0.366528 0.562628 0.368477 0.561362 0.370653
8 0.551737 0.321130 0.566341 0.358796 0.566849 0.354144 0.553510 0.320005
8 0.570581 0.598190 0.575393 0.592745 0.576258 0.596681 0.571937 0.601384 0.568372 0.604167 0.567185 0.600616
8 0.547896 0.320528 0.549247 0.317449 0.550893 0.317977 0.563471 0.322403 0.566974 0.347843 0.567482 0.336287 0.564948 0.318426 0.550302 0.313625 0.547010 0.316699
8 0.752646 0.827097 0.755182 0.823986 0.756583 0.821495 0.757385 0.822056 0.758070 0.823361 0.756846 0.826162 0.755891 0.827505
8 0.754482 0.803602 0.758247 0.802514 0.761922 0.800023 0.761531 0.803176 0.758685 0.805782 0.756583 0.806560 0.754659 0.806560
8 0.742474 0.802611 0.748427 0.804301 0.752628 0.804148 0.752714 0.807102 0.747990 0.806639 0.742021 0.804722 0.742474 0.803819
8 0.739898 0.773292 0.742055 0.773292 0.746893 0.769222 0.744865 0.767597 0.741924 0.770153 0.740812 0.770620
8 0.547010 0.316699 0.547896 0.320528 0.548026 0.326394 0.547521 0.332324 0.545747 0.339755 0.541865 0.348532 0.537896 0.354986 0.531143 0.364366 0.529836 0.361963 0.538487 0.349657 0.542878 0.340954 0.544734 0.335852 0.546000 0.329699 0.546128 0.324671 0.545536 0.318144
8 0.545773 0.319713 0.536836 0.339074 0.533466 0.346801 0.535711 0.347843 0.535906 0.347060 0.535615 0.345847 0.535810 0.344806 0.536250 0.344370 0.536883 0.344282 0.537177 0.344718 0.544307 0.328569 0.546128 0.324671
8 0.430352 0.310815 0.430471 0.314255 0.430190 0.315977 0.429505 0.317269 0.427367 0.315546 0.427286 0.312102 0.426802 0.308519
8 0.650237 0.442116 0.652161 0.434556 0.654391 0.412412 0.656112 0.382167 0.653581 0.382347 0.651453 0.416194 0.649833 0.433296 0.648516 0.439417
8 0.575122 0.566440 0.581326 0.570968 0.583190 0.569361 0.581328 0.566458 0.579391 0.564569 0.575016 0.562310 0.575284 0.564042
8 0.534297 0.351157 0.530779 0.350273 0.530438 0.346542 0.532490 0.346366 0.533466 0.346801 0.535711 0.347843
8 0.529062 0.347593 0.529836 0.361963 0.531513 0.359736 0.530779 0.350273 0.530438 0.346542 0.530438 0.345412
8 0.616424 0.590426 0.624021 0.596546 0.623667 0.597671 0.622805 0.598708 0.615102 0.592509
8 0.596029 0.572324 0.590844 0.568444 0.590844 0.572227 0.594997 0.574926
8 0.529062 0.347593 0.529438 0.354051 0.529143 0.359435 0.528948 0.360130 0.527435 0.358218 0.527385 0.353009 0.527385 0.350750
8 0.527214 0.346366 0.526677 0.336903 0.527557 0.335861 0.528435 0.344194
8 0.528435 0.344194 0.530169 0.342157 0.529047 0.334343 0.527557 0.335861
8 0.527214 0.346366 0.515810 0.346495 0.516836 0.349449 0.525724 0.349014
8 0.519794 0.342782 0.519523 0.346495 0.517521 0.346583 0.517570 0.344329
8 0.519156 0.339250 0.518911 0.335255 0.517154 0.334731 0.517643 0.340551
8 0.745344 0.662486 0.742685 0.658218 0.738635 0.653606 0.732534 0.643625 0.732586 0.647560 0.738234 0.657130 0.739404 0.656981
8 0.510659 0.330741 0.514615 0.333778 0.517154 0.334731 0.518911 0.335255 0.522508 0.336556 0.525310 0.334125 0.518229 0.331347 0.513102 0.328657 0.509779 0.326574
8 0.715846 0.634954 0.722760 0.640181 0.718331 0.633324 0.714875 0.631116
8 0.506714 0.317995 0.514005 0.324792 0.519180 0.328958 0.524503 0.333213 0.525310 0.334125 0.526339 0.332991 0.525823 0.329829 0.517276 0.322884 0.510104 0.316898 0.506289 0.317153
8 0.506289 0.317153 0.504607 0.314208 0.511708 0.313852 0.519826 0.313046 0.520786 0.312745 0.521964 0.316458
8 0.515690 0.316676 0.517276 0.322884 0.514956 0.321014 0.513883 0.316759
8 0.509193 0.314069 0.511440 0.311116 0.512857 0.310856 0.513393 0.311292 0.514125 0.312162 0.514615 0.313810
8 0.723138 0.639949 0.728159 0.649162 0.723406 0.651370 0.722435 0.650509 0.721625 0.649931 0.721464 0.650824 0.721086 0.651593 0.723677 0.654250 0.728591 0.652523 0.729034 0.645088 0.721422 0.631407 0.714313 0.620699 0.712500 0.618157 0.712714 0.620556 0.718076 0.627986 0.723763 0.639736
8 0.633461 0.653801 0.634068 0.657204 0.646555 0.661968 0.647078 0.660458
8 0.633302 0.671125 0.632911 0.667991 0.633305 0.665898 0.633891 0.664620 0.635003 0.667639 0.634872 0.669269 0.637422 0.677755 0.635919 0.678102 0.635443 0.675676 0.634255 0.672236 0.633943 0.671792
8 0.736729 0.763116 0.736273 0.771856 0.735518 0.777639 0.734760 0.781139 0.733854 0.782347 0.733250 0.779449 0.734081 0.773204 0.734458 0.767556 0.734984 0.761926
8 0.712229 0.630185 0.711258 0.627208 0.708232 0.627495 0.708180 0.626824 0.708664 0.625866 0.709638 0.625194 0.711526 0.624903 0.714065 0.628074 0.718547 0.645449 0.716279 0.644009
8 0.651068 0.706389 0.650151 0.707648 0.653672 0.712269 0.654885 0.712278 0.657698 0.712611 0.659370 0.712875
8 0.711904 0.633611 0.713094 0.641801 0.715036 0.643144 0.713039 0.633065 0.712229 0.630185 0.711635 0.630060
8 0.651982 0.705088 0.651068 0.706389 0.658977 0.711481 0.667411 0.714736 0.678852 0.720662 0.686763 0.724616 0.688792 0.724616 0.691276 0.725199 0.693367 0.723801 0.684802 0.720199 0.676565 0.715667 0.662247 0.709042
8 0.653578 0.703037 0.655643 0.703694 0.659698 0.703810 0.664078 0.703116 0.662443 0.707412 0.658258 0.707532 0.654661 0.706486 0.651982 0.705088
8 0.522625 0.312769 0.534344 0.310250 0.539669 0.308764 0.539862 0.312333 0.531318 0.314329 0.523992 0.315546
8 0.666117 0.696431 0.665581 0.700907 0.663031 0.699162 0.664370 0.692921 0.666771 0.692245
8 0.539490 0.300750 0.542862 0.305065 0.545323 0.310222 0.546268 0.313023 0.544503 0.314759 0.542328 0.309324 0.541792 0.308148 0.541526 0.305537
8 0.704021 0.627278 0.711635 0.630060 0.711904 0.633611 0.705263 0.630444
8 0.703643 0.640361 0.707154 0.647560 0.704292 0.646889 0.701214 0.640074 0.702617 0.639019
8 0.543997 0.307699 0.554036 0.304861 0.553083 0.305773 0.549768 0.309435 0.545638 0.311005
8 0.559732 0.304505 0.559919 0.305458 0.559888 0.306407 0.558786 0.307532 0.555633 0.308315
8 0.670906 0.570625 0.670612 0.572426 0.673034 0.581426 0.674349 0.589167 0.675260 0.589167 0.675323 0.586662 0.674948 0.582773 0.672510 0.574000
8 0.665659 0.704833 0.665716 0.706588 0.671930 0.713588 0.674906 0.714523 0.667378 0.705810
8 0.526849 0.323648 0.528828 0.323009 0.529635 0.323056 0.532630 0.323889 0.534557 0.325278 0.533438 0.326296 0.531068 0.325694 0.529401 0.325370 0.528359 0.325139 0.527083 0.325417
8 0.484000 0.317454 0.489813 0.320602 0.493919 0.325981 0.495943 0.327718 0.496289 0.329389 0.490422 0.324421
8 0.513727 0.347042 0.514474 0.357481 0.512414 0.356259 0.511727 0.348375
8 0.513727 0.347042 0.515492 0.345620 0.517555 0.351727 0.517242 0.359727 0.516242 0.359060 0.515555 0.353505
8 0.517599 0.349370 0.517555 0.351727 0.517242 0.359727 0.518349 0.360370 0.519224 0.349037
8 0.511602 0.365389 0.521091 0.365722 0.520599 0.369500 0.513781 0.369167
8 0.508352 0.365699 0.491750 0.366056 0.491628 0.368074 0.509404 0.369546 0.509404 0.369546 0.510807 0.369611
8 0.487852 0.358616 0.489102 0.366500 0.490482 0.366500 0.489477 0.358060
8 0.487852 0.358616 0.480568 0.362278 0.479443 0.359171 0.485690 0.356060 0.489193 0.358148
8 0.627656 0.681898 0.631190 0.679963 0.632094 0.683273 0.626924 0.686389
8 0.633286 0.678681 0.639721 0.676625 0.641284 0.678944 0.634516 0.682023
8 0.640372 0.672898 0.643841 0.671995 0.646081 0.674824 0.642466 0.676111
8 0.647021 0.670843 0.661336 0.666213 0.662565 0.670069 0.650346 0.673926
8 0.661508 0.688065 0.664547 0.690282 0.665622 0.689949 0.666276 0.689319 0.666870 0.687495 0.667464 0.685097 0.667464 0.682889 0.667409 0.680870 0.666706 0.675593 0.662708 0.666778 0.657365 0.654472 0.656448 0.655241 0.661846 0.668009 0.664206 0.676352 0.665286 0.680477 0.665195 0.685000 0.664547 0.685671 0.663018 0.684894 0.660859 0.683264 0.648240 0.671944 0.637276 0.661579 0.629664 0.654667 0.623292 0.648426 0.618107 0.644968 0.611086 0.641514 0.608172 0.640264 0.606281 0.639208 0.602122 0.635755 0.605526 0.642282 0.608279 0.644199 0.618000 0.648713 0.622698 0.652458 0.624263 0.654088 0.627070 0.656394 0.633253 0.662736 0.636432 0.665116 0.649427 0.677991
8 0.708984 0.639120 0.721193 0.647176 0.721625 0.648329 0.721732 0.649287 0.721464 0.650824 0.721086 0.651593 0.708448 0.643528 0.703643 0.640361 0.702617 0.639019 0.703482 0.637384 0.703698 0.635657
8 0.686310 0.641389 0.685661 0.643431 0.690034 0.645162 0.692789 0.645130
8 0.686849 0.639755 0.696406 0.645352 0.692789 0.645130 0.686310 0.641389
8 0.702563 0.651181 0.708664 0.655981 0.709096 0.657995 0.708826 0.659051 0.707422 0.659435 0.706344 0.659148 0.697542 0.652139 0.693544 0.648972 0.695706 0.649384 0.700349 0.650634
8 0.675562 0.647630 0.679451 0.645736 0.682604 0.645042 0.685195 0.644745 0.696406 0.645352 0.705750 0.647079 0.711958 0.649000 0.712229 0.649958 0.712013 0.652935 0.711526 0.653704 0.704292 0.651782 0.700349 0.650634 0.695706 0.649384 0.692573 0.648903 0.686633 0.649097 0.684109 0.648907 0.681766 0.649653 0.675401 0.651782 0.669622 0.653417 0.664169 0.655144 0.661091 0.655815 0.659362 0.652167 0.663414 0.651852 0.665844 0.651278 0.667792 0.650495 0.669669 0.649727 0.672594 0.648394
8 0.676805 0.640426 0.675562 0.647630 0.672594 0.648394 0.674052 0.639565
8 0.669784 0.638986 0.673404 0.643019 0.672760 0.647731 0.665844 0.640167
8 0.656932 0.636972 0.661740 0.636588 0.663089 0.639949 0.658930 0.640523
8 0.627938 0.562347 0.623628 0.560014 0.622440 0.561458 0.627437 0.565903
8 0.742182 0.864824 0.742031 0.876657 0.744451 0.877333 0.744604 0.868454
8 0.709208 0.798898 0.701523 0.788250 0.699659 0.789755 0.699943 0.791162 0.704857 0.799097 0.708531 0.805125
8 0.715029 0.819287 0.710453 0.810852 0.711583 0.796384 0.712487 0.793269 0.715706 0.808440 0.718872 0.812759 0.716159 0.797190 0.715367 0.794273 0.713284 0.790593 0.711411 0.786440 0.710508 0.787944 0.709661 0.791963 0.709323 0.795681 0.708305 0.807634 0.708023 0.809847 0.707628 0.812255 0.713107 0.822806
8 0.696299 0.619884 0.694516 0.617606 0.692628 0.623944 0.696138 0.636329 0.697109 0.638440 0.699214 0.639593 0.701214 0.640074 0.702617 0.639019 0.703482 0.637384 0.703805 0.635079 0.703690 0.632894 0.702685 0.629472 0.700510 0.625606 0.698755 0.622782
8 0.676120 0.706426 0.677622 0.709333 0.672799 0.705630 0.666117 0.696431 0.666510 0.693523
8 0.678867 0.704685 0.697432 0.711657 0.699591 0.715375 0.684490 0.710144 0.676643 0.706657
8 0.692922 0.689921 0.694164 0.699338 0.692531 0.698523 0.691091 0.690384
8 0.731557 0.802796 0.732755 0.810750 0.732471 0.813162 0.731510 0.814167 0.730211 0.814167 0.729646 0.809644 0.730331 0.803991 0.729654 0.802384 0.729365 0.800204
8 0.665286 0.680477 0.663828 0.683361 0.663018 0.684894 0.660859 0.683264 0.661831 0.680477 0.662479 0.678847 0.664206 0.676352
8 0.696299 0.619884 0.699000 0.614796 0.701214 0.617579 0.698755 0.622782
8 0.671281 0.700032 0.680500 0.699801 0.687823 0.700148 0.689260 0.700500 0.691026 0.702472 0.679977 0.702009 0.672852 0.702009
8 0.686701 0.697236 0.678034 0.694412 0.678034 0.694412 0.677240 0.694412 0.675505 0.693241 0.675505 0.693241 0.668466 0.691583 0.666771 0.692245 0.666510 0.693523 0.679128 0.697245 0.689260 0.700500
8 0.718617 0.683065 0.719794 0.682833 0.725049 0.690949 0.723987 0.694616 0.719990 0.687134
8 0.530039 0.580227 0.536891 0.583338 0.540672 0.585162 0.542938 0.588426 0.544937 0.594856 0.546016 0.600231 0.545799 0.601769 0.545154 0.603690 0.544344 0.604648 0.541698 0.602056 0.542508 0.600903 0.542724 0.599847 0.541914 0.594569 0.539482 0.589097 0.535000 0.586602 0.530823 0.584991 0.527958 0.583486 0.527354 0.581620 0.527273 0.580042 0.527958 0.578681
8 0.564810 0.550181 0.559896 0.560583 0.559086 0.555977 0.561299 0.551560
8 0.557786 0.547245 0.560542 0.541671 0.562432 0.538792 0.567240 0.538694 0.583810 0.544088 0.580503 0.544301 0.578607 0.544301 0.576953 0.543727 0.574370 0.543083 0.570378 0.543370 0.566104 0.542921 0.564323 0.543208 0.563404 0.543782 0.561299 0.547528 0.556294 0.550231
8 0.661508 0.688065 0.660859 0.689505 0.659266 0.689056 0.658159 0.688829 0.659130 0.686528
8 0.702635 0.688333 0.703695 0.690213 0.711789 0.696671 0.712091 0.694921 0.706776 0.689130
8 0.727742 0.786338 0.728760 0.795884 0.729844 0.796958 0.730964 0.798394 0.729833 0.789856
8 0.723167 0.780310 0.733901 0.795259 0.732547 0.788046 0.727292 0.780917 0.722602 0.776093
8 0.722602 0.776093 0.725820 0.792569 0.723349 0.789370 0.720003 0.774185
8 0.735904 0.860519 0.742333 0.866708 0.742182 0.871412 0.734693 0.863481
8 0.736734 0.794361 0.736031 0.793875 0.736938 0.798343 0.737331 0.800204 0.740667 0.804319 0.742021 0.804722 0.742474 0.803819 0.742474 0.802611 0.739667 0.798093 0.739169 0.796917 0.739169 0.796917 0.737609 0.795806
8 0.389555 0.295528 0.387664 0.307769 0.386453 0.304403 0.387589 0.298486
8 0.656393 0.635917 0.659526 0.632366 0.658174 0.629486 0.654880 0.632750
8 0.665844 0.651278 0.658930 0.640523 0.654880 0.632750 0.652289 0.627370 0.650292 0.622861 0.649906 0.623569 0.649906 0.623569 0.649406 0.626097 0.649643 0.627852 0.656826 0.641773 0.661307 0.649356 0.663414 0.651852
8 0.730911 0.865361 0.732802 0.871685 0.730760 0.872894 0.728339 0.865898
8 0.726750 0.853259 0.733180 0.857833 0.732292 0.860093 0.732292 0.860093 0.727583 0.857023
8 0.387664 0.307769 0.402437 0.340648 0.402135 0.341454 0.401529 0.342528 0.400849 0.342935 0.393057 0.325449 0.385341 0.307431 0.385719 0.302454
8 0.383367 0.305111 0.383555 0.323944 0.381771 0.322870 0.381688 0.308264 0.382596 0.306060
8 0.639961 0.695167 0.638396 0.690750 0.638448 0.689407 0.639096 0.689023 0.640068 0.689023 0.640609 0.689213 0.643307 0.698912 0.642013 0.698241
8 0.715026 0.846398 0.720852 0.852051 0.720094 0.856218 0.715177 0.850435
8 0.714951 0.840481 0.722060 0.844116 0.721682 0.847611 0.715102 0.845056
8 0.738591 0.794676 0.742943 0.797088 0.747633 0.798194 0.750628 0.798292 0.752039 0.797593 0.752208 0.800806 0.749609 0.801407 0.746391 0.801306 0.742773 0.800204 0.740401 0.798796 0.739667 0.798093
8 0.381688 0.308264 0.380885 0.322014 0.379719 0.321847 0.379112 0.320435 0.379159 0.314046
8 0.383555 0.323944 0.383919 0.324088 0.383781 0.327157 0.381398 0.325662 0.380893 0.324782 0.379719 0.321847 0.379719 0.321847 0.380885 0.322014 0.381771 0.322870
8 0.384581 0.325106 0.386216 0.326269 0.388922 0.331250 0.384255 0.328343
8 0.388922 0.331250 0.391526 0.335704 0.392833 0.331472 0.387185 0.322097 0.385411 0.318861 0.384846 0.320653 0.384758 0.322843 0.386216 0.326269
8 0.387185 0.322097 0.393299 0.328815 0.393943 0.326856 0.393057 0.325449 0.393057 0.325449 0.392693 0.324338 0.387885 0.319356 0.385971 0.316954 0.385411 0.318861
8 0.385971 0.316954 0.386253 0.315042 0.389799 0.317782 0.390594 0.319773 0.390547 0.320602
8 0.568312 0.588106 0.566693 0.595019 0.566154 0.597130 0.567396 0.601546 0.570690 0.609324 0.572471 0.611435 0.574901 0.613644 0.577063 0.614125 0.578089 0.616523 0.576846 0.617579 0.574630 0.617005 0.570690 0.614412 0.567773 0.609421 0.565398 0.603083 0.565143 0.601787 0.563794 0.597657 0.565615 0.591852
8 0.571229 0.584556 0.570581 0.598190 0.569016 0.599532 0.568477 0.597421 0.568477 0.590699 0.568638 0.587917
8 0.386635 0.310671 0.386253 0.315042 0.385971 0.316954 0.385411 0.318861 0.385411 0.318861 0.384846 0.320653 0.385003 0.316810 0.385341 0.307431 0.385341 0.307431
8 0.394755 0.332491 0.398771 0.337884 0.399422 0.341537 0.396716 0.338134 0.394242 0.334153
8 0.394242 0.334153 0.393701 0.336056 0.400034 0.346523 0.399672 0.343440
8 0.400034 0.346523 0.400638 0.351042 0.397453 0.345162 0.393258 0.337778 0.393701 0.336056
8 0.400638 0.351042 0.395273 0.350542 0.397089 0.354125 0.401083 0.354843
8 0.395273 0.350542 0.391604 0.343440 0.390958 0.345426 0.390716 0.346310 0.394508 0.354486 0.395961 0.357208 0.396727 0.356708 0.397211 0.356995 0.397292 0.358287 0.396969 0.359005 0.400922 0.365097 0.404591 0.369972 0.403826 0.365889 0.402695 0.362662
8 0.393672 0.338333 0.393281 0.346852 0.391594 0.343421 0.393258 0.337778
8 0.393302 0.345528 0.395359 0.343856 0.396370 0.343051 0.397453 0.345162 0.397836 0.345838 0.394219 0.348519 0.393281 0.346852
8 0.388596 0.351852 0.390828 0.353773 0.393164 0.355509 0.395255 0.357926 0.395961 0.357208 0.394508 0.354486 0.392432 0.350241 0.389852 0.348505
8 0.575443 0.580523 0.574081 0.579130 0.572057 0.579130 0.570250 0.580671 0.566706 0.585940 0.566424 0.586282 0.564318 0.588204 0.563076 0.590699 0.562768 0.592667 0.562391 0.594204 0.562336 0.594972 0.562552 0.596894 0.562820 0.598042 0.563469 0.598907 0.563794 0.597657 0.565615 0.591852 0.568638 0.587917 0.571768 0.584171 0.572471 0.583981 0.573604 0.585130 0.573604 0.583116 0.573984 0.581773 0.575062 0.580523
8 0.392711 0.354889 0.391971 0.364139 0.390234 0.359968 0.390828 0.353773
8 0.392362 0.359162 0.398253 0.368583 0.396021 0.369079 0.392013 0.363255
8 0.393372 0.360963 0.395255 0.357926 0.395961 0.357208 0.396727 0.356708 0.397211 0.356995 0.397292 0.358287 0.396969 0.359005 0.394802 0.362884
8 0.398229 0.368380 0.400833 0.368458 0.403552 0.369204 0.404591 0.369972 0.404982 0.371310 0.405052 0.373667 0.404388 0.373481 0.402367 0.372491 0.399508 0.371870 0.396859 0.372181 0.394383 0.372801 0.393979 0.370764 0.393651 0.369204 0.396021 0.369079
8 0.737859 0.791583 0.741286 0.793671 0.746484 0.794778 0.749875 0.794074 0.751685 0.793069 0.751458 0.790157 0.746880 0.791162 0.742362 0.790356 0.737953 0.789153
8 0.738141 0.783727 0.744526 0.785032 0.749214 0.785537 0.751531 0.785032 0.751289 0.788148 0.749836 0.789556 0.745938 0.789556 0.742096 0.788551 0.739667 0.787847 0.738026 0.787245
8 0.751419 0.778704 0.751289 0.776796 0.748237 0.778806 0.744227 0.778806 0.740383 0.777398 0.739253 0.776898 0.738760 0.779509 0.740682 0.780213 0.743000 0.781014 0.747690 0.781116
8 0.627500 0.566125 0.622440 0.561458 0.619378 0.563681 0.619753 0.564569 0.621628 0.565792 0.625437 0.569125 0.627125 0.570347
8 0.632312 0.570681 0.629563 0.568014 0.629260 0.571546 0.629260 0.571546 0.629188 0.572565 0.633997 0.577009
8 0.638810 0.577898 0.636016 0.573875 0.636198 0.575301 0.636510 0.577634 0.636445 0.579190 0.635823 0.579639 0.634760 0.579306 0.635266 0.580097 0.636453 0.580764 0.639453 0.582653 0.639828 0.583431 0.638203 0.584653 0.639641 0.587542 0.641891 0.585319 0.642078 0.583986 0.641953 0.582097 0.640310 0.580565 0.639560 0.579009
8 0.725844 0.848819 0.728490 0.860384 0.725693 0.860523 0.723875 0.850838 0.724255 0.849088
8 0.645120 0.576676 0.647432 0.588338 0.648893 0.593769 0.648143 0.594546 0.648206 0.596769 0.648081 0.598435 0.648081 0.598435 0.647182 0.597782 0.645432 0.592671 0.643870 0.584231 0.643182 0.578231
8 0.648495 0.577454 0.648263 0.588093 0.648893 0.593769 0.650456 0.593218 0.651393 0.593218 0.651018 0.586329 0.651018 0.586329 0.651143 0.581551 0.651206 0.579773 0.651206 0.579773 0.651268 0.576778 0.650948 0.576653 0.650948 0.576653
8 0.647245 0.574787 0.642620 0.578898 0.640310 0.580565 0.639560 0.579009 0.638810 0.577898 0.641870 0.575676 0.643620 0.574231 0.644995 0.573120 0.646620 0.571231
8 0.645870 0.566569 0.647495 0.576898 0.648495 0.577454 0.650742 0.576787 0.651268 0.576778 0.650180 0.571231 0.647307 0.557236
8 0.738310 0.782523 0.743904 0.784130 0.749214 0.783426 0.751419 0.781718 0.751419 0.778704 0.747690 0.781116 0.743000 0.781014 0.740682 0.780213 0.738760 0.779509
8 0.753510 0.784329 0.753292 0.773032 0.751120 0.771671 0.751289 0.788148 0.751740 0.796083 0.753096 0.811153 0.753380 0.814667 0.755234 0.816157 0.755695 0.816574 0.754453 0.802412 0.753680 0.788449
8 0.643307 0.556574 0.641620 0.561903 0.636935 0.562125 0.633062 0.562347 0.634060 0.566347 0.640560 0.566125 0.642682 0.565236 0.644182 0.564347 0.645495 0.556569
8 0.723477 0.834995 0.722440 0.839005 0.715154 0.826523 0.715609 0.823296 0.715609 0.823296
8 0.634685 0.569236 0.643995 0.571454 0.645057 0.570347 0.645495 0.568903 0.647182 0.558236 0.647370 0.556569 0.645495 0.556569 0.643370 0.568125 0.638435 0.567458 0.634060 0.566347
8 0.618828 0.587005 0.623763 0.595431 0.624732 0.592509 0.620471 0.584940
8 0.437969 0.366065 0.442328 0.366625 0.446411 0.366569 0.451914 0.366704 0.463396 0.366954 0.479651 0.366759 0.510911 0.369398 0.511536 0.371574 0.505732 0.373481 0.483323 0.371847 0.454055 0.370889 0.436849 0.371389 0.435424 0.371657 0.434508 0.371657 0.433750 0.371389 0.433482 0.369065 0.433482 0.367722 0.433859 0.366282
8 0.715154 0.826523 0.722440 0.839005 0.720451 0.841454 0.715078 0.833384
8 0.521596 0.361704 0.514974 0.358037 0.514474 0.357481 0.512414 0.356259 0.505789 0.352037 0.503417 0.353370 0.503203 0.353796 0.503354 0.356259 0.508352 0.365699 0.513849 0.375255 0.515161 0.376921 0.514849 0.377472 0.506352 0.377583 0.470146 0.401167 0.469339 0.401944 0.469227 0.403088 0.469820 0.404912 0.470852 0.405398 0.471820 0.405199 0.495956 0.388880 0.506654 0.382352 0.515669 0.381685 0.523716 0.381583 0.524042 0.380718 0.524042 0.378319 0.523771 0.375343 0.522635 0.374963 0.520904 0.374574 0.518961 0.374199 0.517237 0.373907 0.515888 0.372755 0.507352 0.357616 0.508539 0.358282 0.520224 0.365722 0.521091 0.365722
8 0.492104 0.357347 0.492979 0.357278 0.501172 0.363352 0.501065 0.365958 0.499880 0.365894 0.492247 0.360069 0.492372 0.358852
8 0.499826 0.362579 0.498466 0.356194 0.500174 0.355449 0.501081 0.360657 0.501172 0.363352
8 0.501065 0.365958 0.501172 0.363352 0.501534 0.354644 0.503172 0.353593 0.503313 0.357306 0.502823 0.365926
8 0.496201 0.362829 0.496094 0.366111 0.494143 0.366042 0.494318 0.361463
8 0.525161 0.355912 0.524513 0.359463 0.528995 0.364551 0.530508 0.368394 0.531211 0.370889 0.530292 0.373579 0.526891 0.379528 0.523109 0.385194 0.519437 0.388843 0.515495 0.390375 0.508961 0.390667 0.493680 0.390088 0.490763 0.392394 0.491250 0.392870 0.508854 0.393736 0.514039 0.393546 0.518898 0.392681 0.521922 0.390569 0.528995 0.381352 0.532776 0.373866 0.532937 0.371176 0.532937 0.369639 0.531143 0.364366 0.529836 0.361963 0.528948 0.360130 0.527435 0.358218
8 0.527385 0.350750 0.525161 0.355912 0.524513 0.359463 0.522687 0.369833 0.521987 0.375208 0.520042 0.374824 0.521596 0.361704 0.523174 0.355625 0.524687 0.350824 0.525724 0.349014 0.527214 0.346366 0.528435 0.344194 0.530169 0.342157 0.533596 0.335560 0.536297 0.329801 0.538510 0.325097 0.540617 0.323273 0.539753 0.326440 0.536135 0.336231 0.531870 0.343338 0.530438 0.345412 0.529062 0.347593
8 0.535906 0.347060 0.537539 0.351208 0.538943 0.349481 0.539104 0.348616 0.537177 0.344718 0.536883 0.344282 0.536250 0.344370 0.535810 0.344806 0.535615 0.345847
8 0.540497 0.350537 0.548219 0.367431 0.546276 0.369449 0.538716 0.353222
8 0.539742 0.355431 0.535367 0.363690 0.546005 0.368778 0.546276 0.369449 0.544656 0.371657 0.534505 0.366282 0.533693 0.364551 0.533370 0.362824 0.537896 0.354986 0.538716 0.353222 0.538716 0.353222
8 0.532885 0.370505 0.540229 0.374921 0.549893 0.381931 0.546383 0.384426 0.537745 0.378088 0.532398 0.374440 0.532776 0.373866 0.532776 0.373866
8 0.540659 0.375593 0.546276 0.369449 0.548219 0.367431 0.555833 0.359657 0.556159 0.359657 0.556753 0.361097 0.556859 0.362153 0.556859 0.362634 0.548977 0.371370 0.543846 0.377898
8 0.549570 0.370602 0.553422 0.378917 0.558211 0.388074 0.566148 0.405065 0.572807 0.419398 0.582768 0.436255 0.581268 0.436111 0.573654 0.428671 0.561859 0.402801 0.551573 0.381537 0.547474 0.373213
8 0.552914 0.383468 0.544885 0.389565 0.539867 0.392833 0.536438 0.391051 0.546383 0.384426 0.550992 0.380495
8 0.553667 0.385250 0.553417 0.399824 0.552245 0.422722 0.550906 0.446963 0.550354 0.467213 0.549352 0.470931 0.544836 0.478963 0.534849 0.495926 0.527521 0.508866 0.525865 0.503852 0.538805 0.483171 0.546682 0.468907 0.548833 0.432611 0.550339 0.406736 0.551427 0.383838 0.552914 0.383468 0.552914 0.383468
8 0.523323 0.365398 0.528995 0.364551 0.530508 0.368394 0.522687 0.369833 0.522687 0.369833
8 0.486268 0.390532 0.478070 0.381458 0.473805 0.376255 0.471966 0.378486 0.483591 0.393060
8 0.488609 0.393801 0.503917 0.412093 0.501576 0.415361 0.485682 0.395736
8 0.481583 0.398264 0.486602 0.406144 0.490867 0.415509 0.493714 0.425028 0.491622 0.427407 0.488779 0.417741 0.485516 0.409861 0.481667 0.403764 0.478992 0.400644
8 0.479003 0.395417 0.473602 0.390810 0.469500 0.387736 0.469229 0.392056 0.473872 0.395319 0.476464 0.397046
8 0.575062 0.580523 0.581435 0.582444 0.580951 0.585514 0.576198 0.584366 0.579544 0.599630 0.585216 0.628620 0.582461 0.628426 0.575982 0.595690 0.573604 0.585130 0.573604 0.583116 0.573984 0.581773
8 0.467555 0.386009 0.465016 0.383704 0.462964 0.385528 0.467122 0.390713
8 0.467826 0.381306 0.469878 0.379671 0.469013 0.395319 0.468148 0.413370 0.466529 0.433338 0.464693 0.434870 0.467122 0.390713
8 0.467068 0.393880 0.458430 0.399065 0.456594 0.399255 0.456430 0.394167 0.459456 0.387546 0.462047 0.386106 0.460266 0.393495 0.466474 0.389755 0.467122 0.390713
8 0.456539 0.388889 0.462047 0.386106 0.462964 0.385528 0.465016 0.383704 0.467826 0.381306 0.469878 0.379671 0.471966 0.378486 0.473805 0.376255 0.474737 0.375255 0.473766 0.373815 0.466529 0.378810 0.458953 0.383972 0.456589 0.385417
8 0.456589 0.385417 0.456484 0.407176 0.456484 0.417833 0.453732 0.415912 0.454000 0.386343
8 0.438016 0.393782 0.441419 0.393593 0.445198 0.392056 0.449680 0.389755 0.454000 0.386343 0.454055 0.391384 0.447576 0.394935 0.441203 0.397431 0.438341 0.397431
8 0.437586 0.389560 0.448979 0.390134 0.444227 0.392634 0.437964 0.392921
8 0.439474 0.389847 0.439799 0.377370 0.441852 0.378329 0.441365 0.389755
8 0.439529 0.388505 0.437370 0.386394 0.437586 0.389560 0.439474 0.389847 0.439474 0.390042
8 0.679128 0.624778 0.680638 0.623148 0.682906 0.636204 0.680531 0.634477
8 0.680586 0.615468 0.679073 0.627782 0.677560 0.637194 0.674862 0.636713 0.677615 0.622505 0.678586 0.615782 0.679344 0.613194 0.679560 0.611560 0.681286 0.610282
8 0.438703 0.401926 0.440122 0.403528 0.446495 0.409194 0.453732 0.415912 0.456484 0.417833 0.462534 0.423111 0.460211 0.440106 0.457240 0.451144 0.449195 0.463722 0.448385 0.463241 0.447521 0.461801 0.447359 0.460745 0.453622 0.452296 0.454810 0.450569 0.455568 0.449417 0.459240 0.434440 0.460750 0.426472 0.451516 0.417736 0.442661 0.409866 0.438503 0.406792 0.437854 0.405639 0.437461 0.403556 0.437516 0.402884 0.437677 0.401926
8 0.440122 0.403528 0.447159 0.397444 0.452727 0.391662 0.454055 0.391384 0.454026 0.395903 0.446797 0.403227 0.442750 0.405926
8 0.444492 0.407676 0.449625 0.402537 0.454180 0.397009 0.453818 0.402023 0.450708 0.406389 0.446495 0.409194
8 0.448177 0.410759 0.454034 0.412944 0.453732 0.415912
8 0.456854 0.414870 0.462997 0.418213 0.462534 0.423111 0.456484 0.417833
8 0.456854 0.414870 0.459016 0.405157 0.460026 0.401815 0.461255 0.398731 0.462341 0.396417 0.458430 0.399065 0.457208 0.403616 0.456484 0.407176 0.456484 0.407176 0.456484 0.417833
8 0.457763 0.410463 0.463969 0.411764 0.463620 0.414986 0.457065 0.413685
8 0.462997 0.418213 0.463620 0.414986 0.463969 0.411764 0.465159 0.402773 0.465646 0.399856 0.466169 0.398741 0.466831 0.398245 0.465716 0.414176 0.463414 0.433079 0.461602 0.448944 0.459440 0.462269 0.456862 0.472560 0.455188 0.475407 0.453375 0.476403 0.450549 0.476523 0.449750 0.475532 0.449190 0.473366 0.448320 0.471815 0.448042 0.470884 0.447727 0.468468 0.447656 0.466296 0.447727 0.464190 0.448385 0.463241 0.449195 0.463722 0.449750 0.462764 0.449854 0.467167 0.450167 0.470389 0.451073 0.472310 0.451911 0.472681 0.452885 0.472065 0.453758 0.471505 0.454839 0.469523 0.455674 0.466856 0.457698 0.458801 0.459615 0.446713 0.461148 0.432644 0.462534 0.423111
8 0.658174 0.629486 0.657258 0.630634 0.650292 0.622861 0.651964 0.619981 0.656016 0.625454
8 0.671190 0.627565 0.674807 0.618634 0.677344 0.613838 0.678346 0.612375 0.679560 0.611560 0.679344 0.613194 0.678586 0.615782 0.676750 0.620366 0.675240 0.624204 0.673349 0.629481
8 0.458953 0.435898 0.456339 0.429264 0.453117 0.423537 0.448591 0.418560 0.444203 0.414991 0.444344 0.418227 0.449992 0.424532 0.453911 0.429759 0.457224 0.437560 0.457878 0.440130
8 0.456339 0.429264 0.456492 0.422157 0.453878 0.420083 0.453833 0.424898
8 0.456492 0.422157 0.457286 0.423236 0.459240 0.434440 0.458953 0.435898 0.456339 0.429264
8 0.455638 0.432829 0.453771 0.444528 0.453164 0.448676 0.450784 0.446852 0.452372 0.435403 0.453398 0.429181 0.453911 0.429759
8 0.454810 0.450569 0.453164 0.448676 0.450784 0.446852 0.446224 0.441657 0.442771 0.437759 0.441232 0.436264 0.441464 0.440000 0.445711 0.445639 0.450565 0.450782 0.453365 0.452856
8 0.440938 0.429509 0.446490 0.431255 0.447331 0.434903 0.441216 0.432829
8 0.447331 0.431171 0.453026 0.431500 0.452419 0.436065 0.448451 0.435403
8 0.448451 0.435403 0.449164 0.439917 0.451638 0.440662 0.452419 0.436065
8 0.448357 0.439963 0.442771 0.437759 0.441232 0.436264 0.441216 0.432829 0.447331 0.434903
8 0.664115 0.626699 0.675240 0.635148 0.675995 0.631306 0.666599 0.624014
1 0.448357 0.439963 0.449539 0.445889 0.450784 0.446852 0.449164 0.439917 0.448451 0.435403 0.447331 0.431171 0.445432 0.424815 0.444591 0.421329 0.444344 0.418227 0.444203 0.414991 0.443797 0.411704 0.443005 0.412287 0.443565 0.420333 0.444685 0.425477 0.446490 0.431255 0.447331 0.434903
8 0.443083 0.413579 0.442336 0.412833 0.440656 0.414162 0.441216 0.415241 0.443458 0.417565
8 0.439818 0.414491 0.440656 0.414162 0.442336 0.412833 0.443005 0.412287 0.444531 0.411338 0.441823 0.409102 0.439536 0.410426
8 0.439258 0.407356 0.439536 0.410426 0.439818 0.414491 0.440471 0.424699 0.440938 0.429509 0.441216 0.432829 0.441232 0.436264 0.441464 0.440000 0.443932 0.450810 0.447521 0.461801 0.447630 0.463361 0.447727 0.464190 0.446865 0.465370 0.445977 0.465370 0.445370 0.464875 0.444727 0.463148 0.441703 0.452537 0.439523 0.442278 0.438917 0.436546 0.438393 0.424009 0.436651 0.403940 0.437461 0.403556 0.437854 0.405639 0.438503 0.406792
8 0.426995 0.427356 0.427753 0.423227 0.429102 0.419866 0.430992 0.417181 0.432990 0.415356 0.437417 0.411898 0.437742 0.416509 0.432234 0.420444 0.430289 0.423514 0.429534 0.425245 0.428724 0.428315 0.428453 0.431773
8 0.426023 0.432634 0.425862 0.440986 0.426078 0.447421 0.426279 0.448648 0.426495 0.452389 0.427211 0.458843 0.428724 0.464699 0.430883 0.470074 0.432557 0.472764 0.439005 0.480912 0.442104 0.484153 0.445669 0.483657 0.441240 0.478954 0.437135 0.474250 0.434383 0.470796 0.432437 0.467435 0.430982 0.463597 0.429846 0.460523 0.428766 0.454190 0.428281 0.449194 0.428120 0.439306 0.428453 0.431773
8 0.426023 0.432634 0.418846 0.411880 0.411773 0.391144 0.414258 0.391241 0.426995 0.427356 0.428453 0.431773
8 0.429102 0.419866 0.418740 0.404199 0.422034 0.413606 0.428242 0.422250
8 0.424609 0.420685 0.428242 0.422250 0.427753 0.423227 0.427633 0.423657 0.427417 0.424907 0.425852 0.424333
8 0.430818 0.422509 0.438542 0.425389 0.438703 0.428653 0.429253 0.425963 0.429534 0.425245 0.430289 0.423514
8 0.430549 0.426157 0.438917 0.436546 0.438810 0.432588 0.434544 0.427306
8 0.428172 0.448236 0.440161 0.444685 0.440807 0.448139 0.433195 0.450347 0.428443 0.451690
8 0.424500 0.449005 0.421964 0.428269 0.422990 0.428940 0.424177 0.430861 0.424716 0.431819 0.426078 0.447421 0.426279 0.448648
8 0.384125 0.277116 0.389911 0.287343 0.390328 0.287963 0.391982 0.285694 0.384695 0.273731 0.382185 0.269333 0.389052 0.277574 0.393867 0.282657 0.395818 0.279806 0.386021 0.269273 0.379187 0.262949 0.378352 0.263630 0.377828 0.264500 0.377617 0.265736 0.377617 0.266046
8 0.380602 0.271000 0.378312 0.274537 0.375247 0.274972 0.379245 0.268644
8 0.377227 0.271963 0.376414 0.268806 0.375932 0.266875 0.375409 0.271495 0.375328 0.272181 0.375810 0.274162
8 0.384362 0.365681 0.389740 0.366204 0.390234 0.368889 0.385156 0.368583
8 0.375932 0.266875 0.375971 0.266218 0.377828 0.264500 0.377617 0.265736 0.377617 0.266046 0.378260 0.267287 0.376414 0.268806
8 0.377677 0.260065 0.383383 0.261023 0.382268 0.263699 0.379187 0.262949 0.376482 0.262843 0.376620 0.261815
8 0.385633 0.257824 0.383383 0.261023 0.382268 0.263699 0.381565 0.265162 0.382891 0.266338 0.385362 0.261519 0.386659 0.259481 0.387802 0.258199
8 0.415768 0.347972 0.411125 0.343912 0.402971 0.338056 0.402052 0.338343 0.402437 0.340648 0.404807 0.341606 0.408263 0.344009 0.415445 0.350727
8 0.415445 0.350727 0.414958 0.354310 0.403943 0.342407 0.402437 0.340648 0.404807 0.341606 0.408263 0.344009
8 0.373203 0.277130 0.365766 0.257222 0.359500 0.241481 0.358745 0.241194 0.357935 0.241958 0.357070 0.242440 0.356531 0.243593 0.356964 0.245991 0.361878 0.261931 0.370516 0.287273 0.371812 0.285639 0.371219 0.281801 0.360365 0.250986 0.361120 0.251273 0.368896 0.272296 0.375755 0.288713 0.366799 0.291505 0.367331 0.294185 0.376888 0.291403 0.377646 0.291306 0.377930 0.290106 0.377148 0.288171 0.377148 0.288171
8 0.371198 0.271995 0.373065 0.269616 0.373174 0.273000 0.372083 0.274148
8 0.369664 0.274005 0.368737 0.275009 0.369706 0.277731 0.370591 0.276301
8 0.367122 0.277301 0.365482 0.280218 0.365711 0.282611 0.367971 0.279454
8 0.363857 0.282611 0.360951 0.288130 0.360911 0.289926 0.361315 0.291144 0.364622 0.290426
8 0.368401 0.280671 0.367982 0.284736 0.368167 0.285231 0.369055 0.284898 0.369521 0.284319 0.370516 0.287273 0.369193 0.288801 0.367794 0.288884 0.366768 0.288551 0.366440 0.288468 0.366161 0.285565 0.366534 0.281333 0.367971 0.279454
8 0.371219 0.281801 0.372344 0.280194 0.373557 0.283514 0.371812 0.285639
8 0.390016 0.258634 0.387695 0.265259 0.386453 0.269481 0.384193 0.267963 0.387424 0.258542 0.387802 0.258199
8 0.388828 0.261898 0.395362 0.262764 0.395091 0.266894 0.390177 0.269194 0.388289 0.271500 0.387208 0.270926 0.388451 0.268810 0.389367 0.267468 0.390880 0.265931 0.391906 0.265162 0.391529 0.264588 0.388828 0.264394
8 0.390690 0.255227 0.394438 0.253866 0.402484 0.251755 0.402484 0.255403 0.395682 0.256301
8 0.398594 0.247037 0.398979 0.249898 0.397737 0.250861 0.397091 0.248556
8 0.400492 0.246060 0.400055 0.249227 0.401841 0.250380 0.402435 0.244718
8 0.398169 0.244042 0.397036 0.236940 0.396388 0.240204 0.396659 0.245481
8 0.397036 0.236940 0.397354 0.235625 0.396005 0.233032 0.395495 0.235278 0.394924 0.239463 0.394708 0.247046 0.396659 0.245481 0.396388 0.240204
8 0.407549 0.337088 0.408469 0.342079 0.410466 0.343329 0.409440 0.339681
8 0.408484 0.334250 0.409313 0.334120 0.411586 0.334306 0.420260 0.338546 0.427633 0.342273 0.428357 0.346130 0.417659 0.340843 0.411070 0.337579
8 0.423156 0.343519 0.423805 0.347069 0.428232 0.357537 0.429096 0.358111 0.428771 0.355903 0.427909 0.351968 0.425693 0.346593 0.425099 0.344477
8 0.423479 0.345343 0.422940 0.351486 0.420888 0.349185 0.421482 0.342560 0.423156 0.343519
8 0.422940 0.351486 0.428232 0.357537 0.428232 0.357537 0.429096 0.358111 0.432188 0.361421 0.432188 0.361421 0.433128 0.365148 0.433922 0.366435 0.433914 0.366185 0.433542 0.367847 0.425547 0.356616 0.411070 0.337579 0.411070 0.337579 0.412206 0.337671
8 0.428357 0.346130 0.428297 0.350056 0.428771 0.355903 0.429096 0.358111 0.431266 0.360713 0.431214 0.357639
8 0.430609 0.346810 0.431031 0.348829 0.433706 0.361167 0.435086 0.362838 0.436315 0.366306 0.436922 0.366051 0.436922 0.366051 0.436802 0.364042 0.437422 0.362634 0.433156 0.348329
8 0.394875 0.296653 0.392005 0.299074 0.391284 0.302843 0.391146 0.306569 0.391737 0.310718 0.393549 0.316356 0.395500 0.321037 0.398404 0.325769 0.409964 0.340236 0.424198 0.359208 0.428841 0.365833 0.433464 0.368519 0.433542 0.367847 0.425547 0.356616 0.408484 0.334250 0.400708 0.323880 0.397362 0.318981 0.395633 0.315523 0.393807 0.309917 0.393164 0.307625 0.392880 0.304250 0.392880 0.302602 0.393404 0.300954 0.395263 0.297727 0.395234 0.296343
8 0.422914 0.363306 0.427417 0.364745 0.428841 0.365833 0.433490 0.368380 0.433669 0.369889 0.433716 0.371051 0.433531 0.371630 0.428211 0.368644 0.424802 0.367148 0.422516 0.366653 0.421023 0.366569 0.420135 0.366569 0.422422 0.370218 0.428724 0.377523 0.434698 0.383579 0.434883 0.387810 0.425690 0.378847 0.419763 0.371546 0.418922 0.370056 0.417802 0.368894 0.417430 0.368227 0.417430 0.366319 0.417708 0.365157 0.418174 0.363912 0.418828 0.363250 0.420008 0.363306
8 0.533635 0.586093 0.530826 0.590218 0.529169 0.588431 0.531023 0.585634 0.531312 0.585324
8 0.425042 0.452458 0.425958 0.464458 0.426336 0.471657 0.428120 0.477995 0.428594 0.477222 0.427687 0.462347 0.427211 0.458843 0.426495 0.452389
8 0.428120 0.477995 0.431969 0.471403 0.434076 0.475046 0.428945 0.482343 0.428945 0.482343
8 0.432115 0.477806 0.435516 0.476458 0.438109 0.480014 0.433357 0.480875 0.428945 0.482343
8 0.435117 0.484144 0.439005 0.480912 0.441182 0.483088 0.439370 0.484329 0.436836 0.484449 0.436836 0.484449
8 0.617279 0.607306 0.615102 0.592509 0.613552 0.595088 0.610940 0.595088 0.610648 0.595431 0.613456 0.609542 0.614328 0.613153 0.616070 0.613500 0.617424 0.612639 0.618052 0.610917
8 0.438185 0.475713 0.445437 0.473852 0.446935 0.473731 0.447318 0.476458 0.446518 0.476954 0.446169 0.476083 0.445227 0.475898 0.444391 0.476273 0.443729 0.477079 0.441240 0.478954
8 0.446586 0.476579 0.446411 0.478005 0.445891 0.478935 0.443448 0.481352 0.441240 0.478954 0.443729 0.477079 0.444391 0.476273 0.445227 0.475898 0.446169 0.476083
8 0.446760 0.473111 0.448505 0.483148 0.449466 0.482810 0.451294 0.483648 0.449190 0.473366 0.448469 0.472181
8 0.447354 0.472986 0.442648 0.469019 0.440521 0.467593 0.438115 0.466852 0.437453 0.469083 0.440242 0.470134 0.442682 0.472736 0.444810 0.474042 0.445437 0.473852 0.446935 0.473731 0.446760 0.473111
8 0.442784 0.455745 0.439706 0.463796 0.438115 0.466852 0.437453 0.469083 0.435365 0.472093 0.434383 0.470796 0.433638 0.469769 0.437698 0.461718 0.441703 0.452537
8 0.439659 0.457569 0.435784 0.455083 0.430792 0.451019 0.428443 0.451690 0.428690 0.452759 0.434758 0.458319 0.438258 0.460560
8 0.451693 0.459634 0.452016 0.461713 0.453508 0.467093 0.454680 0.470176 0.453758 0.471505 0.452885 0.472065 0.451612 0.468454 0.449750 0.462764
8 0.452096 0.459060 0.454719 0.458917 0.457826 0.458056 0.457461 0.460495 0.456938 0.462000 0.454638 0.462287 0.452219 0.462644 0.452016 0.461713 0.451693 0.459634
8 0.455323 0.454042 0.457987 0.457269 0.458633 0.453250 0.456857 0.451458
8 0.461898 0.446440 0.465247 0.461713 0.469578 0.480065 0.478029 0.520120 0.482081 0.539398 0.481503 0.539398 0.479333 0.537079 0.470516 0.497116 0.463500 0.463819 0.461000 0.452269
8 0.628117 0.597495 0.618732 0.610403 0.618052 0.610917 0.617279 0.607306 0.620570 0.601282 0.623667 0.597671 0.626375 0.595088
8 0.631755 0.610681 0.637148 0.636134 0.637661 0.637130 0.639854 0.647333 0.641878 0.645727 0.641878 0.645727 0.639536 0.635167 0.635185 0.616134 0.633352 0.606648 0.633352 0.606648 0.632456 0.600463 0.630380 0.590634 0.628919 0.579130 0.628919 0.577639 0.629260 0.571546 0.630250 0.562065 0.628602 0.556731 0.626672 0.573412 0.626375 0.574787 0.625992 0.575995 0.629878 0.596519 0.630047 0.602315
8 0.610227 0.637426 0.619333 0.642694 0.630466 0.648477 0.630828 0.652977 0.623292 0.648426 0.618107 0.644968 0.610443 0.641282
8 0.602708 0.650662 0.604875 0.649894 0.608130 0.663384 0.610081 0.672125 0.606034 0.668528 0.603576 0.659019 0.602708 0.654519 0.602563 0.652977
8 0.572490 0.570264 0.571117 0.577333 0.570250 0.580671 0.566706 0.585940 0.567141 0.582472 0.568659 0.576431 0.569742 0.574505 0.570104 0.572574
8 0.761307 0.782620 0.758255 0.785838 0.755544 0.787745 0.753680 0.788449 0.753510 0.784329 0.758029 0.781218 0.759555 0.779208 0.761250 0.776597 0.763453 0.777699 0.761307 0.781315
8 0.724557 0.845056 0.731667 0.846537 0.734164 0.850435 0.724255 0.849088
8 0.401529 0.342528 0.402701 0.351593 0.404591 0.361097 0.407182 0.370602 0.410799 0.380778 0.411719 0.383657 0.410638 0.384134 0.410260 0.385194 0.409667 0.385769 0.409018 0.385000 0.406482 0.376458 0.404982 0.371310 0.404591 0.369972 0.403826 0.365889 0.402695 0.362662 0.402052 0.360042 0.401083 0.354843 0.400638 0.351042 0.400034 0.346523 0.399672 0.343440 0.399422 0.341537 0.398771 0.337884 0.400849 0.342935
8 0.401729 0.343653 0.408102 0.350852 0.410799 0.353060 0.414904 0.354884 0.414958 0.354310 0.410044 0.349412 0.403943 0.342407 0.402437 0.340648 0.402135 0.341454 0.401529 0.342528
8 0.403833 0.351815 0.410799 0.353060 0.414904 0.354884 0.414958 0.354310 0.415768 0.347972 0.417497 0.350278 0.416904 0.353829 0.417497 0.355079 0.417281 0.357093 0.416794 0.358148 0.415661 0.358245 0.407560 0.356806 0.405076 0.356231 0.404698 0.355847 0.404159 0.354023
8 0.417344 0.356806 0.422914 0.363306 0.420008 0.363306 0.415661 0.358245 0.416794 0.358148 0.417281 0.357093
8 0.427523 0.368319 0.431305 0.373380 0.431630 0.377116 0.426404 0.371139 0.422516 0.366653 0.424802 0.367148
8 0.431305 0.373380 0.430964 0.370218 0.432643 0.371134 0.433203 0.375861 0.433156 0.377273 0.432878 0.377852 0.432271 0.377852 0.431711 0.377602
8 0.432271 0.377852 0.434557 0.380176 0.434698 0.383579 0.428724 0.377523 0.422422 0.370218 0.420135 0.366569 0.421023 0.366569 0.422516 0.366653 0.425643 0.371546
8 0.418516 0.381676 0.426078 0.382671 0.430883 0.383750 0.434883 0.387810 0.435128 0.388907 0.424490 0.387403 0.421878 0.385824
8 0.419763 0.371546 0.419341 0.374120 0.418549 0.375944 0.418128 0.377685 0.417661 0.379014 0.417005 0.379907 0.415141 0.377602 0.416682 0.370718 0.417430 0.368227 0.417802 0.368894 0.418922 0.370056
8 0.416682 0.370718 0.411034 0.363167 0.406089 0.356361 0.405076 0.356231 0.404698 0.355847 0.404159 0.354023 0.403833 0.351815 0.403333 0.349894 0.402073 0.346574 0.402701 0.351593 0.403755 0.357111 0.408747 0.363995 0.410195 0.364824 0.414255 0.370968 0.416122 0.373537
8 0.416122 0.373537 0.415281 0.376940 0.413042 0.372875 0.411875 0.369222 0.410755 0.365741 0.414255 0.370968
8 0.413042 0.372875 0.413508 0.374120 0.413508 0.375444 0.409773 0.372792 0.407815 0.366236 0.407734 0.366824 0.408482 0.371806 0.408482 0.373630 0.408341 0.374046 0.407081 0.369977 0.406755 0.368898 0.405620 0.364907 0.405667 0.363583 0.405948 0.362917 0.406568 0.363009 0.408747 0.363995 0.410195 0.364824 0.410755 0.365741 0.411841 0.369148
8 0.409773 0.372792 0.408482 0.371806 0.408482 0.373630 0.408888 0.374449 0.413648 0.380176 0.419388 0.387065 0.420807 0.386968 0.423255 0.387222 0.418516 0.381676 0.415141 0.377602 0.415141 0.377602 0.413508 0.375444
8 0.757974 0.791162 0.760008 0.787847 0.760969 0.784532 0.761307 0.781315 0.763453 0.777699 0.764161 0.777921 0.763115 0.785435 0.761589 0.788949 0.760573 0.790958 0.760177 0.792468
8 0.756052 0.789153 0.758198 0.791463 0.760177 0.792468 0.762880 0.792426 0.762438 0.795981 0.759893 0.796384 0.757690 0.795481 0.756279 0.794074 0.754979 0.792569 0.754414 0.791264
8 0.377456 0.404176 0.382581 0.400287 0.380643 0.397634 0.376958 0.400176
8 0.381706 0.400954 0.384615 0.405449 0.386294 0.408685 0.389891 0.417185 0.391130 0.419407 0.390391 0.413176 0.386266 0.404745 0.385031 0.403417 0.382581 0.400287 0.382581 0.400287
8 0.383961 0.417481 0.388284 0.412375 0.386971 0.410486 0.384161 0.414264
8 0.394177 0.422083 0.395531 0.422417 0.398612 0.431213 0.399685 0.433866 0.401737 0.434611 0.409578 0.438597 0.418914 0.442745 0.424188 0.445069 0.424500 0.449005 0.414060 0.443824 0.405099 0.439676 0.401172 0.438185 0.398685 0.433866 0.396797 0.430023 0.394799 0.424167
8 0.401643 0.430713 0.404023 0.431792 0.413359 0.434611 0.411398 0.431296 0.405099 0.429634
8 0.412146 0.426398 0.415740 0.433866 0.415740 0.435444 0.415411 0.436356 0.414945 0.436690 0.414479 0.436690 0.411120 0.430301 0.409818 0.427787
8 0.412146 0.426398 0.413695 0.425727 0.416635 0.433111 0.419109 0.440995 0.419669 0.443153 0.417896 0.442403 0.415740 0.435444 0.415740 0.433866
8 0.416487 0.432704 0.422927 0.434944 0.422974 0.435611 0.421992 0.437847 0.417185 0.435278
8 0.420500 0.443574 0.421247 0.439593 0.421992 0.437847 0.422974 0.435611 0.423393 0.439509 0.422786 0.441917 0.422414 0.444319
8 0.428453 0.431773 0.437823 0.435269 0.433203 0.429463 0.428818 0.427718
8 0.432542 0.420176 0.438234 0.419843 0.438422 0.422333 0.430818 0.422509
8 0.425016 0.395227 0.429161 0.400745 0.431938 0.404139 0.436651 0.403940 0.436612 0.402375 0.431039 0.397606 0.427609 0.395676
8 0.445372 0.423352 0.447747 0.427769 0.450070 0.431514 0.453026 0.431500 0.452174 0.429306 0.449992 0.424532 0.448557 0.423255
8 0.435784 0.455083 0.437143 0.453088 0.438878 0.453375 0.440492 0.453231 0.441703 0.452537 0.440089 0.456171 0.437951 0.456528
8 0.426336 0.471657 0.421695 0.455741 0.421250 0.455454 0.420445 0.455523 0.419880 0.456097 0.419719 0.457032 0.424841 0.474856 0.425326 0.478310 0.425607 0.479620 0.428112 0.482606 0.428805 0.481773 0.428120 0.477995
8 0.422734 0.466940 0.422776 0.473181 0.421000 0.471815 0.420919 0.461565
8 0.444203 0.414991 0.451516 0.417736 0.453878 0.420083 0.453935 0.422727 0.450271 0.420644 0.448591 0.418560
8 0.466685 0.438213 0.482266 0.425537 0.480714 0.422157 0.469714 0.431097 0.463951 0.435435 0.463464 0.436306 0.463023 0.438389 0.462924 0.441079 0.463023 0.442903 0.464294 0.447764 0.469562 0.463782 0.473930 0.476694 0.481904 0.501569 0.488570 0.522259 0.490591 0.528042 0.492794 0.531852 0.494547 0.530347 0.495792 0.529444 0.497430 0.528838 0.498333 0.527736 0.498898 0.524315 0.497375 0.521208 0.496922 0.522708 0.495674 0.523917 0.494323 0.524921 0.493419 0.526130 0.492906 0.527338 0.482284 0.495889 0.475482 0.474366 0.464669 0.439472
8 0.472297 0.433444 0.474557 0.446102 0.475461 0.447407 0.476253 0.447708 0.476591 0.447106 0.476763 0.445801 0.474609 0.431620
8 0.474727 0.433241 0.482242 0.433241 0.480039 0.429829 0.476818 0.429926 0.474609 0.431620
8 0.476422 0.444093 0.483768 0.435954 0.485576 0.438565 0.478513 0.445699 0.476253 0.447708 0.476591 0.447106 0.476763 0.445801
8 0.476253 0.447708 0.470344 0.453435 0.469156 0.454037 0.468365 0.451625 0.474523 0.445398 0.474557 0.446102 0.475461 0.447407
8 0.469982 0.457051 0.483542 0.451125 0.491906 0.447407 0.490154 0.444694 0.485971 0.446000 0.475914 0.450819 0.470344 0.453435 0.469156 0.454037
8 0.478513 0.445699 0.487125 0.441782 0.487690 0.445296 0.473677 0.450019
8 0.485576 0.438565 0.490154 0.444694 0.491906 0.447407 0.498143 0.457755 0.504529 0.466190 0.503964 0.460065 0.494375 0.446162 0.486815 0.434713 0.481023 0.426514 0.478763 0.428218 0.480039 0.429829 0.482242 0.433241 0.483768 0.435954
8 0.493487 0.443792 0.498404 0.442583 0.498573 0.445898 0.495352 0.446301 0.494703 0.446079
8 0.488966 0.434546 0.495859 0.426815 0.503320 0.418176 0.507669 0.411546 0.510833 0.405315 0.512768 0.400565 0.512966 0.398829 0.513292 0.395681 0.512706 0.393593 0.510617 0.393560 0.510758 0.395218 0.510758 0.397125 0.510383 0.398370 0.508258 0.404755 0.503917 0.412093 0.501576 0.415361 0.493714 0.425028 0.491622 0.427407 0.487599 0.431593
8 0.436849 0.371389 0.438393 0.372278 0.458076 0.376495 0.462010 0.376495 0.462698 0.373056 0.450328 0.371056
8 0.496297 0.426023 0.499435 0.432764 0.500414 0.439042 0.500807 0.446130 0.500479 0.449037 0.499237 0.451014 0.498323 0.451245 0.498573 0.445898 0.498404 0.442583 0.497341 0.435440 0.495315 0.430440 0.494466 0.428116
8 0.496688 0.427417 0.501786 0.426954 0.507148 0.427417 0.506560 0.429162 0.506102 0.431023 0.501854 0.430671 0.498258 0.430556
8 0.507148 0.427417 0.497820 0.424282 0.500826 0.421259 0.508607 0.424861 0.508148 0.426606
8 0.534599 0.570690 0.536440 0.569597 0.536299 0.577481 0.533826 0.580884
8 0.497734 0.419981 0.491458 0.417306 0.492503 0.421722 0.495773 0.423120
8 0.504010 0.416958 0.508784 0.423352 0.510156 0.419398 0.505711 0.414403
8 0.499695 0.417889 0.493812 0.412773 0.489365 0.407894 0.488385 0.409403 0.489823 0.412310 0.494203 0.417074 0.497734 0.419981
8 0.500677 0.408472 0.508195 0.400222 0.503945 0.401616 0.498977 0.406380
8 0.497995 0.410912 0.494661 0.413704 0.492635 0.411843 0.496362 0.408704
8 0.488385 0.416380 0.480016 0.413588 0.481911 0.418352 0.489888 0.421028
8 0.481911 0.418352 0.484154 0.424046 0.490497 0.423352 0.489888 0.421028
8 0.495315 0.430440 0.494943 0.433926 0.494680 0.434972 0.493635 0.435787 0.492065 0.435671 0.489711 0.433810 0.494466 0.428116
8 0.571117 0.577333 0.583190 0.569361 0.583953 0.570898 0.584635 0.572319 0.574081 0.579130 0.572057 0.579130 0.570250 0.580671
8 0.589326 0.589782 0.588951 0.587005 0.588763 0.584676 0.586638 0.578231 0.583953 0.570898 0.581328 0.566458 0.583203 0.565903 0.584328 0.565903 0.585203 0.567347 0.586513 0.570681 0.589076 0.577565 0.590576 0.582120 0.591594 0.584875 0.592826 0.589560 0.592701 0.595449 0.593635 0.606111 0.594755 0.613056 0.596779 0.622829 0.597430 0.626806 0.594323 0.621796 0.592299 0.613310
8 0.585638 0.564681 0.579828 0.560125 0.577703 0.559125 0.575518 0.558236 0.575018 0.558458 0.574331 0.561125 0.579391 0.564569 0.581328 0.566458 0.583203 0.565903 0.584328 0.565903 0.585203 0.567347 0.586326 0.566236
8 0.483547 0.408472 0.484266 0.413935 0.479232 0.411380 0.480016 0.413588 0.486359 0.415796 0.485516 0.409861 0.484076 0.408301
8 0.585203 0.567347 0.589451 0.562347 0.589076 0.567792 0.586513 0.570681
8 0.586326 0.566236 0.579828 0.549019 0.582357 0.549319 0.582641 0.549352 0.588326 0.564236
