0 0.655740 0.483861 0.658315 0.491574 0.659128 0.497843 0.660214 0.502662 0.662109 0.504588 0.664549 0.505310 0.667534 0.505551 0.674042 0.508685 0.675125 0.510616 0.677294 0.511819 0.680411 0.510375 0.683260 0.505792 0.685971 0.500491 0.687461 0.496634 0.688005 0.495431 0.692857 0.497213 0.701182 0.497843 0.706862 0.495333 0.710711 0.491912 0.712909 0.488972 0.714224 0.486176 0.717938 0.476778 0.720065 0.472991 0.722898 0.466509 0.725341 0.453903 0.728174 0.434648 0.728471 0.430139 0.728581 0.426551 0.727862 0.425463 0.722982 0.421148 0.722982 0.419269 0.722859 0.416764 0.722276 0.415102 0.722276 0.413222 0.725299 0.394903 0.726112 0.393218 0.726654 0.390083 0.726654 0.386708 0.725435 0.385023 0.723266 0.381648 0.721773 0.377792 0.718047 0.367093 0.715687 0.366778 0.713680 0.366125 0.713505 0.361620 0.681198 0.333542 0.677565 0.333227 0.676482 0.333856 0.674664 0.337736 0.669945 0.350653 0.669771 0.351620 0.664685 0.346463 0.663047 0.345810 0.660510 0.345472 0.657419 0.345157 0.655617 0.343856 0.654518 0.342579 0.650708 0.343231 0.639742 0.366125 0.634862 0.374319 0.632964 0.373597 0.632964 0.371912 0.635268 0.369259 0.634727 0.367574 0.633099 0.367574 0.631742 0.368537 0.630930 0.371912 0.631471 0.376009 0.632693 0.377935 0.633099 0.378662 0.629844 0.391917 0.629708 0.397940 0.629302 0.402519 0.629437 0.408306 0.630794 0.411440 0.631471 0.422042 0.629844 0.433852 0.629708 0.439394 0.629437 0.446144 0.629844 0.450963 0.633099 0.458676 0.635674 0.468315 0.637844 0.476509 0.641232 0.480606 0.646385 0.481574 0.651672 0.481574 0.654654 0.481574
8 0.783677 0.689801 0.784747 0.690403 0.784487 0.697560 0.783461 0.706838 0.782818 0.693671 0.783591 0.693329 0.783880 0.691606
8 0.776523 0.734056 0.774495 0.747653 0.772141 0.758347 0.769526 0.764856 0.771271 0.768514 0.773318 0.763926 0.774310 0.760093 0.777487 0.746644 0.778680 0.739051 0.779203 0.734287
8 0.768021 0.745000 0.769271 0.745884 0.766396 0.757625 0.764354 0.753370
8 0.754227 0.778685 0.757039 0.775662 0.761029 0.770667 0.762401 0.769037 0.764630 0.771574 0.763648 0.772620 0.763648 0.772620 0.758289 0.776685
8 0.753052 0.794727 0.758281 0.794259 0.758846 0.795111 0.760208 0.796343 0.761029 0.793565 0.767107 0.792519 0.768023 0.793097 0.768219 0.794259 0.768219 0.795889 0.768023 0.796583 0.750370 0.800769
8 0.746214 0.807884 0.771690 0.800398 0.779732 0.797028 0.779862 0.795282 0.778948 0.793306 0.777641 0.792727 0.768023 0.796583 0.750370 0.800769 0.749240 0.803449
8 0.738896 0.806023 0.726802 0.809741 0.719891 0.815282 0.719586 0.815819 0.719586 0.815819 0.720068 0.816250 0.736740 0.810556 0.739792 0.808153
8 0.728211 0.821602 0.750573 0.815273 0.769924 0.809116 0.770711 0.807255 0.770776 0.805046 0.770188 0.803769 0.769924 0.803301 0.742271 0.811088 0.740927 0.812056 0.733885 0.817972
8 0.721703 0.824620 0.764786 0.816481 0.765768 0.817880 0.766029 0.819852 0.765898 0.821014 0.724253 0.828685
8 0.725167 0.829731 0.768773 0.823921 0.769036 0.825199 0.769036 0.826944 0.768773 0.828685 0.768448 0.829037 0.727651 0.833917
8 0.728305 0.834384 0.760013 0.831477 0.760406 0.833222 0.760276 0.835546 0.760146 0.836009 0.759948 0.836477 0.730724 0.837870
8 0.735497 0.845074 0.756091 0.844495 0.757073 0.845426 0.758052 0.847519 0.758052 0.849028 0.757792 0.849491 0.753083 0.849144 0.737393 0.848213
8 0.737393 0.848213 0.753083 0.849144 0.753909 0.851190 0.753974 0.852931 0.753646 0.853977 0.740898 0.853167
8 0.742688 0.856116 0.746089 0.860769 0.751451 0.861347 0.751841 0.860417 0.751971 0.858792 0.751711 0.857745 0.751383 0.857046
8 0.738896 0.855884 0.695034 0.853083 0.674609 0.852009 0.675893 0.855370 0.702521 0.856847 0.742846 0.861963
8 0.683875 0.835977 0.697878 0.833704 0.701734 0.834648 0.703854 0.834782 0.703854 0.834782 0.705208 0.833153 0.721396 0.830597 0.723966 0.834366 0.685766 0.838532
8 0.718529 0.820125 0.717555 0.818185 0.715276 0.820931 0.725352 0.836565 0.738896 0.855884 0.742846 0.861963 0.746224 0.866574 0.747956 0.863690
8 0.731833 0.845662 0.672076 0.844449 0.674036 0.848750 0.736674 0.852921
8 0.727674 0.839880 0.707552 0.841894 0.705130 0.844991 0.730320 0.843375
8 0.707552 0.841894 0.708573 0.840241 0.708724 0.839704 0.703430 0.840106 0.699646 0.842125 0.695562 0.843333 0.694125 0.843736 0.694352 0.844815 0.705130 0.844991
8 0.734740 0.886157 0.744180 0.886380 0.749474 0.885037 0.752440 0.883273 0.756510 0.879565 0.760299 0.873833 0.764930 0.865199 0.765661 0.859176 0.756456 0.874144 0.752781 0.878463 0.746224 0.881759 0.736615 0.883704 0.729836 0.884889
8 0.742102 0.886394 0.746622 0.887398 0.746792 0.889505 0.746057 0.892019 0.744362 0.892218 0.726336 0.890208 0.711193 0.887398 0.688081 0.884042 0.686109 0.879329 0.729836 0.884889 0.734740 0.886157
8 0.739596 0.882833 0.729836 0.879065 0.702982 0.869921 0.678549 0.861852 0.681500 0.867097 0.724089 0.882968 0.729836 0.884889 0.736615 0.883704 0.736615 0.883704
8 0.675893 0.855370 0.716969 0.864181 0.736487 0.872519 0.753885 0.875880 0.754716 0.874935 0.755096 0.873593 0.754490 0.872384 0.753961 0.871574 0.737083 0.869537 0.726797 0.865139 0.714776 0.858935 0.702521 0.856847
8 0.732258 0.867500 0.740125 0.861583 0.742846 0.861963 0.742846 0.861963 0.743755 0.863468 0.737083 0.869537
8 0.741789 0.869921 0.746102 0.866426 0.743755 0.863468 0.737083 0.869537
8 0.746328 0.870458 0.755406 0.863065 0.766828 0.847463 0.767424 0.843014 0.766979 0.842755 0.756844 0.854727 0.751451 0.861347 0.746250 0.866389 0.741789 0.869921
8 0.757326 0.849106 0.751711 0.857745 0.751383 0.857046 0.747258 0.856778 0.749612 0.853875 0.753646 0.853977 0.753974 0.852931 0.753909 0.851190 0.753083 0.849144
8 0.751573 0.871194 0.761510 0.857708 0.766677 0.850037 0.765760 0.857361 0.755096 0.873593 0.754490 0.872384 0.753961 0.871574 0.753961 0.871574
8 0.743008 0.882352 0.748763 0.874912 0.752490 0.875727 0.748633 0.880722 0.746224 0.881759 0.746224 0.881759
8 0.746214 0.878282 0.710516 0.868519 0.678549 0.861852 0.702982 0.869921 0.729836 0.879065 0.743008 0.882352 0.743008 0.882352
8 0.746214 0.878282 0.748763 0.874912 0.736487 0.872519 0.718362 0.866741 0.677172 0.858023 0.678549 0.861852 0.710516 0.868519
8 0.696536 0.906620 0.711727 0.908778 0.726513 0.910218 0.730159 0.907699 0.721956 0.906255 0.706057 0.904815 0.695417 0.902454
8 0.692182 0.894556 0.702005 0.896713 0.710513 0.900315 0.713651 0.901755 0.705247 0.901755 0.694411 0.900676
8 0.702005 0.896713 0.690896 0.891602 0.689581 0.887102 0.693833 0.888903 0.709227 0.895741 0.718443 0.900245 0.727253 0.902403 0.734646 0.904204 0.745682 0.903843 0.757227 0.899343 0.761177 0.896463 0.765836 0.891421 0.761076 0.900782 0.755607 0.904926 0.748315 0.907986 0.738391 0.908704 0.730159 0.907699 0.721956 0.906255 0.713651 0.901755 0.710513 0.900315
8 0.736133 0.904097 0.744437 0.896894 0.753552 0.886815 0.763982 0.876009 0.764286 0.870611 0.756510 0.879565 0.752440 0.883273 0.746792 0.889505 0.746057 0.892019 0.744362 0.892218 0.732487 0.903014 0.733195 0.903736
8 0.740185 0.891852 0.735221 0.897074 0.728841 0.901037 0.725195 0.901935 0.718443 0.900245 0.714057 0.898333 0.718615 0.898333 0.723880 0.897963 0.730260 0.895815 0.734107 0.892755 0.735526 0.890954
8 0.729141 0.896157 0.713682 0.890162 0.705784 0.890704 0.716721 0.895204 0.723911 0.898444
8 0.705784 0.890704 0.697987 0.890704 0.693833 0.888903 0.689581 0.887102 0.704164 0.886741 0.711193 0.887398 0.722187 0.889264
8 0.722969 0.909676 0.737956 0.919940 0.744234 0.923718 0.744336 0.924620 0.744437 0.925519 0.737247 0.924981 0.714159 0.909495
8 0.713247 0.909315 0.709602 0.943162 0.707982 0.938120 0.711018 0.909139
8 0.771148 0.879898 0.769557 0.878287 0.770617 0.868870 0.768349 0.871023 0.767365 0.880843 0.769937 0.883125
8 0.778258 0.857574 0.772810 0.865912 0.770617 0.868870 0.768349 0.871023 0.766760 0.872773 0.767365 0.866181 0.773870 0.858116 0.778937 0.851389
8 0.778937 0.851389 0.773870 0.858116 0.767365 0.866181 0.768047 0.860722 0.776578 0.848310 0.779378 0.843870
8 0.784008 0.792218 0.782948 0.825838 0.781359 0.858116 0.777576 0.865912 0.779826 0.838213 0.780078 0.831458 0.781510 0.789796
8 0.770617 0.837537 0.780526 0.823954 0.780078 0.831458 0.769633 0.846144
8 0.783552 0.803514 0.794714 0.810880 0.793385 0.813981 0.783552 0.808088
8 0.793385 0.813981 0.782419 0.836060 0.782872 0.826713 0.790849 0.812421
8 0.792065 0.809069 0.795357 0.803139 0.797094 0.805264 0.794714 0.810880
8 0.781312 0.797569 0.774883 0.805505 0.775784 0.798458 0.779732 0.797028 0.779862 0.795282 0.779581 0.794208 0.781549 0.792731
8 0.777833 0.786407 0.776547 0.793000 0.773219 0.794477 0.775497 0.783852
8 0.776857 0.790981 0.780104 0.788426 0.781510 0.789796 0.781549 0.792731 0.779581 0.794208 0.778948 0.793306 0.777641 0.792727 0.776547 0.793000
8 0.767107 0.792519 0.775497 0.783852 0.774536 0.789005 0.768219 0.795889 0.768219 0.794259 0.768023 0.793097
8 0.780557 0.760722 0.778135 0.782106 0.775417 0.779361 0.777221 0.765870 0.777221 0.765870
8 0.693109 0.683310 0.704518 0.692329 0.698362 0.691403 0.690922 0.686731
8 0.693109 0.683310 0.694490 0.682380 0.694490 0.680597 0.712464 0.692921 0.704518 0.692329
8 0.711927 0.692958 0.702578 0.676065 0.703932 0.675602 0.709302 0.681130 0.713943 0.691713
8 0.713573 0.680366 0.709979 0.674593 0.707552 0.674981 0.708971 0.677394
8 0.709979 0.674593 0.712625 0.674088 0.721581 0.684958 0.720943 0.685426 0.713573 0.680366
8 0.718076 0.693681 0.727938 0.682958 0.732865 0.678056 0.735214 0.674782 0.736971 0.671361 0.739479 0.666528 0.734802 0.668245 0.727435 0.677606 0.718401 0.688611 0.715141 0.692921 0.710792 0.696639 0.709620 0.697088 0.712297 0.698574 0.714396 0.696954
6 0.744424 0.681935 0.748542 0.685972 0.747685 0.686546 0.744841 0.687884 0.742247 0.685056
8 0.764622 0.679565 0.753107 0.672681 0.753107 0.672681 0.744974 0.664583 0.741484 0.665926 0.747492 0.672681 0.751268 0.675606 0.762010 0.683005
8 0.686406 0.592917 0.729818 0.625051 0.729766 0.622083 0.698398 0.597403 0.685703 0.589213 0.676263 0.577935 0.668750 0.571343
8 0.691849 0.613750 0.703010 0.625463 0.713073 0.631759 0.709117 0.626306 0.706458 0.623134
8 0.709302 0.681130 0.718854 0.688009 0.720943 0.685426 0.705977 0.675468 0.703880 0.675694
8 0.632393 0.561435 0.642190 0.571931 0.642190 0.571931 0.636253 0.561278 0.636253 0.561278 0.628143 0.552884
8 0.609862 0.534037 0.612487 0.540366 0.618922 0.547366 0.616359 0.540477
8 0.634799 0.648528 0.647029 0.660144 0.649781 0.660727 0.633536 0.644468 0.633536 0.644468
8 0.522107 0.517815 0.533573 0.534153 0.535305 0.532782 0.524190 0.517690
8 0.519919 0.517815 0.531453 0.535583 0.533573 0.534153 0.522107 0.517815
8 0.514492 0.505523 0.516406 0.504630 0.523927 0.513958 0.520794 0.514394
8 0.513792 0.504903 0.511604 0.506301 0.507315 0.500856 0.508979 0.498833
8 0.520794 0.514394 0.514492 0.505523 0.512568 0.507079 0.517818 0.514704
8 0.486396 0.461023 0.494711 0.458065 0.498750 0.461343 0.487930 0.464648
8 0.500573 0.453380 0.508016 0.463824 0.515456 0.469269 0.509766 0.461801
8 0.487622 0.499301 0.497161 0.507389 0.499964 0.512838 0.489109 0.505366
8 0.489286 0.507079 0.502135 0.517718 0.516128 0.544435 0.514318 0.545199 0.504076 0.523259 0.490773 0.512523
8 0.484646 0.478759 0.489461 0.508481 0.487922 0.505134 0.484646 0.494787 0.481057 0.470204
8 0.501539 0.478139 0.502833 0.475681 0.535656 0.501509 0.534867 0.505556 0.510711 0.486417
8 0.499526 0.481407 0.495586 0.488565 0.494099 0.484051 0.497076 0.478917
8 0.501539 0.478139 0.505302 0.471602 0.503378 0.470046 0.500924 0.473315 0.499089 0.475491
8 0.499089 0.475491 0.533922 0.508481 0.531734 0.512991 0.497076 0.478917
8 0.500924 0.473315 0.492305 0.467139 0.488628 0.466361 0.489724 0.471134 0.498563 0.476894
8 0.519831 0.480315 0.530508 0.493542 0.536198 0.497431 0.536198 0.496810 0.528758 0.486542
8 0.587513 0.519139 0.585893 0.511778 0.603135 0.530139 0.648299 0.578528 0.681732 0.613852 0.713417 0.649171 0.710052 0.652500 0.704193 0.645093 0.680945 0.620074 0.648211 0.584755 0.615740 0.549278 0.599898 0.532940
8 0.587513 0.519139 0.604688 0.538889 0.616047 0.553523 0.589352 0.526449
8 0.489922 0.562398 0.496362 0.589870 0.492109 0.583750 0.486984 0.560417 0.476310 0.518398 0.478641 0.516778
6 0.401076 0.336398 0.419609 0.327255 0.420286 0.330880 0.401000 0.340833
8 0.413125 0.233491 0.411984 0.231375 0.416818 0.221389 0.416969 0.221870 0.416031 0.224134
8 0.536198 0.497431 0.503815 0.474713 0.502833 0.475681 0.535656 0.501509
8 0.532609 0.513769 0.534974 0.509102 0.542148 0.517662 0.549771 0.525130 0.548250 0.525130 0.546732 0.526028 0.545737 0.526838
8 0.510029 0.515324 0.531734 0.512991 0.531901 0.513009 0.534974 0.516111 0.513443 0.518593
8 0.501977 0.507389 0.505391 0.510347 0.523141 0.528116 0.505068 0.514657
8 0.505068 0.514657 0.523141 0.528116 0.531453 0.535583 0.528128 0.536986 0.514474 0.525162 0.508615 0.520532
8 0.414669 0.235245 0.418383 0.240106 0.417357 0.244968 0.413547 0.238630
8 0.413547 0.238630 0.417357 0.244968 0.416721 0.249606 0.412620 0.241963
8 0.412620 0.241963 0.411448 0.245958 0.416185 0.253250 0.416721 0.249606
8 0.415583 0.257593 0.410701 0.250125 0.409966 0.253514 0.414997 0.261500
8 0.414620 0.263208 0.409883 0.254556 0.409102 0.258546 0.414573 0.267926
8 0.414573 0.267926 0.414328 0.272611 0.407930 0.263412 0.408760 0.259676
8 0.363216 0.185014 0.361703 0.188509 0.360341 0.193889 0.359961 0.196176 0.361474 0.198056 0.363292 0.191199 0.364349 0.188375
8 0.429682 0.370713 0.425130 0.354375 0.420492 0.332745 0.418305 0.320144 0.415451 0.298981 0.414216 0.275986 0.414620 0.263208 0.417753 0.242079 0.421034 0.229384 0.426372 0.217963 0.432237 0.207333 0.432589 0.208380 0.426372 0.221292 0.421927 0.231296 0.419109 0.242532 0.417708 0.252741 0.416771 0.265653 0.416648 0.281694 0.418057 0.299403 0.419617 0.313375 0.422687 0.331597 0.427625 0.355106 0.430250 0.367088 0.431914 0.377981
8 0.427451 0.350440 0.426750 0.349815 0.422687 0.331597 0.419617 0.313375 0.418057 0.299403 0.416648 0.281694 0.416789 0.273389 0.417193 0.273389 0.418917 0.294454 0.421148 0.311556 0.423773 0.327769 0.426109 0.340185
8 0.426109 0.340185 0.423773 0.327769 0.421148 0.311556 0.418917 0.294454 0.417193 0.273389 0.416771 0.265653 0.417708 0.252741 0.419109 0.242532 0.421927 0.231296 0.426372 0.221292 0.432589 0.208380 0.433880 0.210361 0.426792 0.224944 0.423549 0.233944 0.420815 0.244389 0.419500 0.253931 0.419297 0.264731 0.419500 0.273912 0.420714 0.291194 0.422740 0.309019 0.424359 0.324681
8 0.427451 0.350440 0.430250 0.367088 0.431914 0.377981 0.435966 0.399593 0.441305 0.424333 0.449620 0.460431 0.460385 0.498708 0.463010 0.500731 0.452333 0.461056 0.443581 0.423245 0.438591 0.401769 0.431940 0.366139 0.427826 0.341088 0.425112 0.320394 0.423714 0.303120 0.422487 0.289273 0.422750 0.265935 0.422224 0.266245 0.421701 0.288028 0.421961 0.295032 0.422740 0.309019 0.424359 0.324681 0.426109 0.340185
8 0.656115 0.552866 0.689573 0.569671 0.688904 0.572644 0.664060 0.560153 0.659792 0.557778
8 0.651768 0.552269 0.663802 0.562963 0.645992 0.539630 0.629133 0.512204
8 0.446091 0.229889 0.447263 0.232579 0.444432 0.242389 0.442917 0.247949 0.442867 0.248644 0.440359 0.253750 0.441271 0.247991 0.442081 0.241866 0.444284 0.234838
8 0.695232 0.599907 0.708635 0.609630 0.714055 0.615977 0.717927 0.620861 0.729094 0.634560 0.726693 0.636898
8 0.447458 0.227282 0.449755 0.222509 0.451268 0.219644 0.452344 0.221986 0.450828 0.225806 0.448974 0.230843
8 0.446141 0.224940 0.450292 0.217995 0.448193 0.214088 0.444432 0.220944
8 0.528055 0.380486 0.525018 0.382028 0.540055 0.409273 0.541068 0.408375
8 0.530260 0.378981 0.530831 0.378981 0.559719 0.427139 0.557839 0.429579 0.545766 0.409019 0.539115 0.397579
8 0.530260 0.378981 0.528055 0.380486 0.550682 0.429449 0.551984 0.429194 0.551695 0.425468 0.539115 0.397579
8 0.530831 0.378981 0.568279 0.440287 0.568281 0.438824 0.567068 0.432139 0.567068 0.432139 0.534458 0.376880
8 0.626794 0.555361 0.632393 0.561435 0.628143 0.552884 0.622297 0.546810
8 0.616359 0.540477 0.618922 0.547366 0.626794 0.555361 0.622297 0.546810
8 0.669122 0.548671 0.670685 0.551778 0.666617 0.550116 0.663602 0.543704
8 0.641336 0.510056 0.649576 0.519310 0.657023 0.529722 0.660130 0.536019 0.656589 0.533190
8 0.656589 0.533190 0.644193 0.514491 0.638154 0.505301 0.636924 0.506204 0.649286 0.526894
8 0.650589 0.516458 0.645180 0.505861 0.642242 0.501861 0.643807 0.500764 0.650240 0.509750 0.657487 0.524412 0.664922 0.540296 0.661505 0.537019 0.660130 0.536019 0.660130 0.536019
8 0.638154 0.505301 0.639383 0.504250 0.650589 0.516458 0.657023 0.529722 0.657023 0.529722 0.649576 0.519310 0.641336 0.510056
8 0.307367 0.304505 0.311174 0.305111 0.316815 0.307426 0.318315 0.307847 0.318036 0.309338 0.317654 0.311134 0.317305 0.312000 0.316747 0.312125 0.313747 0.311505 0.312284 0.310454 0.309984 0.309708 0.308211 0.306398 0.308211 0.306398
8 0.301234 0.283190 0.306042 0.291389 0.307849 0.294449 0.309224 0.304727 0.307365 0.301685 0.303854 0.295167 0.297945 0.280181 0.297945 0.280181
8 0.308357 0.286602 0.316091 0.294958 0.318115 0.296245 0.321297 0.302796 0.321297 0.308194 0.321297 0.308708 0.316815 0.307426 0.315513 0.306523 0.310307 0.299713
8 0.306549 0.283778 0.299464 0.278380 0.297945 0.280181 0.297945 0.280181 0.307128 0.288787
8 0.304958 0.274269 0.309224 0.304727 0.311174 0.305111 0.306477 0.273625
8 0.296862 0.278120 0.274813 0.211167 0.273005 0.212449 0.295198 0.279921
8 0.297945 0.280181 0.308211 0.306398 0.311971 0.313079 0.307568 0.307361 0.300620 0.294315 0.296068 0.282361
8 0.291802 0.284032 0.288555 0.277542 0.290581 0.276130 0.297448 0.288083 0.307568 0.307361 0.315086 0.317898 0.314870 0.318671 0.303302 0.304792 0.293031 0.286731
8 0.291802 0.284032 0.289922 0.288532 0.291294 0.290074 0.293031 0.286731
8 0.293542 0.281574 0.304453 0.270412 0.305971 0.271824 0.299464 0.278380 0.294909 0.283778
8 0.490669 0.371843 0.474945 0.345375 0.474609 0.349398 0.488911 0.373032
8 0.429130 0.379676 0.430128 0.383616 0.433617 0.386273 0.431914 0.377981 0.431914 0.377981 0.430625 0.373764
8 0.428354 0.385880 0.434229 0.404894 0.437771 0.407620 0.432456 0.389917
8 0.424641 0.387060 0.423146 0.381449 0.425805 0.383514
8 0.432456 0.403417 0.427135 0.387162 0.425805 0.391593 0.428242 0.400065
6 0.423312 0.402333 0.420930 0.410606 0.418711 0.408833 0.421151 0.400458
6 0.428521 0.382037 0.430625 0.373764 0.429682 0.370713 0.428573 0.373583 0.426359 0.380463
6 0.422258 0.395236 0.425805 0.383514 0.427633 0.385287 0.424419 0.397111
8 0.409896 0.391204 0.426305 0.405088 0.439326 0.415042 0.438599 0.410657 0.408810 0.387130
8 0.442263 0.428338 0.420542 0.410509 0.414333 0.404894 0.416716 0.412181 0.443315 0.432870
8 0.442370 0.439676 0.423776 0.428782 0.421948 0.423463 0.444445 0.437352 0.445443 0.441685
8 0.446586 0.460157 0.443648 0.447255 0.442370 0.439676 0.444312 0.440653 0.447914 0.455431 0.449245 0.462620
8 0.439641 0.453431 0.450487 0.463556 0.451815 0.468185 0.438130 0.456069 0.439292 0.454986
8 0.429906 0.444495 0.438680 0.452495 0.437628 0.452495 0.436224 0.453852 0.432398 0.450602
8 0.421005 0.379315 0.418612 0.377144 0.417635 0.391472 0.419870 0.393472
8 0.407865 0.337315 0.418904 0.371069 0.419294 0.364468 0.410310 0.336255
8 0.410896 0.335819 0.421151 0.360824 0.426815 0.379315 0.428573 0.373583 0.418417 0.346843 0.413336 0.334431
8 0.416315 0.332606 0.424862 0.356569 0.429682 0.370713 0.428573 0.373583 0.418659 0.345977 0.414216 0.333995
8 0.407867 0.328875 0.413336 0.330088 0.413385 0.330435 0.409214 0.332579 0.409214 0.332579
8 0.401177 0.327481 0.405914 0.328611 0.407323 0.333250 0.401323 0.331477
8 0.399125 0.329917 0.395951 0.319407 0.394878 0.319755 0.395805 0.326009 0.398930 0.336685
8 0.399859 0.316111 0.393997 0.305343 0.393461 0.305954 0.393362 0.306037 0.393802 0.311162 0.399565 0.320713
8 0.798672 0.806620 0.789831 0.829065 0.781964 0.843861 0.782419 0.836060 0.792102 0.816829 0.797094 0.805264
8 0.612924 0.632769 0.627633 0.642917 0.627151 0.646875 0.614062 0.637593
8 0.710786 0.709755 0.706885 0.713370 0.704625 0.714574 0.701065 0.716083 0.698070 0.718694 0.703721 0.719398 0.707565 0.717889 0.710615 0.715278 0.713328 0.712162 0.714005 0.711560
8 0.692818 0.718995 0.699766 0.712667 0.705135 0.707241 0.705982 0.706741 0.709372 0.708949 0.704286 0.713069 0.698070 0.718694 0.696263 0.720102
8 0.695078 0.724218 0.697393 0.730347 0.694891 0.730694 0.694497 0.730694 0.692026 0.724319 0.692370 0.723620 0.692930 0.723606 0.692930 0.723606
8 0.669849 0.737435 0.682271 0.739412 0.693255 0.741157 0.702669 0.742435 0.697440 0.746153 0.681172 0.742778 0.668607 0.740343 0.668151 0.739181
8 0.689724 0.726046 0.694497 0.730694 0.689987 0.730694 0.687763 0.727556
8 0.687896 0.723954 0.684732 0.719912 0.682992 0.719884 0.685802 0.725231
8 0.682992 0.727556 0.678232 0.720338 0.674799 0.723106 0.678266 0.728917 0.680508 0.729069
8 0.390964 0.306528 0.387138 0.312750 0.387461 0.306009 0.390406 0.301708
8 0.387542 0.301778 0.389880 0.297977 0.390406 0.301708 0.387461 0.306009
8 0.385565 0.291023 0.384799 0.321500 0.386977 0.317338 0.387945 0.294176
8 0.369297 0.270440 0.367281 0.270227 0.364578 0.266065 0.364013 0.262981
8 0.369086 0.267491 0.369297 0.270440 0.364013 0.262981 0.363604 0.260861
8 0.388901 0.287042 0.389169 0.291292 0.389169 0.291292 0.371406 0.270787 0.370870 0.266356 0.370768 0.265380
8 0.393206 0.291579 0.395286 0.298394 0.391969 0.295463 0.391518 0.289778
8 0.396878 0.295856 0.400930 0.301032 0.400635 0.305759 0.399664 0.304861
8 0.394313 0.288065 0.401310 0.297056 0.401310 0.297056 0.400930 0.301032 0.396878 0.295856
8 0.390273 0.277338 0.401633 0.293509 0.401310 0.297056 0.390927 0.284301
8 0.401857 0.290898 0.389917 0.272815 0.390273 0.277338 0.401633 0.293509
8 0.402083 0.287583 0.389766 0.269861 0.389917 0.272815 0.401857 0.290898
8 0.402604 0.283949 0.389833 0.267273 0.389792 0.270139 0.402083 0.287583
8 0.389664 0.260843 0.403047 0.280278 0.402604 0.283949 0.389833 0.267273
8 0.389766 0.254231 0.403667 0.276532 0.403047 0.280370 0.389682 0.259287
8 0.390341 0.249593 0.404065 0.272019 0.403667 0.276532 0.389766 0.254231
8 0.390852 0.246278 0.404638 0.269079 0.404065 0.272019 0.390341 0.249593
8 0.391529 0.242759 0.405430 0.265162 0.405812 0.261366 0.393779 0.241676 0.392307 0.239162
8 0.389169 0.291292 0.371510 0.270833 0.372073 0.274213 0.389698 0.296403
8 0.390927 0.284301 0.394313 0.288065 0.394313 0.288065 0.393328 0.288333 0.392573 0.289139 0.393206 0.291579 0.391518 0.289778
8 0.366146 0.214963 0.361794 0.207431 0.361589 0.209662 0.361589 0.213157 0.366068 0.220361 0.366068 0.220361
8 0.390961 0.237259 0.368518 0.200194 0.368349 0.206125 0.389708 0.240481
8 0.376651 0.228315 0.375380 0.230139 0.388023 0.251565 0.388568 0.247940
8 0.368180 0.208764 0.389302 0.243514 0.388568 0.247940 0.368253 0.214690
8 0.368180 0.217583 0.388023 0.251565 0.387367 0.255588 0.373068 0.231074 0.368326 0.222838
8 0.369201 0.241060 0.368836 0.234380 0.387622 0.259412 0.387659 0.264343
8 0.369164 0.240671 0.387841 0.269532 0.387839 0.273148 0.369383 0.245796 0.369281 0.244065
8 0.387839 0.273148 0.369383 0.245796 0.369747 0.250917 0.384852 0.272903 0.388060 0.276472
8 0.388060 0.276472 0.377263 0.263954 0.370039 0.255523 0.370367 0.259931 0.388477 0.282079
8 0.388477 0.282079 0.370367 0.259931 0.370768 0.265380 0.388901 0.287042
8 0.396875 0.184074 0.398919 0.180097 0.400841 0.185120 0.399427 0.188134
8 0.397773 0.189782 0.393253 0.200329 0.392688 0.199625 0.392688 0.198421 0.392349 0.196208 0.395794 0.186565
6 0.410130 0.204986 0.405391 0.197255 0.385221 0.166866 0.386539 0.173116 0.408224 0.205153
6 0.397318 0.183148 0.383888 0.152542 0.382365 0.155356 0.392138 0.176852 0.396875 0.184074
8 0.402331 0.309181 0.408911 0.318190 0.416779 0.328676 0.414661 0.329889 0.402784 0.313750 0.402029 0.311463
8 0.391969 0.295463 0.396659 0.301917 0.398474 0.307968 0.392346 0.300032
8 0.400516 0.307565 0.394313 0.288065 0.393328 0.288333 0.392573 0.289139 0.400062 0.313481
8 0.402029 0.311463 0.409214 0.332579 0.407323 0.333250 0.401641 0.316991
8 0.401076 0.336398 0.401714 0.316190 0.404065 0.287829 0.407271 0.267139 0.412042 0.244009 0.417927 0.225412 0.423549 0.212861 0.426294 0.207630 0.425539 0.205532 0.423940 0.206005 0.416031 0.224134 0.410997 0.239593 0.406682 0.256796 0.404065 0.272019 0.401909 0.288644 0.399815 0.314792 0.398836 0.337574 0.399042 0.349282 0.400091 0.361611 0.403151 0.377440 0.414789 0.414981 0.430219 0.458801 0.432245 0.457171 0.417339 0.414167 0.406682 0.380463 0.402562 0.364773 0.400797 0.349431
6 0.368786 0.351731 0.356299 0.358227 0.355974 0.359741 0.356432 0.361366 0.357151 0.362074 0.370750 0.355324
6 0.370815 0.350907 0.383367 0.345801 0.384479 0.349292 0.372711 0.354278
6 0.388141 0.343699 0.395529 0.340106 0.396182 0.343815 0.389513 0.346722
8 0.709117 0.626306 0.720990 0.641968 0.723049 0.639523 0.710180 0.622639
8 0.739013 0.667440 0.745802 0.674644 0.743948 0.676903 0.737549 0.670218
8 0.730565 0.679926 0.730419 0.686264 0.725974 0.693032 0.722948 0.693380 0.723630 0.691472 0.727977 0.685653 0.727938 0.682958
8 0.721125 0.672245 0.724122 0.671417 0.727435 0.677606 0.725727 0.679750 0.725727 0.679750
8 0.717622 0.673019 0.721125 0.672245 0.725727 0.679750 0.723615 0.682472
8 0.717622 0.673019 0.723615 0.682472 0.721581 0.684958 0.712625 0.674088
8 0.780078 0.831458 0.779826 0.838213 0.768047 0.860722 0.769052 0.851713
8 0.768021 0.745000 0.764354 0.753370 0.762523 0.750116 0.765531 0.743838
8 0.772227 0.826282 0.779781 0.816000 0.779781 0.820806 0.771552 0.831685
8 0.775784 0.798458 0.769052 0.851713 0.765656 0.884500 0.765005 0.884620 0.763893 0.884269 0.763242 0.883690 0.762909 0.882870 0.767424 0.843014 0.770367 0.816046 0.772583 0.800046
8 0.752888 0.680319 0.749893 0.684917 0.748474 0.685981 0.746583 0.684185 0.749516 0.680542 0.751221 0.677630 0.752729 0.679088
8 0.435854 0.263130 0.437018 0.258611 0.438841 0.249787 0.440057 0.245468 0.442589 0.235926 0.444310 0.230884 0.445727 0.228727 0.444766 0.226944 0.441323 0.235403 0.439805 0.239546 0.438284 0.246565 0.437271 0.251787 0.436258 0.256829
8 0.445727 0.228727 0.444107 0.234125 0.442081 0.241866 0.441271 0.247991 0.440359 0.253750 0.437424 0.260593 0.438841 0.249787 0.440057 0.245468 0.442589 0.235926 0.444310 0.230884
8 0.433880 0.210361 0.439352 0.217329 0.442831 0.222574 0.451305 0.242477 0.463862 0.272463 0.465828 0.271657 0.466206 0.270046 0.451833 0.236829 0.441622 0.214505 0.435495 0.207509 0.434320 0.206366 0.430654 0.206032
8 0.431703 0.228505 0.436544 0.220704 0.439352 0.217329 0.441083 0.219764 0.433974 0.230116 0.428602 0.244370 0.426333 0.254056 0.425273 0.261588 0.424669 0.270866 0.424208 0.287394 0.424797 0.300759 0.426258 0.315875 0.428982 0.332282 0.435547 0.368509 0.444117 0.406046 0.455987 0.447505 0.469435 0.489315 0.481031 0.521537 0.493453 0.557148 0.490526 0.558611 0.484438 0.540486 0.478641 0.516778 0.476310 0.518398 0.466039 0.487995 0.454557 0.453208 0.447521 0.429255 0.442263 0.408074 0.436901 0.386477 0.432544 0.366667 0.429307 0.350463 0.427826 0.341088 0.425112 0.320394 0.423714 0.303120 0.422487 0.289273 0.422750 0.265935 0.423617 0.253852 0.424935 0.246537 0.428458 0.235403
8 0.439602 0.221181 0.436159 0.238287 0.432815 0.261690 0.431094 0.277713 0.431094 0.281671 0.430182 0.285995 0.429576 0.290315 0.428867 0.293194 0.428461 0.293375 0.428461 0.287616 0.429779 0.269972 0.432310 0.250347 0.434943 0.233245 0.436664 0.226583
8 0.434896 0.268796 0.432310 0.277171 0.431094 0.281671 0.430182 0.285995 0.429576 0.290315 0.428867 0.293194 0.428461 0.293375 0.427956 0.305977 0.427854 0.314440 0.428159 0.324162 0.428159 0.327403 0.428982 0.332282 0.431094 0.344505 0.433221 0.356384 0.431094 0.336222 0.429979 0.318759 0.430487 0.300037 0.430589 0.294995 0.432615 0.281671
8 0.433120 0.275009 0.433930 0.259528 0.435956 0.245486 0.438284 0.236125 0.442234 0.225861 0.443549 0.223704 0.444766 0.226944 0.441323 0.235403 0.439805 0.239546 0.438284 0.246565 0.437271 0.251787 0.436258 0.256829 0.435854 0.263130 0.435146 0.267630
8 0.442576 0.217125 0.446776 0.211310 0.446159 0.211171 0.444284 0.209833 0.441354 0.214259
8 0.442234 0.205319 0.445799 0.198634 0.449656 0.193421 0.455323 0.186565 0.465841 0.175616 0.473117 0.168583 0.474143 0.171625 0.463497 0.181782 0.453779 0.193069 0.446844 0.202097 0.444500 0.206611
8 0.465841 0.175616 0.480893 0.133093 0.480112 0.132310 0.478695 0.132222 0.462141 0.179454
8 0.464047 0.181241 0.459302 0.195708 0.459018 0.194806 0.458510 0.194704 0.456477 0.196310 0.460148 0.185560
8 0.459641 0.197213 0.453086 0.203343 0.448115 0.208866 0.447885 0.208088 0.445513 0.207157 0.456477 0.196310 0.458510 0.194704 0.459018 0.194806 0.459302 0.195708
8 0.452013 0.195306 0.451617 0.201231 0.449753 0.203042 0.450034 0.197718
8 0.434440 0.202940 0.438958 0.195306 0.439807 0.195810 0.440430 0.197213 0.440430 0.198019 0.437094 0.203444
8 0.431388 0.202338 0.425625 0.195505 0.423760 0.194199 0.416130 0.184458 0.396234 0.161060 0.386427 0.148625 0.384924 0.147347 0.383945 0.147227 0.383289 0.147579 0.377573 0.159282 0.372125 0.171528 0.369628 0.180139 0.367474 0.189588 0.366193 0.202227 0.366068 0.220361 0.367057 0.246889 0.369667 0.274486 0.374237 0.302843 0.379724 0.327546 0.380708 0.331986 0.381990 0.328750 0.377076 0.306028 0.373747 0.286657 0.370870 0.266356 0.369281 0.244065 0.368247 0.218954 0.368383 0.202088 0.370419 0.187139 0.373120 0.176560 0.376763 0.167019 0.383607 0.152894 0.384911 0.151028 0.392172 0.160560 0.402237 0.173579 0.416096 0.189500 0.424273 0.199384 0.427143 0.201634
8 0.449372 0.237616 0.448076 0.234759 0.446951 0.239102 0.446706 0.240403 0.446315 0.242310
8 0.448974 0.230843 0.450828 0.225806 0.452344 0.221986 0.453594 0.224079 0.451836 0.229116 0.450810 0.232069 0.450271 0.233630
8 0.450437 0.234056 0.453516 0.227111 0.454297 0.225634 0.455664 0.228241 0.453076 0.232491 0.451073 0.235444
8 0.451073 0.235444 0.455664 0.228241 0.457354 0.230764 0.452372 0.238060
8 0.457667 0.225810 0.461719 0.219903 0.463135 0.222597 0.459083 0.228324
8 0.463490 0.211759 0.456982 0.224852 0.455370 0.221815 0.461563 0.210463 0.467336 0.203755 0.488594 0.183032 0.489375 0.183898 0.489521 0.185204 0.489474 0.186505 0.474042 0.201088
8 0.453646 0.218704 0.463589 0.204042 0.473211 0.192060 0.485318 0.177588 0.485826 0.178866 0.486036 0.180060 0.486078 0.180963 0.474471 0.194319 0.467336 0.203755 0.461563 0.210463 0.454971 0.220954
8 0.453646 0.218704 0.452719 0.217065 0.458714 0.207685 0.457995 0.207685 0.454872 0.211139 0.454281 0.210088 0.465052 0.194861 0.467958 0.191778 0.469055 0.190505 0.469940 0.189977 0.470531 0.191028 0.470911 0.192454 0.471039 0.193880 0.463589 0.204042
8 0.465052 0.194861 0.465297 0.193579 0.465003 0.192528 0.464708 0.191778 0.464159 0.191630 0.455422 0.204236 0.450104 0.212190 0.451539 0.214588 0.454281 0.210088
8 0.457841 0.198898 0.455982 0.203625 0.455422 0.204236 0.452437 0.208653 0.452648 0.207528 0.454674 0.201824
8 0.451701 0.204819 0.451039 0.210875 0.450104 0.212190 0.449367 0.210875 0.449398 0.207454
8 0.429115 0.199819 0.437906 0.190417 0.444693 0.183995 0.452318 0.176861 0.452937 0.177250 0.453521 0.178806 0.453557 0.179653 0.446443 0.186727 0.436521 0.196060 0.430831 0.201829
6 0.435719 0.193009 0.432107 0.176343 0.428477 0.155940 0.424198 0.131815 0.420247 0.110440 0.418266 0.111444 0.423805 0.142787 0.429904 0.177787 0.433419 0.195153
8 0.427612 0.198102 0.431323 0.190810 0.432055 0.191333 0.432690 0.192111 0.432789 0.192634 0.430391 0.198366 0.429115 0.199819
8 0.426536 0.196625 0.426536 0.185690 0.425904 0.167718 0.424471 0.147731 0.423805 0.142787 0.420661 0.124792 0.418924 0.119685 0.417034 0.117801 0.407500 0.112690 0.407805 0.113903 0.408482 0.115241 0.413479 0.119815 0.415745 0.120894 0.417865 0.123176 0.419076 0.127213 0.420740 0.135819 0.422177 0.149407 0.423992 0.169843 0.424672 0.186250 0.425203 0.195532
6 0.425203 0.195532 0.424753 0.190972 0.416885 0.152644 0.414693 0.153449 0.421273 0.186667 0.420893 0.187338 0.422560 0.193120
6 0.427943 0.205463 0.429688 0.211898 0.428224 0.214995 0.425539 0.205532
8 0.424859 0.210194 0.425159 0.220324 0.425237 0.220324 0.426630 0.217620 0.426589 0.208917 0.426294 0.207630
6 0.425073 0.218597 0.422578 0.214921 0.421523 0.217472 0.424690 0.221824 0.425237 0.220324
6 0.420849 0.213269 0.417471 0.208616 0.417260 0.209366 0.417513 0.211019 0.418568 0.212968 0.420005 0.215144
8 0.420005 0.215144 0.418953 0.217292 0.414732 0.207236 0.416378 0.206713 0.417260 0.209366 0.417513 0.211019 0.418568 0.212968
8 0.418953 0.217292 0.417982 0.219769 0.412706 0.207759 0.414732 0.207236
8 0.412706 0.207759 0.410807 0.208134 0.412242 0.211588 0.416969 0.221870 0.417982 0.219769
8 0.415234 0.203514 0.407172 0.184829 0.406117 0.185130 0.406245 0.185954 0.407214 0.189032 0.407763 0.190306 0.413589 0.203963
8 0.413589 0.203963 0.407763 0.190306 0.407214 0.189032 0.406245 0.185954 0.406117 0.185130 0.402534 0.177745 0.401268 0.179398 0.407388 0.193579 0.407388 0.194630 0.411440 0.204384
8 0.411440 0.204384 0.407388 0.194630 0.407388 0.193579 0.401268 0.179398 0.393500 0.162065 0.392172 0.160560 0.391432 0.160639 0.390716 0.161389 0.401479 0.186824 0.406503 0.196579 0.410130 0.204986
6 0.382534 0.149431 0.367695 0.115847 0.366227 0.117856 0.381201 0.152310
8 0.362534 0.186894 0.359508 0.182458 0.358602 0.183130 0.358297 0.184477 0.358297 0.185417 0.361703 0.190259
8 0.360417 0.188644 0.359583 0.192005 0.359281 0.193352 0.357768 0.192005 0.358828 0.187972 0.359281 0.186491
8 0.392349 0.196208 0.387958 0.178491 0.386539 0.173116 0.385221 0.166866 0.382365 0.155356 0.380216 0.159301 0.385302 0.180699 0.388240 0.191648 0.392688 0.199625
6 0.371536 0.159583 0.351979 0.117120 0.350742 0.119324 0.350674 0.120023 0.369961 0.162907
8 0.371536 0.159583 0.375234 0.151491 0.375560 0.151375 0.376346 0.151491 0.376542 0.152653 0.369482 0.168227 0.368172 0.166134
8 0.370865 0.170657 0.380044 0.149648 0.379312 0.148435 0.378727 0.147741 0.378336 0.147741 0.369482 0.168227 0.369482 0.168227
8 0.369888 0.173176 0.365883 0.182986 0.365078 0.184398 0.364036 0.181343 0.368422 0.170921
8 0.372523 0.178648 0.379409 0.198356 0.375406 0.192796 0.371646 0.182032
8 0.372708 0.177870 0.388690 0.205389 0.398047 0.221241 0.399510 0.218810 0.383005 0.191722 0.373549 0.175227
8 0.371904 0.172301 0.362154 0.155759 0.350753 0.137843 0.349440 0.139727 0.371104 0.175458
6 0.373552 0.164111 0.374612 0.166120 0.373151 0.169301 0.372203 0.167551
6 0.375833 0.169444 0.379661 0.177454 0.378091 0.180042 0.374576 0.172574
8 0.378177 0.179676 0.385320 0.191782 0.393474 0.205759 0.394451 0.204546 0.401143 0.216181 0.401875 0.214528 0.388240 0.191648 0.379557 0.177824
8 0.393474 0.205759 0.399880 0.218269 0.401143 0.216181 0.394451 0.204546
8 0.403417 0.216917 0.410596 0.228292 0.410401 0.229852 0.409523 0.230722 0.402539 0.218306
8 0.402539 0.218306 0.401143 0.220435 0.407297 0.231806 0.408125 0.231546 0.409523 0.230722
6 0.378091 0.180042 0.383602 0.192634 0.399510 0.218810 0.399880 0.218269 0.399880 0.218269 0.393474 0.205759 0.385320 0.191782
8 0.375406 0.192796 0.370419 0.187139 0.369677 0.191593 0.376542 0.199380 0.377195 0.197051 0.383995 0.206236 0.383078 0.202167 0.379409 0.198356
8 0.376542 0.199380 0.377195 0.200657 0.385695 0.213907 0.387003 0.214139 0.394440 0.227685 0.395698 0.225181 0.383995 0.206236 0.377195 0.197051
8 0.383078 0.202167 0.383734 0.201935 0.397201 0.222856 0.395698 0.225181 0.383995 0.206236
8 0.389055 0.209606 0.390427 0.208329 0.398047 0.221241 0.397201 0.222856 0.397201 0.222856
8 0.385695 0.213907 0.385107 0.214838 0.384977 0.215648 0.393279 0.230528 0.394440 0.227685 0.387003 0.214139
8 0.385107 0.214838 0.383146 0.216810 0.392951 0.231690 0.393279 0.230528 0.384977 0.215648 0.384977 0.215648
8 0.383146 0.216810 0.379091 0.204958 0.380464 0.205884 0.385107 0.214838 0.384977 0.215648
8 0.392128 0.233431 0.381208 0.215532 0.369323 0.195324 0.368721 0.199144 0.391081 0.236685
8 0.364349 0.165926 0.362836 0.178019 0.364115 0.181759 0.366469 0.169278
8 0.367299 0.191333 0.361172 0.173042 0.360341 0.173449 0.359583 0.175194 0.366922 0.196444
8 0.357768 0.192005 0.350922 0.180079 0.349560 0.183037 0.361589 0.202671 0.366203 0.210333 0.366279 0.205361
8 0.360729 0.201157 0.359961 0.207472 0.359734 0.213792 0.359734 0.217421 0.357768 0.215000 0.358070 0.206662 0.359206 0.198731
8 0.360729 0.201157 0.359961 0.207472 0.360151 0.211681 0.360378 0.213833 0.361286 0.214102 0.361589 0.213157 0.361589 0.209662 0.362422 0.203745
8 0.363141 0.200343 0.364047 0.192676 0.363292 0.191199 0.361474 0.198056
8 0.356938 0.194829 0.356255 0.200611 0.356029 0.204245 0.355953 0.208681 0.356180 0.213792 0.357617 0.215676 0.357919 0.215407 0.357919 0.214866 0.358070 0.206662 0.357919 0.206528 0.358677 0.197921
6 0.350583 0.184204 0.319568 0.155157 0.318357 0.158384 0.318357 0.158787 0.356938 0.194829
6 0.363216 0.196713 0.366620 0.199537 0.366193 0.202227 0.366193 0.202227 0.366279 0.205361 0.366620 0.205454 0.363141 0.200343
8 0.349599 0.205856 0.328570 0.172639 0.327284 0.174792 0.350128 0.211639 0.357987 0.223324 0.363516 0.227778
8 0.363516 0.227778 0.366656 0.231986 0.366432 0.227454 0.359734 0.217421 0.357919 0.215407 0.357617 0.215676 0.356596 0.217060
8 0.356180 0.213792 0.350693 0.204370 0.349865 0.204718 0.349599 0.205856 0.356596 0.217060 0.356596 0.217060 0.357617 0.215676
8 0.370969 0.317259 0.373237 0.312407 0.374526 0.317333 0.374526 0.317333 0.379669 0.333606 0.377852 0.337565
8 0.610495 0.424968 0.629943 0.438458 0.629708 0.439394 0.629508 0.443343 0.610714 0.431264
8 0.610714 0.431264 0.610612 0.436389 0.629844 0.450963 0.629437 0.446144
8 0.325703 0.214588 0.323779 0.214273 0.322990 0.214898 0.322990 0.216611 0.339182 0.252861 0.341021 0.256907 0.354052 0.287546 0.362227 0.306157 0.364198 0.305977 0.347026 0.265222
8 0.339333 0.257259 0.317237 0.208093 0.315930 0.209259 0.337255 0.257389
8 0.357987 0.223324 0.357336 0.224079 0.359729 0.228245 0.366810 0.237884 0.366656 0.231986 0.363490 0.227986 0.363490 0.227986
8 0.357987 0.223324 0.343320 0.200463 0.342781 0.200727 0.341953 0.201852 0.341708 0.203593 0.357971 0.227815 0.367055 0.241185 0.366810 0.237884 0.359729 0.228245 0.357336 0.224079
8 0.344820 0.211769 0.344966 0.210815 0.345747 0.209597 0.357971 0.227815 0.367055 0.241185 0.366990 0.245889 0.357174 0.230523
8 0.358250 0.232000 0.358151 0.232519 0.358102 0.233301 0.358932 0.243981 0.360896 0.258662 0.364008 0.276069 0.369693 0.299894 0.374526 0.317333 0.379669 0.333606 0.380708 0.331986 0.375586 0.311954 0.370063 0.291116 0.365766 0.272667 0.362440 0.253528 0.360164 0.235009
8 0.358268 0.235065 0.352901 0.227329 0.351714 0.227634 0.351263 0.228736 0.351263 0.230144 0.358664 0.240389
8 0.358779 0.242699 0.343747 0.225523 0.342560 0.226125 0.342844 0.228435 0.348607 0.234565 0.359344 0.247019
8 0.359344 0.247019 0.360156 0.252222 0.346935 0.235449 0.346878 0.234542 0.347385 0.234144 0.348120 0.233838 0.348607 0.234565
8 0.361320 0.245213 0.367763 0.253551 0.368102 0.257769 0.362055 0.250032
8 0.362055 0.250032 0.368102 0.257769 0.368464 0.261968 0.362643 0.255236
8 0.362643 0.255236 0.363604 0.260861 0.369086 0.267491 0.368464 0.261968
8 0.360156 0.252222 0.360701 0.257569 0.347591 0.241495 0.342193 0.234944 0.341250 0.233843 0.337883 0.226194 0.340227 0.228213 0.346935 0.235449
8 0.340227 0.228213 0.330648 0.202940 0.318773 0.171204 0.317789 0.171065 0.316883 0.171875 0.316807 0.173218 0.317714 0.175773 0.331104 0.210199 0.337883 0.226194
8 0.329826 0.207042 0.328917 0.206907 0.328010 0.207981 0.332320 0.218606 0.347987 0.256074 0.369023 0.304782 0.370198 0.305199 0.370786 0.307699 0.371370 0.309569 0.371958 0.310819 0.372776 0.310819 0.370544 0.303139 0.352776 0.260981 0.337883 0.226194
8 0.330794 0.214884 0.329724 0.214884 0.329094 0.215505 0.328776 0.216528 0.337187 0.236759 0.351872 0.270972 0.364784 0.305574 0.369023 0.304782 0.347987 0.256074
8 0.316437 0.185560 0.328776 0.216528 0.337187 0.236759 0.351872 0.270972 0.364784 0.305574 0.364198 0.305977 0.347026 0.265222 0.328333 0.221435 0.314674 0.186889
8 0.336583 0.257287 0.318104 0.213690 0.316461 0.214093 0.315784 0.215296 0.335339 0.260500 0.349669 0.293713 0.361937 0.321829 0.364096 0.324380 0.364943 0.323222 0.346766 0.281264
8 0.336583 0.257287 0.341021 0.256907 0.342609 0.260282 0.338034 0.260861
8 0.335339 0.260500 0.332870 0.260977 0.331365 0.257491 0.334044 0.257028
8 0.332057 0.257435 0.326435 0.245694 0.324867 0.247204 0.336896 0.271495 0.342401 0.281806 0.342859 0.281227 0.333576 0.261000 0.332870 0.260977 0.331365 0.257491
8 0.342401 0.281806 0.353430 0.302394 0.361937 0.321829 0.361937 0.321829 0.359583 0.318801 0.341318 0.283815 0.305276 0.215657 0.304641 0.216005 0.296094 0.199769 0.297656 0.198468 0.318070 0.236236 0.336896 0.271495
8 0.305182 0.215463 0.303974 0.216972 0.321885 0.250829 0.342971 0.291944 0.353917 0.311986 0.359583 0.318801 0.341318 0.283815
8 0.309417 0.234181 0.291578 0.198852 0.293547 0.196296 0.314424 0.239597 0.316328 0.243472 0.315005 0.244398
8 0.314424 0.239597 0.315620 0.238861 0.321885 0.250829 0.342971 0.291944 0.353917 0.311986 0.346253 0.303745 0.315005 0.244398 0.316328 0.243472
8 0.309417 0.234181 0.308443 0.233727 0.307831 0.234657 0.307568 0.235903 0.316672 0.253329 0.336888 0.292384 0.361221 0.336884 0.378464 0.370653 0.401482 0.414528 0.424326 0.456231 0.425812 0.457787 0.427039 0.457940 0.422836 0.448296 0.399294 0.404417 0.370815 0.350907 0.360169 0.330505 0.346253 0.303745 0.315005 0.244398
8 0.308977 0.244412 0.299219 0.224644 0.297630 0.225991 0.320854 0.274806 0.325997 0.280185
8 0.308448 0.243472 0.309432 0.242394 0.310339 0.242528 0.314198 0.248176 0.316672 0.253329 0.336888 0.292384 0.325997 0.280185
6 0.362698 0.327616 0.351255 0.314296 0.346253 0.303745 0.353917 0.311986 0.359583 0.318801 0.359583 0.318801 0.361937 0.321829 0.364096 0.324380 0.364096 0.324380
6 0.343557 0.304574 0.324622 0.284407 0.303154 0.259782 0.304357 0.256810 0.320854 0.274806 0.320854 0.274806 0.325997 0.280185 0.336888 0.292384 0.336888 0.292384
6 0.363630 0.329769 0.373542 0.341065 0.378609 0.347787 0.382164 0.346579 0.373854 0.337176 0.365750 0.326269
8 0.378609 0.347787 0.375885 0.348583 0.372482 0.339704
8 0.375885 0.348583 0.373617 0.349792 0.363253 0.330426 0.363630 0.329769 0.372482 0.339704
8 0.373617 0.349792 0.370815 0.350907 0.362042 0.333250 0.363333 0.330556
8 0.362042 0.333250 0.365750 0.326269 0.373237 0.312407 0.372776 0.310819 0.371958 0.310819 0.371302 0.311204 0.364943 0.323222 0.364096 0.324380 0.362698 0.327616 0.362698 0.327616 0.360604 0.331097
8 0.360833 0.335819 0.356596 0.343352 0.355763 0.341736 0.355536 0.340528 0.359320 0.333398
8 0.362698 0.327616 0.351255 0.314296 0.351255 0.314296 0.360604 0.331097 0.360604 0.331097
8 0.368622 0.321028 0.376414 0.339986 0.373854 0.337176 0.369833 0.331782 0.366505 0.324389
8 0.367490 0.318741 0.363706 0.309463 0.360151 0.309463 0.365370 0.322505
8 0.363706 0.309463 0.367490 0.309042 0.369758 0.314421 0.367490 0.318741
8 0.358563 0.309463 0.367490 0.309042 0.370365 0.309190 0.370786 0.307699 0.370198 0.305199 0.369023 0.304782 0.364784 0.305574 0.364784 0.305574 0.364198 0.305977 0.362227 0.306157 0.357503 0.306500
8 0.356969 0.252884 0.355331 0.266949 0.353409 0.262528 0.354992 0.250273
8 0.373068 0.283093 0.376742 0.279676 0.379003 0.282991 0.373747 0.286657
8 0.374841 0.294236 0.380878 0.286954 0.381763 0.289583 0.375557 0.297759
8 0.375557 0.297759 0.382570 0.288579 0.383961 0.291727 0.376323 0.301856
8 0.397451 0.227310 0.401971 0.235245 0.403383 0.236153 0.405135 0.238463 0.409430 0.246194 0.408352 0.250616 0.401349 0.239264 0.396208 0.229824
8 0.396208 0.229824 0.394794 0.233037 0.407396 0.255236 0.408352 0.250616 0.401349 0.239264
8 0.406888 0.256139 0.393721 0.235750 0.392307 0.239162 0.393779 0.241676 0.405812 0.261366
8 0.306336 0.258903 0.299974 0.245796 0.298312 0.242713 0.297445 0.243097 0.297083 0.244380 0.302648 0.257620 0.303734 0.258778 0.304357 0.256810 0.304357 0.256810
8 0.303734 0.258778 0.302648 0.257620 0.301781 0.256463 0.301068 0.257639 0.303154 0.259782 0.303154 0.259782
8 0.301781 0.256463 0.299758 0.253894 0.293323 0.241296 0.291734 0.241296 0.290938 0.242713 0.290867 0.243866 0.299974 0.259546 0.304240 0.265718 0.318844 0.291676 0.334240 0.317764 0.352096 0.347065 0.363086 0.355162 0.365831 0.353366 0.357734 0.346940 0.352531 0.343852 0.328747 0.304014 0.306047 0.265329 0.303154 0.259782 0.301068 0.257639
8 0.299974 0.259546 0.299938 0.260644 0.313560 0.287417 0.329430 0.319514 0.350297 0.361944 0.357419 0.371278 0.328430 0.312407 0.316745 0.288306 0.304240 0.265718
8 0.334240 0.317764 0.352096 0.347065 0.352096 0.347065 0.357651 0.357606 0.356299 0.358227 0.356299 0.358227 0.355974 0.359741 0.338161 0.326083
8 0.357151 0.362074 0.368867 0.381639 0.378122 0.396417 0.383615 0.400787 0.359831 0.360819
8 0.359831 0.360819 0.362505 0.359662 0.381156 0.392306 0.387013 0.402329 0.383615 0.400787
8 0.362505 0.359662 0.364674 0.358634 0.367568 0.363389 0.381445 0.391532 0.381156 0.392306
8 0.367568 0.363389 0.372555 0.366856 0.381518 0.386009 0.381445 0.391532
8 0.372555 0.366856 0.377326 0.370329 0.382026 0.379968 0.381518 0.386009
8 0.383724 0.383148 0.395146 0.407329 0.390229 0.403731 0.383651 0.388824
8 0.383651 0.388824 0.383333 0.395787 0.387013 0.402329 0.390229 0.403731
8 0.372711 0.354278 0.376091 0.360815 0.390839 0.372968 0.389313 0.367343 0.377505 0.358000 0.375583 0.353181
8 0.375583 0.353181 0.377898 0.352176 0.381854 0.361519 0.377505 0.358000
8 0.377898 0.352176 0.380612 0.351069 0.388747 0.366741 0.381854 0.361519
8 0.376091 0.360815 0.380781 0.369556 0.392240 0.378611 0.390839 0.372968
8 0.392240 0.378611 0.396320 0.392657 0.395078 0.391954 0.390500 0.381708 0.387393 0.374676
8 0.355451 0.265537 0.362773 0.269139 0.363492 0.272972 0.356169 0.269370 0.355331 0.266949
8 0.363492 0.272972 0.364008 0.276069 0.364008 0.276069 0.367716 0.291199 0.365687 0.292130 0.356169 0.269370
8 0.360615 0.238741 0.367057 0.246889 0.367763 0.253551 0.361349 0.244468
8 0.349708 0.254111 0.354625 0.253611 0.354060 0.257727 0.351687 0.258431
8 0.356411 0.257528 0.359745 0.256421 0.356969 0.252884
8 0.366323 0.274727 0.367630 0.275657 0.372409 0.295069 0.374237 0.302843 0.379724 0.327546 0.375586 0.311954 0.370063 0.291116
8 0.368427 0.225583 0.369258 0.227870 0.370167 0.227602 0.378487 0.242801 0.382799 0.251134 0.383784 0.254366 0.368836 0.234380 0.368836 0.234380
8 0.416635 0.229005 0.418240 0.227954 0.419083 0.231106 0.414669 0.235245
8 0.414669 0.235245 0.419083 0.231106 0.419924 0.233574 0.418383 0.240106
8 0.424292 0.285875 0.425081 0.286579 0.425081 0.292102 0.428359 0.296222 0.428461 0.293375 0.428461 0.287616 0.429779 0.269972 0.432310 0.250347 0.434943 0.233245 0.436664 0.226583 0.433974 0.230116 0.434078 0.230199 0.428602 0.244370 0.426333 0.254056 0.425273 0.261588 0.424669 0.270866
8 0.450615 0.240870 0.451305 0.242477 0.451305 0.242477 0.451682 0.243551 0.448305 0.248306
8 0.448870 0.243676 0.446440 0.250306 0.445857 0.251620 0.442604 0.256731 0.443219 0.253218 0.445255 0.249241
8 0.452893 0.250472 0.451372 0.248296 0.451229 0.248662 0.450406 0.251597 0.451628 0.253699
8 0.450997 0.255500 0.449753 0.254421 0.449263 0.257903 0.450154 0.259028
8 0.438630 0.225935 0.440654 0.230287 0.439471 0.232991 0.437951 0.229389
8 0.437951 0.229389 0.437018 0.233949 0.438284 0.236125 0.439471 0.232991 0.439471 0.232991
8 0.439250 0.222264 0.440862 0.229644 0.442234 0.225861 0.442766 0.224870 0.441083 0.219764
8 0.457130 0.249505 0.463039 0.241551 0.467328 0.249889 0.465432 0.252903 0.463901 0.256560 0.462409 0.261218
8 0.451115 0.265440 0.457372 0.274745 0.454622 0.281412 0.452122 0.288963 0.450563 0.296630 0.449625 0.304069 0.449188 0.312736 0.447737 0.302375 0.448352 0.294440 0.448964 0.286347 0.449664 0.276079
8 0.425081 0.292102 0.425904 0.304736 0.427318 0.321843 0.426258 0.315875 0.424797 0.300759 0.424208 0.287394 0.424292 0.285875 0.424292 0.285875 0.425081 0.286579
8 0.425081 0.292102 0.428359 0.296222 0.427956 0.305977 0.427854 0.314440 0.428159 0.324162 0.428159 0.327403 0.427318 0.321843 0.425904 0.304736
8 0.420904 0.247167 0.420411 0.247032 0.419500 0.253931 0.419297 0.264731 0.419500 0.273912 0.420714 0.291194 0.422740 0.309019 0.421961 0.295032 0.421701 0.288028 0.422224 0.266245 0.422224 0.266245 0.422750 0.265935 0.423617 0.253852 0.424935 0.246537 0.428458 0.235403 0.427776 0.234171 0.422464 0.248500
8 0.502802 0.508356 0.504620 0.506611 0.506737 0.506611 0.513846 0.514810 0.511201 0.515352 0.507266 0.510509 0.505391 0.510347
8 0.523927 0.513958 0.528992 0.513185 0.522563 0.504042 0.515375 0.496912 0.511820 0.497315 0.511138 0.497991 0.511367 0.499870 0.516406 0.504630
2 0.608008 0.433565 0.608370 0.450787 0.611250 0.453611 0.610612 0.422898 0.608042 0.422315 0.608039 0.428565 0.583820 0.421625 0.583820 0.421625 0.586539 0.426625
2 0.611654 0.459667 0.611870 0.484213 0.609570 0.480394 0.609281 0.476796 0.608977 0.474060 0.608544 0.456583
8 0.601596 0.451306 0.608581 0.457819 0.608544 0.456583 0.604828 0.452843 0.603167 0.451556
8 0.629810 0.508194 0.627435 0.505528 0.622750 0.500194 0.621313 0.497421 0.620625 0.490755 0.619062 0.480537 0.617000 0.471093 0.616516 0.468102 0.615654 0.463977 0.611654 0.459667 0.611719 0.463148 0.615315 0.472870 0.617125 0.482759 0.619500 0.497421 0.627448 0.510093
8 0.603503 0.462421 0.606237 0.465023 0.608971 0.470319 0.609313 0.476657
8 0.611755 0.464852 0.611870 0.484213 0.619065 0.495472 0.617125 0.482759 0.615315 0.472870 0.611771 0.463102
8 0.756091 0.844495 0.768802 0.830093 0.768073 0.836574 0.758052 0.847519 0.757073 0.845426
8 0.740693 0.797125 0.729883 0.806810 0.719586 0.815819 0.727000 0.804120 0.738271 0.791611
8 0.751365 0.787042 0.743346 0.794843 0.741828 0.791884 0.747802 0.785829 0.749620 0.785292
8 0.755333 0.763713 0.754026 0.762787 0.749122 0.769060 0.745854 0.775222 0.747161 0.777199
8 0.312169 0.265394 0.305737 0.253185 0.297156 0.236157 0.296143 0.236671 0.295708 0.238472 0.299974 0.245796 0.306336 0.258903
8 0.312169 0.265394 0.305737 0.253185 0.293807 0.229282 0.292940 0.226324 0.294966 0.225810 0.301565 0.241556 0.306841 0.252222 0.315518 0.268931
6 0.320854 0.274806 0.297630 0.225991 0.298529 0.225231 0.296000 0.218551 0.293974 0.219833 0.301565 0.241556 0.306841 0.252222 0.315518 0.268931
8 0.385310 0.300917 0.385607 0.293245 0.377076 0.306028 0.378102 0.310597
8 0.385310 0.305722 0.385310 0.300917 0.378414 0.312102 0.379302 0.316120 0.381922 0.312176
8 0.385161 0.310384 0.385310 0.305722 0.381922 0.312176 0.382487 0.313898
8 0.385000 0.315403 0.380604 0.321856 0.379474 0.317769 0.385161 0.310384
8 0.390964 0.306528 0.391362 0.310384 0.389586 0.314185 0.388701 0.314185 0.386977 0.317338 0.387138 0.312750
8 0.680508 0.729069 0.689594 0.722324 0.692930 0.723606 0.685083 0.729880
8 0.675799 0.728486 0.680898 0.729185 0.689268 0.730694 0.694891 0.730694 0.701036 0.729532 0.705612 0.728023 0.708424 0.726741 0.713130 0.726625 0.712674 0.727787 0.706529 0.731157 0.698289 0.733949 0.694510 0.734833 0.681635 0.731449
8 0.644182 0.721875 0.652349 0.729667 0.642482 0.725477 0.632107 0.715838 0.638102 0.719199
8 0.661224 0.708426 0.664089 0.708843 0.668008 0.711801 0.668008 0.711801 0.670599 0.714856 0.667505 0.714403 0.667505 0.714403 0.665026 0.714060
8 0.657310 0.707565 0.660971 0.713250 0.665026 0.714060 0.661224 0.708426 0.659427 0.708056
8 0.660057 0.713144 0.656591 0.707333 0.656029 0.707213 0.653781 0.709194 0.655602 0.712514
8 0.666724 0.718597 0.670779 0.722560 0.667901 0.725000 0.667901 0.725000 0.660122 0.717551
8 0.667901 0.725000 0.674701 0.719190 0.678820 0.719407 0.678232 0.720338 0.671497 0.726384
8 0.685802 0.725231 0.682992 0.719884 0.679201 0.719537 0.678232 0.720338 0.682992 0.727556
8 0.799422 0.762241 0.801185 0.763616 0.822419 0.737903 0.846323 0.708991 0.846323 0.707778 0.845794 0.706028 0.844961 0.705625 0.844130 0.705759 0.843599 0.706028 0.821586 0.734000
8 0.796927 0.760657 0.799422 0.762241 0.843599 0.706028 0.843372 0.704685 0.842240 0.703500
8 0.794151 0.759176 0.819643 0.728245 0.841180 0.701620 0.842240 0.703500 0.796927 0.760657
8 0.774638 0.675134 0.779719 0.683176 0.783734 0.689403 0.783677 0.689801 0.776333 0.685069
8 0.761698 0.661574 0.762419 0.673528 0.758362 0.669912 0.757365 0.655616
8 0.765755 0.667407 0.762872 0.663282 0.762419 0.673528 0.765482 0.676644
8 0.767573 0.670116 0.767687 0.675037 0.766268 0.677157 0.765482 0.676644 0.765755 0.667407
8 0.798596 0.664690 0.817969 0.644676 0.818880 0.643995 0.819388 0.644194 0.819898 0.647815 0.800516 0.667602
8 0.789385 0.674532 0.796844 0.667199 0.799724 0.671019 0.790063 0.680764
8 0.786898 0.677449 0.783508 0.681366 0.783451 0.682468 0.783677 0.684079 0.784357 0.685083 0.787406 0.683472
8 0.353047 0.285417 0.352206 0.293963 0.350667 0.290477 0.351172 0.286528 0.352607 0.285477
8 0.387393 0.374676 0.380781 0.369556 0.391292 0.389144 0.395078 0.391954
8 0.393846 0.394167 0.397638 0.396606 0.396320 0.392657 0.395078 0.391954 0.391292 0.389144
8 0.397638 0.396606 0.404393 0.412657 0.408969 0.419051 0.418057 0.436134 0.422836 0.448296 0.424792 0.452875 0.420935 0.439157 0.408578 0.412773 0.400797 0.396384 0.397789 0.389412 0.389292 0.358727 0.382948 0.333042 0.381445 0.336875 0.383367 0.345801 0.384479 0.349292 0.389313 0.367343 0.392240 0.378611 0.396320 0.392657
8 0.387956 0.353602 0.388677 0.353718 0.395542 0.372662 0.401445 0.388343 0.407930 0.404116 0.412945 0.416074 0.418331 0.430861 0.420935 0.439157 0.408578 0.412773 0.400797 0.396384 0.397789 0.389412 0.389292 0.358727
8 0.382948 0.333042 0.383602 0.331181 0.388141 0.343699 0.389513 0.346722 0.397854 0.369190 0.406419 0.390574 0.407596 0.394875 0.409034 0.402199 0.407138 0.398593 0.398771 0.378139 0.391318 0.359657 0.388677 0.353718
8 0.398810 0.409278 0.395146 0.407329 0.390229 0.403731 0.387013 0.402329 0.383615 0.400787 0.383615 0.400787 0.389594 0.407477 0.401482 0.414528
8 0.316745 0.288306 0.318844 0.291676 0.318844 0.291676 0.334240 0.317764 0.364089 0.379167 0.357419 0.371278 0.328430 0.312407
8 0.357151 0.362074 0.368867 0.381639 0.378122 0.396417 0.364010 0.379352 0.338161 0.326083
8 0.350297 0.361944 0.324977 0.331231 0.280799 0.277171 0.278076 0.278921 0.329516 0.341319 0.370818 0.391347 0.414161 0.446616 0.424326 0.456231 0.403951 0.430481 0.377625 0.396319
8 0.309349 0.316991 0.306909 0.318778 0.307315 0.320218 0.314302 0.327778 0.325846 0.341463 0.348023 0.367384 0.379914 0.404778 0.380521 0.403880 0.370818 0.391347 0.329516 0.341319
8 0.343932 0.369583 0.378193 0.404417 0.398112 0.426023 0.399164 0.430542 0.370112 0.399880 0.348135 0.376856
8 0.410997 0.239593 0.400802 0.221343 0.399638 0.223032 0.406036 0.235375 0.410130 0.243102
8 0.399576 0.231167 0.401391 0.226213 0.402951 0.229366 0.401221 0.234019
8 0.442867 0.248644 0.445974 0.242731 0.449372 0.237616 0.450615 0.240870 0.445255 0.249241 0.440940 0.257958 0.438326 0.266907 0.437148 0.270625 0.436167 0.274810 0.435156 0.280093 0.434466 0.289569 0.434141 0.292245 0.434076 0.294102 0.434010 0.302704 0.434664 0.316069 0.436036 0.331528 0.438258 0.348963 0.442836 0.374301 0.448917 0.399523 0.455846 0.427537 0.465849 0.462056 0.478010 0.498551 0.492852 0.538884 0.498539 0.553991 0.496578 0.555153 0.480362 0.513194 0.466831 0.474491 0.454865 0.432185 0.447086 0.403593 0.439435 0.368028 0.434206 0.335713 0.432635 0.320954 0.431786 0.305958 0.432115 0.290037 0.432615 0.281671 0.434133 0.272310 0.435146 0.267630 0.437424 0.260593 0.440359 0.253750
8 0.403151 0.377440 0.405177 0.387088 0.406419 0.390574 0.407596 0.394875 0.409034 0.402199 0.412945 0.416074 0.418331 0.430861 0.420935 0.439157 0.424792 0.452875 0.427039 0.457940 0.428073 0.460324 0.430219 0.458801 0.414789 0.414981
8 0.371068 0.403157 0.370716 0.404866 0.371242 0.407824 0.378682 0.414671 0.420781 0.457458 0.425768 0.462125 0.428307 0.460000 0.399161 0.430542
8 0.429971 0.462750 0.458854 0.492454 0.459714 0.495648 0.447651 0.485468 0.427432 0.465241
8 0.429971 0.462750 0.439292 0.454986 0.439641 0.453431 0.438680 0.452495 0.437628 0.452495 0.423276 0.464009 0.424763 0.465255 0.426076 0.466343
8 0.434081 0.455199 0.419568 0.417190 0.418716 0.417657 0.432245 0.457171
8 0.435258 0.458218 0.441797 0.475306 0.437612 0.471120 0.433625 0.459616
8 0.433625 0.459616 0.431133 0.461472 0.433552 0.466704 0.437612 0.471120
8 0.437807 0.464495 0.439312 0.464958 0.454742 0.478329 0.455917 0.483208 0.438984 0.467750
8 0.438984 0.467750 0.457089 0.486347 0.458656 0.492625 0.441331 0.473560
8 0.459714 0.495648 0.460385 0.498708 0.460385 0.498708 0.463010 0.500731 0.468922 0.506569 0.467419 0.508778 0.455063 0.496690 0.438391 0.481815 0.428190 0.472750 0.423810 0.468912 0.421130 0.466935 0.420018 0.466935 0.418451 0.468213 0.417208 0.469611 0.416422 0.471236 0.415898 0.473097 0.415049 0.475074 0.414396 0.475421 0.413807 0.474259 0.415378 0.468681 0.416880 0.465426 0.418383 0.464264 0.420214 0.463565 0.421391 0.463565 0.423276 0.464009 0.424763 0.465255 0.426076 0.466343 0.438846 0.477977
8 0.426497 0.471236 0.421135 0.484255 0.419240 0.482394 0.424667 0.469495
8 0.401458 0.455431 0.418391 0.460426 0.420875 0.462056 0.421724 0.463333 0.420214 0.463565 0.418383 0.464264 0.417542 0.464611 0.404464 0.460079 0.401458 0.456940
8 0.373724 0.410139 0.386492 0.434676 0.395870 0.448259 0.379323 0.415278
8 0.379531 0.415556 0.395870 0.448259 0.401458 0.455431 0.402513 0.455630 0.386406 0.422546
8 0.386458 0.422454 0.402513 0.455630 0.407128 0.456972 0.393057 0.429671
8 0.393057 0.429671 0.407128 0.456972 0.412271 0.458722 0.400052 0.436620
8 0.400052 0.436620 0.403672 0.440185 0.416380 0.459861 0.412271 0.458722
8 0.403672 0.440185 0.410786 0.447407 0.423839 0.463681 0.423276 0.464009 0.420875 0.462056 0.420875 0.462056 0.418391 0.460426 0.416380 0.459861 0.416380 0.459861
8 0.423810 0.468912 0.415049 0.475074 0.415898 0.473097 0.416422 0.471236 0.417208 0.469611 0.418451 0.468213 0.420018 0.466935 0.421130 0.466935
8 0.426497 0.471236 0.437802 0.492389 0.437539 0.493319 0.437737 0.495644 0.437802 0.496690 0.437786 0.499028 0.424792 0.475537
8 0.424792 0.475537 0.440089 0.506921 0.440352 0.508315 0.439500 0.509361 0.438914 0.509361 0.434206 0.499944 0.423745 0.477977
8 0.423745 0.477977 0.422836 0.480523 0.430010 0.497106 0.438914 0.509361 0.434206 0.499944
8 0.426497 0.471236 0.437802 0.492389 0.439490 0.494319 0.440620 0.494019 0.440734 0.493616 0.437401 0.486986 0.430674 0.474931
8 0.434271 0.477861 0.437401 0.486986 0.440734 0.493616 0.451589 0.528005 0.454089 0.530968 0.454846 0.530292 0.449779 0.515370 0.450380 0.514824 0.441685 0.490088 0.438391 0.481815
8 0.438391 0.481815 0.441685 0.490088 0.450471 0.509824 0.456070 0.521523 0.457203 0.518565 0.445404 0.494356 0.441469 0.484407
8 0.441469 0.484407 0.446159 0.488977 0.458339 0.512111 0.458716 0.515204 0.456977 0.517894 0.445404 0.494356
8 0.446159 0.488977 0.451229 0.493417 0.458490 0.508074 0.458339 0.512111
8 0.458490 0.508074 0.458263 0.499468 0.460229 0.501755 0.460456 0.509824 0.458716 0.515204 0.458339 0.512111
8 0.464526 0.505681 0.456961 0.523296 0.457190 0.526389 0.458323 0.532847 0.457568 0.532176 0.455526 0.527602 0.454995 0.524912 0.456070 0.521523 0.457203 0.518565 0.456977 0.517894 0.458716 0.515204 0.460456 0.509824 0.462560 0.503931
8 0.460820 0.513481 0.460214 0.533787 0.459836 0.534458 0.458854 0.534861 0.458096 0.534593 0.458323 0.532847 0.458398 0.520338
8 0.461576 0.512269 0.470201 0.535671 0.472878 0.543792 0.478596 0.559005 0.482461 0.571713 0.488326 0.579000 0.474263 0.539005 0.463096 0.508611
8 0.463096 0.508611 0.464526 0.505681 0.470977 0.522981 0.479289 0.543519 0.486984 0.560417 0.484367 0.562037 0.476490 0.545074
8 0.472878 0.543792 0.471414 0.541653 0.468263 0.536519 0.465549 0.529829 0.460648 0.516912 0.460820 0.513481 0.461576 0.512269 0.470201 0.535671
8 0.465549 0.529829 0.463711 0.532782 0.470536 0.546009 0.471326 0.546477 0.472464 0.546009 0.472878 0.543792 0.471414 0.541653 0.468263 0.536519
8 0.465549 0.529829 0.459422 0.537917 0.458635 0.536519 0.458096 0.534593 0.458854 0.534861 0.459836 0.534458 0.460214 0.533787 0.460471 0.532472 0.464497 0.527028
8 0.464497 0.527028 0.460734 0.522824 0.460471 0.526250 0.462747 0.529361
8 0.463711 0.532782 0.474214 0.556125 0.475789 0.561259 0.469661 0.553477 0.462047 0.534338
8 0.462047 0.534338 0.469661 0.553477 0.459422 0.537917
8 0.466901 0.504861 0.454648 0.465727 0.448391 0.444194 0.443581 0.423245 0.438591 0.401769 0.431940 0.366139 0.429307 0.350463 0.432544 0.366667 0.436901 0.386477 0.442263 0.408074 0.447521 0.429255 0.454557 0.453208 0.468786 0.502454 0.479096 0.533074 0.482945 0.543685 0.486984 0.560417 0.477294 0.535093 0.467891 0.508287 0.468922 0.506569
8 0.482945 0.543685 0.479096 0.533074 0.468786 0.502454 0.454557 0.453208 0.466039 0.487995 0.476310 0.518398
8 0.435977 0.352731 0.437799 0.370912 0.439721 0.381718 0.444078 0.399718 0.451167 0.426310 0.457109 0.447588 0.463885 0.468241 0.473698 0.495782 0.479672 0.512167 0.482609 0.525671 0.481031 0.521537 0.469435 0.489315 0.455987 0.447505 0.444117 0.406046 0.435547 0.368509 0.434203 0.359375 0.432685 0.341551 0.430953 0.311630 0.430487 0.300037 0.430589 0.294995 0.432615 0.281671 0.432115 0.290037 0.431786 0.305958 0.432635 0.320954 0.434206 0.335713 0.435510 0.349815
8 0.434206 0.335713 0.435510 0.349815 0.435977 0.352731 0.438766 0.370653 0.443229 0.394148 0.446643 0.407370 0.451167 0.426310 0.457109 0.447588 0.463885 0.468241 0.466831 0.474491 0.454865 0.432185 0.447086 0.403593 0.439435 0.368028
8 0.404091 0.218333 0.405104 0.215106 0.406076 0.215634 0.406456 0.216759 0.406539 0.218486 0.405695 0.220662
8 0.435156 0.280093 0.435268 0.292639 0.435721 0.314287 0.436703 0.326259 0.438974 0.346833 0.442529 0.368079 0.445177 0.383278 0.442836 0.374301 0.438258 0.348963 0.436036 0.331528 0.434664 0.316069 0.434010 0.302704 0.434076 0.294102 0.434141 0.292245 0.434466 0.289569
8 0.435156 0.280093 0.436167 0.274810 0.437148 0.270625 0.437016 0.291199 0.437867 0.309444 0.439305 0.323977 0.441724 0.341176 0.444208 0.356287 0.446234 0.380579 0.443620 0.367213 0.440547 0.348731 0.438326 0.333620 0.436885 0.318861 0.435773 0.305843 0.435268 0.292639
8 0.435773 0.305843 0.435721 0.314287 0.436703 0.326259 0.438974 0.346833 0.442529 0.368079 0.445177 0.383278 0.448917 0.399523 0.446234 0.380579 0.443620 0.367213 0.440547 0.348731 0.438326 0.333620 0.436885 0.318861
8 0.437148 0.270625 0.438326 0.266907 0.438326 0.266907 0.439380 0.263287 0.439029 0.284449 0.439992 0.302968 0.442354 0.325838 0.442969 0.335644 0.444208 0.356287 0.441724 0.341176 0.439305 0.323977 0.437867 0.309444 0.437016 0.291199
8 0.455846 0.427537 0.452682 0.408148 0.449531 0.384032 0.447081 0.359449 0.445505 0.340931 0.444719 0.321171 0.444544 0.305921 0.446031 0.283204 0.448401 0.263199 0.448951 0.258773 0.449753 0.254421 0.451229 0.248662 0.447474 0.253889 0.447255 0.255509 0.446557 0.259398 0.442792 0.291454 0.442354 0.319616 0.442354 0.325838 0.442969 0.335644 0.444208 0.356287 0.446234 0.380579 0.448917 0.399523
8 0.442354 0.319616 0.442453 0.309315 0.441469 0.287394 0.441698 0.273542 0.443211 0.262514 0.444951 0.257537 0.451229 0.248662 0.453044 0.246375 0.451682 0.243551 0.445857 0.251620 0.442604 0.256731 0.441167 0.259958 0.439729 0.267759 0.439276 0.276500 0.439029 0.284449 0.439992 0.302968 0.442354 0.325838
8 0.444951 0.257537 0.443664 0.268296 0.443057 0.279593 0.442982 0.289681 0.442792 0.291454 0.442453 0.309315 0.442453 0.309315 0.441469 0.287394 0.441698 0.273542 0.443211 0.262514
8 0.444951 0.257537 0.447445 0.254042 0.447255 0.255509 0.442982 0.289681 0.443057 0.279593
8 0.455003 0.251338 0.451240 0.263940 0.449664 0.276079 0.448964 0.286347 0.448352 0.294440 0.447737 0.302375 0.446951 0.294750 0.446599 0.286815 0.447911 0.272500 0.449750 0.260361 0.451326 0.254139 0.453776 0.248384
8 0.456708 0.248241 0.458604 0.241269 0.460763 0.237199 0.459911 0.235454 0.456839 0.241032 0.455271 0.244986
8 0.453544 0.240875 0.458862 0.233671 0.459922 0.235694 0.454852 0.243500
8 0.461646 0.239000 0.457763 0.244477 0.456708 0.248241 0.457130 0.249505 0.463039 0.241551
8 0.463716 0.236750 0.473971 0.225116 0.479714 0.219338 0.482794 0.216565 0.483766 0.219116 0.472411 0.230671 0.465193 0.239523
8 0.460888 0.231944 0.475661 0.212662 0.481906 0.204856 0.482497 0.204782 0.483047 0.206134 0.483216 0.207481 0.482708 0.208310 0.468737 0.226167 0.462448 0.234648
8 0.458148 0.222634 0.468701 0.214528 0.473469 0.210551 0.473469 0.209500 0.472922 0.208829 0.472120 0.208750 0.459922 0.218806
8 0.410633 0.228991 0.413125 0.233491 0.412195 0.236116 0.409523 0.230722 0.410401 0.229852
8 0.412195 0.236116 0.411143 0.239204 0.407682 0.231921 0.408125 0.231546 0.409523 0.230722
8 0.414328 0.272611 0.414427 0.278866 0.411253 0.274611 0.406987 0.268704 0.407271 0.267139 0.407271 0.267139 0.407930 0.263412
8 0.406549 0.272005 0.414802 0.284593 0.414997 0.290236 0.405964 0.275477
8 0.405964 0.275477 0.414997 0.290236 0.415208 0.294926 0.405440 0.279296
8 0.415208 0.294926 0.415451 0.298981 0.415745 0.301435 0.404268 0.285810 0.405195 0.280514
8 0.403880 0.289444 0.403388 0.293884 0.417404 0.312551 0.416526 0.306648
8 0.403880 0.289444 0.404268 0.285810 0.415745 0.301435 0.416526 0.306648 0.416526 0.306648
8 0.403388 0.293884 0.403146 0.298745 0.418039 0.317412 0.417404 0.312551
8 0.418039 0.317412 0.418919 0.323144 0.402607 0.303435 0.403146 0.298745
8 0.402607 0.303435 0.402362 0.308208 0.418479 0.327745 0.419609 0.327255 0.418919 0.323144 0.418919 0.323144
8 0.505646 0.331134 0.500294 0.321755 0.498995 0.319310 0.497477 0.321625 0.503839 0.334093 0.507164 0.339361
8 0.418612 0.373412 0.419245 0.355875 0.421151 0.360824 0.421005 0.375407
8 0.417635 0.391472 0.407734 0.383134 0.408810 0.387130 0.438599 0.410657 0.437771 0.407620
8 0.410406 0.369333 0.416706 0.390861 0.413240 0.387912 0.407672 0.367162
8 0.507164 0.339361 0.508174 0.346042 0.497115 0.329852 0.494440 0.324708 0.483812 0.309157 0.479620 0.301704 0.479982 0.301319 0.481789 0.301449 0.499573 0.327667
8 0.497477 0.321625 0.486849 0.301319 0.490102 0.301449 0.498995 0.319310
8 0.450495 0.392352 0.453833 0.404880 0.458336 0.423278 0.463039 0.441347 0.469828 0.465981 0.478135 0.491301 0.484961 0.511347 0.492148 0.529616 0.501547 0.551611 0.501547 0.552273 0.499565 0.553616 0.492852 0.538884 0.478010 0.498551 0.465849 0.462056 0.455846 0.427537 0.452628 0.408111
8 0.493453 0.557148 0.482609 0.525671 0.489443 0.541287 0.495708 0.555630
8 0.486599 0.279083 0.487294 0.279491 0.488607 0.281713 0.498664 0.299597 0.495365 0.299537 0.487482 0.285486 0.488544 0.283269 0.487107 0.281269 0.485857 0.283046 0.485081 0.281958
8 0.400091 0.361611 0.398807 0.358384 0.395706 0.341708 0.392906 0.322477 0.389471 0.295259 0.387732 0.274171 0.387375 0.254810 0.389888 0.239343 0.394440 0.227685 0.402422 0.213093 0.407339 0.205384 0.417656 0.202884 0.427143 0.201634 0.438747 0.203718 0.447885 0.208088 0.464896 0.238889 0.486599 0.279083 0.485081 0.281958 0.470594 0.256394 0.457628 0.231569 0.446977 0.212204 0.446159 0.211171 0.438422 0.207000 0.434320 0.206366 0.427878 0.205532 0.425539 0.205532 0.417565 0.206787 0.408549 0.208870 0.399638 0.223032 0.395893 0.230750 0.392497 0.238657 0.390031 0.250949 0.389682 0.259287 0.389917 0.272815 0.392216 0.297653 0.395190 0.321199 0.399042 0.349282
8 0.403180 0.339639 0.408503 0.364384 0.433672 0.386296 0.434531 0.391819 0.412508 0.371676 0.406255 0.365856 0.400883 0.343287 0.401000 0.340833
8 0.423776 0.428782 0.429906 0.444495 0.429906 0.444495 0.445443 0.454792 0.444336 0.449866 0.432201 0.441787 0.427268 0.430755
8 0.415654 0.440375 0.388917 0.410181 0.388839 0.410977 0.403951 0.430481 0.424326 0.456231
8 0.395146 0.407329 0.397492 0.408731 0.383917 0.381037 0.383724 0.383148 0.383724 0.383148
8 0.383917 0.381037 0.383724 0.383148 0.383651 0.388824 0.383333 0.395787 0.381156 0.392306 0.381445 0.391532 0.381518 0.386009 0.382026 0.379968 0.381987 0.377343
8 0.372354 0.358208 0.368586 0.356435 0.366313 0.357713 0.375234 0.364315
8 0.375234 0.364315 0.377120 0.367903 0.366922 0.362088 0.364674 0.358634 0.366313 0.357713
8 0.360161 0.356435 0.356451 0.350227 0.352096 0.347065 0.357651 0.357606
8 0.356128 0.345773 0.332760 0.298690 0.329169 0.291662 0.324680 0.288352 0.345771 0.330185 0.352531 0.343852
8 0.352531 0.343852 0.345771 0.330185 0.324680 0.288352 0.315953 0.277426 0.315247 0.278338 0.328747 0.304014
8 0.315953 0.277426 0.308966 0.266481 0.303154 0.259782 0.306047 0.265329 0.328747 0.304014 0.315247 0.278338 0.315247 0.278338
8 0.330091 0.293824 0.335852 0.299296 0.355536 0.340528 0.355763 0.341736 0.356596 0.343352 0.360779 0.349083 0.357734 0.346940 0.356128 0.345773 0.356128 0.345773
8 0.335852 0.299296 0.340995 0.303782 0.357979 0.336093 0.355536 0.340528
8 0.357979 0.336093 0.359320 0.333398 0.343557 0.304574 0.343557 0.304574 0.340995 0.303782
8 0.359010 0.338556 0.366651 0.353204 0.368786 0.351731 0.361221 0.336884 0.360833 0.335819
8 0.359010 0.338556 0.366651 0.353204 0.365831 0.353366 0.360779 0.349083 0.356596 0.343352
8 0.379370 0.342870 0.381445 0.336875 0.383602 0.331181 0.388047 0.321505 0.388789 0.320190 0.389531 0.319398 0.390792 0.319926 0.392870 0.321241 0.392128 0.314648 0.391461 0.314120 0.389586 0.314185 0.388701 0.314185 0.386977 0.317338 0.384799 0.321500 0.379669 0.333606 0.376414 0.339986 0.376414 0.339986
8 0.450380 0.514824 0.451427 0.513995 0.451815 0.513995 0.454995 0.524912 0.455526 0.527602 0.457568 0.532176 0.458323 0.532847 0.458096 0.534593 0.458635 0.536519 0.459422 0.537917 0.454089 0.530968 0.454846 0.530292 0.449779 0.515370
8 0.501458 0.552315 0.501201 0.542662 0.486352 0.506343 0.478112 0.482389 0.470646 0.460565 0.463091 0.433708 0.457255 0.412653 0.455195 0.403648 0.451333 0.384273 0.449016 0.370690 0.447081 0.359449 0.449531 0.384032 0.450495 0.392352 0.453833 0.404880 0.458336 0.423278 0.463039 0.441347 0.469828 0.465981 0.478135 0.491301 0.484961 0.511347 0.492148 0.529616
8 0.501201 0.542662 0.500789 0.536259 0.493245 0.518690 0.487922 0.505134 0.482315 0.486273 0.474932 0.462324 0.467953 0.437870 0.463638 0.419870 0.459323 0.402662 0.454885 0.380431 0.450167 0.354398 0.447141 0.331167 0.446857 0.325500 0.445568 0.313597 0.444799 0.301981 0.444544 0.305921 0.444719 0.321171 0.445505 0.340931 0.447081 0.359449 0.449016 0.370690 0.451333 0.384273 0.455195 0.403648 0.457255 0.412653 0.463091 0.433708 0.470646 0.460565 0.478112 0.482389 0.486352 0.506343
8 0.459323 0.402662 0.468839 0.433648 0.475445 0.455296 0.482312 0.473032 0.492419 0.497907 0.502135 0.517718 0.516128 0.544435 0.518589 0.542819 0.508742 0.526009 0.501487 0.512880 0.494232 0.497907 0.485682 0.478792 0.479591 0.462667 0.470911 0.435028 0.464044 0.411306 0.456013 0.381593 0.454885 0.380431
8 0.456013 0.381593 0.454885 0.380431 0.450167 0.354398 0.447141 0.331167 0.446857 0.325500 0.447547 0.325259 0.451805 0.351755 0.457224 0.376014 0.465062 0.407671 0.472128 0.431241 0.480935 0.459454 0.486935 0.475630 0.494484 0.493005 0.501161 0.508144 0.508615 0.520532 0.519357 0.537222 0.522453 0.540833 0.519549 0.542384 0.508742 0.526009 0.501487 0.512880 0.494232 0.497907 0.485682 0.478792 0.479591 0.462667 0.470911 0.435028 0.464044 0.411306
8 0.447737 0.302375 0.449982 0.320083 0.452945 0.338463 0.457138 0.357995 0.462992 0.383315 0.469284 0.409657 0.477523 0.438319 0.488513 0.473917 0.495596 0.494222 0.494484 0.493005 0.486935 0.475630 0.480935 0.459454 0.472128 0.431241 0.465062 0.407671 0.457224 0.376014 0.451805 0.351755 0.447547 0.325259 0.446221 0.309671 0.445570 0.295153 0.445570 0.289495 0.446031 0.283204 0.446656 0.279343 0.446599 0.286815 0.446951 0.294750
8 0.468958 0.246833 0.478333 0.233431 0.489273 0.218769 0.490078 0.219486 0.490523 0.220560 0.490685 0.221347 0.480721 0.234903 0.471888 0.246806 0.470273 0.249028
8 0.471523 0.251394 0.477292 0.242648 0.478018 0.243079 0.478503 0.244222 0.478622 0.245157 0.472935 0.253977
8 0.469547 0.254477 0.466362 0.260000 0.464385 0.263657 0.463859 0.264731 0.464909 0.267028 0.471039 0.257204
8 0.469023 0.252903 0.466885 0.257060 0.466039 0.259139 0.465070 0.262153 0.464786 0.263014 0.464385 0.263657 0.463859 0.264731 0.462409 0.261218 0.463901 0.256560 0.465432 0.252903 0.467328 0.249889
8 0.472693 0.253833 0.480883 0.244509 0.490846 0.232894 0.491893 0.234111 0.492378 0.234972 0.492458 0.236407 0.488263 0.240708 0.487820 0.240426 0.474953 0.257778
8 0.488263 0.240708 0.488607 0.241458 0.488849 0.242819 0.488807 0.244037 0.476143 0.259958 0.474953 0.257778 0.487820 0.240426
8 0.487482 0.285486 0.486044 0.287931 0.492667 0.299486 0.495417 0.299537
8 0.497477 0.321625 0.484826 0.301065 0.481789 0.301449 0.499573 0.327667 0.503839 0.334093
8 0.473854 0.262222 0.468943 0.269824 0.465190 0.276639 0.462169 0.285343 0.460859 0.290676 0.459234 0.300782 0.458357 0.305894 0.457857 0.306227 0.459044 0.293009 0.460359 0.286009 0.462294 0.279347 0.464417 0.273681 0.466979 0.269130 0.472854 0.260023
8 0.472854 0.260023 0.471039 0.257204 0.464909 0.267028 0.466206 0.270046 0.466979 0.269130 0.466979 0.269130
8 0.465828 0.271657 0.464417 0.273681 0.462294 0.279347 0.460359 0.286009 0.459044 0.293009 0.459565 0.283764 0.460289 0.278532 0.461500 0.273940 0.463034 0.270139 0.463862 0.272463
8 0.463034 0.270139 0.461016 0.265264 0.460370 0.267056 0.458716 0.277528 0.457062 0.290148 0.455974 0.305926 0.455128 0.324569 0.455208 0.347801 0.455289 0.349310 0.457138 0.357995 0.458031 0.361426 0.458193 0.361213 0.457589 0.341852 0.457143 0.324782 0.457951 0.307287 0.457857 0.306227 0.459044 0.293009 0.459565 0.283764 0.460289 0.278532 0.461500 0.273940
8 0.459870 0.270528 0.457372 0.274745 0.454622 0.281412 0.452122 0.288963 0.450563 0.296630 0.449625 0.304069 0.449188 0.312736 0.449982 0.320083 0.450688 0.324287 0.451500 0.310181 0.453435 0.295296 0.455747 0.286412 0.457810 0.280190 0.458716 0.277528
8 0.451247 0.311847 0.455935 0.307292 0.455747 0.311847 0.451000 0.317620
8 0.454372 0.313403 0.453497 0.322509 0.452997 0.330509 0.452560 0.336616 0.452945 0.338463 0.455289 0.349310 0.455208 0.347801 0.455128 0.324569 0.455747 0.311847
8 0.457857 0.306227 0.460781 0.303611 0.462911 0.301981 0.463638 0.301694 0.463234 0.304921 0.460573 0.307787 0.457708 0.310880
8 0.454469 0.308977 0.455398 0.300588 0.455966 0.297148 0.456773 0.294852 0.455974 0.305926 0.455935 0.307292
8 0.463638 0.301694 0.465755 0.294255 0.468461 0.285625 0.469443 0.283306 0.471029 0.286125 0.467854 0.295417 0.465008 0.305042 0.463469 0.314088 0.462208 0.323130 0.461273 0.336324 0.460760 0.347106 0.460807 0.363454 0.460901 0.374241 0.458333 0.363454 0.458240 0.349514 0.458846 0.334829 0.460482 0.320639 0.461880 0.310352 0.463234 0.304921
8 0.466953 0.273704 0.478443 0.296977 0.477935 0.298519 0.477357 0.298773 0.476745 0.298426 0.469443 0.283306 0.465646 0.275644
8 0.469911 0.280181 0.474898 0.271056 0.476997 0.267843 0.478732 0.270542 0.474898 0.276838 0.471792 0.283907
8 0.478659 0.264884 0.485237 0.258074 0.495141 0.249463 0.508297 0.239051 0.516974 0.232755 0.517841 0.236611 0.508732 0.243296 0.493984 0.254861 0.486177 0.261287 0.480393 0.267713
8 0.484573 0.258926 0.480911 0.253981 0.479505 0.255787 0.482846 0.260505
8 0.484130 0.263356 0.488763 0.270815 0.490180 0.268593 0.485859 0.261708
8 0.494773 0.292921 0.496469 0.292995 0.499172 0.293495 0.502552 0.295000 0.504375 0.296866 0.506029 0.298514 0.513724 0.311472 0.519654 0.322495 0.522687 0.328468 0.529578 0.344898 0.531823 0.351782 0.524891 0.340560 0.516706 0.322569 0.507771 0.305352 0.505208 0.302130 0.503333 0.300023 0.500708 0.298690 0.497396 0.297241
8 0.489898 0.273361 0.506029 0.298514 0.513724 0.311472 0.536578 0.347523 0.547031 0.364773 0.546349 0.362199 0.541901 0.350667 0.510643 0.299917 0.491674 0.270838
8 0.489898 0.273361 0.486599 0.279083 0.485232 0.276935 0.488763 0.270815 0.490180 0.268593 0.494292 0.262051 0.502414 0.250833 0.507786 0.244056 0.511786 0.240838 0.512161 0.242060 0.511724 0.244056 0.501227 0.257273
8 0.485857 0.283046 0.487107 0.281269 0.488544 0.283269 0.487482 0.285486 0.486044 0.287931 0.480604 0.299264 0.479906 0.301134 0.473909 0.314431 0.470656 0.323037 0.468414 0.333579 0.467693 0.337819 0.466826 0.349255 0.466896 0.358639 0.467547 0.369949 0.469643 0.389741 0.473187 0.409019 0.477234 0.427394 0.484102 0.453356 0.491549 0.476491 0.500875 0.503477 0.505068 0.514657 0.501161 0.508144 0.495596 0.494222 0.488513 0.473917 0.477523 0.438319 0.473115 0.420199 0.468703 0.399250 0.466969 0.385755 0.465234 0.368019 0.464656 0.355681 0.464872 0.342704 0.466969 0.328181 0.469789 0.318157 0.474198 0.306972
8 0.477917 0.299398 0.477935 0.298519 0.478443 0.296977 0.480005 0.290051 0.482922 0.281699 0.483948 0.279685 0.485081 0.281958 0.484326 0.284963 0.482083 0.290694
8 0.477914 0.299218 0.466659 0.299218 0.465974 0.301727 0.476784 0.301870
8 0.478768 0.303644 0.477034 0.315620 0.475924 0.328542 0.475005 0.340926 0.474602 0.353102 0.474654 0.365514 0.475357 0.383278 0.475969 0.398421 0.477326 0.413532 0.479245 0.434097 0.478974 0.434199 0.476219 0.422870 0.474763 0.411926 0.473521 0.394162 0.472758 0.375727 0.472505 0.361699 0.472721 0.344921 0.473440 0.330815 0.474792 0.317139 0.475815 0.310088
8 0.478289 0.306435 0.490099 0.324773 0.511057 0.361106 0.511057 0.362889 0.491313 0.332565 0.477693 0.311125
8 0.477693 0.311125 0.477034 0.315620 0.496229 0.347912 0.513846 0.377569 0.511057 0.362889 0.511057 0.362889
8 0.477034 0.315620 0.476422 0.322144 0.489667 0.343579 0.514034 0.381681 0.514284 0.381236 0.513846 0.377569 0.496229 0.347912
8 0.476422 0.322144 0.475924 0.328542 0.514844 0.382634 0.514255 0.380977 0.489667 0.343579
8 0.475924 0.328542 0.475354 0.335764 0.501742 0.370463 0.518945 0.393722 0.536659 0.417500 0.536875 0.416986 0.515784 0.384093 0.514844 0.382634 0.514034 0.381681 0.489885 0.347843
8 0.475354 0.335764 0.475323 0.337991 0.494870 0.367412 0.521969 0.403023 0.545583 0.434167 0.536659 0.417500 0.518945 0.393722
8 0.475323 0.337991 0.475005 0.340926 0.475065 0.341032 0.474995 0.343218 0.492633 0.370204 0.494870 0.367412
8 0.500513 0.374949 0.499594 0.377181 0.510049 0.393537 0.530292 0.420750 0.547589 0.443259 0.548674 0.442667 0.549177 0.441181 0.549177 0.440731 0.522578 0.404898
8 0.499594 0.377181 0.496674 0.378741 0.512734 0.405060 0.527120 0.429000 0.532893 0.433014 0.518255 0.408032 0.510049 0.393537
8 0.495938 0.380468 0.515846 0.412731 0.525633 0.428051 0.520698 0.425222 0.504638 0.399352 0.494599 0.382847
8 0.443406 0.210093 0.441354 0.214259 0.439937 0.212699 0.441208 0.208532
8 0.479620 0.301704 0.483812 0.309157 0.494440 0.324708 0.497115 0.329852 0.509331 0.351829 0.511057 0.361106 0.490099 0.324773 0.478289 0.306435 0.478768 0.303644 0.478768 0.303644
8 0.502414 0.312824 0.503828 0.321389 0.493284 0.301704 0.496341 0.301769
8 0.503828 0.321389 0.493284 0.301704 0.490102 0.301449 0.500294 0.321755 0.505646 0.331134
8 0.474609 0.349398 0.474602 0.353102 0.489898 0.382310 0.504789 0.412051 0.521349 0.436435 0.544937 0.463944 0.582492 0.505134 0.581070 0.498296 0.546609 0.462458 0.529128 0.442384 0.514573 0.422606 0.506294 0.410116 0.491490 0.380523
8 0.474503 0.359486 0.486068 0.381079 0.500599 0.409199 0.509310 0.422963 0.522958 0.442741 0.537148 0.459819 0.563195 0.488736 0.583474 0.510199 0.583091 0.507898 0.561583 0.483028 0.544937 0.463944 0.521349 0.436435 0.504789 0.412051 0.489898 0.382310 0.474602 0.353102
8 0.474596 0.363366 0.482628 0.375412 0.486068 0.381079 0.500599 0.409199 0.509310 0.422963 0.518872 0.437264 0.518089 0.439843 0.501849 0.413569 0.485727 0.385509 0.474867 0.368389
8 0.474427 0.321157 0.472531 0.317681 0.471612 0.319986 0.474044 0.324880
8 0.474044 0.324880 0.473440 0.330815 0.470177 0.324958 0.470656 0.323037 0.471365 0.321023
8 0.473503 0.333523 0.469992 0.326319 0.468859 0.330546 0.473018 0.339954
8 0.473021 0.340926 0.472721 0.344921 0.472984 0.347421 0.467802 0.337056 0.468414 0.333579 0.468773 0.331292
8 0.472984 0.347421 0.472661 0.352894 0.468286 0.344542 0.467260 0.342046 0.467693 0.337819 0.467802 0.337056
8 0.472661 0.352894 0.472661 0.357792 0.466938 0.348093 0.467315 0.343486 0.468286 0.344542
8 0.466917 0.350991 0.470318 0.356755 0.472693 0.360306 0.472638 0.365583 0.466862 0.356273
8 0.466862 0.356273 0.467154 0.362111 0.472823 0.371231 0.472638 0.365583
8 0.472802 0.374801 0.467240 0.365296 0.467779 0.371824 0.473070 0.381810
8 0.473070 0.381810 0.467779 0.371824 0.468612 0.381116 0.473362 0.386880
8 0.465565 0.371731 0.460813 0.365394 0.460760 0.370384 0.466268 0.378449
8 0.465133 0.362227 0.460706 0.354639 0.460760 0.361551 0.465458 0.369903
8 0.463159 0.317579 0.466969 0.328181 0.465617 0.337111 0.461859 0.326958 0.462208 0.323130 0.462208 0.323130
8 0.463159 0.317579 0.463469 0.314088 0.468487 0.323167 0.466969 0.328181 0.466969 0.328181
8 0.463469 0.314088 0.464151 0.310315 0.469789 0.318157 0.468487 0.323167
8 0.465008 0.305042 0.471234 0.314685 0.469789 0.318157 0.464151 0.310315
8 0.465008 0.305042 0.465974 0.301727 0.467982 0.301833 0.473404 0.309417 0.471234 0.314685 0.471234 0.314685
8 0.482922 0.281699 0.477812 0.272148 0.476656 0.273944 0.481500 0.285769
8 0.481500 0.285769 0.480344 0.289111 0.474633 0.277417 0.474898 0.276838 0.476656 0.273944
8 0.484557 0.290718 0.489245 0.299444 0.485932 0.299199 0.483185 0.294060
8 0.489245 0.299444 0.484557 0.290718 0.486044 0.287931 0.492667 0.299486 0.492667 0.299486
8 0.496341 0.301769 0.502414 0.312824 0.500685 0.302194
8 0.502487 0.304727 0.514414 0.323745 0.524891 0.340560 0.533859 0.354588 0.542357 0.367583 0.538646 0.370602 0.517060 0.334606 0.503758 0.311255
8 0.538646 0.370602 0.517060 0.334606 0.503758 0.311255 0.505039 0.317921 0.535068 0.372940
8 0.535068 0.372940 0.505039 0.317921 0.506711 0.329074 0.533060 0.374727
8 0.533060 0.374727 0.506711 0.329074 0.508216 0.337255 0.517836 0.355843 0.531461 0.375306
8 0.531461 0.375306 0.517836 0.355843 0.509221 0.342903 0.510477 0.349597 0.528878 0.376213
8 0.526427 0.377579 0.510477 0.349597 0.511956 0.358694 0.523667 0.379069
8 0.523667 0.379069 0.511956 0.358694 0.513487 0.367440 0.520846 0.379931
8 0.370969 0.317259 0.377852 0.337565 0.376414 0.339986 0.368622 0.321028
8 0.577385 0.415329 0.566253 0.408000 0.565026 0.405176 0.574177 0.410046
8 0.579339 0.418796 0.574352 0.415069 0.573193 0.414815 0.572688 0.417000 0.578398 0.422907 0.583672 0.426296
8 0.399427 0.188134 0.400086 0.187005 0.404729 0.193056 0.406503 0.196579 0.410130 0.204986 0.405391 0.197255
8 0.422276 0.196741 0.421651 0.202528 0.419591 0.202736 0.420529 0.194852
8 0.421404 0.205847 0.420849 0.213269 0.419154 0.211181 0.419466 0.206403
8 0.409594 0.227176 0.413716 0.214287 0.414904 0.216954 0.411281 0.229949 0.410633 0.228991 0.410596 0.228292 0.410596 0.228292
8 0.427776 0.234171 0.425839 0.232060 0.420815 0.244389 0.420904 0.247167 0.422464 0.248500
8 0.436828 0.214111 0.430518 0.224218 0.426331 0.232662 0.425839 0.232060 0.420815 0.244389 0.423549 0.233944 0.426792 0.224944 0.433880 0.210361
8 0.453357 0.256546 0.460159 0.268838 0.460370 0.267056 0.461016 0.265264 0.454604 0.252806
8 0.452924 0.257894 0.460159 0.268838 0.459870 0.270528 0.459997 0.270565 0.458810 0.272486 0.451789 0.261731
8 0.451789 0.261731 0.458810 0.272486 0.457372 0.274745 0.451115 0.265440 0.451240 0.263940 0.451240 0.263940
8 0.460740 0.291644 0.464924 0.297750 0.463638 0.301694 0.462911 0.301981 0.462911 0.301981 0.459552 0.298083
8 0.464052 0.279532 0.468461 0.285625 0.467174 0.290199 0.462615 0.283755
8 0.470049 0.288977 0.476609 0.299194 0.473229 0.299306 0.468737 0.292977
8 0.509281 0.297926 0.524753 0.301009 0.525185 0.302167 0.525185 0.303838 0.523883 0.304995 0.511883 0.302037
1 0.525331 0.301139 0.528005 0.311292 0.530940 0.322574 0.535565 0.335815 0.539831 0.347894 0.541901 0.350667 0.546349 0.362199 0.547031 0.364773 0.549078 0.362676 0.538169 0.335815 0.533464 0.322833 0.527615 0.299315 0.526964 0.299185 0.526234 0.299699
8 0.551302 0.365694 0.556828 0.391153 0.554010 0.387546 0.549667 0.366722
8 0.551302 0.365694 0.557117 0.375472 0.558201 0.382801 0.553646 0.375861
8 0.560203 0.380407 0.572195 0.401227 0.587161 0.427435 0.593862 0.439051 0.604401 0.464176 0.609281 0.476796 0.609570 0.480394 0.604872 0.472042 0.596198 0.450708 0.591932 0.440940 0.582823 0.425134 0.570742 0.403759 0.561193 0.387824
8 0.571096 0.399903 0.591555 0.412884 0.608328 0.423940 0.608039 0.428565 0.588448 0.415329 0.574857 0.405944
8 0.574857 0.405944 0.578875 0.413130 0.594997 0.423926 0.598901 0.426236 0.608039 0.428565 0.588448 0.415329
8 0.570742 0.403759 0.562609 0.399120 0.563477 0.404134 0.574177 0.410046
8 0.570742 0.403759 0.566297 0.396421 0.561888 0.394366 0.562609 0.399120
8 0.579917 0.414685 0.591339 0.423681 0.583820 0.421625
8 0.610714 0.441546 0.628641 0.458380 0.627990 0.461079 0.635674 0.468315 0.635076 0.470588 0.634424 0.471745 0.630521 0.467889 0.630737 0.465963 0.627628 0.463264 0.626760 0.462491 0.610857 0.447458
8 0.608182 0.439616 0.597122 0.430366 0.596443 0.430352 0.593003 0.428819 0.592641 0.430491 0.608255 0.444500
8 0.622641 0.458380 0.623292 0.461079 0.629724 0.473417 0.635508 0.479458 0.635654 0.479458 0.629292 0.466861 0.627628 0.463264 0.626760 0.462491
8 0.606013 0.449255 0.590906 0.433579 0.590760 0.433963 0.593862 0.439051 0.596948 0.446801 0.596948 0.446801
8 0.586539 0.426625 0.592641 0.430491 0.592641 0.430491 0.608255 0.444500 0.608370 0.450787 0.606013 0.449255 0.605117 0.448727 0.590760 0.433963
8 0.635654 0.479458 0.659190 0.501806 0.679505 0.521981 0.696565 0.539204 0.695263 0.541648 0.665625 0.512731 0.634250 0.481245 0.628828 0.475588 0.621339 0.465449 0.621672 0.464921
8 0.615654 0.463977 0.616516 0.468102 0.628445 0.480125 0.619721 0.468264
8 0.628828 0.475588 0.634424 0.483315 0.634424 0.483315 0.644242 0.496394 0.683154 0.535870 0.684016 0.535005 0.684396 0.531935 0.640602 0.487968
8 0.662495 0.515699 0.680641 0.553741 0.677109 0.551157 0.669036 0.534824 0.662893 0.521583 0.657073 0.509532 0.661844 0.514157
8 0.670448 0.532537 0.683026 0.552329 0.681219 0.554125 0.680641 0.553741
8 0.677109 0.551157 0.661505 0.537019 0.649432 0.526866 0.642997 0.516843 0.636997 0.506046 0.635479 0.507204 0.647406 0.527255 0.651529 0.532009 0.663602 0.543704 0.676107 0.554500 0.680661 0.556810 0.681096 0.555912 0.681219 0.554125 0.680641 0.553741
8 0.559937 0.413889 0.537922 0.374931 0.534458 0.376880 0.567068 0.432139 0.565693 0.424690
2 0.621339 0.465449 0.634424 0.483315 0.644242 0.496394 0.662893 0.521583 0.669036 0.534824 0.668242 0.535079 0.643807 0.500764 0.629133 0.512204 0.627448 0.510093 0.642083 0.498194 0.628445 0.480125 0.619721 0.468264
8 0.664742 0.549227 0.657307 0.540560 0.652807 0.534676 0.651529 0.532009 0.647406 0.527255 0.635479 0.507204 0.632445 0.509681 0.641625 0.523454 0.648560 0.534454 0.655500 0.544449
8 0.655500 0.544449 0.645992 0.539630 0.629133 0.512204 0.632445 0.509681 0.632445 0.509681
8 0.637445 0.502019 0.631690 0.496241 0.636062 0.503019
8 0.636062 0.503019 0.631690 0.496241 0.624625 0.483648 0.619500 0.473204 0.618250 0.474315 0.622938 0.486644 0.625935 0.492421 0.627247 0.493866 0.627935 0.494088 0.634057 0.504750
8 0.634057 0.504750 0.630872 0.507306 0.629810 0.508194 0.627435 0.505528 0.625122 0.501194 0.621563 0.491088 0.619062 0.480537 0.620250 0.479759 0.622938 0.486644 0.625935 0.492421 0.627247 0.493866 0.627935 0.494088
8 0.619065 0.495472 0.611870 0.484213 0.609570 0.480394 0.604872 0.472042 0.601500 0.465972 0.590964 0.449171 0.575487 0.423347 0.566253 0.408000 0.565026 0.405176 0.563477 0.404134 0.563451 0.404282 0.564708 0.409926 0.578151 0.432912 0.596078 0.463083 0.618039 0.500014 0.636102 0.530398 0.645492 0.546620 0.651768 0.552269 0.629133 0.512204 0.627448 0.510093
8 0.650844 0.546324 0.678279 0.559856 0.703792 0.571454 0.711404 0.575468 0.713661 0.575917 0.714331 0.575023 0.714497 0.572940 0.714664 0.570412 0.714414 0.570412 0.713076 0.570264 0.709396 0.569968 0.709060 0.569819 0.680661 0.556810 0.676107 0.554500 0.670685 0.551778 0.666617 0.550116 0.664742 0.549227 0.655500 0.544449 0.645992 0.539630
8 0.611250 0.453611 0.618203 0.461065 0.621672 0.464921 0.619721 0.468264 0.604828 0.452843 0.603167 0.451556 0.598755 0.451042 0.596948 0.446801 0.605117 0.448727 0.608370 0.450787
8 0.657487 0.524412 0.667859 0.537074 0.668609 0.535074 0.668242 0.535079 0.660299 0.524523 0.655490 0.520412
8 0.643518 0.544389 0.636102 0.530398 0.618039 0.500014 0.596078 0.463083 0.582224 0.440093 0.581547 0.441491 0.581773 0.444481 0.584122 0.448852 0.584016 0.453032 0.621529 0.514741 0.635521 0.538042
8 0.635521 0.538042 0.626198 0.529481 0.585841 0.460315 0.587294 0.458426
8 0.626198 0.529481 0.619810 0.523801 0.585068 0.463241 0.585841 0.460315
8 0.617083 0.521944 0.608854 0.513843 0.591531 0.482528 0.593854 0.480292
8 0.608854 0.513843 0.601133 0.507116 0.596487 0.495069 0.595422 0.495759 0.590294 0.485264 0.592518 0.484060
8 0.596487 0.495069 0.595422 0.495759 0.594745 0.496273 0.598326 0.506083 0.601133 0.507116
8 0.581370 0.451731 0.572758 0.437625 0.570724 0.441407 0.579242 0.453968
8 0.579068 0.433991 0.577229 0.436056 0.566292 0.417477 0.564708 0.409926
8 0.577229 0.436056 0.575294 0.438810 0.567937 0.426421 0.566292 0.417477
8 0.562305 0.405449 0.542273 0.372074 0.544693 0.370523 0.561047 0.399426
8 0.562305 0.405449 0.563195 0.411796 0.540260 0.373259 0.542273 0.372074
8 0.585992 0.430551 0.584430 0.427111 0.583672 0.426296 0.583672 0.426296 0.578398 0.422907 0.574560 0.418880 0.572622 0.418778 0.575487 0.423347 0.579807 0.426222 0.585367 0.431106
8 0.562005 0.412546 0.561063 0.414556 0.537922 0.374931 0.539008 0.374125
8 0.562005 0.412546 0.562706 0.410894 0.540260 0.373259 0.539008 0.374125 0.539008 0.374125
8 0.540055 0.409273 0.525018 0.382028 0.524453 0.381806 0.521911 0.382926 0.537742 0.411588 0.547935 0.430093 0.558201 0.448727 0.559068 0.447958 0.558779 0.446028 0.550682 0.429449
8 0.645388 0.632079 0.650763 0.636190 0.655313 0.646806 0.650701 0.642856
8 0.650763 0.636190 0.655172 0.639875 0.659703 0.650519 0.655365 0.646991
8 0.662133 0.645519 0.667727 0.649583 0.671039 0.656468 0.667005 0.654681
8 0.667727 0.649583 0.673747 0.653981 0.675940 0.658213 0.671039 0.656468
8 0.503031 0.541134 0.507297 0.549014 0.504443 0.550472 0.503273 0.547944
8 0.474815 0.373755 0.493500 0.403880 0.513544 0.434542 0.514906 0.434542 0.501849 0.413569 0.501849 0.413569 0.485727 0.385509 0.474867 0.368389
8 0.474966 0.378731 0.491305 0.406301 0.506964 0.428759 0.519143 0.444625 0.536896 0.465796 0.554167 0.485912 0.581096 0.521375 0.581005 0.522625 0.553878 0.490727 0.531729 0.464111 0.508174 0.434731 0.498008 0.421833 0.484883 0.401296 0.475185 0.384741
8 0.475185 0.384741 0.475789 0.390880 0.489354 0.408616
8 0.475789 0.390880 0.475789 0.396634 0.499333 0.426356 0.518062 0.450319 0.521302 0.451560 0.508174 0.434731 0.498008 0.421833 0.489354 0.408616
8 0.468612 0.381116 0.473362 0.386880 0.473513 0.393056 0.469401 0.387921
8 0.469401 0.387921 0.469643 0.389741 0.470362 0.393991 0.473951 0.398505 0.473513 0.393056
8 0.473951 0.398505 0.474302 0.404106 0.471326 0.400370 0.470362 0.393991
8 0.475974 0.401088 0.499516 0.431741 0.522797 0.460681 0.544154 0.484644 0.559698 0.499815 0.560224 0.498412 0.553878 0.490727 0.518062 0.450319 0.518062 0.450319 0.499333 0.426356 0.475789 0.396634
8 0.475974 0.401088 0.476927 0.408148 0.494167 0.431343 0.496445 0.428690
8 0.494167 0.431343 0.492943 0.435069 0.477326 0.413532 0.476927 0.408148
8 0.499661 0.447685 0.488542 0.431352 0.477602 0.415014 0.478125 0.420458 0.492042 0.441310
8 0.502896 0.448468 0.508935 0.456713 0.517161 0.463245 0.505870 0.448310 0.504646 0.448778
8 0.505870 0.448310 0.505461 0.443940 0.506336 0.442847 0.527690 0.472255 0.517161 0.463245
8 0.492042 0.441310 0.478852 0.429000 0.478974 0.434199 0.488219 0.442227 0.503708 0.456074 0.522789 0.472880 0.537755 0.485171 0.537318 0.480972 0.527690 0.472255 0.517161 0.463245 0.508935 0.456713 0.508935 0.456713 0.499661 0.447685
8 0.537755 0.485171 0.537581 0.485949 0.535042 0.487505 0.511586 0.470389 0.483055 0.449694 0.481565 0.443782 0.509661 0.464787 0.528479 0.478634
8 0.539305 0.482694 0.555323 0.495301 0.559698 0.499815 0.558734 0.500435 0.539479 0.486120
8 0.539479 0.486120 0.538982 0.491083 0.556398 0.503065 0.558734 0.500435
8 0.556398 0.503065 0.553422 0.505556 0.538370 0.494509 0.538982 0.491083
8 0.536680 0.491880 0.523375 0.482384 0.507096 0.469625 0.492305 0.467139 0.488628 0.466361 0.487930 0.464648 0.504471 0.465894 0.511586 0.470389 0.535042 0.487505 0.534315 0.488301 0.535367 0.489542 0.536154 0.489231 0.536943 0.489231 0.537206 0.489699
8 0.522797 0.460681 0.536005 0.479727 0.527690 0.472255 0.506336 0.442847 0.506336 0.442847 0.506859 0.442380
8 0.495365 0.441157 0.505609 0.444889 0.505695 0.446755 0.505870 0.448310 0.498518 0.446130
8 0.474966 0.378731 0.487430 0.395546 0.493500 0.403880 0.513544 0.434542 0.518089 0.439843 0.521128 0.445028 0.520339 0.445648 0.519143 0.444625 0.491305 0.406301
8 0.516549 0.422171 0.498255 0.393694 0.493573 0.384343 0.494599 0.382847 0.520698 0.425222
8 0.498255 0.393694 0.506294 0.410116 0.514573 0.422606 0.518414 0.427755 0.531891 0.437093 0.536180 0.440671 0.543271 0.448139 0.544297 0.450324 0.547208 0.451407 0.548258 0.450472 0.548258 0.448296 0.547034 0.446273 0.544932 0.444250 0.536794 0.436000 0.532893 0.433014 0.527120 0.429000 0.525633 0.428051 0.516549 0.422171
8 0.525302 0.432282 0.536224 0.450509 0.540005 0.450954 0.531891 0.437093
8 0.540005 0.450954 0.543854 0.451019 0.538854 0.443750 0.536180 0.440671 0.531891 0.437093
8 0.536276 0.450370 0.547208 0.451407 0.547034 0.455917 0.539594 0.454829
8 0.548258 0.450472 0.552898 0.457940 0.557974 0.465722 0.560599 0.468523 0.566026 0.474278 0.571102 0.480190 0.579242 0.488750 0.580292 0.494819 0.567427 0.482213 0.565763 0.480657 0.564013 0.478324 0.561651 0.474435 0.560076 0.472569 0.558063 0.470856 0.554474 0.466343 0.552898 0.463699 0.547208 0.453583 0.547208 0.451407
8 0.547208 0.453583 0.552898 0.463699 0.554474 0.466343 0.558063 0.470856 0.560076 0.472569 0.561651 0.474435 0.564013 0.478324 0.565763 0.480657 0.567427 0.482213 0.566815 0.483306 0.554997 0.471167 0.551148 0.464787 0.545807 0.455648 0.547034 0.455917
8 0.545807 0.455648 0.551148 0.464787 0.552542 0.467167 0.547245 0.462056 0.542604 0.454963
8 0.542604 0.454963 0.539594 0.454829 0.546609 0.462458 0.546609 0.462458 0.554997 0.471167 0.554997 0.471167 0.552542 0.467167 0.547245 0.462056
8 0.526776 0.453894 0.528695 0.454699 0.532651 0.457514 0.538641 0.463440 0.555643 0.482755 0.567599 0.498083 0.578273 0.512111 0.586474 0.522926 0.587068 0.526301 0.588547 0.533454 0.581005 0.522625 0.581096 0.521375 0.554167 0.485912 0.536896 0.465796
8 0.567599 0.498083 0.585018 0.516759 0.583474 0.510199 0.563195 0.488736 0.537148 0.459819 0.522958 0.442741 0.518872 0.437264 0.518089 0.439843 0.521128 0.445028 0.528695 0.454699 0.532651 0.457514 0.538641 0.463440 0.555643 0.482755
8 0.585018 0.516759 0.586474 0.522926 0.573552 0.505866
8 0.583557 0.500852 0.600948 0.518981 0.632336 0.552051 0.663174 0.583690 0.690792 0.612616 0.703010 0.625463 0.701573 0.628005 0.695818 0.622495 0.671237 0.597218 0.636253 0.561278 0.603583 0.527514 0.585224 0.507898
8 0.582708 0.496995 0.603628 0.514889 0.621307 0.529671 0.641174 0.547412 0.657409 0.561491 0.689331 0.589375 0.698398 0.597403 0.699815 0.594884 0.651768 0.552269 0.645492 0.546620 0.645492 0.546620 0.643518 0.544389 0.635521 0.538042 0.626198 0.529481 0.619810 0.523801 0.617083 0.521944 0.601133 0.507116 0.598326 0.506083 0.581440 0.490523
8 0.600070 0.511593 0.606146 0.524731 0.609589 0.528153 0.604526 0.515731
8 0.604526 0.515731 0.607812 0.518380 0.615555 0.534421 0.609589 0.528153
8 0.607812 0.518380 0.613018 0.522648 0.622398 0.541532 0.615555 0.534421
8 0.613018 0.522648 0.616023 0.525398 0.629229 0.548644 0.622398 0.541532
8 0.616023 0.525398 0.621307 0.529671 0.635625 0.555509 0.632336 0.552051 0.629229 0.548644 0.629229 0.548644
8 0.621307 0.529671 0.626026 0.533884 0.642240 0.562130 0.635625 0.555509
8 0.626026 0.533884 0.632237 0.539347 0.650021 0.570148 0.642240 0.562130
8 0.632237 0.539347 0.638646 0.545389 0.657081 0.577236 0.650021 0.570148
8 0.638646 0.545389 0.641174 0.547412 0.663174 0.583690 0.657081 0.577236
8 0.641174 0.547412 0.649036 0.554213 0.663945 0.578398 0.672250 0.593162 0.663174 0.583690
8 0.649036 0.554213 0.657409 0.561491 0.680292 0.601528 0.672250 0.593162
8 0.663138 0.559505 0.662893 0.560458 0.663039 0.561847 0.676615 0.569583 0.676909 0.567231
8 0.676859 0.568185 0.695221 0.580255 0.725969 0.601648 0.722917 0.595421 0.713313 0.587884 0.689240 0.571616 0.688904 0.572644 0.676977 0.566491
8 0.677430 0.563481 0.658896 0.550324 0.650844 0.546324 0.656115 0.552866
8 0.658896 0.550324 0.684273 0.562528 0.717667 0.584227 0.717612 0.585231 0.716990 0.586032 0.713313 0.587884 0.689240 0.571616 0.689573 0.569671 0.677430 0.563481 0.677430 0.563481
8 0.703880 0.594630 0.721227 0.607532 0.729703 0.614162 0.729766 0.622083 0.698398 0.597403 0.699815 0.594884 0.689409 0.585782 0.689693 0.584977
8 0.731659 0.615218 0.735065 0.617903 0.739073 0.625569 0.736273 0.627454 0.732115 0.624227
8 0.657409 0.561491 0.687997 0.600060 0.689435 0.596968 0.668750 0.571343
8 0.729818 0.625051 0.729862 0.627972 0.717927 0.620861 0.714055 0.615977
8 0.732091 0.629093 0.734341 0.630093 0.736273 0.627454 0.732115 0.624227
8 0.736779 0.631870 0.743901 0.636204 0.741839 0.631648 0.739089 0.629537
8 0.736029 0.632870 0.745711 0.640421 0.747648 0.642532 0.746773 0.644421 0.734091 0.634870
8 0.689435 0.596968 0.710180 0.622639 0.709117 0.626306 0.687997 0.600060
8 0.666005 0.576079 0.677909 0.587431 0.687997 0.600060 0.673846 0.590699
8 0.673846 0.590699 0.680292 0.601528 0.699974 0.615218 0.687997 0.600060
8 0.680292 0.601528 0.690792 0.612616 0.690792 0.612616 0.692682 0.614352 0.706458 0.623134 0.699974 0.615218
8 0.689435 0.596968 0.689010 0.595509 0.695232 0.599907 0.714396 0.623134 0.727654 0.638102 0.741589 0.653583 0.752331 0.663907 0.766268 0.677157 0.764622 0.679565 0.749331 0.666315 0.730654 0.647394 0.716427 0.631046 0.710180 0.622639
8 0.734341 0.630093 0.732273 0.631347 0.732500 0.636620 0.736029 0.632870 0.736779 0.631870 0.739089 0.629537 0.740370 0.627875 0.739073 0.625569 0.739073 0.625569 0.736273 0.627454
8 0.726693 0.636898 0.729948 0.633671 0.730018 0.637787 0.728719 0.639329
8 0.697633 0.664389 0.707320 0.655134 0.717008 0.645625 0.723656 0.639069 0.726333 0.642542 0.715055 0.653852 0.701971 0.665162
8 0.712669 0.656037 0.718307 0.660792 0.721201 0.660792 0.720042 0.658347 0.715633 0.653338
8 0.721490 0.647426 0.729802 0.656421 0.729440 0.661560 0.719247 0.649611
8 0.718596 0.649866 0.724380 0.662333 0.721560 0.661560 0.717151 0.651407
8 0.698138 0.625704 0.715995 0.647037 0.718596 0.643954 0.703010 0.625463 0.701573 0.628005 0.697776 0.624032
8 0.680938 0.607269 0.688740 0.621722 0.698935 0.633032 0.688740 0.615426
8 0.680938 0.607269 0.672904 0.598995 0.676529 0.605565 0.681732 0.613852 0.688740 0.621722
8 0.554589 0.537875 0.558826 0.553477 0.560339 0.559796 0.556661 0.556903 0.555786 0.553014 0.554052 0.543644 0.554052 0.543644 0.553177 0.540222 0.552391 0.537731
8 0.557388 0.548366 0.578880 0.575278 0.569568 0.567597 0.559052 0.554417
8 0.578880 0.575278 0.585195 0.580292 0.579523 0.570069 0.555156 0.540231 0.557388 0.548366
8 0.554589 0.537875 0.555552 0.536912 0.572221 0.558611 0.572844 0.560819 0.573521 0.561625 0.574143 0.560718 0.577872 0.566343 0.579523 0.570069 0.555156 0.540231
8 0.574143 0.560718 0.574370 0.560519 0.574427 0.558708 0.573521 0.557000 0.570867 0.551176 0.566685 0.546755 0.569622 0.554190 0.572221 0.558611 0.572844 0.560819 0.573521 0.561625
8 0.572482 0.554963 0.575872 0.557977 0.588305 0.582880 0.585195 0.580292 0.579523 0.570069 0.577872 0.566343 0.574143 0.560718 0.574370 0.560519 0.574427 0.558708 0.573521 0.557000
8 0.589479 0.576343 0.601130 0.589509 0.599943 0.584597 0.590620 0.574644
8 0.590620 0.574644 0.570867 0.551176 0.550784 0.528190 0.550479 0.526028 0.549771 0.525130 0.539055 0.514208 0.539958 0.509588 0.569849 0.543944 0.584654 0.562023 0.598951 0.579606 0.599943 0.584597
8 0.598951 0.579606 0.596846 0.571014 0.570596 0.538602 0.554333 0.521120 0.539958 0.509588 0.569849 0.543944
8 0.596846 0.571014 0.595711 0.566171 0.570370 0.533088 0.554333 0.521120 0.570596 0.538602
8 0.595711 0.566171 0.594198 0.559176 0.579674 0.540352 0.570370 0.533088
8 0.591172 0.544236 0.536784 0.502815 0.536443 0.504931 0.536005 0.506801 0.570370 0.533088 0.579674 0.540352 0.592005 0.549213
8 0.588979 0.535093 0.565604 0.518148 0.537615 0.498648 0.536784 0.502815 0.590263 0.540875
8 0.558417 0.505236 0.581005 0.522625 0.588547 0.533454 0.588547 0.533454 0.557435 0.509139
8 0.558417 0.505236 0.560310 0.501486 0.570521 0.509958 0.581005 0.522625
8 0.591354 0.536458 0.621552 0.570065 0.623039 0.566644 0.597133 0.538014 0.597133 0.536921 0.589693 0.528833
8 0.589352 0.526449 0.589693 0.528833 0.597133 0.536921 0.597133 0.538014 0.623039 0.566644 0.644711 0.589889 0.644185 0.588644 0.625573 0.564630
8 0.604688 0.538889 0.599898 0.532940 0.615740 0.549278 0.644349 0.584472 0.684836 0.634829 0.696458 0.649417 0.695432 0.653755 0.653042 0.600102 0.644711 0.589889 0.625573 0.564630 0.616047 0.553523
8 0.650328 0.575356 0.656982 0.587806 0.664682 0.595894 0.657419 0.582981
8 0.657419 0.582981 0.666242 0.591755 0.672979 0.604671 0.664682 0.595894
8 0.635625 0.560574 0.642190 0.571931 0.652341 0.583134 0.646828 0.572556
8 0.629656 0.573861 0.637271 0.582264 0.658190 0.620852 0.671755 0.644505 0.671755 0.646213 0.671492 0.646991 0.670706 0.647616 0.654161 0.618208
8 0.637271 0.582264 0.644711 0.589889 0.676831 0.652440 0.672367 0.649171 0.671492 0.646991 0.671755 0.646213 0.671755 0.644505 0.658190 0.620852
8 0.660859 0.610093 0.668516 0.619907 0.690310 0.660843 0.687859 0.660995 0.686458 0.659750
8 0.668516 0.619907 0.670469 0.622176 0.693112 0.661153 0.690310 0.660843
8 0.670469 0.622176 0.693112 0.661153 0.693932 0.661019 0.694409 0.657736 0.685661 0.641319
8 0.677518 0.621056 0.676596 0.624329 0.644349 0.584472 0.649914 0.590278
8 0.677518 0.621056 0.672482 0.615602 0.673654 0.615454 0.680930 0.623630 0.693979 0.646231 0.684836 0.634829 0.679758 0.628685 0.678253 0.623778 0.677000 0.622440
8 0.693979 0.646231 0.696458 0.649417 0.697542 0.646986 0.698122 0.645963 0.687125 0.626528 0.680945 0.620074 0.648211 0.584755 0.615740 0.549278 0.644349 0.584472 0.649914 0.590278 0.649914 0.590278 0.672482 0.615602 0.672482 0.615602 0.673654 0.615454 0.680930 0.623630
8 0.698122 0.645963 0.700404 0.640745 0.687125 0.626528
8 0.698771 0.646528 0.705294 0.657088 0.710104 0.652500 0.702534 0.642958 0.701052 0.641417
8 0.697109 0.649958 0.703870 0.658741 0.701432 0.661181 0.696060 0.654519
8 0.697109 0.649958 0.698771 0.646528 0.705294 0.657088 0.703870 0.658741
8 0.655172 0.639875 0.662133 0.645519 0.667005 0.654681 0.659768 0.651074 0.659703 0.650519
8 0.607995 0.621065 0.597500 0.573565 0.587068 0.526301 0.576180 0.475907 0.568281 0.438824 0.562591 0.408866 0.556323 0.372014 0.555268 0.364306 0.552687 0.364523 0.548818 0.367440 0.537922 0.374931 0.530195 0.379306 0.524453 0.381806 0.520464 0.383264 0.517659 0.384310 0.515784 0.384093 0.514844 0.382634 0.514255 0.380977 0.501940 0.310551 0.500685 0.302194 0.479906 0.301134 0.480604 0.299264 0.500755 0.299676 0.502042 0.301352 0.511299 0.355088 0.516576 0.381750 0.531461 0.375306 0.542357 0.367583 0.552190 0.361551 0.554651 0.361551 0.556646 0.362181 0.557820 0.363838 0.563076 0.401556 0.572161 0.447120 0.585224 0.507898 0.601031 0.578940 0.610703 0.622593
8 0.617604 0.565880 0.637549 0.608032 0.647500 0.630231 0.652255 0.633704 0.622146 0.568819 0.621552 0.570065
8 0.622146 0.568819 0.623039 0.566644 0.648211 0.613852 0.655232 0.625926 0.664159 0.643042 0.658750 0.639028 0.653479 0.629347 0.633771 0.593935
8 0.623039 0.566644 0.629656 0.573861 0.654161 0.618208 0.670833 0.647731 0.664159 0.643042 0.655232 0.625926 0.648211 0.613852
8 0.644711 0.589889 0.653042 0.600102 0.680182 0.655046 0.676831 0.652440
8 0.653042 0.600102 0.661042 0.610370 0.686458 0.659750 0.680182 0.655000
8 0.529708 0.541088 0.546263 0.555356 0.568023 0.573606 0.587469 0.589898 0.604492 0.604204 0.605313 0.608611 0.571789 0.581148 0.543602 0.557065 0.526622 0.542940
8 0.607086 0.606856 0.626201 0.622694 0.644503 0.637681 0.659703 0.650519 0.659768 0.651074 0.651896 0.647523 0.627406 0.627421 0.608224 0.611194
8 0.609781 0.609532 0.611719 0.608866 0.615029 0.607977 0.616216 0.609310 0.611411 0.610644
8 0.617286 0.607088 0.624659 0.605088 0.625469 0.606755 0.619091 0.608199
8 0.626839 0.604310 0.629526 0.603421 0.630273 0.605199 0.627651 0.605977
8 0.627651 0.605977 0.634018 0.619417 0.629956 0.616750 0.624659 0.605088 0.608464 0.573653 0.599154 0.555329 0.595841 0.547995 0.594531 0.545000 0.592969 0.543000 0.591354 0.536458 0.597779 0.545662 0.608589 0.567769 0.620833 0.592537
8 0.630273 0.605199 0.629526 0.603421 0.619333 0.581542 0.612148 0.565769 0.608214 0.556329 0.609276 0.556551 0.613398 0.561102 0.639328 0.619194 0.642141 0.625861 0.638266 0.623083
8 0.631687 0.603000 0.634997 0.602333 0.635810 0.604000 0.632687 0.604556
8 0.600073 0.550796 0.608214 0.556329 0.610755 0.562236 0.603195 0.557125
8 0.593750 0.546343 0.595841 0.547995 0.598385 0.553241 0.594885 0.551352
8 0.595760 0.555685 0.606070 0.569014 0.599154 0.555329 0.598385 0.553241 0.598385 0.553241 0.594885 0.551352
8 0.595760 0.555685 0.597529 0.563546 0.615273 0.587319 0.615398 0.587319 0.608464 0.573653 0.606070 0.569014
8 0.597529 0.563546 0.599341 0.571991 0.623958 0.603755 0.615398 0.587319
8 0.623958 0.603755 0.624659 0.605088 0.621896 0.605866 0.601779 0.582764 0.600154 0.575764
8 0.600154 0.575764 0.599341 0.571991 0.623958 0.603755
8 0.601779 0.582764 0.603276 0.589537 0.618896 0.606755 0.621896 0.605866
8 0.604883 0.560458 0.612148 0.565769 0.619333 0.581542 0.618753 0.581454 0.609505 0.569458
8 0.609505 0.569458 0.615836 0.582653 0.627143 0.598315 0.619333 0.581542 0.618753 0.581454
8 0.615836 0.582653 0.620833 0.592537 0.626839 0.604310 0.629526 0.603421 0.627143 0.598315
8 0.619753 0.575898 0.625812 0.582787 0.634997 0.602333 0.633372 0.602889 0.629000 0.596671
8 0.640997 0.609810 0.642307 0.609144 0.658750 0.639028 0.652255 0.633704 0.652255 0.633704
8 0.639122 0.611921 0.637247 0.614921 0.642141 0.625861 0.643159 0.626583 0.647500 0.630231 0.647500 0.630231
8 0.630688 0.612699 0.631562 0.612699 0.636122 0.617806 0.638266 0.623083 0.634018 0.619417
8 0.618253 0.612366 0.626201 0.622694 0.636872 0.631356 0.624315 0.615366 0.618940 0.611255 0.617815 0.611699
8 0.624315 0.615366 0.632331 0.621972 0.637828 0.632301 0.636872 0.631356
8 0.632331 0.621972 0.635641 0.624306 0.638703 0.626639 0.645286 0.638287 0.637828 0.632301
8 0.610703 0.622593 0.609464 0.616861 0.629581 0.632634 0.642578 0.641523 0.644576 0.644412 0.629268 0.635745
8 0.606945 0.615940 0.590096 0.603556 0.575151 0.592495 0.561375 0.580944 0.552940 0.573843 0.556060 0.578509 0.576807 0.596718 0.607995 0.621065
8 0.576930 0.576843 0.584552 0.587394 0.592049 0.593838 0.587552 0.585949
8 0.587552 0.585949 0.596404 0.593093 0.603964 0.602310 0.604492 0.604204 0.604492 0.604204 0.592049 0.593838 0.592049 0.593838
8 0.558232 0.562065 0.559148 0.566093 0.562281 0.568685 0.561148 0.564366
8 0.533685 0.548722 0.540117 0.556690 0.551901 0.569028 0.552406 0.573269 0.541203 0.562731 0.538745 0.559648 0.536576 0.557718 0.531589 0.552065 0.525659 0.543199 0.526622 0.542940 0.526622 0.542940
8 0.502445 0.529532 0.508635 0.532060 0.509555 0.534889 0.505122 0.533102 0.502521 0.531139
8 0.500604 0.531171 0.494917 0.519569 0.493245 0.518690 0.500789 0.536259
1 0.538370 0.494509 0.536443 0.504931 0.536005 0.506801 0.534974 0.509102 0.532609 0.513769 0.531901 0.513009 0.533922 0.508481 0.534867 0.505556 0.535656 0.501509 0.536680 0.491880 0.537206 0.489699 0.536943 0.489231 0.536154 0.489231 0.535367 0.489542 0.534315 0.488301 0.535042 0.487505 0.537581 0.485949 0.537318 0.480972 0.536357 0.477546 0.537232 0.477394 0.538544 0.482528 0.539305 0.482694 0.539479 0.486120 0.538982 0.491083
2 0.393919 0.329505 0.385852 0.337440 0.388141 0.343699 0.395529 0.340106
2 0.396182 0.343815 0.398807 0.358384 0.400091 0.361611 0.403151 0.377440 0.405177 0.387088 0.397854 0.369190 0.389513 0.346722
8 0.524734 0.543671 0.531589 0.552065 0.536576 0.557718 0.538745 0.559648 0.541203 0.562731 0.552406 0.573269 0.552940 0.573843 0.556060 0.578509 0.576807 0.596718 0.607995 0.621065 0.610703 0.622593 0.629268 0.635745 0.644576 0.644412 0.651896 0.647523 0.659768 0.651074 0.667005 0.654681 0.671039 0.656468 0.675940 0.658213 0.682315 0.660403 0.682315 0.660403 0.689312 0.662958 0.697633 0.664389 0.701971 0.665162 0.716568 0.665009 0.724073 0.664009 0.729440 0.661560 0.738203 0.655125 0.740719 0.657532 0.736268 0.662694 0.730849 0.666310 0.720688 0.669403 0.711206 0.669579 0.691365 0.667338 0.669396 0.660111 0.647299 0.649889 0.623224 0.635750 0.605729 0.623954 0.577568 0.602273 0.563435 0.589884 0.541141 0.567949 0.528281 0.554352 0.521693 0.545602
8 0.520531 0.545764 0.533112 0.566065 0.549854 0.586708 0.562146 0.600130 0.574823 0.612519 0.587307 0.624218 0.601958 0.636792 0.612937 0.645773 0.616367 0.648301 0.633333 0.660898 0.650076 0.671907 0.669208 0.683213 0.681500 0.689579 0.695339 0.695597 0.699404 0.697319 0.698630 0.698523 0.698146 0.700935 0.675984 0.691296 0.651500 0.677532 0.628659 0.661880 0.618237 0.653931 0.595203 0.636037 0.573719 0.617111 0.556930 0.599699 0.538542 0.578537 0.527508 0.563227 0.517898 0.547190
8 0.517898 0.547190 0.516125 0.548324 0.529932 0.571199 0.542148 0.588421 0.559859 0.610912 0.582995 0.637644 0.611693 0.666819 0.643573 0.694065 0.668008 0.711801 0.692370 0.723620 0.706539 0.726833 0.718034 0.726065 0.729310 0.722338 0.731044 0.720921 0.727286 0.718741 0.719333 0.721310 0.714419 0.722338 0.706034 0.722338 0.693672 0.719380 0.679719 0.713343 0.663669 0.703958 0.646898 0.691880 0.632656 0.680185 0.612706 0.663093 0.593839 0.644069 0.565932 0.612843 0.547789 0.590991 0.538542 0.578537 0.527508 0.563227
8 0.516125 0.548324 0.516292 0.549667 0.524323 0.567903 0.536034 0.592681 0.541453 0.602144 0.551518 0.615560 0.557518 0.621412 0.574648 0.636551 0.589456 0.647394 0.597971 0.652898 0.582995 0.637644 0.569036 0.627264 0.553453 0.614014 0.546391 0.606444 0.544164 0.602829 0.534195 0.583046 0.524518 0.562569
8 0.512341 0.550241 0.523536 0.565370 0.524323 0.567903 0.528799 0.577509 0.519169 0.564574 0.509430 0.552032
8 0.510057 0.547375 0.502695 0.534588 0.503031 0.541134 0.507297 0.549014
8 0.502695 0.534588 0.502521 0.531139 0.511302 0.538130 0.513227 0.543037
8 0.503693 0.555194 0.503930 0.561449 0.515576 0.581551 0.528453 0.601458 0.547602 0.629727 0.576266 0.665560 0.600005 0.691634 0.626542 0.718310 0.654536 0.740407 0.677828 0.751954 0.689919 0.755139 0.701565 0.755736 0.708172 0.754144 0.715563 0.749366 0.725865 0.739412 0.738406 0.726273 0.735271 0.724083 0.723961 0.736227 0.714779 0.743792 0.705708 0.748769 0.699773 0.750361 0.693167 0.751755 0.676932 0.746977 0.662823 0.740806 0.641547 0.725676 0.623630 0.710148 0.603924 0.689444 0.579289 0.662773 0.549841 0.625944 0.528229 0.595884 0.511880 0.569407
8 0.503930 0.561449 0.504052 0.566708 0.523240 0.597884 0.538680 0.621870 0.553518 0.642657 0.567609 0.661310 0.580203 0.676500 0.602987 0.699153 0.614229 0.707949 0.600440 0.693023 0.576305 0.667440 0.547602 0.629727 0.528453 0.601458 0.515576 0.581551
8 0.504505 0.572037 0.504596 0.577370 0.518589 0.597866 0.535172 0.623204 0.554477 0.650153 0.575206 0.675028 0.599174 0.699903 0.623531 0.719708 0.629620 0.721551 0.626542 0.718310 0.614229 0.707949 0.602987 0.699153 0.580203 0.676500 0.567609 0.661310 0.553518 0.642657 0.538680 0.621870 0.523240 0.597884
8 0.504596 0.577370 0.504951 0.582431 0.512745 0.597088 0.527135 0.621069 0.537180 0.637060 0.551120 0.658380 0.568659 0.681565 0.587398 0.705019 0.599539 0.717810 0.566112 0.673037 0.541828 0.638394 0.523240 0.609079
8 0.504596 0.577370 0.523240 0.609079 0.541828 0.638394 0.566112 0.673037 0.599539 0.717810 0.624573 0.744190 0.643760 0.757782 0.649607 0.759116 0.626672 0.740194 0.603737 0.717542 0.575104 0.681032 0.552169 0.647722 0.535172 0.623204 0.518589 0.597866
8 0.506719 0.591995 0.507049 0.601352 0.514695 0.612810 0.526836 0.632264 0.536102 0.642630 0.526956 0.627440 0.515594 0.609880 0.509148 0.600019
8 0.558438 0.671412 0.583201 0.703685 0.605836 0.727403 0.624573 0.744190 0.599539 0.717810 0.587398 0.705019 0.568659 0.681565 0.559484 0.670611
8 0.663367 0.763352 0.654224 0.757491 0.632638 0.741231 0.615549 0.726574 0.605206 0.716181 0.593513 0.703926 0.593513 0.704458 0.603737 0.717542 0.626672 0.740194 0.649607 0.759116 0.652276 0.760954 0.652276 0.760954 0.661120 0.763884
8 0.615549 0.726574 0.634766 0.735662 0.641362 0.740458 0.639263 0.741259 0.625922 0.735662
8 0.644630 0.751093 0.651526 0.747894 0.647029 0.744963 0.641633 0.748426
8 0.663099 0.754051 0.673742 0.758046 0.677490 0.758847 0.657552 0.746588 0.634466 0.730333 0.619326 0.717542 0.599174 0.699903 0.619297 0.720977 0.634766 0.735662 0.641362 0.740458 0.651526 0.747894 0.651526 0.747894
8 0.659609 0.751991 0.668602 0.763579 0.663953 0.763579 0.651526 0.747894 0.651526 0.747894
8 0.623531 0.719708 0.634466 0.730333 0.657552 0.746588 0.677490 0.758847 0.679857 0.759889 0.682747 0.758019 0.660878 0.744597 0.654536 0.740407 0.629620 0.721551
8 0.653521 0.733861 0.660464 0.736833 0.672674 0.742338 0.684969 0.746500 0.693669 0.749324 0.706716 0.738884 0.708508 0.738815 0.709393 0.738884 0.710398 0.739481 0.710648 0.740968 0.710398 0.742009 0.702786 0.747213 0.698018 0.750634 0.693167 0.751755 0.676932 0.746977 0.662823 0.740806
8 0.639635 0.724019 0.652349 0.729667 0.659458 0.732787 0.665146 0.733977 0.672758 0.733681 0.675589 0.733241 0.678781 0.733977 0.678781 0.734722 0.674096 0.736356 0.668159 0.737995 0.660464 0.736833 0.653521 0.733861
8 0.608688 0.694722 0.629516 0.709148 0.644990 0.717921 0.656281 0.722829 0.670500 0.730856 0.669664 0.731750 0.649672 0.724759 0.632107 0.715838 0.625583 0.712120
8 0.563771 0.664833 0.571466 0.672120 0.599174 0.699903 0.598734 0.701565 0.583510 0.687884 0.573141 0.678218
8 0.624245 0.693241 0.638297 0.701565 0.647414 0.705431 0.649130 0.704819 0.642388 0.700907 0.624638 0.690546 0.605651 0.676343 0.616018 0.686060
8 0.645323 0.710185 0.651763 0.705727 0.656029 0.707213 0.649049 0.713333 0.649049 0.713333
8 0.623708 0.672713 0.631268 0.676046 0.646763 0.684264 0.664320 0.695481 0.661820 0.697593 0.646826 0.688264 0.631768 0.679264
8 0.614836 0.664824 0.623521 0.668491 0.630018 0.671935 0.630393 0.675713 0.623708 0.672713
8 0.599216 0.649718 0.605526 0.653829 0.617523 0.661495 0.631268 0.668157 0.645013 0.674380 0.651500 0.677532 0.657260 0.681042 0.652260 0.680708 0.634831 0.674157 0.630018 0.671935 0.623521 0.668491 0.614836 0.664824 0.612706 0.663093 0.612706 0.663093
8 0.571599 0.619065 0.573161 0.619727 0.588531 0.634611 0.601529 0.646056 0.611148 0.653829 0.620646 0.660829 0.628518 0.666602 0.628456 0.666824 0.617523 0.661495 0.605526 0.653829 0.593839 0.644069
8 0.542273 0.599593 0.550440 0.607431 0.558609 0.615528 0.567573 0.623880 0.571188 0.626579 0.575961 0.632491 0.569036 0.627264 0.553453 0.614014 0.546391 0.606444 0.544164 0.602829
2 0.410570 0.377269 0.409969 0.382301 0.409456 0.384440 0.407734 0.383134 0.406682 0.380463 0.402562 0.364773 0.400797 0.349431 0.400883 0.343287 0.406255 0.365856 0.407672 0.367162
1 0.403180 0.339639 0.404612 0.344241 0.405799 0.344375 0.408323 0.348329 0.408693 0.353736 0.408396 0.356639 0.408396 0.360861 0.408503 0.364384 0.414406 0.369958 0.414406 0.365213 0.413589 0.359671 0.412922 0.355454 0.412846 0.353079 0.412477 0.351759 0.407865 0.337315
1 0.494599 0.382847 0.493573 0.384343 0.491490 0.380523 0.487646 0.373806 0.488911 0.373032 0.490669 0.371843 0.492633 0.370204 0.494870 0.367412 0.500513 0.374949 0.499594 0.377181 0.496674 0.378741 0.495938 0.380468
1 0.318315 0.307847 0.321297 0.308708 0.321672 0.309634 0.322857 0.310810 0.323068 0.314222 0.325508 0.315458 0.325474 0.313352 0.326031 0.313417 0.326659 0.313787 0.327599 0.316019 0.328471 0.318250 0.329430 0.319514 0.330039 0.320667 0.329516 0.323454 0.329760 0.324759 0.330703 0.327486 0.331888 0.328847 0.332549 0.329097 0.333456 0.327671 0.336070 0.332815 0.350297 0.361944 0.324977 0.331231 0.314870 0.318671 0.315086 0.317898 0.315258 0.316764 0.314560 0.314222 0.313747 0.311505 0.316747 0.312125 0.317305 0.312000 0.317654 0.311134 0.318036 0.309338
1 0.495365 0.441157 0.492943 0.437870 0.492943 0.435069 0.494167 0.431343 0.496445 0.428690 0.499516 0.431741 0.506859 0.442380 0.506336 0.442847 0.505461 0.443940 0.505461 0.443940 0.505547 0.444718 0.505547 0.444718
2 0.683703 0.581060 0.683984 0.579653 0.684833 0.578750 0.686018 0.579051 0.687206 0.580056 0.688052 0.580157 0.688617 0.578949 0.689635 0.578750 0.690427 0.578750 0.690992 0.577444 0.692065 0.578046 0.691612 0.579051 0.692404 0.580458 0.693760 0.581764 0.695229 0.584074 0.696586 0.585884 0.698393 0.586486 0.699807 0.588292 0.700596 0.590000 0.702461 0.591810 0.703141 0.593218 0.703880 0.594630 0.689693 0.584977 0.689409 0.585782
1 0.693932 0.661019 0.695112 0.660713 0.696138 0.653417 0.697109 0.649958 0.699268 0.645352 0.701052 0.641417 0.700404 0.640745 0.697542 0.646986 0.696458 0.649417 0.695432 0.653755 0.694409 0.657736
1 0.432539 0.411343 0.431622 0.414949 0.430708 0.416574 0.428615 0.417389 0.420930 0.410606 0.423312 0.402333 0.426305 0.405088 0.432146 0.409602
8 0.534557 0.568287 0.547115 0.579671 0.558466 0.588407 0.574008 0.604347 0.589484 0.621593 0.601958 0.636792 0.609820 0.643259 0.598891 0.627954 0.586305 0.612801 0.570633 0.595954 0.563435 0.589884 0.541599 0.568759 0.527857 0.558093
8 0.543620 0.576528 0.542568 0.577542 0.549854 0.586708 0.566568 0.600764 0.577214 0.610574 0.582341 0.620037 0.591440 0.628120 0.589602 0.624338 0.584375 0.615560 0.574008 0.604347 0.574008 0.604347 0.558466 0.588407 0.547115 0.579671 0.547115 0.579671
8 0.574406 0.600079 0.577568 0.602273 0.609089 0.626292 0.609089 0.626292 0.607214 0.628981 0.585521 0.611620
8 0.585521 0.611620 0.598891 0.627954 0.611617 0.638787 0.610263 0.632079
8 0.612924 0.632769 0.612016 0.628074 0.627198 0.637931 0.627633 0.642917
8 0.628893 0.641199 0.630440 0.656167 0.628505 0.655819 0.627151 0.646875 0.627633 0.642917 0.627344 0.640509
8 0.629667 0.642060 0.635182 0.657199 0.638375 0.657884 0.633536 0.644468
8 0.568987 0.579088 0.571891 0.584421 0.587083 0.601625 0.600633 0.611435 0.595310 0.603176 0.572857 0.582014
8 0.561148 0.564366 0.562281 0.568685 0.568023 0.573606 0.584552 0.587394 0.576930 0.576843
8 0.594070 0.635106 0.598523 0.643708 0.609943 0.652829 0.602685 0.641644
8 0.602685 0.641644 0.608802 0.646713 0.614810 0.656681 0.611148 0.653829 0.609943 0.652829 0.609943 0.652829
8 0.607815 0.662463 0.586427 0.654375 0.591846 0.660056 0.613815 0.668657
8 0.594458 0.657644 0.583523 0.643194 0.577232 0.638204 0.591070 0.656269
8 0.627266 0.700139 0.625523 0.701000 0.622138 0.701000 0.608589 0.688958 0.574427 0.654032 0.575974 0.652829 0.579737 0.656403 0.597990 0.675310 0.618482 0.692630
8 0.634990 0.706662 0.625698 0.703222 0.622138 0.701000 0.608589 0.688958 0.602568 0.682745 0.601891 0.685157 0.612633 0.697542 0.623086 0.704769 0.631893 0.710102 0.642917 0.713194
8 0.668763 0.696338 0.661312 0.702704 0.657828 0.700125 0.665763 0.694792
8 0.668763 0.696338 0.679651 0.700898 0.686813 0.702963 0.696008 0.705199 0.699589 0.705889 0.702008 0.704685 0.702201 0.703134 0.698146 0.700935 0.684297 0.697458 0.668909 0.692125 0.654490 0.684898 0.644232 0.679222 0.642490 0.677157 0.639490 0.676639 0.641232 0.680769 0.642490 0.681801 0.646763 0.684264 0.665763 0.694792 0.665763 0.694792
8 0.663669 0.703958 0.670555 0.701759 0.674909 0.699005 0.678589 0.700727 0.672104 0.704856 0.667070 0.706403
8 0.676508 0.715954 0.667505 0.714403 0.655602 0.712514 0.651344 0.711306 0.649049 0.713333 0.654151 0.716468 0.669635 0.719051 0.684732 0.719912
8 0.651411 0.672634 0.660784 0.673745 0.678529 0.674634 0.693711 0.673523 0.709755 0.671602 0.720688 0.669403 0.730849 0.666310 0.744589 0.660958 0.747349 0.663792 0.734802 0.668245 0.720419 0.672569 0.700846 0.676278 0.683531 0.678065 0.669482 0.678366 0.659190 0.677468
8 0.684953 0.688477 0.693068 0.679111 0.694490 0.680597 0.694490 0.682380 0.688885 0.689074
8 0.688885 0.689074 0.696404 0.690843 0.704518 0.692329 0.712464 0.692921 0.715141 0.692921 0.710792 0.696639 0.709620 0.697088 0.707612 0.696343 0.705438 0.695449 0.704099 0.695005 0.703346 0.695005 0.703180 0.696194 0.703013 0.696639 0.695901 0.695153 0.689128 0.692921 0.681500 0.689579 0.681500 0.689579 0.677174 0.687731 0.677174 0.687731 0.679508 0.686231 0.684953 0.688477 0.684953 0.688477
8 0.718076 0.693681 0.730036 0.692792 0.740492 0.690111 0.747685 0.686546 0.755297 0.680894 0.756635 0.681486 0.756969 0.682829 0.756969 0.683421 0.752956 0.687139 0.751115 0.689815 0.747016 0.695167 0.745846 0.696954 0.742833 0.698588 0.740995 0.699333 0.740742 0.699037 0.741161 0.697847 0.744339 0.694130 0.745760 0.691449 0.738484 0.695019 0.727945 0.697546 0.722341 0.697546 0.718326 0.697398 0.714396 0.696954
6 0.735891 0.673606 0.741581 0.679556 0.739404 0.682231 0.734052 0.676731
6 0.752117 0.688477 0.754794 0.690560 0.753792 0.692194 0.752117 0.693681 0.750029 0.691750
6 0.756969 0.693088 0.769013 0.703495 0.768010 0.705130 0.767258 0.704981 0.766255 0.704981 0.765500 0.705579 0.765167 0.706468 0.754544 0.696657 0.754544 0.695616
8 0.756969 0.693088 0.763570 0.686380 0.768003 0.680134 0.771349 0.674338 0.770596 0.670171 0.764622 0.679565 0.759135 0.686231 0.754794 0.690560 0.753792 0.692194 0.752117 0.693681 0.745846 0.696954 0.742833 0.698588 0.740995 0.699333 0.735383 0.700356 0.728523 0.701546 0.725596 0.701694 0.728607 0.699319 0.731284 0.696491 0.727945 0.697546 0.724674 0.697236 0.719823 0.699167 0.717901 0.700505 0.717648 0.701250 0.723755 0.704968 0.729359 0.705713 0.735549 0.704968 0.742576 0.702588 0.749685 0.698722
6 0.767786 0.705046 0.781393 0.714352 0.781310 0.715986 0.780641 0.717472 0.779552 0.717921 0.764844 0.707639 0.765167 0.706468 0.765500 0.705579 0.766255 0.704981 0.767258 0.704981
8 0.776333 0.685069 0.784076 0.690060 0.783880 0.691606 0.783591 0.693329 0.782818 0.693671 0.777203 0.690921
8 0.773138 0.683352 0.767333 0.680940 0.765107 0.684208 0.774203 0.688685
8 0.747492 0.672681 0.741581 0.679556 0.738880 0.682662 0.730846 0.692986 0.736654 0.691435 0.742247 0.685056 0.744424 0.681935 0.750107 0.674745
8 0.768648 0.703403 0.771336 0.698958 0.771648 0.697625 0.772646 0.696736 0.773708 0.697069 0.774208 0.698625 0.774271 0.699625 0.769648 0.706514 0.768010 0.705130 0.768898 0.703625 0.768898 0.703625
8 0.768336 0.709954 0.763839 0.715954 0.763214 0.715398 0.762964 0.714287 0.762901 0.712843 0.765836 0.708287
8 0.768086 0.702403 0.768711 0.695736 0.769398 0.686407 0.771586 0.687630 0.771336 0.696514 0.770836 0.700069 0.768898 0.703625
8 0.768086 0.702403 0.769398 0.686407 0.766599 0.684954 0.765599 0.700838
8 0.766599 0.684954 0.765107 0.684208 0.764911 0.685176 0.764411 0.699727 0.765599 0.700838
8 0.765107 0.684208 0.763570 0.686380 0.762414 0.687727 0.762414 0.697949 0.764411 0.699727 0.764411 0.699727
8 0.762414 0.687727 0.759977 0.689949 0.759977 0.695616 0.762414 0.697949
8 0.754544 0.696657 0.756039 0.700505 0.760852 0.709500 0.757977 0.724718 0.760789 0.725051 0.762352 0.718051 0.762964 0.714287 0.762901 0.712843 0.762914 0.709611 0.762664 0.707944 0.760164 0.702056
8 0.575487 0.423347 0.588958 0.435440 0.591932 0.440940 0.578888 0.429046
8 0.572857 0.582014 0.595310 0.603176 0.602099 0.610597 0.604648 0.610597 0.602099 0.606181
8 0.662609 0.657014 0.682839 0.674306 0.680078 0.674537 0.647299 0.649889 0.647299 0.649889
8 0.662609 0.657014 0.669396 0.660111 0.671143 0.660528 0.687214 0.673981 0.682839 0.674352
8 0.739708 0.784620 0.736909 0.777088 0.735102 0.778569 0.736909 0.785829
8 0.730703 0.787454 0.735935 0.781796 0.736909 0.785829
8 0.737901 0.779644 0.741456 0.776551 0.742659 0.778032 0.738732 0.782333
8 0.738732 0.782333 0.742659 0.778032 0.743898 0.778917 0.740570 0.784431 0.739708 0.784620
8 0.680078 0.674491 0.664604 0.666144 0.663732 0.667176 0.661120 0.667176 0.676307 0.674690
8 0.661120 0.667176 0.665065 0.673894 0.660258 0.673644 0.656245 0.666509
8 0.665510 0.677718 0.667003 0.681949 0.662755 0.679625 0.661964 0.677384
8 0.669896 0.678051 0.672930 0.685102 0.674687 0.686157 0.676104 0.685185 0.674237 0.680954 0.672742 0.678384
8 0.674237 0.680954 0.678414 0.683352 0.680094 0.681694 0.676034 0.678208 0.672742 0.678384
8 0.404198 0.419417 0.389594 0.407477 0.383615 0.400787 0.378122 0.396417 0.377625 0.396319 0.388917 0.410181 0.409010 0.428194
8 0.341055 0.260579 0.352656 0.285556 0.351250 0.286806 0.338779 0.260894
8 0.558201 0.448727 0.559023 0.450782 0.559112 0.456542 0.538630 0.419977 0.517659 0.384310 0.520464 0.383264
8 0.560969 0.448810 0.568932 0.463278 0.567531 0.466704 0.559479 0.451144
8 0.559023 0.450782 0.567531 0.466704 0.566990 0.471477 0.559112 0.456542
8 0.561229 0.431537 0.569719 0.447250 0.570419 0.450676 0.569107 0.450986 0.567883 0.449741 0.558430 0.432157 0.559654 0.430134
8 0.527060 0.421704 0.529247 0.421079 0.539401 0.438042 0.539490 0.438662 0.536794 0.436000 0.534411 0.434306
8 0.529247 0.421079 0.539682 0.436468 0.541344 0.434912 0.530292 0.420750
8 0.496456 0.486356 0.502281 0.492407 0.501523 0.494560 0.495586 0.488565
8 0.409427 0.423287 0.411878 0.423968 0.418057 0.436134 0.415604 0.435009
8 0.406471 0.425806 0.410411 0.434495 0.415654 0.440375 0.413596 0.436625 0.411328 0.433764 0.408299 0.427597
8 0.444367 0.461204 0.444417 0.467630 0.445443 0.469019 0.446760 0.469889 0.450276 0.470931 0.452914 0.471625 0.453794 0.475444 0.450911 0.475097 0.442708 0.468065 0.443049 0.460338
8 0.341695 0.269685 0.342609 0.268870 0.350857 0.285944 0.351174 0.286769 0.350667 0.290477
8 0.481495 0.559282 0.483844 0.562398 0.485365 0.565097 0.489461 0.571421 0.492109 0.583750 0.488326 0.579000
8 0.490417 0.564583 0.496375 0.576398 0.498737 0.587444 0.494625 0.581690
8 0.499560 0.557037 0.502008 0.562593 0.502219 0.568296 0.497708 0.557917
8 0.497708 0.557917 0.502219 0.568296 0.502484 0.574319 0.495552 0.559301 0.495552 0.559301
8 0.495552 0.559301 0.502484 0.574319 0.502667 0.582713 0.498810 0.573565
8 0.504052 0.566708 0.506372 0.571014 0.511896 0.582037 0.504505 0.572037
8 0.687367 0.666329 0.678727 0.666903 0.673760 0.662778 0.678997 0.663255
8 0.688070 0.673912 0.693630 0.667481 0.698760 0.668153 0.693711 0.673523
8 0.506719 0.591995 0.526956 0.627440 0.536102 0.642630 0.558438 0.671412 0.559484 0.670611 0.551120 0.658380 0.537180 0.637060 0.527135 0.621069 0.512745 0.597088 0.504951 0.582431 0.505297 0.585792 0.506654 0.586694
8 0.627344 0.640509 0.646021 0.652898 0.658602 0.662532 0.657924 0.663394 0.643990 0.659264 0.632375 0.656167 0.626182 0.655648 0.634117 0.661671 0.651539 0.665801 0.661120 0.667176 0.663732 0.667176 0.664604 0.666144 0.664797 0.664426 0.664766 0.663333 0.656182 0.656509 0.647299 0.649889 0.627198 0.637931 0.627198 0.637931
8 0.689721 0.677620 0.677174 0.687731 0.674609 0.686250 0.684451 0.678069
8 0.500411 0.527796 0.501628 0.527255 0.502437 0.527616 0.504896 0.585370 0.504362 0.586306 0.505070 0.601606 0.503552 0.600889
8 0.507049 0.601352 0.507240 0.605222 0.505070 0.601606 0.504362 0.586306 0.504896 0.585370 0.505297 0.585792 0.505297 0.585792 0.506654 0.586694
8 0.516073 0.607759 0.515594 0.609880 0.509148 0.600019 0.506719 0.591995
8 0.594714 0.452454 0.601568 0.463356 0.601500 0.465972 0.592938 0.452546
8 0.588755 0.445458 0.594703 0.446736 0.596198 0.450708 0.596664 0.451968 0.594714 0.452454 0.592938 0.452546
8 0.599411 0.452778 0.608760 0.461611 0.608760 0.464750 0.601633 0.457778
8 0.599411 0.452778 0.598755 0.451042 0.600138 0.451245 0.608701 0.458685 0.608760 0.461611
8 0.706753 0.660856 0.721201 0.660792 0.721560 0.661560 0.724380 0.662333 0.724073 0.664009 0.716568 0.665009 0.701971 0.665162
8 0.732026 0.648569 0.731971 0.655769 0.731648 0.660282 0.729440 0.661560 0.729802 0.656421 0.730242 0.646745
8 0.732500 0.636620 0.732479 0.643431 0.730211 0.641222 0.729995 0.631912 0.729766 0.622083 0.729401 0.607722 0.731508 0.610792
8 0.762940 0.651227 0.762940 0.657759 0.765651 0.661778 0.765867 0.652032 0.764737 0.652634 0.763211 0.651731
8 0.770495 0.651944 0.762203 0.614356 0.759299 0.614704 0.771880 0.678190 0.775461 0.695565 0.776526 0.702963 0.776622 0.707435 0.776719 0.711051 0.779333 0.712940 0.778753 0.702620 0.775656 0.680769
8 0.781461 0.657370 0.782422 0.687407 0.779719 0.683176 0.779237 0.673199 0.779622 0.671477 0.779526 0.670102 0.779138 0.668898 0.778753 0.662704
8 0.772943 0.666204 0.789203 0.639648 0.790753 0.641370 0.791042 0.642745 0.774688 0.669583 0.773880 0.670417
8 0.740651 0.652708 0.744589 0.647708 0.747836 0.642375 0.749023 0.645375 0.745026 0.652819 0.742964 0.654819
8 0.747839 0.659583 0.754146 0.656704 0.755083 0.656370 0.756771 0.659370 0.753148 0.661370 0.750148 0.662148
8 0.767461 0.655347 0.767526 0.664583 0.765651 0.661778 0.765867 0.652032 0.766432 0.651130
8 0.751823 0.646944 0.753411 0.649630 0.755859 0.653472 0.763599 0.664403 0.769286 0.672625 0.770596 0.670171 0.770161 0.668514 0.756602 0.647963 0.753542 0.643079 0.745482 0.625750 0.734922 0.600870 0.724924 0.578875 0.722302 0.581431 0.722115 0.583542 0.750667 0.643745
8 0.756771 0.659370 0.757365 0.655616 0.755859 0.653472 0.753411 0.649630 0.751823 0.646944 0.750667 0.643745 0.733362 0.608819 0.723880 0.591440 0.721750 0.592472 0.722917 0.595421 0.725969 0.601648 0.729401 0.607722 0.731508 0.610792 0.735065 0.617903 0.739073 0.625569 0.740370 0.627875 0.741839 0.631648 0.743901 0.636204 0.745711 0.640421 0.747836 0.642375 0.749023 0.645375
2 0.727857 0.586269 0.724273 0.548648 0.721362 0.514806 0.717938 0.476778 0.719057 0.474972 0.720289 0.475171 0.725102 0.528523 0.728461 0.562958 0.751977 0.561565 0.752240 0.566667 0.728987 0.567616 0.730443 0.591009
8 0.752479 0.622273 0.751826 0.566745 0.752240 0.566667 0.754312 0.604718 0.755112 0.623713
8 0.755313 0.627856 0.755516 0.645681 0.753542 0.643079 0.752984 0.642440 0.752883 0.626954
8 0.752883 0.626954 0.746292 0.623713 0.745987 0.622093 0.746695 0.619935 0.747505 0.619213 0.752479 0.622273 0.755810 0.624074 0.762089 0.627676 0.763203 0.633435
8 0.762089 0.627676 0.759299 0.614704 0.760164 0.614713 0.754492 0.543241 0.752570 0.543602 0.757026 0.624977
8 0.757026 0.624977 0.755112 0.623713 0.751977 0.561565 0.751253 0.546301 0.752669 0.546301
8 0.756063 0.545653 0.756911 0.545653 0.758549 0.545852 0.759057 0.577194 0.761375 0.596079 0.763617 0.613727 0.763427 0.614653 0.762203 0.614356 0.760164 0.614713 0.760164 0.614713 0.756172 0.564176
8 0.763583 0.611921 0.764036 0.553421 0.766987 0.553421 0.766456 0.630074 0.765625 0.629806 0.763583 0.621065 0.763427 0.614653 0.763617 0.613727
8 0.766836 0.566602 0.768500 0.567273 0.770315 0.632361 0.767365 0.630611 0.766609 0.597801
8 0.768878 0.583546 0.770013 0.583412 0.775911 0.618106 0.775685 0.634380 0.771221 0.605602 0.769255 0.593361
8 0.765625 0.629806 0.772479 0.633750 0.774625 0.636162 0.775305 0.637366 0.775586 0.638370 0.775586 0.639977 0.775529 0.641083 0.772987 0.639273 0.768466 0.635556 0.766544 0.634653
8 0.770398 0.636963 0.770568 0.652134 0.767799 0.640079 0.767573 0.635356 0.768466 0.635556 0.768466 0.635556
8 0.774411 0.640278 0.774977 0.663583 0.773622 0.665282 0.772320 0.660370 0.771755 0.638370
8 0.763203 0.633435 0.763268 0.645000 0.766206 0.649421
8 0.766206 0.649421 0.763268 0.645000 0.755414 0.632644 0.755414 0.639778 0.763211 0.651731 0.764737 0.652634 0.765867 0.652032 0.766432 0.651130
8 0.756273 0.634153 0.755990 0.629130 0.757573 0.630032 0.757969 0.636463
8 0.757969 0.636361 0.757573 0.630032 0.760849 0.632241 0.761234 0.641685
8 0.761234 0.641685 0.763268 0.645000 0.763203 0.633435 0.763203 0.633435 0.760849 0.632241 0.760849 0.632241
8 0.761188 0.648315 0.761357 0.655546 0.758589 0.650727 0.758477 0.644699
8 0.758477 0.644699 0.756771 0.641583 0.757109 0.648917 0.758589 0.650727
8 0.819568 0.646213 0.822443 0.643523 0.823424 0.643792 0.824031 0.645005 0.823956 0.647153 0.809508 0.662218 0.808977 0.662218 0.807615 0.663157 0.806557 0.665042 0.801641 0.669343 0.800505 0.667597 0.820247 0.647560
8 0.804063 0.671898 0.796117 0.661273 0.794831 0.664231 0.802849 0.675394
8 0.802018 0.661273 0.803758 0.648634 0.801411 0.647560 0.799521 0.664231
8 0.796117 0.661273 0.796474 0.650088 0.795490 0.650088 0.794203 0.650356 0.793750 0.650894 0.793448 0.670796 0.796323 0.667838 0.796094 0.666088 0.794831 0.664231
8 0.796875 0.673514 0.796484 0.689259 0.794297 0.693287 0.794529 0.676204
8 0.794297 0.693287 0.783461 0.710870 0.783615 0.717056 0.793674 0.699440 0.795716 0.695944 0.798214 0.686935 0.796484 0.689259
8 0.797932 0.687634 0.804063 0.671898 0.806557 0.665042 0.807615 0.663157 0.808977 0.662218 0.809508 0.662218 0.810565 0.662889 0.811096 0.663829 0.806406 0.674588 0.800354 0.691667 0.795815 0.707671 0.792940 0.719773 0.791805 0.725153 0.788628 0.729995 0.790216 0.720444 0.792336 0.709014 0.795716 0.695944
8 0.810565 0.662889 0.816443 0.656810 0.817276 0.657750 0.817729 0.659500 0.817578 0.661250 0.807138 0.673218 0.811096 0.663829
8 0.818563 0.659231 0.819091 0.663130 0.803281 0.683569 0.806328 0.674454 0.817578 0.661250 0.817729 0.659500
8 0.808523 0.676472 0.809052 0.678759 0.800354 0.691667 0.803281 0.683569
8 0.792940 0.707403 0.787039 0.717218 0.787109 0.711435 0.793674 0.699440 0.795716 0.695944
8 0.787109 0.711435 0.787039 0.717218 0.785505 0.728218 0.783234 0.730639 0.783766 0.723782 0.783615 0.717056
8 0.783234 0.730639 0.789815 0.722972 0.788628 0.729995 0.782706 0.738171
8 0.793091 0.718028 0.802924 0.700676 0.804362 0.702963 0.791805 0.725153 0.791805 0.725153
8 0.804664 0.699602 0.823047 0.684273 0.824031 0.684810 0.824484 0.686019 0.824333 0.687903 0.824182 0.688440 0.811927 0.698259 0.808221 0.702292 0.804893 0.703366
8 0.809052 0.678759 0.810922 0.681690 0.796625 0.704954 0.800354 0.691667
8 0.816013 0.694491 0.816542 0.695435 0.806482 0.707403 0.805648 0.706190 0.791805 0.725153 0.791805 0.725153 0.800430 0.710093 0.805875 0.703097 0.808221 0.702292 0.811927 0.698259
8 0.816542 0.695435 0.818258 0.699037 0.808125 0.711389 0.807669 0.708718 0.806482 0.707403
8 0.807669 0.708718 0.791859 0.732255 0.780891 0.746644 0.782706 0.738171 0.788628 0.729995 0.791805 0.725153 0.791805 0.725153 0.805648 0.706190 0.806482 0.707403
8 0.808125 0.711389 0.797154 0.726606 0.791859 0.732255 0.807669 0.708718
8 0.806935 0.712648 0.809885 0.710227 0.810490 0.711301 0.810641 0.713588 0.810716 0.714931 0.797154 0.726606
8 0.810641 0.713588 0.818487 0.706704 0.820604 0.706972 0.821664 0.707375 0.821740 0.708449 0.821359 0.709125 0.810089 0.719880 0.789135 0.741130 0.790951 0.736019 0.791859 0.732255 0.797154 0.726606 0.810716 0.714931
8 0.814500 0.715333 0.815406 0.718431 0.800128 0.732819 0.800505 0.729458
8 0.800128 0.732819 0.798742 0.738708 0.796474 0.746106 0.793599 0.752963 0.791094 0.756713 0.788828 0.755231 0.790044 0.751620 0.795188 0.742069 0.798138 0.733329 0.798289 0.731718 0.800505 0.729458
8 0.799596 0.735106 0.801109 0.751782 0.798690 0.754333 0.797932 0.741426 0.798742 0.738708
8 0.799596 0.735106 0.816443 0.723245 0.817578 0.727815 0.800029 0.739921
8 0.800279 0.742903 0.817070 0.729185 0.817904 0.730935 0.812836 0.736718 0.800656 0.748014
8 0.785753 0.753125 0.801185 0.763616 0.800807 0.766574 0.800279 0.768319 0.799672 0.768588 0.783560 0.757157
8 0.801185 0.763616 0.800807 0.766574 0.800807 0.766574 0.800279 0.768319 0.799672 0.768588 0.799672 0.768588 0.798138 0.767486 0.794810 0.770579 0.797380 0.773537 0.804266 0.765338 0.846096 0.715713 0.846016 0.714491 0.845260 0.713426 0.844508 0.712755 0.843599 0.712486
8 0.845260 0.713426 0.846549 0.712648 0.847760 0.715606 0.839365 0.727843 0.798063 0.774509 0.797380 0.773537 0.804266 0.765338 0.846096 0.715713 0.846016 0.714491
8 0.839365 0.727843 0.841255 0.727815 0.842010 0.729296 0.842315 0.731176 0.842010 0.732255 0.824841 0.750944 0.800784 0.776667 0.787305 0.791255 0.785156 0.788995 0.796534 0.776236 0.797581 0.777588 0.798872 0.775481 0.798047 0.774500
8 0.797581 0.777588 0.781469 0.759509 0.778247 0.755792 0.779943 0.753079 0.780958 0.754384 0.783560 0.756593 0.783560 0.757157 0.798872 0.775481
8 0.781474 0.759537 0.777221 0.765870 0.772406 0.771625 0.771271 0.768514 0.776276 0.762176 0.779583 0.757157
8 0.780958 0.754384 0.783841 0.748560 0.785820 0.743032 0.787854 0.737208 0.791859 0.732255 0.790951 0.736019 0.789135 0.741130 0.786102 0.749866 0.783560 0.756593
8 0.789943 0.764685 0.791552 0.762690 0.793945 0.764514 0.791797 0.767120
8 0.793945 0.764514 0.796622 0.766537 0.793750 0.769491 0.791797 0.767120
8 0.793750 0.769491 0.794810 0.770579 0.798138 0.767486 0.796622 0.766537
8 0.784661 0.762963 0.783885 0.787523 0.781297 0.785264 0.782273 0.760347
8 0.784375 0.771898 0.788086 0.766856 0.790039 0.769116 0.784227 0.776931
8 0.790039 0.769116 0.791982 0.771310 0.784120 0.781468 0.784227 0.776931
8 0.791982 0.771310 0.793497 0.772875 0.784070 0.784333 0.784120 0.781468
8 0.793497 0.772875 0.795841 0.775565 0.784609 0.788588 0.783885 0.787523 0.784070 0.784333
8 0.793409 0.784481 0.810159 0.788565 0.809182 0.792384 0.790576 0.787870
8 0.804690 0.787171 0.817779 0.763991 0.824841 0.750944 0.834344 0.740870 0.815581 0.774227 0.807802 0.787940
8 0.805510 0.791657 0.799234 0.803394 0.796880 0.801185 0.802831 0.790727
8 0.799234 0.803394 0.801047 0.804931 0.799411 0.807370 0.782479 0.790866 0.766852 0.775755 0.768617 0.773315 0.770646 0.774944 0.771755 0.777616 0.773586 0.778431 0.775417 0.779361 0.781297 0.785264 0.783885 0.787523 0.784609 0.788588 0.785156 0.788995 0.785156 0.788995 0.787305 0.791255
8 0.766852 0.775755 0.760773 0.779940 0.752862 0.784241 0.743315 0.787843 0.733117 0.790981 0.726971 0.792375 0.717034 0.794120 0.722656 0.789241 0.729391 0.787843 0.739198 0.784824 0.750573 0.780639 0.758289 0.776685 0.763648 0.772620 0.764630 0.771574 0.766852 0.773782 0.768617 0.773315
8 0.506542 0.553472 0.516581 0.569829 0.523607 0.581431 0.532974 0.594069 0.542008 0.605370 0.561857 0.631852 0.583930 0.656046 0.605651 0.676343 0.624638 0.690546 0.642388 0.700907 0.649130 0.704819 0.657708 0.707778 0.664089 0.708843 0.655401 0.702903 0.641458 0.696181 0.622104 0.684657 0.605367 0.671583 0.588815 0.656792 0.570521 0.636315 0.557518 0.621412 0.551518 0.615560 0.541453 0.602144 0.535956 0.592500 0.535956 0.592500 0.532036 0.584935 0.519047 0.568611 0.509430 0.552032
8 0.506542 0.553472 0.503693 0.555194 0.511880 0.569407 0.523526 0.587324 0.541779 0.612806 0.558688 0.633509 0.579737 0.656403 0.597990 0.675310 0.618482 0.692630 0.640651 0.711343 0.660247 0.725079 0.675589 0.733241 0.693503 0.739412 0.708508 0.738815 0.712763 0.738815 0.720266 0.735032 0.725977 0.730852 0.734089 0.723287 0.731044 0.720921 0.726760 0.725477 0.720266 0.730852 0.715339 0.733042 0.712203 0.734037 0.710747 0.734634 0.707164 0.735431 0.694510 0.734833 0.681635 0.731449 0.663271 0.722292 0.649049 0.713333 0.632141 0.699995 0.616018 0.686060 0.605651 0.676343 0.583930 0.656046 0.561857 0.631852 0.542008 0.605370 0.532974 0.594069 0.523607 0.581431 0.516581 0.569829
8 0.670409 0.708208 0.671086 0.707523 0.682409 0.709417 0.691216 0.708727 0.697411 0.707181 0.699589 0.705889 0.702370 0.704444 0.704862 0.705972 0.697701 0.710963 0.687539 0.713028 0.682216 0.713199 0.679023 0.712685
8 0.724234 0.716685 0.721182 0.719796 0.719333 0.721310 0.713328 0.722509 0.713555 0.721708 0.717792 0.718694 0.719479 0.717176 0.721240 0.714875
8 0.723273 0.712366 0.725026 0.710056 0.728359 0.711463 0.726042 0.714171
8 0.729094 0.715782 0.731466 0.713167 0.733727 0.714472 0.730958 0.717287
8 0.733727 0.714472 0.737107 0.715819 0.733716 0.718935 0.730958 0.717287
8 0.731044 0.720921 0.727286 0.718741 0.724234 0.716685 0.721240 0.714875 0.714005 0.711560 0.710786 0.709755 0.709372 0.708949 0.705982 0.706741 0.704862 0.705972 0.702370 0.704444 0.702201 0.703134 0.703654 0.702963 0.718289 0.709394 0.723273 0.712366 0.726042 0.714171 0.729094 0.715782 0.731341 0.717528 0.733716 0.718935 0.733716 0.718935 0.742812 0.725866 0.746315 0.727574 0.752474 0.727773 0.762419 0.727069 0.762023 0.734306 0.761404 0.734306 0.759424 0.733801 0.754510 0.732796 0.749594 0.732495 0.747956 0.733097 0.738406 0.726273
8 0.763833 0.755463 0.759909 0.760111 0.757818 0.757671 0.762458 0.751861 0.763112 0.752440 0.763833 0.753718
8 0.725026 0.710056 0.714333 0.705171 0.702750 0.699546 0.702750 0.698241 0.703013 0.696639 0.703180 0.696194 0.703346 0.695005 0.704099 0.695005 0.705438 0.695449 0.707612 0.696343 0.709620 0.697088 0.712297 0.698574 0.717648 0.701250 0.723755 0.704968 0.727557 0.705472 0.741570 0.712403 0.755469 0.718833 0.758917 0.719838 0.757977 0.724718 0.745919 0.720241 0.737107 0.715819 0.733727 0.714472 0.731466 0.713167 0.728359 0.711463 0.728359 0.711463
8 0.741570 0.712403 0.744971 0.708847 0.750000 0.703125 0.754544 0.696657 0.754544 0.695616 0.754544 0.695616 0.749685 0.698722 0.746102 0.700912 0.737456 0.710356
8 0.742576 0.702588 0.736711 0.710093 0.734055 0.708690 0.737896 0.703968
8 0.738643 0.699907 0.741299 0.696491 0.740339 0.694986 0.739943 0.694384 0.738484 0.695019 0.733896 0.700611
8 0.748193 0.705032 0.753279 0.710458 0.759549 0.716787 0.758917 0.719838 0.755990 0.718792 0.751188 0.713972 0.745648 0.708245
8 0.751695 0.708750 0.752487 0.702519 0.752260 0.699708 0.754068 0.697495 0.754859 0.703125 0.754013 0.711259
8 0.758023 0.703824 0.757628 0.715079 0.759549 0.716787 0.760852 0.709500 0.760852 0.709500
8 0.746779 0.720102 0.750849 0.727935 0.753221 0.727736 0.750057 0.721708
8 0.748758 0.723815 0.745367 0.722611 0.743729 0.721505 0.742823 0.722009 0.736833 0.719796 0.735987 0.720903 0.742812 0.725866 0.746315 0.727574 0.750849 0.727935
8 0.739818 0.717176 0.736833 0.719796 0.735987 0.720903 0.733716 0.718935 0.737107 0.715819
8 0.746964 0.715250 0.744544 0.709667 0.742648 0.711181 0.743891 0.713620
8 0.778805 0.717343 0.776776 0.725708 0.773573 0.733727 0.770174 0.741398 0.767109 0.740602 0.771547 0.729778 0.775078 0.720014 0.776385 0.715597
8 0.767109 0.740602 0.754510 0.732796 0.749594 0.732495 0.747956 0.733097 0.755870 0.738097 0.770513 0.746699 0.771232 0.745884 0.771625 0.744375 0.771690 0.742981 0.771430 0.741935 0.770174 0.741398 0.770318 0.741236
8 0.762656 0.756972 0.770646 0.774944 0.771755 0.777616 0.773586 0.778431 0.775417 0.779361 0.775339 0.777546 0.772406 0.771625 0.771271 0.768514 0.764354 0.753370 0.763833 0.755463
8 0.762523 0.750116 0.757242 0.738565 0.755870 0.738097 0.754563 0.737167 0.754234 0.737866 0.761362 0.753556 0.762458 0.751861 0.763112 0.752440 0.763833 0.753718 0.764354 0.753370 0.764354 0.753370
8 0.758471 0.764528 0.749448 0.779407 0.747161 0.777199 0.756312 0.761856
8 0.749620 0.785292 0.758846 0.795111 0.760208 0.796343 0.761344 0.792556 0.753326 0.784218
8 0.740693 0.788653 0.743346 0.794843 0.743188 0.796454 0.742583 0.797532 0.740995 0.797801 0.737599 0.789731
8 0.653552 0.767042 0.643281 0.762819 0.646922 0.766412 0.657438 0.773671 0.658201 0.774431 0.664026 0.777583 0.670297 0.781069 0.679573 0.783426 0.662313 0.773898
8 0.661461 0.768319 0.665617 0.768148 0.670977 0.772060 0.680206 0.776500 0.688982 0.779458 0.695714 0.781204 0.701917 0.781875 0.710995 0.780264 0.719542 0.775690 0.726424 0.769505 0.736714 0.757000 0.744958 0.746241 0.752674 0.736153 0.754563 0.737167 0.754234 0.737866 0.751388 0.742204 0.746049 0.750583 0.736411 0.762106 0.730133 0.770310 0.725664 0.774829 0.716708 0.781333 0.707555 0.785403 0.700625 0.785750 0.690687 0.783426 0.678396 0.778431 0.666430 0.772269
8 0.750573 0.780639 0.742690 0.772597 0.739815 0.774750 0.747000 0.782282
8 0.752391 0.760694 0.749122 0.769060 0.745854 0.775222 0.743500 0.774292 0.743172 0.773245 0.746833 0.766273 0.750234 0.758486 0.751214 0.759181
8 0.705646 0.796958 0.699042 0.799630 0.688844 0.798931 0.677487 0.795468 0.667052 0.793134 0.657638 0.788810 0.650948 0.784671 0.642953 0.779269 0.643156 0.780347 0.648320 0.785750 0.663612 0.794389 0.674146 0.799259 0.686398 0.802500 0.696172 0.803676 0.703357 0.802468 0.711979 0.797620 0.717034 0.794120 0.722656 0.789241 0.736641 0.777722 0.745193 0.770190 0.746023 0.768306 0.745414 0.766282 0.744964 0.765343 0.721891 0.785380 0.711831 0.793181
8 0.696172 0.803676 0.688148 0.807699 0.681266 0.810250 0.675289 0.810926 0.670750 0.810926 0.668331 0.810523 0.665365 0.809074 0.664193 0.808380 0.673247 0.807426 0.684292 0.805009 0.689635 0.802870
8 0.694141 0.799306 0.698711 0.796426 0.703818 0.792796 0.707138 0.790204 0.711104 0.788884 0.714901 0.787088 0.713083 0.790083 0.709833 0.793542 0.703042 0.798042 0.699042 0.799630
8 0.684255 0.796019 0.690966 0.794361 0.695104 0.792565 0.699747 0.790093 0.703797 0.790093 0.707138 0.790204 0.703818 0.792796 0.699703 0.795194 0.693583 0.797144 0.686661 0.797593 0.684297 0.797671 0.683833 0.797444
8 0.685565 0.802245 0.680120 0.804042 0.674083 0.806148 0.668344 0.806597 0.663911 0.806449 0.659396 0.805625 0.658044 0.805250 0.656820 0.801648 0.662982 0.802773 0.669779 0.802773 0.675349 0.801421 0.678599 0.800222
8 0.664193 0.808380 0.660471 0.806338 0.658044 0.805250 0.660091 0.810315 0.665409 0.813764 0.672880 0.816315 0.681195 0.818116 0.689849 0.817519 0.695883 0.815639 0.704115 0.811139 0.718466 0.802060 0.726401 0.795981 0.733117 0.790981 0.726971 0.792375 0.724669 0.792528 0.713951 0.800259 0.703312 0.807389 0.692380 0.812713 0.687992 0.813542 0.680224 0.813463 0.674021 0.812491 0.668331 0.810523
8 0.663984 0.802870 0.656690 0.793444 0.650674 0.787171 0.648320 0.785750 0.653419 0.793329 0.654924 0.796005 0.655250 0.796935 0.658846 0.801931
8 0.669779 0.802773 0.662049 0.793542 0.655578 0.789819 0.655578 0.790866 0.665385 0.802722
8 0.674070 0.789889 0.664026 0.777583 0.658201 0.774431 0.660352 0.778333 0.666979 0.786588 0.669977 0.789287
8 0.658125 0.783565 0.654107 0.779231 0.646805 0.773153 0.635708 0.763639 0.618773 0.748296 0.619359 0.750389 0.625966 0.757944 0.645706 0.775375 0.654992 0.781769
8 0.658125 0.783565 0.664469 0.786681 0.669977 0.789287 0.674070 0.789889 0.682711 0.790981 0.689247 0.790287 0.693432 0.789241 0.699747 0.790093 0.695104 0.792565 0.690966 0.794361 0.684255 0.796019 0.677487 0.795468 0.667052 0.793134 0.657638 0.788810 0.650948 0.784671 0.642953 0.779269 0.625966 0.757944 0.645706 0.775375 0.654992 0.781769
8 0.663750 0.782347 0.663357 0.783755 0.662771 0.786079 0.658125 0.783565 0.654107 0.779231 0.642437 0.767829 0.645117 0.765495 0.655971 0.775606
8 0.653552 0.767042 0.662313 0.773898 0.679573 0.783426 0.693432 0.789241 0.699747 0.790093 0.703797 0.790093 0.703797 0.790093 0.707138 0.790204 0.711104 0.788884 0.714901 0.787088 0.725990 0.780056 0.742401 0.766227 0.749396 0.761111 0.749594 0.760181 0.749594 0.758671 0.749005 0.756463 0.746716 0.757856 0.737693 0.765296 0.725664 0.774829 0.716708 0.781333 0.707555 0.785403 0.700625 0.785750 0.690687 0.783426 0.678396 0.778431 0.666430 0.772269 0.661461 0.768319 0.656622 0.767884
8 0.737818 0.790671 0.727000 0.804120 0.719891 0.815282 0.719891 0.815282 0.711341 0.825639 0.703854 0.834782 0.701734 0.834648 0.697878 0.833704 0.689479 0.830343 0.686380 0.827519 0.684714 0.824167 0.699919 0.829403 0.703029 0.830208 0.717167 0.813264 0.731849 0.792287 0.733117 0.790981 0.737599 0.789731 0.737599 0.789731
8 0.715578 0.815148 0.710055 0.807481 0.707711 0.808829 0.713536 0.817704
8 0.711721 0.814338 0.699701 0.820259 0.697271 0.816759 0.709224 0.811111
8 0.710055 0.807481 0.712508 0.807157 0.724987 0.802319 0.722865 0.805417 0.712432 0.810792
8 0.699701 0.820259 0.702901 0.824375 0.702596 0.825583 0.706682 0.826120 0.711070 0.820606
8 0.715276 0.820931 0.717620 0.825505 0.711341 0.825639
8 0.718529 0.820125 0.721253 0.824426 0.728211 0.821602 0.733885 0.817972 0.740927 0.812056 0.746214 0.807884 0.749240 0.803449 0.752424 0.796588 0.753854 0.793227 0.754763 0.790403 0.752341 0.788250 0.748786 0.797259 0.745542 0.803046 0.739792 0.808153 0.731615 0.814611 0.724883 0.818912
8 0.702596 0.825583 0.702068 0.828273 0.701234 0.828407 0.692159 0.817111 0.695883 0.815639 0.697271 0.816759 0.699701 0.820259 0.702901 0.824375 0.702901 0.824375
8 0.693346 0.812190 0.689328 0.807213 0.686302 0.808287 0.689708 0.813532
8 0.684714 0.824167 0.680281 0.817917 0.675893 0.817111 0.688680 0.834593 0.689133 0.833519 0.689359 0.831903 0.689479 0.830343 0.686380 0.827519
8 0.684411 0.828463 0.676628 0.824829 0.676544 0.823620 0.675031 0.821870 0.674201 0.822273 0.673823 0.821736 0.672612 0.819991 0.671628 0.815819 0.672880 0.816315 0.673974 0.816356 0.675562 0.819718 0.679570 0.821736
8 0.676628 0.824829 0.686862 0.839838 0.684594 0.843468 0.669539 0.821551 0.669539 0.820204 0.669237 0.819667 0.670297 0.818185 0.671583 0.818185 0.672612 0.819991 0.673823 0.821736 0.674201 0.822273 0.675031 0.821870 0.676544 0.823620
8 0.669539 0.821551 0.667648 0.823028 0.661521 0.815630 0.660091 0.810315 0.665409 0.813764 0.669844 0.819130 0.669237 0.819667 0.669539 0.820204
8 0.584070 0.704722 0.604607 0.731370 0.627542 0.751625 0.643281 0.762819 0.656622 0.767884 0.665617 0.768148 0.677010 0.765750 0.687953 0.759889 0.693620 0.755556 0.687651 0.754556 0.679857 0.759889 0.671911 0.763352 0.661120 0.763884 0.652276 0.760954 0.649607 0.759116 0.643760 0.757782 0.624573 0.744190 0.605836 0.727403 0.605805 0.726843
6 0.748664 0.747329 0.767362 0.768366 0.768867 0.770690 0.769128 0.772083 0.768617 0.773315 0.766852 0.773782 0.764630 0.771574 0.746049 0.750583
8 0.711156 0.752069 0.720568 0.751843 0.729938 0.749144 0.738971 0.743741 0.746003 0.737227 0.747906 0.735403 0.749273 0.733662 0.752156 0.735657 0.747273 0.741736 0.740776 0.747468 0.731495 0.753111 0.723534 0.755625 0.713917 0.755977 0.708250 0.756060 0.705122 0.755019 0.708172 0.754144
8 0.718021 0.752074 0.727151 0.743565 0.734039 0.737139 0.736187 0.739917 0.724417 0.750944 0.720568 0.751843
6 0.743122 0.740005 0.734380 0.730366 0.731888 0.733060 0.740094 0.742870
8 0.671841 0.766856 0.677966 0.769144 0.683792 0.770083 0.694307 0.768199 0.703383 0.764569 0.710797 0.759324 0.713917 0.755977 0.719117 0.755829 0.708906 0.765375 0.701266 0.770218 0.693021 0.772907 0.684169 0.773981 0.677740 0.773310 0.670328 0.770889 0.665617 0.768148 0.665617 0.768148
8 0.704896 0.763630 0.693852 0.761208 0.688633 0.759324 0.687953 0.759889 0.684836 0.761583 0.696401 0.765472 0.700010 0.765926
8 0.674208 0.752829 0.680948 0.753611 0.683292 0.753523 0.687651 0.754556 0.682747 0.758019
8 0.694914 0.761338 0.697552 0.759514 0.705122 0.755019 0.708250 0.756060 0.699555 0.762463
8 0.722799 0.755606 0.717672 0.760120 0.714060 0.763505 0.711422 0.764722 0.710250 0.764116 0.719117 0.755829
8 0.724417 0.750944 0.728299 0.749606 0.733917 0.745181 0.738971 0.743741 0.740094 0.742870 0.740094 0.742870 0.737286 0.739537 0.736187 0.739917
8 0.752674 0.736153 0.752156 0.735657 0.752156 0.735657 0.747273 0.741736 0.740776 0.747468 0.735331 0.750824 0.727714 0.759245 0.714060 0.763505 0.711422 0.764722 0.708906 0.765375 0.703638 0.768796 0.707250 0.769315 0.719216 0.766708 0.728154 0.762977 0.731474 0.761065 0.732159 0.760718 0.733526 0.758551 0.734208 0.756986 0.741974 0.749088 0.744958 0.746241
8 0.732177 0.762810 0.731474 0.761065 0.728154 0.762977 0.718016 0.770019 0.705560 0.781306 0.710995 0.780264 0.719542 0.775690 0.726424 0.769505
8 0.693937 0.780782 0.704388 0.776963 0.712690 0.773579 0.717086 0.771060 0.705560 0.781306 0.701917 0.781875 0.695714 0.781204
8 0.688982 0.779458 0.695482 0.777912 0.705297 0.774005 0.719216 0.766708 0.707250 0.769315 0.703638 0.768796 0.701266 0.770218 0.701266 0.770218 0.693021 0.772907 0.684396 0.775130 0.678388 0.775829
8 0.677966 0.769144 0.678326 0.768667 0.686810 0.766940 0.691284 0.765139 0.693057 0.764389 0.696401 0.765472 0.693268 0.767769 0.690776 0.768819 0.683792 0.770083
8 0.662378 0.755417 0.663099 0.754051 0.673943 0.762625 0.671911 0.763352 0.664404 0.758440
8 0.769807 0.710954 0.767766 0.725477 0.766706 0.724940 0.766932 0.722921 0.765799 0.722787 0.767086 0.711625 0.768336 0.709954
8 0.769807 0.710954 0.771359 0.711949 0.770753 0.722301 0.768560 0.726472 0.767766 0.725477
8 0.768560 0.726472 0.774839 0.714500 0.776385 0.715597 0.770526 0.727278
8 0.774271 0.699625 0.774005 0.709394 0.771813 0.707644 0.771813 0.703069
8 0.782818 0.693671 0.783461 0.706838 0.783461 0.710870 0.783615 0.717056 0.783766 0.723782 0.783234 0.730639 0.782706 0.738171 0.780891 0.746644 0.779151 0.752023 0.774310 0.760093 0.777487 0.746644 0.779302 0.742204 0.781117 0.733463 0.781570 0.729431 0.781310 0.715986 0.781393 0.714352 0.780815 0.698769 0.779982 0.692181
8 0.780969 0.734403 0.778680 0.734403 0.773573 0.733727 0.775607 0.728241 0.781570 0.729431
8 0.614339 0.639389 0.627891 0.655903 0.628505 0.655819 0.627784 0.650241 0.616659 0.639296 0.614068 0.637278
8 0.617544 0.653042 0.618896 0.659667 0.616466 0.657745 0.615060 0.651218
8 0.615060 0.651218 0.608802 0.646713 0.614810 0.656681 0.616466 0.657745
8 0.636854 0.654171 0.640602 0.658282 0.644414 0.659394 0.637604 0.651065 0.634799 0.648528 0.634799 0.648528
8 0.685531 0.666176 0.689146 0.672731 0.688070 0.673912 0.687214 0.673981 0.687214 0.673981 0.686255 0.673370 0.682930 0.666690
8 0.699302 0.676329 0.703568 0.682495 0.703133 0.683782 0.702339 0.684167 0.700820 0.684167 0.698797 0.682111 0.695977 0.676843
8 0.800557 0.805648 0.806042 0.800417 0.802896 0.807301 0.794990 0.815759 0.797531 0.809523 0.799411 0.807370 0.799411 0.807370
8 0.808464 0.794819 0.801047 0.804931 0.799708 0.803931 0.808060 0.792023 0.809182 0.792384
8 0.793859 0.818917 0.800919 0.812319 0.797570 0.819921 0.791198 0.825440
8 0.685766 0.838532 0.724534 0.834995 0.727674 0.839880 0.707552 0.841894 0.708573 0.840241 0.708724 0.839704 0.703430 0.840106 0.700177 0.841856 0.684594 0.843468 0.686862 0.839838
8 0.767526 0.664583 0.770161 0.668514 0.767461 0.655347 0.767461 0.655347
8 0.638703 0.626639 0.645388 0.632079 0.650701 0.642856 0.645260 0.638287
8 0.666242 0.591755 0.672904 0.598995 0.676529 0.605565 0.681732 0.613852 0.672979 0.604671
8 0.774688 0.669583 0.777578 0.674398 0.779237 0.673199 0.779622 0.671477 0.779526 0.670102 0.777010 0.665458
8 0.786784 0.649801 0.790461 0.685588 0.791622 0.697972 0.789010 0.701931 0.784557 0.653241
8 0.779719 0.629329 0.781945 0.610056 0.783398 0.609542 0.784365 0.609713 0.782138 0.638102 0.780784 0.653759
8 0.778656 0.620722 0.779333 0.592852 0.778172 0.591477 0.776719 0.591306 0.776042 0.591991 0.775365 0.663218 0.778461 0.657884 0.777880 0.645500
8 0.780784 0.653759 0.779719 0.624167 0.778656 0.620722 0.777880 0.645500 0.778461 0.657884
8 0.685893 0.709588 0.692669 0.704083 0.693732 0.705116 0.693927 0.706833 0.691216 0.708727 0.691604 0.708727
8 0.534320 0.583139 0.541187 0.592009 0.553911 0.605500 0.555792 0.605759 0.536417 0.580440 0.529042 0.572218
8 0.503391 0.551236 0.527086 0.537912 0.546732 0.526028 0.548250 0.525130 0.549771 0.525130 0.550479 0.526028 0.550784 0.528190 0.549365 0.530352 0.546935 0.532509 0.530529 0.540611 0.503693 0.555194
8 0.488706 0.559333 0.501458 0.552315 0.501771 0.555741 0.489922 0.562398
8 0.483844 0.562398 0.486984 0.560417 0.487693 0.564194 0.485365 0.565097
8 0.512503 0.526824 0.522984 0.535819 0.526456 0.538264 0.523563 0.540190 0.518141 0.535565
8 0.612016 0.628074 0.616367 0.648301 0.612937 0.645773 0.609089 0.626292
8 0.682315 0.660403 0.662133 0.645519 0.635641 0.624306 0.606151 0.601426 0.605401 0.597537 0.643159 0.626583 0.686458 0.659750 0.687859 0.660995 0.689312 0.662958
8 0.687859 0.660995 0.689312 0.662958 0.697633 0.664389 0.701432 0.661181 0.701432 0.661181 0.701745 0.660514
8 0.495552 0.559301 0.503552 0.593685 0.503552 0.600889 0.503654 0.600528 0.500919 0.596926 0.495654 0.573704 0.492818 0.560741
8 0.539768 0.543056 0.533992 0.538699 0.531542 0.540097 0.556661 0.560792 0.586857 0.585065 0.603049 0.598602 0.602086 0.594088 0.556661 0.556903
8 0.538807 0.536208 0.536357 0.537606 0.539768 0.543056 0.547560 0.549588 0.543794 0.544454
8 0.541258 0.535120 0.555786 0.553014 0.556661 0.556903 0.547560 0.549588 0.543794 0.544454 0.538807 0.536208
8 0.554052 0.543644 0.555786 0.553014 0.541258 0.535120 0.545299 0.533065
8 0.548013 0.531819 0.552391 0.537731 0.553177 0.540222 0.554052 0.543644 0.545299 0.533065
8 0.532346 0.516417 0.541799 0.528861 0.544951 0.527306 0.534974 0.516111
8 0.536969 0.532319 0.538630 0.531227 0.529440 0.516444 0.527078 0.516759
8 0.524190 0.517690 0.526378 0.517069 0.536969 0.532319 0.535305 0.532782
