0 0.376352 0.994231 0.392990 0.990838 0.406630 0.992292 0.409086 0.990838 0.409086 0.986958 0.406357 0.984051 0.406086 0.969986 0.409630 0.960287 0.410177 0.953495 0.407448 0.946708 0.400630 0.930218 0.399266 0.923431 0.395719 0.923431 0.388625 0.927310 0.386443 0.924884 0.378534 0.931190 0.326703 0.880755 0.322339 0.879782 0.320974 0.885602 0.317974 0.896755 0.311701 0.902574 0.307336 0.902574 0.306516 0.905486 0.307062 0.907426 0.318247 0.934097 0.322065 0.947190 0.317974 0.961255 0.311971 0.960769 0.299151 0.943796 0.293422 0.935551 0.287966 0.934097 0.289331 0.924884 0.287422 0.920032 0.284966 0.920519 0.278419 0.930704 0.269143 0.928278 0.266417 0.930704 0.263687 0.937491 0.258779 0.953009 0.255232 0.963681 0.259323 0.982593 0.262792 1.000000 0.266047 1.000000 0.267234 0.996657 0.271326 0.980653 0.280602 0.978713 0.285240 0.982593 0.287422 0.989870 0.287815 1.000000 0.370112 1.000000
8 0.667677 0.775718 0.664706 0.783569 0.661987 0.789306 0.660661 0.792199 0.658687 0.795005 0.654938 0.793986 0.651201 0.790819 0.649586 0.786894 0.655279 0.790213 0.658419 0.789759 0.663685 0.779944 0.665044 0.775718
8 0.660372 0.768171 0.660458 0.772245 0.655193 0.782060 0.652474 0.782213 0.650096 0.780852 0.652107 0.778505 0.653578 0.779190 0.654513 0.779190 0.657146 0.772245
8 0.518747 0.380509 0.522974 0.396444 0.520039 0.396745 0.517885 0.388116 0.517021 0.384046 0.516932 0.377847 0.517620 0.377407
8 0.508448 0.371370 0.513034 0.388130 0.515445 0.397245 0.516888 0.397245 0.515948 0.389921 0.512865 0.379523 0.511599 0.377213
8 0.458013 0.374171 0.458453 0.385264 0.458266 0.388986 0.457263 0.388986 0.456104 0.376130
8 0.454344 0.359167 0.454638 0.366213 0.455560 0.373125 0.457279 0.370778 0.456385 0.367597 0.455620 0.366824 0.455367 0.365014 0.455536 0.363819 0.456180 0.362690 0.455958 0.359426
8 0.379310 0.364782 0.381299 0.373213 0.380195 0.376486 0.378721 0.371769 0.378328 0.368083 0.378622 0.364431
8 0.374594 0.325125 0.371841 0.324583 0.371448 0.326000 0.373404 0.328718 0.374589 0.328565
8 0.539305 0.470676 0.539643 0.475810 0.540357 0.483819 0.542531 0.482301 0.540917 0.471278
8 0.537180 0.463731 0.539729 0.466597 0.542362 0.472940 0.540917 0.471278 0.538669 0.468713 0.536245 0.465593
2 0.446904 0.446306 0.443987 0.448898 0.444622 0.458264 0.445982 0.468681 0.446268 0.471694 0.448190 0.472606 0.448953 0.466269 0.449208 0.459926 0.449125 0.457509
2 0.567474 0.679306 0.566758 0.685366 0.567339 0.688963 0.566367 0.691977 0.563182 0.680204 0.569651 0.669171 0.570372 0.672898 0.569651 0.675597 0.568276 0.677653
8 0.506091 0.499532 0.508305 0.502894 0.506794 0.505005 0.505984 0.503662 0.506174 0.500551
8 0.580133 0.494722 0.579714 0.502903 0.581638 0.503347 0.581721 0.498144 0.582391 0.497694 0.582055 0.494130
2 0.436924 0.296833 0.435898 0.297597 0.434698 0.295907 0.433385 0.294463 0.433260 0.292907 0.435198 0.290463 0.435385 0.288241 0.436633 0.286241 0.437008 0.286685 0.439133 0.286130 0.440380 0.286560 0.440703 0.287616 0.441029 0.289630 0.441245 0.291264 0.441622 0.294333 0.441622 0.297213 0.441893 0.299037 0.440974 0.299903 0.438867 0.301727 0.438167 0.301056 0.437141 0.298560
8 0.507083 0.591241 0.511638 0.603194 0.509469 0.607306 0.504841 0.594069 0.504263 0.591884 0.503469 0.588671 0.506505 0.589310
8 0.507487 0.592181 0.512836 0.597574 0.512836 0.600662 0.511969 0.600917 0.509729 0.598088
8 0.452497 0.296954 0.452570 0.302093 0.452714 0.316102 0.453148 0.327282 0.453156 0.329069 0.452578 0.329069 0.451711 0.310046 0.451130 0.301181 0.451781 0.298222
8 0.450039 0.301319 0.451711 0.310046 0.451992 0.317259 0.451414 0.317000 0.449388 0.302093
8 0.448529 0.304134 0.449388 0.302093 0.451414 0.317000 0.451992 0.317259 0.452578 0.329069 0.451927 0.329069 0.450482 0.315444
8 0.447372 0.292583 0.451195 0.289884 0.454451 0.289625 0.461099 0.291167 0.463133 0.291412 0.467758 0.294241 0.470281 0.297338 0.469992 0.300421 0.466232 0.296824 0.461896 0.294255 0.455615 0.293083 0.451854 0.293338 0.448883 0.294509 0.446643 0.296310 0.447010 0.294495
8 0.453052 0.282787 0.453286 0.289671 0.452398 0.289755 0.452143 0.282546
8 0.452143 0.282546 0.452398 0.289755 0.451195 0.289884 0.450982 0.283505
8 0.453521 0.260880 0.453193 0.268347 0.453010 0.279588 0.452143 0.279588 0.452120 0.266606 0.452794 0.260954
8 0.452794 0.260954 0.452120 0.266606 0.452143 0.279588 0.451073 0.279523 0.450982 0.269153 0.450935 0.265005 0.451307 0.263014 0.451542 0.261685
8 0.457479 0.258500 0.459068 0.270194 0.459068 0.273792 0.458419 0.276620 0.457911 0.275722 0.457260 0.269421 0.456755 0.264796 0.456466 0.259144
8 0.456755 0.264796 0.456263 0.265324 0.456336 0.275606 0.456409 0.281519 0.458216 0.282287 0.457911 0.275722 0.457260 0.269421
8 0.462365 0.259167 0.460745 0.265838 0.459068 0.273792 0.458419 0.276620 0.458216 0.282287 0.459372 0.283829 0.460167 0.280102 0.461974 0.268667 0.462987 0.264167 0.464070 0.259153
8 0.465359 0.259014 0.463768 0.270579 0.462539 0.278162 0.459792 0.281889 0.459372 0.283829 0.461021 0.285231 0.463190 0.281120 0.464419 0.278032 0.465503 0.268782 0.466875 0.259014
8 0.465938 0.270194 0.467961 0.266468 0.471141 0.263384 0.472805 0.263125 0.474323 0.264023 0.475911 0.268653 0.475044 0.270968 0.472659 0.265440 0.470130 0.267755 0.468539 0.268653 0.466297 0.271866
8 0.467310 0.270324 0.466154 0.281375 0.465719 0.284588 0.467672 0.283690 0.468828 0.274306 0.470130 0.267755 0.468539 0.268653
8 0.474250 0.272764 0.471792 0.272509 0.471070 0.273921 0.469768 0.277005 0.468755 0.281120 0.468393 0.283046 0.469984 0.282662 0.471648 0.274949 0.473815 0.275847
8 0.472732 0.281245 0.469984 0.282662 0.468393 0.283046 0.467672 0.283690 0.465719 0.284588 0.464490 0.285231 0.462901 0.286644 0.463638 0.287042 0.464779 0.287931 0.467526 0.285361 0.469911 0.285231 0.472297 0.283301
8 0.474901 0.282917 0.476635 0.281505 0.477286 0.279449 0.477576 0.277519 0.477576 0.274435 0.477214 0.272634 0.476273 0.273792 0.476346 0.276236 0.476419 0.278421 0.476419 0.279190 0.474612 0.279833
8 0.453156 0.329069 0.454451 0.323685 0.455565 0.315278 0.456190 0.307278 0.456565 0.302949 0.457003 0.297505 0.457440 0.293282 0.458565 0.293616 0.457503 0.313611 0.456815 0.319389 0.456003 0.322940 0.454753 0.330718
8 0.458565 0.293616 0.457677 0.314542 0.458432 0.321551 0.460378 0.335375 0.462891 0.337380 0.461294 0.327213 0.459836 0.316944 0.459729 0.308014 0.460161 0.297741 0.460268 0.293903
8 0.503799 0.593208 0.504841 0.594069 0.509469 0.607306 0.508284 0.610426 0.507633 0.608630 0.503656 0.602074 0.502932 0.598861 0.502211 0.597574 0.503180 0.594454
8 0.515255 0.543329 0.517479 0.546708 0.517427 0.548148 0.518344 0.549394 0.521260 0.555250 0.527523 0.568884 0.528951 0.573000 0.527070 0.575546 0.522247 0.563315 0.519250 0.557440 0.518279 0.554944 0.515214 0.547648
8 0.472594 0.315574 0.474435 0.334014 0.472023 0.343463 0.471674 0.338329 0.471674 0.338329 0.471258 0.317657
8 0.477445 0.329852 0.478281 0.349477 0.476443 0.348884 0.476023 0.335949
8 0.476023 0.335949 0.476443 0.348884 0.473766 0.346801
8 0.512331 0.607213 0.513995 0.613898 0.514284 0.619296 0.514789 0.623407 0.513849 0.623153 0.510885 0.611713
8 0.510234 0.617880 0.512766 0.621606 0.513849 0.623153 0.514935 0.626106 0.516018 0.635491 0.513633 0.629579
8 0.643557 0.760014 0.645510 0.766509 0.642964 0.766356 0.641943 0.760769
8 0.645596 0.758505 0.649841 0.766056 0.647125 0.766056 0.644151 0.759565
8 0.639396 0.762431 0.640755 0.766657 0.638036 0.766657 0.637357 0.764394
8 0.648482 0.770736 0.651286 0.773454 0.648909 0.776324 0.644831 0.770889
8 0.644831 0.770889 0.648909 0.776324 0.646870 0.778736 0.642112 0.770736
8 0.638802 0.770736 0.644557 0.781773 0.646870 0.778736 0.642112 0.770736 0.641094 0.770736
8 0.633281 0.766657 0.642112 0.766657 0.650945 0.766056 0.652729 0.766810 0.652646 0.768926 0.651625 0.770736 0.641094 0.770736 0.635742 0.770435 0.633365 0.770889 0.631411 0.770435 0.631326 0.768171
8 0.635742 0.770435 0.636763 0.775718 0.640159 0.786139 0.638630 0.787495 0.635065 0.776778 0.633365 0.770889
8 0.632685 0.781907 0.636846 0.786588 0.637443 0.788102 0.637018 0.789611 0.633365 0.793083 0.633109 0.786894
8 0.631326 0.768171 0.633109 0.786894 0.633365 0.793083 0.631156 0.795500 0.631203 0.793130 0.631104 0.789514 0.630815 0.787278 0.630612 0.785250 0.629935 0.780259 0.629203 0.772093 0.630320 0.769764
8 0.641773 0.799875 0.637378 0.802486 0.642453 0.804861 0.642964 0.803954
8 0.636193 0.796407 0.637378 0.802486 0.634089 0.800616 0.633956 0.798745
8 0.611198 0.817222 0.613565 0.820731 0.611724 0.823301 0.609620 0.819796
8 0.648427 0.811144 0.652505 0.824940 0.649216 0.821898 0.645534 0.810208
8 0.641719 0.790560 0.646849 0.806699 0.643560 0.805528 0.639349 0.792431
8 0.680133 0.748231 0.685919 0.742616 0.687893 0.744486 0.686445 0.747060 0.680789 0.751269
8 0.680922 0.754079 0.686445 0.753375 0.692893 0.750569 0.694734 0.754079 0.689078 0.756884 0.681052 0.758287
8 0.681052 0.758287 0.689078 0.756884 0.694734 0.754079 0.695523 0.758519 0.687893 0.761093 0.680526 0.762028
8 0.680133 0.763199 0.682367 0.771852 0.687104 0.781671 0.692104 0.777463 0.697365 0.770213 0.698286 0.773019 0.697760 0.775593 0.688945 0.785181 0.686971 0.784713 0.684211 0.782144 0.681315 0.775361 0.678815 0.765301
8 0.678815 0.765301 0.681578 0.779569 0.681974 0.788454 0.681052 0.797810 0.678289 0.807167 0.676711 0.811611 0.673422 0.812310 0.671055 0.811611 0.669344 0.809269 0.670529 0.809736 0.672370 0.809972 0.675396 0.809972 0.678948 0.798046 0.679870 0.789861 0.678685 0.771384 0.677763 0.768810
8 0.676055 0.771148 0.676055 0.783546 0.674607 0.798046 0.673029 0.805995 0.671977 0.808569 0.667766 0.803426 0.660661 0.792199 0.658687 0.795005 0.666844 0.806931 0.669344 0.809269 0.670529 0.809736 0.672370 0.809972 0.674737 0.808102 0.676711 0.799213 0.678159 0.783079 0.677763 0.768810
8 0.632510 0.799917 0.643560 0.805528 0.661451 0.812546 0.673685 0.815819 0.682367 0.817222 0.691315 0.815116 0.714995 0.811843 0.715784 0.811843 0.716177 0.813245 0.715651 0.815116 0.686578 0.821199 0.678685 0.822134 0.666844 0.818625 0.652768 0.813713 0.639615 0.807167 0.634219 0.805296 0.632115 0.803894 0.631685 0.800870
8 0.620169 0.838204 0.633523 0.860227 0.643107 0.875884 0.651331 0.888958 0.648911 0.892227 0.638461 0.872787 0.636427 0.870204 0.633979 0.866093 0.630398 0.860759 0.620266 0.843194 0.617956 0.840282 0.615195 0.835819 0.602846 0.813259 0.601484 0.811611 0.598307 0.804477 0.597107 0.803986 0.595560 0.800718 0.595560 0.800718 0.592589 0.794676 0.595104 0.793130 0.604201 0.810333 0.614458 0.828227
8 0.638461 0.872787 0.648911 0.892227 0.648526 0.894639 0.646688 0.894810 0.640299 0.881218 0.637589 0.876227 0.635846 0.871236 0.636427 0.870204
8 0.608086 0.886231 0.608586 0.901102 0.610846 0.900801 0.610344 0.888463 0.609005 0.885338
8 0.621385 0.860801 0.621477 0.862764 0.621477 0.864551 0.622221 0.884444 0.622555 0.889801 0.623430 0.888806 0.624786 0.885537 0.623893 0.873741 0.623391 0.862884 0.623307 0.860060
8 0.620974 0.865444 0.621727 0.884477 0.622229 0.891167 0.621688 0.892245 0.620388 0.894139 0.618466 0.872875 0.618297 0.866782 0.619888 0.865292
8 0.605995 0.857083 0.606747 0.862139 0.607667 0.866602 0.608430 0.870912 0.609674 0.867046 0.608253 0.857681
8 0.592026 0.809204 0.593615 0.830917 0.594617 0.835523 0.596542 0.842810 0.597547 0.842662 0.595203 0.822292 0.593781 0.809352
8 0.599971 0.827940 0.602648 0.840727 0.604906 0.839690 0.601979 0.827644
8 0.407969 0.327764 0.411589 0.334194 0.412398 0.330736 0.409753 0.326514 0.408674 0.327449
8 0.403432 0.331481 0.407307 0.342593 0.408086 0.345130 0.406620 0.347032 0.405935 0.344986 0.403495 0.338370 0.401870 0.332815 0.402964 0.331690
8 0.399497 0.335815 0.403495 0.338370 0.405495 0.343921 0.399260 0.339676 0.398747 0.338370
8 0.408367 0.338593 0.406807 0.341148 0.407307 0.342593 0.408086 0.345130 0.408680 0.343370 0.409367 0.340593 0.409805 0.339037
8 0.406406 0.419787 0.407344 0.425676 0.409219 0.431449 0.410719 0.434894 0.413216 0.438782 0.413466 0.438116 0.413266 0.434574 0.413091 0.433560 0.410969 0.430005 0.410219 0.427231 0.408969 0.422120
8 0.415128 0.426194 0.417628 0.430306 0.422128 0.439972 0.421815 0.446079 0.417753 0.436639 0.415503 0.430639
8 0.416628 0.442301 0.418628 0.447079 0.421628 0.454301 0.421815 0.446079 0.421253 0.444745 0.420378 0.444523 0.417753 0.436639 0.415503 0.430639 0.415703 0.434574
8 0.399492 0.417681 0.406542 0.428972 0.408422 0.432269 0.409219 0.431449 0.407344 0.425676 0.404906 0.421000 0.400474 0.415199
8 0.591523 0.822736 0.594617 0.835523 0.596542 0.842810 0.594367 0.843556 0.590854 0.829426 0.589349 0.823481 0.590237 0.823597 0.590430 0.822565
8 0.613271 0.841472 0.611513 0.836861 0.605919 0.822023 0.601484 0.811611 0.598307 0.804477 0.597107 0.803986 0.597638 0.806856 0.600818 0.816370 0.607508 0.832134 0.609508 0.838199 0.611013 0.841917 0.614784 0.851463 0.619888 0.865292 0.620974 0.865444 0.621477 0.864551 0.621477 0.862764
8 0.611513 0.836861 0.615195 0.835819 0.617956 0.840282 0.613271 0.841472
8 0.609508 0.838199 0.598466 0.842366 0.588513 0.845338 0.589516 0.849500 0.593198 0.848463 0.601143 0.845782 0.611013 0.841917
8 0.430818 0.316060 0.431685 0.316088 0.430167 0.330352 0.429445 0.337551 0.429445 0.346417 0.429445 0.356699 0.428143 0.365051 0.427130 0.365310 0.427203 0.349477 0.428359 0.331870
8 0.415570 0.311704 0.414703 0.316718 0.414344 0.320060 0.413375 0.323593 0.413620 0.326356 0.414479 0.323745 0.416531 0.315782
8 0.435190 0.363440 0.434823 0.400875 0.437242 0.398639 0.437242 0.384704 0.436422 0.384157 0.436422 0.381370 0.437461 0.369463
8 0.437255 0.402176 0.441104 0.413625 0.441940 0.415708 0.442190 0.417495 0.440602 0.418088 0.437339 0.408870 0.435750 0.404259
8 0.442669 0.250333 0.443229 0.244361 0.444021 0.239134 0.445422 0.236231 0.446495 0.234903 0.445703 0.239963 0.444510 0.248528 0.443766 0.249176
8 0.441974 0.248120 0.439872 0.250690 0.437026 0.254838 0.436607 0.256000 0.438151 0.255898 0.441174 0.252056 0.442669 0.250333 0.442859 0.247787
8 0.440526 0.244384 0.441927 0.245296 0.443000 0.245963 0.442859 0.247787 0.441505 0.247292 0.440573 0.246375 0.439826 0.245546
8 0.439826 0.245546 0.439448 0.246727 0.439448 0.246727 0.440247 0.250069 0.441367 0.248824 0.440573 0.246375
8 0.593198 0.848463 0.602146 0.851731 0.612099 0.853963 0.615279 0.854708 0.614818 0.859042 0.612302 0.858352 0.604070 0.856491 0.600391 0.855153 0.597797 0.855005 0.595456 0.854111 0.591859 0.852921 0.589768 0.851880 0.589516 0.849500
8 0.588680 0.851731 0.589768 0.851880 0.591943 0.859167 0.592276 0.867347 0.592193 0.872995 0.592109 0.877903 0.590938 0.875523 0.590438 0.870171 0.590771 0.868088 0.589935 0.859019 0.589432 0.858273
8 0.600391 0.855153 0.602815 0.863926 0.606078 0.872403 0.607081 0.874931 0.605911 0.878648 0.601560 0.867347 0.600732 0.865144 0.597797 0.855005
8 0.597797 0.855005 0.600732 0.865144 0.599646 0.881204 0.598307 0.898306 0.597591 0.901537 0.598461 0.904977 0.596721 0.904977 0.595945 0.903773 0.595365 0.903944 0.596625 0.884745 0.598299 0.863926
8 0.597797 0.855005 0.598299 0.863926 0.596625 0.884745 0.594786 0.892176 0.593865 0.893963 0.592076 0.891556 0.593112 0.886231 0.594367 0.878051 0.595372 0.869727 0.595456 0.854111
8 0.612302 0.858352 0.608430 0.870912 0.603591 0.885708 0.599721 0.896546 0.597591 0.901537 0.598461 0.904977 0.602141 0.895856 0.605430 0.887602 0.607076 0.883472 0.607560 0.881921 0.608141 0.878310 0.609786 0.874009 0.611333 0.870394 0.613172 0.865407 0.614818 0.859042
8 0.607076 0.883472 0.607365 0.894481 0.607464 0.901366 0.606979 0.901537 0.606107 0.903431 0.606107 0.907213 0.605044 0.907384 0.605141 0.900333 0.605430 0.887602
8 0.606979 0.901537 0.612398 0.900505 0.611721 0.904977 0.606107 0.907213 0.606107 0.903431
8 0.615206 0.896718 0.617141 0.899130 0.618883 0.896204 0.617141 0.894481 0.615786 0.892764 0.615591 0.894481
8 0.608141 0.878310 0.613560 0.889667 0.613656 0.891556 0.613365 0.895000 0.607560 0.881921
8 0.614818 0.859042 0.619076 0.890523 0.619656 0.895343 0.618883 0.896204 0.617141 0.894481 0.616367 0.889319 0.614721 0.878824 0.613172 0.865407
8 0.609786 0.874009 0.613268 0.886051 0.613656 0.891556 0.612979 0.897579 0.611721 0.904977 0.611430 0.913407 0.612206 0.911000 0.613656 0.907731 0.615591 0.894481 0.616367 0.889319 0.614914 0.882954 0.611333 0.870394
8 0.618786 0.846134 0.625268 0.866264 0.627591 0.876759 0.627206 0.880546 0.624786 0.885537 0.623430 0.888806 0.621688 0.892245 0.618883 0.896204 0.615786 0.902741 0.613656 0.907731 0.612206 0.911000 0.611430 0.913407 0.615302 0.913579 0.615398 0.915644 0.615495 0.919259 0.618206 0.918227 0.619948 0.917194 0.621010 0.909968 0.622753 0.905148 0.625656 0.897236 0.628172 0.889838 0.627979 0.887773 0.629818 0.884505 0.630979 0.880889 0.628172 0.867472 0.622560 0.850440 0.620529 0.845620
8 0.633979 0.866093 0.640948 0.886394 0.644044 0.897750 0.643560 0.899301 0.642690 0.899644 0.641529 0.898611 0.640076 0.894139 0.637656 0.886394 0.636013 0.882440 0.633302 0.870569 0.630398 0.860759
8 0.636883 0.899472 0.638935 0.906542 0.637000 0.909125 0.636128 0.905338
8 0.629529 0.867125 0.634948 0.891903 0.634948 0.893278 0.634076 0.898097 0.630979 0.880889 0.628172 0.867472
8 0.636013 0.882440 0.634948 0.893278 0.633010 0.904977 0.632044 0.908588 0.630591 0.915472 0.631852 0.915644 0.635237 0.911861 0.636883 0.899472 0.637560 0.896032 0.637560 0.891213 0.637656 0.886394
8 0.630010 0.909796 0.626430 0.913750 0.621688 0.916333 0.618206 0.918227 0.615495 0.919259 0.615883 0.920806 0.616560 0.922352 0.630591 0.915472 0.632044 0.908588 0.631076 0.900505 0.630010 0.890181 0.629818 0.884505 0.627979 0.887773 0.629044 0.896546 0.630109 0.903083
8 0.598461 0.904977 0.605818 0.913065 0.609687 0.915472 0.615883 0.920806 0.617430 0.924074 0.608141 0.918051 0.596721 0.904977
8 0.595945 0.903773 0.606302 0.916847 0.601849 0.914611 0.597979 0.911171 0.596141 0.908764 0.595365 0.903944
8 0.584430 0.801574 0.595560 0.800718 0.597107 0.803986 0.588591 0.806222 0.587042 0.804500 0.584818 0.805019
8 0.587042 0.804500 0.590430 0.822565 0.590237 0.823597 0.588688 0.823769 0.588107 0.823426 0.584818 0.805019
8 0.578818 0.803468 0.583849 0.831685 0.584818 0.836500 0.586849 0.836329 0.584914 0.822051 0.582880 0.807940 0.581622 0.800028
8 0.522664 0.543921 0.517479 0.546708 0.517427 0.548148 0.518344 0.549394 0.522448 0.546898
8 0.519370 0.550065 0.521260 0.555250 0.527523 0.568884 0.529760 0.572097 0.528172 0.564852 0.524284 0.556213 0.523258 0.554194 0.521815 0.552699 0.520612 0.548722
8 0.454724 0.334514 0.455167 0.343259 0.453917 0.347694 0.453404 0.339995 0.454211 0.334384
8 0.457661 0.319116 0.456487 0.332296 0.458323 0.333338 0.458982 0.325903 0.458432 0.321551
8 0.459276 0.329032 0.458323 0.333338 0.459716 0.334907 0.459937 0.332819
8 0.458260 0.337426 0.458260 0.338111 0.457786 0.356500 0.458878 0.357153 0.459401 0.355139 0.459570 0.340495 0.459570 0.338227
8 0.463180 0.350519 0.460036 0.355954 0.458878 0.357153 0.457565 0.359931 0.455536 0.363819 0.455367 0.365014 0.455620 0.366824 0.456385 0.367597 0.457576 0.367597 0.458680 0.365315 0.461362 0.361477 0.463521 0.355667 0.463302 0.352755
8 0.464440 0.308491 0.464245 0.318801 0.465227 0.338718 0.468568 0.360380 0.469648 0.370162 0.467977 0.375579 0.464276 0.341028 0.463677 0.335032 0.462911 0.325731 0.461984 0.316181 0.461786 0.308667 0.462396 0.307727 0.464125 0.306477
8 0.464385 0.320458 0.468128 0.331162 0.468055 0.332986 0.466440 0.333116 0.464604 0.326333
8 0.471893 0.303741 0.474742 0.306861 0.473013 0.309329 0.471562 0.307250
8 0.472221 0.299843 0.474771 0.302463 0.476552 0.304227 0.476826 0.304815 0.476023 0.305315 0.474742 0.306861 0.471893 0.303741
8 0.477951 0.294111 0.480401 0.301264 0.482531 0.307005 0.483633 0.312745 0.483633 0.316269 0.481724 0.314444 0.481378 0.310667 0.481378 0.307843 0.480039 0.303977 0.477760 0.299306 0.477099 0.298130 0.477445 0.297324
8 0.481724 0.314444 0.483633 0.316269 0.488362 0.321468 0.489380 0.323583 0.489635 0.326903 0.488956 0.327657 0.480458 0.314685 0.480719 0.313014
8 0.482281 0.301250 0.484914 0.310157 0.488362 0.321468 0.485253 0.318162 0.482531 0.307005 0.480667 0.299894 0.480073 0.293250 0.480750 0.293153
8 0.481260 0.292944 0.485339 0.304421 0.485234 0.307694 0.483299 0.303968 0.482281 0.301250 0.480750 0.293153
8 0.488388 0.307745 0.489357 0.312926 0.491099 0.321338 0.491484 0.323917 0.491776 0.328407 0.492294 0.334931 0.491750 0.334162 0.490237 0.331278 0.490237 0.328407 0.488182 0.315616 0.487240 0.308884 0.487422 0.304495
8 0.519802 0.346815 0.521516 0.357935 0.523677 0.367639 0.527430 0.380171 0.531521 0.392301 0.531521 0.387648 0.525609 0.369458 0.522198 0.352884 0.521443 0.347088 0.520284 0.344000
8 0.517112 0.348569 0.519667 0.355213 0.522471 0.362463 0.523677 0.367639 0.522471 0.368653 0.516771 0.352801 0.515872 0.349194
8 0.527430 0.380171 0.528365 0.396509 0.530318 0.396208 0.529469 0.386093
8 0.517281 0.365782 0.522471 0.382394 0.526370 0.396583 0.524932 0.396583 0.518138 0.373634 0.516440 0.367745 0.516102 0.363218
8 0.515930 0.359139 0.518563 0.364273 0.526284 0.389940 0.528365 0.396509 0.526370 0.396583 0.522471 0.382394 0.517281 0.365782 0.516102 0.363218
8 0.515513 0.354963 0.518563 0.364273 0.526284 0.389940 0.528365 0.396509 0.527940 0.388056 0.520552 0.365255 0.516771 0.352801
8 0.505227 0.348046 0.512346 0.365273 0.515357 0.372708 0.515732 0.377713 0.515062 0.378583 0.505961 0.355356 0.502586 0.348306 0.502174 0.346269 0.503362 0.347602
8 0.508604 0.349093 0.514844 0.364620 0.515357 0.370620 0.513596 0.367097 0.507503 0.351699 0.506174 0.348491
8 0.510440 0.349093 0.514182 0.357181 0.514844 0.364620 0.508604 0.349093
8 0.503612 0.339694 0.506255 0.345435 0.507549 0.345935 0.509073 0.346097 0.504302 0.335685
8 0.476443 0.308736 0.478586 0.312269 0.477698 0.316764 0.474771 0.311412
8 0.477578 0.307824 0.478867 0.310667 0.478586 0.312269 0.476443 0.308736
8 0.478026 0.326542 0.482526 0.342847 0.484141 0.355681 0.481508 0.353417 0.478875 0.336810 0.477445 0.329852
8 0.479385 0.321259 0.483716 0.336958 0.485161 0.343755 0.485924 0.354023 0.486094 0.358097 0.484990 0.356889 0.483630 0.341944 0.480234 0.329259 0.478875 0.323222
8 0.485331 0.334694 0.487029 0.351153 0.487878 0.359759 0.486094 0.358097 0.485924 0.354023 0.485161 0.343755 0.483885 0.333787
8 0.487453 0.338468 0.490000 0.354477 0.489406 0.360361 0.488982 0.361569 0.487539 0.348889 0.486435 0.339676
8 0.479620 0.317509 0.481964 0.321671 0.481964 0.321671 0.487914 0.334602 0.490008 0.340806 0.490198 0.345991 0.490323 0.349486 0.489563 0.349486 0.487453 0.338468 0.485503 0.333245 0.481315 0.324338 0.479159 0.319037
8 0.487914 0.334602 0.488820 0.333718 0.490706 0.338208 0.491466 0.342157 0.491719 0.345764 0.491719 0.350389 0.490958 0.360088 0.490323 0.362796 0.488982 0.361569 0.489406 0.360361 0.490000 0.354477 0.490323 0.349486 0.490198 0.345991 0.490008 0.340806
8 0.490146 0.366644 0.487419 0.380403 0.485326 0.388060 0.484055 0.384903 0.488878 0.365954
8 0.472260 0.345611 0.473448 0.349375 0.478969 0.354338 0.487341 0.363588 0.488878 0.365954 0.490146 0.366644 0.493878 0.370241 0.494385 0.369000 0.494385 0.367083 0.492607 0.365051 0.490323 0.362796 0.488982 0.361569 0.486094 0.358097 0.484990 0.356889 0.481508 0.353417 0.476443 0.348884 0.473766 0.346801
8 0.477008 0.370634 0.482510 0.381991 0.484055 0.384903 0.485326 0.388060 0.494008 0.405398 0.504424 0.424963 0.514154 0.439991 0.512385 0.441384 0.501380 0.424616 0.486443 0.394917 0.477599 0.377097 0.475732 0.374477 0.474846 0.372556 0.475339 0.370810 0.475732 0.370634
8 0.485023 0.361269 0.486299 0.376366 0.484768 0.381653 0.483495 0.366856 0.483667 0.362630 0.484091 0.360213
8 0.480719 0.370542 0.479021 0.374769 0.477831 0.372199 0.480802 0.365708 0.483245 0.359130 0.484091 0.360213 0.483667 0.362630
8 0.481086 0.359130 0.477661 0.365222 0.476836 0.367028 0.477008 0.370634 0.477852 0.370296 0.480802 0.365708 0.483245 0.359130
8 0.481516 0.368259 0.482195 0.377019 0.482510 0.381991 0.484055 0.384903 0.484768 0.381653 0.483495 0.366856 0.483667 0.362630
8 0.474552 0.358144 0.475732 0.370634 0.477008 0.370634 0.476836 0.367028 0.475742 0.356481
8 0.475742 0.356481 0.476836 0.367028 0.477661 0.365222 0.477917 0.364500 0.477917 0.356949 0.477831 0.354384
8 0.493422 0.339815 0.495242 0.361329 0.496284 0.369870 0.496260 0.372199 0.496174 0.374769 0.495156 0.375824 0.494477 0.375977 0.493883 0.373861 0.493878 0.370241 0.494385 0.369000 0.494385 0.367083 0.493203 0.356347 0.491719 0.345764 0.491466 0.342157 0.490706 0.338208 0.490656 0.336116
8 0.496422 0.342319 0.499734 0.349569 0.499536 0.352264 0.499055 0.355005 0.495828 0.346093 0.493422 0.339815
8 0.494724 0.354250 0.497357 0.363759 0.497081 0.365116 0.496591 0.368593 0.495911 0.367384 0.495242 0.361329
8 0.502130 0.368306 0.505427 0.408125 0.507021 0.428745 0.509406 0.432380 0.506565 0.396606 0.504062 0.369315 0.503495 0.366282 0.502586 0.366083
8 0.498341 0.369579 0.503260 0.383148 0.503995 0.392287 0.502380 0.389023 0.497901 0.373755 0.497081 0.371671 0.497948 0.370898
8 0.499443 0.366444 0.502747 0.376236 0.503260 0.383148 0.498341 0.369579 0.498888 0.367431
8 0.500104 0.360833 0.502586 0.366083 0.502130 0.368306 0.502453 0.371796 0.499443 0.366444
8 0.505755 0.366185 0.512875 0.390065 0.515445 0.397245 0.514198 0.399593 0.508031 0.380671 0.504654 0.368796 0.503406 0.365273 0.500544 0.359009 0.500984 0.356528
8 0.501417 0.353681 0.506167 0.362856 0.510719 0.370819 0.515062 0.378583 0.515708 0.379171 0.515784 0.384130 0.511599 0.377213 0.505755 0.366185 0.500984 0.356528
8 0.501865 0.350394 0.506930 0.359792 0.510820 0.367620 0.515708 0.379171 0.515062 0.378583 0.510719 0.370819 0.506167 0.362856 0.501417 0.353681
8 0.486630 0.383542 0.488693 0.394375 0.485326 0.388060
8 0.488398 0.376731 0.490953 0.394722 0.491542 0.400491 0.488693 0.394375 0.486630 0.383542 0.487419 0.380403
8 0.489773 0.368694 0.494883 0.396120 0.496063 0.403810 0.496260 0.409222 0.494008 0.405398 0.490167 0.383718 0.488398 0.376731
8 0.492328 0.368870 0.496161 0.387560 0.496654 0.392454 0.497635 0.400662 0.498029 0.407653 0.497734 0.412370 0.496260 0.409222 0.496063 0.403810 0.494883 0.396120 0.493312 0.384069 0.490659 0.370093 0.490146 0.366644
8 0.496174 0.374769 0.498982 0.392681 0.500555 0.408403 0.501339 0.419060 0.499375 0.415565 0.497635 0.400662 0.496654 0.392454 0.496161 0.387560 0.493674 0.375736 0.494477 0.375977 0.495156 0.375824
8 0.499698 0.396819 0.501565 0.401361 0.505693 0.411148 0.505987 0.417435 0.502646 0.409051 0.499995 0.402588
8 0.496284 0.369870 0.501732 0.394602 0.505427 0.408125 0.505693 0.411148 0.501565 0.401361 0.499698 0.396819 0.498982 0.392681 0.496260 0.372199
8 0.497901 0.373755 0.502471 0.391366 0.504773 0.401014 0.505427 0.408125 0.501732 0.394602 0.496284 0.369870 0.497081 0.371671
8 0.506763 0.399477 0.514430 0.419917 0.521307 0.435639 0.521505 0.439833 0.513052 0.421662 0.507156 0.405241
8 0.514117 0.413662 0.518742 0.414444 0.520062 0.417315 0.519841 0.419009 0.514117 0.416009 0.512943 0.415486 0.512943 0.413269
8 0.515951 0.417051 0.516099 0.423449 0.514430 0.419917 0.514117 0.416009
8 0.514411 0.425144 0.514703 0.433755 0.516539 0.432972 0.516393 0.428796
8 0.518448 0.434019 0.516979 0.436495 0.515219 0.437148 0.514703 0.433755 0.516539 0.432972 0.517859 0.431931
8 0.518227 0.428407 0.518227 0.426319 0.517201 0.424361 0.516026 0.421361 0.516026 0.419139 0.518008 0.421227 0.519182 0.424231 0.519768 0.426190 0.519841 0.428667 0.519182 0.430495
8 0.510057 0.420250 0.514703 0.433755 0.515219 0.437148 0.517523 0.444356 0.515266 0.445579 0.514154 0.439991 0.510745 0.430731 0.508583 0.423741 0.508385 0.418852
8 0.504552 0.374074 0.506419 0.377745 0.507992 0.383333 0.508878 0.388750 0.508878 0.395037 0.508385 0.399231 0.507797 0.401676 0.507109 0.398884 0.507010 0.387352 0.505732 0.380014 0.505044 0.377394
8 0.509367 0.386477 0.512021 0.400806 0.512708 0.405519 0.512807 0.409889 0.512120 0.414079 0.512943 0.415486 0.512943 0.413269 0.513792 0.409537 0.513693 0.403074 0.513102 0.398009 0.512315 0.394338 0.509958 0.386653
8 0.534331 0.392843 0.541151 0.406185 0.554909 0.429431 0.554466 0.433676 0.541151 0.410431 0.533307 0.396685
8 0.556854 0.377685 0.555945 0.404972 0.555419 0.417255 0.554909 0.424782 0.554909 0.429431 0.554466 0.433676 0.552294 0.468440 0.554240 0.469653 0.557411 0.416898 0.559469 0.382537 0.559469 0.378495 0.559469 0.376875 0.558219 0.376069 0.557411 0.375662
8 0.572656 0.378190 0.567195 0.402926 0.558742 0.445194 0.554339 0.465856 0.554240 0.469653 0.555573 0.472431 0.564026 0.431102 0.574945 0.379755
8 0.562049 0.440685 0.567776 0.450866 0.571445 0.458042 0.573794 0.461435 0.576510 0.464176 0.577023 0.466523 0.576510 0.467829 0.574969 0.467046 0.572107 0.464435 0.568802 0.457000 0.565867 0.450866 0.561169 0.444472
8 0.556471 0.432204 0.560289 0.437815 0.559406 0.441991 0.556250 0.436639
8 0.543453 0.416042 0.549391 0.441745 0.552737 0.459065 0.553346 0.448514 0.547716 0.425509 0.545432 0.417935
8 0.549086 0.423889 0.553805 0.442829 0.553346 0.448514 0.547716 0.425509 0.545432 0.417935
8 0.558385 0.458750 0.565068 0.470282 0.567229 0.475870 0.568997 0.484606 0.568997 0.488625 0.568997 0.490898 0.567523 0.490546 0.566542 0.480940 0.563102 0.471681 0.559268 0.464690 0.557500 0.461722
8 0.557388 0.473333 0.561026 0.473130 0.563755 0.473333 0.565120 0.476769 0.558297 0.475759
8 0.663883 0.623769 0.675776 0.643301 0.674609 0.645833 0.664245 0.628792 0.653690 0.611931 0.653833 0.609491 0.652099 0.608588 0.650253 0.606218 0.640536 0.591940 0.630299 0.575815 0.627651 0.571046 0.626198 0.568810 0.621776 0.560898 0.621776 0.560898 0.617862 0.556009 0.618771 0.553704 0.635612 0.580653 0.648956 0.599769 0.662456 0.621236
8 0.672432 0.602347 0.662456 0.621236 0.663883 0.623769 0.674247 0.604421
8 0.602875 0.570532 0.602159 0.576037 0.601870 0.578102 0.603195 0.580167 0.603805 0.573972 0.604190 0.569843
8 0.601133 0.568981 0.598326 0.571907 0.598161 0.573630 0.600000 0.575005 0.602875 0.570532
8 0.596971 0.534231 0.602487 0.544208 0.604328 0.550060 0.605102 0.556079 0.607036 0.571565 0.607617 0.575694 0.606940 0.576556 0.605586 0.577759 0.602682 0.555218 0.601810 0.550060 0.598810 0.545069 0.598534 0.543005
8 0.626198 0.568810 0.625714 0.583435 0.627070 0.585329 0.627651 0.571046
8 0.621747 0.579477 0.619133 0.576898 0.616232 0.575176 0.613424 0.575176 0.616810 0.581370 0.618940 0.581199 0.620586 0.581370 0.622617 0.585500
8 0.613424 0.575176 0.619909 0.587565 0.623904 0.594963 0.621484 0.593588 0.619133 0.591005 0.614490 0.579648 0.612844 0.575866
8 0.610909 0.572079 0.606940 0.576556 0.603195 0.580167 0.605586 0.582921 0.609359 0.579306 0.611005 0.577241 0.611005 0.577241 0.612844 0.575866
8 0.609359 0.579306 0.609997 0.586704 0.607742 0.585329 0.606901 0.582060
8 0.611005 0.577241 0.612648 0.587736 0.610742 0.587565 0.609359 0.579306
8 0.613909 0.593241 0.615070 0.599954 0.613161 0.599606 0.611779 0.592037 0.613065 0.592898
8 0.619328 0.605458 0.619909 0.610102 0.622453 0.618190 0.621935 0.621333 0.619328 0.614921 0.617391 0.609241 0.617586 0.604940
8 0.612359 0.619565 0.617779 0.635912 0.622328 0.647611 0.622328 0.650880 0.621167 0.651565 0.612940 0.627824 0.610617 0.619565
8 0.618167 0.634190 0.621747 0.644343 0.621016 0.636963 0.619909 0.631435
8 0.626130 0.596338 0.634841 0.602532 0.637937 0.605458 0.630872 0.603394 0.626807 0.600810
8 0.646745 0.628685 0.655841 0.639694 0.655164 0.641931 0.646260 0.631611
8 0.480458 0.314685 0.489240 0.329551 0.491750 0.334162 0.495357 0.337870 0.497776 0.339250 0.499227 0.340106 0.500583 0.341139 0.500404 0.345454 0.493422 0.339815 0.488820 0.333718 0.481964 0.321671 0.479620 0.317509
8 0.466375 0.403389 0.468924 0.403921 0.468023 0.388463 0.465177 0.353023 0.464276 0.341028 0.463677 0.335032 0.462911 0.325731 0.460680 0.325037 0.461294 0.327213 0.462891 0.337380 0.462891 0.340616 0.463302 0.352755
8 0.458260 0.338111 0.453714 0.356023 0.451875 0.354991 0.457003 0.336755 0.458260 0.337426
8 0.460602 0.339657 0.461289 0.350764 0.462602 0.348991 0.462414 0.340213
8 0.451875 0.354991 0.453714 0.356023 0.454065 0.355375 0.458878 0.357153 0.457565 0.359931 0.450888 0.358208 0.451380 0.355819
8 0.453167 0.358986 0.450729 0.366648 0.449979 0.370315 0.450979 0.378532 0.449669 0.380440 0.448667 0.376537 0.448469 0.371972 0.450888 0.358208
8 0.450729 0.366648 0.454003 0.374815 0.452940 0.376370 0.450880 0.372037 0.449979 0.370315
8 0.448430 0.387324 0.455372 0.406801 0.459052 0.418847 0.458469 0.419440 0.457130 0.419292 0.455539 0.417806 0.454536 0.416319 0.452195 0.409778 0.449435 0.398921 0.447427 0.390741 0.447008 0.389255
8 0.444750 0.392380 0.448346 0.399069 0.450521 0.403681 0.452195 0.409778 0.450688 0.409181 0.446422 0.402042 0.444164 0.395500 0.443747 0.393718
8 0.566258 0.472727 0.570919 0.471917 0.573419 0.470301 0.576510 0.467829 0.578195 0.467472 0.578422 0.468481 0.574557 0.472931 0.571372 0.473736 0.567229 0.475870
8 0.464995 0.435139 0.470427 0.435532 0.476078 0.437097 0.480997 0.438662 0.484594 0.440231 0.489438 0.440231 0.496190 0.437750 0.499273 0.436056 0.500742 0.439056 0.493990 0.441796 0.491419 0.443102 0.485987 0.442838 0.477474 0.440884 0.469544 0.439056 0.463820 0.438144
8 0.479513 0.392495 0.480276 0.398231 0.479596 0.401704 0.478766 0.403907 0.477534 0.390139
8 0.479089 0.410157 0.480063 0.416069 0.478424 0.416894 0.478086 0.411759
8 0.480617 0.406231 0.481211 0.413329 0.481297 0.415898 0.480063 0.416069 0.479089 0.410157
8 0.481635 0.402310 0.482841 0.415083 0.481297 0.415898 0.481211 0.413329 0.480617 0.406231
8 0.627969 0.610102 0.634648 0.615093 0.640549 0.620597 0.644518 0.626620 0.643745 0.629546 0.640745 0.624037 0.635422 0.619394 0.628260 0.613889
8 0.624292 0.582060 0.634357 0.592898 0.646552 0.607352 0.643062 0.606403 0.641229 0.605287 0.629518 0.591866 0.624872 0.585157
8 0.621776 0.560898 0.625745 0.592898 0.627292 0.603222 0.624872 0.602190 0.623904 0.594963 0.620807 0.572250 0.619841 0.563306 0.619841 0.560380
8 0.598161 0.573630 0.600000 0.575005 0.603195 0.580167 0.607742 0.585329 0.610742 0.587565 0.614711 0.589111 0.621484 0.593588 0.623904 0.594963 0.624195 0.599093 0.613065 0.592898 0.610938 0.591352 0.608615 0.589972 0.606581 0.588255 0.604549 0.585671 0.603969 0.584468 0.602130 0.582060 0.600115 0.579065 0.597940 0.576685
8 0.593919 0.605509 0.597523 0.620139 0.596180 0.620935 0.593109 0.610287
8 0.594367 0.601329 0.601755 0.617653 0.599740 0.618847 0.595263 0.608694 0.593919 0.605509
8 0.450688 0.409181 0.446591 0.418250 0.444406 0.422736 0.442727 0.425125 0.442409 0.426134 0.442492 0.427917 0.443578 0.429551 0.445586 0.425833 0.449518 0.417361 0.452195 0.409778
8 0.455005 0.405046 0.454669 0.397611 0.455255 0.393005 0.456174 0.390477 0.457263 0.388986 0.458266 0.388986 0.457180 0.394042 0.456760 0.397912 0.456260 0.404157 0.456510 0.405940
8 0.594026 0.622829 0.598307 0.619542 0.604242 0.616356 0.610065 0.615958 0.616000 0.617949 0.619023 0.620338 0.621935 0.621333 0.620927 0.623523 0.613648 0.619741 0.608273 0.619343 0.602786 0.620139 0.599966 0.622032 0.598620 0.622630 0.596940 0.623625 0.596940 0.623625 0.596047 0.624421 0.596047 0.624421 0.594703 0.625218 0.593940 0.625912
8 0.455005 0.405046 0.456510 0.405940 0.458969 0.405986 0.460141 0.408810 0.456461 0.410000 0.455372 0.406801
8 0.458182 0.398060 0.463620 0.411292 0.462867 0.415009 0.460141 0.408810 0.458969 0.405986 0.456844 0.400736 0.456760 0.397912 0.457180 0.394042 0.458266 0.388986 0.460023 0.374417 0.460510 0.370153 0.461362 0.361477 0.463536 0.361477 0.462281 0.372333 0.459857 0.390028
8 0.451917 0.382231 0.455604 0.391787 0.455255 0.393005 0.454854 0.396338 0.452667 0.390787 0.451167 0.387343 0.450354 0.384343
8 0.459857 0.390028 0.465750 0.395806 0.465000 0.399472 0.459253 0.393361
8 0.465750 0.395806 0.465000 0.399472 0.463620 0.411292 0.462867 0.415009 0.461250 0.434130 0.462062 0.433463 0.463625 0.430463 0.464625 0.419801 0.466375 0.403389
8 0.482315 0.399440 0.484013 0.414690 0.482841 0.415083 0.481635 0.402310
8 0.482740 0.396269 0.485391 0.414329 0.484724 0.414454 0.484013 0.414690 0.484013 0.414690 0.482315 0.399440
8 0.471625 0.394056 0.472422 0.420134 0.474148 0.419102 0.473628 0.398444 0.473372 0.391194 0.473711 0.389083
8 0.472049 0.413097 0.470654 0.417926 0.469992 0.422495 0.472422 0.420134 0.472341 0.414144
8 0.472591 0.360046 0.474146 0.373625 0.472052 0.370468 0.471544 0.366181
8 0.470846 0.369292 0.470404 0.372449 0.472180 0.375157 0.474083 0.378431 0.475732 0.374477 0.474846 0.372556 0.474146 0.373625 0.472052 0.370468
8 0.462281 0.372333 0.465091 0.382921 0.465602 0.391681 0.463901 0.390319 0.461268 0.380051
8 0.462794 0.358019 0.463552 0.357852 0.463789 0.361727 0.463536 0.361477 0.461362 0.361477
8 0.487216 0.396931 0.485687 0.400556 0.485701 0.402606 0.489909 0.410088 0.493432 0.418171 0.494841 0.420111 0.500073 0.431028 0.503667 0.435352 0.506167 0.436972 0.510716 0.443440 0.512534 0.444245 0.512385 0.441384 0.501380 0.424616
8 0.501880 0.434565 0.503667 0.435352 0.505771 0.437958 0.506505 0.442134 0.506724 0.456097 0.506945 0.464449 0.505549 0.466278 0.504523 0.448657 0.504508 0.443157 0.504393 0.439718 0.503370 0.438505
8 0.508266 0.445005 0.509294 0.458708 0.508047 0.461056 0.507164 0.444222
8 0.506138 0.439264 0.508781 0.441745 0.510716 0.443440 0.512534 0.444245 0.515266 0.445579 0.515974 0.446310 0.513771 0.448921 0.508266 0.445005 0.507164 0.444222 0.506578 0.444093 0.506505 0.442134
8 0.584065 0.631389 0.582609 0.633977 0.580818 0.635171 0.582555 0.639819
8 0.579474 0.626213 0.582609 0.633977 0.580818 0.635171 0.578206 0.628097 0.576898 0.629398 0.575443 0.624620
8 0.595711 0.653282 0.598174 0.664630 0.601307 0.669407 0.598732 0.660449 0.597391 0.653481
8 0.610826 0.658856 0.614297 0.667616 0.615865 0.677569 0.613513 0.672593 0.611721 0.663236
8 0.603995 0.629796 0.605786 0.640940 0.607042 0.648806 0.607378 0.654380 0.610042 0.666421 0.611385 0.678167 0.614297 0.689713 0.616201 0.689912 0.611721 0.663236 0.608586 0.646514 0.605898 0.633380
8 0.596940 0.623625 0.599516 0.632583 0.601867 0.633778 0.598620 0.622630
8 0.596047 0.624421 0.598062 0.631389 0.595151 0.629597 0.594703 0.625218
8 0.599966 0.622032 0.603771 0.635569 0.601867 0.633778 0.598620 0.622630
8 0.603771 0.635569 0.607042 0.648806 0.607378 0.654380 0.602203 0.637958 0.602987 0.637958
8 0.602203 0.637958 0.610042 0.666421 0.611385 0.678167 0.599068 0.635769
8 0.599068 0.635769 0.611385 0.678167 0.614297 0.689713 0.612281 0.689116 0.605674 0.669208 0.594703 0.633579
8 0.594031 0.629000 0.603771 0.635569 0.602987 0.637958 0.594703 0.633579 0.593919 0.633977
8 0.588339 0.633139 0.592219 0.641208 0.592036 0.632282 0.590357 0.630292
8 0.459026 0.449824 0.459130 0.451583 0.459130 0.455495 0.458247 0.461759 0.458029 0.475856 0.458529 0.484870 0.458969 0.480176 0.459555 0.465167 0.460143 0.462690 0.460143 0.455639 0.459995 0.447287
8 0.461992 0.442838 0.461846 0.447014 0.461831 0.447940 0.460143 0.455639 0.459995 0.447287
8 0.453333 0.498935 0.456966 0.496685 0.458542 0.495301 0.459497 0.495560 0.460201 0.496236 0.460201 0.497588 0.459885 0.499954 0.458742 0.500856 0.453229 0.504602
8 0.444555 0.504125 0.450336 0.500921 0.450273 0.504199 0.450904 0.504208 0.450810 0.505727 0.448346 0.507157 0.448346 0.505810 0.448203 0.505472 0.447682 0.505134 0.446971 0.505894 0.446167 0.506991 0.445557 0.507338
8 0.442422 0.505810 0.437872 0.508421 0.439815 0.511792 0.443273 0.509852 0.443349 0.508394
8 0.448604 0.479125 0.450888 0.482394 0.450635 0.488032 0.447000 0.482120 0.445651 0.480139 0.445021 0.478870 0.444622 0.475630 0.446065 0.476986 0.448104 0.479856
8 0.453617 0.485778 0.456854 0.492167 0.458542 0.495301 0.456966 0.496685 0.455711 0.497282 0.453362 0.492995
8 0.460279 0.496833 0.464693 0.504315 0.470365 0.513398 0.473055 0.518148 0.474102 0.520190 0.474977 0.520190 0.474482 0.526722 0.473219 0.538903 0.471742 0.532662 0.470372 0.527407 0.471411 0.522819 0.470810 0.520880 0.470372 0.518532 0.470315 0.517167 0.464122 0.508097 0.463026 0.507616 0.462091 0.504694 0.459898 0.501569 0.459237 0.500204 0.459885 0.499954 0.460201 0.497588
8 0.458365 0.500991 0.459133 0.512394 0.457706 0.513662 0.456885 0.501963
8 0.458742 0.500856 0.461458 0.509704 0.462664 0.508630 0.463026 0.507616 0.462091 0.504694 0.459898 0.501569 0.459237 0.500204
8 0.463958 0.477301 0.467521 0.483833 0.468911 0.486704 0.470922 0.491338 0.470977 0.492995 0.471141 0.496019 0.469440 0.496796 0.467906 0.496407 0.466042 0.494847 0.465932 0.493190 0.469221 0.492412 0.468617 0.491338 0.468016 0.489681 0.468289 0.488417 0.467688 0.487634 0.466919 0.486171 0.464451 0.480519
8 0.465164 0.487343 0.467688 0.492801 0.469221 0.492412 0.468617 0.491338 0.468016 0.489681 0.468289 0.488417 0.467688 0.487634 0.466919 0.486171 0.464451 0.480519
8 0.458969 0.480176 0.462115 0.487380 0.461292 0.480657 0.459208 0.477343
8 0.459133 0.473403 0.459208 0.477343 0.461292 0.480657 0.460656 0.474954
8 0.459372 0.469630 0.460570 0.470833 0.460656 0.474954 0.459133 0.473403
8 0.454935 0.460741 0.455779 0.458454 0.456448 0.458306 0.456414 0.469329 0.456341 0.479639 0.456633 0.489037 0.453617 0.485778 0.453682 0.481157
8 0.594703 0.633579 0.605674 0.669208 0.612281 0.689116 0.608609 0.690213 0.604443 0.675380 0.597391 0.653481 0.593919 0.643130 0.593956 0.641463 0.593919 0.633977
8 0.588880 0.647111 0.589776 0.651690 0.589552 0.655870 0.588320 0.655870 0.587089 0.650296 0.586292 0.646477
8 0.589776 0.651690 0.604443 0.675380 0.604779 0.678764 0.599068 0.670801 0.592352 0.660449 0.589552 0.655870
8 0.591078 0.661991 0.599427 0.674486 0.608609 0.690213 0.605026 0.690810 0.599203 0.679264 0.595284 0.673491
8 0.578206 0.628097 0.582555 0.639819 0.580797 0.638639 0.580797 0.638639 0.578497 0.635843 0.576078 0.630509
8 0.584401 0.646162 0.591078 0.661991 0.597174 0.680056 0.601336 0.693134 0.599109 0.694338 0.591078 0.669907 0.588013 0.662361 0.585409 0.656319 0.582628 0.650231
8 0.588086 0.689736 0.591701 0.697704 0.589531 0.699375 0.588375 0.695389 0.588229 0.692949
8 0.587797 0.681384 0.594411 0.696495 0.596182 0.695264 0.593146 0.688963 0.590073 0.681458 0.587904 0.676449
8 0.590036 0.670843 0.593146 0.682023 0.595893 0.691148 0.597628 0.694491 0.596182 0.695264 0.593146 0.688963 0.590182 0.679454 0.588518 0.672898 0.588086 0.670843
8 0.586784 0.660949 0.585990 0.672000 0.585698 0.679838 0.585482 0.683954 0.588664 0.700144 0.588229 0.692949 0.587797 0.681384 0.587797 0.671870 0.588302 0.666602 0.588013 0.662361
8 0.581794 0.665060 0.583674 0.658380 0.584831 0.655935 0.585409 0.656319 0.585844 0.658120 0.584253 0.662491 0.582807 0.669685
8 0.580638 0.658764 0.585482 0.683954 0.588664 0.700144 0.586279 0.701176 0.585193 0.693593 0.582445 0.681125 0.581362 0.675343 0.580568 0.670458 0.579409 0.665444 0.579880 0.662051
8 0.580133 0.684468 0.585193 0.693593 0.586060 0.698477 0.579698 0.688065
8 0.579698 0.688065 0.586060 0.698477 0.586279 0.701176 0.585193 0.701690 0.579482 0.691792
8 0.577023 0.703745 0.578760 0.705671 0.579482 0.705028 0.578977 0.697833 0.579120 0.695134 0.580422 0.681769 0.581362 0.675343 0.580568 0.670458 0.579987 0.670588 0.578326 0.684722 0.577096 0.698602
8 0.580276 0.695389 0.581505 0.703356 0.579482 0.705028 0.578977 0.697833 0.579120 0.695134
8 0.573083 0.707292 0.573013 0.702537 0.573518 0.693028 0.574422 0.682796 0.575073 0.678556 0.577495 0.662310 0.579445 0.652931 0.580169 0.650102 0.581169 0.648204 0.582982 0.644648 0.584867 0.645347 0.582628 0.650231 0.579880 0.662051 0.577060 0.683389 0.575904 0.697782 0.576193 0.707546 0.573518 0.709347
8 0.558880 0.647838 0.561409 0.661718 0.563932 0.674884 0.559901 0.663338 0.558591 0.657736
8 0.554984 0.687046 0.552391 0.688894 0.551492 0.689412 0.553781 0.691931 0.555810 0.689204 0.558432 0.685426 0.560370 0.684426 0.561245 0.683093 0.563182 0.680204 0.572172 0.665532 0.577609 0.655204 0.581169 0.648204 0.582982 0.644648 0.582172 0.643907 0.581357 0.642764 0.575422 0.653648 0.569674 0.664644 0.565927 0.671176 0.563932 0.674884 0.562565 0.677412 0.560214 0.679602 0.558771 0.681718 0.557253 0.683773
8 0.563182 0.680204 0.566367 0.691977 0.571117 0.710972 0.568367 0.712306 0.563682 0.691093 0.561245 0.683093
8 0.560370 0.684426 0.560932 0.688759 0.563682 0.691093 0.568367 0.712306 0.567242 0.713750 0.565867 0.713194 0.562245 0.695421 0.560495 0.692977 0.559120 0.690759 0.558432 0.688315 0.558432 0.685426
8 0.555810 0.689204 0.566117 0.714528 0.563807 0.716639 0.558932 0.704866 0.553781 0.691931
8 0.553247 0.693199 0.558932 0.704866 0.563807 0.716639 0.561807 0.717750 0.559682 0.712528 0.556747 0.705644 0.553372 0.699532 0.551247 0.695310 0.551844 0.695028 0.553102 0.694338 0.553102 0.694338
8 0.550497 0.695977 0.556497 0.706306 0.559682 0.712528 0.561807 0.717750 0.559789 0.718884 0.557839 0.714769 0.555091 0.710014 0.552310 0.703755 0.548625 0.697532
8 0.548513 0.711042 0.553573 0.722995 0.551187 0.725051 0.550104 0.721968
8 0.547935 0.707704 0.550104 0.721968 0.546922 0.714644 0.546201 0.710528
8 0.553935 0.714000 0.553573 0.722995 0.556031 0.722352 0.556247 0.717856
8 0.547935 0.697935 0.555091 0.710014 0.557839 0.714769 0.559789 0.718884 0.557982 0.720681 0.550247 0.707315 0.548802 0.706032 0.547719 0.704102 0.547284 0.701403 0.546560 0.699347
8 0.547719 0.704102 0.544464 0.709116 0.545622 0.711944 0.548802 0.706032
8 0.536875 0.707574 0.538906 0.706157 0.540633 0.704875 0.542367 0.703977 0.547284 0.701403 0.546560 0.699347 0.545568 0.700162 0.535937 0.705139
8 0.538906 0.706157 0.539693 0.712588 0.541211 0.716440 0.542297 0.715926 0.542151 0.709375 0.540633 0.704875
8 0.542367 0.703977 0.551187 0.725051 0.548875 0.726593 0.542151 0.709375 0.540633 0.704875
8 0.546135 0.695199 0.544005 0.696231 0.541536 0.697972 0.538289 0.699486 0.537393 0.699685 0.533810 0.700681 0.535937 0.705139 0.545568 0.700162 0.551844 0.695028 0.549263 0.692005
8 0.535974 0.682120 0.538177 0.694907 0.538289 0.699486 0.541536 0.697972 0.539185 0.687824
8 0.530339 0.675995 0.532242 0.678782 0.538177 0.694907 0.538289 0.699486 0.537393 0.699685 0.529555 0.678981 0.526867 0.665250
8 0.522742 0.676486 0.525859 0.685833 0.528435 0.688421 0.524867 0.669634 0.523349 0.669894 0.520427 0.657977
8 0.528995 0.690528 0.524867 0.669634 0.523969 0.662991 0.523320 0.658236 0.521380 0.650519 0.519633 0.644356 0.517125 0.623245 0.518010 0.622870 0.519948 0.624074 0.520044 0.625620 0.520818 0.629750 0.521651 0.633088 0.523393 0.645477 0.525133 0.656657 0.524552 0.659241 0.525036 0.660616 0.526867 0.665250 0.533810 0.700681
8 0.540458 0.612292 0.548651 0.627227 0.551687 0.627352 0.546026 0.617278 0.542651 0.611417 0.541349 0.610838
8 0.543784 0.612009 0.546026 0.617278 0.552750 0.627301 0.553833 0.625889 0.547833 0.615093 0.545953 0.612523
8 0.548628 0.613167 0.550724 0.616634 0.552026 0.619847 0.554484 0.622806 0.555714 0.627944 0.553833 0.625889 0.547833 0.615093 0.547203 0.612639
8 0.545810 0.627301 0.552750 0.627301 0.555714 0.627944 0.556003 0.630130 0.556219 0.632444 0.554557 0.636296 0.551591 0.641954 0.550365 0.638995 0.553039 0.633986 0.553687 0.632185 0.553255 0.631287 0.550654 0.630773 0.548701 0.630644 0.546664 0.630630
8 0.594990 0.596148 0.605760 0.597796 0.619857 0.601134 0.626797 0.602806 0.643062 0.606403 0.652099 0.608588 0.653833 0.609491 0.653690 0.611931 0.652820 0.613347 0.636049 0.609102 0.606844 0.602162 0.599182 0.600236 0.594628 0.599106
8 0.576495 0.579958 0.579396 0.589593 0.578208 0.592366 0.575526 0.584088
8 0.563211 0.580255 0.565591 0.576269 0.566758 0.577847 0.564099 0.583074
8 0.561857 0.583407 0.559758 0.587722 0.559833 0.589954 0.560737 0.590125 0.562604 0.586060
8 0.569810 0.595866 0.568706 0.599708 0.567193 0.595486
8 0.565628 0.595292 0.567680 0.603167 0.568706 0.599708 0.567193 0.595486
8 0.560875 0.600764 0.567031 0.605852 0.566221 0.608444 0.561036 0.604412
8 0.553044 0.593278 0.553583 0.594523 0.555745 0.601722 0.555042 0.601722 0.553255 0.599056 0.551208 0.596347 0.550560 0.592606
8 0.553583 0.594523 0.555745 0.601722 0.557471 0.604412 0.557581 0.598750 0.555474 0.593949
8 0.549805 0.610269 0.549266 0.605181 0.549427 0.603167 0.549805 0.602491 0.550453 0.602398 0.551641 0.602588 0.553544 0.603940 0.557688 0.610171 0.557203 0.610843 0.553422 0.606523 0.550669 0.604412 0.551586 0.608060 0.551802 0.611134
8 0.555346 0.582782 0.556328 0.583861 0.557448 0.585843 0.557862 0.589625 0.556466 0.589338 0.554555 0.584764
8 0.552612 0.552819 0.554872 0.560106 0.554102 0.562903 0.551359 0.555051
8 0.554872 0.549398 0.556628 0.555051 0.556128 0.556931 0.555372 0.558616 0.553977 0.550944
8 0.559974 0.569620 0.564992 0.586125 0.566414 0.591032 0.563904 0.590588 0.560477 0.578245 0.558802 0.572968
8 0.570010 0.605606 0.570094 0.609620 0.570094 0.617352 0.569927 0.624046 0.567417 0.620773 0.567586 0.615125
8 0.579378 0.597130 0.573107 0.611106 0.570094 0.617352 0.570094 0.609620 0.576117 0.596685
8 0.566318 0.619542 0.570477 0.603991 0.572484 0.595995 0.573497 0.592269 0.579924 0.565972 0.586729 0.535829 0.587865 0.529972 0.585234 0.567088 0.584898 0.573778 0.582810 0.580625 0.578208 0.592366 0.581302 0.593412 0.585648 0.579875 0.587409 0.572444 0.587492 0.569468 0.586990 0.565301 0.587911 0.557870 0.587667 0.550731 0.589333 0.535417 0.590839 0.522181 0.589414 0.521144 0.588242 0.520546 0.587242 0.520843 0.587255 0.524426 0.585346 0.529667 0.581471 0.548356 0.575617 0.573185 0.571599 0.587162 0.570430 0.591389 0.569810 0.595866 0.565578 0.611546 0.564240 0.615713
8 0.560214 0.679602 0.550247 0.650736 0.538266 0.615898 0.534013 0.603157 0.532479 0.596745 0.531773 0.593606 0.531773 0.591218 0.533023 0.587583 0.534029 0.587139 0.536620 0.586843 0.539297 0.586843 0.541807 0.587435 0.543089 0.587870 0.546398 0.588315 0.549083 0.588329 0.550755 0.588329 0.557862 0.589625 0.557943 0.591708 0.558073 0.594583 0.547560 0.591815 0.537818 0.590421 0.535581 0.590819 0.535469 0.593606 0.540953 0.614106 0.546664 0.630630 0.555063 0.655514 0.562565 0.677412
8 0.586490 0.514602 0.590336 0.514602 0.593096 0.516537 0.594182 0.520106 0.595271 0.524713 0.598534 0.543005 0.599203 0.551481 0.598701 0.569620 0.594990 0.596148 0.594628 0.599106 0.593109 0.610287 0.592581 0.602782 0.592315 0.598847 0.592820 0.595380 0.597195 0.555495 0.596023 0.541815 0.591841 0.520551 0.589750 0.519213 0.586740 0.519657
8 0.551810 0.614708 0.557013 0.619718 0.560195 0.622417 0.560484 0.627431 0.555495 0.622032 0.551591 0.618306 0.550724 0.616634
8 0.563990 0.557352 0.567333 0.571630 0.567503 0.563731 0.566247 0.557204 0.565076 0.553935
8 0.566833 0.547986 0.563151 0.560477 0.558802 0.572968 0.558469 0.567468 0.562901 0.553042 0.564742 0.548731 0.566917 0.546796
8 0.556461 0.574009 0.554453 0.579958 0.551341 0.588032 0.553115 0.588431 0.556878 0.578769
8 0.560677 0.631852 0.556531 0.638995 0.553292 0.645444 0.554526 0.648806 0.561013 0.634037
8 0.559638 0.613667 0.559784 0.617009 0.561013 0.634037 0.563109 0.662310 0.563932 0.674884 0.565927 0.671176 0.563615 0.640333 0.562146 0.616787
8 0.542867 0.608009 0.544458 0.608718 0.546266 0.609296 0.548289 0.609940 0.558409 0.613153 0.559638 0.613667 0.559784 0.617009 0.547203 0.612639 0.541349 0.610838
8 0.544073 0.605866 0.544458 0.608718 0.546266 0.609296 0.545180 0.604157
8 0.546482 0.602356 0.548289 0.609940 0.546266 0.609296 0.545180 0.604157
8 0.545086 0.591472 0.547687 0.594815 0.549063 0.596481 0.553544 0.603940 0.562146 0.616787 0.571328 0.631824 0.576534 0.637866 0.582172 0.643907 0.586292 0.646477 0.590411 0.648662 0.593594 0.648278 0.593737 0.646477 0.593956 0.641463 0.594026 0.622829 0.592581 0.602782 0.590992 0.580032 0.589474 0.559472 0.588823 0.550088 0.587667 0.550731 0.589979 0.592500 0.592219 0.624370 0.592219 0.641208 0.591859 0.645579 0.587159 0.643134 0.580797 0.638639 0.575810 0.633111 0.566701 0.619875 0.562943 0.613833 0.561492 0.611171 0.558854 0.607593 0.553255 0.599056 0.549279 0.593912 0.548122 0.591986 0.547560 0.591815
8 0.537818 0.590421 0.542289 0.603319 0.543857 0.601241 0.541109 0.593014 0.540750 0.591088
8 0.542701 0.590958 0.545159 0.598926 0.543857 0.601241 0.541109 0.593014 0.540750 0.591088
8 0.549063 0.596481 0.544073 0.605866 0.540458 0.612292 0.539302 0.608565 0.547687 0.594815
8 0.533086 0.616273 0.533086 0.621032 0.533974 0.622597 0.534604 0.623856 0.535109 0.619486 0.535687 0.616532 0.535109 0.615245
8 0.535687 0.616532 0.535109 0.619486 0.534604 0.623856 0.536266 0.626556 0.536302 0.623213 0.536883 0.620634 0.537029 0.618532
8 0.532771 0.605972 0.531125 0.602875 0.528706 0.598750 0.525872 0.594810 0.521773 0.591093 0.521253 0.590662 0.520167 0.592523 0.519125 0.594444 0.522802 0.597718 0.527448 0.602190 0.530302 0.606181 0.532333 0.610139 0.537029 0.618532 0.542495 0.628204 0.538266 0.615898
8 0.555857 0.633083 0.556870 0.638481 0.556531 0.638995 0.555279 0.641310 0.554557 0.636296
8 0.518786 0.611171 0.520044 0.625620 0.520818 0.629750 0.521651 0.633088 0.523430 0.635944 0.521495 0.617361 0.521107 0.614611
8 0.521495 0.617361 0.523430 0.635944 0.525172 0.636287 0.523888 0.620935
8 0.525367 0.624588 0.526430 0.636463 0.528271 0.645236 0.530786 0.650741 0.531172 0.645750 0.529044 0.641449 0.528464 0.637491 0.527206 0.629407
8 0.528076 0.631301 0.528464 0.637491 0.529044 0.641449 0.531172 0.645750 0.531521 0.640486
8 0.538576 0.648468 0.539737 0.648468 0.542352 0.648986 0.543513 0.649500 0.545542 0.654472 0.543029 0.654319 0.540221 0.652773
8 0.535659 0.631333 0.539737 0.648468 0.538576 0.648468 0.535677 0.641894
8 0.554979 0.668292 0.551979 0.660546 0.551594 0.654870 0.550247 0.650736 0.542495 0.628204 0.536883 0.620634 0.536302 0.623213 0.539398 0.627000 0.542109 0.634398 0.544141 0.642139 0.545977 0.646630 0.549010 0.657171 0.550096 0.663597 0.554216 0.670662 0.555034 0.672824
8 0.555107 0.665111 0.555034 0.672824 0.557542 0.678505 0.557203 0.671153
8 0.546664 0.630630 0.554526 0.648806 0.559901 0.663338 0.563932 0.674884 0.562565 0.677412 0.555063 0.655514
8 0.534409 0.647532 0.534336 0.661796 0.533974 0.663083 0.532393 0.659755 0.532974 0.643926
8 0.534987 0.651644 0.535276 0.666037 0.535682 0.667500 0.537734 0.670148 0.537807 0.667963 0.537083 0.660509 0.535677 0.651116
8 0.537083 0.660509 0.537807 0.667963 0.540047 0.673620 0.541638 0.675546 0.537878 0.659995
8 0.532974 0.643926 0.532393 0.659755 0.531617 0.657519 0.530651 0.655282 0.531521 0.640486
8 0.521651 0.633088 0.531617 0.657519 0.535682 0.667500 0.533747 0.664917 0.527940 0.657005 0.523393 0.645477
8 0.553781 0.691931 0.553102 0.694338 0.551844 0.695028 0.543617 0.685218 0.537232 0.678167 0.534716 0.673519 0.536167 0.673690 0.548167 0.685736
8 0.544005 0.696231 0.535974 0.682120 0.529198 0.669389 0.525036 0.660616 0.524552 0.659241 0.525133 0.656657 0.526005 0.654079 0.533747 0.664917 0.542651 0.677134 0.548167 0.685736 0.536167 0.673690 0.527555 0.658208 0.528036 0.660958 0.534716 0.673519 0.542651 0.688144 0.546135 0.695199
8 0.515935 0.600352 0.518164 0.601764 0.525083 0.609491 0.533974 0.622597 0.541203 0.635708 0.545977 0.646630 0.549010 0.657171 0.550096 0.663597 0.554216 0.670662 0.557542 0.678505 0.558771 0.681718 0.557253 0.683773 0.548505 0.666296 0.545542 0.654472 0.540409 0.641106 0.536505 0.632750 0.535659 0.631333 0.534070 0.628806 0.532396 0.625681 0.530432 0.622343 0.529552 0.620773 0.526292 0.614977 0.521945 0.608727
8 0.546909 0.562903 0.547661 0.569593 0.549000 0.573606 0.551008 0.580000 0.551258 0.581935 0.549753 0.583421 0.550003 0.585204 0.551258 0.585352 0.551341 0.588032 0.550755 0.588329 0.549083 0.588329 0.545570 0.571079 0.544901 0.565579
8 0.554102 0.562903 0.552094 0.574796 0.551008 0.580000 0.551927 0.580894 0.553432 0.580449 0.555870 0.565681 0.556128 0.556931
8 0.601768 0.528750 0.613760 0.543699 0.608620 0.540926 0.598307 0.527375 0.596643 0.524315 0.598734 0.525801 0.599904 0.524611 0.600424 0.525565
8 0.600424 0.525565 0.612406 0.523574 0.613414 0.527556 0.601768 0.528750
8 0.592240 0.509537 0.599904 0.524611 0.598734 0.525801 0.596643 0.524315 0.593096 0.516537 0.589792 0.509398
8 0.575781 0.524417 0.579797 0.522185 0.582474 0.521444 0.584482 0.521444 0.584898 0.525458 0.581818 0.525491 0.581130 0.525421 0.577898 0.525667
8 0.573633 0.523884 0.577898 0.525667 0.577146 0.526259 0.573966 0.526856 0.571122 0.525519
8 0.578794 0.529324 0.579464 0.530958 0.577635 0.532514 0.575951 0.529769
8 0.573523 0.506426 0.582977 0.514750 0.580885 0.515940 0.573523 0.509843 0.572018 0.508657 0.572310 0.506907
8 0.570810 0.521569 0.568435 0.523458 0.567909 0.524144 0.564148 0.527481 0.561982 0.529537 0.566940 0.528639 0.573633 0.523884 0.579320 0.520611 0.584589 0.520167 0.584005 0.514958 0.576896 0.517338
8 0.558854 0.607593 0.557943 0.591708 0.555870 0.565681 0.556128 0.556931 0.558461 0.550940 0.564549 0.544032 0.567862 0.541278 0.570536 0.538602 0.577635 0.532514 0.582674 0.527769 0.584190 0.525833 0.585346 0.529667 0.580576 0.533806 0.571974 0.542167 0.570596 0.543065 0.568086 0.545444 0.562076 0.551676 0.558966 0.556167 0.558099 0.558241 0.559109 0.580213 0.561208 0.605644 0.561492 0.611171
8 0.570346 0.549162 0.567669 0.554514 0.568003 0.558231 0.570346 0.554514 0.574135 0.547523 0.576810 0.544255 0.579823 0.542917 0.581076 0.541875 0.580240 0.538750 0.577648 0.539940 0.574049 0.542468
8 0.570346 0.554514 0.570430 0.559866 0.569844 0.560463 0.569258 0.562694 0.569258 0.564773 0.570260 0.565222 0.570513 0.584847 0.570430 0.591389 0.567167 0.591241 0.567503 0.563731 0.568003 0.558231
8 0.570596 0.543065 0.570346 0.549162 0.567669 0.554514 0.568086 0.545444
8 0.568781 0.531468 0.568531 0.533250 0.567862 0.541278 0.570536 0.538602 0.571122 0.530870
8 0.564826 0.532356 0.555206 0.543806 0.546365 0.556894 0.540510 0.567898 0.538336 0.573250 0.539674 0.576523 0.543940 0.567005 0.553977 0.550944 0.561505 0.540088 0.568531 0.533250 0.568781 0.531468
8 0.561982 0.532806 0.559055 0.535630 0.556776 0.538278 0.554680 0.539949 0.553594 0.541620 0.552221 0.543417 0.550198 0.545088 0.550198 0.545088 0.548680 0.547662 0.545586 0.551690 0.544901 0.553222 0.543086 0.554991 0.538227 0.560759 0.536234 0.564491 0.534396 0.564667 0.536219 0.568787 0.555206 0.543806 0.564826 0.532356
8 0.569500 0.512190 0.565305 0.511032 0.563065 0.510773 0.561909 0.511546 0.560245 0.515403 0.559378 0.519773 0.561401 0.520412 0.562341 0.517588 0.563354 0.512833 0.569208 0.515403 0.569372 0.513681
8 0.562341 0.517588 0.568703 0.520931 0.568435 0.523458 0.567909 0.524144 0.562992 0.521185 0.561401 0.520412
8 0.549979 0.534935 0.552221 0.543417 0.553594 0.541620 0.551570 0.534681
8 0.555474 0.534167 0.556776 0.538278 0.554680 0.539949 0.553161 0.534551
8 0.546221 0.517972 0.550630 0.521315 0.553305 0.524782 0.554102 0.526199 0.554896 0.527611 0.555474 0.531083 0.553161 0.531208 0.551281 0.526199 0.549620 0.524782 0.547523 0.523755 0.544776 0.518745
8 0.547523 0.523755 0.549401 0.530954 0.551427 0.531083 0.549620 0.524782
8 0.541667 0.520801 0.545427 0.531338 0.542102 0.531083 0.539964 0.522458
8 0.546294 0.534935 0.549331 0.542648 0.550198 0.545088 0.548680 0.547662 0.543547 0.534421
8 0.581130 0.525421 0.571065 0.527486 0.558677 0.530926 0.547451 0.531616 0.541214 0.531009 0.539089 0.530676 0.534773 0.528690 0.538151 0.524676 0.539964 0.522458 0.548419 0.515787 0.559065 0.509421 0.564484 0.506838 0.571258 0.505463 0.571497 0.504463 0.572997 0.503241 0.570789 0.503065 0.568924 0.502602 0.567250 0.502903 0.566544 0.503431 0.566544 0.503431 0.564862 0.503468 0.562247 0.504671 0.556133 0.507616 0.554461 0.509056 0.552120 0.510097 0.550865 0.510991 0.549193 0.511731 0.546935 0.512773 0.544927 0.514856 0.542083 0.516787 0.540159 0.518278 0.539680 0.519435 0.537648 0.521500 0.535576 0.523495 0.533138 0.526606 0.532393 0.527829 0.532591 0.530787 0.536263 0.533384 0.539833 0.533606 0.541404 0.534111 0.547828 0.535037 0.558010 0.533713 0.574878 0.530051 0.580935 0.528829 0.581255 0.528481 0.581818 0.525491
8 0.532591 0.530787 0.538464 0.535676 0.540276 0.537120 0.540839 0.540560 0.540026 0.539565 0.536484 0.537380 0.532943 0.535245
8 0.539964 0.522458 0.541214 0.531009 0.539089 0.530676 0.538151 0.524676
8 0.539833 0.533606 0.541151 0.542324 0.542078 0.548208 0.543086 0.554991 0.544901 0.553222 0.542594 0.540329 0.541404 0.534111
8 0.535604 0.557903 0.535987 0.562477 0.541474 0.555736 0.542201 0.554375 0.542078 0.548208 0.541151 0.542324 0.540828 0.542685 0.540547 0.549426 0.540242 0.550944 0.540203 0.554171
8 0.535242 0.554745 0.540242 0.550944 0.540203 0.554171 0.535604 0.557903
8 0.533302 0.538407 0.536484 0.537380 0.540026 0.539565 0.533664 0.542519
8 0.525148 0.533074 0.529062 0.530708 0.530427 0.532148 0.530594 0.533579 0.525674 0.536157
8 0.528417 0.546699 0.530797 0.544120 0.531805 0.543833 0.532128 0.546343 0.529021 0.548921
8 0.526924 0.541750 0.531320 0.539745 0.531766 0.543042 0.527813 0.544838
8 0.524781 0.526000 0.525031 0.532551 0.526281 0.539773 0.530279 0.553102 0.534396 0.564667 0.540526 0.577981 0.546398 0.588315 0.543089 0.587870 0.535654 0.573542 0.534336 0.570935 0.533180 0.567593 0.528906 0.557546 0.527005 0.550977 0.525224 0.544356 0.522901 0.532546 0.522633 0.531972 0.522708 0.528935 0.522815 0.525287 0.522969 0.523977 0.524427 0.525611
8 0.522901 0.532546 0.525224 0.544356 0.527005 0.550977 0.529867 0.564514 0.531271 0.570273 0.529760 0.572097 0.526734 0.558852 0.523010 0.540898 0.522464 0.537338 0.522031 0.534843 0.521443 0.532741 0.522633 0.531972
8 0.520958 0.535426 0.519607 0.536292 0.518646 0.536481 0.517070 0.537444 0.515229 0.538583 0.515336 0.542042 0.522464 0.537338 0.522031 0.534843
8 0.518148 0.528130 0.519607 0.536292 0.520958 0.535426 0.519500 0.528417
8 0.515234 0.527269 0.517070 0.537444 0.518646 0.536481 0.517286 0.527843
8 0.517875 0.589523 0.516201 0.589139 0.515120 0.589083 0.514958 0.593208 0.516255 0.593019
8 0.516201 0.589139 0.518143 0.580500 0.518901 0.574833 0.519602 0.570995 0.520089 0.566481 0.522195 0.566481 0.521599 0.571477 0.521221 0.573972 0.520521 0.578866 0.518792 0.586546 0.517875 0.589523
8 0.521221 0.573972 0.524193 0.579537 0.522411 0.582324 0.520521 0.578866
8 0.516687 0.566481 0.519602 0.570995 0.518901 0.574833 0.515281 0.568690 0.515391 0.566389
8 0.515229 0.563125 0.522247 0.563315 0.522841 0.565426 0.522841 0.566481 0.515391 0.566389
8 0.509917 0.558810 0.511917 0.559588 0.509542 0.561921 0.508982 0.561477 0.509714 0.559597
8 0.509542 0.561921 0.512792 0.558810 0.512917 0.561366 0.511792 0.562477
8 0.505669 0.556699 0.507669 0.557477 0.507039 0.560370 0.505594 0.559343
8 0.505594 0.559343 0.507039 0.560370 0.505945 0.563565 0.505008 0.562343
8 0.508982 0.561477 0.512792 0.562810 0.512792 0.567255 0.507919 0.565366
8 0.500109 0.568144 0.505732 0.564255 0.504365 0.568722 0.502240 0.570806 0.501734 0.569005 0.501083 0.568491
8 0.512794 0.531477 0.512794 0.539060 0.512794 0.543819 0.512966 0.549958 0.512896 0.553815 0.512867 0.588796 0.512867 0.592782 0.512836 0.597574 0.512836 0.597574 0.512836 0.600662 0.515034 0.595481 0.515310 0.570532 0.515214 0.547648 0.515310 0.535949 0.515505 0.532681 0.515602 0.531306 0.514344 0.529931
8 0.506172 0.541222 0.511130 0.540218 0.512461 0.542894 0.508557 0.544565 0.506172 0.544565
8 0.500896 0.544690 0.502703 0.547259 0.504076 0.548417 0.504221 0.546361 0.504195 0.543903 0.503070 0.544236
8 0.511667 0.549958 0.512966 0.549958 0.512896 0.553815 0.510870 0.553685
8 0.506099 0.546491 0.509469 0.548958 0.508818 0.551912 0.505997 0.550630
8 0.510003 0.546231 0.508773 0.553171 0.507039 0.560370 0.504365 0.568722 0.502703 0.573477 0.503107 0.576458 0.503281 0.579389 0.506461 0.569880 0.509714 0.559597 0.511089 0.552403 0.512388 0.547005
8 0.503497 0.581449 0.509714 0.588130 0.506677 0.587361 0.503497 0.585176
8 0.507633 0.617755 0.509367 0.615056 0.510885 0.611713 0.512331 0.607213 0.513849 0.604903 0.514500 0.602588 0.520167 0.592523 0.530000 0.576977 0.534336 0.570935 0.533180 0.567593 0.525878 0.577102 0.519951 0.585972 0.515034 0.595481 0.512836 0.600662 0.511638 0.603194 0.509469 0.607306 0.508284 0.610426 0.506547 0.613255 0.507271 0.616338
8 0.500185 0.606060 0.498307 0.612486 0.496284 0.609787 0.497151 0.606958
8 0.493174 0.603361 0.497542 0.602551 0.498336 0.602676 0.501083 0.602421 0.502023 0.603449 0.502023 0.605764 0.496312 0.606921 0.494576 0.606792
8 0.502456 0.588412 0.501878 0.589699 0.498336 0.602676 0.501083 0.602421 0.503180 0.594454 0.504263 0.591884 0.503469 0.588671
8 0.494042 0.584722 0.498669 0.585625 0.500576 0.585972 0.501661 0.586097 0.503758 0.586870 0.512867 0.588796 0.512867 0.592782 0.507083 0.591241 0.506505 0.589310 0.502456 0.588412 0.501878 0.589699 0.499536 0.589481 0.497221 0.589352 0.488865 0.587644 0.485107 0.586741 0.483010 0.581986 0.488865 0.583014
8 0.499536 0.589481 0.495487 0.600787 0.493174 0.603361 0.492378 0.601815 0.497221 0.589352
8 0.500766 0.579454 0.499607 0.581509 0.498669 0.584722 0.498669 0.585625 0.500576 0.585972 0.501372 0.584301
8 0.495633 0.574829 0.499607 0.581509 0.500766 0.579454 0.500505 0.577616 0.498740 0.574699 0.497729 0.573157 0.496745 0.573889
8 0.487753 0.574699 0.490789 0.572259 0.491396 0.571833 0.492479 0.570806 0.493492 0.570806 0.495516 0.569778 0.497107 0.568620 0.498768 0.567977 0.501083 0.568491 0.501734 0.569005 0.502240 0.570806 0.503107 0.576458 0.503758 0.586870 0.501661 0.586097 0.500505 0.577616 0.500143 0.571963 0.496745 0.573889 0.492451 0.575472 0.489414 0.577528 0.485323 0.580574 0.483010 0.581986 0.481346 0.578130 0.483487 0.577014 0.486596 0.574958
8 0.479367 0.569176 0.482909 0.572259 0.486596 0.574958 0.483487 0.577014 0.479148 0.573671 0.479367 0.571616
8 0.479656 0.562750 0.479367 0.571616 0.479148 0.573671 0.477487 0.569560 0.478104 0.567213
8 0.487680 0.566602 0.490456 0.571579 0.490789 0.572259 0.487753 0.574699 0.484716 0.570972 0.486307 0.567505 0.487318 0.565963
8 0.489414 0.577528 0.494042 0.584722 0.498669 0.585625 0.498669 0.584722 0.492451 0.575472
8 0.493826 0.566218 0.495516 0.569778 0.493492 0.570806 0.492120 0.567977 0.491758 0.565667
8 0.490065 0.564676 0.490456 0.571579 0.491396 0.571833 0.492479 0.570806 0.491758 0.565667
8 0.489560 0.553111 0.492958 0.562361 0.491221 0.561593 0.488404 0.552079
8 0.485437 0.547713 0.488331 0.560051 0.491221 0.561593 0.486378 0.545653
8 0.482547 0.559148 0.486307 0.567505 0.484716 0.570972 0.480523 0.560690 0.481102 0.558250
8 0.568435 0.523458 0.569372 0.513681 0.569935 0.509574 0.571497 0.504463 0.572997 0.503241 0.574552 0.503065 0.577479 0.502468 0.579714 0.502903 0.581638 0.503347 0.582932 0.503463 0.583370 0.507685 0.575622 0.506574 0.572310 0.506907 0.570810 0.521569
8 0.568924 0.502602 0.570094 0.500222 0.571349 0.498736 0.574026 0.499333 0.577479 0.502468 0.574552 0.503065 0.572294 0.500537 0.570789 0.503065
8 0.567250 0.502903 0.567586 0.499926 0.568422 0.497398 0.569391 0.496356 0.571169 0.496019 0.572182 0.496245 0.575698 0.496954 0.579797 0.499630 0.579714 0.502903 0.574026 0.499333 0.571349 0.498736 0.570094 0.500222 0.568924 0.502602
8 0.496284 0.609787 0.498307 0.612486 0.499247 0.614926 0.503107 0.622083 0.508932 0.633560 0.509758 0.634551 0.511745 0.643958 0.498372 0.615426 0.495516 0.609361
8 0.499391 0.612097 0.501703 0.613125 0.505464 0.618523 0.507633 0.626236 0.508932 0.633560 0.502138 0.618912 0.499247 0.614926 0.498307 0.612486
8 0.518258 0.668389 0.515005 0.651681 0.514065 0.646542 0.512693 0.639986 0.507271 0.616338 0.502932 0.598861 0.501922 0.599375 0.501083 0.602421 0.502023 0.603449 0.502023 0.605764 0.504380 0.614028 0.505464 0.618523 0.507633 0.626236 0.509758 0.634551 0.511745 0.643958 0.513409 0.653981 0.513922 0.658236 0.515367 0.664148 0.517320 0.668519
8 0.504510 0.529269 0.504221 0.546361 0.503424 0.560111 0.503135 0.562426 0.499089 0.563713 0.494966 0.563454 0.493680 0.562750 0.492958 0.562361 0.491221 0.561593 0.488331 0.560051 0.482693 0.554907 0.481951 0.556208 0.481102 0.558250 0.482547 0.559148 0.486451 0.562620 0.490065 0.564676 0.493826 0.566218 0.496919 0.567181 0.500172 0.566926 0.503062 0.565384 0.504799 0.563199 0.505594 0.559343 0.506099 0.546491 0.506318 0.537106 0.506245 0.530940
8 0.504234 0.603875 0.507633 0.608630 0.508284 0.610426 0.506547 0.613255
8 0.509367 0.615056 0.513633 0.629579 0.516018 0.635491 0.517464 0.648213 0.514284 0.642171 0.510161 0.628292 0.507633 0.617755
8 0.524878 0.549972 0.523690 0.550546 0.523328 0.553273 0.523258 0.554194 0.525419 0.552657
8 0.529068 0.443005 0.530154 0.451333 0.531745 0.459065 0.533245 0.460125 0.533333 0.457130 0.530823 0.445977
8 0.526893 0.460255 0.529654 0.473338 0.531409 0.471407 0.529151 0.461148
8 0.546409 0.465060 0.549083 0.476755 0.550240 0.477528 0.550891 0.476884 0.549125 0.468333
8 0.543445 0.461394 0.548143 0.475060 0.546552 0.476250 0.539685 0.457194
8 0.552047 0.475472 0.551977 0.479713 0.553711 0.480486 0.553784 0.479329
8 0.562635 0.500370 0.560099 0.494829 0.554680 0.481241 0.550964 0.472981 0.549125 0.468333 0.550612 0.470079 0.554544 0.475389 0.561029 0.490014 0.565578 0.500681 0.566544 0.503431 0.564862 0.503468
8 0.554680 0.481241 0.560099 0.494829 0.561357 0.499648 0.558552 0.497583 0.554776 0.486398 0.552938 0.483648 0.548583 0.481412 0.547620 0.479153 0.546552 0.476250 0.550711 0.478829
8 0.540357 0.483819 0.545292 0.480380 0.546648 0.482958 0.542776 0.485194 0.541326 0.487949 0.540745 0.485194
8 0.537453 0.474014 0.538711 0.476593 0.540745 0.485194 0.541326 0.487949 0.542680 0.494829 0.540667 0.494866 0.538906 0.487606 0.537164 0.479000 0.536583 0.474185
8 0.542776 0.485194 0.546937 0.494486 0.544229 0.494829 0.541326 0.487949
8 0.531357 0.478144 0.534841 0.483819 0.534937 0.489667 0.530680 0.483819 0.529130 0.481755
8 0.536388 0.470917 0.537453 0.495005 0.535130 0.495005 0.534648 0.478144 0.534549 0.473153
8 0.537357 0.498958 0.539680 0.519435 0.537648 0.521500 0.535906 0.506356 0.535615 0.498616
8 0.518602 0.497102 0.528492 0.495329 0.530234 0.495157 0.540667 0.494866 0.547828 0.494694 0.552888 0.495958 0.555063 0.495806 0.562635 0.500370 0.564862 0.503468 0.562247 0.504671 0.557312 0.500370 0.551893 0.498648 0.547151 0.498306 0.542117 0.499167 0.530138 0.498255 0.528396 0.499116 0.521214 0.500542 0.518505 0.500542
8 0.529750 0.486384 0.530234 0.495157 0.528492 0.495329 0.527911 0.486213
8 0.528396 0.499116 0.530253 0.521500 0.530060 0.524769 0.530331 0.528190 0.530427 0.532148 0.534396 0.564667 0.536234 0.564491 0.532943 0.535245 0.530138 0.498255
8 0.524138 0.518727 0.524138 0.521995 0.530331 0.528190 0.530060 0.524769
8 0.523169 0.512532 0.530253 0.521500 0.529867 0.523907 0.523867 0.516509
8 0.516977 0.497222 0.522008 0.508231 0.523169 0.512532 0.524138 0.518727 0.524138 0.521995 0.522589 0.520106 0.521448 0.514273 0.519880 0.509093 0.515620 0.499458
8 0.515620 0.499458 0.519880 0.509093 0.519685 0.510644 0.515250 0.502319 0.514914 0.500093
8 0.515250 0.502319 0.521448 0.514273 0.521641 0.517370 0.519510 0.514616 0.514943 0.505481 0.514458 0.503417
8 0.513492 0.505134 0.514266 0.510644 0.511458 0.507199
8 0.514943 0.505481 0.516878 0.513394 0.514266 0.510644 0.513492 0.505134 0.514458 0.503417
8 0.511458 0.507199 0.519104 0.516491 0.530331 0.528190 0.530427 0.532148 0.524427 0.525611 0.517901 0.518759 0.515578 0.515977 0.515039 0.515019 0.512987 0.513292 0.510104 0.509611
8 0.517901 0.518759 0.518927 0.524426 0.517091 0.523944 0.515578 0.515977
8 0.512987 0.513292 0.514445 0.521449 0.514823 0.522792 0.514823 0.523560 0.516604 0.523847 0.515039 0.515019
8 0.508828 0.511463 0.514823 0.522792 0.514823 0.523560 0.512232 0.522986 0.507586 0.512523
8 0.507586 0.512523 0.512232 0.522986 0.510180 0.522505 0.507589 0.516935 0.506776 0.513671
8 0.506776 0.513671 0.506615 0.521931 0.504779 0.521546 0.504995 0.514731 0.505464 0.513769 0.506299 0.514069
8 0.501701 0.520968 0.509370 0.522315 0.522815 0.525287 0.522708 0.528935 0.508182 0.525866 0.504552 0.524412 0.502240 0.523769 0.499107 0.525222 0.500026 0.523435 0.500612 0.522097
8 0.519250 0.557440 0.515255 0.560417 0.515201 0.557250 0.518279 0.554944
8 0.486937 0.544569 0.492247 0.550681 0.497927 0.555681 0.499740 0.558014 0.503307 0.561343 0.503424 0.560111 0.503427 0.558231 0.497615 0.553458 0.496180 0.552014 0.495560 0.550681 0.494310 0.549125 0.490555 0.544681 0.487221 0.543421
8 0.495560 0.550681 0.497802 0.552125 0.500057 0.553458 0.503557 0.555792 0.503427 0.558231 0.497615 0.553458 0.496180 0.552014
8 0.497927 0.555681 0.497927 0.563787 0.499089 0.563713 0.499807 0.563565 0.499740 0.558014
8 0.497552 0.545125 0.497802 0.552125 0.500057 0.553458 0.499758 0.545125
8 0.488148 0.541579 0.486138 0.539685 0.484826 0.538241 0.483888 0.537685 0.483701 0.538907 0.484880 0.540449 0.487221 0.543421 0.491385 0.545125 0.495323 0.545125 0.499758 0.545125 0.503070 0.544236 0.504195 0.543903 0.504258 0.541352 0.501979 0.541606 0.499521 0.541736 0.499089 0.542380 0.497424 0.542250
8 0.513849 0.604903 0.514284 0.619296 0.516018 0.635491 0.517464 0.648213 0.520065 0.652708 0.519633 0.644356 0.515802 0.611583 0.515513 0.603875 0.514500 0.602588
8 0.497063 0.538139 0.497424 0.542250 0.499089 0.542380 0.498799 0.540194
8 0.498437 0.528755 0.499016 0.536852 0.497930 0.535310 0.496992 0.533639 0.496773 0.529528
8 0.495510 0.528940 0.495039 0.529782 0.501661 0.528139 0.503831 0.528139 0.507010 0.532380 0.511130 0.540218 0.512794 0.543819 0.512794 0.539060 0.510263 0.532120 0.506648 0.526208 0.504552 0.524412 0.502240 0.523769 0.499107 0.525222 0.497323 0.525694
8 0.484701 0.528241 0.486581 0.527597 0.489010 0.527755 0.492003 0.526699 0.491078 0.528491 0.491078 0.528491 0.489372 0.531352 0.483557 0.531986 0.483932 0.530431 0.483807 0.529208 0.483307 0.528431
8 0.495039 0.529782 0.497930 0.535310 0.501979 0.541606 0.499521 0.541736 0.495617 0.535310 0.493737 0.531968
8 0.490992 0.522458 0.492003 0.526699 0.493594 0.524773 0.492654 0.522588
8 0.485870 0.520991 0.486581 0.527597 0.489010 0.527755 0.488432 0.521583
8 0.484846 0.523870 0.486581 0.527597 0.484701 0.528241 0.483979 0.526185
8 0.491320 0.513153 0.494320 0.515736 0.496430 0.519273 0.492286 0.518315 0.489771 0.513500
8 0.489771 0.513500 0.491320 0.518144 0.489190 0.517972 0.488057 0.514435
8 0.492286 0.504380 0.495966 0.512120 0.496836 0.515218 0.493643 0.512292 0.491320 0.507648
8 0.478766 0.520125 0.479078 0.523125 0.478828 0.524468 0.477641 0.527245 0.477328 0.528120 0.479078 0.528343 0.480578 0.525801 0.481141 0.523356 0.481141 0.520125
8 0.481141 0.520125 0.481266 0.525898 0.482745 0.522213 0.482576 0.520468
8 0.473560 0.540875 0.475435 0.544759 0.474372 0.548093 0.472872 0.544759 0.473648 0.542106
8 0.476997 0.548093 0.478372 0.550759 0.478060 0.555532 0.476122 0.551537
8 0.481620 0.531986 0.480703 0.545014 0.480445 0.550856 0.478016 0.557125 0.479016 0.544681 0.479391 0.539907
8 0.474482 0.526722 0.475766 0.527912 0.480453 0.528579 0.480557 0.529653 0.479703 0.531574 0.475453 0.531241 0.474078 0.531241
8 0.481620 0.531986 0.477997 0.544981 0.473872 0.558755 0.473247 0.559088 0.471984 0.558106 0.471687 0.556644 0.475435 0.544759 0.479122 0.532875 0.480557 0.529653 0.480995 0.530208 0.481432 0.531542
8 0.488057 0.514435 0.486870 0.517435 0.485870 0.520991 0.483432 0.527319 0.483307 0.528431 0.483807 0.529208 0.483932 0.530431 0.483557 0.531986 0.483182 0.532875 0.482870 0.532986 0.482182 0.532875 0.481432 0.531542 0.480995 0.530208 0.480557 0.529653 0.480432 0.527875 0.481057 0.526769 0.482745 0.522213 0.484245 0.518324 0.486995 0.514880
8 0.483805 0.517602 0.482576 0.520468 0.478328 0.520023 0.473643 0.519356 0.473055 0.518148 0.471456 0.515028 0.477607 0.515671 0.480091 0.516532 0.481008 0.516727 0.483010 0.516944
8 0.466130 0.527199 0.470250 0.535810 0.468878 0.528227 0.467938 0.528102
8 0.469529 0.537611 0.466924 0.538380 0.464466 0.539796 0.464466 0.541338 0.465047 0.542880 0.466057 0.542880 0.468443 0.541468 0.469818 0.541468 0.471406 0.540181 0.470685 0.537995
8 0.468878 0.528227 0.470250 0.535810 0.471406 0.540181 0.470469 0.545708 0.469888 0.551620 0.470107 0.553417 0.471190 0.554315 0.471552 0.552773 0.472565 0.545708 0.473648 0.542106 0.473219 0.538903 0.471742 0.532662 0.470372 0.527407 0.469456 0.528356
8 0.463021 0.523856 0.465625 0.526944 0.467938 0.528102 0.469456 0.528356 0.470372 0.527407 0.469982 0.525102 0.467794 0.523769 0.463107 0.520880 0.463044 0.522657
8 0.466232 0.513324 0.466518 0.516356 0.468544 0.515991 0.468044 0.513991 0.466951 0.512843
8 0.467232 0.519880 0.467794 0.523769 0.469982 0.525102 0.469044 0.519880
8 0.462109 0.520546 0.461521 0.519912 0.461958 0.518245 0.463521 0.517134 0.466518 0.516356 0.469331 0.515912 0.470315 0.517167 0.470372 0.518532 0.470331 0.519468 0.465583 0.520134 0.463107 0.520880
8 0.462109 0.520546 0.461172 0.526986 0.460922 0.533542 0.461172 0.534542 0.461859 0.535208 0.462672 0.535319 0.462609 0.529431 0.462982 0.524769 0.463044 0.522657 0.463107 0.520880
8 0.460234 0.518991 0.460734 0.529319 0.460734 0.531542 0.459984 0.531542 0.458734 0.528542 0.458234 0.519435 0.460081 0.518347
8 0.466951 0.512843 0.460081 0.518347 0.455628 0.521102 0.453984 0.519898 0.453500 0.518176 0.454062 0.517588 0.454602 0.516727 0.457706 0.513662 0.459133 0.512394 0.461458 0.509704 0.462664 0.508630 0.464122 0.508097 0.465112 0.509403 0.460370 0.513532 0.456112 0.516972 0.462596 0.513361 0.465789 0.510606
8 0.428344 0.431468 0.430688 0.431019 0.432026 0.434884 0.429182 0.435333 0.428719 0.432796
8 0.424164 0.431912 0.426422 0.432060 0.427258 0.435481 0.424247 0.435037
8 0.458573 0.486944 0.458836 0.490861 0.463057 0.494144 0.462505 0.491259
8 0.458740 0.483079 0.462169 0.488731 0.462417 0.489699 0.462505 0.491259 0.458573 0.486944 0.458529 0.484870
8 0.484880 0.540449 0.480445 0.550856 0.476346 0.561713 0.475510 0.564833 0.476096 0.567065 0.477185 0.568403 0.478104 0.567213 0.481951 0.556208 0.487221 0.543421
8 0.536245 0.465593 0.533987 0.469310 0.529469 0.474958 0.528771 0.475958 0.527326 0.478144 0.521607 0.485667 0.517969 0.490588 0.516547 0.492074 0.515250 0.494440 0.513870 0.496389 0.513870 0.496389 0.512740 0.498306 0.510565 0.499495 0.505924 0.506352 0.504333 0.507542 0.504292 0.510051 0.501365 0.514069 0.500862 0.513472 0.498688 0.516449 0.496430 0.519273 0.496513 0.520611 0.491078 0.528491 0.486393 0.537116 0.488148 0.541579 0.495510 0.528940 0.498604 0.523731 0.499107 0.525222 0.500026 0.523435 0.500612 0.522097 0.503122 0.519421 0.503122 0.517787 0.505464 0.513769 0.506299 0.514069 0.509143 0.510944 0.515250 0.502319 0.514914 0.500093 0.523615 0.489829 0.533901 0.474514 0.536914 0.470352 0.538669 0.468713
8 0.486870 0.517435 0.496430 0.519273 0.496513 0.520611 0.494555 0.523213 0.485870 0.520991
8 0.484961 0.492912 0.489227 0.499079 0.487854 0.500750 0.485974 0.499593 0.484094 0.493556
8 0.484094 0.493556 0.487130 0.503319 0.486479 0.506148 0.483010 0.496125
8 0.483010 0.496125 0.486479 0.506148 0.485396 0.507949 0.482576 0.500236 0.481854 0.497153
8 0.481854 0.497153 0.483010 0.516944 0.481008 0.516727 0.480143 0.503958 0.480117 0.499208
8 0.458396 0.543241 0.456273 0.544792 0.457398 0.547903 0.458583 0.546569
8 0.443094 0.513222 0.445401 0.519468 0.448464 0.522801 0.451086 0.526579 0.453086 0.530796 0.456523 0.538907 0.458396 0.543241 0.458297 0.539042 0.456938 0.532250 0.453966 0.528324 0.447839 0.520417 0.445286 0.517593
8 0.456292 0.524435 0.452549 0.515861 0.450146 0.511069 0.448346 0.507157 0.448346 0.505810 0.448203 0.505472 0.447682 0.505134 0.446971 0.505894 0.446167 0.506991 0.445557 0.507338 0.444792 0.510204 0.445727 0.512620 0.447086 0.516245 0.454391 0.524546 0.458128 0.529532 0.460164 0.537231 0.461258 0.549329 0.468255 0.566847 0.477552 0.588440 0.492372 0.618769 0.505023 0.643444 0.510227 0.653727 0.511094 0.651667 0.510661 0.649741 0.507479 0.643060 0.505313 0.638301 0.502854 0.635477 0.492443 0.613755 0.475745 0.575199 0.468299 0.557468 0.479070 0.581884 0.490854 0.607972 0.500758 0.629694 0.503794 0.635477 0.506831 0.640231 0.510156 0.648069 0.511602 0.654495 0.512974 0.656037 0.513409 0.653981 0.511745 0.643958 0.498372 0.615426 0.489914 0.596792 0.471984 0.558106
8 0.452714 0.505014 0.453901 0.512597 0.454602 0.516727 0.454062 0.517588 0.452549 0.515861 0.450878 0.506741 0.450810 0.505727 0.450904 0.504208
8 0.471141 0.496019 0.472784 0.498361 0.471380 0.499611
8 0.476581 0.503477 0.478094 0.505111 0.478633 0.509431 0.475555 0.504630
8 0.477823 0.502134 0.478794 0.510870 0.480091 0.516532 0.481008 0.516727 0.480143 0.503958 0.479117 0.500792
8 0.475555 0.504630 0.478794 0.510870 0.480091 0.516532 0.477607 0.515671 0.473880 0.506264
8 0.467190 0.504056 0.470786 0.500185 0.473646 0.497546 0.474818 0.495468 0.476406 0.494574 0.478078 0.492940 0.479500 0.491602 0.481341 0.489069 0.482044 0.488940 0.483299 0.487301 0.484503 0.485495 0.485852 0.484153 0.488714 0.480889 0.488359 0.482435 0.486122 0.486648 0.479318 0.494616 0.473109 0.501912 0.468141 0.506616 0.466898 0.507866 0.465117 0.505083
8 0.534271 0.407583 0.540375 0.416208 0.544391 0.423644 0.546065 0.428551 0.545563 0.434204 0.543388 0.441787 0.541966 0.436880 0.542635 0.432417 0.542635 0.427958 0.542383 0.425431 0.540125 0.421713 0.537784 0.417995 0.535440 0.413681 0.534250 0.410282
8 0.533685 0.435394 0.533568 0.440167 0.533484 0.444329 0.534055 0.444926 0.535492 0.446708 0.534906 0.438528
8 0.532932 0.433606 0.531258 0.434352 0.529586 0.435986 0.530674 0.438514 0.533685 0.435394
8 0.522701 0.416319 0.525417 0.417528 0.526352 0.418282 0.529495 0.422509 0.530854 0.425227 0.533062 0.429759 0.535440 0.433833 0.538167 0.440463 0.541297 0.447139 0.544224 0.452787 0.548622 0.462468 0.548039 0.462769 0.542182 0.455032 0.536328 0.441056 0.530641 0.429162 0.524870 0.420537 0.522779 0.419199 0.521766 0.415718
8 0.483589 0.504352 0.484891 0.510019 0.483010 0.516944 0.482286 0.502421 0.482576 0.500236
8 0.489227 0.499079 0.487854 0.500750 0.487130 0.503319 0.486479 0.506148 0.485396 0.507949 0.484891 0.510019 0.483010 0.516944 0.483805 0.517602 0.485323 0.514644 0.486187 0.513194 0.490456 0.502051
8 0.520427 0.657977 0.523349 0.669894 0.524867 0.669634 0.522771 0.661153
8 0.503414 0.478546 0.504000 0.476611 0.505003 0.483005 0.508810 0.489384 0.512740 0.498306 0.510565 0.499495 0.504544 0.486259
8 0.504000 0.476611 0.505003 0.483005 0.508810 0.489384 0.506802 0.481949 0.505797 0.476597 0.505086 0.474231
8 0.503414 0.478546 0.504919 0.488060 0.506174 0.500551 0.505924 0.506352 0.504333 0.507542 0.503331 0.491185 0.502495 0.480773
8 0.506760 0.470366 0.507596 0.475569 0.508852 0.481667 0.510357 0.485977 0.511109 0.489250 0.513367 0.495051 0.513870 0.496389 0.512740 0.498306 0.508810 0.489384 0.506802 0.481949 0.505797 0.476597 0.505630 0.473324
8 0.507596 0.468731 0.509521 0.479731 0.510357 0.485977 0.508852 0.481667 0.507596 0.475569 0.506760 0.470366
8 0.508599 0.465310 0.511109 0.489250 0.513367 0.495051 0.510023 0.462037 0.509203 0.464426
8 0.510023 0.462037 0.513367 0.495051 0.513870 0.496389 0.515250 0.494440 0.511654 0.462468 0.511318 0.460093
8 0.512615 0.457579 0.516547 0.492074 0.515250 0.494440 0.511654 0.462468 0.511318 0.460093
8 0.513620 0.455495 0.517969 0.490588 0.516547 0.492074 0.512615 0.457579
8 0.495995 0.428954 0.495615 0.437690 0.497073 0.437111 0.497234 0.431833
8 0.487354 0.424537 0.490755 0.423769 0.492591 0.423384 0.493563 0.426171 0.492862 0.426935 0.487839 0.427611
8 0.499414 0.459389 0.502383 0.473259 0.501289 0.476051 0.499352 0.467940 0.498852 0.463389 0.499133 0.462042
8 0.499883 0.451046 0.502758 0.465708 0.503633 0.470597 0.502383 0.473259 0.500133 0.459375 0.499820 0.456380 0.499883 0.454713
8 0.500742 0.439056 0.499758 0.446824 0.503008 0.464375 0.504383 0.469153 0.505549 0.466278 0.503633 0.459931 0.502070 0.451713 0.502258 0.448046
8 0.502687 0.442750 0.503008 0.445269 0.504883 0.455046 0.504523 0.448657 0.504508 0.443157
8 0.500742 0.439056 0.503570 0.455380 0.505320 0.463486 0.504883 0.455046 0.503008 0.445269 0.502687 0.442750
8 0.495174 0.473741 0.499141 0.480630 0.500260 0.478389 0.496341 0.471088
8 0.497461 0.468431 0.500680 0.474736 0.500625 0.477560 0.500260 0.478389 0.496341 0.471088
8 0.495034 0.475069 0.498115 0.483532 0.497227 0.485690 0.493914 0.477060
8 0.493914 0.477060 0.497227 0.485690 0.496388 0.487847 0.493167 0.479884 0.492979 0.479301 0.493385 0.478481
8 0.498768 0.453264 0.497510 0.461708 0.495948 0.468375 0.493135 0.474593 0.490385 0.483259 0.493385 0.478481 0.497760 0.467708 0.499133 0.462042 0.499883 0.454713 0.499883 0.451046 0.499383 0.448935
8 0.499276 0.439639 0.498120 0.446708 0.497302 0.452273 0.496362 0.454458 0.495711 0.458829 0.495279 0.461269 0.494771 0.463329 0.493760 0.465514 0.493760 0.465514 0.493542 0.466667 0.493036 0.470009 0.492154 0.472449 0.491156 0.474782 0.490094 0.476782 0.488359 0.482435 0.485396 0.488347 0.481419 0.493491 0.475635 0.500944 0.467396 0.508528 0.468984 0.511097 0.477299 0.503000 0.486117 0.491176 0.489589 0.485134 0.494143 0.471644 0.498768 0.453264 0.500742 0.439056
8 0.520427 0.657977 0.522742 0.676486 0.520646 0.675972 0.518620 0.659523 0.517969 0.653866 0.519417 0.656310
8 0.495711 0.441093 0.495857 0.450731 0.496362 0.454458 0.497302 0.452273 0.496940 0.440579
8 0.490578 0.443023 0.495711 0.458829 0.495279 0.461269 0.489568 0.443407
8 0.489568 0.443407 0.495279 0.461269 0.494771 0.463329 0.492169 0.457157 0.488193 0.443023
8 0.489857 0.458315 0.490435 0.458056 0.493542 0.466667 0.493036 0.470009
8 0.488193 0.443023 0.492169 0.457157 0.494771 0.463329 0.493760 0.465514 0.491518 0.460116 0.488917 0.452532 0.487398 0.445463 0.486820 0.443023
8 0.484146 0.442509 0.487182 0.455361 0.490867 0.467569 0.492154 0.472449 0.493036 0.470009 0.488266 0.452403 0.486313 0.444565 0.485987 0.442838
8 0.489029 0.468657 0.486596 0.474611 0.486609 0.477176 0.486609 0.480148 0.488003 0.477204 0.489839 0.471347
8 0.482784 0.442125 0.484594 0.450125 0.486906 0.457231 0.492154 0.472449 0.491156 0.474782 0.487406 0.464454 0.486359 0.461116 0.485021 0.457694 0.484518 0.455616 0.482846 0.450856 0.482846 0.450856 0.481534 0.444347 0.481096 0.441903
8 0.482260 0.454722 0.480339 0.459630 0.479669 0.462009 0.480589 0.462602 0.481508 0.464241 0.481844 0.462903 0.483182 0.460222 0.483096 0.457398
8 0.479836 0.444907 0.482846 0.450856 0.484518 0.455616 0.485021 0.457694 0.485857 0.461116 0.484102 0.463792 0.483599 0.463940 0.482846 0.463940 0.481844 0.462903 0.483182 0.460222 0.483096 0.457398 0.481508 0.453384 0.479167 0.448625 0.478747 0.444167
8 0.480589 0.462602 0.484018 0.469444 0.484018 0.472417 0.484018 0.475986 0.481927 0.469741 0.480839 0.466620 0.479919 0.465875 0.479669 0.462009
8 0.484102 0.463792 0.484018 0.472417 0.484018 0.477769 0.484102 0.480894 0.484352 0.482528 0.485690 0.482676 0.486193 0.482380 0.486609 0.480148 0.486609 0.477176 0.486609 0.468847 0.486609 0.465875 0.486609 0.462903 0.486359 0.461116 0.485857 0.461116
8 0.482094 0.478218 0.483299 0.487301 0.482044 0.488940 0.480839 0.478069
8 0.480839 0.466620 0.481927 0.474796 0.480505 0.474944 0.479919 0.465875
8 0.480839 0.478069 0.481341 0.489069 0.479500 0.491602 0.478831 0.479852 0.479919 0.478810
8 0.478581 0.441338 0.480505 0.474944 0.478581 0.476731 0.477409 0.451750 0.476826 0.440894 0.477474 0.440884
8 0.475737 0.441190 0.475151 0.451898 0.475068 0.461412 0.475234 0.472713 0.476156 0.479407 0.477076 0.478069 0.477828 0.477176 0.476826 0.462750 0.476826 0.453088 0.476826 0.440894
8 0.476156 0.479407 0.475234 0.472713 0.474565 0.461565 0.474232 0.449815 0.474232 0.440148 0.472224 0.439852 0.472224 0.450111 0.472977 0.462454 0.473729 0.471824 0.474232 0.478514 0.474984 0.481639 0.475401 0.480894
8 0.476740 0.482231 0.478078 0.492940 0.476406 0.494574 0.475401 0.484759 0.476156 0.482977
8 0.474818 0.495468 0.473143 0.492940 0.473562 0.489222 0.476156 0.482977 0.479919 0.478810 0.482094 0.478218 0.484018 0.477769 0.483349 0.475241 0.480505 0.474944 0.477076 0.478069 0.475401 0.480894 0.474846 0.482588 0.473229 0.484023 0.472307 0.488329 0.471891 0.493829 0.472643 0.495764 0.473646 0.497546
8 0.512693 0.639986 0.523320 0.658236 0.523969 0.662991 0.519417 0.656310 0.515513 0.649625 0.514065 0.646542
8 0.457589 0.454324 0.456414 0.469329 0.456341 0.479639 0.456633 0.489037 0.456854 0.492167 0.458542 0.495301 0.459497 0.495560 0.458836 0.490861 0.458029 0.475856 0.458247 0.461759 0.459130 0.455495 0.459130 0.451583 0.458396 0.451583
8 0.466036 0.441875 0.464474 0.447810 0.463372 0.451727 0.462721 0.456130 0.462328 0.460671 0.463813 0.476000 0.467190 0.504056 0.464693 0.504315 0.462417 0.489699 0.460656 0.474954 0.460143 0.455639 0.461831 0.447940 0.463445 0.442069 0.465500 0.438287 0.467630 0.438940 0.467357 0.440176
8 0.486201 0.418292 0.489563 0.436898 0.490133 0.440056 0.489438 0.440231 0.488891 0.440361 0.487622 0.433704 0.484576 0.418704
8 0.484576 0.418704 0.487622 0.433704 0.488891 0.440361 0.487495 0.440361 0.485401 0.429306 0.483560 0.419606
8 0.483560 0.419606 0.485401 0.429306 0.487495 0.440361 0.486161 0.440361 0.483117 0.426037 0.482292 0.419722
8 0.481911 0.419944 0.482482 0.428519 0.483753 0.434384 0.485211 0.440134 0.484594 0.440231 0.483560 0.439907 0.481659 0.432352 0.480008 0.420398
8 0.480008 0.420398 0.481151 0.431903 0.482799 0.439458 0.480997 0.438662 0.479690 0.433819 0.478740 0.427500 0.478612 0.424458 0.478612 0.420847
8 0.474727 0.423824 0.476078 0.437097 0.476557 0.437463 0.476049 0.422685
8 0.477901 0.421324 0.478651 0.437912 0.476557 0.437463 0.476049 0.422685
8 0.471224 0.427023 0.467714 0.431213 0.466562 0.435111 0.468701 0.435310 0.471990 0.427801
8 0.472557 0.425366 0.472534 0.436204 0.474398 0.436694 0.474727 0.423824
8 0.457953 0.436282 0.458612 0.440181 0.459818 0.437843 0.459435 0.436380
8 0.454883 0.436088 0.453781 0.435620 0.456359 0.445269 0.457435 0.442954
8 0.454883 0.436088 0.457435 0.442954 0.458612 0.440181 0.457130 0.436574 0.456471 0.436199
8 0.470466 0.267245 0.471792 0.272509 0.471070 0.273921 0.470576 0.274944 0.469643 0.269972 0.470130 0.267755
8 0.470849 0.266856 0.472440 0.272606 0.474250 0.272764 0.472167 0.265880
8 0.525427 0.434440 0.524284 0.437708 0.525935 0.438454 0.526956 0.440417 0.535513 0.452486 0.543445 0.461394 0.550612 0.470079 0.557401 0.479440 0.567997 0.494894 0.569391 0.496356 0.571169 0.496019 0.572182 0.496245 0.568997 0.490898 0.567523 0.490546 0.567299 0.488463 0.558297 0.475759 0.555573 0.472431 0.553594 0.469630 0.552294 0.468440 0.540526 0.453046 0.534055 0.444926 0.532544 0.443236 0.529247 0.439801
8 0.520062 0.417315 0.520714 0.427537 0.521307 0.435639 0.521505 0.439833 0.521536 0.440958 0.523474 0.439815 0.522234 0.422574
8 0.509503 0.445829 0.510643 0.455755 0.512346 0.452347 0.511406 0.447185
8 0.486187 0.513194 0.492047 0.498245 0.500625 0.477560 0.505549 0.466278 0.506945 0.464449 0.508047 0.461056 0.509294 0.458708 0.512346 0.452347 0.513771 0.448921 0.515974 0.446310 0.517523 0.444356 0.520076 0.442079 0.523474 0.439815 0.525935 0.438454 0.526956 0.440417 0.519990 0.445551 0.516339 0.450079 0.509203 0.464426 0.500201 0.486167 0.489500 0.511231
8 0.477534 0.390139 0.478766 0.403907 0.477643 0.407440 0.476471 0.399528 0.475664 0.386815
8 0.481125 0.394759 0.479596 0.401704 0.477643 0.407440 0.476880 0.408954 0.477023 0.411426 0.477219 0.414083 0.479089 0.410157 0.481635 0.402310 0.482740 0.396269
8 0.476599 0.375491 0.477448 0.385606 0.479742 0.388630 0.478638 0.379269 0.477599 0.377097
8 0.469932 0.375523 0.469591 0.380051 0.470612 0.387301 0.471036 0.389264 0.471672 0.387875 0.472479 0.386093 0.471844 0.381079 0.471375 0.375977
8 0.474135 0.379569 0.477448 0.385606 0.482289 0.392403 0.487216 0.396931 0.485687 0.400556 0.477534 0.390139 0.475664 0.386815 0.474901 0.386366 0.475240 0.383194 0.474135 0.382287 0.472862 0.384704 0.471844 0.381079 0.472182 0.379417 0.473286 0.378514
8 0.475664 0.386815 0.477023 0.411426 0.477534 0.417468 0.475664 0.418523 0.473628 0.398444 0.473372 0.391194 0.473711 0.389083 0.474901 0.386366
8 0.474135 0.382287 0.471672 0.387875 0.470443 0.390921 0.468573 0.393037 0.468870 0.396481 0.470398 0.395875 0.471078 0.394667 0.473711 0.389083 0.474901 0.386366 0.475240 0.383194
8 0.472591 0.360046 0.471292 0.367519 0.469932 0.375523 0.469591 0.380051 0.470016 0.386546 0.470443 0.390921 0.468573 0.393037 0.467724 0.382769 0.467977 0.375579 0.469648 0.370162 0.470526 0.363593 0.471206 0.361935
8 0.469109 0.364574 0.472591 0.360046 0.474552 0.358144 0.475742 0.356481 0.477831 0.354384 0.478281 0.353704 0.476497 0.351741 0.474375 0.354458 0.472055 0.356588 0.471466 0.359384 0.469599 0.359907 0.468568 0.360380
8 0.468714 0.348727 0.469010 0.356588 0.469599 0.359907 0.471466 0.359384 0.472055 0.356588 0.470680 0.348028
8 0.531362 0.383403 0.531534 0.386727 0.531521 0.387648 0.531521 0.392301 0.532042 0.403486 0.532807 0.415718 0.532977 0.425981 0.533062 0.429759 0.535440 0.433833 0.534250 0.410282 0.533995 0.401370 0.533307 0.396685 0.533487 0.392162 0.533740 0.386273 0.533570 0.383255 0.533315 0.381894
8 0.530430 0.411486 0.532807 0.415718 0.532552 0.423264 0.530682 0.417981
8 0.525333 0.400468 0.529070 0.412394 0.528815 0.405750 0.527370 0.399861
8 0.528729 0.400162 0.529495 0.422509 0.530854 0.425227 0.530682 0.417981 0.529750 0.399560
8 0.523888 0.400014 0.528135 0.416167 0.529495 0.422509 0.526352 0.418282 0.522021 0.399713
8 0.522021 0.399713 0.525417 0.417528 0.522701 0.416319 0.520237 0.399560
8 0.519302 0.400014 0.521172 0.409676 0.521766 0.415718 0.520833 0.414333 0.517878 0.406042 0.517263 0.399713
8 0.467500 0.248005 0.471117 0.255685 0.469120 0.255685 0.467068 0.250407
8 0.466924 0.252731 0.468583 0.255889 0.468076 0.255954 0.467062 0.255884
8 0.530318 0.396208 0.528365 0.396509 0.526370 0.396583 0.524932 0.396583 0.524932 0.396583 0.520039 0.396745 0.518622 0.397245 0.516888 0.397245 0.515445 0.397245 0.514198 0.399593 0.514581 0.403213 0.516513 0.408671 0.518742 0.414444 0.520062 0.417315 0.529247 0.439801 0.532544 0.443236 0.526518 0.428278 0.520833 0.414333 0.517878 0.406042 0.516513 0.401394 0.516513 0.399778 0.531294 0.399981 0.531180 0.396542
8 0.445326 0.432588 0.448833 0.435769 0.450482 0.437685 0.449341 0.440394 0.447354 0.437102 0.445724 0.435431
8 0.447354 0.437102 0.448052 0.442403 0.446721 0.444093 0.445896 0.436875
8 0.446721 0.444093 0.445896 0.436875 0.445326 0.432588 0.443357 0.431801 0.444182 0.437213 0.445135 0.437551 0.445008 0.440370 0.444372 0.440370 0.444943 0.445787 0.446143 0.444838
8 0.463310 0.462597 0.467536 0.481463 0.468911 0.486704 0.470385 0.485829 0.466945 0.472380 0.465471 0.467310
8 0.462721 0.456130 0.464490 0.460324 0.467438 0.465565 0.470516 0.469671 0.471760 0.475870 0.465471 0.467310 0.462328 0.460671
8 0.448852 0.445778 0.453844 0.452042 0.452659 0.455083 0.450654 0.454792
8 0.451536 0.438972 0.456031 0.446245 0.454122 0.451463 0.449133 0.444028 0.449695 0.443144
8 0.442760 0.403977 0.447385 0.409852 0.446943 0.410287 0.445109 0.411417 0.443128 0.408806
8 0.457813 0.421708 0.461635 0.428204 0.461250 0.434130 0.459003 0.430167 0.458167 0.424509
8 0.451276 0.416231 0.450820 0.415440 0.449958 0.415843 0.449518 0.417361 0.449518 0.417361 0.452190 0.420903 0.456359 0.426361 0.455935 0.422861
8 0.465505 0.410986 0.468409 0.421611 0.466492 0.424245 0.464901 0.416741
8 0.443763 0.416329 0.448807 0.413500 0.446591 0.418250 0.444091 0.419935
8 0.443380 0.412819 0.446943 0.410287 0.449521 0.409116 0.450688 0.409181 0.449081 0.412625 0.443708 0.415745
8 0.449958 0.415843 0.452646 0.414769 0.453469 0.413500 0.452919 0.412042 0.450891 0.413306
8 0.451276 0.416231 0.455935 0.422861 0.455661 0.419546 0.452646 0.414769
8 0.450398 0.421690 0.449521 0.425685 0.446888 0.425199 0.446010 0.424907 0.445586 0.425833 0.444531 0.427537 0.445792 0.428806 0.447273 0.429588 0.448862 0.429588 0.449958 0.429292 0.451055 0.426370 0.451878 0.423931 0.452482 0.422176 0.450836 0.420324
8 0.451878 0.423931 0.455771 0.432315 0.452591 0.431343 0.451055 0.426370
8 0.455539 0.417806 0.456359 0.426361 0.457456 0.432792 0.458307 0.433065 0.459539 0.433477 0.458167 0.424509 0.457784 0.420412 0.457130 0.419292
8 0.450273 0.504199 0.450956 0.479537 0.450654 0.469741 0.451161 0.462343 0.452659 0.455083 0.457435 0.442954 0.460362 0.436718 0.461250 0.434130 0.462062 0.433463 0.463625 0.430463 0.467555 0.424560 0.474148 0.419102 0.480063 0.416069 0.484724 0.414454 0.488589 0.414046 0.491091 0.415259 0.494841 0.420111 0.500073 0.431028 0.503370 0.438505 0.504393 0.439718 0.504508 0.443157 0.502687 0.442750 0.498026 0.433454 0.492568 0.422134 0.489385 0.418898 0.486201 0.418292 0.477901 0.421324 0.472557 0.425366 0.465849 0.433454 0.459026 0.449824 0.454935 0.460741 0.453682 0.481157 0.453229 0.504602
8 0.468255 0.240995 0.476576 0.255310 0.475010 0.255694 0.467773 0.243407
8 0.443987 0.448898 0.444622 0.458264 0.445982 0.468681 0.446320 0.475023 0.446917 0.475931 0.448190 0.472606 0.448953 0.466269 0.449208 0.459926 0.449125 0.457509 0.446904 0.446306 0.448529 0.444222 0.450654 0.454792 0.451161 0.462343 0.450654 0.469741 0.450143 0.475630 0.448104 0.479856 0.446065 0.476986 0.444622 0.475630 0.444141 0.474171 0.442523 0.464106 0.442523 0.457463 0.442099 0.455199 0.441880 0.452380 0.443273 0.449769
8 0.443414 0.446981 0.446143 0.444838 0.449063 0.441116 0.451599 0.434574 0.452615 0.434912 0.451536 0.438972 0.449695 0.443144 0.446904 0.446306 0.443987 0.448898 0.443273 0.449769
8 0.434208 0.474889 0.436779 0.474889 0.439568 0.475019 0.440961 0.474889 0.444141 0.474171 0.445021 0.478870 0.443992 0.481481 0.442453 0.484611 0.441057 0.487093 0.440177 0.491528 0.438466 0.486894 0.440469 0.483435 0.440984 0.481347 0.441057 0.479782 0.437312 0.481347 0.435896 0.478542 0.434281 0.476718 0.433779 0.475894
8 0.435896 0.478542 0.438466 0.486894 0.440961 0.493421 0.440961 0.498639 0.440742 0.500338 0.439935 0.500338 0.438466 0.497074 0.435750 0.486375 0.434135 0.481023 0.433914 0.477759 0.434281 0.476718
8 0.435823 0.463407 0.436779 0.474889 0.434208 0.474889 0.433547 0.459884 0.431529 0.447681 0.434208 0.457403
8 0.430391 0.441093 0.431346 0.440829 0.437365 0.461056 0.440669 0.470583 0.440961 0.474889 0.439568 0.475019 0.434208 0.457403 0.431529 0.447681
8 0.423187 0.407338 0.422997 0.412755 0.423906 0.415245 0.425430 0.412778 0.423734 0.407509
8 0.471872 0.243398 0.478451 0.255389 0.476576 0.255310 0.468255 0.240995
8 0.417628 0.430306 0.422383 0.431245 0.422260 0.434088 0.418862 0.432921
8 0.427320 0.472944 0.428716 0.471366 0.429609 0.470958 0.431005 0.471069 0.431216 0.475560 0.428279 0.475694 0.423456 0.477611 0.422286 0.476222 0.422865 0.474676
8 0.431216 0.475560 0.428279 0.475694 0.423456 0.477611 0.423964 0.479079 0.426693 0.479870 0.431195 0.479870
8 0.428143 0.457718 0.430497 0.465093 0.431005 0.471069 0.429609 0.470958 0.428398 0.463356
8 0.423576 0.456139 0.426057 0.461259 0.425859 0.455912 0.423766 0.450838
8 0.423893 0.445199 0.425924 0.449935 0.425859 0.455912 0.423766 0.450838 0.423878 0.448074
8 0.463352 0.238042 0.466818 0.239338 0.466323 0.243991
8 0.449635 0.263569 0.448891 0.267468 0.448563 0.271287 0.448422 0.278505 0.448602 0.282671 0.446937 0.287556 0.446323 0.288130 0.446836 0.277343 0.447104 0.272199 0.447169 0.269421 0.447792 0.267648 0.448419 0.263755
8 0.447104 0.272199 0.445667 0.277097 0.445667 0.277097 0.444867 0.281597 0.446323 0.288130 0.446836 0.277343
8 0.441669 0.277597 0.440005 0.282611 0.439133 0.286130 0.440380 0.286560 0.440703 0.287616 0.441029 0.289630 0.441245 0.291264 0.442609 0.282648
8 0.426177 0.463245 0.425859 0.455912 0.425924 0.449935 0.426177 0.447454 0.426875 0.443731 0.427638 0.438204 0.428656 0.441792 0.428969 0.445537 0.427383 0.447227 0.428143 0.457718 0.428398 0.463356
8 0.423576 0.456139 0.428716 0.471366 0.427320 0.472944 0.423260 0.460986
8 0.441365 0.431500 0.442466 0.437241 0.442539 0.439069 0.443862 0.440634 0.443273 0.449769 0.441880 0.452380 0.440630 0.452250 0.439091 0.448727 0.435112 0.441940 0.435112 0.437500 0.435346 0.436199 0.439750 0.444681 0.441365 0.447681 0.441586 0.442981 0.440190 0.434500 0.439677 0.432935 0.439016 0.431630 0.440396 0.431106
8 0.438232 0.423500 0.434680 0.424852 0.435250 0.428347 0.438740 0.426880
8 0.434172 0.407259 0.437596 0.415153 0.439247 0.414477 0.437339 0.408870 0.435250 0.405116
8 0.445878 0.390657 0.445924 0.394704 0.447346 0.397060 0.448482 0.395292 0.447427 0.390741 0.447008 0.389255
8 0.438042 0.418625 0.438042 0.421782 0.439182 0.430019 0.440984 0.429019 0.439818 0.421671 0.442419 0.420542 0.442190 0.417495 0.440602 0.418088 0.440135 0.417046
8 0.432133 0.409569 0.433130 0.417144 0.435552 0.429412 0.435992 0.432282 0.434883 0.433875 0.434370 0.428000 0.433635 0.423824 0.431654 0.420565 0.430854 0.419102 0.430193 0.412315
8 0.434883 0.433875 0.433784 0.437005 0.433490 0.439356 0.434083 0.443505 0.435771 0.448204 0.437755 0.450162 0.438195 0.448593 0.436727 0.446505 0.435112 0.441940 0.435112 0.437500 0.435698 0.434630 0.437461 0.432676 0.440396 0.431106 0.448250 0.433588 0.456471 0.436199 0.460362 0.436718 0.461250 0.434130 0.458307 0.433065 0.446857 0.430194 0.443578 0.429551 0.440984 0.429019 0.437240 0.431106
8 0.449573 0.330653 0.451469 0.338769 0.450893 0.343310 0.448177 0.335088 0.446794 0.328204 0.447443 0.328833
8 0.440318 0.463204 0.440669 0.470583 0.440961 0.474889 0.442865 0.474528 0.442523 0.464106 0.440656 0.459426 0.438193 0.455806 0.434966 0.453083 0.436581 0.458523 0.439128 0.460486
8 0.437258 0.450065 0.442523 0.464106 0.442523 0.457463 0.442099 0.455199 0.440630 0.452250 0.439091 0.448727 0.438195 0.448593 0.437755 0.450162
8 0.474771 0.311412 0.475523 0.326282 0.474435 0.334014 0.473013 0.314236 0.474016 0.312602
8 0.472260 0.345611 0.474435 0.334014 0.477698 0.316764 0.478867 0.310667 0.479036 0.307398 0.478115 0.307546 0.476443 0.308736 0.474016 0.312602 0.471258 0.317657 0.471156 0.312616 0.473013 0.309329 0.476023 0.305315 0.477698 0.304273 0.480039 0.303977 0.481378 0.307843 0.481378 0.310667 0.479620 0.317509 0.473766 0.346801
8 0.520357 0.340148 0.527659 0.359296 0.535031 0.379218 0.543273 0.397463 0.548190 0.407361 0.555419 0.417255 0.554841 0.420083 0.553828 0.420597 0.552815 0.419185 0.543563 0.403250 0.534599 0.383069 0.524984 0.359167 0.521443 0.347088 0.520284 0.344000 0.520471 0.342801
8 0.514068 0.331958 0.512622 0.331190 0.512333 0.331958 0.513112 0.337597 0.513112 0.344139 0.513628 0.346352 0.513797 0.349375 0.515732 0.377713 0.515948 0.385421 0.515948 0.389921 0.516888 0.397245 0.518622 0.397245 0.517104 0.388764 0.516669 0.372444 0.515513 0.354963 0.515120 0.348750 0.515120 0.345926
8 0.497081 0.365116 0.499536 0.352264 0.500404 0.345454 0.500583 0.341139 0.501065 0.339060 0.501164 0.336134 0.501841 0.332537 0.502276 0.331060 0.503073 0.330931 0.504372 0.333630 0.504302 0.335685 0.502891 0.342639 0.502174 0.346269 0.501417 0.353681 0.498888 0.367431 0.497948 0.370898 0.497081 0.371671 0.496284 0.369870
8 0.502891 0.342639 0.505487 0.345046 0.507549 0.345935 0.509073 0.346097 0.510734 0.345968 0.512542 0.346227 0.513628 0.346352 0.513628 0.346352 0.513797 0.349375 0.511297 0.349486 0.506174 0.348491 0.503362 0.347602 0.502174 0.346269
8 0.446708 0.331694 0.450526 0.344745 0.449792 0.346833 0.446490 0.334306
8 0.491484 0.323917 0.497776 0.339250 0.495357 0.337870 0.491776 0.328407
8 0.489357 0.312926 0.501065 0.339060 0.500583 0.341139 0.499227 0.340106 0.491099 0.321338
8 0.488484 0.303120 0.501841 0.332537 0.501164 0.336134 0.488388 0.307745 0.487422 0.304495
8 0.493891 0.298417 0.500977 0.319750 0.510734 0.345968 0.512542 0.346227 0.503000 0.320264 0.497505 0.305616 0.495266 0.298417
8 0.498661 0.299958 0.506180 0.321292 0.510352 0.335218 0.513112 0.344139 0.513628 0.346352 0.512542 0.346227 0.503794 0.319880 0.497505 0.302657 0.496638 0.298676 0.497745 0.299259
8 0.489698 0.296491 0.501266 0.323222 0.510734 0.345968 0.509073 0.346097 0.504302 0.335685 0.504372 0.333630 0.503073 0.330931 0.502276 0.331060 0.490276 0.302144 0.488398 0.297389 0.488622 0.295593 0.489122 0.295926
8 0.500234 0.301019 0.510352 0.335218 0.513112 0.344139 0.513112 0.337597 0.508010 0.320199 0.503576 0.306519 0.502070 0.298194 0.501307 0.299148
8 0.510016 0.314847 0.512023 0.323324 0.515703 0.334329 0.519385 0.340125 0.518799 0.335514 0.515789 0.330310 0.513029 0.320796 0.512693 0.316630 0.511271 0.313806
8 0.490529 0.284366 0.494794 0.287190 0.498055 0.289759 0.500146 0.292292 0.502883 0.295500 0.508594 0.303843 0.511523 0.309940 0.514451 0.316037 0.515419 0.320875 0.517883 0.326250 0.519719 0.333731 0.520471 0.342801 0.519802 0.346815 0.515872 0.349194 0.515120 0.348750 0.515120 0.345926 0.517711 0.345181 0.518799 0.343546 0.519385 0.340125 0.518799 0.335514 0.516542 0.328824 0.514867 0.323472 0.513279 0.319310 0.512693 0.316630 0.510016 0.311278 0.502070 0.298194 0.495044 0.290310 0.489607 0.287338 0.489833 0.285986
8 0.491747 0.269579 0.490872 0.273912 0.488805 0.281176 0.488661 0.283903 0.490336 0.279741 0.494542 0.273106 0.494060 0.269250 0.493497 0.269472
8 0.488560 0.257917 0.493497 0.269472 0.494060 0.269250 0.492935 0.262917 0.490122 0.257806
8 0.490060 0.277023 0.488805 0.281176 0.483432 0.263074 0.482370 0.258407 0.484250 0.258028 0.485687 0.263583
8 0.486125 0.258139 0.490872 0.273912 0.490060 0.277023 0.485687 0.263583 0.484250 0.258028
8 0.453159 0.266551 0.456263 0.265324 0.456284 0.267991 0.456284 0.267991 0.453193 0.268347
8 0.453284 0.271435 0.456284 0.271324 0.456284 0.267991 0.453193 0.268347
8 0.476732 0.258954 0.478990 0.264116 0.479396 0.263653 0.480409 0.264681 0.480039 0.262250 0.477982 0.258593
8 0.474432 0.258736 0.477539 0.265764 0.477229 0.266352 0.476247 0.268060 0.473826 0.261532 0.473141 0.259023
8 0.472133 0.258954 0.473906 0.263759 0.472805 0.263125 0.472091 0.263111 0.470841 0.258954
8 0.469875 0.258810 0.471690 0.263185 0.471141 0.263384 0.470237 0.264259 0.468299 0.259241
8 0.466875 0.259014 0.469935 0.264625 0.467961 0.266468 0.466437 0.262074
8 0.481443 0.258639 0.484914 0.282157 0.482745 0.281644 0.481227 0.269819 0.480625 0.268023 0.480409 0.264681 0.479563 0.258514 0.480510 0.258653
8 0.479503 0.279824 0.488661 0.283903 0.487935 0.286819 0.481875 0.284153 0.479190 0.282042
8 0.481875 0.284153 0.483625 0.288042 0.480438 0.287486 0.478940 0.284042 0.479190 0.282042
8 0.470281 0.297338 0.469992 0.300421 0.469523 0.303023 0.469523 0.306190 0.469255 0.307245 0.469255 0.307245 0.469276 0.334722 0.472023 0.343463 0.471445 0.337551 0.471156 0.312616 0.472313 0.296940 0.473977 0.284602 0.474901 0.282917 0.474612 0.279833 0.476273 0.273792 0.477214 0.272634 0.478313 0.269051 0.477576 0.277519 0.477286 0.279449 0.476000 0.292310 0.474771 0.302463 0.476216 0.301310 0.477445 0.297324 0.477951 0.294111 0.479687 0.277148 0.480336 0.271236 0.480625 0.268023 0.480409 0.264681 0.479396 0.263653 0.478096 0.265065 0.477229 0.266352 0.475911 0.268653 0.475044 0.270968 0.474250 0.272764 0.474250 0.272764 0.473815 0.275847 0.472732 0.281245 0.472732 0.281245 0.472297 0.283301 0.471372 0.289356
8 0.457109 0.286032 0.454451 0.289625 0.457432 0.290255 0.459268 0.287565
8 0.459643 0.306671 0.464016 0.302449 0.466229 0.300815 0.467958 0.300144 0.468445 0.300144 0.469146 0.301199 0.469523 0.303023 0.469523 0.306190 0.469255 0.307245 0.468174 0.308014 0.467581 0.306861 0.467365 0.303792 0.466339 0.304750 0.464125 0.306477 0.462396 0.307727 0.459695 0.310125
8 0.468687 0.238116 0.471820 0.239556 0.473763 0.240708 0.475328 0.242245 0.476138 0.245028 0.474896 0.245509 0.468255 0.240995
8 0.475510 0.235144 0.476786 0.236319 0.479630 0.243310 0.484312 0.254907 0.482305 0.255204 0.478375 0.244051
8 0.482081 0.236972 0.484672 0.243366 0.489607 0.252884 0.491138 0.254542 0.487935 0.254968 0.481828 0.244556 0.480576 0.241435
8 0.496133 0.272213 0.494542 0.273106 0.494542 0.273106 0.490336 0.279741 0.488661 0.283903 0.487326 0.289255 0.485651 0.300856 0.485234 0.307694 0.486487 0.313792 0.487240 0.308884 0.487909 0.299069 0.489081 0.291338 0.489833 0.285986 0.493180 0.280037 0.495547 0.276676 0.497052 0.274745
8 0.502573 0.275634 0.505727 0.279741 0.507901 0.282417 0.509156 0.290593 0.508318 0.292824 0.506227 0.293269 0.505141 0.293120 0.503719 0.293718 0.502883 0.295500 0.500146 0.292292 0.500229 0.291250 0.500792 0.289556 0.505307 0.287917 0.501878 0.281227 0.499620 0.277657 0.497052 0.274745 0.496133 0.272213 0.496133 0.272213 0.499620 0.274384 0.500732 0.276231 0.501401 0.278014 0.502320 0.277569
8 0.494711 0.262102 0.502573 0.275634 0.502320 0.277569 0.501401 0.278014 0.500732 0.276231 0.495547 0.267157
8 0.497052 0.274745 0.500229 0.291250 0.500146 0.292292 0.498055 0.289759 0.495547 0.276676
8 0.523010 0.540898 0.521815 0.552699 0.523328 0.553273 0.524138 0.546074
8 0.537206 0.576282 0.534029 0.587139 0.536620 0.586843 0.538544 0.579106
8 0.492201 0.257792 0.494542 0.273106 0.496133 0.272213 0.493789 0.256157 0.492620 0.256306
8 0.537875 0.581486 0.539297 0.586843 0.541807 0.587435 0.538544 0.579106
8 0.537206 0.576282 0.530000 0.576977 0.526458 0.582616 0.531477 0.580389 0.536328 0.579495
8 0.509820 0.217162 0.507357 0.240255 0.506349 0.250606 0.506685 0.275292 0.510828 0.300569 0.515419 0.320875 0.517883 0.326250 0.511052 0.290616 0.508924 0.275093 0.508477 0.252796 0.511052 0.222736 0.512060 0.216366
8 0.457474 0.230185 0.458768 0.227014 0.460260 0.224361 0.463609 0.221708 0.465867 0.220704 0.467401 0.221347 0.468370 0.222995 0.470143 0.226347 0.469016 0.228519 0.466474 0.223500 0.465505 0.223069 0.464336 0.223500 0.463005 0.224935 0.461674 0.226583 0.459698 0.228806 0.458930 0.231028 0.458437 0.230648
8 0.467062 0.255884 0.466271 0.253977 0.466146 0.252778 0.465565 0.252037 0.465664 0.248833 0.465836 0.246778 0.466323 0.243991 0.466831 0.238046 0.468651 0.229250 0.470143 0.226347 0.471172 0.226347 0.471823 0.226431 0.475510 0.235144 0.479245 0.247838 0.480318 0.255306 0.478451 0.255389 0.476539 0.246259 0.473552 0.236056 0.471451 0.231741 0.470378 0.230412 0.469583 0.232736 0.467531 0.245264 0.466924 0.252731
8 0.461977 0.246014 0.464357 0.244435 0.465523 0.246097 0.464404 0.247176 0.460818 0.249000
8 0.460336 0.250176 0.463578 0.252718 0.464102 0.253458 0.464135 0.254699 0.463404 0.256000 0.461346 0.254574 0.459534 0.252347
8 0.465565 0.252037 0.463404 0.256000 0.465286 0.255880 0.465844 0.254329 0.466146 0.252778
8 0.458977 0.234491 0.457784 0.237454 0.457516 0.239278 0.457190 0.241870 0.456979 0.252153 0.457927 0.250931 0.458432 0.249741 0.459026 0.242352 0.459674 0.236208
8 0.455846 0.253880 0.455253 0.249176 0.454659 0.244667 0.454820 0.241111 0.454279 0.237657 0.454776 0.236060 0.454630 0.234389 0.455901 0.230745 0.456872 0.229977 0.458437 0.230648 0.459896 0.231898 0.463352 0.238042 0.466323 0.243991 0.465836 0.246778 0.463349 0.242833 0.463854 0.240778 0.462625 0.239491 0.461839 0.241403 0.458977 0.234491 0.457789 0.233722 0.456547 0.234968 0.456656 0.244954 0.456979 0.252153
8 0.444161 0.251495 0.443695 0.255894 0.442062 0.255977 0.442156 0.253486 0.443172 0.251958
8 0.438151 0.255898 0.441174 0.252056 0.443766 0.249176 0.444510 0.248528 0.446607 0.247755 0.450245 0.244856 0.451651 0.242843 0.452297 0.243227 0.452839 0.244185 0.452839 0.244569 0.451867 0.246199 0.448302 0.248602 0.445711 0.250231 0.443172 0.251958 0.440318 0.255981
8 0.438852 0.259639 0.435234 0.263958 0.433737 0.265287 0.433159 0.264514 0.433159 0.263227 0.434099 0.261815 0.435883 0.258968 0.436846 0.259449
8 0.449714 0.208556 0.447906 0.223079 0.446823 0.231949 0.448414 0.231949 0.450510 0.217940 0.451305 0.209199 0.451305 0.207273 0.450654 0.207014
8 0.446750 0.233361 0.444510 0.248528 0.446607 0.247755 0.448414 0.234005
8 0.433956 0.255852 0.435112 0.251866 0.436125 0.248782 0.437714 0.246343 0.438870 0.244287 0.440318 0.238116 0.442125 0.233231 0.443859 0.231306 0.450437 0.232588 0.453547 0.233875 0.454630 0.234389 0.454776 0.236060 0.453474 0.236060 0.448414 0.234005 0.445810 0.233491 0.444148 0.233361 0.443424 0.235417 0.442557 0.238375 0.441617 0.241458 0.440896 0.243384 0.439448 0.246727 0.438292 0.249296 0.437135 0.251866 0.436630 0.252898 0.435906 0.255722
8 0.432508 0.255981 0.440318 0.255981 0.450727 0.255981 0.453906 0.256106 0.450799 0.259319 0.443859 0.259449 0.436846 0.259449 0.434677 0.258602 0.433305 0.259116 0.432219 0.259194
8 0.443672 0.301644 0.445419 0.292699 0.446937 0.287556 0.448602 0.282671 0.450409 0.279972 0.452143 0.279588 0.453010 0.279588 0.456409 0.281519 0.463638 0.287042 0.468193 0.291926 0.467758 0.294241 0.463133 0.291412 0.455758 0.284472 0.453372 0.282931 0.452143 0.282546 0.450552 0.283574 0.449612 0.285884 0.447951 0.290514 0.447010 0.294495 0.446648 0.298866 0.446143 0.301949 0.445781 0.304394 0.446289 0.306190 0.445997 0.308250 0.445349 0.311204 0.444047 0.309532
8 0.442695 0.321394 0.441971 0.311370 0.441500 0.303704 0.441893 0.299037 0.441622 0.297213 0.441622 0.294333 0.441245 0.291264 0.442609 0.282648 0.445109 0.270977 0.446482 0.264991 0.448419 0.263755 0.447792 0.267648 0.447169 0.269421 0.447104 0.272199 0.445667 0.277097 0.443672 0.289537 0.443672 0.301644 0.444169 0.313079 0.444169 0.322745
8 0.441253 0.306815 0.441695 0.314278 0.441820 0.320611 0.439378 0.318810
8 0.439628 0.301148 0.438503 0.309810 0.437633 0.317500 0.439378 0.318810 0.441253 0.306815 0.441500 0.303704 0.441893 0.299037 0.440974 0.299903
8 0.438867 0.301727 0.437633 0.317500 0.436065 0.316255 0.436128 0.305704 0.436503 0.297148 0.436924 0.296833 0.437141 0.298560 0.438167 0.301056
8 0.436503 0.297148 0.436128 0.305704 0.436065 0.316255 0.433878 0.313921 0.434065 0.312366 0.434440 0.308704 0.434690 0.306037 0.434753 0.300259 0.435440 0.296926 0.435898 0.297597
8 0.434753 0.300259 0.434690 0.306037 0.434440 0.308704 0.434065 0.312366 0.433878 0.313921 0.433068 0.313255 0.432818 0.307815 0.433448 0.305125
8 0.439945 0.270579 0.439445 0.277579 0.439133 0.286130 0.437008 0.286685 0.437445 0.276912 0.438133 0.271801
8 0.436698 0.273245 0.434698 0.284907 0.433260 0.292907 0.435198 0.290463 0.435385 0.288241 0.436633 0.286241 0.437445 0.276912 0.438133 0.271801
8 0.434698 0.295907 0.433448 0.305125 0.431948 0.313009 0.430339 0.311815 0.431174 0.308394 0.431323 0.306458 0.433385 0.294463
8 0.431786 0.267213 0.429401 0.273125 0.428823 0.276079 0.429589 0.275991 0.430992 0.274926
8 0.433305 0.259116 0.432219 0.265157 0.430992 0.274926 0.432870 0.273380 0.433737 0.265287 0.433159 0.264514 0.433159 0.263227 0.434099 0.261815 0.434607 0.260144 0.434677 0.258602
8 0.431174 0.308394 0.431008 0.294120 0.432010 0.284005 0.432596 0.276574 0.431253 0.277532 0.430094 0.278560 0.429336 0.288171 0.429000 0.306310 0.429167 0.311514 0.430339 0.311815
8 0.438760 0.377407 0.439911 0.381167 0.440396 0.386639 0.438831 0.389713 0.438549 0.385551
8 0.441008 0.390852 0.441221 0.392773 0.439008 0.395847 0.438760 0.392894 0.440406 0.392204
8 0.439245 0.368806 0.442245 0.380162 0.442536 0.381880 0.441180 0.385153 0.438760 0.377407
8 0.439633 0.359514 0.441664 0.365537 0.442633 0.368463 0.444760 0.376375 0.443987 0.378958 0.443018 0.376546 0.440599 0.368463 0.439438 0.364505
8 0.440018 0.347644 0.440695 0.357449 0.442633 0.368463 0.444760 0.376375 0.446049 0.374208 0.444956 0.368977 0.442633 0.355213 0.442536 0.352116 0.441857 0.346440
8 0.440310 0.338699 0.443987 0.359171 0.446018 0.370009 0.447568 0.365708 0.446503 0.361926 0.444984 0.355801 0.442565 0.341005 0.441404 0.331884 0.440901 0.323644
8 0.440901 0.323644 0.441404 0.331884 0.442565 0.341005 0.444984 0.355801 0.445854 0.358208 0.444664 0.346782 0.443698 0.338009 0.442536 0.325278
8 0.442536 0.325278 0.443698 0.338009 0.444664 0.346782 0.444664 0.333019 0.444083 0.325968
8 0.446794 0.328204 0.446310 0.338181 0.447375 0.351083 0.448536 0.360204 0.447568 0.365708 0.446599 0.360894 0.444664 0.346782 0.444664 0.333019 0.445052 0.326481
8 0.443987 0.378958 0.446049 0.374208 0.449435 0.355111 0.451469 0.338769 0.452531 0.333088 0.454081 0.334639 0.452727 0.344958 0.450888 0.358208 0.448469 0.371972 0.446531 0.380060 0.444760 0.382741
8 0.438276 0.390829 0.443987 0.378958 0.444760 0.382741 0.440406 0.392204 0.438760 0.392894
8 0.432604 0.371847 0.433542 0.380731 0.434917 0.386287 0.434823 0.400875 0.432729 0.396282 0.430758 0.391843 0.431042 0.383843 0.432167 0.386954 0.432854 0.385398 0.431091 0.381583 0.432094 0.373255
8 0.441943 0.397259 0.444406 0.422736 0.442727 0.425125 0.442190 0.417495 0.441940 0.415708 0.441159 0.410194 0.440263 0.401241 0.440263 0.398852
8 0.425156 0.418912 0.424281 0.419579 0.423656 0.418690 0.423156 0.416801 0.423906 0.415245 0.427018 0.410995 0.428497 0.408796 0.429669 0.407157 0.431427 0.405079 0.434823 0.400875 0.437242 0.398639 0.443010 0.390231 0.449669 0.380440 0.455560 0.373125 0.460510 0.366931 0.460510 0.370153 0.449982 0.384903 0.439070 0.400644 0.437255 0.402176 0.435750 0.404259 0.432133 0.409569
8 0.435638 0.320259 0.433958 0.326968 0.434182 0.343093 0.435190 0.350917 0.435190 0.336782
8 0.435638 0.320259 0.435190 0.336782 0.435190 0.350917 0.435974 0.344745 0.436534 0.334792 0.437654 0.321056
8 0.437654 0.321056 0.436534 0.334792 0.435974 0.344745 0.435078 0.355097 0.435727 0.357639 0.436534 0.359875 0.437654 0.347731 0.438901 0.321782
8 0.440901 0.323644 0.439669 0.354301 0.438549 0.385551 0.436422 0.384157 0.436422 0.381370 0.437461 0.369463 0.437750 0.364319 0.437990 0.349523 0.438901 0.321782
8 0.430667 0.370745 0.429219 0.369333 0.429409 0.367069 0.428143 0.365051 0.429445 0.356699 0.430378 0.341574 0.431677 0.340546 0.435727 0.357639 0.437750 0.364319 0.437461 0.369463 0.435190 0.363440 0.434102 0.358532 0.431245 0.348384 0.430956 0.356222 0.430737 0.364190 0.431844 0.365227
8 0.426826 0.375042 0.425737 0.383218 0.424901 0.387977 0.424602 0.395870 0.425320 0.398088 0.426073 0.396898 0.426492 0.393778 0.428081 0.383069 0.429034 0.374833 0.429409 0.367069 0.428143 0.365051 0.427130 0.365310
8 0.428081 0.383069 0.427495 0.389019 0.427328 0.391991 0.427745 0.399130 0.428497 0.408796 0.429669 0.407157 0.428581 0.393778 0.428833 0.384259
8 0.434102 0.358532 0.431844 0.365227 0.429669 0.375931 0.428833 0.384259 0.428581 0.393778 0.429669 0.407157 0.431427 0.405079 0.430758 0.391843 0.431091 0.381583 0.432094 0.373255 0.433349 0.369537 0.435190 0.363440
8 0.419068 0.304856 0.418227 0.305352 0.417479 0.306514 0.418359 0.307421 0.419068 0.307042 0.419385 0.306750 0.419927 0.306750 0.420411 0.307523 0.420846 0.308278 0.421565 0.310000 0.423000 0.310889 0.423938 0.311333 0.429734 0.315546 0.430818 0.316060 0.431685 0.316088 0.438901 0.321782 0.447443 0.328833 0.455562 0.335556 0.462891 0.340616 0.462891 0.337380 0.444961 0.323157 0.432401 0.313384 0.425779 0.309056 0.424312 0.307991 0.422951 0.307167 0.422388 0.305727
8 0.422951 0.307167 0.424013 0.303282 0.425326 0.295727 0.424818 0.293468 0.425758 0.291282 0.426190 0.288972 0.426841 0.284088 0.427203 0.280745 0.427276 0.276889 0.427708 0.276245 0.429589 0.275991 0.433565 0.272648 0.437901 0.267894 0.443974 0.263653 0.449904 0.260310 0.454964 0.255171 0.457927 0.250931 0.460964 0.243477 0.462625 0.239491 0.463854 0.240778 0.463349 0.242833 0.460818 0.249000 0.458867 0.253884 0.452794 0.260954 0.449612 0.263139 0.442674 0.267380 0.435589 0.274449 0.431253 0.277532 0.430094 0.278560 0.429227 0.285116 0.427203 0.294241 0.426768 0.294884 0.427057 0.298222 0.426263 0.301824 0.424312 0.307991
8 0.417206 0.334310 0.415687 0.342023 0.415182 0.344852 0.415182 0.348190 0.414096 0.348833 0.414052 0.342000 0.415253 0.336880 0.416547 0.332681
8 0.421565 0.310000 0.420440 0.313889 0.419440 0.317556 0.419065 0.319000 0.419690 0.323218 0.423000 0.310889
8 0.423000 0.310889 0.419690 0.323218 0.420440 0.327884 0.422875 0.317111 0.423938 0.311333
8 0.416359 0.323907 0.418172 0.331907 0.419589 0.335755 0.420846 0.344014 0.419589 0.342468 0.418526 0.338852 0.417557 0.335926 0.416547 0.332681 0.415021 0.329509
8 0.416531 0.315782 0.415570 0.311704 0.414625 0.307606 0.414768 0.310949 0.414703 0.316718 0.414344 0.320060 0.413375 0.323593 0.413445 0.319866 0.413229 0.319222 0.412904 0.315329 0.412672 0.313389 0.412672 0.309662 0.412672 0.307477 0.413052 0.304731 0.414672 0.303676 0.416286 0.303620 0.416794 0.307222 0.417372 0.311718
8 0.428359 0.331870 0.427203 0.349477 0.425758 0.365282 0.424818 0.385588 0.424602 0.395870 0.426409 0.406023 0.427018 0.410995 0.423003 0.399991 0.422576 0.396773 0.422286 0.390861 0.422648 0.380449 0.422951 0.375926 0.423513 0.371481 0.424094 0.363227 0.424427 0.357778 0.425203 0.350551 0.425758 0.343694 0.426841 0.332125 0.429445 0.317861 0.429734 0.315546 0.430818 0.316060
8 0.407086 0.364181 0.408906 0.366583 0.409755 0.363963 0.410643 0.361972 0.410737 0.360315 0.411893 0.362829 0.410727 0.368824 0.410260 0.369903 0.409513 0.370486 0.408068 0.369819 0.407273 0.368079
8 0.407049 0.357241 0.409755 0.363963 0.410643 0.361972 0.410737 0.360315 0.409195 0.356912 0.407935 0.354505
8 0.414917 0.354167 0.416667 0.357162 0.416685 0.358296 0.416667 0.363495 0.414417 0.358273 0.414052 0.354639 0.414042 0.353500
8 0.419107 0.361907 0.418427 0.360185 0.418516 0.366593 0.422951 0.375926 0.423513 0.371481 0.421331 0.367241
8 0.418526 0.338852 0.418427 0.360185 0.418719 0.371542 0.418719 0.378769 0.418570 0.382148 0.416977 0.373949 0.416784 0.365694 0.416685 0.358296 0.416685 0.348657 0.416685 0.342292 0.416880 0.338167 0.417557 0.335926
8 0.419589 0.342468 0.419107 0.361907 0.421331 0.367241 0.421427 0.349519 0.421427 0.346421 0.420846 0.344014
8 0.418526 0.316657 0.422687 0.341435 0.425203 0.350551 0.424427 0.357778 0.420846 0.344014 0.419589 0.335755 0.417750 0.324403 0.417365 0.320616
8 0.415326 0.377301 0.415826 0.390236 0.415742 0.393361 0.418846 0.401139 0.421346 0.408231 0.422266 0.410310 0.422852 0.409866 0.423187 0.407338 0.419674 0.396481 0.417667 0.389343
8 0.411667 0.374074 0.410771 0.380204 0.409109 0.376477 0.409904 0.373907
8 0.412716 0.337389 0.412464 0.343042 0.412268 0.347833 0.412456 0.351278 0.412393 0.356940 0.413203 0.365384 0.414078 0.370602 0.414641 0.373935 0.418654 0.390773 0.425430 0.412778 0.427018 0.410995 0.423003 0.399991 0.418570 0.382148 0.415474 0.366981 0.414052 0.354639 0.414052 0.342000 0.414388 0.337093 0.415021 0.329509
8 0.416539 0.402657 0.416685 0.406384 0.416828 0.407926 0.417951 0.412731 0.422576 0.420185 0.419409 0.410134
8 0.415818 0.400213 0.415818 0.402787 0.416180 0.405097 0.416685 0.406384 0.415961 0.406898 0.414841 0.404250 0.414299 0.402912 0.414661 0.399958 0.414805 0.397644
8 0.462013 0.235019 0.467034 0.236648 0.466831 0.238046 0.466818 0.239338 0.463352 0.238042
8 0.432255 0.339824 0.433195 0.346120 0.434424 0.349593 0.434641 0.348565 0.434182 0.343093 0.433992 0.337639
8 0.414227 0.415125 0.415961 0.416153 0.417263 0.417310 0.418781 0.419491 0.420589 0.422963 0.421167 0.425019 0.419286 0.424764 0.418130 0.421806 0.416469 0.419366 0.414516 0.417801
8 0.422612 0.425532 0.422396 0.429259 0.422128 0.439972 0.421815 0.446079 0.421628 0.454301 0.421013 0.465782 0.420638 0.471338 0.421130 0.473523 0.422286 0.476222 0.422865 0.474676 0.423878 0.448074 0.424383 0.430852 0.424781 0.425130 0.422576 0.420185 0.417951 0.412731 0.414841 0.404250 0.413323 0.400009 0.413578 0.402694 0.413901 0.408491 0.416432 0.413759 0.419974 0.419801
8 0.414951 0.423731 0.422612 0.425532 0.422396 0.429259 0.416323 0.427847 0.415128 0.426194
8 0.404211 0.430542 0.407349 0.436750 0.408643 0.441551 0.411560 0.448560 0.413990 0.452880 0.415880 0.455375 0.417122 0.463056 0.416258 0.462574 0.410911 0.451056 0.406591 0.442801 0.402974 0.434352 0.400706 0.428782 0.399729 0.426218 0.401836 0.428236
8 0.392956 0.395519 0.394401 0.401407 0.395568 0.405060 0.396594 0.408046 0.394307 0.409375 0.392674 0.403398 0.391555 0.396514 0.391555 0.393773
8 0.393724 0.387847 0.395776 0.396009 0.396919 0.397954 0.396224 0.392685 0.396047 0.390343 0.395128 0.388134 0.393833 0.386986
8 0.392458 0.385593 0.392927 0.391403 0.390732 0.387833 0.389612 0.381505 0.389961 0.378144 0.390461 0.381477 0.391586 0.384588
8 0.404906 0.378310 0.404906 0.380421 0.405297 0.383472 0.405143 0.384144 0.405674 0.385486 0.406406 0.390532 0.407219 0.394861 0.408594 0.401972 0.410073 0.404870 0.410573 0.409329 0.411911 0.412898 0.411029 0.406190 0.409469 0.397417 0.407719 0.388310 0.406281 0.381310
8 0.406406 0.390532 0.404594 0.395194 0.406219 0.397861 0.407219 0.394861
8 0.433734 0.317671 0.432055 0.324241 0.431495 0.328819 0.430935 0.335389 0.430378 0.341574 0.431677 0.340546 0.433958 0.326968 0.435638 0.320259
8 0.371979 0.315532 0.367461 0.309148 0.365687 0.305995 0.365565 0.303412 0.365687 0.301690 0.366049 0.300329 0.367784 0.297176 0.369276 0.299829 0.367784 0.302838 0.367583 0.303630 0.369318 0.306926 0.373956 0.314745 0.375448 0.316894
8 0.400221 0.310801 0.401083 0.307727 0.402974 0.303505 0.403568 0.302449 0.405729 0.301102 0.408536 0.300333 0.408591 0.300815 0.405404 0.302639 0.404810 0.304176 0.403568 0.306574 0.402646 0.309273 0.401242 0.311194 0.400867 0.312333
8 0.467716 0.244741 0.473602 0.255495 0.471820 0.255398 0.467336 0.246852
8 0.359836 0.317880 0.360846 0.318278 0.362721 0.320940 0.366406 0.323384 0.370156 0.326940 0.373404 0.328718 0.377154 0.329495 0.381214 0.331162 0.387339 0.334606 0.387339 0.338824 0.380404 0.333606 0.376466 0.333162 0.371156 0.331384 0.366969 0.328940 0.364471 0.325718 0.362596 0.324606 0.361091 0.324213 0.360159 0.322968 0.359417 0.320111
8 0.364958 0.336620 0.365966 0.346574 0.369102 0.365287 0.373917 0.376435 0.372013 0.365287 0.369214 0.351153 0.367982 0.339407 0.367086 0.335824 0.367982 0.334032 0.369549 0.330648 0.366969 0.328940 0.366078 0.330648
8 0.365625 0.332639 0.362690 0.331083 0.359190 0.329861 0.358190 0.334194 0.364937 0.337750 0.364958 0.336620
8 0.362628 0.336417 0.361878 0.342634 0.361878 0.345523 0.362253 0.349745 0.364128 0.350412 0.364503 0.347079 0.363940 0.345301 0.364378 0.339968 0.364378 0.337306
8 0.353755 0.322644 0.357065 0.324750 0.361878 0.328194 0.366078 0.330648 0.365625 0.332639 0.362690 0.331083 0.359190 0.329861 0.355130 0.327417 0.354318 0.326861 0.352755 0.322421
8 0.367086 0.335824 0.375164 0.339597 0.375542 0.343537 0.367982 0.339407
8 0.368469 0.333088 0.374516 0.336259 0.375219 0.337412 0.375164 0.339597 0.367086 0.335824 0.367982 0.334032
8 0.374193 0.332514 0.376677 0.335204 0.380133 0.340292 0.387044 0.351236 0.386341 0.353884 0.383427 0.348796 0.376568 0.338236 0.374516 0.336259 0.368469 0.333088 0.369549 0.330648 0.371156 0.331384
8 0.357901 0.316435 0.357258 0.313495 0.357135 0.311773 0.357216 0.309625 0.357378 0.309120 0.358789 0.309838 0.365003 0.315144 0.366453 0.316722 0.365404 0.317796 0.362703 0.315792 0.360565 0.313352 0.359112 0.311704 0.358346 0.310912 0.358143 0.311773 0.359477 0.315074 0.359677 0.315648 0.359919 0.316722 0.359836 0.317880
8 0.368422 0.314134 0.367656 0.315713 0.367534 0.317861 0.367656 0.319227 0.370521 0.319801 0.372617 0.319657 0.387784 0.326269 0.392701 0.329866 0.397328 0.334106 0.397904 0.334361 0.398990 0.331926 0.394219 0.326782 0.387857 0.322537 0.383810 0.320356
8 0.389328 0.328056 0.392315 0.337755 0.389375 0.336176
8 0.387427 0.326005 0.387339 0.334606 0.387339 0.338824 0.387375 0.356056 0.388669 0.357782 0.391424 0.359319 0.393367 0.359319 0.397094 0.358167 0.405734 0.354421 0.406922 0.350968 0.395529 0.355574 0.389427 0.355861 0.389534 0.340884 0.389375 0.336176 0.389328 0.328056 0.389263 0.327347 0.387784 0.326269
8 0.387224 0.322407 0.386477 0.303745 0.385102 0.288755 0.383539 0.271759 0.382852 0.266648 0.383289 0.265204 0.383789 0.264759 0.384664 0.264870 0.385039 0.267759 0.387161 0.290417 0.388599 0.304079 0.389099 0.319630 0.389036 0.323185 0.387857 0.322537
8 0.381378 0.302236 0.385000 0.319009 0.385750 0.321565 0.387224 0.322407 0.387000 0.317343 0.385562 0.312898 0.385187 0.309681 0.384500 0.307569 0.383937 0.305569
8 0.379839 0.291532 0.380362 0.295977 0.382781 0.299134 0.382458 0.294685
8 0.377784 0.292944 0.376596 0.295537 0.376919 0.296977 0.381378 0.302236 0.384208 0.305231 0.386641 0.308495 0.386477 0.303745 0.383831 0.300431 0.382781 0.299134 0.380362 0.295977
8 0.388120 0.299194 0.394112 0.307162 0.400971 0.316954 0.405292 0.324153 0.407289 0.322134 0.402214 0.314167 0.400867 0.312333 0.400221 0.310801 0.392336 0.300144 0.388232 0.295153 0.387742 0.295449
8 0.375448 0.316894 0.372219 0.308167 0.369276 0.299829 0.367784 0.297176 0.362096 0.287954 0.357346 0.279176 0.355599 0.275292 0.355349 0.272181 0.355661 0.262296 0.356411 0.257074 0.356971 0.255296 0.358659 0.254407 0.360659 0.256963 0.370719 0.273958 0.379091 0.287065 0.385589 0.294505 0.385964 0.298394 0.382458 0.294685 0.379839 0.291532 0.372469 0.281176 0.365344 0.269736 0.360534 0.261185 0.358971 0.257630 0.358471 0.257852 0.358034 0.258741 0.357721 0.266958 0.357721 0.271181 0.358221 0.275403 0.367594 0.291731 0.372531 0.301394 0.376654 0.314389 0.377779 0.317944
8 0.379570 0.300125 0.378698 0.307569 0.378010 0.310681 0.377323 0.312898 0.376654 0.314389 0.377779 0.317944 0.378510 0.317676 0.379820 0.311458 0.380570 0.304458 0.381378 0.302236
8 0.380008 0.309681 0.383258 0.311125 0.384008 0.314454 0.379633 0.312343 0.379820 0.311458
8 0.369370 0.295116 0.372263 0.290616 0.376094 0.288815 0.377974 0.288815 0.379839 0.291532 0.377323 0.292542 0.373708 0.293699 0.370526 0.297556
8 0.381198 0.289537 0.383539 0.271759 0.384208 0.279875 0.382453 0.291176
8 0.382919 0.288102 0.384927 0.287106 0.385102 0.288755 0.385253 0.290759 0.382453 0.291176
8 0.379091 0.287065 0.378279 0.277069 0.377529 0.262519 0.377904 0.253296 0.379216 0.250296 0.384589 0.247634 0.395023 0.243079 0.402208 0.242412 0.404271 0.243523 0.409768 0.250519 0.416016 0.262852 0.421076 0.279843 0.425326 0.295727 0.424013 0.303282 0.422951 0.307167 0.422388 0.305727 0.423576 0.298060 0.422263 0.291509 0.415766 0.269069 0.409081 0.255074 0.402771 0.245301 0.395023 0.246745 0.386651 0.250407 0.379654 0.253741 0.379716 0.267625 0.380901 0.283176 0.381401 0.287731 0.381198 0.289537
8 0.386651 0.250407 0.386286 0.256713 0.385039 0.267759 0.384664 0.264870 0.383789 0.264759 0.383289 0.265204 0.384914 0.251315
8 0.385146 0.247356 0.386154 0.237963 0.387003 0.231796 0.387768 0.230218 0.388453 0.229787 0.389299 0.229787 0.390349 0.230361 0.391922 0.234019 0.395023 0.243079 0.393172 0.243699 0.389945 0.235667 0.389057 0.233231 0.388656 0.233301 0.388049 0.238750 0.386961 0.246569
8 0.396086 0.246787 0.403771 0.275222 0.408331 0.292551 0.405393 0.288773 0.397833 0.260894 0.394648 0.249120 0.394273 0.247120 0.395023 0.246745
8 0.385943 0.276894 0.389021 0.276894 0.392802 0.278426 0.397878 0.281597 0.403115 0.286106 0.405393 0.288773 0.408331 0.292551 0.414672 0.303676 0.413052 0.304731 0.403979 0.290139 0.396581 0.283324 0.390964 0.279963 0.387456 0.278718 0.386104 0.279102
8 0.398013 0.287301 0.399143 0.289954 0.401685 0.290884 0.400594 0.288375 0.399224 0.285935 0.398659 0.285579
8 0.386862 0.286972 0.390750 0.286685 0.393286 0.287069 0.396310 0.287931 0.399143 0.289954 0.401685 0.290884 0.405654 0.293981 0.406841 0.294366 0.407758 0.296282 0.406896 0.296569 0.404789 0.296190 0.403224 0.295130 0.400414 0.292829 0.395448 0.290523 0.393503 0.290042 0.390857 0.290042 0.389776 0.290042 0.388318 0.290426 0.387161 0.290417
8 0.388318 0.290426 0.392768 0.298125 0.401083 0.307727 0.400221 0.310801 0.392336 0.300144 0.388232 0.295153 0.387531 0.294190 0.387161 0.290417
8 0.402646 0.309273 0.407938 0.314648 0.410745 0.318394 0.408370 0.320218 0.401242 0.311194
8 0.388120 0.299194 0.390820 0.306074 0.391661 0.309227 0.389047 0.306241 0.388599 0.304079
8 0.391398 0.355468 0.392698 0.349042 0.393154 0.348088 0.394456 0.342819 0.395396 0.339736 0.397109 0.335417 0.397904 0.334361 0.398990 0.331926 0.400156 0.329815 0.401695 0.328153 0.405292 0.324153 0.407289 0.322134 0.408370 0.320218 0.410745 0.318394 0.412076 0.317162 0.412904 0.315329 0.413229 0.319222 0.408747 0.323593 0.403758 0.328991 0.399784 0.335157 0.397109 0.340815 0.394867 0.346981 0.393638 0.354824
8 0.413445 0.319866 0.413375 0.323593 0.408674 0.327449 0.402964 0.331690 0.399784 0.335157 0.403758 0.328991 0.408747 0.323593 0.413229 0.319222
8 0.373568 0.342454 0.374734 0.350764 0.376172 0.355875 0.375859 0.361542 0.374234 0.356986 0.372424 0.346435 0.372161 0.341620
8 0.375859 0.361542 0.375794 0.367144 0.375654 0.370213 0.374953 0.370296 0.374021 0.364653 0.372807 0.356685 0.371359 0.348222 0.371266 0.343829 0.371312 0.341088 0.372161 0.341620 0.372424 0.346435 0.374234 0.356986
8 0.364128 0.350412 0.367393 0.357681 0.368185 0.359509 0.368513 0.362412 0.367719 0.362829 0.363612 0.352787 0.362253 0.349745
8 0.344656 0.312500 0.346391 0.313144 0.348690 0.318810 0.347318 0.318954 0.346068 0.315796
8 0.398885 0.325745 0.395862 0.326032 0.394674 0.327185 0.396456 0.329296 0.399911 0.329106
8 0.400831 0.325269 0.403799 0.325843 0.401695 0.328153
8 0.392568 0.314995 0.392568 0.316912 0.391651 0.317588 0.391380 0.320370 0.389630 0.316861 0.390659 0.315949 0.392245 0.314954
8 0.392339 0.322588 0.393904 0.322125 0.394443 0.319727 0.395909 0.319440 0.394135 0.317199 0.392568 0.316912 0.391651 0.317588 0.391380 0.320370
8 0.391344 0.334319 0.394190 0.334153 0.397109 0.335417 0.395396 0.339736 0.392315 0.337755
8 0.399260 0.339676 0.404674 0.343991 0.405935 0.344986 0.405935 0.348222 0.400893 0.343829 0.398141 0.341755 0.397487 0.340921
8 0.405935 0.348222 0.404242 0.350875 0.402221 0.349079 0.398594 0.346227 0.395979 0.343750 0.397109 0.340815 0.397487 0.340921 0.398141 0.341755 0.400893 0.343829
8 0.395979 0.343750 0.394867 0.346981 0.396273 0.348935 0.401021 0.353486 0.403271 0.352153 0.404242 0.350875 0.402221 0.349079 0.398594 0.346227
8 0.394867 0.346981 0.398154 0.354444 0.395529 0.355574 0.394279 0.351778 0.394154 0.351333
8 0.396273 0.348935 0.398333 0.350819 0.399896 0.353819 0.398154 0.354444 0.394867 0.346981
8 0.384255 0.342639 0.386232 0.348662 0.386997 0.348806 0.387159 0.347944 0.387159 0.346440 0.386232 0.343787 0.385505 0.342208 0.384013 0.341347
8 0.380625 0.344718 0.380221 0.344792 0.380099 0.345792 0.383932 0.352676 0.387271 0.357505 0.387375 0.356056 0.386341 0.353884 0.383427 0.348796
8 0.385417 0.361097 0.385612 0.401014 0.388224 0.406519 0.388031 0.364366 0.388224 0.360926
8 0.400664 0.360819 0.398771 0.363593 0.409706 0.389588 0.411018 0.395694 0.412578 0.421685 0.413266 0.434574 0.413703 0.440236 0.413932 0.443213 0.415453 0.452787 0.417453 0.465227 0.419328 0.470116 0.420638 0.471338 0.421013 0.465782 0.419891 0.464338 0.417203 0.448347 0.415703 0.434574 0.414516 0.417801 0.413578 0.402694 0.412661 0.391255 0.404289 0.370593
8 0.377539 0.342625 0.378552 0.350722 0.379781 0.358435 0.380865 0.364347 0.382021 0.368074 0.381299 0.373213 0.380070 0.377838 0.378984 0.382208 0.377974 0.378995 0.377685 0.373083 0.377974 0.370644 0.378695 0.361903 0.378768 0.355866 0.378117 0.349310 0.377466 0.347255 0.377034 0.342111 0.376021 0.341727 0.375542 0.343537 0.376310 0.351625 0.376172 0.355875 0.375859 0.361542 0.375794 0.367144 0.375654 0.370213 0.375659 0.373472 0.377539 0.384653 0.379708 0.388250 0.382094 0.379509 0.383396 0.369102 0.383466 0.366917 0.382021 0.362162 0.382021 0.359593 0.380719 0.353681 0.379924 0.348023 0.380099 0.345792 0.379130 0.342755 0.378117 0.341343
8 0.382898 0.377644 0.385596 0.384843 0.385544 0.397324 0.384896 0.396171 0.383924 0.392139 0.383005 0.387917 0.382734 0.384843 0.382734 0.383306 0.382195 0.381389 0.382094 0.379509
8 0.389547 0.385870 0.396919 0.397954 0.396414 0.401167 0.390630 0.392171 0.388391 0.387542 0.388172 0.386000
8 0.389547 0.385870 0.389612 0.381505 0.390552 0.372250 0.391635 0.366208 0.391635 0.363769 0.390190 0.361713 0.389107 0.367236 0.388456 0.373792 0.388237 0.379963 0.388172 0.386000
8 0.390630 0.392171 0.391057 0.400009 0.393154 0.408236 0.395612 0.414787 0.397346 0.418514 0.396914 0.421213 0.393154 0.415176 0.388961 0.406565 0.388383 0.400653 0.388599 0.389083 0.388391 0.387542
8 0.393883 0.409796 0.397070 0.407931 0.397716 0.408074 0.397956 0.409366 0.397917 0.409940 0.394568 0.412019
8 0.399568 0.412588 0.399242 0.420750 0.398919 0.422667 0.403401 0.426699 0.408422 0.432269 0.411555 0.437454 0.413445 0.440907 0.413932 0.443213 0.413661 0.445037 0.412797 0.444750 0.411932 0.443213 0.408154 0.435532 0.406370 0.432269 0.404211 0.430542 0.401836 0.428236 0.399729 0.426218 0.398432 0.424972 0.397190 0.423435 0.396867 0.422190 0.396914 0.421213 0.397346 0.418514 0.397406 0.414509 0.397406 0.411722 0.397917 0.409940 0.397956 0.409366 0.398380 0.409708
8 0.391424 0.359319 0.394766 0.364560 0.393956 0.365519 0.394227 0.366861 0.395359 0.367245 0.396495 0.369167 0.396979 0.372815 0.397359 0.382125 0.397682 0.390190 0.398331 0.395185 0.396919 0.397954 0.396224 0.392685 0.395685 0.384912 0.395469 0.378000 0.395253 0.373009 0.393904 0.369361 0.392661 0.366000 0.391635 0.363769 0.390190 0.361713 0.388935 0.360144 0.389745 0.358417
8 0.403979 0.355167 0.401318 0.359815 0.397818 0.365208 0.396370 0.366949 0.395359 0.367245 0.394227 0.366861 0.393956 0.365519 0.394766 0.364560 0.397536 0.361144 0.400992 0.356495
8 0.408086 0.345130 0.405935 0.348222 0.404242 0.350875 0.403271 0.352153 0.406266 0.351185 0.407805 0.347866 0.408552 0.345380
8 0.398461 0.364333 0.401279 0.370375 0.399112 0.370889 0.397016 0.366134 0.397818 0.365208
8 0.393367 0.359319 0.395974 0.358884 0.397346 0.359653 0.397536 0.361144 0.394766 0.364560 0.393659 0.361838 0.392576 0.359653
8 0.397094 0.358167 0.397937 0.360509 0.399591 0.358213 0.398984 0.357352
8 0.401852 0.358819 0.411974 0.383366 0.418846 0.401139 0.423906 0.415245 0.423156 0.416801 0.423656 0.418690 0.424281 0.419579 0.425156 0.418912 0.428719 0.432796 0.431529 0.447681 0.433029 0.461231 0.433779 0.475894 0.433529 0.493106 0.433154 0.497106 0.432716 0.497218 0.430966 0.494106 0.431216 0.475560 0.430156 0.457009 0.428656 0.441792 0.424781 0.425130 0.419409 0.410134 0.412661 0.391255 0.404289 0.370593 0.400664 0.360819 0.401318 0.359815
8 0.403398 0.362218 0.405734 0.354421 0.406922 0.350968 0.407805 0.347866 0.408552 0.345380 0.410096 0.339866 0.411589 0.334194 0.412398 0.330736 0.414479 0.323745 0.416531 0.315782 0.418359 0.307421 0.419068 0.307042 0.419385 0.306750 0.419927 0.306750 0.420411 0.307523 0.420846 0.308278 0.419927 0.310583 0.415021 0.329509 0.409727 0.347454 0.405625 0.362819 0.404753 0.365606
8 0.409081 0.349278 0.412268 0.347833 0.412456 0.351278 0.408206 0.353167
8 0.410768 0.351833 0.412393 0.356940 0.413203 0.365384 0.411893 0.362829 0.408831 0.352944
8 0.406706 0.360162 0.407393 0.369824 0.407581 0.372935 0.405831 0.368495 0.405625 0.362819 0.406456 0.359495
8 0.407456 0.370824 0.414078 0.370602 0.414641 0.373935 0.408143 0.373935 0.407581 0.372935
8 0.397021 0.370935 0.399112 0.370889 0.401279 0.370375 0.401583 0.370157 0.403708 0.375046 0.401083 0.374935 0.397021 0.374935 0.396979 0.372815
8 0.397021 0.374935 0.397333 0.378921 0.400771 0.379255 0.401958 0.379810 0.403708 0.385366 0.405143 0.384144 0.404521 0.381699 0.403396 0.379144 0.402396 0.377704 0.400708 0.376593
8 0.393904 0.369361 0.391961 0.379699 0.395523 0.383144 0.395685 0.384912 0.395898 0.388810 0.391586 0.384588 0.390461 0.381477 0.389961 0.378144 0.390552 0.372250 0.391635 0.366208 0.392661 0.366000
8 0.397451 0.384778 0.401555 0.388329 0.400474 0.391111 0.397667 0.388426
8 0.401555 0.388329 0.400474 0.391111 0.398331 0.395185 0.396919 0.397954 0.396414 0.401167 0.396169 0.404495 0.396495 0.406222 0.397070 0.407931 0.397716 0.408074 0.397956 0.409366 0.398380 0.409708 0.399568 0.412588 0.405297 0.418801 0.412747 0.425806 0.412641 0.422449 0.404161 0.414287 0.400654 0.410065 0.398492 0.405454 0.398221 0.401616 0.402380 0.391824 0.405674 0.385486 0.405297 0.383472 0.405143 0.384144 0.403708 0.385366
8 0.398841 0.400162 0.405714 0.410824 0.412578 0.421685 0.412641 0.422449 0.406401 0.416269 0.402464 0.410602 0.398492 0.405454 0.398221 0.401616
8 0.406141 0.401005 0.408148 0.408440 0.410742 0.415278 0.410992 0.419144 0.409068 0.416171 0.407143 0.409032 0.405221 0.403977 0.404719 0.400407 0.405305 0.399667
8 0.403716 0.407694 0.401625 0.399366 0.401539 0.395648 0.403630 0.393569 0.407646 0.400407 0.410073 0.404870 0.410573 0.409329 0.411911 0.412898 0.412578 0.421685 0.410742 0.415278 0.408148 0.408440 0.407562 0.403532 0.406141 0.401005 0.405305 0.399667 0.404719 0.400407 0.405221 0.403977 0.407562 0.413495 0.405714 0.410824
8 0.563716 0.506792 0.569500 0.512190 0.569935 0.509574 0.566174 0.506407 0.564484 0.506838
8 0.553451 0.512833 0.561982 0.529537 0.564148 0.527481 0.560245 0.519898 0.559378 0.519773 0.559667 0.518231 0.555620 0.511546
8 0.550341 0.514375 0.549763 0.520542 0.548172 0.519130 0.548419 0.515787
8 0.568997 0.484606 0.571547 0.485769 0.580133 0.494722 0.579797 0.499630 0.572219 0.491940 0.568997 0.488625
8 0.584818 0.836500 0.585010 0.847167 0.586172 0.850954 0.586656 0.865921 0.587138 0.873491 0.588784 0.881236 0.592076 0.891556 0.590138 0.866782 0.587526 0.837532 0.586656 0.825662 0.584333 0.800370 0.581622 0.800028 0.582880 0.807940 0.584914 0.822051 0.586849 0.836329
8 0.586656 0.865921 0.584818 0.861792 0.583268 0.859213 0.582495 0.859727 0.585495 0.870569 0.587138 0.873491
8 0.609943 0.498472 0.617331 0.533106 0.619794 0.546644 0.617555 0.547241 0.611062 0.517782 0.607815 0.498671
8 0.641555 0.506528 0.639906 0.523583 0.638557 0.538509 0.637659 0.546505 0.636310 0.552097 0.634211 0.559560 0.637508 0.559028 0.640805 0.539042 0.642755 0.520384 0.644104 0.505995
8 0.533359 0.579852 0.534529 0.585056 0.534029 0.587139 0.533023 0.587583 0.531477 0.580389
8 0.526164 0.583421 0.531016 0.595912 0.527003 0.591750 0.524242 0.585801
8 0.527003 0.591750 0.531016 0.595912 0.532479 0.596745 0.531477 0.601653 0.525872 0.594810 0.521773 0.591093 0.522276 0.588713 0.523362 0.588120
8 0.515935 0.600352 0.521945 0.608727 0.527000 0.621167 0.535677 0.641894 0.550966 0.677606 0.554984 0.687046 0.552391 0.688894 0.535677 0.651116 0.523888 0.620935 0.518445 0.607819 0.517284 0.605051 0.515513 0.603875 0.514500 0.602588
8 0.523781 0.613042 0.526292 0.614977 0.529552 0.620773 0.531310 0.624935 0.531979 0.628060 0.532229 0.630440 0.532062 0.633116 0.527000 0.621167
8 0.585010 0.847167 0.579299 0.848889 0.581237 0.854222 0.584042 0.853190 0.586172 0.850954
8 0.572531 0.807944 0.573049 0.826755 0.570276 0.817194 0.569930 0.808560
8 0.591711 0.581699 0.593615 0.587273 0.593391 0.591852 0.591490 0.587074 0.591042 0.581699
8 0.613435 0.556815 0.611755 0.560398 0.611643 0.563185 0.610076 0.565176 0.608284 0.566370 0.610909 0.572079 0.612844 0.575866 0.613424 0.575176 0.615563 0.575130 0.611643 0.567565 0.615674 0.560597 0.617862 0.556009 0.618771 0.553704 0.617242 0.552639
8 0.591938 0.540097 0.594734 0.543481 0.596414 0.545671 0.597195 0.555495 0.596214 0.563630 0.595182 0.560199 0.595294 0.554028 0.594846 0.546866 0.591938 0.544079 0.590245 0.541741
8 0.617555 0.547241 0.616906 0.545074 0.613760 0.543699 0.608620 0.540926 0.603245 0.538505 0.600445 0.538505 0.599773 0.538704 0.600612 0.540532 0.603745 0.543125 0.609740 0.546870 0.613628 0.548120 0.616867 0.548310
8 0.604812 0.553032 0.608844 0.559403 0.611643 0.563185 0.610076 0.565176 0.605372 0.558009 0.605102 0.556079
8 0.589922 0.528949 0.594734 0.535917 0.592719 0.524370 0.590839 0.522181
8 0.619794 0.546644 0.624612 0.548338 0.627417 0.549884 0.631193 0.555736 0.633138 0.560005 0.630805 0.560037 0.627708 0.553843 0.627719 0.551574 0.625781 0.552088 0.625482 0.553153 0.620451 0.550917 0.618708 0.550231 0.617555 0.547241
8 0.534070 0.628806 0.534654 0.638917 0.535677 0.641894 0.535659 0.631333
8 0.532396 0.625681 0.532648 0.634454 0.534654 0.638917 0.534070 0.628806
8 0.518094 0.596366 0.518164 0.601764 0.515935 0.600352
8 0.516464 0.604806 0.518010 0.622870 0.519948 0.624074 0.518786 0.611171 0.518445 0.607819 0.518445 0.607819 0.517284 0.605051
8 0.530302 0.606181 0.528948 0.615125 0.531172 0.618394 0.532333 0.610139
8 0.532479 0.596745 0.531477 0.601653 0.531125 0.602875 0.532771 0.605972 0.533641 0.601671
8 0.559833 0.589954 0.567167 0.591241 0.570430 0.591389 0.569810 0.595866 0.560339 0.594583
8 0.573497 0.592269 0.582245 0.593426 0.590195 0.594838 0.590341 0.599208 0.572484 0.595995
8 0.553471 0.637843 0.555279 0.641310 0.553760 0.644394 0.552315 0.640537
8 0.550076 0.632958 0.552388 0.633083 0.553471 0.633083 0.553039 0.633986 0.552026 0.635912 0.549352 0.635269 0.548339 0.634111 0.548268 0.632829
8 0.625781 0.557593 0.622492 0.554843 0.621039 0.553634 0.620461 0.554324 0.620362 0.555875 0.624234 0.562065 0.624234 0.560690 0.623073 0.558111 0.625880 0.561722
8 0.625781 0.552088 0.625880 0.561722 0.627331 0.561380 0.627719 0.551574
8 0.628977 0.564991 0.632750 0.570495 0.635846 0.576176 0.640492 0.581162 0.641365 0.584259 0.637589 0.583056 0.635612 0.580653 0.624234 0.562065 0.627331 0.561380
8 0.657083 0.645264 0.661451 0.649245 0.666042 0.656009 0.670185 0.663972 0.670297 0.668352 0.664250 0.657204 0.656635 0.648250
8 0.650141 0.637699 0.645000 0.649204 0.642536 0.655176 0.642424 0.653185 0.643656 0.645620 0.648359 0.636662 0.649031 0.634472 0.649917 0.635509
8 0.637589 0.583056 0.641365 0.584259 0.640492 0.581162 0.636911 0.574625 0.633815 0.570153 0.633427 0.566884 0.634589 0.562583 0.636523 0.561894 0.635750 0.568259 0.638846 0.573593 0.642042 0.579616 0.642331 0.581338 0.643688 0.585981 0.643977 0.587875 0.643492 0.588389 0.640589 0.587014
8 0.642331 0.581338 0.647073 0.583403 0.645815 0.579444 0.640396 0.566370 0.637784 0.561722 0.633622 0.562926 0.628781 0.563273 0.628396 0.560690 0.633138 0.560005 0.634211 0.559560 0.637508 0.559028 0.638846 0.558454 0.643396 0.566713 0.646589 0.573593 0.648911 0.580991 0.648911 0.582884 0.648622 0.584259 0.646396 0.585981 0.643688 0.585981
8 0.599266 0.790032 0.609427 0.811880 0.612039 0.816699 0.609620 0.819796 0.602846 0.806375 0.598589 0.796051 0.596750 0.791236
8 0.627911 0.578583 0.634104 0.588560 0.633042 0.591144 0.629943 0.586671 0.627427 0.580991
8 0.640685 0.594241 0.643688 0.603532 0.646552 0.607352 0.649299 0.607662 0.647557 0.603875 0.643203 0.596648 0.640536 0.591940
8 0.651945 0.630144 0.655008 0.631144 0.657508 0.636366 0.652008 0.633477
8 0.647565 0.612815 0.649961 0.628324 0.647773 0.627435 0.647352 0.620935 0.646680 0.615361 0.645836 0.611884
8 0.649021 0.644667 0.650823 0.643431 0.658773 0.669111 0.661563 0.675718 0.659435 0.677310 0.654396 0.662380 0.651260 0.651435
8 0.638250 0.630194 0.642279 0.637759 0.641719 0.640940 0.637914 0.635171 0.636906 0.632583
8 0.636122 0.632384 0.640937 0.650894 0.641146 0.653296 0.638943 0.648231 0.635563 0.638556 0.634107 0.631986
8 0.636049 0.609102 0.640549 0.620597 0.637609 0.617352 0.634141 0.609389
8 0.649109 0.661245 0.650789 0.669606 0.653589 0.671000 0.649781 0.657065
8 0.649693 0.653023 0.648661 0.665426 0.646568 0.657764 0.647911 0.649801
8 0.445651 0.480139 0.444245 0.482176 0.442453 0.484611 0.441057 0.487093 0.441042 0.491389 0.440961 0.493421 0.440961 0.498639 0.440742 0.500338 0.443349 0.508394 0.443094 0.513222 0.445286 0.517593 0.447839 0.520417 0.453966 0.528324 0.456938 0.532250 0.458297 0.539042 0.459146 0.553843 0.458042 0.574375 0.454643 0.601102 0.452266 0.614991 0.450992 0.628125 0.448953 0.642472 0.447424 0.649264 0.444198 0.652435 0.442755 0.652588 0.431628 0.633713 0.419229 0.607139 0.414982 0.598685 0.409630 0.581171 0.404365 0.563958 0.403091 0.558069 0.403091 0.554597 0.402753 0.553083 0.401221 0.552634 0.399268 0.553690 0.398930 0.555500 0.398930 0.557463 0.400969 0.565315 0.407846 0.588264 0.413112 0.603514 0.425513 0.630694 0.436130 0.650019 0.442414 0.658931 0.446576 0.656361 0.450398 0.651079 0.452182 0.646093 0.452607 0.640204 0.457023 0.606083 0.461013 0.576491 0.461609 0.553843 0.460164 0.537231 0.458128 0.529532 0.454391 0.524546 0.447086 0.516245 0.445727 0.512620 0.444792 0.510204 0.445557 0.507338 0.444029 0.501898 0.443349 0.499181 0.443859 0.489065 0.447000 0.482120
8 0.534857 0.419778 0.537365 0.426319 0.544224 0.452787 0.541297 0.447139 0.534857 0.424537
8 0.534250 0.410282 0.537667 0.420685 0.544526 0.446560 0.548622 0.462468 0.544224 0.452787 0.537365 0.426319 0.534857 0.419778
8 0.487635 0.488671 0.490818 0.488671 0.492336 0.489315 0.494648 0.491755 0.492914 0.495611 0.489661 0.493042 0.487708 0.492782 0.484961 0.492912 0.486117 0.491176
8 0.498841 0.489440 0.503612 0.499852 0.503901 0.500750 0.504120 0.506278 0.498841 0.494583 0.497831 0.491625
8 0.499781 0.486870 0.503542 0.494838 0.503901 0.500213 0.498841 0.489440
8 0.517992 0.448046 0.524786 0.453185 0.533245 0.460125 0.534258 0.461282 0.533896 0.465523 0.525076 0.457685 0.518932 0.452801 0.517992 0.452546 0.520016 0.456273 0.517484 0.457685 0.515029 0.452801 0.516339 0.450079
8 0.518643 0.459611 0.523195 0.458329 0.523195 0.456144 0.522039 0.454986 0.520016 0.456273 0.517484 0.457685
8 0.521318 0.458972 0.523846 0.462699 0.524208 0.466940 0.522185 0.464755 0.518643 0.459611
8 0.525076 0.457685 0.525878 0.467222 0.526745 0.472745 0.528771 0.475958 0.527326 0.478144 0.524937 0.474292 0.524143 0.470819 0.524208 0.466940 0.523846 0.462699 0.523195 0.458329 0.523195 0.456144
8 0.523630 0.442778 0.524354 0.452671 0.522258 0.451259 0.521969 0.444190
8 0.524643 0.441880 0.528547 0.450745 0.528547 0.452546 0.528112 0.454088 0.527099 0.454856 0.525510 0.453958 0.526089 0.452417 0.523919 0.445991 0.523630 0.442778
8 0.335479 0.292264 0.340792 0.295718 0.344029 0.300556 0.352281 0.321051 0.360120 0.344106 0.361182 0.347884 0.359732 0.345995 0.353927 0.332407 0.344534 0.308153 0.340182 0.299542 0.338253 0.298505 0.335919 0.296111 0.334469 0.292838
8 0.347708 0.309255 0.359836 0.317880 0.359417 0.320111 0.349716 0.314458
8 0.340318 0.304551 0.343234 0.310500 0.345987 0.312231 0.344534 0.308153 0.343341 0.305796
8 0.362211 0.325620 0.357591 0.323051 0.353159 0.320315 0.351664 0.319481 0.349984 0.315250 0.359417 0.320111 0.360159 0.322968 0.361086 0.324125 0.362596 0.324606 0.364471 0.325718 0.366969 0.328940 0.366078 0.330648 0.363193 0.327194
8 0.535513 0.452486 0.536245 0.465593 0.533987 0.469310 0.533896 0.465523 0.534258 0.461282 0.533818 0.459347 0.533734 0.450130
8 0.538083 0.455509 0.547620 0.479153 0.555063 0.495806 0.552888 0.495958 0.544273 0.477815 0.537500 0.460866 0.535742 0.456106 0.535513 0.452486
8 0.578930 0.459366 0.585346 0.529667 0.587255 0.524426 0.581706 0.458130
8 0.604599 0.505000 0.585521 0.502532 0.586214 0.509315 0.605294 0.509931
8 0.388862 0.310810 0.394135 0.317199 0.395909 0.319440 0.398430 0.324583 0.400156 0.329815 0.401695 0.328153 0.400297 0.323343 0.397589 0.317699 0.394370 0.312806 0.392549 0.310231 0.391661 0.309227 0.389047 0.306241 0.388721 0.306000
8 0.389023 0.316694 0.389630 0.316861 0.392339 0.322588 0.393086 0.323995 0.391172 0.324907 0.389099 0.319630
8 0.390659 0.312963 0.389539 0.313625 0.388885 0.314454 0.389023 0.316694 0.390659 0.315949 0.392245 0.314954
8 0.393406 0.311431 0.396510 0.310560 0.398706 0.313718 0.395674 0.314713 0.394370 0.312806
8 0.399414 0.314852 0.397919 0.318435 0.397589 0.317699 0.397195 0.317074 0.398706 0.313718
8 0.403846 0.306046 0.411630 0.316301 0.412076 0.317162 0.410745 0.318394 0.407938 0.314648 0.402958 0.308194 0.403568 0.306574
8 0.392768 0.298125 0.391846 0.296472 0.393258 0.296329 0.394711 0.296829 0.400076 0.302421 0.402414 0.304505 0.401487 0.306940 0.397130 0.302565
8 0.400414 0.292829 0.400344 0.293463 0.403568 0.302449 0.405195 0.301264 0.403224 0.295130
8 0.405690 0.302389 0.408117 0.309694 0.408023 0.311435 0.405177 0.307037 0.404385 0.305046 0.404810 0.304176 0.405404 0.302639
8 0.457089 0.256083 0.468076 0.255954 0.481161 0.255310 0.491138 0.254542 0.491859 0.256468 0.491932 0.257111 0.491497 0.257625 0.480510 0.258653 0.462365 0.259167 0.454919 0.258782
8 0.441049 0.259931 0.439375 0.265782 0.438943 0.267227 0.437901 0.267894 0.438781 0.263958 0.439969 0.259449
8 0.437971 0.260986 0.437000 0.265306 0.436513 0.268856 0.437901 0.267894 0.438781 0.263958 0.439484 0.260505
8 0.436513 0.264153 0.434948 0.268856 0.433565 0.272648 0.432870 0.273380 0.434245 0.266264 0.435234 0.263958 0.437216 0.261463
8 0.443859 0.259449 0.441315 0.265389 0.438943 0.267227 0.439375 0.265782 0.441049 0.259931 0.441422 0.259537
8 0.444721 0.259639 0.444451 0.263384 0.443974 0.263653 0.442724 0.264634 0.443859 0.259449
8 0.447477 0.259255 0.447151 0.261847 0.444451 0.263384 0.445315 0.259639
8 0.449745 0.249755 0.448339 0.255801 0.445909 0.255898 0.447206 0.249273 0.448302 0.248602 0.450177 0.247352
8 0.446719 0.250713 0.445909 0.255898 0.443695 0.255894 0.444161 0.251495 0.445711 0.250231
8 0.450445 0.239958 0.448771 0.245815 0.447477 0.246968 0.448070 0.244185 0.449581 0.240153
8 0.447909 0.238519 0.449203 0.236505 0.451797 0.235255 0.453474 0.236060 0.450771 0.238134 0.449258 0.239671 0.448070 0.241593 0.447422 0.241880
8 0.422799 0.302403 0.415427 0.291347 0.413115 0.287236 0.414849 0.284153 0.422945 0.294819 0.423576 0.298060 0.422656 0.297773 0.418247 0.290579 0.422221 0.298287 0.423161 0.300472
8 0.649021 0.644667 0.649693 0.653023 0.651372 0.659194 0.657083 0.679301 0.659435 0.677310 0.654396 0.662380 0.651260 0.651435
8 0.650141 0.637699 0.653500 0.651435 0.661563 0.675718 0.663466 0.674125 0.656635 0.654616 0.653164 0.642278 0.651596 0.637500 0.649917 0.635509
8 0.407917 0.301708 0.412904 0.315329 0.412076 0.317162 0.411630 0.316301 0.409146 0.309931 0.406542 0.302093 0.407656 0.301426
8 0.641146 0.653296 0.640497 0.656981 0.641305 0.671898 0.642984 0.671699 0.642424 0.653185 0.643768 0.643231 0.645448 0.633875 0.646260 0.631611 0.646745 0.628685 0.647352 0.620935 0.646680 0.615361 0.644440 0.610583 0.642536 0.610782 0.645000 0.616755 0.645784 0.620935 0.644518 0.626620 0.643745 0.629546 0.641641 0.643231 0.641081 0.646616
8 0.627073 0.647852 0.634240 0.655213 0.634799 0.658199 0.628753 0.652028 0.626513 0.649444
8 0.404323 0.295986 0.405935 0.300931 0.407266 0.300500 0.405977 0.296412 0.404789 0.296190
8 0.403333 0.289495 0.404240 0.292787 0.401685 0.290884 0.400594 0.288375 0.400594 0.288375 0.400299 0.286644
8 0.377120 0.334222 0.385073 0.337565 0.387339 0.338824 0.387385 0.343347 0.380951 0.339875 0.376677 0.335204
8 0.454279 0.237657 0.452297 0.243227 0.452839 0.244185 0.452839 0.244569 0.451867 0.246199 0.451255 0.246681 0.448771 0.255991 0.450727 0.255981 0.453685 0.246009 0.454820 0.241111
8 0.454659 0.244667 0.452823 0.250134 0.450727 0.255981 0.452930 0.256088 0.455253 0.249176
8 0.442674 0.267380 0.441669 0.277597 0.442609 0.282648 0.445109 0.270977 0.446482 0.264991
8 0.426820 0.264463 0.429401 0.273125 0.430508 0.270630 0.428411 0.263565
8 0.422341 0.338773 0.425438 0.329255 0.427529 0.321523 0.427862 0.318847 0.427193 0.314384 0.427612 0.313940 0.428531 0.315278 0.428867 0.317213 0.428867 0.319889 0.427362 0.326282 0.425854 0.331190 0.422687 0.341435
8 0.424190 0.336306 0.426026 0.340051 0.425758 0.343694 0.425432 0.348208 0.423057 0.339954
8 0.421922 0.327569 0.423544 0.334866 0.422570 0.337556 0.420682 0.328338
8 0.410208 0.345958 0.412464 0.343042 0.412716 0.337389
8 0.414596 0.334759 0.416547 0.332681 0.415253 0.336880 0.414503 0.339903 0.414388 0.337093
8 0.444169 0.322745 0.444914 0.315574 0.445349 0.311204 0.445997 0.308250 0.446289 0.306190 0.446648 0.303750 0.447372 0.301051 0.448240 0.298611 0.449469 0.296940 0.451854 0.293338 0.455615 0.293083 0.451781 0.298222 0.448529 0.304134 0.447299 0.316218 0.446937 0.324699 0.444961 0.323157
8 0.453581 0.295667 0.454023 0.313532 0.454451 0.323685 0.453148 0.327282 0.452714 0.316102 0.452570 0.302093 0.452497 0.296954
8 0.377047 0.321884 0.377698 0.327023 0.377698 0.329722 0.377154 0.329495 0.374589 0.328565 0.374734 0.320986
8 0.379289 0.322528 0.386302 0.334093 0.381214 0.331162 0.380010 0.330366 0.378276 0.326125 0.377047 0.321884
8 0.389375 0.336176 0.392315 0.337755 0.395396 0.339736 0.394456 0.342819 0.389466 0.339736
8 0.394456 0.342819 0.393154 0.348088 0.389539 0.345519 0.389534 0.340884
8 0.643286 0.657264 0.647318 0.668412 0.645414 0.669407 0.642951 0.663236
8 0.466036 0.441875 0.470516 0.469671 0.473229 0.484023 0.474846 0.482588 0.470221 0.457926 0.467357 0.440176
8 0.428203 0.414819 0.432682 0.429306 0.433784 0.437005 0.433490 0.439356 0.429672 0.427741 0.426516 0.417301
8 0.428865 0.414171 0.431654 0.420565 0.433635 0.423824 0.434370 0.428000 0.434883 0.433875 0.433784 0.437005 0.432682 0.429306 0.428203 0.414819
8 0.565182 0.621778 0.562870 0.628458 0.562508 0.622292 0.563737 0.619463
8 0.645078 0.652088 0.648661 0.665426 0.647766 0.667019 0.645078 0.660250 0.643734 0.653083
8 0.631945 0.633718 0.634477 0.646616 0.636826 0.654579 0.638393 0.658958 0.641081 0.668912 0.640633 0.661148 0.638281 0.651593 0.634797 0.641551
8 0.638393 0.658958 0.641081 0.668912 0.641305 0.671898 0.640237 0.673565 0.636042 0.655176 0.636826 0.654579
8 0.647565 0.612815 0.652492 0.619384 0.654060 0.620181 0.660219 0.628542 0.671081 0.647255 0.672872 0.650042 0.674609 0.645833 0.663578 0.629736 0.654732 0.618190 0.650141 0.612815 0.648685 0.612218
8 0.670633 0.661185 0.661898 0.645463 0.654508 0.629935 0.650924 0.623366 0.650813 0.620977 0.652044 0.620181 0.654060 0.620181 0.660219 0.628542 0.671081 0.647255 0.672872 0.650042 0.671417 0.651829 0.663130 0.637699 0.656411 0.626153 0.654508 0.625356 0.658987 0.633718 0.668393 0.652426 0.671081 0.656806
8 0.661003 0.653222 0.667049 0.672333 0.665146 0.673926 0.659211 0.654815 0.658091 0.650042
8 0.557086 0.594403 0.557581 0.598750 0.557471 0.604412 0.557302 0.605583 0.558854 0.607593 0.558073 0.594583
8 0.557086 0.623704 0.557086 0.632699 0.556870 0.638481 0.558750 0.635014 0.558966 0.625759
8 0.557302 0.616120 0.557013 0.619718 0.559109 0.621519 0.559039 0.617019
8 0.569953 0.618176 0.582823 0.624347 0.586870 0.626532 0.586438 0.630130 0.570026 0.621903
8 0.592219 0.624370 0.589857 0.626454 0.585591 0.633139 0.582555 0.639819 0.585086 0.641745 0.588339 0.633139 0.592315 0.627481
8 0.590919 0.607380 0.588750 0.618306 0.586870 0.626532 0.586438 0.630130 0.584919 0.629486 0.582555 0.639819 0.585591 0.633139 0.589857 0.626454 0.590773 0.618306 0.591497 0.614065
8 0.585714 0.598384 0.589979 0.611625 0.590919 0.607380 0.587521 0.598644
8 0.582677 0.597616 0.584411 0.604296 0.588750 0.618306 0.589617 0.613551 0.587086 0.605838 0.584919 0.598130
8 0.578846 0.598773 0.587810 0.622162 0.586870 0.626532 0.585786 0.624347 0.579714 0.607380 0.577690 0.600829
8 0.581086 0.597356 0.588750 0.618306 0.587810 0.622162 0.578846 0.598773 0.579378 0.597130
8 0.575232 0.606611 0.581956 0.623833 0.578846 0.622292 0.574003 0.609310
8 0.573107 0.611106 0.577495 0.621829 0.573661 0.620157 0.571495 0.615014
8 0.577255 0.601856 0.585208 0.625375 0.582823 0.624347 0.580148 0.618051 0.575594 0.605324
8 0.583328 0.586690 0.586508 0.594014 0.584341 0.593759 0.582677 0.589259
8 0.577617 0.575125 0.580438 0.586435 0.581883 0.583477 0.578557 0.571912
8 0.577617 0.575125 0.580438 0.586435 0.579734 0.588028 0.576844 0.578519
8 0.584919 0.582833 0.587159 0.589519 0.588026 0.594403 0.586508 0.594014 0.583906 0.585278
8 0.586003 0.578079 0.588604 0.585532 0.589763 0.589134 0.589979 0.592500 0.590195 0.594838 0.588677 0.594787 0.585135 0.581292 0.585648 0.579875
8 0.579279 0.569083 0.581883 0.570111 0.585062 0.570111 0.584773 0.572940 0.580581 0.573194 0.578557 0.571912
8 0.570430 0.559866 0.569844 0.560463 0.569258 0.562694 0.569258 0.564773 0.570260 0.565222 0.574458 0.569264 0.576266 0.569394 0.577060 0.566949 0.574820 0.565792 0.572435 0.563352
8 0.572195 0.550704 0.576388 0.566384 0.574820 0.565792 0.572435 0.563352 0.570346 0.554514
8 0.575664 0.545565 0.578990 0.558676 0.577979 0.563301 0.574135 0.547523
8 0.578557 0.545824 0.580076 0.554306 0.578990 0.558676 0.575664 0.545565 0.576810 0.544255
8 0.581232 0.560343 0.583833 0.569981 0.581883 0.570111 0.580438 0.563171
8 0.579568 0.567542 0.580003 0.569343 0.581883 0.570111 0.580438 0.563171 0.579924 0.565972
8 0.580581 0.573194 0.582810 0.580625 0.583711 0.578005 0.582409 0.573375
8 0.583039 0.572940 0.583833 0.576537 0.584898 0.573778 0.584773 0.572940
8 0.558591 0.657736 0.558880 0.647838 0.560578 0.640593 0.561372 0.639565 0.561013 0.634037 0.556385 0.646116 0.555880 0.652157
8 0.559458 0.645269 0.562060 0.648866 0.562638 0.655421 0.559313 0.650282 0.558880 0.647838
8 0.566758 0.635630 0.566398 0.655167 0.566831 0.660435 0.567917 0.663259 0.568854 0.664287 0.569505 0.660690 0.568854 0.638329
8 0.567339 0.688963 0.573013 0.702537 0.573083 0.707292 0.572505 0.708449 0.567951 0.695597 0.566367 0.691977
8 0.567120 0.683824 0.572542 0.694620 0.572398 0.699889 0.566977 0.687292 0.566758 0.685366
8 0.570807 0.667500 0.575073 0.678556 0.574422 0.682796 0.570156 0.673542 0.570372 0.672898 0.569651 0.669171
8 0.569927 0.631532 0.574331 0.642588 0.576664 0.650880 0.577958 0.648574 0.575367 0.639361 0.572648 0.633375 0.571328 0.631824
8 0.607354 0.629000 0.613177 0.651292 0.618664 0.679759 0.620232 0.687722 0.617768 0.688519 0.615865 0.677569 0.614297 0.667616 0.609258 0.643727 0.606234 0.630194 0.602786 0.620139 0.604667 0.619644
8 0.601086 0.621634 0.603995 0.629796 0.605898 0.633380 0.608362 0.640741 0.606234 0.630194 0.602786 0.620139
8 0.621352 0.666023 0.626727 0.681949 0.624823 0.683343 0.620904 0.671000
8 0.605786 0.619644 0.615529 0.650495 0.613513 0.649898 0.607354 0.629000 0.604667 0.619644
8 0.605786 0.619644 0.614544 0.641838 0.618464 0.652588 0.615529 0.650495
8 0.621240 0.660051 0.625831 0.674384 0.626727 0.681949 0.621352 0.666023 0.618888 0.657065
8 0.609370 0.619245 0.614969 0.636167 0.622359 0.658060 0.624263 0.662042 0.625271 0.669208 0.621240 0.660051 0.618464 0.652588 0.614544 0.641838 0.608474 0.621435 0.608273 0.619343
8 0.627734 0.668412 0.632885 0.677968 0.631318 0.680157 0.627846 0.673588
8 0.628854 0.680954 0.627846 0.673588 0.626167 0.661644 0.623927 0.646315 0.620927 0.623523 0.618552 0.622032 0.621016 0.636963 0.623591 0.657463 0.624263 0.662042 0.625271 0.669208 0.625831 0.674384 0.626727 0.681949
8 0.625047 0.654676 0.632326 0.658657 0.635349 0.660051 0.635909 0.663236 0.625719 0.658458
8 0.605299 0.601370 0.608896 0.616088 0.606971 0.616088 0.603544 0.601519
8 0.601117 0.601815 0.605216 0.616088 0.606971 0.616088 0.603544 0.601519
8 0.599945 0.600329 0.605216 0.616088 0.604242 0.616356 0.602539 0.617278 0.598357 0.605236 0.596349 0.599435 0.599182 0.600236
8 0.600115 0.579065 0.604464 0.597352 0.602372 0.597056 0.598273 0.579806 0.597940 0.576685
8 0.596768 0.584120 0.599612 0.596759 0.596768 0.596162 0.595766 0.590514
8 0.598273 0.579806 0.602372 0.597056 0.599612 0.596759 0.596768 0.584120
8 0.590411 0.571926 0.595263 0.572671 0.594760 0.576981 0.590745 0.576088
8 0.590245 0.541741 0.593005 0.563005 0.594427 0.572671 0.592753 0.572523 0.589909 0.553486 0.589073 0.541296
8 0.580576 0.533806 0.582583 0.539051 0.583083 0.540833 0.581914 0.545593 0.581076 0.541875 0.580240 0.538750 0.578734 0.535630
8 0.580958 0.549472 0.579036 0.547093 0.578557 0.545824 0.576810 0.544255 0.579823 0.542917 0.581914 0.545593 0.581914 0.545593 0.581471 0.548356
8 0.583385 0.554231 0.584974 0.560773 0.585393 0.563005 0.585234 0.567088 0.584471 0.566870 0.583552 0.563153 0.582466 0.557204
8 0.584138 0.548134 0.585227 0.552000 0.586146 0.554528 0.585810 0.559583 0.584138 0.554977 0.583135 0.551106
8 0.591549 0.552347 0.592846 0.552347 0.596214 0.563630 0.595826 0.568009 0.594271 0.565472
8 0.634667 0.662509 0.638424 0.674486 0.636740 0.675176 0.632854 0.661588
8 0.625339 0.606310 0.628060 0.625889 0.631687 0.645468 0.635349 0.660051 0.635909 0.663236 0.638424 0.674486 0.640237 0.673565 0.632076 0.637866 0.628836 0.620130 0.627672 0.607000
8 0.632464 0.630727 0.638943 0.648231 0.641146 0.653296 0.640497 0.656981 0.634797 0.641551 0.631945 0.633718 0.630391 0.628884
8 0.624680 0.626792 0.628164 0.639181 0.631164 0.649329 0.632807 0.650190 0.631687 0.645468 0.629615 0.637116 0.627003 0.629546 0.626130 0.626963
8 0.621969 0.626449 0.626807 0.640556 0.628453 0.645546 0.626807 0.646231 0.625065 0.644685 0.621776 0.630231 0.621292 0.626102
8 0.625841 0.610792 0.624195 0.614574 0.622453 0.618190 0.621935 0.621333 0.620927 0.623523 0.621292 0.626102 0.622841 0.624213 0.624484 0.619222 0.626422 0.614574
8 0.615099 0.604426 0.619357 0.618532 0.619023 0.620338 0.617323 0.618880 0.614323 0.610273 0.612388 0.603565
8 0.609680 0.602704 0.615099 0.617329 0.612388 0.616296 0.608904 0.604426 0.607742 0.602190
8 0.606581 0.588255 0.608711 0.598574 0.606581 0.597889 0.604549 0.585671
8 0.603969 0.584468 0.604464 0.597352 0.601742 0.586361 0.602130 0.582060
8 0.608615 0.589972 0.610938 0.599093 0.613161 0.599606 0.610938 0.591352
8 0.627911 0.578583 0.634104 0.588560 0.635354 0.591866 0.638062 0.597028 0.643688 0.603532 0.640677 0.595995 0.637482 0.590144 0.634193 0.583606 0.629354 0.575866
8 0.646396 0.585981 0.650365 0.589593 0.660042 0.599231 0.660138 0.603356 0.657622 0.602843 0.645526 0.588907 0.643688 0.585981
1 0.472055 0.356588 0.473234 0.352847 0.473448 0.349375 0.472260 0.345611 0.472023 0.343463 0.469276 0.334722 0.468055 0.332986 0.466440 0.333116 0.465078 0.335727 0.465227 0.338718 0.468568 0.360380 0.469599 0.359907 0.469010 0.356588 0.468714 0.348727 0.470680 0.348028
8 0.540076 0.498944 0.542083 0.516787 0.540159 0.518278 0.538401 0.498796
8 0.543672 0.498648 0.546935 0.512773 0.544927 0.514856 0.542117 0.499167
8 0.540242 0.501176 0.543505 0.507421 0.542117 0.499167 0.540076 0.498944
8 0.549023 0.498500 0.554461 0.509056 0.552120 0.510097 0.546096 0.498500 0.547151 0.498306
8 0.549862 0.506231 0.549193 0.511731 0.550865 0.510991 0.551617 0.508611
8 0.551893 0.498648 0.552052 0.504403 0.550380 0.501130 0.550630 0.498602
8 0.518602 0.497102 0.521128 0.495255 0.523625 0.494255 0.525312 0.494366 0.526250 0.494699 0.528312 0.493477 0.528492 0.495329
8 0.519807 0.461801 0.523490 0.483065 0.525914 0.479644 0.524937 0.474292 0.524143 0.470819 0.522185 0.464755
2 0.467693 0.290931 0.471372 0.289356 0.470281 0.297338 0.467758 0.294241 0.468193 0.291926
2 0.473378 0.288042 0.476440 0.287153 0.476000 0.292310 0.475628 0.295815 0.472313 0.296940
2 0.489435 0.290264 0.492747 0.292597 0.496495 0.294375 0.499620 0.296481 0.501370 0.297593 0.501307 0.299148 0.500245 0.300926 0.497745 0.299259 0.489122 0.295926 0.488622 0.295593 0.489081 0.291338
2 0.478690 0.287486 0.487000 0.288819 0.487326 0.289255 0.486438 0.293931 0.481938 0.292931 0.480750 0.293153 0.479315 0.293708 0.477951 0.294111
8 0.628492 0.835625 0.634299 0.849389 0.636234 0.854204 0.637492 0.858505 0.637784 0.867111 0.635750 0.863838 0.632169 0.853861 0.626266 0.837690
8 0.633622 0.825819 0.629943 0.829602 0.626654 0.830806 0.617943 0.834074 0.620169 0.838204 0.627331 0.835282 0.634685 0.830806
8 0.619201 0.810847 0.618911 0.815838 0.626654 0.830806 0.623169 0.831838 0.617943 0.821343 0.616589 0.817731 0.616589 0.813259 0.616878 0.811537
8 0.616878 0.811537 0.614740 0.810194 0.614643 0.817593 0.616482 0.826194 0.619289 0.833764 0.621417 0.832736 0.617943 0.821343 0.616589 0.817731 0.616589 0.813259
8 0.601589 0.787796 0.605169 0.793991 0.611846 0.801384 0.617750 0.808611 0.626362 0.800356 0.644557 0.781773 0.658203 0.765255 0.660138 0.763019 0.661107 0.767491 0.652107 0.778505 0.631685 0.800870 0.622880 0.809130 0.619201 0.810847 0.616878 0.811537 0.614740 0.810194 0.604878 0.799495 0.599266 0.790032
8 0.603427 0.790718 0.607492 0.791065 0.611073 0.792440 0.608750 0.794847 0.605943 0.795019 0.605169 0.793991
8 0.605362 0.785560 0.613492 0.790032 0.611073 0.792440 0.604781 0.788653 0.602654 0.786935
1 0.498688 0.516449 0.496836 0.515218 0.493643 0.512292 0.491901 0.511046 0.489500 0.511231 0.486187 0.513194 0.485323 0.514644 0.483805 0.517602 0.482576 0.520468 0.482745 0.522213 0.484245 0.518324 0.486995 0.514880 0.488057 0.514435 0.489771 0.513500 0.491320 0.513153 0.492552 0.513231 0.494070 0.514259 0.496430 0.519273
8 0.524492 0.488866 0.525312 0.494366 0.526250 0.494699 0.528312 0.493477 0.527503 0.488866 0.526583 0.485889
2 0.566211 0.624500 0.565919 0.628611 0.566138 0.632338 0.566758 0.635630 0.568854 0.638329 0.569318 0.648019 0.570258 0.646477 0.570404 0.644037 0.570547 0.640310 0.570258 0.637736 0.569680 0.635296 0.569534 0.633755 0.569927 0.631532 0.571328 0.631824 0.566789 0.624116
2 0.613513 0.649898 0.618464 0.652588 0.618888 0.657065 0.620904 0.671000 0.624823 0.683343 0.621232 0.686602 0.617820 0.671241
8 0.608750 0.794847 0.611073 0.792440 0.613492 0.790032 0.617451 0.786625 0.621612 0.781463 0.627708 0.770106 0.630320 0.769764 0.626935 0.777681 0.618320 0.790065 0.610966 0.797120 0.609417 0.798667 0.607094 0.796088
8 0.617073 0.796051 0.616299 0.806722 0.617750 0.808611 0.619201 0.807065 0.619201 0.797602
8 0.616781 0.791750 0.628781 0.797944 0.626362 0.800356 0.625492 0.801384 0.619201 0.797602 0.617073 0.796051 0.613977 0.793991
8 0.618815 0.789685 0.631104 0.789514 0.631203 0.793130 0.619589 0.793301 0.616781 0.791750 0.618320 0.790065
8 0.618039 0.777472 0.618234 0.785384 0.620169 0.782977 0.620266 0.776611
8 0.623461 0.774032 0.624815 0.775407 0.623073 0.778676 0.621427 0.776440
8 0.620169 0.779366 0.621612 0.781463 0.622492 0.779537 0.620750 0.776097 0.620266 0.776611
8 0.624138 0.782116 0.627523 0.789343 0.624138 0.789685 0.622104 0.784870
8 0.625589 0.779366 0.629750 0.786245 0.630815 0.787278 0.631104 0.789514 0.627523 0.789343 0.624138 0.782116
8 0.626935 0.777681 0.629935 0.780259 0.630612 0.785250 0.625589 0.779366
8 0.610570 0.547481 0.615839 0.554023 0.617242 0.552639 0.613628 0.548120
8 0.610570 0.547481 0.609740 0.546870 0.606336 0.544995 0.609349 0.550051 0.613435 0.556815 0.615839 0.554023
8 0.618682 0.539602 0.621443 0.538412 0.617331 0.533106 0.616174 0.526810 0.621776 0.534394 0.626294 0.541977 0.619102 0.543315
8 0.577698 0.506884 0.583719 0.513130 0.583370 0.507685
8 0.596016 0.528745 0.606135 0.539750 0.608620 0.540926 0.598307 0.527375 0.596643 0.524315 0.595271 0.524713
8 0.614875 0.562259 0.619865 0.574981 0.621747 0.579477 0.620807 0.572250 0.615674 0.560597
8 0.606490 0.567787 0.609672 0.569583 0.610909 0.572079 0.607036 0.571565
8 0.604104 0.566630 0.600128 0.567273 0.599549 0.567912 0.600346 0.569329 0.601133 0.568981 0.602875 0.570532 0.604190 0.569843 0.604539 0.569713
8 0.575016 0.585907 0.577255 0.592718 0.574654 0.592204 0.574219 0.589889
8 0.570315 0.574468 0.573063 0.581407 0.572122 0.586037 0.570461 0.581537
8 0.512792 0.567255 0.510521 0.569977 0.512872 0.585704
8 0.495633 0.574829 0.499607 0.581509 0.498758 0.584005 0.493198 0.576005
8 0.473635 0.534500 0.477331 0.539079 0.478339 0.535097 0.475453 0.531241 0.474078 0.531241
8 0.492247 0.550681 0.496187 0.563407 0.494966 0.563454 0.493680 0.562750 0.488909 0.548079
8 0.461417 0.395602 0.464094 0.407347 0.463620 0.411292 0.460161 0.399616 0.459253 0.393361
8 0.411667 0.374074 0.413266 0.387250 0.415742 0.393361 0.415826 0.390236 0.414641 0.373935
8 0.603568 0.845051 0.605016 0.852537 0.607646 0.852537 0.605805 0.843884
8 0.602253 0.845523 0.602146 0.851731 0.599753 0.850898 0.599753 0.846458 0.601143 0.845782
8 0.632115 0.803894 0.633430 0.820495 0.633622 0.825819 0.634685 0.830806 0.635930 0.845991 0.638167 0.846222 0.635271 0.813481 0.634219 0.805296
8 0.634745 0.808569 0.647771 0.821431 0.665792 0.837102 0.665661 0.839907 0.664740 0.841778 0.663292 0.841310 0.648690 0.827278 0.635534 0.815352 0.635271 0.813481
8 0.624617 0.810440 0.633430 0.820495 0.633622 0.825819 0.628432 0.820495 0.622906 0.813245
8 0.625406 0.806231 0.632904 0.813949 0.632378 0.807634 0.628432 0.803894
8 0.655794 0.834060 0.657898 0.839208 0.665661 0.846458 0.674344 0.850199 0.679211 0.852301 0.680659 0.849495 0.670003 0.844583 0.664740 0.841778 0.663292 0.841310
8 0.641943 0.760769 0.642964 0.766356 0.642112 0.766657 0.640755 0.766657 0.639396 0.762431
8 0.654258 0.761375 0.650096 0.761528 0.650266 0.766056 0.650945 0.766056 0.654258 0.765755
8 0.654258 0.761375 0.654258 0.765755 0.653979 0.770356 0.656440 0.767491 0.656016 0.760847
8 0.663685 0.775718 0.661138 0.782361 0.658674 0.787042 0.655023 0.788403 0.647039 0.786440 0.646529 0.784324 0.648823 0.782213 0.651966 0.784931 0.655107 0.785833 0.657146 0.784477 0.661477 0.773755
